elapsed_s,gpu_util,fb_used,fb_free,temperature,power_usage,energy_consumption
0.000,0.0,89376.0,5943.0,49.0,130.902,7394157163.0
0.098,0.0,89376.0,5943.0,49.0,130.865,7394170225.0
0.197,0.0,89376.0,5943.0,49.0,130.826,7394183284.0
0.296,0.0,89376.0,5943.0,49.0,130.8,7394196341.0
0.397,0.0,89376.0,5943.0,49.0,130.763,7394209406.0
0.497,0.0,89376.0,5943.0,49.0,130.724,7394222452.0
0.597,0.0,89376.0,5943.0,49.0,130.705,7394235498.0
0.697,0.0,89376.0,5943.0,49.0,130.699,7394248555.0
0.797,0.0,89376.0,5943.0,49.0,130.667,7394261611.0
0.897,0.0,89376.0,5943.0,49.0,130.667,7394274660.0
0.996,0.0,89376.0,5943.0,49.0,130.641,7394287705.0
1.097,0.0,89376.0,5943.0,49.0,130.622,7394300741.0
1.197,0.0,89376.0,5943.0,49.0,130.605,7394313797.0
1.297,0.0,89376.0,5943.0,49.0,130.616,7394313797.0
1.397,0.0,89376.0,5943.0,49.0,130.606,7394326849.0
1.497,0.0,89376.0,5943.0,49.0,130.59,7394339901.0
1.596,0.0,89376.0,5943.0,49.0,130.586,7394352945.0
1.696,0.0,89376.0,5943.0,49.0,130.568,7394365987.0
1.797,0.0,89376.0,5943.0,49.0,130.544,7394379006.0
1.897,0.0,89376.0,5943.0,49.0,130.504,7394392029.0
1.997,0.0,89376.0,5943.0,49.0,130.484,7394405046.0
2.097,0.0,89376.0,5943.0,48.0,130.474,7394418072.0
2.197,0.0,89376.0,5943.0,48.0,130.455,7394431099.0
2.296,0.0,89376.0,5943.0,48.0,130.429,7394444133.0
2.397,0.0,89376.0,5943.0,48.0,130.402,7394470187.0
2.497,0.0,89376.0,5943.0,48.0,130.372,7394483214.0
2.597,0.0,89376.0,5943.0,48.0,130.361,7394496254.0
2.697,0.0,89376.0,5943.0,48.0,130.352,7394509289.0
2.796,0.0,89376.0,5943.0,48.0,130.356,7394522303.0
2.897,0.0,89376.0,5943.0,48.0,130.348,7394535326.0
2.996,0.0,89376.0,5943.0,48.0,130.323,7394548338.0
3.097,0.0,89376.0,5943.0,48.0,130.323,7394561361.0
3.197,0.0,89376.0,5943.0,48.0,130.303,7394574375.0
3.295,0.0,89376.0,5943.0,48.0,130.306,7394587403.0
3.396,0.0,89376.0,5943.0,48.0,130.312,7394600421.0
3.497,0.0,89376.0,5943.0,48.0,130.284,7394613436.0
3.598,0.0,89376.0,5943.0,48.0,130.266,7394626461.0
3.696,0.0,89376.0,5943.0,48.0,130.26,7394639478.0
3.797,0.0,89376.0,5943.0,48.0,130.272,7394652496.0
3.897,0.0,89376.0,5943.0,48.0,130.255,7394665508.0
3.997,0.0,89376.0,5943.0,48.0,130.255,7394678523.0
4.096,0.0,89376.0,5943.0,48.0,130.257,7394691538.0
4.197,0.0,89376.0,5943.0,48.0,130.243,7394704549.0
4.297,0.0,89376.0,5943.0,48.0,130.24,7394717570.0
4.397,0.0,89376.0,5943.0,48.0,130.226,7394717570.0
4.497,0.0,89376.0,5943.0,48.0,130.207,7394730572.0
4.596,0.0,89376.0,5943.0,48.0,130.205,7394743578.0
4.697,0.0,89376.0,5943.0,48.0,130.199,7394756588.0
4.797,0.0,89376.0,5943.0,48.0,130.185,7394769596.0
4.897,0.0,89376.0,5943.0,48.0,130.163,7394782610.0
4.997,0.0,89376.0,5943.0,48.0,130.174,7394795612.0
5.096,0.0,89376.0,5943.0,48.0,130.173,7394808619.0
5.197,0.0,89376.0,5943.0,48.0,130.173,7394821632.0
5.297,0.0,89376.0,5943.0,48.0,130.162,7394834633.0
5.397,0.0,89376.0,5943.0,48.0,130.139,7394847632.0
5.497,0.0,89376.0,5943.0,48.0,130.145,7394873653.0
5.597,0.0,89376.0,5943.0,48.0,130.148,7394886662.0
5.697,0.0,89376.0,5943.0,48.0,130.145,7394899668.0
5.797,0.0,89376.0,5943.0,48.0,130.159,7394912679.0
5.897,0.0,89376.0,5943.0,48.0,130.14,7394925668.0
5.997,0.0,89376.0,5943.0,48.0,130.145,7394938675.0
6.097,0.0,89376.0,5943.0,48.0,130.131,7394951677.0
6.197,0.0,89376.0,5943.0,48.0,130.125,7394964683.0
6.297,0.0,89376.0,5943.0,48.0,130.134,7394977690.0
6.397,0.0,89376.0,5943.0,48.0,130.133,7394990681.0
6.497,0.0,89376.0,5943.0,48.0,130.125,7395003688.0
6.597,0.0,89376.0,5943.0,48.0,130.125,7395016698.0
6.697,0.0,89376.0,5943.0,48.0,130.122,7395029700.0
6.797,0.0,89376.0,5943.0,48.0,130.128,7395042724.0
6.897,0.0,89376.0,5943.0,48.0,130.117,7395055711.0
6.997,0.0,89376.0,5943.0,48.0,130.115,7395068718.0
7.097,0.0,89376.0,5943.0,48.0,130.118,7395081725.0
7.198,0.0,89376.0,5943.0,48.0,130.118,7395081725.0
7.297,0.0,89376.0,5943.0,48.0,130.121,7395094723.0
7.397,0.0,89376.0,5943.0,48.0,130.11,7395107716.0
7.497,0.0,89376.0,5943.0,48.0,130.112,7395120714.0
7.597,0.0,89376.0,5943.0,48.0,130.106,7395133712.0
7.697,0.0,89376.0,5943.0,48.0,130.084,7395146688.0
7.797,0.0,89376.0,5943.0,48.0,130.057,7395159688.0
7.897,0.0,89376.0,5943.0,48.0,130.048,7395172685.0
7.997,0.0,89376.0,5943.0,48.0,130.036,7395185669.0
8.097,0.0,89376.0,5943.0,48.0,130.021,7395211659.0
8.197,0.0,89376.0,5943.0,48.0,130.006,7395224646.0
8.297,0.0,89376.0,5943.0,48.0,130.0,7395237637.0
8.397,0.0,89376.0,5943.0,48.0,129.989,7395250642.0
8.496,0.0,89376.0,5943.0,48.0,129.994,7395263625.0
8.597,0.0,89376.0,5943.0,48.0,129.983,7395276616.0
8.697,0.0,89376.0,5943.0,48.0,129.986,7395289596.0
8.797,0.0,89376.0,5943.0,48.0,129.992,7395302598.0
8.897,0.0,89376.0,5943.0,48.0,129.994,7395315591.0
8.997,0.0,89376.0,5943.0,48.0,130.003,7395328582.0
9.097,0.0,89376.0,5943.0,48.0,130.009,7395341580.0
9.197,0.0,89376.0,5943.0,48.0,130.006,7395354573.0
9.298,0.0,89376.0,5943.0,48.0,130.013,7395367571.0
9.396,0.0,89376.0,5943.0,48.0,130.01,7395380569.0
9.497,0.0,89376.0,5943.0,48.0,130.021,7395393559.0
9.597,0.0,89376.0,5943.0,48.0,130.024,7395406565.0
9.697,0.0,89376.0,5943.0,48.0,130.034,7395419568.0
9.797,0.0,89376.0,5943.0,48.0,130.019,7395432559.0
9.897,0.0,89376.0,5943.0,48.0,130.01,7395445537.0
9.997,0.0,89376.0,5943.0,48.0,129.993,7395445537.0
10.097,0.0,89376.0,5943.0,48.0,129.993,7395458529.0
10.197,0.0,89376.0,5943.0,48.0,129.993,7395471514.0
10.297,0.0,89376.0,5943.0,48.0,130.004,7395484516.0
10.397,0.0,89376.0,5943.0,48.0,129.998,7395497502.0
10.497,0.0,89376.0,5943.0,48.0,129.99,7395510498.0
10.597,0.0,89376.0,5943.0,48.0,129.975,7395523484.0
10.696,0.0,89376.0,5943.0,48.0,129.963,7395536472.0
10.797,0.0,89376.0,5943.0,48.0,129.966,7395549470.0
10.897,0.0,89376.0,5943.0,48.0,129.974,7395575463.0
10.997,0.0,89376.0,5943.0,48.0,129.974,7395588453.0
11.097,0.0,89376.0,5943.0,48.0,129.983,7395601455.0
11.197,0.0,89376.0,5943.0,48.0,129.986,7395614441.0
11.296,0.0,89376.0,5943.0,48.0,129.975,7395627425.0
11.397,0.0,89376.0,5943.0,48.0,129.978,7395640413.0
11.497,0.0,89376.0,5943.0,48.0,129.969,7395653392.0
11.597,0.0,89376.0,5943.0,48.0,129.975,7395666370.0
11.696,0.0,89376.0,5943.0,48.0,129.966,7395679360.0
11.797,0.0,89376.0,5943.0,48.0,129.952,7395692353.0
11.897,0.0,89376.0,5943.0,48.0,129.961,7395705345.0
11.997,0.0,89376.0,5943.0,48.0,129.961,7395718326.0
12.097,0.0,89376.0,5943.0,48.0,129.941,7395731294.0
12.197,0.0,89376.0,5943.0,48.0,129.932,7395744291.0
12.297,0.0,89376.0,5943.0,48.0,129.923,7395757275.0
12.397,0.0,89376.0,5943.0,48.0,129.929,7395770254.0
12.497,0.0,89376.0,5943.0,48.0,129.93,7395783243.0
12.597,0.0,89376.0,5943.0,48.0,129.944,7395796230.0
12.697,0.0,89376.0,5943.0,48.0,129.932,7395809210.0
12.797,0.0,89376.0,5943.0,48.0,129.905,7395809210.0
12.897,0.0,89376.0,5943.0,48.0,129.905,7395822180.0
12.997,0.0,89376.0,5943.0,48.0,129.901,7395835166.0
13.097,0.0,89376.0,5943.0,48.0,129.908,7395848156.0
13.197,0.0,89376.0,5943.0,48.0,129.909,7395861116.0
13.297,0.0,89376.0,5943.0,48.0,129.896,7395874103.0
13.397,0.0,89376.0,5943.0,48.0,129.892,7395887084.0
13.497,0.0,89376.0,5943.0,48.0,129.898,7395900069.0
13.597,0.0,89380.0,5939.0,48.0,130.537,7395913068.0
13.697,16.0,90148.0,5939.0,48.0,140.202,7395980250.0
13.797,16.0,91300.0,4019.0,55.0,174.997,7396011999.0
13.897,57.0,91300.0,4019.0,51.0,204.652,7396077177.0
13.998,57.0,91300.0,4019.0,58.0,267.745,7396145248.0
14.097,100.0,91300.0,4019.0,61.0,314.1,7396211453.0
14.197,100.0,91300.0,4019.0,63.0,372.367,7396282543.0
14.297,100.0,91300.0,4019.0,65.0,430.06,7396349297.0
14.396,100.0,91300.0,4019.0,66.0,488.939,7396418803.0
14.497,100.0,91300.0,4019.0,66.0,545.531,7396485846.0
14.595,100.0,91300.0,4019.0,66.0,598.36,7396554442.0
14.697,100.0,91300.0,4019.0,66.0,636.145,7396620897.0
14.798,100.0,91300.0,4019.0,67.0,681.171,7396691243.0
14.897,100.0,91300.0,4019.0,68.0,681.835,7396691243.0
14.997,100.0,91300.0,4019.0,67.0,682.498,7396758114.0
15.097,100.0,91300.0,4019.0,67.0,682.498,7396825440.0
15.197,100.0,91300.0,4019.0,68.0,682.858,7396894859.0
15.297,90.0,91300.0,4019.0,68.0,665.514,7396963414.0
15.397,90.0,91300.0,4019.0,62.0,614.434,7396985733.0
15.497,38.0,91300.0,4019.0,58.0,586.492,7397071520.0
15.597,38.0,91300.0,4019.0,66.0,589.96,7397139690.0
15.697,100.0,91300.0,4019.0,67.0,589.898,7397205804.0
15.797,100.0,91300.0,4019.0,67.0,591.746,7397275870.0
15.897,100.0,91300.0,4019.0,68.0,591.216,7397342310.0
15.997,100.0,91300.0,4019.0,68.0,590.127,7397412025.0
16.096,100.0,91300.0,4019.0,68.0,588.553,7397478867.0
16.196,100.0,91300.0,4019.0,69.0,587.407,7397478867.0
16.297,100.0,91300.0,4019.0,70.0,605.718,7397548521.0
16.397,100.0,91300.0,4019.0,71.0,657.453,7397616428.0
16.497,100.0,91300.0,4019.0,71.0,684.145,7397685465.0
16.597,100.0,91300.0,4019.0,71.0,682.231,7397753284.0
16.698,100.0,91300.0,4019.0,70.0,682.128,7397821996.0
16.797,100.0,91300.0,4019.0,70.0,682.128,7397889712.0
16.897,100.0,91300.0,4019.0,68.0,675.667,7397957945.0
16.997,100.0,91300.0,4019.0,70.0,677.749,7398087564.0
17.097,100.0,91300.0,4019.0,71.0,677.202,7398156005.0
17.197,100.0,91300.0,4019.0,71.0,677.285,7398225212.0
17.297,100.0,91300.0,4019.0,72.0,675.578,7398292300.0
17.397,100.0,91300.0,4019.0,72.0,675.696,7398363474.0
17.497,100.0,91300.0,4019.0,71.0,675.292,7398430495.0
17.597,100.0,91300.0,4019.0,71.0,675.769,7398500501.0
17.697,100.0,91300.0,4019.0,71.0,678.607,7398568317.0
17.797,100.0,91300.0,4019.0,71.0,680.179,7398637289.0
17.897,100.0,91300.0,4019.0,71.0,684.145,7398706702.0
17.997,100.0,91300.0,4019.0,71.0,685.308,7398774667.0
18.097,100.0,91300.0,4019.0,70.0,683.572,7398843476.0
18.197,100.0,91300.0,4019.0,71.0,685.333,7398843476.0
18.297,100.0,91300.0,4019.0,71.0,685.658,7398911427.0
18.397,100.0,91300.0,4019.0,71.0,683.89,7398978162.0
18.497,100.0,91300.0,4019.0,71.0,683.978,7399045869.0
18.597,100.0,91300.0,4019.0,71.0,685.604,7399114917.0
18.697,100.0,91300.0,4019.0,71.0,685.604,7399184321.0
18.797,100.0,91300.0,4019.0,71.0,686.429,7399252928.0
18.897,96.0,91300.0,4019.0,68.0,668.767,7399313154.0
18.997,96.0,91300.0,4019.0,66.0,645.139,7399359803.0
19.096,94.0,91300.0,4019.0,66.0,624.237,7399452557.0
19.197,94.0,91300.0,4019.0,65.0,600.254,7399497729.0
19.297,94.0,91300.0,4019.0,65.0,580.185,7399543184.0
19.397,94.0,91300.0,4019.0,65.0,559.473,7399588261.0
19.497,94.0,91300.0,4019.0,64.0,536.994,7399635330.0
19.597,94.0,91300.0,4019.0,64.0,514.712,7399681659.0
19.697,97.0,91300.0,4019.0,64.0,492.416,7399727503.0
19.797,97.0,91300.0,4019.0,64.0,469.904,7399772938.0
19.897,95.0,91300.0,4019.0,64.0,459.663,7399817615.0
19.997,95.0,91300.0,4019.0,63.0,457.356,7399862587.0
20.097,94.0,91300.0,4019.0,63.0,454.939,7399907049.0
20.196,94.0,91300.0,4019.0,63.0,453.832,7399951584.0
20.297,94.0,91300.0,4019.0,62.0,453.344,7399996095.0
20.397,94.0,91300.0,4019.0,63.0,452.106,7400039796.0
20.497,97.0,91300.0,4019.0,62.0,448.611,7400082194.0
20.597,97.0,91300.0,4019.0,62.0,444.851,7400082194.0
20.697,95.0,91300.0,4019.0,62.0,439.318,7400123794.0
20.797,95.0,91300.0,4019.0,61.0,434.179,7400165650.0
20.897,95.0,91300.0,4019.0,61.0,424.631,7400206439.0
20.997,94.0,91300.0,4019.0,61.0,424.631,7400245323.0
21.096,95.0,91300.0,4019.0,60.0,420.874,7400284685.0
21.197,95.0,91302.0,4017.0,60.0,414.428,7400323822.0
21.297,95.0,91302.0,4017.0,60.0,405.365,7400360813.0
21.397,95.0,91304.0,4015.0,60.0,400.35,7400397627.0
21.496,97.0,91304.0,4015.0,59.0,391.999,7400469297.0
21.597,97.0,91304.0,4015.0,59.0,384.217,7400504849.0
21.697,96.0,91304.0,4015.0,59.0,379.944,7400540307.0
21.797,96.0,91304.0,4015.0,58.0,373.998,7400576103.0
21.897,96.0,91304.0,4015.0,58.0,369.415,7400611426.0
21.997,96.0,91304.0,4015.0,58.0,364.98,7400646386.0
22.097,98.0,91304.0,4015.0,58.0,360.161,7400681090.0
22.197,98.0,91304.0,4015.0,57.0,355.742,7400714688.0
22.297,96.0,91304.0,4015.0,57.0,351.835,7400747803.0
22.397,96.0,91304.0,4015.0,57.0,347.893,7400780994.0
22.497,96.0,91304.0,4015.0,57.0,346.106,7400814179.0
22.596,96.0,91304.0,4015.0,57.0,343.39,7400846990.0
22.697,98.0,91304.0,4015.0,57.0,340.514,7400880315.0
22.797,98.0,91304.0,4015.0,57.0,338.848,7400880315.0
22.897,98.0,91304.0,4015.0,57.0,336.206,7400914296.0
22.997,98.0,91304.0,4015.0,56.0,332.86,7400946693.0
23.097,96.0,91304.0,4015.0,56.0,330.479,7400979478.0
23.197,96.0,91304.0,4015.0,56.0,328.748,7401011283.0
23.297,96.0,91304.0,4015.0,56.0,326.422,7401043009.0
23.397,96.0,91304.0,4015.0,56.0,326.422,7401075638.0
23.497,98.0,91304.0,4015.0,56.0,325.528,7401107655.0
23.597,98.0,91304.0,4015.0,56.0,324.536,7401139691.0
23.697,96.0,91304.0,4015.0,56.0,324.146,7401203590.0
23.797,96.0,91304.0,4015.0,56.0,321.749,7401235432.0
23.897,97.0,91304.0,4015.0,56.0,320.645,7401267377.0
23.997,97.0,91304.0,4015.0,56.0,320.389,7401299225.0
24.097,98.0,91304.0,4015.0,56.0,320.166,7401331288.0
24.197,98.0,91304.0,4015.0,56.0,319.786,7401363224.0
24.297,96.0,91304.0,4015.0,56.0,319.873,7401395075.0
24.397,96.0,91304.0,4015.0,55.0,319.362,7401427144.0
24.497,96.0,91304.0,4015.0,56.0,318.968,7401458667.0
24.597,96.0,91304.0,4015.0,55.0,318.266,7401489925.0
24.697,98.0,91304.0,4015.0,55.0,317.589,7401521734.0
24.797,98.0,91304.0,4015.0,55.0,318.044,7401553801.0
24.896,97.0,91304.0,4015.0,55.0,318.144,7401585522.0
24.997,97.0,91304.0,4015.0,55.0,317.733,7401617087.0
25.095,97.0,91304.0,4015.0,55.0,317.204,7401617087.0
25.195,97.0,91304.0,4015.0,55.0,317.288,7401648611.0
25.297,98.0,91304.0,4015.0,55.0,317.171,7401680304.0
25.397,98.0,91304.0,4015.0,55.0,317.055,7401712354.0
25.497,97.0,91304.0,4015.0,55.0,317.001,7401744151.0
25.597,97.0,91304.0,4015.0,55.0,317.338,7401775479.0
25.698,96.0,91304.0,4015.0,55.0,317.143,7401807445.0
25.797,96.0,91304.0,4015.0,55.0,316.968,7401839004.0
25.897,98.0,91304.0,4015.0,55.0,316.609,7401870842.0
25.997,98.0,91304.0,4015.0,55.0,316.919,7401902467.0
26.097,98.0,91304.0,4015.0,55.0,316.373,7401965204.0
26.197,98.0,91304.0,4015.0,55.0,315.931,7401996401.0
26.297,96.0,91304.0,4015.0,55.0,315.774,7402027934.0
26.397,96.0,91304.0,4015.0,55.0,315.329,7402059160.0
26.497,97.0,91304.0,4015.0,55.0,314.781,7402090470.0
26.597,97.0,91304.0,4015.0,55.0,314.283,7402121989.0
26.697,97.0,91304.0,4015.0,55.0,314.332,7402153272.0
26.797,98.0,91304.0,4015.0,55.0,314.332,7402185090.0
26.897,96.0,91304.0,4015.0,55.0,313.394,7402216337.0
26.997,96.0,91304.0,4015.0,55.0,313.005,7402247797.0
27.097,96.0,91304.0,4015.0,55.0,313.638,7402279822.0
27.197,96.0,91304.0,4015.0,55.0,314.594,7402311752.0
27.297,98.0,91304.0,4015.0,55.0,314.875,7402343533.0
27.397,98.0,91304.0,4015.0,55.0,315.538,7402375564.0
27.497,96.0,91304.0,4015.0,55.0,316.173,7402407226.0
27.597,96.0,91304.0,4015.0,55.0,316.495,7402407226.0
27.698,96.0,91304.0,4015.0,55.0,317.14,7402439146.0
27.797,96.0,91304.0,4015.0,55.0,318.03,7402471033.0
27.897,98.0,91304.0,4015.0,55.0,317.924,7402502632.0
27.997,98.0,91304.0,4015.0,55.0,318.362,7402534194.0
28.097,97.0,91304.0,4015.0,55.0,318.243,7402565905.0
28.196,97.0,91304.0,4015.0,55.0,317.519,7402597333.0
28.297,97.0,91304.0,4015.0,55.0,317.376,7402628961.0
28.397,97.0,91304.0,4015.0,55.0,316.795,7402660760.0
28.497,98.0,91304.0,4015.0,55.0,316.577,7402723717.0
28.596,98.0,91304.0,4015.0,55.0,316.171,7402755218.0
28.696,96.0,91304.0,4015.0,55.0,315.973,7402786678.0
28.796,96.0,91304.0,4015.0,55.0,315.202,7402817765.0
28.897,96.0,91304.0,4015.0,55.0,314.632,7402849450.0
28.997,96.0,91304.0,4015.0,55.0,314.728,7402880704.0
29.097,96.0,91304.0,4015.0,55.0,314.505,7402912182.0
29.197,97.0,91304.0,4015.0,55.0,314.505,7402943568.0
29.295,97.0,91304.0,4015.0,55.0,313.721,7402975224.0
29.397,98.0,91304.0,4015.0,55.0,313.812,7403006048.0
29.497,79.0,91304.0,4015.0,54.0,304.466,7403022298.0
29.597,79.0,91304.0,4015.0,52.0,286.792,7403035859.0
29.697,0.0,91304.0,4015.0,52.0,269.512,7403049395.0
29.797,0.0,91304.0,4015.0,51.0,252.286,7403062885.0
29.897,0.0,91304.0,4015.0,51.0,234.565,7403076270.0
29.997,0.0,91304.0,4015.0,51.0,214.836,7403089616.0
30.097,0.0,91304.0,4015.0,51.0,199.331,7403089616.0
30.196,0.0,91304.0,4015.0,50.0,181.815,7403102926.0
30.297,0.0,91304.0,4015.0,50.0,163.627,7403116215.0
30.397,0.0,91304.0,4015.0,50.0,149.653,7403129497.0
30.497,64.0,91304.0,4015.0,58.0,180.689,7403161657.0
30.597,64.0,91304.0,4015.0,61.0,223.777,7403219933.0
30.697,92.0,91304.0,4015.0,64.0,279.841,7403283278.0
30.797,92.0,91304.0,4015.0,65.0,333.579,7403349749.0
30.897,100.0,91304.0,4015.0,65.0,390.808,7403418233.0
30.997,100.0,91304.0,4015.0,66.0,436.944,7403552945.0
31.097,100.0,91304.0,4015.0,66.0,497.995,7403622565.0
31.197,100.0,91304.0,4015.0,67.0,555.086,7403691199.0
31.297,100.0,91304.0,4015.0,67.0,608.107,7403757226.0
31.397,100.0,91304.0,4015.0,67.0,608.107,7403826146.0
31.497,100.0,91304.0,4015.0,68.0,659.396,7403894731.0
31.597,100.0,91304.0,4015.0,70.0,680.074,7403963362.0
31.697,100.0,91304.0,4015.0,70.0,679.34,7404031618.0
31.797,100.0,91304.0,4015.0,70.0,680.826,7404100145.0
31.897,100.0,91304.0,4015.0,70.0,680.016,7404100145.0
31.997,100.0,91304.0,4015.0,70.0,681.81,7404168142.0
32.097,94.0,91304.0,4015.0,69.0,681.486,7404233017.0
32.197,94.0,91304.0,4015.0,70.0,679.855,7404302003.0
32.296,100.0,91304.0,4015.0,71.0,681.018,7404369546.0
32.397,100.0,91304.0,4015.0,71.0,681.229,7404439025.0
32.497,100.0,91304.0,4015.0,71.0,682.413,7404506121.0
32.597,100.0,91304.0,4015.0,71.0,681.653,7404575679.0
32.697,100.0,91304.0,4015.0,71.0,684.836,7404712986.0
32.797,100.0,91304.0,4015.0,71.0,684.107,7404780499.0
32.896,100.0,91304.0,4015.0,71.0,684.879,7404849761.0
32.998,100.0,91304.0,4015.0,71.0,684.48,7404919100.0
33.095,100.0,91304.0,4015.0,71.0,685.923,7404986314.0
33.197,100.0,91304.0,4015.0,71.0,684.727,7405053808.0
33.297,100.0,91304.0,4015.0,71.0,685.902,7405122524.0
33.397,100.0,91304.0,4015.0,71.0,685.758,7405190856.0
33.497,100.0,91304.0,4015.0,68.0,684.337,7405256913.0
33.597,100.0,91304.0,4015.0,71.0,685.87,7405325524.0
33.697,100.0,91304.0,4015.0,71.0,686.776,7405393684.0
33.797,100.0,91304.0,4015.0,71.0,686.776,7405461873.0
33.897,100.0,91304.0,4015.0,71.0,683.991,7405530570.0
33.997,100.0,91304.0,4015.0,71.0,683.572,7405530570.0
34.097,100.0,91304.0,4015.0,71.0,682.225,7405599623.0
34.197,100.0,91304.0,4015.0,71.0,683.773,7405667536.0
34.296,100.0,91304.0,4015.0,72.0,683.653,7405737275.0
34.397,100.0,91304.0,4015.0,72.0,683.594,7405805605.0
34.497,100.0,91304.0,4015.0,73.0,685.198,7405874017.0
34.597,100.0,91304.0,4015.0,73.0,685.144,7405941442.0
34.697,100.0,91304.0,4015.0,72.0,684.258,7406010913.0
34.797,100.0,91304.0,4015.0,72.0,684.212,7406079318.0
34.897,100.0,91304.0,4015.0,72.0,683.76,7406215793.0
34.997,100.0,91304.0,4015.0,71.0,676.016,7406273729.0
35.098,97.0,91304.0,4015.0,68.0,655.12,7406320548.0
35.197,97.0,91304.0,4015.0,67.0,630.828,7406365623.0
35.297,97.0,91304.0,4015.0,66.0,610.974,7406412033.0
35.397,97.0,91304.0,4015.0,66.0,589.41,7406459078.0
35.497,97.0,91304.0,4015.0,65.0,568.347,7406506001.0
35.597,97.0,91304.0,4015.0,65.0,546.3,7406552888.0
35.697,94.0,91304.0,4015.0,65.0,524.25,7406598610.0
35.797,94.0,91304.0,4015.0,64.0,504.037,7406644723.0
35.897,94.0,91304.0,4015.0,65.0,482.051,7406691696.0
35.996,94.0,91304.0,4015.0,65.0,482.051,7406737573.0
36.097,94.0,91304.0,4015.0,64.0,463.704,7406784387.0
36.197,94.0,91304.0,4015.0,64.0,463.791,7406784387.0
36.297,94.0,91304.0,4015.0,64.0,464.668,7406831113.0
36.396,97.0,91304.0,4015.0,64.0,465.421,7406877515.0
36.497,94.0,91304.0,4015.0,64.0,463.429,7406923953.0
36.597,94.0,91304.0,4015.0,63.0,461.443,7406968703.0
36.697,94.0,91304.0,4015.0,63.0,459.128,7407013230.0
36.797,94.0,91304.0,4015.0,63.0,457.833,7407057907.0
36.897,94.0,91304.0,4015.0,62.0,455.223,7407145780.0
36.997,94.0,91304.0,4015.0,62.0,451.843,7407188285.0
37.097,97.0,91304.0,4015.0,62.0,447.521,7407230077.0
37.197,97.0,91304.0,4015.0,62.0,442.232,7407272353.0
37.298,95.0,91304.0,4015.0,61.0,435.428,7407312109.0
37.397,95.0,91304.0,4015.0,61.0,430.13,7407351395.0
37.497,95.0,91304.0,4015.0,61.0,422.197,7407390096.0
37.597,95.0,91304.0,4015.0,60.0,416.376,7407427854.0
37.697,96.0,91304.0,4015.0,60.0,410.83,7407466072.0
37.798,96.0,91304.0,4015.0,60.0,403.697,7407503600.0
37.897,98.0,91304.0,4015.0,60.0,396.507,7407540729.0
37.998,98.0,91304.0,4015.0,59.0,390.409,7407577326.0
38.097,98.0,91304.0,4015.0,59.0,384.283,7407613258.0
38.197,96.0,91304.0,4015.0,59.0,384.283,7407649392.0
38.297,96.0,91304.0,4015.0,59.0,378.965,7407684683.0
38.397,96.0,91304.0,4015.0,58.0,373.051,7407684683.0
38.497,96.0,91304.0,4015.0,58.0,369.316,7407720475.0
38.597,98.0,91304.0,4015.0,58.0,365.661,7407754619.0
38.697,96.0,91304.0,4015.0,58.0,357.272,7407788622.0
38.797,96.0,91304.0,4015.0,57.0,352.643,7407822072.0
38.897,96.0,91304.0,4015.0,57.0,347.964,7407855684.0
38.997,96.0,91304.0,4015.0,57.0,344.683,7407888468.0
39.098,98.0,91304.0,4015.0,57.0,341.541,7407921503.0
39.197,98.0,91304.0,4015.0,57.0,337.277,7407954228.0
39.297,98.0,91304.0,4015.0,57.0,334.496,7408018795.0
39.397,98.0,91304.0,4015.0,56.0,330.938,7408050901.0
39.495,96.0,91304.0,4015.0,57.0,328.097,7408083692.0
39.597,96.0,91304.0,4015.0,56.0,326.642,7408116054.0
39.697,96.0,91304.0,4015.0,56.0,325.901,7408148947.0
39.797,96.0,91304.0,4015.0,56.0,325.137,7408181543.0
39.897,98.0,91304.0,4015.0,56.0,325.302,7408214318.0
39.997,98.0,91304.0,4015.0,56.0,324.835,7408246887.0
40.097,96.0,91304.0,4015.0,56.0,324.182,7408279300.0
40.197,96.0,91304.0,4015.0,56.0,324.713,7408311820.0
40.297,96.0,91304.0,4015.0,56.0,324.784,7408344495.0
40.397,96.0,91304.0,4015.0,56.0,324.965,7408376585.0
40.497,96.0,91304.0,4015.0,56.0,325.394,7408409078.0
40.597,98.0,91304.0,4015.0,56.0,325.394,7408441639.0
40.697,98.0,91304.0,4015.0,56.0,325.747,7408441639.0
40.797,96.0,91304.0,4015.0,56.0,325.468,7408473714.0
40.897,96.0,91304.0,4015.0,56.0,324.32,7408505542.0
40.995,96.0,91304.0,4015.0,56.0,324.062,7408538043.0
41.097,96.0,91304.0,4015.0,56.0,323.725,7408570566.0
41.197,98.0,91304.0,4015.0,56.0,323.18,7408600858.0
41.297,0.0,91304.0,4015.0,53.0,287.828,7408616107.0
41.397,0.0,91304.0,4015.0,57.0,293.905,7408629772.0
41.497,89.0,91304.0,4015.0,63.0,327.732,7408674325.0
41.597,89.0,91304.0,4015.0,65.0,364.026,7408812191.0
41.697,100.0,91304.0,4015.0,65.0,397.746,7408879833.0
41.797,100.0,91304.0,4015.0,66.0,433.329,7408946759.0
41.897,100.0,91304.0,4015.0,67.0,470.567,7409016891.0
41.997,100.0,91304.0,4015.0,67.0,504.753,7409082810.0
42.097,100.0,91304.0,4015.0,68.0,540.486,7409151264.0
42.197,100.0,91304.0,4015.0,68.0,584.163,7409219796.0
42.297,100.0,91304.0,4015.0,69.0,636.639,7409219796.0
42.397,100.0,91304.0,4015.0,70.0,676.495,7409287913.0
42.497,100.0,91304.0,4015.0,71.0,683.342,7409357320.0
42.598,100.0,91304.0,4015.0,70.0,680.883,7409427016.0
42.697,100.0,91304.0,4015.0,70.0,680.883,7409494623.0
42.797,100.0,91304.0,4015.0,70.0,682.667,7409563679.0
42.897,100.0,91304.0,4015.0,70.0,683.223,7409631104.0
42.997,100.0,91304.0,4015.0,70.0,674.821,7409692131.0
43.097,100.0,91304.0,4015.0,71.0,676.824,7409760913.0
43.197,100.0,91304.0,4015.0,70.0,677.205,7409896719.0
43.297,100.0,91304.0,4015.0,71.0,677.682,7409965530.0
43.397,100.0,91304.0,4015.0,72.0,677.848,7410034183.0
43.497,100.0,91304.0,4015.0,72.0,676.908,7410103040.0
43.597,100.0,91304.0,4015.0,71.0,675.657,7410170106.0
43.695,100.0,91304.0,4015.0,71.0,676.475,7410239263.0
43.796,100.0,91304.0,4015.0,71.0,676.204,7410306902.0
43.897,100.0,91304.0,4015.0,71.0,681.562,7410375089.0
43.996,100.0,91304.0,4015.0,71.0,683.049,7410444154.0
44.095,100.0,91304.0,4015.0,71.0,683.909,7410511931.0
44.195,100.0,91304.0,4015.0,71.0,683.351,7410581110.0
44.296,100.0,91304.0,4015.0,71.0,684.575,7410649348.0
44.397,100.0,91304.0,4015.0,72.0,681.664,7410649348.0
44.497,100.0,91304.0,4015.0,72.0,680.722,7410715830.0
44.597,100.0,91304.0,4015.0,72.0,680.854,7410782292.0
44.697,100.0,91304.0,4015.0,72.0,679.994,7410850933.0
44.798,100.0,91304.0,4015.0,72.0,679.994,7410919936.0
44.898,100.0,91304.0,4015.0,71.0,679.474,7410986831.0
44.997,100.0,91304.0,4015.0,71.0,679.861,7411056179.0
45.097,100.0,91304.0,4015.0,71.0,678.768,7411125067.0
45.197,100.0,91304.0,4015.0,71.0,677.933,7411261091.0
45.297,100.0,91304.0,4015.0,72.0,680.287,7411330376.0
45.397,100.0,91304.0,4015.0,72.0,679.597,7411399766.0
45.497,100.0,91304.0,4015.0,73.0,685.072,7411467810.0
45.597,100.0,91304.0,4015.0,73.0,684.684,7411536428.0
45.697,100.0,91304.0,4015.0,73.0,684.028,7411605245.0
45.797,100.0,91304.0,4015.0,73.0,682.269,7411670273.0
45.897,96.0,91304.0,4015.0,71.0,672.25,7411727871.0
45.997,96.0,91304.0,4015.0,68.0,651.847,7411774233.0
46.097,94.0,91304.0,4015.0,67.0,629.324,7411820713.0
46.197,94.0,91304.0,4015.0,66.0,605.657,7411865870.0
46.297,97.0,91304.0,4015.0,66.0,583.775,7411911836.0
46.397,97.0,91304.0,4015.0,66.0,557.428,7411958241.0
46.497,97.0,91304.0,4015.0,65.0,540.391,7412005062.0
46.597,97.0,91304.0,4015.0,64.0,519.355,7412005062.0
46.697,94.0,91304.0,4015.0,65.0,497.835,7412052316.0
46.797,94.0,91304.0,4015.0,64.0,475.675,7412098243.0
46.897,94.0,91304.0,4015.0,64.0,460.808,7412143923.0
46.997,94.0,91304.0,4015.0,64.0,455.215,7412189418.0
47.097,94.0,91304.0,4015.0,64.0,455.609,7412231917.0
47.197,94.0,91304.0,4015.0,64.0,454.877,7412277768.0
47.297,97.0,91304.0,4015.0,63.0,453.984,7412322415.0
47.398,97.0,91304.0,4015.0,63.0,454.766,7412366901.0
47.495,94.0,91304.0,4015.0,63.0,452.589,7412457605.0
47.597,94.0,91304.0,4015.0,63.0,450.096,7412501828.0
47.697,94.0,91304.0,4015.0,63.0,447.673,7412545326.0
47.797,94.0,91304.0,4015.0,62.0,442.171,7412586360.0
47.897,96.0,91304.0,4015.0,62.0,438.368,7412628063.0
47.997,96.0,91304.0,4015.0,62.0,436.98,7412668510.0
48.097,96.0,91304.0,4015.0,62.0,436.98,7412707244.0
48.197,97.0,91304.0,4015.0,61.0,429.867,7412747068.0
48.297,97.0,91304.0,4015.0,61.0,425.398,7412786035.0
48.397,95.0,91304.0,4015.0,61.0,419.726,7412824933.0
48.497,95.0,91304.0,4015.0,60.0,412.98,7412863522.0
48.597,95.0,91304.0,4015.0,60.0,406.311,7412901124.0
48.697,95.0,91304.0,4015.0,60.0,399.169,7412901124.0
48.797,98.0,91304.0,4015.0,59.0,387.476,7412938667.0
48.896,96.0,91304.0,4015.0,59.0,382.032,7412974799.0
48.997,96.0,91304.0,4015.0,59.0,376.998,7413010535.0
49.097,96.0,91304.0,4015.0,59.0,374.157,7413046311.0
49.197,96.0,91304.0,4015.0,59.0,370.647,7413081651.0
49.298,98.0,91304.0,4015.0,58.0,365.294,7413117329.0
49.396,98.0,91304.0,4015.0,58.0,359.612,7413151769.0
49.497,98.0,91304.0,4015.0,58.0,354.399,7413185214.0
49.597,98.0,91304.0,4015.0,57.0,349.325,7413251381.0
49.697,98.0,91304.0,4015.0,57.0,345.055,7413284247.0
49.797,98.0,91304.0,4015.0,57.0,342.54,7413317359.0
49.897,96.0,91304.0,4015.0,57.0,339.748,7413350518.0
49.997,96.0,91304.0,4015.0,57.0,336.813,7413383678.0
50.097,96.0,91304.0,4015.0,57.0,336.813,7413416821.0
50.197,98.0,91304.0,4015.0,57.0,335.098,7413449705.0
50.297,98.0,91304.0,4015.0,57.0,331.328,7413482552.0
50.397,96.0,91304.0,4015.0,57.0,329.95,7413514851.0
50.497,96.0,91304.0,4015.0,57.0,328.835,7413547732.0
50.597,96.0,91304.0,4015.0,57.0,328.661,7413580474.0
50.697,96.0,91304.0,4015.0,56.0,328.551,7413612962.0
50.797,98.0,91304.0,4015.0,56.0,328.492,7413645850.0
50.896,98.0,91304.0,4015.0,56.0,328.475,7413678785.0
50.997,96.0,91304.0,4015.0,56.0,328.123,7413711259.0
51.097,97.0,91304.0,4015.0,56.0,326.592,7413711259.0
51.197,97.0,91304.0,4015.0,56.0,325.864,7413743462.0
51.297,98.0,91304.0,4015.0,56.0,325.056,7413775372.0
51.397,98.0,91304.0,4015.0,56.0,324.492,7413807400.0
51.498,97.0,91304.0,4015.0,56.0,323.642,7413839371.0
51.597,97.0,91304.0,4015.0,56.0,322.536,7413870868.0
51.697,97.0,91304.0,4015.0,56.0,322.639,7413902959.0
51.797,97.0,91304.0,4015.0,56.0,322.083,7413935520.0
51.897,97.0,91304.0,4015.0,56.0,320.688,7413967964.0
51.998,97.0,91304.0,4015.0,56.0,320.109,7414031218.0
52.096,98.0,91304.0,4015.0,56.0,320.234,7414063456.0
52.198,98.0,91304.0,4015.0,56.0,320.56,7414095668.0
52.297,97.0,91304.0,4015.0,56.0,320.738,7414128105.0
52.398,97.0,91304.0,4015.0,56.0,320.903,7414159886.0
52.497,97.0,91304.0,4015.0,56.0,320.903,7414191971.0
52.595,97.0,91304.0,4015.0,56.0,321.379,7414223815.0
52.697,97.0,91304.0,4015.0,56.0,321.339,7414255638.0
52.797,98.0,91304.0,4015.0,56.0,320.568,7414287659.0
52.896,98.0,91304.0,4015.0,56.0,319.675,7414319901.0
52.997,97.0,91304.0,4015.0,56.0,320.471,7414352569.0
53.097,97.0,91304.0,4015.0,56.0,321.478,7414384798.0
53.197,97.0,91304.0,4015.0,56.0,321.354,7414417280.0
53.297,97.0,91304.0,4015.0,56.0,321.781,7414449008.0
53.397,98.0,91304.0,4015.0,56.0,321.166,7414481506.0
53.497,98.0,91304.0,4015.0,55.0,322.131,7414481506.0
53.597,97.0,91304.0,4015.0,56.0,322.324,7414513671.0
53.697,97.0,91304.0,4015.0,56.0,322.073,7414545381.0
53.798,97.0,91304.0,4015.0,55.0,321.686,7414577250.0
53.897,98.0,91304.0,4015.0,55.0,321.442,7414609009.0
53.997,98.0,91304.0,4015.0,55.0,320.808,7414640655.0
54.097,97.0,91304.0,4015.0,55.0,320.033,7414673030.0
54.197,97.0,91304.0,4015.0,55.0,319.883,7414704709.0
54.297,97.0,91304.0,4015.0,55.0,319.951,7414736719.0
54.397,97.0,91304.0,4015.0,55.0,319.88,7414801190.0
54.497,98.0,91304.0,4015.0,55.0,319.437,7414833179.0
54.597,98.0,91304.0,4015.0,55.0,320.264,7414865456.0
54.697,97.0,91304.0,4015.0,55.0,320.031,7414897588.0
54.795,97.0,91304.0,4015.0,55.0,321.632,7414930045.0
54.897,97.0,91304.0,4015.0,55.0,321.632,7414961700.0
54.997,96.0,91304.0,4015.0,55.0,320.86,7414993413.0
55.097,96.0,91304.0,4015.0,55.0,320.624,7415025533.0
55.197,98.0,91304.0,4015.0,55.0,321.498,7415057484.0
55.297,98.0,91304.0,4015.0,55.0,320.981,7415089486.0
55.395,96.0,91304.0,4015.0,55.0,320.954,7415121379.0
55.497,96.0,91304.0,4015.0,55.0,320.583,7415153624.0
55.597,97.0,91304.0,4015.0,55.0,320.595,7415185419.0
55.697,97.0,91304.0,4015.0,55.0,320.199,7415217314.0
55.797,98.0,91304.0,4015.0,55.0,320.266,7415249385.0
55.897,98.0,91304.0,4015.0,55.0,319.562,7415249385.0
55.997,97.0,91304.0,4015.0,55.0,320.637,7415281776.0
56.098,97.0,91304.0,4015.0,55.0,320.907,7415313996.0
56.197,97.0,91304.0,4015.0,55.0,320.98,7415346025.0
56.296,98.0,91304.0,4015.0,55.0,321.482,7415378481.0
56.397,98.0,91304.0,4015.0,55.0,317.294,7415410710.0
56.497,0.0,91304.0,4015.0,54.0,299.154,7415442208.0
56.597,0.0,91304.0,4015.0,58.0,326.2,7415457542.0
56.697,91.0,91304.0,4015.0,59.0,336.451,7415503272.0
56.797,91.0,91304.0,4015.0,59.0,336.451,7415612591.0
56.897,91.0,91304.0,4015.0,61.0,375.925,7415681217.0
56.997,100.0,91304.0,4015.0,64.0,409.468,7415747349.0
57.097,100.0,91304.0,4015.0,66.0,443.467,7415815913.0
57.197,100.0,91304.0,4015.0,67.0,481.398,7415886547.0
57.297,100.0,91304.0,4015.0,68.0,517.791,7415953356.0
57.397,100.0,91304.0,4015.0,68.0,551.743,7416023476.0
57.497,100.0,91304.0,4015.0,69.0,592.671,7416089030.0
57.597,100.0,91304.0,4015.0,68.0,635.103,7416158736.0
57.697,100.0,91304.0,4015.0,69.0,656.655,7416227183.0
57.797,100.0,91304.0,4015.0,69.0,680.387,7416295138.0
57.897,100.0,91304.0,4015.0,69.0,682.413,7416295138.0
57.997,100.0,91304.0,4015.0,69.0,684.493,7416363077.0
58.096,100.0,91304.0,4015.0,70.0,684.912,7416432085.0
58.197,100.0,91304.0,4015.0,70.0,677.39,7416500960.0
58.297,100.0,91304.0,4015.0,70.0,680.118,7416563892.0
58.398,100.0,91304.0,4015.0,70.0,677.622,7416633173.0
58.497,100.0,91304.0,4015.0,70.0,681.666,7416700082.0
58.597,100.0,91304.0,4015.0,70.0,680.403,7416769953.0
58.697,100.0,91304.0,4015.0,70.0,681.255,7416837826.0
58.797,100.0,91304.0,4015.0,70.0,681.255,7416975340.0
58.897,100.0,91304.0,4015.0,70.0,680.756,7417043724.0
58.997,100.0,91304.0,4015.0,71.0,678.97,7417113195.0
59.097,100.0,91304.0,4015.0,71.0,679.794,7417180645.0
59.197,100.0,91304.0,4015.0,72.0,678.128,7417251043.0
59.306,100.0,91304.0,4015.0,72.0,684.901,7417319694.0
59.397,100.0,91304.0,4015.0,72.0,683.98,7417388789.0
59.497,100.0,91304.0,4015.0,72.0,685.108,7417456894.0
59.597,100.0,91304.0,4015.0,72.0,684.737,7417525822.0
59.697,100.0,91304.0,4015.0,71.0,682.337,7417586192.0
59.797,96.0,91304.0,4015.0,70.0,678.941,7417656868.0
59.897,96.0,91304.0,4015.0,71.0,677.884,7417726372.0
59.997,100.0,91304.0,4015.0,72.0,680.069,7417794116.0
60.097,100.0,91304.0,4015.0,73.0,678.545,7417864963.0
60.197,100.0,91304.0,4015.0,73.0,682.092,7417864963.0
60.297,100.0,91304.0,4015.0,73.0,681.542,7417932404.0
60.397,100.0,91304.0,4015.0,72.0,681.429,7418000810.0
60.497,100.0,91304.0,4015.0,71.0,681.575,7418070920.0
60.595,100.0,91304.0,4015.0,72.0,684.928,7418139635.0
60.697,100.0,91304.0,4015.0,72.0,687.422,7418208201.0
60.797,100.0,91304.0,4015.0,72.0,686.614,7418276407.0
60.897,100.0,91304.0,4015.0,71.0,688.266,7418413803.0
60.997,100.0,91304.0,4015.0,71.0,688.266,7418481933.0
61.096,100.0,91304.0,4015.0,71.0,689.477,7418545547.0
61.197,96.0,91304.0,4015.0,71.0,681.724,7418613898.0
61.297,96.0,91304.0,4015.0,73.0,681.875,7418672863.0
61.397,94.0,91304.0,4015.0,68.0,661.886,7418718365.0
61.497,94.0,91304.0,4015.0,68.0,640.446,7418765230.0
61.597,94.0,91304.0,4015.0,67.0,618.237,7418812035.0
61.697,94.0,91304.0,4015.0,67.0,597.146,7418858820.0
61.796,94.0,91304.0,4015.0,66.0,577.097,7418858820.0
61.897,94.0,91304.0,4015.0,65.0,554.287,7418906225.0
61.997,97.0,91304.0,4015.0,65.0,530.804,7418952386.0
62.097,97.0,91304.0,4015.0,65.0,508.562,7418998364.0
62.197,97.0,91304.0,4015.0,65.0,490.885,7419043287.0
62.296,97.0,91304.0,4015.0,65.0,468.908,7419088953.0
62.397,94.0,91304.0,4015.0,64.0,462.954,7419136407.0
62.497,94.0,91304.0,4015.0,64.0,462.201,7419182237.0
62.597,94.0,91304.0,4015.0,64.0,460.649,7419228281.0
62.697,97.0,91304.0,4015.0,64.0,457.558,7419319239.0
62.797,97.0,91304.0,4015.0,63.0,455.416,7419363303.0
62.896,97.0,91304.0,4015.0,63.0,453.509,7419407602.0
62.997,97.0,91304.0,4015.0,63.0,452.427,7419452456.0
63.096,94.0,91304.0,4015.0,62.0,451.543,7419496455.0
63.197,94.0,91304.0,4015.0,63.0,447.424,7419538780.0
63.297,94.0,91304.0,4015.0,63.0,447.424,7419580051.0
63.397,95.0,91304.0,4015.0,62.0,441.332,7419620447.0
63.497,95.0,91304.0,4015.0,62.0,434.096,7419658545.0
63.597,98.0,91304.0,4015.0,61.0,426.224,7419697035.0
63.697,98.0,91304.0,4015.0,60.0,419.591,7419734825.0
63.797,98.0,91304.0,4015.0,60.0,412.015,7419771743.0
63.896,98.0,91304.0,4015.0,60.0,406.421,7419809387.0
63.997,96.0,91304.0,4015.0,60.0,398.33,7419846561.0
64.097,96.0,91304.0,4015.0,59.0,390.24,7419882964.0
64.197,96.0,91304.0,4015.0,59.0,383.556,7419882964.0
64.297,96.0,91304.0,4015.0,59.0,377.634,7419919263.0
64.397,98.0,91304.0,4015.0,58.0,371.678,7419954319.0
64.497,98.0,91304.0,4015.0,58.0,366.846,7419988850.0
64.597,96.0,91304.0,4015.0,58.0,361.199,7420022135.0
64.697,96.0,91304.0,4015.0,57.0,355.87,7420055233.0
64.797,96.0,91304.0,4015.0,57.0,353.491,7420088618.0
64.897,96.0,91304.0,4015.0,57.0,348.859,7420155876.0
64.997,98.0,91304.0,4015.0,57.0,344.785,7420188938.0
65.097,98.0,91304.0,4015.0,57.0,341.65,7420222475.0
65.197,96.0,91304.0,4015.0,57.0,339.461,7420256634.0
65.297,96.0,91304.0,4015.0,57.0,337.075,7420289745.0
65.397,96.0,91304.0,4015.0,57.0,335.151,7420322701.0
65.496,96.0,91304.0,4015.0,57.0,333.759,7420355079.0
65.597,96.0,91304.0,4015.0,57.0,332.566,7420387496.0
65.697,96.0,91304.0,4015.0,57.0,330.056,7420419524.0
65.797,98.0,91304.0,4015.0,56.0,329.299,7420451835.0
65.896,98.0,91304.0,4015.0,56.0,327.979,7420484655.0
65.997,96.0,91304.0,4015.0,56.0,328.103,7420517310.0
66.097,96.0,91304.0,4015.0,56.0,326.929,7420550048.0
66.197,97.0,91304.0,4015.0,56.0,326.929,7420582428.0
66.297,97.0,91304.0,4015.0,56.0,325.33,7420614807.0
66.397,98.0,91304.0,4015.0,56.0,324.154,7420614807.0
66.497,98.0,91304.0,4015.0,56.0,323.765,7420647083.0
66.597,97.0,91304.0,4015.0,56.0,324.692,7420679469.0
66.696,97.0,91304.0,4015.0,56.0,324.977,7420711950.0
66.797,96.0,91304.0,4015.0,56.0,324.953,7420744250.0
66.895,96.0,91304.0,4015.0,56.0,324.495,7420776322.0
66.997,98.0,91304.0,4015.0,56.0,323.808,7420840494.0
67.097,98.0,91304.0,4015.0,56.0,323.313,7420872668.0
67.197,97.0,91304.0,4015.0,56.0,322.456,7420903946.0
67.297,97.0,91304.0,4015.0,56.0,321.502,7420935404.0
67.397,97.0,91304.0,4015.0,56.0,320.801,7420967018.0
67.497,97.0,91304.0,4015.0,56.0,320.049,7420998548.0
67.597,98.0,91304.0,4015.0,55.0,318.986,7421030450.0
67.697,98.0,91304.0,4015.0,56.0,318.346,7421062519.0
67.797,97.0,91304.0,4015.0,55.0,317.706,7421093468.0
67.897,97.0,91304.0,4015.0,55.0,316.733,7421124491.0
67.997,96.0,91304.0,4015.0,55.0,316.036,7421155837.0
68.097,96.0,91304.0,4015.0,55.0,315.251,7421187663.0
68.195,96.0,91304.0,4015.0,55.0,314.988,7421219053.0
68.297,98.0,91304.0,4015.0,55.0,314.735,7421250797.0
68.397,98.0,91304.0,4015.0,55.0,314.366,7421281408.0
68.497,98.0,91304.0,4015.0,55.0,313.895,7421281408.0
68.597,96.0,91304.0,4015.0,55.0,314.229,7421313304.0
68.697,96.0,91304.0,4015.0,55.0,313.526,7421344645.0
68.797,96.0,91304.0,4015.0,55.0,314.112,7421376214.0
68.897,96.0,91304.0,4015.0,55.0,314.487,7421407949.0
68.997,98.0,91304.0,4015.0,55.0,315.229,7421439795.0
69.096,98.0,91304.0,4015.0,55.0,315.86,7421471328.0
69.196,97.0,91304.0,4015.0,55.0,315.361,7421503254.0
69.297,97.0,91304.0,4015.0,55.0,315.921,7421534647.0
69.397,97.0,91304.0,4015.0,55.0,317.913,7421598635.0
69.497,97.0,91304.0,4015.0,55.0,317.913,7421630270.0
69.597,98.0,91304.0,4015.0,55.0,317.592,7421661558.0
69.695,98.0,91304.0,4015.0,55.0,317.372,7421692969.0
69.797,97.0,91304.0,4015.0,55.0,317.114,7421724765.0
69.897,97.0,91304.0,4015.0,55.0,317.194,7421756604.0
69.997,96.0,91304.0,4015.0,55.0,316.792,7421788160.0
70.097,96.0,91304.0,4015.0,55.0,317.233,7421820076.0
70.197,98.0,91304.0,4015.0,55.0,317.542,7421851919.0
70.297,98.0,91304.0,4015.0,55.0,317.534,7421883638.0
70.397,97.0,91304.0,4015.0,55.0,317.108,7421915390.0
70.497,97.0,91304.0,4015.0,55.0,316.783,7421947074.0
70.598,97.0,91304.0,4015.0,55.0,317.617,7421979124.0
70.696,97.0,91304.0,4015.0,55.0,318.115,7422010591.0
70.798,98.0,91304.0,4015.0,55.0,318.403,7422043044.0
70.897,98.0,91304.0,4015.0,55.0,318.507,7422043044.0
70.997,97.0,91304.0,4015.0,55.0,318.219,7422074704.0
71.097,97.0,91304.0,4015.0,55.0,317.998,7422106246.0
71.197,96.0,91304.0,4015.0,55.0,317.933,7422137745.0
71.297,96.0,91304.0,4015.0,55.0,317.929,7422169985.0
71.396,98.0,91304.0,4015.0,55.0,318.106,7422201286.0
71.496,98.0,91304.0,4015.0,55.0,317.959,7422233359.0
71.596,96.0,91304.0,4015.0,55.0,317.767,7422264877.0
71.697,97.0,91304.0,4015.0,55.0,317.97,7422296733.0
71.797,97.0,91304.0,4015.0,55.0,318.117,7422360948.0
71.897,97.0,91304.0,4015.0,55.0,318.168,7422388699.0
71.997,52.0,91304.0,4015.0,53.0,307.24,7422403096.0
72.096,52.0,91304.0,4015.0,58.0,301.523,7422451749.0
72.197,98.0,91304.0,4015.0,61.0,327.5,7422510005.0
72.297,98.0,91304.0,4015.0,63.0,360.724,7422575311.0
72.397,100.0,91304.0,4015.0,66.0,390.213,7422645638.0
72.497,100.0,91304.0,4015.0,67.0,462.019,7422714970.0
72.598,100.0,91304.0,4015.0,68.0,502.589,7422781240.0
72.697,100.0,91304.0,4015.0,68.0,502.589,7422849951.0
72.797,100.0,91304.0,4015.0,68.0,542.299,7422849951.0
72.897,100.0,91304.0,4015.0,68.0,573.307,7422916275.0
72.997,100.0,91304.0,4015.0,68.0,627.938,7422985873.0
73.097,100.0,91304.0,4015.0,69.0,661.086,7423053272.0
73.197,100.0,91304.0,4015.0,69.0,673.228,7423122424.0
73.297,100.0,91304.0,4015.0,69.0,679.858,7423190975.0
73.397,100.0,91304.0,4015.0,69.0,680.781,7423257764.0
73.497,100.0,91304.0,4015.0,70.0,679.945,7423326130.0
73.597,100.0,91304.0,4015.0,71.0,682.581,7423394646.0
73.697,100.0,91304.0,4015.0,70.0,679.188,7423527526.0
73.797,100.0,91304.0,4015.0,70.0,678.562,7423596235.0
73.897,100.0,91304.0,4015.0,70.0,678.994,7423663843.0
73.997,100.0,91304.0,4015.0,70.0,679.347,7423732064.0
74.097,100.0,91304.0,4015.0,70.0,678.0,7423799239.0
74.196,100.0,91304.0,4015.0,70.0,680.381,7423869359.0
74.297,100.0,91304.0,4015.0,70.0,679.361,7423935890.0
74.397,100.0,91304.0,4015.0,71.0,679.992,7424007666.0
74.497,100.0,91304.0,4015.0,72.0,679.068,7424075970.0
74.597,100.0,91304.0,4015.0,72.0,681.545,7424145358.0
74.697,100.0,91304.0,4015.0,72.0,684.637,7424145358.0
74.797,100.0,91304.0,4015.0,72.0,685.743,7424215227.0
74.897,100.0,91304.0,4015.0,71.0,685.059,7424282017.0
74.997,100.0,91304.0,4015.0,71.0,686.967,7424350006.0
75.097,100.0,91304.0,4015.0,71.0,685.491,7424419564.0
75.197,93.0,91304.0,4015.0,71.0,679.602,7424482670.0
75.297,93.0,91304.0,4015.0,72.0,679.414,7424550039.0
75.397,93.0,91304.0,4015.0,72.0,679.414,7424618742.0
75.497,100.0,91304.0,4015.0,72.0,683.498,7424688560.0
75.597,100.0,91304.0,4015.0,72.0,684.425,7424760099.0
75.698,100.0,91304.0,4015.0,71.0,686.822,7424901688.0
75.798,100.0,91304.0,4015.0,71.0,688.317,7424971805.0
75.897,100.0,91304.0,4015.0,71.0,688.442,7425038214.0
75.997,100.0,91304.0,4015.0,71.0,687.667,7425106352.0
76.097,100.0,91304.0,4015.0,71.0,686.819,7425172681.0
76.197,100.0,91304.0,4015.0,72.0,689.057,7425239847.0
76.297,100.0,91304.0,4015.0,73.0,688.331,7425309170.0
76.397,100.0,91304.0,4015.0,73.0,690.947,7425379506.0
76.497,100.0,91304.0,4015.0,72.0,686.646,7425446929.0
76.597,99.0,91304.0,4015.0,69.0,673.77,7425496440.0
76.697,99.0,91304.0,4015.0,67.0,651.447,7425544384.0
76.797,94.0,91304.0,4015.0,67.0,627.968,7425589842.0
76.897,94.0,91304.0,4015.0,66.0,605.516,7425589842.0
76.996,94.0,91304.0,4015.0,66.0,582.832,7425636208.0
77.097,94.0,91304.0,4015.0,65.0,562.802,7425682752.0
77.197,96.0,91304.0,4015.0,65.0,540.813,7425728574.0
77.295,96.0,91304.0,4015.0,65.0,520.202,7425773717.0
77.395,97.0,91304.0,4015.0,64.0,495.558,7425820097.0
77.495,97.0,91304.0,4015.0,64.0,474.399,7425866426.0
77.597,94.0,91304.0,4015.0,64.0,462.278,7425912802.0
77.697,94.0,91304.0,4015.0,64.0,461.594,7425958676.0
77.797,94.0,91304.0,4015.0,64.0,459.752,7426049659.0
77.897,94.0,91304.0,4015.0,64.0,457.89,7426094065.0
77.996,94.0,91304.0,4015.0,63.0,456.918,7426139924.0
78.097,94.0,91304.0,4015.0,63.0,457.312,7426185623.0
78.197,97.0,91304.0,4015.0,63.0,457.317,7426230329.0
78.297,97.0,91304.0,4015.0,63.0,455.836,7426274644.0
78.397,94.0,91304.0,4015.0,63.0,452.456,7426317271.0
78.497,94.0,91304.0,4015.0,62.0,447.53,7426359460.0
78.597,95.0,91304.0,4015.0,62.0,443.101,7426400228.0
78.697,95.0,91304.0,4015.0,62.0,437.65,7426440398.0
78.797,95.0,91304.0,4015.0,61.0,431.63,7426481059.0
78.897,95.0,91304.0,4015.0,61.0,427.196,7426519983.0
78.997,95.0,91304.0,4015.0,61.0,420.821,7426559231.0
79.097,98.0,91304.0,4015.0,60.0,413.379,7426559231.0
79.197,98.0,91304.0,4015.0,60.0,413.379,7426597642.0
79.297,95.0,91304.0,4015.0,59.0,398.976,7426635140.0
79.397,96.0,91304.0,4015.0,59.0,391.419,7426671603.0
79.497,96.0,91304.0,4015.0,59.0,387.102,7426707868.0
79.597,98.0,91304.0,4015.0,59.0,379.956,7426743785.0
79.696,98.0,91304.0,4015.0,58.0,374.896,7426813347.0
79.797,96.0,91304.0,4015.0,58.0,368.678,7426847766.0
79.897,96.0,91304.0,4015.0,58.0,363.398,7426881392.0
79.997,96.0,91304.0,4015.0,58.0,358.119,7426914935.0
80.097,96.0,91304.0,4015.0,57.0,353.19,7426948042.0
80.197,98.0,91304.0,4015.0,57.0,347.866,7426981194.0
80.297,98.0,91304.0,4015.0,57.0,343.281,7427013686.0
80.397,96.0,91304.0,4015.0,57.0,339.899,7427046430.0
80.497,96.0,91304.0,4015.0,57.0,335.734,7427078789.0
80.597,96.0,91304.0,4015.0,57.0,333.796,7427111659.0
80.697,96.0,91304.0,4015.0,57.0,331.731,7427144245.0
80.797,96.0,91304.0,4015.0,57.0,329.451,7427176889.0
80.897,96.0,91304.0,4015.0,57.0,327.966,7427209708.0
80.996,98.0,91304.0,4015.0,56.0,326.969,7427242083.0
81.097,98.0,91304.0,4015.0,56.0,325.532,7427274749.0
81.197,96.0,91304.0,4015.0,56.0,325.753,7427274749.0
81.297,96.0,91304.0,4015.0,56.0,326.251,7427307611.0
81.395,97.0,91304.0,4015.0,56.0,325.721,7427340341.0
81.497,97.0,91304.0,4015.0,56.0,325.721,7427372683.0
81.595,46.0,91304.0,4015.0,54.0,309.507,7427400497.0
81.697,46.0,91304.0,4015.0,53.0,291.209,7427428407.0
81.797,0.0,91304.0,4015.0,58.0,290.862,7427477639.0
81.897,0.0,91304.0,4015.0,62.0,323.713,7427544247.0
81.997,100.0,91304.0,4015.0,64.0,361.568,7427612385.0
82.097,100.0,91304.0,4015.0,65.0,395.066,7427676762.0
82.197,100.0,91304.0,4015.0,66.0,429.631,7427746355.0
82.297,100.0,91304.0,4015.0,67.0,465.533,7427814567.0
82.397,100.0,91304.0,4015.0,68.0,499.117,7427882610.0
82.497,100.0,91304.0,4015.0,69.0,531.922,7427952231.0
82.596,100.0,91304.0,4015.0,70.0,577.882,7428020697.0
82.697,100.0,91304.0,4015.0,70.0,641.792,7428087262.0
82.797,100.0,91304.0,4015.0,70.0,678.54,7428087262.0
82.897,100.0,91304.0,4015.0,69.0,682.643,7428155889.0
82.997,100.0,91304.0,4015.0,70.0,681.049,7428223644.0
83.097,100.0,91304.0,4015.0,70.0,682.976,7428292346.0
83.197,100.0,91304.0,4015.0,70.0,685.064,7428361413.0
83.297,100.0,91304.0,4015.0,70.0,682.556,7428430122.0
83.397,100.0,91304.0,4015.0,70.0,682.556,7428498314.0
83.497,93.0,91304.0,4015.0,71.0,684.064,7428565115.0
83.597,100.0,91304.0,4015.0,71.0,684.562,7428702160.0
83.697,100.0,91304.0,4015.0,71.0,686.043,7428772045.0
83.797,100.0,91304.0,4015.0,71.0,684.076,7428839984.0
83.896,100.0,91304.0,4015.0,71.0,684.589,7428909162.0
83.996,100.0,91304.0,4015.0,71.0,681.953,7428976258.0
84.096,100.0,91304.0,4015.0,71.0,683.217,7429043841.0
84.197,100.0,91304.0,4015.0,71.0,683.011,7429113560.0
84.296,100.0,91304.0,4015.0,71.0,683.815,7429181192.0
84.396,100.0,91304.0,4015.0,71.0,684.988,7429248983.0
84.497,100.0,91304.0,4015.0,72.0,685.351,7429319325.0
84.597,100.0,91304.0,4015.0,73.0,685.753,7429388842.0
84.697,100.0,91304.0,4015.0,73.0,685.391,7429458795.0
84.797,100.0,91304.0,4015.0,71.0,684.01,7429458795.0
84.896,100.0,91304.0,4015.0,71.0,683.485,7429522651.0
84.996,100.0,91304.0,4015.0,72.0,684.826,7429592261.0
85.095,100.0,91304.0,4015.0,72.0,683.041,7429660114.0
85.196,100.0,91304.0,4015.0,71.0,684.058,7429729379.0
85.295,100.0,91304.0,4015.0,71.0,684.058,7429797430.0
85.396,100.0,91304.0,4015.0,72.0,682.875,7429866451.0
85.497,100.0,91304.0,4015.0,73.0,684.397,7429935918.0
85.597,100.0,91304.0,4015.0,72.0,683.442,7430004083.0
85.697,100.0,91304.0,4015.0,72.0,683.44,7430142540.0
85.797,100.0,91304.0,4015.0,73.0,685.424,7430211507.0
85.897,100.0,91304.0,4015.0,72.0,685.251,7430272519.0
85.997,96.0,91304.0,4015.0,68.0,665.306,7430318744.0
86.097,96.0,91304.0,4015.0,67.0,641.755,7430364069.0
86.197,97.0,91304.0,4015.0,66.0,619.227,7430409236.0
86.297,97.0,91304.0,4015.0,65.0,598.729,7430456495.0
86.397,94.0,91304.0,4015.0,66.0,574.932,7430503600.0
86.497,94.0,91304.0,4015.0,65.0,554.208,7430550129.0
86.597,94.0,91304.0,4015.0,65.0,533.07,7430597035.0
86.697,94.0,91304.0,4015.0,65.0,510.815,7430641169.0
86.797,94.0,91304.0,4015.0,64.0,488.487,7430687620.0
86.897,94.0,91304.0,4015.0,65.0,463.384,7430687620.0
86.997,97.0,91304.0,4015.0,64.0,460.816,7430733689.0
87.097,97.0,91304.0,4015.0,64.0,461.135,7430779078.0
87.197,95.0,91304.0,4015.0,64.0,460.691,7430825053.0
87.297,95.0,91304.0,4015.0,63.0,458.597,7430869370.0
87.396,94.0,91304.0,4015.0,63.0,454.376,7430913435.0
87.496,94.0,91304.0,4015.0,63.0,450.946,7430957034.0
87.596,94.0,91304.0,4015.0,63.0,448.819,7430999600.0
87.697,94.0,91304.0,4015.0,63.0,447.746,7431086877.0
87.797,97.0,91304.0,4015.0,62.0,443.84,7431129487.0
87.897,97.0,91304.0,4015.0,62.0,439.262,7431171998.0
87.997,95.0,91304.0,4015.0,62.0,435.486,7431214079.0
88.097,95.0,91304.0,4015.0,61.0,431.893,7431254887.0
88.197,95.0,91304.0,4015.0,61.0,426.451,7431295060.0
88.297,95.0,91304.0,4015.0,61.0,420.722,7431333345.0
88.397,98.0,91304.0,4015.0,60.0,415.988,7431371613.0
88.497,98.0,91304.0,4015.0,60.0,410.021,7431409283.0
88.597,98.0,91304.0,4015.0,60.0,402.633,7431445653.0
88.697,96.0,91304.0,4015.0,60.0,402.633,7431483150.0
88.797,96.0,91304.0,4015.0,60.0,396.957,7431518939.0
88.897,95.0,91304.0,4015.0,59.0,390.893,7431554418.0
88.997,95.0,91304.0,4015.0,59.0,384.521,7431589732.0
89.097,96.0,91304.0,4015.0,59.0,370.592,7431589732.0
89.197,98.0,91304.0,4015.0,59.0,365.215,7431624774.0
89.297,98.0,91304.0,4015.0,58.0,360.255,7431658950.0
89.397,96.0,91304.0,4015.0,58.0,357.792,7431694088.0
89.497,96.0,91304.0,4015.0,58.0,354.808,7431729210.0
89.597,96.0,91304.0,4015.0,58.0,352.956,7431764573.0
89.698,96.0,91304.0,4015.0,58.0,348.26,7431798659.0
89.797,98.0,91304.0,4015.0,57.0,346.175,7431831716.0
89.897,98.0,91304.0,4015.0,57.0,343.621,7431865143.0
89.997,96.0,91304.0,4015.0,57.0,341.997,7431931925.0
90.097,96.0,91304.0,4015.0,57.0,340.704,7431965377.0
90.197,96.0,91304.0,4015.0,57.0,340.005,7431999303.0
90.297,96.0,91304.0,4015.0,57.0,339.314,7432033111.0
90.397,98.0,91304.0,4015.0,57.0,336.926,7432065517.0
90.497,98.0,91304.0,4015.0,57.0,334.859,7432098496.0
90.597,96.0,91304.0,4015.0,57.0,333.459,7432131329.0
90.697,96.0,91304.0,4015.0,56.0,333.345,7432164062.0
90.797,96.0,91304.0,4015.0,56.0,332.531,7432196806.0
90.897,96.0,91304.0,4015.0,56.0,332.092,7432229430.0
90.997,98.0,91304.0,4015.0,56.0,331.062,7432261816.0
91.097,98.0,91304.0,4015.0,56.0,331.062,7432294243.0
91.197,98.0,91304.0,4015.0,56.0,329.367,7432326624.0
91.297,96.0,91304.0,4015.0,56.0,327.867,7432358542.0
91.397,96.0,91304.0,4015.0,56.0,325.945,7432390249.0
91.497,96.0,91304.0,4015.0,56.0,324.794,7432390249.0
91.597,96.0,91304.0,4015.0,56.0,323.674,7432421908.0
91.697,96.0,91304.0,4015.0,56.0,321.005,7432453115.0
91.796,98.0,91304.0,4015.0,56.0,320.239,7432484724.0
91.897,98.0,91304.0,4015.0,56.0,319.217,7432516738.0
91.997,97.0,91304.0,4015.0,56.0,318.503,7432548583.0
92.097,97.0,91304.0,4015.0,56.0,317.089,7432580338.0
92.197,97.0,91304.0,4015.0,56.0,316.323,7432611436.0
92.298,97.0,91304.0,4015.0,56.0,314.86,7432643104.0
92.397,97.0,91304.0,4015.0,56.0,314.293,7432705029.0
92.497,97.0,91304.0,4015.0,55.0,314.401,7432736373.0
92.597,97.0,91304.0,4015.0,56.0,314.248,7432768037.0
92.697,97.0,91304.0,4015.0,55.0,314.053,7432798792.0
92.797,98.0,91304.0,4015.0,55.0,314.012,7432830578.0
92.896,98.0,91304.0,4015.0,55.0,313.145,7432861488.0
92.997,96.0,91304.0,4015.0,55.0,312.6,7432892866.0
93.097,96.0,91304.0,4015.0,55.0,313.15,7432924053.0
93.197,97.0,91304.0,4015.0,55.0,312.418,7432955198.0
93.297,97.0,91304.0,4015.0,55.0,313.631,7432987062.0
93.397,98.0,91304.0,4015.0,55.0,314.715,7433019055.0
93.497,98.0,91304.0,4015.0,55.0,314.715,7433050683.0
93.597,98.0,91304.0,4015.0,55.0,314.51,7433082298.0
93.696,96.0,91304.0,4015.0,55.0,314.721,7433113973.0
93.796,96.0,91304.0,4015.0,55.0,315.126,7433145533.0
93.896,97.0,91304.0,4015.0,55.0,314.685,7433145533.0
93.997,97.0,91304.0,4015.0,55.0,316.222,7433177659.0
94.097,98.0,91304.0,4015.0,55.0,316.432,7433209618.0
94.197,96.0,91304.0,4015.0,55.0,318.462,7433241826.0
94.297,96.0,91304.0,4015.0,55.0,318.562,7433273601.0
94.397,97.0,91304.0,4015.0,55.0,317.747,7433305479.0
94.497,97.0,91304.0,4015.0,55.0,318.386,7433336668.0
94.597,98.0,91304.0,4015.0,55.0,318.644,7433368722.0
94.697,98.0,91304.0,4015.0,55.0,318.213,7433400320.0
94.797,96.0,91304.0,4015.0,55.0,318.44,7433463514.0
94.895,96.0,91304.0,4015.0,55.0,318.4,7433495811.0
94.998,97.0,91304.0,4015.0,55.0,318.285,7433527670.0
95.097,97.0,91304.0,4015.0,55.0,318.191,7433559695.0
95.197,98.0,91304.0,4015.0,55.0,318.645,7433591937.0
95.297,98.0,91304.0,4015.0,55.0,318.336,7433623911.0
95.397,97.0,91304.0,4015.0,55.0,318.941,7433655484.0
95.497,97.0,91304.0,4015.0,55.0,318.667,7433687206.0
95.598,97.0,91304.0,4015.0,55.0,318.308,7433719187.0
95.697,97.0,91304.0,4015.0,55.0,318.69,7433750965.0
95.797,97.0,91304.0,4015.0,55.0,318.498,7433782435.0
95.897,98.0,91304.0,4015.0,55.0,318.498,7433813715.0
95.997,98.0,91304.0,4015.0,55.0,317.619,7433845442.0
96.097,96.0,91304.0,4015.0,55.0,316.8,7433877038.0
96.197,96.0,91304.0,4015.0,55.0,316.692,7433908967.0
96.297,96.0,91304.0,4015.0,55.0,316.394,7433908967.0
96.397,96.0,91304.0,4015.0,55.0,316.209,7433940745.0
96.497,98.0,91304.0,4015.0,55.0,316.213,7433972160.0
96.597,98.0,91304.0,4015.0,55.0,309.927,7433994947.0
96.697,20.0,91304.0,4015.0,60.0,316.698,7434065591.0
96.797,98.0,91304.0,4015.0,60.0,333.659,7434119446.0
96.898,98.0,91304.0,4015.0,64.0,371.86,7434190107.0
96.997,100.0,91304.0,4015.0,65.0,407.707,7434257585.0
97.097,100.0,91304.0,4015.0,66.0,441.089,7434323062.0
97.197,100.0,91304.0,4015.0,67.0,474.8,7434391691.0
97.296,100.0,91304.0,4015.0,67.0,514.643,7434459099.0
97.397,100.0,91304.0,4015.0,67.0,550.451,7434527707.0
97.497,100.0,91304.0,4015.0,68.0,593.199,7434594535.0
97.597,100.0,91304.0,4015.0,69.0,640.26,7434666101.0
97.697,100.0,91304.0,4015.0,70.0,654.991,7434734098.0
97.797,100.0,91304.0,4015.0,71.0,683.346,7434734098.0
97.897,100.0,91304.0,4015.0,70.0,680.755,7434804086.0
97.997,100.0,91304.0,4015.0,70.0,680.755,7434872237.0
98.097,100.0,91304.0,4015.0,70.0,680.078,7434939471.0
98.197,100.0,91304.0,4015.0,70.0,683.669,7435007387.0
98.296,100.0,91304.0,4015.0,70.0,683.31,7435071815.0
98.396,100.0,91304.0,4015.0,69.0,677.915,7435205822.0
98.496,100.0,91304.0,4015.0,70.0,679.702,7435273057.0
98.597,100.0,91304.0,4015.0,71.0,678.165,7435342278.0
98.697,100.0,91304.0,4015.0,72.0,680.235,7435410519.0
98.797,100.0,91304.0,4015.0,72.0,680.357,7435480405.0
98.897,100.0,91304.0,4015.0,71.0,680.637,7435549619.0
98.997,100.0,91304.0,4015.0,71.0,681.519,7435617300.0
99.097,100.0,91304.0,4015.0,71.0,682.559,7435686251.0
99.222,100.0,91304.0,4015.0,71.0,681.864,7435753599.0
99.297,100.0,91304.0,4015.0,71.0,688.522,7435823592.0
99.397,100.0,91304.0,4015.0,71.0,686.887,7435891273.0
99.497,100.0,91304.0,4015.0,71.0,687.832,7435958787.0
99.596,100.0,91304.0,4015.0,71.0,686.52,7436027038.0
99.697,100.0,91304.0,4015.0,69.0,685.997,7436092653.0
99.797,93.0,91304.0,4015.0,71.0,685.175,7436092653.0
99.897,93.0,91304.0,4015.0,71.0,684.113,7436161517.0
99.997,100.0,91304.0,4015.0,71.0,679.954,7436228207.0
100.097,100.0,91304.0,4015.0,72.0,679.918,7436295010.0
100.195,100.0,91304.0,4015.0,71.0,681.713,7436363160.0
100.297,100.0,91304.0,4015.0,71.0,678.063,7436432512.0
100.397,100.0,91304.0,4015.0,72.0,677.924,7436498695.0
100.497,100.0,91304.0,4015.0,71.0,680.276,7436566058.0
100.597,100.0,91304.0,4015.0,71.0,671.502,7436693395.0
100.697,100.0,91304.0,4015.0,68.0,653.472,7436740473.0
100.797,100.0,91304.0,4015.0,66.0,653.472,7436787689.0
100.896,94.0,91304.0,4015.0,66.0,630.603,7436833469.0
100.997,94.0,91304.0,4015.0,66.0,610.345,7436879835.0
101.097,97.0,91304.0,4015.0,66.0,593.053,7436926212.0
101.197,97.0,91304.0,4015.0,65.0,567.871,7436970969.0
101.297,95.0,91304.0,4015.0,65.0,545.588,7437017943.0
101.397,95.0,91304.0,4015.0,64.0,524.196,7437064243.0
101.497,94.0,91304.0,4015.0,65.0,499.368,7437110627.0
101.597,94.0,91304.0,4015.0,64.0,475.624,7437156539.0
101.696,94.0,91304.0,4015.0,64.0,465.047,7437156539.0
101.797,94.0,91304.0,4015.0,64.0,462.493,7437201747.0
101.897,97.0,91304.0,4015.0,64.0,460.166,7437245874.0
101.997,97.0,91304.0,4015.0,64.0,457.562,7437290377.0
102.097,97.0,91304.0,4015.0,63.0,455.48,7437334898.0
102.197,97.0,91304.0,4015.0,63.0,455.545,7437380392.0
102.297,94.0,91304.0,4015.0,63.0,454.888,7437425035.0
102.397,94.0,91304.0,4015.0,63.0,448.402,7437468988.0
102.497,94.0,91304.0,4015.0,62.0,442.402,7437512451.0
102.597,97.0,91304.0,4015.0,62.0,437.976,7437595210.0
102.697,97.0,91304.0,4015.0,62.0,434.783,7437636457.0
102.796,97.0,91304.0,4015.0,62.0,431.556,7437676916.0
102.897,97.0,91304.0,4015.0,61.0,425.618,7437716178.0
102.996,95.0,91304.0,4015.0,61.0,420.524,7437755549.0
103.097,95.0,91304.0,4015.0,61.0,414.005,7437794924.0
103.197,95.0,91304.0,4015.0,60.0,407.895,7437833666.0
103.296,95.0,91304.0,4015.0,60.0,401.755,7437871085.0
103.396,98.0,91304.0,4015.0,60.0,397.057,7437909128.0
103.497,98.0,91304.0,4015.0,59.0,391.727,7437909128.0
103.597,96.0,91304.0,4015.0,59.0,386.05,7437945946.0
103.697,96.0,91304.0,4015.0,59.0,382.2,7437981949.0
103.797,96.0,91304.0,4015.0,59.0,376.522,7438018567.0
103.897,96.0,91304.0,4015.0,58.0,372.548,7438053922.0
103.997,98.0,91304.0,4015.0,58.0,368.255,7438089121.0
104.097,98.0,91304.0,4015.0,58.0,364.834,7438124159.0
104.197,98.0,91304.0,4015.0,58.0,364.834,7438159934.0
104.297,96.0,91304.0,4015.0,58.0,360.123,7438194228.0
104.397,96.0,91304.0,4015.0,58.0,356.456,7438261106.0
104.497,96.0,91304.0,4015.0,58.0,351.354,7438294408.0
104.597,96.0,91304.0,4015.0,57.0,348.337,7438327910.0
104.697,96.0,91304.0,4015.0,57.0,345.548,7438361690.0
104.797,96.0,91304.0,4015.0,57.0,342.858,7438394942.0
104.897,96.0,91304.0,4015.0,57.0,340.859,7438428209.0
104.997,96.0,91304.0,4015.0,57.0,338.866,7438461300.0
105.097,98.0,91304.0,4015.0,57.0,336.9,7438494347.0
105.197,98.0,91304.0,4015.0,57.0,334.291,7438527168.0
105.297,97.0,91304.0,4015.0,57.0,332.9,7438559967.0
105.397,96.0,91304.0,4015.0,57.0,331.555,7438592202.0
105.497,96.0,91304.0,4015.0,56.0,331.556,7438625362.0
105.597,98.0,91304.0,4015.0,56.0,330.998,7438658097.0
105.697,98.0,91304.0,4015.0,56.0,329.58,7438690407.0
105.797,96.0,91304.0,4015.0,56.0,328.62,7438722789.0
105.897,96.0,91304.0,4015.0,56.0,328.276,7438722789.0
105.997,97.0,91304.0,4015.0,56.0,327.421,7438755749.0
106.097,97.0,91304.0,4015.0,56.0,326.287,7438788246.0
106.197,97.0,91304.0,4015.0,56.0,326.154,7438820304.0
106.297,97.0,91304.0,4015.0,56.0,325.812,7438852691.0
106.397,97.0,91304.0,4015.0,56.0,325.812,7438885271.0
106.497,98.0,91304.0,4015.0,56.0,325.723,7438917795.0
106.597,98.0,91304.0,4015.0,56.0,325.199,7438950101.0
106.697,97.0,91304.0,4015.0,56.0,323.787,7438981561.0
106.797,97.0,91304.0,4015.0,56.0,323.85,7439046604.0
106.897,97.0,91304.0,4015.0,56.0,324.089,7439079386.0
106.997,97.0,91304.0,4015.0,56.0,323.815,7439111664.0
107.097,98.0,91304.0,4015.0,56.0,323.551,7439143832.0
107.197,98.0,91304.0,4015.0,56.0,323.898,7439175985.0
107.295,97.0,91304.0,4015.0,56.0,322.962,7439208283.0
107.395,97.0,91304.0,4015.0,56.0,322.693,7439229696.0
107.496,14.0,91304.0,4015.0,55.0,313.012,7439288324.0
107.597,14.0,91304.0,4015.0,60.0,344.521,7439352405.0
107.697,95.0,91304.0,4015.0,63.0,377.053,7439418689.0
107.797,95.0,91304.0,4015.0,65.0,408.604,7439486542.0
107.897,100.0,91304.0,4015.0,66.0,445.611,7439486542.0
107.997,100.0,91304.0,4015.0,67.0,481.421,7439555785.0
108.097,100.0,91304.0,4015.0,67.0,516.29,7439622230.0
108.197,100.0,91304.0,4015.0,68.0,547.861,7439691332.0
108.297,100.0,91304.0,4015.0,69.0,588.485,7439762647.0
108.397,100.0,91304.0,4015.0,69.0,618.273,7439828646.0
108.497,95.0,91304.0,4015.0,62.0,613.287,7439876751.0
108.597,97.0,91304.0,4015.0,61.0,584.189,7439911522.0
108.697,97.0,91304.0,4015.0,60.0,555.046,7439946537.0
108.797,98.0,91304.0,4015.0,60.0,523.276,7440017531.0
108.897,98.0,91304.0,4015.0,59.0,489.943,7440052306.0
108.997,96.0,91304.0,4015.0,59.0,459.572,7440087360.0
109.096,96.0,91304.0,4015.0,59.0,425.613,7440122530.0
109.195,96.0,91304.0,4015.0,59.0,393.098,7440157159.0
109.297,96.0,91304.0,4015.0,58.0,355.102,7440192214.0
109.398,96.0,91304.0,4015.0,58.0,355.102,7440227326.0
109.497,98.0,91304.0,4015.0,58.0,350.412,7440261895.0
109.596,98.0,91304.0,4015.0,58.0,350.041,7440296994.0
109.697,96.0,91304.0,4015.0,58.0,349.918,7440331688.0
109.796,96.0,91304.0,4015.0,58.0,348.383,7440366607.0
109.896,96.0,91304.0,4015.0,58.0,348.102,7440402096.0
109.997,96.0,91304.0,4015.0,58.0,348.445,7440437300.0
110.097,98.0,91304.0,4015.0,58.0,348.554,7440472951.0
110.197,98.0,91304.0,4015.0,58.0,349.542,7440507686.0
110.297,96.0,91304.0,4015.0,57.0,348.858,7440507686.0
110.397,96.0,91304.0,4015.0,58.0,348.59,7440542141.0
110.497,96.0,91304.0,4015.0,57.0,349.148,7440577816.0
110.598,98.0,91304.0,4015.0,57.0,350.281,7440613366.0
110.697,98.0,91304.0,4015.0,57.0,349.173,7440647864.0
110.797,96.0,91304.0,4015.0,57.0,347.222,7440681399.0
110.897,96.0,91304.0,4015.0,57.0,345.553,7440714965.0
110.997,96.0,91304.0,4015.0,57.0,343.526,7440747902.0
111.097,96.0,91304.0,4015.0,57.0,341.397,7440781178.0
111.197,98.0,91304.0,4015.0,57.0,339.717,7440847460.0
111.297,98.0,91304.0,4015.0,56.0,337.109,7440879643.0
111.397,98.0,91304.0,4015.0,56.0,333.672,7440912071.0
111.497,98.0,91304.0,4015.0,56.0,330.199,7440943724.0
111.597,98.0,91304.0,4015.0,56.0,327.807,7440976234.0
111.697,96.0,91304.0,4015.0,56.0,327.807,7441008112.0
111.797,96.0,91304.0,4015.0,56.0,326.468,7441039849.0
111.897,97.0,91304.0,4015.0,56.0,324.977,7441071801.0
111.997,97.0,91304.0,4015.0,56.0,323.899,7441103325.0
112.097,98.0,91304.0,4015.0,56.0,322.023,7441135599.0
112.197,98.0,91304.0,4015.0,56.0,321.04,7441167324.0
112.297,96.0,91304.0,4015.0,56.0,319.609,7441199284.0
112.397,96.0,91304.0,4015.0,56.0,319.755,7441230538.0
112.497,96.0,91304.0,4015.0,56.0,319.004,7441262255.0
112.597,96.0,91304.0,4015.0,56.0,318.34,7441294431.0
112.697,98.0,91304.0,4015.0,56.0,318.336,7441294431.0
112.797,98.0,91304.0,4015.0,56.0,318.468,7441326206.0
112.897,89.0,91304.0,4015.0,55.0,315.967,7441357856.0
112.997,89.0,91304.0,4015.0,54.0,299.452,7441375076.0
113.097,0.0,91304.0,4015.0,52.0,263.385,7441388736.0
113.197,0.0,91304.0,4015.0,52.0,245.44,7441402307.0
113.297,0.0,91304.0,4015.0,51.0,227.393,7441415834.0
113.397,0.0,91304.0,4015.0,51.0,210.017,7441429347.0
113.498,0.0,91304.0,4015.0,51.0,191.94,7441442832.0
113.597,0.0,91304.0,4015.0,51.0,173.622,7441456268.0
113.697,0.0,91304.0,4015.0,51.0,155.507,7441482903.0
113.798,0.0,91304.0,4015.0,50.0,137.499,7441496196.0
113.897,0.0,91304.0,4015.0,50.0,134.431,7441509468.0
113.997,0.0,91304.0,4015.0,50.0,134.038,7441522742.0
114.097,0.0,91304.0,4015.0,50.0,133.673,7441535990.0
114.197,0.0,91304.0,4015.0,50.0,133.449,7441549258.0
114.297,0.0,91304.0,4015.0,50.0,133.185,7441562496.0
114.397,0.0,91304.0,4015.0,50.0,133.185,7441575729.0
114.497,0.0,91304.0,4015.0,50.0,132.932,7441588945.0
114.597,0.0,91304.0,4015.0,50.0,132.741,7441602194.0
114.697,0.0,91304.0,4015.0,50.0,132.635,7441615392.0
114.798,0.0,91304.0,4015.0,49.0,132.545,7441628585.0
114.897,0.0,91304.0,4015.0,49.0,132.471,7441641789.0
114.997,0.0,91304.0,4015.0,49.0,132.377,7441654988.0
115.097,0.0,91304.0,4015.0,49.0,132.305,7441668151.0
115.197,0.0,91304.0,4015.0,49.0,132.22,7441681320.0
115.297,0.0,91304.0,4015.0,49.0,132.131,7441694491.0
115.398,0.0,91304.0,4015.0,49.0,132.063,7441707649.0
115.497,0.0,91304.0,4015.0,49.0,132.002,7441720813.0
115.597,0.0,91304.0,4015.0,49.0,131.939,7441733978.0
115.697,0.0,91304.0,4015.0,49.0,131.867,7441733978.0
115.797,0.0,91304.0,4015.0,49.0,131.801,7441747130.0
115.897,0.0,91304.0,4015.0,49.0,131.743,7441760288.0
115.998,0.0,91304.0,4015.0,49.0,131.721,7441773446.0
116.097,0.0,91304.0,4015.0,49.0,131.701,7441786615.0
116.197,0.0,91304.0,4015.0,49.0,131.679,7441799765.0
116.297,0.0,91304.0,4015.0,49.0,131.663,7441812914.0
116.396,0.0,91304.0,4015.0,49.0,131.63,7441826057.0
116.497,0.0,91304.0,4015.0,49.0,131.624,7441839207.0
116.596,0.0,91304.0,4015.0,49.0,131.59,7441865477.0
116.697,0.0,91304.0,4015.0,49.0,131.551,7441878609.0
116.797,0.0,91304.0,4015.0,49.0,131.55,7441891751.0
116.897,0.0,91304.0,4015.0,49.0,131.53,7441904872.0
116.997,0.0,91304.0,4015.0,49.0,131.479,7441918006.0
117.097,0.0,91304.0,4015.0,49.0,131.455,7441931136.0
117.197,0.0,91304.0,4015.0,49.0,131.458,7441944266.0
117.297,0.0,91304.0,4015.0,49.0,131.424,7441957380.0
117.397,0.0,91304.0,4015.0,49.0,131.413,7441970515.0
117.497,0.0,91304.0,4015.0,49.0,131.391,7441983632.0
117.597,0.0,91304.0,4015.0,49.0,131.359,7441996745.0
117.697,0.0,91304.0,4015.0,49.0,131.371,7442009864.0
117.797,0.0,91304.0,4015.0,49.0,131.336,7442022985.0
117.897,0.0,91304.0,4015.0,49.0,131.321,7442036092.0
117.997,0.0,91304.0,4015.0,49.0,131.318,7442049208.0
118.097,0.0,91304.0,4015.0,48.0,131.251,7442062315.0
118.197,0.0,91304.0,4015.0,48.0,131.251,7442075425.0
118.298,0.0,91304.0,4015.0,48.0,131.224,7442088527.0
118.397,0.0,91304.0,4015.0,48.0,131.217,7442101662.0
118.497,0.0,91304.0,4015.0,48.0,131.218,7442101662.0
118.597,0.0,91304.0,4015.0,48.0,131.209,7442114772.0
118.697,0.0,91304.0,4015.0,48.0,131.221,7442127887.0
118.797,0.0,91304.0,4015.0,48.0,131.204,7442141014.0
118.897,0.0,91304.0,4015.0,48.0,131.206,7442154116.0
118.996,0.0,91304.0,4015.0,48.0,131.206,7442167228.0
119.096,0.0,91304.0,4015.0,48.0,131.204,7442180334.0
119.197,0.0,91304.0,4015.0,48.0,131.198,7442193447.0
119.297,0.0,91304.0,4015.0,48.0,131.175,7442206534.0
119.397,0.0,91304.0,4015.0,48.0,131.172,7442219637.0
119.498,0.0,91304.0,4015.0,48.0,131.136,7442232726.0
119.597,0.0,91304.0,4015.0,48.0,131.124,7442245836.0
119.698,0.0,91304.0,4015.0,48.0,131.115,7442272037.0
119.796,0.0,91304.0,4015.0,48.0,131.076,7442285120.0
119.897,0.0,91304.0,4015.0,48.0,131.067,7442298222.0
119.997,0.0,91304.0,4015.0,48.0,131.055,7442311317.0
120.097,0.0,91304.0,4015.0,48.0,131.041,7442324408.0
120.197,0.0,91304.0,4015.0,48.0,131.027,7442337512.0
120.297,0.0,91304.0,4015.0,48.0,131.038,7442350603.0
120.397,0.0,91304.0,4015.0,48.0,131.032,7442363693.0
120.497,0.0,91304.0,4015.0,48.0,131.032,7442376779.0
120.597,0.0,91304.0,4015.0,48.0,131.009,7442389866.0
120.697,0.0,91304.0,4015.0,48.0,130.989,7442402953.0
120.797,0.0,91304.0,4015.0,48.0,131.001,7442416057.0
120.897,0.0,91304.0,4015.0,48.0,131.01,7442429139.0
120.997,0.0,91304.0,4015.0,48.0,130.994,7442442240.0
121.097,0.0,91304.0,4015.0,48.0,131.002,7442455331.0
121.197,0.0,91304.0,4015.0,48.0,130.97,7442468408.0
121.297,0.0,91304.0,4015.0,48.0,130.935,7442481465.0
121.397,0.0,91304.0,4015.0,48.0,130.915,7442494551.0
121.497,0.0,91304.0,4015.0,48.0,130.912,7442507627.0
121.597,0.0,91304.0,4015.0,48.0,130.919,7442520720.0
121.697,0.0,91304.0,4015.0,48.0,130.912,7442520720.0
121.797,0.0,91304.0,4015.0,48.0,130.896,7442533806.0
121.896,0.0,91304.0,4015.0,48.0,130.894,7442546897.0
121.997,0.0,91304.0,4015.0,48.0,130.87,7442559982.0
122.097,0.0,91304.0,4015.0,48.0,130.87,7442573051.0
122.196,0.0,91304.0,4015.0,48.0,130.886,7442586149.0
122.297,0.0,91304.0,4015.0,48.0,130.895,7442599234.0
122.397,0.0,91304.0,4015.0,48.0,130.925,7442612321.0
122.496,0.0,91304.0,4015.0,48.0,130.929,7442625398.0
122.597,0.0,91304.0,4015.0,48.0,130.925,7442638482.0
122.696,0.0,91304.0,4015.0,48.0,130.924,7442651559.0
122.796,0.0,91304.0,4015.0,48.0,130.913,7442664644.0
122.897,0.0,91304.0,4015.0,48.0,130.906,7442690792.0
122.997,0.0,91304.0,4015.0,48.0,130.9,7442703873.0
123.096,0.0,91304.0,4015.0,48.0,130.887,7442716950.0
123.196,0.0,91304.0,4015.0,48.0,130.88,7442730027.0
123.297,0.0,91304.0,4015.0,48.0,130.872,7442743112.0
123.397,0.0,91304.0,4015.0,48.0,130.859,7442756189.0
123.497,0.0,91304.0,4015.0,48.0,130.862,7442769267.0
123.597,0.0,91304.0,4015.0,48.0,130.862,7442782354.0
123.697,0.0,91304.0,4015.0,48.0,130.86,7442795428.0
123.797,0.0,91304.0,4015.0,48.0,130.859,7442808505.0
123.897,0.0,91304.0,4015.0,48.0,130.859,7442821580.0
123.997,0.0,91304.0,4015.0,48.0,130.849,7442834640.0
124.097,0.0,91304.0,4015.0,48.0,130.846,7442847695.0
124.197,0.0,91304.0,4015.0,48.0,130.828,7442860768.0
124.297,0.0,91304.0,4015.0,48.0,130.818,7442873833.0
124.397,0.0,91304.0,4015.0,48.0,130.8,7442886922.0
124.497,0.0,91304.0,4015.0,48.0,130.798,7442899976.0
124.597,0.0,91304.0,4015.0,48.0,130.788,7442913051.0
124.697,0.0,91304.0,4015.0,48.0,130.764,7442926124.0
124.797,0.0,91304.0,4015.0,48.0,130.776,7442939214.0
124.897,0.0,91304.0,4015.0,48.0,130.777,7442939214.0
124.997,0.0,91304.0,4015.0,48.0,130.781,7442952292.0
125.096,0.0,91304.0,4015.0,48.0,130.788,7442965356.0
125.197,0.0,91304.0,4015.0,48.0,130.78,7442978412.0
125.297,0.0,91304.0,4015.0,48.0,130.804,7442991479.0
125.397,0.0,91304.0,4015.0,48.0,130.785,7443004561.0
125.497,0.0,91304.0,4015.0,48.0,130.783,7443017619.0
125.597,0.0,91304.0,4015.0,48.0,130.784,7443030692.0
125.697,0.0,91304.0,4015.0,48.0,130.784,7443043746.0
125.797,0.0,91304.0,4015.0,48.0,130.782,7443056820.0
125.897,0.0,91304.0,4015.0,48.0,130.75,7443069890.0
125.997,0.0,91304.0,4015.0,48.0,130.738,7443082933.0
126.097,0.0,91304.0,4015.0,48.0,130.726,7443109066.0
126.196,0.0,91304.0,4015.0,48.0,130.714,7443122135.0
126.297,0.0,91304.0,4015.0,48.0,130.723,7443135219.0
126.397,0.0,91304.0,4015.0,48.0,130.699,7443148263.0
126.497,0.0,91304.0,4015.0,48.0,130.706,7443161327.0
126.597,0.0,91304.0,4015.0,48.0,130.706,7443174404.0
126.697,0.0,91304.0,4015.0,48.0,130.712,7443187467.0
126.797,0.0,91304.0,4015.0,48.0,130.713,7443200537.0
126.897,0.0,91304.0,4015.0,48.0,130.704,7443213598.0
126.997,0.0,91304.0,4015.0,48.0,130.718,7443226646.0
127.097,0.0,91304.0,4015.0,48.0,130.703,7443239704.0
127.197,0.0,91304.0,4015.0,48.0,130.706,7443252769.0
127.297,0.0,91304.0,4015.0,48.0,130.7,7443265835.0
127.397,0.0,91304.0,4015.0,48.0,130.693,7443278898.0
127.497,0.0,91304.0,4015.0,48.0,130.693,7443291972.0
127.597,0.0,91304.0,4015.0,48.0,130.699,7443305026.0
127.697,0.0,91304.0,4015.0,48.0,130.68,7443318092.0
127.796,0.0,91304.0,4015.0,48.0,130.676,7443331154.0
127.897,0.0,91304.0,4015.0,48.0,130.672,7443344212.0
127.997,0.0,91304.0,4015.0,48.0,130.679,7443357256.0
128.097,0.0,91304.0,4015.0,48.0,130.695,7443357256.0
128.197,0.0,91304.0,4015.0,48.0,130.698,7443370324.0
128.297,0.0,91304.0,4015.0,48.0,130.704,7443383386.0
128.397,0.0,91304.0,4015.0,48.0,130.733,7443396467.0
128.497,0.0,91304.0,4015.0,48.0,130.705,7443409534.0
128.596,0.0,91304.0,4015.0,48.0,130.735,7443422587.0
128.695,0.0,91304.0,4015.0,48.0,130.724,7443435656.0
128.797,0.0,91304.0,4015.0,48.0,130.71,7443448723.0
128.897,0.0,91304.0,4015.0,48.0,130.71,7443461778.0
128.996,0.0,91304.0,4015.0,48.0,130.686,7443474822.0
129.097,0.0,91304.0,4015.0,48.0,130.691,7443487860.0
129.197,0.0,91304.0,4015.0,48.0,130.676,7443500929.0
129.297,0.0,91304.0,4015.0,48.0,130.676,7443527038.0
129.395,0.0,91304.0,4015.0,48.0,130.663,7443540096.0
129.497,0.0,91304.0,4015.0,48.0,130.621,7443553145.0
129.597,0.0,91304.0,4015.0,48.0,130.636,7443566201.0
129.697,0.0,91304.0,4015.0,48.0,130.599,7443579263.0
129.797,0.0,91304.0,4015.0,48.0,130.624,7443592334.0
129.897,0.0,91304.0,4015.0,48.0,130.628,7443605385.0
129.997,0.0,91304.0,4015.0,48.0,130.636,7443618441.0
130.097,0.0,91304.0,4015.0,48.0,130.652,7443631494.0
130.197,0.0,91304.0,4015.0,48.0,130.634,7443644551.0
130.297,0.0,91304.0,4015.0,48.0,130.622,7443657604.0
130.397,0.0,91304.0,4015.0,48.0,130.621,7443670651.0
130.497,0.0,91304.0,4015.0,48.0,130.609,7443683696.0
130.597,0.0,91304.0,4015.0,48.0,130.608,7443696755.0
130.698,0.0,91304.0,4015.0,48.0,130.625,7443709825.0
130.797,0.0,91304.0,4015.0,48.0,130.59,7443722870.0
130.897,0.0,91304.0,4015.0,48.0,130.604,7443735922.0
130.996,0.0,91304.0,4015.0,48.0,130.616,7443748974.0
131.097,0.0,91304.0,4015.0,48.0,130.604,7443762019.0
131.197,0.0,91304.0,4015.0,48.0,130.61,7443775087.0
131.297,0.0,91304.0,4015.0,48.0,130.629,7443775087.0
131.397,0.0,91304.0,4015.0,48.0,130.628,7443788138.0
131.497,0.0,91304.0,4015.0,48.0,130.628,7443801191.0
131.597,0.0,91304.0,4015.0,48.0,130.618,7443814230.0
131.697,0.0,91304.0,4015.0,48.0,130.609,7443827277.0
131.797,0.0,91304.0,4015.0,48.0,130.605,7443840338.0
131.897,0.0,91304.0,4015.0,48.0,130.573,7443853371.0
131.997,0.0,91304.0,4015.0,48.0,130.56,7443866414.0
132.097,0.0,91304.0,4015.0,48.0,130.569,7443879458.0
132.197,0.0,91304.0,4015.0,48.0,130.557,7443892505.0
132.297,0.0,91304.0,4015.0,48.0,130.537,7443905545.0
132.397,0.0,91304.0,4015.0,48.0,130.533,7443918610.0
132.497,0.0,91304.0,4015.0,48.0,130.538,7443944699.0
132.597,0.0,91304.0,4015.0,48.0,130.534,7443957750.0
132.697,0.0,91304.0,4015.0,48.0,130.529,7443970789.0
132.797,0.0,91304.0,4015.0,48.0,130.532,7443983838.0
132.897,0.0,91304.0,4015.0,48.0,130.545,7443996880.0
132.997,0.0,91304.0,4015.0,48.0,130.556,7444009931.0
133.097,0.0,91304.0,4015.0,48.0,130.535,7444022965.0
133.197,0.0,91304.0,4015.0,48.0,130.534,7444036004.0
133.297,0.0,91304.0,4015.0,48.0,130.539,7444049060.0
133.397,0.0,91304.0,4015.0,48.0,130.54,7444062111.0
133.497,0.0,91304.0,4015.0,48.0,130.536,7444075162.0
133.597,0.0,91304.0,4015.0,48.0,130.53,7444088205.0
133.697,0.0,91304.0,4015.0,48.0,130.518,7444101254.0
133.797,0.0,91304.0,4015.0,48.0,130.512,7444114279.0
133.897,0.0,91304.0,4015.0,48.0,130.506,7444127329.0
133.997,0.0,91304.0,4015.0,48.0,130.502,7444140369.0
134.097,0.0,91304.0,4015.0,48.0,130.514,7444153408.0
134.197,0.0,91304.0,4015.0,48.0,130.519,7444166464.0
134.297,0.0,91304.0,4015.0,48.0,130.501,7444179497.0
134.397,0.0,91304.0,4015.0,48.0,130.517,7444192554.0
134.497,0.0,91304.0,4015.0,48.0,130.517,7444205599.0
134.597,0.0,91304.0,4015.0,48.0,130.516,7444205599.0
134.697,0.0,91304.0,4015.0,48.0,130.52,7444218650.0
134.797,0.0,91304.0,4015.0,48.0,130.521,7444231681.0
134.897,0.0,91304.0,4015.0,48.0,130.51,7444244721.0
134.997,0.0,91304.0,4015.0,48.0,130.517,7444257758.0
135.097,0.0,91304.0,4015.0,48.0,130.515,7444270808.0
135.197,0.0,91304.0,4015.0,48.0,130.507,7444283840.0
135.297,0.0,91304.0,4015.0,48.0,130.483,7444309933.0
135.397,0.0,91304.0,4015.0,48.0,130.485,7444322971.0
135.497,0.0,91304.0,4015.0,48.0,130.484,7444336021.0
135.597,0.0,91304.0,4015.0,48.0,130.488,7444349062.0
135.697,0.0,91304.0,4015.0,48.0,130.484,7444362111.0
135.797,0.0,91304.0,4015.0,48.0,130.499,7444375155.0
135.897,0.0,91304.0,4015.0,48.0,130.493,7444388192.0
135.997,0.0,91304.0,4015.0,48.0,130.502,7444401244.0
136.097,0.0,91304.0,4015.0,48.0,130.51,7444414286.0
136.197,0.0,91304.0,4015.0,48.0,130.498,7444427317.0
136.297,0.0,91304.0,4015.0,48.0,130.514,7444440363.0
136.397,0.0,91304.0,4015.0,48.0,130.528,7444453404.0
136.497,0.0,91304.0,4015.0,48.0,130.507,7444466438.0
136.598,0.0,91304.0,4015.0,48.0,130.515,7444479483.0
136.696,0.0,91304.0,4015.0,48.0,130.501,7444492523.0
136.797,0.0,91304.0,4015.0,48.0,130.489,7444505560.0
136.897,0.0,91304.0,4015.0,48.0,130.492,7444518599.0
136.998,0.0,91304.0,4015.0,48.0,130.479,7444531643.0
137.097,0.0,91304.0,4015.0,48.0,130.468,7444544674.0
137.196,0.0,91304.0,4015.0,48.0,130.474,7444557715.0
137.297,0.0,91304.0,4015.0,48.0,130.465,7444557715.0
137.397,0.0,91304.0,4015.0,48.0,130.461,7444570751.0
137.497,0.0,91304.0,4015.0,48.0,130.439,7444583787.0
137.597,0.0,91304.0,4015.0,48.0,130.442,7444596810.0
137.697,0.0,91304.0,4015.0,48.0,130.442,7444609855.0
137.797,0.0,91304.0,4015.0,48.0,130.439,7444622908.0
137.897,0.0,91304.0,4015.0,48.0,130.443,7444635938.0
137.997,0.0,91304.0,4015.0,48.0,130.43,7444648983.0
138.097,0.0,91304.0,4015.0,48.0,130.436,7444662009.0
138.197,0.0,91304.0,4015.0,48.0,130.432,7444675041.0
138.297,0.0,91304.0,4015.0,48.0,130.414,7444688077.0
138.397,0.0,91304.0,4015.0,48.0,130.426,7444701108.0
138.497,0.0,91304.0,4015.0,48.0,130.428,7444727184.0
138.598,0.0,91304.0,4015.0,48.0,130.428,7444740204.0
138.697,0.0,91304.0,4015.0,48.0,130.42,7444753251.0
138.797,0.0,91304.0,4015.0,48.0,130.424,7444766289.0
138.896,0.0,91304.0,4015.0,48.0,130.425,7444779321.0
138.997,0.0,91304.0,4015.0,48.0,130.431,7444792367.0
139.095,0.0,91304.0,4015.0,48.0,130.422,7444805409.0
139.197,0.0,91304.0,4015.0,48.0,130.416,7444818427.0
139.296,0.0,91304.0,4015.0,48.0,130.413,7444831448.0
139.397,0.0,91304.0,4015.0,48.0,130.404,7444844494.0
139.497,0.0,91304.0,4015.0,48.0,130.426,7444857529.0
139.597,0.0,91304.0,4015.0,48.0,130.421,7444870559.0
139.697,0.0,91304.0,4015.0,48.0,130.417,7444883587.0
139.797,0.0,91304.0,4015.0,48.0,130.416,7444896623.0
139.897,0.0,91304.0,4015.0,48.0,130.392,7444909656.0
139.998,0.0,91304.0,4015.0,48.0,130.391,7444922694.0
140.097,0.0,91304.0,4015.0,48.0,130.401,7444935716.0
140.197,0.0,91304.0,4015.0,48.0,130.398,7444948746.0
140.297,0.0,91304.0,4015.0,48.0,130.402,7444961789.0
140.397,0.0,91304.0,4015.0,48.0,130.405,7444974822.0
140.497,0.0,91304.0,4015.0,48.0,130.395,7444974822.0
140.597,0.0,91304.0,4015.0,48.0,130.404,7444987857.0
140.697,0.0,91304.0,4015.0,48.0,130.395,7445000893.0
140.797,0.0,91304.0,4015.0,48.0,130.38,7445013901.0
140.896,0.0,91304.0,4015.0,48.0,130.384,7445026941.0
140.996,0.0,91304.0,4015.0,48.0,130.381,7445039974.0
141.097,0.0,91304.0,4015.0,48.0,130.387,7445053016.0
141.197,0.0,91304.0,4015.0,48.0,130.372,7445066053.0
141.297,0.0,91304.0,4015.0,48.0,130.383,7445079062.0
141.397,0.0,91304.0,4015.0,48.0,130.367,7445092091.0
141.497,0.0,91304.0,4015.0,48.0,130.367,7445105134.0
141.597,0.0,91304.0,4015.0,48.0,130.361,7445118150.0
141.695,0.0,91304.0,4015.0,48.0,130.361,7445144219.0
141.797,0.0,91304.0,4015.0,48.0,130.363,7445157242.0
141.897,0.0,91304.0,4015.0,48.0,130.362,7445170273.0
141.997,0.0,91304.0,4015.0,48.0,130.366,7445183312.0
142.097,0.0,91304.0,4015.0,48.0,130.35,7445196326.0
142.195,0.0,91304.0,4015.0,48.0,130.359,7445209354.0
142.297,0.0,91304.0,4015.0,48.0,130.351,7445222379.0
142.397,0.0,91304.0,4015.0,48.0,130.339,7445235410.0
142.497,0.0,91304.0,4015.0,48.0,130.342,7445248425.0
142.597,0.0,91304.0,4015.0,48.0,130.331,7445261451.0
142.697,0.0,91304.0,4015.0,48.0,130.331,7445274484.0
142.798,0.0,91304.0,4015.0,48.0,130.343,7445287515.0
142.897,0.0,91304.0,4015.0,48.0,130.347,7445300565.0
142.996,0.0,91304.0,4015.0,48.0,130.364,7445313606.0
143.096,0.0,91304.0,4015.0,48.0,130.364,7445326615.0
143.197,0.0,91304.0,4015.0,48.0,130.36,7445339648.0
143.296,0.0,91304.0,4015.0,48.0,130.362,7445352669.0
143.396,0.0,91304.0,4015.0,48.0,130.361,7445365700.0
143.495,0.0,91304.0,4015.0,48.0,130.364,7445378735.0
143.597,0.0,91304.0,4015.0,48.0,130.372,7445391771.0
143.697,0.0,91304.0,4015.0,48.0,130.372,7445391771.0
143.797,0.0,91304.0,4015.0,48.0,130.38,7445404800.0
143.897,0.0,91304.0,4015.0,48.0,130.371,7445417835.0
143.997,0.0,91304.0,4015.0,48.0,130.35,7445430862.0
144.097,0.0,91304.0,4015.0,48.0,130.348,7445443884.0
144.197,0.0,91304.0,4015.0,48.0,130.342,7445456926.0
144.297,0.0,91304.0,4015.0,48.0,130.353,7445469940.0
144.397,0.0,91304.0,4015.0,48.0,130.342,7445482967.0
144.497,0.0,91304.0,4015.0,48.0,130.334,7445495979.0
144.597,0.0,91304.0,4015.0,48.0,130.332,7445509005.0
144.697,0.0,91304.0,4015.0,48.0,130.329,7445522036.0
144.797,0.0,91304.0,4015.0,48.0,130.319,7445535052.0
144.897,0.0,91304.0,4015.0,48.0,130.321,7445561126.0
144.997,0.0,91304.0,4015.0,48.0,130.313,7445574144.0
145.097,0.0,91304.0,4015.0,48.0,130.311,7445587183.0
145.195,0.0,91304.0,4015.0,48.0,130.314,7445600200.0
145.297,0.0,91304.0,4015.0,48.0,130.314,7445613222.0
145.396,0.0,91304.0,4015.0,48.0,130.311,7445626237.0
145.497,0.0,91304.0,4015.0,48.0,130.313,7445639266.0
145.597,0.0,91304.0,4015.0,48.0,130.319,7445652294.0
145.697,0.0,91304.0,4015.0,48.0,130.313,7445665314.0
145.797,0.0,91304.0,4015.0,48.0,130.302,7445678338.0
145.897,0.0,91304.0,4015.0,48.0,130.305,7445691358.0
145.997,0.0,91304.0,4015.0,48.0,130.298,7445704376.0
146.097,0.0,91304.0,4015.0,48.0,130.295,7445717402.0
146.196,0.0,91304.0,4015.0,48.0,130.298,7445730426.0
146.296,0.0,91304.0,4015.0,48.0,130.295,7445743437.0
146.398,0.0,91304.0,4015.0,48.0,130.307,7445756475.0
146.497,0.0,91304.0,4015.0,48.0,130.311,7445769482.0
146.597,0.0,91304.0,4015.0,48.0,130.296,7445769482.0
146.697,0.0,91304.0,4015.0,48.0,130.314,7445782525.0
146.797,0.0,91304.0,4015.0,48.0,130.317,7445795557.0
146.897,0.0,91304.0,4015.0,48.0,130.318,7445808580.0
146.997,0.0,91304.0,4015.0,48.0,130.3,7445821596.0
147.097,0.0,91304.0,4015.0,48.0,130.3,7445834615.0
147.198,0.0,91304.0,4015.0,48.0,130.3,7445847628.0
147.296,0.0,91304.0,4015.0,48.0,130.3,7445860654.0
147.396,0.0,91304.0,4015.0,48.0,130.285,7445873664.0
147.497,0.0,91304.0,4015.0,48.0,130.294,7445886680.0
147.597,0.0,91304.0,4015.0,48.0,130.29,7445899706.0
147.697,0.0,91304.0,4015.0,48.0,130.267,7445912727.0
147.797,0.0,91304.0,4015.0,48.0,130.273,7445938774.0
147.897,0.0,91304.0,4015.0,48.0,130.268,7445951799.0
147.996,0.0,91304.0,4015.0,48.0,130.285,7445964816.0
148.097,0.0,91304.0,4015.0,48.0,130.279,7445977834.0
148.197,0.0,91304.0,4015.0,48.0,130.285,7445990858.0
148.297,0.0,91304.0,4015.0,48.0,130.285,7446003874.0
148.397,0.0,91304.0,4015.0,48.0,130.285,7446016894.0
148.497,0.0,91304.0,4015.0,48.0,130.267,7446029905.0
148.597,0.0,91304.0,4015.0,48.0,130.262,7446042925.0
148.697,0.0,91304.0,4015.0,48.0,130.268,7446055942.0
148.798,0.0,91304.0,4015.0,48.0,130.264,7446068960.0
148.897,0.0,91304.0,4015.0,48.0,130.262,7446081974.0
148.997,0.0,91304.0,4015.0,48.0,130.244,7446094991.0
149.097,0.0,91304.0,4015.0,48.0,130.256,7446108016.0
149.197,0.0,91304.0,4015.0,48.0,130.244,7446121030.0
149.298,0.0,91304.0,4015.0,48.0,130.247,7446134055.0
149.397,0.0,91304.0,4015.0,48.0,130.25,7446147081.0
149.497,0.0,91304.0,4015.0,48.0,130.253,7446160079.0
149.596,0.0,91304.0,4015.0,48.0,130.259,7446173093.0
149.697,0.0,91304.0,4015.0,48.0,130.247,7446173093.0
149.797,0.0,91304.0,4015.0,48.0,130.247,7446186116.0
149.898,0.0,91304.0,4015.0,48.0,130.267,7446199136.0
149.998,0.0,91304.0,4015.0,48.0,130.243,7446212159.0
150.097,0.0,91304.0,4015.0,48.0,130.249,7446225176.0
150.198,0.0,91304.0,4015.0,48.0,130.235,7446238196.0
150.297,0.0,91304.0,4015.0,48.0,130.24,7446251209.0
150.397,0.0,91304.0,4015.0,48.0,130.229,7446264217.0
150.497,0.0,91304.0,4015.0,48.0,130.229,7446277238.0
150.598,0.0,91304.0,4015.0,48.0,130.235,7446290256.0
150.697,0.0,91304.0,4015.0,48.0,130.243,7446303290.0
150.797,0.0,91304.0,4015.0,48.0,130.226,7446316293.0
150.897,0.0,91304.0,4015.0,48.0,130.249,7446342356.0
150.997,0.0,91304.0,4015.0,48.0,130.27,7446355370.0
151.097,0.0,91304.0,4015.0,48.0,130.249,7446368384.0
151.197,0.0,91304.0,4015.0,48.0,130.261,7446381415.0
151.297,0.0,91304.0,4015.0,48.0,130.259,7446394425.0
151.397,0.0,91304.0,4015.0,48.0,130.263,7446407445.0
151.497,0.0,91304.0,4015.0,48.0,130.272,7446420449.0
151.598,0.0,91304.0,4015.0,48.0,130.263,7446433495.0
151.697,0.0,91304.0,4015.0,48.0,130.295,7446459522.0
151.797,0.0,91304.0,4015.0,56.0,177.227,7446525909.0
151.897,100.0,91304.0,4015.0,59.0,232.716,7446525909.0
151.998,100.0,91304.0,4015.0,57.0,280.866,7446593085.0
152.097,90.0,91304.0,4015.0,62.0,335.901,7446653703.0
152.197,90.0,91304.0,4015.0,63.0,390.444,7446722034.0
152.298,100.0,91304.0,4015.0,64.0,445.369,7446789755.0
152.397,100.0,91304.0,4015.0,65.0,499.742,7446857050.0
152.497,100.0,91304.0,4015.0,65.0,609.466,7446924827.0
152.597,100.0,91304.0,4015.0,66.0,665.611,7446994098.0
152.697,100.0,91304.0,4015.0,66.0,665.611,7447131216.0
152.797,100.0,91304.0,4015.0,67.0,673.25,7447199603.0
152.897,100.0,91304.0,4015.0,67.0,671.892,7447266928.0
152.997,100.0,91304.0,4015.0,67.0,679.299,7447334027.0
153.097,100.0,91304.0,4015.0,67.0,681.073,7447401857.0
153.198,100.0,91304.0,4015.0,67.0,681.248,7447468794.0
153.297,100.0,91304.0,4015.0,68.0,680.496,7447536578.0
153.398,100.0,91304.0,4015.0,68.0,681.924,7447605156.0
153.497,93.0,91304.0,4015.0,68.0,673.302,7447666380.0
153.597,93.0,91304.0,4015.0,69.0,673.273,7447734761.0
153.697,100.0,91304.0,4015.0,69.0,673.304,7447734761.0
153.797,100.0,91304.0,4015.0,70.0,673.291,7447803688.0
153.897,100.0,91304.0,4015.0,70.0,674.219,7447871845.0
153.997,100.0,91304.0,4015.0,70.0,674.748,7447939889.0
154.097,100.0,91304.0,4015.0,71.0,674.425,7448007213.0
154.197,100.0,91304.0,4015.0,71.0,674.938,7448075861.0
154.297,100.0,91304.0,4015.0,71.0,675.028,7448144543.0
154.397,100.0,91304.0,4015.0,71.0,675.638,7448213200.0
154.498,100.0,91304.0,4015.0,71.0,683.391,7448281508.0
154.597,100.0,91304.0,4015.0,71.0,683.315,7448418397.0
154.697,100.0,91304.0,4015.0,71.0,684.091,7448488039.0
154.797,100.0,91304.0,4015.0,71.0,684.473,7448558018.0
154.897,100.0,91304.0,4015.0,71.0,683.866,7448623554.0
154.997,100.0,91304.0,4015.0,70.0,679.848,7448689307.0
155.097,100.0,91304.0,4015.0,70.0,680.022,7448757680.0
155.197,100.0,91304.0,4015.0,70.0,680.308,7448824409.0
155.297,100.0,91304.0,4015.0,70.0,680.657,7448892402.0
155.398,100.0,91304.0,4015.0,70.0,679.457,7448961475.0
155.497,100.0,91304.0,4015.0,71.0,680.359,7449030533.0
155.598,100.0,91304.0,4015.0,71.0,680.499,7449098832.0
155.697,100.0,91304.0,4015.0,71.0,680.499,7449098832.0
155.797,100.0,91304.0,4015.0,71.0,679.696,7449169203.0
155.898,100.0,91304.0,4015.0,71.0,679.879,7449238380.0
155.997,100.0,91304.0,4015.0,71.0,683.94,7449307387.0
156.097,100.0,91304.0,4015.0,71.0,682.73,7449375855.0
156.197,100.0,91304.0,4015.0,71.0,682.805,7449512526.0
156.298,100.0,91304.0,4015.0,71.0,682.828,7449581523.0
156.398,100.0,91304.0,4015.0,71.0,682.897,7449648666.0
156.497,96.0,91304.0,4015.0,70.0,679.704,7449715021.0
156.597,96.0,91304.0,4015.0,71.0,678.218,7449781413.0
156.697,100.0,91304.0,4015.0,68.0,668.91,7449833481.0
156.797,100.0,91304.0,4015.0,66.0,643.654,7449877821.0
156.898,97.0,91304.0,4015.0,65.0,620.239,7449922212.0
156.997,97.0,91304.0,4015.0,65.0,597.043,7449967545.0
157.097,97.0,91304.0,4015.0,64.0,578.421,7450012164.0
157.197,97.0,91304.0,4015.0,64.0,552.377,7450012164.0
157.298,97.0,91304.0,4015.0,63.0,527.393,7450055221.0
157.398,97.0,91304.0,4015.0,63.0,498.468,7450097838.0
157.497,96.0,91304.0,4015.0,63.0,475.973,7450139743.0
157.598,96.0,91304.0,4015.0,62.0,451.361,7450182805.0
157.697,97.0,91304.0,4015.0,62.0,434.543,7450224424.0
157.797,97.0,91304.0,4015.0,62.0,432.147,7450266107.0
157.897,97.0,91304.0,4015.0,61.0,428.479,7450307262.0
157.997,97.0,91304.0,4015.0,61.0,425.201,7450348263.0
158.096,97.0,91304.0,4015.0,61.0,418.074,7450429985.0
158.197,95.0,91304.0,4015.0,61.0,416.425,7450472159.0
158.297,95.0,91304.0,4015.0,61.0,416.425,7450512306.0
158.397,95.0,91304.0,4015.0,60.0,413.633,7450552036.0
158.496,96.0,91304.0,4015.0,60.0,410.196,7450590964.0
158.596,96.0,91304.0,4015.0,60.0,406.014,7450628577.0
158.697,97.0,91304.0,4015.0,59.0,402.465,7450666490.0
158.796,97.0,91304.0,4015.0,59.0,397.901,7450702950.0
158.897,96.0,91304.0,4015.0,58.0,393.432,7450738520.0
158.997,96.0,91304.0,4015.0,58.0,387.183,7450774251.0
159.097,96.0,91304.0,4015.0,58.0,381.387,7450808288.0
159.197,96.0,91304.0,4015.0,57.0,374.781,7450808288.0
159.298,98.0,91304.0,4015.0,57.0,366.188,7450842106.0
159.398,98.0,91304.0,4015.0,57.0,361.743,7450876362.0
159.497,97.0,91304.0,4015.0,57.0,357.573,7450911531.0
159.597,97.0,91304.0,4015.0,57.0,352.477,7450945332.0
159.697,97.0,91304.0,4015.0,57.0,347.125,7450978340.0
159.797,97.0,91304.0,4015.0,57.0,343.026,7451011012.0
159.897,98.0,91304.0,4015.0,56.0,340.191,7451044335.0
159.997,98.0,91304.0,4015.0,56.0,336.846,7451076860.0
160.097,97.0,91304.0,4015.0,56.0,334.299,7451141869.0
160.197,97.0,91304.0,4015.0,56.0,332.859,7451174759.0
160.297,98.0,91304.0,4015.0,56.0,331.747,7451207771.0
160.397,98.0,91304.0,4015.0,56.0,329.311,7451240693.0
160.497,98.0,91304.0,4015.0,56.0,328.029,7451273548.0
160.598,97.0,91304.0,4015.0,56.0,328.029,7451306384.0
160.698,97.0,91304.0,4015.0,56.0,327.882,7451339490.0
160.797,97.0,91304.0,4015.0,56.0,328.676,7451372989.0
160.898,99.0,91304.0,4015.0,56.0,328.645,7451405938.0
160.997,99.0,91304.0,4015.0,56.0,328.957,7451438775.0
161.097,97.0,91304.0,4015.0,56.0,329.358,7451471692.0
161.197,97.0,91304.0,4015.0,56.0,330.076,7451504662.0
161.298,97.0,91304.0,4015.0,56.0,329.655,7451537132.0
161.397,97.0,91304.0,4015.0,56.0,328.966,7451570426.0
161.497,98.0,91304.0,4015.0,56.0,329.021,7451602494.0
161.597,98.0,91304.0,4015.0,55.0,327.547,7451602494.0
161.697,97.0,91304.0,4015.0,55.0,327.048,7451634397.0
161.797,97.0,91304.0,4015.0,55.0,325.861,7451667066.0
161.897,99.0,91304.0,4015.0,55.0,325.515,7451699356.0
161.997,99.0,91304.0,4015.0,55.0,325.229,7451731861.0
162.097,97.0,91304.0,4015.0,55.0,325.038,7451764241.0
162.197,97.0,91304.0,4015.0,55.0,323.896,7451796621.0
162.297,97.0,91304.0,4015.0,55.0,324.192,7451829025.0
162.398,97.0,91304.0,4015.0,55.0,323.714,7451861355.0
162.497,97.0,91304.0,4015.0,55.0,323.159,7451925505.0
162.597,97.0,91304.0,4015.0,55.0,323.934,7451958381.0
162.697,97.0,91304.0,4015.0,55.0,324.191,7451991131.0
162.797,97.0,91304.0,4015.0,55.0,324.107,7452023671.0
162.897,97.0,91304.0,4015.0,55.0,324.328,7452055993.0
162.998,99.0,91304.0,4015.0,55.0,324.328,7452088205.0
163.097,97.0,91304.0,4015.0,55.0,323.779,7452120426.0
163.196,97.0,91304.0,4015.0,55.0,323.61,7452152430.0
163.297,99.0,91304.0,4015.0,55.0,322.894,7452184575.0
163.398,99.0,91304.0,4015.0,55.0,323.395,7452217271.0
163.497,97.0,91304.0,4015.0,55.0,323.863,7452249900.0
163.597,97.0,91304.0,4015.0,55.0,324.003,7452282311.0
163.697,97.0,91304.0,4015.0,55.0,323.468,7452314354.0
163.798,97.0,91304.0,4015.0,55.0,322.823,7452346145.0
163.897,98.0,91304.0,4015.0,55.0,322.568,7452346145.0
163.998,98.0,91304.0,4015.0,55.0,322.939,7452378472.0
164.097,72.0,91304.0,4015.0,54.0,312.233,7452409756.0
164.196,72.0,91304.0,4015.0,52.0,294.164,7452425679.0
164.297,0.0,91304.0,4015.0,52.0,276.178,7452439384.0
164.397,0.0,91304.0,4015.0,51.0,257.273,7452452946.0
164.497,0.0,91304.0,4015.0,51.0,238.825,7452466425.0
164.597,0.0,91304.0,4015.0,51.0,218.084,7452479866.0
164.697,0.0,91304.0,4015.0,50.0,199.215,7452493306.0
164.797,0.0,91304.0,4015.0,50.0,183.224,7452506712.0
164.897,0.0,91304.0,4015.0,50.0,165.149,7452520028.0
164.997,0.0,91304.0,4015.0,50.0,146.492,7452546718.0
165.097,4.0,91304.0,4015.0,55.0,153.728,7452594058.0
165.197,4.0,91304.0,4015.0,60.0,197.133,7452649475.0
165.297,86.0,91304.0,4015.0,61.0,240.42,7452712214.0
165.397,86.0,91304.0,4015.0,63.0,294.444,7452779776.0
165.497,100.0,91304.0,4015.0,65.0,347.758,7452847756.0
165.597,100.0,91304.0,4015.0,66.0,401.785,7452915085.0
165.697,100.0,91304.0,4015.0,67.0,456.84,7452983545.0
165.797,100.0,91304.0,4015.0,68.0,511.236,7453051483.0
165.897,100.0,91304.0,4015.0,68.0,557.462,7453120244.0
165.997,100.0,91304.0,4015.0,69.0,611.158,7453189536.0
166.097,100.0,91304.0,4015.0,69.0,611.158,7453189536.0
166.197,100.0,91304.0,4015.0,69.0,657.234,7453257698.0
166.297,100.0,91304.0,4015.0,69.0,666.362,7453326227.0
166.396,100.0,91304.0,4015.0,70.0,678.883,7453395242.0
166.497,100.0,91304.0,4015.0,70.0,680.922,7453465001.0
166.596,100.0,91304.0,4015.0,70.0,682.429,7453533537.0
166.697,100.0,91304.0,4015.0,70.0,683.755,7453665271.0
166.797,100.0,91304.0,4015.0,70.0,682.605,7453733770.0
166.897,100.0,91304.0,4015.0,69.0,679.629,7453802126.0
166.997,100.0,91304.0,4015.0,70.0,680.161,7453870548.0
167.097,100.0,91304.0,4015.0,70.0,680.566,7453939592.0
167.197,100.0,91304.0,4015.0,70.0,680.523,7454007176.0
167.297,100.0,91304.0,4015.0,70.0,681.23,7454076290.0
167.397,100.0,91304.0,4015.0,70.0,681.054,7454144205.0
167.497,100.0,91304.0,4015.0,70.0,679.837,7454211805.0
167.597,100.0,91304.0,4015.0,70.0,680.138,7454281041.0
167.697,100.0,91304.0,4015.0,70.0,680.392,7454349305.0
167.797,100.0,91304.0,4015.0,70.0,686.63,7454349305.0
167.897,100.0,91304.0,4015.0,70.0,687.287,7454418077.0
167.997,100.0,91304.0,4015.0,70.0,686.628,7454486063.0
168.097,100.0,91304.0,4015.0,70.0,685.936,7454554737.0
168.197,100.0,91304.0,4015.0,69.0,683.55,7454623069.0
168.297,92.0,91304.0,4015.0,71.0,681.075,7454688423.0
168.397,92.0,91304.0,4015.0,70.0,680.868,7454755416.0
168.497,100.0,91304.0,4015.0,72.0,683.385,7454824480.0
168.597,100.0,91304.0,4015.0,71.0,682.983,7454893611.0
168.697,100.0,91304.0,4015.0,70.0,680.573,7455028881.0
168.797,100.0,91304.0,4015.0,72.0,682.085,7455098797.0
168.897,100.0,91304.0,4015.0,71.0,681.971,7455168169.0
168.997,100.0,91304.0,4015.0,71.0,681.932,7455235144.0
169.097,100.0,91304.0,4015.0,72.0,681.598,7455304199.0
169.197,100.0,91304.0,4015.0,71.0,681.598,7455373752.0
169.297,100.0,91304.0,4015.0,71.0,685.18,7455440883.0
169.397,100.0,91304.0,4015.0,71.0,684.906,7455498591.0
169.497,100.0,91304.0,4015.0,72.0,681.472,7455542286.0
169.597,96.0,91304.0,4015.0,67.0,631.887,7455586255.0
169.697,97.0,91304.0,4015.0,65.0,604.839,7455628663.0
169.797,97.0,91304.0,4015.0,65.0,578.383,7455672369.0
169.897,97.0,91304.0,4015.0,64.0,553.735,7455716370.0
169.997,97.0,91304.0,4015.0,64.0,530.709,7455716370.0
170.097,96.0,91304.0,4015.0,63.0,505.935,7455759797.0
170.197,96.0,91304.0,4015.0,63.0,479.104,7455802176.0
170.297,95.0,91304.0,4015.0,63.0,456.968,7455845731.0
170.397,95.0,91304.0,4015.0,62.0,433.704,7455888357.0
170.497,94.0,91304.0,4015.0,62.0,431.966,7455931388.0
170.597,94.0,91304.0,4015.0,62.0,429.002,7455973088.0
170.697,95.0,91304.0,4015.0,62.0,427.157,7456014406.0
170.797,95.0,91304.0,4015.0,61.0,424.21,7456054779.0
170.897,95.0,91304.0,4015.0,61.0,420.026,7456136358.0
170.997,95.0,91304.0,4015.0,61.0,417.496,7456177477.0
171.097,95.0,91304.0,4015.0,61.0,414.28,7456217489.0
171.197,95.0,91304.0,4015.0,61.0,410.489,7456256847.0
171.297,96.0,91304.0,4015.0,60.0,407.899,7456295907.0
171.398,96.0,91304.0,4015.0,60.0,403.703,7456334343.0
171.496,96.0,91304.0,4015.0,60.0,403.703,7456371910.0
171.597,97.0,91304.0,4015.0,60.0,399.375,7456409761.0
171.697,97.0,91304.0,4015.0,59.0,396.103,7456445750.0
171.796,96.0,91304.0,4015.0,59.0,391.003,7456481438.0
171.895,98.0,91304.0,4015.0,59.0,385.75,7456516801.0
171.995,98.0,91304.0,4015.0,58.0,373.93,7456550370.0
172.097,97.0,91304.0,4015.0,58.0,367.882,7456583818.0
172.197,97.0,91304.0,4015.0,58.0,362.956,7456617946.0
172.297,97.0,91304.0,4015.0,57.0,357.364,7456617946.0
172.398,97.0,91304.0,4015.0,57.0,353.823,7456651931.0
172.498,98.0,91304.0,4015.0,57.0,349.538,7456686366.0
172.597,98.0,91304.0,4015.0,57.0,347.272,7456720301.0
172.697,97.0,91304.0,4015.0,57.0,344.26,7456755141.0
172.797,97.0,91304.0,4015.0,57.0,341.582,7456788631.0
172.897,97.0,91304.0,4015.0,56.0,338.737,7456820990.0
172.997,97.0,91304.0,4015.0,57.0,336.833,7456853564.0
173.097,98.0,91304.0,4015.0,56.0,335.597,7456886025.0
173.197,98.0,91304.0,4015.0,57.0,334.416,7456951138.0
173.297,97.0,91304.0,4015.0,56.0,331.484,7456982749.0
173.397,97.0,91304.0,4015.0,56.0,329.816,7457015776.0
173.497,98.0,91304.0,4015.0,56.0,328.57,7457047741.0
173.597,98.0,91304.0,4015.0,56.0,325.413,7457080206.0
173.697,97.0,91304.0,4015.0,56.0,324.728,7457112749.0
173.797,97.0,91304.0,4015.0,56.0,324.725,7457145271.0
173.897,97.0,91304.0,4015.0,56.0,324.377,7457177066.0
173.997,97.0,91304.0,4015.0,56.0,324.377,7457208839.0
174.096,97.0,91304.0,4015.0,56.0,323.834,7457240486.0
174.197,98.0,91304.0,4015.0,56.0,323.063,7457272201.0
174.297,98.0,91304.0,4015.0,55.0,321.699,7457304230.0
174.397,97.0,91304.0,4015.0,56.0,322.153,7457336408.0
174.498,97.0,91304.0,4015.0,55.0,321.174,7457368603.0
174.597,97.0,91304.0,4015.0,55.0,320.375,7457399802.0
174.697,99.0,91304.0,4015.0,55.0,319.375,7457399802.0
174.797,99.0,91304.0,4015.0,55.0,318.506,7457431449.0
174.897,97.0,91304.0,4015.0,55.0,318.023,7457463348.0
174.997,97.0,91304.0,4015.0,55.0,318.596,7457495310.0
175.097,99.0,91304.0,4015.0,55.0,318.678,7457527577.0
175.196,99.0,91304.0,4015.0,55.0,319.036,7457559447.0
175.297,86.0,91304.0,4015.0,54.0,307.19,7457591178.0
175.397,86.0,91304.0,4015.0,53.0,289.292,7457608305.0
175.497,0.0,91304.0,4015.0,52.0,271.176,7457621924.0
175.597,0.0,91304.0,4015.0,59.0,289.528,7457635564.0
175.697,100.0,91304.0,4015.0,61.0,314.471,7457751248.0
175.797,100.0,91304.0,4015.0,63.0,350.016,7457818401.0
175.897,100.0,91304.0,4015.0,64.0,384.746,7457883742.0
175.997,100.0,91304.0,4015.0,66.0,419.894,7457951877.0
176.097,100.0,91304.0,4015.0,67.0,452.648,7458019930.0
176.197,100.0,91304.0,4015.0,68.0,492.118,7458088133.0
176.297,100.0,91304.0,4015.0,68.0,540.549,7458156760.0
176.397,100.0,91304.0,4015.0,69.0,540.549,7458224878.0
176.497,100.0,91304.0,4015.0,69.0,594.68,7458293017.0
176.597,100.0,91304.0,4015.0,69.0,649.228,7458293017.0
176.697,100.0,91304.0,4015.0,69.0,668.747,7458361910.0
176.796,100.0,91304.0,4015.0,70.0,678.281,7458429927.0
176.897,100.0,91304.0,4015.0,70.0,681.416,7458498600.0
176.997,100.0,91304.0,4015.0,71.0,681.194,7458565039.0
177.097,100.0,91304.0,4015.0,71.0,683.085,7458633350.0
177.197,100.0,91304.0,4015.0,69.0,680.819,7458701956.0
177.297,92.0,91304.0,4015.0,70.0,681.316,7458766782.0
177.397,92.0,91304.0,4015.0,70.0,683.251,7458835233.0
177.497,100.0,91304.0,4015.0,70.0,682.412,7458905404.0
177.598,100.0,91304.0,4015.0,70.0,679.382,7459041080.0
177.697,100.0,91304.0,4015.0,71.0,680.152,7459109504.0
177.797,100.0,91304.0,4015.0,71.0,679.822,7459178770.0
177.897,100.0,91304.0,4015.0,71.0,680.543,7459247699.0
177.996,100.0,91304.0,4015.0,71.0,681.731,7459316735.0
178.097,100.0,91304.0,4015.0,71.0,682.712,7459384209.0
178.197,100.0,91304.0,4015.0,71.0,685.071,7459452798.0
178.297,100.0,91304.0,4015.0,71.0,684.86,7459522144.0
178.397,100.0,91304.0,4015.0,71.0,684.508,7459591556.0
178.497,100.0,91304.0,4015.0,71.0,685.553,7459659849.0
178.597,100.0,91304.0,4015.0,71.0,686.498,7459728116.0
178.697,92.0,91304.0,4015.0,71.0,682.179,7459793021.0
178.797,92.0,91304.0,4015.0,71.0,682.035,7459793021.0
178.897,100.0,91304.0,4015.0,71.0,681.763,7459860630.0
178.997,100.0,91304.0,4015.0,71.0,679.877,7459927551.0
179.096,100.0,91304.0,4015.0,71.0,678.699,7459995246.0
179.195,100.0,91304.0,4015.0,71.0,678.699,7460062824.0
179.297,100.0,91304.0,4015.0,71.0,678.363,7460130987.0
179.397,100.0,91304.0,4015.0,71.0,677.749,7460198693.0
179.498,100.0,91304.0,4015.0,71.0,675.872,7460265741.0
179.597,100.0,91304.0,4015.0,71.0,675.319,7460332974.0
179.697,100.0,91304.0,4015.0,71.0,675.275,7460470122.0
179.797,100.0,91304.0,4015.0,71.0,679.295,7460538233.0
179.897,100.0,91304.0,4015.0,71.0,679.682,7460597939.0
179.997,100.0,91304.0,4015.0,67.0,652.384,7460642995.0
180.097,94.0,91304.0,4015.0,66.0,629.344,7460688363.0
180.198,94.0,91304.0,4015.0,66.0,606.861,7460733155.0
180.297,94.0,91304.0,4015.0,65.0,583.19,7460777622.0
180.397,94.0,91304.0,4015.0,64.0,561.377,7460821921.0
180.497,94.0,91304.0,4015.0,64.0,536.525,7460865098.0
180.597,94.0,91304.0,4015.0,64.0,512.371,7460907511.0
180.697,96.0,91304.0,4015.0,63.0,487.289,7460951243.0
180.797,96.0,91304.0,4015.0,63.0,464.09,7460994451.0
180.897,94.0,91304.0,4015.0,63.0,440.246,7461037342.0
180.997,94.0,91304.0,4015.0,63.0,436.771,7461079631.0
181.097,94.0,91304.0,4015.0,62.0,433.029,7461079631.0
181.197,94.0,91304.0,4015.0,62.0,427.578,7461120978.0
181.297,97.0,91304.0,4015.0,61.0,424.366,7461161037.0
181.397,97.0,91304.0,4015.0,62.0,424.366,7461201883.0
181.497,97.0,91304.0,4015.0,62.0,420.903,7461243064.0
181.597,98.0,91304.0,4015.0,61.0,417.396,7461282430.0
181.697,98.0,91304.0,4015.0,61.0,413.876,7461321352.0
181.797,96.0,91304.0,4015.0,60.0,408.542,7461359478.0
181.897,96.0,91304.0,4015.0,60.0,402.413,7461396947.0
181.997,96.0,91304.0,4015.0,59.0,397.281,7461470373.0
182.098,96.0,91304.0,4015.0,59.0,389.92,7461506908.0
182.197,98.0,91304.0,4015.0,59.0,386.565,7461541917.0
182.297,94.0,91304.0,4015.0,58.0,376.667,7461577530.0
182.397,94.0,91304.0,4015.0,58.0,370.773,7461612521.0
182.498,96.0,91304.0,4015.0,58.0,365.451,7461646086.0
182.596,96.0,91304.0,4015.0,58.0,360.05,7461679870.0
182.696,98.0,91304.0,4015.0,57.0,355.828,7461713777.0
182.796,98.0,91304.0,4015.0,58.0,351.969,7461747497.0
182.897,97.0,91304.0,4015.0,57.0,347.673,7461780899.0
182.997,97.0,91304.0,4015.0,57.0,344.978,7461813942.0
183.097,97.0,91304.0,4015.0,57.0,340.066,7461846653.0
183.197,97.0,91304.0,4015.0,57.0,338.359,7461879871.0
183.296,97.0,91304.0,4015.0,57.0,334.432,7461911951.0
183.397,97.0,91304.0,4015.0,56.0,331.698,7461944750.0
183.497,91.0,91304.0,4015.0,56.0,330.359,7461944750.0
183.597,91.0,91304.0,4015.0,56.0,328.599,7461976897.0
183.698,93.0,91304.0,4015.0,56.0,326.168,7462008484.0
183.796,93.0,91304.0,4015.0,56.0,325.248,7462040221.0
183.895,93.0,91304.0,4015.0,56.0,325.248,7462072605.0
183.995,97.0,91304.0,4015.0,56.0,323.799,7462104400.0
184.097,97.0,91304.0,4015.0,56.0,321.485,7462133472.0
184.197,59.0,91304.0,4015.0,54.0,304.302,7462148200.0
184.297,59.0,91304.0,4015.0,53.0,285.276,7462175314.0
184.397,0.0,91304.0,4015.0,52.0,263.042,7462224749.0
184.497,93.0,91304.0,4015.0,57.0,315.449,7462290856.0
184.597,93.0,91304.0,4015.0,63.0,347.409,7462354949.0
184.697,100.0,91304.0,4015.0,65.0,383.289,7462422539.0
184.797,100.0,91304.0,4015.0,66.0,419.181,7462491047.0
184.897,100.0,91304.0,4015.0,67.0,452.936,7462559329.0
184.997,100.0,91304.0,4015.0,67.0,489.089,7462628317.0
185.097,100.0,91304.0,4015.0,68.0,549.073,7462697725.0
185.197,100.0,91304.0,4015.0,68.0,605.114,7462697725.0
185.297,100.0,91304.0,4015.0,69.0,649.558,7462767416.0
185.397,100.0,91304.0,4015.0,69.0,676.601,7462835147.0
185.497,100.0,91304.0,4015.0,69.0,678.716,7462903846.0
185.597,100.0,91304.0,4015.0,69.0,683.588,7462971830.0
185.697,100.0,91304.0,4015.0,69.0,683.367,7463040281.0
185.797,100.0,91304.0,4015.0,69.0,683.636,7463108478.0
185.897,100.0,91304.0,4015.0,70.0,684.327,7463176160.0
185.997,100.0,91304.0,4015.0,70.0,681.314,7463309111.0
186.097,100.0,91304.0,4015.0,71.0,680.718,7463376788.0
186.197,100.0,91304.0,4015.0,71.0,680.718,7463444944.0
186.297,100.0,91304.0,4015.0,71.0,679.436,7463513041.0
186.397,100.0,91304.0,4015.0,71.0,679.07,7463581189.0
186.497,100.0,91304.0,4015.0,71.0,679.773,7463649174.0
186.597,100.0,91304.0,4015.0,72.0,679.529,7463718268.0
186.697,100.0,91304.0,4015.0,72.0,679.867,7463786221.0
186.795,100.0,91304.0,4015.0,72.0,678.94,7463855848.0
186.897,100.0,91304.0,4015.0,72.0,680.051,7463926250.0
186.997,100.0,91304.0,4015.0,72.0,680.86,7463995882.0
187.097,100.0,91304.0,4015.0,72.0,684.838,7463995882.0
187.197,100.0,91304.0,4015.0,72.0,686.559,7464065977.0
187.297,100.0,91304.0,4015.0,72.0,686.893,7464135221.0
187.396,100.0,91304.0,4015.0,73.0,686.706,7464204499.0
187.497,100.0,91304.0,4015.0,72.0,686.415,7464272013.0
187.597,92.0,91304.0,4015.0,73.0,678.558,7464333072.0
187.696,92.0,91304.0,4015.0,71.0,679.061,7464401176.0
187.796,100.0,91304.0,4015.0,71.0,680.839,7464470103.0
187.897,100.0,91304.0,4015.0,72.0,679.796,7464539343.0
187.997,100.0,91304.0,4015.0,72.0,678.531,7464675620.0
188.097,100.0,91304.0,4015.0,72.0,676.343,7464744619.0
188.197,100.0,91304.0,4015.0,72.0,676.764,7464814088.0
188.297,100.0,91304.0,4015.0,72.0,677.517,7464883581.0
188.397,100.0,91304.0,4015.0,72.0,678.399,7464953140.0
188.497,100.0,91304.0,4015.0,72.0,687.896,7465022821.0
188.597,100.0,91304.0,4015.0,72.0,688.204,7465090880.0
188.697,100.0,91304.0,4015.0,72.0,686.923,7465159404.0
188.797,100.0,91304.0,4015.0,72.0,687.224,7465229346.0
188.896,100.0,91304.0,4015.0,72.0,687.283,7465229346.0
188.997,100.0,91304.0,4015.0,70.0,671.451,7465298088.0
189.097,98.0,91304.0,4015.0,68.0,652.569,7465354859.0
189.197,98.0,91304.0,4015.0,67.0,625.097,7465401437.0
189.297,97.0,91304.0,4015.0,66.0,601.57,7465446760.0
189.397,97.0,91304.0,4015.0,65.0,576.083,7465536046.0
189.497,97.0,91304.0,4015.0,65.0,552.519,7465581290.0
189.597,97.0,91304.0,4015.0,65.0,552.519,7465624591.0
189.697,97.0,91304.0,4015.0,64.0,526.829,7465669102.0
189.797,97.0,91304.0,4015.0,64.0,504.484,7465712183.0
189.897,97.0,91304.0,4015.0,64.0,478.492,7465755896.0
189.995,97.0,91304.0,4015.0,64.0,454.884,7465797535.0
190.096,97.0,91304.0,4015.0,63.0,440.086,7465838586.0
190.197,97.0,91304.0,4015.0,63.0,435.615,7465879474.0
190.296,97.0,91304.0,4015.0,62.0,430.653,7465919061.0
190.397,97.0,91304.0,4015.0,62.0,426.002,7465958837.0
190.497,97.0,91304.0,4015.0,62.0,421.486,7465999046.0
190.597,95.0,91304.0,4015.0,62.0,416.626,7466038579.0
190.697,95.0,91304.0,4015.0,61.0,414.565,7466078860.0
190.797,96.0,91304.0,4015.0,61.0,408.961,7466117904.0
190.897,96.0,91304.0,4015.0,61.0,405.546,7466117904.0
190.996,98.0,91304.0,4015.0,60.0,400.288,7466155746.0
191.097,98.0,91304.0,4015.0,60.0,395.174,7466192945.0
191.197,96.0,91304.0,4015.0,59.0,390.416,7466229794.0
191.296,97.0,91304.0,4015.0,59.0,381.452,7466265479.0
191.397,97.0,91304.0,4015.0,59.0,377.591,7466301078.0
191.497,98.0,91304.0,4015.0,59.0,372.814,7466337106.0
191.597,98.0,91304.0,4015.0,58.0,366.188,7466372684.0
191.697,97.0,91304.0,4015.0,58.0,360.164,7466406302.0
191.797,97.0,91304.0,4015.0,58.0,354.927,7466473779.0
191.897,97.0,91304.0,4015.0,58.0,351.206,7466507071.0
191.997,97.0,91304.0,4015.0,58.0,351.206,7466541108.0
192.097,97.0,91304.0,4015.0,58.0,347.324,7466574091.0
192.198,98.0,91304.0,4015.0,57.0,343.596,7466607584.0
192.297,98.0,91304.0,4015.0,57.0,341.274,7466640528.0
192.396,97.0,91304.0,4015.0,57.0,338.53,7466673691.0
192.497,97.0,91304.0,4015.0,57.0,334.802,7466705974.0
192.597,98.0,91304.0,4015.0,57.0,332.616,7466739409.0
192.697,98.0,91304.0,4015.0,57.0,332.365,7466772334.0
192.797,97.0,91304.0,4015.0,57.0,333.073,7466805756.0
192.897,97.0,91304.0,4015.0,57.0,333.064,7466839625.0
192.997,97.0,91304.0,4015.0,57.0,332.445,7466839625.0
193.097,97.0,91304.0,4015.0,57.0,332.442,7466872831.0
193.196,99.0,91304.0,4015.0,57.0,332.025,7466906111.0
193.297,99.0,91304.0,4015.0,56.0,331.948,7466939234.0
193.396,97.0,91304.0,4015.0,56.0,331.822,7466972164.0
193.497,97.0,91304.0,4015.0,56.0,333.841,7467005616.0
193.597,97.0,91304.0,4015.0,56.0,333.301,7467039284.0
193.696,97.0,91304.0,4015.0,56.0,333.41,7467072006.0
193.795,98.0,91304.0,4015.0,56.0,332.397,7467104794.0
193.897,0.0,91304.0,4015.0,54.0,301.328,7467149672.0
193.997,0.0,91304.0,4015.0,53.0,283.246,7467163322.0
194.097,4.0,91304.0,4015.0,52.0,277.145,7467176927.0
194.196,4.0,91304.0,4015.0,59.0,310.639,7467231439.0
194.297,4.0,91304.0,4015.0,59.0,310.639,7467295927.0
194.397,91.0,91304.0,4015.0,63.0,342.672,7467361952.0
194.497,91.0,91304.0,4015.0,64.0,375.808,7467429884.0
194.597,100.0,91304.0,4015.0,65.0,411.219,7467497824.0
194.697,100.0,91304.0,4015.0,67.0,446.897,7467565327.0
194.797,100.0,91304.0,4015.0,67.0,482.897,7467633804.0
194.897,100.0,91304.0,4015.0,68.0,539.884,7467633804.0
194.997,100.0,91304.0,4015.0,68.0,582.439,7467701386.0
195.097,100.0,91304.0,4015.0,68.0,636.283,7467768699.0
195.197,100.0,91304.0,4015.0,69.0,677.323,7467837564.0
195.297,100.0,91304.0,4015.0,69.0,679.381,7467906407.0
195.397,100.0,91304.0,4015.0,70.0,682.536,7467973300.0
195.497,100.0,91304.0,4015.0,70.0,682.999,7468041065.0
195.597,100.0,91304.0,4015.0,70.0,681.446,7468109214.0
195.697,100.0,91304.0,4015.0,70.0,683.012,7468243509.0
195.797,100.0,91304.0,4015.0,70.0,683.202,7468309548.0
195.897,100.0,91304.0,4015.0,71.0,678.395,7468379122.0
195.997,100.0,91304.0,4015.0,71.0,679.211,7468448279.0
196.095,100.0,91304.0,4015.0,71.0,680.311,7468516916.0
196.196,100.0,91304.0,4015.0,71.0,679.327,7468586776.0
196.296,100.0,91304.0,4015.0,71.0,678.771,7468655009.0
196.397,100.0,91304.0,4015.0,72.0,679.186,7468723258.0
196.497,100.0,91304.0,4015.0,72.0,679.398,7468791789.0
196.597,100.0,91304.0,4015.0,72.0,678.532,7468859554.0
196.697,100.0,91304.0,4015.0,72.0,678.532,7468926706.0
196.797,100.0,91304.0,4015.0,72.0,678.234,7468926706.0
196.897,100.0,91304.0,4015.0,72.0,684.278,7468995205.0
196.996,100.0,91304.0,4015.0,72.0,684.429,7469064175.0
197.097,100.0,91304.0,4015.0,72.0,683.29,7469131856.0
197.197,100.0,91304.0,4015.0,72.0,683.633,7469200320.0
197.297,100.0,91304.0,4015.0,69.0,680.054,7469269787.0
197.397,92.0,91304.0,4015.0,73.0,678.336,7469398075.0
197.497,92.0,91304.0,4015.0,71.0,677.816,7469463660.0
197.595,100.0,91304.0,4015.0,72.0,676.655,7469533136.0
197.696,100.0,91304.0,4015.0,72.0,676.854,7469601299.0
197.795,100.0,91304.0,4015.0,72.0,677.459,7469670844.0
197.896,100.0,91304.0,4015.0,72.0,675.189,7469738654.0
197.997,100.0,91304.0,4015.0,71.0,675.473,7469808283.0
198.096,100.0,91304.0,4015.0,72.0,676.966,7469878768.0
198.197,100.0,91304.0,4015.0,71.0,678.709,7469946456.0
198.297,100.0,91304.0,4015.0,73.0,682.362,7470015052.0
198.398,100.0,91304.0,4015.0,72.0,685.247,7470083030.0
198.497,100.0,91304.0,4015.0,72.0,684.69,7470083030.0
198.596,100.0,91304.0,4015.0,72.0,685.099,7470152769.0
198.697,100.0,91304.0,4015.0,69.0,677.069,7470219931.0
198.796,97.0,91304.0,4015.0,67.0,653.533,7470267862.0
198.897,97.0,91304.0,4015.0,66.0,631.311,7470313292.0
198.997,97.0,91304.0,4015.0,65.0,606.106,7470356987.0
199.097,97.0,91304.0,4015.0,65.0,582.499,7470402532.0
199.197,97.0,91304.0,4015.0,64.0,559.076,7470445946.0
199.297,97.0,91304.0,4015.0,65.0,535.399,7470490967.0
199.397,97.0,91304.0,4015.0,64.0,510.519,7470534393.0
199.497,97.0,91304.0,4015.0,64.0,458.846,7470622889.0
199.597,97.0,91304.0,4015.0,63.0,442.454,7470665942.0
199.697,97.0,91304.0,4015.0,63.0,439.254,7470708468.0
199.797,97.0,91304.0,4015.0,63.0,439.254,7470751160.0
199.897,97.0,91304.0,4015.0,63.0,437.696,7470792837.0
199.997,97.0,91304.0,4015.0,62.0,434.77,7470833700.0
200.097,97.0,91304.0,4015.0,62.0,430.985,7470874765.0
200.196,97.0,91304.0,4015.0,62.0,426.584,7470914670.0
200.297,97.0,91304.0,4015.0,62.0,421.945,7470954986.0
200.397,98.0,91304.0,4015.0,62.0,420.184,7470995451.0
200.497,98.0,91304.0,4015.0,61.0,413.695,7471034452.0
200.596,96.0,91304.0,4015.0,61.0,409.227,7471073026.0
200.695,96.0,91304.0,4015.0,60.0,404.237,7471110657.0
200.797,96.0,91304.0,4015.0,60.0,399.487,7471146964.0
200.897,96.0,91304.0,4015.0,59.0,390.604,7471182392.0
200.997,97.0,91304.0,4015.0,59.0,386.011,7471182392.0
201.097,97.0,91304.0,4015.0,59.0,380.496,7471217720.0
201.197,96.0,91304.0,4015.0,59.0,376.14,7471253051.0
201.297,96.0,91304.0,4015.0,59.0,371.822,7471288997.0
201.397,98.0,91304.0,4015.0,58.0,365.19,7471324531.0
201.497,98.0,91304.0,4015.0,58.0,360.567,7471358881.0
201.597,97.0,91304.0,4015.0,58.0,355.838,7471393269.0
201.697,97.0,91304.0,4015.0,58.0,350.679,7471426887.0
201.797,97.0,91304.0,4015.0,57.0,348.398,7471460395.0
201.898,97.0,91304.0,4015.0,57.0,346.695,7471528145.0
201.997,99.0,91304.0,4015.0,57.0,344.04,7471560840.0
202.096,99.0,91304.0,4015.0,57.0,338.717,7471593241.0
202.197,97.0,91304.0,4015.0,57.0,338.717,7471625821.0
202.297,97.0,91304.0,4015.0,57.0,336.148,7471658513.0
202.397,97.0,91304.0,4015.0,57.0,333.102,7471691230.0
202.497,97.0,91304.0,4015.0,57.0,332.118,7471724298.0
202.597,97.0,91304.0,4015.0,57.0,330.896,7471757166.0
202.697,97.0,91304.0,4015.0,57.0,330.393,7471790206.0
202.797,97.0,91304.0,4015.0,57.0,329.034,7471822788.0
202.896,97.0,91304.0,4015.0,56.0,328.111,7471855027.0
202.996,99.0,91304.0,4015.0,56.0,327.9,7471886179.0
203.096,99.0,91304.0,4015.0,55.0,315.665,7471901530.0
203.197,0.0,91304.0,4015.0,53.0,296.756,7471915259.0
203.297,0.0,91304.0,4015.0,53.0,276.601,7471928912.0
203.397,9.0,91304.0,4015.0,59.0,283.888,7471928912.0
203.497,9.0,91304.0,4015.0,60.0,311.359,7471987264.0
203.597,89.0,91304.0,4015.0,66.0,345.27,7472047357.0
203.696,89.0,91304.0,4015.0,67.0,379.915,7472116585.0
203.797,100.0,91304.0,4015.0,68.0,413.839,7472184249.0
203.897,100.0,91304.0,4015.0,68.0,453.284,7472252335.0
203.997,100.0,91304.0,4015.0,69.0,486.808,7472321304.0
204.097,100.0,91304.0,4015.0,69.0,537.65,7472389092.0
204.196,100.0,91304.0,4015.0,69.0,590.169,7472525857.0
204.297,100.0,91304.0,4015.0,70.0,634.912,7472593706.0
204.397,100.0,91304.0,4015.0,70.0,673.683,7472662103.0
204.497,100.0,91304.0,4015.0,70.0,678.161,7472730837.0
204.597,100.0,91304.0,4015.0,70.0,684.292,7472800159.0
204.697,100.0,91304.0,4015.0,70.0,684.589,7472867525.0
204.797,100.0,91304.0,4015.0,70.0,684.589,7472935952.0
204.897,100.0,91304.0,4015.0,71.0,684.449,7473003903.0
204.997,98.0,91304.0,4015.0,69.0,678.475,7473065101.0
205.097,98.0,91304.0,4015.0,70.0,678.442,7473133692.0
205.197,100.0,91304.0,4015.0,71.0,680.037,7473203238.0
205.297,100.0,91304.0,4015.0,71.0,681.41,7473203238.0
205.397,100.0,91304.0,4015.0,71.0,682.494,7473271742.0
205.497,100.0,91304.0,4015.0,71.0,681.068,7473339846.0
205.597,100.0,91304.0,4015.0,71.0,681.792,7473410646.0
205.697,100.0,91304.0,4015.0,71.0,683.115,7473477853.0
205.796,100.0,91304.0,4015.0,71.0,681.31,7473547481.0
205.896,100.0,91304.0,4015.0,71.0,682.791,7473615454.0
205.997,100.0,91304.0,4015.0,71.0,689.922,7473684801.0
206.097,100.0,91304.0,4015.0,71.0,690.545,7473753318.0
206.197,100.0,91304.0,4015.0,71.0,691.246,7473889803.0
206.297,100.0,91304.0,4015.0,71.0,690.502,7473956949.0
206.397,100.0,91304.0,4015.0,71.0,690.662,7474021686.0
206.497,100.0,91304.0,4015.0,72.0,685.163,7474088477.0
206.597,100.0,91304.0,4015.0,72.0,684.912,7474157422.0
206.697,100.0,91304.0,4015.0,72.0,683.779,7474225749.0
206.797,100.0,91304.0,4015.0,72.0,683.184,7474294045.0
206.897,100.0,91304.0,4015.0,72.0,683.232,7474363456.0
206.997,100.0,91304.0,4015.0,72.0,682.691,7474430982.0
207.097,100.0,91304.0,4015.0,72.0,682.691,7474498387.0
207.197,100.0,91304.0,4015.0,72.0,680.804,7474566727.0
207.296,100.0,91304.0,4015.0,72.0,681.081,7474635456.0
207.397,100.0,91304.0,4015.0,72.0,681.313,7474703690.0
207.497,100.0,91304.0,4015.0,72.0,684.861,7474703690.0
207.597,96.0,91304.0,4015.0,69.0,670.04,7474771581.0
207.697,96.0,91304.0,4015.0,67.0,646.99,7474818988.0
207.797,94.0,91304.0,4015.0,66.0,623.965,7474864605.0
207.896,94.0,91304.0,4015.0,65.0,599.635,7474908209.0
207.996,94.0,91304.0,4015.0,65.0,574.648,7474953045.0
208.098,94.0,91304.0,4015.0,65.0,552.231,7474996823.0
208.197,94.0,91304.0,4015.0,65.0,528.275,7475040479.0
208.298,94.0,91304.0,4015.0,64.0,499.254,7475084095.0
208.397,94.0,91304.0,4015.0,64.0,475.156,7475171878.0
208.497,94.0,91304.0,4015.0,63.0,454.586,7475214637.0
208.597,94.0,91304.0,4015.0,63.0,439.373,7475257752.0
208.697,94.0,91304.0,4015.0,63.0,436.184,7475300097.0
208.796,94.0,91304.0,4015.0,63.0,432.377,7475341446.0
208.897,94.0,91304.0,4015.0,62.0,430.575,7475381836.0
208.997,94.0,91304.0,4015.0,62.0,430.575,7475423285.0
209.097,95.0,91304.0,4015.0,62.0,425.244,7475463996.0
209.197,95.0,91304.0,4015.0,62.0,420.378,7475504865.0
209.297,95.0,91304.0,4015.0,61.0,418.301,7475545066.0
209.397,98.0,91304.0,4015.0,61.0,413.619,7475584690.0
209.497,98.0,91304.0,4015.0,60.0,410.417,7475623597.0
209.597,96.0,91304.0,4015.0,60.0,407.036,7475661520.0
209.697,96.0,91304.0,4015.0,60.0,401.339,7475698268.0
209.797,96.0,91304.0,4015.0,59.0,396.759,7475735035.0
209.897,96.0,91304.0,4015.0,59.0,390.444,7475735035.0
209.997,98.0,91304.0,4015.0,59.0,385.639,7475770911.0
210.097,98.0,91304.0,4015.0,59.0,379.503,7475806255.0
210.197,96.0,91304.0,4015.0,58.0,372.572,7475841280.0
210.297,96.0,91304.0,4015.0,58.0,364.921,7475875137.0
210.397,98.0,91304.0,4015.0,58.0,361.315,7475909279.0
210.497,98.0,91304.0,4015.0,58.0,355.943,7475943590.0
210.598,97.0,91304.0,4015.0,58.0,352.087,7475978248.0
210.697,97.0,91304.0,4015.0,57.0,348.29,7476012679.0
210.797,97.0,91304.0,4015.0,57.0,345.187,7476079976.0
210.897,97.0,91304.0,4015.0,57.0,342.907,7476112970.0
210.997,98.0,91304.0,4015.0,57.0,340.23,7476145937.0
211.097,98.0,91304.0,4015.0,57.0,338.982,7476179488.0
211.197,98.0,91304.0,4015.0,57.0,336.78,7476212001.0
211.297,97.0,91304.0,4015.0,57.0,336.78,7476244516.0
211.397,97.0,91304.0,4015.0,57.0,336.037,7476277306.0
211.497,97.0,91304.0,4015.0,57.0,334.355,7476309695.0
211.597,97.0,91304.0,4015.0,57.0,332.569,7476342002.0
211.697,98.0,91304.0,4015.0,57.0,329.112,7476374714.0
211.796,97.0,91304.0,4015.0,56.0,328.129,7476407358.0
211.897,97.0,91304.0,4015.0,56.0,327.332,7476439491.0
211.997,99.0,91304.0,4015.0,56.0,326.263,7476439491.0
212.097,99.0,91304.0,4015.0,56.0,325.327,7476471948.0
212.197,97.0,91304.0,4015.0,56.0,324.419,7476504279.0
212.297,97.0,91304.0,4015.0,56.0,323.884,7476536210.0
212.397,97.0,91304.0,4015.0,56.0,323.06,7476568255.0
212.498,97.0,91304.0,4015.0,56.0,321.873,7476600160.0
212.597,98.0,91304.0,4015.0,56.0,321.553,7476631918.0
212.697,98.0,91304.0,4015.0,56.0,320.866,7476664058.0
212.797,97.0,91304.0,4015.0,56.0,320.315,7476728220.0
212.897,97.0,91304.0,4015.0,56.0,320.258,7476760059.0
212.997,99.0,91304.0,4015.0,56.0,319.697,7476791833.0
213.097,99.0,91304.0,4015.0,56.0,319.162,7476823962.0
213.197,97.0,91304.0,4015.0,56.0,319.453,7476856013.0
213.297,97.0,91304.0,4015.0,56.0,319.068,7476888132.0
213.397,97.0,91304.0,4015.0,56.0,319.006,7476919773.0
213.497,97.0,91304.0,4015.0,56.0,319.006,7476951842.0
213.597,97.0,91304.0,4015.0,56.0,319.649,7476984015.0
213.697,97.0,91304.0,4015.0,56.0,319.837,7477016322.0
213.797,97.0,91304.0,4015.0,56.0,320.301,7477048548.0
213.897,97.0,91304.0,4015.0,56.0,320.492,7477080521.0
213.997,98.0,91304.0,4015.0,56.0,321.08,7477113037.0
214.097,98.0,91304.0,4015.0,56.0,321.027,7477144909.0
214.197,97.0,91304.0,4015.0,56.0,320.844,7477176953.0
214.297,97.0,91304.0,4015.0,56.0,320.189,7477176953.0
214.397,99.0,91304.0,4015.0,56.0,321.072,7477208740.0
214.497,99.0,91304.0,4015.0,56.0,321.28,7477241014.0
214.597,97.0,91304.0,4015.0,56.0,320.958,7477273415.0
214.697,97.0,91304.0,4015.0,56.0,321.002,7477305222.0
214.801,97.0,91304.0,4015.0,56.0,321.031,7477337590.0
214.898,97.0,91304.0,4015.0,56.0,320.638,7477369584.0
214.996,98.0,91304.0,4015.0,56.0,319.811,7477401637.0
215.097,98.0,91304.0,4015.0,56.0,320.551,7477465872.0
215.198,97.0,91304.0,4015.0,56.0,320.582,7477498142.0
215.298,97.0,91304.0,4015.0,56.0,321.262,7477530459.0
215.397,99.0,91304.0,4015.0,56.0,320.852,7477562532.0
215.497,99.0,91304.0,4015.0,55.0,321.081,7477594933.0
215.597,97.0,91304.0,4015.0,56.0,320.653,7477626644.0
215.697,97.0,91304.0,4015.0,56.0,320.344,7477658591.0
215.797,97.0,91304.0,4015.0,55.0,320.175,7477690564.0
215.897,97.0,91304.0,4015.0,56.0,320.687,7477722745.0
215.997,97.0,91304.0,4015.0,56.0,321.029,7477754770.0
216.097,97.0,91304.0,4015.0,56.0,320.752,7477786497.0
216.197,97.0,91304.0,4015.0,55.0,320.77,7477818770.0
216.297,97.0,91304.0,4015.0,56.0,320.789,7477850972.0
216.397,99.0,91304.0,4015.0,55.0,320.579,7477882923.0
216.497,99.0,91304.0,4015.0,55.0,320.611,7477915039.0
216.596,99.0,91304.0,4015.0,55.0,320.611,7477915039.0
216.697,97.0,91304.0,4015.0,56.0,320.129,7477946633.0
216.797,97.0,91304.0,4015.0,56.0,318.698,7477975869.0
216.897,57.0,91304.0,4015.0,54.0,302.284,7477990364.0
216.996,44.0,91304.0,4015.0,53.0,289.298,7478014305.0
217.097,44.0,91304.0,4015.0,61.0,335.634,7478069767.0
217.197,94.0,91304.0,4015.0,64.0,371.775,7478195684.0
217.297,94.0,91304.0,4015.0,64.0,403.387,7478261687.0
217.397,100.0,91304.0,4015.0,67.0,441.128,7478330649.0
217.497,100.0,91304.0,4015.0,66.0,475.462,7478398270.0
217.597,100.0,91304.0,4015.0,67.0,511.045,7478464738.0
217.696,100.0,91304.0,4015.0,68.0,548.574,7478532440.0
217.797,100.0,91304.0,4015.0,68.0,598.935,7478598869.0
217.897,100.0,91304.0,4015.0,68.0,650.156,7478666234.0
217.997,100.0,91304.0,4015.0,68.0,657.389,7478732875.0
218.097,100.0,91304.0,4015.0,70.0,672.275,7478800343.0
218.197,100.0,91304.0,4015.0,69.0,670.313,7478800343.0
218.297,100.0,91304.0,4015.0,68.0,666.854,7478866973.0
218.397,89.0,91304.0,4015.0,69.0,665.776,7478927421.0
218.496,89.0,91304.0,4015.0,70.0,667.141,7478996159.0
218.597,89.0,91304.0,4015.0,70.0,667.141,7479064497.0
218.697,100.0,91304.0,4015.0,70.0,668.261,7479132838.0
218.797,100.0,91304.0,4015.0,70.0,667.874,7479268440.0
218.897,100.0,91304.0,4015.0,70.0,669.401,7479336088.0
218.997,100.0,91304.0,4015.0,70.0,669.774,7479403261.0
219.097,100.0,91304.0,4015.0,70.0,672.982,7479471838.0
219.197,100.0,91304.0,4015.0,70.0,675.734,7479539471.0
219.297,100.0,91304.0,4015.0,70.0,681.682,7479606898.0
219.397,100.0,91304.0,4015.0,71.0,680.256,7479674549.0
219.497,100.0,91304.0,4015.0,70.0,680.932,7479741498.0
219.597,100.0,91304.0,4015.0,70.0,681.629,7479808700.0
219.697,100.0,91304.0,4015.0,71.0,681.394,7479876449.0
219.797,100.0,91304.0,4015.0,70.0,678.669,7479940898.0
219.897,100.0,91304.0,4015.0,71.0,678.164,7480008485.0
219.997,100.0,91304.0,4015.0,71.0,676.393,7480076167.0
220.097,100.0,91304.0,4015.0,71.0,676.58,7480076167.0
220.197,100.0,91304.0,4015.0,71.0,675.973,7480142591.0
220.297,100.0,91304.0,4015.0,71.0,675.634,7480211645.0
220.397,100.0,91304.0,4015.0,72.0,676.638,7480279072.0
220.496,100.0,91304.0,4015.0,72.0,678.164,7480348792.0
220.597,100.0,91304.0,4015.0,71.0,676.993,7480416851.0
220.697,100.0,91304.0,4015.0,71.0,676.993,7480483390.0
220.797,100.0,91304.0,4015.0,71.0,676.751,7480552130.0
220.897,100.0,91304.0,4015.0,72.0,680.179,7480619888.0
220.997,100.0,91304.0,4015.0,67.0,675.472,7480680634.0
221.097,96.0,91304.0,4015.0,67.0,653.859,7480770523.0
221.197,96.0,91304.0,4015.0,66.0,630.685,7480814408.0
221.297,97.0,91304.0,4015.0,66.0,581.619,7480858660.0
221.397,97.0,91304.0,4015.0,66.0,558.488,7480903351.0
221.497,97.0,91304.0,4015.0,65.0,536.971,7480947368.0
221.597,97.0,91304.0,4015.0,65.0,513.458,7480991222.0
221.697,97.0,91304.0,4015.0,64.0,489.258,7481034177.0
221.797,97.0,91304.0,4015.0,64.0,465.325,7481077515.0
221.897,97.0,91304.0,4015.0,64.0,439.084,7481119688.0
221.997,97.0,91304.0,4015.0,63.0,437.433,7481162951.0
222.097,97.0,91304.0,4015.0,63.0,434.397,7481204843.0
222.197,97.0,91304.0,4015.0,63.0,430.207,7481245110.0
222.297,97.0,91304.0,4015.0,62.0,425.919,7481284817.0
222.398,95.0,91304.0,4015.0,62.0,421.325,7481324430.0
222.497,95.0,91304.0,4015.0,61.0,419.076,7481366704.0
222.597,95.0,91304.0,4015.0,62.0,416.248,7481366704.0
222.697,95.0,91304.0,4015.0,61.0,414.179,7481406752.0
222.797,95.0,91304.0,4015.0,61.0,410.347,7481447277.0
222.897,95.0,91304.0,4015.0,61.0,410.347,7481487153.0
222.997,95.0,91304.0,4015.0,60.0,406.732,7481525649.0
223.097,98.0,91304.0,4015.0,60.0,401.616,7481564037.0
223.198,98.0,91304.0,4015.0,60.0,398.284,7481601662.0
223.297,96.0,91304.0,4015.0,59.0,394.687,7481673981.0
223.397,97.0,91304.0,4015.0,59.0,386.164,7481709455.0
223.497,97.0,91304.0,4015.0,59.0,380.747,7481745212.0
223.597,98.0,91304.0,4015.0,59.0,380.747,7481780542.0
223.697,98.0,91304.0,4015.0,58.0,367.922,7481814603.0
223.797,96.0,91304.0,4015.0,58.0,362.248,7481848992.0
223.897,96.0,91304.0,4015.0,58.0,358.524,7481883317.0
223.997,98.0,91304.0,4015.0,58.0,353.679,7481917333.0
224.097,98.0,91304.0,4015.0,58.0,351.133,7481951862.0
224.197,97.0,91304.0,4015.0,58.0,348.131,7481986244.0
224.297,97.0,91304.0,4015.0,58.0,346.852,7482020328.0
224.397,97.0,91304.0,4015.0,58.0,345.496,7482020328.0
224.497,97.0,91304.0,4015.0,57.0,343.72,7482054281.0
224.597,98.0,91304.0,4015.0,57.0,341.407,7482087770.0
224.697,98.0,91304.0,4015.0,57.0,340.863,7482121214.0
224.797,97.0,91304.0,4015.0,57.0,339.266,7482155278.0
224.897,97.0,91304.0,4015.0,57.0,336.919,7482188275.0
224.997,97.0,91304.0,4015.0,57.0,335.704,7482220279.0
225.097,97.0,91304.0,4015.0,57.0,333.411,7482252889.0
225.198,97.0,91304.0,4015.0,57.0,332.142,7482285696.0
225.297,97.0,91304.0,4015.0,57.0,330.276,7482351022.0
225.397,97.0,91304.0,4015.0,57.0,328.798,7482383563.0
225.497,97.0,91304.0,4015.0,57.0,325.462,7482411496.0
225.597,97.0,91304.0,4015.0,54.0,325.462,7482435646.0
225.697,48.0,91304.0,4015.0,62.0,310.029,7482495945.0
225.797,48.0,91304.0,4015.0,64.0,336.998,7482563260.0
225.897,94.0,91304.0,4015.0,65.0,368.753,7482629528.0
225.997,94.0,91304.0,4015.0,66.0,403.728,7482697276.0
226.096,100.0,91304.0,4015.0,67.0,439.256,7482765577.0
226.197,100.0,91304.0,4015.0,68.0,474.291,7482834450.0
226.296,100.0,91304.0,4015.0,69.0,544.488,7482901643.0
226.397,100.0,91304.0,4015.0,69.0,579.749,7482968663.0
226.497,100.0,91304.0,4015.0,69.0,617.171,7482968663.0
226.598,100.0,91304.0,4015.0,70.0,658.899,7483036468.0
226.697,100.0,91304.0,4015.0,69.0,665.395,7483102941.0
226.797,97.0,91304.0,4015.0,64.0,636.593,7483158491.0
226.897,97.0,91304.0,4015.0,62.0,607.518,7483194894.0
226.997,96.0,91304.0,4015.0,62.0,577.347,7483231133.0
227.097,96.0,91304.0,4015.0,62.0,546.697,7483267379.0
227.197,98.0,91304.0,4015.0,61.0,515.851,7483303958.0
227.297,98.0,91304.0,4015.0,60.0,486.181,7483377065.0
227.397,96.0,91304.0,4015.0,60.0,456.367,7483413449.0
227.497,96.0,91304.0,4015.0,60.0,425.093,7483450134.0
227.597,96.0,91304.0,4015.0,60.0,394.194,7483487109.0
227.697,96.0,91304.0,4015.0,59.0,394.194,7483523732.0
227.797,96.0,91304.0,4015.0,59.0,365.448,7483559289.0
227.897,98.0,91304.0,4015.0,59.0,364.487,7483594563.0
227.997,98.0,91304.0,4015.0,59.0,363.598,7483629392.0
228.097,97.0,91304.0,4015.0,59.0,361.984,7483664157.0
228.196,97.0,91304.0,4015.0,58.0,360.564,7483697650.0
228.297,97.0,91304.0,4015.0,58.0,357.932,7483731477.0
228.397,97.0,91304.0,4015.0,58.0,355.334,7483765271.0
228.497,97.0,91304.0,4015.0,58.0,349.791,7483799014.0
228.597,97.0,91304.0,4015.0,58.0,346.926,7483832684.0
228.697,97.0,91304.0,4015.0,57.0,343.261,7483865865.0
228.797,98.0,91304.0,4015.0,57.0,340.551,7483865865.0
228.896,98.0,91304.0,4015.0,57.0,338.735,7483898721.0
228.997,97.0,91304.0,4015.0,57.0,337.376,7483931832.0
229.096,97.0,91304.0,4015.0,57.0,335.355,7483965229.0
229.197,97.0,91304.0,4015.0,57.0,334.823,7483998836.0
229.297,97.0,91304.0,4015.0,57.0,334.708,7484031897.0
229.397,99.0,91304.0,4015.0,57.0,334.045,7484065512.0
229.497,99.0,91304.0,4015.0,57.0,332.682,7484098451.0
229.597,97.0,91304.0,4015.0,57.0,331.242,7484130858.0
229.695,97.0,91304.0,4015.0,57.0,329.698,7484195024.0
229.797,97.0,91304.0,4015.0,56.0,322.472,7484217867.0
229.897,97.0,91304.0,4015.0,54.0,303.349,7484231634.0
229.997,97.0,91304.0,4015.0,53.0,283.725,7484245519.0
230.097,0.0,91304.0,4015.0,53.0,283.725,7484258834.0
230.197,0.0,91304.0,4015.0,53.0,263.453,7484272286.0
230.298,0.0,91304.0,4015.0,52.0,245.783,7484285697.0
230.397,0.0,91304.0,4015.0,52.0,225.751,7484299043.0
230.497,0.0,91304.0,4015.0,52.0,203.877,7484312346.0
230.597,0.0,91304.0,4015.0,51.0,184.864,7484325645.0
230.697,0.0,91304.0,4015.0,51.0,168.556,7484338927.0
230.797,0.0,91304.0,4015.0,51.0,146.995,7484352208.0
230.897,0.0,91304.0,4015.0,51.0,134.655,7484365460.0
230.997,0.0,91304.0,4015.0,51.0,134.026,7484378709.0
231.097,0.0,91304.0,4015.0,51.0,133.605,7484391937.0
231.197,0.0,91304.0,4015.0,50.0,133.25,7484405155.0
231.297,0.0,91304.0,4015.0,50.0,132.994,7484418365.0
231.397,0.0,91304.0,4015.0,50.0,132.773,7484431560.0
231.497,0.0,91304.0,4015.0,50.0,132.635,7484431560.0
231.597,0.0,91304.0,4015.0,50.0,132.504,7484444755.0
231.697,0.0,91304.0,4015.0,50.0,132.385,7484457928.0
231.797,0.0,91304.0,4015.0,50.0,132.277,7484471104.0
231.897,0.0,91304.0,4015.0,50.0,132.04,7484484258.0
231.996,0.0,91304.0,4015.0,50.0,131.935,7484497405.0
232.097,0.0,91304.0,4015.0,50.0,131.851,7484510560.0
232.197,0.0,91304.0,4015.0,50.0,131.78,7484523702.0
232.297,0.0,91304.0,4015.0,50.0,131.686,7484536820.0
232.397,0.0,91304.0,4015.0,50.0,131.623,7484549964.0
232.497,0.0,91304.0,4015.0,49.0,131.575,7484563097.0
232.597,0.0,91304.0,4015.0,49.0,131.534,7484576227.0
232.697,0.0,91304.0,4015.0,49.0,131.469,7484602497.0
232.797,0.0,91304.0,4015.0,49.0,131.443,7484615621.0
232.897,0.0,91304.0,4015.0,49.0,131.42,7484628740.0
232.997,0.0,91304.0,4015.0,49.0,131.381,7484641850.0
233.098,0.0,91304.0,4015.0,49.0,131.353,7484654977.0
233.197,0.0,91304.0,4015.0,49.0,131.353,7484668107.0
233.297,0.0,91304.0,4015.0,49.0,131.314,7484681201.0
233.397,0.0,91304.0,4015.0,49.0,131.303,7484694329.0
233.497,0.0,91304.0,4015.0,49.0,131.266,7484707427.0
233.597,0.0,91304.0,4015.0,49.0,131.222,7484720530.0
233.697,0.0,91304.0,4015.0,49.0,131.209,7484733638.0
233.797,0.0,91304.0,4015.0,49.0,131.189,7484746734.0
233.897,0.0,91304.0,4015.0,49.0,131.146,7484759810.0
233.997,0.0,91304.0,4015.0,49.0,131.121,7484772905.0
234.097,0.0,91304.0,4015.0,49.0,131.084,7484786010.0
234.197,0.0,91304.0,4015.0,49.0,131.063,7484799101.0
234.297,0.0,91304.0,4015.0,49.0,131.063,7484812204.0
234.397,0.0,91304.0,4015.0,49.0,131.066,7484825296.0
234.497,0.0,91304.0,4015.0,49.0,131.027,7484838362.0
234.598,0.0,91304.0,4015.0,49.0,130.989,7484838362.0
234.697,0.0,91304.0,4015.0,49.0,130.979,7484851447.0
234.797,0.0,91304.0,4015.0,49.0,130.96,7484864521.0
234.897,0.0,91304.0,4015.0,49.0,130.921,7484877595.0
234.996,0.0,91304.0,4015.0,49.0,130.921,7484890676.0
235.097,0.0,91304.0,4015.0,49.0,130.888,7484903748.0
235.197,0.0,91304.0,4015.0,49.0,130.88,7484916824.0
235.297,0.0,91304.0,4015.0,49.0,130.829,7484929898.0
235.398,0.0,91304.0,4015.0,49.0,130.821,7484942956.0
235.498,0.0,91304.0,4015.0,49.0,130.835,7484956032.0
235.597,0.0,91304.0,4015.0,49.0,130.799,7484969108.0
235.697,0.0,91304.0,4015.0,49.0,130.778,7484995243.0
235.797,0.0,91304.0,4015.0,49.0,130.784,7485008323.0
235.897,0.0,91304.0,4015.0,49.0,130.778,7485021381.0
235.997,0.0,91304.0,4015.0,49.0,130.769,7485034452.0
236.097,0.0,91304.0,4015.0,49.0,130.758,7485047522.0
236.197,0.0,91304.0,4015.0,49.0,130.724,7485060578.0
236.297,0.0,91304.0,4015.0,49.0,130.747,7485073654.0
236.397,0.0,91304.0,4015.0,49.0,130.725,7485086701.0
236.497,0.0,91304.0,4015.0,49.0,130.712,7485099757.0
236.597,0.0,91304.0,4015.0,49.0,130.713,7485112826.0
236.697,0.0,91304.0,4015.0,49.0,130.697,7485125875.0
236.797,0.0,91304.0,4015.0,49.0,130.697,7485138942.0
236.897,0.0,91304.0,4015.0,49.0,130.683,7485152001.0
236.996,0.0,91304.0,4015.0,49.0,130.664,7485165069.0
237.097,0.0,91304.0,4015.0,49.0,130.665,7485178123.0
237.197,0.0,91304.0,4015.0,49.0,130.678,7485191232.0
237.297,0.0,91304.0,4015.0,49.0,130.648,7485204221.0
237.397,0.0,91304.0,4015.0,49.0,130.641,7485217279.0
237.497,0.0,91304.0,4015.0,49.0,130.641,7485230333.0
237.597,0.0,91304.0,4015.0,49.0,130.628,7485230333.0
237.697,0.0,91304.0,4015.0,49.0,130.618,7485243382.0
237.798,0.0,91304.0,4015.0,49.0,130.607,7485256419.0
237.897,0.0,91304.0,4015.0,49.0,130.574,7485269464.0
238.000,0.0,91304.0,4015.0,49.0,130.574,7485282516.0
238.097,0.0,91304.0,4015.0,49.0,130.563,7485295557.0
238.197,0.0,91304.0,4015.0,49.0,130.551,7485308612.0
238.296,0.0,91304.0,4015.0,49.0,130.557,7485321663.0
238.397,0.0,91304.0,4015.0,49.0,130.551,7485334716.0
238.497,0.0,91304.0,4015.0,49.0,130.563,7485347756.0
238.597,0.0,91304.0,4015.0,49.0,130.57,7485360818.0
238.697,0.0,91304.0,4015.0,49.0,130.58,7485373875.0
238.797,0.0,91304.0,4015.0,49.0,130.595,7485399986.0
238.897,0.0,91304.0,4015.0,49.0,130.598,7485413038.0
238.997,0.0,91304.0,4015.0,49.0,130.587,7485426074.0
239.097,0.0,91304.0,4015.0,49.0,130.59,7485439126.0
239.198,0.0,91304.0,4015.0,49.0,130.593,7485452185.0
239.297,0.0,91304.0,4015.0,49.0,130.573,7485465221.0
239.397,0.0,91304.0,4015.0,49.0,130.58,7485478275.0
239.497,0.0,91304.0,4015.0,49.0,130.555,7485491310.0
239.597,0.0,91304.0,4015.0,49.0,130.536,7485504349.0
239.697,0.0,91304.0,4015.0,49.0,130.535,7485517390.0
239.798,0.0,91304.0,4015.0,49.0,130.535,7485530428.0
239.897,0.0,91304.0,4015.0,49.0,130.525,7485543473.0
239.997,0.0,91304.0,4015.0,49.0,130.537,7485556521.0
240.098,0.0,91304.0,4015.0,49.0,130.521,7485569561.0
240.197,0.0,91304.0,4015.0,49.0,130.515,7485582608.0
240.297,0.0,91304.0,4015.0,49.0,130.53,7485595657.0
240.397,0.0,91304.0,4015.0,49.0,130.512,7485608700.0
240.497,0.0,91304.0,4015.0,49.0,130.515,7485621742.0
240.597,0.0,91304.0,4015.0,49.0,130.523,7485634794.0
240.698,0.0,91304.0,4015.0,49.0,130.514,7485647823.0
240.797,0.0,91304.0,4015.0,49.0,130.518,7485647823.0
240.897,0.0,91304.0,4015.0,49.0,130.489,7485660880.0
240.997,0.0,91304.0,4015.0,49.0,130.475,7485673909.0
241.097,0.0,91304.0,4015.0,49.0,130.485,7485686951.0
241.196,0.0,91304.0,4015.0,49.0,130.467,7485699988.0
241.296,0.0,91304.0,4015.0,49.0,130.464,7485713020.0
241.397,0.0,91304.0,4015.0,49.0,130.469,7485726063.0
241.497,0.0,91304.0,4015.0,49.0,130.449,7485739096.0
241.597,0.0,91304.0,4015.0,48.0,130.439,7485752134.0
241.697,0.0,91304.0,4015.0,49.0,130.433,7485765160.0
241.797,0.0,91304.0,4015.0,48.0,130.406,7485778205.0
241.897,0.0,91304.0,4015.0,48.0,130.433,7485791216.0
241.997,0.0,91304.0,4015.0,48.0,130.449,7485817307.0
242.097,0.0,91304.0,4015.0,48.0,130.425,7485830341.0
242.197,0.0,91304.0,4015.0,48.0,130.43,7485843378.0
242.297,0.0,91304.0,4015.0,48.0,130.43,7485856410.0
242.397,0.0,91304.0,4015.0,48.0,130.442,7485869448.0
242.497,0.0,91304.0,4015.0,48.0,130.438,7485882487.0
242.597,0.0,91304.0,4015.0,48.0,130.434,7485895518.0
242.697,0.0,91304.0,4015.0,48.0,130.42,7485908548.0
242.797,0.0,91304.0,4015.0,48.0,130.429,7485921593.0
242.897,0.0,91304.0,4015.0,48.0,130.442,7485934618.0
242.997,0.0,91304.0,4015.0,48.0,130.426,7485947675.0
243.097,0.0,91304.0,4015.0,48.0,130.439,7485960704.0
243.197,0.0,91304.0,4015.0,48.0,130.432,7485973723.0
243.297,0.0,91304.0,4015.0,48.0,130.414,7485986751.0
243.397,0.0,91304.0,4015.0,48.0,130.396,7485999773.0
243.500,0.0,91304.0,4015.0,48.0,130.382,7486012815.0
243.597,0.0,91304.0,4015.0,48.0,130.397,7486025876.0
243.697,0.0,91304.0,4015.0,48.0,130.424,7486038892.0
243.797,0.0,91304.0,4015.0,48.0,130.415,7486051934.0
243.897,0.0,91304.0,4015.0,48.0,130.424,7486064966.0
243.997,0.0,91304.0,4015.0,48.0,130.394,7486064966.0
244.097,0.0,91304.0,4015.0,48.0,130.397,7486077997.0
244.197,0.0,91304.0,4015.0,48.0,130.406,7486091028.0
244.297,0.0,91304.0,4015.0,48.0,130.404,7486104062.0
244.395,0.0,91304.0,4015.0,48.0,130.429,7486117093.0
244.496,0.0,91304.0,4015.0,48.0,130.429,7486130142.0
244.595,0.0,91304.0,4015.0,48.0,130.392,7486143183.0
244.697,0.0,91304.0,4015.0,48.0,130.413,7486156205.0
244.797,0.0,91304.0,4015.0,48.0,130.411,7486169238.0
244.896,0.0,91304.0,4015.0,48.0,130.401,7486182266.0
244.997,0.0,91304.0,4015.0,48.0,130.41,7486195297.0
245.097,0.0,91304.0,4015.0,48.0,130.394,7486208336.0
245.197,0.0,91304.0,4015.0,48.0,130.404,7486234403.0
245.297,0.0,91304.0,4015.0,48.0,130.411,7486247429.0
245.398,0.0,91304.0,4015.0,48.0,130.411,7486260453.0
245.497,0.0,91304.0,4015.0,48.0,130.389,7486273488.0
245.597,0.0,91304.0,4015.0,48.0,130.399,7486286523.0
245.697,0.0,91304.0,4015.0,48.0,130.396,7486299543.0
245.797,0.0,91304.0,4015.0,48.0,130.376,7486312567.0
245.897,0.0,91304.0,4015.0,48.0,130.361,7486325589.0
245.997,0.0,91304.0,4015.0,48.0,130.369,7486338619.0
246.097,0.0,91304.0,4015.0,48.0,130.36,7486351658.0
246.197,0.0,91304.0,4015.0,48.0,130.361,7486364681.0
246.297,0.0,91304.0,4015.0,48.0,130.351,7486377714.0
246.397,0.0,91304.0,4015.0,48.0,130.358,7486390747.0
246.497,0.0,91304.0,4015.0,48.0,130.36,7486403767.0
246.597,0.0,91304.0,4015.0,48.0,130.347,7486416806.0
246.697,0.0,91304.0,4015.0,48.0,130.364,7486429839.0
246.797,0.0,91304.0,4015.0,48.0,130.36,7486442864.0
246.897,0.0,91304.0,4015.0,48.0,130.375,7486455884.0
246.997,0.0,91304.0,4015.0,48.0,130.368,7486468905.0
247.097,0.0,91304.0,4015.0,48.0,130.35,7486468905.0
247.197,0.0,91304.0,4015.0,48.0,130.352,7486481933.0
247.297,0.0,91304.0,4015.0,48.0,130.347,7486494955.0
247.397,0.0,91304.0,4015.0,48.0,130.352,7486507985.0
247.497,0.0,91304.0,4015.0,48.0,130.355,7486521017.0
247.597,0.0,91304.0,4015.0,48.0,130.328,7486534026.0
247.697,0.0,91304.0,4015.0,48.0,130.328,7486547040.0
247.797,0.0,91304.0,4015.0,48.0,130.34,7486560070.0
247.897,0.0,91304.0,4015.0,48.0,130.352,7486573103.0
247.997,0.0,91304.0,4015.0,48.0,130.376,7486586137.0
248.097,0.0,91304.0,4015.0,48.0,130.362,7486599183.0
248.196,0.0,91304.0,4015.0,48.0,130.359,7486612205.0
248.297,0.0,91304.0,4015.0,48.0,130.355,7486638253.0
248.397,0.0,91304.0,4015.0,48.0,130.342,7486651264.0
248.497,0.0,91304.0,4015.0,48.0,130.335,7486664287.0
248.597,0.0,91304.0,4015.0,48.0,130.335,7486677322.0
248.697,0.0,91304.0,4015.0,48.0,130.347,7486690325.0
248.797,0.0,91304.0,4015.0,48.0,130.326,7486703350.0
248.897,0.0,91304.0,4015.0,48.0,130.294,7486716373.0
248.997,0.0,91304.0,4015.0,48.0,130.272,7486729388.0
249.097,0.0,91304.0,4015.0,48.0,130.275,7486742428.0
249.197,0.0,91304.0,4015.0,48.0,130.283,7486755448.0
249.297,0.0,91304.0,4015.0,48.0,130.293,7486768461.0
249.397,0.0,91304.0,4015.0,48.0,130.29,7486781485.0
249.496,0.0,91304.0,4015.0,48.0,130.29,7486794501.0
249.597,0.0,91304.0,4015.0,48.0,130.302,7486807509.0
249.698,0.0,91304.0,4015.0,48.0,130.28,7486820533.0
249.797,0.0,91304.0,4015.0,48.0,130.286,7486833539.0
249.896,0.0,91304.0,4015.0,48.0,130.298,7486846574.0
249.996,0.0,91304.0,4015.0,48.0,130.292,7486859597.0
250.097,0.0,91304.0,4015.0,48.0,130.295,7486872617.0
250.197,0.0,91304.0,4015.0,48.0,130.281,7486885647.0
250.297,0.0,91304.0,4015.0,48.0,130.275,7486885647.0
250.397,0.0,91304.0,4015.0,48.0,130.286,7486898677.0
250.497,0.0,91304.0,4015.0,48.0,130.274,7486911688.0
250.597,0.0,91304.0,4015.0,48.0,130.263,7486924703.0
250.697,0.0,91304.0,4015.0,48.0,130.292,7486937719.0
250.797,0.0,91304.0,4015.0,48.0,130.277,7486950741.0
250.897,0.0,91304.0,4015.0,48.0,130.285,7486963769.0
250.996,0.0,91304.0,4015.0,48.0,130.319,7486976802.0
251.097,0.0,91304.0,4015.0,48.0,130.312,7486989842.0
251.196,0.0,91304.0,4015.0,48.0,130.31,7487002849.0
251.297,0.0,91304.0,4015.0,48.0,130.327,7487015880.0
251.397,0.0,91304.0,4015.0,48.0,130.309,7487028911.0
251.497,0.0,91304.0,4015.0,48.0,130.315,7487054949.0
251.598,0.0,91304.0,4015.0,48.0,130.316,7487067966.0
251.697,0.0,91304.0,4015.0,48.0,130.309,7487080981.0
251.797,0.0,91304.0,4015.0,48.0,130.301,7487094003.0
251.897,0.0,91304.0,4015.0,48.0,130.254,7487107013.0
251.997,0.0,91304.0,4015.0,48.0,130.237,7487120014.0
252.097,0.0,91304.0,4015.0,48.0,130.247,7487133036.0
252.197,0.0,91304.0,4015.0,48.0,130.237,7487146060.0
252.297,0.0,91304.0,4015.0,48.0,130.243,7487159080.0
252.397,0.0,91304.0,4015.0,48.0,130.251,7487172115.0
252.497,0.0,91304.0,4015.0,48.0,130.263,7487185115.0
252.597,0.0,91304.0,4015.0,48.0,130.24,7487198128.0
252.696,0.0,91304.0,4015.0,48.0,130.217,7487211131.0
252.797,0.0,91304.0,4015.0,48.0,130.23,7487224136.0
252.897,0.0,91304.0,4015.0,48.0,130.224,7487237159.0
252.997,0.0,91304.0,4015.0,48.0,130.235,7487250165.0
253.097,0.0,91304.0,4015.0,48.0,130.215,7487263159.0
253.197,0.0,91304.0,4015.0,48.0,130.194,7487276172.0
253.297,0.0,91304.0,4015.0,48.0,130.204,7487276172.0
253.397,0.0,91304.0,4015.0,48.0,130.183,7487289192.0
253.496,0.0,91304.0,4015.0,48.0,130.183,7487302204.0
253.597,0.0,91304.0,4015.0,48.0,130.193,7487315235.0
253.697,0.0,91304.0,4015.0,48.0,130.205,7487328235.0
253.797,0.0,91304.0,4015.0,48.0,130.202,7487341254.0
253.896,0.0,91304.0,4015.0,48.0,130.218,7487354274.0
253.997,0.0,91304.0,4015.0,48.0,130.22,7487367273.0
254.097,0.0,91304.0,4015.0,48.0,130.223,7487380303.0
254.197,0.0,91304.0,4015.0,48.0,130.257,7487393329.0
254.297,0.0,91304.0,4015.0,48.0,130.267,7487419381.0
254.397,0.0,91304.0,4015.0,48.0,130.253,7487432392.0
254.497,0.0,91304.0,4015.0,48.0,130.262,7487445392.0
254.597,0.0,91304.0,4015.0,48.0,130.232,7487458402.0
254.697,0.0,91304.0,4015.0,48.0,130.241,7487471398.0
254.797,0.0,91304.0,4015.0,48.0,130.236,7487484419.0
254.897,0.0,91304.0,4015.0,48.0,130.216,7487497432.0
254.997,0.0,91304.0,4015.0,48.0,130.225,7487510434.0
255.097,0.0,91304.0,4015.0,48.0,130.207,7487523450.0
255.197,0.0,91304.0,4015.0,48.0,130.193,7487536459.0
255.297,0.0,91304.0,4015.0,48.0,130.207,7487549499.0
255.397,0.0,91304.0,4015.0,48.0,130.224,7487562504.0
255.497,0.0,91304.0,4015.0,48.0,130.185,7487575487.0
255.597,0.0,91304.0,4015.0,48.0,130.164,7487588496.0
255.697,0.0,91304.0,4015.0,48.0,130.168,7487601496.0
255.796,0.0,91304.0,4015.0,48.0,130.156,7487614494.0
255.897,0.0,91304.0,4015.0,48.0,130.162,7487627521.0
255.997,0.0,91304.0,4015.0,48.0,130.181,7487640536.0
256.097,0.0,91304.0,4015.0,48.0,130.186,7487653546.0
256.197,0.0,91304.0,4015.0,48.0,130.158,7487666560.0
256.297,0.0,91304.0,4015.0,48.0,130.13,7487666560.0
256.397,0.0,91304.0,4015.0,48.0,130.166,7487679553.0
256.497,0.0,91304.0,4015.0,48.0,130.163,7487692568.0
256.597,0.0,91304.0,4015.0,48.0,130.163,7487705573.0
256.697,0.0,91304.0,4015.0,48.0,130.191,7487718595.0
256.797,0.0,91304.0,4015.0,48.0,130.192,7487731617.0
256.897,0.0,91304.0,4015.0,48.0,130.221,7487744633.0
256.997,0.0,91304.0,4015.0,48.0,130.226,7487757644.0
257.096,0.0,91304.0,4015.0,48.0,130.198,7487770669.0
257.197,0.0,91304.0,4015.0,48.0,130.216,7487783677.0
257.297,0.0,91304.0,4015.0,48.0,130.22,7487809709.0
257.397,0.0,91304.0,4015.0,48.0,130.212,7487822722.0
257.497,0.0,91304.0,4015.0,48.0,130.231,7487835750.0
257.597,0.0,91304.0,4015.0,48.0,130.247,7487848762.0
257.697,0.0,91304.0,4015.0,48.0,130.236,7487861779.0
257.795,0.0,91304.0,4015.0,48.0,130.251,7487874812.0
257.895,0.0,91304.0,4015.0,48.0,130.234,7487887821.0
257.997,0.0,91304.0,4015.0,48.0,130.236,7487900836.0
258.097,0.0,91304.0,4015.0,48.0,130.225,7487913853.0
258.196,0.0,91304.0,4015.0,48.0,130.224,7487926855.0
258.297,0.0,91304.0,4015.0,48.0,130.227,7487939860.0
258.397,0.0,91304.0,4015.0,48.0,130.201,7487952883.0
258.496,0.0,91304.0,4015.0,48.0,130.201,7487965882.0
258.597,0.0,91304.0,4015.0,48.0,130.192,7487978895.0
258.696,0.0,91304.0,4015.0,48.0,130.178,7487991914.0
258.798,0.0,91304.0,4015.0,48.0,130.188,7488004930.0
258.897,0.0,91304.0,4015.0,48.0,130.177,7488017956.0
258.997,0.0,91304.0,4015.0,48.0,130.176,7488030959.0
259.097,0.0,91304.0,4015.0,48.0,130.177,7488043967.0
259.197,0.0,91304.0,4015.0,48.0,130.153,7488056966.0
259.298,0.0,91304.0,4015.0,48.0,130.153,7488056966.0
259.397,0.0,91304.0,4015.0,48.0,130.177,7488069970.0
259.497,0.0,91304.0,4015.0,48.0,130.153,7488082983.0
259.597,0.0,91304.0,4015.0,48.0,130.185,7488096002.0
259.696,0.0,91304.0,4015.0,48.0,130.209,7488109022.0
259.797,0.0,91304.0,4015.0,48.0,130.204,7488122036.0
259.897,0.0,91304.0,4015.0,48.0,130.214,7488135058.0
259.997,0.0,91304.0,4015.0,48.0,130.2,7488148072.0
260.097,0.0,91304.0,4015.0,48.0,130.22,7488161080.0
260.196,0.0,91304.0,4015.0,48.0,130.214,7488174076.0
260.297,0.0,91304.0,4015.0,48.0,130.214,7488187090.0
260.397,0.0,91304.0,4015.0,48.0,130.22,7488200087.0
260.497,0.0,91304.0,4015.0,48.0,130.175,7488226105.0
260.597,0.0,91304.0,4015.0,48.0,130.175,7488239109.0
260.697,0.0,91304.0,4015.0,48.0,130.155,7488252110.0
260.798,0.0,91304.0,4015.0,48.0,130.149,7488265124.0
260.897,0.0,91304.0,4015.0,48.0,130.134,7488278125.0
260.997,0.0,91304.0,4015.0,48.0,130.114,7488291130.0
261.097,0.0,91304.0,4015.0,48.0,130.126,7488304143.0
261.197,0.0,91304.0,4015.0,48.0,130.126,7488317143.0
261.297,0.0,91304.0,4015.0,48.0,130.131,7488330164.0
261.397,0.0,91304.0,4015.0,48.0,130.126,7488343173.0
261.497,0.0,91304.0,4015.0,48.0,130.141,7488356180.0
261.597,0.0,91304.0,4015.0,48.0,130.159,7488369195.0
261.696,0.0,91304.0,4015.0,48.0,130.15,7488382188.0
261.797,0.0,91304.0,4015.0,48.0,130.156,7488395190.0
261.897,0.0,91304.0,4015.0,48.0,130.13,7488408202.0
261.997,0.0,91304.0,4015.0,48.0,130.135,7488421206.0
262.097,0.0,91304.0,4015.0,48.0,130.148,7488434209.0
262.197,0.0,91304.0,4015.0,48.0,130.121,7488447205.0
262.297,0.0,91304.0,4015.0,48.0,130.118,7488460220.0
262.397,0.0,91304.0,4015.0,48.0,130.149,7488460220.0
262.497,0.0,91304.0,4015.0,48.0,130.127,7488473236.0
262.597,0.0,91304.0,4015.0,48.0,130.124,7488486218.0
262.697,0.0,91304.0,4015.0,48.0,130.124,7488499242.0
262.798,0.0,91304.0,4015.0,48.0,130.142,7488512258.0
262.897,0.0,91304.0,4015.0,48.0,130.163,7488525260.0
262.997,0.0,91304.0,4015.0,48.0,130.157,7488538283.0
263.097,0.0,91304.0,4015.0,48.0,130.171,7488551290.0
263.197,0.0,91304.0,4015.0,48.0,130.177,7488564294.0
263.297,0.0,91304.0,4015.0,48.0,130.197,7488577322.0
263.398,0.0,91304.0,4015.0,48.0,130.19,7488590315.0
263.498,0.0,91304.0,4015.0,48.0,130.203,7488603340.0
263.597,0.0,91304.0,4015.0,48.0,130.199,7488629353.0
263.697,0.0,91304.0,4015.0,48.0,130.168,7488642360.0
263.795,0.0,91304.0,4015.0,48.0,130.156,7488655355.0
263.897,0.0,91304.0,4015.0,48.0,130.138,7488668356.0
263.997,0.0,91304.0,4015.0,48.0,130.117,7488681366.0
264.098,0.0,91304.0,4015.0,48.0,130.108,7488694352.0
264.198,0.0,91304.0,4015.0,48.0,130.093,7488707367.0
264.297,0.0,91304.0,4015.0,48.0,130.084,7488720369.0
264.397,0.0,91304.0,4015.0,48.0,130.078,7488733367.0
264.498,0.0,91304.0,4015.0,48.0,130.066,7488746365.0
264.597,0.0,91304.0,4015.0,48.0,130.061,7488759371.0
264.697,0.0,91304.0,4015.0,48.0,130.074,7488772374.0
264.797,0.0,91304.0,4015.0,48.0,130.085,7488785377.0
264.897,0.0,91304.0,4015.0,48.0,130.085,7488798380.0
264.997,0.0,91304.0,4015.0,48.0,130.093,7488811381.0
265.097,0.0,91304.0,4015.0,48.0,130.085,7488824387.0
265.197,0.0,91304.0,4015.0,48.0,130.103,7488837401.0
265.297,0.0,91304.0,4015.0,48.0,130.104,7488850399.0
265.397,0.0,91304.0,4015.0,48.0,130.089,7488863399.0
265.497,0.0,91304.0,4015.0,48.0,130.103,7488876405.0
265.598,0.0,91304.0,4015.0,48.0,130.106,7488876405.0
265.697,0.0,91304.0,4015.0,48.0,130.095,7488889413.0
265.797,0.0,91304.0,4015.0,48.0,130.121,7488902423.0
265.897,0.0,91304.0,4015.0,48.0,130.115,7488915426.0
265.997,0.0,91304.0,4015.0,48.0,130.129,7488928438.0
266.097,0.0,91304.0,4015.0,48.0,130.138,7488941439.0
266.197,0.0,91304.0,4015.0,48.0,130.139,7488954453.0
266.297,0.0,91304.0,4015.0,48.0,130.141,7488967456.0
266.397,0.0,91304.0,4015.0,48.0,130.141,7488980431.0
266.496,0.0,91304.0,4015.0,48.0,130.133,7488993452.0
266.597,0.0,91304.0,4015.0,48.0,130.13,7489006433.0
266.697,0.0,91304.0,4015.0,48.0,130.118,7489019439.0
266.797,0.0,91304.0,4015.0,48.0,130.101,7489045430.0
266.897,0.0,91304.0,4015.0,48.0,130.086,7489058442.0
266.997,0.0,91304.0,4015.0,48.0,130.098,7489071453.0
267.097,0.0,91304.0,4015.0,48.0,130.469,7489084471.0
267.197,96.0,91304.0,4015.0,54.0,182.892,7489135364.0
267.297,96.0,91304.0,4015.0,59.0,235.788,7489203114.0
267.397,92.0,91304.0,4015.0,61.0,283.301,7489265625.0
267.497,92.0,91304.0,4015.0,63.0,283.301,7489335891.0
267.597,92.0,91304.0,4015.0,63.0,344.564,7489403572.0
267.697,100.0,91304.0,4015.0,64.0,409.727,7489471921.0
267.797,100.0,91304.0,4015.0,65.0,452.227,7489537771.0
267.897,100.0,91304.0,4015.0,65.0,498.506,7489607542.0
267.997,100.0,91304.0,4015.0,66.0,563.157,7489674251.0
268.098,100.0,91304.0,4015.0,66.0,628.813,7489743402.0
268.197,100.0,91304.0,4015.0,67.0,673.225,7489743402.0
268.297,100.0,91304.0,4015.0,67.0,676.959,7489810765.0
268.397,100.0,91304.0,4015.0,68.0,676.874,7489878437.0
268.497,100.0,91304.0,4015.0,69.0,683.04,7489947841.0
268.597,100.0,91304.0,4015.0,70.0,683.955,7490015699.0
268.698,100.0,91304.0,4015.0,70.0,682.98,7490085444.0
268.797,100.0,91304.0,4015.0,70.0,682.061,7490153934.0
268.898,100.0,91304.0,4015.0,68.0,679.677,7490284534.0
268.997,100.0,91304.0,4015.0,69.0,679.566,7490352427.0
269.098,100.0,91304.0,4015.0,70.0,680.768,7490420663.0
269.198,100.0,91304.0,4015.0,70.0,679.187,7490487589.0
269.298,100.0,91304.0,4015.0,71.0,680.787,7490557270.0
269.397,100.0,91304.0,4015.0,71.0,680.05,7490625660.0
269.497,100.0,91304.0,4015.0,71.0,680.05,7490694900.0
269.597,100.0,91304.0,4015.0,71.0,678.917,7490763322.0
269.697,100.0,91304.0,4015.0,71.0,678.034,7490832051.0
269.797,100.0,91304.0,4015.0,71.0,679.545,7490900108.0
269.897,100.0,91304.0,4015.0,71.0,683.139,7490968059.0
269.997,100.0,91304.0,4015.0,71.0,684.856,7490968059.0
270.097,100.0,91304.0,4015.0,70.0,685.286,7491037663.0
270.197,100.0,91304.0,4015.0,70.0,683.303,7491105288.0
270.297,100.0,91304.0,4015.0,70.0,683.579,7491173895.0
270.398,100.0,91304.0,4015.0,70.0,681.648,7491238505.0
270.497,100.0,91304.0,4015.0,72.0,680.934,7491305513.0
270.597,100.0,91304.0,4015.0,72.0,681.016,7491444446.0
270.697,100.0,91304.0,4015.0,72.0,682.81,7491512505.0
270.797,100.0,91304.0,4015.0,71.0,683.068,7491580912.0
270.897,100.0,91304.0,4015.0,71.0,681.226,7491649382.0
271.002,100.0,91304.0,4015.0,71.0,682.084,7491718969.0
271.097,100.0,91304.0,4015.0,71.0,683.174,7491787416.0
271.198,100.0,91304.0,4015.0,71.0,682.854,7491854524.0
271.297,100.0,91304.0,4015.0,71.0,684.759,7491923230.0
271.397,100.0,91304.0,4015.0,71.0,686.357,7491992049.0
271.497,100.0,91304.0,4015.0,71.0,686.983,7491992049.0
271.597,100.0,91304.0,4015.0,72.0,687.423,7492061036.0
271.697,100.0,91304.0,4015.0,72.0,687.129,7492129862.0
271.797,96.0,91304.0,4015.0,71.0,677.857,7492196973.0
271.897,96.0,91304.0,4015.0,72.0,675.282,7492257419.0
271.995,96.0,91304.0,4015.0,72.0,671.808,7492321299.0
272.096,100.0,91304.0,4015.0,72.0,671.808,7492392461.0
272.196,100.0,91304.0,4015.0,70.0,650.691,7492444337.0
272.297,97.0,91304.0,4015.0,68.0,627.896,7492491422.0
272.397,97.0,91304.0,4015.0,67.0,608.06,7492585370.0
272.497,94.0,91304.0,4015.0,66.0,586.122,7492630707.0
272.597,94.0,91304.0,4015.0,65.0,559.796,7492674798.0
272.697,95.0,91304.0,4015.0,65.0,538.018,7492719400.0
272.798,95.0,91304.0,4015.0,64.0,514.403,7492760479.0
272.897,97.0,91304.0,4015.0,64.0,492.952,7492800630.0
272.997,97.0,91304.0,4015.0,62.0,471.252,7492840685.0
273.097,96.0,91304.0,4015.0,62.0,440.841,7492879842.0
273.197,96.0,91304.0,4015.0,61.0,433.364,7492917702.0
273.297,96.0,91304.0,4015.0,60.0,424.123,7492954002.0
273.397,96.0,91304.0,4015.0,60.0,413.633,7492989702.0
273.497,98.0,91304.0,4015.0,59.0,402.456,7492989702.0
273.597,98.0,91304.0,4015.0,59.0,389.767,7493024313.0
273.697,97.0,91304.0,4015.0,59.0,380.402,7493058437.0
273.798,97.0,91304.0,4015.0,58.0,369.825,7493092296.0
273.897,97.0,91304.0,4015.0,58.0,363.451,7493126172.0
273.997,97.0,91304.0,4015.0,58.0,355.907,7493159129.0
274.098,97.0,91304.0,4015.0,58.0,343.254,7493192379.0
274.198,97.0,91304.0,4015.0,58.0,340.195,7493258212.0
274.297,97.0,91304.0,4015.0,57.0,337.093,7493291541.0
274.397,97.0,91304.0,4015.0,57.0,337.093,7493324256.0
274.497,98.0,91304.0,4015.0,57.0,333.364,7493356990.0
274.597,98.0,91304.0,4015.0,57.0,332.327,7493389978.0
274.696,97.0,91304.0,4015.0,57.0,331.725,7493423281.0
274.795,97.0,91304.0,4015.0,57.0,331.582,7493455984.0
274.895,97.0,91304.0,4015.0,57.0,330.493,7493488901.0
274.997,97.0,91304.0,4015.0,57.0,329.921,7493521125.0
275.097,98.0,91304.0,4015.0,57.0,329.188,7493553550.0
275.197,98.0,91304.0,4015.0,57.0,328.461,7493585852.0
275.298,97.0,91304.0,4015.0,57.0,327.586,7493618824.0
275.397,97.0,91304.0,4015.0,57.0,327.059,7493651565.0
275.497,98.0,91304.0,4015.0,56.0,326.989,7493684100.0
275.597,98.0,91304.0,4015.0,56.0,327.448,7493684100.0
275.697,97.0,91304.0,4015.0,56.0,325.971,7493716461.0
275.798,97.0,91304.0,4015.0,56.0,325.504,7493749171.0
275.897,97.0,91304.0,4015.0,56.0,325.536,7493782071.0
275.997,97.0,91304.0,4015.0,56.0,325.518,7493814864.0
276.098,99.0,91304.0,4015.0,56.0,325.827,7493847748.0
276.197,99.0,91304.0,4015.0,56.0,325.992,7493880443.0
276.297,97.0,91304.0,4015.0,56.0,326.469,7493913248.0
276.397,97.0,91304.0,4015.0,56.0,325.901,7493945840.0
276.497,98.0,91304.0,4015.0,56.0,324.876,7494009890.0
276.597,97.0,91304.0,4015.0,56.0,324.932,7494042391.0
276.697,97.0,91304.0,4015.0,56.0,325.088,7494074610.0
276.797,97.0,91304.0,4015.0,56.0,325.088,7494105615.0
276.897,68.0,91304.0,4015.0,54.0,316.322,7494121216.0
276.997,68.0,91304.0,4015.0,53.0,297.841,7494134675.0
277.098,0.0,91304.0,4015.0,53.0,279.137,7494148296.0
277.197,0.0,91304.0,4015.0,52.0,260.236,7494161892.0
277.297,0.0,91304.0,4015.0,52.0,241.848,7494175409.0
277.397,0.0,91304.0,4015.0,52.0,223.562,7494188886.0
277.497,0.0,91304.0,4015.0,51.0,203.269,7494202322.0
277.597,0.0,91304.0,4015.0,51.0,184.16,7494215755.0
277.696,0.0,91304.0,4015.0,51.0,168.461,7494229153.0
277.796,0.0,91304.0,4015.0,51.0,149.385,7494246336.0
277.896,25.0,91304.0,4015.0,60.0,159.904,7494311131.0
277.997,25.0,91304.0,4015.0,63.0,213.562,7494373117.0
278.097,92.0,91304.0,4015.0,63.0,261.057,7494373117.0
278.197,92.0,91304.0,4015.0,65.0,313.251,7494438601.0
278.297,100.0,91304.0,4015.0,66.0,370.335,7494506526.0
278.397,100.0,91304.0,4015.0,66.0,424.402,7494575648.0
278.497,100.0,91304.0,4015.0,67.0,471.467,7494641687.0
278.597,100.0,91304.0,4015.0,69.0,534.645,7494710790.0
278.697,100.0,91304.0,4015.0,69.0,587.294,7494778724.0
278.797,100.0,91304.0,4015.0,69.0,643.64,7494847431.0
278.897,100.0,91304.0,4015.0,70.0,672.671,7494984526.0
278.998,100.0,91304.0,4015.0,69.0,673.574,7495050397.0
279.097,100.0,91304.0,4015.0,69.0,680.709,7495120421.0
279.197,100.0,91304.0,4015.0,70.0,684.103,7495189051.0
279.297,100.0,91304.0,4015.0,70.0,683.309,7495258314.0
279.397,100.0,91304.0,4015.0,69.0,683.399,7495325704.0
279.497,100.0,91304.0,4015.0,70.0,681.432,7495391837.0
279.597,100.0,91304.0,4015.0,71.0,680.497,7495458604.0
279.697,100.0,91304.0,4015.0,71.0,680.497,7495523603.0
279.797,100.0,91304.0,4015.0,71.0,676.427,7495592100.0
279.898,100.0,91304.0,4015.0,71.0,678.12,7495662021.0
279.997,100.0,91304.0,4015.0,71.0,682.96,7495732288.0
280.097,100.0,91304.0,4015.0,70.0,684.424,7495732288.0
280.197,100.0,91304.0,4015.0,71.0,683.479,7495801030.0
280.297,100.0,91304.0,4015.0,71.0,682.974,7495869549.0
280.397,100.0,91304.0,4015.0,69.0,679.63,7495937418.0
280.497,95.0,91304.0,4015.0,66.0,655.247,7495990760.0
280.597,95.0,91304.0,4015.0,65.0,630.008,7496032377.0
280.697,97.0,91304.0,4015.0,64.0,608.161,7496074540.0
280.797,97.0,91304.0,4015.0,64.0,586.689,7496117350.0
280.897,95.0,91304.0,4015.0,63.0,557.295,7496199324.0
280.997,95.0,91304.0,4015.0,62.0,523.888,7496238089.0
281.097,96.0,91304.0,4015.0,62.0,496.685,7496277236.0
281.197,96.0,91304.0,4015.0,62.0,468.338,7496315222.0
281.296,98.0,91304.0,4015.0,61.0,436.651,7496351728.0
281.397,96.0,91304.0,4015.0,60.0,396.125,7496388596.0
281.497,96.0,91304.0,4015.0,60.0,390.798,7496424578.0
281.597,96.0,91304.0,4015.0,59.0,384.611,7496460648.0
281.696,97.0,91304.0,4015.0,59.0,374.908,7496496064.0
281.797,97.0,91304.0,4015.0,59.0,374.908,7496530006.0
281.897,98.0,91304.0,4015.0,58.0,368.199,7496563295.0
281.997,98.0,91304.0,4015.0,58.0,362.466,7496596385.0
282.097,97.0,91304.0,4015.0,58.0,356.387,7496629479.0
282.197,97.0,91304.0,4015.0,58.0,349.133,7496662599.0
282.297,97.0,91304.0,4015.0,58.0,346.089,7496662599.0
282.397,97.0,91304.0,4015.0,58.0,341.708,7496695193.0
282.497,97.0,91304.0,4015.0,57.0,338.016,7496727861.0
282.597,97.0,91304.0,4015.0,57.0,333.682,7496759620.0
282.697,97.0,91304.0,4015.0,57.0,329.611,7496792172.0
282.797,97.0,91304.0,4015.0,57.0,328.401,7496824639.0
282.896,99.0,91304.0,4015.0,57.0,326.592,7496856921.0
282.997,99.0,91304.0,4015.0,56.0,324.423,7496888812.0
283.097,21.0,91304.0,4015.0,54.0,307.324,7496911915.0
283.197,21.0,91304.0,4015.0,58.0,292.631,7496971416.0
283.297,84.0,91304.0,4015.0,64.0,321.387,7497032922.0
283.397,84.0,91304.0,4015.0,65.0,353.283,7497100510.0
283.495,100.0,91304.0,4015.0,66.0,387.931,7497167094.0
283.595,100.0,91304.0,4015.0,66.0,462.711,7497235294.0
283.697,100.0,91304.0,4015.0,69.0,500.114,7497303236.0
283.797,100.0,91304.0,4015.0,70.0,500.114,7497372907.0
283.897,100.0,91304.0,4015.0,70.0,530.279,7497440621.0
283.997,100.0,91304.0,4015.0,71.0,566.907,7497511313.0
284.097,100.0,91304.0,4015.0,71.0,619.674,7497579011.0
284.197,100.0,91304.0,4015.0,70.0,671.827,7497647298.0
284.296,100.0,91304.0,4015.0,70.0,677.75,7497716424.0
284.397,100.0,91304.0,4015.0,70.0,680.915,7497716424.0
284.497,100.0,91304.0,4015.0,70.0,682.736,7497783382.0
284.597,100.0,91304.0,4015.0,71.0,684.131,7497852969.0
284.697,100.0,91304.0,4015.0,70.0,683.075,7497920476.0
284.796,100.0,91304.0,4015.0,69.0,680.081,7497988540.0
284.897,92.0,91304.0,4015.0,72.0,680.297,7498055257.0
284.997,92.0,91304.0,4015.0,72.0,679.421,7498123694.0
285.097,100.0,91304.0,4015.0,72.0,680.199,7498192690.0
285.197,100.0,91304.0,4015.0,72.0,678.406,7498329507.0
285.297,100.0,91304.0,4015.0,72.0,681.638,7498398424.0
285.397,100.0,91304.0,4015.0,71.0,679.131,7498467857.0
285.498,100.0,91304.0,4015.0,72.0,680.361,7498536279.0
285.597,100.0,91304.0,4015.0,72.0,681.72,7498604751.0
285.697,100.0,91304.0,4015.0,71.0,682.094,7498671420.0
285.797,100.0,91304.0,4015.0,71.0,683.004,7498740298.0
285.897,100.0,91304.0,4015.0,71.0,685.927,7498808168.0
285.997,100.0,91304.0,4015.0,71.0,685.927,7498876177.0
286.097,100.0,91304.0,4015.0,72.0,685.358,7498945363.0
286.197,100.0,91304.0,4015.0,72.0,685.294,7499014597.0
286.297,93.0,91304.0,4015.0,72.0,683.59,7499014597.0
286.397,93.0,91304.0,4015.0,72.0,684.049,7499078110.0
286.496,100.0,91304.0,4015.0,72.0,681.313,7499147058.0
286.597,100.0,91304.0,4015.0,72.0,681.266,7499215875.0
286.697,100.0,91304.0,4015.0,72.0,682.549,7499285333.0
286.797,100.0,91304.0,4015.0,72.0,683.379,7499353896.0
286.897,100.0,91304.0,4015.0,72.0,683.509,7499421513.0
286.997,100.0,91304.0,4015.0,72.0,683.913,7499489999.0
287.098,100.0,91304.0,4015.0,72.0,683.619,7499558800.0
287.197,100.0,91304.0,4015.0,73.0,685.455,7499695964.0
287.297,100.0,91304.0,4015.0,73.0,685.952,7499764233.0
287.397,100.0,91304.0,4015.0,74.0,687.389,7499834454.0
287.497,100.0,91304.0,4015.0,74.0,687.604,7499904348.0
287.597,100.0,91304.0,4015.0,74.0,686.937,7499973058.0
287.697,100.0,91304.0,4015.0,73.0,685.939,7500038203.0
287.797,100.0,91304.0,4015.0,72.0,681.235,7500104389.0
287.897,100.0,91304.0,4015.0,73.0,679.144,7500172560.0
287.997,100.0,91304.0,4015.0,73.0,671.128,7500226348.0
288.095,100.0,91304.0,4015.0,73.0,671.128,7500274162.0
288.197,97.0,91304.0,4015.0,69.0,651.281,7500321549.0
288.297,94.0,91304.0,4015.0,67.0,610.172,7500367749.0
288.397,94.0,91304.0,4015.0,66.0,584.619,7500411882.0
288.496,94.0,91304.0,4015.0,66.0,560.483,7500411882.0
288.597,94.0,91304.0,4015.0,65.0,535.291,7500456046.0
288.697,97.0,91304.0,4015.0,64.0,509.038,7500499356.0
288.797,97.0,91304.0,4015.0,64.0,485.371,7500541208.0
288.897,95.0,91304.0,4015.0,63.0,458.1,7500581362.0
288.997,95.0,91304.0,4015.0,62.0,437.729,7500620212.0
289.097,96.0,91304.0,4015.0,62.0,425.257,7500658540.0
289.197,96.0,91304.0,4015.0,61.0,415.792,7500696199.0
289.297,98.0,91304.0,4015.0,61.0,403.2,7500732595.0
289.398,98.0,91304.0,4015.0,60.0,395.856,7500803668.0
289.497,96.0,91304.0,4015.0,60.0,385.894,7500837737.0
289.597,96.0,91304.0,4015.0,59.0,376.673,7500871845.0
289.697,97.0,91304.0,4015.0,59.0,368.771,7500906179.0
289.797,97.0,91304.0,4015.0,59.0,360.218,7500939023.0
289.897,98.0,91304.0,4015.0,59.0,353.792,7500971372.0
289.997,98.0,91304.0,4015.0,58.0,347.858,7501004402.0
290.098,98.0,91304.0,4015.0,58.0,347.858,7501037076.0
290.197,97.0,91304.0,4015.0,58.0,343.125,7501069804.0
290.297,97.0,91304.0,4015.0,58.0,336.158,7501102682.0
290.397,97.0,91304.0,4015.0,58.0,332.69,7501135063.0
290.496,97.0,91304.0,4015.0,58.0,330.065,7501167064.0
290.597,97.0,91304.0,4015.0,57.0,324.065,7501188799.0
290.697,13.0,91304.0,4015.0,55.0,303.964,7501202343.0
290.796,13.0,91304.0,4015.0,54.0,289.543,7501235510.0
290.897,62.0,91304.0,4015.0,62.0,313.196,7501235510.0
290.997,62.0,91304.0,4015.0,66.0,348.558,7501296335.0
291.097,100.0,91304.0,4015.0,67.0,382.168,7501364756.0
291.197,100.0,91304.0,4015.0,68.0,420.541,7501430378.0
291.298,100.0,91304.0,4015.0,68.0,454.484,7501500535.0
291.397,100.0,91304.0,4015.0,69.0,491.497,7501638508.0
291.497,100.0,91304.0,4015.0,69.0,525.418,7501705253.0
291.598,100.0,91304.0,4015.0,69.0,567.561,7501772968.0
291.697,100.0,91304.0,4015.0,69.0,620.633,7501841429.0
291.797,100.0,91304.0,4015.0,70.0,664.27,7501908225.0
291.897,100.0,91304.0,4015.0,71.0,681.872,7501977982.0
291.997,100.0,91304.0,4015.0,72.0,680.324,7502046619.0
292.098,100.0,91304.0,4015.0,72.0,681.384,7502115947.0
292.196,100.0,91304.0,4015.0,72.0,680.421,7502184670.0
292.297,100.0,91304.0,4015.0,72.0,680.421,7502250155.0
292.398,100.0,91304.0,4015.0,72.0,682.309,7502316186.0
292.495,100.0,91304.0,4015.0,71.0,679.016,7502386953.0
292.595,100.0,91304.0,4015.0,71.0,680.233,7502455204.0
292.696,100.0,91304.0,4015.0,71.0,682.968,7502455204.0
292.797,100.0,91304.0,4015.0,71.0,682.802,7502522709.0
292.897,100.0,91304.0,4015.0,71.0,681.981,7502592952.0
292.997,100.0,91304.0,4015.0,72.0,682.493,7502661554.0
293.097,100.0,91304.0,4015.0,73.0,683.009,7502729025.0
293.196,100.0,91304.0,4015.0,73.0,682.523,7502796630.0
293.296,100.0,91304.0,4015.0,73.0,682.988,7502865930.0
293.397,100.0,91304.0,4015.0,73.0,685.138,7503004193.0
293.497,100.0,91304.0,4015.0,73.0,685.409,7503072179.0
293.597,100.0,91304.0,4015.0,72.0,684.83,7503140704.0
293.697,100.0,91304.0,4015.0,72.0,683.747,7503208260.0
293.797,100.0,91304.0,4015.0,72.0,678.994,7503270016.0
293.897,93.0,91304.0,4015.0,71.0,678.365,7503338445.0
293.997,93.0,91304.0,4015.0,72.0,680.563,7503409387.0
294.097,100.0,91304.0,4015.0,73.0,679.704,7503477624.0
294.197,100.0,91304.0,4015.0,74.0,679.805,7503546497.0
294.297,100.0,91304.0,4015.0,74.0,679.805,7503615481.0
294.397,100.0,91304.0,4015.0,74.0,679.958,7503684411.0
294.497,100.0,91304.0,4015.0,74.0,681.447,7503751295.0
294.597,100.0,91304.0,4015.0,74.0,680.996,7503751295.0
294.695,100.0,91304.0,4015.0,73.0,681.649,7503819241.0
294.797,100.0,91304.0,4015.0,72.0,686.576,7503887763.0
294.897,100.0,91304.0,4015.0,73.0,687.044,7503956384.0
294.997,100.0,91304.0,4015.0,73.0,685.524,7504025752.0
295.097,100.0,91304.0,4015.0,73.0,685.053,7504094364.0
295.198,100.0,91304.0,4015.0,73.0,686.336,7504163466.0
295.297,96.0,91304.0,4015.0,73.0,680.842,7504231898.0
295.397,96.0,91304.0,4015.0,74.0,679.172,7504361301.0
295.497,96.0,91304.0,4015.0,70.0,659.883,7504410034.0
295.597,96.0,91304.0,4015.0,69.0,644.484,7504456579.0
295.697,97.0,91304.0,4015.0,68.0,615.82,7504503797.0
295.797,97.0,91304.0,4015.0,67.0,592.985,7504549938.0
295.897,97.0,91304.0,4015.0,66.0,570.548,7504594805.0
295.996,97.0,91304.0,4015.0,65.0,548.708,7504639051.0
296.096,95.0,91304.0,4015.0,65.0,524.96,7504682643.0
296.197,95.0,91304.0,4015.0,64.0,497.599,7504723969.0
296.297,95.0,91304.0,4015.0,64.0,497.599,7504723969.0
296.396,95.0,91304.0,4015.0,64.0,472.583,7504764902.0
296.497,95.0,91304.0,4015.0,63.0,442.39,7504802846.0
296.597,98.0,91304.0,4015.0,61.0,419.112,7504840464.0
296.697,96.0,91304.0,4015.0,61.0,407.618,7504874979.0
296.797,96.0,91304.0,4015.0,60.0,395.917,7504910498.0
296.897,97.0,91304.0,4015.0,60.0,383.246,7504943496.0
296.997,97.0,91304.0,4015.0,60.0,374.797,7504977749.0
297.097,96.0,91304.0,4015.0,60.0,364.87,7505012347.0
297.197,96.0,91304.0,4015.0,59.0,355.206,7505079036.0
297.297,97.0,91304.0,4015.0,59.0,348.315,7505112098.0
297.397,97.0,91304.0,4015.0,59.0,343.013,7505144960.0
297.497,98.0,91304.0,4015.0,58.0,338.603,7505177984.0
297.597,98.0,91304.0,4015.0,58.0,336.082,7505211356.0
297.697,97.0,91304.0,4015.0,58.0,334.65,7505244388.0
297.797,97.0,91304.0,4015.0,58.0,333.801,7505277292.0
297.897,97.0,91304.0,4015.0,58.0,332.716,7505310729.0
297.997,97.0,91304.0,4015.0,58.0,331.005,7505343376.0
298.097,98.0,91304.0,4015.0,58.0,329.61,7505375812.0
298.197,98.0,91304.0,4015.0,58.0,328.945,7505408252.0
298.297,97.0,91304.0,4015.0,57.0,328.621,7505440940.0
298.397,97.0,91304.0,4015.0,57.0,327.801,7505473350.0
298.497,97.0,91304.0,4015.0,57.0,327.301,7505505626.0
298.597,99.0,91304.0,4015.0,57.0,327.301,7505538446.0
298.697,99.0,91304.0,4015.0,57.0,326.762,7505538446.0
298.796,97.0,91304.0,4015.0,57.0,326.304,7505571385.0
298.895,97.0,91304.0,4015.0,57.0,325.996,7505603645.0
298.996,97.0,91304.0,4015.0,57.0,325.37,7505635151.0
299.097,97.0,91304.0,4015.0,56.0,311.194,7505651333.0
299.197,0.0,91304.0,4015.0,61.0,313.896,7505669801.0
299.296,95.0,91304.0,4015.0,64.0,349.05,7505797829.0
299.397,95.0,91304.0,4015.0,67.0,386.285,7505866804.0
299.496,100.0,91304.0,4015.0,67.0,421.319,7505934625.0
299.597,100.0,91304.0,4015.0,68.0,456.474,7506002684.0
299.697,100.0,91304.0,4015.0,68.0,492.122,7506071194.0
299.797,100.0,91304.0,4015.0,69.0,528.309,7506140606.0
299.897,100.0,91304.0,4015.0,69.0,563.305,7506207699.0
299.997,100.0,91304.0,4015.0,70.0,614.387,7506275618.0
300.097,100.0,91304.0,4015.0,71.0,657.902,7506343194.0
300.197,100.0,91304.0,4015.0,70.0,682.565,7506409369.0
300.297,91.0,91304.0,4015.0,70.0,678.06,7506476836.0
300.397,91.0,91304.0,4015.0,72.0,676.825,7506546218.0
300.497,100.0,91304.0,4015.0,72.0,677.436,7506546218.0
300.596,100.0,91304.0,4015.0,72.0,679.868,7506614034.0
300.697,100.0,91304.0,4015.0,72.0,679.611,7506684133.0
300.797,100.0,91304.0,4015.0,72.0,678.997,7506752406.0
300.896,100.0,91304.0,4015.0,72.0,681.029,7506820755.0
300.998,100.0,91304.0,4015.0,72.0,680.764,7506889407.0
301.097,100.0,91304.0,4015.0,72.0,681.707,7506958944.0
301.200,100.0,91304.0,4015.0,72.0,681.144,7507028153.0
301.297,100.0,91304.0,4015.0,72.0,685.639,7507164179.0
301.397,100.0,91304.0,4015.0,71.0,687.196,7507232568.0
301.497,100.0,91304.0,4015.0,71.0,687.36,7507299539.0
301.597,100.0,91304.0,4015.0,72.0,686.451,7507368188.0
301.697,100.0,91304.0,4015.0,72.0,683.904,7507434479.0
301.797,100.0,91304.0,4015.0,73.0,683.932,7507503553.0
301.897,100.0,91304.0,4015.0,73.0,683.932,7507571280.0
301.997,100.0,91304.0,4015.0,73.0,681.99,7507639844.0
302.097,100.0,91304.0,4015.0,72.0,682.556,7507709076.0
302.197,100.0,91304.0,4015.0,72.0,683.078,7507778184.0
302.296,100.0,91304.0,4015.0,73.0,683.769,7507846616.0
302.397,100.0,91304.0,4015.0,73.0,683.674,7507915463.0
302.497,100.0,91304.0,4015.0,72.0,684.044,7507915463.0
302.597,100.0,91304.0,4015.0,72.0,683.754,7507983827.0
302.697,100.0,91304.0,4015.0,73.0,685.241,7508052670.0
302.797,100.0,91304.0,4015.0,73.0,687.724,7508120591.0
302.897,100.0,91304.0,4015.0,74.0,687.918,7508189853.0
302.997,100.0,91304.0,4015.0,74.0,686.157,7508257987.0
303.098,100.0,91304.0,4015.0,74.0,687.967,7508327133.0
303.197,100.0,91304.0,4015.0,72.0,684.726,7508396349.0
303.296,94.0,91304.0,4015.0,73.0,686.881,7508461950.0
303.397,94.0,91304.0,4015.0,73.0,688.198,7508602752.0
303.497,100.0,91304.0,4015.0,73.0,690.946,7508672554.0
303.598,100.0,91304.0,4015.0,73.0,689.737,7508738527.0
303.697,96.0,91304.0,4015.0,70.0,673.183,7508787629.0
303.797,96.0,91304.0,4015.0,68.0,650.633,7508834899.0
303.897,96.0,91304.0,4015.0,68.0,629.823,7508881678.0
303.997,94.0,91304.0,4015.0,68.0,629.823,7508929100.0
304.097,94.0,91304.0,4015.0,67.0,609.704,7508975916.0
304.197,94.0,91304.0,4015.0,67.0,587.838,7509020924.0
304.297,94.0,91304.0,4015.0,66.0,563.134,7509064359.0
304.397,98.0,91304.0,4015.0,65.0,540.26,7509108266.0
304.497,98.0,91304.0,4015.0,65.0,513.614,7509150631.0
304.597,95.0,91304.0,4015.0,64.0,460.584,7509150631.0
304.697,95.0,91304.0,4015.0,63.0,443.942,7509191184.0
304.797,95.0,91304.0,4015.0,63.0,435.115,7509230633.0
304.896,98.0,91304.0,4015.0,62.0,426.605,7509268429.0
304.997,98.0,91304.0,4015.0,61.0,414.079,7509305195.0
305.097,96.0,91304.0,4015.0,61.0,404.514,7509341494.0
305.197,96.0,91304.0,4015.0,60.0,393.124,7509376735.0
305.297,97.0,91304.0,4015.0,60.0,384.112,7509410439.0
305.397,97.0,91304.0,4015.0,60.0,374.757,7509445397.0
305.497,98.0,91304.0,4015.0,59.0,364.361,7509512420.0
305.597,98.0,91304.0,4015.0,59.0,355.399,7509545950.0
305.697,97.0,91304.0,4015.0,59.0,348.112,7509577587.0
305.797,97.0,91304.0,4015.0,59.0,343.013,7509610229.0
305.897,98.0,91304.0,4015.0,58.0,338.477,7509643527.0
305.996,98.0,91304.0,4015.0,58.0,335.657,7509676461.0
306.097,97.0,91304.0,4015.0,58.0,330.198,7509704925.0
306.196,97.0,91304.0,4015.0,56.0,312.068,7509719613.0
306.297,0.0,91304.0,4015.0,55.0,290.956,7509733450.0
306.397,0.0,91304.0,4015.0,60.0,297.012,7509780300.0
306.497,0.0,91304.0,4015.0,60.0,297.012,7509847512.0
306.597,92.0,91304.0,4015.0,64.0,327.714,7509917425.0
306.697,92.0,91304.0,4015.0,66.0,365.174,7509917425.0
306.797,100.0,91304.0,4015.0,67.0,397.263,7509983891.0
306.896,100.0,91304.0,4015.0,68.0,433.319,7510054240.0
306.997,100.0,91304.0,4015.0,69.0,466.549,7510121497.0
307.097,100.0,91304.0,4015.0,70.0,503.594,7510190671.0
307.197,100.0,91304.0,4015.0,71.0,600.101,7510259751.0
307.297,100.0,91304.0,4015.0,71.0,654.481,7510329875.0
307.397,100.0,91304.0,4015.0,71.0,680.746,7510398961.0
307.497,100.0,91304.0,4015.0,71.0,685.454,7510535573.0
307.596,100.0,91304.0,4015.0,71.0,683.877,7510604039.0
307.698,100.0,91304.0,4015.0,71.0,686.266,7510672540.0
307.797,100.0,91304.0,4015.0,71.0,684.821,7510740732.0
307.897,100.0,91304.0,4015.0,70.0,681.324,7510804768.0
307.997,100.0,91304.0,4015.0,71.0,679.147,7510873009.0
308.097,100.0,91304.0,4015.0,72.0,681.43,7510943277.0
308.197,100.0,91304.0,4015.0,73.0,677.959,7511012649.0
308.297,100.0,91304.0,4015.0,73.0,678.965,7511081373.0
308.397,100.0,91304.0,4015.0,73.0,680.224,7511150554.0
308.497,100.0,91304.0,4015.0,73.0,679.45,7511150554.0
308.597,100.0,91304.0,4015.0,72.0,680.57,7511218596.0
308.695,100.0,91304.0,4015.0,72.0,680.737,7511287051.0
308.797,100.0,91304.0,4015.0,72.0,681.177,7511355899.0
308.896,100.0,91304.0,4015.0,73.0,685.0,7511424448.0
308.997,100.0,91304.0,4015.0,73.0,685.0,7511493664.0
309.097,100.0,91304.0,4015.0,73.0,686.38,7511563303.0
309.197,100.0,91304.0,4015.0,72.0,684.66,7511698980.0
309.297,100.0,91304.0,4015.0,72.0,683.809,7511766947.0
309.396,100.0,91304.0,4015.0,72.0,684.397,7511831499.0
309.497,100.0,91304.0,4015.0,72.0,678.673,7511899407.0
309.597,100.0,91304.0,4015.0,72.0,677.412,7511966642.0
309.697,100.0,91304.0,4015.0,72.0,675.234,7512034489.0
309.797,100.0,91304.0,4015.0,73.0,675.052,7512103049.0
309.897,100.0,91304.0,4015.0,73.0,674.569,7512170072.0
309.996,100.0,91304.0,4015.0,72.0,673.565,7512237726.0
310.097,100.0,91304.0,4015.0,72.0,673.286,7512305498.0
310.197,100.0,91304.0,4015.0,72.0,674.814,7512376297.0
310.296,100.0,91304.0,4015.0,72.0,673.436,7512443875.0
310.396,100.0,91304.0,4015.0,72.0,677.416,7512443875.0
310.497,100.0,91304.0,4015.0,73.0,677.934,7512511606.0
310.597,100.0,91304.0,4015.0,73.0,666.85,7512579831.0
310.697,93.0,91304.0,4015.0,69.0,646.019,7512636417.0
310.797,93.0,91304.0,4015.0,67.0,625.082,7512682580.0
310.897,93.0,91304.0,4015.0,67.0,625.082,7512729982.0
310.997,94.0,91304.0,4015.0,67.0,606.211,7512776568.0
311.097,94.0,91304.0,4015.0,67.0,584.404,7512822301.0
311.197,93.0,91304.0,4015.0,66.0,559.493,7512866926.0
311.297,93.0,91304.0,4015.0,66.0,537.03,7512952567.0
311.397,95.0,91304.0,4015.0,65.0,511.154,7512994485.0
311.497,95.0,91304.0,4015.0,65.0,482.057,7513033642.0
311.597,98.0,91304.0,4015.0,64.0,456.915,7513072551.0
311.697,98.0,91304.0,4015.0,63.0,436.894,7513110596.0
311.796,96.0,91304.0,4015.0,63.0,427.765,7513147579.0
311.896,96.0,91304.0,4015.0,62.0,417.51,7513183379.0
311.997,96.0,91304.0,4015.0,61.0,406.39,7513219414.0
312.097,96.0,91304.0,4015.0,61.0,397.328,7513253707.0
312.197,98.0,91304.0,4015.0,61.0,379.28,7513288050.0
312.297,97.0,91304.0,4015.0,60.0,371.111,7513323143.0
312.397,97.0,91304.0,4015.0,60.0,363.898,7513357063.0
312.497,98.0,91304.0,4015.0,59.0,357.197,7513390882.0
312.597,98.0,91304.0,4015.0,59.0,352.342,7513390882.0
312.697,99.0,91304.0,4015.0,59.0,348.524,7513424712.0
312.797,99.0,91304.0,4015.0,59.0,343.756,7513458237.0
312.897,97.0,91304.0,4015.0,59.0,341.523,7513491267.0
312.996,97.0,91304.0,4015.0,58.0,338.064,7513524523.0
313.097,98.0,91304.0,4015.0,58.0,336.302,7513557326.0
313.197,98.0,91304.0,4015.0,58.0,334.605,7513589624.0
313.296,98.0,91304.0,4015.0,58.0,334.605,7513622238.0
313.397,97.0,91304.0,4015.0,58.0,332.404,7513655249.0
313.496,97.0,91304.0,4015.0,58.0,330.86,7513720595.0
313.596,97.0,91304.0,4015.0,58.0,330.089,7513753210.0
313.697,97.0,91304.0,4015.0,58.0,328.847,7513785694.0
313.797,99.0,91304.0,4015.0,58.0,327.756,7513818358.0
313.897,99.0,91304.0,4015.0,58.0,326.984,7513850360.0
313.997,97.0,91304.0,4015.0,57.0,325.895,7513883144.0
314.097,97.0,91304.0,4015.0,57.0,325.983,7513916067.0
314.197,99.0,91304.0,4015.0,57.0,326.301,7513948495.0
314.297,99.0,91304.0,4015.0,57.0,326.689,7513981180.0
314.397,97.0,91304.0,4015.0,57.0,326.671,7514014249.0
314.497,97.0,91304.0,4015.0,57.0,326.686,7514047268.0
314.597,97.0,91304.0,4015.0,57.0,327.324,7514079809.0
314.697,97.0,91304.0,4015.0,57.0,327.649,7514112862.0
314.797,97.0,91304.0,4015.0,57.0,327.421,7514145673.0
314.897,97.0,91304.0,4015.0,57.0,327.931,7514178423.0
314.997,97.0,91304.0,4015.0,57.0,328.813,7514178423.0
315.098,97.0,91304.0,4015.0,57.0,328.381,7514211236.0
315.197,99.0,91304.0,4015.0,57.0,329.025,7514244288.0
315.298,97.0,91304.0,4015.0,57.0,328.878,7514277032.0
315.397,97.0,91304.0,4015.0,57.0,327.562,7514309913.0
315.497,1.0,91304.0,4015.0,56.0,310.758,7514342393.0
315.597,1.0,91304.0,4015.0,54.0,295.223,7514361836.0
315.697,58.0,91304.0,4015.0,54.0,300.712,7514375841.0
315.796,58.0,91304.0,4015.0,60.0,298.729,7514444986.0
315.896,7.0,91304.0,4015.0,55.0,281.876,7514458823.0
315.997,7.0,91304.0,4015.0,60.0,281.876,7514516082.0
316.097,7.0,91304.0,4015.0,60.0,316.061,7514582830.0
316.197,100.0,91304.0,4015.0,64.0,349.911,7514650529.0
316.297,100.0,91304.0,4015.0,65.0,387.42,7514718692.0
316.397,100.0,91304.0,4015.0,66.0,422.239,7514787100.0
316.496,100.0,91304.0,4015.0,67.0,459.437,7514854846.0
316.597,100.0,91304.0,4015.0,69.0,511.188,7514925134.0
316.697,100.0,91304.0,4015.0,70.0,558.597,7514994433.0
316.797,100.0,91304.0,4015.0,71.0,594.767,7515063975.0
316.897,100.0,91304.0,4015.0,71.0,684.779,7515133436.0
316.997,100.0,91304.0,4015.0,70.0,686.095,7515199377.0
317.097,100.0,91304.0,4015.0,71.0,685.109,7515199377.0
317.197,100.0,91304.0,4015.0,71.0,683.152,7515267339.0
317.297,100.0,91304.0,4015.0,71.0,683.899,7515335991.0
317.397,100.0,91304.0,4015.0,71.0,679.837,7515404609.0
317.497,100.0,91304.0,4015.0,70.0,680.194,7515467904.0
317.597,100.0,91304.0,4015.0,71.0,677.565,7515535236.0
317.697,100.0,91304.0,4015.0,72.0,677.909,7515603418.0
317.797,100.0,91304.0,4015.0,73.0,678.155,7515740707.0
317.897,100.0,91304.0,4015.0,73.0,678.501,7515811252.0
317.997,100.0,91304.0,4015.0,73.0,678.501,7515881386.0
318.097,100.0,91304.0,4015.0,73.0,679.13,7515949910.0
318.197,100.0,91304.0,4015.0,72.0,679.825,7516018252.0
318.297,100.0,91304.0,4015.0,72.0,680.712,7516086302.0
318.397,100.0,91304.0,4015.0,72.0,680.481,7516153642.0
318.497,100.0,91304.0,4015.0,72.0,684.631,7516221807.0
318.597,100.0,91304.0,4015.0,72.0,684.165,7516290553.0
318.697,100.0,91304.0,4015.0,72.0,686.028,7516358579.0
318.797,100.0,91304.0,4015.0,72.0,684.637,7516427173.0
318.897,100.0,91304.0,4015.0,72.0,685.72,7516490954.0
318.997,92.0,91304.0,4015.0,71.0,679.457,7516490954.0
319.097,100.0,91304.0,4015.0,73.0,678.236,7516558783.0
319.197,100.0,91304.0,4015.0,73.0,677.957,7516627272.0
319.298,100.0,91304.0,4015.0,73.0,678.441,7516696210.0
319.397,100.0,91304.0,4015.0,72.0,680.467,7516764808.0
319.497,100.0,91304.0,4015.0,73.0,681.393,7516833277.0
319.596,100.0,91304.0,4015.0,73.0,681.608,7516902670.0
319.698,100.0,91304.0,4015.0,73.0,681.162,7517038795.0
319.797,100.0,91304.0,4015.0,73.0,682.181,7517107548.0
319.897,100.0,91304.0,4015.0,71.0,665.08,7517159802.0
319.997,93.0,91304.0,4015.0,71.0,665.08,7517205591.0
320.097,93.0,91304.0,4015.0,69.0,642.77,7517250975.0
320.197,94.0,91304.0,4015.0,68.0,622.084,7517298408.0
320.297,94.0,91304.0,4015.0,66.0,598.85,7517343834.0
320.397,97.0,91304.0,4015.0,67.0,578.874,7517388230.0
320.497,97.0,91304.0,4015.0,66.0,554.766,7517432112.0
320.597,95.0,91304.0,4015.0,65.0,529.117,7517474338.0
320.696,95.0,91304.0,4015.0,65.0,502.287,7517514289.0
320.797,95.0,91304.0,4015.0,64.0,473.578,7517514289.0
320.897,95.0,91304.0,4015.0,63.0,441.492,7517555013.0
320.997,98.0,91304.0,4015.0,63.0,434.721,7517594165.0
321.096,98.0,91304.0,4015.0,62.0,427.1,7517632738.0
321.197,95.0,91304.0,4015.0,62.0,417.455,7517670303.0
321.297,95.0,91304.0,4015.0,61.0,408.221,7517706691.0
321.397,96.0,91304.0,4015.0,61.0,389.069,7517743107.0
321.497,98.0,91304.0,4015.0,60.0,379.164,7517778241.0
321.597,98.0,91304.0,4015.0,60.0,370.31,7517812140.0
321.697,96.0,91304.0,4015.0,59.0,364.402,7517879628.0
321.797,96.0,91304.0,4015.0,59.0,357.837,7517913718.0
321.897,96.0,91304.0,4015.0,59.0,353.155,7517947463.0
321.997,96.0,91304.0,4015.0,59.0,347.22,7517980731.0
322.097,98.0,91304.0,4015.0,59.0,343.181,7518013889.0
322.195,98.0,91304.0,4015.0,58.0,340.337,7518047509.0
322.297,98.0,91304.0,4015.0,58.0,337.626,7518081459.0
322.397,96.0,91304.0,4015.0,58.0,337.626,7518114054.0
322.497,96.0,91304.0,4015.0,58.0,335.614,7518147482.0
322.597,96.0,91304.0,4015.0,58.0,334.975,7518181270.0
322.695,96.0,91304.0,4015.0,58.0,335.364,7518214751.0
322.797,98.0,91304.0,4015.0,58.0,335.428,7518247663.0
322.897,98.0,91304.0,4015.0,58.0,334.459,7518280209.0
322.996,96.0,91304.0,4015.0,58.0,332.644,7518313104.0
323.097,96.0,91304.0,4015.0,57.0,331.879,7518346141.0
323.197,96.0,91304.0,4015.0,57.0,331.418,7518346141.0
323.297,96.0,91304.0,4015.0,57.0,316.149,7518368225.0
323.396,94.0,91304.0,4015.0,61.0,343.432,7518417508.0
323.497,94.0,91304.0,4015.0,64.0,372.416,7518478656.0
323.597,100.0,91304.0,4015.0,67.0,407.996,7518545526.0
323.697,100.0,91304.0,4015.0,67.0,441.361,7518613280.0
323.796,100.0,91304.0,4015.0,68.0,511.437,7518681271.0
323.897,100.0,91304.0,4015.0,70.0,547.658,7518750144.0
323.997,100.0,91304.0,4015.0,70.0,578.709,7518887003.0
324.097,100.0,91304.0,4015.0,70.0,615.92,7518955552.0
324.197,100.0,91304.0,4015.0,70.0,670.072,7519024077.0
324.297,97.0,91304.0,4015.0,70.0,670.686,7519093046.0
324.397,97.0,91304.0,4015.0,66.0,645.946,7519132455.0
324.497,97.0,91304.0,4015.0,64.0,615.008,7519168762.0
324.597,96.0,91304.0,4015.0,64.0,615.008,7519205135.0
324.697,96.0,91304.0,4015.0,63.0,577.796,7519241964.0
324.797,96.0,91304.0,4015.0,62.0,543.641,7519278179.0
324.897,96.0,91304.0,4015.0,61.0,514.715,7519313800.0
324.995,96.0,91304.0,4015.0,61.0,483.036,7519349567.0
325.096,96.0,91304.0,4015.0,61.0,450.413,7519384902.0
325.197,98.0,91304.0,4015.0,60.0,412.281,7519384902.0
325.297,98.0,91304.0,4015.0,60.0,383.662,7519419565.0
325.396,96.0,91304.0,4015.0,59.0,356.586,7519453694.0
325.497,96.0,91304.0,4015.0,59.0,353.939,7519487514.0
325.597,96.0,91304.0,4015.0,59.0,352.016,7519522039.0
325.696,96.0,91304.0,4015.0,59.0,350.037,7519556012.0
325.795,98.0,91304.0,4015.0,59.0,346.847,7519589705.0
325.896,98.0,91304.0,4015.0,58.0,344.214,7519622675.0
325.997,96.0,91304.0,4015.0,58.0,341.637,7519656735.0
326.097,96.0,91304.0,4015.0,58.0,336.173,7519722109.0
326.197,96.0,91304.0,4015.0,58.0,334.514,7519754315.0
326.297,97.0,91304.0,4015.0,58.0,333.355,7519787255.0
326.397,97.0,91304.0,4015.0,57.0,331.048,7519819693.0
326.497,96.0,91304.0,4015.0,57.0,329.677,7519851546.0
326.597,96.0,91304.0,4015.0,57.0,327.667,7519884436.0
326.697,98.0,91304.0,4015.0,57.0,326.905,7519916150.0
326.797,98.0,91304.0,4015.0,57.0,326.133,7519948361.0
326.897,32.0,91304.0,4015.0,57.0,313.217,7519973511.0
326.995,32.0,91304.0,4015.0,57.0,313.217,7519987412.0
327.097,32.0,91304.0,4015.0,55.0,290.838,7520000923.0
327.196,0.0,91304.0,4015.0,54.0,271.176,7520014420.0
327.296,0.0,91304.0,4015.0,53.0,253.785,7520027883.0
327.397,0.0,91304.0,4015.0,53.0,234.545,7520041311.0
327.498,0.0,91304.0,4015.0,52.0,215.618,7520054720.0
327.597,0.0,91304.0,4015.0,52.0,194.827,7520068101.0
327.697,0.0,91304.0,4015.0,52.0,176.321,7520081446.0
327.797,0.0,91304.0,4015.0,52.0,157.13,7520081446.0
327.897,0.0,91304.0,4015.0,51.0,137.752,7520094778.0
327.998,0.0,91304.0,4015.0,51.0,134.314,7520108088.0
328.096,0.0,91304.0,4015.0,51.0,133.967,7520121386.0
328.196,0.0,91304.0,4015.0,51.0,133.69,7520134656.0
328.297,0.0,91304.0,4015.0,51.0,133.488,7520147927.0
328.397,0.0,91304.0,4015.0,51.0,133.266,7520161178.0
328.497,0.0,91304.0,4015.0,51.0,133.104,7520174400.0
328.597,0.0,91304.0,4015.0,51.0,132.934,7520200877.0
328.697,0.0,91304.0,4015.0,50.0,132.791,7520214090.0
328.797,0.0,91304.0,4015.0,50.0,132.683,7520227306.0
328.897,0.0,91304.0,4015.0,50.0,132.568,7520240500.0
328.996,0.0,91304.0,4015.0,50.0,132.473,7520253700.0
329.097,0.0,91304.0,4015.0,50.0,132.377,7520266898.0
329.197,0.0,91304.0,4015.0,50.0,132.287,7520280062.0
329.297,0.0,91304.0,4015.0,50.0,132.168,7520293239.0
329.398,0.0,91304.0,4015.0,50.0,132.12,7520306407.0
329.497,0.0,91304.0,4015.0,50.0,132.044,7520319572.0
329.596,0.0,91304.0,4015.0,50.0,131.981,7520332741.0
329.697,0.0,91304.0,4015.0,50.0,131.92,7520345908.0
329.797,0.0,91304.0,4015.0,50.0,131.856,7520359070.0
329.898,0.0,91304.0,4015.0,50.0,131.807,7520372215.0
329.997,0.0,91304.0,4015.0,50.0,131.694,7520385374.0
330.097,0.0,91304.0,4015.0,50.0,131.65,7520398499.0
330.197,0.0,91304.0,4015.0,50.0,131.62,7520398499.0
330.297,0.0,91304.0,4015.0,50.0,131.58,7520411639.0
330.397,0.0,91304.0,4015.0,50.0,131.55,7520424778.0
330.497,0.0,91304.0,4015.0,49.0,131.527,7520437924.0
330.597,0.0,91304.0,4015.0,49.0,131.486,7520451047.0
330.697,0.0,91304.0,4015.0,49.0,131.451,7520464177.0
330.797,0.0,91304.0,4015.0,49.0,131.451,7520477291.0
330.897,0.0,91304.0,4015.0,49.0,131.439,7520490425.0
330.997,0.0,91304.0,4015.0,49.0,131.402,7520503550.0
331.097,0.0,91304.0,4015.0,49.0,131.38,7520516654.0
331.197,0.0,91304.0,4015.0,49.0,131.36,7520529800.0
331.297,0.0,91304.0,4015.0,49.0,131.329,7520542899.0
331.406,0.0,91304.0,4015.0,49.0,131.317,7520569127.0
331.498,0.0,91304.0,4015.0,49.0,131.28,7520582234.0
331.597,0.0,91304.0,4015.0,49.0,131.255,7520595340.0
331.697,0.0,91304.0,4015.0,49.0,131.226,7520608432.0
331.797,0.0,91304.0,4015.0,49.0,131.197,7520621527.0
331.897,0.0,91304.0,4015.0,49.0,131.151,7520634614.0
331.997,0.0,91304.0,4015.0,49.0,131.14,7520647719.0
332.097,0.0,91304.0,4015.0,49.0,131.125,7520660814.0
332.197,0.0,91304.0,4015.0,49.0,131.11,7520673910.0
332.297,0.0,91304.0,4015.0,49.0,131.107,7520687010.0
332.397,0.0,91304.0,4015.0,49.0,131.066,7520700101.0
332.497,0.0,91304.0,4015.0,49.0,131.05,7520713189.0
332.597,0.0,91304.0,4015.0,49.0,131.05,7520726292.0
332.697,0.0,91304.0,4015.0,49.0,131.034,7520739365.0
332.797,0.0,91304.0,4015.0,49.0,131.034,7520752468.0
332.898,0.0,91304.0,4015.0,49.0,131.039,7520765557.0
332.997,0.0,91304.0,4015.0,49.0,131.032,7520778656.0
333.097,0.0,91304.0,4015.0,49.0,131.011,7520778656.0
333.197,0.0,91304.0,4015.0,49.0,131.007,7520791741.0
333.297,0.0,91304.0,4015.0,49.0,130.991,7520804820.0
333.398,0.0,91304.0,4015.0,49.0,130.978,7520817900.0
333.497,0.0,91304.0,4015.0,49.0,130.973,7520830996.0
333.597,0.0,91304.0,4015.0,49.0,130.957,7520844083.0
333.697,0.0,91304.0,4015.0,49.0,130.944,7520857155.0
333.797,0.0,91304.0,4015.0,49.0,130.935,7520870232.0
333.898,0.0,91304.0,4015.0,49.0,130.904,7520883308.0
333.997,0.0,91304.0,4015.0,49.0,130.901,7520896384.0
334.097,0.0,91304.0,4015.0,49.0,130.864,7520909455.0
334.197,0.0,91304.0,4015.0,49.0,130.848,7520922521.0
334.297,0.0,91304.0,4015.0,49.0,130.834,7520948670.0
334.397,0.0,91304.0,4015.0,49.0,130.822,7520961734.0
334.498,0.0,91304.0,4015.0,49.0,130.785,7520974771.0
334.597,0.0,91304.0,4015.0,49.0,130.761,7520987840.0
334.697,0.0,91304.0,4015.0,49.0,130.754,7521000901.0
334.797,0.0,91304.0,4015.0,49.0,130.714,7521013966.0
334.897,0.0,91304.0,4015.0,49.0,130.712,7521027033.0
334.998,0.0,91304.0,4015.0,49.0,130.695,7521040099.0
335.097,0.0,91304.0,4015.0,49.0,130.707,7521053165.0
335.197,0.0,91304.0,4015.0,49.0,130.708,7521066245.0
335.297,0.0,91304.0,4015.0,49.0,130.709,7521079299.0
335.398,0.0,91304.0,4015.0,49.0,130.702,7521092366.0
335.497,0.0,91304.0,4015.0,49.0,130.725,7521105431.0
335.597,0.0,91304.0,4015.0,49.0,130.731,7521118490.0
335.698,0.0,91304.0,4015.0,49.0,130.734,7521131547.0
335.797,0.0,91304.0,4015.0,49.0,130.731,7521144611.0
335.897,0.0,91304.0,4015.0,49.0,130.711,7521144611.0
335.997,0.0,91304.0,4015.0,49.0,130.674,7521157667.0
336.097,0.0,91304.0,4015.0,49.0,130.674,7521170700.0
336.197,0.0,91304.0,4015.0,49.0,130.63,7521183731.0
336.297,0.0,91304.0,4015.0,49.0,130.604,7521196768.0
336.397,0.0,91304.0,4015.0,49.0,130.597,7521209815.0
336.497,0.0,91304.0,4015.0,49.0,130.581,7521222858.0
336.597,0.0,91304.0,4015.0,49.0,130.568,7521235902.0
336.697,0.0,91304.0,4015.0,49.0,130.547,7521248954.0
336.797,0.0,91304.0,4015.0,49.0,130.553,7521262001.0
336.897,0.0,91304.0,4015.0,49.0,130.542,7521288113.0
336.997,0.0,91304.0,4015.0,49.0,130.529,7521301153.0
337.097,0.0,91304.0,4015.0,49.0,130.542,7521314203.0
337.197,0.0,91304.0,4015.0,49.0,130.557,7521327254.0
337.297,0.0,91304.0,4015.0,49.0,130.569,7521340308.0
337.397,0.0,91304.0,4015.0,49.0,130.554,7521353352.0
337.497,0.0,91304.0,4015.0,49.0,130.547,7521366387.0
337.597,0.0,91304.0,4015.0,49.0,130.529,7521379422.0
337.697,0.0,91304.0,4015.0,49.0,130.517,7521392460.0
337.797,0.0,91304.0,4015.0,49.0,130.507,7521405499.0
337.897,0.0,91304.0,4015.0,49.0,130.479,7521418518.0
337.998,0.0,91304.0,4015.0,49.0,130.469,7521431552.0
338.098,0.0,91304.0,4015.0,49.0,130.465,7521444592.0
338.197,0.0,91304.0,4015.0,48.0,130.449,7521457610.0
338.297,0.0,91304.0,4015.0,49.0,130.432,7521470649.0
338.397,0.0,91304.0,4015.0,48.0,130.396,7521483669.0
338.497,0.0,91304.0,4015.0,48.0,130.386,7521496708.0
338.597,0.0,91304.0,4015.0,48.0,130.399,7521509757.0
338.697,0.0,91304.0,4015.0,48.0,130.389,7521509757.0
338.797,0.0,91304.0,4015.0,48.0,130.38,7521522777.0
338.897,0.0,91304.0,4015.0,48.0,130.433,7521535828.0
338.997,0.0,91304.0,4015.0,48.0,130.448,7521548873.0
339.095,0.0,91304.0,4015.0,48.0,130.454,7521561922.0
339.197,0.0,91304.0,4015.0,48.0,130.456,7521574952.0
339.297,0.0,91304.0,4015.0,48.0,130.469,7521588005.0
339.397,0.0,91304.0,4015.0,48.0,130.479,7521601018.0
339.497,0.0,91304.0,4015.0,48.0,130.458,7521614048.0
339.596,0.0,91304.0,4015.0,48.0,130.437,7521627080.0
339.697,0.0,91304.0,4015.0,48.0,130.451,7521640081.0
339.797,0.0,91304.0,4015.0,48.0,130.417,7521666167.0
339.897,0.0,91304.0,4015.0,48.0,130.411,7521679183.0
339.998,0.0,91304.0,4015.0,48.0,130.378,7521692223.0
340.097,0.0,91304.0,4015.0,48.0,130.363,7521705242.0
340.197,0.0,91304.0,4015.0,48.0,130.357,7521718275.0
340.297,0.0,91304.0,4015.0,48.0,130.35,7521731318.0
340.397,0.0,91304.0,4015.0,48.0,130.357,7521744347.0
340.497,0.0,91304.0,4015.0,48.0,130.357,7521757377.0
340.597,0.0,91304.0,4015.0,48.0,130.363,7521770408.0
340.698,0.0,91304.0,4015.0,48.0,130.347,7521783430.0
340.797,0.0,91304.0,4015.0,48.0,130.344,7521796438.0
340.897,0.0,91304.0,4015.0,48.0,130.31,7521809467.0
340.998,0.0,91304.0,4015.0,48.0,130.313,7521822481.0
341.097,0.0,91304.0,4015.0,48.0,130.31,7521835496.0
341.197,0.0,91304.0,4015.0,48.0,130.281,7521848518.0
341.297,0.0,91304.0,4015.0,48.0,130.281,7521861516.0
341.396,0.0,91304.0,4015.0,48.0,130.265,7521874547.0
341.497,0.0,91304.0,4015.0,48.0,130.265,7521887557.0
341.597,0.0,91304.0,4015.0,48.0,130.235,7521900583.0
341.697,0.0,91304.0,4015.0,48.0,130.259,7521900583.0
341.797,0.0,91304.0,4015.0,48.0,130.256,7521913602.0
341.898,0.0,91304.0,4015.0,48.0,130.259,7521926613.0
341.997,0.0,91304.0,4015.0,48.0,130.264,7521939630.0
342.097,0.0,91304.0,4015.0,48.0,130.255,7521952652.0
342.197,0.0,91304.0,4015.0,48.0,130.27,7521965666.0
342.297,0.0,91304.0,4015.0,48.0,130.276,7521978689.0
342.398,0.0,91304.0,4015.0,48.0,130.265,7521991701.0
342.497,0.0,91304.0,4015.0,48.0,130.271,7522017739.0
342.597,0.0,91304.0,4015.0,48.0,130.256,7522030741.0
342.697,0.0,91304.0,4015.0,48.0,130.236,7522043752.0
342.797,0.0,91304.0,4015.0,48.0,130.242,7522056770.0
342.897,0.0,91304.0,4015.0,48.0,130.222,7522069774.0
342.997,0.0,91304.0,4015.0,48.0,130.213,7522082783.0
343.097,0.0,91304.0,4015.0,48.0,130.212,7522095793.0
343.197,0.0,91304.0,4015.0,48.0,130.196,7522108807.0
343.297,0.0,91304.0,4015.0,48.0,130.201,7522121829.0
343.397,0.0,91304.0,4015.0,48.0,130.216,7522134861.0
343.497,0.0,91304.0,4015.0,48.0,130.195,7522147863.0
343.597,0.0,91304.0,4015.0,48.0,130.206,7522160882.0
343.697,0.0,91304.0,4015.0,48.0,130.22,7522173900.0
343.797,0.0,91304.0,4015.0,48.0,130.193,7522186897.0
343.897,0.0,91304.0,4015.0,48.0,130.191,7522199919.0
343.997,0.0,91304.0,4015.0,48.0,130.19,7522212934.0
344.097,0.0,91304.0,4015.0,48.0,130.18,7522225929.0
344.197,0.0,91304.0,4015.0,48.0,130.178,7522238936.0
344.297,0.0,91304.0,4015.0,48.0,130.149,7522251932.0
344.397,0.0,91304.0,4015.0,48.0,130.114,7522264931.0
344.497,0.0,91304.0,4015.0,48.0,130.117,7522264931.0
344.597,0.0,91304.0,4015.0,48.0,130.12,7522277946.0
344.696,0.0,91304.0,4015.0,48.0,130.107,7522290959.0
344.797,0.0,91304.0,4015.0,48.0,130.151,7522303967.0
344.897,0.0,91304.0,4015.0,48.0,130.159,7522316977.0
344.997,0.0,91304.0,4015.0,48.0,130.157,7522329987.0
345.097,0.0,91304.0,4015.0,48.0,130.158,7522343002.0
345.197,0.0,91304.0,4015.0,48.0,130.146,7522356016.0
345.297,0.0,91304.0,4015.0,48.0,130.155,7522368997.0
345.397,0.0,91304.0,4015.0,48.0,130.152,7522381995.0
345.497,0.0,91304.0,4015.0,48.0,130.148,7522395002.0
345.597,0.0,91304.0,4015.0,48.0,130.121,7522408007.0
345.697,0.0,91304.0,4015.0,48.0,130.109,7522434011.0
345.797,0.0,91304.0,4015.0,48.0,130.092,7522447015.0
345.897,0.0,91304.0,4015.0,48.0,130.08,7522460021.0
345.998,0.0,91304.0,4015.0,48.0,130.068,7522473021.0
346.097,0.0,91304.0,4015.0,48.0,130.068,7522486026.0
346.196,0.0,91304.0,4015.0,48.0,130.102,7522499047.0
346.297,0.0,91304.0,4015.0,48.0,130.126,7522512051.0
346.397,0.0,91304.0,4015.0,48.0,130.117,7522525068.0
346.497,0.0,91304.0,4015.0,48.0,130.097,7522538057.0
346.597,0.0,91304.0,4015.0,48.0,130.108,7522551044.0
346.697,0.0,91304.0,4015.0,48.0,130.086,7522564048.0
346.797,0.0,91304.0,4015.0,48.0,130.088,7522577051.0
346.897,0.0,91304.0,4015.0,48.0,130.099,7522590040.0
346.997,0.0,91304.0,4015.0,48.0,130.073,7522603037.0
347.097,0.0,91304.0,4015.0,48.0,130.065,7522616039.0
347.197,0.0,91304.0,4015.0,48.0,130.052,7522629029.0
347.298,0.0,91304.0,4015.0,48.0,130.034,7522629029.0
347.396,0.0,91304.0,4015.0,48.0,130.033,7522642033.0
347.497,0.0,91304.0,4015.0,48.0,130.033,7522655029.0
347.596,0.0,91304.0,4015.0,48.0,130.049,7522668022.0
347.697,0.0,91304.0,4015.0,48.0,130.038,7522681028.0
347.797,0.0,91304.0,4015.0,48.0,130.049,7522694013.0
347.897,0.0,91304.0,4015.0,48.0,130.03,7522707024.0
347.997,0.0,91304.0,4015.0,48.0,130.014,7522720004.0
348.097,0.0,91304.0,4015.0,48.0,130.026,7522732984.0
348.196,0.0,91304.0,4015.0,48.0,130.024,7522758984.0
348.297,0.0,91304.0,4015.0,48.0,130.023,7522771982.0
348.397,0.0,91304.0,4015.0,48.0,130.026,7522784976.0
348.497,0.0,91304.0,4015.0,48.0,130.018,7522797961.0
348.597,0.0,91304.0,4015.0,48.0,130.008,7522810958.0
348.697,0.0,91304.0,4015.0,48.0,130.005,7522823945.0
348.797,0.0,91304.0,4015.0,48.0,129.994,7522836948.0
348.897,0.0,91304.0,4015.0,48.0,130.011,7522849940.0
348.997,0.0,91304.0,4015.0,48.0,130.014,7522862928.0
349.097,0.0,91304.0,4015.0,48.0,130.008,7522875920.0
349.197,0.0,91304.0,4015.0,48.0,130.014,7522888917.0
349.298,0.0,91304.0,4015.0,48.0,129.991,7522901902.0
349.397,0.0,91304.0,4015.0,48.0,129.988,7522914898.0
349.497,0.0,91304.0,4015.0,48.0,129.988,7522927879.0
349.597,0.0,91304.0,4015.0,48.0,129.988,7522940874.0
349.697,0.0,91304.0,4015.0,48.0,129.98,7522953856.0
349.797,0.0,91304.0,4015.0,48.0,129.985,7522966855.0
349.897,0.0,91304.0,4015.0,48.0,129.962,7522979821.0
349.997,0.0,91304.0,4015.0,48.0,129.947,7522992814.0
350.097,0.0,91304.0,4015.0,48.0,129.956,7522992814.0
350.197,0.0,91304.0,4015.0,48.0,129.927,7523005792.0
350.297,0.0,91304.0,4015.0,48.0,129.939,7523018771.0
350.397,0.0,91304.0,4015.0,48.0,129.92,7523031761.0
350.497,0.0,91304.0,4015.0,48.0,129.937,7523044741.0
350.596,0.0,91304.0,4015.0,48.0,129.924,7523057741.0
350.697,0.0,91304.0,4015.0,48.0,129.924,7523070750.0
350.797,0.0,91304.0,4015.0,48.0,129.944,7523083722.0
350.897,0.0,91304.0,4015.0,48.0,129.938,7523096726.0
350.997,0.0,91304.0,4015.0,48.0,129.949,7523109701.0
351.097,0.0,91304.0,4015.0,48.0,129.95,7523122691.0
351.197,0.0,91304.0,4015.0,48.0,129.943,7523135662.0
351.297,0.0,91304.0,4015.0,48.0,129.935,7523161631.0
351.397,0.0,91304.0,4015.0,48.0,129.949,7523174610.0
351.497,0.0,91304.0,4015.0,48.0,129.919,7523187589.0
351.597,0.0,91304.0,4015.0,48.0,129.908,7523200579.0
351.697,0.0,91304.0,4015.0,48.0,129.912,7523213568.0
351.796,0.0,91304.0,4015.0,48.0,129.905,7523226559.0
351.897,0.0,91304.0,4015.0,48.0,129.895,7523239541.0
351.997,0.0,91304.0,4015.0,48.0,129.898,7523252524.0
352.097,0.0,91304.0,4015.0,48.0,129.911,7523265499.0
352.197,0.0,91304.0,4015.0,48.0,129.915,7523278495.0
352.297,0.0,91304.0,4015.0,48.0,129.92,7523291477.0
352.397,0.0,91304.0,4015.0,48.0,129.922,7523304465.0
352.497,0.0,91304.0,4015.0,48.0,129.937,7523317443.0
352.597,0.0,91304.0,4015.0,48.0,129.931,7523330411.0
352.697,0.0,91304.0,4015.0,48.0,129.907,7523330411.0
352.796,0.0,91304.0,4015.0,48.0,129.903,7523343385.0
352.897,0.0,91304.0,4015.0,48.0,129.902,7523356374.0
352.997,0.0,91304.0,4015.0,48.0,129.899,7523369349.0
353.097,0.0,91304.0,4015.0,48.0,129.884,7523382338.0
353.197,0.0,91304.0,4015.0,48.0,129.85,7523395309.0
353.297,0.0,91304.0,4015.0,48.0,129.843,7523408279.0
353.397,0.0,91304.0,4015.0,48.0,129.831,7523421262.0
353.497,0.0,91304.0,4015.0,48.0,129.831,7523434227.0
353.597,0.0,91304.0,4015.0,48.0,129.82,7523447196.0
353.697,0.0,91304.0,4015.0,48.0,129.84,7523460180.0
353.797,0.0,91304.0,4015.0,48.0,129.838,7523473159.0
353.897,0.0,91304.0,4015.0,48.0,129.846,7523499137.0
353.997,0.0,91304.0,4015.0,48.0,129.854,7523512131.0
354.097,0.0,91304.0,4015.0,48.0,129.858,7523525112.0
354.197,0.0,91304.0,4015.0,48.0,129.864,7523538091.0
354.297,0.0,91304.0,4015.0,48.0,129.873,7523551063.0
354.397,0.0,91304.0,4015.0,48.0,129.843,7523564041.0
354.497,0.0,91304.0,4015.0,48.0,129.858,7523577004.0
354.596,0.0,91304.0,4015.0,48.0,129.857,7523589990.0
354.697,0.0,91304.0,4015.0,48.0,129.847,7523602973.0
354.797,0.0,91304.0,4015.0,48.0,129.864,7523615953.0
354.897,0.0,91304.0,4015.0,48.0,129.862,7523628932.0
354.997,0.0,91304.0,4015.0,48.0,129.866,7523641924.0
355.097,0.0,91304.0,4015.0,48.0,129.866,7523654895.0
355.197,0.0,91304.0,4015.0,48.0,129.865,7523667873.0
355.297,0.0,91304.0,4015.0,48.0,129.862,7523680843.0
355.397,0.0,91304.0,4015.0,48.0,129.861,7523693812.0
355.497,0.0,91304.0,4015.0,48.0,129.867,7523706799.0
355.597,0.0,91304.0,4015.0,48.0,129.875,7523706799.0
355.697,0.0,91304.0,4015.0,48.0,129.866,7523719771.0
355.797,0.0,91304.0,4015.0,48.0,129.853,7523732774.0
355.897,0.0,91304.0,4015.0,48.0,129.844,7523745731.0
355.997,0.0,91304.0,4015.0,48.0,129.808,7523758691.0
356.097,0.0,91304.0,4015.0,48.0,129.817,7523771682.0
356.197,0.0,91304.0,4015.0,48.0,129.811,7523784654.0
356.297,0.0,91304.0,4015.0,48.0,129.811,7523797629.0
356.396,0.0,91304.0,4015.0,48.0,129.822,7523810593.0
356.498,0.0,91304.0,4015.0,48.0,129.82,7523823566.0
356.596,0.0,91304.0,4015.0,48.0,129.811,7523836546.0
356.697,0.0,91304.0,4015.0,48.0,129.82,7523849513.0
356.798,0.0,91304.0,4015.0,48.0,129.835,7523875490.0
356.897,0.0,91304.0,4015.0,48.0,129.823,7523888462.0
356.995,0.0,91304.0,4015.0,48.0,129.843,7523901450.0
357.097,0.0,91304.0,4015.0,48.0,129.832,7523914408.0
357.197,0.0,91304.0,4015.0,48.0,129.829,7523927386.0
357.297,0.0,91304.0,4015.0,48.0,129.835,7523940359.0
357.397,0.0,91304.0,4015.0,48.0,129.82,7523953331.0
357.497,0.0,91304.0,4015.0,48.0,129.826,7523966297.0
357.597,0.0,91304.0,4015.0,48.0,129.806,7523979269.0
357.697,0.0,91304.0,4015.0,48.0,129.812,7523992243.0
357.797,0.0,91304.0,4015.0,48.0,129.795,7524005197.0
357.897,0.0,91304.0,4015.0,48.0,129.771,7524018163.0
357.997,0.0,91304.0,4015.0,48.0,129.763,7524031138.0
358.097,0.0,91304.0,4015.0,48.0,129.779,7524044109.0
358.197,0.0,91304.0,4015.0,48.0,129.774,7524057083.0
358.297,0.0,91304.0,4015.0,48.0,129.763,7524070051.0
358.397,0.0,91304.0,4015.0,48.0,129.756,7524083004.0
358.497,0.0,91304.0,4015.0,48.0,129.739,7524095984.0
358.596,0.0,91304.0,4015.0,48.0,129.779,7524095984.0
358.697,0.0,91304.0,4015.0,48.0,129.782,7524108972.0
358.797,0.0,91304.0,4015.0,48.0,129.793,7524121951.0
358.897,0.0,91304.0,4015.0,48.0,129.812,7524134923.0
358.997,0.0,91304.0,4015.0,48.0,129.803,7524147886.0
359.097,0.0,91304.0,4015.0,48.0,129.802,7524160871.0
359.197,0.0,91304.0,4015.0,48.0,129.822,7524173857.0
359.298,0.0,91304.0,4015.0,48.0,129.816,7524186829.0
359.398,0.0,91304.0,4015.0,48.0,129.832,7524199807.0
359.497,0.0,91304.0,4015.0,48.0,129.847,7524212774.0
359.597,0.0,91304.0,4015.0,48.0,129.808,7524225733.0
359.697,0.0,91304.0,4015.0,48.0,129.788,7524238691.0
359.797,0.0,91304.0,4015.0,48.0,129.77,7524264627.0
359.897,0.0,91304.0,4015.0,48.0,129.775,7524277583.0
359.998,0.0,91304.0,4015.0,48.0,129.772,7524290564.0
360.097,0.0,91304.0,4015.0,48.0,129.752,7524303533.0
360.197,0.0,91304.0,4015.0,48.0,129.742,7524316498.0
360.297,0.0,91304.0,4015.0,48.0,129.723,7524329456.0
360.397,0.0,91304.0,4015.0,48.0,129.716,7524342429.0
360.497,0.0,91304.0,4015.0,48.0,129.713,7524355384.0
360.597,0.0,91304.0,4015.0,48.0,129.718,7524368373.0
360.697,0.0,91304.0,4015.0,48.0,129.748,7524381334.0
360.797,0.0,91304.0,4015.0,48.0,129.743,7524394302.0
360.897,0.0,91304.0,4015.0,48.0,129.735,7524407271.0
360.997,0.0,91304.0,4015.0,48.0,129.732,7524420225.0
361.097,0.0,91304.0,4015.0,48.0,129.726,7524433168.0
361.197,0.0,91304.0,4015.0,48.0,129.699,7524446125.0
361.297,0.0,91304.0,4015.0,48.0,129.716,7524459095.0
361.397,0.0,91304.0,4015.0,48.0,129.719,7524459095.0
361.497,0.0,91304.0,4015.0,48.0,129.728,7524472050.0
361.597,0.0,91304.0,4015.0,48.0,129.728,7524485030.0
361.697,0.0,91304.0,4015.0,48.0,129.702,7524498004.0
361.798,0.0,91304.0,4015.0,48.0,129.699,7524510958.0
361.895,0.0,91304.0,4015.0,48.0,129.694,7524523913.0
361.997,0.0,91304.0,4015.0,48.0,129.672,7524536860.0
362.097,0.0,91304.0,4015.0,48.0,129.686,7524549820.0
362.196,0.0,91304.0,4015.0,48.0,129.696,7524562772.0
362.296,0.0,91304.0,4015.0,48.0,129.666,7524588691.0
362.397,0.0,91304.0,4015.0,48.0,129.679,7524601642.0
362.497,0.0,91304.0,4015.0,48.0,129.653,7524614612.0
362.597,0.0,91304.0,4015.0,48.0,129.647,7524627576.0
362.697,0.0,91304.0,4015.0,48.0,129.657,7524640548.0
362.797,0.0,91304.0,4015.0,48.0,129.66,7524653525.0
362.898,0.0,91304.0,4015.0,48.0,129.675,7524666480.0
362.997,0.0,91304.0,4015.0,48.0,129.687,7524679431.0
363.097,0.0,91304.0,4015.0,48.0,129.686,7524692409.0
363.197,0.0,91304.0,4015.0,48.0,129.689,7524705360.0
363.297,0.0,91304.0,4015.0,48.0,129.701,7524718320.0
363.397,0.0,91304.0,4015.0,48.0,129.699,7524731278.0
363.497,0.0,91304.0,4015.0,48.0,129.688,7524744209.0
363.597,0.0,91304.0,4015.0,48.0,129.644,7524757149.0
363.697,0.0,91304.0,4015.0,48.0,129.637,7524770093.0
363.797,0.0,91304.0,4015.0,48.0,129.603,7524783040.0
363.897,0.0,91304.0,4015.0,48.0,129.603,7524796009.0
363.997,0.0,91304.0,4015.0,48.0,129.628,7524808971.0
364.097,0.0,91304.0,4015.0,48.0,129.642,7524821949.0
364.197,0.0,91304.0,4015.0,48.0,129.65,7524821949.0
364.297,0.0,91304.0,4015.0,48.0,129.663,7524834920.0
364.397,0.0,91304.0,4015.0,48.0,129.638,7524847875.0
364.497,0.0,91304.0,4015.0,48.0,129.655,7524860829.0
364.597,0.0,91304.0,4015.0,48.0,129.667,7524873779.0
364.697,0.0,91304.0,4015.0,48.0,129.667,7524886733.0
364.797,0.0,91304.0,4015.0,48.0,129.691,7524899692.0
364.897,0.0,91304.0,4015.0,48.0,129.681,7524912635.0
364.997,0.0,91304.0,4015.0,48.0,129.655,7524925594.0
365.097,0.0,91304.0,4015.0,48.0,129.645,7524938548.0
365.197,0.0,91304.0,4015.0,48.0,129.622,7524951491.0
365.297,0.0,91304.0,4015.0,48.0,129.611,7524977408.0
365.397,0.0,91304.0,4015.0,48.0,129.602,7524990348.0
365.497,0.0,91304.0,4015.0,48.0,129.602,7525003309.0
365.597,0.0,91304.0,4015.0,48.0,129.59,7525016252.0
365.697,0.0,91304.0,4015.0,48.0,129.589,7525029203.0
365.797,0.0,91304.0,4015.0,48.0,129.612,7525042168.0
365.897,0.0,91304.0,4015.0,48.0,129.621,7525071051.0
365.998,54.0,91304.0,4015.0,57.0,179.244,7525137351.0
366.097,54.0,91304.0,4015.0,60.0,234.169,7525204220.0
366.197,100.0,91304.0,4015.0,58.0,279.357,7525261813.0
366.297,100.0,91304.0,4015.0,62.0,334.269,7525330763.0
366.397,100.0,91304.0,4015.0,63.0,390.565,7525399325.0
366.497,100.0,91304.0,4015.0,64.0,444.414,7525399325.0
366.597,100.0,91304.0,4015.0,65.0,499.693,7525466732.0
366.697,100.0,91304.0,4015.0,65.0,554.336,7525534366.0
366.797,100.0,91304.0,4015.0,66.0,610.363,7525602294.0
366.897,100.0,91304.0,4015.0,66.0,665.394,7525671288.0
366.998,100.0,91304.0,4015.0,67.0,671.639,7525738776.0
367.097,100.0,91304.0,4015.0,67.0,672.42,7525806792.0
367.197,100.0,91304.0,4015.0,67.0,679.777,7525874386.0
367.297,100.0,91304.0,4015.0,67.0,683.222,7526010910.0
367.397,100.0,91304.0,4015.0,67.0,682.77,7526078042.0
367.497,100.0,91304.0,4015.0,68.0,682.819,7526144602.0
367.597,100.0,91304.0,4015.0,68.0,682.895,7526211930.0
367.697,100.0,91304.0,4015.0,68.0,674.621,7526271785.0
367.797,99.0,91304.0,4015.0,69.0,673.931,7526339529.0
367.897,99.0,91304.0,4015.0,70.0,673.127,7526407664.0
367.997,100.0,91304.0,4015.0,70.0,672.679,7526476494.0
368.097,100.0,91304.0,4015.0,70.0,672.916,7526545157.0
368.197,100.0,91304.0,4015.0,71.0,673.33,7526613606.0
368.297,100.0,91304.0,4015.0,71.0,672.983,7526682675.0
368.397,100.0,91304.0,4015.0,71.0,672.983,7526752078.0
368.497,100.0,91304.0,4015.0,71.0,672.056,7526820991.0
368.597,100.0,91304.0,4015.0,71.0,673.785,7526820991.0
368.697,100.0,91304.0,4015.0,71.0,683.2,7526890065.0
368.797,100.0,91304.0,4015.0,71.0,683.25,7526958473.0
368.897,100.0,91304.0,4015.0,71.0,682.64,7527025780.0
368.997,100.0,91304.0,4015.0,72.0,683.404,7527095365.0
369.097,100.0,91304.0,4015.0,72.0,684.894,7527164509.0
369.197,89.0,91304.0,4015.0,71.0,677.466,7527229289.0
369.297,89.0,91304.0,4015.0,72.0,677.745,7527364726.0
369.397,100.0,91304.0,4015.0,71.0,678.646,7527433961.0
369.497,100.0,91304.0,4015.0,72.0,678.3,7527502895.0
369.597,100.0,91304.0,4015.0,72.0,676.578,7527571322.0
369.697,100.0,91304.0,4015.0,72.0,675.758,7527639301.0
369.797,100.0,91304.0,4015.0,72.0,675.489,7527708560.0
369.897,100.0,91304.0,4015.0,72.0,675.843,7527777588.0
369.997,100.0,91304.0,4015.0,72.0,674.777,7527844573.0
370.097,100.0,91304.0,4015.0,72.0,673.264,7527912969.0
370.197,100.0,91304.0,4015.0,72.0,681.287,7527981091.0
370.298,100.0,91304.0,4015.0,72.0,681.583,7528048983.0
370.397,100.0,91304.0,4015.0,72.0,681.034,7528116283.0
370.497,100.0,91304.0,4015.0,72.0,681.034,7528183740.0
370.597,100.0,91304.0,4015.0,72.0,679.503,7528249520.0
370.697,100.0,91304.0,4015.0,71.0,678.834,7528249520.0
370.797,100.0,91304.0,4015.0,71.0,678.538,7528315974.0
370.897,100.0,91304.0,4015.0,68.0,662.021,7528381471.0
370.997,97.0,91304.0,4015.0,66.0,632.6,7528427860.0
371.097,97.0,91304.0,4015.0,65.0,614.93,7528472195.0
371.197,96.0,91304.0,4015.0,64.0,589.367,7528516663.0
371.297,96.0,91304.0,4015.0,64.0,563.396,7528559704.0
371.397,97.0,91304.0,4015.0,63.0,535.93,7528602311.0
371.497,97.0,91304.0,4015.0,63.0,513.961,7528684258.0
371.597,97.0,91304.0,4015.0,62.0,481.856,7528724734.0
371.697,97.0,91304.0,4015.0,62.0,461.296,7528765271.0
371.797,97.0,91304.0,4015.0,61.0,435.563,7528805851.0
371.897,97.0,91304.0,4015.0,61.0,418.627,7528846045.0
371.997,95.0,91304.0,4015.0,61.0,414.152,7528885746.0
372.097,95.0,91304.0,4015.0,60.0,408.725,7528922739.0
372.197,95.0,91304.0,4015.0,59.0,401.26,7528959677.0
372.297,95.0,91304.0,4015.0,59.0,395.25,7528995719.0
372.397,98.0,91304.0,4015.0,59.0,389.933,7529030787.0
372.497,98.0,91304.0,4015.0,58.0,383.135,7529030787.0
372.595,95.0,91304.0,4015.0,58.0,374.763,7529064101.0
372.697,95.0,91304.0,4015.0,58.0,367.406,7529096876.0
372.797,96.0,91304.0,4015.0,58.0,359.068,7529130210.0
372.897,96.0,91304.0,4015.0,57.0,351.519,7529163188.0
372.997,98.0,91304.0,4015.0,57.0,344.488,7529195625.0
373.097,98.0,91304.0,4015.0,57.0,338.393,7529228384.0
373.197,98.0,91304.0,4015.0,57.0,338.393,7529260442.0
373.297,96.0,91304.0,4015.0,57.0,334.411,7529293050.0
373.397,96.0,91304.0,4015.0,57.0,330.369,7529357680.0
373.497,97.0,91304.0,4015.0,56.0,326.119,7529390151.0
373.597,96.0,91304.0,4015.0,56.0,325.072,7529422267.0
373.697,96.0,91304.0,4015.0,56.0,324.572,7529454598.0
373.797,96.0,91304.0,4015.0,56.0,323.566,7529486572.0
373.897,96.0,91304.0,4015.0,56.0,322.374,7529517804.0
373.997,98.0,91304.0,4015.0,56.0,322.06,7529549855.0
374.097,98.0,91304.0,4015.0,56.0,321.599,7529581831.0
374.197,95.0,91304.0,4015.0,56.0,321.212,7529613343.0
374.297,95.0,91304.0,4015.0,56.0,320.44,7529645340.0
374.397,96.0,91304.0,4015.0,55.0,320.527,7529677452.0
374.497,96.0,91304.0,4015.0,55.0,319.562,7529709197.0
374.597,98.0,91304.0,4015.0,55.0,319.039,7529740610.0
374.697,98.0,91304.0,4015.0,55.0,318.738,7529772741.0
374.797,95.0,91304.0,4015.0,55.0,318.933,7529804909.0
374.897,95.0,91304.0,4015.0,55.0,319.096,7529804909.0
374.997,98.0,91304.0,4015.0,55.0,318.91,7529836859.0
375.096,98.0,91304.0,4015.0,55.0,318.971,7529868623.0
375.197,96.0,91304.0,4015.0,55.0,319.078,7529900456.0
375.297,96.0,91304.0,4015.0,55.0,319.296,7529932625.0
375.397,96.0,91304.0,4015.0,55.0,318.893,7529964933.0
375.497,96.0,91304.0,4015.0,55.0,318.81,7529996826.0
375.597,96.0,91304.0,4015.0,55.0,318.81,7530028416.0
375.697,98.0,91304.0,4015.0,55.0,319.041,7530060035.0
375.797,98.0,91304.0,4015.0,55.0,318.6,7530123533.0
375.897,96.0,91304.0,4015.0,55.0,318.409,7530155539.0
375.997,98.0,91304.0,4015.0,55.0,318.53,7530187508.0
376.097,98.0,91304.0,4015.0,55.0,319.088,7530219744.0
376.197,96.0,91304.0,4015.0,55.0,319.034,7530251675.0
376.297,96.0,91304.0,4015.0,55.0,318.977,7530283741.0
376.397,96.0,91304.0,4015.0,55.0,319.33,7530316120.0
376.497,96.0,91304.0,4015.0,55.0,319.953,7530347991.0
376.596,98.0,91304.0,4015.0,55.0,319.197,7530379175.0
376.697,98.0,91304.0,4015.0,55.0,319.893,7530411106.0
376.797,96.0,91304.0,4015.0,55.0,319.438,7530442829.0
376.897,96.0,91304.0,4015.0,55.0,318.849,7530474174.0
376.997,97.0,91304.0,4015.0,55.0,319.343,7530506404.0
377.097,97.0,91304.0,4015.0,55.0,319.468,7530538860.0
377.197,96.0,91304.0,4015.0,55.0,319.486,7530571001.0
377.297,96.0,91304.0,4015.0,55.0,319.387,7530571001.0
377.397,96.0,91304.0,4015.0,55.0,319.216,7530602910.0
377.497,96.0,91304.0,4015.0,55.0,319.061,7530634831.0
377.597,97.0,91304.0,4015.0,55.0,318.547,7530666671.0
377.697,97.0,91304.0,4015.0,53.0,306.267,7530696064.0
377.797,0.0,91304.0,4015.0,52.0,285.009,7530711295.0
377.898,0.0,91304.0,4015.0,52.0,266.237,7530724291.0
377.998,0.0,91304.0,4015.0,51.0,249.109,7530737766.0
378.097,0.0,91304.0,4015.0,51.0,230.146,7530751180.0
378.197,0.0,91304.0,4015.0,51.0,209.541,7530764621.0
378.298,0.0,91304.0,4015.0,50.0,193.392,7530791296.0
378.397,0.0,91304.0,4015.0,50.0,175.264,7530804631.0
378.497,0.0,91304.0,4015.0,50.0,153.7,7530817938.0
378.597,0.0,91304.0,4015.0,50.0,136.17,7530831239.0
378.697,0.0,91304.0,4015.0,50.0,136.17,7530869092.0
378.797,0.0,91304.0,4015.0,54.0,153.839,7530914950.0
378.897,87.0,91304.0,4015.0,53.0,181.065,7530981482.0
378.997,100.0,91304.0,4015.0,61.0,233.103,7531049550.0
379.097,100.0,91304.0,4015.0,63.0,345.571,7531118921.0
379.197,100.0,91304.0,4015.0,64.0,396.136,7531186956.0
379.297,100.0,91304.0,4015.0,65.0,453.222,7531253465.0
379.397,100.0,91304.0,4015.0,66.0,508.181,7531321848.0
379.497,100.0,91304.0,4015.0,67.0,562.453,7531389972.0
379.596,100.0,91304.0,4015.0,67.0,611.022,7531389972.0
379.697,100.0,91304.0,4015.0,66.0,646.787,7531459775.0
379.797,87.0,91304.0,4015.0,68.0,673.617,7531522472.0
379.897,87.0,91304.0,4015.0,69.0,676.381,7531589889.0
379.997,100.0,91304.0,4015.0,69.0,677.876,7531657242.0
380.097,100.0,91304.0,4015.0,70.0,676.077,7531725829.0
380.198,100.0,91304.0,4015.0,70.0,676.071,7531793279.0
380.297,100.0,91304.0,4015.0,70.0,679.796,7531861425.0
380.397,100.0,91304.0,4015.0,70.0,680.229,7531929538.0
380.497,100.0,91304.0,4015.0,71.0,679.794,7532065974.0
380.597,100.0,91304.0,4015.0,71.0,676.955,7532135235.0
380.697,100.0,91304.0,4015.0,71.0,684.24,7532205230.0
380.797,100.0,91304.0,4015.0,71.0,684.24,7532274580.0
380.897,100.0,91304.0,4015.0,71.0,686.151,7532344304.0
380.998,100.0,91304.0,4015.0,71.0,685.891,7532413820.0
381.097,100.0,91304.0,4015.0,71.0,686.068,7532483437.0
381.197,100.0,91304.0,4015.0,71.0,685.708,7532546612.0
381.297,100.0,91304.0,4015.0,67.0,680.955,7532613371.0
381.397,100.0,91304.0,4015.0,71.0,680.994,7532682213.0
381.497,100.0,91304.0,4015.0,72.0,682.003,7532751358.0
381.597,100.0,91304.0,4015.0,72.0,681.056,7532751358.0
381.697,100.0,91304.0,4015.0,72.0,680.015,7532820129.0
381.797,100.0,91304.0,4015.0,71.0,677.703,7532887344.0
381.897,100.0,91304.0,4015.0,71.0,678.379,7532954748.0
381.997,100.0,91304.0,4015.0,72.0,678.993,7533023735.0
382.097,100.0,91304.0,4015.0,72.0,678.776,7533093185.0
382.197,100.0,91304.0,4015.0,72.0,682.435,7533161196.0
382.297,100.0,91304.0,4015.0,72.0,683.269,7533298595.0
382.397,100.0,91304.0,4015.0,72.0,682.568,7533366875.0
382.497,100.0,91304.0,4015.0,72.0,682.272,7533435455.0
382.597,100.0,91304.0,4015.0,72.0,682.257,7533503872.0
382.697,100.0,91304.0,4015.0,71.0,678.127,7533566801.0
382.797,100.0,91304.0,4015.0,71.0,677.805,7533634037.0
382.896,94.0,91304.0,4015.0,71.0,677.805,7533701441.0
382.997,94.0,91304.0,4015.0,71.0,677.65,7533769026.0
383.095,100.0,91304.0,4015.0,71.0,676.871,7533825863.0
383.196,100.0,91304.0,4015.0,70.0,667.227,7533868849.0
383.297,93.0,91304.0,4015.0,67.0,642.412,7533913579.0
383.397,93.0,91304.0,4015.0,66.0,617.377,7533957474.0
383.496,94.0,91304.0,4015.0,65.0,596.558,7534001344.0
383.597,95.0,91304.0,4015.0,64.0,545.22,7534044470.0
383.696,95.0,91304.0,4015.0,63.0,527.032,7534044470.0
383.797,95.0,91304.0,4015.0,63.0,502.245,7534086347.0
383.897,95.0,91304.0,4015.0,62.0,475.949,7534127435.0
383.997,94.0,91304.0,4015.0,62.0,447.532,7534168186.0
384.097,94.0,91304.0,4015.0,61.0,423.684,7534207671.0
384.195,95.0,91304.0,4015.0,61.0,419.146,7534247819.0
384.297,95.0,91304.0,4015.0,61.0,414.742,7534287355.0
384.397,95.0,91304.0,4015.0,60.0,406.786,7534325494.0
384.497,95.0,91304.0,4015.0,60.0,400.012,7534363625.0
384.597,98.0,91304.0,4015.0,59.0,392.993,7534435989.0
384.697,98.0,91304.0,4015.0,59.0,386.727,7534471975.0
384.797,96.0,91304.0,4015.0,59.0,380.294,7534507485.0
384.898,96.0,91304.0,4015.0,59.0,374.412,7534542691.0
384.997,96.0,91304.0,4015.0,58.0,369.851,7534576618.0
385.097,96.0,91304.0,4015.0,58.0,364.887,7534610840.0
385.197,98.0,91304.0,4015.0,58.0,358.08,7534644357.0
385.297,98.0,91304.0,4015.0,58.0,352.714,7534677495.0
385.397,98.0,91304.0,4015.0,58.0,352.714,7534710605.0
385.497,96.0,91304.0,4015.0,57.0,348.706,7534743649.0
385.596,96.0,91304.0,4015.0,57.0,344.01,7534776355.0
385.697,97.0,91304.0,4015.0,57.0,340.343,7534809979.0
385.795,97.0,91304.0,4015.0,57.0,337.89,7534843836.0
385.898,96.0,91304.0,4015.0,57.0,336.729,7534876951.0
385.996,96.0,91304.0,4015.0,57.0,334.6,7534909640.0
386.097,96.0,91304.0,4015.0,57.0,332.067,7534909640.0
386.197,98.0,91304.0,4015.0,56.0,331.363,7534942824.0
386.297,98.0,91304.0,4015.0,56.0,331.587,7534975770.0
386.398,96.0,91304.0,4015.0,56.0,331.519,7535008997.0
386.497,96.0,91304.0,4015.0,56.0,331.409,7535042177.0
386.597,96.0,91304.0,4015.0,56.0,331.367,7535074860.0
386.697,96.0,91304.0,4015.0,56.0,330.305,7535107484.0
386.797,98.0,91304.0,4015.0,56.0,328.537,7535139682.0
386.895,98.0,91304.0,4015.0,56.0,327.633,7535171815.0
386.997,96.0,91304.0,4015.0,56.0,323.83,7535230880.0
387.097,96.0,91304.0,4015.0,54.0,305.138,7535244969.0
387.197,0.0,91304.0,4015.0,53.0,285.385,7535258435.0
387.297,0.0,91304.0,4015.0,52.0,265.442,7535277576.0
387.397,0.0,91304.0,4015.0,61.0,294.253,7535341874.0
387.497,34.0,91304.0,4015.0,61.0,294.253,7535402675.0
387.597,34.0,91304.0,4015.0,64.0,328.595,7535471500.0
387.697,90.0,91304.0,4015.0,65.0,363.535,7535541650.0
387.797,90.0,91304.0,4015.0,67.0,399.975,7535609732.0
387.897,100.0,91304.0,4015.0,67.0,435.093,7535677690.0
387.997,100.0,91304.0,4015.0,68.0,505.611,7535677690.0
388.097,100.0,91304.0,4015.0,69.0,550.86,7535746273.0
388.197,100.0,91304.0,4015.0,69.0,603.444,7535813505.0
388.297,100.0,91304.0,4015.0,69.0,667.588,7535881053.0
388.397,100.0,91304.0,4015.0,69.0,674.032,7535949201.0
388.497,100.0,91304.0,4015.0,69.0,680.814,7536016913.0
388.597,100.0,91304.0,4015.0,70.0,683.812,7536085763.0
388.697,100.0,91304.0,4015.0,70.0,683.022,7536223891.0
388.797,100.0,91304.0,4015.0,70.0,681.364,7536291915.0
388.897,100.0,91304.0,4015.0,70.0,683.384,7536360723.0
388.997,100.0,91304.0,4015.0,70.0,674.989,7536420863.0
389.096,100.0,91304.0,4015.0,70.0,674.741,7536488667.0
389.197,100.0,91304.0,4015.0,71.0,674.913,7536556618.0
389.297,100.0,91304.0,4015.0,71.0,674.563,7536624670.0
389.397,100.0,91304.0,4015.0,71.0,676.702,7536693318.0
389.496,100.0,91304.0,4015.0,71.0,676.702,7536761780.0
389.596,100.0,91304.0,4015.0,71.0,675.717,7536830102.0
389.697,100.0,91304.0,4015.0,71.0,675.074,7536897402.0
389.798,100.0,91304.0,4015.0,71.0,675.575,7536965930.0
389.897,100.0,91304.0,4015.0,71.0,676.069,7537035140.0
389.997,100.0,91304.0,4015.0,71.0,677.479,7537035140.0
390.097,100.0,91304.0,4015.0,71.0,685.021,7537103413.0
390.197,100.0,91304.0,4015.0,71.0,688.123,7537172027.0
390.297,100.0,91304.0,4015.0,71.0,688.651,7537241437.0
390.397,100.0,91304.0,4015.0,71.0,688.163,7537310832.0
390.497,100.0,91304.0,4015.0,68.0,679.379,7537379663.0
390.597,89.0,91304.0,4015.0,71.0,679.56,7537439766.0
390.697,89.0,91304.0,4015.0,71.0,679.952,7537509496.0
390.796,100.0,91304.0,4015.0,71.0,679.683,7537648309.0
390.897,100.0,91304.0,4015.0,71.0,679.381,7537717813.0
390.997,100.0,91304.0,4015.0,71.0,680.895,7537785282.0
391.097,100.0,91304.0,4015.0,71.0,678.642,7537852848.0
391.197,100.0,91304.0,4015.0,71.0,678.053,7537921410.0
391.298,100.0,91304.0,4015.0,71.0,678.552,7537989284.0
391.397,100.0,91304.0,4015.0,71.0,679.096,7538058089.0
391.496,100.0,91304.0,4015.0,71.0,687.696,7538126375.0
391.597,100.0,91304.0,4015.0,71.0,688.411,7538195036.0
391.697,100.0,91304.0,4015.0,71.0,687.967,7538262805.0
391.797,100.0,91304.0,4015.0,71.0,687.967,7538331098.0
391.898,100.0,91304.0,4015.0,71.0,686.744,7538399848.0
391.998,100.0,91304.0,4015.0,71.0,686.593,7538447332.0
392.098,97.0,91304.0,4015.0,69.0,665.453,7538493074.0
392.197,97.0,91304.0,4015.0,67.0,637.479,7538493074.0
392.298,97.0,91304.0,4015.0,66.0,618.221,7538537636.0
392.397,97.0,91304.0,4015.0,65.0,595.216,7538581333.0
392.497,95.0,91304.0,4015.0,65.0,566.65,7538624467.0
392.595,97.0,91304.0,4015.0,64.0,506.162,7538667205.0
392.695,97.0,91304.0,4015.0,63.0,478.265,7538707850.0
392.797,97.0,91304.0,4015.0,63.0,455.078,7538749715.0
392.898,97.0,91304.0,4015.0,62.0,427.241,7538788909.0
392.997,97.0,91304.0,4015.0,62.0,422.026,7538829724.0
393.097,97.0,91304.0,4015.0,61.0,413.237,7538908870.0
393.197,95.0,91304.0,4015.0,61.0,408.964,7538946414.0
393.297,95.0,91304.0,4015.0,61.0,400.489,7538983968.0
393.395,95.0,91304.0,4015.0,60.0,394.212,7539020283.0
393.497,95.0,91304.0,4015.0,60.0,387.137,7539056304.0
393.597,98.0,91304.0,4015.0,59.0,382.64,7539091928.0
393.697,98.0,91304.0,4015.0,59.0,382.64,7539126409.0
393.797,98.0,91304.0,4015.0,59.0,374.552,7539160277.0
393.897,95.0,91304.0,4015.0,58.0,369.026,7539193426.0
393.997,95.0,91304.0,4015.0,58.0,362.023,7539226953.0
394.098,96.0,91304.0,4015.0,58.0,354.315,7539260673.0
394.197,96.0,91304.0,4015.0,58.0,350.689,7539294353.0
394.297,98.0,91304.0,4015.0,57.0,347.179,7539327626.0
394.397,98.0,91304.0,4015.0,57.0,342.76,7539360860.0
394.497,96.0,91304.0,4015.0,57.0,340.484,7539393095.0
394.597,96.0,91304.0,4015.0,57.0,336.962,7539393095.0
394.696,96.0,91304.0,4015.0,57.0,333.417,7539425620.0
394.797,96.0,91304.0,4015.0,57.0,331.46,7539457675.0
394.896,98.0,91304.0,4015.0,57.0,329.941,7539490150.0
394.997,95.0,91304.0,4015.0,56.0,326.283,7539522599.0
395.097,95.0,91304.0,4015.0,56.0,324.473,7539553775.0
395.197,97.0,91304.0,4015.0,56.0,322.926,7539585837.0
395.297,97.0,91304.0,4015.0,56.0,321.525,7539617490.0
395.397,96.0,91304.0,4015.0,56.0,319.64,7539649283.0
395.497,96.0,91304.0,4015.0,56.0,319.001,7539712547.0
395.597,96.0,91304.0,4015.0,56.0,318.846,7539744769.0
395.697,96.0,91304.0,4015.0,56.0,319.004,7539776692.0
395.797,98.0,91304.0,4015.0,56.0,318.935,7539808953.0
395.897,98.0,91304.0,4015.0,56.0,318.935,7539840373.0
395.997,98.0,91304.0,4015.0,56.0,318.622,7539871943.0
396.097,96.0,91304.0,4015.0,56.0,318.273,7539903773.0
396.197,96.0,91304.0,4015.0,56.0,318.305,7539935348.0
396.297,96.0,91304.0,4015.0,56.0,318.329,7539966857.0
396.397,96.0,91304.0,4015.0,56.0,317.996,7539991933.0
396.497,34.0,91304.0,4015.0,56.0,307.228,7540005637.0
396.597,34.0,91304.0,4015.0,53.0,288.879,7540019011.0
396.697,0.0,91304.0,4015.0,52.0,270.124,7540041864.0
396.797,0.0,91304.0,4015.0,52.0,272.413,7540098768.0
396.897,91.0,91304.0,4015.0,60.0,296.102,7540162337.0
396.997,91.0,91304.0,4015.0,63.0,332.144,7540162337.0
397.097,100.0,91304.0,4015.0,65.0,367.978,7540231038.0
397.196,100.0,91304.0,4015.0,67.0,441.447,7540298814.0
397.297,100.0,91304.0,4015.0,67.0,477.569,7540366406.0
397.397,100.0,91304.0,4015.0,68.0,524.727,7540434129.0
397.497,100.0,91304.0,4015.0,68.0,570.266,7540502551.0
397.597,100.0,91304.0,4015.0,69.0,633.559,7540570727.0
397.697,100.0,91304.0,4015.0,69.0,666.452,7540707200.0
397.797,100.0,91304.0,4015.0,69.0,679.071,7540775384.0
397.897,100.0,91304.0,4015.0,69.0,680.593,7540843890.0
397.997,100.0,91304.0,4015.0,69.0,680.516,7540912587.0
398.097,100.0,91304.0,4015.0,70.0,681.55,7540980583.0
398.197,100.0,91304.0,4015.0,70.0,681.55,7541048803.0
398.297,100.0,91304.0,4015.0,70.0,681.244,7541111863.0
398.397,100.0,91304.0,4015.0,70.0,676.985,7541179532.0
398.497,100.0,91304.0,4015.0,70.0,677.045,7541248305.0
398.597,100.0,91304.0,4015.0,70.0,677.506,7541318083.0
398.697,100.0,91304.0,4015.0,70.0,679.499,7541388455.0
398.797,100.0,91304.0,4015.0,71.0,682.334,7541455872.0
398.897,100.0,91304.0,4015.0,71.0,682.71,7541526049.0
398.997,100.0,91304.0,4015.0,71.0,682.045,7541594760.0
399.097,100.0,91304.0,4015.0,71.0,682.331,7541594760.0
399.196,100.0,91304.0,4015.0,71.0,681.163,7541663326.0
399.296,100.0,91304.0,4015.0,71.0,687.414,7541731630.0
399.396,100.0,91304.0,4015.0,71.0,686.387,7541800223.0
399.496,100.0,91304.0,4015.0,71.0,685.58,7541868804.0
399.597,100.0,91304.0,4015.0,71.0,684.623,7541937678.0
399.697,100.0,91304.0,4015.0,71.0,683.644,7542075201.0
399.798,86.0,91304.0,4015.0,69.0,673.992,7542135724.0
399.898,86.0,91304.0,4015.0,71.0,672.744,7542203606.0
399.997,100.0,91304.0,4015.0,71.0,672.772,7542272112.0
400.098,100.0,91304.0,4015.0,71.0,673.835,7542340956.0
400.197,100.0,91304.0,4015.0,71.0,674.061,7542409260.0
400.298,100.0,91304.0,4015.0,71.0,675.669,7542477529.0
400.397,100.0,91304.0,4015.0,71.0,676.341,7542546586.0
400.498,100.0,91304.0,4015.0,71.0,677.197,7542615395.0
400.597,100.0,91304.0,4015.0,71.0,676.357,7542683383.0
400.697,100.0,91304.0,4015.0,71.0,676.305,7542752220.0
400.798,100.0,91304.0,4015.0,71.0,685.702,7542822721.0
400.897,100.0,91304.0,4015.0,71.0,686.597,7542892004.0
400.996,100.0,91304.0,4015.0,71.0,686.597,7542892004.0
401.097,100.0,91304.0,4015.0,71.0,685.458,7542959830.0
401.198,100.0,91304.0,4015.0,72.0,685.845,7543029247.0
401.296,100.0,91304.0,4015.0,72.0,686.311,7543098844.0
401.397,100.0,91304.0,4015.0,71.0,676.234,7543158920.0
401.497,93.0,91304.0,4015.0,69.0,653.598,7543208595.0
401.597,93.0,91304.0,4015.0,67.0,626.889,7543296706.0
401.697,93.0,91304.0,4015.0,66.0,606.169,7543340502.0
401.797,93.0,91304.0,4015.0,66.0,581.647,7543383431.0
401.897,93.0,91304.0,4015.0,65.0,552.968,7543425219.0
401.997,93.0,91304.0,4015.0,64.0,529.037,7543467226.0
402.097,94.0,91304.0,4015.0,63.0,503.908,7543507410.0
402.197,94.0,91304.0,4015.0,63.0,475.366,7543547783.0
402.297,94.0,91304.0,4015.0,62.0,442.942,7543589131.0
402.397,94.0,91304.0,4015.0,63.0,424.569,7543628410.0
402.497,96.0,91304.0,4015.0,62.0,417.738,7543666753.0
402.597,95.0,91304.0,4015.0,61.0,404.88,7543666753.0
402.697,95.0,91304.0,4015.0,60.0,397.81,7543703740.0
402.797,95.0,91304.0,4015.0,60.0,392.217,7543740289.0
402.897,95.0,91304.0,4015.0,59.0,385.081,7543776331.0
402.997,98.0,91304.0,4015.0,59.0,376.935,7543812207.0
403.095,98.0,91304.0,4015.0,58.0,371.971,7543846030.0
403.197,96.0,91304.0,4015.0,58.0,363.367,7543879898.0
403.302,96.0,91304.0,4015.0,58.0,356.841,7543913670.0
403.397,96.0,91304.0,4015.0,58.0,356.841,7543946936.0
403.497,96.0,91304.0,4015.0,58.0,351.982,7544013659.0
403.597,96.0,91304.0,4015.0,57.0,346.285,7544046510.0
403.697,98.0,91304.0,4015.0,57.0,342.386,7544080259.0
403.797,98.0,91304.0,4015.0,57.0,339.828,7544112704.0
403.897,96.0,91304.0,4015.0,57.0,335.436,7544146090.0
403.997,96.0,91304.0,4015.0,57.0,333.017,7544177484.0
404.097,96.0,91304.0,4015.0,57.0,331.432,7544210293.0
404.197,96.0,91304.0,4015.0,57.0,329.703,7544242367.0
404.297,98.0,91304.0,4015.0,57.0,327.917,7544274788.0
404.397,98.0,91304.0,4015.0,57.0,327.269,7544307123.0
404.497,96.0,91304.0,4015.0,56.0,326.555,7544339644.0
404.598,96.0,91304.0,4015.0,56.0,326.013,7544371913.0
404.698,98.0,91304.0,4015.0,56.0,325.339,7544404478.0
404.797,96.0,91304.0,4015.0,56.0,323.18,7544404478.0
404.897,96.0,91304.0,4015.0,56.0,322.396,7544436303.0
404.997,96.0,91304.0,4015.0,56.0,322.905,7544468152.0
405.097,96.0,91304.0,4015.0,56.0,322.666,7544501146.0
405.197,98.0,91304.0,4015.0,56.0,323.662,7544532228.0
405.297,98.0,91304.0,4015.0,56.0,322.992,7544564798.0
405.397,96.0,91304.0,4015.0,56.0,322.1,7544596622.0
405.497,96.0,91304.0,4015.0,56.0,321.217,7544628585.0
405.597,96.0,91304.0,4015.0,56.0,321.436,7544692449.0
405.697,97.0,91304.0,4015.0,56.0,321.436,7544724902.0
405.797,97.0,91304.0,4015.0,56.0,321.096,7544757043.0
405.897,96.0,91304.0,4015.0,56.0,321.139,7544789146.0
405.996,96.0,91304.0,4015.0,56.0,321.463,7544821820.0
406.097,96.0,91304.0,4015.0,56.0,321.626,7544853930.0
406.197,96.0,91304.0,4015.0,55.0,321.095,7544885874.0
406.297,98.0,91304.0,4015.0,56.0,320.465,7544917852.0
406.397,98.0,91304.0,4015.0,55.0,320.535,7544949465.0
406.497,96.0,91304.0,4015.0,55.0,320.352,7544981801.0
406.597,96.0,91304.0,4015.0,55.0,320.671,7545013743.0
406.697,98.0,91304.0,4015.0,55.0,320.449,7545045476.0
406.797,98.0,91304.0,4015.0,55.0,320.306,7545077590.0
406.897,96.0,91304.0,4015.0,55.0,320.505,7545109954.0
406.997,96.0,91304.0,4015.0,55.0,320.826,7545142674.0
407.097,95.0,91304.0,4015.0,55.0,320.938,7545142674.0
407.197,95.0,91304.0,4015.0,55.0,320.817,7545175062.0
407.297,98.0,91304.0,4015.0,55.0,321.245,7545206944.0
407.397,95.0,91304.0,4015.0,55.0,321.203,7545239085.0
407.497,95.0,91304.0,4015.0,55.0,321.597,7545270506.0
407.597,97.0,91304.0,4015.0,55.0,321.371,7545302877.0
407.697,97.0,91304.0,4015.0,55.0,321.697,7545335095.0
407.797,95.0,91304.0,4015.0,55.0,321.612,7545367399.0
407.897,95.0,91304.0,4015.0,55.0,321.678,7545399575.0
407.997,95.0,91304.0,4015.0,55.0,321.084,7545464240.0
408.098,95.0,91304.0,4015.0,55.0,321.74,7545496433.0
408.195,97.0,91304.0,4015.0,55.0,322.204,7545528619.0
408.297,97.0,91304.0,4015.0,55.0,322.343,7545561099.0
408.397,96.0,91304.0,4015.0,55.0,322.321,7545592985.0
408.497,96.0,91304.0,4015.0,55.0,321.473,7545624421.0
408.597,97.0,91304.0,4015.0,55.0,320.933,7545655897.0
408.697,97.0,91304.0,4015.0,55.0,320.867,7545687597.0
408.797,95.0,91304.0,4015.0,55.0,320.287,7545719164.0
408.897,95.0,91304.0,4015.0,55.0,320.287,7545751000.0
408.997,95.0,91304.0,4015.0,55.0,319.994,7545782923.0
409.097,96.0,91304.0,4015.0,55.0,319.867,7545815199.0
409.198,96.0,91304.0,4015.0,55.0,319.246,7545847477.0
409.297,97.0,91304.0,4015.0,55.0,319.383,7545879687.0
409.397,97.0,91304.0,4015.0,55.0,318.842,7545911485.0
409.497,95.0,91304.0,4015.0,55.0,319.381,7545911485.0
409.597,95.0,91304.0,4015.0,55.0,319.903,7545943494.0
409.697,97.0,91304.0,4015.0,55.0,319.839,7545975555.0
409.797,97.0,91304.0,4015.0,55.0,319.639,7546006860.0
409.897,96.0,91304.0,4015.0,55.0,320.696,7546039535.0
409.998,96.0,91304.0,4015.0,55.0,320.684,7546071634.0
410.097,96.0,91304.0,4015.0,55.0,320.799,7546103672.0
410.197,96.0,91304.0,4015.0,55.0,320.827,7546136050.0
410.297,97.0,91304.0,4015.0,55.0,320.254,7546168038.0
410.398,97.0,91304.0,4015.0,55.0,318.656,7546230069.0
410.497,96.0,91304.0,4015.0,55.0,318.211,7546261576.0
410.597,96.0,91304.0,4015.0,55.0,317.94,7546293559.0
410.697,98.0,91304.0,4015.0,55.0,317.638,7546324891.0
410.798,98.0,91304.0,4015.0,55.0,317.763,7546356729.0
410.897,96.0,91304.0,4015.0,55.0,317.36,7546388802.0
410.998,96.0,91304.0,4015.0,54.0,315.081,7546410396.0
411.097,11.0,91304.0,4015.0,53.0,298.226,7546423848.0
411.195,11.0,91304.0,4015.0,52.0,279.759,7546450668.0
411.296,58.0,91304.0,4015.0,56.0,287.507,7546488807.0
411.397,100.0,91304.0,4015.0,61.0,342.859,7546553653.0
411.497,100.0,91304.0,4015.0,65.0,381.916,7546622636.0
411.597,100.0,91304.0,4015.0,66.0,420.397,7546622636.0
411.697,100.0,91304.0,4015.0,67.0,457.497,7546692900.0
411.797,100.0,91304.0,4015.0,67.0,493.06,7546762380.0
411.897,100.0,91304.0,4015.0,67.0,493.06,7546830736.0
411.997,100.0,91304.0,4015.0,68.0,531.039,7546899150.0
412.097,100.0,91304.0,4015.0,69.0,583.956,7546967299.0
412.197,100.0,91304.0,4015.0,69.0,638.587,7547034426.0
412.297,88.0,91304.0,4015.0,69.0,652.337,7547094699.0
412.397,88.0,91304.0,4015.0,70.0,679.336,7547231981.0
412.496,100.0,91304.0,4015.0,70.0,678.549,7547301406.0
412.597,100.0,91304.0,4015.0,70.0,675.966,7547371353.0
412.697,100.0,91304.0,4015.0,70.0,674.949,7547440386.0
412.797,100.0,91304.0,4015.0,70.0,673.657,7547508525.0
412.897,100.0,91304.0,4015.0,70.0,674.024,7547577548.0
412.997,100.0,91304.0,4015.0,71.0,674.591,7547647071.0
413.097,100.0,91304.0,4015.0,70.0,675.878,7547715212.0
413.197,100.0,91304.0,4015.0,71.0,676.699,7547783550.0
413.297,100.0,91304.0,4015.0,71.0,684.972,7547851673.0
413.397,100.0,91304.0,4015.0,71.0,682.822,7547919143.0
413.497,100.0,91304.0,4015.0,71.0,683.489,7547986121.0
413.597,100.0,91304.0,4015.0,71.0,682.439,7548053825.0
413.697,100.0,91304.0,4015.0,71.0,681.888,7548112468.0
413.796,100.0,91304.0,4015.0,71.0,674.378,7548112468.0
413.897,100.0,91304.0,4015.0,71.0,675.695,7548180547.0
413.998,100.0,91304.0,4015.0,71.0,674.573,7548248503.0
414.097,100.0,91304.0,4015.0,71.0,674.598,7548317123.0
414.197,100.0,91304.0,4015.0,71.0,675.555,7548385821.0
414.298,100.0,91304.0,4015.0,72.0,676.139,7548454317.0
414.397,100.0,91304.0,4015.0,72.0,676.139,7548523194.0
414.497,100.0,91304.0,4015.0,71.0,674.969,7548659932.0
414.597,100.0,91304.0,4015.0,72.0,675.602,7548728923.0
414.697,100.0,91304.0,4015.0,71.0,676.295,7548797664.0
414.798,100.0,91304.0,4015.0,71.0,685.333,7548865931.0
414.897,100.0,91304.0,4015.0,72.0,684.777,7548934835.0
414.997,100.0,91304.0,4015.0,72.0,685.122,7549003174.0
415.097,100.0,91304.0,4015.0,72.0,685.926,7549071060.0
415.197,100.0,91304.0,4015.0,70.0,680.588,7549130397.0
415.297,90.0,91304.0,4015.0,72.0,676.013,7549199431.0
415.397,90.0,91304.0,4015.0,71.0,676.256,7549267144.0
415.498,100.0,91304.0,4015.0,71.0,678.37,7549336910.0
415.595,100.0,91304.0,4015.0,71.0,676.662,7549403014.0
415.697,100.0,91304.0,4015.0,72.0,676.862,7549472224.0
415.797,100.0,91304.0,4015.0,72.0,674.982,7549472224.0
415.896,96.0,91304.0,4015.0,67.0,652.913,7549528641.0
415.997,97.0,91304.0,4015.0,66.0,628.917,7549573383.0
416.097,97.0,91304.0,4015.0,65.0,582.338,7549617152.0
416.197,97.0,91304.0,4015.0,64.0,565.287,7549661441.0
416.297,97.0,91304.0,4015.0,64.0,539.138,7549704209.0
416.397,97.0,91304.0,4015.0,63.0,508.047,7549747275.0
416.497,97.0,91304.0,4015.0,63.0,508.047,7549789169.0
416.596,97.0,91304.0,4015.0,63.0,485.42,7549869717.0
416.697,97.0,91304.0,4015.0,62.0,457.747,7549909675.0
416.798,97.0,91304.0,4015.0,62.0,431.849,7549950997.0
416.897,95.0,91304.0,4015.0,62.0,421.795,7549991073.0
416.997,95.0,91304.0,4015.0,61.0,417.343,7550029410.0
417.097,95.0,91304.0,4015.0,61.0,411.505,7550066813.0
417.197,95.0,91304.0,4015.0,60.0,403.814,7550102329.0
417.298,98.0,91304.0,4015.0,59.0,396.456,7550137797.0
417.397,98.0,91304.0,4015.0,59.0,389.822,7550173144.0
417.497,96.0,91304.0,4015.0,59.0,382.193,7550206911.0
417.597,96.0,91304.0,4015.0,59.0,375.438,7550240835.0
417.698,96.0,91304.0,4015.0,58.0,369.715,7550274950.0
417.797,96.0,91304.0,4015.0,58.0,363.004,7550308871.0
417.897,98.0,91304.0,4015.0,58.0,354.447,7550342423.0
417.997,98.0,91304.0,4015.0,57.0,350.024,7550375935.0
418.096,96.0,91304.0,4015.0,57.0,345.1,7550375935.0
418.197,96.0,91304.0,4015.0,57.0,342.218,7550409070.0
418.297,96.0,91304.0,4015.0,57.0,339.246,7550441951.0
418.396,96.0,91304.0,4015.0,57.0,336.657,7550474848.0
418.496,98.0,91304.0,4015.0,57.0,334.719,7550507385.0
418.598,22.0,91304.0,4015.0,56.0,332.333,7550539370.0
418.697,22.0,91304.0,4015.0,53.0,294.749,7550563020.0
418.798,0.0,91304.0,4015.0,53.0,273.534,7550576878.0
418.897,0.0,91304.0,4015.0,53.0,273.534,7550617304.0
418.997,0.0,91304.0,4015.0,61.0,288.044,7550680296.0
419.097,84.0,91304.0,4015.0,63.0,313.266,7550743429.0
419.197,84.0,91304.0,4015.0,65.0,349.037,7550812697.0
419.296,100.0,91304.0,4015.0,66.0,384.379,7550880538.0
419.396,100.0,91304.0,4015.0,67.0,420.466,7550948354.0
419.504,100.0,91304.0,4015.0,67.0,453.355,7551015504.0
419.597,100.0,91304.0,4015.0,68.0,492.07,7551084258.0
419.697,100.0,91304.0,4015.0,68.0,555.163,7551152220.0
419.797,100.0,91304.0,4015.0,69.0,599.462,7551220274.0
419.897,100.0,91304.0,4015.0,69.0,654.063,7551290343.0
419.997,100.0,91304.0,4015.0,69.0,674.613,7551360193.0
420.097,100.0,91304.0,4015.0,70.0,684.447,7551360193.0
420.197,100.0,91304.0,4015.0,70.0,681.973,7551429422.0
420.297,100.0,91304.0,4015.0,70.0,682.803,7551498217.0
420.396,100.0,91304.0,4015.0,70.0,683.23,7551566812.0
420.497,100.0,91304.0,4015.0,70.0,683.609,7551635623.0
420.597,100.0,91304.0,4015.0,70.0,679.207,7551699706.0
420.697,100.0,91304.0,4015.0,70.0,680.905,7551766945.0
420.797,100.0,91304.0,4015.0,70.0,680.905,7551836215.0
420.897,100.0,91304.0,4015.0,70.0,680.72,7551972910.0
420.997,100.0,91304.0,4015.0,70.0,680.612,7552040372.0
421.097,100.0,91304.0,4015.0,71.0,679.156,7552107298.0
421.197,100.0,91304.0,4015.0,71.0,678.898,7552175608.0
421.297,100.0,91304.0,4015.0,71.0,680.804,7552243623.0
421.397,100.0,91304.0,4015.0,71.0,681.268,7552311751.0
421.497,100.0,91304.0,4015.0,71.0,682.54,7552380492.0
421.597,100.0,91304.0,4015.0,71.0,688.027,7552449048.0
421.696,100.0,91304.0,4015.0,71.0,688.283,7552516971.0
421.796,100.0,91304.0,4015.0,71.0,688.663,7552585022.0
421.896,100.0,91304.0,4015.0,71.0,688.637,7552652849.0
421.995,100.0,91304.0,4015.0,71.0,686.507,7552718692.0
422.095,89.0,91304.0,4015.0,71.0,681.58,7552785449.0
422.197,89.0,91304.0,4015.0,71.0,679.947,7552853152.0
422.297,100.0,91304.0,4015.0,71.0,680.63,7552853152.0
422.397,100.0,91304.0,4015.0,71.0,679.74,7552921970.0
422.497,100.0,91304.0,4015.0,71.0,678.906,7552989542.0
422.597,100.0,91304.0,4015.0,71.0,677.216,7553058703.0
422.697,100.0,91304.0,4015.0,72.0,671.383,7553124369.0
422.797,100.0,91304.0,4015.0,71.0,667.235,7553188536.0
422.898,100.0,91304.0,4015.0,71.0,668.029,7553255837.0
422.997,100.0,91304.0,4015.0,71.0,668.029,7553324055.0
423.097,100.0,91304.0,4015.0,71.0,670.24,7553449870.0
423.196,100.0,91304.0,4015.0,67.0,649.619,7553494279.0
423.297,93.0,91304.0,4015.0,66.0,622.77,7553538369.0
423.397,93.0,91304.0,4015.0,66.0,600.181,7553582535.0
423.497,93.0,91304.0,4015.0,65.0,575.057,7553626242.0
423.597,93.0,91304.0,4015.0,64.0,554.13,7553668787.0
423.697,93.0,91304.0,4015.0,64.0,532.497,7553709992.0
423.797,93.0,91304.0,4015.0,63.0,510.365,7553751184.0
423.897,94.0,91304.0,4015.0,63.0,476.998,7553791865.0
423.998,94.0,91304.0,4015.0,62.0,451.258,7553832249.0
424.097,94.0,91304.0,4015.0,62.0,428.665,7553872849.0
424.197,94.0,91304.0,4015.0,62.0,420.807,7553911462.0
424.297,97.0,91304.0,4015.0,61.0,414.114,7553949619.0
424.398,97.0,91304.0,4015.0,61.0,408.291,7553949619.0
424.497,97.0,91304.0,4015.0,60.0,399.611,7553986975.0
424.597,97.0,91304.0,4015.0,60.0,391.347,7554022796.0
424.697,95.0,91304.0,4015.0,59.0,385.699,7554058760.0
424.797,95.0,91304.0,4015.0,59.0,378.717,7554094489.0
424.897,97.0,91304.0,4015.0,59.0,378.717,7554128123.0
424.997,97.0,91304.0,4015.0,58.0,365.412,7554194605.0
425.097,96.0,91304.0,4015.0,58.0,357.273,7554226871.0
425.197,96.0,91304.0,4015.0,58.0,349.869,7554259891.0
425.297,96.0,91304.0,4015.0,57.0,344.802,7554291873.0
425.397,96.0,91304.0,4015.0,57.0,339.064,7554324705.0
425.497,98.0,91304.0,4015.0,57.0,336.568,7554357541.0
425.597,98.0,91304.0,4015.0,57.0,333.097,7554390322.0
425.697,96.0,91304.0,4015.0,57.0,330.234,7554422531.0
425.797,96.0,91304.0,4015.0,57.0,327.896,7554454925.0
425.897,96.0,91304.0,4015.0,57.0,327.586,7554487637.0
425.997,96.0,91304.0,4015.0,57.0,326.071,7554519408.0
426.097,98.0,91304.0,4015.0,56.0,321.327,7554541281.0
426.197,98.0,91304.0,4015.0,54.0,303.521,7554541281.0
426.297,0.0,91304.0,4015.0,53.0,284.972,7554554975.0
426.396,0.0,91304.0,4015.0,53.0,266.218,7554568414.0
426.497,42.0,91304.0,4015.0,61.0,284.041,7554589824.0
426.596,42.0,91304.0,4015.0,63.0,312.174,7554643480.0
426.695,100.0,91304.0,4015.0,64.0,346.743,7554711258.0
426.797,100.0,91304.0,4015.0,66.0,382.937,7554779978.0
426.897,100.0,91304.0,4015.0,66.0,382.937,7554849149.0
426.997,100.0,91304.0,4015.0,67.0,417.63,7554987080.0
427.097,100.0,91304.0,4015.0,68.0,495.343,7555054451.0
427.197,100.0,91304.0,4015.0,68.0,541.483,7555122398.0
427.297,100.0,91304.0,4015.0,68.0,604.677,7555189816.0
427.397,100.0,91304.0,4015.0,69.0,659.797,7555257727.0
427.497,100.0,91304.0,4015.0,69.0,674.336,7555325355.0
427.597,100.0,91304.0,4015.0,69.0,684.078,7555392876.0
427.696,100.0,91304.0,4015.0,70.0,685.433,7555461860.0
427.797,100.0,91304.0,4015.0,70.0,684.726,7555528863.0
427.897,100.0,91304.0,4015.0,70.0,685.882,7555596901.0
427.996,100.0,91304.0,4015.0,68.0,680.35,7555658480.0
428.096,89.0,91304.0,4015.0,70.0,680.017,7555726083.0
428.197,89.0,91304.0,4015.0,70.0,679.938,7555794065.0
428.296,100.0,91304.0,4015.0,70.0,679.465,7555862110.0
428.396,100.0,91304.0,4015.0,70.0,679.232,7555862110.0
428.497,100.0,91304.0,4015.0,70.0,679.495,7555930276.0
428.597,100.0,91304.0,4015.0,71.0,680.175,7555999150.0
428.697,100.0,91304.0,4015.0,71.0,679.694,7556068223.0
428.797,100.0,91304.0,4015.0,71.0,679.44,7556136237.0
428.897,100.0,91304.0,4015.0,71.0,679.421,7556203568.0
428.997,100.0,91304.0,4015.0,71.0,679.421,7556271714.0
429.097,100.0,91304.0,4015.0,71.0,684.544,7556407319.0
429.197,100.0,91304.0,4015.0,71.0,684.967,7556474675.0
429.297,100.0,91304.0,4015.0,71.0,684.696,7556541331.0
429.397,100.0,91304.0,4015.0,71.0,684.513,7556610106.0
429.497,100.0,91304.0,4015.0,70.0,677.81,7556672018.0
429.597,100.0,91304.0,4015.0,72.0,676.658,7556740400.0
429.697,100.0,91304.0,4015.0,71.0,675.524,7556808635.0
429.797,100.0,91304.0,4015.0,71.0,677.535,7556876863.0
429.897,100.0,91304.0,4015.0,71.0,675.269,7556942580.0
429.997,100.0,91304.0,4015.0,72.0,674.164,7557010698.0
430.097,100.0,91304.0,4015.0,72.0,674.799,7557079889.0
430.197,100.0,91304.0,4015.0,71.0,678.195,7557149214.0
430.297,100.0,91304.0,4015.0,71.0,677.51,7557215719.0
430.397,100.0,91304.0,4015.0,69.0,669.392,7557215719.0
430.496,92.0,91304.0,4015.0,67.0,653.341,7557269741.0
430.597,92.0,91304.0,4015.0,66.0,629.252,7557314823.0
430.697,93.0,91304.0,4015.0,66.0,607.869,7557359252.0
430.797,93.0,91304.0,4015.0,64.0,579.764,7557402912.0
430.897,93.0,91304.0,4015.0,64.0,558.443,7557447129.0
430.997,93.0,91304.0,4015.0,63.0,531.197,7557489323.0
431.097,93.0,91304.0,4015.0,63.0,531.197,7557531611.0
431.197,93.0,91304.0,4015.0,63.0,504.007,7557571922.0
431.296,93.0,91304.0,4015.0,63.0,477.08,7557653429.0
431.397,93.0,91304.0,4015.0,62.0,427.892,7557694828.0
431.497,94.0,91304.0,4015.0,62.0,421.748,7557735080.0
431.597,94.0,91304.0,4015.0,62.0,416.837,7557773898.0
431.697,96.0,91304.0,4015.0,61.0,410.12,7557812275.0
431.797,96.0,91304.0,4015.0,61.0,404.553,7557849702.0
431.897,98.0,91304.0,4015.0,60.0,398.001,7557885770.0
431.997,98.0,91304.0,4015.0,60.0,391.904,7557921420.0
432.097,95.0,91304.0,4015.0,59.0,386.184,7557956145.0
432.197,95.0,91304.0,4015.0,59.0,378.665,7557989551.0
432.297,96.0,91304.0,4015.0,58.0,372.556,7558022513.0
432.397,96.0,91304.0,4015.0,58.0,363.855,7558056474.0
432.497,97.0,91304.0,4015.0,58.0,357.481,7558088944.0
432.597,97.0,91304.0,4015.0,58.0,349.643,7558121665.0
432.696,96.0,91304.0,4015.0,58.0,345.17,7558121665.0
432.797,96.0,91304.0,4015.0,57.0,339.803,7558154666.0
432.897,98.0,91304.0,4015.0,57.0,336.438,7558187627.0
432.997,98.0,91304.0,4015.0,57.0,334.145,7558221131.0
433.097,96.0,91304.0,4015.0,57.0,330.55,7558253986.0
433.196,96.0,91304.0,4015.0,57.0,329.864,7558286889.0
433.296,96.0,91304.0,4015.0,57.0,329.744,7558319769.0
433.396,96.0,91304.0,4015.0,57.0,329.744,7558352782.0
433.497,96.0,91304.0,4015.0,57.0,328.857,7558385469.0
433.597,98.0,91304.0,4015.0,56.0,328.088,7558450307.0
433.697,96.0,91304.0,4015.0,56.0,327.968,7558483288.0
433.797,96.0,91304.0,4015.0,56.0,328.085,7558516288.0
433.897,98.0,91304.0,4015.0,56.0,327.239,7558548050.0
433.996,98.0,91304.0,4015.0,55.0,315.692,7558564109.0
434.097,10.0,91304.0,4015.0,61.0,328.405,7558620020.0
434.197,10.0,91304.0,4015.0,63.0,350.985,7558681058.0
434.297,100.0,91304.0,4015.0,65.0,390.208,7558747101.0
434.397,100.0,91304.0,4015.0,66.0,426.497,7558815193.0
434.497,100.0,91304.0,4015.0,66.0,460.226,7558881909.0
434.597,100.0,91304.0,4015.0,68.0,494.24,7558949246.0
434.697,100.0,91304.0,4015.0,68.0,531.138,7558949246.0
434.797,100.0,91304.0,4015.0,68.0,558.544,7559017580.0
434.896,100.0,91304.0,4015.0,68.0,593.644,7559083571.0
434.997,100.0,91304.0,4015.0,69.0,638.21,7559150739.0
435.097,100.0,91304.0,4015.0,67.0,654.923,7559217323.0
435.197,100.0,91304.0,4015.0,63.0,629.561,7559304308.0
435.297,100.0,91304.0,4015.0,62.0,599.813,7559340539.0
435.397,98.0,91304.0,4015.0,62.0,599.813,7559376373.0
435.497,98.0,91304.0,4015.0,61.0,570.552,7559412511.0
435.596,95.0,91304.0,4015.0,61.0,538.653,7559447816.0
435.697,95.0,91304.0,4015.0,60.0,508.867,7559482847.0
435.797,96.0,91304.0,4015.0,59.0,471.766,7559518868.0
435.897,95.0,91304.0,4015.0,59.0,409.044,7559554058.0
435.997,95.0,91304.0,4015.0,59.0,383.358,7559589955.0
436.097,96.0,91304.0,4015.0,59.0,357.479,7559624708.0
436.197,96.0,91304.0,4015.0,58.0,354.939,7559658694.0
436.297,98.0,91304.0,4015.0,58.0,351.503,7559692318.0
436.397,98.0,91304.0,4015.0,58.0,350.729,7559692318.0
436.497,95.0,91304.0,4015.0,58.0,348.028,7559727159.0
436.597,95.0,91304.0,4015.0,57.0,345.733,7559760108.0
436.697,96.0,91304.0,4015.0,57.0,343.661,7559793411.0
436.797,96.0,91304.0,4015.0,57.0,340.678,7559826320.0
436.897,98.0,91304.0,4015.0,57.0,338.411,7559859226.0
436.996,98.0,91304.0,4015.0,57.0,335.711,7559891725.0
437.097,96.0,91304.0,4015.0,57.0,330.971,7559924927.0
437.197,96.0,91304.0,4015.0,54.0,312.162,7559953197.0
437.298,0.0,91304.0,4015.0,53.0,293.814,7559981153.0
437.397,0.0,91304.0,4015.0,53.0,271.459,7559994852.0
437.497,0.0,91304.0,4015.0,52.0,251.93,7560008305.0
437.597,0.0,91304.0,4015.0,52.0,231.732,7560021724.0
437.697,0.0,91304.0,4015.0,52.0,212.0,7560035115.0
437.796,0.0,91304.0,4015.0,51.0,195.017,7560048483.0
437.897,0.0,91304.0,4015.0,51.0,176.132,7560061793.0
437.997,0.0,91304.0,4015.0,51.0,153.236,7560075116.0
438.097,0.0,91304.0,4015.0,51.0,137.364,7560088401.0
438.196,0.0,91304.0,4015.0,51.0,134.275,7560101674.0
438.297,0.0,91304.0,4015.0,50.0,133.961,7560114914.0
438.397,0.0,91304.0,4015.0,50.0,133.471,7560128123.0
438.497,0.0,91304.0,4015.0,50.0,133.12,7560141314.0
438.597,0.0,91304.0,4015.0,50.0,132.871,7560154479.0
438.697,0.0,91304.0,4015.0,50.0,132.871,7560167651.0
438.797,0.0,91304.0,4015.0,50.0,132.659,7560180821.0
438.897,0.0,91304.0,4015.0,50.0,132.435,7560193959.0
438.997,0.0,91304.0,4015.0,50.0,132.255,7560207119.0
439.097,0.0,91304.0,4015.0,50.0,132.113,7560220245.0
439.197,0.0,91304.0,4015.0,50.0,131.927,7560220245.0
439.297,0.0,91304.0,4015.0,49.0,131.795,7560233375.0
439.397,0.0,91304.0,4015.0,49.0,131.659,7560246493.0
439.497,0.0,91304.0,4015.0,49.0,131.481,7560259606.0
439.597,0.0,91304.0,4015.0,49.0,131.418,7560272720.0
439.697,0.0,91304.0,4015.0,49.0,131.349,7560285831.0
439.797,0.0,91304.0,4015.0,49.0,131.289,7560298934.0
439.897,0.0,91304.0,4015.0,49.0,131.223,7560312031.0
439.997,0.0,91304.0,4015.0,49.0,131.17,7560325111.0
440.097,0.0,91304.0,4015.0,49.0,131.12,7560338195.0
440.197,0.0,91304.0,4015.0,49.0,131.074,7560351295.0
440.297,0.0,91304.0,4015.0,49.0,131.049,7560364376.0
440.397,0.0,91304.0,4015.0,49.0,130.995,7560390540.0
440.497,0.0,91304.0,4015.0,49.0,130.953,7560403605.0
440.597,0.0,91304.0,4015.0,49.0,130.919,7560416675.0
440.697,0.0,91304.0,4015.0,49.0,130.887,7560429736.0
440.797,0.0,91304.0,4015.0,49.0,130.863,7560442825.0
440.897,0.0,91304.0,4015.0,49.0,130.828,7560455879.0
440.997,0.0,91304.0,4015.0,49.0,130.789,7560468932.0
441.096,0.0,91304.0,4015.0,49.0,130.759,7560481981.0
441.197,0.0,91304.0,4015.0,49.0,130.735,7560495040.0
441.296,0.0,91304.0,4015.0,49.0,130.688,7560508093.0
441.397,0.0,91304.0,4015.0,49.0,130.663,7560521129.0
441.498,0.0,91304.0,4015.0,49.0,130.641,7560534174.0
441.597,0.0,91304.0,4015.0,49.0,130.621,7560547231.0
441.697,0.0,91304.0,4015.0,49.0,130.607,7560560272.0
441.797,0.0,91304.0,4015.0,49.0,130.557,7560573308.0
441.897,0.0,91304.0,4015.0,49.0,130.537,7560586344.0
441.997,0.0,91304.0,4015.0,49.0,130.534,7560599374.0
442.097,0.0,91304.0,4015.0,48.0,130.522,7560612411.0
442.197,0.0,91304.0,4015.0,48.0,130.522,7560625443.0
442.297,0.0,91304.0,4015.0,48.0,130.488,7560625443.0
442.397,0.0,91304.0,4015.0,48.0,130.469,7560638458.0
442.497,0.0,91304.0,4015.0,48.0,130.451,7560651485.0
442.596,0.0,91304.0,4015.0,48.0,130.451,7560664519.0
442.696,0.0,91304.0,4015.0,48.0,130.439,7560677562.0
442.797,0.0,91304.0,4015.0,48.0,130.417,7560690595.0
442.897,0.0,91304.0,4015.0,48.0,130.405,7560703624.0
442.997,0.0,91304.0,4015.0,48.0,130.369,7560716644.0
443.096,0.0,91304.0,4015.0,48.0,130.349,7560729653.0
443.197,0.0,91304.0,4015.0,48.0,130.343,7560742672.0
443.296,0.0,91304.0,4015.0,48.0,130.339,7560755691.0
443.396,0.0,91304.0,4015.0,48.0,130.34,7560768712.0
443.497,0.0,91304.0,4015.0,48.0,130.331,7560794767.0
443.598,0.0,91304.0,4015.0,48.0,130.313,7560807797.0
443.697,0.0,91304.0,4015.0,48.0,130.292,7560820811.0
443.797,0.0,91304.0,4015.0,48.0,130.282,7560833833.0
443.896,0.0,91304.0,4015.0,48.0,130.262,7560846843.0
443.997,0.0,91304.0,4015.0,48.0,130.25,7560859849.0
444.097,0.0,91304.0,4015.0,48.0,130.253,7560872867.0
444.197,0.0,91304.0,4015.0,48.0,130.23,7560885872.0
444.297,0.0,91304.0,4015.0,48.0,130.23,7560898890.0
444.397,0.0,91304.0,4015.0,48.0,130.217,7560911909.0
444.497,0.0,91304.0,4015.0,48.0,130.221,7560924931.0
444.596,0.0,91304.0,4015.0,48.0,130.215,7560937954.0
444.697,0.0,91304.0,4015.0,48.0,130.221,7560950974.0
444.797,0.0,91304.0,4015.0,48.0,130.218,7560963994.0
444.897,0.0,91304.0,4015.0,48.0,130.221,7560976995.0
444.997,0.0,91304.0,4015.0,48.0,130.236,7560990006.0
445.097,0.0,91304.0,4015.0,48.0,130.23,7561003019.0
445.197,0.0,91304.0,4015.0,48.0,130.237,7561016017.0
445.295,0.0,91304.0,4015.0,48.0,130.237,7561029039.0
445.397,0.0,91304.0,4015.0,48.0,130.222,7561029039.0
445.497,0.0,91304.0,4015.0,48.0,130.219,7561042044.0
445.597,0.0,91304.0,4015.0,48.0,130.208,7561055044.0
445.698,0.0,91304.0,4015.0,48.0,130.187,7561068047.0
445.797,0.0,91304.0,4015.0,48.0,130.171,7561081051.0
445.897,0.0,91304.0,4015.0,48.0,130.174,7561094069.0
445.997,0.0,91304.0,4015.0,48.0,130.178,7561107078.0
446.097,0.0,91304.0,4015.0,48.0,130.157,7561120084.0
446.197,0.0,91304.0,4015.0,48.0,130.153,7561146101.0
446.297,0.0,91304.0,4015.0,48.0,130.161,7561159128.0
446.397,0.0,91304.0,4015.0,48.0,130.157,7561172140.0
446.497,0.0,91304.0,4015.0,48.0,130.142,7561185117.0
446.597,0.0,91304.0,4015.0,48.0,130.151,7561198126.0
446.697,0.0,91304.0,4015.0,48.0,130.167,7561211134.0
446.797,0.0,91304.0,4015.0,48.0,130.141,7561224134.0
446.897,0.0,91304.0,4015.0,48.0,130.134,7561237128.0
446.997,0.0,91304.0,4015.0,48.0,130.103,7561250122.0
447.097,0.0,91304.0,4015.0,48.0,130.097,7561263111.0
447.197,0.0,91304.0,4015.0,48.0,130.088,7561276110.0
447.297,0.0,91304.0,4015.0,48.0,130.075,7561289119.0
447.397,0.0,91304.0,4015.0,48.0,130.053,7561302123.0
447.497,0.0,91304.0,4015.0,48.0,130.058,7561315113.0
447.597,0.0,91304.0,4015.0,48.0,130.07,7561328124.0
447.697,0.0,91304.0,4015.0,48.0,130.054,7561341121.0
447.797,0.0,91304.0,4015.0,48.0,130.057,7561354131.0
447.896,0.0,91304.0,4015.0,48.0,130.069,7561367141.0
447.997,0.0,91304.0,4015.0,48.0,130.075,7561380130.0
448.096,0.0,91304.0,4015.0,48.0,130.069,7561393138.0
448.196,0.0,91304.0,4015.0,48.0,130.095,7561393138.0
448.296,0.0,91304.0,4015.0,48.0,130.092,7561406154.0
448.397,0.0,91304.0,4015.0,48.0,130.086,7561419135.0
448.497,0.0,91304.0,4015.0,48.0,130.092,7561432126.0
448.597,0.0,91304.0,4015.0,48.0,130.082,7561445138.0
448.697,0.0,91304.0,4015.0,48.0,130.07,7561458134.0
448.797,0.0,91304.0,4015.0,48.0,130.062,7561471130.0
448.897,0.0,91304.0,4015.0,48.0,130.062,7561484127.0
448.997,0.0,91304.0,4015.0,48.0,130.053,7561497113.0
449.097,0.0,91304.0,4015.0,48.0,130.047,7561510109.0
449.197,0.0,91304.0,4015.0,48.0,130.021,7561523097.0
449.297,0.0,91304.0,4015.0,48.0,130.015,7561549079.0
449.397,0.0,91304.0,4015.0,48.0,130.015,7561562066.0
449.497,0.0,91304.0,4015.0,48.0,130.015,7561575057.0
449.598,0.0,91304.0,4015.0,48.0,130.001,7561588054.0
449.697,0.0,91304.0,4015.0,48.0,130.0,7561601046.0
449.797,0.0,91304.0,4015.0,48.0,130.011,7561614036.0
449.897,0.0,91304.0,4015.0,48.0,130.004,7561627038.0
449.997,0.0,91304.0,4015.0,48.0,130.0,7561640032.0
450.097,0.0,91304.0,4015.0,48.0,130.003,7561653019.0
450.197,0.0,91304.0,4015.0,48.0,130.004,7561666005.0
450.297,0.0,91304.0,4015.0,48.0,130.003,7561678995.0
450.396,0.0,91304.0,4015.0,48.0,130.01,7561692002.0
450.496,0.0,91304.0,4015.0,48.0,130.019,7561704993.0
450.597,0.0,91304.0,4015.0,48.0,130.023,7561717995.0
450.698,0.0,91304.0,4015.0,48.0,130.001,7561730986.0
450.797,0.0,91304.0,4015.0,48.0,130.01,7561743981.0
450.896,0.0,91304.0,4015.0,48.0,130.01,7561756970.0
450.997,0.0,91304.0,4015.0,48.0,130.01,7561769963.0
451.097,0.0,91304.0,4015.0,48.0,130.008,7561782955.0
451.197,0.0,91304.0,4015.0,48.0,130.0,7561782955.0
451.297,0.0,91304.0,4015.0,48.0,130.0,7561795939.0
451.397,0.0,91304.0,4015.0,48.0,129.999,7561808932.0
451.497,0.0,91304.0,4015.0,48.0,129.999,7561821913.0
451.596,0.0,91304.0,4015.0,48.0,129.965,7561834912.0
451.697,0.0,91304.0,4015.0,48.0,129.953,7561847899.0
451.797,0.0,91304.0,4015.0,48.0,129.942,7561860876.0
451.897,0.0,91304.0,4015.0,48.0,129.924,7561873863.0
451.996,0.0,91304.0,4015.0,48.0,129.937,7561886841.0
452.097,0.0,91304.0,4015.0,48.0,129.928,7561899837.0
452.197,0.0,91304.0,4015.0,48.0,129.933,7561912827.0
452.298,0.0,91304.0,4015.0,48.0,129.922,7561925813.0
452.397,0.0,91304.0,4015.0,48.0,129.877,7561951742.0
452.499,0.0,91304.0,4015.0,48.0,129.877,7561964735.0
452.597,0.0,91304.0,4015.0,48.0,129.866,7561977720.0
452.697,0.0,91304.0,4015.0,48.0,129.889,7561990711.0
452.798,0.0,91304.0,4015.0,48.0,129.891,7562003694.0
452.897,0.0,91304.0,4015.0,48.0,129.905,7562016670.0
452.997,0.0,91304.0,4015.0,48.0,129.886,7562029642.0
453.097,0.0,91304.0,4015.0,48.0,129.861,7562042629.0
453.197,0.0,91304.0,4015.0,48.0,129.874,7562055606.0
453.297,0.0,91304.0,4015.0,48.0,129.866,7562068587.0
453.397,0.0,91304.0,4015.0,48.0,129.849,7562081572.0
453.496,0.0,91304.0,4015.0,48.0,129.876,7562094540.0
453.597,0.0,91304.0,4015.0,48.0,129.857,7562107499.0
453.697,0.0,91304.0,4015.0,48.0,129.857,7562120489.0
453.797,0.0,91304.0,4015.0,48.0,129.858,7562133494.0
453.897,0.0,91304.0,4015.0,48.0,129.878,7562146472.0
453.997,0.0,91304.0,4015.0,48.0,129.89,7562159452.0
454.097,0.0,91304.0,4015.0,48.0,129.872,7562172431.0
454.197,0.0,91304.0,4015.0,48.0,129.86,7562185397.0
454.297,0.0,91304.0,4015.0,48.0,129.857,7562198377.0
454.397,0.0,91304.0,4015.0,48.0,129.86,7562211349.0
454.497,0.0,91304.0,4015.0,48.0,129.862,7562211349.0
454.597,0.0,91304.0,4015.0,48.0,129.868,7562224327.0
454.697,0.0,91304.0,4015.0,48.0,129.869,7562237314.0
454.797,0.0,91304.0,4015.0,48.0,129.86,7562250283.0
454.897,0.0,91304.0,4015.0,48.0,129.848,7562263270.0
454.997,0.0,91304.0,4015.0,48.0,129.84,7562276251.0
455.097,0.0,91304.0,4015.0,48.0,129.84,7562289226.0
455.197,0.0,91304.0,4015.0,48.0,129.852,7562302213.0
455.297,0.0,91304.0,4015.0,48.0,129.873,7562315190.0
455.397,0.0,91304.0,4015.0,48.0,129.875,7562328165.0
455.497,0.0,91304.0,4015.0,48.0,129.868,7562341139.0
455.596,0.0,91304.0,4015.0,48.0,129.856,7562354118.0
455.697,0.0,91304.0,4015.0,48.0,129.856,7562380065.0
455.797,0.0,91304.0,4015.0,48.0,129.856,7562393046.0
455.898,0.0,91304.0,4015.0,48.0,129.85,7562406016.0
455.997,0.0,91304.0,4015.0,48.0,129.841,7562418997.0
456.098,0.0,91304.0,4015.0,48.0,129.85,7562431967.0
456.197,0.0,91304.0,4015.0,48.0,129.826,7562444937.0
456.297,0.0,91304.0,4015.0,48.0,129.827,7562457912.0
456.397,0.0,91304.0,4015.0,48.0,129.812,7562470882.0
456.497,0.0,91304.0,4015.0,48.0,129.798,7562483860.0
456.597,0.0,91304.0,4015.0,48.0,129.818,7562496825.0
456.698,0.0,91304.0,4015.0,48.0,129.821,7562509800.0
456.797,0.0,91304.0,4015.0,48.0,129.827,7562522771.0
456.896,0.0,91304.0,4015.0,48.0,129.804,7562535740.0
456.996,0.0,91304.0,4015.0,48.0,129.807,7562548708.0
457.097,0.0,91304.0,4015.0,48.0,129.79,7562561668.0
457.197,0.0,91304.0,4015.0,48.0,129.776,7562574647.0
457.297,0.0,91304.0,4015.0,48.0,129.78,7562587614.0
457.397,0.0,91304.0,4015.0,48.0,129.778,7562600577.0
457.497,0.0,91304.0,4015.0,48.0,129.769,7562600577.0
457.598,0.0,91304.0,4015.0,48.0,129.747,7562613550.0
457.697,0.0,91304.0,4015.0,48.0,129.75,7562626533.0
457.797,0.0,91304.0,4015.0,48.0,129.741,7562639503.0
457.897,0.0,91304.0,4015.0,48.0,129.758,7562652474.0
457.997,0.0,91304.0,4015.0,48.0,129.765,7562665440.0
458.097,0.0,91304.0,4015.0,48.0,129.782,7562678413.0
458.197,0.0,91304.0,4015.0,48.0,129.776,7562691384.0
458.297,0.0,91304.0,4015.0,48.0,129.768,7562704341.0
458.397,0.0,91304.0,4015.0,48.0,129.783,7562717303.0
458.496,0.0,91304.0,4015.0,48.0,129.784,7562730278.0
458.597,0.0,91304.0,4015.0,48.0,129.781,7562743246.0
458.697,0.0,91304.0,4015.0,48.0,129.795,7562769187.0
458.797,0.0,91304.0,4015.0,48.0,129.785,7562782165.0
458.897,0.0,91304.0,4015.0,48.0,129.773,7562795128.0
458.997,0.0,91304.0,4015.0,48.0,129.777,7562808103.0
459.097,0.0,91304.0,4015.0,48.0,129.785,7562821087.0
459.197,0.0,91304.0,4015.0,48.0,129.82,7562834078.0
459.297,0.0,91304.0,4015.0,48.0,129.829,7562847032.0
459.397,0.0,91304.0,4015.0,48.0,129.823,7562859998.0
459.497,0.0,91304.0,4015.0,48.0,129.823,7562872974.0
459.597,0.0,91304.0,4015.0,48.0,129.82,7562885940.0
459.697,0.0,91304.0,4015.0,48.0,129.806,7562898899.0
459.797,0.0,91304.0,4015.0,48.0,129.795,7562911864.0
459.911,0.0,91304.0,4015.0,48.0,129.81,7562924833.0
459.997,0.0,91304.0,4015.0,48.0,129.795,7562937800.0
460.097,0.0,91304.0,4015.0,48.0,129.795,7562950763.0
460.197,0.0,91304.0,4015.0,48.0,129.792,7562963745.0
460.297,0.0,91304.0,4015.0,48.0,129.775,7562976696.0
460.397,0.0,91304.0,4015.0,48.0,129.758,7562989657.0
460.497,0.0,91304.0,4015.0,48.0,129.757,7563002628.0
460.595,0.0,91304.0,4015.0,48.0,129.753,7563015600.0
460.697,0.0,91304.0,4015.0,48.0,129.759,7563028557.0
460.797,0.0,91304.0,4015.0,48.0,129.759,7563028557.0
460.897,0.0,91304.0,4015.0,48.0,129.755,7563041517.0
460.997,0.0,91304.0,4015.0,48.0,129.763,7563054496.0
461.097,0.0,91304.0,4015.0,48.0,129.752,7563067464.0
461.197,0.0,91304.0,4015.0,48.0,129.745,7563080417.0
461.297,0.0,91304.0,4015.0,48.0,129.76,7563093401.0
461.397,0.0,91304.0,4015.0,48.0,129.774,7563106371.0
461.497,0.0,91304.0,4015.0,48.0,129.768,7563119344.0
461.597,0.0,91304.0,4015.0,48.0,129.752,7563132300.0
461.697,0.0,91304.0,4015.0,48.0,129.748,7563145251.0
461.797,0.0,91304.0,4015.0,48.0,129.741,7563158216.0
461.898,0.0,91304.0,4015.0,48.0,129.736,7563171169.0
461.996,0.0,91304.0,4015.0,48.0,129.733,7563197117.0
462.097,0.0,91304.0,4015.0,48.0,129.733,7563210074.0
462.197,0.0,91304.0,4015.0,48.0,129.702,7563223040.0
462.297,0.0,91304.0,4015.0,48.0,129.713,7563236019.0
462.397,0.0,91304.0,4015.0,48.0,129.729,7563249002.0
462.497,0.0,91304.0,4015.0,48.0,129.742,7563261968.0
462.597,0.0,91304.0,4015.0,48.0,129.748,7563274946.0
462.697,0.0,91304.0,4015.0,48.0,129.753,7563287917.0
462.797,0.0,91304.0,4015.0,48.0,129.762,7563300887.0
462.896,0.0,91304.0,4015.0,48.0,129.768,7563313852.0
462.997,0.0,91304.0,4015.0,48.0,129.757,7563326808.0
463.097,0.0,91304.0,4015.0,48.0,129.766,7563339779.0
463.197,0.0,91304.0,4015.0,48.0,129.771,7563352744.0
463.297,0.0,91304.0,4015.0,48.0,129.767,7563365706.0
463.397,0.0,91304.0,4015.0,48.0,129.753,7563378677.0
463.497,0.0,91304.0,4015.0,48.0,129.734,7563391632.0
463.597,0.0,91304.0,4015.0,48.0,129.732,7563404606.0
463.696,0.0,91304.0,4015.0,48.0,129.748,7563417582.0
463.797,0.0,91304.0,4015.0,48.0,129.749,7563430560.0
463.897,0.0,91304.0,4015.0,48.0,129.75,7563443529.0
463.997,0.0,91304.0,4015.0,48.0,129.75,7563456522.0
464.097,0.0,91304.0,4015.0,48.0,129.766,7563456522.0
464.197,0.0,91304.0,4015.0,48.0,129.785,7563469500.0
464.296,0.0,91304.0,4015.0,48.0,129.8,7563482479.0
464.397,0.0,91304.0,4015.0,48.0,129.779,7563495430.0
464.497,0.0,91304.0,4015.0,48.0,129.768,7563508383.0
464.597,0.0,91304.0,4015.0,48.0,129.772,7563521347.0
464.697,0.0,91304.0,4015.0,48.0,129.771,7563534298.0
464.797,0.0,91304.0,4015.0,48.0,129.76,7563547264.0
464.897,0.0,91304.0,4015.0,48.0,129.739,7563560222.0
464.997,0.0,91304.0,4015.0,48.0,129.732,7563573187.0
465.096,0.0,91304.0,4015.0,48.0,129.724,7563586159.0
465.197,0.0,91304.0,4015.0,48.0,129.686,7563612074.0
465.297,0.0,91304.0,4015.0,48.0,129.674,7563625045.0
465.397,0.0,91304.0,4015.0,48.0,129.685,7563638010.0
465.497,0.0,91304.0,4015.0,48.0,129.691,7563650971.0
465.597,0.0,91304.0,4015.0,48.0,129.691,7563663948.0
465.697,0.0,91304.0,4015.0,48.0,129.692,7563676922.0
465.796,0.0,91304.0,4015.0,48.0,129.709,7563689891.0
465.897,0.0,91304.0,4015.0,48.0,129.716,7563702853.0
465.997,0.0,91304.0,4015.0,48.0,129.729,7563715815.0
466.097,0.0,91304.0,4015.0,48.0,129.723,7563728789.0
466.197,0.0,91304.0,4015.0,48.0,129.743,7563741752.0
466.297,0.0,91304.0,4015.0,48.0,129.756,7563754730.0
466.397,0.0,91304.0,4015.0,48.0,129.771,7563767715.0
466.497,0.0,91304.0,4015.0,48.0,129.776,7563780668.0
466.597,0.0,91304.0,4015.0,48.0,129.763,7563793627.0
466.697,0.0,91304.0,4015.0,48.0,129.743,7563806585.0
466.797,0.0,91304.0,4015.0,48.0,129.751,7563819566.0
466.895,0.0,91304.0,4015.0,48.0,129.742,7563832538.0
466.995,0.0,91304.0,4015.0,48.0,129.742,7563845504.0
467.097,0.0,91304.0,4015.0,48.0,129.742,7563858478.0
467.196,0.0,91304.0,4015.0,48.0,129.754,7563858478.0
467.296,0.0,91304.0,4015.0,48.0,129.736,7563871448.0
467.397,0.0,91304.0,4015.0,48.0,129.722,7563884415.0
467.497,0.0,91304.0,4015.0,48.0,129.715,7563897385.0
467.597,0.0,91304.0,4015.0,48.0,129.724,7563910348.0
467.697,0.0,91304.0,4015.0,48.0,129.741,7563923303.0
467.797,0.0,91304.0,4015.0,48.0,129.724,7563936276.0
467.897,0.0,91304.0,4015.0,48.0,129.712,7563949230.0
467.997,0.0,91304.0,4015.0,48.0,129.712,7563962194.0
468.097,0.0,91304.0,4015.0,48.0,129.734,7563975158.0
468.197,0.0,91304.0,4015.0,48.0,129.734,7563988127.0
468.297,0.0,91304.0,4015.0,48.0,129.733,7564014086.0
468.397,0.0,91304.0,4015.0,48.0,129.74,7564027045.0
468.497,0.0,91304.0,4015.0,48.0,129.725,7564040012.0
468.597,0.0,91304.0,4015.0,48.0,129.745,7564052987.0
468.697,0.0,91304.0,4015.0,48.0,129.761,7564065957.0
468.796,0.0,91304.0,4015.0,48.0,129.761,7564078923.0
468.897,0.0,91304.0,4015.0,48.0,129.755,7564091891.0
468.996,0.0,91304.0,4015.0,48.0,129.761,7564104858.0
469.097,0.0,91304.0,4015.0,48.0,129.752,7564117820.0
469.197,0.0,91304.0,4015.0,48.0,129.738,7564130797.0
469.297,0.0,91304.0,4015.0,48.0,129.74,7564143778.0
469.397,0.0,91304.0,4015.0,48.0,129.753,7564156741.0
469.496,0.0,91304.0,4015.0,48.0,129.752,7564169707.0
469.597,0.0,91304.0,4015.0,48.0,129.743,7564182683.0
469.697,0.0,91304.0,4015.0,48.0,129.741,7564195637.0
469.797,0.0,91304.0,4015.0,48.0,129.732,7564208610.0
469.897,0.0,91304.0,4015.0,48.0,129.726,7564221571.0
469.997,0.0,91304.0,4015.0,48.0,129.721,7564234541.0
470.097,0.0,91304.0,4015.0,48.0,129.73,7564247499.0
470.196,0.0,91304.0,4015.0,48.0,129.719,7564247499.0
470.296,0.0,91304.0,4015.0,48.0,129.707,7564260446.0
470.396,0.0,91304.0,4015.0,48.0,129.69,7564273415.0
470.495,0.0,91304.0,4015.0,48.0,129.701,7564286377.0
470.597,0.0,91304.0,4015.0,48.0,129.71,7564299354.0
470.697,0.0,91304.0,4015.0,48.0,129.696,7564312293.0
470.796,0.0,91304.0,4015.0,48.0,129.684,7564325241.0
470.897,0.0,91304.0,4015.0,48.0,129.681,7564338218.0
470.997,0.0,91304.0,4015.0,48.0,129.678,7564351155.0
471.097,0.0,91304.0,4015.0,48.0,129.69,7564364134.0
471.196,0.0,91304.0,4015.0,48.0,129.673,7564377093.0
471.297,0.0,91304.0,4015.0,48.0,129.668,7564390046.0
471.397,0.0,91304.0,4015.0,48.0,129.644,7564415949.0
471.496,0.0,91304.0,4015.0,48.0,129.633,7564428912.0
471.597,0.0,91304.0,4015.0,48.0,129.641,7564441873.0
471.696,0.0,91304.0,4015.0,48.0,129.647,7564454839.0
471.797,0.0,91304.0,4015.0,48.0,129.664,7564467803.0
471.897,0.0,91304.0,4015.0,48.0,129.687,7564480781.0
471.997,0.0,91304.0,4015.0,48.0,129.678,7564493738.0
472.098,0.0,91304.0,4015.0,48.0,129.69,7564506696.0
472.197,0.0,91304.0,4015.0,48.0,129.719,7564519676.0
472.297,0.0,91304.0,4015.0,48.0,129.728,7564532655.0
472.397,0.0,91304.0,4015.0,48.0,129.759,7564545621.0
472.497,0.0,91304.0,4015.0,48.0,129.759,7564558584.0
472.597,0.0,91304.0,4015.0,48.0,129.755,7564571531.0
472.695,0.0,91304.0,4015.0,48.0,129.735,7564584485.0
472.796,0.0,91304.0,4015.0,48.0,129.732,7564597450.0
472.895,0.0,91304.0,4015.0,48.0,129.731,7564610427.0
472.997,0.0,91304.0,4015.0,48.0,129.72,7564623394.0
473.095,0.0,91304.0,4015.0,48.0,129.72,7564636367.0
473.196,0.0,91304.0,4015.0,48.0,129.72,7564649331.0
473.297,0.0,91304.0,4015.0,48.0,129.713,7564662297.0
473.397,0.0,91304.0,4015.0,48.0,129.708,7564662297.0
473.497,0.0,91304.0,4015.0,48.0,129.699,7564675263.0
473.597,0.0,91304.0,4015.0,48.0,129.72,7564688235.0
473.697,0.0,91304.0,4015.0,48.0,129.736,7564701195.0
473.797,0.0,91304.0,4015.0,48.0,129.745,7564714152.0
473.897,0.0,91304.0,4015.0,48.0,129.75,7564727131.0
473.997,0.0,91304.0,4015.0,48.0,129.744,7564740085.0
474.095,0.0,91304.0,4015.0,48.0,129.759,7564753048.0
474.197,0.0,91304.0,4015.0,48.0,129.762,7564766030.0
474.297,0.0,91304.0,4015.0,48.0,129.752,7564778988.0
474.397,0.0,91304.0,4015.0,48.0,129.752,7564791955.0
474.497,0.0,91304.0,4015.0,48.0,129.753,7564817885.0
474.597,0.0,91304.0,4015.0,48.0,129.736,7564830855.0
474.696,0.0,91304.0,4015.0,48.0,129.744,7564843818.0
474.797,0.0,91304.0,4015.0,48.0,129.723,7564856777.0
474.897,0.0,91304.0,4015.0,48.0,129.731,7564869731.0
474.997,0.0,91304.0,4015.0,48.0,129.711,7564882696.0
475.097,0.0,91304.0,4015.0,48.0,129.7,7564895663.0
475.197,0.0,91304.0,4015.0,48.0,129.716,7564908640.0
475.297,0.0,91304.0,4015.0,48.0,129.711,7564921600.0
475.397,0.0,91304.0,4015.0,48.0,129.715,7564934577.0
475.497,0.0,91304.0,4015.0,48.0,129.725,7564947545.0
475.597,0.0,91304.0,4015.0,48.0,129.719,7564960513.0
475.697,5.0,91304.0,4015.0,48.0,135.019,7564973462.0
475.797,5.0,91304.0,4015.0,55.0,185.607,7565030368.0
475.897,88.0,91304.0,4015.0,59.0,233.889,7565030368.0
475.997,88.0,91304.0,4015.0,61.0,286.661,7565095990.0
476.097,88.0,91304.0,4015.0,61.0,286.661,7565157051.0
476.198,100.0,91304.0,4015.0,63.0,330.785,7565223851.0
476.297,100.0,91304.0,4015.0,64.0,397.529,7565292068.0
476.398,100.0,91304.0,4015.0,65.0,452.19,7565361211.0
476.497,100.0,91304.0,4015.0,66.0,506.538,7565428841.0
476.597,100.0,91304.0,4015.0,66.0,552.852,7565566188.0
476.697,100.0,91304.0,4015.0,66.0,616.45,7565634821.0
476.797,100.0,91304.0,4015.0,67.0,666.821,7565704743.0
476.897,100.0,91304.0,4015.0,67.0,672.939,7565772547.0
476.997,100.0,91304.0,4015.0,67.0,679.559,7565839852.0
477.095,100.0,91304.0,4015.0,68.0,682.709,7565908327.0
477.197,100.0,91304.0,4015.0,68.0,683.593,7565976313.0
477.297,100.0,91304.0,4015.0,68.0,681.792,7566043660.0
477.396,100.0,91304.0,4015.0,69.0,681.985,7566105831.0
477.496,100.0,91304.0,4015.0,69.0,675.876,7566171903.0
477.597,100.0,91304.0,4015.0,70.0,676.279,7566171903.0
477.697,100.0,91304.0,4015.0,70.0,676.734,7566240714.0
477.797,100.0,91304.0,4015.0,70.0,676.741,7566309027.0
477.897,100.0,91304.0,4015.0,70.0,674.543,7566376809.0
477.997,100.0,91304.0,4015.0,70.0,674.49,7566445680.0
478.097,100.0,91304.0,4015.0,70.0,673.707,7566513803.0
478.197,100.0,91304.0,4015.0,70.0,673.707,7566582052.0
478.297,100.0,91304.0,4015.0,71.0,674.185,7566650953.0
478.397,100.0,91304.0,4015.0,71.0,674.454,7566719696.0
478.497,100.0,91304.0,4015.0,71.0,682.713,7566857204.0
478.597,100.0,91304.0,4015.0,71.0,682.367,7566926139.0
478.697,100.0,91304.0,4015.0,71.0,682.717,7566995194.0
478.797,100.0,91304.0,4015.0,71.0,680.144,7567064719.0
478.897,100.0,91304.0,4015.0,71.0,681.943,7567125349.0
478.997,87.0,91304.0,4015.0,71.0,672.555,7567194782.0
479.097,87.0,91304.0,4015.0,71.0,673.58,7567264833.0
479.196,100.0,91304.0,4015.0,72.0,674.768,7567334603.0
479.297,100.0,91304.0,4015.0,72.0,675.201,7567403479.0
479.396,100.0,91304.0,4015.0,72.0,675.143,7567473536.0
479.497,100.0,91304.0,4015.0,72.0,676.217,7567542858.0
479.598,100.0,91304.0,4015.0,72.0,676.463,7567612517.0
479.697,100.0,91304.0,4015.0,72.0,677.153,7567681345.0
479.797,100.0,91304.0,4015.0,72.0,678.572,7567750496.0
479.897,100.0,91304.0,4015.0,72.0,688.634,7567750496.0
479.997,100.0,91304.0,4015.0,72.0,688.748,7567819933.0
480.097,100.0,91304.0,4015.0,72.0,688.065,7567888701.0
480.197,100.0,91304.0,4015.0,72.0,687.69,7567956891.0
480.297,100.0,91304.0,4015.0,72.0,689.3,7568025853.0
480.397,100.0,91304.0,4015.0,72.0,689.3,7568095078.0
480.497,100.0,91304.0,4015.0,72.0,681.289,7568157090.0
480.597,100.0,91304.0,4015.0,71.0,681.009,7568224859.0
480.696,100.0,91304.0,4015.0,71.0,677.543,7568290242.0
480.797,96.0,91304.0,4015.0,71.0,663.101,7568395182.0
480.897,96.0,91304.0,4015.0,67.0,637.962,7568438632.0
480.997,97.0,91304.0,4015.0,66.0,615.051,7568482469.0
481.096,97.0,91304.0,4015.0,65.0,588.547,7568524845.0
481.197,96.0,91304.0,4015.0,65.0,565.342,7568567357.0
481.297,96.0,91304.0,4015.0,63.0,539.715,7568607910.0
481.398,97.0,91304.0,4015.0,63.0,512.226,7568648721.0
481.498,97.0,91304.0,4015.0,62.0,487.464,7568690421.0
481.597,97.0,91304.0,4015.0,63.0,455.902,7568730613.0
481.697,97.0,91304.0,4015.0,62.0,435.348,7568770855.0
481.797,94.0,91304.0,4015.0,61.0,421.584,7568809473.0
481.897,94.0,91304.0,4015.0,61.0,415.308,7568846494.0
481.996,95.0,91304.0,4015.0,60.0,398.736,7568882549.0
482.096,98.0,91304.0,4015.0,59.0,391.176,7568917455.0
482.195,98.0,91304.0,4015.0,59.0,382.604,7568917455.0
482.297,96.0,91304.0,4015.0,58.0,375.931,7568951187.0
482.397,96.0,91304.0,4015.0,58.0,368.738,7568985288.0
482.497,95.0,91304.0,4015.0,58.0,357.995,7569017832.0
482.597,95.0,91304.0,4015.0,57.0,349.806,7569050801.0
482.704,95.0,91304.0,4015.0,57.0,349.806,7569083626.0
482.797,97.0,91304.0,4015.0,57.0,342.623,7569116293.0
482.898,97.0,91304.0,4015.0,57.0,338.389,7569148841.0
482.997,96.0,91304.0,4015.0,57.0,333.08,7569181767.0
483.098,96.0,91304.0,4015.0,57.0,329.868,7569246246.0
483.197,94.0,91304.0,4015.0,57.0,328.045,7569278356.0
483.297,94.0,91304.0,4015.0,57.0,326.948,7569311000.0
483.397,95.0,91304.0,4015.0,57.0,325.519,7569343678.0
483.497,95.0,91304.0,4015.0,56.0,325.369,7569376339.0
483.597,95.0,91304.0,4015.0,56.0,325.357,7569408903.0
483.697,95.0,91304.0,4015.0,56.0,325.312,7569441692.0
483.797,97.0,91304.0,4015.0,56.0,325.061,7569473911.0
483.897,97.0,91304.0,4015.0,56.0,324.229,7569506122.0
483.997,95.0,91304.0,4015.0,56.0,324.239,7569538794.0
484.097,95.0,91304.0,4015.0,56.0,324.692,7569570834.0
484.198,97.0,91304.0,4015.0,56.0,324.521,7569602789.0
484.296,97.0,91304.0,4015.0,56.0,324.477,7569635120.0
484.397,95.0,91304.0,4015.0,56.0,323.648,7569667378.0
484.497,96.0,91304.0,4015.0,56.0,323.623,7569699639.0
484.597,96.0,91304.0,4015.0,56.0,323.286,7569699639.0
484.697,98.0,91304.0,4015.0,56.0,322.527,7569732481.0
484.797,98.0,91304.0,4015.0,56.0,322.709,7569764360.0
484.897,96.0,91304.0,4015.0,56.0,322.927,7569796409.0
484.997,96.0,91304.0,4015.0,56.0,322.638,7569828615.0
485.096,96.0,91304.0,4015.0,56.0,322.638,7569861123.0
485.196,97.0,91304.0,4015.0,56.0,323.392,7569893606.0
485.297,97.0,91304.0,4015.0,56.0,323.488,7569926105.0
485.397,96.0,91304.0,4015.0,56.0,323.688,7569958338.0
485.496,96.0,91304.0,4015.0,56.0,323.547,7570023183.0
485.597,96.0,91304.0,4015.0,56.0,324.129,7570055663.0
485.697,96.0,91304.0,4015.0,56.0,323.881,7570087784.0
485.797,98.0,91304.0,4015.0,56.0,324.172,7570120046.0
485.897,98.0,91304.0,4015.0,56.0,324.372,7570152622.0
485.997,96.0,91304.0,4015.0,56.0,324.476,7570184398.0
486.097,96.0,91304.0,4015.0,56.0,323.903,7570216439.0
486.197,97.0,91304.0,4015.0,56.0,323.183,7570248431.0
486.297,97.0,91304.0,4015.0,56.0,323.318,7570281190.0
486.397,95.0,91304.0,4015.0,56.0,323.288,7570313590.0
486.497,95.0,91304.0,4015.0,56.0,323.493,7570346470.0
486.597,95.0,91304.0,4015.0,55.0,323.361,7570378740.0
486.697,95.0,91304.0,4015.0,56.0,323.405,7570410854.0
486.797,98.0,91304.0,4015.0,55.0,323.086,7570443189.0
486.897,96.0,91304.0,4015.0,55.0,323.148,7570475688.0
486.997,96.0,91304.0,4015.0,55.0,319.339,7570475688.0
487.097,0.0,91304.0,4015.0,53.0,301.912,7570508392.0
487.197,0.0,91304.0,4015.0,52.0,282.962,7570526575.0
487.297,0.0,91304.0,4015.0,52.0,265.33,7570540310.0
487.396,0.0,91304.0,4015.0,51.0,245.028,7570553850.0
487.497,0.0,91304.0,4015.0,51.0,245.028,7570567352.0
487.597,0.0,91304.0,4015.0,51.0,227.42,7570580824.0
487.697,0.0,91304.0,4015.0,51.0,209.274,7570594248.0
487.797,0.0,91304.0,4015.0,51.0,191.306,7570621046.0
487.897,0.0,91304.0,4015.0,50.0,172.387,7570634420.0
487.997,0.0,91304.0,4015.0,50.0,153.654,7570650077.0
488.097,0.0,91304.0,4015.0,57.0,154.791,7570696712.0
488.197,97.0,91304.0,4015.0,58.0,180.228,7570749648.0
488.297,97.0,91304.0,4015.0,63.0,232.065,7570816594.0
488.397,100.0,91304.0,4015.0,64.0,280.292,7570885427.0
488.497,100.0,91304.0,4015.0,65.0,335.901,7570952491.0
488.597,100.0,91304.0,4015.0,66.0,387.881,7571020065.0
488.698,100.0,91304.0,4015.0,67.0,450.542,7571089079.0
488.797,100.0,91304.0,4015.0,67.0,503.67,7571158210.0
488.897,100.0,91304.0,4015.0,67.0,560.158,7571224814.0
488.997,100.0,91304.0,4015.0,68.0,612.988,7571224814.0
489.097,100.0,91304.0,4015.0,68.0,649.841,7571293693.0
489.198,100.0,91304.0,4015.0,69.0,672.617,7571360469.0
489.297,100.0,91304.0,4015.0,70.0,680.493,7571430362.0
489.397,100.0,91304.0,4015.0,71.0,685.793,7571498151.0
489.497,100.0,91304.0,4015.0,71.0,684.71,7571567834.0
489.598,100.0,91304.0,4015.0,71.0,687.32,7571637131.0
489.697,100.0,91304.0,4015.0,70.0,677.604,7571766669.0
489.797,100.0,91304.0,4015.0,71.0,677.283,7571835731.0
489.897,100.0,91304.0,4015.0,71.0,676.01,7571905579.0
489.997,100.0,91304.0,4015.0,71.0,678.284,7571975217.0
490.097,100.0,91304.0,4015.0,71.0,678.163,7572044770.0
490.197,100.0,91304.0,4015.0,71.0,678.7,7572114693.0
490.297,100.0,91304.0,4015.0,72.0,677.655,7572184742.0
490.397,100.0,91304.0,4015.0,72.0,676.704,7572253882.0
490.497,100.0,91304.0,4015.0,72.0,676.119,7572323094.0
490.597,100.0,91304.0,4015.0,72.0,684.821,7572392812.0
490.697,100.0,91304.0,4015.0,72.0,686.313,7572461669.0
490.797,100.0,91304.0,4015.0,72.0,687.259,7572531061.0
490.897,100.0,91304.0,4015.0,72.0,687.259,7572600434.0
490.997,100.0,91304.0,4015.0,72.0,687.509,7572669804.0
491.097,100.0,91304.0,4015.0,72.0,686.532,7572669804.0
491.196,91.0,91304.0,4015.0,71.0,679.161,7572731560.0
491.297,91.0,91304.0,4015.0,71.0,678.252,7572798176.0
491.397,100.0,91304.0,4015.0,71.0,678.275,7572866263.0
491.497,100.0,91304.0,4015.0,72.0,676.161,7572934429.0
491.597,100.0,91304.0,4015.0,72.0,675.379,7573002690.0
491.697,100.0,91304.0,4015.0,72.0,676.001,7573140714.0
491.797,100.0,91304.0,4015.0,72.0,676.645,7573209451.0
491.897,100.0,91304.0,4015.0,71.0,675.98,7573277996.0
491.997,100.0,91304.0,4015.0,72.0,675.403,7573346481.0
492.096,100.0,91304.0,4015.0,72.0,674.715,7573415152.0
492.197,100.0,91304.0,4015.0,69.0,679.042,7573468619.0
492.296,100.0,91304.0,4015.0,67.0,656.636,7573512189.0
492.397,97.0,91304.0,4015.0,66.0,631.026,7573554715.0
492.497,97.0,91304.0,4015.0,65.0,603.28,7573554715.0
492.597,97.0,91304.0,4015.0,64.0,575.122,7573597254.0
492.697,97.0,91304.0,4015.0,64.0,551.158,7573640211.0
492.797,97.0,91304.0,4015.0,63.0,524.602,7573682022.0
492.897,97.0,91304.0,4015.0,63.0,494.136,7573723446.0
492.997,97.0,91304.0,4015.0,62.0,470.532,7573764470.0
493.097,97.0,91304.0,4015.0,62.0,436.941,7573804916.0
493.197,97.0,91304.0,4015.0,62.0,418.997,7573885558.0
493.297,97.0,91304.0,4015.0,61.0,412.989,7573924886.0
493.397,95.0,91304.0,4015.0,61.0,409.935,7573962692.0
493.497,95.0,91304.0,4015.0,60.0,396.727,7573999199.0
493.597,95.0,91304.0,4015.0,60.0,396.727,7574034905.0
493.697,95.0,91304.0,4015.0,59.0,388.982,7574069051.0
493.797,98.0,91304.0,4015.0,59.0,382.54,7574103277.0
493.897,98.0,91304.0,4015.0,58.0,374.541,7574137022.0
493.997,95.0,91304.0,4015.0,58.0,368.433,7574170620.0
494.098,95.0,91304.0,4015.0,58.0,363.031,7574203871.0
494.197,96.0,91304.0,4015.0,58.0,356.996,7574237654.0
494.297,96.0,91304.0,4015.0,58.0,348.747,7574270033.0
494.397,98.0,91304.0,4015.0,58.0,343.932,7574303277.0
494.497,98.0,91304.0,4015.0,57.0,338.688,7574335247.0
494.597,96.0,91304.0,4015.0,57.0,335.779,7574335247.0
494.697,96.0,91304.0,4015.0,57.0,333.751,7574368374.0
494.796,96.0,91304.0,4015.0,57.0,331.672,7574400834.0
494.897,96.0,91304.0,4015.0,57.0,330.109,7574433245.0
494.997,96.0,91304.0,4015.0,57.0,328.569,7574466172.0
495.097,96.0,91304.0,4015.0,57.0,327.642,7574498270.0
495.195,95.0,91304.0,4015.0,57.0,325.86,7574530509.0
495.297,95.0,91304.0,4015.0,57.0,326.128,7574562773.0
495.397,98.0,91304.0,4015.0,56.0,320.183,7574595098.0
495.498,98.0,91304.0,4015.0,54.0,302.697,7574630277.0
495.597,0.0,91304.0,4015.0,53.0,283.981,7574643911.0
495.697,0.0,91304.0,4015.0,53.0,265.975,7574675125.0
495.797,63.0,91304.0,4015.0,63.0,296.837,7574741059.0
495.897,63.0,91304.0,4015.0,63.0,296.837,7574798975.0
495.997,87.0,91304.0,4015.0,65.0,355.689,7574866955.0
496.097,87.0,91304.0,4015.0,66.0,391.437,7574934602.0
496.197,100.0,91304.0,4015.0,67.0,426.265,7575001600.0
496.297,100.0,91304.0,4015.0,68.0,461.224,7575068742.0
496.397,100.0,91304.0,4015.0,68.0,504.07,7575137278.0
496.497,100.0,91304.0,4015.0,69.0,557.837,7575137278.0
496.597,100.0,91304.0,4015.0,69.0,611.597,7575205462.0
496.697,100.0,91304.0,4015.0,69.0,654.86,7575272471.0
496.797,100.0,91304.0,4015.0,70.0,669.27,7575340227.0
496.897,100.0,91304.0,4015.0,70.0,671.657,7575408928.0
496.997,100.0,91304.0,4015.0,70.0,681.114,7575477125.0
497.097,100.0,91304.0,4015.0,70.0,680.442,7575546737.0
497.197,100.0,91304.0,4015.0,70.0,681.347,7575615689.0
497.297,100.0,91304.0,4015.0,70.0,680.88,7575752141.0
497.397,100.0,91304.0,4015.0,68.0,673.645,7575811975.0
497.497,100.0,91304.0,4015.0,71.0,672.98,7575880909.0
497.597,100.0,91304.0,4015.0,71.0,675.252,7575949035.0
497.697,100.0,91304.0,4015.0,71.0,674.514,7576016974.0
497.797,100.0,91304.0,4015.0,71.0,674.631,7576086389.0
497.897,100.0,91304.0,4015.0,71.0,674.631,7576154543.0
497.997,100.0,91304.0,4015.0,71.0,675.337,7576223182.0
498.097,100.0,91304.0,4015.0,71.0,676.178,7576292483.0
498.197,100.0,91304.0,4015.0,71.0,676.742,7576362268.0
498.298,100.0,91304.0,4015.0,72.0,678.124,7576430494.0
498.397,100.0,91304.0,4015.0,72.0,685.066,7576500102.0
498.497,100.0,91304.0,4015.0,72.0,686.378,7576569272.0
498.597,100.0,91304.0,4015.0,72.0,686.235,7576569272.0
498.697,100.0,91304.0,4015.0,72.0,688.023,7576638287.0
498.797,100.0,91304.0,4015.0,72.0,686.271,7576706485.0
498.897,100.0,91304.0,4015.0,70.0,679.263,7576774602.0
498.997,90.0,91304.0,4015.0,72.0,680.694,7576835505.0
499.097,90.0,91304.0,4015.0,72.0,683.76,7576905870.0
499.197,100.0,91304.0,4015.0,71.0,685.807,7576977732.0
499.297,100.0,91304.0,4015.0,72.0,683.078,7577047549.0
499.397,100.0,91304.0,4015.0,73.0,682.231,7577183929.0
499.496,100.0,91304.0,4015.0,73.0,685.432,7577255366.0
499.597,100.0,91304.0,4015.0,73.0,685.808,7577323596.0
499.697,100.0,91304.0,4015.0,73.0,684.435,7577390447.0
499.797,100.0,91304.0,4015.0,72.0,686.648,7577459765.0
499.897,100.0,91304.0,4015.0,72.0,689.052,7577525006.0
499.997,100.0,91304.0,4015.0,72.0,688.139,7577593237.0
500.097,100.0,91304.0,4015.0,72.0,688.139,7577660733.0
500.197,100.0,91304.0,4015.0,72.0,683.172,7577729117.0
500.297,100.0,91304.0,4015.0,72.0,685.123,7577793179.0
500.397,96.0,91304.0,4015.0,68.0,664.172,7577793179.0
500.496,96.0,91304.0,4015.0,67.0,638.021,7577839009.0
500.597,97.0,91304.0,4015.0,66.0,615.245,7577883105.0
500.697,97.0,91304.0,4015.0,66.0,586.677,7577928448.0
500.797,97.0,91304.0,4015.0,65.0,566.019,7577972638.0
500.897,97.0,91304.0,4015.0,65.0,545.907,7578016694.0
500.997,97.0,91304.0,4015.0,64.0,517.549,7578058882.0
501.097,97.0,91304.0,4015.0,64.0,490.114,7578100388.0
501.197,97.0,91304.0,4015.0,63.0,465.31,7578141095.0
501.297,97.0,91304.0,4015.0,63.0,438.759,7578222610.0
501.397,95.0,91304.0,4015.0,62.0,425.219,7578260193.0
501.497,95.0,91304.0,4015.0,61.0,418.037,7578297127.0
501.598,95.0,91304.0,4015.0,61.0,409.976,7578333591.0
501.697,95.0,91304.0,4015.0,60.0,400.558,7578369519.0
501.797,95.0,91304.0,4015.0,60.0,393.161,7578405650.0
501.898,95.0,91304.0,4015.0,60.0,385.188,7578440947.0
501.997,98.0,91304.0,4015.0,59.0,378.513,7578474797.0
502.097,98.0,91304.0,4015.0,59.0,370.117,7578509568.0
502.196,98.0,91304.0,4015.0,59.0,366.37,7578544075.0
502.297,96.0,91304.0,4015.0,59.0,366.37,7578577070.0
502.397,96.0,91304.0,4015.0,58.0,358.665,7578610247.0
502.497,96.0,91304.0,4015.0,58.0,351.93,7578642928.0
502.597,98.0,91304.0,4015.0,58.0,342.302,7578675181.0
502.697,98.0,91304.0,4015.0,58.0,338.567,7578675181.0
502.797,96.0,91304.0,4015.0,58.0,335.673,7578707458.0
502.897,96.0,91304.0,4015.0,57.0,331.783,7578740311.0
502.997,97.0,91304.0,4015.0,57.0,330.426,7578772518.0
503.097,97.0,91304.0,4015.0,57.0,328.341,7578805108.0
503.197,96.0,91304.0,4015.0,57.0,326.534,7578837724.0
503.297,96.0,91304.0,4015.0,57.0,325.834,7578870536.0
503.397,96.0,91304.0,4015.0,57.0,326.009,7578902902.0
503.497,96.0,91304.0,4015.0,57.0,325.992,7578935626.0
503.597,98.0,91304.0,4015.0,57.0,326.483,7579000934.0
503.697,98.0,91304.0,4015.0,57.0,326.952,7579033221.0
503.797,78.0,91304.0,4015.0,55.0,316.483,7579050073.0
503.897,78.0,91304.0,4015.0,54.0,298.642,7579064033.0
503.997,0.0,91304.0,4015.0,53.0,279.442,7579078019.0
504.097,0.0,91304.0,4015.0,57.0,275.403,7579123315.0
504.197,83.0,91304.0,4015.0,64.0,309.416,7579189940.0
504.297,83.0,91304.0,4015.0,63.0,335.433,7579248207.0
504.396,95.0,91304.0,4015.0,65.0,368.9,7579314296.0
504.497,95.0,91304.0,4015.0,66.0,405.354,7579382442.0
504.597,100.0,91304.0,4015.0,67.0,440.45,7579450752.0
504.697,100.0,91304.0,4015.0,68.0,472.381,7579517885.0
504.797,100.0,91304.0,4015.0,68.0,472.381,7579586062.0
504.897,100.0,91304.0,4015.0,68.0,520.912,7579586062.0
504.997,100.0,91304.0,4015.0,69.0,575.529,7579654910.0
505.096,100.0,91304.0,4015.0,69.0,620.516,7579722477.0
505.196,100.0,91304.0,4015.0,70.0,670.771,7579790508.0
505.297,100.0,91304.0,4015.0,70.0,672.663,7579858432.0
505.397,100.0,91304.0,4015.0,70.0,683.574,7579926330.0
505.497,100.0,91304.0,4015.0,71.0,681.651,7579993646.0
505.597,100.0,91304.0,4015.0,71.0,681.444,7580060666.0
505.697,100.0,91304.0,4015.0,71.0,682.627,7580191465.0
505.797,89.0,91304.0,4015.0,71.0,674.394,7580255651.0
505.897,89.0,91304.0,4015.0,71.0,673.439,7580323699.0
505.997,100.0,91304.0,4015.0,71.0,674.197,7580391959.0
506.097,100.0,91304.0,4015.0,72.0,675.093,7580460718.0
506.197,100.0,91304.0,4015.0,72.0,675.066,7580529165.0
506.297,100.0,91304.0,4015.0,72.0,675.92,7580598366.0
506.398,100.0,91304.0,4015.0,72.0,677.048,7580666217.0
506.497,100.0,91304.0,4015.0,72.0,678.441,7580734822.0
506.597,100.0,91304.0,4015.0,72.0,679.364,7580803578.0
506.697,100.0,91304.0,4015.0,72.0,679.254,7580873098.0
506.797,100.0,91304.0,4015.0,72.0,688.618,7580941827.0
506.897,100.0,91304.0,4015.0,72.0,688.618,7581010484.0
506.997,100.0,91304.0,4015.0,72.0,689.625,7581010484.0
507.097,100.0,91304.0,4015.0,72.0,688.798,7581078106.0
507.197,100.0,91304.0,4015.0,72.0,688.286,7581146050.0
507.297,100.0,91304.0,4015.0,72.0,683.066,7581209682.0
507.398,100.0,91304.0,4015.0,72.0,680.18,7581277921.0
507.497,100.0,91304.0,4015.0,71.0,677.852,7581343522.0
507.597,100.0,91304.0,4015.0,72.0,677.112,7581412711.0
507.697,100.0,91304.0,4015.0,72.0,675.164,7581480814.0
507.797,100.0,91304.0,4015.0,72.0,675.157,7581547730.0
507.897,100.0,91304.0,4015.0,72.0,673.278,7581682490.0
507.997,100.0,91304.0,4015.0,72.0,674.612,7581751904.0
508.096,100.0,91304.0,4015.0,72.0,672.318,7581818875.0
508.197,100.0,91304.0,4015.0,72.0,676.328,7581887128.0
508.297,100.0,91304.0,4015.0,72.0,678.803,7581953559.0
508.397,100.0,91304.0,4015.0,69.0,665.435,7582003026.0
508.497,100.0,91304.0,4015.0,68.0,642.416,7582047183.0
508.597,95.0,91304.0,4015.0,67.0,617.319,7582091953.0
508.697,95.0,91304.0,4015.0,66.0,595.648,7582136829.0
508.797,97.0,91304.0,4015.0,65.0,570.991,7582179374.0
508.897,97.0,91304.0,4015.0,65.0,543.851,7582221503.0
508.997,97.0,91304.0,4015.0,64.0,520.177,7582221503.0
509.097,97.0,91304.0,4015.0,64.0,494.048,7582262036.0
509.197,97.0,91304.0,4015.0,63.0,464.441,7582302719.0
509.298,97.0,91304.0,4015.0,63.0,464.441,7582341851.0
509.397,97.0,91304.0,4015.0,63.0,435.856,7582380829.0
509.498,95.0,91304.0,4015.0,62.0,416.771,7582419248.0
509.597,95.0,91304.0,4015.0,62.0,411.232,7582457872.0
509.696,95.0,91304.0,4015.0,61.0,404.409,7582495804.0
509.796,96.0,91304.0,4015.0,61.0,390.595,7582567898.0
509.897,96.0,91304.0,4015.0,60.0,382.575,7582601941.0
509.997,96.0,91304.0,4015.0,59.0,374.467,7582636167.0
510.097,96.0,91304.0,4015.0,59.0,368.299,7582670131.0
510.197,96.0,91304.0,4015.0,59.0,362.704,7582703297.0
510.297,96.0,91304.0,4015.0,59.0,355.603,7582735994.0
510.397,98.0,91304.0,4015.0,58.0,350.854,7582768177.0
510.497,98.0,91304.0,4015.0,58.0,345.212,7582800726.0
510.597,96.0,91304.0,4015.0,58.0,338.893,7582833324.0
510.697,96.0,91304.0,4015.0,58.0,333.875,7582865417.0
510.797,98.0,91304.0,4015.0,58.0,330.965,7582898211.0
510.897,98.0,91304.0,4015.0,57.0,328.521,7582930612.0
510.997,96.0,91304.0,4015.0,57.0,327.486,7582962881.0
511.098,96.0,91304.0,4015.0,57.0,324.579,7582995004.0
511.197,96.0,91304.0,4015.0,57.0,323.582,7582995004.0
511.297,96.0,91304.0,4015.0,56.0,311.203,7583027150.0
511.397,0.0,91304.0,4015.0,54.0,293.392,7583044451.0
511.497,0.0,91304.0,4015.0,54.0,274.845,7583058262.0
511.596,0.0,91304.0,4015.0,59.0,282.184,7583071957.0
511.697,0.0,91304.0,4015.0,64.0,312.053,7583121021.0
511.797,88.0,91304.0,4015.0,66.0,346.189,7583183458.0
511.897,88.0,91304.0,4015.0,67.0,384.142,7583251302.0
511.997,100.0,91304.0,4015.0,68.0,418.958,7583319498.0
512.097,100.0,91304.0,4015.0,69.0,455.177,7583456505.0
512.196,100.0,91304.0,4015.0,69.0,455.177,7583526346.0
512.297,100.0,91304.0,4015.0,70.0,492.448,7583595713.0
512.398,100.0,91304.0,4015.0,70.0,540.833,7583664563.0
512.497,100.0,91304.0,4015.0,71.0,595.005,7583734093.0
512.598,100.0,91304.0,4015.0,71.0,676.237,7583802918.0
512.697,100.0,91304.0,4015.0,71.0,684.154,7583873539.0
512.797,100.0,91304.0,4015.0,72.0,685.775,7583943041.0
512.904,100.0,91304.0,4015.0,72.0,684.367,7584011658.0
512.997,100.0,91304.0,4015.0,72.0,684.0,7584080308.0
513.096,100.0,91304.0,4015.0,72.0,684.376,7584149368.0
513.197,100.0,91304.0,4015.0,68.0,678.496,7584211090.0
513.296,100.0,91304.0,4015.0,72.0,678.786,7584279968.0
513.397,100.0,91304.0,4015.0,72.0,678.882,7584279968.0
513.497,100.0,91304.0,4015.0,73.0,678.719,7584348668.0
513.596,100.0,91304.0,4015.0,73.0,679.543,7584418514.0
513.696,100.0,91304.0,4015.0,73.0,678.493,7584486205.0
513.797,100.0,91304.0,4015.0,73.0,678.95,7584556459.0
513.897,100.0,91304.0,4015.0,73.0,678.714,7584624663.0
513.997,100.0,91304.0,4015.0,73.0,680.076,7584763156.0
514.097,100.0,91304.0,4015.0,73.0,680.076,7584832483.0
514.197,100.0,91304.0,4015.0,73.0,680.91,7584901619.0
514.297,100.0,91304.0,4015.0,73.0,685.771,7584971070.0
514.396,100.0,91304.0,4015.0,73.0,685.394,7585040402.0
514.497,100.0,91304.0,4015.0,73.0,686.128,7585109756.0
514.597,100.0,91304.0,4015.0,73.0,685.358,7585177932.0
514.697,100.0,91304.0,4015.0,72.0,681.048,7585241546.0
514.797,88.0,91304.0,4015.0,72.0,680.833,7585310287.0
514.897,88.0,91304.0,4015.0,73.0,681.98,7585378200.0
514.998,100.0,91304.0,4015.0,72.0,682.4,7585446793.0
515.096,100.0,91304.0,4015.0,73.0,682.161,7585515923.0
515.197,100.0,91304.0,4015.0,72.0,680.637,7585515923.0
515.297,100.0,91304.0,4015.0,73.0,682.859,7585582319.0
515.396,100.0,91304.0,4015.0,72.0,680.882,7585651143.0
515.497,100.0,91304.0,4015.0,73.0,680.818,7585718106.0
515.597,100.0,91304.0,4015.0,72.0,681.964,7585786914.0
515.697,100.0,91304.0,4015.0,72.0,686.803,7585854596.0
515.797,100.0,91304.0,4015.0,73.0,686.471,7585923994.0
515.897,100.0,91304.0,4015.0,72.0,683.536,7585992429.0
515.995,100.0,91304.0,4015.0,72.0,683.536,7586127398.0
516.097,100.0,91304.0,4015.0,73.0,684.083,7586174571.0
516.197,100.0,91304.0,4015.0,69.0,662.142,7586219412.0
516.297,97.0,91304.0,4015.0,68.0,641.34,7586263939.0
516.397,97.0,91304.0,4015.0,67.0,615.932,7586308400.0
516.497,97.0,91304.0,4015.0,66.0,593.989,7586353539.0
516.597,97.0,91304.0,4015.0,65.0,547.709,7586395460.0
516.697,97.0,91304.0,4015.0,64.0,519.99,7586436337.0
516.797,97.0,91304.0,4015.0,64.0,492.511,7586477588.0
516.897,97.0,91304.0,4015.0,64.0,466.403,7586518061.0
516.997,97.0,91304.0,4015.0,63.0,438.455,7586559029.0
517.096,97.0,91304.0,4015.0,63.0,427.343,7586599685.0
517.197,95.0,91304.0,4015.0,62.0,422.383,7586639591.0
517.297,95.0,91304.0,4015.0,62.0,416.915,7586678093.0
517.398,95.0,91304.0,4015.0,61.0,409.157,7586678093.0
517.497,95.0,91304.0,4015.0,61.0,401.569,7586715672.0
517.598,98.0,91304.0,4015.0,60.0,394.653,7586752810.0
517.697,98.0,91304.0,4015.0,60.0,388.2,7586788910.0
517.797,96.0,91304.0,4015.0,60.0,380.28,7586823223.0
517.898,96.0,91304.0,4015.0,59.0,375.372,7586857277.0
517.997,96.0,91304.0,4015.0,59.0,369.215,7586891362.0
518.097,96.0,91304.0,4015.0,59.0,360.783,7586925568.0
518.195,96.0,91304.0,4015.0,59.0,360.783,7586958610.0
518.297,98.0,91304.0,4015.0,58.0,353.414,7587023942.0
518.397,98.0,91304.0,4015.0,58.0,346.928,7587056800.0
518.497,96.0,91304.0,4015.0,58.0,342.225,7587088184.0
518.597,96.0,91304.0,4015.0,58.0,336.162,7587120497.0
518.697,96.0,91304.0,4015.0,58.0,332.61,7587136980.0
518.797,96.0,91304.0,4015.0,56.0,317.055,7587150853.0
518.897,0.0,91304.0,4015.0,55.0,297.478,7587164631.0
518.997,0.0,91304.0,4015.0,58.0,278.619,7587203273.0
519.097,0.0,91304.0,4015.0,62.0,303.481,7587269107.0
519.197,100.0,91304.0,4015.0,65.0,338.335,7587334435.0
519.297,100.0,91304.0,4015.0,66.0,372.775,7587400391.0
519.397,100.0,91304.0,4015.0,67.0,409.438,7587469834.0
519.497,100.0,91304.0,4015.0,68.0,446.572,7587538010.0
519.597,100.0,91304.0,4015.0,68.0,481.414,7587605454.0
519.697,100.0,91304.0,4015.0,69.0,523.045,7587605454.0
519.797,100.0,91304.0,4015.0,70.0,575.846,7587672813.0
519.897,100.0,91304.0,4015.0,70.0,630.437,7587740716.0
519.998,100.0,91304.0,4015.0,70.0,672.064,7587809711.0
520.098,100.0,91304.0,4015.0,71.0,681.319,7587876659.0
520.197,100.0,91304.0,4015.0,71.0,681.786,7587944965.0
520.298,100.0,91304.0,4015.0,71.0,684.01,7588012508.0
520.397,100.0,91304.0,4015.0,71.0,683.621,7588080515.0
520.497,100.0,91304.0,4015.0,71.0,679.31,7588207643.0
520.597,86.0,91304.0,4015.0,70.0,676.627,7588274229.0
520.697,86.0,91304.0,4015.0,71.0,677.237,7588340830.0
520.797,100.0,91304.0,4015.0,71.0,677.066,7588408792.0
520.897,100.0,91304.0,4015.0,71.0,676.357,7588476553.0
520.997,100.0,91304.0,4015.0,71.0,676.357,7588544883.0
521.097,100.0,91304.0,4015.0,71.0,677.474,7588613298.0
521.197,100.0,91304.0,4015.0,71.0,678.276,7588681867.0
521.297,100.0,91304.0,4015.0,71.0,678.872,7588750603.0
521.397,100.0,91304.0,4015.0,71.0,679.645,7588818980.0
521.497,100.0,91304.0,4015.0,72.0,680.078,7588887127.0
521.597,100.0,91304.0,4015.0,72.0,683.75,7588954782.0
521.697,100.0,91304.0,4015.0,72.0,687.138,7589022639.0
521.797,100.0,91304.0,4015.0,72.0,688.408,7589022639.0
521.897,100.0,91304.0,4015.0,72.0,688.805,7589091142.0
521.997,100.0,91304.0,4015.0,72.0,686.693,7589161284.0
522.097,100.0,91304.0,4015.0,73.0,686.243,7589225167.0
522.197,100.0,91304.0,4015.0,72.0,684.401,7589294731.0
522.297,100.0,91304.0,4015.0,72.0,684.094,7589429279.0
522.397,100.0,91304.0,4015.0,72.0,683.05,7589497938.0
522.496,100.0,91304.0,4015.0,73.0,681.384,7589565630.0
522.597,100.0,91304.0,4015.0,72.0,681.371,7589634071.0
522.697,100.0,91304.0,4015.0,72.0,680.632,7589700672.0
522.797,100.0,91304.0,4015.0,72.0,680.923,7589769379.0
522.897,100.0,91304.0,4015.0,73.0,679.88,7589837625.0
522.996,100.0,91304.0,4015.0,73.0,680.373,7589906545.0
523.097,100.0,91304.0,4015.0,73.0,680.373,7589973404.0
523.195,100.0,91304.0,4015.0,72.0,679.998,7590019003.0
523.297,96.0,91304.0,4015.0,69.0,662.127,7590064167.0
523.397,96.0,91304.0,4015.0,68.0,638.677,7590108660.0
523.497,94.0,91304.0,4015.0,67.0,616.048,7590153794.0
523.596,94.0,91304.0,4015.0,66.0,594.143,7590196033.0
523.697,93.0,91304.0,4015.0,66.0,569.309,7590196033.0
523.797,94.0,91304.0,4015.0,65.0,540.008,7590239217.0
523.897,94.0,91304.0,4015.0,64.0,482.669,7590280037.0
523.996,94.0,91304.0,4015.0,64.0,452.876,7590321248.0
524.097,94.0,91304.0,4015.0,63.0,430.62,7590361108.0
524.197,95.0,91304.0,4015.0,63.0,420.334,7590400881.0
524.297,95.0,91304.0,4015.0,62.0,413.391,7590439815.0
524.398,95.0,91304.0,4015.0,61.0,403.921,7590476978.0
524.497,95.0,91304.0,4015.0,61.0,394.738,7590549627.0
524.595,98.0,91304.0,4015.0,61.0,388.87,7590585332.0
524.697,98.0,91304.0,4015.0,60.0,380.147,7590620652.0
524.797,96.0,91304.0,4015.0,60.0,375.421,7590655518.0
524.897,96.0,91304.0,4015.0,60.0,367.458,7590689243.0
524.998,98.0,91304.0,4015.0,60.0,363.378,7590723874.0
525.097,98.0,91304.0,4015.0,59.0,357.58,7590758893.0
525.196,96.0,91304.0,4015.0,59.0,352.463,7590792926.0
525.296,96.0,91304.0,4015.0,59.0,348.936,7590826187.0
525.397,96.0,91304.0,4015.0,59.0,348.936,7590860087.0
525.495,96.0,91304.0,4015.0,59.0,346.154,7590893667.0
525.597,96.0,91304.0,4015.0,58.0,343.995,7590926355.0
525.697,98.0,91304.0,4015.0,58.0,341.594,7590959563.0
525.797,98.0,91304.0,4015.0,58.0,338.962,7590992257.0
525.897,96.0,91304.0,4015.0,58.0,336.713,7591025088.0
525.997,96.0,91304.0,4015.0,58.0,335.946,7591025088.0
526.097,96.0,91304.0,4015.0,58.0,334.423,7591058502.0
526.197,96.0,91304.0,4015.0,58.0,332.87,7591091455.0
526.297,98.0,91304.0,4015.0,58.0,331.481,7591124261.0
526.397,96.0,91304.0,4015.0,57.0,330.239,7591157182.0
526.497,96.0,91304.0,4015.0,57.0,329.12,7591190333.0
526.597,96.0,91304.0,4015.0,57.0,327.832,7591222668.0
526.697,96.0,91304.0,4015.0,57.0,327.042,7591254857.0
526.797,97.0,91304.0,4015.0,57.0,326.897,7591287052.0
526.897,97.0,91304.0,4015.0,57.0,326.562,7591351931.0
526.997,96.0,91304.0,4015.0,57.0,325.971,7591384783.0
527.097,96.0,91304.0,4015.0,57.0,325.917,7591417524.0
527.197,96.0,91304.0,4015.0,57.0,325.812,7591450529.0
527.298,96.0,91304.0,4015.0,57.0,325.757,7591483566.0
527.397,98.0,91304.0,4015.0,57.0,325.227,7591516123.0
527.497,98.0,91304.0,4015.0,57.0,325.611,7591548889.0
527.597,96.0,91304.0,4015.0,57.0,326.137,7591581291.0
527.697,96.0,91304.0,4015.0,57.0,326.357,7591613711.0
527.797,96.0,91304.0,4015.0,57.0,326.357,7591646177.0
527.897,98.0,91304.0,4015.0,57.0,326.331,7591678790.0
527.996,98.0,91304.0,4015.0,57.0,326.752,7591711630.0
528.097,96.0,91304.0,4015.0,57.0,326.629,7591744435.0
528.197,96.0,91304.0,4015.0,57.0,326.582,7591777054.0
528.297,96.0,91304.0,4015.0,57.0,326.442,7591809176.0
528.397,96.0,91304.0,4015.0,57.0,325.977,7591809176.0
528.497,98.0,91304.0,4015.0,57.0,326.024,7591841915.0
528.597,98.0,91304.0,4015.0,57.0,325.491,7591874056.0
528.697,96.0,91304.0,4015.0,57.0,325.321,7591906365.0
528.797,96.0,91304.0,4015.0,57.0,325.834,7591939148.0
528.897,98.0,91304.0,4015.0,57.0,326.285,7591971996.0
528.997,96.0,91304.0,4015.0,57.0,326.172,7592004637.0
529.097,96.0,91304.0,4015.0,56.0,326.391,7592037633.0
529.197,96.0,91304.0,4015.0,57.0,326.05,7592070320.0
529.297,96.0,91304.0,4015.0,56.0,325.556,7592134467.0
529.397,97.0,91304.0,4015.0,57.0,325.08,7592166575.0
529.497,97.0,91304.0,4015.0,56.0,324.917,7592198655.0
529.597,96.0,91304.0,4015.0,56.0,325.21,7592231089.0
529.698,96.0,91304.0,4015.0,56.0,324.759,7592264156.0
529.797,98.0,91304.0,4015.0,56.0,324.64,7592296547.0
529.897,98.0,91304.0,4015.0,56.0,324.572,7592328820.0
529.997,96.0,91304.0,4015.0,56.0,324.454,7592361921.0
530.095,96.0,91304.0,4015.0,56.0,324.412,7592394718.0
530.195,96.0,91304.0,4015.0,56.0,324.412,7592426754.0
530.295,95.0,91304.0,4015.0,56.0,324.112,7592458996.0
530.397,95.0,91304.0,4015.0,56.0,324.822,7592491994.0
530.496,96.0,91304.0,4015.0,56.0,325.327,7592523953.0
530.595,96.0,91304.0,4015.0,56.0,325.613,7592556642.0
530.697,96.0,91304.0,4015.0,56.0,325.734,7592589095.0
530.797,96.0,91304.0,4015.0,56.0,325.697,7592589095.0
530.897,98.0,91304.0,4015.0,56.0,325.989,7592621832.0
530.997,98.0,91304.0,4015.0,56.0,326.199,7592654696.0
531.097,96.0,91304.0,4015.0,56.0,326.289,7592687422.0
531.197,96.0,91304.0,4015.0,56.0,325.731,7592720058.0
531.297,96.0,91304.0,4015.0,56.0,326.68,7592752575.0
531.398,96.0,91304.0,4015.0,56.0,326.249,7592784691.0
531.497,96.0,91304.0,4015.0,56.0,326.021,7592816930.0
531.597,96.0,91304.0,4015.0,56.0,325.92,7592849525.0
531.697,96.0,91304.0,4015.0,56.0,326.076,7592914778.0
531.797,98.0,91304.0,4015.0,56.0,325.782,7592947333.0
531.897,98.0,91304.0,4015.0,56.0,325.74,7592979829.0
531.997,96.0,91304.0,4015.0,56.0,325.72,7593012486.0
532.097,96.0,91304.0,4015.0,56.0,325.411,7593045135.0
532.197,96.0,91304.0,4015.0,56.0,324.632,7593076998.0
532.297,96.0,91304.0,4015.0,56.0,325.115,7593109365.0
532.397,98.0,91304.0,4015.0,56.0,324.505,7593141534.0
532.497,98.0,91304.0,4015.0,56.0,324.426,7593173356.0
532.597,98.0,91304.0,4015.0,56.0,324.426,7593206204.0
532.697,96.0,91304.0,4015.0,56.0,324.704,7593238770.0
532.797,96.0,91304.0,4015.0,56.0,324.319,7593271300.0
532.897,98.0,91304.0,4015.0,56.0,324.71,7593304133.0
532.997,98.0,91304.0,4015.0,56.0,324.759,7593336941.0
533.097,96.0,91304.0,4015.0,56.0,324.371,7593369674.0
533.197,96.0,91304.0,4015.0,56.0,325.071,7593369674.0
533.297,96.0,91304.0,4015.0,56.0,325.512,7593402147.0
533.397,96.0,91304.0,4015.0,56.0,325.565,7593434109.0
533.497,97.0,91304.0,4015.0,56.0,325.544,7593466833.0
533.597,97.0,91304.0,4015.0,56.0,326.298,7593499250.0
533.697,96.0,91304.0,4015.0,56.0,325.574,7593531821.0
533.797,96.0,91304.0,4015.0,56.0,325.634,7593564128.0
533.897,98.0,91304.0,4015.0,56.0,326.086,7593597079.0
533.997,96.0,91304.0,4015.0,56.0,325.976,7593629726.0
534.097,96.0,91304.0,4015.0,56.0,325.15,7593694768.0
534.197,96.0,91304.0,4015.0,56.0,325.613,7593727397.0
534.297,96.0,91304.0,4015.0,56.0,325.591,7593759565.0
534.397,96.0,91304.0,4015.0,56.0,325.073,7593791861.0
534.497,96.0,91304.0,4015.0,56.0,325.016,7593823917.0
534.597,96.0,91304.0,4015.0,56.0,325.118,7593856488.0
534.697,96.0,91304.0,4015.0,56.0,325.276,7593888958.0
534.796,98.0,91304.0,4015.0,56.0,324.909,7593921672.0
534.897,98.0,91304.0,4015.0,56.0,319.643,7593952605.0
534.997,0.0,91304.0,4015.0,55.0,301.357,7593968019.0
535.097,0.0,91304.0,4015.0,55.0,301.357,7593981720.0
535.196,0.0,91304.0,4015.0,53.0,287.997,7594024994.0
535.297,97.0,91304.0,4015.0,59.0,297.208,7594055756.0
535.397,97.0,91304.0,4015.0,56.0,301.922,7594120093.0
535.497,100.0,91304.0,4015.0,62.0,336.571,7594186921.0
535.597,100.0,91304.0,4015.0,65.0,371.093,7594255802.0
535.697,100.0,91304.0,4015.0,67.0,411.331,7594255802.0
535.797,100.0,91304.0,4015.0,67.0,444.759,7594323584.0
535.898,100.0,91304.0,4015.0,68.0,479.925,7594390953.0
535.997,100.0,91304.0,4015.0,69.0,521.282,7594459049.0
536.097,100.0,91304.0,4015.0,69.0,576.186,7594528805.0
536.197,100.0,91304.0,4015.0,69.0,625.165,7594664286.0
536.297,100.0,91304.0,4015.0,70.0,684.076,7594733024.0
536.398,100.0,91304.0,4015.0,70.0,686.795,7594802492.0
536.497,100.0,91304.0,4015.0,70.0,687.511,7594870556.0
536.597,100.0,91304.0,4015.0,71.0,687.121,7594938549.0
536.697,100.0,91304.0,4015.0,71.0,684.728,7595006694.0
536.797,85.0,91304.0,4015.0,72.0,676.401,7595066882.0
536.897,85.0,91304.0,4015.0,71.0,675.855,7595134212.0
536.997,85.0,91304.0,4015.0,71.0,675.855,7595203131.0
537.097,100.0,91304.0,4015.0,72.0,675.597,7595203131.0
537.197,100.0,91304.0,4015.0,72.0,675.154,7595271528.0
537.297,100.0,91304.0,4015.0,72.0,675.655,7595339939.0
537.398,100.0,91304.0,4015.0,73.0,675.297,7595407726.0
537.497,100.0,91304.0,4015.0,73.0,674.7,7595475466.0
537.597,100.0,91304.0,4015.0,73.0,674.095,7595544851.0
537.697,100.0,91304.0,4015.0,73.0,674.895,7595613969.0
537.797,100.0,91304.0,4015.0,73.0,675.212,7595682211.0
537.897,100.0,91304.0,4015.0,73.0,684.684,7595819978.0
537.997,100.0,91304.0,4015.0,72.0,685.203,7595888875.0
538.097,100.0,91304.0,4015.0,73.0,684.421,7595957071.0
538.197,100.0,91304.0,4015.0,73.0,683.897,7596024827.0
538.297,100.0,91304.0,4015.0,73.0,677.602,7596085498.0
538.398,100.0,91304.0,4015.0,72.0,676.95,7596153370.0
538.497,100.0,91304.0,4015.0,72.0,680.229,7596222167.0
538.597,100.0,91304.0,4015.0,72.0,676.064,7596289844.0
538.697,100.0,91304.0,4015.0,72.0,675.996,7596355358.0
538.797,100.0,91304.0,4015.0,72.0,674.859,7596424505.0
538.897,100.0,91304.0,4015.0,72.0,678.006,7596493408.0
538.997,100.0,91304.0,4015.0,72.0,678.006,7596561884.0
539.097,100.0,91304.0,4015.0,72.0,675.278,7596627912.0
539.197,100.0,91304.0,4015.0,72.0,673.822,7596627912.0
539.296,96.0,91304.0,4015.0,73.0,656.302,7596689603.0
539.397,96.0,91304.0,4015.0,68.0,639.484,7596735644.0
539.498,96.0,91304.0,4015.0,67.0,616.023,7596779506.0
539.598,96.0,91304.0,4015.0,66.0,589.207,7596824720.0
539.697,96.0,91304.0,4015.0,66.0,568.281,7596867670.0
539.797,96.0,91304.0,4015.0,65.0,544.92,7596911632.0
539.897,97.0,91304.0,4015.0,65.0,518.825,7596952433.0
539.997,97.0,91304.0,4015.0,64.0,485.689,7596994433.0
540.097,97.0,91304.0,4015.0,64.0,463.196,7597074577.0
540.196,97.0,91304.0,4015.0,63.0,438.151,7597115540.0
540.297,97.0,91304.0,4015.0,63.0,422.161,7597155234.0
540.397,97.0,91304.0,4015.0,63.0,417.435,7597194108.0
540.496,95.0,91304.0,4015.0,62.0,411.562,7597232033.0
540.597,95.0,91304.0,4015.0,62.0,405.075,7597268559.0
540.697,95.0,91304.0,4015.0,61.0,392.007,7597305444.0
540.797,98.0,91304.0,4015.0,60.0,385.288,7597340677.0
540.897,98.0,91304.0,4015.0,60.0,378.057,7597374714.0
540.997,95.0,91304.0,4015.0,59.0,370.859,7597408064.0
541.096,95.0,91304.0,4015.0,59.0,364.247,7597441453.0
541.197,96.0,91304.0,4015.0,59.0,357.829,7597475153.0
541.298,96.0,91304.0,4015.0,58.0,350.281,7597508309.0
541.398,96.0,91304.0,4015.0,58.0,350.281,7597541055.0
541.498,98.0,91304.0,4015.0,58.0,344.281,7597573400.0
541.597,98.0,91304.0,4015.0,58.0,338.669,7597573400.0
541.697,96.0,91304.0,4015.0,58.0,334.822,7597605217.0
541.797,96.0,91304.0,4015.0,58.0,329.287,7597637008.0
541.896,96.0,91304.0,4015.0,58.0,326.653,7597668607.0
541.997,96.0,91304.0,4015.0,57.0,325.262,7597700874.0
542.097,36.0,91304.0,4015.0,57.0,309.606,7597752682.0
542.197,36.0,91304.0,4015.0,55.0,323.392,7597811939.0
542.297,90.0,91304.0,4015.0,63.0,350.976,7597877652.0
542.397,90.0,91304.0,4015.0,65.0,385.188,7597945755.0
542.497,100.0,91304.0,4015.0,66.0,420.989,7598012747.0
542.596,100.0,91304.0,4015.0,67.0,453.761,7598080798.0
542.697,100.0,91304.0,4015.0,68.0,491.047,7598149158.0
542.797,100.0,91304.0,4015.0,68.0,529.135,7598216166.0
542.897,100.0,91304.0,4015.0,70.0,566.253,7598285000.0
542.997,100.0,91304.0,4015.0,70.0,602.571,7598351716.0
543.104,100.0,91304.0,4015.0,71.0,641.28,7598419946.0
543.198,100.0,91304.0,4015.0,66.0,662.379,7598460085.0
543.298,98.0,91304.0,4015.0,64.0,638.704,7598460085.0
543.397,98.0,91304.0,4015.0,63.0,607.99,7598497246.0
543.497,96.0,91304.0,4015.0,62.0,576.264,7598535011.0
543.597,96.0,91304.0,4015.0,61.0,546.669,7598572105.0
543.697,96.0,91304.0,4015.0,61.0,512.794,7598607731.0
543.798,98.0,91304.0,4015.0,61.0,454.509,7598643513.0
543.897,98.0,91304.0,4015.0,60.0,418.635,7598679419.0
543.997,96.0,91304.0,4015.0,59.0,388.164,7598712928.0
544.097,96.0,91304.0,4015.0,59.0,359.487,7598747439.0
544.197,98.0,91304.0,4015.0,59.0,356.408,7598817953.0
544.297,98.0,91304.0,4015.0,59.0,353.927,7598852144.0
544.397,98.0,91304.0,4015.0,59.0,353.927,7598886591.0
544.496,96.0,91304.0,4015.0,59.0,350.084,7598919854.0
544.597,96.0,91304.0,4015.0,58.0,346.761,7598952242.0
544.697,96.0,91304.0,4015.0,58.0,343.631,7598985585.0
544.797,96.0,91304.0,4015.0,58.0,340.816,7599018118.0
544.897,98.0,91304.0,4015.0,58.0,337.359,7599050356.0
544.997,98.0,91304.0,4015.0,58.0,336.252,7599083054.0
545.097,96.0,91304.0,4015.0,58.0,334.29,7599114973.0
545.197,96.0,91304.0,4015.0,57.0,330.556,7599146865.0
545.297,96.0,91304.0,4015.0,57.0,328.646,7599179248.0
545.397,96.0,91304.0,4015.0,56.0,321.825,7599197237.0
545.497,0.0,91304.0,4015.0,55.0,302.918,7599211209.0
545.597,0.0,91304.0,4015.0,54.0,283.682,7599211209.0
545.697,0.0,91304.0,4015.0,53.0,264.631,7599225043.0
545.797,0.0,91304.0,4015.0,53.0,245.554,7599238830.0
545.897,0.0,91304.0,4015.0,53.0,227.013,7599252568.0
545.997,0.0,91304.0,4015.0,52.0,208.228,7599266261.0
546.097,0.0,91304.0,4015.0,52.0,191.948,7599279938.0
546.197,0.0,91304.0,4015.0,52.0,173.742,7599293486.0
546.297,0.0,91304.0,4015.0,52.0,152.197,7599306992.0
546.397,0.0,91304.0,4015.0,52.0,137.779,7599320467.0
546.497,0.0,91304.0,4015.0,51.0,136.598,7599347420.0
546.597,0.0,91304.0,4015.0,51.0,136.114,7599360863.0
546.697,0.0,91304.0,4015.0,51.0,135.763,7599374285.0
546.797,0.0,91304.0,4015.0,51.0,135.38,7599387697.0
546.897,0.0,91304.0,4015.0,51.0,135.084,7599401081.0
546.997,0.0,91304.0,4015.0,51.0,134.819,7599414494.0
547.097,0.0,91304.0,4015.0,51.0,134.565,7599427870.0
547.197,0.0,91304.0,4015.0,51.0,134.271,7599441251.0
547.297,0.0,91304.0,4015.0,51.0,134.164,7599454603.0
547.397,0.0,91304.0,4015.0,50.0,134.057,7599467979.0
547.497,0.0,91304.0,4015.0,50.0,133.983,7599481327.0
547.597,0.0,91304.0,4015.0,50.0,133.875,7599494695.0
547.697,0.0,91304.0,4015.0,50.0,133.796,7599508021.0
547.797,0.0,91304.0,4015.0,50.0,133.796,7599521367.0
547.897,0.0,91304.0,4015.0,50.0,133.729,7599534701.0
547.997,0.0,91304.0,4015.0,50.0,133.661,7599548041.0
548.097,0.0,91304.0,4015.0,50.0,133.594,7599561351.0
548.197,0.0,91304.0,4015.0,50.0,133.548,7599574701.0
548.297,0.0,91304.0,4015.0,50.0,133.494,7599574701.0
548.397,0.0,91304.0,4015.0,50.0,133.457,7599588005.0
548.497,0.0,91304.0,4015.0,50.0,133.406,7599601338.0
548.597,0.0,91304.0,4015.0,50.0,133.352,7599614634.0
548.697,0.0,91304.0,4015.0,50.0,133.32,7599627959.0
548.797,0.0,91304.0,4015.0,50.0,133.301,7599641271.0
548.897,0.0,91304.0,4015.0,50.0,133.266,7599654565.0
548.997,0.0,91304.0,4015.0,50.0,133.238,7599667849.0
549.097,0.0,91304.0,4015.0,50.0,133.189,7599681138.0
549.197,0.0,91304.0,4015.0,50.0,133.173,7599694434.0
549.297,0.0,91304.0,4015.0,50.0,133.137,7599721031.0
549.397,0.0,91304.0,4015.0,50.0,133.122,7599734327.0
549.497,0.0,91304.0,4015.0,50.0,133.072,7599747603.0
549.597,0.0,91304.0,4015.0,50.0,133.061,7599760892.0
549.697,0.0,91304.0,4015.0,50.0,133.009,7599774179.0
549.798,0.0,91304.0,4015.0,50.0,132.996,7599787458.0
549.897,0.0,91304.0,4015.0,50.0,132.953,7599800730.0
549.997,0.0,91304.0,4015.0,50.0,132.947,7599814006.0
550.097,0.0,91304.0,4015.0,50.0,132.912,7599827249.0
550.197,0.0,91304.0,4015.0,50.0,132.884,7599840529.0
550.297,0.0,91304.0,4015.0,50.0,132.841,7599853803.0
550.397,0.0,91304.0,4015.0,50.0,132.815,7599867073.0
550.497,0.0,91304.0,4015.0,49.0,132.797,7599880336.0
550.597,0.0,91304.0,4015.0,49.0,132.792,7599893625.0
550.695,0.0,91304.0,4015.0,49.0,132.793,7599906894.0
550.797,0.0,91304.0,4015.0,49.0,132.678,7599920134.0
550.897,0.0,91304.0,4015.0,49.0,132.574,7599933280.0
550.997,0.0,91304.0,4015.0,49.0,132.525,7599933280.0
551.096,0.0,91304.0,4015.0,49.0,132.448,7599946473.0
551.197,0.0,91304.0,4015.0,49.0,132.4,7599959667.0
551.297,0.0,91304.0,4015.0,49.0,132.31,7599972869.0
551.396,0.0,91304.0,4015.0,49.0,132.237,7599986054.0
551.497,0.0,91304.0,4015.0,49.0,132.149,7599999250.0
551.597,0.0,91304.0,4015.0,49.0,132.074,7600012433.0
551.697,0.0,91304.0,4015.0,49.0,131.954,7600025617.0
551.797,0.0,91304.0,4015.0,49.0,132.006,7600038811.0
551.897,0.0,91304.0,4015.0,49.0,131.988,7600051994.0
551.997,0.0,91304.0,4015.0,49.0,131.982,7600078370.0
552.097,0.0,91304.0,4015.0,49.0,131.962,7600091548.0
552.197,0.0,91304.0,4015.0,49.0,131.959,7600104745.0
552.297,0.0,91304.0,4015.0,49.0,131.966,7600117939.0
552.397,0.0,91304.0,4015.0,49.0,131.96,7600131123.0
552.497,0.0,91304.0,4015.0,49.0,131.955,7600144304.0
552.597,0.0,91304.0,4015.0,49.0,131.949,7600157492.0
552.697,0.0,91304.0,4015.0,49.0,131.929,7600170661.0
552.797,0.0,91304.0,4015.0,49.0,131.924,7600183854.0
552.897,0.0,91304.0,4015.0,49.0,131.924,7600197021.0
552.996,0.0,91304.0,4015.0,49.0,131.924,7600210206.0
553.097,0.0,91304.0,4015.0,49.0,131.921,7600223375.0
553.196,0.0,91304.0,4015.0,49.0,131.906,7600236550.0
553.295,0.0,91304.0,4015.0,49.0,131.889,7600249722.0
553.396,0.0,91304.0,4015.0,49.0,131.857,7600262894.0
553.496,0.0,91304.0,4015.0,49.0,131.856,7600276064.0
553.597,0.0,91304.0,4015.0,49.0,131.843,7600289245.0
553.697,0.0,91304.0,4015.0,49.0,131.832,7600302405.0
553.797,0.0,91304.0,4015.0,49.0,131.828,7600315581.0
553.897,0.0,91304.0,4015.0,49.0,131.819,7600328749.0
553.997,0.0,91304.0,4015.0,49.0,131.813,7600341914.0
554.097,0.0,91304.0,4015.0,49.0,131.796,7600355090.0
554.197,0.0,91304.0,4015.0,49.0,131.789,7600355090.0
554.297,0.0,91304.0,4015.0,49.0,131.774,7600368254.0
554.396,0.0,91304.0,4015.0,49.0,131.792,7600381426.0
554.497,0.0,91304.0,4015.0,49.0,131.783,7600394593.0
554.597,0.0,91304.0,4015.0,49.0,131.766,7600407757.0
554.697,0.0,91304.0,4015.0,49.0,131.766,7600420924.0
554.797,0.0,91304.0,4015.0,49.0,131.766,7600434099.0
554.897,0.0,91304.0,4015.0,49.0,131.763,7600447257.0
554.997,0.0,91304.0,4015.0,49.0,131.751,7600460418.0
555.097,0.0,91304.0,4015.0,49.0,131.761,7600473591.0
555.197,0.0,91304.0,4015.0,49.0,131.761,7600486763.0
555.297,0.0,91304.0,4015.0,49.0,131.779,7600513108.0
555.397,0.0,91304.0,4015.0,49.0,131.76,7600526268.0
555.497,0.0,91304.0,4015.0,49.0,131.743,7600539421.0
555.597,0.0,91304.0,4015.0,49.0,131.746,7600552577.0
555.697,0.0,91304.0,4015.0,49.0,131.729,7600565734.0
555.797,0.0,91304.0,4015.0,49.0,131.72,7600578909.0
555.897,0.0,91304.0,4015.0,49.0,131.714,7600592067.0
555.997,0.0,91304.0,4015.0,49.0,131.714,7600605246.0
556.097,0.0,91304.0,4015.0,49.0,131.714,7600618405.0
556.197,0.0,91304.0,4015.0,49.0,131.711,7600631575.0
556.297,0.0,91304.0,4015.0,49.0,131.69,7600644726.0
556.397,0.0,91304.0,4015.0,49.0,131.668,7600657911.0
556.497,0.0,91304.0,4015.0,49.0,131.695,7600671078.0
556.598,0.0,91304.0,4015.0,49.0,131.71,7600684239.0
556.697,0.0,91304.0,4015.0,49.0,131.713,7600697407.0
556.797,0.0,91304.0,4015.0,49.0,131.71,7600710560.0
556.897,0.0,91304.0,4015.0,49.0,131.692,7600723722.0
556.997,0.0,91304.0,4015.0,49.0,131.713,7600736903.0
557.097,0.0,91304.0,4015.0,49.0,131.692,7600750039.0
557.198,0.0,91304.0,4015.0,49.0,131.674,7600763190.0
557.298,0.0,91304.0,4015.0,49.0,131.673,7600776353.0
557.397,0.0,91304.0,4015.0,49.0,131.69,7600789517.0
557.498,0.0,91304.0,4015.0,49.0,131.665,7600789517.0
557.597,0.0,91304.0,4015.0,49.0,131.644,7600802678.0
557.696,0.0,91304.0,4015.0,49.0,131.663,7600815835.0
557.797,0.0,91304.0,4015.0,49.0,131.648,7600828988.0
557.897,0.0,91304.0,4015.0,49.0,131.633,7600842143.0
557.997,0.0,91304.0,4015.0,49.0,131.618,7600855294.0
558.097,0.0,91304.0,4015.0,49.0,131.621,7600868434.0
558.197,0.0,91304.0,4015.0,49.0,131.653,7600881601.0
558.297,0.0,91304.0,4015.0,49.0,131.635,7600894767.0
558.397,0.0,91304.0,4015.0,49.0,131.618,7600907912.0
558.497,0.0,91304.0,4015.0,49.0,131.612,7600934215.0
558.598,0.0,91304.0,4015.0,49.0,131.612,7600947371.0
558.697,0.0,91304.0,4015.0,49.0,131.594,7600960525.0
558.797,0.0,91304.0,4015.0,49.0,131.591,7600973666.0
558.897,0.0,91304.0,4015.0,49.0,131.58,7600986811.0
558.997,0.0,91304.0,4015.0,49.0,131.586,7600999961.0
559.097,0.0,91304.0,4015.0,49.0,131.592,7601013112.0
559.197,0.0,91304.0,4015.0,49.0,131.556,7601026257.0
559.297,0.0,91304.0,4015.0,49.0,131.555,7601039405.0
559.397,0.0,91304.0,4015.0,49.0,131.563,7601052557.0
559.497,0.0,91304.0,4015.0,49.0,131.559,7601065701.0
559.597,0.0,91304.0,4015.0,49.0,131.557,7601078844.0
559.697,0.0,91304.0,4015.0,49.0,131.544,7601091988.0
559.797,0.0,91304.0,4015.0,49.0,131.55,7601105132.0
559.896,0.0,91304.0,4015.0,49.0,131.558,7601118270.0
559.997,0.0,91304.0,4015.0,49.0,131.538,7601131420.0
560.097,0.0,91304.0,4015.0,49.0,131.539,7601144564.0
560.197,0.0,91304.0,4015.0,49.0,131.539,7601157718.0
560.297,0.0,91304.0,4015.0,49.0,131.535,7601170865.0
560.397,0.0,91304.0,4015.0,49.0,131.543,7601170865.0
560.497,0.0,91304.0,4015.0,49.0,131.544,7601184015.0
560.597,0.0,91304.0,4015.0,49.0,131.529,7601197160.0
560.697,0.0,91304.0,4015.0,49.0,131.53,7601210294.0
560.797,0.0,91304.0,4015.0,49.0,131.53,7601223433.0
560.897,0.0,91304.0,4015.0,49.0,131.525,7601236589.0
560.997,0.0,91304.0,4015.0,49.0,131.516,7601249709.0
561.097,0.0,91304.0,4015.0,49.0,131.531,7601262864.0
561.196,0.0,91304.0,4015.0,49.0,131.521,7601276004.0
561.297,0.0,91304.0,4015.0,49.0,131.531,7601289145.0
561.397,0.0,91304.0,4015.0,49.0,131.515,7601315454.0
561.498,0.0,91304.0,4015.0,49.0,131.509,7601328613.0
561.597,0.0,91304.0,4015.0,49.0,131.53,7601341749.0
561.697,0.0,91304.0,4015.0,49.0,131.529,7601354888.0
561.798,0.0,91304.0,4015.0,49.0,131.524,7601368028.0
561.897,0.0,91304.0,4015.0,49.0,131.503,7601381164.0
561.997,0.0,91304.0,4015.0,49.0,131.518,7601394315.0
562.097,0.0,91304.0,4015.0,49.0,131.495,7601407452.0
562.197,0.0,91304.0,4015.0,49.0,131.492,7601420588.0
562.297,0.0,91304.0,4015.0,49.0,131.475,7601433738.0
562.397,0.0,91304.0,4015.0,49.0,131.478,7601446870.0
562.497,0.0,91304.0,4015.0,49.0,131.478,7601460018.0
562.597,0.0,91304.0,4015.0,49.0,131.458,7601473154.0
562.697,0.0,91304.0,4015.0,49.0,131.455,7601486292.0
562.797,0.0,91304.0,4015.0,49.0,131.461,7601499440.0
562.897,0.0,91304.0,4015.0,49.0,131.486,7601512587.0
562.997,0.0,91304.0,4015.0,49.0,131.475,7601525726.0
563.097,0.0,91304.0,4015.0,49.0,131.475,7601538858.0
563.197,0.0,91304.0,4015.0,49.0,131.471,7601552004.0
563.297,0.0,91304.0,4015.0,49.0,131.477,7601552004.0
563.397,0.0,91304.0,4015.0,49.0,131.451,7601565138.0
563.497,0.0,91304.0,4015.0,49.0,131.447,7601578274.0
563.597,0.0,91304.0,4015.0,49.0,131.442,7601591404.0
563.697,0.0,91304.0,4015.0,49.0,131.436,7601604520.0
563.797,0.0,91304.0,4015.0,49.0,131.425,7601617646.0
563.897,0.0,91304.0,4015.0,49.0,131.399,7601630774.0
563.997,0.0,91304.0,4015.0,49.0,131.399,7601643891.0
564.097,0.0,91304.0,4015.0,49.0,131.416,7601670198.0
564.197,0.0,91304.0,4015.0,49.0,131.408,7601683332.0
564.296,0.0,91304.0,4015.0,49.0,131.405,7601696475.0
564.396,0.0,91304.0,4015.0,49.0,131.415,7601709594.0
564.497,0.0,91304.0,4015.0,49.0,131.418,7601722728.0
564.597,0.0,91304.0,4015.0,49.0,131.424,7601735857.0
564.697,0.0,91304.0,4015.0,49.0,131.408,7601748975.0
564.797,0.0,91304.0,4015.0,49.0,131.395,7601762108.0
564.897,0.0,91304.0,4015.0,49.0,131.409,7601775234.0
564.997,0.0,91304.0,4015.0,49.0,131.39,7601788349.0
565.097,0.0,91304.0,4015.0,49.0,131.361,7601801477.0
565.197,0.0,91304.0,4015.0,49.0,131.369,7601814611.0
565.295,0.0,91304.0,4015.0,49.0,131.361,7601827746.0
565.396,0.0,91304.0,4015.0,49.0,131.355,7601840865.0
565.497,0.0,91304.0,4015.0,49.0,131.349,7601853996.0
565.597,0.0,91304.0,4015.0,49.0,131.343,7601867125.0
565.697,0.0,91304.0,4015.0,49.0,131.355,7601880265.0
565.797,0.0,91304.0,4015.0,49.0,131.375,7601893399.0
565.897,0.0,91304.0,4015.0,49.0,131.365,7601906532.0
565.997,0.0,91304.0,4015.0,49.0,131.373,7601919661.0
566.097,0.0,91304.0,4015.0,49.0,131.378,7601932786.0
566.197,0.0,91304.0,4015.0,49.0,131.389,7601932786.0
566.297,0.0,91304.0,4015.0,49.0,131.372,7601945925.0
566.397,0.0,91304.0,4015.0,49.0,131.343,7601959026.0
566.497,0.0,91304.0,4015.0,49.0,131.341,7601972140.0
566.596,0.0,91304.0,4015.0,49.0,131.347,7601985270.0
566.697,0.0,91304.0,4015.0,49.0,131.341,7601998391.0
566.797,0.0,91304.0,4015.0,49.0,131.317,7602011515.0
566.897,0.0,91304.0,4015.0,49.0,131.311,7602024636.0
566.997,0.0,91304.0,4015.0,49.0,131.314,7602037755.0
567.097,0.0,91304.0,4015.0,49.0,131.318,7602050891.0
567.195,0.0,91304.0,4015.0,49.0,131.307,7602064026.0
567.297,0.0,91304.0,4015.0,49.0,131.334,7602090301.0
567.396,0.0,91304.0,4015.0,49.0,131.344,7602103425.0
567.497,0.0,91304.0,4015.0,49.0,131.359,7602116553.0
567.597,0.0,91304.0,4015.0,49.0,131.355,7602129681.0
567.697,0.0,91304.0,4015.0,49.0,131.376,7602142814.0
567.797,0.0,91304.0,4015.0,49.0,131.379,7602155940.0
567.897,0.0,91304.0,4015.0,49.0,131.372,7602169053.0
567.997,0.0,91304.0,4015.0,49.0,131.372,7602182185.0
568.097,0.0,91304.0,4015.0,49.0,131.369,7602195306.0
568.197,0.0,91304.0,4015.0,49.0,131.354,7602208437.0
568.297,0.0,91304.0,4015.0,49.0,131.334,7602221552.0
568.397,0.0,91304.0,4015.0,49.0,131.337,7602234681.0
568.497,0.0,91304.0,4015.0,49.0,131.32,7602247802.0
568.596,0.0,91304.0,4015.0,49.0,131.312,7602260932.0
568.697,0.0,91304.0,4015.0,49.0,131.301,7602274055.0
568.797,0.0,91304.0,4015.0,49.0,131.309,7602287203.0
568.895,0.0,91304.0,4015.0,49.0,131.324,7602300314.0
568.997,0.0,91304.0,4015.0,49.0,131.332,7602313445.0
569.097,0.0,91304.0,4015.0,49.0,131.318,7602326562.0
569.197,0.0,91304.0,4015.0,49.0,131.315,7602339687.0
569.297,0.0,91304.0,4015.0,49.0,131.321,7602352800.0
569.397,0.0,91304.0,4015.0,49.0,131.307,7602352800.0
569.496,0.0,91304.0,4015.0,49.0,131.31,7602365915.0
569.597,0.0,91304.0,4015.0,49.0,131.306,7602379041.0
569.697,0.0,91304.0,4015.0,49.0,131.308,7602392167.0
569.797,0.0,91304.0,4015.0,49.0,131.294,7602405285.0
569.897,0.0,91304.0,4015.0,49.0,131.285,7602418424.0
569.997,0.0,91304.0,4015.0,49.0,131.274,7602431530.0
570.097,0.0,91304.0,4015.0,49.0,131.269,7602444645.0
570.197,0.0,91304.0,4015.0,49.0,131.283,7602457774.0
570.297,0.0,91304.0,4015.0,49.0,131.278,7602470885.0
570.398,0.0,91304.0,4015.0,49.0,131.269,7602497131.0
570.498,0.0,91304.0,4015.0,49.0,131.277,7602510246.0
570.597,0.0,91304.0,4015.0,49.0,131.283,7602523385.0
570.697,0.0,91304.0,4015.0,49.0,131.278,7602536505.0
570.797,0.0,91304.0,4015.0,49.0,131.272,7602549629.0
570.897,0.0,91304.0,4015.0,49.0,131.253,7602562740.0
570.997,0.0,91304.0,4015.0,49.0,131.265,7602575870.0
571.097,0.0,91304.0,4015.0,49.0,131.268,7602588985.0
571.197,0.0,91304.0,4015.0,49.0,131.248,7602602108.0
571.297,0.0,91304.0,4015.0,49.0,131.252,7602615223.0
571.397,0.0,91304.0,4015.0,49.0,131.272,7602628347.0
571.497,0.0,91304.0,4015.0,49.0,131.265,7602641459.0
571.597,0.0,91304.0,4015.0,49.0,131.254,7602654573.0
571.697,0.0,91304.0,4015.0,49.0,131.24,7602667699.0
571.797,0.0,91304.0,4015.0,49.0,131.24,7602680819.0
571.897,0.0,91304.0,4015.0,49.0,131.248,7602693939.0
571.997,0.0,91304.0,4015.0,49.0,131.26,7602707059.0
572.097,0.0,91304.0,4015.0,49.0,131.255,7602720165.0
572.197,0.0,91304.0,4015.0,49.0,131.253,7602733282.0
572.297,0.0,91304.0,4015.0,49.0,131.247,7602733282.0
572.397,0.0,91304.0,4015.0,49.0,131.238,7602746383.0
572.497,0.0,91304.0,4015.0,49.0,131.212,7602759504.0
572.597,0.0,91304.0,4015.0,49.0,131.207,7602772596.0
572.697,0.0,91304.0,4015.0,49.0,131.198,7602785707.0
572.796,0.0,91304.0,4015.0,49.0,131.178,7602798800.0
572.897,0.0,91304.0,4015.0,49.0,131.155,7602811920.0
572.997,0.0,91304.0,4015.0,48.0,131.155,7602825020.0
573.097,0.0,91304.0,4015.0,49.0,131.138,7602838124.0
573.197,0.0,91304.0,4015.0,48.0,131.126,7602851218.0
573.297,0.0,91304.0,4015.0,48.0,131.137,7602864330.0
573.398,0.0,91304.0,4015.0,48.0,131.137,7602890567.0
573.498,0.0,91304.0,4015.0,48.0,131.143,7602903661.0
573.597,0.0,91304.0,4015.0,48.0,131.143,7602916775.0
573.697,0.0,91304.0,4015.0,48.0,131.146,7602929888.0
573.797,0.0,91304.0,4015.0,48.0,131.158,7602943004.0
573.896,0.0,91304.0,4015.0,48.0,131.143,7602956104.0
573.996,0.0,91304.0,4015.0,48.0,131.142,7602969208.0
574.097,0.0,91304.0,4015.0,48.0,131.153,7602982305.0
574.197,0.0,91304.0,4015.0,48.0,131.16,7602995429.0
574.297,0.0,91304.0,4015.0,48.0,131.163,7603008556.0
574.397,0.0,91304.0,4015.0,48.0,131.151,7603021651.0
574.495,0.0,91304.0,4015.0,48.0,131.151,7603034750.0
574.597,0.0,91304.0,4015.0,48.0,131.148,7603047849.0
574.696,0.0,91304.0,4015.0,48.0,131.129,7603060944.0
574.797,0.0,91304.0,4015.0,48.0,131.129,7603074060.0
574.897,0.0,91304.0,4015.0,48.0,131.146,7603087162.0
574.996,0.0,91304.0,4015.0,48.0,131.159,7603100293.0
575.097,0.0,91304.0,4015.0,48.0,131.159,7603113379.0
575.197,0.0,91304.0,4015.0,48.0,131.146,7603126494.0
575.297,0.0,91304.0,4015.0,48.0,131.14,7603126494.0
575.397,0.0,91304.0,4015.0,48.0,131.13,7603139593.0
575.497,0.0,91304.0,4015.0,48.0,131.11,7603152699.0
575.597,0.0,91304.0,4015.0,48.0,131.1,7603165791.0
575.697,0.0,91304.0,4015.0,48.0,131.086,7603178872.0
575.798,0.0,91304.0,4015.0,48.0,131.081,7603191954.0
575.895,0.0,91304.0,4015.0,48.0,131.047,7603205062.0
575.997,0.0,91304.0,4015.0,48.0,131.044,7603218132.0
576.096,0.0,91304.0,4015.0,48.0,131.038,7603231236.0
576.198,0.0,91304.0,4015.0,48.0,131.021,7603244334.0
576.297,0.0,91304.0,4015.0,48.0,131.024,7603257436.0
576.397,0.0,91304.0,4015.0,48.0,131.031,7603283638.0
576.497,0.0,91304.0,4015.0,48.0,131.044,7603296739.0
576.597,0.0,91304.0,4015.0,48.0,131.06,7603309848.0
576.696,0.0,91304.0,4015.0,48.0,131.067,7603322949.0
576.797,0.0,91304.0,4015.0,48.0,131.079,7603336046.0
576.897,0.0,91304.0,4015.0,48.0,131.095,7603349144.0
576.997,0.0,91304.0,4015.0,48.0,131.088,7603362244.0
577.097,0.0,91304.0,4015.0,48.0,131.108,7603375354.0
577.198,0.0,91304.0,4015.0,48.0,131.09,7603388456.0
577.297,0.0,91304.0,4015.0,48.0,131.065,7603401534.0
577.397,0.0,91304.0,4015.0,48.0,131.077,7603414650.0
577.498,0.0,91304.0,4015.0,48.0,131.056,7603427742.0
577.597,0.0,91304.0,4015.0,48.0,131.028,7603440825.0
577.697,0.0,91304.0,4015.0,48.0,131.028,7603453919.0
577.797,0.0,91304.0,4015.0,48.0,131.026,7603467033.0
577.897,0.0,91304.0,4015.0,48.0,131.035,7603480128.0
577.997,0.0,91304.0,4015.0,48.0,131.039,7603493226.0
578.097,0.0,91304.0,4015.0,48.0,131.02,7603506326.0
578.198,0.0,91304.0,4015.0,48.0,131.02,7603519413.0
578.298,0.0,91304.0,4015.0,48.0,131.023,7603532499.0
578.397,0.0,91304.0,4015.0,48.0,131.036,7603532499.0
578.497,0.0,91304.0,4015.0,48.0,131.016,7603545601.0
578.597,0.0,91304.0,4015.0,48.0,131.012,7603558693.0
578.697,0.0,91304.0,4015.0,48.0,131.046,7603571797.0
578.797,0.0,91304.0,4015.0,48.0,131.025,7603584894.0
578.897,0.0,91304.0,4015.0,48.0,130.99,7603597983.0
578.997,0.0,91304.0,4015.0,48.0,131.014,7603611064.0
579.097,0.0,91304.0,4015.0,48.0,130.999,7603624162.0
579.198,0.0,91304.0,4015.0,48.0,131.029,7603637257.0
579.298,0.0,91304.0,4015.0,48.0,131.029,7603650376.0
579.397,0.0,91304.0,4015.0,48.0,131.037,7603663458.0
579.496,0.0,91304.0,4015.0,48.0,131.04,7603689651.0
579.597,0.0,91304.0,4015.0,48.0,131.034,7603702751.0
579.697,0.0,91304.0,4015.0,48.0,130.995,7603715823.0
579.797,0.0,91304.0,4015.0,48.0,130.999,7603728914.0
579.897,0.0,91304.0,4015.0,48.0,131.021,7603742007.0
579.997,0.0,91304.0,4015.0,48.0,131.007,7603755106.0
580.098,0.0,91304.0,4015.0,48.0,131.037,7603768223.0
580.207,0.0,91304.0,4015.0,48.0,131.013,7603781320.0
580.297,0.0,91304.0,4015.0,48.0,130.996,7603794388.0
580.397,0.0,91304.0,4015.0,48.0,130.981,7603807469.0
580.497,0.0,91304.0,4015.0,48.0,130.967,7603820554.0
580.597,0.0,91304.0,4015.0,48.0,130.964,7603833645.0
580.697,0.0,91304.0,4015.0,48.0,130.993,7603846742.0
580.797,0.0,91304.0,4015.0,48.0,130.987,7603859835.0
580.897,0.0,91304.0,4015.0,48.0,130.996,7603872923.0
580.997,0.0,91304.0,4015.0,48.0,130.978,7603886004.0
581.098,0.0,91304.0,4015.0,48.0,130.96,7603899099.0
581.197,0.0,91304.0,4015.0,48.0,130.975,7603912204.0
581.297,0.0,91304.0,4015.0,48.0,130.975,7603925293.0
581.397,0.0,91304.0,4015.0,48.0,130.982,7603938362.0
581.497,0.0,91304.0,4015.0,48.0,130.976,7603938362.0
581.597,0.0,91304.0,4015.0,48.0,130.97,7603951443.0
581.696,0.0,91304.0,4015.0,48.0,130.952,7603964516.0
581.798,0.0,91304.0,4015.0,48.0,130.945,7603977604.0
581.897,0.0,91304.0,4015.0,48.0,130.924,7603990674.0
581.997,0.0,91304.0,4015.0,48.0,130.913,7604003770.0
582.097,0.0,91304.0,4015.0,48.0,130.929,7604016857.0
582.197,0.0,91304.0,4015.0,48.0,130.918,7604029952.0
582.297,0.0,91304.0,4015.0,48.0,130.901,7604056146.0
582.397,0.0,91304.0,4015.0,48.0,130.904,7604069234.0
582.497,0.0,91304.0,4015.0,48.0,130.916,7604082309.0
582.597,0.0,91304.0,4015.0,48.0,130.919,7604095399.0
582.697,0.0,91304.0,4015.0,48.0,130.944,7604108495.0
582.797,0.0,91304.0,4015.0,48.0,130.945,7604121573.0
582.897,0.0,91304.0,4015.0,48.0,130.97,7604134649.0
582.997,0.0,91304.0,4015.0,48.0,130.936,7604147734.0
583.097,0.0,91304.0,4015.0,48.0,130.942,7604160826.0
583.197,0.0,91304.0,4015.0,48.0,130.935,7604173916.0
583.297,0.0,91304.0,4015.0,48.0,130.923,7604186989.0
583.397,0.0,91304.0,4015.0,48.0,130.931,7604200063.0
583.497,0.0,91304.0,4015.0,48.0,130.91,7604213114.0
583.595,0.0,91304.0,4015.0,48.0,130.863,7604226197.0
583.697,0.0,91304.0,4015.0,48.0,130.846,7604239275.0
583.797,0.0,91304.0,4015.0,48.0,130.841,7604252364.0
583.898,0.0,91304.0,4015.0,48.0,130.86,7604265448.0
583.997,0.0,91304.0,4015.0,48.0,130.84,7604278518.0
584.097,0.0,91304.0,4015.0,48.0,130.848,7604291610.0
584.197,0.0,91304.0,4015.0,48.0,130.831,7604304667.0
584.297,0.0,91304.0,4015.0,48.0,130.814,7604317750.0
584.397,0.0,91304.0,4015.0,48.0,130.829,7604330844.0
584.497,0.0,91304.0,4015.0,48.0,130.884,7604330844.0
584.597,0.0,91304.0,4015.0,48.0,130.909,7604343949.0
584.697,0.0,91304.0,4015.0,48.0,130.894,7604357031.0
584.797,0.0,91304.0,4015.0,48.0,146.476,7604370099.0
584.897,68.0,91304.0,4015.0,58.0,200.158,7604407337.0
584.998,68.0,91304.0,4015.0,61.0,254.33,7604476066.0
585.097,86.0,91304.0,4015.0,63.0,302.726,7604538139.0
585.197,86.0,91304.0,4015.0,64.0,356.603,7604604656.0
585.297,100.0,91304.0,4015.0,65.0,413.044,7604743471.0
585.397,100.0,91304.0,4015.0,66.0,467.434,7604811776.0
585.497,100.0,91304.0,4015.0,67.0,522.187,7604880117.0
585.597,100.0,91304.0,4015.0,67.0,522.187,7604948898.0
585.697,100.0,91304.0,4015.0,67.0,575.631,7605017938.0
585.797,100.0,91304.0,4015.0,68.0,630.015,7605086039.0
585.897,100.0,91304.0,4015.0,68.0,668.809,7605154641.0
585.997,100.0,91304.0,4015.0,68.0,670.321,7605222821.0
586.097,100.0,91304.0,4015.0,69.0,670.451,7605291478.0
586.197,100.0,91304.0,4015.0,69.0,677.526,7605359724.0
586.297,100.0,91304.0,4015.0,70.0,676.865,7605427520.0
586.397,100.0,91304.0,4015.0,70.0,676.492,7605494989.0
586.495,100.0,91304.0,4015.0,70.0,669.8,7605555053.0
586.598,100.0,91304.0,4015.0,70.0,670.262,7605555053.0
586.697,100.0,91304.0,4015.0,70.0,670.512,7605622061.0
586.797,100.0,91304.0,4015.0,70.0,672.244,7605690014.0
586.897,100.0,91304.0,4015.0,71.0,673.311,7605756980.0
586.997,100.0,91304.0,4015.0,71.0,672.888,7605825386.0
587.097,100.0,91304.0,4015.0,71.0,673.527,7605893351.0
587.198,100.0,91304.0,4015.0,71.0,674.593,7605961545.0
587.297,100.0,91304.0,4015.0,71.0,675.656,7606098880.0
587.397,100.0,91304.0,4015.0,71.0,675.918,7606167171.0
587.497,100.0,91304.0,4015.0,71.0,676.077,7606236308.0
587.596,100.0,91304.0,4015.0,71.0,683.378,7606305060.0
587.697,100.0,91304.0,4015.0,72.0,683.555,7606373818.0
587.796,100.0,91304.0,4015.0,72.0,682.089,7606442954.0
587.897,100.0,91304.0,4015.0,72.0,682.069,7606512410.0
587.996,100.0,91304.0,4015.0,72.0,675.438,7606574437.0
588.097,100.0,91304.0,4015.0,72.0,675.438,7606643507.0
588.197,88.0,91304.0,4015.0,72.0,675.144,7606713147.0
588.298,88.0,91304.0,4015.0,72.0,675.957,7606782600.0
588.397,100.0,91304.0,4015.0,72.0,674.93,7606851714.0
588.497,100.0,91304.0,4015.0,72.0,675.385,7606919799.0
588.597,100.0,91304.0,4015.0,72.0,675.446,7606989052.0
588.697,100.0,91304.0,4015.0,72.0,676.128,7606989052.0
588.797,100.0,91304.0,4015.0,72.0,676.495,7607057424.0
588.897,100.0,91304.0,4015.0,72.0,677.318,7607126446.0
588.997,100.0,91304.0,4015.0,72.0,683.629,7607194722.0
589.097,100.0,91304.0,4015.0,72.0,685.672,7607263938.0
589.197,100.0,91304.0,4015.0,72.0,683.701,7607332873.0
589.297,100.0,91304.0,4015.0,72.0,685.008,7607401586.0
589.397,100.0,91304.0,4015.0,72.0,686.026,7607469607.0
589.497,100.0,91304.0,4015.0,70.0,681.599,7607601082.0
589.597,100.0,91304.0,4015.0,71.0,680.56,7607668273.0
589.697,100.0,91304.0,4015.0,71.0,679.91,7607735148.0
589.797,100.0,91304.0,4015.0,68.0,662.338,7607783046.0
589.897,97.0,91304.0,4015.0,66.0,638.874,7607827762.0
589.997,97.0,91304.0,4015.0,66.0,616.252,7607871444.0
590.097,97.0,91304.0,4015.0,65.0,589.087,7607915705.0
590.197,97.0,91304.0,4015.0,65.0,566.044,7607957228.0
590.297,97.0,91304.0,4015.0,65.0,566.044,7607998593.0
590.400,97.0,91304.0,4015.0,63.0,539.129,7608038285.0
590.497,97.0,91304.0,4015.0,63.0,510.286,7608080284.0
590.598,97.0,91304.0,4015.0,62.0,486.369,7608121138.0
590.697,97.0,91304.0,4015.0,62.0,462.124,7608161533.0
590.797,98.0,91304.0,4015.0,62.0,436.196,7608200199.0
590.897,95.0,91304.0,4015.0,61.0,414.043,7608200199.0
590.997,95.0,91304.0,4015.0,60.0,405.874,7608238707.0
591.097,96.0,91304.0,4015.0,60.0,398.956,7608275443.0
591.197,96.0,91304.0,4015.0,59.0,391.542,7608311146.0
591.297,98.0,91304.0,4015.0,59.0,384.776,7608346382.0
591.397,98.0,91304.0,4015.0,58.0,377.79,7608380584.0
591.497,96.0,91304.0,4015.0,58.0,368.492,7608413438.0
591.597,96.0,91304.0,4015.0,58.0,359.561,7608446328.0
592.522,98.0,91304.0,4015.0,57.0,326.868,7608772941.0
592.524,98.0,91304.0,4015.0,57.0,326.868,7608772941.0
592.626,96.0,91304.0,4015.0,57.0,326.868,7608805497.0
592.726,96.0,91304.0,4015.0,56.0,326.604,7608830295.0
592.825,96.0,91304.0,4015.0,56.0,317.594,7608844092.0
592.926,96.0,91304.0,4015.0,54.0,299.436,7608857600.0
593.026,0.0,91304.0,4015.0,53.0,279.284,7608871055.0
593.126,0.0,91304.0,4015.0,53.0,259.506,7608884462.0
593.226,0.0,91304.0,4015.0,52.0,241.397,7608897820.0
593.326,0.0,91304.0,4015.0,52.0,222.896,7608911158.0
593.426,0.0,91304.0,4015.0,51.0,204.102,7608911158.0
593.526,0.0,91304.0,4015.0,51.0,185.593,7608924478.0
593.626,0.0,91304.0,4015.0,51.0,167.162,7608937762.0
593.727,0.0,91304.0,4015.0,51.0,133.934,7608951009.0
593.826,0.0,91304.0,4015.0,50.0,133.497,7608964253.0
593.926,0.0,91304.0,4015.0,55.0,168.884,7608977489.0
594.026,0.0,91304.0,4015.0,61.0,215.322,7609024997.0
594.126,82.0,91304.0,4015.0,63.0,271.009,7609086103.0
594.226,82.0,91304.0,4015.0,65.0,324.946,7609152371.0
594.326,100.0,91304.0,4015.0,66.0,379.712,7609287827.0
594.426,100.0,91304.0,4015.0,67.0,428.206,7609355580.0
594.526,100.0,91304.0,4015.0,68.0,499.153,7609424916.0
594.625,100.0,91304.0,4015.0,68.0,534.033,7609492104.0
594.726,100.0,91304.0,4015.0,69.0,597.743,7609560623.0
594.826,100.0,91304.0,4015.0,69.0,641.992,7609628747.0
594.926,100.0,91304.0,4015.0,69.0,670.48,7609697621.0
595.026,100.0,91304.0,4015.0,69.0,670.48,7609765667.0
595.127,100.0,91304.0,4015.0,70.0,678.03,7609834460.0
595.226,100.0,91304.0,4015.0,70.0,679.103,7609902579.0
595.326,100.0,91304.0,4015.0,70.0,681.665,7609969430.0
595.427,100.0,91304.0,4015.0,71.0,680.679,7610038324.0
595.526,100.0,91304.0,4015.0,71.0,681.328,7610038324.0
595.626,89.0,91304.0,4015.0,71.0,674.332,7610100079.0
595.726,89.0,91304.0,4015.0,71.0,675.342,7610167708.0
595.826,100.0,91304.0,4015.0,71.0,674.677,7610234943.0
595.926,100.0,91304.0,4015.0,71.0,675.125,7610303182.0
596.026,100.0,91304.0,4015.0,72.0,675.314,7610371913.0
596.126,100.0,91304.0,4015.0,72.0,674.099,7610440447.0
596.226,100.0,91304.0,4015.0,72.0,672.264,7610577394.0
596.326,100.0,91304.0,4015.0,72.0,673.26,7610645908.0
596.426,100.0,91304.0,4015.0,72.0,671.824,7610715111.0
596.526,100.0,91304.0,4015.0,72.0,679.242,7610784142.0
596.625,100.0,91304.0,4015.0,72.0,682.521,7610854306.0
596.726,100.0,91304.0,4015.0,72.0,684.075,7610924810.0
596.826,100.0,91304.0,4015.0,72.0,683.101,7610993337.0
596.925,100.0,91304.0,4015.0,73.0,683.245,7611063077.0
597.026,100.0,91304.0,4015.0,73.0,659.044,7611111118.0
597.125,0.0,91304.0,4015.0,62.0,608.059,7611125955.0
597.226,0.0,91304.0,4015.0,59.0,580.502,7611163908.0
597.326,0.0,91304.0,4015.0,59.0,580.502,7611230169.0
597.427,100.0,91304.0,4015.0,68.0,579.804,7611230169.0
597.526,100.0,91304.0,4015.0,68.0,581.673,7611298465.0
597.626,100.0,91304.0,4015.0,69.0,578.773,7611365820.0
597.726,100.0,91304.0,4015.0,70.0,579.926,7611432952.0
597.826,100.0,91304.0,4015.0,69.0,575.939,7611500536.0
597.926,100.0,91304.0,4015.0,70.0,577.484,7611566394.0
598.026,100.0,91304.0,4015.0,71.0,576.329,7611702575.0
598.126,100.0,91304.0,4015.0,70.0,598.413,7611770287.0
598.226,100.0,91304.0,4015.0,71.0,661.009,7611837908.0
598.326,100.0,91304.0,4015.0,71.0,675.321,7611906077.0
598.426,100.0,91304.0,4015.0,71.0,675.776,7611973141.0
598.526,100.0,91304.0,4015.0,71.0,675.744,7612034395.0
598.626,96.0,91304.0,4015.0,67.0,635.501,7612078335.0
598.726,97.0,91304.0,4015.0,66.0,616.996,7612123085.0
598.826,97.0,91304.0,4015.0,65.0,592.734,7612166473.0
598.926,97.0,91304.0,4015.0,65.0,568.4,7612210531.0
599.026,97.0,91304.0,4015.0,64.0,543.372,7612253811.0
599.127,97.0,91304.0,4015.0,64.0,521.216,7612253811.0
599.225,97.0,91304.0,4015.0,63.0,496.076,7612296380.0
599.326,97.0,91304.0,4015.0,63.0,469.474,7612337706.0
599.426,97.0,91304.0,4015.0,62.0,437.021,7612378630.0
599.527,97.0,91304.0,4015.0,62.0,437.021,7612418928.0
599.626,96.0,91304.0,4015.0,62.0,422.106,7612459196.0
599.726,96.0,91304.0,4015.0,62.0,418.933,7612536376.0
599.826,95.0,91304.0,4015.0,61.0,411.594,7612573038.0
599.926,95.0,91304.0,4015.0,61.0,405.178,7612609455.0
600.026,97.0,91304.0,4015.0,60.0,397.425,7612645174.0
600.125,97.0,91304.0,4015.0,60.0,390.195,7612681282.0
600.226,96.0,91304.0,4015.0,59.0,382.923,7612716484.0
600.326,96.0,91304.0,4015.0,59.0,376.985,7612750228.0
600.426,96.0,91304.0,4015.0,59.0,369.401,7612784390.0
600.526,96.0,91304.0,4015.0,58.0,364.08,7612818618.0
600.626,98.0,91304.0,4015.0,58.0,358.159,7612852456.0
600.726,98.0,91304.0,4015.0,58.0,352.402,7612886777.0
600.826,96.0,91304.0,4015.0,58.0,349.195,7612920420.0
600.925,96.0,91304.0,4015.0,58.0,344.313,7612954411.0
601.026,96.0,91304.0,4015.0,57.0,342.189,7612987703.0
601.126,98.0,91304.0,4015.0,57.0,338.336,7612987703.0
601.226,98.0,91304.0,4015.0,57.0,336.007,7613019610.0
601.326,96.0,91304.0,4015.0,57.0,334.744,7613052063.0
601.426,96.0,91304.0,4015.0,57.0,332.351,7613084983.0
601.526,61.0,91304.0,4015.0,57.0,324.877,7613116867.0
601.626,61.0,91304.0,4015.0,55.0,304.584,7613146749.0
601.726,0.0,91304.0,4015.0,54.0,284.921,7613161867.0
601.826,0.0,91304.0,4015.0,53.0,269.743,7613175684.0
601.926,89.0,91304.0,4015.0,58.0,294.157,7613189365.0
602.026,89.0,91304.0,4015.0,62.0,327.088,7613239293.0
602.126,89.0,91304.0,4015.0,62.0,327.088,7613374649.0
602.227,100.0,91304.0,4015.0,65.0,366.692,7613443755.0
602.326,100.0,91304.0,4015.0,66.0,396.692,7613512261.0
602.426,100.0,91304.0,4015.0,67.0,434.427,7613581015.0
602.526,100.0,91304.0,4015.0,67.0,467.766,7613650156.0
602.626,100.0,91304.0,4015.0,68.0,506.645,7613718840.0
602.727,100.0,91304.0,4015.0,69.0,559.755,7613786676.0
602.827,100.0,91304.0,4015.0,69.0,623.447,7613855858.0
602.926,100.0,91304.0,4015.0,69.0,674.439,7613925254.0
603.026,100.0,91304.0,4015.0,70.0,684.281,7613994262.0
603.126,100.0,91304.0,4015.0,70.0,686.425,7614064549.0
603.226,100.0,91304.0,4015.0,70.0,687.791,7614133645.0
603.326,100.0,91304.0,4015.0,70.0,687.352,7614133645.0
603.426,100.0,91304.0,4015.0,70.0,688.806,7614203075.0
603.526,100.0,91304.0,4015.0,70.0,679.564,7614265153.0
603.639,100.0,91304.0,4015.0,70.0,677.885,7614332509.0
603.727,100.0,91304.0,4015.0,71.0,678.484,7614401717.0
603.826,100.0,91304.0,4015.0,71.0,677.626,7614470181.0
603.926,100.0,91304.0,4015.0,71.0,677.367,7614538254.0
604.026,100.0,91304.0,4015.0,71.0,677.267,7614607043.0
604.125,100.0,91304.0,4015.0,71.0,676.919,7614744599.0
604.226,100.0,91304.0,4015.0,71.0,676.919,7614813204.0
604.326,100.0,91304.0,4015.0,71.0,679.076,7614882653.0
604.426,100.0,91304.0,4015.0,72.0,677.36,7614951407.0
604.526,100.0,91304.0,4015.0,72.0,686.598,7615020889.0
604.626,100.0,91304.0,4015.0,72.0,686.937,7615088904.0
604.726,100.0,91304.0,4015.0,72.0,687.036,7615158256.0
604.826,100.0,91304.0,4015.0,72.0,686.698,7615227921.0
604.926,100.0,91304.0,4015.0,73.0,687.494,7615290456.0
605.026,88.0,91304.0,4015.0,73.0,679.107,7615358599.0
605.126,88.0,91304.0,4015.0,72.0,678.815,7615426476.0
605.226,100.0,91304.0,4015.0,73.0,678.134,7615496035.0
605.326,100.0,91304.0,4015.0,73.0,678.491,7615496035.0
605.426,100.0,91304.0,4015.0,73.0,678.135,7615565710.0
605.526,100.0,91304.0,4015.0,73.0,678.773,7615634376.0
605.624,100.0,91304.0,4015.0,73.0,678.749,7615702437.0
605.725,100.0,91304.0,4015.0,73.0,679.283,7615771855.0
605.824,100.0,91304.0,4015.0,73.0,679.652,7615841182.0
605.925,100.0,91304.0,4015.0,73.0,678.997,7615910463.0
606.026,100.0,91304.0,4015.0,73.0,688.284,7615979184.0
606.126,100.0,91304.0,4015.0,73.0,689.289,7616117445.0
606.226,100.0,91304.0,4015.0,73.0,688.948,7616185606.0
606.326,100.0,91304.0,4015.0,73.0,688.129,7616253572.0
606.426,100.0,91304.0,4015.0,73.0,677.755,7616314874.0
606.527,96.0,91304.0,4015.0,72.0,661.588,7616371317.0
606.626,96.0,91304.0,4015.0,68.0,635.707,7616417164.0
606.726,97.0,91304.0,4015.0,67.0,614.268,7616461078.0
606.826,97.0,91304.0,4015.0,66.0,589.32,7616505112.0
606.926,97.0,91304.0,4015.0,65.0,564.925,7616549562.0
607.026,97.0,91304.0,4015.0,65.0,534.292,7616591632.0
607.126,97.0,91304.0,4015.0,64.0,534.292,7616633495.0
607.226,97.0,91304.0,4015.0,64.0,513.045,7616674340.0
607.326,97.0,91304.0,4015.0,64.0,482.462,7616674340.0
607.426,97.0,91304.0,4015.0,63.0,460.225,7616716054.0
607.527,97.0,91304.0,4015.0,63.0,440.644,7616756422.0
607.626,95.0,91304.0,4015.0,63.0,425.373,7616797648.0
607.726,95.0,91304.0,4015.0,62.0,419.872,7616835369.0
607.826,95.0,91304.0,4015.0,61.0,411.074,7616873091.0
607.926,95.0,91304.0,4015.0,61.0,403.496,7616909240.0
608.026,96.0,91304.0,4015.0,60.0,395.098,7616945080.0
608.126,96.0,91304.0,4015.0,60.0,389.373,7616980405.0
608.226,96.0,91304.0,4015.0,59.0,379.789,7617048761.0
608.326,96.0,91304.0,4015.0,59.0,374.508,7617082008.0
608.426,96.0,91304.0,4015.0,59.0,365.705,7617114975.0
608.526,96.0,91304.0,4015.0,58.0,358.032,7617147965.0
608.626,98.0,91304.0,4015.0,58.0,349.76,7617181327.0
608.726,95.0,91304.0,4015.0,58.0,341.013,7617214172.0
608.825,95.0,91304.0,4015.0,58.0,337.745,7617246801.0
608.926,96.0,91304.0,4015.0,58.0,334.865,7617279882.0
609.026,96.0,91304.0,4015.0,57.0,332.561,7617313310.0
609.126,98.0,91304.0,4015.0,57.0,331.879,7617345670.0
609.226,98.0,91304.0,4015.0,57.0,330.572,7617378779.0
609.326,96.0,91304.0,4015.0,57.0,329.208,7617411049.0
609.426,96.0,91304.0,4015.0,57.0,329.095,7617443433.0
609.526,96.0,91304.0,4015.0,57.0,329.095,7617476044.0
609.626,96.0,91304.0,4015.0,57.0,328.235,7617508372.0
609.727,96.0,91304.0,4015.0,57.0,327.38,7617508372.0
609.826,98.0,91304.0,4015.0,57.0,326.689,7617540610.0
609.925,98.0,91304.0,4015.0,56.0,326.061,7617572771.0
610.026,22.0,91304.0,4015.0,56.0,312.463,7617596541.0
610.126,22.0,91304.0,4015.0,54.0,292.459,7617610296.0
610.226,0.0,91304.0,4015.0,53.0,273.342,7617623853.0
610.325,0.0,91304.0,4015.0,53.0,278.646,7617649591.0
610.426,100.0,91304.0,4015.0,62.0,314.394,7617715437.0
610.526,100.0,91304.0,4015.0,65.0,347.9,7617773903.0
610.626,100.0,91304.0,4015.0,64.0,377.108,7617907114.0
610.726,100.0,91304.0,4015.0,66.0,417.041,7617973069.0
610.826,100.0,91304.0,4015.0,66.0,452.279,7618041127.0
610.926,100.0,91304.0,4015.0,67.0,489.287,7618109356.0
611.026,100.0,91304.0,4015.0,68.0,534.304,7618177070.0
611.126,100.0,91304.0,4015.0,68.0,596.618,7618244605.0
611.226,100.0,91304.0,4015.0,68.0,651.856,7618312542.0
611.326,100.0,91304.0,4015.0,69.0,671.883,7618380071.0
611.426,100.0,91304.0,4015.0,69.0,682.147,7618448351.0
611.526,100.0,91304.0,4015.0,70.0,686.202,7618518689.0
611.625,100.0,91304.0,4015.0,70.0,687.102,7618585697.0
611.726,100.0,91304.0,4015.0,70.0,687.595,7618585697.0
611.826,100.0,91304.0,4015.0,70.0,687.871,7618653169.0
611.926,88.0,91304.0,4015.0,69.0,681.225,7618722165.0
612.026,88.0,91304.0,4015.0,69.0,681.225,7618784608.0
612.126,88.0,91304.0,4015.0,70.0,681.609,7618852942.0
612.226,100.0,91304.0,4015.0,70.0,681.737,7618921282.0
612.326,100.0,91304.0,4015.0,71.0,680.868,7618990151.0
612.426,100.0,91304.0,4015.0,71.0,680.564,7619127610.0
612.526,100.0,91304.0,4015.0,71.0,681.618,7619196296.0
612.625,100.0,91304.0,4015.0,71.0,680.382,7619264012.0
612.726,100.0,91304.0,4015.0,71.0,680.378,7619333398.0
612.826,100.0,91304.0,4015.0,71.0,680.441,7619401938.0
612.926,100.0,91304.0,4015.0,71.0,681.638,7619471609.0
613.026,100.0,91304.0,4015.0,72.0,688.065,7619539078.0
613.126,100.0,91304.0,4015.0,72.0,688.776,7619607586.0
613.226,100.0,91304.0,4015.0,72.0,688.773,7619677035.0
613.326,100.0,91304.0,4015.0,72.0,688.824,7619747120.0
613.426,100.0,91304.0,4015.0,72.0,683.284,7619806817.0
613.526,100.0,91304.0,4015.0,69.0,679.464,7619875397.0
613.626,100.0,91304.0,4015.0,71.0,677.182,7619875397.0
613.726,100.0,91304.0,4015.0,72.0,676.999,7619943707.0
613.826,100.0,91304.0,4015.0,71.0,676.434,7620012655.0
613.926,100.0,91304.0,4015.0,71.0,673.715,7620080044.0
614.026,100.0,91304.0,4015.0,72.0,674.459,7620148635.0
614.126,100.0,91304.0,4015.0,72.0,673.552,7620216095.0
614.226,100.0,91304.0,4015.0,72.0,673.552,7620285546.0
614.326,100.0,91304.0,4015.0,72.0,674.117,7620351980.0
614.426,100.0,91304.0,4015.0,71.0,670.735,7620487052.0
614.526,100.0,91304.0,4015.0,72.0,679.052,7620549888.0
614.626,96.0,91304.0,4015.0,72.0,664.223,7620595001.0
614.726,96.0,91304.0,4015.0,68.0,640.392,7620638192.0
614.825,97.0,91304.0,4015.0,67.0,617.076,7620682893.0
614.924,97.0,91304.0,4015.0,65.0,590.689,7620725581.0
615.026,97.0,91304.0,4015.0,65.0,569.415,7620769269.0
615.126,97.0,91304.0,4015.0,64.0,544.161,7620810128.0
615.226,97.0,91304.0,4015.0,64.0,514.133,7620850922.0
615.326,97.0,91304.0,4015.0,63.0,491.472,7620892844.0
615.426,98.0,91304.0,4015.0,63.0,466.692,7620935304.0
615.526,98.0,91304.0,4015.0,63.0,437.3,7620975465.0
615.626,95.0,91304.0,4015.0,62.0,424.202,7621013720.0
615.726,95.0,91304.0,4015.0,62.0,418.387,7621052067.0
615.826,95.0,91304.0,4015.0,61.0,405.816,7621052067.0
615.926,98.0,91304.0,4015.0,60.0,397.71,7621089631.0
616.026,98.0,91304.0,4015.0,60.0,391.772,7621126354.0
616.126,97.0,91304.0,4015.0,59.0,387.303,7621162163.0
616.226,97.0,91304.0,4015.0,59.0,379.722,7621198440.0
616.326,97.0,91304.0,4015.0,59.0,371.057,7621233927.0
616.426,96.0,91304.0,4015.0,59.0,371.057,7621267697.0
616.526,96.0,91304.0,4015.0,59.0,363.974,7621301446.0
616.626,98.0,91304.0,4015.0,58.0,357.264,7621335043.0
616.725,98.0,91304.0,4015.0,58.0,351.176,7621400523.0
616.825,96.0,91304.0,4015.0,58.0,345.128,7621432780.0
616.926,96.0,91304.0,4015.0,57.0,341.408,7621464884.0
617.025,96.0,91304.0,4015.0,57.0,337.223,7621497655.0
617.126,96.0,91304.0,4015.0,57.0,333.205,7621530084.0
617.225,98.0,91304.0,4015.0,56.0,327.856,7621551209.0
617.326,98.0,91304.0,4015.0,54.0,307.13,7621564726.0
617.426,0.0,91304.0,4015.0,54.0,288.4,7621578221.0
617.527,0.0,91304.0,4015.0,53.0,267.297,7621609621.0
617.626,63.0,91304.0,4015.0,62.0,288.783,7621674503.0
617.726,63.0,91304.0,4015.0,63.0,317.877,7621736626.0
617.826,87.0,91304.0,4015.0,66.0,351.204,7621803111.0
617.926,87.0,91304.0,4015.0,67.0,385.335,7621803111.0
618.026,100.0,91304.0,4015.0,68.0,421.454,7621870796.0
618.126,100.0,91304.0,4015.0,69.0,493.463,7621939393.0
618.226,100.0,91304.0,4015.0,70.0,538.797,7622006793.0
618.326,100.0,91304.0,4015.0,70.0,601.969,7622074744.0
618.426,100.0,91304.0,4015.0,71.0,646.367,7622142428.0
618.525,100.0,91304.0,4015.0,71.0,670.598,7622210795.0
618.625,100.0,91304.0,4015.0,71.0,670.598,7622278646.0
618.724,100.0,91304.0,4015.0,71.0,676.248,7622413781.0
618.826,100.0,91304.0,4015.0,71.0,677.591,7622482155.0
618.926,100.0,91304.0,4015.0,71.0,680.054,7622550154.0
619.026,100.0,91304.0,4015.0,71.0,679.858,7622617764.0
619.125,100.0,91304.0,4015.0,71.0,680.206,7622685608.0
619.226,89.0,91304.0,4015.0,71.0,675.48,7622747704.0
619.326,89.0,91304.0,4015.0,72.0,674.727,7622816451.0
619.426,100.0,91304.0,4015.0,72.0,676.18,7622884125.0
619.526,100.0,91304.0,4015.0,72.0,675.099,7622952124.0
619.626,100.0,91304.0,4015.0,72.0,674.907,7623020525.0
619.726,100.0,91304.0,4015.0,72.0,676.872,7623089249.0
619.826,100.0,91304.0,4015.0,72.0,678.077,7623158021.0
619.926,100.0,91304.0,4015.0,72.0,678.778,7623227092.0
620.026,100.0,91304.0,4015.0,72.0,679.358,7623295580.0
620.126,100.0,91304.0,4015.0,72.0,679.995,7623295580.0
620.226,100.0,91304.0,4015.0,72.0,685.456,7623363764.0
620.326,100.0,91304.0,4015.0,72.0,686.743,7623431436.0
620.426,100.0,91304.0,4015.0,72.0,685.311,7623499166.0
620.526,100.0,91304.0,4015.0,72.0,687.206,7623567006.0
620.626,100.0,91304.0,4015.0,72.0,678.35,7623635621.0
620.726,100.0,91304.0,4015.0,72.0,678.35,7623701838.0
620.826,100.0,91304.0,4015.0,71.0,677.185,7623766527.0
620.926,100.0,91304.0,4015.0,71.0,675.12,7623901411.0
621.026,100.0,91304.0,4015.0,72.0,671.8,7623969979.0
621.126,100.0,91304.0,4015.0,72.0,673.33,7624038034.0
621.226,100.0,91304.0,4015.0,71.0,673.557,7624106037.0
621.326,100.0,91304.0,4015.0,71.0,672.706,7624172869.0
621.426,100.0,91304.0,4015.0,72.0,671.722,7624240852.0
621.526,100.0,91304.0,4015.0,71.0,671.029,7624309466.0
621.626,100.0,91304.0,4015.0,72.0,668.719,7624375132.0
621.726,100.0,91304.0,4015.0,72.0,676.486,7624443039.0
621.826,100.0,91304.0,4015.0,72.0,677.966,7624512242.0
621.926,100.0,91304.0,4015.0,72.0,678.749,7624579872.0
622.026,100.0,91304.0,4015.0,69.0,675.259,7624630400.0
622.126,100.0,91304.0,4015.0,68.0,645.598,7624673086.0
622.226,97.0,91304.0,4015.0,66.0,627.424,7624673086.0
622.326,97.0,91304.0,4015.0,66.0,603.159,7624717676.0
622.426,97.0,91304.0,4015.0,65.0,580.318,7624762384.0
622.526,97.0,91304.0,4015.0,65.0,556.43,7624807783.0
622.626,97.0,91304.0,4015.0,64.0,509.429,7624850430.0
622.726,97.0,91304.0,4015.0,63.0,482.504,7624892723.0
622.826,97.0,91304.0,4015.0,63.0,456.965,7624934152.0
622.926,97.0,91304.0,4015.0,63.0,456.965,7624974447.0
623.025,94.0,91304.0,4015.0,62.0,429.05,7625014601.0
623.126,94.0,91304.0,4015.0,62.0,423.674,7625094529.0
623.226,95.0,91304.0,4015.0,62.0,418.943,7625132614.0
623.326,95.0,91304.0,4015.0,61.0,411.894,7625169448.0
623.426,98.0,91304.0,4015.0,60.0,403.954,7625205727.0
623.525,98.0,91304.0,4015.0,60.0,395.354,7625241723.0
623.626,96.0,91304.0,4015.0,60.0,388.857,7625276810.0
623.726,96.0,91304.0,4015.0,59.0,381.294,7625310453.0
623.826,96.0,91304.0,4015.0,59.0,374.225,7625344334.0
623.926,96.0,91304.0,4015.0,59.0,367.769,7625378512.0
624.026,98.0,91304.0,4015.0,58.0,360.758,7625410929.0
624.126,98.0,91304.0,4015.0,58.0,353.512,7625444993.0
624.226,96.0,91304.0,4015.0,58.0,348.218,7625477523.0
624.326,96.0,91304.0,4015.0,58.0,343.95,7625510688.0
624.425,96.0,91304.0,4015.0,58.0,340.399,7625543528.0
624.526,96.0,91304.0,4015.0,57.0,337.195,7625572281.0
624.626,51.0,91304.0,4015.0,54.0,301.758,7625572281.0
624.726,0.0,91304.0,4015.0,53.0,281.602,7625586948.0
624.826,0.0,91304.0,4015.0,59.0,271.24,7625600711.0
624.925,0.0,91304.0,4015.0,59.0,271.24,7625614489.0
625.026,96.0,91304.0,4015.0,60.0,299.273,7625665581.0
625.126,96.0,91304.0,4015.0,66.0,329.82,7625727633.0
625.226,100.0,91304.0,4015.0,67.0,364.323,7625794724.0
625.326,100.0,91304.0,4015.0,68.0,397.252,7625861948.0
625.427,100.0,91304.0,4015.0,69.0,433.597,7625998701.0
625.526,100.0,91304.0,4015.0,70.0,468.723,7626067616.0
625.626,100.0,91304.0,4015.0,70.0,515.706,7626135973.0
625.726,100.0,91304.0,4015.0,70.0,570.339,7626205265.0
625.826,100.0,91304.0,4015.0,71.0,624.71,7626274184.0
625.926,100.0,91304.0,4015.0,71.0,666.935,7626343697.0
626.026,100.0,91304.0,4015.0,71.0,676.827,7626412633.0
626.126,100.0,91304.0,4015.0,71.0,681.044,7626481236.0
626.226,100.0,91304.0,4015.0,72.0,680.592,7626549285.0
626.326,100.0,91304.0,4015.0,72.0,680.946,7626617474.0
626.427,100.0,91304.0,4015.0,72.0,681.804,7626685947.0
626.526,100.0,91304.0,4015.0,68.0,675.285,7626685947.0
626.626,86.0,91304.0,4015.0,70.0,675.162,7626745583.0
626.725,86.0,91304.0,4015.0,71.0,675.367,7626814070.0
626.826,100.0,91304.0,4015.0,71.0,675.16,7626882261.0
626.926,100.0,91304.0,4015.0,71.0,675.733,7626950099.0
627.026,100.0,91304.0,4015.0,71.0,675.733,7627017583.0
627.127,100.0,91304.0,4015.0,71.0,675.48,7627085960.0
627.226,100.0,91304.0,4015.0,71.0,677.866,7627153862.0
627.327,100.0,91304.0,4015.0,71.0,679.114,7627291003.0
627.426,100.0,91304.0,4015.0,71.0,679.266,7627359278.0
627.526,100.0,91304.0,4015.0,71.0,687.23,7627427347.0
627.626,100.0,91304.0,4015.0,71.0,688.091,7627495366.0
627.726,100.0,91304.0,4015.0,71.0,688.288,7627563131.0
627.824,100.0,91304.0,4015.0,72.0,688.217,7627630855.0
627.927,100.0,91304.0,4015.0,71.0,687.725,7627697964.0
628.027,94.0,91304.0,4015.0,71.0,679.374,7627758737.0
628.127,94.0,91304.0,4015.0,72.0,679.137,7627827520.0
628.226,100.0,91304.0,4015.0,72.0,678.121,7627896092.0
628.326,100.0,91304.0,4015.0,72.0,676.57,7627963027.0
628.426,100.0,91304.0,4015.0,73.0,675.09,7628030310.0
628.526,100.0,91304.0,4015.0,72.0,673.78,7628098165.0
628.626,100.0,91304.0,4015.0,72.0,672.525,7628166481.0
628.725,100.0,91304.0,4015.0,72.0,673.556,7628166481.0
628.825,100.0,91304.0,4015.0,72.0,673.112,7628234711.0
628.924,100.0,91304.0,4015.0,73.0,674.174,7628302700.0
629.026,100.0,91304.0,4015.0,71.0,678.04,7628371804.0
629.126,100.0,91304.0,4015.0,68.0,655.939,7628428291.0
629.225,97.0,91304.0,4015.0,66.0,632.389,7628472471.0
629.326,97.0,91304.0,4015.0,66.0,608.548,7628517538.0
629.426,97.0,91304.0,4015.0,65.0,561.78,7628560034.0
629.526,97.0,91304.0,4015.0,65.0,561.78,7628646589.0
629.626,96.0,91304.0,4015.0,64.0,535.415,7628688700.0
629.726,96.0,91304.0,4015.0,64.0,504.042,7628729022.0
629.827,97.0,91304.0,4015.0,63.0,480.368,7628770599.0
629.926,97.0,91304.0,4015.0,63.0,454.137,7628811203.0
630.026,97.0,91304.0,4015.0,63.0,425.199,7628851569.0
630.126,97.0,91304.0,4015.0,62.0,418.529,7628889357.0
630.226,97.0,91304.0,4015.0,61.0,411.328,7628926051.0
630.326,97.0,91304.0,4015.0,61.0,403.831,7628962335.0
630.426,96.0,91304.0,4015.0,60.0,396.893,7628999027.0
630.526,96.0,91304.0,4015.0,60.0,390.155,7629034506.0
630.626,98.0,91304.0,4015.0,59.0,383.045,7629034506.0
630.726,98.0,91304.0,4015.0,59.0,375.748,7629068885.0
630.826,96.0,91304.0,4015.0,59.0,369.536,7629103880.0
630.926,96.0,91304.0,4015.0,59.0,362.849,7629138473.0
631.026,96.0,91304.0,4015.0,58.0,354.776,7629171966.0
631.126,96.0,91304.0,4015.0,58.0,349.51,7629205236.0
631.226,98.0,91304.0,4015.0,58.0,345.92,7629271081.0
631.326,98.0,91304.0,4015.0,58.0,342.48,7629304399.0
631.426,96.0,91304.0,4015.0,58.0,338.856,7629336951.0
631.526,96.0,91304.0,4015.0,58.0,336.507,7629370558.0
631.626,96.0,91304.0,4015.0,57.0,334.466,7629403319.0
631.725,96.0,91304.0,4015.0,57.0,333.046,7629436066.0
631.826,96.0,91304.0,4015.0,57.0,330.443,7629468327.0
631.926,98.0,91304.0,4015.0,57.0,330.443,7629501232.0
632.027,98.0,91304.0,4015.0,57.0,329.892,7629533702.0
632.126,96.0,91304.0,4015.0,57.0,328.69,7629565601.0
632.226,96.0,91304.0,4015.0,57.0,327.882,7629597420.0
632.326,96.0,91304.0,4015.0,57.0,326.246,7629629739.0
632.426,96.0,91304.0,4015.0,57.0,324.856,7629661616.0
632.526,96.0,91304.0,4015.0,57.0,323.838,7629693983.0
632.625,96.0,91304.0,4015.0,56.0,323.449,7629726370.0
632.726,96.0,91304.0,4015.0,56.0,323.463,7629726370.0
632.824,98.0,91304.0,4015.0,56.0,323.044,7629759116.0
632.925,98.0,91304.0,4015.0,56.0,323.157,7629791338.0
633.027,96.0,91304.0,4015.0,56.0,322.597,7629824171.0
633.126,96.0,91304.0,4015.0,56.0,322.147,7629856204.0
633.225,96.0,91304.0,4015.0,56.0,322.666,7629887553.0
633.326,96.0,91304.0,4015.0,56.0,322.275,7629919519.0
633.426,96.0,91304.0,4015.0,56.0,323.039,7629951527.0
633.526,96.0,91304.0,4015.0,56.0,322.779,7629984140.0
633.626,96.0,91304.0,4015.0,56.0,322.319,7630048407.0
633.726,96.0,91304.0,4015.0,56.0,321.857,7630080835.0
633.826,98.0,91304.0,4015.0,56.0,322.133,7630112991.0
633.927,98.0,91304.0,4015.0,56.0,321.896,7630145488.0
634.026,96.0,91304.0,4015.0,56.0,321.893,7630177715.0
634.127,96.0,91304.0,4015.0,56.0,323.34,7630210602.0
634.226,96.0,91304.0,4015.0,56.0,323.571,7630243262.0
634.326,96.0,91304.0,4015.0,56.0,323.571,7630275574.0
634.426,96.0,91304.0,4015.0,56.0,324.34,7630307558.0
634.526,97.0,91304.0,4015.0,56.0,323.533,7630339717.0
634.626,97.0,91304.0,4015.0,56.0,323.491,7630372504.0
634.725,96.0,91304.0,4015.0,56.0,324.092,7630404847.0
634.826,98.0,91304.0,4015.0,56.0,323.818,7630437600.0
634.926,98.0,91304.0,4015.0,56.0,324.202,7630469818.0
635.027,96.0,91304.0,4015.0,56.0,324.491,7630502420.0
635.126,96.0,91304.0,4015.0,56.0,324.046,7630502420.0
635.226,96.0,91304.0,4015.0,56.0,323.521,7630534622.0
635.326,96.0,91304.0,4015.0,56.0,323.201,7630566941.0
635.425,98.0,91304.0,4015.0,56.0,323.15,7630598866.0
635.526,98.0,91304.0,4015.0,56.0,322.775,7630630725.0
635.626,95.0,91304.0,4015.0,56.0,322.958,7630662584.0
635.726,95.0,91304.0,4015.0,56.0,322.963,7630695122.0
635.826,98.0,91304.0,4015.0,56.0,322.71,7630727515.0
635.926,98.0,91304.0,4015.0,56.0,322.73,7630760035.0
636.027,96.0,91304.0,4015.0,56.0,322.269,7630824497.0
636.126,96.0,91304.0,4015.0,56.0,321.866,7630856267.0
636.226,96.0,91304.0,4015.0,56.0,322.362,7630889042.0
636.327,96.0,91304.0,4015.0,56.0,323.021,7630921557.0
636.426,98.0,91304.0,4015.0,55.0,314.57,7630942081.0
636.526,98.0,91304.0,4015.0,53.0,296.724,7630955603.0
636.626,98.0,91304.0,4015.0,53.0,296.724,7630984160.0
636.726,0.0,91304.0,4015.0,54.0,288.779,7631036327.0
636.826,0.0,91304.0,4015.0,57.0,303.646,7631090244.0
636.926,98.0,91304.0,4015.0,62.0,325.891,7631158398.0
637.026,98.0,91304.0,4015.0,64.0,359.835,7631227302.0
637.126,100.0,91304.0,4015.0,65.0,432.298,7631295497.0
637.226,100.0,91304.0,4015.0,67.0,467.326,7631363859.0
637.326,100.0,91304.0,4015.0,67.0,499.683,7631363859.0
637.426,100.0,91304.0,4015.0,68.0,540.336,7631433296.0
637.526,100.0,91304.0,4015.0,69.0,593.972,7631502619.0
637.626,100.0,91304.0,4015.0,69.0,646.231,7631572160.0
637.726,100.0,91304.0,4015.0,69.0,666.804,7631640660.0
637.825,100.0,91304.0,4015.0,69.0,679.947,7631709846.0
637.926,100.0,91304.0,4015.0,70.0,681.597,7631779177.0
638.025,100.0,91304.0,4015.0,70.0,681.189,7631848564.0
638.127,100.0,91304.0,4015.0,70.0,682.734,7631986489.0
638.226,100.0,91304.0,4015.0,70.0,683.19,7632055406.0
638.326,100.0,91304.0,4015.0,70.0,673.014,7632114202.0
638.426,87.0,91304.0,4015.0,70.0,672.526,7632182026.0
638.526,87.0,91304.0,4015.0,70.0,672.691,7632250702.0
638.626,100.0,91304.0,4015.0,71.0,673.282,7632319461.0
638.726,100.0,91304.0,4015.0,71.0,673.312,7632387395.0
638.826,100.0,91304.0,4015.0,71.0,674.756,7632455164.0
638.926,100.0,91304.0,4015.0,71.0,675.216,7632524271.0
639.027,100.0,91304.0,4015.0,71.0,675.216,7632592307.0
639.126,100.0,91304.0,4015.0,71.0,675.2,7632659997.0
639.226,100.0,91304.0,4015.0,71.0,675.774,7632727032.0
639.326,100.0,91304.0,4015.0,71.0,675.652,7632794334.0
639.426,100.0,91304.0,4015.0,72.0,686.161,7632862860.0
639.527,100.0,91304.0,4015.0,72.0,685.659,7632862860.0
639.626,100.0,91304.0,4015.0,72.0,685.751,7632931564.0
639.726,100.0,91304.0,4015.0,72.0,685.395,7632999932.0
639.826,100.0,91304.0,4015.0,69.0,678.283,7633067360.0
639.926,100.0,91304.0,4015.0,72.0,678.336,7633128578.0
640.026,100.0,91304.0,4015.0,71.0,678.426,7633197350.0
640.127,100.0,91304.0,4015.0,72.0,677.431,7633265660.0
640.226,100.0,91304.0,4015.0,72.0,677.65,7633333741.0
640.326,100.0,91304.0,4015.0,72.0,678.644,7633401765.0
640.426,100.0,91304.0,4015.0,72.0,677.974,7633538303.0
640.526,100.0,91304.0,4015.0,72.0,677.686,7633605763.0
640.626,96.0,91304.0,4015.0,69.0,660.799,7633655698.0
640.727,96.0,91304.0,4015.0,67.0,637.567,7633700229.0
640.826,94.0,91304.0,4015.0,66.0,619.761,7633743722.0
640.926,94.0,91304.0,4015.0,65.0,597.573,7633789271.0
641.027,94.0,91304.0,4015.0,65.0,572.42,7633831482.0
641.126,94.0,91304.0,4015.0,64.0,547.379,7633873875.0
641.226,94.0,91304.0,4015.0,64.0,520.456,7633914344.0
641.326,94.0,91304.0,4015.0,63.0,520.456,7633955221.0
641.426,94.0,91304.0,4015.0,63.0,492.744,7633993963.0
641.526,94.0,91304.0,4015.0,63.0,464.251,7633993963.0
641.626,94.0,91304.0,4015.0,62.0,437.965,7634035703.0
641.726,95.0,91304.0,4015.0,62.0,423.63,7634076038.0
641.826,95.0,91304.0,4015.0,62.0,417.691,7634115039.0
641.927,95.0,91304.0,4015.0,61.0,412.43,7634153234.0
642.027,98.0,91304.0,4015.0,61.0,405.022,7634191217.0
642.127,98.0,91304.0,4015.0,60.0,393.094,7634227855.0
642.226,96.0,91304.0,4015.0,60.0,387.187,7634263914.0
642.326,96.0,91304.0,4015.0,59.0,379.475,7634299900.0
642.426,96.0,91304.0,4015.0,59.0,375.022,7634368378.0
642.526,96.0,91304.0,4015.0,58.0,368.989,7634402287.0
642.625,98.0,91304.0,4015.0,58.0,361.289,7634436353.0
642.726,98.0,91304.0,4015.0,58.0,355.84,7634470019.0
642.826,96.0,91304.0,4015.0,58.0,350.497,7634502978.0
642.926,96.0,91304.0,4015.0,58.0,344.962,7634535987.0
643.026,96.0,91304.0,4015.0,57.0,341.061,7634568673.0
643.126,96.0,91304.0,4015.0,57.0,337.082,7634601496.0
643.226,98.0,91304.0,4015.0,57.0,332.553,7634633107.0
643.326,98.0,91304.0,4015.0,57.0,330.783,7634665425.0
643.426,96.0,91304.0,4015.0,57.0,329.008,7634697545.0
643.526,96.0,91304.0,4015.0,56.0,317.079,7634716279.0
643.626,0.0,91304.0,4015.0,58.0,317.257,7634755934.0
643.726,0.0,91304.0,4015.0,64.0,342.072,7634755934.0
643.826,100.0,91304.0,4015.0,66.0,383.559,7634820961.0
643.926,100.0,91304.0,4015.0,66.0,415.55,7634887500.0
644.026,100.0,91304.0,4015.0,67.0,450.229,7634955498.0
644.126,100.0,91304.0,4015.0,68.0,450.229,7635023719.0
644.226,100.0,91304.0,4015.0,68.0,480.768,7635091533.0
644.326,100.0,91304.0,4015.0,68.0,521.702,7635160559.0
644.426,100.0,91304.0,4015.0,69.0,556.543,7635228330.0
644.526,100.0,91304.0,4015.0,70.0,596.095,7635365927.0
644.627,100.0,91304.0,4015.0,70.0,637.332,7635427826.0
644.726,100.0,91304.0,4015.0,70.0,662.982,7635465250.0
644.826,96.0,91304.0,4015.0,63.0,612.504,7635502251.0
644.926,96.0,91304.0,4015.0,62.0,580.284,7635538703.0
645.026,98.0,91304.0,4015.0,61.0,549.126,7635575956.0
645.127,98.0,91304.0,4015.0,61.0,521.036,7635611928.0
645.226,96.0,91304.0,4015.0,60.0,483.702,7635647205.0
645.326,96.0,91304.0,4015.0,60.0,451.541,7635683117.0
645.426,96.0,91304.0,4015.0,59.0,422.851,7635716953.0
645.526,96.0,91304.0,4015.0,59.0,383.847,7635751337.0
645.626,98.0,91304.0,4015.0,59.0,356.637,7635785110.0
645.726,98.0,91304.0,4015.0,58.0,353.422,7635785110.0
645.826,96.0,91304.0,4015.0,58.0,350.568,7635818784.0
645.926,96.0,91304.0,4015.0,58.0,348.179,7635852373.0
646.026,95.0,91304.0,4015.0,58.0,345.778,7635886789.0
646.126,95.0,91304.0,4015.0,58.0,342.817,7635921247.0
646.226,98.0,91304.0,4015.0,57.0,341.33,7635953940.0
646.327,98.0,91304.0,4015.0,57.0,341.33,7635987814.0
646.426,98.0,91304.0,4015.0,57.0,338.028,7636020990.0
646.526,96.0,91304.0,4015.0,57.0,336.664,7636053400.0
646.626,96.0,91304.0,4015.0,57.0,332.644,7636098806.0
646.727,63.0,91304.0,4015.0,55.0,313.287,7636112450.0
646.826,63.0,91304.0,4015.0,54.0,292.963,7636126067.0
646.926,0.0,91304.0,4015.0,53.0,272.939,7636139629.0
647.026,0.0,91304.0,4015.0,53.0,253.829,7636153158.0
647.126,0.0,91304.0,4015.0,52.0,231.049,7636166656.0
647.226,0.0,91304.0,4015.0,52.0,211.84,7636180103.0
647.327,0.0,91304.0,4015.0,52.0,194.088,7636193544.0
647.426,0.0,91304.0,4015.0,51.0,156.028,7636206967.0
647.526,0.0,91304.0,4015.0,51.0,137.46,7636220362.0
647.627,0.0,91304.0,4015.0,51.0,134.986,7636233738.0
647.726,0.0,91304.0,4015.0,51.0,134.727,7636247096.0
647.826,0.0,91304.0,4015.0,50.0,134.469,7636260443.0
647.926,0.0,91304.0,4015.0,50.0,134.205,7636273779.0
648.027,0.0,91304.0,4015.0,50.0,134.005,7636287103.0
648.126,0.0,91304.0,4015.0,50.0,133.83,7636287103.0
648.226,0.0,91304.0,4015.0,50.0,133.674,7636300419.0
648.327,0.0,91304.0,4015.0,50.0,133.566,7636313737.0
648.426,0.0,91304.0,4015.0,50.0,133.439,7636327048.0
648.526,0.0,91304.0,4015.0,50.0,133.343,7636340343.0
648.626,0.0,91304.0,4015.0,50.0,133.246,7636353647.0
648.726,0.0,91304.0,4015.0,50.0,133.176,7636366922.0
648.826,0.0,91304.0,4015.0,50.0,133.122,7636393491.0
648.926,0.0,91304.0,4015.0,50.0,133.051,7636406757.0
649.027,0.0,91304.0,4015.0,49.0,132.994,7636420030.0
649.127,0.0,91304.0,4015.0,49.0,132.944,7636433302.0
649.227,0.0,91304.0,4015.0,49.0,132.922,7636446557.0
649.326,0.0,91304.0,4015.0,49.0,132.922,7636459811.0
649.425,0.0,91304.0,4015.0,49.0,132.84,7636473057.0
649.526,0.0,91304.0,4015.0,49.0,132.796,7636486306.0
649.626,0.0,91304.0,4015.0,49.0,132.736,7636499539.0
649.727,0.0,91304.0,4015.0,49.0,132.684,7636512782.0
649.825,0.0,91304.0,4015.0,49.0,132.642,7636525998.0
649.925,0.0,91304.0,4015.0,49.0,132.589,7636539221.0
650.026,0.0,91304.0,4015.0,49.0,132.53,7636552442.0
650.126,0.0,91304.0,4015.0,49.0,132.496,7636565665.0
650.226,0.0,91304.0,4015.0,49.0,132.448,7636578866.0
650.326,0.0,91304.0,4015.0,49.0,132.387,7636592092.0
650.427,0.0,91304.0,4015.0,49.0,132.345,7636605298.0
650.526,0.0,91304.0,4015.0,49.0,132.314,7636618519.0
650.627,0.0,91304.0,4015.0,49.0,132.293,7636631733.0
650.727,0.0,91304.0,4015.0,49.0,132.277,7636644942.0
650.826,0.0,91304.0,4015.0,49.0,132.239,7636658137.0
650.926,0.0,91304.0,4015.0,49.0,132.223,7636658137.0
651.027,0.0,91304.0,4015.0,49.0,132.201,7636671345.0
651.127,0.0,91304.0,4015.0,49.0,132.179,7636684536.0
651.227,0.0,91304.0,4015.0,49.0,132.145,7636697760.0
651.327,0.0,91304.0,4015.0,49.0,132.132,7636710941.0
651.426,0.0,91304.0,4015.0,49.0,132.108,7636724135.0
651.526,0.0,91304.0,4015.0,49.0,132.065,7636737333.0
651.626,0.0,91304.0,4015.0,49.0,132.037,7636750524.0
651.726,0.0,91304.0,4015.0,49.0,132.03,7636763696.0
651.826,0.0,91304.0,4015.0,49.0,132.028,7636776906.0
651.927,0.0,91304.0,4015.0,49.0,131.994,7636790089.0
652.026,0.0,91304.0,4015.0,49.0,131.984,7636816470.0
652.127,0.0,91304.0,4015.0,49.0,131.986,7636829664.0
652.227,0.0,91304.0,4015.0,49.0,131.974,7636842832.0
652.326,0.0,91304.0,4015.0,49.0,131.959,7636856028.0
652.426,0.0,91304.0,4015.0,49.0,131.945,7636869217.0
652.526,0.0,91304.0,4015.0,49.0,131.932,7636882396.0
652.626,0.0,91304.0,4015.0,49.0,131.95,7636895586.0
652.726,0.0,91304.0,4015.0,49.0,131.918,7636908766.0
652.825,0.0,91304.0,4015.0,48.0,131.912,7636921926.0
652.926,0.0,91304.0,4015.0,48.0,131.886,7636935113.0
653.027,0.0,91304.0,4015.0,48.0,131.886,7636948273.0
653.126,0.0,91304.0,4015.0,48.0,131.86,7636961442.0
653.226,0.0,91304.0,4015.0,48.0,131.86,7636974608.0
653.327,0.0,91304.0,4015.0,48.0,131.839,7636987791.0
653.426,0.0,91304.0,4015.0,48.0,131.82,7637000950.0
653.526,0.0,91304.0,4015.0,48.0,131.797,7637014124.0
653.626,0.0,91304.0,4015.0,48.0,131.797,7637027253.0
653.726,0.0,91304.0,4015.0,48.0,131.756,7637040420.0
653.826,0.0,91304.0,4015.0,48.0,131.729,7637053577.0
653.926,0.0,91304.0,4015.0,48.0,131.726,7637066741.0
654.026,0.0,91304.0,4015.0,48.0,131.708,7637066741.0
654.126,0.0,91304.0,4015.0,48.0,131.71,7637079888.0
654.227,0.0,91304.0,4015.0,48.0,131.686,7637093061.0
654.327,0.0,91304.0,4015.0,48.0,131.688,7637106209.0
654.426,0.0,91304.0,4015.0,48.0,131.677,7637119391.0
654.527,0.0,91304.0,4015.0,48.0,131.686,7637132556.0
654.625,0.0,91304.0,4015.0,48.0,131.667,7637145717.0
654.725,0.0,91304.0,4015.0,48.0,131.688,7637158873.0
654.825,0.0,91304.0,4015.0,48.0,131.679,7637172030.0
654.927,0.0,91304.0,4015.0,48.0,131.695,7637185183.0
655.026,0.0,91304.0,4015.0,48.0,131.691,7637211515.0
655.126,0.0,91304.0,4015.0,48.0,131.675,7637224680.0
655.226,0.0,91304.0,4015.0,48.0,131.685,7637237833.0
655.325,0.0,91304.0,4015.0,48.0,131.66,7637250996.0
655.426,0.0,91304.0,4015.0,48.0,131.656,7637264140.0
655.527,0.0,91304.0,4015.0,48.0,131.625,7637277303.0
655.626,0.0,91304.0,4015.0,48.0,131.615,7637290431.0
655.727,0.0,91304.0,4015.0,48.0,131.604,7637303580.0
655.826,0.0,91304.0,4015.0,48.0,131.595,7637316726.0
655.926,0.0,91304.0,4015.0,48.0,131.568,7637329874.0
656.027,0.0,91304.0,4015.0,48.0,131.566,7637343019.0
656.127,0.0,91304.0,4015.0,48.0,131.545,7637356170.0
656.227,0.0,91304.0,4015.0,48.0,131.529,7637369294.0
656.326,0.0,91304.0,4015.0,48.0,131.497,7637382444.0
656.426,0.0,91304.0,4015.0,48.0,131.515,7637395594.0
656.526,0.0,91304.0,4015.0,48.0,131.504,7637408733.0
656.627,0.0,91304.0,4015.0,48.0,131.506,7637421858.0
656.727,0.0,91304.0,4015.0,48.0,131.477,7637435006.0
656.826,0.0,91304.0,4015.0,48.0,131.483,7637448138.0
656.926,0.0,91304.0,4015.0,48.0,131.49,7637448138.0
657.026,0.0,91304.0,4015.0,48.0,131.501,7637461298.0
657.127,0.0,91304.0,4015.0,48.0,131.484,7637474433.0
657.227,0.0,91304.0,4015.0,48.0,131.506,7637487574.0
657.327,0.0,91304.0,4015.0,48.0,131.506,7637500720.0
657.426,0.0,91304.0,4015.0,48.0,131.484,7637513864.0
657.527,0.0,91304.0,4015.0,48.0,131.484,7637526987.0
657.626,0.0,91304.0,4015.0,48.0,131.492,7637540147.0
657.726,0.0,91304.0,4015.0,48.0,131.496,7637553269.0
657.826,0.0,91304.0,4015.0,48.0,131.493,7637566415.0
657.926,0.0,91304.0,4015.0,48.0,131.493,7637592692.0
658.026,0.0,91304.0,4015.0,48.0,131.469,7637605810.0
658.125,0.0,91304.0,4015.0,48.0,131.446,7637618954.0
658.226,0.0,91304.0,4015.0,48.0,131.435,7637632071.0
658.325,0.0,91304.0,4015.0,48.0,131.439,7637645228.0
658.426,0.0,91304.0,4015.0,48.0,131.428,7637658355.0
658.526,0.0,91304.0,4015.0,48.0,131.431,7637671482.0
658.626,0.0,91304.0,4015.0,48.0,131.406,7637684627.0
658.726,0.0,91304.0,4015.0,48.0,131.417,7637697747.0
658.825,0.0,91304.0,4015.0,48.0,131.407,7637710877.0
658.925,0.0,91304.0,4015.0,48.0,131.417,7637724011.0
659.026,0.0,91304.0,4015.0,48.0,131.401,7637737136.0
659.125,0.0,91304.0,4015.0,48.0,131.43,7637750257.0
659.226,0.0,91304.0,4015.0,48.0,131.386,7637763371.0
659.326,0.0,91304.0,4015.0,48.0,131.372,7637776500.0
659.426,0.0,91304.0,4015.0,48.0,131.351,7637789619.0
659.527,0.0,91304.0,4015.0,48.0,131.35,7637802746.0
659.627,0.0,91304.0,4015.0,48.0,131.329,7637815855.0
659.727,0.0,91304.0,4015.0,48.0,131.328,7637828990.0
659.827,0.0,91304.0,4015.0,48.0,131.305,7637842107.0
659.925,0.0,91304.0,4015.0,48.0,131.287,7637842107.0
660.026,0.0,91304.0,4015.0,48.0,131.267,7637855229.0
660.125,0.0,91304.0,4015.0,48.0,131.241,7637868342.0
660.227,0.0,91304.0,4015.0,48.0,131.271,7637881469.0
660.326,0.0,91304.0,4015.0,48.0,131.281,7637894584.0
660.426,0.0,91304.0,4015.0,48.0,131.265,7637907713.0
660.525,0.0,91304.0,4015.0,48.0,131.282,7637920830.0
660.626,0.0,91304.0,4015.0,48.0,131.291,7637933959.0
660.726,0.0,91304.0,4015.0,48.0,131.279,7637947074.0
660.826,0.0,91304.0,4015.0,48.0,131.284,7637960196.0
660.926,0.0,91304.0,4015.0,48.0,131.276,7637973299.0
661.026,0.0,91304.0,4015.0,48.0,131.266,7637999543.0
661.126,0.0,91304.0,4015.0,48.0,131.272,7638012674.0
661.226,0.0,91304.0,4015.0,48.0,131.288,7638025784.0
661.326,0.0,91304.0,4015.0,48.0,131.256,7638038895.0
661.425,0.0,91304.0,4015.0,48.0,131.243,7638052019.0
661.526,0.0,91304.0,4015.0,48.0,131.249,7638065158.0
661.626,0.0,91304.0,4015.0,48.0,131.274,7638078272.0
661.726,0.0,91304.0,4015.0,48.0,131.262,7638091413.0
661.826,0.0,91304.0,4015.0,48.0,131.282,7638104514.0
661.926,0.0,91304.0,4015.0,48.0,131.282,7638117647.0
662.026,0.0,91304.0,4015.0,48.0,131.291,7638130768.0
662.126,0.0,91304.0,4015.0,48.0,131.274,7638143880.0
662.226,0.0,91304.0,4015.0,48.0,131.255,7638156991.0
662.325,0.0,91304.0,4015.0,48.0,131.255,7638170107.0
662.425,0.0,91304.0,4015.0,48.0,131.265,7638183218.0
662.527,0.0,91304.0,4015.0,48.0,131.239,7638196339.0
662.627,0.0,91304.0,4015.0,48.0,131.239,7638209448.0
662.726,0.0,91304.0,4015.0,48.0,131.213,7638222559.0
662.826,0.0,91304.0,4015.0,48.0,131.226,7638235683.0
662.926,0.0,91304.0,4015.0,48.0,131.223,7638248800.0
663.027,0.0,91304.0,4015.0,48.0,131.219,7638261914.0
663.126,0.0,91304.0,4015.0,48.0,131.234,7638261914.0
663.226,0.0,91304.0,4015.0,48.0,131.231,7638275040.0
663.326,0.0,91304.0,4015.0,48.0,131.247,7638288151.0
663.427,0.0,91304.0,4015.0,48.0,131.253,7638301271.0
663.527,0.0,91304.0,4015.0,48.0,131.244,7638314382.0
663.626,0.0,91304.0,4015.0,48.0,131.232,7638327482.0
663.724,0.0,91304.0,4015.0,48.0,131.233,7638340586.0
663.826,0.0,91304.0,4015.0,48.0,131.216,7638353694.0
663.926,0.0,91304.0,4015.0,48.0,131.205,7638379919.0
664.025,0.0,91304.0,4015.0,48.0,131.163,7638393012.0
664.126,0.0,91304.0,4015.0,48.0,131.174,7638406113.0
664.227,0.0,91304.0,4015.0,48.0,131.143,7638419224.0
664.326,0.0,91304.0,4015.0,48.0,131.146,7638432340.0
664.426,0.0,91304.0,4015.0,48.0,131.149,7638445460.0
664.527,0.0,91304.0,4015.0,48.0,131.172,7638458599.0
664.626,0.0,91304.0,4015.0,48.0,131.184,7638471706.0
664.727,0.0,91304.0,4015.0,48.0,131.199,7638484814.0
664.826,0.0,91304.0,4015.0,48.0,131.182,7638497928.0
664.926,0.0,91304.0,4015.0,48.0,131.196,7638511033.0
665.026,0.0,91304.0,4015.0,48.0,131.222,7638524123.0
665.126,0.0,91304.0,4015.0,48.0,131.2,7638537223.0
665.226,0.0,91304.0,4015.0,48.0,131.194,7638550323.0
665.326,0.0,91304.0,4015.0,48.0,131.207,7638563434.0
665.426,0.0,91304.0,4015.0,48.0,131.166,7638576538.0
665.526,0.0,91304.0,4015.0,48.0,131.173,7638589647.0
665.626,0.0,91304.0,4015.0,48.0,131.124,7638602750.0
665.726,0.0,91304.0,4015.0,48.0,131.136,7638615864.0
665.826,0.0,91304.0,4015.0,48.0,131.136,7638628963.0
665.926,0.0,91304.0,4015.0,48.0,131.115,7638628963.0
666.026,0.0,91304.0,4015.0,48.0,131.152,7638642071.0
666.126,0.0,91304.0,4015.0,48.0,131.116,7638655167.0
666.226,0.0,91304.0,4015.0,48.0,131.114,7638668270.0
666.326,0.0,91304.0,4015.0,48.0,131.119,7638681368.0
666.427,0.0,91304.0,4015.0,48.0,131.094,7638694463.0
666.526,0.0,91304.0,4015.0,48.0,131.091,7638707564.0
666.626,0.0,91304.0,4015.0,48.0,131.101,7638720671.0
666.726,0.0,91304.0,4015.0,48.0,131.078,7638733758.0
666.826,0.0,91304.0,4015.0,48.0,131.078,7638746867.0
666.926,0.0,91304.0,4015.0,48.0,131.083,7638759963.0
667.027,0.0,91304.0,4015.0,48.0,131.066,7638786193.0
667.127,0.0,91304.0,4015.0,48.0,131.074,7638799294.0
667.226,0.0,91304.0,4015.0,48.0,131.08,7638812392.0
667.327,0.0,91304.0,4015.0,48.0,131.086,7638825499.0
667.426,0.0,91304.0,4015.0,48.0,131.089,7638838602.0
667.526,0.0,91304.0,4015.0,48.0,131.103,7638851710.0
667.626,0.0,91304.0,4015.0,48.0,131.091,7638864807.0
667.726,0.0,91304.0,4015.0,48.0,131.11,7638877906.0
667.826,0.0,91304.0,4015.0,48.0,131.096,7638891011.0
667.926,0.0,91304.0,4015.0,48.0,131.083,7638904116.0
668.026,0.0,91304.0,4015.0,48.0,131.094,7638917198.0
668.126,0.0,91304.0,4015.0,48.0,131.081,7638930304.0
668.226,0.0,91304.0,4015.0,48.0,131.057,7638943390.0
668.326,0.0,91304.0,4015.0,48.0,131.055,7638956496.0
668.426,0.0,91304.0,4015.0,48.0,131.058,7638969604.0
668.527,0.0,91304.0,4015.0,48.0,131.062,7638982692.0
668.626,0.0,91304.0,4015.0,48.0,131.053,7638995787.0
668.727,0.0,91304.0,4015.0,48.0,131.054,7639008890.0
668.826,0.0,91304.0,4015.0,48.0,131.049,7639021972.0
668.926,0.0,91304.0,4015.0,48.0,131.019,7639035080.0
669.026,0.0,91304.0,4015.0,48.0,131.052,7639048168.0
669.127,0.0,91304.0,4015.0,48.0,131.059,7639048168.0
669.226,0.0,91304.0,4015.0,48.0,131.052,7639061286.0
669.326,0.0,91304.0,4015.0,48.0,131.063,7639074378.0
669.426,0.0,91304.0,4015.0,48.0,131.065,7639087481.0
669.526,0.0,91304.0,4015.0,48.0,131.05,7639100576.0
669.626,0.0,91304.0,4015.0,48.0,131.063,7639113669.0
669.726,0.0,91304.0,4015.0,48.0,131.036,7639126755.0
669.826,0.0,91304.0,4015.0,48.0,131.057,7639139857.0
669.926,0.0,91304.0,4015.0,48.0,131.057,7639152943.0
670.026,0.0,91304.0,4015.0,48.0,131.069,7639166045.0
670.126,0.0,91304.0,4015.0,48.0,131.053,7639179135.0
670.226,0.0,91304.0,4015.0,48.0,131.038,7639205334.0
670.326,0.0,91304.0,4015.0,48.0,131.05,7639218441.0
670.426,0.0,91304.0,4015.0,48.0,131.013,7639231535.0
670.526,0.0,91304.0,4015.0,48.0,131.027,7639244641.0
670.625,0.0,91304.0,4015.0,48.0,131.014,7639257722.0
670.726,0.0,91304.0,4015.0,48.0,131.022,7639270816.0
670.826,0.0,91304.0,4015.0,48.0,131.027,7639283902.0
670.926,0.0,91304.0,4015.0,48.0,131.016,7639297002.0
671.025,0.0,91304.0,4015.0,48.0,131.0,7639310074.0
671.126,0.0,91304.0,4015.0,48.0,131.011,7639323172.0
671.226,0.0,91304.0,4015.0,48.0,130.98,7639336243.0
671.326,0.0,91304.0,4015.0,48.0,130.983,7639349345.0
671.426,0.0,91304.0,4015.0,48.0,131.002,7639362443.0
671.525,0.0,91304.0,4015.0,48.0,130.982,7639375512.0
671.626,0.0,91304.0,4015.0,48.0,130.941,7639388574.0
671.726,0.0,91304.0,4015.0,48.0,130.941,7639401694.0
671.826,0.0,91304.0,4015.0,48.0,130.942,7639414785.0
671.926,0.0,91304.0,4015.0,48.0,130.964,7639427876.0
672.026,0.0,91304.0,4015.0,48.0,130.937,7639440967.0
672.126,0.0,91304.0,4015.0,48.0,130.962,7639454060.0
672.224,0.0,91304.0,4015.0,48.0,130.979,7639467148.0
672.327,0.0,91304.0,4015.0,48.0,130.945,7639467148.0
672.426,0.0,91304.0,4015.0,48.0,130.94,7639480227.0
672.527,0.0,91304.0,4015.0,48.0,130.949,7639493305.0
672.626,0.0,91304.0,4015.0,48.0,130.985,7639506395.0
672.727,0.0,91304.0,4015.0,48.0,130.946,7639519482.0
672.826,0.0,91304.0,4015.0,48.0,130.938,7639532564.0
672.926,0.0,91304.0,4015.0,48.0,130.918,7639545639.0
673.026,0.0,91304.0,4015.0,48.0,130.9,7639558706.0
673.125,0.0,91304.0,4015.0,48.0,130.888,7639571784.0
673.225,0.0,91304.0,4015.0,48.0,130.889,7639584876.0
673.326,0.0,91304.0,4015.0,48.0,130.877,7639597946.0
673.425,0.0,91304.0,4015.0,48.0,130.895,7639624131.0
673.526,0.0,91304.0,4015.0,48.0,130.895,7639637211.0
673.626,0.0,91304.0,4015.0,48.0,130.904,7639650309.0
673.726,0.0,91304.0,4015.0,48.0,130.904,7639663404.0
673.826,0.0,91304.0,4015.0,48.0,130.916,7639676478.0
673.926,0.0,91304.0,4015.0,48.0,130.919,7639689573.0
674.025,0.0,91304.0,4015.0,48.0,130.926,7639702651.0
674.126,0.0,91304.0,4015.0,48.0,130.943,7639715733.0
674.226,0.0,91304.0,4015.0,48.0,130.922,7639728810.0
674.327,0.0,91304.0,4015.0,48.0,130.927,7639741893.0
674.427,0.0,91304.0,4015.0,48.0,130.922,7639754984.0
674.525,0.0,91304.0,4015.0,48.0,130.929,7639768065.0
674.626,0.0,91304.0,4015.0,48.0,130.918,7639781135.0
674.726,0.0,91304.0,4015.0,48.0,130.904,7639794229.0
674.826,0.0,91304.0,4015.0,48.0,130.87,7639807302.0
674.926,0.0,91304.0,4015.0,48.0,130.899,7639820410.0
675.025,0.0,91304.0,4015.0,48.0,130.906,7639833507.0
675.126,0.0,91304.0,4015.0,48.0,130.919,7639846585.0
675.226,0.0,91304.0,4015.0,48.0,130.927,7639859660.0
675.325,0.0,91304.0,4015.0,48.0,130.924,7639872742.0
675.426,0.0,91304.0,4015.0,48.0,130.917,7639872742.0
675.526,0.0,91304.0,4015.0,48.0,130.916,7639885812.0
675.626,0.0,91304.0,4015.0,48.0,130.894,7639898893.0
675.726,0.0,91304.0,4015.0,48.0,130.919,7639911968.0
675.826,0.0,91304.0,4015.0,48.0,130.91,7639925051.0
675.926,0.0,91304.0,4015.0,48.0,130.909,7639938125.0
676.026,0.0,91304.0,4015.0,48.0,130.873,7639951200.0
676.126,0.0,91304.0,4015.0,48.0,130.85,7639964267.0
676.226,0.0,91304.0,4015.0,48.0,130.845,7639977349.0
676.326,0.0,91304.0,4015.0,48.0,130.874,7639990410.0
676.427,0.0,91304.0,4015.0,48.0,130.857,7640003506.0
676.526,0.0,91304.0,4015.0,48.0,130.858,7640029669.0
676.626,0.0,91304.0,4015.0,48.0,130.875,7640042758.0
676.725,0.0,91304.0,4015.0,48.0,130.873,7640055854.0
676.827,0.0,91304.0,4015.0,48.0,130.867,7640068931.0
676.926,0.0,91304.0,4015.0,48.0,130.868,7640081997.0
677.026,0.0,91304.0,4015.0,48.0,130.841,7640095050.0
677.126,0.0,91304.0,4015.0,48.0,130.86,7640108132.0
677.226,0.0,91304.0,4015.0,48.0,130.828,7640121198.0
677.326,0.0,91304.0,4015.0,48.0,130.801,7640134249.0
677.426,0.0,91304.0,4015.0,47.0,130.801,7640147321.0
677.526,0.0,91304.0,4015.0,48.0,130.78,7640160399.0
677.626,0.0,91304.0,4015.0,48.0,130.757,7640173474.0
677.726,0.0,91304.0,4015.0,48.0,130.757,7640186561.0
677.825,0.0,91304.0,4015.0,47.0,130.771,7640199635.0
677.926,0.0,91304.0,4015.0,48.0,130.768,7640212725.0
678.026,0.0,91304.0,4015.0,47.0,130.797,7640225798.0
678.126,0.0,91304.0,4015.0,47.0,130.795,7640238874.0
678.226,0.0,91304.0,4015.0,47.0,130.803,7640251954.0
678.326,0.0,91304.0,4015.0,47.0,130.803,7640265028.0
678.426,0.0,91304.0,4015.0,47.0,130.818,7640278093.0
678.526,0.0,91304.0,4015.0,47.0,130.836,7640278093.0
678.626,0.0,91304.0,4015.0,47.0,130.842,7640291185.0
678.726,0.0,91304.0,4015.0,47.0,130.868,7640304256.0
678.826,0.0,91304.0,4015.0,47.0,130.856,7640317349.0
678.926,0.0,91304.0,4015.0,47.0,130.84,7640330397.0
679.026,0.0,91304.0,4015.0,47.0,130.811,7640343468.0
679.126,0.0,91304.0,4015.0,47.0,130.8,7640356521.0
679.226,0.0,91304.0,4015.0,47.0,130.78,7640369586.0
679.326,0.0,91304.0,4015.0,47.0,130.791,7640382646.0
679.426,0.0,91304.0,4015.0,47.0,130.781,7640395733.0
679.526,0.0,91304.0,4015.0,47.0,130.789,7640408789.0
679.626,0.0,91304.0,4015.0,47.0,130.764,7640434949.0
679.726,0.0,91304.0,4015.0,47.0,130.781,7640448038.0
679.826,0.0,91304.0,4015.0,47.0,130.762,7640461093.0
679.925,0.0,91304.0,4015.0,47.0,130.757,7640474158.0
680.026,0.0,91304.0,4015.0,47.0,130.76,7640487214.0
680.126,0.0,91304.0,4015.0,47.0,130.767,7640500294.0
680.226,0.0,91304.0,4015.0,47.0,130.75,7640513350.0
680.326,0.0,91304.0,4015.0,47.0,130.749,7640526419.0
680.425,0.0,91304.0,4015.0,47.0,130.731,7640539510.0
680.525,0.0,91304.0,4015.0,47.0,130.752,7640552572.0
680.625,0.0,91304.0,4015.0,47.0,130.746,7640565642.0
680.724,0.0,91304.0,4015.0,47.0,130.722,7640578715.0
680.825,0.0,91304.0,4015.0,47.0,130.724,7640591769.0
680.926,0.0,91304.0,4015.0,47.0,130.724,7640604852.0
681.026,0.0,91304.0,4015.0,47.0,130.733,7640617900.0
681.126,0.0,91304.0,4015.0,47.0,130.739,7640630984.0
681.225,0.0,91304.0,4015.0,47.0,130.772,7640644054.0
681.326,0.0,91304.0,4015.0,47.0,130.765,7640657120.0
681.426,0.0,91304.0,4015.0,47.0,130.753,7640670156.0
681.526,0.0,91304.0,4015.0,47.0,130.721,7640670156.0
681.626,0.0,91304.0,4015.0,47.0,130.749,7640683239.0
681.726,0.0,91304.0,4015.0,47.0,130.725,7640696287.0
681.826,0.0,91304.0,4015.0,47.0,130.726,7640709371.0
681.926,0.0,91304.0,4015.0,47.0,130.712,7640722415.0
682.026,0.0,91304.0,4015.0,47.0,130.724,7640735486.0
682.126,0.0,91304.0,4015.0,47.0,130.703,7640748548.0
682.226,0.0,91304.0,4015.0,47.0,130.72,7640761609.0
682.326,0.0,91304.0,4015.0,47.0,130.705,7640774669.0
682.426,0.0,91304.0,4015.0,47.0,130.729,7640787752.0
682.526,0.0,91304.0,4015.0,47.0,130.729,7640800803.0
682.626,0.0,91304.0,4015.0,47.0,130.709,7640826933.0
682.726,0.0,91304.0,4015.0,47.0,130.703,7640839988.0
682.825,0.0,91304.0,4015.0,47.0,130.697,7640853051.0
682.926,0.0,91304.0,4015.0,47.0,130.727,7640866125.0
683.026,0.0,91304.0,4015.0,47.0,130.714,7640879192.0
683.126,0.0,91304.0,4015.0,47.0,130.748,7640892263.0
683.226,0.0,91304.0,4015.0,47.0,130.709,7640905316.0
683.325,0.0,91304.0,4015.0,47.0,130.711,7640918376.0
683.426,0.0,91304.0,4015.0,47.0,130.702,7640931440.0
683.526,0.0,91304.0,4015.0,47.0,130.679,7640944477.0
683.626,0.0,91304.0,4015.0,47.0,130.662,7640957537.0
683.725,0.0,91304.0,4015.0,47.0,130.679,7640970618.0
683.826,0.0,91304.0,4015.0,47.0,130.678,7640983673.0
683.924,0.0,91304.0,4015.0,47.0,130.688,7640996749.0
684.026,0.0,91304.0,4015.0,47.0,130.675,7641009811.0
684.126,0.0,91304.0,4015.0,47.0,130.66,7641022871.0
684.226,0.0,91304.0,4015.0,47.0,130.666,7641052439.0
684.326,55.0,91304.0,4015.0,47.0,170.551,7641119702.0
684.425,55.0,91304.0,4015.0,57.0,220.002,7641181360.0
684.526,100.0,91304.0,4015.0,60.0,273.788,7641181360.0
684.626,100.0,91304.0,4015.0,62.0,330.394,7641252180.0
684.726,100.0,91304.0,4015.0,63.0,384.826,7641386999.0
684.826,100.0,91304.0,4015.0,63.0,440.155,7641456325.0
684.926,100.0,91304.0,4015.0,64.0,489.878,7641525118.0
685.026,100.0,91304.0,4015.0,65.0,552.203,7641590693.0
685.126,100.0,91304.0,4015.0,65.0,604.176,7641656171.0
685.226,100.0,91304.0,4015.0,66.0,660.294,7641725139.0
685.326,100.0,91304.0,4015.0,66.0,674.635,7641793682.0
685.425,100.0,91304.0,4015.0,68.0,680.579,7641860474.0
685.526,100.0,91304.0,4015.0,68.0,679.147,7641860474.0
685.626,100.0,91304.0,4015.0,69.0,677.307,7641928977.0
685.726,100.0,91304.0,4015.0,69.0,678.626,7641996617.0
685.826,100.0,91304.0,4015.0,69.0,679.695,7642064881.0
685.926,92.0,91304.0,4015.0,68.0,672.116,7642127351.0
686.026,100.0,91304.0,4015.0,68.0,673.367,7642193460.0
686.126,100.0,91304.0,4015.0,68.0,674.068,7642261204.0
686.226,100.0,91304.0,4015.0,68.0,674.068,7642396712.0
686.326,100.0,91304.0,4015.0,69.0,675.424,7642467407.0
686.425,100.0,91304.0,4015.0,70.0,674.642,7642534510.0
686.526,100.0,91304.0,4015.0,71.0,676.866,7642605049.0
686.626,100.0,91304.0,4015.0,70.0,678.357,7642671587.0
686.726,100.0,91304.0,4015.0,70.0,676.667,7642739921.0
686.827,100.0,91304.0,4015.0,69.0,675.333,7642808261.0
686.926,100.0,91304.0,4015.0,69.0,683.121,7642875816.0
687.026,100.0,91304.0,4015.0,70.0,683.301,7642945038.0
687.126,100.0,91304.0,4015.0,70.0,685.6,7643013185.0
687.226,100.0,91304.0,4015.0,69.0,683.896,7643013185.0
687.326,100.0,91304.0,4015.0,69.0,680.5,7643081281.0
687.426,100.0,91304.0,4015.0,71.0,677.602,7643145986.0
687.526,100.0,91304.0,4015.0,71.0,679.69,7643213500.0
687.626,100.0,91304.0,4015.0,71.0,677.757,7643283237.0
687.726,100.0,91304.0,4015.0,70.0,680.238,7643351399.0
687.826,100.0,91304.0,4015.0,70.0,680.461,7643420255.0
687.926,100.0,91304.0,4015.0,70.0,680.752,7643489806.0
688.026,100.0,91304.0,4015.0,70.0,680.42,7643627013.0
688.126,100.0,91304.0,4015.0,70.0,682.398,7643693900.0
688.226,100.0,91304.0,4015.0,70.0,684.861,7643761251.0
688.326,100.0,91304.0,4015.0,71.0,685.656,7643829085.0
688.426,100.0,91304.0,4015.0,71.0,685.113,7643898123.0
688.526,100.0,91304.0,4015.0,71.0,685.113,7643966516.0
688.626,100.0,91304.0,4015.0,71.0,686.726,7644035842.0
688.726,100.0,91304.0,4015.0,72.0,685.616,7644101691.0
688.826,100.0,91304.0,4015.0,70.0,682.553,7644168222.0
688.926,100.0,91304.0,4015.0,71.0,681.364,7644236770.0
689.026,100.0,91304.0,4015.0,71.0,683.343,7644305397.0
689.126,100.0,91304.0,4015.0,71.0,681.261,7644374031.0
689.225,100.0,91304.0,4015.0,71.0,680.111,7644432321.0
689.326,93.0,91304.0,4015.0,67.0,660.407,7644477238.0
689.426,93.0,91304.0,4015.0,65.0,636.61,7644477238.0
689.526,94.0,91304.0,4015.0,65.0,614.401,7644523140.0
689.626,94.0,91304.0,4015.0,65.0,591.51,7644569642.0
689.726,94.0,91304.0,4015.0,64.0,570.576,7644616242.0
689.826,94.0,91304.0,4015.0,64.0,554.465,7644663200.0
689.926,97.0,91304.0,4015.0,64.0,531.797,7644709018.0
690.026,97.0,91304.0,4015.0,64.0,510.865,7644754717.0
690.126,97.0,91304.0,4015.0,63.0,487.131,7644799927.0
690.225,94.0,91304.0,4015.0,63.0,466.682,7644845382.0
690.327,94.0,91304.0,4015.0,62.0,457.871,7644935768.0
690.426,94.0,91304.0,4015.0,62.0,457.871,7644979721.0
690.526,94.0,91304.0,4015.0,62.0,456.204,7645023545.0
690.626,94.0,91304.0,4015.0,62.0,452.358,7645066853.0
690.726,97.0,91304.0,4015.0,61.0,448.655,7645108274.0
690.825,97.0,91304.0,4015.0,61.0,444.807,7645150137.0
690.926,95.0,91304.0,4015.0,61.0,439.96,7645192206.0
691.027,95.0,91304.0,4015.0,61.0,437.012,7645232650.0
691.126,95.0,91304.0,4015.0,60.0,431.437,7645272185.0
691.226,95.0,91304.0,4015.0,60.0,424.417,7645310506.0
691.326,98.0,91304.0,4015.0,60.0,416.573,7645348611.0
691.426,98.0,91304.0,4015.0,59.0,410.413,7645386540.0
691.526,95.0,91304.0,4015.0,59.0,403.623,7645423202.0
691.626,95.0,91304.0,4015.0,59.0,396.455,7645459675.0
691.726,96.0,91304.0,4015.0,58.0,389.541,7645496092.0
691.827,96.0,91304.0,4015.0,58.0,383.914,7645496092.0
691.926,98.0,91304.0,4015.0,57.0,376.493,7645531486.0
692.026,98.0,91304.0,4015.0,57.0,369.318,7645565174.0
692.125,96.0,91304.0,4015.0,57.0,362.244,7645599666.0
692.226,96.0,91304.0,4015.0,57.0,356.038,7645632125.0
692.326,96.0,91304.0,4015.0,57.0,351.099,7645665230.0
692.426,96.0,91304.0,4015.0,56.0,347.872,7645731946.0
692.526,98.0,91304.0,4015.0,56.0,343.154,7645765008.0
692.626,98.0,91304.0,4015.0,56.0,339.731,7645798061.0
692.726,96.0,91304.0,4015.0,56.0,336.952,7645830991.0
692.826,96.0,91304.0,4015.0,56.0,333.576,7645863126.0
692.926,96.0,91304.0,4015.0,56.0,331.055,7645895868.0
693.027,96.0,91304.0,4015.0,56.0,329.677,7645928992.0
693.125,98.0,91304.0,4015.0,56.0,329.408,7645961605.0
693.226,98.0,91304.0,4015.0,56.0,329.142,7645993859.0
693.326,96.0,91304.0,4015.0,56.0,327.922,7646027285.0
693.426,98.0,91304.0,4015.0,56.0,327.594,7646060105.0
693.526,98.0,91304.0,4015.0,56.0,327.407,7646092628.0
693.626,98.0,91304.0,4015.0,56.0,327.407,7646125424.0
693.726,96.0,91304.0,4015.0,55.0,327.286,7646157733.0
693.826,96.0,91304.0,4015.0,55.0,326.377,7646190149.0
693.926,96.0,91304.0,4015.0,55.0,326.606,7646190149.0
694.025,96.0,91304.0,4015.0,55.0,326.073,7646222153.0
694.126,98.0,91304.0,4015.0,55.0,325.471,7646254888.0
694.226,98.0,91304.0,4015.0,55.0,325.293,7646286982.0
694.326,96.0,91304.0,4015.0,55.0,324.941,7646319594.0
694.426,96.0,91304.0,4015.0,55.0,323.59,7646351709.0
694.526,95.0,91304.0,4015.0,55.0,323.186,7646383392.0
694.627,95.0,91304.0,4015.0,55.0,322.705,7646415738.0
694.727,95.0,91304.0,4015.0,55.0,322.639,7646448632.0
694.826,95.0,91304.0,4015.0,55.0,323.098,7646513733.0
694.927,96.0,91304.0,4015.0,55.0,323.615,7646546148.0
695.026,96.0,91304.0,4015.0,55.0,323.04,7646578178.0
695.126,97.0,91304.0,4015.0,55.0,322.796,7646610012.0
695.226,97.0,91304.0,4015.0,55.0,322.57,7646642520.0
695.326,96.0,91304.0,4015.0,55.0,322.114,7646674604.0
695.426,96.0,91304.0,4015.0,55.0,322.712,7646706889.0
695.526,96.0,91304.0,4015.0,55.0,322.886,7646738902.0
695.626,96.0,91304.0,4015.0,55.0,322.786,7646771362.0
695.727,96.0,91304.0,4015.0,55.0,322.551,7646799877.0
695.827,96.0,91304.0,4015.0,53.0,307.81,7646814268.0
695.926,0.0,91304.0,4015.0,52.0,288.876,7646814268.0
696.026,0.0,91304.0,4015.0,51.0,270.587,7646827609.0
696.126,0.0,91304.0,4015.0,51.0,252.419,7646840935.0
696.226,0.0,91304.0,4015.0,51.0,233.873,7646854229.0
696.326,0.0,91304.0,4015.0,50.0,215.293,7646867492.0
696.426,0.0,91304.0,4015.0,50.0,175.321,7646880707.0
696.526,0.0,91304.0,4015.0,50.0,175.321,7646893907.0
696.626,0.0,91304.0,4015.0,50.0,156.033,7646907063.0
696.726,0.0,91304.0,4015.0,50.0,140.386,7646920220.0
696.826,0.0,91304.0,4015.0,59.0,178.601,7646946836.0
696.926,92.0,91304.0,4015.0,60.0,226.465,7647076118.0
697.026,92.0,91304.0,4015.0,63.0,280.419,7647142968.0
697.126,100.0,91304.0,4015.0,65.0,334.27,7647209275.0
697.226,100.0,91304.0,4015.0,66.0,387.12,7647278002.0
697.326,100.0,91304.0,4015.0,67.0,443.733,7647346494.0
697.426,100.0,91304.0,4015.0,67.0,497.408,7647415816.0
697.526,100.0,91304.0,4015.0,67.0,546.355,7647483820.0
697.626,100.0,91304.0,4015.0,67.0,599.708,7647552091.0
697.726,100.0,91304.0,4015.0,68.0,664.78,7647619470.0
697.826,100.0,91304.0,4015.0,68.0,673.397,7647689647.0
697.926,100.0,91304.0,4015.0,68.0,679.396,7647756742.0
698.026,100.0,91304.0,4015.0,68.0,683.111,7647825286.0
698.126,100.0,91304.0,4015.0,68.0,683.041,7647893666.0
698.226,100.0,91304.0,4015.0,69.0,684.158,7647893666.0
698.326,100.0,91304.0,4015.0,70.0,680.062,7647961944.0
698.426,100.0,91304.0,4015.0,70.0,680.062,7648024051.0
698.526,100.0,91304.0,4015.0,70.0,679.065,7648093052.0
698.626,100.0,91304.0,4015.0,70.0,681.39,7648161507.0
698.727,100.0,91304.0,4015.0,70.0,678.517,7648230414.0
698.826,100.0,91304.0,4015.0,69.0,680.759,7648367233.0
698.926,100.0,91304.0,4015.0,70.0,679.792,7648435505.0
699.026,100.0,91304.0,4015.0,71.0,680.052,7648503738.0
699.126,100.0,91304.0,4015.0,71.0,679.798,7648570551.0
699.226,100.0,91304.0,4015.0,70.0,681.073,7648640171.0
699.326,100.0,91304.0,4015.0,70.0,684.065,7648708823.0
699.426,100.0,91304.0,4015.0,71.0,685.868,7648778441.0
699.526,96.0,91304.0,4015.0,67.0,672.96,7648823589.0
699.626,96.0,91304.0,4015.0,65.0,645.249,7648866366.0
699.726,95.0,91304.0,4015.0,64.0,621.445,7648866366.0
699.826,95.0,91304.0,4015.0,63.0,595.987,7648908897.0
699.926,98.0,91304.0,4015.0,63.0,570.806,7648951170.0
700.026,98.0,91304.0,4015.0,62.0,545.278,7648993712.0
700.126,95.0,91304.0,4015.0,62.0,521.072,7649036986.0
700.226,95.0,91304.0,4015.0,62.0,493.348,7649079072.0
700.325,97.0,91304.0,4015.0,61.0,468.749,7649121249.0
700.426,97.0,91304.0,4015.0,62.0,437.882,7649163959.0
700.526,97.0,91304.0,4015.0,61.0,425.531,7649206644.0
700.626,97.0,91304.0,4015.0,61.0,426.185,7649292131.0
700.727,95.0,91304.0,4015.0,61.0,425.407,7649332830.0
700.826,95.0,91304.0,4015.0,61.0,422.545,7649373372.0
700.926,95.0,91304.0,4015.0,60.0,421.33,7649414331.0
701.026,95.0,91304.0,4015.0,60.0,417.574,7649453715.0
701.126,98.0,91304.0,4015.0,60.0,414.094,7649491809.0
701.226,98.0,91304.0,4015.0,60.0,411.856,7649531611.0
701.325,98.0,91304.0,4015.0,60.0,411.856,7649569352.0
701.426,95.0,91304.0,4015.0,59.0,407.401,7649606960.0
701.525,95.0,91304.0,4015.0,59.0,396.643,7649642796.0
701.626,95.0,91304.0,4015.0,58.0,388.887,7649678239.0
701.726,98.0,91304.0,4015.0,58.0,381.954,7649713373.0
701.826,98.0,91304.0,4015.0,58.0,377.235,7649748911.0
701.926,96.0,91304.0,4015.0,57.0,370.365,7649782040.0
702.026,96.0,91304.0,4015.0,57.0,363.664,7649815833.0
702.126,98.0,91304.0,4015.0,57.0,358.372,7649815833.0
702.226,98.0,91304.0,4015.0,57.0,353.805,7649849930.0
702.326,96.0,91304.0,4015.0,57.0,349.043,7649883701.0
702.426,96.0,91304.0,4015.0,57.0,343.641,7649917199.0
702.526,96.0,91304.0,4015.0,57.0,341.313,7649950420.0
702.626,96.0,91304.0,4015.0,56.0,338.825,7649983785.0
702.726,98.0,91304.0,4015.0,56.0,336.615,7650016407.0
702.826,98.0,91304.0,4015.0,54.0,321.542,7650047983.0
702.926,0.0,91304.0,4015.0,53.0,301.499,7650063489.0
703.026,0.0,91304.0,4015.0,52.0,286.869,7650110438.0
703.127,67.0,91304.0,4015.0,60.0,314.619,7650176615.0
703.226,67.0,91304.0,4015.0,63.0,346.968,7650242529.0
703.326,100.0,91304.0,4015.0,64.0,380.705,7650308635.0
703.426,100.0,91304.0,4015.0,66.0,412.786,7650375433.0
703.525,100.0,91304.0,4015.0,67.0,450.15,7650445309.0
703.626,100.0,91304.0,4015.0,68.0,484.24,7650511942.0
703.726,100.0,91304.0,4015.0,69.0,516.327,7650583150.0
703.826,100.0,91304.0,4015.0,69.0,516.327,7650650507.0
703.927,100.0,91304.0,4015.0,69.0,560.963,7650719045.0
704.026,100.0,91304.0,4015.0,69.0,614.092,7650786174.0
704.126,100.0,91304.0,4015.0,69.0,680.782,7650853488.0
704.226,100.0,91304.0,4015.0,70.0,682.366,7650853488.0
704.326,100.0,91304.0,4015.0,69.0,682.687,7650922621.0
704.426,100.0,91304.0,4015.0,70.0,686.031,7650992205.0
704.527,100.0,91304.0,4015.0,69.0,682.799,7651061035.0
704.626,100.0,91304.0,4015.0,71.0,680.976,7651127121.0
704.726,100.0,91304.0,4015.0,71.0,682.197,7651194056.0
704.826,100.0,91304.0,4015.0,71.0,681.941,7651262828.0
704.927,100.0,91304.0,4015.0,71.0,681.099,7651333245.0
705.026,100.0,91304.0,4015.0,71.0,682.842,7651470155.0
705.126,100.0,91304.0,4015.0,71.0,680.423,7651538455.0
705.226,100.0,91304.0,4015.0,71.0,680.231,7651606279.0
705.326,100.0,91304.0,4015.0,71.0,680.311,7651675822.0
705.425,100.0,91304.0,4015.0,70.0,678.62,7651742560.0
705.526,100.0,91304.0,4015.0,70.0,681.147,7651810178.0
705.626,100.0,91304.0,4015.0,71.0,685.447,7651879697.0
705.725,100.0,91304.0,4015.0,71.0,684.217,7651947622.0
705.825,100.0,91304.0,4015.0,71.0,684.217,7652016119.0
705.925,100.0,91304.0,4015.0,71.0,684.541,7652085341.0
706.024,100.0,91304.0,4015.0,72.0,684.771,7652146843.0
706.126,92.0,91304.0,4015.0,68.0,679.53,7652214747.0
706.226,92.0,91304.0,4015.0,71.0,681.977,7652214747.0
706.326,100.0,91304.0,4015.0,71.0,681.039,7652284209.0
706.426,100.0,91304.0,4015.0,71.0,682.541,7652351973.0
706.527,100.0,91304.0,4015.0,71.0,681.465,7652421276.0
706.626,100.0,91304.0,4015.0,71.0,681.72,7652490703.0
706.726,100.0,91304.0,4015.0,71.0,682.063,7652558130.0
706.826,100.0,91304.0,4015.0,72.0,681.667,7652626687.0
706.926,100.0,91304.0,4015.0,72.0,681.496,7652695593.0
707.026,100.0,91304.0,4015.0,73.0,684.595,7652832669.0
707.127,100.0,91304.0,4015.0,73.0,683.992,7652901244.0
707.226,100.0,91304.0,4015.0,72.0,684.905,7652971986.0
707.326,100.0,91304.0,4015.0,72.0,685.47,7653040532.0
707.425,100.0,91304.0,4015.0,72.0,684.741,7653108480.0
707.526,95.0,91304.0,4015.0,71.0,680.861,7653174410.0
707.625,95.0,91304.0,4015.0,71.0,679.898,7653243048.0
707.726,100.0,91304.0,4015.0,72.0,680.2,7653311415.0
707.825,100.0,91304.0,4015.0,72.0,680.088,7653379445.0
707.925,100.0,91304.0,4015.0,72.0,680.088,7653433321.0
708.025,100.0,91304.0,4015.0,69.0,668.262,7653480297.0
708.125,100.0,91304.0,4015.0,68.0,648.754,7653524786.0
708.226,94.0,91304.0,4015.0,67.0,625.282,7653571893.0
708.326,94.0,91304.0,4015.0,66.0,603.646,7653618555.0
708.426,94.0,91304.0,4015.0,65.0,560.796,7653618555.0
708.526,94.0,91304.0,4015.0,65.0,543.993,7653665849.0
708.626,94.0,91304.0,4015.0,65.0,524.206,7653713608.0
708.726,97.0,91304.0,4015.0,65.0,501.717,7653760096.0
708.826,97.0,91304.0,4015.0,65.0,476.646,7653806057.0
708.926,97.0,91304.0,4015.0,64.0,466.407,7653852592.0
709.026,97.0,91304.0,4015.0,63.0,465.6,7653898710.0
709.126,94.0,91304.0,4015.0,64.0,465.555,7653945105.0
709.226,94.0,91304.0,4015.0,63.0,465.439,7653990374.0
709.326,95.0,91304.0,4015.0,63.0,463.739,7654080646.0
709.426,95.0,91304.0,4015.0,63.0,460.058,7654124566.0
709.526,97.0,91304.0,4015.0,62.0,456.266,7654167486.0
709.626,97.0,91304.0,4015.0,62.0,450.597,7654209481.0
709.726,94.0,91304.0,4015.0,62.0,445.377,7654250176.0
709.826,94.0,91304.0,4015.0,61.0,440.092,7654289822.0
709.926,95.0,91304.0,4015.0,61.0,431.614,7654328802.0
710.026,95.0,91304.0,4015.0,60.0,424.315,7654366320.0
710.126,95.0,91304.0,4015.0,60.0,415.229,7654403735.0
710.226,98.0,91304.0,4015.0,60.0,415.229,7654441387.0
710.326,98.0,91304.0,4015.0,60.0,406.871,7654477661.0
710.426,96.0,91304.0,4015.0,59.0,399.864,7654513097.0
710.526,96.0,91304.0,4015.0,59.0,390.702,7654547912.0
710.626,97.0,91304.0,4015.0,59.0,383.19,7654581860.0
710.726,98.0,91304.0,4015.0,58.0,367.28,7654581860.0
710.826,98.0,91304.0,4015.0,58.0,362.166,7654615843.0
710.926,96.0,91304.0,4015.0,58.0,357.545,7654650458.0
711.026,96.0,91304.0,4015.0,57.0,353.599,7654684061.0
711.126,96.0,91304.0,4015.0,57.0,350.374,7654718235.0
711.226,96.0,91304.0,4015.0,57.0,346.808,7654752138.0
711.326,98.0,91304.0,4015.0,57.0,343.601,7654785927.0
711.426,98.0,91304.0,4015.0,57.0,341.109,7654819716.0
711.526,96.0,91304.0,4015.0,57.0,338.773,7654852872.0
711.626,96.0,91304.0,4015.0,57.0,337.636,7654918753.0
711.725,96.0,91304.0,4015.0,57.0,336.709,7654951559.0
711.826,96.0,91304.0,4015.0,57.0,334.364,7654983855.0
711.926,98.0,91304.0,4015.0,57.0,333.129,7655016838.0
712.026,98.0,91304.0,4015.0,56.0,330.608,7655049011.0
712.126,95.0,91304.0,4015.0,56.0,329.292,7655081237.0
712.226,95.0,91304.0,4015.0,56.0,327.246,7655113078.0
712.326,96.0,91304.0,4015.0,56.0,325.807,7655145713.0
712.426,96.0,91304.0,4015.0,56.0,325.008,7655177335.0
712.526,95.0,91304.0,4015.0,56.0,323.946,7655209589.0
712.626,95.0,91304.0,4015.0,56.0,324.067,7655242036.0
712.726,95.0,91304.0,4015.0,56.0,323.045,7655274343.0
712.826,95.0,91304.0,4015.0,56.0,323.074,7655306388.0
712.926,97.0,91304.0,4015.0,56.0,322.478,7655338634.0
713.026,97.0,91304.0,4015.0,56.0,322.811,7655338634.0
713.126,95.0,91304.0,4015.0,56.0,322.181,7655370667.0
713.226,95.0,91304.0,4015.0,56.0,321.695,7655402960.0
713.326,95.0,91304.0,4015.0,56.0,321.615,7655434514.0
713.426,95.0,91304.0,4015.0,56.0,321.657,7655466261.0
713.526,95.0,91304.0,4015.0,56.0,321.54,7655498940.0
713.626,95.0,91304.0,4015.0,56.0,321.117,7655531097.0
713.726,96.0,91304.0,4015.0,56.0,321.989,7655563364.0
713.825,96.0,91304.0,4015.0,56.0,322.573,7655628943.0
713.927,96.0,91304.0,4015.0,56.0,323.234,7655661686.0
714.027,98.0,91304.0,4015.0,56.0,323.234,7655694055.0
714.126,98.0,91304.0,4015.0,56.0,323.373,7655726237.0
714.226,95.0,91304.0,4015.0,56.0,323.791,7655758196.0
714.326,95.0,91304.0,4015.0,56.0,324.094,7655790666.0
714.426,97.0,91304.0,4015.0,56.0,324.92,7655822816.0
714.526,97.0,91304.0,4015.0,56.0,324.247,7655855078.0
714.626,95.0,91304.0,4015.0,56.0,324.383,7655887443.0
714.726,96.0,91304.0,4015.0,56.0,324.49,7655919489.0
714.826,96.0,91304.0,4015.0,55.0,323.551,7655952129.0
714.926,98.0,91304.0,4015.0,56.0,322.893,7655984297.0
715.026,98.0,91304.0,4015.0,55.0,322.665,7656016666.0
715.126,96.0,91304.0,4015.0,55.0,322.627,7656049019.0
715.225,96.0,91304.0,4015.0,56.0,322.349,7656080709.0
715.326,97.0,91304.0,4015.0,55.0,322.697,7656080709.0
715.426,97.0,91304.0,4015.0,56.0,323.833,7656113581.0
715.526,95.0,91304.0,4015.0,55.0,323.732,7656146369.0
715.626,95.0,91304.0,4015.0,55.0,323.941,7656178146.0
715.726,95.0,91304.0,4015.0,55.0,324.198,7656210777.0
715.826,95.0,91304.0,4015.0,55.0,324.162,7656243296.0
715.926,97.0,91304.0,4015.0,55.0,323.82,7656276018.0
716.026,97.0,91304.0,4015.0,55.0,324.263,7656308411.0
716.126,96.0,91304.0,4015.0,55.0,323.749,7656340738.0
716.227,96.0,91304.0,4015.0,55.0,324.195,7656404995.0
716.326,96.0,91304.0,4015.0,55.0,324.016,7656437695.0
716.426,96.0,91304.0,4015.0,55.0,323.099,7656470033.0
716.526,95.0,91304.0,4015.0,55.0,323.261,7656502299.0
716.626,95.0,91304.0,4015.0,55.0,323.398,7656534961.0
716.726,96.0,91304.0,4015.0,55.0,322.97,7656567197.0
716.826,96.0,91304.0,4015.0,55.0,322.855,7656599694.0
716.926,98.0,91304.0,4015.0,55.0,322.758,7656631892.0
717.026,98.0,91304.0,4015.0,55.0,322.88,7656664292.0
717.126,98.0,91304.0,4015.0,55.0,322.88,7656696366.0
717.226,95.0,91304.0,4015.0,55.0,322.852,7656728734.0
717.326,95.0,91304.0,4015.0,55.0,323.07,7656761727.0
717.426,96.0,91304.0,4015.0,55.0,323.331,7656794269.0
717.526,96.0,91304.0,4015.0,55.0,323.927,7656826683.0
717.626,96.0,91304.0,4015.0,55.0,323.913,7656859452.0
717.726,96.0,91304.0,4015.0,55.0,324.771,7656859452.0
717.826,96.0,91304.0,4015.0,55.0,319.131,7656892166.0
717.926,45.0,91304.0,4015.0,53.0,304.319,7656919845.0
718.026,45.0,91304.0,4015.0,59.0,319.568,7656935432.0
718.126,98.0,91304.0,4015.0,59.0,339.382,7656981806.0
718.226,98.0,91304.0,4015.0,63.0,375.647,7657033207.0
718.326,100.0,91304.0,4015.0,64.0,410.016,7657100405.0
718.426,100.0,91304.0,4015.0,65.0,445.926,7657168035.0
718.526,100.0,91304.0,4015.0,66.0,480.268,7657301916.0
718.626,100.0,91304.0,4015.0,67.0,511.05,7657370655.0
718.726,100.0,91304.0,4015.0,68.0,550.207,7657438776.0
718.826,100.0,91304.0,4015.0,67.0,590.256,7657504988.0
718.926,100.0,91304.0,4015.0,68.0,636.09,7657574105.0
719.026,100.0,91304.0,4015.0,68.0,662.982,7657641672.0
719.126,100.0,91304.0,4015.0,69.0,677.511,7657710120.0
719.226,100.0,91304.0,4015.0,69.0,677.511,7657780575.0
719.326,100.0,91304.0,4015.0,69.0,681.028,7657848290.0
719.426,100.0,91304.0,4015.0,69.0,680.168,7657906699.0
719.526,100.0,91304.0,4015.0,67.0,672.449,7657972916.0
719.627,90.0,91304.0,4015.0,69.0,671.729,7658042506.0
719.726,100.0,91304.0,4015.0,70.0,674.176,7658109709.0
719.826,100.0,91304.0,4015.0,71.0,677.976,7658109709.0
719.926,100.0,91304.0,4015.0,72.0,675.794,7658180136.0
720.026,100.0,91304.0,4015.0,72.0,676.222,7658247551.0
720.126,100.0,91304.0,4015.0,72.0,677.086,7658316278.0
720.226,100.0,91304.0,4015.0,71.0,674.949,7658385810.0
720.326,100.0,91304.0,4015.0,71.0,675.445,7658453864.0
720.426,100.0,91304.0,4015.0,71.0,683.888,7658521921.0
720.526,100.0,91304.0,4015.0,71.0,686.118,7658590480.0
720.626,100.0,91304.0,4015.0,71.0,683.723,7658728721.0
720.726,100.0,91304.0,4015.0,71.0,686.388,7658797671.0
720.826,100.0,91304.0,4015.0,71.0,677.311,7658862109.0
720.926,100.0,91304.0,4015.0,70.0,678.837,7658927115.0
721.026,100.0,91304.0,4015.0,70.0,678.837,7658994427.0
721.126,100.0,91304.0,4015.0,71.0,677.152,7659062117.0
721.226,100.0,91304.0,4015.0,71.0,677.066,7659132841.0
721.326,100.0,91304.0,4015.0,72.0,677.714,7659202192.0
721.426,100.0,91304.0,4015.0,73.0,678.268,7659272145.0
721.526,100.0,91304.0,4015.0,73.0,678.997,7659341089.0
721.626,100.0,91304.0,4015.0,72.0,679.389,7659408853.0
721.726,100.0,91304.0,4015.0,72.0,678.522,7659477512.0
721.826,100.0,91304.0,4015.0,72.0,678.311,7659477512.0
721.927,100.0,91304.0,4015.0,72.0,684.529,7659545521.0
722.026,100.0,91304.0,4015.0,72.0,686.156,7659614246.0
722.126,100.0,91304.0,4015.0,71.0,687.352,7659683608.0
722.226,100.0,91304.0,4015.0,71.0,686.283,7659751994.0
722.326,95.0,91304.0,4015.0,71.0,681.482,7659819801.0
722.426,95.0,91304.0,4015.0,72.0,681.8,7659885138.0
722.526,100.0,91304.0,4015.0,72.0,681.4,7659954013.0
722.626,100.0,91304.0,4015.0,72.0,681.002,7660022291.0
722.726,100.0,91304.0,4015.0,72.0,672.218,7660151765.0
722.826,100.0,91304.0,4015.0,68.0,647.61,7660197753.0
722.926,96.0,91304.0,4015.0,67.0,624.618,7660244092.0
723.027,96.0,91304.0,4015.0,66.0,604.391,7660289177.0
723.126,96.0,91304.0,4015.0,66.0,604.391,7660336918.0
723.226,94.0,91304.0,4015.0,66.0,584.193,7660384011.0
723.326,94.0,91304.0,4015.0,66.0,563.468,7660431100.0
723.426,94.0,91304.0,4015.0,65.0,543.272,7660477989.0
723.526,94.0,91304.0,4015.0,65.0,523.921,7660523257.0
723.624,96.0,91304.0,4015.0,65.0,501.422,7660568586.0
723.726,96.0,91304.0,4015.0,64.0,473.944,7660614586.0
723.826,97.0,91304.0,4015.0,64.0,465.24,7660659956.0
723.926,97.0,91304.0,4015.0,64.0,464.21,7660705911.0
724.026,94.0,91304.0,4015.0,64.0,462.893,7660749735.0
724.126,95.0,91304.0,4015.0,64.0,461.824,7660749735.0
724.226,95.0,91304.0,4015.0,63.0,456.659,7660793078.0
724.326,97.0,91304.0,4015.0,63.0,447.675,7660836255.0
724.426,97.0,91304.0,4015.0,62.0,442.274,7660878120.0
724.526,95.0,91304.0,4015.0,62.0,436.6,7660920122.0
724.626,95.0,91304.0,4015.0,62.0,432.035,7660961160.0
724.736,95.0,91304.0,4015.0,61.0,424.271,7661000771.0
724.826,95.0,91304.0,4015.0,61.0,416.803,7661040415.0
724.927,98.0,91304.0,4015.0,61.0,409.005,7661079014.0
725.027,98.0,91304.0,4015.0,60.0,402.722,7661152637.0
725.125,96.0,91304.0,4015.0,60.0,394.773,7661188918.0
725.226,96.0,91304.0,4015.0,59.0,387.802,7661224484.0
725.326,96.0,91304.0,4015.0,59.0,380.425,7661260188.0
725.426,96.0,91304.0,4015.0,59.0,374.545,7661296042.0
725.526,96.0,91304.0,4015.0,59.0,374.545,7661330934.0
725.626,98.0,91304.0,4015.0,59.0,369.122,7661364346.0
725.726,98.0,91304.0,4015.0,58.0,363.14,7661398833.0
725.826,96.0,91304.0,4015.0,58.0,358.316,7661432391.0
725.926,96.0,91304.0,4015.0,58.0,353.273,7661464616.0
726.026,96.0,91304.0,4015.0,58.0,348.358,7661496877.0
726.126,96.0,91304.0,4015.0,57.0,343.473,7661529806.0
726.226,98.0,91304.0,4015.0,57.0,340.013,7661561619.0
726.324,98.0,91304.0,4015.0,57.0,336.437,7661593750.0
726.425,96.0,91304.0,4015.0,57.0,333.356,7661626712.0
726.526,97.0,91304.0,4015.0,57.0,329.846,7661626712.0
726.626,97.0,91304.0,4015.0,57.0,326.849,7661658554.0
726.726,96.0,91304.0,4015.0,57.0,324.664,7661690954.0
726.826,96.0,91304.0,4015.0,57.0,324.074,7661723825.0
726.926,98.0,91304.0,4015.0,57.0,324.692,7661756677.0
727.026,98.0,91304.0,4015.0,57.0,325.12,7661789396.0
727.126,98.0,91304.0,4015.0,56.0,324.673,7661822200.0
727.226,98.0,91304.0,4015.0,56.0,324.988,7661854900.0
727.326,96.0,91304.0,4015.0,56.0,325.243,7661919098.0
727.426,96.0,91304.0,4015.0,56.0,324.102,7661951617.0
727.526,96.0,91304.0,4015.0,56.0,324.231,7661983337.0
727.626,96.0,91304.0,4015.0,56.0,323.175,7662015213.0
727.726,96.0,91304.0,4015.0,56.0,322.56,7662047243.0
727.826,97.0,91304.0,4015.0,56.0,322.56,7662079240.0
727.925,97.0,91304.0,4015.0,56.0,321.482,7662111522.0
728.026,96.0,91304.0,4015.0,56.0,321.357,7662143765.0
728.126,96.0,91304.0,4015.0,56.0,320.657,7662175948.0
728.226,98.0,91304.0,4015.0,56.0,320.818,7662208446.0
728.326,98.0,91304.0,4015.0,56.0,321.072,7662232793.0
728.426,95.0,91304.0,4015.0,56.0,308.3,7662246660.0
728.526,95.0,91304.0,4015.0,54.0,289.857,7662260382.0
728.626,19.0,91304.0,4015.0,53.0,280.052,7662309361.0
728.726,100.0,91304.0,4015.0,59.0,338.762,7662378894.0
728.827,100.0,91304.0,4015.0,64.0,373.304,7662378894.0
728.926,100.0,91304.0,4015.0,66.0,410.747,7662445187.0
729.026,100.0,91304.0,4015.0,66.0,446.868,7662515084.0
729.126,100.0,91304.0,4015.0,68.0,479.993,7662583421.0
729.226,100.0,91304.0,4015.0,69.0,517.362,7662649608.0
729.326,100.0,91304.0,4015.0,69.0,555.134,7662718833.0
729.426,100.0,91304.0,4015.0,70.0,610.494,7662786021.0
729.526,100.0,91304.0,4015.0,70.0,663.761,7662922901.0
729.626,100.0,91304.0,4015.0,70.0,663.761,7662992626.0
729.726,100.0,91304.0,4015.0,70.0,680.992,7663060441.0
729.826,100.0,91304.0,4015.0,70.0,678.66,7663128997.0
729.926,100.0,91304.0,4015.0,70.0,679.759,7663196834.0
730.026,100.0,91304.0,4015.0,70.0,679.66,7663263870.0
730.126,100.0,91304.0,4015.0,70.0,680.024,7663329063.0
730.226,92.0,91304.0,4015.0,70.0,677.958,7663398981.0
730.327,92.0,91304.0,4015.0,72.0,677.94,7663467191.0
730.426,100.0,91304.0,4015.0,72.0,679.965,7663536421.0
730.526,100.0,91304.0,4015.0,72.0,679.418,7663603844.0
730.626,100.0,91304.0,4015.0,71.0,680.361,7663603844.0
730.726,100.0,91304.0,4015.0,71.0,680.674,7663671212.0
730.825,100.0,91304.0,4015.0,71.0,681.172,7663741118.0
730.926,100.0,91304.0,4015.0,71.0,681.253,7663808618.0
731.026,100.0,91304.0,4015.0,71.0,680.866,7663875977.0
731.126,100.0,91304.0,4015.0,71.0,684.566,7663943921.0
731.226,100.0,91304.0,4015.0,71.0,684.192,7664013250.0
731.326,100.0,91304.0,4015.0,72.0,685.585,7664149286.0
731.427,100.0,91304.0,4015.0,72.0,685.216,7664217690.0
731.526,100.0,91304.0,4015.0,72.0,685.216,7664281405.0
731.626,92.0,91304.0,4015.0,73.0,678.264,7664348261.0
731.726,92.0,91304.0,4015.0,72.0,679.519,7664417701.0
731.826,100.0,91304.0,4015.0,72.0,679.756,7664484865.0
731.926,100.0,91304.0,4015.0,72.0,679.52,7664552630.0
732.026,100.0,91304.0,4015.0,72.0,678.597,7664621231.0
732.126,100.0,91304.0,4015.0,72.0,679.537,7664688703.0
732.225,100.0,91304.0,4015.0,72.0,679.949,7664756141.0
732.326,100.0,91304.0,4015.0,72.0,677.986,7664825467.0
732.426,100.0,91304.0,4015.0,72.0,677.061,7664895076.0
732.526,100.0,91304.0,4015.0,72.0,677.106,7664963504.0
732.626,100.0,91304.0,4015.0,72.0,682.444,7664963504.0
732.726,100.0,91304.0,4015.0,73.0,684.088,7665031657.0
732.826,100.0,91304.0,4015.0,73.0,683.354,7665100567.0
732.927,100.0,91304.0,4015.0,73.0,682.294,7665168287.0
733.026,100.0,91304.0,4015.0,73.0,674.764,7665236352.0
733.126,96.0,91304.0,4015.0,72.0,659.925,7665298491.0
733.226,96.0,91304.0,4015.0,68.0,639.302,7665357048.0
733.326,97.0,91304.0,4015.0,68.0,617.988,7665404254.0
733.427,97.0,91304.0,4015.0,67.0,596.939,7665497485.0
733.525,94.0,91304.0,4015.0,66.0,576.115,7665545633.0
733.626,94.0,91304.0,4015.0,66.0,556.193,7665592682.0
733.726,94.0,91304.0,4015.0,66.0,556.193,7665639171.0
733.826,94.0,91304.0,4015.0,66.0,534.752,7665686058.0
733.926,94.0,91304.0,4015.0,66.0,514.07,7665732135.0
734.026,95.0,91304.0,4015.0,65.0,490.448,7665779208.0
734.126,95.0,91304.0,4015.0,65.0,479.263,7665826058.0
734.226,97.0,91304.0,4015.0,65.0,468.605,7665872912.0
734.325,97.0,91304.0,4015.0,65.0,468.64,7665918817.0
734.426,94.0,91304.0,4015.0,65.0,468.312,7665963296.0
734.526,94.0,91304.0,4015.0,64.0,465.547,7666007240.0
734.626,95.0,91304.0,4015.0,64.0,461.351,7666050428.0
734.726,95.0,91304.0,4015.0,64.0,457.138,7666093679.0
734.826,97.0,91304.0,4015.0,63.0,453.956,7666093679.0
734.926,97.0,91304.0,4015.0,63.0,450.199,7666136313.0
735.026,95.0,91304.0,4015.0,63.0,446.761,7666179364.0
735.126,95.0,91304.0,4015.0,63.0,440.767,7666220718.0
735.226,95.0,91304.0,4015.0,62.0,432.854,7666260233.0
735.326,95.0,91304.0,4015.0,62.0,425.535,7666299458.0
735.426,97.0,91304.0,4015.0,61.0,418.179,7666337204.0
735.526,97.0,91304.0,4015.0,61.0,411.186,7666375245.0
735.626,96.0,91304.0,4015.0,60.0,402.688,7666411664.0
735.726,96.0,91304.0,4015.0,60.0,396.209,7666483051.0
735.826,96.0,91304.0,4015.0,60.0,388.716,7666517507.0
735.927,96.0,91304.0,4015.0,59.0,379.647,7666551636.0
736.026,98.0,91304.0,4015.0,59.0,371.142,7666585537.0
736.126,98.0,91304.0,4015.0,59.0,362.805,7666619183.0
736.226,96.0,91304.0,4015.0,59.0,358.179,7666652499.0
736.326,96.0,91304.0,4015.0,58.0,346.341,7666685757.0
736.426,96.0,91304.0,4015.0,58.0,343.257,7666718844.0
736.526,98.0,91304.0,4015.0,58.0,340.681,7666752245.0
736.626,98.0,91304.0,4015.0,58.0,337.914,7666785652.0
736.726,96.0,91304.0,4015.0,58.0,335.561,7666819031.0
736.826,96.0,91304.0,4015.0,58.0,335.354,7666852263.0
736.926,96.0,91304.0,4015.0,57.0,334.305,7666886058.0
737.026,96.0,91304.0,4015.0,57.0,332.771,7666918742.0
737.126,96.0,91304.0,4015.0,57.0,331.064,7666950923.0
737.226,98.0,91304.0,4015.0,57.0,330.499,7666950923.0
737.326,98.0,91304.0,4015.0,57.0,330.499,7666983007.0
737.426,96.0,91304.0,4015.0,57.0,329.475,7667015577.0
737.526,96.0,91304.0,4015.0,57.0,328.273,7667047592.0
737.626,98.0,91304.0,4015.0,57.0,327.794,7667080520.0
737.726,98.0,91304.0,4015.0,57.0,327.391,7667113144.0
737.826,96.0,91304.0,4015.0,57.0,326.834,7667178256.0
737.926,96.0,91304.0,4015.0,57.0,325.86,7667210802.0
738.026,96.0,91304.0,4015.0,57.0,324.533,7667243440.0
738.126,96.0,91304.0,4015.0,57.0,325.022,7667271635.0
738.226,48.0,91304.0,4015.0,57.0,316.893,7667286211.0
738.326,48.0,91304.0,4015.0,55.0,298.312,7667299642.0
738.426,7.0,91304.0,4015.0,54.0,286.323,7667357761.0
738.526,7.0,91304.0,4015.0,60.0,319.442,7667420182.0
738.625,91.0,91304.0,4015.0,64.0,355.231,7667486311.0
738.726,91.0,91304.0,4015.0,65.0,390.884,7667555430.0
738.826,100.0,91304.0,4015.0,66.0,418.897,7667622741.0
738.926,100.0,91304.0,4015.0,66.0,461.174,7667622741.0
739.026,100.0,91304.0,4015.0,68.0,496.676,7667693449.0
739.126,100.0,91304.0,4015.0,69.0,532.167,7667760410.0
739.226,100.0,91304.0,4015.0,70.0,577.859,7667828322.0
739.326,100.0,91304.0,4015.0,70.0,623.828,7667897323.0
739.426,100.0,91304.0,4015.0,71.0,675.032,7667963283.0
739.526,100.0,91304.0,4015.0,70.0,682.176,7668033223.0
739.626,100.0,91304.0,4015.0,70.0,681.614,7668101119.0
739.726,100.0,91304.0,4015.0,71.0,682.13,7668239502.0
739.826,100.0,91304.0,4015.0,71.0,683.8,7668307299.0
739.926,100.0,91304.0,4015.0,71.0,678.966,7668374786.0
740.026,100.0,91304.0,4015.0,68.0,677.9,7668435799.0
740.126,100.0,91304.0,4015.0,71.0,679.454,7668505626.0
740.226,100.0,91304.0,4015.0,72.0,677.794,7668574221.0
740.326,100.0,91304.0,4015.0,72.0,681.293,7668643064.0
740.426,100.0,91304.0,4015.0,73.0,679.899,7668714132.0
740.526,100.0,91304.0,4015.0,72.0,681.221,7668783082.0
740.626,100.0,91304.0,4015.0,72.0,681.676,7668850134.0
740.726,100.0,91304.0,4015.0,72.0,679.959,7668918797.0
740.826,100.0,91304.0,4015.0,72.0,682.149,7668987702.0
740.926,100.0,91304.0,4015.0,72.0,682.149,7669057362.0
741.026,100.0,91304.0,4015.0,72.0,687.071,7669126431.0
741.126,100.0,91304.0,4015.0,72.0,689.895,7669126431.0
741.226,100.0,91304.0,4015.0,72.0,690.145,7669193928.0
741.325,100.0,91304.0,4015.0,72.0,690.502,7669263250.0
741.426,100.0,91304.0,4015.0,71.0,688.982,7669331621.0
741.526,100.0,91304.0,4015.0,72.0,682.742,7669397165.0
741.624,100.0,91304.0,4015.0,71.0,678.437,7669531002.0
741.724,100.0,91304.0,4015.0,73.0,680.703,7669600300.0
741.825,100.0,91304.0,4015.0,72.0,680.124,7669667189.0
741.926,100.0,91304.0,4015.0,72.0,676.213,7669734329.0
742.026,100.0,91304.0,4015.0,72.0,675.603,7669803249.0
742.125,100.0,91304.0,4015.0,72.0,675.516,7669871619.0
742.226,100.0,91304.0,4015.0,73.0,674.906,7669938635.0
742.326,100.0,91304.0,4015.0,72.0,672.596,7670006712.0
742.426,100.0,91304.0,4015.0,72.0,675.005,7670076290.0
742.526,100.0,91304.0,4015.0,72.0,682.911,7670144235.0
742.626,100.0,91304.0,4015.0,72.0,683.373,7670212668.0
742.726,100.0,91304.0,4015.0,69.0,672.587,7670260730.0
742.826,97.0,91304.0,4015.0,68.0,651.636,7670308320.0
742.925,97.0,91304.0,4015.0,67.0,632.445,7670354831.0
743.026,94.0,91304.0,4015.0,67.0,610.451,7670354831.0
743.125,94.0,91304.0,4015.0,66.0,564.241,7670401228.0
743.227,94.0,91304.0,4015.0,66.0,543.89,7670446825.0
743.327,94.0,91304.0,4015.0,65.0,524.094,7670492589.0
743.426,95.0,91304.0,4015.0,65.0,501.486,7670539562.0
743.526,95.0,91304.0,4015.0,65.0,482.099,7670586359.0
743.626,97.0,91304.0,4015.0,65.0,482.099,7670632566.0
743.726,97.0,91304.0,4015.0,65.0,465.414,7670723775.0
743.826,97.0,91304.0,4015.0,65.0,462.061,7670768096.0
743.926,97.0,91304.0,4015.0,64.0,459.654,7670812083.0
744.026,94.0,91304.0,4015.0,64.0,457.111,7670855917.0
744.126,94.0,91304.0,4015.0,64.0,453.376,7670899320.0
744.225,95.0,91304.0,4015.0,63.0,452.909,7670943455.0
744.325,95.0,91304.0,4015.0,63.0,450.826,7670986961.0
744.425,97.0,91304.0,4015.0,63.0,446.796,7671029689.0
744.526,97.0,91304.0,4015.0,62.0,443.333,7671071307.0
744.626,95.0,91304.0,4015.0,62.0,437.368,7671111023.0
744.726,95.0,91304.0,4015.0,62.0,430.763,7671149067.0
744.825,95.0,91304.0,4015.0,61.0,424.388,7671187412.0
744.925,95.0,91304.0,4015.0,61.0,417.522,7671226237.0
745.026,98.0,91304.0,4015.0,61.0,411.671,7671263028.0
745.126,98.0,91304.0,4015.0,60.0,405.597,7671263028.0
745.226,96.0,91304.0,4015.0,60.0,397.799,7671299963.0
745.326,96.0,91304.0,4015.0,60.0,390.106,7671336388.0
745.426,96.0,91304.0,4015.0,59.0,376.453,7671372148.0
745.526,97.0,91304.0,4015.0,59.0,370.653,7671408524.0
745.626,97.0,91304.0,4015.0,59.0,364.934,7671443629.0
745.726,96.0,91304.0,4015.0,58.0,361.15,7671477069.0
745.826,96.0,91304.0,4015.0,59.0,356.791,7671511083.0
745.926,96.0,91304.0,4015.0,59.0,356.791,7671579537.0
746.026,96.0,91304.0,4015.0,58.0,352.981,7671613444.0
746.126,96.0,91304.0,4015.0,58.0,349.727,7671646581.0
746.226,98.0,91304.0,4015.0,58.0,345.578,7671678910.0
746.326,98.0,91304.0,4015.0,58.0,340.546,7671711076.0
746.426,96.0,91304.0,4015.0,58.0,337.791,7671742946.0
746.526,96.0,91304.0,4015.0,58.0,332.239,7671774284.0
746.626,96.0,91304.0,4015.0,57.0,329.282,7671806196.0
746.726,96.0,91304.0,4015.0,57.0,327.847,7671838273.0
746.826,97.0,91304.0,4015.0,57.0,325.843,7671869924.0
746.926,97.0,91304.0,4015.0,57.0,322.311,7671901638.0
747.026,96.0,91304.0,4015.0,57.0,321.136,7671934737.0
747.126,96.0,91304.0,4015.0,57.0,320.468,7671934737.0
747.227,98.0,91304.0,4015.0,57.0,319.54,7671966132.0
747.326,98.0,91304.0,4015.0,57.0,319.847,7671998809.0
747.426,96.0,91304.0,4015.0,57.0,320.437,7672031126.0
747.526,96.0,91304.0,4015.0,57.0,321.764,7672063203.0
747.626,96.0,91304.0,4015.0,57.0,322.588,7672095663.0
747.726,98.0,91304.0,4015.0,57.0,322.825,7672128300.0
747.826,98.0,91304.0,4015.0,57.0,325.565,7672160935.0
747.927,96.0,91304.0,4015.0,57.0,325.575,7672193731.0
748.026,96.0,91304.0,4015.0,57.0,325.616,7672259798.0
748.126,96.0,91304.0,4015.0,57.0,325.941,7672292162.0
748.226,96.0,91304.0,4015.0,57.0,325.941,7672324800.0
748.326,96.0,91304.0,4015.0,57.0,326.473,7672357692.0
748.426,97.0,91304.0,4015.0,57.0,326.462,7672389631.0
748.526,97.0,91304.0,4015.0,57.0,326.556,7672422085.0
748.626,96.0,91304.0,4015.0,57.0,326.874,7672454027.0
748.726,96.0,91304.0,4015.0,57.0,326.205,7672486411.0
748.826,98.0,91304.0,4015.0,57.0,326.256,7672519209.0
748.926,98.0,91304.0,4015.0,57.0,325.902,7672551800.0
749.026,96.0,91304.0,4015.0,57.0,325.2,7672584428.0
749.126,96.0,91304.0,4015.0,57.0,325.012,7672617193.0
749.226,95.0,91304.0,4015.0,56.0,325.608,7672649874.0
749.326,95.0,91304.0,4015.0,57.0,324.914,7672649874.0
749.426,96.0,91304.0,4015.0,56.0,324.647,7672682477.0
749.526,96.0,91304.0,4015.0,56.0,324.627,7672714849.0
749.626,95.0,91304.0,4015.0,56.0,324.735,7672747275.0
749.727,95.0,91304.0,4015.0,56.0,324.91,7672779792.0
749.826,98.0,91304.0,4015.0,56.0,324.862,7672812268.0
749.926,98.0,91304.0,4015.0,56.0,324.785,7672845073.0
750.026,95.0,91304.0,4015.0,56.0,324.635,7672877421.0
750.126,95.0,91304.0,4015.0,56.0,324.778,7672909992.0
750.226,95.0,91304.0,4015.0,56.0,323.517,7672974308.0
750.327,96.0,91304.0,4015.0,56.0,322.824,7673006250.0
750.426,96.0,91304.0,4015.0,56.0,322.652,7673038633.0
750.526,96.0,91304.0,4015.0,56.0,322.652,7673071201.0
750.625,96.0,91304.0,4015.0,56.0,323.205,7673103813.0
750.726,96.0,91304.0,4015.0,56.0,323.787,7673136348.0
750.826,97.0,91304.0,4015.0,56.0,323.717,7673168828.0
750.926,97.0,91304.0,4015.0,56.0,324.098,7673202108.0
751.026,96.0,91304.0,4015.0,56.0,325.061,7673234692.0
751.126,96.0,91304.0,4015.0,56.0,324.58,7673267275.0
751.226,95.0,91304.0,4015.0,56.0,324.812,7673299415.0
751.326,95.0,91304.0,4015.0,56.0,325.203,7673332031.0
751.426,96.0,91304.0,4015.0,56.0,325.826,7673364242.0
751.526,96.0,91304.0,4015.0,56.0,326.536,7673396674.0
751.626,96.0,91304.0,4015.0,56.0,325.735,7673428995.0
751.727,96.0,91304.0,4015.0,56.0,325.714,7673428995.0
751.826,98.0,91304.0,4015.0,56.0,325.48,7673461263.0
751.926,98.0,91304.0,4015.0,56.0,324.841,7673493420.0
752.026,96.0,91304.0,4015.0,56.0,324.521,7673526161.0
752.126,96.0,91304.0,4015.0,56.0,324.465,7673558632.0
752.227,95.0,91304.0,4015.0,56.0,325.029,7673591607.0
752.326,95.0,91304.0,4015.0,56.0,324.263,7673624362.0
752.426,98.0,91304.0,4015.0,56.0,324.066,7673656023.0
752.526,98.0,91304.0,4015.0,56.0,323.792,7673688313.0
752.625,96.0,91304.0,4015.0,56.0,324.108,7673753440.0
752.727,96.0,91304.0,4015.0,56.0,323.949,7673786092.0
752.826,98.0,91304.0,4015.0,56.0,324.246,7673818538.0
752.926,98.0,91304.0,4015.0,56.0,324.291,7673850972.0
753.026,96.0,91304.0,4015.0,56.0,324.612,7673883852.0
753.126,96.0,91304.0,4015.0,56.0,324.992,7673916664.0
753.225,96.0,91304.0,4015.0,56.0,324.455,7673949042.0
753.325,96.0,91304.0,4015.0,56.0,325.183,7673981503.0
753.427,97.0,91304.0,4015.0,55.0,318.755,7674000833.0
753.526,97.0,91304.0,4015.0,54.0,300.939,7674027892.0
753.626,57.0,91304.0,4015.0,61.0,319.849,7674079971.0
753.726,57.0,91304.0,4015.0,63.0,347.502,7674143844.0
753.826,100.0,91304.0,4015.0,66.0,383.59,7674212532.0
753.926,100.0,91304.0,4015.0,66.0,453.536,7674212532.0
754.026,100.0,91304.0,4015.0,67.0,453.536,7674280449.0
754.126,100.0,91304.0,4015.0,68.0,484.91,7674349074.0
754.226,100.0,91304.0,4015.0,69.0,523.013,7674414445.0
754.326,100.0,91304.0,4015.0,68.0,555.319,7674482180.0
754.426,100.0,91304.0,4015.0,69.0,601.685,7674618218.0
754.526,100.0,91304.0,4015.0,70.0,643.256,7674685368.0
754.626,91.0,91304.0,4015.0,70.0,661.051,7674747624.0
754.726,91.0,91304.0,4015.0,70.0,673.466,7674816842.0
754.826,100.0,91304.0,4015.0,70.0,670.177,7674883237.0
754.926,100.0,91304.0,4015.0,70.0,672.585,7674952130.0
755.027,100.0,91304.0,4015.0,70.0,670.471,7675019169.0
755.126,100.0,91304.0,4015.0,70.0,675.857,7675088603.0
755.226,100.0,91304.0,4015.0,71.0,675.171,7675157479.0
755.326,100.0,91304.0,4015.0,72.0,677.008,7675226843.0
755.425,100.0,91304.0,4015.0,73.0,676.333,7675296920.0
755.526,100.0,91304.0,4015.0,73.0,679.991,7675365571.0
755.626,100.0,91304.0,4015.0,72.0,686.809,7675365571.0
755.726,100.0,91304.0,4015.0,72.0,685.739,7675434403.0
755.826,100.0,91304.0,4015.0,72.0,687.621,7675502045.0
755.926,100.0,91304.0,4015.0,72.0,689.054,7675571125.0
756.026,100.0,91304.0,4015.0,72.0,689.219,7675640426.0
756.126,100.0,91304.0,4015.0,71.0,683.307,7675704040.0
756.226,100.0,91304.0,4015.0,71.0,686.512,7675771060.0
756.327,100.0,91304.0,4015.0,72.0,686.512,7675908877.0
756.426,100.0,91304.0,4015.0,72.0,682.903,7675977271.0
756.526,100.0,91304.0,4015.0,73.0,684.503,7676045065.0
756.626,100.0,91304.0,4015.0,73.0,685.399,7676115409.0
756.726,100.0,91304.0,4015.0,73.0,684.082,7676184563.0
756.826,100.0,91304.0,4015.0,74.0,683.219,7676253838.0
756.926,100.0,91304.0,4015.0,73.0,683.234,7676323097.0
757.026,100.0,91304.0,4015.0,73.0,683.557,7676391203.0
757.126,100.0,91304.0,4015.0,72.0,687.889,7676459870.0
757.226,100.0,91304.0,4015.0,72.0,687.856,7676528557.0
757.326,100.0,91304.0,4015.0,73.0,686.928,7676597478.0
757.426,100.0,91304.0,4015.0,73.0,688.189,7676667563.0
757.526,100.0,91304.0,4015.0,72.0,685.552,7676732421.0
757.625,96.0,91304.0,4015.0,74.0,682.082,7676800038.0
757.726,96.0,91304.0,4015.0,70.0,671.803,7676800038.0
757.827,95.0,91304.0,4015.0,68.0,650.62,7676849368.0
757.927,95.0,91304.0,4015.0,68.0,650.62,7676896069.0
758.026,97.0,91304.0,4015.0,67.0,604.833,7676942973.0
758.126,97.0,91304.0,4015.0,66.0,581.906,7676987781.0
758.227,94.0,91304.0,4015.0,66.0,563.56,7677081832.0
758.326,94.0,91304.0,4015.0,66.0,539.765,7677128395.0
758.426,94.0,91304.0,4015.0,66.0,516.483,7677175274.0
758.526,94.0,91304.0,4015.0,66.0,500.748,7677220945.0
758.627,96.0,91304.0,4015.0,65.0,475.843,7677267764.0
758.726,96.0,91304.0,4015.0,65.0,466.157,7677314151.0
758.826,97.0,91304.0,4015.0,65.0,464.337,7677358983.0
758.926,97.0,91304.0,4015.0,64.0,462.44,7677403817.0
759.026,95.0,91304.0,4015.0,64.0,460.977,7677447993.0
759.127,95.0,91304.0,4015.0,64.0,459.301,7677492853.0
759.226,95.0,91304.0,4015.0,64.0,456.123,7677536715.0
759.327,95.0,91304.0,4015.0,63.0,453.234,7677579642.0
759.426,98.0,91304.0,4015.0,63.0,448.88,7677579642.0
759.526,98.0,91304.0,4015.0,63.0,443.706,7677622484.0
759.626,95.0,91304.0,4015.0,63.0,438.179,7677662604.0
759.726,95.0,91304.0,4015.0,62.0,429.686,7677701771.0
759.826,95.0,91304.0,4015.0,62.0,423.313,7677740267.0
759.926,95.0,91304.0,4015.0,61.0,416.893,7677779298.0
760.026,98.0,91304.0,4015.0,61.0,410.184,7677817608.0
760.126,98.0,91304.0,4015.0,61.0,403.409,7677854838.0
760.226,98.0,91304.0,4015.0,60.0,395.989,7677928274.0
760.326,96.0,91304.0,4015.0,60.0,395.989,7677963467.0
760.427,96.0,91304.0,4015.0,60.0,387.388,7677999115.0
760.526,96.0,91304.0,4015.0,59.0,373.799,7678032913.0
760.626,98.0,91304.0,4015.0,59.0,366.849,7678066478.0
760.727,98.0,91304.0,4015.0,59.0,361.433,7678100074.0
760.826,96.0,91304.0,4015.0,59.0,356.302,7678133465.0
760.926,96.0,91304.0,4015.0,58.0,350.639,7678166609.0
761.026,96.0,91304.0,4015.0,58.0,346.969,7678200399.0
761.127,96.0,91304.0,4015.0,58.0,343.785,7678234614.0
761.226,98.0,91304.0,4015.0,58.0,340.942,7678268590.0
761.326,98.0,91304.0,4015.0,58.0,338.99,7678302222.0
761.426,96.0,91304.0,4015.0,58.0,336.979,7678302222.0
761.526,96.0,91304.0,4015.0,58.0,335.153,7678335007.0
761.625,96.0,91304.0,4015.0,58.0,335.302,7678367972.0
761.726,96.0,91304.0,4015.0,58.0,335.19,7678401383.0
761.826,98.0,91304.0,4015.0,58.0,334.673,7678434531.0
761.926,98.0,91304.0,4015.0,57.0,334.273,7678467749.0
762.026,96.0,91304.0,4015.0,57.0,332.579,7678500729.0
762.126,96.0,91304.0,4015.0,57.0,330.984,7678532601.0
762.226,96.0,91304.0,4015.0,57.0,329.259,7678565141.0
762.326,96.0,91304.0,4015.0,57.0,327.923,7678630332.0
762.426,97.0,91304.0,4015.0,57.0,327.464,7678662390.0
762.526,97.0,91304.0,4015.0,57.0,326.035,7678694786.0
762.627,96.0,91304.0,4015.0,57.0,325.309,7678727047.0
762.727,96.0,91304.0,4015.0,57.0,324.24,7678759218.0
762.826,98.0,91304.0,4015.0,57.0,323.596,7678791317.0
762.926,98.0,91304.0,4015.0,57.0,322.962,7678823618.0
763.026,96.0,91304.0,4015.0,57.0,322.926,7678856356.0
763.126,96.0,91304.0,4015.0,57.0,324.014,7678889087.0
763.226,95.0,91304.0,4015.0,57.0,324.369,7678922088.0
763.326,95.0,91304.0,4015.0,57.0,324.992,7678954534.0
763.426,95.0,91304.0,4015.0,57.0,325.007,7678987654.0
763.526,98.0,91304.0,4015.0,57.0,325.007,7679019897.0
763.626,96.0,91304.0,4015.0,57.0,325.892,7679052622.0
763.726,96.0,91304.0,4015.0,57.0,326.935,7679085623.0
763.826,96.0,91304.0,4015.0,57.0,327.66,7679085623.0
763.927,96.0,91304.0,4015.0,57.0,327.646,7679118564.0
764.026,98.0,91304.0,4015.0,57.0,326.862,7679151038.0
764.126,98.0,91304.0,4015.0,57.0,326.468,7679182879.0
764.226,96.0,91304.0,4015.0,57.0,326.139,7679215503.0
764.327,96.0,91304.0,4015.0,57.0,325.977,7679248195.0
764.427,96.0,91304.0,4015.0,57.0,325.715,7679280392.0
764.526,96.0,91304.0,4015.0,57.0,325.407,7679313720.0
764.626,96.0,91304.0,4015.0,57.0,325.084,7679345552.0
764.727,96.0,91304.0,4015.0,57.0,324.682,7679410368.0
764.826,96.0,91304.0,4015.0,57.0,324.008,7679442851.0
764.927,96.0,91304.0,4015.0,57.0,324.425,7679475643.0
765.027,98.0,91304.0,4015.0,57.0,325.664,7679508688.0
765.126,98.0,91304.0,4015.0,57.0,326.032,7679541472.0
765.227,96.0,91304.0,4015.0,57.0,326.327,7679574276.0
765.326,96.0,91304.0,4015.0,57.0,326.458,7679606889.0
765.426,96.0,91304.0,4015.0,56.0,325.837,7679639070.0
765.526,96.0,91304.0,4015.0,57.0,325.964,7679671330.0
765.626,97.0,91304.0,4015.0,56.0,321.056,7679692145.0
765.726,97.0,91304.0,4015.0,60.0,326.599,7679743219.0
765.826,95.0,91304.0,4015.0,64.0,356.242,7679810308.0
765.926,95.0,91304.0,4015.0,66.0,398.438,7679879601.0
766.026,95.0,91304.0,4015.0,66.0,398.438,7679949158.0
766.126,100.0,91304.0,4015.0,67.0,436.208,7679949158.0
766.226,100.0,91304.0,4015.0,68.0,505.778,7680016376.0
766.326,100.0,91304.0,4015.0,69.0,538.971,7680087985.0
766.426,100.0,91304.0,4015.0,70.0,583.504,7680158263.0
766.526,100.0,91304.0,4015.0,69.0,619.996,7680227036.0
766.626,97.0,91304.0,4015.0,65.0,632.078,7680296092.0
766.726,97.0,91304.0,4015.0,63.0,633.591,7680336931.0
766.826,96.0,91304.0,4015.0,62.0,603.746,7680372459.0
766.926,96.0,91304.0,4015.0,61.0,570.482,7680444000.0
767.026,98.0,91304.0,4015.0,61.0,539.299,7680480071.0
767.126,98.0,91304.0,4015.0,60.0,503.608,7680516070.0
767.226,96.0,91304.0,4015.0,60.0,468.333,7680551425.0
767.326,96.0,91304.0,4015.0,60.0,438.437,7680586064.0
767.426,96.0,91304.0,4015.0,60.0,405.509,7680621863.0
767.526,96.0,91304.0,4015.0,59.0,373.512,7680657706.0
767.626,96.0,91304.0,4015.0,59.0,356.749,7680693137.0
767.726,96.0,91304.0,4015.0,59.0,356.79,7680728452.0
767.826,96.0,91304.0,4015.0,59.0,356.402,7680764172.0
767.926,96.0,91304.0,4015.0,59.0,355.608,7680799188.0
768.027,98.0,91304.0,4015.0,59.0,355.155,7680834958.0
768.126,98.0,91304.0,4015.0,59.0,355.155,7680870550.0
768.227,98.0,91304.0,4015.0,59.0,354.944,7680906244.0
768.326,96.0,91304.0,4015.0,59.0,354.646,7680906244.0
768.426,96.0,91304.0,4015.0,59.0,354.823,7680941609.0
768.526,96.0,91304.0,4015.0,58.0,354.135,7680975662.0
768.626,98.0,91304.0,4015.0,58.0,350.346,7681009254.0
768.726,98.0,91304.0,4015.0,58.0,349.029,7681043347.0
768.826,96.0,91304.0,4015.0,58.0,346.59,7681076888.0
768.926,96.0,91304.0,4015.0,58.0,344.948,7681110340.0
769.026,97.0,91304.0,4015.0,58.0,342.175,7681143440.0
769.126,97.0,91304.0,4015.0,58.0,339.091,7681175678.0
769.226,96.0,91304.0,4015.0,58.0,337.701,7681242513.0
769.326,96.0,91304.0,4015.0,57.0,336.064,7681276569.0
769.426,96.0,91304.0,4015.0,57.0,334.269,7681309202.0
769.526,96.0,91304.0,4015.0,57.0,332.984,7681341597.0
769.627,98.0,91304.0,4015.0,57.0,331.593,7681374355.0
769.727,98.0,91304.0,4015.0,57.0,330.599,7681407412.0
769.827,96.0,91304.0,4015.0,57.0,330.306,7681440029.0
769.927,96.0,91304.0,4015.0,57.0,329.351,7681473033.0
770.026,95.0,91304.0,4015.0,57.0,329.168,7681505409.0
770.126,95.0,91304.0,4015.0,57.0,328.394,7681537636.0
770.226,98.0,91304.0,4015.0,57.0,326.808,7681569733.0
770.326,98.0,91304.0,4015.0,57.0,325.464,7681601780.0
770.426,73.0,91304.0,4015.0,55.0,310.419,7681618225.0
770.526,73.0,91304.0,4015.0,54.0,292.923,7681618225.0
770.626,73.0,91304.0,4015.0,54.0,292.923,7681631937.0
770.726,0.0,91304.0,4015.0,53.0,274.426,7681645738.0
770.826,0.0,91304.0,4015.0,53.0,254.09,7681659395.0
770.926,0.0,91304.0,4015.0,53.0,236.69,7681672995.0
771.026,0.0,91304.0,4015.0,52.0,215.757,7681686570.0
771.126,0.0,91304.0,4015.0,52.0,199.744,7681700134.0
771.226,0.0,91304.0,4015.0,52.0,178.78,7681713667.0
771.326,0.0,91304.0,4015.0,52.0,144.507,7681740702.0
771.426,0.0,91304.0,4015.0,51.0,136.498,7681754183.0
771.526,0.0,91304.0,4015.0,51.0,135.865,7681767664.0
771.626,0.0,91304.0,4015.0,51.0,135.486,7681781134.0
771.726,0.0,91304.0,4015.0,51.0,135.311,7681794579.0
771.826,0.0,91304.0,4015.0,51.0,135.15,7681808006.0
771.926,0.0,91304.0,4015.0,51.0,134.995,7681821435.0
772.026,0.0,91304.0,4015.0,51.0,134.848,7681834857.0
772.127,0.0,91304.0,4015.0,51.0,134.724,7681848279.0
772.226,0.0,91304.0,4015.0,51.0,134.617,7681861702.0
772.326,0.0,91304.0,4015.0,50.0,134.534,7681875104.0
772.426,0.0,91304.0,4015.0,50.0,134.436,7681888509.0
772.526,0.0,91304.0,4015.0,50.0,134.346,7681901897.0
772.627,0.0,91304.0,4015.0,50.0,134.267,7681915277.0
772.726,0.0,91304.0,4015.0,50.0,134.191,7681928655.0
772.826,0.0,91304.0,4015.0,50.0,134.109,7681942033.0
772.926,0.0,91304.0,4015.0,50.0,134.052,7681955396.0
773.026,0.0,91304.0,4015.0,50.0,133.98,7681968769.0
773.126,0.0,91304.0,4015.0,50.0,133.938,7681982128.0
773.226,0.0,91304.0,4015.0,50.0,133.88,7681982128.0
773.326,0.0,91304.0,4015.0,50.0,133.804,7681995491.0
773.426,0.0,91304.0,4015.0,50.0,133.757,7682008844.0
773.526,0.0,91304.0,4015.0,50.0,133.704,7682022197.0
773.627,0.0,91304.0,4015.0,50.0,133.657,7682035512.0
773.726,0.0,91304.0,4015.0,50.0,133.619,7682048860.0
773.826,0.0,91304.0,4015.0,50.0,133.619,7682062194.0
773.926,0.0,91304.0,4015.0,50.0,133.589,7682075530.0
774.027,0.0,91304.0,4015.0,50.0,133.558,7682088874.0
774.127,0.0,91304.0,4015.0,50.0,133.504,7682102188.0
774.226,0.0,91304.0,4015.0,50.0,133.481,7682115526.0
774.326,0.0,91304.0,4015.0,50.0,133.452,7682142187.0
774.426,0.0,91304.0,4015.0,50.0,133.438,7682155521.0
774.527,0.0,91304.0,4015.0,50.0,133.438,7682168852.0
774.626,0.0,91304.0,4015.0,50.0,133.427,7682182166.0
774.726,0.0,91304.0,4015.0,50.0,133.401,7682195485.0
774.826,0.0,91304.0,4015.0,50.0,133.384,7682208821.0
774.926,0.0,91304.0,4015.0,50.0,133.366,7682222127.0
775.026,0.0,91304.0,4015.0,50.0,133.344,7682235450.0
775.127,0.0,91304.0,4015.0,50.0,133.332,7682248768.0
775.225,0.0,91304.0,4015.0,50.0,133.316,7682262087.0
775.326,0.0,91304.0,4015.0,50.0,133.305,7682275411.0
775.427,0.0,91304.0,4015.0,50.0,133.293,7682288725.0
775.526,0.0,91304.0,4015.0,50.0,133.262,7682302017.0
775.627,0.0,91304.0,4015.0,50.0,133.24,7682315325.0
775.727,0.0,91304.0,4015.0,50.0,133.235,7682328629.0
775.826,0.0,91304.0,4015.0,50.0,133.212,7682341932.0
775.926,0.0,91304.0,4015.0,50.0,133.182,7682355239.0
776.026,0.0,91304.0,4015.0,50.0,133.157,7682355239.0
776.125,0.0,91304.0,4015.0,49.0,133.154,7682368535.0
776.226,0.0,91304.0,4015.0,49.0,133.148,7682381837.0
776.327,0.0,91304.0,4015.0,49.0,133.118,7682395141.0
776.426,0.0,91304.0,4015.0,49.0,133.1,7682408444.0
776.526,0.0,91304.0,4015.0,49.0,133.1,7682421740.0
776.626,0.0,91304.0,4015.0,49.0,133.094,7682435112.0
776.727,0.0,91304.0,4015.0,49.0,133.1,7682448348.0
776.826,0.0,91304.0,4015.0,49.0,133.102,7682461647.0
776.927,0.0,91304.0,4015.0,49.0,133.099,7682474953.0
777.027,0.0,91304.0,4015.0,49.0,133.106,7682488248.0
777.125,0.0,91304.0,4015.0,49.0,133.082,7682514859.0
777.227,0.0,91304.0,4015.0,49.0,133.077,7682528147.0
777.326,0.0,91304.0,4015.0,49.0,133.083,7682541455.0
777.425,0.0,91304.0,4015.0,49.0,133.064,7682554743.0
777.527,0.0,91304.0,4015.0,49.0,133.058,7682568043.0
777.626,0.0,91304.0,4015.0,49.0,133.02,7682581332.0
777.726,0.0,91304.0,4015.0,49.0,133.015,7682594621.0
777.826,0.0,91304.0,4015.0,49.0,133.015,7682607916.0
777.927,0.0,91304.0,4015.0,49.0,133.004,7682621211.0
778.026,0.0,91304.0,4015.0,49.0,132.989,7682634500.0
778.127,0.0,91304.0,4015.0,49.0,132.998,7682647792.0
778.227,0.0,91304.0,4015.0,49.0,132.989,7682661091.0
778.327,0.0,91304.0,4015.0,49.0,132.998,7682674385.0
778.427,0.0,91304.0,4015.0,49.0,132.996,7682687675.0
778.527,0.0,91304.0,4015.0,49.0,132.987,7682700975.0
778.626,0.0,91304.0,4015.0,49.0,132.985,7682714250.0
778.726,0.0,91304.0,4015.0,49.0,132.991,7682727543.0
778.826,0.0,91304.0,4015.0,49.0,132.965,7682740825.0
778.926,0.0,91304.0,4015.0,49.0,132.959,7682740825.0
779.027,0.0,91304.0,4015.0,49.0,132.959,7682754103.0
779.127,0.0,91304.0,4015.0,49.0,132.944,7682767403.0
779.226,0.0,91304.0,4015.0,49.0,132.941,7682780693.0
779.326,0.0,91304.0,4015.0,49.0,132.922,7682793968.0
779.426,0.0,91304.0,4015.0,49.0,132.918,7682807244.0
779.525,0.0,91304.0,4015.0,49.0,132.918,7682820536.0
779.626,0.0,91304.0,4015.0,49.0,132.929,7682833818.0
779.725,0.0,91304.0,4015.0,49.0,132.923,7682847108.0
779.825,0.0,91304.0,4015.0,49.0,132.915,7682860386.0
779.926,0.0,91304.0,4015.0,49.0,132.924,7682873668.0
780.025,0.0,91304.0,4015.0,49.0,132.919,7682900227.0
780.127,0.0,91304.0,4015.0,49.0,132.895,7682913499.0
780.226,0.0,91304.0,4015.0,49.0,132.898,7682926788.0
780.327,0.0,91304.0,4015.0,49.0,132.886,7682940054.0
780.426,0.0,91304.0,4015.0,49.0,132.882,7682953338.0
780.526,0.0,91304.0,4015.0,49.0,132.829,7682966609.0
780.626,0.0,91304.0,4015.0,49.0,132.821,7682979888.0
780.726,0.0,91304.0,4015.0,49.0,132.813,7682993165.0
780.826,0.0,91304.0,4015.0,49.0,132.8,7683006426.0
780.926,0.0,91304.0,4015.0,49.0,132.812,7683019702.0
781.026,0.0,91304.0,4015.0,49.0,132.806,7683032982.0
781.126,0.0,91304.0,4015.0,49.0,132.798,7683046253.0
781.226,0.0,91304.0,4015.0,49.0,132.811,7683059526.0
781.326,0.0,91304.0,4015.0,49.0,132.803,7683072798.0
781.426,0.0,91304.0,4015.0,49.0,132.788,7683086073.0
781.526,0.0,91304.0,4015.0,49.0,132.812,7683099341.0
781.626,0.0,91304.0,4015.0,49.0,132.799,7683099341.0
781.727,0.0,91304.0,4015.0,49.0,132.799,7683112613.0
781.827,0.0,91304.0,4015.0,49.0,132.799,7683125876.0
781.926,0.0,91304.0,4015.0,49.0,132.785,7683139144.0
782.026,0.0,91304.0,4015.0,49.0,132.792,7683152421.0
782.127,0.0,91304.0,4015.0,49.0,132.792,7683165688.0
782.227,0.0,91304.0,4015.0,49.0,132.756,7683178952.0
782.326,0.0,91304.0,4015.0,49.0,132.752,7683192202.0
782.426,0.0,91304.0,4015.0,49.0,132.724,7683205465.0
782.526,0.0,91304.0,4015.0,49.0,132.724,7683218717.0
782.626,0.0,91304.0,4015.0,49.0,132.724,7683231981.0
782.726,0.0,91304.0,4015.0,49.0,132.715,7683258524.0
782.826,0.0,91304.0,4015.0,49.0,132.716,7683271781.0
782.926,0.0,91304.0,4015.0,49.0,132.712,7683285047.0
783.025,0.0,91304.0,4015.0,49.0,132.706,7683298323.0
783.126,0.0,91304.0,4015.0,49.0,132.695,7683311587.0
783.225,0.0,91304.0,4015.0,49.0,132.679,7683324854.0
783.326,0.0,91304.0,4015.0,49.0,132.691,7683338122.0
783.426,0.0,91304.0,4015.0,49.0,132.703,7683351388.0
783.526,0.0,91304.0,4015.0,49.0,132.719,7683364662.0
783.627,0.0,91304.0,4015.0,49.0,132.746,7683377947.0
783.726,0.0,91304.0,4015.0,49.0,132.742,7683391211.0
783.826,0.0,91304.0,4015.0,49.0,132.747,7683404479.0
783.926,0.0,91304.0,4015.0,49.0,132.742,7683417749.0
784.026,0.0,91304.0,4015.0,49.0,132.745,7683431012.0
784.126,0.0,91304.0,4015.0,49.0,132.769,7683444284.0
784.226,0.0,91304.0,4015.0,49.0,132.761,7683457553.0
784.326,0.0,91304.0,4015.0,49.0,132.772,7683470825.0
784.426,0.0,91304.0,4015.0,49.0,132.778,7683484091.0
784.526,0.0,91304.0,4015.0,49.0,132.758,7683497347.0
784.626,0.0,91304.0,4015.0,49.0,132.764,7683497347.0
784.726,0.0,91304.0,4015.0,49.0,132.752,7683510622.0
784.824,0.0,91304.0,4015.0,49.0,132.745,7683523890.0
784.926,0.0,91304.0,4015.0,49.0,132.756,7683537159.0
785.026,0.0,91304.0,4015.0,49.0,132.762,7683550433.0
785.136,0.0,91304.0,4015.0,49.0,132.746,7683563696.0
785.227,0.0,91304.0,4015.0,49.0,132.735,7683576956.0
785.325,0.0,91304.0,4015.0,49.0,132.72,7683590209.0
785.425,0.0,91304.0,4015.0,49.0,132.71,7683603464.0
785.526,0.0,91304.0,4015.0,49.0,132.738,7683616727.0
785.625,0.0,91304.0,4015.0,49.0,132.676,7683630008.0
785.725,0.0,91304.0,4015.0,49.0,132.636,7683656461.0
785.826,0.0,91304.0,4015.0,49.0,132.609,7683669693.0
785.926,0.0,91304.0,4015.0,49.0,132.539,7683682891.0
786.026,0.0,91304.0,4015.0,49.0,132.511,7683696122.0
786.126,0.0,91304.0,4015.0,49.0,132.459,7683709349.0
786.226,0.0,91304.0,4015.0,49.0,132.415,7683722564.0
786.326,0.0,91304.0,4015.0,49.0,132.378,7683735776.0
786.426,0.0,91304.0,4015.0,49.0,132.337,7683749003.0
786.526,0.0,91304.0,4015.0,49.0,132.251,7683762203.0
786.626,0.0,91304.0,4015.0,49.0,132.26,7683775436.0
786.727,0.0,91304.0,4015.0,49.0,132.256,7683788641.0
786.826,0.0,91304.0,4015.0,49.0,132.218,7683801852.0
786.926,0.0,91304.0,4015.0,49.0,132.247,7683815066.0
787.026,0.0,91304.0,4015.0,49.0,132.226,7683828292.0
787.126,0.0,91304.0,4015.0,49.0,132.235,7683841494.0
787.226,0.0,91304.0,4015.0,49.0,132.23,7683854730.0
787.326,0.0,91304.0,4015.0,49.0,132.236,7683867932.0
787.426,0.0,91304.0,4015.0,49.0,132.245,7683881168.0
787.526,0.0,91304.0,4015.0,49.0,132.271,7683894394.0
787.626,0.0,91304.0,4015.0,49.0,132.271,7683894394.0
787.726,0.0,91304.0,4015.0,49.0,132.258,7683907616.0
787.827,0.0,91304.0,4015.0,49.0,132.253,7683920815.0
787.926,0.0,91304.0,4015.0,49.0,132.256,7683934043.0
788.026,0.0,91304.0,4015.0,49.0,132.26,7683947240.0
788.127,0.0,91304.0,4015.0,49.0,132.271,7683960470.0
788.226,0.0,91304.0,4015.0,49.0,132.265,7683973672.0
788.326,0.0,91304.0,4015.0,49.0,132.25,7683986901.0
788.426,0.0,91304.0,4015.0,49.0,132.267,7684013343.0
788.526,0.0,91304.0,4015.0,49.0,132.255,7684026558.0
788.627,0.0,91304.0,4015.0,49.0,132.237,7684039778.0
788.726,0.0,91304.0,4015.0,49.0,132.229,7684053006.0
788.827,0.0,91304.0,4015.0,49.0,132.26,7684066224.0
788.926,0.0,91304.0,4015.0,49.0,132.251,7684079430.0
789.026,0.0,91304.0,4015.0,49.0,132.262,7684092644.0
789.126,0.0,91304.0,4015.0,49.0,132.243,7684105856.0
789.226,0.0,91304.0,4015.0,49.0,132.258,7684119100.0
789.326,0.0,91304.0,4015.0,49.0,132.274,7684132305.0
789.427,0.0,91304.0,4015.0,49.0,132.249,7684145534.0
789.526,0.0,91304.0,4015.0,49.0,132.232,7684158724.0
789.626,0.0,91304.0,4015.0,49.0,132.229,7684171946.0
789.726,0.0,91304.0,4015.0,49.0,132.228,7684185160.0
789.827,0.0,91304.0,4015.0,49.0,132.225,7684198382.0
789.927,0.0,91304.0,4015.0,49.0,132.228,7684211579.0
790.026,0.0,91304.0,4015.0,49.0,132.233,7684224815.0
790.126,0.0,91304.0,4015.0,49.0,132.222,7684238011.0
790.226,0.0,91304.0,4015.0,49.0,132.213,7684251235.0
790.326,0.0,91304.0,4015.0,49.0,132.213,7684264444.0
790.426,0.0,91304.0,4015.0,49.0,132.193,7684264444.0
790.526,0.0,91304.0,4015.0,49.0,132.225,7684277670.0
790.626,0.0,91304.0,4015.0,49.0,132.238,7684290877.0
790.727,0.0,91304.0,4015.0,49.0,132.248,7684304103.0
790.826,0.0,91304.0,4015.0,49.0,132.242,7684317320.0
790.926,0.0,91304.0,4015.0,49.0,132.227,7684330550.0
791.026,0.0,91304.0,4015.0,49.0,132.227,7684343750.0
791.126,0.0,91304.0,4015.0,49.0,132.22,7684356959.0
791.226,0.0,91304.0,4015.0,49.0,132.226,7684370154.0
791.327,0.0,91304.0,4015.0,49.0,132.205,7684383368.0
791.426,0.0,91304.0,4015.0,49.0,132.195,7684396577.0
791.527,0.0,91304.0,4015.0,49.0,132.198,7684422994.0
791.626,0.0,91304.0,4015.0,49.0,132.183,7684436229.0
791.725,0.0,91304.0,4015.0,49.0,132.184,7684449428.0
791.825,0.0,91304.0,4015.0,49.0,132.172,7684462651.0
791.926,0.0,91304.0,4015.0,49.0,132.159,7684475878.0
792.026,0.0,91304.0,4015.0,49.0,132.183,7684489067.0
792.126,0.0,91304.0,4015.0,49.0,132.16,7684502263.0
792.226,0.0,91304.0,4015.0,49.0,132.171,7684515500.0
792.326,0.0,91304.0,4015.0,49.0,132.177,7684528688.0
792.427,0.0,91304.0,4015.0,49.0,132.18,7684541919.0
792.526,0.0,91304.0,4015.0,49.0,132.186,7684555118.0
792.626,0.0,91304.0,4015.0,49.0,132.189,7684568319.0
792.727,0.0,91304.0,4015.0,49.0,132.155,7684581529.0
792.826,0.0,91304.0,4015.0,49.0,132.145,7684594742.0
792.926,0.0,91304.0,4015.0,49.0,132.138,7684607935.0
793.026,0.0,91304.0,4015.0,49.0,132.14,7684621158.0
793.126,0.0,91304.0,4015.0,49.0,132.143,7684634337.0
793.227,0.0,91304.0,4015.0,49.0,132.135,7684647562.0
793.326,0.0,91304.0,4015.0,49.0,132.146,7684660751.0
793.426,0.0,91304.0,4015.0,49.0,132.122,7684660751.0
793.526,0.0,91304.0,4015.0,49.0,132.117,7684673971.0
793.626,0.0,91304.0,4015.0,49.0,132.118,7684687160.0
793.726,0.0,91304.0,4015.0,49.0,132.109,7684700369.0
793.826,0.0,91304.0,4015.0,49.0,132.128,7684713562.0
793.926,0.0,91304.0,4015.0,49.0,132.12,7684726784.0
794.026,0.0,91304.0,4015.0,49.0,132.121,7684739975.0
794.126,0.0,91304.0,4015.0,49.0,132.126,7684753184.0
794.226,0.0,91304.0,4015.0,49.0,132.093,7684766380.0
794.326,0.0,91304.0,4015.0,49.0,132.129,7684779578.0
794.426,0.0,91304.0,4015.0,49.0,132.135,7684792792.0
794.526,0.0,91304.0,4015.0,49.0,132.131,7684819189.0
794.626,0.0,91304.0,4015.0,49.0,132.12,7684832404.0
794.725,0.0,91304.0,4015.0,49.0,132.13,7684845606.0
794.826,0.0,91304.0,4015.0,49.0,132.1,7684858808.0
794.926,0.0,91304.0,4015.0,49.0,132.114,7684872005.0
795.026,0.0,91304.0,4015.0,49.0,132.123,7684885220.0
795.127,0.0,91304.0,4015.0,49.0,132.116,7684898412.0
795.226,0.0,91304.0,4015.0,49.0,132.097,7684911630.0
795.326,0.0,91304.0,4015.0,49.0,132.085,7684924803.0
795.426,0.0,91304.0,4015.0,49.0,132.079,7684938028.0
795.526,0.0,91304.0,4015.0,49.0,132.107,7684951230.0
795.626,0.0,91304.0,4015.0,49.0,132.098,7684964429.0
795.726,0.0,91304.0,4015.0,49.0,132.089,7684977630.0
795.826,0.0,91304.0,4015.0,49.0,132.089,7684990828.0
795.927,0.0,91304.0,4015.0,49.0,132.084,7685004010.0
796.026,0.0,91304.0,4015.0,49.0,132.072,7685017232.0
796.125,0.0,91304.0,4015.0,49.0,132.102,7685030426.0
796.226,0.0,91304.0,4015.0,49.0,132.088,7685043641.0
796.326,0.0,91304.0,4015.0,49.0,132.088,7685043641.0
796.426,0.0,91304.0,4015.0,49.0,132.106,7685056830.0
796.526,0.0,91304.0,4015.0,49.0,132.082,7685070031.0
796.626,0.0,91304.0,4015.0,49.0,132.065,7685083223.0
796.726,0.0,91304.0,4015.0,49.0,132.052,7685096414.0
796.826,0.0,91304.0,4015.0,49.0,132.034,7685109587.0
796.925,0.0,91304.0,4015.0,49.0,132.031,7685122791.0
797.026,0.0,91304.0,4015.0,49.0,132.06,7685135983.0
797.126,0.0,91304.0,4015.0,49.0,132.03,7685162393.0
797.226,0.0,91304.0,4015.0,49.0,132.024,7685175603.0
797.326,0.0,91304.0,4015.0,49.0,132.041,7685188801.0
797.426,0.0,91304.0,4015.0,49.0,132.044,7685202004.0
797.525,0.0,91304.0,4015.0,49.0,132.04,7685215175.0
797.626,0.0,91304.0,4015.0,49.0,132.052,7685228412.0
797.726,0.0,91304.0,4015.0,49.0,132.058,7685241593.0
797.826,0.0,91304.0,4015.0,49.0,132.088,7685254790.0
797.926,0.0,91304.0,4015.0,49.0,132.087,7685268002.0
798.026,0.0,91304.0,4015.0,49.0,132.083,7685281212.0
798.126,0.0,91304.0,4015.0,49.0,132.09,7685294394.0
798.226,0.0,91304.0,4015.0,49.0,132.048,7685307604.0
798.326,0.0,91304.0,4015.0,49.0,132.057,7685320773.0
798.426,0.0,91304.0,4015.0,49.0,132.051,7685333991.0
798.526,0.0,91304.0,4015.0,49.0,132.075,7685347183.0
798.626,0.0,91304.0,4015.0,49.0,132.069,7685360393.0
798.726,0.0,91304.0,4015.0,49.0,132.069,7685373587.0
798.826,0.0,91304.0,4015.0,49.0,132.073,7685386802.0
798.926,0.0,91304.0,4015.0,49.0,132.049,7685399973.0
799.025,0.0,91304.0,4015.0,49.0,132.033,7685413188.0
799.125,0.0,91304.0,4015.0,49.0,132.049,7685426361.0
799.226,0.0,91304.0,4015.0,49.0,132.067,7685426361.0
799.326,0.0,91304.0,4015.0,49.0,132.054,7685439578.0
799.426,0.0,91304.0,4015.0,49.0,132.064,7685452767.0
799.524,0.0,91304.0,4015.0,49.0,132.064,7685465970.0
799.626,0.0,91304.0,4015.0,49.0,132.048,7685479151.0
799.726,0.0,91304.0,4015.0,49.0,132.04,7685492362.0
799.826,0.0,91304.0,4015.0,49.0,132.028,7685505532.0
799.926,0.0,91304.0,4015.0,49.0,131.99,7685518729.0
800.026,0.0,91304.0,4015.0,49.0,132.007,7685531897.0
800.126,0.0,91304.0,4015.0,49.0,131.973,7685545084.0
800.226,0.0,91304.0,4015.0,49.0,131.964,7685571470.0
800.326,0.0,91304.0,4015.0,49.0,131.949,7685584666.0
800.426,0.0,91304.0,4015.0,49.0,131.973,7685597884.0
800.526,0.0,91304.0,4015.0,49.0,131.967,7685611040.0
800.626,0.0,91304.0,4015.0,49.0,131.963,7685624270.0
800.726,0.0,91304.0,4015.0,49.0,131.964,7685637453.0
800.826,0.0,91304.0,4015.0,49.0,131.969,7685650635.0
800.926,0.0,91304.0,4015.0,49.0,131.962,7685663815.0
801.026,0.0,91304.0,4015.0,49.0,131.968,7685676991.0
801.126,0.0,91304.0,4015.0,49.0,131.965,7685690171.0
801.226,0.0,91304.0,4015.0,49.0,131.994,7685703387.0
801.326,0.0,91304.0,4015.0,49.0,131.991,7685716563.0
801.425,0.0,91304.0,4015.0,49.0,131.986,7685729763.0
801.526,0.0,91304.0,4015.0,49.0,131.954,7685742934.0
801.626,0.0,91304.0,4015.0,49.0,131.93,7685756130.0
801.726,0.0,91304.0,4015.0,49.0,131.935,7685769310.0
801.826,0.0,91304.0,4015.0,49.0,131.95,7685782501.0
801.925,0.0,91304.0,4015.0,49.0,131.955,7685795682.0
802.026,0.0,91304.0,4015.0,49.0,131.947,7685808879.0
802.125,0.0,91304.0,4015.0,49.0,131.956,7685822042.0
802.226,0.0,91304.0,4015.0,49.0,131.931,7685835244.0
802.326,0.0,91304.0,4015.0,49.0,131.94,7685835244.0
802.425,0.0,91304.0,4015.0,49.0,131.926,7685848433.0
802.526,0.0,91304.0,4015.0,49.0,131.941,7685861623.0
802.626,0.0,91304.0,4015.0,49.0,131.926,7685874800.0
802.726,0.0,91304.0,4015.0,49.0,131.933,7685887992.0
802.826,0.0,91304.0,4015.0,49.0,131.907,7685901168.0
802.926,0.0,91304.0,4015.0,49.0,131.913,7685914356.0
803.025,0.0,91304.0,4015.0,49.0,131.919,7685927515.0
803.126,0.0,91304.0,4015.0,49.0,131.919,7685940722.0
803.225,0.0,91304.0,4015.0,49.0,131.93,7685953908.0
803.326,0.0,91304.0,4015.0,49.0,131.953,7685967105.0
803.426,0.0,91304.0,4015.0,49.0,131.95,7685993509.0
803.526,0.0,91304.0,4015.0,49.0,131.955,7686006669.0
803.626,0.0,91304.0,4015.0,49.0,131.961,7686019875.0
803.726,0.0,91304.0,4015.0,49.0,131.955,7686033058.0
803.825,0.0,91304.0,4015.0,49.0,131.989,7686046242.0
803.926,0.0,91304.0,4015.0,49.0,131.986,7686059416.0
804.026,0.0,91304.0,4015.0,49.0,131.957,7686072600.0
804.126,0.0,91304.0,4015.0,49.0,131.949,7686085786.0
804.226,0.0,91304.0,4015.0,49.0,131.958,7686098986.0
804.326,0.0,91304.0,4015.0,49.0,131.937,7686112142.0
804.426,0.0,91304.0,4015.0,49.0,131.917,7686125337.0
804.526,0.0,91304.0,4015.0,49.0,131.894,7686138522.0
804.625,0.0,91304.0,4015.0,49.0,131.926,7686151694.0
804.726,0.0,91304.0,4015.0,49.0,131.902,7686164908.0
804.826,0.0,91304.0,4015.0,49.0,131.902,7686178083.0
804.925,0.0,91304.0,4015.0,49.0,131.91,7686191237.0
805.026,0.0,91304.0,4015.0,49.0,131.897,7686204412.0
805.126,0.0,91304.0,4015.0,49.0,131.881,7686217575.0
805.226,0.0,91304.0,4015.0,49.0,131.893,7686230785.0
805.326,0.0,91304.0,4015.0,49.0,131.858,7686243949.0
805.426,0.0,91304.0,4015.0,49.0,131.887,7686257132.0
805.526,0.0,91304.0,4015.0,49.0,131.864,7686257132.0
805.626,0.0,91304.0,4015.0,49.0,131.846,7686270298.0
805.726,0.0,91304.0,4015.0,49.0,131.861,7686283487.0
805.826,0.0,91304.0,4015.0,49.0,131.861,7686296673.0
805.926,0.0,91304.0,4015.0,49.0,131.846,7686309878.0
806.026,0.0,91304.0,4015.0,49.0,131.89,7686323039.0
806.126,0.0,91304.0,4015.0,49.0,131.88,7686336235.0
806.226,0.0,91304.0,4015.0,49.0,131.868,7686349387.0
806.326,0.0,91304.0,4015.0,49.0,131.883,7686362583.0
806.426,0.0,91304.0,4015.0,49.0,131.865,7686375754.0
806.526,0.0,91304.0,4015.0,49.0,131.86,7686388924.0
806.626,0.0,91304.0,4015.0,49.0,131.86,7686415282.0
806.726,0.0,91304.0,4015.0,49.0,131.838,7686428449.0
806.826,0.0,91304.0,4015.0,49.0,131.81,7686441633.0
806.926,0.0,91304.0,4015.0,49.0,131.817,7686454785.0
807.026,0.0,91304.0,4015.0,49.0,131.806,7686467967.0
807.126,0.0,91304.0,4015.0,49.0,131.8,7686481132.0
807.226,0.0,91304.0,4015.0,49.0,131.785,7686494308.0
807.326,0.0,91304.0,4015.0,49.0,131.788,7686507469.0
807.426,0.0,91304.0,4015.0,49.0,131.789,7686520649.0
807.526,0.0,91304.0,4015.0,49.0,131.823,7686533826.0
807.626,0.0,91304.0,4015.0,49.0,131.811,7686547012.0
807.726,0.0,91304.0,4015.0,49.0,131.804,7686560166.0
807.826,0.0,91304.0,4015.0,49.0,131.814,7686573342.0
807.926,0.0,91304.0,4015.0,49.0,131.813,7686586510.0
808.026,0.0,91304.0,4015.0,49.0,131.806,7686599699.0
808.126,0.0,91304.0,4015.0,49.0,131.816,7686612861.0
808.225,0.0,91304.0,4015.0,49.0,131.816,7686633154.0
808.327,35.0,91304.0,4015.0,49.0,150.371,7686697361.0
808.426,35.0,91304.0,4015.0,57.0,199.83,7686697361.0
808.526,90.0,91304.0,4015.0,60.0,250.454,7686757864.0
808.626,90.0,91304.0,4015.0,62.0,303.637,7686891579.0
808.727,100.0,91304.0,4015.0,64.0,362.571,7686958488.0
808.826,100.0,91304.0,4015.0,64.0,412.482,7687026930.0
808.926,100.0,91304.0,4015.0,65.0,471.95,7687094091.0
809.025,100.0,91304.0,4015.0,66.0,522.248,7687162070.0
809.126,100.0,91304.0,4015.0,66.0,577.029,7687230240.0
809.226,100.0,91304.0,4015.0,67.0,622.765,7687298664.0
809.326,100.0,91304.0,4015.0,67.0,668.823,7687367532.0
809.426,100.0,91304.0,4015.0,68.0,670.602,7687435944.0
809.526,100.0,91304.0,4015.0,68.0,678.07,7687435944.0
809.626,100.0,91304.0,4015.0,69.0,681.045,7687504908.0
809.726,100.0,91304.0,4015.0,69.0,681.02,7687573634.0
809.826,91.0,91304.0,4015.0,69.0,678.047,7687643019.0
809.925,91.0,91304.0,4015.0,68.0,679.75,7687710218.0
810.026,91.0,91304.0,4015.0,69.0,680.819,7687775119.0
810.126,100.0,91304.0,4015.0,69.0,680.819,7687843823.0
810.226,100.0,91304.0,4015.0,69.0,681.131,7687912099.0
810.326,100.0,91304.0,4015.0,69.0,681.609,7687980810.0
810.426,100.0,91304.0,4015.0,69.0,682.284,7688115600.0
810.526,100.0,91304.0,4015.0,69.0,682.148,7688183817.0
810.626,100.0,91304.0,4015.0,70.0,682.069,7688251784.0
810.726,100.0,91304.0,4015.0,70.0,682.432,7688319988.0
810.825,100.0,91304.0,4015.0,70.0,683.299,7688386963.0
810.926,100.0,91304.0,4015.0,70.0,685.475,7688455388.0
811.026,100.0,91304.0,4015.0,70.0,686.864,7688523558.0
811.126,100.0,91304.0,4015.0,70.0,685.845,7688591128.0
811.226,100.0,91304.0,4015.0,70.0,684.226,7688658745.0
811.326,100.0,91304.0,4015.0,70.0,684.284,7688721576.0
811.426,100.0,91304.0,4015.0,70.0,678.443,7688790053.0
811.527,100.0,91304.0,4015.0,71.0,679.119,7688858961.0
811.626,100.0,91304.0,4015.0,71.0,678.16,7688927557.0
811.726,100.0,91304.0,4015.0,72.0,678.858,7688927557.0
811.826,100.0,91304.0,4015.0,72.0,679.424,7688996665.0
811.926,100.0,91304.0,4015.0,72.0,679.569,7689064659.0
812.026,100.0,91304.0,4015.0,72.0,679.198,7689131486.0
812.126,100.0,91304.0,4015.0,72.0,679.9,7689199654.0
812.226,100.0,91304.0,4015.0,72.0,680.755,7689268289.0
812.326,100.0,91304.0,4015.0,72.0,685.601,7689337400.0
812.426,100.0,91304.0,4015.0,72.0,684.299,7689473923.0
812.526,100.0,91304.0,4015.0,73.0,684.621,7689541817.0
812.627,100.0,91304.0,4015.0,73.0,683.68,7689610224.0
812.726,100.0,91304.0,4015.0,72.0,682.302,7689677490.0
812.826,100.0,91304.0,4015.0,72.0,682.302,7689740869.0
812.926,94.0,91304.0,4015.0,72.0,676.536,7689808365.0
813.026,94.0,91304.0,4015.0,71.0,676.188,7689876122.0
813.127,100.0,91304.0,4015.0,71.0,675.304,7689942485.0
813.226,100.0,91304.0,4015.0,72.0,673.881,7689998861.0
813.326,92.0,91304.0,4015.0,67.0,651.008,7690043138.0
813.426,92.0,91304.0,4015.0,67.0,628.422,7690088371.0
813.526,93.0,91304.0,4015.0,66.0,605.479,7690132150.0
813.627,93.0,91304.0,4015.0,66.0,583.567,7690177441.0
813.726,93.0,91304.0,4015.0,65.0,560.687,7690222122.0
813.826,93.0,91304.0,4015.0,65.0,536.293,7690222122.0
813.926,93.0,91304.0,4015.0,64.0,518.546,7690268712.0
814.026,93.0,91304.0,4015.0,64.0,495.665,7690313426.0
814.126,93.0,91304.0,4015.0,64.0,471.852,7690358652.0
814.227,93.0,91304.0,4015.0,64.0,452.478,7690401519.0
814.326,94.0,91304.0,4015.0,63.0,443.775,7690445113.0
814.426,93.0,91304.0,4015.0,63.0,437.332,7690485782.0
814.526,93.0,91304.0,4015.0,62.0,432.547,7690528541.0
814.626,94.0,91304.0,4015.0,62.0,428.426,7690610323.0
814.726,94.0,91304.0,4015.0,62.0,423.505,7690650210.0
814.826,95.0,91304.0,4015.0,62.0,420.345,7690692585.0
814.926,95.0,91304.0,4015.0,62.0,414.954,7690731778.0
815.027,95.0,91304.0,4015.0,61.0,408.386,7690770392.0
815.126,95.0,91304.0,4015.0,61.0,404.794,7690808719.0
815.226,95.0,91304.0,4015.0,61.0,404.794,7690847061.0
815.326,98.0,91304.0,4015.0,61.0,399.229,7690884692.0
815.427,98.0,91304.0,4015.0,60.0,395.751,7690922898.0
815.536,95.0,91304.0,4015.0,60.0,391.288,7690960523.0
815.627,95.0,91304.0,4015.0,59.0,388.267,7690996731.0
815.726,95.0,91304.0,4015.0,59.0,383.793,7691032099.0
815.826,95.0,91304.0,4015.0,59.0,377.807,7691067621.0
815.926,97.0,91304.0,4015.0,59.0,371.848,7691102952.0
816.026,97.0,91304.0,4015.0,58.0,366.922,7691135937.0
816.126,95.0,91304.0,4015.0,58.0,362.186,7691135937.0
816.226,95.0,91304.0,4015.0,58.0,357.624,7691169718.0
816.327,96.0,91304.0,4015.0,58.0,353.958,7691203266.0
816.426,96.0,91304.0,4015.0,58.0,350.105,7691236613.0
816.526,97.0,91304.0,4015.0,58.0,345.965,7691270166.0
816.626,97.0,91304.0,4015.0,57.0,341.67,7691303621.0
816.727,95.0,91304.0,4015.0,57.0,339.256,7691337222.0
816.826,95.0,91304.0,4015.0,57.0,337.43,7691370588.0
816.926,98.0,91304.0,4015.0,57.0,335.552,7691403372.0
817.026,96.0,91304.0,4015.0,57.0,333.586,7691470095.0
817.126,96.0,91304.0,4015.0,57.0,332.134,7691502368.0
817.226,96.0,91304.0,4015.0,57.0,331.852,7691535068.0
817.325,96.0,91304.0,4015.0,57.0,330.979,7691568134.0
817.426,98.0,91304.0,4015.0,57.0,330.5,7691600616.0
817.526,98.0,91304.0,4015.0,57.0,330.415,7691633691.0
817.626,98.0,91304.0,4015.0,57.0,330.415,7691666921.0
817.726,96.0,91304.0,4015.0,57.0,329.571,7691700248.0
817.826,96.0,91304.0,4015.0,57.0,329.734,7691733331.0
817.926,96.0,91304.0,4015.0,56.0,329.787,7691766208.0
818.026,96.0,91304.0,4015.0,56.0,328.86,7691798886.0
818.126,98.0,91304.0,4015.0,56.0,328.868,7691831082.0
818.226,98.0,91304.0,4015.0,56.0,329.164,7691863474.0
818.326,95.0,91304.0,4015.0,56.0,328.835,7691896029.0
818.426,95.0,91304.0,4015.0,56.0,328.002,7691928191.0
818.526,98.0,91304.0,4015.0,56.0,327.195,7691960394.0
818.626,98.0,91304.0,4015.0,56.0,326.168,7691960394.0
818.726,35.0,91304.0,4015.0,54.0,310.965,7691986002.0
818.826,35.0,91304.0,4015.0,53.0,291.263,7692000237.0
818.926,0.0,91304.0,4015.0,52.0,272.884,7692013528.0
819.026,0.0,91304.0,4015.0,52.0,253.497,7692026959.0
819.126,0.0,91304.0,4015.0,52.0,232.922,7692040347.0
819.226,0.0,91304.0,4015.0,51.0,215.861,7692053705.0
819.326,0.0,91304.0,4015.0,51.0,194.51,7692067021.0
819.426,0.0,91304.0,4015.0,51.0,175.971,7692080327.0
819.526,0.0,91304.0,4015.0,51.0,157.027,7692093622.0
819.626,0.0,91304.0,4015.0,51.0,141.574,7692120139.0
819.726,13.0,91304.0,4015.0,58.0,150.796,7692179078.0
819.826,13.0,91304.0,4015.0,60.0,204.736,7692238997.0
819.926,89.0,91304.0,4015.0,63.0,253.096,7692305780.0
820.025,100.0,91304.0,4015.0,65.0,356.297,7692371969.0
820.126,100.0,91304.0,4015.0,66.0,410.397,7692442023.0
820.226,100.0,91304.0,4015.0,66.0,464.022,7692507380.0
820.326,100.0,91304.0,4015.0,67.0,516.357,7692575536.0
820.426,100.0,91304.0,4015.0,67.0,579.822,7692642359.0
820.526,100.0,91304.0,4015.0,67.0,579.822,7692710267.0
820.626,100.0,91304.0,4015.0,68.0,634.736,7692777996.0
820.726,100.0,91304.0,4015.0,68.0,671.847,7692845735.0
820.827,100.0,91304.0,4015.0,69.0,673.815,7692915061.0
820.926,100.0,91304.0,4015.0,69.0,680.044,7692983700.0
821.026,100.0,91304.0,4015.0,69.0,682.282,7692983700.0
821.126,100.0,91304.0,4015.0,70.0,682.188,7693051801.0
821.227,100.0,91304.0,4015.0,70.0,683.922,7693119966.0
821.326,100.0,91304.0,4015.0,70.0,681.11,7693188584.0
821.425,100.0,91304.0,4015.0,71.0,681.913,7693253359.0
821.525,100.0,91304.0,4015.0,72.0,679.769,7693389811.0
821.626,100.0,91304.0,4015.0,72.0,680.098,7693459276.0
821.726,100.0,91304.0,4015.0,72.0,681.071,7693529199.0
821.826,100.0,91304.0,4015.0,72.0,681.031,7693599069.0
821.926,100.0,91304.0,4015.0,72.0,681.022,7693669176.0
822.026,100.0,91304.0,4015.0,72.0,682.818,7693739831.0
822.126,100.0,91304.0,4015.0,72.0,683.323,7693809449.0
822.226,100.0,91304.0,4015.0,73.0,682.068,7693879346.0
822.326,100.0,91304.0,4015.0,73.0,686.053,7693948697.0
822.426,100.0,91304.0,4015.0,73.0,686.969,7694017558.0
822.526,100.0,91304.0,4015.0,73.0,688.593,7694086793.0
822.626,100.0,91304.0,4015.0,73.0,688.593,7694155298.0
822.726,100.0,91304.0,4015.0,73.0,687.545,7694224368.0
822.831,100.0,91304.0,4015.0,71.0,679.853,7694224368.0
822.926,100.0,91304.0,4015.0,71.0,667.318,7694283923.0
823.026,100.0,91304.0,4015.0,66.0,640.023,7694332779.0
823.126,96.0,91304.0,4015.0,65.0,611.835,7694373441.0
823.226,96.0,91304.0,4015.0,65.0,586.431,7694415318.0
823.325,97.0,91304.0,4015.0,64.0,557.25,7694455959.0
823.424,97.0,91304.0,4015.0,64.0,530.246,7694497632.0
823.526,95.0,91304.0,4015.0,63.0,503.484,7694538351.0
823.626,95.0,91304.0,4015.0,63.0,480.385,7694621347.0
823.726,97.0,91304.0,4015.0,62.0,454.44,7694663177.0
823.826,97.0,91304.0,4015.0,63.0,429.576,7694704031.0
823.926,97.0,91304.0,4015.0,62.0,414.32,7694745911.0
824.026,97.0,91304.0,4015.0,62.0,413.295,7694786753.0
824.126,97.0,91304.0,4015.0,62.0,411.761,7694827683.0
824.226,97.0,91304.0,4015.0,62.0,411.804,7694868125.0
824.326,97.0,91304.0,4015.0,61.0,409.533,7694908613.0
824.426,97.0,91304.0,4015.0,62.0,411.003,7694950606.0
824.527,97.0,91304.0,4015.0,61.0,409.089,7694990224.0
824.626,95.0,91304.0,4015.0,61.0,407.187,7695029562.0
824.726,95.0,91304.0,4015.0,61.0,404.481,7695069737.0
824.825,95.0,91304.0,4015.0,60.0,402.751,7695108793.0
824.926,95.0,91304.0,4015.0,60.0,402.751,7695147540.0
825.026,95.0,91304.0,4015.0,60.0,398.415,7695147540.0
825.126,98.0,91304.0,4015.0,59.0,394.747,7695184207.0
825.226,98.0,91304.0,4015.0,59.0,389.717,7695220558.0
825.327,95.0,91304.0,4015.0,59.0,384.778,7695256804.0
825.425,95.0,91304.0,4015.0,58.0,376.082,7695290188.0
825.525,95.0,91304.0,4015.0,58.0,369.849,7695323557.0
825.626,95.0,91304.0,4015.0,58.0,364.228,7695357370.0
825.726,98.0,91304.0,4015.0,58.0,357.344,7695391338.0
825.827,98.0,91304.0,4015.0,58.0,351.107,7695424396.0
825.926,96.0,91304.0,4015.0,58.0,345.846,7695491811.0
826.026,96.0,91304.0,4015.0,58.0,341.639,7695524030.0
826.126,95.0,91304.0,4015.0,57.0,337.168,7695556741.0
826.226,95.0,91304.0,4015.0,57.0,333.494,7695589855.0
826.326,97.0,91304.0,4015.0,57.0,332.014,7695622164.0
826.426,97.0,91304.0,4015.0,57.0,330.511,7695654587.0
826.526,96.0,91304.0,4015.0,57.0,330.387,7695687469.0
826.626,96.0,91304.0,4015.0,57.0,329.141,7695720602.0
826.726,98.0,91304.0,4015.0,57.0,328.872,7695752891.0
826.826,98.0,91304.0,4015.0,57.0,327.711,7695784927.0
826.926,96.0,91304.0,4015.0,57.0,326.862,7695817208.0
827.026,96.0,91304.0,4015.0,57.0,325.776,7695817208.0
827.126,96.0,91304.0,4015.0,56.0,325.823,7695849662.0
827.226,96.0,91304.0,4015.0,56.0,325.523,7695881873.0
827.326,98.0,91304.0,4015.0,56.0,325.016,7695914442.0
827.426,98.0,91304.0,4015.0,56.0,325.845,7695946125.0
827.526,96.0,91304.0,4015.0,56.0,325.245,7695979170.0
827.626,96.0,91304.0,4015.0,56.0,325.021,7696011457.0
827.726,96.0,91304.0,4015.0,56.0,324.248,7696044057.0
827.826,96.0,91304.0,4015.0,56.0,324.606,7696076846.0
827.926,98.0,91304.0,4015.0,56.0,324.87,7696141159.0
828.026,98.0,91304.0,4015.0,56.0,324.312,7696173322.0
828.126,98.0,91304.0,4015.0,56.0,324.312,7696204897.0
828.226,96.0,91304.0,4015.0,56.0,323.736,7696236705.0
828.326,96.0,91304.0,4015.0,56.0,323.302,7696268756.0
828.426,96.0,91304.0,4015.0,56.0,322.708,7696300254.0
828.526,98.0,91304.0,4015.0,56.0,321.601,7696332016.0
828.626,98.0,91304.0,4015.0,56.0,320.898,7696364517.0
828.726,96.0,91304.0,4015.0,56.0,320.612,7696396451.0
828.826,96.0,91304.0,4015.0,56.0,320.439,7696428733.0
828.926,96.0,91304.0,4015.0,56.0,319.635,7696460006.0
829.026,96.0,91304.0,4015.0,56.0,319.218,7696492173.0
829.126,96.0,91304.0,4015.0,56.0,319.43,7696524219.0
829.226,96.0,91304.0,4015.0,56.0,319.503,7696556168.0
829.326,96.0,91304.0,4015.0,56.0,317.604,7696581292.0
829.426,96.0,91304.0,4015.0,54.0,301.337,7696595044.0
829.526,0.0,91304.0,4015.0,55.0,290.989,7696595044.0
829.626,0.0,91304.0,4015.0,63.0,325.128,7696634306.0
829.726,100.0,91304.0,4015.0,62.0,351.365,7696700837.0
829.826,100.0,91304.0,4015.0,65.0,386.292,7696759327.0
829.926,100.0,91304.0,4015.0,66.0,422.225,7696826673.0
830.026,100.0,91304.0,4015.0,67.0,457.483,7696894458.0
830.125,100.0,91304.0,4015.0,67.0,496.061,7696962309.0
830.226,100.0,91304.0,4015.0,68.0,532.667,7697097213.0
830.326,100.0,91304.0,4015.0,69.0,563.425,7697164447.0
830.426,100.0,91304.0,4015.0,69.0,563.425,7697232673.0
830.526,100.0,91304.0,4015.0,70.0,623.077,7697301831.0
830.626,100.0,91304.0,4015.0,70.0,674.17,7697370295.0
830.726,100.0,91304.0,4015.0,70.0,683.907,7697438166.0
830.826,100.0,91304.0,4015.0,71.0,684.414,7697506256.0
830.925,100.0,91304.0,4015.0,71.0,684.384,7697574574.0
831.025,100.0,91304.0,4015.0,71.0,684.953,7697642884.0
831.125,100.0,91304.0,4015.0,71.0,686.195,7697711193.0
831.224,100.0,91304.0,4015.0,71.0,681.172,7697775552.0
831.325,100.0,91304.0,4015.0,72.0,681.82,7697845389.0
831.426,100.0,91304.0,4015.0,72.0,684.615,7697915465.0
831.526,100.0,91304.0,4015.0,72.0,684.092,7697915465.0
831.626,100.0,91304.0,4015.0,72.0,684.272,7697985474.0
831.726,100.0,91304.0,4015.0,72.0,684.833,7698055045.0
831.826,100.0,91304.0,4015.0,72.0,687.318,7698123676.0
831.926,100.0,91304.0,4015.0,73.0,686.067,7698193523.0
832.026,100.0,91304.0,4015.0,72.0,686.965,7698262545.0
832.126,100.0,91304.0,4015.0,72.0,685.389,7698331552.0
832.226,100.0,91304.0,4015.0,73.0,691.033,7698469047.0
832.326,100.0,91304.0,4015.0,72.0,690.219,7698537457.0
832.426,100.0,91304.0,4015.0,73.0,688.798,7698607034.0
832.526,100.0,91304.0,4015.0,73.0,686.417,7698676554.0
832.626,100.0,91304.0,4015.0,73.0,685.783,7698742069.0
832.726,91.0,91304.0,4015.0,72.0,683.025,7698810283.0
832.826,91.0,91304.0,4015.0,72.0,683.172,7698879407.0
832.926,91.0,91304.0,4015.0,71.0,681.498,7698946734.0
833.026,100.0,91304.0,4015.0,71.0,681.498,7699015684.0
833.126,100.0,91304.0,4015.0,73.0,680.581,7699085448.0
833.226,100.0,91304.0,4015.0,72.0,683.367,7699152783.0
833.326,100.0,91304.0,4015.0,72.0,682.376,7699220524.0
833.426,100.0,91304.0,4015.0,72.0,681.401,7699290736.0
833.525,100.0,91304.0,4015.0,73.0,685.279,7699290736.0
833.626,100.0,91304.0,4015.0,72.0,684.233,7699359998.0
833.727,100.0,91304.0,4015.0,71.0,683.605,7699429412.0
833.825,100.0,91304.0,4015.0,73.0,687.154,7699496659.0
833.925,96.0,91304.0,4015.0,69.0,666.541,7699565189.0
834.026,96.0,91304.0,4015.0,67.0,643.774,7699610566.0
834.125,94.0,91304.0,4015.0,66.0,616.566,7699698372.0
834.226,94.0,91304.0,4015.0,65.0,594.46,7699741730.0
834.327,93.0,91304.0,4015.0,65.0,571.531,7699785609.0
834.426,93.0,91304.0,4015.0,65.0,548.582,7699829913.0
834.526,93.0,91304.0,4015.0,64.0,520.77,7699873320.0
834.626,93.0,91304.0,4015.0,64.0,494.359,7699916988.0
834.726,93.0,91304.0,4015.0,64.0,468.991,7699959854.0
834.826,93.0,91304.0,4015.0,63.0,445.652,7700002461.0
834.926,93.0,91304.0,4015.0,63.0,436.327,7700045115.0
835.026,93.0,91304.0,4015.0,63.0,434.135,7700087141.0
835.126,94.0,91304.0,4015.0,63.0,431.025,7700128722.0
835.226,94.0,91304.0,4015.0,63.0,430.506,7700170341.0
835.326,94.0,91304.0,4015.0,62.0,426.368,7700211650.0
835.426,94.0,91304.0,4015.0,62.0,423.601,7700252246.0
835.526,94.0,91304.0,4015.0,62.0,423.601,7700291790.0
835.626,93.0,91304.0,4015.0,62.0,418.803,7700332222.0
835.727,93.0,91304.0,4015.0,62.0,416.118,7700332222.0
835.826,94.0,91304.0,4015.0,61.0,413.489,7700372709.0
835.926,98.0,91304.0,4015.0,61.0,408.206,7700412604.0
836.027,98.0,91304.0,4015.0,60.0,404.393,7700452165.0
836.126,95.0,91304.0,4015.0,60.0,402.667,7700491638.0
836.226,95.0,91304.0,4015.0,60.0,397.766,7700530491.0
836.326,95.0,91304.0,4015.0,60.0,394.791,7700568512.0
836.427,95.0,91304.0,4015.0,59.0,389.845,7700605370.0
836.526,97.0,91304.0,4015.0,59.0,387.221,7700677471.0
836.626,97.0,91304.0,4015.0,59.0,380.977,7700712248.0
836.726,96.0,91304.0,4015.0,58.0,374.51,7700745881.0
836.826,96.0,91304.0,4015.0,58.0,369.118,7700780334.0
836.926,96.0,91304.0,4015.0,58.0,362.998,7700813951.0
837.026,96.0,91304.0,4015.0,58.0,358.376,7700847547.0
837.126,98.0,91304.0,4015.0,58.0,352.403,7700881420.0
837.226,98.0,91304.0,4015.0,57.0,348.177,7700915977.0
837.325,96.0,91304.0,4015.0,58.0,345.805,7700949923.0
837.426,96.0,91304.0,4015.0,57.0,342.616,7700982821.0
837.526,95.0,91304.0,4015.0,57.0,339.621,7701015893.0
837.626,95.0,91304.0,4015.0,57.0,336.591,7701047925.0
837.725,97.0,91304.0,4015.0,57.0,335.653,7701080454.0
837.826,97.0,91304.0,4015.0,57.0,333.649,7701113245.0
837.926,97.0,91304.0,4015.0,57.0,333.649,7701144963.0
838.026,96.0,91304.0,4015.0,57.0,331.775,7701176419.0
838.127,96.0,91304.0,4015.0,57.0,329.631,7701176419.0
838.226,96.0,91304.0,4015.0,56.0,327.67,7701208338.0
838.326,96.0,91304.0,4015.0,56.0,325.256,7701239694.0
838.426,97.0,91304.0,4015.0,56.0,320.916,7701271296.0
838.526,95.0,91304.0,4015.0,56.0,319.906,7701303173.0
838.626,95.0,91304.0,4015.0,56.0,319.976,7701335090.0
838.725,98.0,91304.0,4015.0,56.0,319.587,7701367609.0
838.826,98.0,91304.0,4015.0,56.0,318.928,7701399548.0
838.926,96.0,91304.0,4015.0,56.0,318.751,7701463825.0
839.026,96.0,91304.0,4015.0,56.0,319.915,7701496081.0
839.126,95.0,91304.0,4015.0,56.0,320.197,7701528139.0
839.226,95.0,91304.0,4015.0,56.0,320.311,7701560093.0
839.326,97.0,91304.0,4015.0,56.0,320.891,7701592573.0
839.426,97.0,91304.0,4015.0,56.0,321.403,7701624957.0
839.526,95.0,91304.0,4015.0,56.0,321.473,7701656952.0
839.626,95.0,91304.0,4015.0,56.0,320.808,7701689041.0
839.726,98.0,91304.0,4015.0,56.0,321.085,7701721310.0
839.826,98.0,91304.0,4015.0,56.0,321.395,7701753734.0
839.926,96.0,91304.0,4015.0,56.0,321.154,7701785470.0
840.026,96.0,91304.0,4015.0,56.0,320.453,7701817233.0
840.126,96.0,91304.0,4015.0,55.0,313.858,7701839846.0
840.226,96.0,91304.0,4015.0,53.0,295.588,7701853433.0
840.325,96.0,91304.0,4015.0,53.0,295.588,7701882077.0
840.426,0.0,91304.0,4015.0,53.0,283.869,7701949113.0
840.526,0.0,91304.0,4015.0,62.0,317.517,7701949113.0
840.626,99.0,91304.0,4015.0,62.0,348.019,7702011766.0
840.726,99.0,91304.0,4015.0,65.0,383.639,7702079833.0
840.826,100.0,91304.0,4015.0,66.0,420.704,7702148150.0
840.926,100.0,91304.0,4015.0,67.0,456.953,7702217347.0
841.026,100.0,91304.0,4015.0,68.0,493.485,7702287244.0
841.126,100.0,91304.0,4015.0,68.0,531.017,7702356874.0
841.226,100.0,91304.0,4015.0,69.0,619.776,7702494491.0
841.326,100.0,91304.0,4015.0,69.0,676.673,7702562472.0
841.427,100.0,91304.0,4015.0,69.0,678.832,7702630379.0
841.526,100.0,91304.0,4015.0,69.0,684.042,7702698540.0
841.626,100.0,91304.0,4015.0,69.0,683.612,7702767186.0
841.726,100.0,91304.0,4015.0,70.0,683.413,7702834693.0
841.826,100.0,91304.0,4015.0,70.0,683.687,7702902076.0
841.926,100.0,91304.0,4015.0,70.0,682.601,7702968586.0
842.026,100.0,91304.0,4015.0,69.0,676.4,7703034016.0
842.126,100.0,91304.0,4015.0,70.0,676.95,7703102491.0
842.226,100.0,91304.0,4015.0,70.0,678.427,7703171484.0
842.326,100.0,91304.0,4015.0,70.0,679.714,7703240184.0
842.426,100.0,91304.0,4015.0,70.0,680.146,7703309165.0
842.526,100.0,91304.0,4015.0,70.0,680.146,7703309165.0
842.626,100.0,91304.0,4015.0,71.0,680.563,7703377535.0
842.726,100.0,91304.0,4015.0,71.0,680.271,7703445469.0
842.826,100.0,91304.0,4015.0,71.0,680.374,7703513967.0
842.926,100.0,91304.0,4015.0,71.0,681.53,7703581807.0
843.026,100.0,91304.0,4015.0,71.0,682.073,7703649806.0
843.126,100.0,91304.0,4015.0,71.0,685.839,7703716248.0
843.226,100.0,91304.0,4015.0,71.0,683.984,7703783184.0
843.326,100.0,91304.0,4015.0,71.0,682.179,7703850612.0
843.426,100.0,91304.0,4015.0,71.0,680.57,7703980397.0
843.526,90.0,91304.0,4015.0,71.0,673.531,7704047589.0
843.626,90.0,91304.0,4015.0,71.0,676.061,7704117004.0
843.726,100.0,91304.0,4015.0,72.0,676.063,7704186256.0
843.826,100.0,91304.0,4015.0,72.0,675.905,7704256696.0
843.926,100.0,91304.0,4015.0,72.0,675.046,7704324894.0
844.026,100.0,91304.0,4015.0,72.0,678.42,7704395762.0
844.126,100.0,91304.0,4015.0,72.0,679.457,7704463946.0
844.226,100.0,91304.0,4015.0,72.0,681.955,7704535090.0
844.326,100.0,91304.0,4015.0,72.0,681.136,7704602400.0
844.426,100.0,91304.0,4015.0,72.0,686.127,7704672612.0
844.526,100.0,91304.0,4015.0,72.0,688.818,7704672612.0
844.626,100.0,91304.0,4015.0,72.0,688.532,7704740405.0
844.726,100.0,91304.0,4015.0,72.0,688.106,7704810304.0
844.826,100.0,91304.0,4015.0,70.0,680.54,7704879601.0
844.925,92.0,91304.0,4015.0,68.0,652.581,7704937999.0
845.026,92.0,91304.0,4015.0,66.0,629.218,7704982405.0
845.126,92.0,91304.0,4015.0,66.0,604.314,7705027533.0
845.226,93.0,91304.0,4015.0,66.0,604.314,7705116216.0
845.326,93.0,91304.0,4015.0,65.0,578.187,7705160393.0
845.426,97.0,91304.0,4015.0,65.0,554.957,7705205266.0
845.526,97.0,91304.0,4015.0,64.0,532.8,7705248651.0
845.626,93.0,91304.0,4015.0,65.0,508.255,7705293155.0
845.731,93.0,91304.0,4015.0,64.0,484.333,7705335115.0
845.826,93.0,91304.0,4015.0,64.0,453.667,7705378313.0
845.926,93.0,91304.0,4015.0,63.0,440.61,7705419533.0
846.026,93.0,91304.0,4015.0,63.0,437.823,7705462120.0
846.126,94.0,91304.0,4015.0,62.0,434.832,7705503154.0
846.226,94.0,91304.0,4015.0,62.0,430.097,7705544761.0
846.326,93.0,91304.0,4015.0,62.0,424.73,7705584574.0
846.426,93.0,91304.0,4015.0,62.0,422.05,7705625949.0
846.526,94.0,91304.0,4015.0,62.0,418.954,7705666584.0
846.626,94.0,91304.0,4015.0,61.0,414.217,7705706525.0
846.725,95.0,91304.0,4015.0,61.0,411.9,7705706525.0
846.826,95.0,91304.0,4015.0,61.0,407.539,7705745802.0
846.926,98.0,91304.0,4015.0,60.0,404.474,7705784902.0
847.026,98.0,91304.0,4015.0,60.0,400.43,7705823455.0
847.126,95.0,91304.0,4015.0,60.0,395.444,7705861970.0
847.226,95.0,91304.0,4015.0,59.0,390.988,7705898710.0
847.326,95.0,91304.0,4015.0,59.0,390.988,7705935550.0
847.427,95.0,91304.0,4015.0,59.0,387.131,7705971708.0
847.526,95.0,91304.0,4015.0,59.0,380.669,7706007036.0
847.625,98.0,91304.0,4015.0,58.0,375.852,7706076364.0
847.726,98.0,91304.0,4015.0,58.0,369.968,7706111303.0
847.825,98.0,91304.0,4015.0,58.0,365.694,7706144913.0
847.926,98.0,91304.0,4015.0,58.0,358.375,7706178676.0
848.026,96.0,91304.0,4015.0,58.0,355.507,7706212747.0
848.126,96.0,91304.0,4015.0,58.0,351.589,7706245937.0
848.226,97.0,91304.0,4015.0,58.0,346.546,7706277942.0
848.326,97.0,91304.0,4015.0,57.0,342.533,7706309822.0
848.426,98.0,91304.0,4015.0,57.0,338.222,7706342533.0
848.526,96.0,91304.0,4015.0,57.0,335.197,7706375995.0
848.626,96.0,91304.0,4015.0,57.0,333.141,7706409657.0
848.726,97.0,91304.0,4015.0,57.0,332.93,7706441920.0
848.825,97.0,91304.0,4015.0,57.0,330.653,7706474663.0
848.926,96.0,91304.0,4015.0,57.0,329.564,7706508726.0
849.026,96.0,91304.0,4015.0,57.0,329.952,7706541140.0
849.126,96.0,91304.0,4015.0,57.0,327.983,7706541140.0
849.225,96.0,91304.0,4015.0,57.0,330.022,7706574268.0
849.327,98.0,91304.0,4015.0,57.0,331.122,7706607451.0
849.426,98.0,91304.0,4015.0,56.0,331.823,7706640498.0
849.526,96.0,91304.0,4015.0,56.0,330.966,7706673708.0
849.626,96.0,91304.0,4015.0,56.0,330.206,7706706317.0
849.726,96.0,91304.0,4015.0,56.0,330.427,7706739119.0
849.826,96.0,91304.0,4015.0,56.0,330.142,7706771543.0
849.926,98.0,91304.0,4015.0,56.0,328.477,7706836796.0
850.026,98.0,91304.0,4015.0,56.0,328.584,7706869226.0
850.126,96.0,91304.0,4015.0,56.0,327.39,7706901421.0
850.226,96.0,91304.0,4015.0,56.0,326.307,7706934077.0
850.326,98.0,91304.0,4015.0,56.0,325.9,7706966489.0
850.426,98.0,91304.0,4015.0,56.0,325.076,7706999008.0
850.526,98.0,91304.0,4015.0,56.0,325.076,7707031647.0
850.626,96.0,91304.0,4015.0,56.0,324.833,7707063989.0
850.726,96.0,91304.0,4015.0,56.0,324.302,7707096546.0
850.827,96.0,91304.0,4015.0,56.0,324.249,7707129564.0
850.926,96.0,91304.0,4015.0,56.0,325.046,7707162526.0
851.026,98.0,91304.0,4015.0,56.0,325.287,7707195380.0
851.126,98.0,91304.0,4015.0,56.0,325.773,7707228216.0
851.226,95.0,91304.0,4015.0,56.0,326.546,7707261082.0
851.326,95.0,91304.0,4015.0,56.0,326.705,7707293363.0
851.426,96.0,91304.0,4015.0,56.0,326.853,7707293363.0
851.526,96.0,91304.0,4015.0,56.0,327.215,7707326294.0
851.626,98.0,91304.0,4015.0,56.0,326.579,7707358484.0
851.726,96.0,91304.0,4015.0,56.0,325.734,7707390912.0
851.826,96.0,91304.0,4015.0,56.0,324.27,7707423059.0
851.926,96.0,91304.0,4015.0,56.0,323.805,7707454401.0
852.026,96.0,91304.0,4015.0,56.0,322.966,7707486569.0
852.126,96.0,91304.0,4015.0,56.0,321.677,7707518835.0
852.226,96.0,91304.0,4015.0,56.0,320.872,7707550551.0
852.326,96.0,91304.0,4015.0,56.0,321.011,7707614696.0
852.426,96.0,91304.0,4015.0,56.0,320.894,7707647673.0
852.525,98.0,91304.0,4015.0,56.0,321.963,7707680420.0
852.626,98.0,91304.0,4015.0,56.0,322.119,7707712716.0
852.726,96.0,91304.0,4015.0,56.0,322.629,7707745341.0
852.826,96.0,91304.0,4015.0,56.0,323.603,7707777653.0
852.926,96.0,91304.0,4015.0,56.0,323.603,7707810278.0
853.026,96.0,91304.0,4015.0,56.0,324.181,7707843323.0
853.126,96.0,91304.0,4015.0,56.0,325.185,7707875505.0
853.227,98.0,91304.0,4015.0,56.0,325.864,7707908180.0
853.326,98.0,91304.0,4015.0,56.0,326.202,7707940899.0
853.426,96.0,91304.0,4015.0,56.0,326.529,7707973549.0
853.527,96.0,91304.0,4015.0,56.0,325.698,7708005227.0
853.626,96.0,91304.0,4015.0,56.0,324.642,7708036954.0
853.726,96.0,91304.0,4015.0,56.0,324.098,7708069271.0
853.825,96.0,91304.0,4015.0,56.0,323.543,7708101649.0
853.925,96.0,91304.0,4015.0,56.0,323.624,7708101649.0
854.026,96.0,91304.0,4015.0,56.0,323.197,7708133923.0
854.126,98.0,91304.0,4015.0,56.0,322.073,7708166292.0
854.226,98.0,91304.0,4015.0,56.0,322.311,7708198551.0
854.327,96.0,91304.0,4015.0,56.0,321.346,7708231231.0
854.426,96.0,91304.0,4015.0,56.0,320.777,7708262999.0
854.526,96.0,91304.0,4015.0,56.0,321.278,7708294848.0
854.626,96.0,91304.0,4015.0,56.0,322.133,7708326949.0
854.726,96.0,91304.0,4015.0,56.0,322.336,7708391955.0
854.826,96.0,91304.0,4015.0,56.0,322.513,7708424486.0
854.926,96.0,91304.0,4015.0,55.0,322.81,7708456991.0
855.026,96.0,91304.0,4015.0,55.0,323.479,7708489758.0
855.126,98.0,91304.0,4015.0,56.0,323.493,7708522336.0
855.226,98.0,91304.0,4015.0,56.0,323.901,7708554915.0
855.327,96.0,91304.0,4015.0,55.0,324.658,7708587599.0
855.426,96.0,91304.0,4015.0,56.0,325.304,7708619741.0
855.526,95.0,91304.0,4015.0,55.0,325.409,7708652028.0
855.626,95.0,91304.0,4015.0,55.0,325.071,7708684167.0
855.726,96.0,91304.0,4015.0,55.0,324.868,7708716617.0
855.826,96.0,91304.0,4015.0,55.0,324.387,7708748711.0
855.926,96.0,91304.0,4015.0,55.0,323.954,7708780723.0
856.026,96.0,91304.0,4015.0,55.0,323.816,7708812856.0
856.125,96.0,91304.0,4015.0,55.0,323.816,7708845358.0
856.226,98.0,91304.0,4015.0,55.0,323.486,7708877588.0
856.325,98.0,91304.0,4015.0,55.0,322.897,7708877588.0
856.426,25.0,91304.0,4015.0,55.0,310.595,7708901718.0
856.526,25.0,91304.0,4015.0,53.0,307.496,7708920452.0
856.626,98.0,91304.0,4015.0,60.0,331.532,7709021208.0
856.727,98.0,91304.0,4015.0,57.0,343.331,7709089809.0
856.826,100.0,91304.0,4015.0,63.0,382.547,7709158501.0
856.926,100.0,91304.0,4015.0,65.0,414.496,7709226455.0
857.026,100.0,91304.0,4015.0,66.0,451.485,7709294485.0
857.126,100.0,91304.0,4015.0,67.0,483.776,7709361809.0
857.226,100.0,91304.0,4015.0,67.0,522.476,7709430859.0
857.326,100.0,91304.0,4015.0,68.0,559.933,7709499621.0
857.426,100.0,91304.0,4015.0,68.0,608.251,7709569067.0
857.526,100.0,91304.0,4015.0,69.0,658.248,7709639248.0
857.626,100.0,91304.0,4015.0,69.0,684.698,7709707855.0
857.726,100.0,91304.0,4015.0,69.0,685.186,7709707855.0
857.826,100.0,91304.0,4015.0,69.0,683.636,7709776396.0
857.925,100.0,91304.0,4015.0,70.0,685.364,7709845060.0
858.025,100.0,91304.0,4015.0,70.0,687.013,7709914670.0
858.126,89.0,91304.0,4015.0,69.0,681.951,7709983478.0
858.226,89.0,91304.0,4015.0,69.0,681.81,7710045887.0
858.326,100.0,91304.0,4015.0,70.0,682.269,7710114513.0
858.427,100.0,91304.0,4015.0,70.0,682.269,7710182603.0
858.526,100.0,91304.0,4015.0,70.0,681.522,7710318886.0
858.626,100.0,91304.0,4015.0,70.0,681.04,7710386497.0
858.726,100.0,91304.0,4015.0,70.0,681.688,7710453550.0
858.826,100.0,91304.0,4015.0,70.0,682.189,7710522567.0
858.926,100.0,91304.0,4015.0,71.0,683.829,7710590473.0
859.026,100.0,91304.0,4015.0,71.0,684.32,7710658897.0
859.125,100.0,91304.0,4015.0,71.0,683.293,7710727285.0
859.226,100.0,91304.0,4015.0,71.0,687.922,7710794044.0
859.327,100.0,91304.0,4015.0,71.0,686.331,7710860998.0
859.426,100.0,91304.0,4015.0,71.0,687.963,7710929130.0
859.526,100.0,91304.0,4015.0,71.0,686.564,7710997462.0
859.626,100.0,91304.0,4015.0,71.0,686.544,7711060002.0
859.726,100.0,91304.0,4015.0,70.0,677.987,7711060002.0
859.825,100.0,91304.0,4015.0,71.0,677.663,7711127878.0
859.926,100.0,91304.0,4015.0,71.0,674.738,7711196185.0
860.026,100.0,91304.0,4015.0,72.0,675.587,7711264449.0
860.126,100.0,91304.0,4015.0,72.0,673.828,7711332467.0
860.225,100.0,91304.0,4015.0,71.0,677.339,7711400466.0
860.326,100.0,91304.0,4015.0,71.0,675.126,7711468411.0
860.426,100.0,91304.0,4015.0,71.0,675.126,7711537363.0
860.526,100.0,91304.0,4015.0,73.0,674.88,7711674977.0
860.626,100.0,91304.0,4015.0,72.0,675.645,7711742943.0
860.726,100.0,91304.0,4015.0,71.0,683.186,7711811453.0
860.826,100.0,91304.0,4015.0,72.0,684.224,7711880623.0
860.926,100.0,91304.0,4015.0,73.0,683.728,7711948774.0
861.026,100.0,91304.0,4015.0,72.0,683.46,7712004777.0
861.126,100.0,91304.0,4015.0,70.0,665.982,7712048780.0
861.226,97.0,91304.0,4015.0,68.0,638.542,7712094307.0
861.326,97.0,91304.0,4015.0,66.0,618.118,7712136477.0
861.426,97.0,91304.0,4015.0,66.0,595.843,7712182352.0
861.526,97.0,91304.0,4015.0,65.0,573.196,7712225758.0
861.626,97.0,91304.0,4015.0,65.0,549.067,7712270903.0
861.726,97.0,91304.0,4015.0,64.0,525.958,7712314193.0
861.826,97.0,91304.0,4015.0,65.0,500.76,7712359374.0
861.926,97.0,91304.0,4015.0,64.0,454.623,7712359374.0
862.026,97.0,91304.0,4015.0,63.0,443.583,7712402797.0
862.126,97.0,91304.0,4015.0,63.0,441.289,7712446951.0
862.226,97.0,91304.0,4015.0,62.0,437.574,7712489127.0
862.326,97.0,91304.0,4015.0,63.0,437.096,7712531655.0
862.426,97.0,91304.0,4015.0,62.0,433.872,7712573197.0
862.525,97.0,91304.0,4015.0,62.0,431.085,7712616183.0
862.624,97.0,91304.0,4015.0,62.0,427.477,7712656488.0
862.726,97.0,91304.0,4015.0,62.0,427.477,7712698264.0
862.826,97.0,91304.0,4015.0,62.0,422.991,7712778039.0
862.926,97.0,91304.0,4015.0,61.0,418.445,7712817806.0
863.026,97.0,91304.0,4015.0,61.0,415.659,7712857981.0
863.126,97.0,91304.0,4015.0,61.0,411.058,7712896992.0
863.226,95.0,91304.0,4015.0,61.0,407.652,7712935598.0
863.326,95.0,91304.0,4015.0,61.0,404.526,7712973902.0
863.427,95.0,91304.0,4015.0,60.0,400.273,7713010705.0
863.525,95.0,91304.0,4015.0,60.0,394.315,7713046785.0
863.626,98.0,91304.0,4015.0,59.0,390.36,7713082208.0
863.726,98.0,91304.0,4015.0,59.0,383.327,7713117453.0
863.826,96.0,91304.0,4015.0,59.0,378.114,7713150246.0
863.926,96.0,91304.0,4015.0,58.0,371.749,7713183550.0
864.026,95.0,91304.0,4015.0,58.0,363.662,7713217032.0
864.126,95.0,91304.0,4015.0,58.0,356.357,7713249909.0
864.226,98.0,91304.0,4015.0,58.0,351.221,7713283698.0
864.326,96.0,91304.0,4015.0,57.0,342.062,7713317373.0
864.426,96.0,91304.0,4015.0,57.0,338.007,7713317373.0
864.526,96.0,91304.0,4015.0,57.0,335.918,7713350353.0
864.626,96.0,91304.0,4015.0,57.0,332.82,7713383083.0
864.726,97.0,91304.0,4015.0,57.0,331.106,7713416081.0
864.826,97.0,91304.0,4015.0,57.0,329.381,7713448656.0
864.926,96.0,91304.0,4015.0,56.0,328.826,7713480496.0
865.026,96.0,91304.0,4015.0,56.0,328.826,7713512872.0
865.126,96.0,91304.0,4015.0,56.0,327.744,7713545357.0
865.225,97.0,91304.0,4015.0,56.0,326.766,7713610061.0
865.326,97.0,91304.0,4015.0,56.0,325.312,7713642187.0
865.426,95.0,91304.0,4015.0,56.0,324.271,7713670246.0
865.526,95.0,91304.0,4015.0,56.0,312.35,7713684875.0
865.626,0.0,91304.0,4015.0,54.0,296.827,7713700755.0
865.726,0.0,91304.0,4015.0,53.0,294.443,7713753493.0
865.826,90.0,91304.0,4015.0,59.0,322.234,7713820666.0
865.926,90.0,91304.0,4015.0,63.0,355.953,7713888212.0
866.026,100.0,91304.0,4015.0,65.0,392.661,7713955357.0
866.126,100.0,91304.0,4015.0,66.0,427.743,7714023617.0
866.226,100.0,91304.0,4015.0,67.0,495.638,7714089971.0
866.326,100.0,91304.0,4015.0,68.0,530.042,7714089971.0
866.426,100.0,91304.0,4015.0,68.0,581.451,7714158352.0
866.526,100.0,91304.0,4015.0,68.0,625.638,7714225077.0
866.626,100.0,91304.0,4015.0,68.0,667.23,7714292495.0
866.726,100.0,91304.0,4015.0,69.0,667.23,7714359165.0
866.826,100.0,91304.0,4015.0,69.0,674.639,7714494734.0
866.926,100.0,91304.0,4015.0,69.0,676.174,7714563202.0
867.026,100.0,91304.0,4015.0,69.0,675.795,7714623945.0
867.126,100.0,91304.0,4015.0,70.0,668.604,7714688967.0
867.226,100.0,91304.0,4015.0,69.0,669.26,7714756836.0
867.326,100.0,91304.0,4015.0,70.0,670.205,7714824814.0
867.427,100.0,91304.0,4015.0,70.0,668.243,7714892582.0
867.526,100.0,91304.0,4015.0,71.0,669.34,7714962489.0
867.626,100.0,91304.0,4015.0,71.0,671.86,7715032412.0
867.726,100.0,91304.0,4015.0,71.0,674.042,7715101792.0
867.826,100.0,91304.0,4015.0,71.0,675.316,7715171453.0
867.926,100.0,91304.0,4015.0,71.0,677.406,7715241561.0
868.026,100.0,91304.0,4015.0,71.0,676.56,7715310321.0
868.126,100.0,91304.0,4015.0,71.0,687.438,7715379101.0
868.227,100.0,91304.0,4015.0,71.0,688.582,7715379101.0
868.326,100.0,91304.0,4015.0,71.0,689.704,7715448934.0
868.426,100.0,91304.0,4015.0,71.0,691.329,7715518656.0
868.526,91.0,91304.0,4015.0,71.0,684.248,7715588055.0
868.626,91.0,91304.0,4015.0,71.0,681.947,7715650758.0
868.726,91.0,91304.0,4015.0,72.0,682.842,7715720591.0
868.827,100.0,91304.0,4015.0,72.0,682.842,7715787838.0
868.926,100.0,91304.0,4015.0,72.0,683.073,7715856009.0
869.025,100.0,91304.0,4015.0,71.0,681.092,7715993780.0
869.126,100.0,91304.0,4015.0,73.0,683.081,7716061764.0
869.226,100.0,91304.0,4015.0,72.0,681.14,7716129528.0
869.327,100.0,91304.0,4015.0,71.0,679.632,7716198866.0
869.426,100.0,91304.0,4015.0,73.0,680.972,7716267923.0
869.526,100.0,91304.0,4015.0,71.0,680.934,7716334660.0
869.626,100.0,91304.0,4015.0,71.0,685.173,7716404156.0
869.725,100.0,91304.0,4015.0,72.0,685.001,7716471839.0
869.826,100.0,91304.0,4015.0,71.0,685.7,7716538447.0
869.926,100.0,91304.0,4015.0,72.0,684.847,7716600737.0
870.026,96.0,91304.0,4015.0,68.0,666.937,7716646994.0
870.126,96.0,91304.0,4015.0,67.0,642.818,7716691486.0
870.226,97.0,91304.0,4015.0,66.0,620.152,7716691486.0
870.327,97.0,91304.0,4015.0,65.0,572.915,7716736419.0
870.427,97.0,91304.0,4015.0,65.0,548.336,7716782197.0
870.526,97.0,91304.0,4015.0,64.0,524.736,7716826992.0
870.626,97.0,91304.0,4015.0,64.0,504.889,7716871077.0
870.726,96.0,91304.0,4015.0,64.0,481.284,7716916129.0
870.827,96.0,91304.0,4015.0,64.0,456.312,7716959746.0
870.926,97.0,91304.0,4015.0,63.0,444.386,7717004541.0
871.026,97.0,91304.0,4015.0,63.0,442.537,7717090279.0
871.126,97.0,91304.0,4015.0,63.0,439.979,7717132647.0
871.226,97.0,91304.0,4015.0,62.0,437.055,7717174441.0
871.326,97.0,91304.0,4015.0,62.0,432.627,7717215208.0
871.426,97.0,91304.0,4015.0,62.0,428.793,7717256437.0
871.526,97.0,91304.0,4015.0,62.0,424.958,7717296667.0
871.626,97.0,91304.0,4015.0,61.0,421.206,7717337759.0
871.726,96.0,91304.0,4015.0,61.0,416.284,7717377808.0
871.826,96.0,91304.0,4015.0,61.0,411.948,7717416483.0
871.926,95.0,91304.0,4015.0,61.0,408.082,7717456258.0
872.026,95.0,91304.0,4015.0,60.0,403.806,7717495116.0
872.126,95.0,91304.0,4015.0,60.0,403.806,7717532645.0
872.226,95.0,91304.0,4015.0,60.0,398.37,7717570214.0
872.326,95.0,91304.0,4015.0,60.0,392.959,7717606770.0
872.426,96.0,91304.0,4015.0,59.0,389.019,7717606770.0
872.526,96.0,91304.0,4015.0,59.0,384.888,7717642087.0
872.626,96.0,91304.0,4015.0,59.0,380.162,7717678344.0
872.726,96.0,91304.0,4015.0,59.0,376.611,7717715176.0
872.826,98.0,91304.0,4015.0,59.0,373.756,7717752087.0
872.926,98.0,91304.0,4015.0,59.0,370.961,7717788312.0
873.027,96.0,91304.0,4015.0,59.0,367.231,7717860497.0
873.126,96.0,91304.0,4015.0,58.0,365.457,7717895081.0
873.226,96.0,91304.0,4015.0,58.0,361.83,7717929341.0
873.326,96.0,91304.0,4015.0,58.0,358.757,7717964197.0
873.426,98.0,91304.0,4015.0,58.0,356.98,7717998631.0
873.526,98.0,91304.0,4015.0,57.0,355.884,7718033269.0
873.626,96.0,91304.0,4015.0,57.0,351.22,7718067404.0
873.726,96.0,91304.0,4015.0,57.0,347.722,7718100933.0
873.826,96.0,91304.0,4015.0,57.0,344.71,7718134195.0
873.926,96.0,91304.0,4015.0,57.0,341.781,7718167206.0
874.026,98.0,91304.0,4015.0,57.0,341.781,7718199434.0
874.126,98.0,91304.0,4015.0,57.0,337.77,7718231455.0
874.225,96.0,91304.0,4015.0,57.0,335.692,7718264137.0
874.325,96.0,91304.0,4015.0,57.0,334.076,7718296714.0
874.426,97.0,91304.0,4015.0,56.0,331.871,7718329212.0
874.526,97.0,91304.0,4015.0,56.0,329.723,7718329212.0
874.626,96.0,91304.0,4015.0,56.0,328.617,7718361851.0
874.725,96.0,91304.0,4015.0,56.0,327.215,7718394607.0
874.826,96.0,91304.0,4015.0,56.0,326.372,7718427157.0
874.926,96.0,91304.0,4015.0,56.0,325.939,7718459779.0
875.026,98.0,91304.0,4015.0,56.0,325.684,7718492488.0
875.126,98.0,91304.0,4015.0,56.0,325.54,7718524450.0
875.226,95.0,91304.0,4015.0,56.0,325.751,7718556799.0
875.326,95.0,91304.0,4015.0,56.0,325.397,7718589139.0
875.427,98.0,91304.0,4015.0,56.0,324.976,7718654259.0
875.526,98.0,91304.0,4015.0,56.0,324.762,7718686465.0
875.627,96.0,91304.0,4015.0,56.0,324.4,7718718534.0
875.726,96.0,91304.0,4015.0,56.0,324.13,7718750906.0
875.827,96.0,91304.0,4015.0,56.0,324.362,7718783665.0
875.930,96.0,91304.0,4015.0,56.0,324.552,7718816302.0
876.026,98.0,91304.0,4015.0,56.0,324.865,7718848695.0
876.126,96.0,91304.0,4015.0,56.0,324.53,7718881000.0
876.226,96.0,91304.0,4015.0,56.0,324.832,7718913331.0
876.326,96.0,91304.0,4015.0,56.0,325.135,7718945923.0
876.427,98.0,91304.0,4015.0,56.0,325.135,7718978511.0
876.527,98.0,91304.0,4015.0,56.0,325.452,7719011434.0
876.627,96.0,91304.0,4015.0,56.0,325.926,7719043905.0
876.726,96.0,91304.0,4015.0,56.0,325.821,7719075780.0
876.826,96.0,91304.0,4015.0,56.0,325.129,7719108292.0
876.926,96.0,91304.0,4015.0,56.0,324.778,7719108292.0
877.026,97.0,91304.0,4015.0,56.0,324.435,7719140867.0
877.126,97.0,91304.0,4015.0,56.0,324.98,7719173156.0
877.226,96.0,91304.0,4015.0,56.0,325.259,7719205655.0
877.326,96.0,91304.0,4015.0,56.0,325.556,7719238115.0
877.426,98.0,91304.0,4015.0,56.0,325.223,7719270626.0
877.526,98.0,91304.0,4015.0,56.0,324.829,7719302771.0
877.627,95.0,91304.0,4015.0,56.0,324.465,7719335066.0
877.726,95.0,91304.0,4015.0,56.0,323.716,7719367204.0
877.826,96.0,91304.0,4015.0,56.0,323.571,7719430868.0
877.926,96.0,91304.0,4015.0,56.0,323.165,7719463103.0
878.026,96.0,91304.0,4015.0,56.0,323.441,7719495609.0
878.126,96.0,91304.0,4015.0,56.0,322.817,7719527857.0
878.226,95.0,91304.0,4015.0,56.0,322.509,7719560340.0
878.326,95.0,91304.0,4015.0,56.0,322.668,7719593039.0
878.426,98.0,91304.0,4015.0,56.0,322.582,7719625274.0
878.526,98.0,91304.0,4015.0,56.0,322.423,7719657357.0
878.626,95.0,91304.0,4015.0,56.0,323.41,7719689864.0
878.726,95.0,91304.0,4015.0,56.0,323.41,7719722080.0
878.826,96.0,91304.0,4015.0,56.0,323.349,7719753871.0
878.926,96.0,91304.0,4015.0,56.0,323.328,7719786565.0
879.026,95.0,91304.0,4015.0,56.0,323.391,7719818883.0
879.126,95.0,91304.0,4015.0,56.0,323.487,7719851345.0
879.226,95.0,91304.0,4015.0,55.0,323.97,7719883924.0
879.324,95.0,91304.0,4015.0,56.0,323.554,7719916297.0
879.425,98.0,91304.0,4015.0,56.0,323.148,7719916297.0
879.525,98.0,91304.0,4015.0,55.0,323.448,7719948411.0
879.626,95.0,91304.0,4015.0,56.0,323.331,7719980576.0
879.726,95.0,91304.0,4015.0,56.0,322.982,7720012886.0
879.826,96.0,91304.0,4015.0,55.0,323.605,7720045474.0
879.926,96.0,91304.0,4015.0,56.0,323.95,7720078122.0
880.027,96.0,91304.0,4015.0,56.0,324.358,7720110812.0
880.126,96.0,91304.0,4015.0,56.0,324.785,7720143452.0
880.226,95.0,91304.0,4015.0,55.0,324.96,7720208846.0
880.325,95.0,91304.0,4015.0,56.0,324.718,7720241099.0
880.426,96.0,91304.0,4015.0,55.0,325.168,7720273634.0
880.526,96.0,91304.0,4015.0,55.0,324.982,7720305698.0
880.626,96.0,91304.0,4015.0,55.0,325.304,7720338340.0
880.726,96.0,91304.0,4015.0,55.0,325.518,7720370901.0
880.826,97.0,91304.0,4015.0,55.0,325.289,7720402009.0
880.927,97.0,91304.0,4015.0,54.0,313.411,7720417619.0
881.028,0.0,91304.0,4015.0,57.0,307.894,7720455657.0
881.126,0.0,91304.0,4015.0,56.0,313.631,7720489239.0
881.226,88.0,91304.0,4015.0,60.0,322.924,7720489239.0
881.326,88.0,91304.0,4015.0,64.0,358.954,7720545488.0
881.427,88.0,91304.0,4015.0,64.0,358.954,7720612129.0
881.526,100.0,91304.0,4015.0,67.0,428.583,7720679840.0
881.627,100.0,91304.0,4015.0,68.0,462.747,7720748233.0
881.726,100.0,91304.0,4015.0,68.0,497.614,7720883990.0
881.826,100.0,91304.0,4015.0,69.0,536.855,7720952276.0
881.926,100.0,91304.0,4015.0,70.0,576.51,7721022160.0
882.026,100.0,91304.0,4015.0,70.0,625.741,7721090646.0
882.126,100.0,91304.0,4015.0,70.0,654.563,7721159106.0
882.226,100.0,91304.0,4015.0,70.0,679.257,7721228732.0
882.326,100.0,91304.0,4015.0,71.0,679.429,7721297834.0
882.426,100.0,91304.0,4015.0,71.0,679.655,7721367703.0
882.527,100.0,91304.0,4015.0,71.0,680.141,7721436471.0
882.626,100.0,91304.0,4015.0,71.0,681.42,7721499765.0
882.726,100.0,91304.0,4015.0,70.0,671.5,7721565141.0
882.826,100.0,91304.0,4015.0,71.0,671.606,7721565141.0
882.926,100.0,91304.0,4015.0,71.0,670.196,7721633218.0
883.026,100.0,91304.0,4015.0,72.0,670.131,7721700803.0
883.126,100.0,91304.0,4015.0,72.0,671.43,7721769282.0
883.226,100.0,91304.0,4015.0,72.0,672.516,7721839206.0
883.327,100.0,91304.0,4015.0,72.0,673.457,7721909100.0
883.427,100.0,91304.0,4015.0,72.0,673.457,7721977852.0
883.527,100.0,91304.0,4015.0,72.0,674.95,7722116162.0
883.626,100.0,91304.0,4015.0,72.0,674.032,7722185752.0
883.726,100.0,91304.0,4015.0,72.0,683.707,7722255433.0
883.826,100.0,91304.0,4015.0,72.0,684.683,7722324441.0
883.926,100.0,91304.0,4015.0,72.0,684.733,7722393280.0
884.026,100.0,91304.0,4015.0,72.0,684.502,7722463081.0
884.126,100.0,91304.0,4015.0,72.0,684.91,7722525149.0
884.226,91.0,91304.0,4015.0,71.0,679.6,7722594538.0
884.326,91.0,91304.0,4015.0,71.0,677.512,7722660892.0
884.427,100.0,91304.0,4015.0,71.0,676.114,7722728896.0
884.526,100.0,91304.0,4015.0,71.0,677.002,7722796943.0
884.627,100.0,91304.0,4015.0,71.0,674.437,7722864295.0
884.727,100.0,91304.0,4015.0,71.0,674.275,7722933575.0
884.827,100.0,91304.0,4015.0,71.0,673.34,7722933575.0
884.926,100.0,91304.0,4015.0,72.0,672.839,7722999894.0
885.026,100.0,91304.0,4015.0,71.0,675.196,7723067901.0
885.126,100.0,91304.0,4015.0,68.0,656.682,7723135271.0
885.225,97.0,91304.0,4015.0,66.0,639.102,7723180326.0
885.327,97.0,91304.0,4015.0,66.0,615.736,7723225254.0
885.425,97.0,91304.0,4015.0,65.0,592.586,7723269645.0
885.527,97.0,91304.0,4015.0,65.0,592.586,7723313821.0
885.626,97.0,91304.0,4015.0,65.0,545.36,7723403655.0
885.726,97.0,91304.0,4015.0,64.0,525.255,7723448081.0
885.826,97.0,91304.0,4015.0,64.0,498.279,7723493492.0
885.926,97.0,91304.0,4015.0,64.0,480.525,7723538105.0
886.026,96.0,91304.0,4015.0,63.0,449.523,7723581371.0
886.126,96.0,91304.0,4015.0,63.0,442.112,7723623941.0
886.226,97.0,91304.0,4015.0,63.0,439.769,7723666318.0
886.327,97.0,91304.0,4015.0,63.0,438.656,7723708651.0
886.427,97.0,91304.0,4015.0,62.0,435.875,7723749772.0
886.526,97.0,91304.0,4015.0,62.0,433.189,7723791751.0
886.627,97.0,91304.0,4015.0,62.0,429.645,7723831626.0
886.726,97.0,91304.0,4015.0,61.0,424.226,7723871407.0
886.826,97.0,91304.0,4015.0,61.0,420.653,7723871407.0
886.926,97.0,91304.0,4015.0,61.0,414.425,7723912101.0
887.026,95.0,91304.0,4015.0,61.0,410.869,7723952237.0
887.126,95.0,91304.0,4015.0,61.0,407.334,7723991519.0
887.226,95.0,91304.0,4015.0,60.0,404.306,7724030631.0
887.326,95.0,91304.0,4015.0,60.0,399.386,7724069433.0
887.426,98.0,91304.0,4015.0,60.0,396.559,7724145331.0
887.526,98.0,91304.0,4015.0,59.0,391.381,7724181975.0
887.626,96.0,91304.0,4015.0,59.0,387.151,7724218284.0
887.726,96.0,91304.0,4015.0,59.0,383.848,7724254204.0
887.827,96.0,91304.0,4015.0,58.0,378.424,7724289950.0
887.926,96.0,91304.0,4015.0,58.0,378.424,7724325456.0
888.027,96.0,91304.0,4015.0,58.0,374.554,7724360164.0
888.126,98.0,91304.0,4015.0,58.0,370.043,7724394129.0
888.226,98.0,91304.0,4015.0,58.0,363.938,7724428363.0
888.327,96.0,91304.0,4015.0,58.0,354.944,7724461950.0
888.426,96.0,91304.0,4015.0,57.0,351.33,7724496200.0
888.526,96.0,91304.0,4015.0,57.0,347.904,7724529965.0
888.626,98.0,91304.0,4015.0,57.0,345.793,7724563853.0
888.726,98.0,91304.0,4015.0,57.0,343.194,7724597178.0
888.826,96.0,91304.0,4015.0,57.0,340.519,7724629896.0
888.926,96.0,91304.0,4015.0,57.0,337.985,7724663405.0
889.026,96.0,91304.0,4015.0,57.0,335.823,7724663405.0
889.126,96.0,91304.0,4015.0,57.0,335.228,7724696342.0
889.226,96.0,91304.0,4015.0,57.0,334.196,7724729606.0
889.326,96.0,91304.0,4015.0,57.0,333.455,7724762624.0
889.426,96.0,91304.0,4015.0,57.0,332.273,7724795408.0
889.527,96.0,91304.0,4015.0,56.0,332.639,7724828982.0
889.626,98.0,91304.0,4015.0,56.0,331.483,7724862536.0
889.726,98.0,91304.0,4015.0,56.0,330.563,7724895451.0
889.826,96.0,91304.0,4015.0,56.0,330.314,7724960421.0
889.926,96.0,91304.0,4015.0,56.0,329.858,7724993322.0
890.026,96.0,91304.0,4015.0,56.0,329.671,7725026391.0
890.127,96.0,91304.0,4015.0,56.0,329.797,7725059076.0
890.227,98.0,91304.0,4015.0,56.0,329.354,7725091814.0
890.326,98.0,91304.0,4015.0,56.0,329.014,7725124572.0
890.426,96.0,91304.0,4015.0,56.0,328.828,7725157650.0
890.526,96.0,91304.0,4015.0,56.0,327.477,7725190275.0
890.626,96.0,91304.0,4015.0,56.0,326.791,7725222147.0
890.726,96.0,91304.0,4015.0,56.0,326.212,7725254553.0
890.826,97.0,91304.0,4015.0,56.0,326.641,7725287292.0
890.926,97.0,91304.0,4015.0,56.0,326.641,7725319958.0
891.025,97.0,91304.0,4015.0,56.0,326.962,7725352839.0
891.125,96.0,91304.0,4015.0,56.0,326.442,7725385503.0
891.224,96.0,91304.0,4015.0,56.0,326.22,7725385503.0
891.326,97.0,91304.0,4015.0,56.0,326.465,7725418157.0
891.426,97.0,91304.0,4015.0,56.0,321.348,7725443325.0
891.526,31.0,91304.0,4015.0,55.0,320.354,7725543110.0
891.626,94.0,91304.0,4015.0,64.0,382.257,7725609824.0
891.726,94.0,91304.0,4015.0,65.0,416.266,7725676127.0
891.827,100.0,91304.0,4015.0,67.0,449.676,7725745339.0
891.926,100.0,91304.0,4015.0,67.0,488.034,7725814428.0
892.026,100.0,91304.0,4015.0,67.0,525.333,7725883207.0
892.126,100.0,91304.0,4015.0,68.0,558.491,7725950014.0
892.226,100.0,91304.0,4015.0,69.0,593.53,7726017452.0
892.326,100.0,91304.0,4015.0,69.0,625.82,7726085899.0
892.426,100.0,91304.0,4015.0,69.0,673.443,7726151517.0
892.526,100.0,91304.0,4015.0,64.0,651.605,7726188891.0
892.626,96.0,91304.0,4015.0,62.0,623.029,7726225853.0
892.726,96.0,91304.0,4015.0,61.0,592.979,7726262491.0
892.826,96.0,91304.0,4015.0,61.0,560.517,7726299171.0
892.926,96.0,91304.0,4015.0,60.0,531.096,7726335143.0
893.026,98.0,91304.0,4015.0,60.0,497.903,7726335143.0
893.126,98.0,91304.0,4015.0,59.0,468.453,7726371471.0
893.226,98.0,91304.0,4015.0,59.0,432.841,7726407836.0
893.326,96.0,91304.0,4015.0,59.0,432.841,7726444251.0
893.426,96.0,91304.0,4015.0,59.0,406.045,7726479799.0
893.526,98.0,91304.0,4015.0,59.0,371.701,7726515320.0
893.626,98.0,91304.0,4015.0,59.0,362.969,7726586965.0
893.726,96.0,91304.0,4015.0,58.0,361.925,7726622632.0
893.827,95.0,91304.0,4015.0,58.0,360.277,7726658401.0
893.926,95.0,91304.0,4015.0,58.0,359.201,7726693402.0
894.026,97.0,91304.0,4015.0,58.0,356.506,7726726393.0
894.126,97.0,91304.0,4015.0,57.0,353.309,7726760298.0
894.226,96.0,91304.0,4015.0,58.0,352.122,7726794673.0
894.326,96.0,91304.0,4015.0,57.0,350.018,7726828500.0
894.426,96.0,91304.0,4015.0,57.0,349.24,7726863424.0
894.526,96.0,91304.0,4015.0,57.0,346.896,7726897375.0
894.626,98.0,91304.0,4015.0,57.0,344.663,7726930771.0
894.726,98.0,91304.0,4015.0,57.0,342.888,7726964435.0
894.826,96.0,91304.0,4015.0,57.0,340.67,7726998332.0
894.926,96.0,91304.0,4015.0,57.0,338.435,7727031273.0
895.026,96.0,91304.0,4015.0,57.0,338.31,7727031273.0
895.127,96.0,91304.0,4015.0,57.0,338.379,7727064188.0
895.227,96.0,91304.0,4015.0,57.0,336.116,7727098151.0
895.327,96.0,91304.0,4015.0,56.0,335.021,7727130510.0
895.427,95.0,91304.0,4015.0,56.0,333.644,7727163349.0
895.526,95.0,91304.0,4015.0,56.0,332.388,7727196505.0
895.626,95.0,91304.0,4015.0,56.0,332.388,7727229278.0
895.726,97.0,91304.0,4015.0,56.0,331.492,7727261476.0
895.826,97.0,91304.0,4015.0,56.0,330.688,7727327055.0
895.926,95.0,91304.0,4015.0,56.0,329.637,7727360287.0
896.026,95.0,91304.0,4015.0,56.0,329.333,7727393023.0
896.126,96.0,91304.0,4015.0,56.0,328.886,7727425027.0
896.226,96.0,91304.0,4015.0,56.0,327.049,7727456958.0
896.326,98.0,91304.0,4015.0,56.0,326.366,7727489274.0
896.427,95.0,91304.0,4015.0,56.0,325.208,7727521693.0
896.526,95.0,91304.0,4015.0,56.0,324.551,7727554270.0
896.626,98.0,91304.0,4015.0,56.0,324.681,7727586509.0
896.726,98.0,91304.0,4015.0,56.0,324.099,7727618773.0
896.826,86.0,91304.0,4015.0,54.0,311.878,7727636220.0
896.926,86.0,91304.0,4015.0,53.0,292.236,7727649993.0
897.026,0.0,91304.0,4015.0,52.0,274.256,7727663623.0
897.126,0.0,91304.0,4015.0,52.0,256.287,7727677143.0
897.226,0.0,91304.0,4015.0,51.0,237.761,7727690493.0
897.327,0.0,91304.0,4015.0,51.0,217.15,7727703878.0
897.427,0.0,91304.0,4015.0,51.0,200.944,7727717231.0
897.527,0.0,91304.0,4015.0,51.0,182.163,7727717231.0
897.627,0.0,91304.0,4015.0,51.0,163.529,7727730586.0
897.727,0.0,91304.0,4015.0,50.0,144.956,7727743901.0
897.826,0.0,91304.0,4015.0,50.0,134.678,7727757189.0
897.926,0.0,91304.0,4015.0,50.0,133.849,7727770476.0
898.026,0.0,91304.0,4015.0,50.0,133.54,7727783752.0
898.126,0.0,91304.0,4015.0,50.0,133.185,7727796996.0
898.226,0.0,91304.0,4015.0,50.0,133.094,7727810231.0
898.326,0.0,91304.0,4015.0,50.0,132.927,7727823481.0
898.426,0.0,91304.0,4015.0,50.0,132.786,7727836714.0
898.526,0.0,91304.0,4015.0,50.0,132.786,7727849936.0
898.626,0.0,91304.0,4015.0,50.0,132.646,7727876350.0
898.726,0.0,91304.0,4015.0,49.0,132.527,7727889536.0
898.826,0.0,91304.0,4015.0,49.0,132.431,7727902733.0
898.926,0.0,91304.0,4015.0,49.0,132.334,7727915920.0
899.026,0.0,91304.0,4015.0,49.0,132.279,7727929106.0
899.127,0.0,91304.0,4015.0,49.0,132.216,7727942279.0
899.226,0.0,91304.0,4015.0,49.0,132.127,7727955451.0
899.326,0.0,91304.0,4015.0,49.0,131.98,7727968618.0
899.427,0.0,91304.0,4015.0,49.0,131.927,7727981792.0
899.526,0.0,91304.0,4015.0,49.0,131.908,7727994964.0
899.626,0.0,91304.0,4015.0,49.0,131.852,7728008110.0
899.726,0.0,91304.0,4015.0,49.0,131.802,7728021263.0
899.826,0.0,91304.0,4015.0,49.0,131.755,7728034393.0
899.926,0.0,91304.0,4015.0,49.0,131.709,7728047540.0
900.026,0.0,91304.0,4015.0,49.0,131.665,7728060692.0
900.126,0.0,91304.0,4015.0,49.0,131.65,7728073856.0
900.226,0.0,91304.0,4015.0,49.0,131.621,7728087005.0
900.326,0.0,91304.0,4015.0,49.0,131.592,7728100135.0
900.426,0.0,91304.0,4015.0,49.0,131.563,7728113276.0
900.526,0.0,91304.0,4015.0,49.0,131.508,7728113276.0
900.626,0.0,91304.0,4015.0,49.0,131.486,7728126404.0
900.727,0.0,91304.0,4015.0,49.0,131.474,7728139544.0
900.827,0.0,91304.0,4015.0,49.0,131.455,7728152662.0
900.927,0.0,91304.0,4015.0,49.0,131.419,7728165793.0
901.026,0.0,91304.0,4015.0,49.0,131.416,7728178911.0
901.126,0.0,91304.0,4015.0,49.0,131.369,7728192046.0
901.227,0.0,91304.0,4015.0,49.0,131.328,7728205151.0
901.327,0.0,91304.0,4015.0,48.0,131.325,7728218259.0
901.427,0.0,91304.0,4015.0,48.0,131.325,7728231376.0
901.526,0.0,91304.0,4015.0,48.0,131.294,7728244498.0
901.627,0.0,91304.0,4015.0,48.0,131.279,7728270732.0
901.726,0.0,91304.0,4015.0,48.0,131.27,7728283844.0
901.826,0.0,91304.0,4015.0,48.0,131.234,7728296957.0
901.926,0.0,91304.0,4015.0,48.0,131.222,7728310062.0
902.026,0.0,91304.0,4015.0,48.0,131.221,7728323171.0
902.126,0.0,91304.0,4015.0,48.0,131.193,7728336274.0
902.226,0.0,91304.0,4015.0,48.0,131.181,7728349371.0
902.327,0.0,91304.0,4015.0,48.0,131.159,7728362479.0
902.426,0.0,91304.0,4015.0,48.0,131.15,7728375576.0
902.527,0.0,91304.0,4015.0,48.0,131.15,7728388679.0
902.626,0.0,91304.0,4015.0,48.0,131.144,7728401818.0
902.726,0.0,91304.0,4015.0,48.0,131.139,7728414900.0
902.826,0.0,91304.0,4015.0,48.0,131.137,7728428002.0
902.926,0.0,91304.0,4015.0,48.0,131.117,7728441094.0
903.026,0.0,91304.0,4015.0,48.0,131.112,7728454188.0
903.126,0.0,91304.0,4015.0,48.0,131.088,7728467281.0
903.226,0.0,91304.0,4015.0,48.0,131.079,7728480370.0
903.326,0.0,91304.0,4015.0,48.0,131.08,7728493462.0
903.427,0.0,91304.0,4015.0,48.0,131.081,7728506567.0
903.527,0.0,91304.0,4015.0,48.0,131.058,7728519649.0
903.624,0.0,91304.0,4015.0,48.0,131.036,7728532749.0
903.725,0.0,91304.0,4015.0,48.0,131.029,7728545834.0
903.826,0.0,91304.0,4015.0,48.0,131.007,7728545834.0
903.926,0.0,91304.0,4015.0,48.0,131.0,7728558919.0
904.026,0.0,91304.0,4015.0,48.0,130.988,7728572004.0
904.126,0.0,91304.0,4015.0,48.0,130.989,7728585096.0
904.226,0.0,91304.0,4015.0,48.0,131.001,7728598172.0
904.326,0.0,91304.0,4015.0,48.0,131.0,7728611263.0
904.427,0.0,91304.0,4015.0,48.0,130.982,7728624363.0
904.527,0.0,91304.0,4015.0,48.0,130.968,7728637440.0
904.626,0.0,91304.0,4015.0,48.0,130.951,7728650515.0
904.726,0.0,91304.0,4015.0,48.0,130.937,7728663599.0
904.826,0.0,91304.0,4015.0,48.0,130.937,7728676673.0
904.926,0.0,91304.0,4015.0,48.0,130.92,7728702824.0
905.026,0.0,91304.0,4015.0,48.0,130.909,7728715905.0
905.126,0.0,91304.0,4015.0,48.0,130.905,7728728989.0
905.227,0.0,91304.0,4015.0,48.0,130.889,7728742076.0
905.326,0.0,91304.0,4015.0,48.0,130.872,7728755147.0
905.426,0.0,91304.0,4015.0,48.0,130.87,7728768219.0
905.526,0.0,91304.0,4015.0,48.0,130.858,7728781285.0
905.626,0.0,91304.0,4015.0,48.0,130.845,7728794364.0
905.726,0.0,91304.0,4015.0,48.0,130.856,7728807439.0
905.827,0.0,91304.0,4015.0,48.0,130.844,7728820506.0
905.926,0.0,91304.0,4015.0,48.0,130.868,7728833591.0
906.027,0.0,91304.0,4015.0,48.0,130.868,7728846660.0
906.128,0.0,91304.0,4015.0,48.0,130.85,7728859741.0
906.227,0.0,91304.0,4015.0,48.0,130.856,7728872814.0
906.327,0.0,91304.0,4015.0,48.0,130.856,7728885879.0
906.426,0.0,91304.0,4015.0,48.0,130.837,7728898955.0
906.526,0.0,91304.0,4015.0,48.0,130.827,7728912021.0
906.626,0.0,91304.0,4015.0,48.0,130.821,7728925084.0
906.727,0.0,91304.0,4015.0,48.0,130.832,7728938146.0
906.827,0.0,91304.0,4015.0,48.0,130.814,7728951230.0
906.926,0.0,91304.0,4015.0,48.0,130.815,7728964288.0
907.026,0.0,91304.0,4015.0,48.0,130.787,7728964288.0
907.127,0.0,91304.0,4015.0,48.0,130.756,7728977349.0
907.226,0.0,91304.0,4015.0,48.0,130.738,7728990433.0
907.326,0.0,91304.0,4015.0,48.0,130.745,7729003490.0
907.426,0.0,91304.0,4015.0,48.0,130.752,7729016567.0
907.526,0.0,91304.0,4015.0,48.0,130.738,7729029653.0
907.626,0.0,91304.0,4015.0,48.0,130.735,7729042703.0
907.726,0.0,91304.0,4015.0,48.0,130.728,7729055769.0
907.826,0.0,91304.0,4015.0,48.0,130.718,7729068836.0
907.926,0.0,91304.0,4015.0,48.0,130.717,7729081898.0
908.026,0.0,91304.0,4015.0,48.0,130.711,7729094953.0
908.125,0.0,91304.0,4015.0,48.0,130.697,7729121072.0
908.226,0.0,91304.0,4015.0,48.0,130.695,7729134140.0
908.326,0.0,91304.0,4015.0,48.0,130.685,7729147190.0
908.427,0.0,91304.0,4015.0,48.0,130.684,7729160270.0
908.526,0.0,91304.0,4015.0,48.0,130.685,7729173338.0
908.627,0.0,91304.0,4015.0,48.0,130.682,7729186403.0
908.726,0.0,91304.0,4015.0,48.0,130.694,7729199467.0
908.826,0.0,91304.0,4015.0,48.0,130.709,7729212532.0
908.926,0.0,91304.0,4015.0,48.0,130.708,7729225589.0
909.026,0.0,91304.0,4015.0,48.0,130.708,7729238655.0
909.126,0.0,91304.0,4015.0,48.0,130.705,7729251720.0
909.225,0.0,91304.0,4015.0,48.0,130.703,7729264774.0
909.326,0.0,91304.0,4015.0,48.0,130.719,7729277849.0
909.426,0.0,91304.0,4015.0,48.0,130.685,7729290906.0
909.527,0.0,91304.0,4015.0,48.0,130.684,7729303969.0
909.626,0.0,91304.0,4015.0,48.0,130.684,7729317036.0
909.726,0.0,91304.0,4015.0,48.0,130.694,7729330087.0
909.826,0.0,91304.0,4015.0,48.0,130.669,7729343126.0
909.926,0.0,91304.0,4015.0,48.0,130.642,7729356180.0
910.026,0.0,91304.0,4015.0,48.0,130.632,7729369232.0
910.126,0.0,91304.0,4015.0,48.0,130.639,7729382296.0
910.226,0.0,91304.0,4015.0,48.0,130.645,7729395355.0
910.325,0.0,91304.0,4015.0,48.0,130.649,7729395355.0
910.426,0.0,91304.0,4015.0,48.0,130.631,7729408415.0
910.526,0.0,91304.0,4015.0,48.0,130.635,7729421475.0
910.626,0.0,91304.0,4015.0,48.0,130.618,7729434516.0
910.726,0.0,91304.0,4015.0,48.0,130.612,7729447575.0
910.826,0.0,91304.0,4015.0,48.0,130.62,7729460626.0
910.926,0.0,91304.0,4015.0,48.0,130.625,7729473672.0
911.026,0.0,91304.0,4015.0,48.0,130.618,7729486725.0
911.126,0.0,91304.0,4015.0,48.0,130.602,7729499782.0
911.225,0.0,91304.0,4015.0,48.0,130.592,7729512823.0
911.326,0.0,91304.0,4015.0,48.0,130.595,7729538937.0
911.426,0.0,91304.0,4015.0,48.0,130.575,7729551980.0
911.527,0.0,91304.0,4015.0,48.0,130.572,7729565030.0
911.626,0.0,91304.0,4015.0,48.0,130.578,7729578078.0
911.726,0.0,91304.0,4015.0,48.0,130.571,7729591111.0
911.826,0.0,91304.0,4015.0,48.0,130.583,7729604168.0
911.926,0.0,91304.0,4015.0,48.0,130.564,7729617210.0
912.027,0.0,91304.0,4015.0,48.0,130.552,7729630253.0
912.127,0.0,91304.0,4015.0,48.0,130.567,7729643310.0
912.226,0.0,91304.0,4015.0,48.0,130.574,7729656367.0
912.326,0.0,91304.0,4015.0,48.0,130.552,7729669410.0
912.427,0.0,91304.0,4015.0,48.0,130.558,7729682462.0
912.526,0.0,91304.0,4015.0,48.0,130.541,7729695495.0
