elapsed_s,gpu_util,fb_used,fb_free,temperature,power_usage,energy_consumption
0.000,0.0,90192.0,5127.0,45.0,126.453,2516793744.0
0.096,0.0,90192.0,5127.0,45.0,126.37,2516806364.0
0.198,0.0,90192.0,5127.0,45.0,126.344,2516818943.0
0.297,0.0,90192.0,5127.0,45.0,126.288,2516831545.0
0.397,0.0,90192.0,5127.0,45.0,126.306,2516844194.0
0.498,0.0,90192.0,5127.0,45.0,126.27,2516856801.0
0.598,0.0,90192.0,5127.0,45.0,126.27,2516869434.0
0.698,0.0,90192.0,5127.0,45.0,126.237,2516882028.0
0.798,0.0,90192.0,5127.0,45.0,126.243,2516894664.0
0.897,0.0,90192.0,5127.0,45.0,126.257,2516907260.0
0.998,0.0,90192.0,5127.0,45.0,126.252,2516919900.0
1.098,0.0,90192.0,5127.0,45.0,126.252,2516919900.0
1.196,0.0,90192.0,5127.0,45.0,126.261,2516932504.0
1.298,0.0,90192.0,5127.0,45.0,126.295,2516945157.0
1.398,0.0,90192.0,5127.0,45.0,126.32,2516970380.0
1.497,0.0,90192.0,5127.0,45.0,126.26,2516982997.0
1.597,0.0,90192.0,5127.0,45.0,126.314,2516995608.0
1.698,0.0,90192.0,5127.0,45.0,126.272,2517008216.0
1.797,0.0,90192.0,5127.0,45.0,126.289,2517020825.0
1.898,0.0,90192.0,5127.0,45.0,126.245,2517033464.0
1.997,0.0,90192.0,5127.0,45.0,126.265,2517046043.0
2.096,0.0,90192.0,5127.0,45.0,126.206,2517058670.0
2.197,0.0,90192.0,5127.0,45.0,126.219,2517071237.0
2.296,0.0,90192.0,5127.0,45.0,126.162,2517083871.0
2.397,0.0,90192.0,5127.0,45.0,126.142,2517096434.0
2.498,0.0,90192.0,5127.0,45.0,126.15,2517109076.0
2.598,0.0,90192.0,5127.0,45.0,126.106,2517121679.0
2.696,0.0,90192.0,5127.0,45.0,126.159,2517134318.0
2.797,0.0,90192.0,5127.0,45.0,126.135,2517146934.0
2.898,0.0,90192.0,5127.0,45.0,126.196,2517159560.0
2.997,0.0,90192.0,5127.0,45.0,126.139,2517172172.0
3.098,0.0,90192.0,5127.0,45.0,126.203,2517184791.0
3.197,0.0,90192.0,5127.0,45.0,126.184,2517197410.0
3.298,0.0,90192.0,5127.0,45.0,126.238,2517210006.0
3.397,0.0,90192.0,5127.0,45.0,126.225,2517222613.0
3.497,0.0,90192.0,5127.0,45.0,126.247,2517235182.0
3.598,0.0,90192.0,5127.0,45.0,126.205,2517247803.0
3.697,0.0,90192.0,5127.0,45.0,126.176,2517260395.0
3.798,0.0,90192.0,5127.0,45.0,126.187,2517273014.0
3.898,0.0,90192.0,5127.0,45.0,126.145,2517285579.0
3.997,0.0,90192.0,5127.0,45.0,126.165,2517285579.0
4.097,0.0,90192.0,5127.0,45.0,126.12,2517298211.0
4.197,0.0,90192.0,5127.0,45.0,126.161,2517310812.0
4.297,0.0,90192.0,5127.0,45.0,126.115,2517323449.0
4.398,0.0,90192.0,5127.0,45.0,126.16,2517348662.0
4.498,0.0,90192.0,5127.0,45.0,126.111,2517361252.0
4.597,0.0,90192.0,5127.0,45.0,126.154,2517373850.0
4.698,0.0,90192.0,5127.0,45.0,126.13,2517386467.0
4.798,0.0,90192.0,5127.0,45.0,126.154,2517399055.0
4.898,0.0,90192.0,5127.0,45.0,126.129,2517411698.0
4.998,0.0,90192.0,5127.0,45.0,126.176,2517424276.0
5.097,0.0,90192.0,5127.0,45.0,126.135,2517436910.0
5.198,0.0,90192.0,5127.0,45.0,126.146,2517449497.0
5.298,0.0,90192.0,5127.0,45.0,126.078,2517462115.0
5.398,0.0,90192.0,5127.0,45.0,126.138,2517474709.0
5.498,0.0,90192.0,5127.0,45.0,126.114,2517487360.0
5.598,0.0,90192.0,5127.0,45.0,126.146,2517499927.0
5.698,0.0,90192.0,5127.0,45.0,126.097,2517512546.0
5.797,0.0,90192.0,5127.0,45.0,126.133,2517525148.0
5.897,0.0,90192.0,5127.0,45.0,126.085,2517537750.0
5.998,0.0,90192.0,5127.0,45.0,126.125,2517550354.0
6.097,0.0,90192.0,5127.0,45.0,126.079,2517562949.0
6.198,0.0,90192.0,5127.0,45.0,126.118,2517575554.0
6.297,0.0,90192.0,5127.0,45.0,126.108,2517588135.0
6.398,0.0,90192.0,5127.0,45.0,126.146,2517600778.0
6.498,0.0,90192.0,5127.0,45.0,126.156,2517613381.0
6.598,0.0,90192.0,5127.0,45.0,126.166,2517626010.0
6.697,0.0,90192.0,5127.0,45.0,126.164,2517638607.0
6.798,0.0,90192.0,5127.0,45.0,126.164,2517651236.0
6.897,0.0,90192.0,5127.0,45.0,126.157,2517651236.0
6.997,0.0,90192.0,5127.0,45.0,126.195,2517663822.0
7.098,0.0,90192.0,5127.0,45.0,126.145,2517676437.0
7.197,0.0,90192.0,5127.0,45.0,126.198,2517701651.0
7.298,0.0,90192.0,5127.0,45.0,126.169,2517714269.0
7.398,0.0,90192.0,5127.0,45.0,126.225,2517726870.0
7.498,0.0,90192.0,5127.0,45.0,126.157,2517739477.0
7.597,0.0,90192.0,5127.0,45.0,126.163,2517752057.0
7.698,0.0,90192.0,5127.0,45.0,126.115,2517764667.0
7.798,0.0,90192.0,5127.0,45.0,126.152,2517777241.0
7.897,0.0,90192.0,5127.0,45.0,126.096,2517789874.0
7.998,0.0,90192.0,5127.0,45.0,126.131,2517802454.0
8.098,0.0,90192.0,5127.0,45.0,126.12,2517815077.0
8.197,0.0,90192.0,5127.0,45.0,126.134,2517827664.0
8.298,0.0,90192.0,5127.0,45.0,126.075,2517840268.0
8.398,0.0,90192.0,5127.0,45.0,126.115,2517852845.0
8.498,0.0,90192.0,5127.0,45.0,126.092,2517865483.0
8.597,0.0,90192.0,5127.0,45.0,126.128,2517878056.0
8.697,0.0,90192.0,5127.0,45.0,126.106,2517890689.0
8.798,0.0,90192.0,5127.0,45.0,126.173,2517903300.0
8.897,0.0,90192.0,5127.0,45.0,126.124,2517915908.0
8.998,0.0,90192.0,5127.0,45.0,126.155,2517928518.0
9.098,0.0,90192.0,5127.0,45.0,126.11,2517941106.0
9.198,0.0,90192.0,5127.0,45.0,126.128,2517953722.0
9.298,0.0,90192.0,5127.0,45.0,126.145,2517966311.0
9.398,0.0,90192.0,5127.0,45.0,126.15,2517978948.0
9.498,0.0,90192.0,5127.0,45.0,126.109,2517991534.0
9.598,0.0,90192.0,5127.0,45.0,126.118,2518004148.0
9.698,0.0,90192.0,5127.0,45.0,126.103,2518016709.0
9.798,0.0,90192.0,5127.0,45.0,126.103,2518016709.0
9.898,0.0,90192.0,5127.0,45.0,126.085,2518029351.0
9.998,0.0,90192.0,5127.0,45.0,126.124,2518041946.0
10.098,0.0,90192.0,5127.0,45.0,126.09,2518054577.0
10.196,0.0,90192.0,5127.0,45.0,126.144,2518079788.0
10.298,0.0,90192.0,5127.0,45.0,126.116,2518092386.0
10.398,0.0,90192.0,5127.0,45.0,126.141,2518104977.0
10.502,0.0,90192.0,5127.0,45.0,126.077,2518117575.0
10.598,0.0,90192.0,5127.0,45.0,126.133,2518130143.0
10.698,0.0,90192.0,5127.0,45.0,126.097,2518142778.0
10.797,0.0,90192.0,5127.0,45.0,126.153,2518155366.0
10.898,0.0,90192.0,5127.0,45.0,126.105,2518167980.0
10.998,0.0,90192.0,5127.0,45.0,126.103,2518180564.0
11.098,0.0,90192.0,5127.0,45.0,126.097,2518193209.0
11.198,0.0,90192.0,5127.0,45.0,126.093,2518205782.0
11.297,0.0,90192.0,5127.0,45.0,126.074,2518218404.0
11.398,0.0,90192.0,5127.0,45.0,126.127,2518230978.0
11.498,0.0,90192.0,5127.0,45.0,126.104,2518243623.0
11.598,0.0,90192.0,5127.0,45.0,126.153,2518256213.0
11.698,0.0,90192.0,5127.0,45.0,126.093,2518268828.0
11.798,0.0,90192.0,5127.0,45.0,126.154,2518281445.0
11.898,0.0,90192.0,5127.0,45.0,126.135,2518294050.0
11.998,0.0,90192.0,5127.0,45.0,126.156,2518306664.0
12.098,0.0,90192.0,5127.0,45.0,126.126,2518319248.0
12.198,0.0,90192.0,5127.0,45.0,126.155,2518331874.0
12.298,0.0,90192.0,5127.0,45.0,126.165,2518344455.0
12.398,0.0,90192.0,5127.0,45.0,126.166,2518357083.0
12.498,0.0,90192.0,5127.0,45.0,126.147,2518369666.0
12.597,0.0,90192.0,5127.0,45.0,126.147,2518382289.0
12.697,0.0,90192.0,5127.0,45.0,126.121,2518382289.0
12.798,0.0,90192.0,5127.0,45.0,126.163,2518394864.0
12.898,0.0,90192.0,5127.0,45.0,126.114,2518407482.0
12.998,0.0,90192.0,5127.0,45.0,126.141,2518420081.0
13.098,0.0,90192.0,5127.0,45.0,126.069,2518445240.0
13.198,0.0,90192.0,5127.0,45.0,126.089,2518457845.0
13.297,0.0,90192.0,5127.0,45.0,126.036,2518470444.0
13.398,0.0,90192.0,5127.0,45.0,126.072,2518483045.0
13.498,0.0,90192.0,5127.0,45.0,126.03,2518495667.0
13.598,0.0,90192.0,5127.0,45.0,126.07,2518508256.0
13.698,0.0,90192.0,5127.0,45.0,126.035,2518520874.0
13.797,0.0,90192.0,5127.0,45.0,126.051,2518533450.0
13.898,0.0,90192.0,5127.0,45.0,126.021,2518546063.0
13.998,0.0,90192.0,5127.0,45.0,126.005,2518558631.0
14.098,0.0,90192.0,5127.0,45.0,126.05,2518571261.0
14.198,0.0,90192.0,5127.0,45.0,126.088,2518583843.0
14.298,0.0,90192.0,5127.0,45.0,126.052,2518596464.0
14.398,0.0,90192.0,5127.0,45.0,126.076,2518609047.0
14.498,0.0,90192.0,5127.0,45.0,126.03,2518621659.0
14.598,0.0,90192.0,5127.0,45.0,126.066,2518634253.0
14.698,0.0,90192.0,5127.0,45.0,126.039,2518646845.0
14.798,0.0,90192.0,5127.0,45.0,126.112,2518659468.0
14.898,0.0,90192.0,5127.0,45.0,126.086,2518672058.0
14.998,0.0,90192.0,5127.0,45.0,126.155,2518684694.0
15.096,0.0,90192.0,5127.0,45.0,126.124,2518697291.0
15.198,0.0,90192.0,5127.0,45.0,126.107,2518709892.0
15.298,0.0,90192.0,5127.0,45.0,126.094,2518722470.0
15.396,0.0,90192.0,5127.0,45.0,126.124,2518735094.0
15.498,0.0,90192.0,5127.0,45.0,126.124,2518747683.0
15.597,0.0,90192.0,5127.0,45.0,126.117,2518747683.0
15.698,0.0,90192.0,5127.0,45.0,126.11,2518760302.0
15.798,0.0,90192.0,5127.0,45.0,126.133,2518772882.0
15.898,0.0,90192.0,5127.0,45.0,126.074,2518798102.0
15.998,0.0,90192.0,5127.0,45.0,126.123,2518810735.0
16.098,0.0,90192.0,5127.0,45.0,126.063,2518823324.0
16.198,0.0,90192.0,5127.0,45.0,126.107,2518835941.0
16.298,0.0,90192.0,5127.0,45.0,126.094,2518848554.0
16.398,0.0,90192.0,5127.0,45.0,126.147,2518861145.0
16.498,0.0,90192.0,5127.0,45.0,126.095,2518873763.0
16.598,0.0,90192.0,5127.0,45.0,126.136,2518886344.0
16.697,0.0,90192.0,5127.0,45.0,126.112,2518898987.0
16.798,0.0,90192.0,5127.0,45.0,126.156,2518911576.0
16.897,0.0,90192.0,5127.0,45.0,126.157,2518924199.0
16.998,0.0,90192.0,5127.0,45.0,126.143,2518936767.0
17.098,0.0,90192.0,5127.0,45.0,126.13,2518949396.0
17.198,0.0,90192.0,5127.0,45.0,126.137,2518961978.0
17.297,0.0,90192.0,5127.0,45.0,126.076,2518974603.0
17.397,0.0,90192.0,5127.0,45.0,126.103,2518987164.0
17.497,0.0,90192.0,5127.0,45.0,126.049,2518999777.0
17.597,0.0,90192.0,5127.0,45.0,126.092,2519012376.0
17.698,0.0,90192.0,5127.0,45.0,126.041,2519024986.0
17.798,0.0,90192.0,5127.0,45.0,126.11,2519037611.0
17.898,0.0,90192.0,5127.0,45.0,126.077,2519050216.0
17.998,0.0,90192.0,5127.0,45.0,126.117,2519062836.0
18.098,0.0,90192.0,5127.0,45.0,126.092,2519075426.0
18.198,0.0,90192.0,5127.0,45.0,126.1,2519088039.0
18.297,0.0,90192.0,5127.0,45.0,126.1,2519088039.0
18.398,0.0,90192.0,5127.0,45.0,126.112,2519100621.0
18.498,0.0,90192.0,5127.0,45.0,126.118,2519113238.0
18.598,0.0,90192.0,5127.0,45.0,126.136,2519125802.0
18.698,0.0,90192.0,5127.0,45.0,126.118,2519151016.0
18.798,0.0,90192.0,5127.0,45.0,126.159,2519163645.0
18.898,0.0,90192.0,5127.0,45.0,126.089,2519176240.0
18.998,0.0,90192.0,5127.0,45.0,126.131,2519188846.0
19.098,0.0,90192.0,5127.0,45.0,126.079,2519201440.0
19.198,0.0,90192.0,5127.0,45.0,126.121,2519214041.0
19.298,0.0,90192.0,5127.0,45.0,126.107,2519226694.0
19.398,0.0,90192.0,5127.0,45.0,126.157,2519239272.0
19.498,0.0,90192.0,5127.0,45.0,126.109,2519251873.0
19.598,0.0,90192.0,5127.0,45.0,126.133,2519264452.0
19.698,0.0,90192.0,5127.0,45.0,126.115,2519277083.0
19.798,0.0,90192.0,5127.0,45.0,126.114,2519289663.0
19.897,0.0,90192.0,5127.0,45.0,126.111,2519302290.0
19.998,0.0,90192.0,5127.0,45.0,126.135,2519314870.0
20.098,0.0,90192.0,5127.0,45.0,126.087,2519327491.0
20.198,0.0,90192.0,5127.0,45.0,126.107,2519340064.0
20.298,0.0,90192.0,5127.0,45.0,126.073,2519352704.0
20.398,0.0,90192.0,5127.0,45.0,126.113,2519365296.0
20.498,0.0,90192.0,5127.0,45.0,126.08,2519377907.0
20.598,0.0,90192.0,5127.0,45.0,126.141,2519390500.0
20.698,0.0,90192.0,5127.0,45.0,126.104,2519403115.0
20.798,0.0,90192.0,5127.0,45.0,126.145,2519415730.0
20.898,0.0,90192.0,5127.0,45.0,126.139,2519428336.0
20.998,0.0,90192.0,5127.0,45.0,126.144,2519440954.0
21.098,0.0,90192.0,5127.0,45.0,126.144,2519440954.0
21.198,0.0,90192.0,5127.0,45.0,126.141,2519453526.0
21.297,0.0,90192.0,5127.0,45.0,126.162,2519466164.0
21.398,0.0,90192.0,5127.0,45.0,126.148,2519478749.0
21.498,0.0,90192.0,5127.0,45.0,126.132,2519503952.0
21.598,0.0,90192.0,5127.0,45.0,126.171,2519516572.0
21.696,0.0,90192.0,5127.0,45.0,126.114,2519529158.0
21.798,0.0,90192.0,5127.0,45.0,126.144,2519541790.0
21.897,0.0,90192.0,5127.0,45.0,126.101,2519554407.0
21.998,0.0,90192.0,5127.0,45.0,126.148,2519567037.0
22.098,0.0,90192.0,5127.0,45.0,126.126,2519579642.0
22.198,0.0,90192.0,5127.0,45.0,126.173,2519592231.0
22.298,0.0,90192.0,5127.0,45.0,126.116,2519604863.0
22.398,0.0,90192.0,5127.0,45.0,126.173,2519617458.0
22.498,0.0,90192.0,5127.0,45.0,126.15,2519630076.0
22.598,0.0,90192.0,5127.0,45.0,126.176,2519642662.0
22.698,0.0,90192.0,5127.0,45.0,126.189,2519655305.0
22.796,0.0,90192.0,5127.0,45.0,126.194,2519667890.0
22.898,0.0,90192.0,5127.0,45.0,126.211,2519680523.0
22.998,0.0,90192.0,5127.0,45.0,126.169,2519693109.0
23.098,0.0,90192.0,5127.0,45.0,126.202,2519705753.0
23.198,0.0,90192.0,5127.0,45.0,126.167,2519718339.0
23.298,0.0,90192.0,5127.0,45.0,126.179,2519730951.0
23.398,0.0,90192.0,5127.0,45.0,126.14,2519743554.0
23.498,0.0,90192.0,5127.0,45.0,126.196,2519756182.0
23.598,0.0,90192.0,5127.0,45.0,126.179,2519768813.0
23.698,0.0,90192.0,5127.0,45.0,126.16,2519781377.0
23.798,0.0,90192.0,5127.0,45.0,126.131,2519794016.0
23.898,0.0,90192.0,5127.0,45.0,126.136,2519806584.0
23.998,0.0,90192.0,5127.0,45.0,126.143,2519806584.0
24.098,0.0,90192.0,5127.0,45.0,126.112,2519819212.0
24.198,0.0,90192.0,5127.0,45.0,126.144,2519831793.0
24.298,0.0,90192.0,5127.0,45.0,126.132,2519844438.0
24.398,0.0,90192.0,5127.0,45.0,126.193,2519869663.0
24.498,0.0,90192.0,5127.0,45.0,126.14,2519882264.0
24.598,0.0,90192.0,5127.0,45.0,126.176,2519894894.0
24.698,0.0,90192.0,5127.0,45.0,126.136,2519907482.0
24.796,0.0,90192.0,5127.0,45.0,126.182,2519920079.0
24.896,0.0,90192.0,5127.0,45.0,126.121,2519932672.0
24.998,0.0,90194.0,5125.0,45.0,128.2,2519957005.0
25.098,0.0,90194.0,5125.0,51.0,155.446,2520002796.0
25.197,95.0,90194.0,5125.0,54.0,209.125,2520074189.0
25.298,95.0,90194.0,5125.0,55.0,258.435,2520132445.0
25.398,98.0,90194.0,5125.0,57.0,313.17,2520198240.0
25.498,98.0,90194.0,5125.0,57.0,350.302,2520255958.0
25.598,98.0,90194.0,5125.0,59.0,400.833,2520320876.0
25.698,98.0,90194.0,5125.0,59.0,453.534,2520379244.0
25.798,92.0,90194.0,5125.0,60.0,506.826,2520443701.0
25.898,92.0,90194.0,5125.0,60.0,552.058,2520502567.0
25.998,91.0,90194.0,5125.0,60.0,602.3,2520567555.0
26.096,91.0,90196.0,5123.0,60.0,621.995,2520614307.0
26.197,74.0,90196.0,5123.0,55.0,585.227,2520614307.0
26.298,74.0,90196.0,5123.0,54.0,545.325,2520638410.0
26.398,60.0,90196.0,5123.0,53.0,501.811,2520688026.0
26.498,60.0,90196.0,5123.0,53.0,471.166,2520712340.0
26.597,62.0,90196.0,5123.0,52.0,432.514,2520738240.0
26.696,62.0,90196.0,5123.0,52.0,402.461,2520764924.0
26.798,63.0,90196.0,5123.0,52.0,364.742,2520789734.0
26.898,63.0,90196.0,5123.0,52.0,329.471,2520814539.0
26.998,59.0,90196.0,5123.0,51.0,289.861,2520839061.0
27.098,59.0,90196.0,5123.0,51.0,252.869,2520863754.0
27.198,63.0,90196.0,5123.0,51.0,246.308,2520890232.0
27.298,63.0,90196.0,5123.0,51.0,250.894,2520917451.0
27.398,63.0,90196.0,5123.0,51.0,253.354,2520945671.0
27.498,63.0,90196.0,5123.0,51.0,255.756,2520971840.0
27.597,63.0,90196.0,5123.0,51.0,256.973,2520998062.0
27.698,63.0,90196.0,5123.0,51.0,256.672,2521023323.0
27.798,63.0,90196.0,5123.0,51.0,257.312,2521049966.0
27.898,63.0,90196.0,5123.0,51.0,265.33,2521077730.0
27.998,62.0,90196.0,5123.0,51.0,268.627,2521104829.0
28.098,63.0,90196.0,5123.0,50.0,270.059,2521131627.0
28.196,63.0,90196.0,5123.0,50.0,270.609,2521158889.0
28.298,63.0,90196.0,5123.0,50.0,266.348,2521184988.0
28.398,63.0,90196.0,5123.0,50.0,264.889,2521209743.0
28.498,63.0,90196.0,5123.0,51.0,262.936,2521234992.0
28.598,63.0,90196.0,5123.0,50.0,263.705,2521234992.0
28.698,60.0,90196.0,5123.0,50.0,264.311,2521258352.0
28.798,60.0,90196.0,5123.0,50.0,262.889,2521284129.0
28.897,62.0,90196.0,5123.0,50.0,258.765,2521337696.0
28.998,62.0,90196.0,5123.0,50.0,256.835,2521361367.0
29.098,63.0,90196.0,5123.0,50.0,257.104,2521387063.0
29.198,63.0,90196.0,5123.0,50.0,252.937,2521413013.0
29.298,63.0,90196.0,5123.0,50.0,252.254,2521436253.0
29.398,63.0,90196.0,5123.0,50.0,251.723,2521461244.0
29.498,63.0,90196.0,5123.0,50.0,253.549,2521484040.0
29.596,63.0,90196.0,5123.0,50.0,250.906,2521509009.0
29.698,61.0,90196.0,5123.0,50.0,250.043,2521533667.0
29.798,61.0,90196.0,5123.0,50.0,248.86,2521559508.0
29.898,61.0,90196.0,5123.0,50.0,249.744,2521585371.0
29.998,61.0,90196.0,5123.0,50.0,248.739,2521609872.0
30.098,60.0,90196.0,5123.0,50.0,243.107,2521632086.0
30.198,60.0,90196.0,5123.0,50.0,241.626,2521654311.0
30.298,61.0,90196.0,5123.0,50.0,242.601,2521677900.0
30.398,61.0,90196.0,5123.0,50.0,241.325,2521701214.0
30.497,60.0,90196.0,5123.0,50.0,238.718,2521725903.0
30.598,60.0,90196.0,5123.0,49.0,238.336,2521747807.0
30.698,61.0,90196.0,5123.0,49.0,235.536,2521771501.0
30.798,61.0,90196.0,5123.0,49.0,233.767,2521794817.0
30.898,60.0,90196.0,5123.0,49.0,231.93,2521817807.0
30.998,60.0,90196.0,5123.0,49.0,230.863,2521841269.0
31.098,59.0,90196.0,5123.0,49.0,233.124,2521863500.0
31.198,59.0,90196.0,5123.0,49.0,233.124,2521886556.0
31.298,59.0,90196.0,5123.0,49.0,233.243,2521886556.0
31.396,58.0,90196.0,5123.0,49.0,229.05,2521909102.0
31.498,58.0,90196.0,5123.0,49.0,228.58,2521929793.0
31.598,58.0,90196.0,5123.0,49.0,226.799,2521973463.0
31.698,58.0,90196.0,5123.0,49.0,224.814,2521993908.0
31.798,59.0,90196.0,5123.0,49.0,223.836,2522017136.0
31.898,59.0,90196.0,5123.0,49.0,222.193,2522038523.0
31.998,58.0,90196.0,5123.0,49.0,219.517,2522059723.0
32.098,58.0,90196.0,5123.0,48.0,217.072,2522080294.0
32.198,58.0,90196.0,5123.0,48.0,214.455,2522100580.0
32.298,58.0,90196.0,5123.0,48.0,212.164,2522121529.0
32.398,57.0,90196.0,5123.0,48.0,211.31,2522141535.0
32.498,57.0,90196.0,5123.0,48.0,209.398,2522162058.0
32.598,58.0,90196.0,5123.0,48.0,207.739,2522181514.0
32.698,58.0,90196.0,5123.0,48.0,207.064,2522199694.0
32.798,57.0,90196.0,5123.0,48.0,204.32,2522219812.0
32.898,57.0,90196.0,5123.0,48.0,201.424,2522240485.0
32.998,56.0,90196.0,5123.0,48.0,202.325,2522261131.0
33.098,56.0,90196.0,5123.0,48.0,201.282,2522281325.0
33.198,56.0,90196.0,5123.0,48.0,201.205,2522301465.0
33.298,54.0,90196.0,5123.0,48.0,200.138,2522320741.0
33.398,54.0,90196.0,5123.0,48.0,198.603,2522340352.0
33.498,56.0,90196.0,5123.0,48.0,198.843,2522359793.0
33.598,56.0,90196.0,5123.0,48.0,199.918,2522380227.0
33.696,56.0,90196.0,5123.0,48.0,200.303,2522400634.0
33.798,56.0,90196.0,5123.0,48.0,200.303,2522419683.0
33.898,56.0,90196.0,5123.0,48.0,199.53,2522419683.0
33.998,56.0,90196.0,5123.0,48.0,197.691,2522439583.0
34.098,56.0,90196.0,5123.0,48.0,197.806,2522458423.0
34.198,55.0,90196.0,5123.0,48.0,195.025,2522496781.0
34.298,55.0,90196.0,5123.0,48.0,194.062,2522515152.0
34.398,55.0,90196.0,5123.0,48.0,194.311,2522534549.0
34.498,55.0,90196.0,5123.0,48.0,193.7,2522553539.0
34.598,56.0,90196.0,5123.0,48.0,193.412,2522574834.0
34.698,56.0,90196.0,5123.0,48.0,194.334,2522595562.0
34.798,56.0,90196.0,5123.0,48.0,195.937,2522617079.0
34.898,56.0,90196.0,5123.0,47.0,197.566,2522638879.0
34.998,56.0,90196.0,5123.0,47.0,199.718,2522659242.0
35.098,56.0,90196.0,5123.0,47.0,201.332,2522680765.0
35.197,56.0,90196.0,5123.0,47.0,204.67,2522701631.0
35.298,56.0,90196.0,5123.0,47.0,206.21,2522720304.0
35.397,54.0,90196.0,5123.0,47.0,201.234,2522733540.0
35.498,54.0,90196.0,5123.0,47.0,195.98,2522746239.0
35.598,0.0,90196.0,5123.0,46.0,187.989,2522758876.0
35.697,0.0,90196.0,5123.0,46.0,179.657,2522771568.0
35.798,0.0,90196.0,5123.0,46.0,172.219,2522784156.0
35.898,0.0,90196.0,5123.0,46.0,163.037,2522796815.0
35.998,0.0,90196.0,5123.0,46.0,152.901,2522809408.0
36.098,0.0,90196.0,5123.0,46.0,146.023,2522822067.0
36.198,0.0,90196.0,5123.0,46.0,128.909,2522834663.0
36.297,0.0,90196.0,5123.0,46.0,126.488,2522847285.0
36.398,0.0,90196.0,5123.0,46.0,126.41,2522859879.0
36.498,0.0,90196.0,5123.0,46.0,126.41,2522872479.0
36.596,0.0,90196.0,5123.0,46.0,126.337,2522872479.0
36.696,0.0,90196.0,5123.0,46.0,126.991,2522885195.0
36.798,43.0,90196.0,5123.0,52.0,170.73,2522903918.0
36.898,43.0,90196.0,5123.0,55.0,242.429,2523040023.0
36.996,90.0,90196.0,5123.0,56.0,285.086,2523098225.0
37.098,90.0,90196.0,5123.0,58.0,325.895,2523162207.0
37.196,95.0,90196.0,5123.0,59.0,387.52,2523225458.0
37.298,95.0,90196.0,5123.0,59.0,427.867,2523286393.0
37.397,93.0,90196.0,5123.0,60.0,474.438,2523349118.0
37.498,93.0,90196.0,5123.0,60.0,527.287,2523412519.0
37.597,96.0,90196.0,5123.0,59.0,566.473,2523452146.0
37.698,96.0,90196.0,5123.0,55.0,576.989,2523476492.0
37.798,62.0,90196.0,5123.0,54.0,547.643,2523500864.0
37.898,62.0,90196.0,5123.0,53.0,498.248,2523524939.0
37.998,62.0,90196.0,5123.0,52.0,466.521,2523549913.0
38.098,62.0,90196.0,5123.0,52.0,431.035,2523574691.0
38.197,61.0,90196.0,5123.0,52.0,391.98,2523599125.0
38.298,61.0,90196.0,5123.0,51.0,347.072,2523623118.0
38.398,62.0,90196.0,5123.0,51.0,312.649,2523648224.0
38.498,62.0,90196.0,5123.0,51.0,265.57,2523672590.0
38.598,62.0,90196.0,5123.0,51.0,246.353,2523697998.0
38.698,62.0,90196.0,5123.0,51.0,246.225,2523697998.0
38.798,61.0,90196.0,5123.0,51.0,247.436,2523721633.0
38.898,61.0,90196.0,5123.0,51.0,247.394,2523747212.0
38.998,63.0,90196.0,5123.0,51.0,247.734,2523795767.0
39.098,63.0,90196.0,5123.0,50.0,245.288,2523819087.0
39.198,61.0,90196.0,5123.0,51.0,247.121,2523844601.0
39.298,61.0,90196.0,5123.0,51.0,248.056,2523869300.0
39.398,62.0,90196.0,5123.0,50.0,246.706,2523893640.0
39.498,62.0,90196.0,5123.0,50.0,247.455,2523919010.0
39.598,62.0,90196.0,5123.0,50.0,246.401,2523942830.0
39.698,62.0,90196.0,5123.0,50.0,246.242,2523966291.0
39.798,62.0,90196.0,5123.0,50.0,243.801,2523990282.0
39.898,62.0,90196.0,5123.0,50.0,246.518,2524016417.0
39.998,61.0,90196.0,5123.0,50.0,244.865,2524040184.0
40.098,61.0,90196.0,5123.0,50.0,246.235,2524063195.0
40.198,62.0,90196.0,5123.0,50.0,245.217,2524087871.0
40.298,62.0,90196.0,5123.0,50.0,244.054,2524111942.0
40.398,61.0,90196.0,5123.0,50.0,242.497,2524135966.0
40.498,61.0,90196.0,5123.0,50.0,243.031,2524160296.0
40.598,60.0,90196.0,5123.0,50.0,241.359,2524184393.0
40.701,61.0,90196.0,5123.0,50.0,243.549,2524208665.0
40.798,61.0,90196.0,5123.0,50.0,240.836,2524233203.0
40.898,61.0,90196.0,5123.0,50.0,240.836,2524255694.0
40.998,60.0,90196.0,5123.0,50.0,240.065,2524255694.0
41.098,60.0,90196.0,5123.0,50.0,239.278,2524279375.0
41.198,59.0,90196.0,5123.0,50.0,239.362,2524301824.0
41.298,59.0,90196.0,5123.0,50.0,238.287,2524350140.0
41.398,60.0,90196.0,5123.0,50.0,237.328,2524373249.0
41.498,60.0,90196.0,5123.0,50.0,237.479,2524396439.0
41.598,61.0,90196.0,5123.0,50.0,238.198,2524420997.0
41.698,61.0,90196.0,5123.0,50.0,238.675,2524445134.0
41.798,61.0,90196.0,5123.0,50.0,235.598,2524467072.0
41.898,61.0,90196.0,5123.0,50.0,236.783,2524491611.0
41.998,60.0,90196.0,5123.0,50.0,237.171,2524515294.0
42.098,60.0,90196.0,5123.0,50.0,236.052,2524538211.0
42.198,60.0,90196.0,5123.0,50.0,234.034,2524560614.0
42.298,60.0,90196.0,5123.0,50.0,232.615,2524582425.0
42.398,60.0,90196.0,5123.0,49.0,234.538,2524605897.0
42.498,60.0,90196.0,5123.0,49.0,232.955,2524629343.0
42.597,58.0,90196.0,5123.0,49.0,231.407,2524651855.0
42.698,58.0,90196.0,5123.0,49.0,226.189,2524672577.0
42.798,58.0,90196.0,5123.0,49.0,227.195,2524694780.0
42.897,58.0,90196.0,5123.0,49.0,225.462,2524716843.0
42.998,57.0,90196.0,5123.0,49.0,222.631,2524738704.0
43.098,57.0,90196.0,5123.0,49.0,222.243,2524759887.0
43.198,58.0,90196.0,5123.0,49.0,219.821,2524780391.0
43.298,58.0,90196.0,5123.0,49.0,218.792,2524801656.0
43.398,58.0,90196.0,5123.0,49.0,215.508,2524822446.0
43.498,58.0,90196.0,5123.0,49.0,212.338,2524842461.0
43.598,58.0,90196.0,5123.0,49.0,210.856,2524842461.0
43.698,58.0,90196.0,5123.0,49.0,211.499,2524863296.0
43.797,57.0,90196.0,5123.0,48.0,210.06,2524884187.0
43.898,57.0,90196.0,5123.0,48.0,208.527,2524925854.0
43.998,57.0,90196.0,5123.0,48.0,208.052,2524946543.0
44.098,57.0,90196.0,5123.0,48.0,205.545,2524966316.0
44.198,57.0,90196.0,5123.0,48.0,205.474,2524985772.0
44.298,57.0,90196.0,5123.0,48.0,204.336,2525006179.0
44.398,57.0,90196.0,5123.0,48.0,202.601,2525025507.0
44.498,57.0,90196.0,5123.0,48.0,201.322,2525044490.0
44.597,55.0,90196.0,5123.0,48.0,200.343,2525064577.0
44.698,55.0,90196.0,5123.0,48.0,198.517,2525082859.0
44.798,57.0,90196.0,5123.0,48.0,196.395,2525102560.0
44.898,57.0,90196.0,5123.0,48.0,194.837,2525120823.0
44.998,55.0,90196.0,5123.0,48.0,193.804,2525140634.0
45.098,55.0,90196.0,5123.0,48.0,194.087,2525159902.0
45.198,55.0,90196.0,5123.0,48.0,191.961,2525178246.0
45.298,55.0,90196.0,5123.0,48.0,190.958,2525197071.0
45.398,56.0,90196.0,5123.0,48.0,192.167,2525217269.0
45.498,56.0,90196.0,5123.0,48.0,192.069,2525236213.0
45.598,55.0,90196.0,5123.0,48.0,189.518,2525254354.0
45.698,55.0,90196.0,5123.0,48.0,192.464,2525274555.0
45.798,56.0,90196.0,5123.0,48.0,191.487,2525292405.0
45.898,56.0,90196.0,5123.0,48.0,192.711,2525313179.0
45.998,55.0,90196.0,5123.0,48.0,190.721,2525332448.0
46.098,55.0,90196.0,5123.0,48.0,190.721,2525349959.0
46.198,55.0,90196.0,5123.0,48.0,188.868,2525349959.0
46.298,55.0,90196.0,5123.0,48.0,186.814,2525366476.0
46.398,56.0,90196.0,5123.0,48.0,185.945,2525382683.0
46.498,56.0,90196.0,5123.0,48.0,184.06,2525419856.0
46.598,56.0,90196.0,5123.0,48.0,186.457,2525438889.0
46.697,56.0,90196.0,5123.0,48.0,182.998,2525456514.0
46.798,54.0,90196.0,5123.0,47.0,183.535,2525474164.0
46.898,54.0,90196.0,5123.0,47.0,176.981,2525487043.0
46.998,0.0,90196.0,5123.0,47.0,169.771,2525499707.0
47.098,0.0,90196.0,5123.0,46.0,164.599,2525512462.0
47.198,2.0,90196.0,5123.0,47.0,178.892,2525551012.0
47.298,2.0,90196.0,5123.0,55.0,222.761,2525611033.0
47.398,100.0,90196.0,5123.0,54.0,261.342,2525670949.0
47.498,100.0,90196.0,5123.0,57.0,311.944,2525737299.0
47.598,100.0,90196.0,5123.0,57.0,333.508,2525775501.0
47.698,100.0,90196.0,5123.0,51.0,331.943,2525788580.0
47.798,0.0,90196.0,5123.0,50.0,334.364,2525815926.0
47.898,0.0,90196.0,5123.0,57.0,383.91,2525880416.0
47.998,100.0,90196.0,5123.0,58.0,423.793,2525938126.0
48.098,100.0,90196.0,5123.0,59.0,480.15,2526001825.0
48.198,100.0,90196.0,5123.0,59.0,480.15,2526063072.0
48.298,100.0,90196.0,5123.0,60.0,517.478,2526063072.0
48.398,100.0,90196.0,5123.0,61.0,523.861,2526128707.0
48.498,100.0,90196.0,5123.0,59.0,496.628,2526191007.0
48.598,68.0,90196.0,5123.0,56.0,471.945,2526255333.0
48.698,68.0,90196.0,5123.0,55.0,492.504,2526283037.0
48.798,63.0,90196.0,5123.0,54.0,496.484,2526308119.0
48.898,63.0,90196.0,5123.0,53.0,463.372,2526333138.0
48.998,61.0,90196.0,5123.0,53.0,423.869,2526356589.0
49.098,61.0,90196.0,5123.0,53.0,390.487,2526381994.0
49.198,63.0,90196.0,5123.0,52.0,354.885,2526407954.0
49.297,63.0,90196.0,5123.0,52.0,318.108,2526432339.0
49.398,62.0,90196.0,5123.0,52.0,270.659,2526456698.0
49.498,62.0,90196.0,5123.0,52.0,251.594,2526482232.0
49.598,63.0,90196.0,5123.0,52.0,251.713,2526507709.0
49.698,63.0,90196.0,5123.0,52.0,250.348,2526532856.0
49.798,62.0,90196.0,5123.0,51.0,250.283,2526559630.0
49.898,62.0,90196.0,5123.0,51.0,252.25,2526585946.0
49.997,63.0,90196.0,5123.0,51.0,255.583,2526612979.0
50.098,63.0,90196.0,5123.0,51.0,258.787,2526640307.0
50.198,63.0,90196.0,5123.0,51.0,259.616,2526667351.0
50.298,63.0,90196.0,5123.0,51.0,259.571,2526693536.0
50.398,64.0,90196.0,5123.0,51.0,261.189,2526718075.0
50.498,64.0,90196.0,5123.0,51.0,262.908,2526744373.0
50.598,63.0,90196.0,5123.0,51.0,261.044,2526768345.0
50.698,63.0,90196.0,5123.0,51.0,259.03,2526792169.0
50.798,63.0,90196.0,5123.0,51.0,259.03,2526818626.0
50.898,63.0,90196.0,5123.0,51.0,259.499,2526818626.0
50.998,63.0,90196.0,5123.0,51.0,260.063,2526846758.0
51.097,63.0,90196.0,5123.0,51.0,256.441,2526873429.0
51.198,62.0,90196.0,5123.0,51.0,254.912,2526923227.0
51.298,62.0,90196.0,5123.0,51.0,253.574,2526948199.0
51.397,63.0,90196.0,5123.0,51.0,254.03,2526973335.0
51.498,63.0,90196.0,5123.0,51.0,253.916,2526999838.0
51.598,63.0,90196.0,5123.0,51.0,255.918,2527026199.0
51.698,63.0,90196.0,5123.0,51.0,258.144,2527051808.0
51.798,62.0,90196.0,5123.0,51.0,258.56,2527077046.0
51.898,62.0,90196.0,5123.0,51.0,255.087,2527101831.0
51.996,63.0,90196.0,5123.0,51.0,252.735,2527126932.0
52.098,63.0,90196.0,5123.0,51.0,253.659,2527152398.0
52.198,63.0,90196.0,5123.0,51.0,253.226,2527176583.0
52.298,63.0,90196.0,5123.0,51.0,252.513,2527201076.0
52.397,63.0,90196.0,5123.0,50.0,251.582,2527225678.0
52.498,63.0,90196.0,5123.0,50.0,250.959,2527251097.0
52.598,61.0,90196.0,5123.0,50.0,248.454,2527275578.0
52.698,61.0,90196.0,5123.0,50.0,248.447,2527301092.0
52.798,61.0,90196.0,5123.0,50.0,248.931,2527326408.0
52.898,61.0,90196.0,5123.0,50.0,247.092,2527351145.0
52.998,61.0,90196.0,5123.0,50.0,249.463,2527376701.0
53.098,61.0,90196.0,5123.0,50.0,250.08,2527401505.0
53.198,60.0,90196.0,5123.0,50.0,247.029,2527423406.0
53.298,60.0,90196.0,5123.0,50.0,244.246,2527444959.0
53.398,60.0,90196.0,5123.0,50.0,244.643,2527469413.0
53.498,60.0,90196.0,5123.0,50.0,243.025,2527469413.0
53.596,60.0,90196.0,5123.0,50.0,242.197,2527493115.0
53.698,60.0,90196.0,5123.0,49.0,239.318,2527515710.0
53.798,58.0,90196.0,5123.0,49.0,234.639,2527559856.0
53.898,58.0,90196.0,5123.0,49.0,232.42,2527582670.0
53.998,58.0,90196.0,5123.0,49.0,226.697,2527603011.0
54.098,58.0,90196.0,5123.0,49.0,225.677,2527626039.0
54.198,58.0,90196.0,5123.0,49.0,225.002,2527647218.0
54.298,58.0,90196.0,5123.0,49.0,224.408,2527668261.0
54.398,58.0,90196.0,5123.0,49.0,220.718,2527689096.0
54.498,58.0,90196.0,5123.0,49.0,217.345,2527709019.0
54.598,58.0,90196.0,5123.0,49.0,214.12,2527728922.0
54.698,58.0,90196.0,5123.0,49.0,212.512,2527749894.0
54.798,58.0,90196.0,5123.0,49.0,212.535,2527771210.0
54.897,58.0,90196.0,5123.0,49.0,209.271,2527790650.0
54.998,58.0,90196.0,5123.0,49.0,209.924,2527811191.0
55.098,58.0,90196.0,5123.0,49.0,206.332,2527831306.0
55.198,58.0,90196.0,5123.0,49.0,205.295,2527852067.0
55.298,58.0,90196.0,5123.0,49.0,204.389,2527872089.0
55.398,57.0,90196.0,5123.0,49.0,203.191,2527891611.0
55.498,57.0,90196.0,5123.0,48.0,203.137,2527910747.0
55.598,58.0,90196.0,5123.0,48.0,202.907,2527930465.0
55.698,58.0,90196.0,5123.0,48.0,201.162,2527949966.0
55.798,55.0,90196.0,5123.0,48.0,198.611,2527968862.0
55.898,55.0,90196.0,5123.0,48.0,198.498,2527988743.0
55.998,56.0,90196.0,5123.0,48.0,197.116,2528007874.0
56.098,56.0,90196.0,5123.0,48.0,197.116,2528026954.0
56.197,56.0,90196.0,5123.0,48.0,196.307,2528026954.0
56.296,56.0,90196.0,5123.0,48.0,193.648,2528045633.0
56.398,56.0,90196.0,5123.0,48.0,192.44,2528064749.0
56.498,56.0,90196.0,5123.0,48.0,192.254,2528103444.0
56.598,57.0,90196.0,5123.0,48.0,191.275,2528121772.0
56.698,57.0,90196.0,5123.0,48.0,191.022,2528141203.0
56.798,56.0,90196.0,5123.0,48.0,191.404,2528160157.0
56.898,56.0,90196.0,5123.0,48.0,190.704,2528179439.0
56.998,55.0,90196.0,5123.0,48.0,191.282,2528199458.0
57.098,55.0,90196.0,5123.0,48.0,191.071,2528218432.0
57.198,55.0,90196.0,5123.0,48.0,192.319,2528237847.0
57.298,55.0,90196.0,5123.0,48.0,191.513,2528256500.0
57.398,55.0,90196.0,5123.0,48.0,192.966,2528276278.0
57.498,55.0,90196.0,5123.0,48.0,192.394,2528295713.0
57.598,56.0,90196.0,5123.0,48.0,192.739,2528314980.0
57.697,56.0,90196.0,5123.0,48.0,191.397,2528333039.0
57.798,55.0,90196.0,5123.0,48.0,188.76,2528350756.0
57.898,55.0,90196.0,5123.0,47.0,182.866,2528363238.0
57.998,0.0,90196.0,5123.0,47.0,175.773,2528375971.0
58.098,0.0,90196.0,5123.0,47.0,179.122,2528396688.0
58.196,42.0,90196.0,5123.0,53.0,215.437,2528450977.0
58.298,42.0,90196.0,5123.0,56.0,250.718,2528505584.0
58.398,100.0,90196.0,5123.0,57.0,293.751,2528570904.0
58.498,100.0,90196.0,5123.0,58.0,335.875,2528630289.0
58.596,100.0,90196.0,5123.0,59.0,376.575,2528692298.0
58.698,100.0,90196.0,5123.0,59.0,376.575,2528692298.0
58.796,100.0,90196.0,5123.0,60.0,421.242,2528752810.0
58.898,100.0,90196.0,5123.0,60.0,460.431,2528814883.0
58.998,100.0,90196.0,5123.0,61.0,514.37,2528938971.0
59.098,100.0,90196.0,5123.0,61.0,564.941,2529000764.0
59.199,100.0,90196.0,5123.0,62.0,604.542,2529040770.0
59.298,70.0,90196.0,5123.0,60.0,585.934,2529065161.0
59.398,63.0,90196.0,5123.0,55.0,516.596,2529089885.0
59.498,63.0,90196.0,5123.0,54.0,474.745,2529115107.0
59.598,63.0,90196.0,5123.0,54.0,438.314,2529139935.0
59.698,63.0,90196.0,5123.0,53.0,404.03,2529163580.0
59.798,63.0,90196.0,5123.0,53.0,368.686,2529190413.0
59.898,63.0,90196.0,5123.0,53.0,336.596,2529218581.0
59.998,62.0,90196.0,5123.0,52.0,301.404,2529244621.0
60.098,62.0,90196.0,5123.0,52.0,260.891,2529270899.0
60.198,62.0,90196.0,5123.0,52.0,256.692,2529297044.0
60.298,62.0,90196.0,5123.0,52.0,258.198,2529323682.0
60.398,61.0,90196.0,5123.0,52.0,259.054,2529349963.0
60.498,61.0,90196.0,5123.0,52.0,258.352,2529373628.0
60.598,63.0,90196.0,5123.0,51.0,260.1,2529398347.0
60.698,63.0,90196.0,5123.0,51.0,260.073,2529422942.0
60.798,63.0,90196.0,5123.0,51.0,261.02,2529449859.0
60.898,63.0,90196.0,5123.0,51.0,258.535,2529475411.0
60.998,63.0,90196.0,5123.0,51.0,258.625,2529501627.0
61.098,63.0,90196.0,5123.0,51.0,258.625,2529529756.0
61.198,63.0,90196.0,5123.0,51.0,259.575,2529529756.0
61.298,62.0,90196.0,5123.0,51.0,260.248,2529556384.0
61.398,62.0,90196.0,5123.0,51.0,259.265,2529583494.0
61.498,63.0,90196.0,5123.0,51.0,258.682,2529634775.0
61.598,63.0,90196.0,5123.0,51.0,261.435,2529662498.0
61.698,63.0,90196.0,5123.0,51.0,263.273,2529688054.0
61.798,63.0,90196.0,5123.0,51.0,262.032,2529712124.0
61.898,62.0,90196.0,5123.0,51.0,263.353,2529738886.0
61.998,63.0,90196.0,5123.0,51.0,263.24,2529765701.0
62.098,63.0,90196.0,5123.0,51.0,262.778,2529791661.0
62.198,63.0,90196.0,5123.0,51.0,262.352,2529818233.0
62.298,63.0,90196.0,5123.0,51.0,260.609,2529843374.0
62.398,63.0,90196.0,5123.0,51.0,260.385,2529868525.0
62.498,63.0,90196.0,5123.0,51.0,260.423,2529894467.0
62.598,62.0,90196.0,5123.0,51.0,258.932,2529920297.0
62.698,62.0,90196.0,5123.0,51.0,258.648,2529945379.0
62.797,63.0,90196.0,5123.0,51.0,258.298,2529969657.0
62.898,63.0,90196.0,5123.0,51.0,255.973,2529994805.0
62.998,61.0,90196.0,5123.0,51.0,252.969,2530018947.0
63.098,61.0,90196.0,5123.0,50.0,250.784,2530042627.0
63.198,60.0,90196.0,5123.0,50.0,247.286,2530066350.0
63.296,60.0,90196.0,5123.0,50.0,246.895,2530090773.0
63.398,61.0,90196.0,5123.0,50.0,245.276,2530114700.0
63.498,61.0,90196.0,5123.0,50.0,242.649,2530137860.0
63.597,59.0,90196.0,5123.0,50.0,239.836,2530161511.0
63.698,59.0,90196.0,5123.0,50.0,239.845,2530185591.0
63.798,59.0,90196.0,5123.0,50.0,239.845,2530210765.0
63.898,60.0,90196.0,5123.0,50.0,240.149,2530210765.0
63.998,60.0,90196.0,5123.0,50.0,240.323,2530234785.0
64.098,61.0,90196.0,5123.0,50.0,239.256,2530258527.0
64.198,61.0,90196.0,5123.0,50.0,238.109,2530305365.0
64.298,60.0,90196.0,5123.0,50.0,239.059,2530329458.0
64.398,60.0,90196.0,5123.0,50.0,239.454,2530353610.0
64.498,61.0,90196.0,5123.0,50.0,240.084,2530377981.0
64.597,61.0,90196.0,5123.0,50.0,240.043,2530398836.0
64.698,61.0,90196.0,5123.0,50.0,235.262,2530420038.0
64.798,59.0,90196.0,5123.0,50.0,232.145,2530442477.0
64.897,59.0,90196.0,5123.0,50.0,228.248,2530463632.0
64.998,58.0,90196.0,5123.0,49.0,225.887,2530485067.0
65.098,58.0,90196.0,5123.0,49.0,224.448,2530506351.0
65.198,58.0,90196.0,5123.0,49.0,220.726,2530526603.0
65.298,58.0,90196.0,5123.0,49.0,218.578,2530548693.0
65.398,58.0,90196.0,5123.0,49.0,215.751,2530570190.0
65.498,58.0,90196.0,5123.0,49.0,213.143,2530591427.0
65.598,58.0,90196.0,5123.0,49.0,214.038,2530612958.0
65.698,58.0,90196.0,5123.0,49.0,212.365,2530633423.0
65.798,58.0,90196.0,5123.0,49.0,211.21,2530654392.0
65.898,58.0,90196.0,5123.0,49.0,210.574,2530674160.0
65.998,57.0,90196.0,5123.0,49.0,208.681,2530694209.0
66.097,57.0,90196.0,5123.0,49.0,208.447,2530715147.0
66.198,57.0,90196.0,5123.0,49.0,207.199,2530734778.0
66.298,57.0,90196.0,5123.0,49.0,203.401,2530753369.0
66.398,56.0,90196.0,5123.0,49.0,201.86,2530772972.0
66.498,56.0,90196.0,5123.0,49.0,200.225,2530772972.0
66.598,56.0,90196.0,5123.0,48.0,197.803,2530792755.0
66.698,56.0,90196.0,5123.0,48.0,197.198,2530812732.0
66.798,54.0,90196.0,5123.0,48.0,195.28,2530849950.0
66.898,54.0,90196.0,5123.0,48.0,195.412,2530870202.0
66.998,56.0,90196.0,5123.0,48.0,195.446,2530890543.0
67.098,56.0,90196.0,5123.0,48.0,193.56,2530909490.0
67.196,55.0,90196.0,5123.0,48.0,192.605,2530928512.0
67.298,55.0,90196.0,5123.0,48.0,193.067,2530947502.0
67.398,55.0,90196.0,5123.0,48.0,192.551,2530966270.0
67.498,55.0,90196.0,5123.0,48.0,191.593,2530985105.0
67.598,54.0,90196.0,5123.0,48.0,189.218,2531003728.0
67.697,54.0,90196.0,5123.0,48.0,190.399,2531023053.0
67.798,55.0,90196.0,5123.0,48.0,189.946,2531041522.0
67.898,55.0,90196.0,5123.0,48.0,189.797,2531060807.0
67.998,56.0,90196.0,5123.0,48.0,191.012,2531081353.0
68.098,56.0,90196.0,5123.0,48.0,191.283,2531100150.0
68.198,56.0,90196.0,5123.0,48.0,193.853,2531121344.0
68.298,56.0,90196.0,5123.0,48.0,194.765,2531141779.0
68.396,54.0,90196.0,5123.0,48.0,194.382,2531161526.0
68.498,54.0,90196.0,5123.0,48.0,189.442,2531175932.0
68.598,0.0,90196.0,5123.0,47.0,184.177,2531188663.0
68.697,0.0,90196.0,5123.0,47.0,177.303,2531201287.0
68.798,57.0,90196.0,5123.0,48.0,193.422,2531225116.0
68.898,57.0,90196.0,5123.0,54.0,236.735,2531225116.0
68.998,93.0,90196.0,5123.0,56.0,273.881,2531286586.0
69.098,93.0,90196.0,5123.0,57.0,316.448,2531411396.0
69.198,93.0,90196.0,5123.0,58.0,352.701,2531466539.0
69.298,93.0,90196.0,5123.0,59.0,397.658,2531530519.0
69.398,93.0,90196.0,5123.0,60.0,437.089,2531588649.0
69.498,93.0,90196.0,5123.0,60.0,487.931,2531651335.0
69.598,91.0,90196.0,5123.0,61.0,533.719,2531711217.0
69.698,91.0,90196.0,5123.0,61.0,585.722,2531774948.0
69.797,96.0,90196.0,5123.0,62.0,613.318,2531837084.0
69.898,96.0,90196.0,5123.0,59.0,580.218,2531874765.0
69.998,62.0,90196.0,5123.0,56.0,551.289,2531900854.0
70.097,62.0,90196.0,5123.0,55.0,510.727,2531927903.0
70.198,62.0,90196.0,5123.0,54.0,484.027,2531954129.0
70.298,62.0,90196.0,5123.0,54.0,442.214,2531979150.0
70.398,63.0,90196.0,5123.0,53.0,413.464,2532004682.0
70.498,63.0,90196.0,5123.0,53.0,375.317,2532028544.0
70.598,62.0,90196.0,5123.0,53.0,342.071,2532052947.0
70.698,62.0,90196.0,5123.0,52.0,302.188,2532079132.0
70.798,61.0,90196.0,5123.0,52.0,258.072,2532102208.0
70.898,61.0,90196.0,5123.0,52.0,252.863,2532127165.0
70.998,62.0,90196.0,5123.0,52.0,251.303,2532151477.0
71.098,62.0,90196.0,5123.0,52.0,251.303,2532175346.0
71.198,62.0,90196.0,5123.0,52.0,249.096,2532175346.0
71.297,63.0,90196.0,5123.0,52.0,248.805,2532201718.0
71.398,63.0,90196.0,5123.0,52.0,248.068,2532250964.0
71.498,63.0,90196.0,5123.0,52.0,246.32,2532276105.0
71.598,63.0,90196.0,5123.0,51.0,248.988,2532303393.0
71.699,63.0,90196.0,5123.0,51.0,251.092,2532328631.0
71.798,63.0,90196.0,5123.0,51.0,251.683,2532355667.0
71.898,63.0,90196.0,5123.0,51.0,254.868,2532380367.0
71.998,63.0,90196.0,5123.0,51.0,254.079,2532405076.0
72.096,63.0,90196.0,5123.0,51.0,255.521,2532432128.0
72.198,63.0,90196.0,5123.0,51.0,259.526,2532458916.0
72.298,63.0,90196.0,5123.0,51.0,260.436,2532486172.0
72.398,63.0,90196.0,5123.0,51.0,264.468,2532513765.0
72.498,63.0,90196.0,5123.0,51.0,265.6,2532539312.0
72.598,63.0,90196.0,5123.0,51.0,265.766,2532565573.0
72.698,64.0,90196.0,5123.0,51.0,263.917,2532591093.0
72.798,64.0,90196.0,5123.0,51.0,264.231,2532616295.0
72.898,64.0,90196.0,5123.0,51.0,264.191,2532643244.0
72.998,64.0,90196.0,5123.0,51.0,265.175,2532668155.0
73.098,62.0,90196.0,5123.0,51.0,264.916,2532694635.0
73.198,62.0,90196.0,5123.0,51.0,263.081,2532718944.0
73.298,64.0,90196.0,5123.0,51.0,260.361,2532743807.0
73.398,64.0,90196.0,5123.0,51.0,257.643,2532770115.0
73.497,63.0,90196.0,5123.0,51.0,256.95,2532795863.0
73.596,63.0,90196.0,5123.0,51.0,256.662,2532821844.0
73.698,63.0,90196.0,5123.0,51.0,255.676,2532846880.0
73.797,63.0,90196.0,5123.0,51.0,255.138,2532846880.0
73.898,61.0,90196.0,5123.0,51.0,253.328,2532871034.0
73.998,61.0,90196.0,5123.0,51.0,250.07,2532894779.0
74.098,62.0,90196.0,5123.0,51.0,248.842,2532943054.0
74.198,62.0,90196.0,5123.0,51.0,246.784,2532966644.0
74.297,60.0,90196.0,5123.0,51.0,246.698,2532991516.0
74.398,60.0,90196.0,5123.0,51.0,246.39,2533014924.0
74.498,61.0,90196.0,5123.0,50.0,243.132,2533037503.0
74.598,61.0,90196.0,5123.0,50.0,239.453,2533060219.0
74.698,60.0,90196.0,5123.0,50.0,237.151,2533082952.0
74.798,60.0,90196.0,5123.0,50.0,236.715,2533106360.0
74.898,59.0,90196.0,5123.0,50.0,236.226,2533130815.0
74.998,61.0,90196.0,5123.0,50.0,233.933,2533152105.0
75.098,61.0,90196.0,5123.0,50.0,234.559,2533176317.0
75.197,60.0,90196.0,5123.0,50.0,232.76,2533198832.0
75.297,60.0,90196.0,5123.0,50.0,231.02,2533222219.0
75.398,60.0,90196.0,5123.0,50.0,229.453,2533244894.0
75.498,60.0,90196.0,5123.0,50.0,229.665,2533265981.0
75.598,56.0,90196.0,5123.0,49.0,228.355,2533287834.0
75.698,56.0,90196.0,5123.0,49.0,226.453,2533310432.0
75.798,58.0,90196.0,5123.0,49.0,222.613,2533331919.0
75.898,58.0,90196.0,5123.0,49.0,221.065,2533353199.0
75.998,58.0,90196.0,5123.0,49.0,218.59,2533373979.0
76.098,58.0,90196.0,5123.0,49.0,216.12,2533395003.0
76.197,57.0,90196.0,5123.0,49.0,214.734,2533415364.0
76.298,57.0,90196.0,5123.0,49.0,214.734,2533436361.0
76.398,57.0,90196.0,5123.0,49.0,212.859,2533436361.0
76.498,57.0,90196.0,5123.0,49.0,211.263,2533456570.0
76.597,57.0,90196.0,5123.0,49.0,209.284,2533476069.0
76.698,57.0,90196.0,5123.0,49.0,207.416,2533516067.0
76.798,57.0,90196.0,5123.0,49.0,204.126,2533536488.0
76.898,55.0,90196.0,5123.0,49.0,203.901,2533556352.0
76.998,55.0,90196.0,5123.0,49.0,201.602,2533575642.0
77.098,56.0,90196.0,5123.0,49.0,201.544,2533595842.0
77.197,56.0,90196.0,5123.0,48.0,200.136,2533614530.0
77.298,56.0,90196.0,5123.0,48.0,197.194,2533633764.0
77.398,56.0,90196.0,5123.0,48.0,195.905,2533653530.0
77.498,56.0,90196.0,5123.0,48.0,195.258,2533672739.0
77.598,56.0,90196.0,5123.0,48.0,194.349,2533691959.0
77.698,56.0,90196.0,5123.0,48.0,194.536,2533710631.0
77.798,56.0,90196.0,5123.0,48.0,192.917,2533729714.0
77.898,56.0,90196.0,5123.0,48.0,192.472,2533749218.0
77.996,55.0,90196.0,5123.0,48.0,192.637,2533768617.0
78.097,55.0,90196.0,5123.0,48.0,193.324,2533787834.0
78.198,55.0,90196.0,5123.0,48.0,195.193,2533808063.0
78.298,55.0,90196.0,5123.0,48.0,194.011,2533826586.0
78.397,55.0,90196.0,5123.0,48.0,191.629,2533845428.0
78.498,55.0,90196.0,5123.0,48.0,191.268,2533863142.0
78.598,56.0,90196.0,5123.0,48.0,188.491,2533880644.0
78.698,56.0,90196.0,5123.0,48.0,185.938,2533897400.0
78.798,55.0,90196.0,5123.0,48.0,187.787,2533915968.0
78.898,55.0,90196.0,5123.0,48.0,185.736,2533915968.0
78.998,56.0,90196.0,5123.0,48.0,186.868,2533934166.0
79.098,56.0,90196.0,5123.0,48.0,181.87,2533953175.0
79.198,4.0,90196.0,5123.0,47.0,174.425,2533985332.0
79.298,4.0,90196.0,5123.0,47.0,168.816,2533998019.0
79.398,0.0,90196.0,5123.0,47.0,171.502,2534010729.0
79.496,0.0,90196.0,5123.0,51.0,209.807,2534049326.0
79.598,100.0,90196.0,5123.0,55.0,264.774,2534119402.0
79.698,100.0,90196.0,5123.0,57.0,309.3,2534187850.0
79.798,100.0,90196.0,5123.0,58.0,349.198,2534248848.0
79.898,100.0,90196.0,5123.0,59.0,392.478,2534311532.0
79.998,100.0,90196.0,5123.0,60.0,440.843,2534375489.0
80.098,100.0,90196.0,5123.0,60.0,484.521,2534435340.0
80.198,100.0,90196.0,5123.0,61.0,537.374,2534498616.0
80.298,100.0,90196.0,5123.0,62.0,584.16,2534560874.0
80.398,100.0,90196.0,5123.0,62.0,629.98,2534625201.0
80.498,100.0,90196.0,5123.0,59.0,628.233,2534685731.0
80.598,65.0,90196.0,5123.0,56.0,585.413,2534723725.0
80.698,65.0,90196.0,5123.0,55.0,543.49,2534750203.0
80.798,62.0,90196.0,5123.0,54.0,510.451,2534776940.0
80.898,62.0,90196.0,5123.0,54.0,474.059,2534802751.0
80.998,63.0,90196.0,5123.0,53.0,437.747,2534827657.0
81.098,63.0,90196.0,5123.0,53.0,408.08,2534854968.0
81.198,63.0,90196.0,5123.0,53.0,364.001,2534881259.0
81.298,63.0,90196.0,5123.0,53.0,335.513,2534907890.0
81.398,63.0,90196.0,5123.0,53.0,295.728,2534907890.0
81.498,63.0,90196.0,5123.0,52.0,264.266,2534933518.0
81.598,63.0,90196.0,5123.0,52.0,264.559,2534960421.0
81.698,63.0,90196.0,5123.0,52.0,264.394,2535014276.0
81.798,63.0,90196.0,5123.0,52.0,261.886,2535039045.0
81.898,63.0,90196.0,5123.0,52.0,263.303,2535064774.0
81.997,63.0,90196.0,5123.0,52.0,266.323,2535091993.0
82.096,63.0,90196.0,5123.0,52.0,265.93,2535119915.0
82.198,62.0,90196.0,5123.0,52.0,267.619,2535147337.0
82.298,62.0,90196.0,5123.0,52.0,268.561,2535174935.0
82.398,63.0,90196.0,5123.0,52.0,268.176,2535200471.0
82.498,63.0,90196.0,5123.0,52.0,266.846,2535226416.0
82.598,63.0,90196.0,5123.0,52.0,266.948,2535253918.0
82.698,63.0,90196.0,5123.0,51.0,266.193,2535279354.0
82.798,63.0,90196.0,5123.0,52.0,268.199,2535304741.0
82.898,63.0,90196.0,5123.0,51.0,269.668,2535333054.0
82.998,63.0,90196.0,5123.0,51.0,269.039,2535360563.0
83.098,63.0,90196.0,5123.0,51.0,268.082,2535387973.0
83.198,64.0,90196.0,5123.0,51.0,266.881,2535413433.0
83.298,64.0,90196.0,5123.0,51.0,267.478,2535440257.0
83.398,64.0,90196.0,5123.0,51.0,268.22,2535467715.0
83.498,64.0,90196.0,5123.0,51.0,268.282,2535493436.0
83.598,61.0,90196.0,5123.0,51.0,266.123,2535519177.0
83.698,61.0,90196.0,5123.0,51.0,266.503,2535544554.0
83.798,63.0,90196.0,5123.0,51.0,267.082,2535570039.0
83.897,63.0,90196.0,5123.0,51.0,264.256,2535596287.0
83.997,63.0,90196.0,5123.0,51.0,264.256,2535623349.0
84.098,63.0,90196.0,5123.0,51.0,264.147,2535623349.0
84.198,63.0,90196.0,5123.0,51.0,262.71,2535647996.0
84.298,62.0,90196.0,5123.0,51.0,260.673,2535674500.0
84.398,62.0,90196.0,5123.0,51.0,258.623,2535723956.0
84.498,63.0,90196.0,5123.0,51.0,256.763,2535748523.0
84.597,63.0,90196.0,5123.0,51.0,255.14,2535773917.0
84.697,63.0,90196.0,5123.0,51.0,254.499,2535798822.0
84.798,63.0,90196.0,5123.0,51.0,254.05,2535824323.0
84.897,62.0,90196.0,5123.0,51.0,254.42,2535849056.0
84.998,62.0,90196.0,5123.0,51.0,253.423,2535874460.0
85.098,61.0,90196.0,5123.0,51.0,250.969,2535900726.0
85.198,61.0,90196.0,5123.0,51.0,251.407,2535925957.0
85.298,61.0,90196.0,5123.0,51.0,251.84,2535951048.0
85.398,61.0,90196.0,5123.0,51.0,250.679,2535975346.0
85.498,60.0,90196.0,5123.0,50.0,251.375,2535999676.0
85.597,60.0,90196.0,5123.0,50.0,251.167,2536023664.0
85.697,61.0,90196.0,5123.0,50.0,249.768,2536046910.0
85.797,61.0,90196.0,5123.0,50.0,248.473,2536070543.0
85.898,61.0,90196.0,5123.0,50.0,245.402,2536094596.0
85.998,61.0,90196.0,5123.0,50.0,245.479,2536119297.0
86.098,61.0,90196.0,5123.0,50.0,245.44,2536143318.0
86.198,61.0,90196.0,5123.0,50.0,243.701,2536167386.0
86.298,61.0,90196.0,5123.0,50.0,240.596,2536188570.0
86.397,61.0,90196.0,5123.0,50.0,237.591,2536209666.0
86.498,60.0,90196.0,5123.0,50.0,235.261,2536233403.0
86.597,60.0,90196.0,5123.0,50.0,234.677,2536256495.0
86.697,59.0,90196.0,5123.0,50.0,234.39,2536256495.0
86.798,59.0,90196.0,5123.0,50.0,231.771,2536279360.0
86.898,57.0,90196.0,5123.0,50.0,230.827,2536301810.0
86.998,57.0,90196.0,5123.0,49.0,225.875,2536344069.0
87.098,58.0,90196.0,5123.0,49.0,221.802,2536365694.0
87.198,58.0,90196.0,5123.0,49.0,220.867,2536385758.0
87.297,57.0,90196.0,5123.0,49.0,217.601,2536406294.0
87.397,57.0,90196.0,5123.0,49.0,217.452,2536428222.0
87.497,58.0,90196.0,5123.0,49.0,218.152,2536450287.0
87.598,58.0,90196.0,5123.0,49.0,215.567,2536471856.0
87.698,57.0,90196.0,5123.0,49.0,214.077,2536491516.0
87.798,57.0,90196.0,5123.0,49.0,210.492,2536510547.0
87.898,58.0,90196.0,5123.0,49.0,208.642,2536531263.0
87.998,58.0,90196.0,5123.0,49.0,209.243,2536552704.0
88.098,58.0,90196.0,5123.0,49.0,209.398,2536572332.0
88.198,58.0,90196.0,5123.0,49.0,206.89,2536593649.0
88.298,58.0,90196.0,5123.0,49.0,206.361,2536613478.0
88.397,56.0,90196.0,5123.0,49.0,202.983,2536633711.0
88.498,56.0,90196.0,5123.0,49.0,200.824,2536653518.0
88.596,56.0,90196.0,5123.0,48.0,198.24,2536672072.0
88.698,56.0,90196.0,5123.0,48.0,198.423,2536690584.0
88.798,55.0,90196.0,5123.0,48.0,197.608,2536708919.0
88.898,55.0,90196.0,5123.0,48.0,195.338,2536728304.0
88.998,55.0,90196.0,5123.0,48.0,193.329,2536747617.0
89.098,55.0,90196.0,5123.0,48.0,191.504,2536766124.0
89.198,55.0,90196.0,5123.0,48.0,191.504,2536785430.0
89.298,55.0,90196.0,5123.0,48.0,190.172,2536785430.0
89.397,55.0,90196.0,5123.0,48.0,188.818,2536803399.0
89.498,56.0,90196.0,5123.0,48.0,188.747,2536822027.0
89.598,56.0,90196.0,5123.0,48.0,190.063,2536863353.0
89.698,56.0,90196.0,5123.0,48.0,191.927,2536884143.0
89.798,56.0,90196.0,5123.0,48.0,192.156,2536902972.0
89.898,55.0,90196.0,5123.0,48.0,192.316,2536918201.0
89.997,55.0,90196.0,5123.0,47.0,187.174,2536931001.0
90.096,0.0,90196.0,5123.0,47.0,180.514,2536943751.0
90.198,0.0,90196.0,5123.0,47.0,175.478,2536962200.0
90.297,26.0,90196.0,5123.0,52.0,184.963,2537007661.0
90.398,26.0,90196.0,5123.0,56.0,227.973,2537061690.0
90.498,92.0,90196.0,5123.0,57.0,260.919,2537114446.0
90.597,92.0,90196.0,5123.0,58.0,293.962,2537181551.0
90.697,100.0,90196.0,5123.0,58.0,344.863,2537242732.0
90.798,100.0,90196.0,5123.0,60.0,431.382,2537306168.0
90.898,100.0,90196.0,5123.0,59.0,487.347,2537367242.0
90.998,100.0,90196.0,5123.0,60.0,534.186,2537432984.0
91.098,100.0,90196.0,5123.0,62.0,585.879,2537491675.0
91.197,100.0,90196.0,5123.0,60.0,602.527,2537557011.0
91.298,100.0,90196.0,5123.0,56.0,581.137,2537598129.0
91.398,63.0,90196.0,5123.0,55.0,551.967,2537624606.0
91.497,63.0,90196.0,5123.0,55.0,551.967,2537649468.0
91.598,63.0,90196.0,5123.0,54.0,511.324,2537649468.0
91.697,62.0,90196.0,5123.0,54.0,470.923,2537673812.0
91.797,62.0,90196.0,5123.0,53.0,432.704,2537699170.0
91.898,62.0,90196.0,5123.0,53.0,396.967,2537750182.0
91.998,62.0,90196.0,5123.0,53.0,364.582,2537775642.0
92.098,63.0,90196.0,5123.0,53.0,331.899,2537802551.0
92.198,63.0,90196.0,5123.0,52.0,295.655,2537828487.0
92.298,63.0,90196.0,5123.0,52.0,259.292,2537852962.0
92.398,63.0,90196.0,5123.0,52.0,257.555,2537878761.0
92.498,63.0,90196.0,5123.0,52.0,255.072,2537903629.0
92.598,63.0,90196.0,5123.0,52.0,255.587,2537928503.0
92.697,63.0,90196.0,5123.0,52.0,257.518,2537954825.0
92.798,63.0,90196.0,5123.0,52.0,258.939,2537981904.0
92.898,63.0,90196.0,5123.0,52.0,257.426,2538006009.0
92.997,63.0,90196.0,5123.0,52.0,257.085,2538032903.0
93.098,62.0,90196.0,5123.0,52.0,259.025,2538059371.0
93.196,62.0,90196.0,5123.0,52.0,254.876,2538083814.0
93.298,63.0,90196.0,5123.0,52.0,254.032,2538108730.0
93.398,63.0,90196.0,5123.0,51.0,254.689,2538133792.0
93.498,63.0,90196.0,5123.0,51.0,254.421,2538159194.0
93.597,63.0,90196.0,5123.0,51.0,253.259,2538183033.0
93.697,63.0,90196.0,5123.0,51.0,250.62,2538208231.0
93.797,63.0,90196.0,5123.0,51.0,253.492,2538233874.0
93.897,63.0,90196.0,5123.0,51.0,250.93,2538259715.0
93.996,63.0,90196.0,5123.0,51.0,250.202,2538284906.0
94.098,63.0,90196.0,5123.0,51.0,253.123,2538312139.0
94.198,63.0,90196.0,5123.0,51.0,255.18,2538312139.0
94.298,63.0,90196.0,5123.0,51.0,256.289,2538338424.0
94.397,62.0,90196.0,5123.0,51.0,257.669,2538364144.0
94.497,62.0,90196.0,5123.0,51.0,258.193,2538415930.0
94.596,63.0,90196.0,5123.0,51.0,259.099,2538441793.0
94.697,63.0,90196.0,5123.0,51.0,260.415,2538468651.0
94.797,62.0,90196.0,5123.0,51.0,256.72,2538493228.0
94.898,62.0,90196.0,5123.0,51.0,258.073,2538518782.0
94.998,60.0,90196.0,5123.0,51.0,254.884,2538542105.0
95.098,60.0,90196.0,5123.0,51.0,252.852,2538566433.0
95.196,60.0,90196.0,5123.0,51.0,249.253,2538590549.0
95.298,60.0,90196.0,5123.0,51.0,246.465,2538613824.0
95.398,61.0,90196.0,5123.0,51.0,243.607,2538637031.0
95.497,61.0,90196.0,5123.0,51.0,242.245,2538660067.0
95.598,60.0,90196.0,5123.0,50.0,239.469,2538684137.0
95.697,60.0,90196.0,5123.0,50.0,235.504,2538707191.0
95.798,61.0,90196.0,5123.0,50.0,235.732,2538728761.0
95.898,61.0,90196.0,5123.0,50.0,235.721,2538753076.0
95.998,60.0,90196.0,5123.0,50.0,233.473,2538778333.0
96.098,60.0,90196.0,5123.0,50.0,233.1,2538800154.0
96.198,60.0,90196.0,5123.0,50.0,233.176,2538824677.0
96.298,60.0,90196.0,5123.0,50.0,231.679,2538846665.0
96.398,60.0,90196.0,5123.0,50.0,231.905,2538868946.0
96.498,60.0,90196.0,5123.0,50.0,230.13,2538891760.0
96.598,58.0,90196.0,5123.0,50.0,229.329,2538913378.0
96.696,58.0,90196.0,5123.0,50.0,229.559,2538935121.0
96.798,58.0,90196.0,5123.0,50.0,229.559,2538956143.0
96.898,58.0,90196.0,5123.0,49.0,227.591,2538956143.0
96.996,58.0,90196.0,5123.0,49.0,223.443,2538977775.0
97.096,56.0,90196.0,5123.0,49.0,220.475,2538997713.0
97.197,56.0,90196.0,5123.0,49.0,218.294,2539039457.0
97.298,58.0,90196.0,5123.0,49.0,215.55,2539060388.0
97.398,58.0,90196.0,5123.0,49.0,214.482,2539080065.0
97.497,57.0,90196.0,5123.0,49.0,211.015,2539100238.0
97.598,57.0,90196.0,5123.0,49.0,209.358,2539120352.0
97.698,58.0,90196.0,5123.0,49.0,207.326,2539141038.0
97.798,58.0,90196.0,5123.0,49.0,204.181,2539159573.0
97.899,57.0,90196.0,5123.0,49.0,203.235,2539180253.0
97.998,57.0,90196.0,5123.0,49.0,202.667,2539200825.0
98.097,57.0,90196.0,5123.0,49.0,202.774,2539220611.0
98.198,57.0,90196.0,5123.0,49.0,200.736,2539240252.0
98.298,56.0,90196.0,5123.0,49.0,200.375,2539259724.0
98.397,56.0,90196.0,5123.0,48.0,199.576,2539280180.0
98.498,56.0,90196.0,5123.0,48.0,199.772,2539300309.0
98.598,56.0,90196.0,5123.0,48.0,198.866,2539319916.0
98.698,55.0,90196.0,5123.0,48.0,198.63,2539339183.0
98.798,55.0,90196.0,5123.0,48.0,198.977,2539358789.0
98.898,55.0,90196.0,5123.0,48.0,198.077,2539378424.0
98.997,55.0,90196.0,5123.0,48.0,197.187,2539398501.0
99.098,55.0,90196.0,5123.0,48.0,196.938,2539417223.0
99.197,55.0,90196.0,5123.0,48.0,196.697,2539436156.0
99.297,55.0,90196.0,5123.0,48.0,196.436,2539455383.0
99.398,56.0,90196.0,5123.0,48.0,195.609,2539476079.0
99.496,56.0,90196.0,5123.0,48.0,194.914,2539476079.0
99.598,56.0,90196.0,5123.0,48.0,192.89,2539494373.0
99.697,56.0,90196.0,5123.0,48.0,191.488,2539514390.0
99.798,55.0,90196.0,5123.0,48.0,191.167,2539550506.0
99.897,55.0,90196.0,5123.0,48.0,190.996,2539569622.0
99.997,55.0,90196.0,5123.0,48.0,192.019,2539588877.0
100.097,55.0,90196.0,5123.0,48.0,192.732,2539609301.0
100.198,56.0,90196.0,5123.0,48.0,191.769,2539629776.0
100.298,56.0,90196.0,5123.0,48.0,192.1,2539647796.0
100.398,55.0,90196.0,5123.0,48.0,190.913,2539668136.0
100.497,55.0,90196.0,5123.0,47.0,191.798,2539686718.0
100.598,5.0,90196.0,5123.0,47.0,186.034,2539704205.0
100.698,5.0,90196.0,5123.0,47.0,181.445,2539716894.0
100.796,16.0,90196.0,5123.0,52.0,194.975,2539730911.0
100.898,16.0,90196.0,5123.0,55.0,236.347,2539779813.0
100.997,100.0,90196.0,5123.0,56.0,278.016,2539842340.0
101.098,100.0,90196.0,5123.0,58.0,322.267,2539906206.0
101.198,100.0,90196.0,5123.0,59.0,365.859,2539968424.0
101.297,100.0,90196.0,5123.0,60.0,411.214,2540031767.0
101.396,100.0,90196.0,5123.0,60.0,451.83,2540095302.0
101.497,100.0,90196.0,5123.0,61.0,501.255,2540158348.0
101.597,100.0,90196.0,5123.0,61.0,542.139,2540223110.0
101.698,100.0,90196.0,5123.0,56.0,566.596,2540273945.0
101.798,62.0,90196.0,5123.0,55.0,559.128,2540299677.0
101.898,62.0,90196.0,5123.0,55.0,559.128,2540325169.0
101.998,62.0,90196.0,5123.0,54.0,522.533,2540325169.0
102.097,62.0,90196.0,5123.0,53.0,483.825,2540349540.0
102.198,62.0,90196.0,5123.0,53.0,442.751,2540399319.0
102.298,60.0,90196.0,5123.0,52.0,411.597,2540423453.0
102.398,60.0,90196.0,5123.0,52.0,372.19,2540448181.0
102.498,62.0,90196.0,5123.0,52.0,331.964,2540472273.0
102.598,62.0,90196.0,5123.0,52.0,295.025,2540496606.0
102.698,62.0,90196.0,5123.0,52.0,257.257,2540521430.0
102.797,62.0,90196.0,5123.0,51.0,246.66,2540546068.0
102.898,62.0,90196.0,5123.0,51.0,245.8,2540571185.0
102.997,62.0,90196.0,5123.0,51.0,246.019,2540595489.0
103.098,62.0,90196.0,5123.0,51.0,246.821,2540621263.0
103.197,62.0,90196.0,5123.0,51.0,246.977,2540645531.0
103.298,62.0,90196.0,5123.0,51.0,248.014,2540670655.0
103.397,62.0,90196.0,5123.0,51.0,248.484,2540695437.0
103.497,62.0,90196.0,5123.0,51.0,247.101,2540719982.0
103.598,62.0,90196.0,5123.0,51.0,247.457,2540744420.0
103.698,62.0,90196.0,5123.0,51.0,246.648,2540769228.0
103.798,62.0,90196.0,5123.0,51.0,245.666,2540793261.0
103.897,61.0,90196.0,5123.0,51.0,246.225,2540817732.0
103.998,61.0,90196.0,5123.0,51.0,247.175,2540842835.0
104.097,61.0,90196.0,5123.0,51.0,246.802,2540868255.0
104.198,61.0,90196.0,5123.0,51.0,246.918,2540893569.0
104.297,61.0,90196.0,5123.0,51.0,246.532,2540917108.0
104.398,61.0,90196.0,5123.0,51.0,244.799,2540942053.0
104.498,61.0,90196.0,5123.0,50.0,247.105,2540967442.0
104.597,61.0,90196.0,5123.0,50.0,246.815,2540967442.0
104.698,61.0,90196.0,5123.0,50.0,247.478,2540991968.0
104.797,61.0,90196.0,5123.0,50.0,247.175,2541014963.0
104.898,61.0,90196.0,5123.0,50.0,245.152,2541062542.0
104.998,61.0,90196.0,5123.0,50.0,244.773,2541087316.0
105.098,60.0,90196.0,5123.0,50.0,244.057,2541111816.0
105.197,60.0,90196.0,5123.0,50.0,243.909,2541135348.0
105.297,61.0,90196.0,5123.0,50.0,240.758,2541158536.0
105.398,61.0,90196.0,5123.0,50.0,240.919,2541181749.0
105.497,60.0,90196.0,5123.0,50.0,238.259,2541204294.0
105.597,60.0,90196.0,5123.0,50.0,235.843,2541226691.0
105.698,61.0,90196.0,5123.0,50.0,235.367,2541250749.0
105.797,61.0,90196.0,5123.0,50.0,236.447,2541275035.0
105.897,61.0,90196.0,5123.0,50.0,237.364,2541298946.0
105.997,61.0,90196.0,5123.0,50.0,236.247,2541323181.0
106.098,61.0,90196.0,5123.0,50.0,236.237,2541346731.0
106.198,61.0,90196.0,5123.0,50.0,235.166,2541370660.0
106.298,61.0,90196.0,5123.0,50.0,237.595,2541394011.0
106.398,61.0,90196.0,5123.0,50.0,238.965,2541418580.0
106.498,61.0,90196.0,5123.0,50.0,239.497,2541442883.0
106.598,61.0,90196.0,5123.0,50.0,241.91,2541466878.0
106.698,61.0,90196.0,5123.0,50.0,241.584,2541489436.0
106.798,61.0,90196.0,5123.0,50.0,239.118,2541512815.0
106.898,58.0,90196.0,5123.0,50.0,237.175,2541534026.0
106.998,58.0,90196.0,5123.0,49.0,233.929,2541554430.0
107.098,58.0,90196.0,5123.0,49.0,230.388,2541554430.0
107.198,58.0,90196.0,5123.0,49.0,226.125,2541574684.0
107.298,57.0,90196.0,5123.0,49.0,222.16,2541594610.0
107.397,57.0,90196.0,5123.0,49.0,218.089,2541636784.0
107.497,58.0,90196.0,5123.0,49.0,217.546,2541658456.0
107.597,58.0,90196.0,5123.0,49.0,212.715,2541678935.0
107.697,58.0,90196.0,5123.0,49.0,209.959,2541699248.0
107.798,58.0,90196.0,5123.0,49.0,205.908,2541719359.0
107.898,58.0,90196.0,5123.0,49.0,205.043,2541739632.0
107.998,58.0,90196.0,5123.0,49.0,204.027,2541759732.0
108.098,58.0,90196.0,5123.0,49.0,204.071,2541780703.0
108.197,58.0,90196.0,5123.0,49.0,203.897,2541799604.0
108.298,58.0,90196.0,5123.0,49.0,203.124,2541819021.0
108.397,58.0,90196.0,5123.0,48.0,203.047,2541838088.0
108.498,56.0,90196.0,5123.0,48.0,200.642,2541858758.0
108.598,56.0,90196.0,5123.0,48.0,198.741,2541877810.0
108.697,56.0,90196.0,5123.0,48.0,198.24,2541896756.0
108.798,56.0,90196.0,5123.0,48.0,198.539,2541917359.0
108.898,56.0,90196.0,5123.0,48.0,197.167,2541936681.0
108.998,56.0,90196.0,5123.0,48.0,197.341,2541956304.0
109.098,55.0,90196.0,5123.0,48.0,196.283,2541975372.0
109.197,55.0,90196.0,5123.0,48.0,195.819,2541994658.0
109.297,55.0,90196.0,5123.0,48.0,195.079,2542013358.0
109.398,55.0,90196.0,5123.0,48.0,191.9,2542030196.0
109.497,56.0,90196.0,5123.0,48.0,190.547,2542049656.0
109.597,56.0,90196.0,5123.0,48.0,192.765,2542049656.0
109.698,56.0,90196.0,5123.0,48.0,192.586,2542070380.0
109.797,56.0,90196.0,5123.0,48.0,189.96,2542089746.0
109.897,56.0,90196.0,5123.0,48.0,189.574,2542125221.0
109.997,56.0,90196.0,5123.0,48.0,189.514,2542144617.0
110.098,56.0,90196.0,5123.0,48.0,190.028,2542164589.0
110.197,56.0,90196.0,5123.0,48.0,188.956,2542182033.0
110.297,56.0,90196.0,5123.0,48.0,189.365,2542200993.0
110.398,56.0,90196.0,5123.0,48.0,191.973,2542221397.0
110.497,55.0,90196.0,5123.0,48.0,192.248,2542239814.0
110.598,55.0,90196.0,5123.0,48.0,188.879,2542258426.0
110.697,53.0,90196.0,5123.0,48.0,187.381,2542276320.0
110.797,53.0,90196.0,5123.0,47.0,185.75,2542292327.0
110.897,52.0,90196.0,5123.0,47.0,185.86,2542310564.0
110.997,52.0,90196.0,5123.0,47.0,178.666,2542323337.0
111.098,0.0,90196.0,5123.0,47.0,171.754,2542335981.0
111.198,0.0,90196.0,5123.0,47.0,166.635,2542348740.0
111.298,0.0,90196.0,5123.0,46.0,160.788,2542361397.0
111.398,0.0,90196.0,5123.0,46.0,154.155,2542374071.0
111.497,0.0,90196.0,5123.0,46.0,146.567,2542386686.0
111.597,0.0,90196.0,5123.0,46.0,142.278,2542399344.0
111.697,0.0,90196.0,5123.0,46.0,136.715,2542411917.0
111.798,0.0,90196.0,5123.0,46.0,133.45,2542424589.0
111.898,0.0,90196.0,5123.0,46.0,127.517,2542437181.0
111.998,0.0,90196.0,5123.0,46.0,126.508,2542449786.0
112.098,0.0,90196.0,5123.0,46.0,126.418,2542462375.0
112.197,0.0,90196.0,5123.0,46.0,126.342,2542475007.0
112.297,0.0,90196.0,5123.0,46.0,126.342,2542475007.0
112.397,0.0,90196.0,5123.0,46.0,126.263,2542487623.0
112.498,0.0,90196.0,5123.0,46.0,126.28,2542500232.0
112.598,0.0,90196.0,5123.0,46.0,126.299,2542512848.0
112.698,0.0,90196.0,5123.0,46.0,126.317,2542538154.0
112.798,0.0,90196.0,5123.0,46.0,126.268,2542550763.0
112.897,0.0,90196.0,5123.0,46.0,126.265,2542563343.0
112.997,0.0,90196.0,5123.0,46.0,126.302,2542575997.0
113.098,0.0,90196.0,5123.0,46.0,126.33,2542588596.0
113.197,0.0,90196.0,5123.0,46.0,126.308,2542601214.0
113.297,0.0,90196.0,5123.0,46.0,126.257,2542613798.0
113.398,0.0,90196.0,5123.0,46.0,126.239,2542626383.0
113.498,0.0,90196.0,5123.0,46.0,126.185,2542638975.0
113.598,0.0,90196.0,5123.0,46.0,126.14,2542651581.0
113.697,0.0,90196.0,5123.0,45.0,126.084,2542664168.0
113.797,0.0,90196.0,5123.0,45.0,126.035,2542676727.0
113.898,0.0,90196.0,5123.0,45.0,126.056,2542689340.0
113.998,0.0,90196.0,5123.0,45.0,125.956,2542701896.0
114.097,0.0,90196.0,5123.0,45.0,125.953,2542714487.0
114.197,0.0,90196.0,5123.0,45.0,125.915,2542727092.0
114.297,0.0,90196.0,5123.0,45.0,125.92,2542739648.0
114.398,0.0,90196.0,5123.0,45.0,125.938,2542752253.0
114.498,0.0,90196.0,5123.0,45.0,125.921,2542764821.0
114.598,0.0,90196.0,5123.0,45.0,125.842,2542777375.0
114.698,0.0,90196.0,5123.0,45.0,125.863,2542789978.0
114.798,0.0,90196.0,5123.0,45.0,125.855,2542802548.0
114.898,0.0,90196.0,5123.0,45.0,125.862,2542815154.0
114.998,0.0,90196.0,5123.0,45.0,125.873,2542827691.0
115.098,0.0,90196.0,5123.0,45.0,125.827,2542840282.0
115.197,0.0,90196.0,5123.0,45.0,125.865,2542852844.0
115.298,0.0,90196.0,5123.0,45.0,125.8,2542852844.0
115.398,0.0,90196.0,5123.0,45.0,125.865,2542865450.0
115.497,0.0,90196.0,5123.0,45.0,125.883,2542877987.0
115.597,0.0,90196.0,5123.0,45.0,125.853,2542903200.0
115.698,0.0,90196.0,5123.0,45.0,125.837,2542915768.0
115.798,0.0,90196.0,5123.0,45.0,125.813,2542928304.0
115.898,0.0,90196.0,5123.0,45.0,125.821,2542940898.0
115.998,0.0,90196.0,5123.0,45.0,125.85,2542953453.0
116.098,0.0,90196.0,5123.0,45.0,125.81,2542966067.0
116.198,0.0,90196.0,5123.0,45.0,125.807,2542978604.0
116.297,0.0,90196.0,5123.0,45.0,125.784,2542991192.0
116.398,0.0,90196.0,5123.0,45.0,125.754,2543003721.0
116.497,0.0,90196.0,5123.0,45.0,125.757,2543016301.0
116.597,0.0,90196.0,5123.0,45.0,125.799,2543028889.0
116.698,0.0,90196.0,5123.0,45.0,125.829,2543041509.0
116.798,0.0,90196.0,5123.0,45.0,125.842,2543054056.0
116.898,0.0,90196.0,5123.0,45.0,125.819,2543066638.0
116.998,0.0,90196.0,5123.0,45.0,125.802,2543079187.0
117.097,0.0,90196.0,5123.0,45.0,125.78,2543091776.0
117.198,0.0,90196.0,5123.0,45.0,125.796,2543104287.0
117.298,0.0,90196.0,5123.0,45.0,125.781,2543116890.0
117.398,0.0,90196.0,5123.0,45.0,125.827,2543129423.0
117.497,0.0,90196.0,5123.0,45.0,125.779,2543142044.0
117.598,0.0,90196.0,5123.0,45.0,125.776,2543154570.0
117.697,0.0,90196.0,5123.0,45.0,125.746,2543167172.0
117.798,0.0,90196.0,5123.0,45.0,125.779,2543179738.0
117.897,0.0,90196.0,5123.0,45.0,125.733,2543192349.0
117.997,0.0,90196.0,5123.0,45.0,125.749,2543204851.0
118.098,0.0,90196.0,5123.0,45.0,125.748,2543217446.0
118.197,0.0,90196.0,5123.0,45.0,125.739,2543229983.0
118.298,0.0,90196.0,5123.0,45.0,125.739,2543229983.0
118.398,0.0,90196.0,5123.0,45.0,125.767,2543242570.0
118.497,0.0,90196.0,5123.0,45.0,125.743,2543255142.0
118.598,0.0,90196.0,5123.0,45.0,125.754,2543267716.0
118.698,0.0,90196.0,5123.0,45.0,125.774,2543292884.0
118.798,0.0,90196.0,5123.0,45.0,125.789,2543305451.0
118.897,0.0,90196.0,5123.0,45.0,125.73,2543318011.0
118.998,0.0,90196.0,5123.0,45.0,125.804,2543330597.0
119.098,0.0,90196.0,5123.0,45.0,125.822,2543343181.0
119.197,0.0,90196.0,5123.0,45.0,125.836,2543355753.0
119.298,0.0,90196.0,5123.0,45.0,125.854,2543368331.0
119.398,0.0,90196.0,5123.0,45.0,125.893,2543380927.0
119.497,0.0,90196.0,5123.0,45.0,125.841,2543393480.0
119.598,0.0,90196.0,5123.0,45.0,125.849,2543406032.0
119.698,0.0,90196.0,5123.0,45.0,125.776,2543418558.0
119.798,0.0,90196.0,5123.0,45.0,125.796,2543431158.0
119.898,0.0,90196.0,5123.0,45.0,125.765,2543443691.0
119.997,0.0,90196.0,5123.0,45.0,125.768,2543456288.0
120.098,0.0,90196.0,5123.0,45.0,125.737,2543468846.0
120.198,0.0,90196.0,5123.0,45.0,125.743,2543481412.0
120.297,0.0,90196.0,5123.0,45.0,125.708,2543493957.0
120.398,0.0,90196.0,5123.0,45.0,125.711,2543506548.0
120.498,0.0,90196.0,5123.0,45.0,125.678,2543519094.0
120.597,0.0,90196.0,5123.0,45.0,125.718,2543531680.0
120.698,0.0,90196.0,5123.0,45.0,125.695,2543544211.0
120.798,0.0,90196.0,5123.0,45.0,125.736,2543556811.0
120.898,0.0,90196.0,5123.0,45.0,125.676,2543569329.0
120.998,0.0,90196.0,5123.0,45.0,125.688,2543581921.0
121.098,0.0,90196.0,5123.0,45.0,125.688,2543594460.0
121.197,0.0,90196.0,5123.0,45.0,125.716,2543607044.0
121.298,0.0,90196.0,5123.0,45.0,125.69,2543607044.0
121.398,0.0,90196.0,5123.0,45.0,125.701,2543619587.0
121.497,0.0,90196.0,5123.0,45.0,125.694,2543632180.0
121.598,0.0,90196.0,5123.0,45.0,125.688,2543657290.0
121.698,0.0,90196.0,5123.0,45.0,125.675,2543669835.0
121.798,0.0,90196.0,5123.0,45.0,125.664,2543682409.0
121.898,0.0,90196.0,5123.0,45.0,125.669,2543694939.0
121.998,0.0,90196.0,5123.0,45.0,125.678,2543707528.0
122.097,0.0,90196.0,5123.0,45.0,125.663,2543720088.0
122.197,0.0,90196.0,5123.0,45.0,125.692,2543732687.0
122.297,0.0,90196.0,5123.0,45.0,125.701,2543745241.0
122.397,0.0,90196.0,5123.0,45.0,125.712,2543757802.0
122.497,0.0,90196.0,5123.0,45.0,125.701,2543770365.0
122.598,0.0,90196.0,5123.0,45.0,125.701,2543782915.0
122.698,0.0,90196.0,5123.0,45.0,125.699,2543795455.0
122.798,0.0,90196.0,5123.0,45.0,125.712,2543808039.0
122.898,0.0,90196.0,5123.0,45.0,125.72,2543820578.0
122.998,0.0,90196.0,5123.0,45.0,125.681,2543833130.0
123.097,0.0,90196.0,5123.0,45.0,125.674,2543845685.0
123.198,0.0,90196.0,5123.0,45.0,125.654,2543858236.0
123.297,0.0,90196.0,5123.0,45.0,125.657,2543870791.0
123.398,0.0,90196.0,5123.0,45.0,125.63,2543883352.0
123.498,0.0,90196.0,5123.0,45.0,125.641,2543895916.0
123.597,0.0,90196.0,5123.0,45.0,125.621,2543908461.0
123.698,0.0,90196.0,5123.0,45.0,125.667,2543921028.0
123.797,0.0,90196.0,5123.0,45.0,125.615,2543933577.0
123.898,0.0,90196.0,5123.0,45.0,125.638,2543946152.0
123.998,0.0,90196.0,5123.0,45.0,125.671,2543958716.0
124.098,0.0,90196.0,5123.0,45.0,125.61,2543971255.0
124.198,0.0,90196.0,5123.0,45.0,125.61,2543983761.0
124.298,0.0,90196.0,5123.0,45.0,125.624,2543983761.0
124.396,0.0,90196.0,5123.0,45.0,125.582,2543996333.0
124.498,0.0,90196.0,5123.0,45.0,125.619,2544008859.0
124.598,0.0,90196.0,5123.0,45.0,125.595,2544033974.0
124.697,0.0,90196.0,5123.0,45.0,125.615,2544046563.0
124.798,0.0,90196.0,5123.0,45.0,125.589,2544059094.0
124.897,0.0,90196.0,5123.0,45.0,125.616,2544071675.0
124.997,0.0,90196.0,5123.0,45.0,125.565,2544084203.0
125.097,0.0,90196.0,5123.0,45.0,125.618,2544096812.0
125.198,0.0,90196.0,5123.0,45.0,125.595,2544109332.0
125.298,0.0,90196.0,5123.0,45.0,125.633,2544121891.0
125.398,0.0,90196.0,5123.0,45.0,125.608,2544134427.0
125.498,0.0,90196.0,5123.0,45.0,125.633,2544147002.0
125.597,0.0,90196.0,5123.0,45.0,125.633,2544159535.0
125.697,0.0,90196.0,5123.0,45.0,125.627,2544172106.0
125.799,0.0,90196.0,5123.0,45.0,125.615,2544184624.0
125.897,0.0,90196.0,5123.0,45.0,125.603,2544197199.0
125.998,0.0,90196.0,5123.0,45.0,125.584,2544209737.0
126.097,0.0,90196.0,5123.0,45.0,125.582,2544222305.0
126.197,0.0,90196.0,5123.0,45.0,125.588,2544234858.0
126.298,0.0,90196.0,5123.0,45.0,125.606,2544247429.0
126.397,0.0,90196.0,5123.0,45.0,125.609,2544259971.0
126.498,0.0,90196.0,5123.0,45.0,125.61,2544272552.0
126.598,0.0,90196.0,5123.0,45.0,125.616,2544285096.0
126.698,0.0,90196.0,5123.0,45.0,125.613,2544297648.0
126.798,0.0,90196.0,5123.0,45.0,125.624,2544310194.0
126.898,0.0,90196.0,5123.0,45.0,125.596,2544322743.0
126.998,0.0,90196.0,5123.0,45.0,125.618,2544335304.0
127.098,0.0,90196.0,5123.0,45.0,125.633,2544347872.0
127.197,0.0,90196.0,5123.0,45.0,125.641,2544360426.0
127.298,0.0,90196.0,5123.0,45.0,125.61,2544360426.0
127.398,0.0,90196.0,5123.0,45.0,125.6,2544372943.0
127.498,0.0,90196.0,5123.0,45.0,125.561,2544385500.0
127.598,0.0,90196.0,5123.0,45.0,125.584,2544410621.0
127.698,0.0,90196.0,5123.0,45.0,125.552,2544423144.0
127.798,0.0,90196.0,5123.0,45.0,125.567,2544435701.0
127.898,0.0,90196.0,5123.0,45.0,125.552,2544448241.0
127.998,0.0,90196.0,5123.0,45.0,125.583,2544460816.0
128.096,0.0,90196.0,5123.0,45.0,125.523,2544473344.0
128.198,0.0,90196.0,5123.0,45.0,125.541,2544485911.0
128.298,0.0,90196.0,5123.0,45.0,125.546,2544498456.0
128.398,0.0,90196.0,5123.0,45.0,125.615,2544511047.0
128.497,0.0,90196.0,5123.0,45.0,125.601,2544523589.0
128.598,0.0,90196.0,5123.0,45.0,125.624,2544536176.0
128.698,0.0,90196.0,5123.0,45.0,125.618,2544548709.0
128.798,0.0,90196.0,5123.0,45.0,125.641,2544561270.0
128.898,0.0,90196.0,5123.0,45.0,125.613,2544573801.0
128.997,0.0,90196.0,5123.0,45.0,125.626,2544586365.0
129.098,0.0,90196.0,5123.0,45.0,125.596,2544598887.0
129.198,0.0,90196.0,5123.0,45.0,125.597,2544611443.0
129.297,0.0,90196.0,5123.0,45.0,125.552,2544623944.0
129.398,0.0,90196.0,5123.0,45.0,125.549,2544636517.0
129.497,0.0,90196.0,5123.0,45.0,125.512,2544649045.0
129.598,0.0,90196.0,5123.0,45.0,125.524,2544661622.0
129.698,0.0,90196.0,5123.0,45.0,125.524,2544674167.0
129.797,0.0,90196.0,5123.0,45.0,125.542,2544686739.0
129.898,0.0,90196.0,5123.0,45.0,125.543,2544699286.0
129.998,0.0,90196.0,5123.0,45.0,125.531,2544711819.0
130.098,0.0,90196.0,5123.0,45.0,125.573,2544724379.0
130.198,0.0,90196.0,5123.0,45.0,125.577,2544724379.0
130.298,0.0,90196.0,5123.0,45.0,125.634,2544736942.0
130.396,0.0,90196.0,5123.0,45.0,125.599,2544749505.0
130.497,0.0,90196.0,5123.0,45.0,125.661,2544774628.0
130.597,0.0,90196.0,5123.0,45.0,125.625,2544787170.0
130.698,0.0,90196.0,5123.0,45.0,125.631,2544799738.0
130.797,0.0,90196.0,5123.0,45.0,125.591,2544812269.0
130.897,0.0,90196.0,5123.0,45.0,125.602,2544824824.0
130.998,0.0,90196.0,5123.0,45.0,125.583,2544837343.0
131.098,0.0,90196.0,5123.0,45.0,125.605,2544849916.0
131.198,0.0,90196.0,5123.0,45.0,125.574,2544862455.0
131.298,0.0,90196.0,5123.0,45.0,125.588,2544875032.0
131.398,0.0,90196.0,5123.0,45.0,125.578,2544887561.0
131.498,0.0,90196.0,5123.0,45.0,125.596,2544900139.0
131.598,0.0,90196.0,5123.0,45.0,125.555,2544912664.0
131.698,0.0,90196.0,5123.0,45.0,125.577,2544925233.0
131.798,0.0,90196.0,5123.0,45.0,125.546,2544937746.0
131.898,0.0,90196.0,5123.0,45.0,125.596,2544950330.0
131.997,0.0,90196.0,5123.0,45.0,125.562,2544962852.0
132.097,0.0,90196.0,5123.0,45.0,125.584,2544975415.0
132.198,0.0,90196.0,5123.0,45.0,125.565,2544987949.0
132.298,0.0,90196.0,5123.0,45.0,125.587,2545000515.0
132.398,0.0,90196.0,5123.0,45.0,125.575,2545013062.0
132.498,0.0,90196.0,5123.0,45.0,125.578,2545025638.0
132.598,0.0,90196.0,5123.0,45.0,125.595,2545038184.0
132.698,0.0,90196.0,5123.0,45.0,125.602,2545050731.0
132.797,0.0,90196.0,5123.0,45.0,125.614,2545063268.0
132.898,0.0,90196.0,5123.0,45.0,125.603,2545075814.0
132.997,0.0,90196.0,5123.0,45.0,125.603,2545075814.0
133.098,0.0,90196.0,5123.0,45.0,125.605,2545088351.0
133.198,0.0,90196.0,5123.0,45.0,125.602,2545100903.0
133.297,0.0,90196.0,5123.0,45.0,125.596,2545125996.0
133.398,0.0,90196.0,5123.0,45.0,125.579,2545138520.0
133.498,0.0,90196.0,5123.0,45.0,125.556,2545151033.0
133.597,0.0,90196.0,5123.0,45.0,125.512,2545163576.0
133.698,0.0,90196.0,5123.0,45.0,125.486,2545176133.0
133.798,0.0,90196.0,5123.0,45.0,125.483,2545188675.0
133.898,0.0,90196.0,5123.0,45.0,125.489,2545201228.0
133.997,0.0,90196.0,5123.0,45.0,125.478,2545213789.0
134.098,0.0,90196.0,5123.0,45.0,125.51,2545226311.0
134.198,0.0,90196.0,5123.0,45.0,125.471,2545238883.0
134.298,0.0,90196.0,5123.0,45.0,125.495,2545251411.0
134.398,0.0,90196.0,5123.0,45.0,125.46,2545263992.0
134.497,0.0,90196.0,5123.0,45.0,125.52,2545276518.0
134.598,0.0,90196.0,5123.0,45.0,125.533,2545289099.0
134.698,0.0,90196.0,5123.0,45.0,125.579,2545301625.0
134.798,0.0,90196.0,5123.0,45.0,125.529,2545314189.0
134.897,0.0,90196.0,5123.0,45.0,125.595,2545326721.0
134.998,0.0,90196.0,5123.0,45.0,125.55,2545339300.0
135.097,0.0,90196.0,5123.0,45.0,125.587,2545351815.0
135.197,0.0,90196.0,5123.0,45.0,125.558,2545364387.0
135.298,0.0,90196.0,5123.0,45.0,125.592,2545376892.0
135.398,0.0,90196.0,5123.0,45.0,125.547,2545389461.0
135.498,0.0,90196.0,5123.0,45.0,125.56,2545401974.0
135.597,0.0,90196.0,5123.0,45.0,125.528,2545414536.0
135.698,0.0,90196.0,5123.0,45.0,125.55,2545427077.0
135.797,0.0,90196.0,5123.0,45.0,125.555,2545439611.0
135.898,0.0,90196.0,5123.0,45.0,125.524,2545439611.0
135.998,0.0,90196.0,5123.0,45.0,125.524,2545452156.0
136.098,0.0,90196.0,5123.0,45.0,125.51,2545464706.0
136.198,0.0,90196.0,5123.0,45.0,125.51,2545477255.0
136.298,0.0,90196.0,5123.0,45.0,125.551,2545502356.0
136.398,0.0,90196.0,5123.0,45.0,125.524,2545514890.0
136.498,0.0,90196.0,5123.0,45.0,125.545,2545527441.0
136.597,0.0,90196.0,5123.0,45.0,125.484,2545539954.0
136.697,0.0,90196.0,5123.0,45.0,125.515,2545552521.0
136.798,0.0,90196.0,5123.0,45.0,125.484,2545565048.0
136.897,0.0,90196.0,5123.0,45.0,125.528,2545577619.0
136.998,0.0,90196.0,5123.0,45.0,125.488,2545590149.0
137.098,0.0,90196.0,5123.0,45.0,125.502,2545602705.0
137.198,0.0,90196.0,5123.0,45.0,125.459,2545615219.0
137.298,0.0,90196.0,5123.0,45.0,125.499,2545627782.0
137.397,0.0,90196.0,5123.0,45.0,125.465,2545640286.0
137.498,0.0,90196.0,5123.0,45.0,125.468,2545652849.0
137.598,0.0,90196.0,5123.0,45.0,125.481,2545665362.0
137.698,0.0,90196.0,5123.0,45.0,125.487,2545677925.0
137.798,0.0,90196.0,5123.0,45.0,125.474,2545690425.0
137.898,0.0,90196.0,5123.0,45.0,125.459,2545702989.0
137.998,0.0,90196.0,5123.0,45.0,125.452,2545715502.0
138.098,0.0,90196.0,5123.0,45.0,125.461,2545728065.0
138.197,0.0,90196.0,5123.0,45.0,125.455,2545740569.0
138.298,0.0,90196.0,5123.0,45.0,125.438,2545753117.0
138.398,0.0,90196.0,5123.0,45.0,125.447,2545765646.0
138.498,0.0,90196.0,5123.0,45.0,125.457,2545778222.0
138.598,0.0,90196.0,5123.0,45.0,125.462,2545790736.0
138.698,0.0,90196.0,5123.0,45.0,125.425,2545803262.0
138.798,0.0,90196.0,5123.0,45.0,125.451,2545815798.0
138.897,0.0,90196.0,5123.0,45.0,125.415,2545815798.0
138.998,0.0,90196.0,5123.0,45.0,125.416,2545828329.0
139.096,0.0,90196.0,5123.0,45.0,125.357,2545840840.0
139.198,0.0,90196.0,5123.0,45.0,125.422,2545865926.0
139.298,0.0,90196.0,5123.0,45.0,125.41,2545878468.0
139.397,0.0,90196.0,5123.0,45.0,125.43,2545891006.0
139.498,0.0,90196.0,5123.0,45.0,125.373,2545903526.0
139.598,0.0,90196.0,5123.0,45.0,125.434,2545916091.0
139.698,0.0,90196.0,5123.0,45.0,125.4,2545928601.0
139.798,0.0,90196.0,5123.0,45.0,125.418,2545941151.0
139.898,0.0,90196.0,5123.0,45.0,125.424,2545953676.0
139.998,0.0,90196.0,5123.0,45.0,125.498,2545966258.0
140.097,0.0,90196.0,5123.0,45.0,125.46,2545978738.0
140.197,0.0,90196.0,5123.0,45.0,125.461,2545991294.0
140.298,0.0,90196.0,5123.0,45.0,125.414,2546003792.0
140.398,0.0,90196.0,5123.0,45.0,125.443,2546016358.0
140.498,0.0,90196.0,5123.0,45.0,125.449,2546028880.0
140.598,0.0,90196.0,5123.0,45.0,125.461,2546041451.0
140.698,0.0,90196.0,5123.0,45.0,125.451,2546053961.0
140.799,0.0,90196.0,5123.0,45.0,125.452,2546066512.0
140.898,0.0,90196.0,5123.0,45.0,125.464,2546079058.0
140.998,0.0,90196.0,5123.0,45.0,125.433,2546091631.0
141.097,0.0,90196.0,5123.0,45.0,125.46,2546104117.0
141.198,0.0,90196.0,5123.0,45.0,125.434,2546116661.0
141.298,0.0,90196.0,5123.0,45.0,125.429,2546129148.0
141.398,0.0,90196.0,5123.0,45.0,125.396,2546141689.0
141.498,0.0,90196.0,5123.0,45.0,125.383,2546154204.0
141.598,0.0,90196.0,5123.0,45.0,125.361,2546166744.0
141.698,0.0,90196.0,5123.0,45.0,125.361,2546179262.0
141.797,0.0,90196.0,5123.0,45.0,125.341,2546191795.0
141.898,0.0,90196.0,5123.0,45.0,125.341,2546191795.0
141.997,0.0,90196.0,5123.0,45.0,125.346,2546204326.0
142.097,0.0,90196.0,5123.0,45.0,125.306,2546216869.0
142.198,0.0,90196.0,5123.0,45.0,125.344,2546229391.0
142.298,0.0,90196.0,5123.0,45.0,125.33,2546254480.0
142.398,0.0,90196.0,5123.0,45.0,125.369,2546267010.0
142.498,0.0,90196.0,5123.0,45.0,125.424,2546279561.0
142.598,0.0,90196.0,5123.0,45.0,125.378,2546292065.0
142.697,0.0,90196.0,5123.0,45.0,125.416,2546304617.0
142.798,0.0,90196.0,5123.0,45.0,125.384,2546317128.0
142.898,0.0,90196.0,5123.0,45.0,125.4,2546329673.0
142.998,0.0,90196.0,5123.0,45.0,125.373,2546342187.0
143.097,0.0,90196.0,5123.0,45.0,125.413,2546354734.0
143.197,0.0,90196.0,5123.0,45.0,125.388,2546367240.0
143.298,0.0,90196.0,5123.0,45.0,125.395,2546379782.0
143.398,0.0,90196.0,5123.0,45.0,125.376,2546392284.0
143.498,0.0,90196.0,5123.0,45.0,125.382,2546404856.0
143.598,0.0,90196.0,5123.0,45.0,125.377,2546417361.0
143.698,0.0,90196.0,5123.0,45.0,125.389,2546429909.0
143.798,0.0,90196.0,5123.0,45.0,125.395,2546442425.0
143.898,0.0,90196.0,5123.0,45.0,125.399,2546454971.0
143.998,0.0,90196.0,5123.0,45.0,125.428,2546467513.0
144.098,0.0,90196.0,5123.0,45.0,125.386,2546480042.0
144.198,0.0,90196.0,5123.0,45.0,125.38,2546492539.0
144.298,0.0,90196.0,5123.0,45.0,125.365,2546505076.0
144.398,0.0,90196.0,5123.0,45.0,125.39,2546517601.0
144.498,0.0,90196.0,5123.0,45.0,125.334,2546530116.0
144.597,0.0,90196.0,5123.0,45.0,125.374,2546542646.0
144.697,0.0,90196.0,5123.0,45.0,125.331,2546542646.0
144.798,0.0,90196.0,5123.0,45.0,125.362,2546555161.0
144.898,0.0,90196.0,5123.0,45.0,125.312,2546567703.0
144.998,0.0,90196.0,5123.0,45.0,125.306,2546592741.0
145.098,0.0,90196.0,5123.0,45.0,125.289,2546605247.0
145.198,0.0,90196.0,5123.0,45.0,125.348,2546617806.0
145.298,0.0,90196.0,5123.0,45.0,125.319,2546630321.0
145.398,0.0,90196.0,5123.0,45.0,125.377,2546642894.0
145.497,0.0,90196.0,5123.0,45.0,125.388,2546655411.0
145.598,0.0,90196.0,5123.0,45.0,125.397,2546667963.0
145.697,0.0,90196.0,5123.0,45.0,125.357,2546680454.0
145.797,0.0,90196.0,5123.0,45.0,125.372,2546693003.0
145.898,0.0,90196.0,5123.0,45.0,125.359,2546705500.0
145.998,0.0,90196.0,5123.0,45.0,125.403,2546718061.0
146.098,0.0,90196.0,5123.0,45.0,125.395,2546730580.0
146.198,0.0,90196.0,5123.0,45.0,125.419,2546743152.0
146.298,0.0,90196.0,5123.0,45.0,125.419,2546755663.0
146.398,0.0,90196.0,5123.0,45.0,125.375,2546768192.0
146.498,0.0,90196.0,5123.0,45.0,125.372,2546780711.0
146.598,0.0,90196.0,5123.0,45.0,125.365,2546793271.0
146.698,0.0,90196.0,5123.0,45.0,125.404,2546805780.0
146.798,0.0,90196.0,5123.0,45.0,125.383,2546818309.0
146.898,0.0,90196.0,5123.0,45.0,125.38,2546830823.0
146.998,0.0,90196.0,5123.0,45.0,125.336,2546843347.0
147.098,0.0,90196.0,5123.0,45.0,125.376,2546855887.0
147.198,0.0,90196.0,5123.0,45.0,125.293,2546868385.0
147.298,0.0,90196.0,5123.0,45.0,125.31,2546880896.0
147.397,0.0,90196.0,5123.0,45.0,125.262,2546893385.0
147.498,0.0,90196.0,5123.0,45.0,125.262,2546893385.0
147.598,0.0,90196.0,5123.0,45.0,125.294,2546905919.0
147.696,0.0,90196.0,5123.0,45.0,125.248,2546918440.0
147.798,0.0,90196.0,5123.0,45.0,125.288,2546943513.0
147.898,0.0,90196.0,5123.0,45.0,125.26,2546956082.0
147.998,0.0,90196.0,5123.0,45.0,125.335,2546968582.0
148.098,0.0,90196.0,5123.0,45.0,125.32,2546981134.0
148.197,0.0,90196.0,5123.0,45.0,125.34,2546993633.0
148.298,0.0,90196.0,5123.0,45.0,125.373,2547006181.0
148.398,0.0,90196.0,5123.0,45.0,125.372,2547018679.0
148.498,0.0,90196.0,5123.0,45.0,125.392,2547031293.0
148.598,0.0,90196.0,5123.0,45.0,125.429,2547043793.0
148.698,0.0,90196.0,5123.0,45.0,125.449,2547056335.0
148.798,0.0,90196.0,5123.0,45.0,125.414,2547068867.0
148.898,0.0,90196.0,5123.0,45.0,125.449,2547081397.0
148.996,0.0,90196.0,5123.0,45.0,125.383,2547093904.0
149.098,0.0,90196.0,5123.0,45.0,125.412,2547106457.0
149.197,0.0,90196.0,5123.0,45.0,125.383,2547118967.0
149.298,0.0,90196.0,5123.0,45.0,125.437,2547131509.0
149.398,0.0,90196.0,5123.0,45.0,125.41,2547144048.0
149.497,0.0,90196.0,5123.0,45.0,125.442,2547156564.0
149.598,0.0,90196.0,5123.0,45.0,125.34,2547169102.0
149.698,0.0,90196.0,5123.0,45.0,125.392,2547181591.0
149.798,0.0,90196.0,5123.0,45.0,125.326,2547194094.0
149.898,0.0,90196.0,5123.0,45.0,125.311,2547206602.0
149.998,0.0,90196.0,5123.0,45.0,125.27,2547219139.0
150.096,0.0,90196.0,5123.0,45.0,125.306,2547231647.0
150.196,0.0,90196.0,5123.0,45.0,125.266,2547244188.0
150.298,0.0,90196.0,5123.0,45.0,125.292,2547256698.0
150.398,0.0,90196.0,5123.0,45.0,125.252,2547256698.0
150.497,0.0,90196.0,5123.0,45.0,125.251,2547269228.0
150.598,0.0,90196.0,5123.0,45.0,125.253,2547281738.0
150.698,0.0,90196.0,5123.0,45.0,125.293,2547306777.0
150.798,0.0,90196.0,5123.0,45.0,125.274,2547319315.0
150.898,0.0,90196.0,5123.0,45.0,125.3,2547331836.0
150.998,0.0,90196.0,5123.0,45.0,125.318,2547344361.0
151.098,0.0,90196.0,5123.0,45.0,125.312,2547356850.0
151.198,0.0,90196.0,5123.0,45.0,125.292,2547369395.0
151.298,0.0,90196.0,5123.0,45.0,125.298,2547381897.0
151.398,0.0,90196.0,5123.0,45.0,125.283,2547394427.0
151.498,0.0,90196.0,5123.0,45.0,125.312,2547406956.0
151.598,0.0,90196.0,5123.0,45.0,125.25,2547419501.0
151.699,0.0,90196.0,5123.0,45.0,125.296,2547432005.0
151.798,0.0,90196.0,5123.0,45.0,125.23,2547444525.0
151.898,0.0,90196.0,5123.0,45.0,125.241,2547457024.0
151.997,0.0,90196.0,5123.0,45.0,125.21,2547469534.0
152.098,0.0,90196.0,5123.0,45.0,125.253,2547482052.0
152.198,0.0,90196.0,5123.0,45.0,125.211,2547494567.0
152.298,0.0,90196.0,5123.0,45.0,125.273,2547507097.0
152.398,0.0,90196.0,5123.0,45.0,125.243,2547519624.0
152.498,0.0,90196.0,5123.0,45.0,125.269,2547532175.0
152.598,0.0,90196.0,5123.0,45.0,125.237,2547544677.0
152.698,0.0,90196.0,5123.0,45.0,125.299,2547557234.0
152.798,0.0,90196.0,5123.0,45.0,125.279,2547569705.0
152.898,0.0,90196.0,5123.0,45.0,125.297,2547582240.0
152.998,0.0,90196.0,5123.0,45.0,125.279,2547594721.0
153.097,0.0,90196.0,5123.0,45.0,125.303,2547607263.0
153.198,0.0,90196.0,5123.0,45.0,125.303,2547619749.0
153.298,0.0,90196.0,5123.0,45.0,125.288,2547619749.0
153.398,0.0,90196.0,5123.0,45.0,125.282,2547632305.0
153.498,0.0,90196.0,5123.0,45.0,125.277,2547644788.0
153.598,0.0,90196.0,5123.0,45.0,125.215,2547669784.0
153.698,0.0,90196.0,5123.0,45.0,125.218,2547682326.0
153.798,0.0,90196.0,5123.0,45.0,125.185,2547694827.0
153.898,0.0,90196.0,5123.0,45.0,125.221,2547707359.0
153.998,0.0,90196.0,5123.0,45.0,125.21,2547719860.0
154.098,0.0,90196.0,5123.0,45.0,125.191,2547732370.0
154.198,0.0,90196.0,5123.0,45.0,125.215,2547744884.0
154.298,0.0,90196.0,5123.0,45.0,125.166,2547757397.0
154.397,0.0,90196.0,5123.0,45.0,125.19,2547769901.0
154.498,0.0,90196.0,5123.0,45.0,125.191,2547782400.0
154.597,0.0,90196.0,5123.0,45.0,125.224,2547794933.0
154.698,0.0,90196.0,5123.0,45.0,125.186,2547807431.0
154.797,0.0,90196.0,5123.0,45.0,125.242,2547819979.0
154.897,0.0,90196.0,5123.0,45.0,125.219,2547832506.0
154.997,0.0,90196.0,5123.0,45.0,125.245,2547845032.0
155.098,0.0,90196.0,5123.0,45.0,125.24,2547857531.0
155.198,0.0,90196.0,5123.0,45.0,125.279,2547870090.0
155.298,0.0,90196.0,5123.0,45.0,125.265,2547882570.0
155.398,0.0,90196.0,5123.0,45.0,125.297,2547895124.0
155.498,0.0,90196.0,5123.0,45.0,125.3,2547907620.0
155.598,0.0,90196.0,5123.0,45.0,125.317,2547920175.0
155.698,0.0,90196.0,5123.0,45.0,125.348,2547932691.0
155.798,0.0,90196.0,5123.0,45.0,125.309,2547945232.0
155.898,0.0,90196.0,5123.0,45.0,125.307,2547957737.0
155.997,0.0,90196.0,5123.0,45.0,125.297,2547970280.0
156.098,0.0,90196.0,5123.0,45.0,125.316,2547982776.0
156.198,0.0,90196.0,5123.0,45.0,125.274,2547995292.0
156.297,0.0,90196.0,5123.0,45.0,125.323,2547995292.0
156.398,0.0,90196.0,5123.0,45.0,125.286,2548007813.0
156.498,0.0,90196.0,5123.0,45.0,125.324,2548020358.0
156.598,0.0,90196.0,5123.0,45.0,125.275,2548045392.0
156.698,0.0,90196.0,5123.0,45.0,125.293,2548057922.0
156.798,0.0,90196.0,5123.0,45.0,125.274,2548070459.0
156.898,0.0,90196.0,5123.0,45.0,125.301,2548082972.0
156.997,0.0,90196.0,5123.0,45.0,125.25,2548095459.0
157.098,0.0,90196.0,5123.0,45.0,125.282,2548107992.0
157.198,0.0,90196.0,5123.0,45.0,125.266,2548120503.0
157.299,0.0,90196.0,5123.0,45.0,125.26,2548133038.0
157.398,0.0,90196.0,5123.0,45.0,125.214,2548145507.0
157.498,0.0,90196.0,5123.0,45.0,125.226,2548158055.0
157.598,0.0,90196.0,5123.0,45.0,125.231,2548170550.0
157.698,0.0,90196.0,5123.0,45.0,125.228,2548183097.0
157.798,0.0,90196.0,5123.0,45.0,125.221,2548195596.0
157.898,0.0,90196.0,5123.0,45.0,125.215,2548208125.0
157.997,0.0,90196.0,5123.0,45.0,125.221,2548220615.0
158.098,0.0,90196.0,5123.0,45.0,125.201,2548233144.0
158.198,0.0,90196.0,5123.0,45.0,125.219,2548245646.0
158.298,0.0,90196.0,5123.0,45.0,125.202,2548258191.0
158.398,0.0,90196.0,5123.0,45.0,125.216,2548270675.0
158.498,0.0,90196.0,5123.0,45.0,125.177,2548283210.0
158.598,0.0,90196.0,5123.0,45.0,125.223,2548295725.0
158.698,0.0,90196.0,5123.0,45.0,125.203,2548308284.0
158.798,0.0,90196.0,5123.0,45.0,125.261,2548320819.0
158.897,0.0,90196.0,5123.0,45.0,125.229,2548333335.0
158.998,0.0,90196.0,5123.0,45.0,125.298,2548345881.0
159.097,0.0,90196.0,5123.0,45.0,125.257,2548358372.0
159.198,0.0,90196.0,5123.0,45.0,125.275,2548358372.0
159.298,0.0,90196.0,5123.0,45.0,125.206,2548370895.0
159.398,0.0,90196.0,5123.0,45.0,125.293,2548383365.0
159.498,0.0,90196.0,5123.0,45.0,125.246,2548408415.0
159.598,0.0,90196.0,5123.0,45.0,125.269,2548420946.0
159.698,0.0,90196.0,5123.0,45.0,125.208,2548433432.0
159.798,0.0,90196.0,5123.0,44.0,125.197,2548445967.0
159.898,0.0,90196.0,5123.0,45.0,125.156,2548458417.0
159.998,0.0,90196.0,5123.0,45.0,125.129,2548470959.0
160.098,0.0,90196.0,5123.0,45.0,125.179,2548483470.0
160.198,0.0,90196.0,5123.0,45.0,125.164,2548496021.0
160.298,0.0,90196.0,5123.0,45.0,125.199,2548508505.0
160.398,0.0,90196.0,5123.0,45.0,125.152,2548521054.0
160.498,0.0,90196.0,5123.0,45.0,125.17,2548533540.0
160.598,0.0,90196.0,5123.0,45.0,125.15,2548546068.0
160.698,0.0,90196.0,5123.0,45.0,125.183,2548558572.0
160.798,0.0,90196.0,5123.0,45.0,125.144,2548571090.0
160.898,0.0,90196.0,5123.0,45.0,125.236,2548583599.0
160.998,0.0,90196.0,5123.0,44.0,125.204,2548596127.0
161.098,0.0,90196.0,5123.0,44.0,125.236,2548608652.0
161.198,0.0,90196.0,5123.0,45.0,125.232,2548621223.0
161.298,0.0,90196.0,5123.0,45.0,125.257,2548633721.0
161.398,0.0,90196.0,5123.0,45.0,125.217,2548646212.0
161.498,0.0,90196.0,5123.0,45.0,125.277,2548658751.0
161.598,0.0,90196.0,5123.0,45.0,125.269,2548671286.0
161.698,0.0,90196.0,5123.0,45.0,125.31,2548683837.0
161.798,0.0,90196.0,5123.0,45.0,125.306,2548696317.0
161.898,0.0,90196.0,5123.0,44.0,125.307,2548708842.0
161.998,0.0,90196.0,5123.0,44.0,125.274,2548721349.0
162.098,0.0,90196.0,5123.0,44.0,125.278,2548733889.0
162.198,0.0,90196.0,5123.0,44.0,125.278,2548746371.0
162.297,0.0,90196.0,5123.0,45.0,125.223,2548746371.0
162.398,0.0,90196.0,5123.0,45.0,125.25,2548758915.0
162.498,0.0,90196.0,5123.0,44.0,125.275,2548771402.0
162.598,0.0,90196.0,5123.0,45.0,125.258,2548796456.0
162.698,0.0,90196.0,5123.0,44.0,125.258,2548808996.0
162.798,0.0,90196.0,5123.0,44.0,125.213,2548821487.0
162.898,0.0,90196.0,5123.0,44.0,125.243,2548834037.0
162.998,0.0,90196.0,5123.0,44.0,125.248,2548846560.0
163.098,0.0,90196.0,5123.0,44.0,125.29,2548859081.0
163.198,0.0,90196.0,5123.0,44.0,125.251,2548871572.0
163.298,0.0,90196.0,5123.0,44.0,125.27,2548884085.0
163.398,0.0,90196.0,5123.0,44.0,125.229,2548896571.0
163.497,0.0,90196.0,5123.0,44.0,125.187,2548909058.0
163.598,0.0,90196.0,5123.0,44.0,125.205,2548921579.0
163.698,0.0,90196.0,5123.0,44.0,125.182,2548934085.0
163.798,0.0,90196.0,5123.0,44.0,125.21,2548946621.0
163.898,0.0,90196.0,5123.0,44.0,125.165,2548959128.0
163.998,0.0,90196.0,5123.0,44.0,125.183,2548971654.0
164.098,0.0,90196.0,5123.0,44.0,125.176,2548984166.0
164.198,0.0,90196.0,5123.0,44.0,125.225,2548996719.0
164.298,0.0,90196.0,5123.0,44.0,125.205,2549009178.0
164.398,0.0,90196.0,5123.0,44.0,125.21,2549021714.0
164.497,0.0,90196.0,5123.0,44.0,125.222,2549034188.0
164.598,0.0,90196.0,5123.0,44.0,125.221,2549046750.0
164.698,0.0,90196.0,5123.0,44.0,125.219,2549059213.0
164.798,0.0,90196.0,5123.0,44.0,125.213,2549071753.0
164.898,0.0,90196.0,5123.0,44.0,125.25,2549084260.0
164.998,0.0,90196.0,5123.0,44.0,125.197,2549096759.0
165.098,0.0,90196.0,5123.0,44.0,125.175,2549109244.0
165.198,0.0,90196.0,5123.0,44.0,125.175,2549109244.0
165.298,0.0,90196.0,5123.0,44.0,125.122,2549121756.0
165.396,0.0,90196.0,5123.0,44.0,125.182,2549134266.0
165.498,0.0,90196.0,5123.0,44.0,125.167,2549159317.0
165.598,0.0,90196.0,5123.0,44.0,125.226,2549171811.0
165.698,0.0,90196.0,5123.0,44.0,125.151,2549184338.0
165.797,0.0,90196.0,5123.0,44.0,125.21,2549196843.0
165.897,0.0,90196.0,5123.0,44.0,125.145,2549209367.0
165.998,0.0,90196.0,5123.0,44.0,125.165,2549221887.0
166.098,0.0,90196.0,5123.0,44.0,125.19,2549234430.0
166.198,0.0,90196.0,5123.0,44.0,125.252,2549246941.0
166.298,0.0,90196.0,5123.0,44.0,125.253,2549259498.0
166.398,0.0,90196.0,5123.0,44.0,125.293,2549271985.0
166.498,0.0,90196.0,5123.0,44.0,125.267,2549284543.0
166.597,0.0,90196.0,5123.0,44.0,125.281,2549297044.0
166.698,0.0,90196.0,5123.0,44.0,125.314,2549309577.0
166.798,0.0,90196.0,5123.0,44.0,125.255,2549322053.0
166.898,0.0,90196.0,5123.0,44.0,125.307,2549334605.0
166.998,0.0,90196.0,5123.0,44.0,125.275,2549347073.0
167.097,0.0,90196.0,5123.0,44.0,125.283,2549359631.0
167.197,0.0,90196.0,5123.0,44.0,125.21,2549372106.0
167.298,0.0,90196.0,5123.0,44.0,125.213,2549384626.0
167.398,0.0,90196.0,5123.0,44.0,125.174,2549397129.0
167.497,0.0,90196.0,5123.0,44.0,125.205,2549409643.0
167.598,0.0,90196.0,5123.0,44.0,125.148,2549422153.0
167.698,0.0,90196.0,5123.0,44.0,125.181,2549434687.0
167.797,0.0,90196.0,5123.0,44.0,125.141,2549447193.0
167.898,0.0,90196.0,5123.0,44.0,125.171,2549459695.0
167.998,0.0,90196.0,5123.0,44.0,125.13,2549472234.0
168.098,0.0,90196.0,5123.0,44.0,125.162,2549484736.0
168.198,0.0,90196.0,5123.0,44.0,125.153,2549497264.0
168.298,0.0,90196.0,5123.0,44.0,125.189,2549497264.0
168.398,0.0,90196.0,5123.0,44.0,125.168,2549509750.0
168.498,0.0,90196.0,5123.0,44.0,125.206,2549522283.0
168.598,0.0,90196.0,5123.0,44.0,125.217,2549547310.0
168.698,0.0,90196.0,5123.0,44.0,125.171,2549559790.0
168.798,0.0,90196.0,5123.0,44.0,125.195,2549572324.0
168.898,0.0,90196.0,5123.0,44.0,125.175,2549584807.0
168.998,0.0,90196.0,5123.0,44.0,125.203,2549597342.0
169.098,0.0,90196.0,5123.0,44.0,125.17,2549609830.0
169.198,0.0,90196.0,5123.0,44.0,125.208,2549622369.0
169.298,0.0,90196.0,5123.0,44.0,125.15,2549634846.0
169.398,0.0,90196.0,5123.0,44.0,125.187,2549647359.0
169.498,0.0,90196.0,5123.0,44.0,125.123,2549659866.0
169.597,0.0,90196.0,5123.0,44.0,125.135,2549672371.0
169.698,0.0,90196.0,5123.0,44.0,125.176,2549684914.0
169.797,0.0,90196.0,5123.0,44.0,125.15,2549697422.0
169.898,0.0,90196.0,5123.0,44.0,125.177,2549709937.0
169.998,0.0,90196.0,5123.0,44.0,125.152,2549722429.0
170.098,0.0,90196.0,5123.0,44.0,125.167,2549734953.0
170.198,0.0,90196.0,5123.0,44.0,125.141,2549747439.0
170.298,0.0,90196.0,5123.0,44.0,125.166,2549759959.0
170.398,0.0,90196.0,5123.0,44.0,125.184,2549772454.0
170.498,0.0,90196.0,5123.0,44.0,125.191,2549784987.0
170.598,0.0,90196.0,5123.0,44.0,125.22,2549797492.0
170.698,0.0,90196.0,5123.0,44.0,125.197,2549810037.0
170.798,0.0,90196.0,5123.0,44.0,125.202,2549822503.0
170.898,0.0,90196.0,5123.0,44.0,125.197,2549835049.0
170.998,0.0,90196.0,5123.0,44.0,125.222,2549847541.0
171.098,0.0,90196.0,5123.0,44.0,125.168,2549860066.0
171.197,0.0,90196.0,5123.0,44.0,125.23,2549872552.0
171.297,0.0,90196.0,5123.0,44.0,125.23,2549885086.0
171.398,0.0,90196.0,5123.0,44.0,125.189,2549885086.0
171.498,0.0,90196.0,5123.0,44.0,125.228,2549897586.0
171.598,0.0,90196.0,5123.0,44.0,125.181,2549910128.0
171.698,0.0,90196.0,5123.0,44.0,125.183,2549935137.0
171.798,0.0,90196.0,5123.0,44.0,125.143,2549947672.0
171.898,0.0,90196.0,5123.0,44.0,125.239,2549960198.0
171.998,0.0,90196.0,5123.0,44.0,125.188,2549972701.0
172.098,0.0,90196.0,5123.0,44.0,125.235,2549985216.0
172.198,0.0,90196.0,5123.0,45.0,125.219,2549997744.0
172.298,0.0,90196.0,5123.0,44.0,125.241,2550010247.0
172.397,0.0,90196.0,5123.0,45.0,125.231,2550022781.0
172.497,0.0,90196.0,5123.0,44.0,125.257,2550035280.0
172.598,0.0,90196.0,5123.0,45.0,125.244,2550047810.0
172.698,0.0,90196.0,5123.0,44.0,125.279,2550060312.0
172.798,0.0,90196.0,5123.0,45.0,125.226,2550072838.0
172.898,0.0,90196.0,5123.0,44.0,125.231,2550085321.0
172.998,0.0,90196.0,5123.0,44.0,125.195,2550097847.0
173.098,0.0,90196.0,5123.0,45.0,125.216,2550110324.0
173.198,0.0,90196.0,5123.0,45.0,125.181,2550122862.0
173.298,0.0,90196.0,5123.0,45.0,125.189,2550135351.0
173.398,0.0,90196.0,5123.0,45.0,125.14,2550147879.0
173.498,0.0,90196.0,5123.0,45.0,125.199,2550160393.0
173.598,0.0,90196.0,5123.0,45.0,125.164,2550172934.0
173.698,0.0,90196.0,5123.0,45.0,125.202,2550185441.0
173.798,0.0,90196.0,5123.0,45.0,125.148,2550197948.0
173.898,0.0,90196.0,5123.0,45.0,125.223,2550210464.0
173.998,0.0,90196.0,5123.0,45.0,125.191,2550222957.0
174.098,0.0,90196.0,5123.0,45.0,125.191,2550235494.0
174.198,0.0,90196.0,5123.0,45.0,125.22,2550235494.0
174.298,0.0,90196.0,5123.0,45.0,125.22,2550247988.0
174.398,0.0,90196.0,5123.0,45.0,125.277,2550260538.0
174.498,0.0,90196.0,5123.0,45.0,125.277,2550285617.0
174.598,0.0,90196.0,5123.0,45.0,125.257,2550298085.0
174.698,0.0,90196.0,5123.0,45.0,125.231,2550310622.0
174.798,0.0,90196.0,5123.0,45.0,125.223,2550323115.0
174.898,0.0,90196.0,5123.0,45.0,125.247,2550335640.0
174.998,0.0,90196.0,5123.0,44.0,125.207,2550348128.0
175.098,0.0,90196.0,5123.0,45.0,125.264,2550360701.0
175.198,0.0,90196.0,5123.0,45.0,125.233,2550373197.0
175.298,0.0,90196.0,5123.0,45.0,125.27,2550385742.0
175.398,0.0,90196.0,5123.0,45.0,125.207,2550398241.0
175.498,0.0,90196.0,5123.0,45.0,125.183,2550410784.0
175.598,0.0,90196.0,5123.0,45.0,125.26,2550423281.0
175.698,0.0,90196.0,5123.0,45.0,125.22,2550435823.0
175.798,0.0,90196.0,5123.0,45.0,125.249,2550448304.0
175.898,0.0,90196.0,5123.0,45.0,125.205,2550460810.0
175.998,0.0,90196.0,5123.0,45.0,125.238,2550473310.0
176.098,0.0,90196.0,5123.0,45.0,125.214,2550485856.0
176.198,0.0,90196.0,5123.0,45.0,125.215,2550498351.0
176.298,0.0,90196.0,5123.0,45.0,125.181,2550510848.0
176.398,0.0,90196.0,5123.0,45.0,125.182,2550523363.0
176.498,0.0,90196.0,5123.0,45.0,125.198,2550535862.0
176.598,0.0,90196.0,5123.0,45.0,125.199,2550548412.0
176.698,0.0,90196.0,5123.0,45.0,125.226,2550560918.0
176.798,0.0,90196.0,5123.0,45.0,125.251,2550573461.0
176.898,0.0,90196.0,5123.0,45.0,125.285,2550585966.0
176.998,0.0,90196.0,5123.0,45.0,125.285,2550598512.0
177.098,0.0,90196.0,5123.0,45.0,125.262,2550598512.0
177.198,0.0,90196.0,5123.0,45.0,125.288,2550611016.0
177.298,0.0,90196.0,5123.0,45.0,125.257,2550623543.0
177.398,0.0,90196.0,5123.0,45.0,125.324,2550648614.0
177.498,0.0,90196.0,5123.0,45.0,125.294,2550661086.0
177.598,0.0,90196.0,5123.0,45.0,125.294,2550673604.0
177.698,0.0,90196.0,5123.0,45.0,125.221,2550686072.0
177.798,0.0,90196.0,5123.0,45.0,125.215,2550698591.0
177.898,0.0,90196.0,5123.0,45.0,125.164,2550711114.0
177.998,0.0,90196.0,5123.0,45.0,125.223,2550723626.0
178.098,0.0,90196.0,5123.0,45.0,125.148,2550736135.0
178.198,0.0,90196.0,5123.0,45.0,125.186,2550748650.0
178.298,0.0,90196.0,5123.0,45.0,125.168,2550761174.0
178.398,0.0,90196.0,5123.0,45.0,125.22,2550773695.0
178.498,0.0,90196.0,5123.0,45.0,125.221,2550786242.0
178.598,0.0,90196.0,5123.0,45.0,125.241,2550798751.0
178.698,0.0,90196.0,5123.0,45.0,125.315,2550811291.0
178.798,0.0,90196.0,5123.0,45.0,125.304,2550823785.0
178.898,0.0,90196.0,5123.0,45.0,125.257,2550836316.0
178.998,0.0,90196.0,5123.0,45.0,125.312,2550848805.0
179.098,0.0,90196.0,5123.0,45.0,125.252,2550861346.0
179.199,0.0,90196.0,5123.0,45.0,125.271,2550873813.0
179.298,0.0,90196.0,5123.0,45.0,125.208,2550886346.0
179.398,0.0,90196.0,5123.0,45.0,125.222,2550898830.0
179.498,0.0,90196.0,5123.0,45.0,125.167,2550911370.0
179.598,0.0,90196.0,5123.0,45.0,125.219,2550923865.0
179.698,0.0,90196.0,5123.0,45.0,125.184,2550936409.0
179.798,0.0,90196.0,5123.0,45.0,125.256,2550948956.0
179.898,0.0,90196.0,5123.0,45.0,125.212,2550961470.0
179.998,0.0,90196.0,5123.0,45.0,125.212,2550973972.0
180.098,0.0,90196.0,5123.0,45.0,125.239,2550973972.0
180.198,0.0,90196.0,5123.0,45.0,125.269,2550986495.0
180.298,0.0,90196.0,5123.0,45.0,125.276,2550999034.0
180.397,0.0,90196.0,5123.0,45.0,125.26,2551024085.0
180.498,0.0,90196.0,5123.0,45.0,125.294,2551036569.0
180.597,0.0,90196.0,5123.0,45.0,125.265,2551049096.0
180.698,0.0,90196.0,5123.0,45.0,125.285,2551061615.0
180.798,0.0,90196.0,5123.0,45.0,125.261,2551074154.0
180.898,0.0,90196.0,5123.0,45.0,125.241,2551086670.0
180.996,0.0,90196.0,5123.0,45.0,125.262,2551099195.0
181.098,0.0,90196.0,5123.0,45.0,125.248,2551111711.0
181.198,0.0,90196.0,5123.0,45.0,125.269,2551124274.0
181.298,0.0,90196.0,5123.0,45.0,125.292,2551136812.0
181.397,0.0,90196.0,5123.0,45.0,125.35,2551149355.0
181.498,0.0,90196.0,5123.0,45.0,125.329,2551161866.0
181.598,0.0,90196.0,5123.0,45.0,125.388,2551174420.0
181.698,0.0,90196.0,5123.0,45.0,125.365,2551186934.0
181.797,0.0,90196.0,5123.0,45.0,125.387,2551199461.0
181.898,0.0,90196.0,5123.0,45.0,125.344,2551211981.0
181.996,0.0,90196.0,5123.0,45.0,125.391,2551224479.0
182.098,0.0,90196.0,5123.0,45.0,125.358,2551236988.0
182.198,0.0,90196.0,5123.0,45.0,125.33,2551249472.0
182.297,0.0,90196.0,5123.0,45.0,125.278,2551262030.0
182.398,0.0,90196.0,5123.0,45.0,125.271,2551274509.0
182.498,0.0,90196.0,5123.0,45.0,125.232,2551287055.0
182.598,0.0,90196.0,5123.0,45.0,125.264,2551299549.0
182.698,0.0,90196.0,5123.0,45.0,125.229,2551312110.0
182.798,0.0,90196.0,5123.0,45.0,125.255,2551324607.0
182.898,0.0,90196.0,5123.0,45.0,125.279,2551337177.0
182.997,0.0,90196.0,5123.0,45.0,125.274,2551349646.0
183.098,0.0,90196.0,5123.0,45.0,125.309,2551362213.0
183.198,0.0,90196.0,5123.0,45.0,125.318,2551362213.0
183.297,0.0,90196.0,5123.0,45.0,125.383,2551374718.0
183.398,0.0,90196.0,5123.0,45.0,125.336,2551387277.0
183.497,0.0,90196.0,5123.0,45.0,125.395,2551412314.0
183.598,0.0,90196.0,5123.0,45.0,125.32,2551424820.0
183.698,0.0,90196.0,5123.0,45.0,125.364,2551437357.0
183.797,0.0,90196.0,5123.0,45.0,125.315,2551449884.0
183.898,0.0,90196.0,5123.0,45.0,125.36,2551462415.0
183.998,0.0,90196.0,5123.0,45.0,125.296,2551474935.0
184.098,0.0,90196.0,5123.0,45.0,125.348,2551487457.0
184.198,0.0,90196.0,5123.0,45.0,125.294,2551499975.0
184.298,0.0,90196.0,5123.0,45.0,125.313,2551512524.0
184.398,0.0,90196.0,5123.0,45.0,125.305,2551525091.0
184.498,0.0,90196.0,5123.0,45.0,125.359,2551537593.0
184.598,0.0,90196.0,5123.0,45.0,125.363,2551550145.0
184.698,0.0,90196.0,5123.0,45.0,125.386,2551562665.0
184.798,0.0,90196.0,5123.0,45.0,125.407,2551575223.0
184.897,0.0,90196.0,5123.0,45.0,125.421,2551587730.0
184.997,0.0,90196.0,5123.0,45.0,125.367,2551600271.0
185.098,0.0,90196.0,5123.0,45.0,125.404,2551612773.0
185.198,0.0,90196.0,5123.0,45.0,125.389,2551625312.0
185.298,0.0,90196.0,5123.0,45.0,125.421,2551637842.0
185.398,0.0,90196.0,5123.0,45.0,125.373,2551650394.0
185.498,0.0,90196.0,5123.0,45.0,125.407,2551662913.0
185.598,0.0,90196.0,5123.0,45.0,125.339,2551675432.0
185.698,0.0,90196.0,5123.0,45.0,125.344,2551687936.0
185.798,0.0,90196.0,5123.0,45.0,125.292,2551700452.0
185.898,0.0,90196.0,5123.0,45.0,125.327,2551712964.0
185.998,0.0,90196.0,5123.0,45.0,125.327,2551725460.0
186.097,0.0,90196.0,5123.0,45.0,125.286,2551725460.0
186.198,0.0,90196.0,5123.0,45.0,125.321,2551738000.0
186.298,0.0,90196.0,5123.0,45.0,125.306,2551750507.0
186.398,0.0,90196.0,5123.0,45.0,125.307,2551775551.0
186.498,0.0,90196.0,5123.0,45.0,125.262,2551788116.0
186.598,0.0,90196.0,5123.0,45.0,125.286,2551800619.0
186.698,0.0,90196.0,5123.0,45.0,125.303,2551813182.0
186.796,0.0,90196.0,5123.0,45.0,125.313,2551825680.0
186.898,0.0,90196.0,5123.0,45.0,125.334,2551838222.0
186.998,0.0,90196.0,5123.0,45.0,125.31,2551850724.0
187.098,0.0,90196.0,5123.0,45.0,125.336,2551863228.0
187.198,0.0,90196.0,5123.0,45.0,125.267,2551875744.0
187.298,0.0,90196.0,5123.0,45.0,125.328,2551888289.0
187.398,0.0,90196.0,5123.0,45.0,125.264,2551900814.0
187.498,0.0,90196.0,5123.0,45.0,125.339,2551913367.0
187.598,0.0,90196.0,5123.0,45.0,125.307,2551925891.0
187.698,0.0,90196.0,5123.0,45.0,125.322,2551938416.0
187.798,0.0,90196.0,5123.0,45.0,125.29,2551950930.0
187.898,0.0,90196.0,5123.0,45.0,125.303,2551963445.0
187.998,0.0,90196.0,5123.0,45.0,125.344,2551975972.0
188.098,0.0,90196.0,5123.0,45.0,125.364,2551988498.0
188.198,0.0,90196.0,5123.0,45.0,125.355,2552001044.0
188.298,0.0,90196.0,5123.0,45.0,125.369,2552013566.0
188.398,0.0,90196.0,5123.0,45.0,125.305,2552026106.0
188.498,0.0,90196.0,5123.0,45.0,125.331,2552038611.0
188.598,0.0,90196.0,5123.0,45.0,125.318,2552051181.0
188.698,0.0,90196.0,5123.0,45.0,125.324,2552063670.0
188.798,0.0,90196.0,5123.0,45.0,125.304,2552076195.0
188.898,0.0,90196.0,5123.0,45.0,125.35,2552088708.0
188.998,0.0,90196.0,5123.0,45.0,125.299,2552088708.0
189.098,0.0,90196.0,5123.0,45.0,125.354,2552101250.0
189.198,0.0,90196.0,5123.0,45.0,125.296,2552113758.0
189.297,0.0,90196.0,5123.0,45.0,125.347,2552138840.0
189.398,0.0,90196.0,5123.0,45.0,125.339,2552151366.0
189.496,0.0,90196.0,5123.0,45.0,125.406,2552163921.0
189.598,0.0,90196.0,5123.0,45.0,125.397,2552176476.0
189.698,0.0,90196.0,5123.0,45.0,125.457,2552189016.0
189.797,0.0,90196.0,5123.0,45.0,125.463,2552201554.0
189.898,0.0,90196.0,5123.0,45.0,125.479,2552214097.0
189.998,0.0,90196.0,5123.0,45.0,125.506,2552226640.0
190.098,0.0,90196.0,5123.0,45.0,125.491,2552239193.0
190.198,0.0,90196.0,5123.0,45.0,125.522,2552251735.0
190.298,0.0,90196.0,5123.0,45.0,125.491,2552264289.0
190.398,0.0,90196.0,5123.0,45.0,125.504,2552276781.0
190.498,0.0,90196.0,5123.0,45.0,125.425,2552289338.0
190.598,0.0,90196.0,5123.0,45.0,125.443,2552301831.0
190.698,0.0,90196.0,5123.0,45.0,125.403,2552314382.0
190.797,0.0,90196.0,5123.0,45.0,125.452,2552326926.0
190.898,0.0,90196.0,5123.0,45.0,125.37,2552339475.0
190.998,0.0,90196.0,5123.0,45.0,125.419,2552351986.0
191.098,0.0,90196.0,5123.0,45.0,125.374,2552364531.0
191.196,0.0,90196.0,5123.0,45.0,125.395,2552377053.0
191.297,0.0,90196.0,5123.0,45.0,125.354,2552389580.0
191.397,0.0,90196.0,5123.0,45.0,125.362,2552402105.0
191.498,0.0,90196.0,5123.0,45.0,125.322,2552414600.0
191.598,0.0,90196.0,5123.0,45.0,125.369,2552427125.0
191.696,0.0,90196.0,5123.0,45.0,125.36,2552439665.0
191.796,0.0,90196.0,5123.0,45.0,125.334,2552452194.0
191.898,0.0,90196.0,5123.0,45.0,125.361,2552464717.0
192.007,0.0,90196.0,5123.0,45.0,125.361,2552477284.0
192.098,0.0,90196.0,5123.0,45.0,125.361,2552477284.0
192.196,0.0,90196.0,5123.0,45.0,125.375,2552489794.0
192.298,0.0,90196.0,5123.0,45.0,125.351,2552502358.0
192.398,0.0,90196.0,5123.0,45.0,125.377,2552527414.0
192.498,0.0,90196.0,5123.0,45.0,125.368,2552539927.0
192.598,0.0,90196.0,5123.0,45.0,125.434,2552552480.0
192.698,0.0,90196.0,5123.0,45.0,125.38,2552564981.0
192.798,0.0,90196.0,5123.0,45.0,125.402,2552577519.0
192.898,0.0,90196.0,5123.0,45.0,125.362,2552590033.0
192.998,0.0,90196.0,5123.0,45.0,125.379,2552602578.0
193.098,0.0,90196.0,5123.0,45.0,125.313,2552615099.0
193.198,0.0,90196.0,5123.0,45.0,125.38,2552627635.0
193.298,0.0,90196.0,5123.0,45.0,125.336,2552640155.0
193.398,0.0,90196.0,5123.0,45.0,125.375,2552652677.0
193.498,0.0,90196.0,5123.0,45.0,125.361,2552665199.0
193.598,0.0,90196.0,5123.0,45.0,125.358,2552677726.0
193.698,0.0,90196.0,5123.0,45.0,125.361,2552690291.0
193.797,0.0,90196.0,5123.0,45.0,125.374,2552702792.0
193.897,0.0,90196.0,5123.0,45.0,125.373,2552718178.0
193.998,26.0,90196.0,5123.0,50.0,201.94,2552772647.0
194.098,100.0,90196.0,5123.0,54.0,249.213,2552835862.0
194.198,100.0,90196.0,5123.0,56.0,301.26,2552895666.0
194.297,100.0,90196.0,5123.0,56.0,345.969,2552958554.0
194.397,100.0,90196.0,5123.0,58.0,397.457,2553016742.0
194.498,100.0,90196.0,5123.0,57.0,444.278,2553080409.0
194.596,100.0,90196.0,5123.0,59.0,496.776,2553140024.0
194.697,100.0,90196.0,5123.0,59.0,496.776,2553205289.0
194.797,100.0,90196.0,5123.0,58.0,548.1,2553205289.0
194.897,100.0,90196.0,5123.0,60.0,600.903,2553267253.0
194.997,100.0,90196.0,5123.0,60.0,621.952,2553332810.0
195.098,100.0,90196.0,5123.0,56.0,592.499,2553413903.0
195.198,65.0,90196.0,5123.0,55.0,562.104,2553441577.0
195.298,65.0,90196.0,5123.0,54.0,524.695,2553469233.0
195.398,65.0,90196.0,5123.0,53.0,496.827,2553498001.0
195.498,65.0,90196.0,5123.0,53.0,463.033,2553524646.0
195.598,66.0,90196.0,5123.0,53.0,430.716,2553551063.0
195.698,66.0,90196.0,5123.0,52.0,393.511,2553578182.0
195.798,66.0,90196.0,5123.0,52.0,356.155,2553606639.0
195.898,66.0,90196.0,5123.0,52.0,314.935,2553632993.0
195.998,65.0,90196.0,5123.0,52.0,284.768,2553658933.0
196.097,65.0,90196.0,5123.0,52.0,272.99,2553685119.0
196.198,66.0,90196.0,5123.0,52.0,272.899,2553713464.0
196.298,66.0,90196.0,5123.0,52.0,273.43,2553741349.0
196.397,65.0,90196.0,5123.0,51.0,270.838,2553767347.0
196.496,65.0,90196.0,5123.0,51.0,271.989,2553795937.0
196.597,66.0,90196.0,5123.0,51.0,273.229,2553823006.0
196.698,66.0,90196.0,5123.0,51.0,272.4,2553849266.0
196.798,66.0,90196.0,5123.0,51.0,274.088,2553877424.0
196.898,66.0,90196.0,5123.0,51.0,272.302,2553903461.0
196.998,64.0,90196.0,5123.0,51.0,273.532,2553903461.0
197.098,64.0,90196.0,5123.0,51.0,276.866,2553933037.0
197.197,64.0,90196.0,5123.0,51.0,274.607,2553959421.0
197.298,64.0,90196.0,5123.0,51.0,273.914,2554013105.0
197.396,66.0,90196.0,5123.0,51.0,273.099,2554038919.0
197.498,66.0,90196.0,5123.0,51.0,271.737,2554066925.0
197.596,65.0,90196.0,5123.0,51.0,272.327,2554093064.0
197.698,65.0,90196.0,5123.0,51.0,270.312,2554119117.0
197.798,66.0,90196.0,5123.0,51.0,269.851,2554146342.0
197.898,66.0,90196.0,5123.0,51.0,270.34,2554172205.0
197.998,66.0,90196.0,5123.0,51.0,267.588,2554200211.0
198.098,66.0,90196.0,5123.0,51.0,267.107,2554226854.0
198.197,65.0,90196.0,5123.0,51.0,267.463,2554252291.0
198.298,65.0,90196.0,5123.0,51.0,267.053,2554279252.0
198.398,65.0,90196.0,5123.0,51.0,266.992,2554304512.0
198.498,65.0,90196.0,5123.0,51.0,266.111,2554328920.0
198.598,65.0,90196.0,5123.0,51.0,264.097,2554354533.0
198.698,65.0,90196.0,5123.0,50.0,262.19,2554378870.0
198.798,62.0,90196.0,5123.0,50.0,260.7,2554404400.0
198.898,62.0,90196.0,5123.0,50.0,258.344,2554428359.0
198.998,61.0,90196.0,5123.0,50.0,258.089,2554453991.0
199.098,61.0,90196.0,5123.0,50.0,254.525,2554479530.0
199.198,62.0,90196.0,5123.0,50.0,252.479,2554502573.0
199.298,62.0,90196.0,5123.0,50.0,250.517,2554528225.0
199.398,62.0,90196.0,5123.0,50.0,247.694,2554551555.0
199.498,62.0,90196.0,5123.0,50.0,245.132,2554574169.0
199.598,62.0,90196.0,5123.0,50.0,241.296,2554574169.0
199.698,62.0,90196.0,5123.0,50.0,241.005,2554596323.0
199.798,62.0,90196.0,5123.0,50.0,241.144,2554620032.0
199.896,62.0,90196.0,5123.0,49.0,237.933,2554665936.0
199.998,59.0,90196.0,5123.0,49.0,232.262,2554686194.0
200.098,59.0,90196.0,5123.0,49.0,231.392,2554708473.0
200.198,59.0,90196.0,5123.0,49.0,228.506,2554730561.0
200.298,59.0,90196.0,5123.0,49.0,225.619,2554753014.0
200.398,57.0,90196.0,5123.0,49.0,223.394,2554774564.0
200.498,57.0,90196.0,5123.0,49.0,221.566,2554795419.0
200.598,58.0,90196.0,5123.0,49.0,220.869,2554816322.0
200.698,58.0,90196.0,5123.0,49.0,218.116,2554837680.0
200.798,57.0,90196.0,5123.0,49.0,214.477,2554857622.0
200.898,57.0,90196.0,5123.0,48.0,212.405,2554878032.0
200.998,58.0,90196.0,5123.0,48.0,210.866,2554896981.0
201.097,58.0,90196.0,5123.0,48.0,207.123,2554915488.0
201.198,56.0,90196.0,5123.0,48.0,205.582,2554935203.0
201.298,56.0,90196.0,5123.0,48.0,202.664,2554955891.0
201.397,56.0,90196.0,5123.0,48.0,202.443,2554974826.0
201.498,56.0,90196.0,5123.0,48.0,198.795,2554995380.0
201.598,56.0,90196.0,5123.0,48.0,197.325,2555014409.0
201.698,55.0,90196.0,5123.0,48.0,196.565,2555033854.0
201.798,55.0,90196.0,5123.0,48.0,196.07,2555053168.0
201.898,55.0,90196.0,5123.0,48.0,195.295,2555072406.0
201.998,55.0,90196.0,5123.0,48.0,194.481,2555091871.0
202.096,55.0,90196.0,5123.0,48.0,194.481,2555108918.0
202.197,56.0,90196.0,5123.0,48.0,191.724,2555108918.0
202.298,56.0,90196.0,5123.0,48.0,192.581,2555127426.0
202.398,56.0,90196.0,5123.0,48.0,192.92,2555148941.0
202.498,56.0,90196.0,5123.0,48.0,192.645,2555187133.0
202.598,56.0,90196.0,5123.0,47.0,189.993,2555205707.0
202.698,56.0,90196.0,5123.0,48.0,192.153,2555226052.0
202.798,55.0,90196.0,5123.0,47.0,191.385,2555244474.0
202.898,55.0,90196.0,5123.0,47.0,188.682,2555263235.0
202.998,55.0,90196.0,5123.0,47.0,188.693,2555280394.0
203.096,55.0,90196.0,5123.0,47.0,189.522,2555298999.0
203.198,53.0,90196.0,5123.0,47.0,189.524,2555315368.0
203.298,53.0,90196.0,5123.0,47.0,186.824,2555333832.0
203.398,53.0,90196.0,5123.0,47.0,182.753,2555350454.0
203.498,53.0,90196.0,5123.0,47.0,182.479,2555369502.0
203.598,51.0,90196.0,5123.0,47.0,182.227,2555388175.0
203.698,51.0,90196.0,5123.0,47.0,181.288,2555406985.0
203.798,53.0,90196.0,5123.0,47.0,181.283,2555426357.0
203.898,53.0,90196.0,5123.0,47.0,182.737,2555443859.0
203.998,53.0,90196.0,5123.0,47.0,181.025,2555462162.0
204.098,53.0,90196.0,5123.0,47.0,180.832,2555480064.0
204.198,52.0,90196.0,5123.0,47.0,181.188,2555498375.0
204.298,0.0,90196.0,5123.0,46.0,174.572,2555511357.0
204.398,0.0,90196.0,5123.0,46.0,169.044,2555524005.0
204.498,0.0,90196.0,5123.0,46.0,164.193,2555536655.0
204.598,0.0,90196.0,5123.0,46.0,158.004,2555549407.0
204.698,0.0,90196.0,5123.0,46.0,150.312,2555562083.0
204.798,0.0,90196.0,5123.0,46.0,150.312,2555574792.0
204.898,0.0,90196.0,5123.0,46.0,144.561,2555574792.0
204.996,0.0,90196.0,5123.0,46.0,140.559,2555587481.0
205.097,0.0,90196.0,5123.0,46.0,135.274,2555600215.0
205.197,0.0,90196.0,5123.0,46.0,130.498,2555625605.0
205.297,0.0,90196.0,5123.0,47.0,138.361,2555667409.0
205.398,79.0,90196.0,5123.0,54.0,192.247,2555731994.0
205.498,79.0,90196.0,5123.0,54.0,235.06,2555792218.0
205.598,92.0,90196.0,5123.0,57.0,286.48,2555856138.0
205.698,92.0,90196.0,5123.0,56.0,333.836,2555915376.0
205.798,89.0,90196.0,5123.0,59.0,385.237,2555980028.0
205.898,89.0,90196.0,5123.0,60.0,432.181,2556039507.0
205.998,92.0,90196.0,5123.0,60.0,483.825,2556104075.0
206.098,92.0,90196.0,5123.0,61.0,532.792,2556153242.0
206.198,76.0,90196.0,5123.0,55.0,548.641,2556181896.0
206.298,76.0,90196.0,5123.0,54.0,549.422,2556209099.0
206.398,64.0,90196.0,5123.0,53.0,512.751,2556234027.0
206.498,64.0,90196.0,5123.0,53.0,479.749,2556258884.0
206.598,65.0,90196.0,5123.0,52.0,445.073,2556285134.0
206.698,65.0,90196.0,5123.0,52.0,408.071,2556311634.0
206.798,65.0,90196.0,5123.0,52.0,336.521,2556336172.0
206.898,65.0,90196.0,5123.0,51.0,287.539,2556361983.0
206.998,65.0,90196.0,5123.0,51.0,264.373,2556386241.0
207.097,65.0,90196.0,5123.0,51.0,264.373,2556412199.0
207.198,64.0,90196.0,5123.0,51.0,256.902,2556412199.0
207.298,64.0,90196.0,5123.0,51.0,254.508,2556436955.0
207.398,65.0,90196.0,5123.0,51.0,255.553,2556463300.0
207.498,65.0,90196.0,5123.0,51.0,255.961,2556512792.0
207.598,65.0,90196.0,5123.0,51.0,253.164,2556537764.0
207.698,65.0,90196.0,5123.0,51.0,252.92,2556563361.0
207.798,65.0,90196.0,5123.0,51.0,253.385,2556588316.0
207.898,65.0,90196.0,5123.0,51.0,252.984,2556614450.0
207.998,64.0,90196.0,5123.0,51.0,252.595,2556639741.0
208.098,64.0,90196.0,5123.0,51.0,250.952,2556664451.0
208.198,65.0,90196.0,5123.0,51.0,251.69,2556689897.0
208.297,65.0,90196.0,5123.0,51.0,252.978,2556715762.0
208.398,65.0,90196.0,5123.0,51.0,251.416,2556741615.0
208.498,65.0,90196.0,5123.0,51.0,253.505,2556767636.0
208.598,60.0,90196.0,5123.0,51.0,255.524,2556793888.0
208.698,60.0,90196.0,5123.0,50.0,255.762,2556817733.0
208.798,61.0,90196.0,5123.0,50.0,253.933,2556841764.0
208.898,61.0,90196.0,5123.0,50.0,254.236,2556867505.0
208.998,62.0,90196.0,5123.0,50.0,254.769,2556892312.0
209.098,62.0,90196.0,5123.0,50.0,253.737,2556917301.0
209.198,62.0,90196.0,5123.0,50.0,254.962,2556943652.0
209.298,62.0,90196.0,5123.0,50.0,254.209,2556967433.0
209.398,62.0,90196.0,5123.0,50.0,252.899,2556992559.0
209.498,62.0,90196.0,5123.0,50.0,248.571,2557015829.0
209.598,62.0,90196.0,5123.0,50.0,246.645,2557040917.0
209.698,62.0,90196.0,5123.0,50.0,245.06,2557063134.0
209.798,61.0,90196.0,5123.0,50.0,246.218,2557063134.0
209.898,61.0,90196.0,5123.0,50.0,243.444,2557088566.0
209.998,62.0,90196.0,5123.0,50.0,239.456,2557111092.0
210.098,62.0,90196.0,5123.0,50.0,237.319,2557155433.0
210.196,60.0,90196.0,5123.0,50.0,232.634,2557176536.0
210.297,60.0,90196.0,5123.0,50.0,231.051,2557199786.0
210.398,59.0,90196.0,5123.0,49.0,229.926,2557222871.0
210.498,59.0,90196.0,5123.0,49.0,230.831,2557246237.0
210.598,59.0,90196.0,5123.0,49.0,229.219,2557268750.0
210.698,59.0,90196.0,5123.0,49.0,227.591,2557290689.0
210.798,59.0,90196.0,5123.0,49.0,224.727,2557312077.0
210.898,59.0,90196.0,5123.0,49.0,222.351,2557332237.0
210.996,58.0,90196.0,5123.0,49.0,221.88,2557354126.0
211.098,58.0,90196.0,5123.0,49.0,220.813,2557375982.0
211.198,57.0,90196.0,5123.0,49.0,218.53,2557395140.0
211.298,57.0,90196.0,5123.0,49.0,216.453,2557415030.0
211.398,57.0,90196.0,5123.0,49.0,213.328,2557435264.0
211.498,57.0,90196.0,5123.0,49.0,211.888,2557457052.0
211.597,57.0,90196.0,5123.0,49.0,208.963,2557477081.0
211.698,57.0,90196.0,5123.0,49.0,207.597,2557497450.0
211.798,58.0,90196.0,5123.0,48.0,204.848,2557517391.0
211.897,57.0,90196.0,5123.0,48.0,204.243,2557537793.0
211.998,57.0,90196.0,5123.0,48.0,202.123,2557558015.0
212.098,57.0,90196.0,5123.0,48.0,202.123,2557577282.0
212.198,56.0,90196.0,5123.0,48.0,201.663,2557577282.0
212.298,56.0,90196.0,5123.0,48.0,200.868,2557596684.0
212.398,57.0,90196.0,5123.0,48.0,199.983,2557614807.0
212.498,57.0,90196.0,5123.0,48.0,197.634,2557653405.0
212.598,55.0,90196.0,5123.0,48.0,195.5,2557671806.0
212.698,55.0,90196.0,5123.0,48.0,195.453,2557692248.0
212.798,55.0,90196.0,5123.0,48.0,195.473,2557712607.0
212.898,55.0,90196.0,5123.0,48.0,195.421,2557733559.0
212.998,56.0,90196.0,5123.0,48.0,195.622,2557753269.0
213.098,56.0,90196.0,5123.0,48.0,193.904,2557771461.0
213.198,56.0,90196.0,5123.0,48.0,194.394,2557791532.0
213.298,56.0,90196.0,5123.0,48.0,195.215,2557809595.0
213.398,56.0,90196.0,5123.0,48.0,191.838,2557825136.0
213.498,56.0,90196.0,5123.0,48.0,191.302,2557845799.0
213.598,54.0,90196.0,5123.0,48.0,192.059,2557863669.0
213.698,54.0,90196.0,5123.0,48.0,189.349,2557880835.0
213.798,53.0,90196.0,5123.0,47.0,186.882,2557898719.0
213.898,53.0,90196.0,5123.0,47.0,184.457,2557916959.0
213.998,53.0,90196.0,5123.0,47.0,182.397,2557935631.0
214.098,53.0,90196.0,5123.0,47.0,183.285,2557953683.0
214.198,52.0,90196.0,5123.0,47.0,181.993,2557971909.0
214.298,52.0,90196.0,5123.0,47.0,180.923,2557991151.0
214.398,52.0,90196.0,5123.0,47.0,182.16,2558008591.0
214.498,52.0,90196.0,5123.0,47.0,180.744,2558025060.0
214.598,51.0,90196.0,5123.0,47.0,178.595,2558042919.0
214.698,51.0,90196.0,5123.0,47.0,178.876,2558042919.0
214.798,52.0,90196.0,5123.0,47.0,178.298,2558059842.0
214.898,52.0,90196.0,5123.0,47.0,177.217,2558077120.0
214.998,52.0,90196.0,5123.0,47.0,176.198,2558111349.0
215.097,52.0,90196.0,5123.0,47.0,174.973,2558129298.0
215.197,52.0,90196.0,5123.0,47.0,174.777,2558147195.0
215.298,52.0,90196.0,5123.0,47.0,172.756,2558163388.0
215.398,16.0,90196.0,5123.0,47.0,168.166,2558176090.0
215.498,16.0,90196.0,5123.0,46.0,164.195,2558188741.0
215.598,0.0,90196.0,5123.0,46.0,171.727,2558216673.0
215.697,0.0,90196.0,5123.0,53.0,213.882,2558279741.0
215.798,100.0,90196.0,5123.0,56.0,259.087,2558338233.0
215.897,100.0,90196.0,5123.0,57.0,297.264,2558400880.0
215.998,100.0,90196.0,5123.0,58.0,347.957,2558462650.0
216.098,100.0,90196.0,5123.0,59.0,384.92,2558523939.0
216.198,100.0,90196.0,5123.0,60.0,429.509,2558588164.0
216.298,100.0,90196.0,5123.0,60.0,470.172,2558647856.0
216.398,100.0,90196.0,5123.0,61.0,528.2,2558712894.0
216.498,100.0,90196.0,5123.0,61.0,568.005,2558772357.0
216.596,100.0,90196.0,5123.0,61.0,614.506,2558836698.0
216.698,100.0,90196.0,5123.0,61.0,613.081,2558884343.0
216.798,77.0,90196.0,5123.0,57.0,577.195,2558911935.0
216.898,64.0,90196.0,5123.0,55.0,509.927,2558940580.0
216.998,64.0,90196.0,5123.0,55.0,509.927,2558968747.0
217.098,64.0,90196.0,5123.0,54.0,480.355,2558968747.0
217.198,64.0,90196.0,5123.0,54.0,447.294,2558995086.0
217.298,64.0,90196.0,5123.0,53.0,415.47,2559023896.0
217.398,66.0,90196.0,5123.0,53.0,373.879,2559079019.0
217.498,66.0,90196.0,5123.0,53.0,340.297,2559106255.0
217.598,66.0,90196.0,5123.0,53.0,302.359,2559133754.0
217.698,66.0,90196.0,5123.0,52.0,277.626,2559160171.0
217.798,66.0,90196.0,5123.0,52.0,276.436,2559186471.0
217.898,66.0,90196.0,5123.0,52.0,275.219,2559213044.0
217.998,66.0,90196.0,5123.0,52.0,272.929,2559239409.0
218.098,66.0,90196.0,5123.0,52.0,273.501,2559266436.0
218.198,66.0,90196.0,5123.0,52.0,271.888,2559294767.0
218.298,66.0,90196.0,5123.0,52.0,272.989,2559321570.0
218.398,66.0,90196.0,5123.0,52.0,271.128,2559348238.0
218.498,66.0,90196.0,5123.0,52.0,270.374,2559374959.0
218.598,64.0,90196.0,5123.0,52.0,270.098,2559402710.0
218.698,64.0,90196.0,5123.0,52.0,268.463,2559428915.0
218.798,66.0,90196.0,5123.0,52.0,269.038,2559456459.0
218.898,66.0,90196.0,5123.0,52.0,269.191,2559484337.0
218.998,64.0,90196.0,5123.0,51.0,270.737,2559511926.0
219.098,64.0,90196.0,5123.0,51.0,270.0,2559537640.0
219.198,65.0,90196.0,5123.0,51.0,269.106,2559565900.0
219.298,65.0,90196.0,5123.0,51.0,269.353,2559592509.0
219.398,65.0,90196.0,5123.0,51.0,268.526,2559618640.0
219.498,65.0,90196.0,5123.0,51.0,268.387,2559644464.0
219.598,65.0,90196.0,5123.0,51.0,266.514,2559670061.0
219.697,65.0,90196.0,5123.0,51.0,265.808,2559670061.0
219.798,66.0,90196.0,5123.0,51.0,266.583,2559695629.0
219.898,66.0,90196.0,5123.0,51.0,264.858,2559748412.0
219.998,64.0,90196.0,5123.0,51.0,262.451,2559775022.0
220.098,64.0,90196.0,5123.0,51.0,264.903,2559801926.0
220.196,63.0,90196.0,5123.0,51.0,262.772,2559828018.0
220.298,63.0,90196.0,5123.0,51.0,261.011,2559853463.0
220.398,64.0,90196.0,5123.0,51.0,262.136,2559879207.0
220.498,64.0,90196.0,5123.0,51.0,259.781,2559902838.0
220.598,61.0,90196.0,5123.0,51.0,256.874,2559926289.0
220.698,61.0,90196.0,5123.0,51.0,255.26,2559950651.0
220.798,62.0,90196.0,5123.0,51.0,252.187,2559973948.0
220.898,62.0,90196.0,5123.0,50.0,249.903,2559997508.0
220.998,62.0,90196.0,5123.0,50.0,248.925,2560023260.0
221.098,62.0,90196.0,5123.0,50.0,245.975,2560046647.0
221.198,61.0,90196.0,5123.0,50.0,244.105,2560070122.0
221.298,61.0,90196.0,5123.0,50.0,241.282,2560092633.0
221.398,60.0,90196.0,5123.0,50.0,238.465,2560115227.0
221.498,60.0,90196.0,5123.0,50.0,236.931,2560138639.0
221.598,59.0,90196.0,5123.0,50.0,236.17,2560161267.0
221.698,59.0,90196.0,5123.0,49.0,234.4,2560183354.0
221.798,58.0,90196.0,5123.0,49.0,231.378,2560204233.0
221.898,58.0,90196.0,5123.0,49.0,229.274,2560225898.0
221.998,57.0,90196.0,5123.0,49.0,226.026,2560246973.0
222.098,57.0,90196.0,5123.0,49.0,226.026,2560268102.0
222.204,57.0,90196.0,5123.0,49.0,218.714,2560268102.0
222.298,58.0,90196.0,5123.0,49.0,218.119,2560287946.0
222.398,58.0,90196.0,5123.0,49.0,215.467,2560309547.0
222.498,58.0,90196.0,5123.0,49.0,212.497,2560349695.0
222.598,58.0,90196.0,5123.0,49.0,209.583,2560369624.0
222.698,58.0,90196.0,5123.0,49.0,206.184,2560389239.0
222.798,57.0,90196.0,5123.0,49.0,205.48,2560409406.0
222.898,57.0,90196.0,5123.0,48.0,204.346,2560429077.0
222.998,56.0,90196.0,5123.0,48.0,202.758,2560449421.0
223.098,56.0,90196.0,5123.0,48.0,201.765,2560468747.0
223.198,57.0,90196.0,5123.0,48.0,200.82,2560488570.0
223.298,57.0,90196.0,5123.0,48.0,199.373,2560507701.0
223.398,56.0,90196.0,5123.0,48.0,198.085,2560527289.0
223.498,56.0,90196.0,5123.0,48.0,197.114,2560546080.0
223.598,55.0,90196.0,5123.0,48.0,196.132,2560565138.0
223.698,55.0,90196.0,5123.0,48.0,195.227,2560583919.0
223.798,55.0,90196.0,5123.0,48.0,194.98,2560602465.0
223.898,55.0,90196.0,5123.0,48.0,191.679,2560619123.0
223.998,56.0,90196.0,5123.0,48.0,190.327,2560639729.0
224.098,56.0,90196.0,5123.0,48.0,190.893,2560660179.0
224.198,56.0,90196.0,5123.0,48.0,191.676,2560680529.0
224.298,56.0,90196.0,5123.0,48.0,193.297,2560702108.0
224.398,56.0,90196.0,5123.0,48.0,194.214,2560721981.0
224.498,56.0,90196.0,5123.0,48.0,195.035,2560741601.0
224.598,55.0,90196.0,5123.0,48.0,191.862,2560757637.0
224.698,55.0,90196.0,5123.0,48.0,190.064,2560774484.0
224.798,55.0,90196.0,5123.0,48.0,190.064,2560795544.0
224.898,54.0,90196.0,5123.0,48.0,191.698,2560795544.0
224.998,55.0,90196.0,5123.0,48.0,195.938,2560815565.0
225.098,55.0,90196.0,5123.0,48.0,195.458,2560854417.0
225.198,53.0,90196.0,5123.0,48.0,191.56,2560870652.0
225.297,53.0,90196.0,5123.0,48.0,187.377,2560888214.0
225.398,53.0,90196.0,5123.0,48.0,185.822,2560906408.0
225.498,53.0,90196.0,5123.0,48.0,184.604,2560923986.0
225.598,53.0,90196.0,5123.0,47.0,187.118,2560943577.0
225.698,53.0,90196.0,5123.0,47.0,188.554,2560961007.0
225.798,52.0,90196.0,5123.0,47.0,186.131,2560978764.0
225.898,52.0,90196.0,5123.0,47.0,182.609,2560995858.0
225.998,45.0,90196.0,5123.0,47.0,176.713,2561009040.0
226.096,45.0,90196.0,5123.0,47.0,169.416,2561021790.0
226.198,0.0,90196.0,5123.0,47.0,175.361,2561045268.0
226.296,0.0,90196.0,5123.0,54.0,214.815,2561107225.0
226.398,100.0,90196.0,5123.0,56.0,259.87,2561168417.0
226.498,100.0,90196.0,5123.0,57.0,295.594,2561229339.0
226.598,100.0,90196.0,5123.0,59.0,341.728,2561292411.0
226.698,100.0,90196.0,5123.0,59.0,380.136,2561353282.0
226.798,100.0,90196.0,5123.0,60.0,431.385,2561418344.0
226.898,100.0,90196.0,5123.0,60.0,468.584,2561479211.0
226.998,100.0,90196.0,5123.0,61.0,526.46,2561479211.0
227.098,100.0,90196.0,5123.0,61.0,573.533,2561544333.0
227.198,100.0,90196.0,5123.0,62.0,622.825,2561669659.0
227.297,100.0,90196.0,5123.0,62.0,608.972,2561719802.0
227.398,79.0,90196.0,5123.0,57.0,577.006,2561748048.0
227.498,79.0,90196.0,5123.0,56.0,544.643,2561777018.0
227.598,65.0,90196.0,5123.0,54.0,509.491,2561802650.0
227.698,65.0,90196.0,5123.0,54.0,473.57,2561828836.0
227.798,65.0,90196.0,5123.0,54.0,434.844,2561854483.0
227.898,65.0,90196.0,5123.0,53.0,401.777,2561883604.0
227.998,64.0,90196.0,5123.0,53.0,369.518,2561911188.0
228.098,64.0,90196.0,5123.0,53.0,337.702,2561937696.0
228.198,66.0,90196.0,5123.0,53.0,299.551,2561965265.0
228.298,66.0,90196.0,5123.0,53.0,271.835,2561992506.0
228.398,64.0,90196.0,5123.0,52.0,270.594,2562018711.0
228.498,64.0,90196.0,5123.0,52.0,271.222,2562048775.0
228.598,66.0,90196.0,5123.0,52.0,271.879,2562075970.0
228.698,66.0,90196.0,5123.0,52.0,271.011,2562103678.0
228.798,66.0,90196.0,5123.0,52.0,273.53,2562130754.0
228.898,66.0,90196.0,5123.0,52.0,270.577,2562156890.0
228.998,65.0,90196.0,5123.0,52.0,267.8,2562181720.0
229.098,65.0,90196.0,5123.0,52.0,266.433,2562207435.0
229.198,66.0,90196.0,5123.0,52.0,264.897,2562207435.0
229.297,66.0,90196.0,5123.0,52.0,262.862,2562233626.0
229.398,66.0,90196.0,5123.0,52.0,264.221,2562258907.0
229.498,66.0,90196.0,5123.0,52.0,263.651,2562314558.0
229.598,66.0,90196.0,5123.0,52.0,266.677,2562343636.0
229.698,66.0,90196.0,5123.0,52.0,269.065,2562371533.0
229.798,66.0,90196.0,5123.0,52.0,268.606,2562400374.0
229.898,66.0,90196.0,5123.0,52.0,269.845,2562427208.0
229.998,65.0,90196.0,5123.0,52.0,269.806,2562452521.0
230.098,65.0,90196.0,5123.0,52.0,269.481,2562478245.0
230.198,65.0,90196.0,5123.0,51.0,270.312,2562504640.0
230.298,65.0,90196.0,5123.0,51.0,274.974,2562532507.0
230.398,64.0,90196.0,5123.0,51.0,272.573,2562557679.0
230.498,64.0,90196.0,5123.0,51.0,269.886,2562583868.0
230.598,65.0,90196.0,5123.0,51.0,267.989,2562610336.0
230.698,65.0,90196.0,5123.0,51.0,264.99,2562635956.0
230.798,62.0,90196.0,5123.0,51.0,263.16,2562661914.0
230.898,62.0,90196.0,5123.0,51.0,261.254,2562687618.0
230.996,65.0,90196.0,5123.0,51.0,261.183,2562711612.0
231.098,65.0,90196.0,5123.0,51.0,261.382,2562736928.0
231.198,62.0,90196.0,5123.0,51.0,258.797,2562761969.0
231.296,62.0,90196.0,5123.0,51.0,253.714,2562785260.0
231.398,62.0,90196.0,5123.0,51.0,253.354,2562811261.0
231.498,62.0,90196.0,5123.0,51.0,251.486,2562835542.0
231.598,61.0,90196.0,5123.0,51.0,249.683,2562859450.0
231.698,61.0,90196.0,5123.0,51.0,249.683,2562882589.0
231.798,61.0,90196.0,5123.0,51.0,245.821,2562882589.0
231.898,61.0,90196.0,5123.0,50.0,241.974,2562904517.0
231.998,61.0,90196.0,5123.0,50.0,240.336,2562928239.0
232.098,62.0,90196.0,5123.0,50.0,239.657,2562977509.0
232.198,62.0,90196.0,5123.0,50.0,235.481,2562998815.0
232.298,58.0,90196.0,5123.0,50.0,232.378,2563019973.0
232.397,59.0,90196.0,5123.0,50.0,227.001,2563040294.0
232.498,59.0,90196.0,5123.0,50.0,225.474,2563061563.0
232.598,58.0,90196.0,5123.0,49.0,222.76,2563084010.0
232.698,58.0,90196.0,5123.0,49.0,221.901,2563104718.0
232.798,58.0,90196.0,5123.0,49.0,220.93,2563127173.0
232.898,58.0,90196.0,5123.0,49.0,218.794,2563148730.0
232.998,56.0,90196.0,5123.0,49.0,214.744,2563168785.0
233.098,56.0,90196.0,5123.0,49.0,211.575,2563189919.0
233.198,58.0,90196.0,5123.0,49.0,209.425,2563209159.0
233.298,58.0,90196.0,5123.0,49.0,210.133,2563229057.0
233.398,56.0,90196.0,5123.0,49.0,209.336,2563249957.0
233.498,56.0,90196.0,5123.0,49.0,206.381,2563268651.0
233.597,56.0,90196.0,5123.0,49.0,203.303,2563287455.0
233.697,56.0,90196.0,5123.0,49.0,202.153,2563307000.0
233.798,56.0,90196.0,5123.0,49.0,199.273,2563326974.0
233.898,56.0,90196.0,5123.0,48.0,196.731,2563346817.0
233.998,54.0,90196.0,5123.0,48.0,196.743,2563366701.0
234.098,54.0,90196.0,5123.0,48.0,196.743,2563386519.0
234.198,54.0,90196.0,5123.0,48.0,194.943,2563386519.0
234.297,56.0,90196.0,5123.0,48.0,195.969,2563405644.0
234.398,56.0,90196.0,5123.0,48.0,195.007,2563425939.0
234.498,55.0,90196.0,5123.0,48.0,195.648,2563466678.0
234.598,55.0,90196.0,5123.0,48.0,198.107,2563486372.0
234.698,56.0,90196.0,5123.0,48.0,198.385,2563506520.0
234.798,55.0,90196.0,5123.0,48.0,199.693,2563526860.0
234.898,55.0,90196.0,5123.0,48.0,200.557,2563547243.0
234.998,55.0,90196.0,5123.0,48.0,198.129,2563565467.0
235.098,55.0,90196.0,5123.0,48.0,194.862,2563581756.0
235.198,56.0,90196.0,5123.0,48.0,195.349,2563601636.0
235.298,56.0,90196.0,5123.0,48.0,194.465,2563620927.0
235.398,56.0,90196.0,5123.0,48.0,192.486,2563639180.0
235.498,56.0,90196.0,5123.0,48.0,190.808,2563658035.0
235.598,55.0,90196.0,5123.0,48.0,191.607,2563677127.0
235.698,55.0,90196.0,5123.0,48.0,191.957,2563698018.0
235.798,52.0,90196.0,5123.0,48.0,190.122,2563716904.0
235.898,52.0,90196.0,5123.0,48.0,187.786,2563735292.0
235.997,53.0,90196.0,5123.0,48.0,189.125,2563753949.0
236.098,53.0,90196.0,5123.0,48.0,189.439,2563772162.0
236.198,53.0,90196.0,5123.0,48.0,188.741,2563790646.0
236.298,53.0,90196.0,5123.0,48.0,186.488,2563808325.0
236.397,52.0,90196.0,5123.0,48.0,185.117,2563824820.0
236.498,52.0,90196.0,5123.0,48.0,182.394,2563842146.0
236.598,0.0,90196.0,5123.0,47.0,175.236,2563855188.0
236.698,0.0,90196.0,5123.0,47.0,168.504,2563867888.0
236.797,0.0,90196.0,5123.0,47.0,168.504,2563867888.0
236.898,22.0,90196.0,5123.0,47.0,167.446,2563883305.0
236.998,22.0,90196.0,5123.0,51.0,209.475,2563931117.0
237.098,97.0,90196.0,5123.0,55.0,247.457,2564056127.0
237.198,100.0,90196.0,5123.0,56.0,331.016,2564119699.0
237.298,100.0,90196.0,5123.0,58.0,379.235,2564179987.0
237.398,100.0,90196.0,5123.0,60.0,431.376,2564243081.0
237.498,100.0,90196.0,5123.0,59.0,474.105,2564303690.0
237.598,93.0,90196.0,5123.0,61.0,526.653,2564368402.0
237.697,93.0,90196.0,5123.0,60.0,562.666,2564429633.0
237.797,100.0,90196.0,5123.0,61.0,617.038,2564493577.0
237.897,100.0,90196.0,5123.0,61.0,611.487,2564553295.0
237.997,65.0,90196.0,5123.0,58.0,577.491,2564583506.0
238.098,65.0,90196.0,5123.0,56.0,550.529,2564611170.0
238.198,64.0,90196.0,5123.0,55.0,511.702,2564639114.0
238.298,64.0,90196.0,5123.0,54.0,475.928,2564667735.0
238.398,64.0,90196.0,5123.0,54.0,440.171,2564693138.0
238.498,64.0,90196.0,5123.0,54.0,406.906,2564719177.0
238.598,66.0,90196.0,5123.0,53.0,372.123,2564747272.0
238.697,66.0,90196.0,5123.0,53.0,334.091,2564773719.0
238.798,65.0,90196.0,5123.0,53.0,305.114,2564773719.0
238.898,65.0,90196.0,5123.0,53.0,272.067,2564800098.0
238.997,65.0,90196.0,5123.0,53.0,267.967,2564827927.0
239.098,65.0,90196.0,5123.0,52.0,267.938,2564879584.0
239.199,66.0,90196.0,5123.0,52.0,267.401,2564907747.0
239.298,66.0,90196.0,5123.0,52.0,265.763,2564933391.0
239.398,66.0,90196.0,5123.0,52.0,268.121,2564960470.0
239.498,66.0,90196.0,5123.0,52.0,269.549,2564987604.0
239.598,65.0,90196.0,5123.0,52.0,266.654,2565013250.0
239.698,65.0,90196.0,5123.0,52.0,269.204,2565041216.0
239.798,66.0,90196.0,5123.0,52.0,270.509,2565070265.0
239.898,66.0,90196.0,5123.0,52.0,271.176,2565099356.0
239.996,66.0,90196.0,5123.0,52.0,274.126,2565126002.0
240.097,66.0,90196.0,5123.0,52.0,274.011,2565153165.0
240.198,66.0,90196.0,5123.0,52.0,275.385,2565183244.0
240.298,66.0,90196.0,5123.0,52.0,276.759,2565211637.0
240.397,66.0,90196.0,5123.0,52.0,276.798,2565239299.0
240.497,66.0,90196.0,5123.0,52.0,278.222,2565266667.0
240.598,66.0,90196.0,5123.0,52.0,277.358,2565291784.0
240.698,66.0,90196.0,5123.0,52.0,275.023,2565317117.0
240.798,66.0,90196.0,5123.0,52.0,271.507,2565343217.0
240.898,66.0,90196.0,5123.0,52.0,269.885,2565370163.0
240.998,65.0,90196.0,5123.0,52.0,270.705,2565396458.0
241.097,65.0,90196.0,5123.0,51.0,271.733,2565424155.0
241.198,63.0,90196.0,5123.0,51.0,267.157,2565450059.0
241.298,63.0,90196.0,5123.0,51.0,264.732,2565476594.0
241.397,66.0,90196.0,5123.0,51.0,263.014,2565502583.0
241.497,66.0,90196.0,5123.0,51.0,263.043,2565529706.0
241.598,66.0,90196.0,5123.0,51.0,263.043,2565555782.0
241.697,65.0,90196.0,5123.0,51.0,263.867,2565555782.0
241.796,65.0,90196.0,5123.0,51.0,264.159,2565581787.0
241.898,63.0,90196.0,5123.0,51.0,265.942,2565632546.0
241.998,63.0,90196.0,5123.0,51.0,262.026,2565658211.0
242.098,62.0,90196.0,5123.0,51.0,261.446,2565684287.0
242.198,62.0,90196.0,5123.0,51.0,260.331,2565709793.0
242.297,60.0,90196.0,5123.0,51.0,256.005,2565733064.0
242.398,62.0,90196.0,5123.0,51.0,254.753,2565756367.0
242.498,62.0,90196.0,5123.0,51.0,252.232,2565780716.0
242.598,61.0,90196.0,5123.0,51.0,251.003,2565805495.0
242.698,61.0,90196.0,5123.0,50.0,250.367,2565830041.0
242.796,61.0,90196.0,5123.0,50.0,245.271,2565852748.0
242.897,61.0,90196.0,5123.0,50.0,244.226,2565874681.0
242.998,58.0,90196.0,5123.0,50.0,240.161,2565897897.0
243.097,58.0,90196.0,5123.0,50.0,236.5,2565919812.0
243.198,58.0,90196.0,5123.0,50.0,234.851,2565942651.0
243.298,58.0,90196.0,5123.0,50.0,234.364,2565965580.0
243.398,58.0,90196.0,5123.0,50.0,233.316,2565988034.0
243.498,58.0,90196.0,5123.0,49.0,229.404,2566010247.0
243.598,58.0,90196.0,5123.0,49.0,225.345,2566030481.0
243.696,58.0,90196.0,5123.0,49.0,222.133,2566052718.0
243.798,54.0,90196.0,5123.0,49.0,221.154,2566073175.0
243.898,54.0,90196.0,5123.0,49.0,219.193,2566094127.0
243.997,58.0,90196.0,5123.0,49.0,216.541,2566114452.0
244.098,58.0,90196.0,5123.0,49.0,214.072,2566133614.0
244.196,58.0,90196.0,5123.0,49.0,214.072,2566133614.0
244.297,56.0,90196.0,5123.0,49.0,211.149,2566153932.0
244.398,56.0,90196.0,5123.0,49.0,209.197,2566174405.0
244.498,56.0,90196.0,5123.0,49.0,206.36,2566213633.0
244.597,56.0,90196.0,5123.0,49.0,204.319,2566232936.0
244.698,57.0,90196.0,5123.0,49.0,202.932,2566252629.0
244.798,57.0,90196.0,5123.0,48.0,199.96,2566271325.0
244.896,55.0,90196.0,5123.0,48.0,197.585,2566290400.0
244.996,55.0,90196.0,5123.0,48.0,194.663,2566309372.0
245.098,55.0,90196.0,5123.0,48.0,194.012,2566327838.0
245.197,55.0,90196.0,5123.0,48.0,193.131,2566347299.0
245.298,55.0,90196.0,5123.0,48.0,192.428,2566366411.0
245.398,56.0,90196.0,5123.0,48.0,191.467,2566385333.0
245.498,56.0,90196.0,5123.0,48.0,188.771,2566402390.0
245.598,56.0,90196.0,5123.0,48.0,186.533,2566419238.0
245.698,56.0,90196.0,5123.0,48.0,186.727,2566438084.0
245.797,56.0,90196.0,5123.0,48.0,188.468,2566458556.0
245.898,56.0,90196.0,5123.0,48.0,190.28,2566478809.0
245.997,56.0,90196.0,5123.0,48.0,188.197,2566497281.0
246.098,56.0,90196.0,5123.0,48.0,189.282,2566516267.0
246.198,53.0,90196.0,5123.0,48.0,188.716,2566534985.0
246.298,53.0,90196.0,5123.0,48.0,188.514,2566554826.0
246.398,53.0,90196.0,5123.0,48.0,188.193,2566574008.0
246.498,53.0,90196.0,5123.0,48.0,191.804,2566593584.0
246.598,52.0,90196.0,5123.0,48.0,191.73,2566593584.0
246.696,52.0,90196.0,5123.0,48.0,191.591,2566610779.0
246.797,53.0,90196.0,5123.0,48.0,189.766,2566630487.0
246.898,53.0,90196.0,5123.0,48.0,187.533,2566666252.0
246.997,53.0,90196.0,5123.0,48.0,189.422,2566685086.0
247.098,53.0,90196.0,5123.0,48.0,187.066,2566702587.0
247.198,29.0,90196.0,5123.0,48.0,182.925,2566718908.0
247.298,29.0,90196.0,5123.0,47.0,176.042,2566731731.0
247.397,0.0,90196.0,5123.0,47.0,170.119,2566744485.0
247.497,0.0,90196.0,5123.0,47.0,179.198,2566764680.0
247.598,100.0,90196.0,5123.0,54.0,225.431,2566822506.0
247.698,100.0,90196.0,5123.0,56.0,271.913,2566883139.0
247.798,100.0,90196.0,5123.0,57.0,308.591,2566943779.0
247.898,100.0,90196.0,5123.0,59.0,350.562,2567007586.0
247.998,100.0,90196.0,5123.0,59.0,394.093,2567068256.0
248.098,100.0,90196.0,5123.0,60.0,439.362,2567132793.0
248.198,100.0,90196.0,5123.0,60.0,481.479,2567194956.0
248.298,100.0,90196.0,5123.0,61.0,536.967,2567259581.0
248.398,99.0,90196.0,5123.0,61.0,588.829,2567319402.0
248.497,99.0,90196.0,5123.0,62.0,619.91,2567383271.0
248.598,99.0,90196.0,5123.0,62.0,619.91,2567435079.0
248.698,82.0,90196.0,5123.0,62.0,604.953,2567435079.0
248.797,82.0,90196.0,5123.0,57.0,576.092,2567463189.0
248.898,65.0,90196.0,5123.0,56.0,541.227,2567491805.0
248.997,65.0,90196.0,5123.0,55.0,505.935,2567546621.0
249.098,66.0,90196.0,5123.0,55.0,473.286,2567575319.0
249.198,66.0,90196.0,5123.0,54.0,438.454,2567602768.0
249.298,65.0,90196.0,5123.0,54.0,405.23,2567631648.0
249.398,65.0,90196.0,5123.0,53.0,367.725,2567658690.0
249.496,65.0,90196.0,5123.0,53.0,337.388,2567685053.0
249.598,65.0,90196.0,5123.0,53.0,294.763,2567712676.0
249.698,65.0,90196.0,5123.0,53.0,277.552,2567739621.0
249.798,65.0,90196.0,5123.0,53.0,272.118,2567766114.0
249.897,65.0,90196.0,5123.0,53.0,273.974,2567792848.0
249.996,66.0,90196.0,5123.0,52.0,271.469,2567820078.0
250.097,66.0,90196.0,5123.0,52.0,272.038,2567848410.0
250.198,66.0,90196.0,5123.0,52.0,271.777,2567875893.0
250.298,66.0,90196.0,5123.0,52.0,272.103,2567903814.0
250.397,66.0,90196.0,5123.0,52.0,271.863,2567932256.0
250.498,66.0,90196.0,5123.0,52.0,271.806,2567958129.0
250.598,66.0,90196.0,5123.0,52.0,269.747,2567983566.0
250.697,66.0,90196.0,5123.0,52.0,269.568,2568009393.0
250.798,66.0,90196.0,5123.0,52.0,270.427,2568034786.0
250.896,66.0,90196.0,5123.0,52.0,272.345,2568062334.0
250.996,66.0,90196.0,5123.0,52.0,274.528,2568091452.0
251.098,66.0,90196.0,5123.0,52.0,273.72,2568120453.0
251.197,65.0,90196.0,5123.0,52.0,274.51,2568149631.0
251.298,65.0,90196.0,5123.0,52.0,274.51,2568175927.0
251.398,65.0,90196.0,5123.0,52.0,271.388,2568175927.0
251.498,65.0,90196.0,5123.0,52.0,268.945,2568201496.0
251.596,65.0,90196.0,5123.0,52.0,268.502,2568226266.0
251.697,65.0,90196.0,5123.0,52.0,270.482,2568278906.0
251.798,65.0,90196.0,5123.0,52.0,270.898,2568305478.0
251.898,64.0,90196.0,5123.0,52.0,272.312,2568332864.0
251.998,64.0,90196.0,5123.0,52.0,271.153,2568360495.0
252.098,65.0,90196.0,5123.0,51.0,267.366,2568386759.0
252.198,65.0,90196.0,5123.0,51.0,265.668,2568412001.0
252.298,64.0,90196.0,5123.0,51.0,263.256,2568437901.0
252.407,64.0,90196.0,5123.0,51.0,262.446,2568464065.0
252.498,63.0,90196.0,5123.0,51.0,265.053,2568489736.0
252.597,62.0,90196.0,5123.0,51.0,262.473,2568516472.0
252.698,62.0,90196.0,5123.0,51.0,260.822,2568540012.0
252.798,62.0,90196.0,5123.0,51.0,257.374,2568564339.0
252.898,62.0,90196.0,5123.0,51.0,251.874,2568587403.0
252.998,61.0,90196.0,5123.0,51.0,250.692,2568612675.0
253.097,61.0,90196.0,5123.0,51.0,246.244,2568635840.0
253.198,62.0,90196.0,5123.0,51.0,245.391,2568657777.0
253.297,62.0,90196.0,5123.0,51.0,243.666,2568682193.0
253.398,62.0,90196.0,5123.0,50.0,243.044,2568706566.0
253.498,62.0,90196.0,5123.0,50.0,241.2,2568730954.0
253.598,58.0,90196.0,5123.0,50.0,238.386,2568755708.0
253.698,58.0,90196.0,5123.0,50.0,234.968,2568776337.0
253.798,59.0,90196.0,5123.0,50.0,233.324,2568798297.0
253.898,59.0,90196.0,5123.0,50.0,231.406,2568820255.0
253.998,59.0,90196.0,5123.0,50.0,231.406,2568820255.0
254.098,59.0,90196.0,5123.0,50.0,228.159,2568840928.0
254.197,59.0,90196.0,5123.0,50.0,226.183,2568882401.0
254.297,59.0,90196.0,5123.0,49.0,223.603,2568903251.0
254.397,59.0,90196.0,5123.0,49.0,219.01,2568923095.0
254.497,57.0,90196.0,5123.0,49.0,214.215,2568942379.0
254.598,57.0,90196.0,5123.0,49.0,208.819,2568962906.0
254.697,58.0,90196.0,5123.0,49.0,205.504,2568982193.0
254.797,58.0,90196.0,5123.0,49.0,205.102,2569002283.0
254.897,56.0,90196.0,5123.0,49.0,203.354,2569022823.0
254.998,56.0,90196.0,5123.0,49.0,201.988,2569041555.0
255.098,55.0,90196.0,5123.0,49.0,200.105,2569062357.0
255.198,55.0,90196.0,5123.0,49.0,200.517,2569081343.0
255.297,56.0,90196.0,5123.0,49.0,198.46,2569101913.0
255.397,56.0,90196.0,5123.0,49.0,198.209,2569121517.0
255.497,56.0,90196.0,5123.0,48.0,198.267,2569141379.0
255.597,56.0,90196.0,5123.0,49.0,198.045,2569160467.0
255.698,55.0,90196.0,5123.0,48.0,197.32,2569180084.0
255.798,55.0,90196.0,5123.0,48.0,196.685,2569198961.0
255.897,56.0,90196.0,5123.0,48.0,195.137,2569218718.0
255.997,56.0,90196.0,5123.0,48.0,195.69,2569237680.0
256.098,56.0,90196.0,5123.0,48.0,195.028,2569256195.0
256.197,56.0,90196.0,5123.0,48.0,194.557,2569276825.0
256.297,56.0,90196.0,5123.0,48.0,195.798,2569298188.0
256.397,56.0,90196.0,5123.0,48.0,197.757,2569318938.0
256.497,56.0,90196.0,5123.0,48.0,198.55,2569339357.0
256.597,56.0,90196.0,5123.0,48.0,200.016,2569339357.0
256.697,56.0,90196.0,5123.0,48.0,200.992,2569359223.0
256.798,56.0,90196.0,5123.0,48.0,198.763,2569396464.0
256.898,55.0,90196.0,5123.0,48.0,199.228,2569416371.0
256.997,55.0,90196.0,5123.0,48.0,198.211,2569435145.0
257.098,55.0,90196.0,5123.0,48.0,197.542,2569452533.0
257.197,55.0,90196.0,5123.0,48.0,194.06,2569470931.0
257.299,53.0,90196.0,5123.0,48.0,192.642,2569489585.0
257.398,53.0,90196.0,5123.0,48.0,189.133,2569507554.0
257.498,54.0,90196.0,5123.0,48.0,186.907,2569525696.0
257.598,54.0,90196.0,5123.0,48.0,184.126,2569542301.0
257.697,52.0,90196.0,5123.0,48.0,180.5,2569560260.0
257.798,52.0,90196.0,5123.0,48.0,182.244,2569578160.0
257.896,48.0,90196.0,5123.0,47.0,171.705,2569591257.0
257.997,0.0,90196.0,5123.0,47.0,166.381,2569604146.0
258.098,0.0,90196.0,5123.0,52.0,175.937,2569619338.0
258.197,92.0,90196.0,5123.0,55.0,220.754,2569673594.0
258.297,92.0,90196.0,5123.0,56.0,265.416,2569736219.0
258.398,90.0,90196.0,5123.0,58.0,310.556,2569797495.0
258.498,90.0,90196.0,5123.0,57.0,350.093,2569861447.0
258.598,90.0,90196.0,5123.0,60.0,395.865,2569918827.0
258.697,90.0,90196.0,5123.0,59.0,431.765,2569981837.0
258.798,92.0,90196.0,5123.0,61.0,477.869,2570040933.0
258.898,92.0,90196.0,5123.0,61.0,477.869,2570105499.0
258.997,92.0,90196.0,5123.0,59.0,534.7,2570105499.0
259.097,91.0,90196.0,5123.0,62.0,584.304,2570165546.0
259.198,91.0,90196.0,5123.0,61.0,622.23,2570286911.0
259.298,85.0,90196.0,5123.0,58.0,599.145,2570316058.0
259.398,85.0,90196.0,5123.0,56.0,564.936,2570345198.0
259.497,64.0,90196.0,5123.0,55.0,531.524,2570372747.0
259.597,64.0,90196.0,5123.0,55.0,498.154,2570401566.0
259.698,66.0,90196.0,5123.0,54.0,470.15,2570428908.0
259.798,66.0,90196.0,5123.0,54.0,432.684,2570456040.0
259.898,65.0,90196.0,5123.0,54.0,398.848,2570482319.0
259.998,65.0,90196.0,5123.0,53.0,361.479,2570510404.0
260.097,65.0,90196.0,5123.0,53.0,334.921,2570539297.0
260.197,65.0,90196.0,5123.0,53.0,298.561,2570565529.0
260.298,65.0,90196.0,5123.0,53.0,278.035,2570593191.0
260.398,65.0,90196.0,5123.0,53.0,276.001,2570619557.0
260.498,66.0,90196.0,5123.0,53.0,274.101,2570647096.0
260.597,66.0,90196.0,5123.0,53.0,273.585,2570675394.0
260.697,66.0,90196.0,5123.0,52.0,272.992,2570700290.0
260.797,66.0,90196.0,5123.0,52.0,271.438,2570725483.0
260.897,66.0,90196.0,5123.0,52.0,267.211,2570750862.0
260.997,66.0,90196.0,5123.0,52.0,266.759,2570777283.0
261.098,66.0,90196.0,5123.0,52.0,264.489,2570803611.0
261.198,66.0,90196.0,5123.0,52.0,263.094,2570829171.0
261.298,66.0,90196.0,5123.0,52.0,261.412,2570855259.0
261.398,66.0,90196.0,5123.0,52.0,260.076,2570855259.0
261.498,65.0,90196.0,5123.0,52.0,258.097,2570880538.0
261.598,65.0,90196.0,5123.0,52.0,255.886,2570905567.0
261.697,66.0,90196.0,5123.0,52.0,255.539,2570959971.0
261.797,66.0,90196.0,5123.0,52.0,259.183,2570987846.0
261.898,66.0,90196.0,5123.0,52.0,259.835,2571014049.0
261.998,66.0,90196.0,5123.0,52.0,263.422,2571042741.0
262.097,65.0,90196.0,5123.0,52.0,264.21,2571069751.0
262.197,65.0,90196.0,5123.0,52.0,265.25,2571096475.0
262.297,66.0,90196.0,5123.0,52.0,265.227,2571123506.0
262.397,66.0,90196.0,5123.0,52.0,266.354,2571149073.0
262.497,66.0,90196.0,5123.0,52.0,267.723,2571175385.0
262.598,66.0,90196.0,5123.0,51.0,270.233,2571202317.0
262.698,65.0,90196.0,5123.0,52.0,270.314,2571227691.0
262.797,65.0,90196.0,5123.0,51.0,265.2,2571252554.0
262.898,66.0,90196.0,5123.0,51.0,261.499,2571276927.0
262.997,65.0,90196.0,5123.0,51.0,260.231,2571302441.0
263.097,65.0,90196.0,5123.0,51.0,257.174,2571328742.0
263.198,61.0,90196.0,5123.0,51.0,257.997,2571354053.0
263.298,61.0,90196.0,5123.0,51.0,256.137,2571379206.0
263.397,62.0,90196.0,5123.0,51.0,252.819,2571402589.0
263.498,62.0,90196.0,5123.0,51.0,250.422,2571427462.0
263.597,62.0,90196.0,5123.0,51.0,245.01,2571449286.0
263.698,62.0,90196.0,5123.0,50.0,243.526,2571471591.0
263.798,60.0,90196.0,5123.0,50.0,242.531,2571495452.0
263.898,60.0,90196.0,5123.0,50.0,241.764,2571519949.0
263.998,60.0,90196.0,5123.0,50.0,241.764,2571541014.0
264.097,59.0,90196.0,5123.0,50.0,235.977,2571541014.0
264.198,59.0,90196.0,5123.0,50.0,232.396,2571562037.0
264.298,58.0,90196.0,5123.0,50.0,229.396,2571583306.0
264.397,58.0,90196.0,5123.0,50.0,224.458,2571625339.0
264.498,58.0,90196.0,5123.0,50.0,223.272,2571647113.0
264.597,58.0,90196.0,5123.0,49.0,219.43,2571667566.0
264.698,57.0,90196.0,5123.0,49.0,218.787,2571687689.0
264.798,57.0,90196.0,5123.0,49.0,215.866,2571708345.0
264.897,58.0,90196.0,5123.0,49.0,212.278,2571728034.0
264.998,58.0,90196.0,5123.0,49.0,206.956,2571746985.0
265.098,58.0,90196.0,5123.0,49.0,205.077,2571767240.0
265.198,58.0,90196.0,5123.0,49.0,204.402,2571787019.0
265.298,56.0,90196.0,5123.0,49.0,201.958,2571807397.0
265.398,55.0,90196.0,5123.0,49.0,199.864,2571827126.0
265.498,55.0,90196.0,5123.0,49.0,199.602,2571847232.0
265.597,56.0,90196.0,5123.0,49.0,197.677,2571866917.0
265.698,56.0,90196.0,5123.0,49.0,198.021,2571886154.0
265.797,57.0,90196.0,5123.0,49.0,195.974,2571905328.0
265.898,57.0,90196.0,5123.0,48.0,195.823,2571924858.0
265.997,54.0,90196.0,5123.0,48.0,196.217,2571944010.0
266.097,54.0,90196.0,5123.0,48.0,194.384,2571963276.0
266.198,54.0,90196.0,5123.0,48.0,194.384,2571982019.0
266.298,55.0,90196.0,5123.0,48.0,193.658,2571982019.0
266.397,55.0,90196.0,5123.0,48.0,192.336,2572001035.0
266.498,55.0,90196.0,5123.0,48.0,194.126,2572021075.0
266.598,55.0,90196.0,5123.0,48.0,193.581,2572061890.0
266.698,56.0,90196.0,5123.0,48.0,195.004,2572082162.0
266.797,56.0,90196.0,5123.0,48.0,195.353,2572102245.0
266.897,55.0,90196.0,5123.0,48.0,196.613,2572121920.0
266.998,55.0,90196.0,5123.0,48.0,195.752,2572138713.0
267.098,55.0,90196.0,5123.0,48.0,192.874,2572155768.0
267.198,55.0,90196.0,5123.0,48.0,192.771,2572174294.0
267.298,55.0,90196.0,5123.0,48.0,191.278,2572192100.0
267.398,55.0,90196.0,5123.0,48.0,190.143,2572209777.0
267.498,56.0,90196.0,5123.0,48.0,188.557,2572228773.0
267.598,56.0,90196.0,5123.0,48.0,187.449,2572247611.0
267.698,53.0,90196.0,5123.0,48.0,185.446,2572266323.0
267.797,53.0,90196.0,5123.0,48.0,184.117,2572285417.0
267.898,53.0,90196.0,5123.0,48.0,182.999,2572304052.0
267.998,53.0,90196.0,5123.0,48.0,182.248,2572321981.0
268.098,53.0,90196.0,5123.0,48.0,185.364,2572341470.0
268.198,52.0,90196.0,5123.0,48.0,185.488,2572359475.0
268.297,52.0,90196.0,5123.0,48.0,186.265,2572377910.0
268.398,40.0,90196.0,5123.0,47.0,181.675,2572396226.0
268.497,40.0,90196.0,5123.0,47.0,176.208,2572409293.0
268.596,0.0,90196.0,5123.0,47.0,171.774,2572421974.0
268.698,0.0,90196.0,5123.0,47.0,171.774,2572440760.0
268.798,0.0,90196.0,5123.0,53.0,197.502,2572440760.0
268.898,100.0,90196.0,5123.0,56.0,242.435,2572500800.0
268.998,100.0,90196.0,5123.0,57.0,284.664,2572563132.0
269.098,100.0,90196.0,5123.0,58.0,327.369,2572688564.0
269.197,100.0,90196.0,5123.0,59.0,367.654,2572749626.0
269.299,100.0,90196.0,5123.0,60.0,418.448,2572814631.0
269.398,100.0,90196.0,5123.0,60.0,460.073,2572872811.0
269.498,99.0,90196.0,5123.0,61.0,510.545,2572937925.0
269.598,99.0,90196.0,5123.0,59.0,543.028,2572977439.0
269.698,71.0,90196.0,5123.0,56.0,564.062,2573003997.0
269.798,71.0,90196.0,5123.0,55.0,545.077,2573029562.0
269.898,62.0,90196.0,5123.0,54.0,509.117,2573054646.0
269.998,62.0,90196.0,5123.0,53.0,475.692,2573080350.0
270.098,62.0,90196.0,5123.0,53.0,438.884,2573106542.0
270.198,62.0,90196.0,5123.0,53.0,404.405,2573133326.0
270.297,62.0,90196.0,5123.0,52.0,366.031,2573156834.0
270.398,62.0,90196.0,5123.0,52.0,291.207,2573181355.0
270.499,63.0,90196.0,5123.0,52.0,257.857,2573205651.0
270.597,62.0,90196.0,5123.0,52.0,255.412,2573232150.0
270.698,62.0,90196.0,5123.0,52.0,254.549,2573257783.0
270.798,63.0,90196.0,5123.0,52.0,254.49,2573284116.0
270.898,63.0,90196.0,5123.0,52.0,253.48,2573309539.0
270.998,63.0,90196.0,5123.0,51.0,252.248,2573333830.0
271.097,63.0,90196.0,5123.0,51.0,252.248,2573360015.0
271.196,63.0,90196.0,5123.0,51.0,253.228,2573360015.0
271.298,62.0,90196.0,5123.0,51.0,253.0,2573386668.0
271.396,62.0,90196.0,5123.0,51.0,253.843,2573412145.0
271.498,62.0,90196.0,5123.0,51.0,255.78,2573463536.0
271.598,62.0,90196.0,5123.0,51.0,254.238,2573487241.0
271.698,62.0,90196.0,5123.0,51.0,253.203,2573512710.0
271.798,62.0,90196.0,5123.0,51.0,254.708,2573539469.0
271.898,61.0,90196.0,5123.0,51.0,255.021,2573564715.0
271.998,61.0,90196.0,5123.0,51.0,255.934,2573589033.0
272.098,62.0,90196.0,5123.0,51.0,254.729,2573613445.0
272.197,62.0,90196.0,5123.0,51.0,253.494,2573640598.0
272.298,62.0,90196.0,5123.0,51.0,254.421,2573665597.0
272.398,62.0,90196.0,5123.0,51.0,252.81,2573688267.0
272.498,61.0,90196.0,5123.0,51.0,249.614,2573711929.0
272.597,61.0,90196.0,5123.0,51.0,249.323,2573736798.0
272.698,62.0,90196.0,5123.0,51.0,249.688,2573761609.0
272.798,62.0,90196.0,5123.0,51.0,248.746,2573785702.0
272.898,62.0,90196.0,5123.0,51.0,244.724,2573808751.0
272.998,62.0,90196.0,5123.0,51.0,243.359,2573832014.0
273.098,62.0,90196.0,5123.0,51.0,243.051,2573855665.0
273.197,62.0,90196.0,5123.0,51.0,240.378,2573879489.0
273.296,62.0,90196.0,5123.0,50.0,236.383,2573901368.0
273.398,62.0,90196.0,5123.0,50.0,235.974,2573926271.0
273.497,60.0,90196.0,5123.0,50.0,237.831,2573950137.0
273.597,60.0,90196.0,5123.0,50.0,238.629,2573975257.0
273.698,62.0,90196.0,5123.0,50.0,238.824,2573975257.0
273.798,62.0,90196.0,5123.0,50.0,238.495,2573999550.0
273.896,58.0,90196.0,5123.0,50.0,238.33,2574046890.0
273.998,58.0,90196.0,5123.0,50.0,238.572,2574069058.0
274.098,59.0,90196.0,5123.0,50.0,234.947,2574089942.0
274.198,59.0,90196.0,5123.0,50.0,232.722,2574110941.0
274.297,59.0,90196.0,5123.0,50.0,232.347,2574133774.0
274.397,59.0,90196.0,5123.0,50.0,232.042,2574155560.0
274.497,58.0,90196.0,5123.0,49.0,228.743,2574176640.0
274.598,58.0,90196.0,5123.0,49.0,224.724,2574196512.0
274.698,59.0,90196.0,5123.0,49.0,219.205,2574216811.0
274.798,59.0,90196.0,5123.0,49.0,215.242,2574237386.0
274.897,58.0,90196.0,5123.0,49.0,211.893,2574257791.0
274.998,58.0,90196.0,5123.0,49.0,210.453,2574277575.0
275.098,58.0,90196.0,5123.0,49.0,208.808,2574296756.0
275.197,58.0,90196.0,5123.0,49.0,208.39,2574317935.0
275.297,57.0,90196.0,5123.0,49.0,208.245,2574338854.0
275.397,57.0,90196.0,5123.0,49.0,205.147,2574359579.0
275.498,56.0,90196.0,5123.0,49.0,203.876,2574378942.0
275.597,56.0,90196.0,5123.0,49.0,202.632,2574397771.0
275.698,56.0,90196.0,5123.0,48.0,201.055,2574417462.0
275.798,56.0,90196.0,5123.0,48.0,199.231,2574437427.0
275.898,56.0,90196.0,5123.0,48.0,198.534,2574456489.0
275.997,53.0,90196.0,5123.0,48.0,198.245,2574476462.0
276.097,53.0,90196.0,5123.0,48.0,198.245,2574495816.0
276.198,53.0,90196.0,5123.0,48.0,196.313,2574512899.0
276.298,54.0,90196.0,5123.0,48.0,193.146,2574512899.0
276.398,54.0,90196.0,5123.0,48.0,192.564,2574533751.0
276.498,56.0,90196.0,5123.0,48.0,188.664,2574569688.0
276.597,56.0,90196.0,5123.0,48.0,189.833,2574588434.0
276.697,57.0,90196.0,5123.0,48.0,187.781,2574608031.0
276.798,57.0,90196.0,5123.0,48.0,188.71,2574626090.0
276.898,56.0,90196.0,5123.0,48.0,188.402,2574645181.0
276.998,56.0,90196.0,5123.0,48.0,188.02,2574663859.0
277.098,56.0,90196.0,5123.0,48.0,187.077,2574682540.0
277.198,56.0,90196.0,5123.0,48.0,187.525,2574701619.0
277.297,55.0,90196.0,5123.0,48.0,187.624,2574719928.0
277.398,55.0,90196.0,5123.0,48.0,186.97,2574739209.0
277.498,55.0,90196.0,5123.0,48.0,189.579,2574758306.0
277.598,55.0,90196.0,5123.0,48.0,188.589,2574776801.0
277.698,53.0,90196.0,5123.0,48.0,189.171,2574796734.0
277.798,53.0,90196.0,5123.0,48.0,188.277,2574815174.0
277.897,53.0,90196.0,5123.0,48.0,187.243,2574832196.0
277.998,53.0,90196.0,5123.0,48.0,184.803,2574849064.0
278.098,52.0,90196.0,5123.0,48.0,184.83,2574867149.0
278.198,52.0,90196.0,5123.0,48.0,183.357,2574884871.0
278.298,52.0,90196.0,5123.0,48.0,182.768,2574901690.0
278.398,52.0,90196.0,5123.0,48.0,180.912,2574919105.0
278.498,51.0,90196.0,5123.0,48.0,179.528,2574937233.0
278.597,51.0,90196.0,5123.0,48.0,178.278,2574954091.0
278.698,51.0,90196.0,5123.0,47.0,175.031,2574969657.0
278.798,51.0,90196.0,5123.0,47.0,168.418,2574969657.0
278.898,0.0,90196.0,5123.0,47.0,164.004,2574982449.0
278.998,0.0,90196.0,5123.0,47.0,159.581,2574995027.0
279.098,0.0,90196.0,5123.0,47.0,153.819,2575020340.0
279.198,0.0,90196.0,5123.0,46.0,148.657,2575033043.0
279.298,0.0,90196.0,5123.0,46.0,144.397,2575045661.0
279.397,0.0,90196.0,5123.0,46.0,140.138,2575058299.0
279.498,0.0,90196.0,5123.0,46.0,134.413,2575070886.0
279.598,0.0,90196.0,5123.0,46.0,129.93,2575083553.0
279.698,0.0,90196.0,5123.0,46.0,126.946,2575096214.0
279.797,0.0,90196.0,5123.0,46.0,126.5,2575108895.0
279.897,0.0,90196.0,5123.0,46.0,126.57,2575121487.0
279.996,0.0,90196.0,5123.0,46.0,126.528,2575134090.0
280.098,0.0,90196.0,5123.0,46.0,126.462,2575146702.0
280.198,0.0,90196.0,5123.0,46.0,126.447,2575159355.0
280.298,0.0,90196.0,5123.0,46.0,126.389,2575171976.0
280.398,0.0,90196.0,5123.0,46.0,126.439,2575184662.0
280.497,0.0,90196.0,5123.0,46.0,126.414,2575197260.0
280.598,0.0,90196.0,5123.0,46.0,126.457,2575209917.0
280.698,0.0,90196.0,5123.0,46.0,126.341,2575222448.0
280.798,0.0,90196.0,5123.0,46.0,126.257,2575235041.0
280.898,0.0,90196.0,5123.0,46.0,126.201,2575247608.0
280.997,0.0,90196.0,5123.0,46.0,126.179,2575260190.0
281.098,0.0,90196.0,5123.0,46.0,126.156,2575272765.0
281.198,0.0,90196.0,5123.0,46.0,126.106,2575285418.0
281.298,0.0,90196.0,5123.0,46.0,126.014,2575297969.0
281.397,0.0,90196.0,5123.0,46.0,125.973,2575310576.0
281.498,0.0,90196.0,5123.0,46.0,125.973,2575323136.0
281.598,0.0,90196.0,5123.0,46.0,125.941,2575323136.0
281.698,0.0,90196.0,5123.0,46.0,125.97,2575335769.0
281.798,0.0,90196.0,5123.0,46.0,126.024,2575348368.0
281.898,0.0,90196.0,5123.0,46.0,126.01,2575373587.0
281.998,0.0,90196.0,5123.0,46.0,126.027,2575386162.0
282.098,0.0,90196.0,5123.0,46.0,125.986,2575398705.0
282.198,0.0,90196.0,5123.0,46.0,125.904,2575411306.0
282.298,0.0,90196.0,5123.0,46.0,125.92,2575423885.0
282.398,0.0,90196.0,5123.0,46.0,125.924,2575436497.0
282.498,0.0,90196.0,5123.0,46.0,125.972,2575449107.0
282.612,0.0,90196.0,5123.0,46.0,125.953,2575461713.0
282.704,0.0,90196.0,5123.0,46.0,125.99,2575474326.0
282.798,0.0,90196.0,5123.0,46.0,125.934,2575486911.0
282.898,0.0,90196.0,5123.0,46.0,125.923,2575499488.0
282.998,0.0,90196.0,5123.0,46.0,125.89,2575512044.0
283.098,0.0,90196.0,5123.0,46.0,125.986,2575524694.0
283.197,0.0,90196.0,5123.0,46.0,126.034,2575537312.0
283.298,0.0,90196.0,5123.0,46.0,126.027,2575549873.0
283.398,0.0,90196.0,5123.0,46.0,126.085,2575562547.0
283.498,0.0,90196.0,5123.0,46.0,126.149,2575575171.0
283.598,0.0,90196.0,5123.0,46.0,126.09,2575587732.0
283.697,0.0,90196.0,5123.0,46.0,126.06,2575600310.0
283.798,0.0,90196.0,5123.0,46.0,126.025,2575612883.0
283.898,0.0,90196.0,5123.0,46.0,126.048,2575625471.0
283.998,0.0,90196.0,5123.0,46.0,126.047,2575638053.0
284.097,0.0,90196.0,5123.0,46.0,126.038,2575650647.0
284.198,0.0,90196.0,5123.0,46.0,126.0,2575663243.0
284.298,0.0,90196.0,5123.0,46.0,125.898,2575675816.0
284.398,0.0,90196.0,5123.0,46.0,125.839,2575688352.0
284.498,0.0,90196.0,5123.0,46.0,125.839,2575700943.0
284.598,0.0,90196.0,5123.0,46.0,125.816,2575700943.0
284.698,0.0,90196.0,5123.0,46.0,125.852,2575713490.0
284.798,0.0,90196.0,5123.0,46.0,125.828,2575726091.0
284.898,0.0,90196.0,5123.0,45.0,125.834,2575751237.0
284.997,0.0,90196.0,5123.0,46.0,125.855,2575763830.0
285.097,0.0,90196.0,5123.0,45.0,125.875,2575776429.0
285.198,0.0,90196.0,5123.0,46.0,125.839,2575789010.0
285.298,0.0,90196.0,5123.0,45.0,125.834,2575801581.0
285.398,0.0,90196.0,5123.0,45.0,125.81,2575814153.0
285.498,0.0,90196.0,5123.0,45.0,125.771,2575826688.0
285.598,0.0,90196.0,5123.0,45.0,125.766,2575839246.0
285.697,0.0,90196.0,5123.0,45.0,125.783,2575851832.0
285.798,0.0,90196.0,5123.0,45.0,125.744,2575864367.0
285.898,0.0,90196.0,5123.0,45.0,125.816,2575877004.0
285.998,0.0,90196.0,5123.0,45.0,125.8,2575889577.0
286.098,0.0,90196.0,5123.0,45.0,125.798,2575902160.0
286.198,0.0,90196.0,5123.0,45.0,125.786,2575914746.0
286.298,0.0,90196.0,5123.0,45.0,125.862,2575927386.0
286.398,0.0,90196.0,5123.0,45.0,125.882,2575939976.0
286.498,0.0,90196.0,5123.0,45.0,125.957,2575952567.0
286.598,0.0,90196.0,5123.0,45.0,125.939,2575965119.0
286.698,0.0,90196.0,5123.0,45.0,125.921,2575977693.0
286.798,0.0,90196.0,5123.0,45.0,125.925,2575990217.0
286.897,0.0,90196.0,5123.0,45.0,125.883,2576002814.0
286.998,0.0,90196.0,5123.0,45.0,125.817,2576015337.0
287.098,0.0,90196.0,5123.0,45.0,125.826,2576027975.0
287.198,0.0,90196.0,5123.0,45.0,125.794,2576040498.0
287.298,0.0,90196.0,5123.0,45.0,125.794,2576053084.0
287.397,0.0,90196.0,5123.0,45.0,125.734,2576053084.0
287.498,0.0,90196.0,5123.0,45.0,125.746,2576065625.0
287.598,0.0,90196.0,5123.0,45.0,125.732,2576078244.0
287.697,0.0,90196.0,5123.0,45.0,125.789,2576103388.0
287.797,0.0,90196.0,5123.0,45.0,125.799,2576115954.0
287.897,0.0,90196.0,5123.0,45.0,125.843,2576128550.0
287.997,0.0,90196.0,5123.0,45.0,125.83,2576141081.0
288.098,0.0,90196.0,5123.0,45.0,125.83,2576153704.0
288.198,0.0,90196.0,5123.0,45.0,125.819,2576166251.0
288.298,0.0,90196.0,5123.0,45.0,125.86,2576178857.0
288.398,0.0,90196.0,5123.0,45.0,125.859,2576191411.0
288.497,0.0,90196.0,5123.0,45.0,125.849,2576204008.0
288.598,0.0,90196.0,5123.0,45.0,125.849,2576216550.0
288.697,0.0,90196.0,5123.0,45.0,125.828,2576229123.0
288.798,0.0,90196.0,5123.0,45.0,125.78,2576241665.0
288.898,0.0,90196.0,5123.0,45.0,125.756,2576254243.0
288.998,0.0,90196.0,5123.0,45.0,125.8,2576266803.0
289.098,0.0,90196.0,5123.0,45.0,125.769,2576279380.0
289.198,0.0,90196.0,5123.0,45.0,125.783,2576291962.0
289.298,0.0,90196.0,5123.0,45.0,125.747,2576304520.0
289.398,0.0,90196.0,5123.0,45.0,125.755,2576317105.0
289.498,0.0,90196.0,5123.0,45.0,125.768,2576329703.0
289.598,0.0,90196.0,5123.0,45.0,125.765,2576342259.0
289.697,0.0,90196.0,5123.0,45.0,125.731,2576354802.0
289.797,0.0,90196.0,5123.0,45.0,125.772,2576367382.0
289.898,0.0,90196.0,5123.0,45.0,125.765,2576379962.0
289.998,0.0,90196.0,5123.0,45.0,125.763,2576392528.0
290.097,0.0,90196.0,5123.0,45.0,125.744,2576405088.0
290.198,0.0,90196.0,5123.0,45.0,125.744,2576417657.0
290.297,0.0,90196.0,5123.0,45.0,125.717,2576417657.0
290.397,0.0,90196.0,5123.0,45.0,125.717,2576430199.0
290.498,0.0,90196.0,5123.0,45.0,125.657,2576442753.0
290.598,0.0,90196.0,5123.0,45.0,125.713,2576467900.0
290.698,0.0,90196.0,5123.0,45.0,125.701,2576480437.0
290.798,0.0,90196.0,5123.0,45.0,125.713,2576493015.0
290.898,0.0,90196.0,5123.0,45.0,125.691,2576505573.0
290.998,0.0,90196.0,5123.0,45.0,125.71,2576518157.0
291.097,0.0,90196.0,5123.0,45.0,125.681,2576530692.0
291.198,0.0,90196.0,5123.0,45.0,125.681,2576543269.0
291.298,0.0,90196.0,5123.0,45.0,125.67,2576555818.0
291.398,0.0,90196.0,5123.0,45.0,125.708,2576568399.0
291.498,0.0,90196.0,5123.0,45.0,125.697,2576580929.0
291.598,0.0,90196.0,5123.0,45.0,125.69,2576593518.0
291.698,0.0,90196.0,5123.0,45.0,125.668,2576606047.0
291.798,0.0,90196.0,5123.0,45.0,125.67,2576618627.0
291.898,0.0,90196.0,5123.0,45.0,125.654,2576631159.0
291.997,0.0,90196.0,5123.0,45.0,125.659,2576643745.0
292.098,0.0,90196.0,5123.0,45.0,125.664,2576656302.0
292.198,0.0,90196.0,5123.0,45.0,125.671,2576668877.0
292.298,0.0,90196.0,5123.0,45.0,125.647,2576681405.0
292.398,0.0,90196.0,5123.0,45.0,125.642,2576693974.0
292.497,0.0,90196.0,5123.0,45.0,125.616,2576706502.0
292.598,0.0,90196.0,5123.0,45.0,125.613,2576719090.0
292.698,0.0,90196.0,5123.0,45.0,125.593,2576731601.0
292.798,0.0,90196.0,5123.0,45.0,125.579,2576744126.0
292.898,0.0,90196.0,5123.0,45.0,125.575,2576756681.0
292.998,0.0,90196.0,5123.0,45.0,125.59,2576769260.0
293.097,0.0,90196.0,5123.0,45.0,125.59,2576781796.0
293.198,0.0,90196.0,5123.0,45.0,125.588,2576781796.0
293.298,0.0,90196.0,5123.0,45.0,125.571,2576794355.0
293.398,0.0,90196.0,5123.0,45.0,125.566,2576806897.0
293.498,0.0,90196.0,5123.0,45.0,125.577,2576832007.0
293.597,0.0,90196.0,5123.0,45.0,125.574,2576844579.0
293.698,0.0,90196.0,5123.0,45.0,125.579,2576857099.0
293.798,0.0,90196.0,5123.0,45.0,125.568,2576869629.0
293.897,0.0,90196.0,5123.0,45.0,125.552,2576882168.0
293.998,0.0,90196.0,5123.0,45.0,125.518,2576894717.0
294.097,0.0,90196.0,5123.0,45.0,125.53,2576907268.0
294.198,0.0,90196.0,5123.0,45.0,125.514,2576919819.0
294.298,0.0,90196.0,5123.0,45.0,125.534,2576932370.0
294.398,0.0,90196.0,5123.0,45.0,125.5,2576944900.0
294.497,0.0,90196.0,5123.0,45.0,125.509,2576957456.0
294.598,0.0,90196.0,5123.0,45.0,125.515,2576970009.0
294.698,0.0,90196.0,5123.0,45.0,125.548,2576982591.0
294.798,0.0,90196.0,5123.0,45.0,125.546,2576995105.0
294.897,0.0,90196.0,5123.0,45.0,125.577,2577007680.0
294.998,0.0,90196.0,5123.0,45.0,125.578,2577020202.0
295.098,0.0,90196.0,5123.0,45.0,125.567,2577032757.0
295.198,0.0,90196.0,5123.0,45.0,125.537,2577045277.0
295.298,0.0,90196.0,5123.0,45.0,125.565,2577057835.0
295.397,0.0,90196.0,5123.0,45.0,125.554,2577070365.0
295.498,0.0,90196.0,5123.0,45.0,125.565,2577082922.0
295.597,0.0,90196.0,5123.0,45.0,125.525,2577095456.0
295.698,0.0,90196.0,5123.0,45.0,125.527,2577108027.0
295.798,0.0,90196.0,5123.0,45.0,125.536,2577120548.0
295.898,0.0,90196.0,5123.0,45.0,125.536,2577133122.0
295.998,0.0,90196.0,5123.0,45.0,125.548,2577133122.0
296.098,0.0,90196.0,5123.0,45.0,125.536,2577145644.0
296.198,0.0,90196.0,5123.0,45.0,125.53,2577158200.0
296.298,0.0,90196.0,5123.0,45.0,125.548,2577183305.0
296.398,0.0,90196.0,5123.0,45.0,125.532,2577195817.0
296.498,0.0,90196.0,5123.0,45.0,125.567,2577208403.0
296.598,0.0,90196.0,5123.0,45.0,125.552,2577220933.0
296.698,0.0,90196.0,5123.0,45.0,125.574,2577233503.0
296.798,0.0,90196.0,5123.0,45.0,125.566,2577246039.0
296.898,0.0,90196.0,5123.0,45.0,125.592,2577258624.0
296.998,0.0,90196.0,5123.0,45.0,125.57,2577271147.0
297.098,0.0,90196.0,5123.0,45.0,125.587,2577283714.0
297.198,0.0,90196.0,5123.0,45.0,125.594,2577296242.0
297.298,0.0,90196.0,5123.0,45.0,125.592,2577308815.0
297.398,0.0,90196.0,5123.0,45.0,125.562,2577321333.0
297.498,0.0,90196.0,5123.0,45.0,125.554,2577333879.0
297.598,0.0,90196.0,5123.0,45.0,125.557,2577346409.0
297.697,0.0,90196.0,5123.0,45.0,125.547,2577358964.0
297.798,0.0,90196.0,5123.0,45.0,125.533,2577371506.0
297.898,0.0,90196.0,5123.0,45.0,125.508,2577384049.0
297.998,0.0,90196.0,5123.0,45.0,125.541,2577396603.0
298.098,0.0,90196.0,5123.0,45.0,125.526,2577409162.0
298.198,0.0,90196.0,5123.0,45.0,125.561,2577421725.0
298.298,0.0,90196.0,5123.0,45.0,125.562,2577434279.0
298.398,0.0,90196.0,5123.0,45.0,125.591,2577446820.0
298.497,0.0,90196.0,5123.0,45.0,125.572,2577459354.0
298.597,0.0,90196.0,5123.0,45.0,125.579,2577471892.0
298.698,0.0,90196.0,5123.0,45.0,125.579,2577484432.0
298.798,0.0,90196.0,5123.0,45.0,125.554,2577484432.0
298.898,0.0,90196.0,5123.0,45.0,125.555,2577496978.0
298.997,0.0,90196.0,5123.0,45.0,125.569,2577509521.0
299.098,0.0,90196.0,5123.0,45.0,125.527,2577534622.0
299.198,0.0,90196.0,5123.0,45.0,125.528,2577547173.0
299.298,0.0,90196.0,5123.0,45.0,125.488,2577559709.0
299.398,0.0,90196.0,5123.0,45.0,125.517,2577572276.0
299.498,0.0,90196.0,5123.0,45.0,125.494,2577584803.0
299.598,0.0,90196.0,5123.0,45.0,125.528,2577597363.0
299.698,0.0,90196.0,5123.0,45.0,125.499,2577609880.0
299.798,0.0,90196.0,5123.0,45.0,125.522,2577622442.0
299.898,0.0,90196.0,5123.0,45.0,125.506,2577634970.0
299.998,0.0,90196.0,5123.0,45.0,125.524,2577647550.0
300.098,0.0,90196.0,5123.0,45.0,125.53,2577660084.0
300.198,0.0,90196.0,5123.0,45.0,125.528,2577672637.0
300.298,0.0,90196.0,5123.0,45.0,125.517,2577685160.0
300.398,0.0,90196.0,5123.0,45.0,125.516,2577697723.0
300.498,0.0,90196.0,5123.0,45.0,125.513,2577710236.0
300.598,0.0,90196.0,5123.0,45.0,125.51,2577722785.0
300.698,0.0,90196.0,5123.0,45.0,125.493,2577735302.0
300.798,0.0,90196.0,5123.0,45.0,125.493,2577747861.0
300.898,0.0,90196.0,5123.0,45.0,125.503,2577760398.0
300.998,0.0,90196.0,5123.0,45.0,125.511,2577772985.0
301.098,0.0,90196.0,5123.0,45.0,125.544,2577785549.0
301.198,0.0,90196.0,5123.0,45.0,125.536,2577798102.0
301.298,0.0,90196.0,5123.0,45.0,125.546,2577810624.0
301.398,0.0,90196.0,5123.0,45.0,125.53,2577823173.0
301.498,0.0,90196.0,5123.0,45.0,125.549,2577835695.0
301.598,0.0,90196.0,5123.0,45.0,125.549,2577848229.0
301.698,0.0,90196.0,5123.0,45.0,125.516,2577848229.0
301.798,0.0,90196.0,5123.0,45.0,125.541,2577860763.0
301.898,0.0,90196.0,5123.0,45.0,125.507,2577873293.0
301.998,0.0,90196.0,5123.0,45.0,125.476,2577898392.0
302.097,0.0,90196.0,5123.0,45.0,125.472,2577910947.0
302.197,0.0,90196.0,5123.0,45.0,125.43,2577923465.0
302.298,0.0,90196.0,5123.0,45.0,125.455,2577936009.0
302.398,0.0,90196.0,5123.0,45.0,125.432,2577948534.0
302.498,0.0,90196.0,5123.0,45.0,125.443,2577961096.0
302.598,0.0,90196.0,5123.0,45.0,125.441,2577973626.0
302.698,0.0,90196.0,5123.0,45.0,125.461,2577986179.0
302.798,0.0,90196.0,5123.0,45.0,125.455,2577998700.0
302.897,0.0,90196.0,5123.0,45.0,125.481,2578011264.0
302.998,0.0,90196.0,5123.0,45.0,125.46,2578023797.0
303.097,0.0,90196.0,5123.0,45.0,125.458,2578036337.0
303.198,0.0,90196.0,5123.0,45.0,125.455,2578048851.0
303.298,0.0,90196.0,5123.0,45.0,125.469,2578061398.0
303.398,0.0,90196.0,5123.0,45.0,125.447,2578073915.0
303.498,0.0,90196.0,5123.0,45.0,125.469,2578086468.0
303.598,0.0,90196.0,5123.0,45.0,125.446,2578098985.0
303.698,0.0,90196.0,5123.0,45.0,125.46,2578111547.0
303.798,0.0,90196.0,5123.0,45.0,125.447,2578124058.0
303.898,0.0,90196.0,5123.0,45.0,125.445,2578136616.0
303.998,0.0,90196.0,5123.0,45.0,125.443,2578149138.0
304.098,0.0,90196.0,5123.0,45.0,125.457,2578161705.0
304.198,0.0,90196.0,5123.0,45.0,125.435,2578174204.0
304.298,0.0,90196.0,5123.0,45.0,125.362,2578186698.0
304.398,0.0,90196.0,5123.0,45.0,125.367,2578199205.0
304.498,0.0,90196.0,5123.0,45.0,125.367,2578211765.0
304.598,0.0,90196.0,5123.0,45.0,125.367,2578224287.0
304.698,0.0,90196.0,5123.0,45.0,125.37,2578224287.0
304.798,0.0,90196.0,5123.0,45.0,125.359,2578236827.0
304.897,0.0,90196.0,5123.0,45.0,125.365,2578249356.0
304.998,0.0,90196.0,5123.0,45.0,125.347,2578274444.0
305.098,0.0,90196.0,5123.0,45.0,125.341,2578286992.0
305.198,0.0,90196.0,5123.0,45.0,125.396,2578299544.0
305.298,0.0,90196.0,5123.0,45.0,125.459,2578312103.0
305.398,0.0,90196.0,5123.0,45.0,125.505,2578324670.0
305.498,0.0,90196.0,5123.0,45.0,125.488,2578337197.0
305.598,0.0,90196.0,5123.0,45.0,125.511,2578349729.0
305.698,0.0,90196.0,5123.0,45.0,125.485,2578362252.0
305.798,0.0,90196.0,5123.0,45.0,125.508,2578374805.0
305.897,0.0,90196.0,5123.0,45.0,125.477,2578387320.0
305.998,0.0,90196.0,5123.0,45.0,125.516,2578399863.0
306.097,0.0,90196.0,5123.0,45.0,125.483,2578412382.0
306.196,0.0,90196.0,5123.0,45.0,125.486,2578424935.0
306.297,0.0,90196.0,5123.0,45.0,125.426,2578437451.0
306.398,0.0,90196.0,5123.0,45.0,125.446,2578450014.0
306.497,0.0,90196.0,5123.0,45.0,125.409,2578462540.0
306.598,0.0,90196.0,5123.0,45.0,125.443,2578475098.0
306.697,0.0,90196.0,5123.0,45.0,125.42,2578487616.0
306.798,0.0,90196.0,5123.0,45.0,125.448,2578500175.0
306.898,0.0,90196.0,5123.0,45.0,125.442,2578512677.0
306.998,0.0,90196.0,5123.0,45.0,125.457,2578525233.0
307.097,0.0,90196.0,5123.0,45.0,125.436,2578537745.0
307.198,0.0,90196.0,5123.0,45.0,125.45,2578550311.0
307.298,0.0,90196.0,5123.0,45.0,125.463,2578562829.0
307.398,0.0,90196.0,5123.0,45.0,125.458,2578575387.0
307.497,0.0,90196.0,5123.0,45.0,125.466,2578587924.0
307.597,0.0,90196.0,5123.0,45.0,125.458,2578600471.0
307.697,0.0,90196.0,5123.0,45.0,125.458,2578612975.0
307.797,0.0,90196.0,5123.0,45.0,125.457,2578612975.0
307.896,0.0,90196.0,5123.0,45.0,125.441,2578625521.0
307.997,0.0,90196.0,5123.0,45.0,125.434,2578638029.0
308.098,0.0,90196.0,5123.0,45.0,125.399,2578663098.0
308.198,0.0,90196.0,5123.0,45.0,125.42,2578675654.0
308.297,0.0,90196.0,5123.0,45.0,125.443,2578688204.0
308.398,0.0,90196.0,5123.0,45.0,125.421,2578700753.0
308.498,0.0,90196.0,5123.0,45.0,125.414,2578713271.0
308.598,0.0,90196.0,5123.0,45.0,125.36,2578725781.0
308.698,0.0,90196.0,5123.0,45.0,125.389,2578738312.0
308.797,0.0,90196.0,5123.0,45.0,125.363,2578750831.0
308.898,0.0,90196.0,5123.0,45.0,125.408,2578763377.0
308.998,0.0,90196.0,5123.0,45.0,125.402,2578775904.0
309.098,0.0,90196.0,5123.0,45.0,125.419,2578788440.0
309.198,0.0,90196.0,5123.0,45.0,125.362,2578800960.0
309.297,0.0,90196.0,5123.0,45.0,125.376,2578813519.0
309.397,0.0,90196.0,5123.0,45.0,125.326,2578826023.0
309.498,0.0,90196.0,5123.0,45.0,125.378,2578838594.0
309.597,0.0,90196.0,5123.0,45.0,125.401,2578851112.0
309.696,0.0,90196.0,5123.0,45.0,125.424,2578863685.0
309.798,0.0,90196.0,5123.0,45.0,125.412,2578876189.0
309.898,0.0,90196.0,5123.0,45.0,125.421,2578888738.0
309.997,0.0,90196.0,5123.0,45.0,125.388,2578901248.0
310.097,0.0,90196.0,5123.0,45.0,125.422,2578913812.0
310.198,0.0,90196.0,5123.0,45.0,125.43,2578926320.0
310.298,0.0,90196.0,5123.0,45.0,125.442,2578938887.0
310.398,0.0,90196.0,5123.0,45.0,125.461,2578951396.0
310.497,0.0,90196.0,5123.0,45.0,125.481,2578963967.0
310.598,0.0,90196.0,5123.0,45.0,125.459,2578976485.0
310.698,0.0,90196.0,5123.0,45.0,125.453,2578989037.0
310.798,0.0,90196.0,5123.0,45.0,125.452,2579001537.0
310.896,0.0,90196.0,5123.0,45.0,125.434,2579001537.0
310.998,0.0,90196.0,5123.0,45.0,125.449,2579014079.0
311.096,0.0,90196.0,5123.0,45.0,125.434,2579026598.0
311.198,0.0,90196.0,5123.0,45.0,125.449,2579051665.0
311.298,0.0,90196.0,5123.0,45.0,125.422,2579064205.0
311.397,0.0,90196.0,5123.0,45.0,125.434,2579076736.0
311.498,0.0,90196.0,5123.0,45.0,125.402,2579089277.0
311.598,0.0,90196.0,5123.0,45.0,125.431,2579101812.0
311.698,0.0,90196.0,5123.0,45.0,125.401,2579114348.0
311.798,0.0,90196.0,5123.0,45.0,125.446,2579126880.0
311.897,0.0,90196.0,5123.0,45.0,125.423,2579139401.0
311.998,0.0,90196.0,5123.0,45.0,125.458,2579151939.0
312.098,0.0,90196.0,5123.0,45.0,125.416,2579164457.0
312.198,0.0,90196.0,5123.0,45.0,125.429,2579176993.0
312.297,0.0,90196.0,5123.0,45.0,125.402,2579189500.0
312.398,0.0,90196.0,5123.0,45.0,125.413,2579202048.0
312.498,0.0,90196.0,5123.0,45.0,125.368,2579214544.0
312.598,0.0,90196.0,5123.0,45.0,125.379,2579227100.0
312.698,0.0,90196.0,5123.0,45.0,125.379,2579239638.0
312.814,0.0,90196.0,5123.0,45.0,125.373,2579252198.0
312.898,0.0,90196.0,5123.0,45.0,125.372,2579264679.0
313.000,0.0,90196.0,5123.0,45.0,125.367,2579277247.0
313.098,0.0,90196.0,5123.0,45.0,125.389,2579289768.0
313.198,0.0,90196.0,5123.0,45.0,125.387,2579302324.0
313.298,0.0,90196.0,5123.0,45.0,125.416,2579314827.0
313.398,0.0,90196.0,5123.0,45.0,125.409,2579327390.0
313.498,0.0,90196.0,5123.0,45.0,125.426,2579339901.0
313.598,0.0,90196.0,5123.0,45.0,125.412,2579352440.0
313.698,0.0,90196.0,5123.0,45.0,125.426,2579364961.0
313.798,0.0,90196.0,5123.0,45.0,125.406,2579364961.0
313.898,0.0,90196.0,5123.0,45.0,125.412,2579377490.0
313.998,0.0,90196.0,5123.0,45.0,125.38,2579390006.0
314.098,0.0,90196.0,5123.0,45.0,125.389,2579415072.0
314.198,0.0,90196.0,5123.0,45.0,125.36,2579427607.0
314.298,0.0,90196.0,5123.0,45.0,125.394,2579440135.0
314.398,0.0,90196.0,5123.0,45.0,125.348,2579452677.0
314.497,0.0,90196.0,5123.0,45.0,125.396,2579465219.0
314.598,0.0,90196.0,5123.0,45.0,125.355,2579477737.0
314.697,0.0,90196.0,5123.0,45.0,125.333,2579490256.0
314.798,0.0,90196.0,5123.0,45.0,125.299,2579502748.0
314.898,0.0,90196.0,5123.0,45.0,125.356,2579515309.0
314.996,0.0,90196.0,5123.0,45.0,125.324,2579527826.0
315.098,0.0,90196.0,5123.0,45.0,125.347,2579540385.0
315.198,0.0,90196.0,5123.0,45.0,125.341,2579552902.0
315.298,0.0,90196.0,5123.0,45.0,125.332,2579565441.0
315.397,0.0,90196.0,5123.0,45.0,125.33,2579577944.0
315.497,0.0,90196.0,5123.0,45.0,125.336,2579590499.0
315.597,0.0,90196.0,5123.0,45.0,125.328,2579602982.0
315.698,0.0,90196.0,5123.0,45.0,125.349,2579615537.0
315.798,0.0,90196.0,5123.0,45.0,125.37,2579628043.0
315.897,0.0,90196.0,5123.0,45.0,125.336,2579640590.0
315.998,0.0,90196.0,5123.0,45.0,125.345,2579653094.0
316.098,0.0,90196.0,5123.0,45.0,125.342,2579665660.0
316.198,0.0,90196.0,5123.0,45.0,125.354,2579678167.0
316.298,0.0,90196.0,5123.0,45.0,125.334,2579690712.0
316.398,0.0,90196.0,5123.0,45.0,125.339,2579703190.0
316.498,0.0,90196.0,5123.0,45.0,125.3,2579715746.0
316.598,0.0,90196.0,5123.0,45.0,125.316,2579728246.0
316.698,0.0,90196.0,5123.0,45.0,125.307,2579740778.0
316.797,0.0,90196.0,5123.0,45.0,125.307,2579753317.0
316.898,0.0,90196.0,5123.0,45.0,125.352,2579753317.0
316.998,0.0,90196.0,5123.0,45.0,125.339,2579765860.0
317.098,0.0,90196.0,5123.0,45.0,125.356,2579778366.0
317.198,0.0,90196.0,5123.0,45.0,125.333,2579803440.0
317.297,0.0,90196.0,5123.0,45.0,125.356,2579815977.0
317.398,0.0,90196.0,5123.0,45.0,125.326,2579828505.0
317.498,0.0,90196.0,5123.0,45.0,125.373,2579841027.0
317.598,0.0,90196.0,5123.0,45.0,125.336,2579853541.0
317.698,0.0,90196.0,5123.0,45.0,125.371,2579866093.0
317.798,0.0,90196.0,5123.0,45.0,125.384,2579878612.0
317.898,0.0,90196.0,5123.0,45.0,125.355,2579891123.0
317.997,0.0,90196.0,5123.0,45.0,125.385,2579903675.0
318.098,0.0,90196.0,5123.0,45.0,125.364,2579916192.0
318.198,0.0,90196.0,5123.0,45.0,125.384,2579928767.0
318.298,0.0,90196.0,5123.0,45.0,125.399,2579941277.0
318.398,0.0,90196.0,5123.0,45.0,125.388,2579953811.0
318.498,0.0,90196.0,5123.0,45.0,125.397,2579966318.0
318.598,0.0,90196.0,5123.0,45.0,125.402,2579978864.0
318.697,0.0,90196.0,5123.0,45.0,125.396,2579991383.0
318.797,0.0,90196.0,5123.0,45.0,125.38,2580003940.0
318.898,0.0,90196.0,5123.0,45.0,125.383,2580016430.0
318.999,0.0,90196.0,5123.0,45.0,125.362,2580028972.0
319.098,0.0,90196.0,5123.0,45.0,125.394,2580041492.0
319.198,0.0,90196.0,5123.0,45.0,127.221,2580055959.0
319.298,0.0,90196.0,5123.0,45.0,127.242,2580068512.0
319.398,0.0,90196.0,5123.0,45.0,130.437,2580081065.0
319.498,68.0,90196.0,5123.0,47.0,151.064,2580114330.0
319.598,68.0,90196.0,5123.0,48.0,163.848,2580140348.0
319.698,68.0,90196.0,5123.0,48.0,163.848,2580140348.0
319.798,63.0,90196.0,5123.0,48.0,176.178,2580165089.0
319.898,63.0,90196.0,5123.0,48.0,188.006,2580190039.0
319.998,63.0,90196.0,5123.0,48.0,201.956,2580241078.0
320.098,63.0,90196.0,5123.0,48.0,216.18,2580266691.0
320.198,62.0,90196.0,5123.0,49.0,226.679,2580291885.0
320.298,62.0,90196.0,5123.0,49.0,237.894,2580317126.0
320.398,63.0,90196.0,5123.0,49.0,249.987,2580342550.0
320.498,63.0,90196.0,5123.0,49.0,262.443,2580367124.0
320.598,63.0,90196.0,5123.0,49.0,255.131,2580391142.0
320.698,63.0,90196.0,5123.0,49.0,254.415,2580417014.0
320.798,63.0,90196.0,5123.0,49.0,254.548,2580443119.0
320.898,63.0,90196.0,5123.0,49.0,255.272,2580467935.0
320.998,63.0,90196.0,5123.0,49.0,252.728,2580493934.0
321.098,63.0,90196.0,5123.0,49.0,253.6,2580520108.0
321.198,63.0,90196.0,5123.0,49.0,256.112,2580545639.0
321.298,63.0,90196.0,5123.0,49.0,255.081,2580570681.0
321.398,63.0,90196.0,5123.0,49.0,255.178,2580596946.0
321.498,63.0,90196.0,5123.0,50.0,254.935,2580622855.0
321.598,63.0,90196.0,5123.0,49.0,256.44,2580650330.0
321.698,63.0,90196.0,5123.0,49.0,259.517,2580677338.0
321.798,63.0,90196.0,5123.0,50.0,259.165,2580702993.0
321.897,63.0,90196.0,5123.0,50.0,258.341,2580728425.0
321.998,63.0,90196.0,5123.0,50.0,259.445,2580754688.0
322.098,63.0,90196.0,5123.0,50.0,258.5,2580780430.0
322.198,62.0,90196.0,5123.0,50.0,257.5,2580806274.0
322.298,62.0,90196.0,5123.0,50.0,258.422,2580806274.0
322.398,63.0,90196.0,5123.0,50.0,257.852,2580831122.0
322.497,63.0,90196.0,5123.0,50.0,259.557,2580857482.0
322.598,63.0,90196.0,5123.0,50.0,259.333,2580908050.0
322.698,63.0,90196.0,5123.0,50.0,256.47,2580933968.0
322.797,62.0,90196.0,5123.0,50.0,256.565,2580958793.0
322.897,62.0,90196.0,5123.0,50.0,256.609,2580982753.0
322.998,63.0,90196.0,5123.0,50.0,255.016,2581007598.0
323.098,63.0,90196.0,5123.0,50.0,253.855,2581032786.0
323.198,60.0,90196.0,5123.0,49.0,253.855,2581058021.0
323.298,61.0,90196.0,5123.0,49.0,252.151,2581083221.0
323.398,61.0,90196.0,5123.0,49.0,248.16,2581105568.0
323.498,61.0,90196.0,5123.0,49.0,245.962,2581129752.0
323.598,61.0,90196.0,5123.0,49.0,245.543,2581153091.0
323.698,61.0,90196.0,5123.0,49.0,244.14,2581177765.0
323.798,61.0,90196.0,5123.0,49.0,242.551,2581202043.0
323.897,60.0,90196.0,5123.0,49.0,240.657,2581223738.0
323.998,60.0,90196.0,5123.0,49.0,239.832,2581247554.0
324.098,60.0,90196.0,5123.0,49.0,237.149,2581270893.0
324.198,60.0,90196.0,5123.0,49.0,234.142,2581293663.0
324.298,60.0,90196.0,5123.0,49.0,233.028,2581316733.0
324.398,60.0,90196.0,5123.0,49.0,235.885,2581340604.0
324.498,59.0,90196.0,5123.0,49.0,235.946,2581364530.0
324.598,59.0,90196.0,5123.0,49.0,235.027,2581387689.0
324.697,58.0,90196.0,5123.0,49.0,231.936,2581409083.0
324.798,58.0,90196.0,5123.0,49.0,228.154,2581429971.0
324.896,58.0,90196.0,5123.0,49.0,228.154,2581450270.0
324.998,58.0,90196.0,5123.0,49.0,226.664,2581471742.0
325.097,58.0,90196.0,5123.0,49.0,224.814,2581471742.0
325.198,58.0,90196.0,5123.0,48.0,223.911,2581493690.0
325.297,58.0,90196.0,5123.0,48.0,224.703,2581538720.0
325.398,57.0,90196.0,5123.0,48.0,223.035,2581559659.0
325.498,57.0,90196.0,5123.0,48.0,219.566,2581581021.0
325.598,58.0,90196.0,5123.0,48.0,216.163,2581601291.0
325.698,58.0,90196.0,5123.0,48.0,213.811,2581622774.0
325.797,56.0,90196.0,5123.0,48.0,213.602,2581642503.0
325.898,56.0,90196.0,5123.0,48.0,213.742,2581663496.0
325.998,58.0,90196.0,5123.0,48.0,212.42,2581684500.0
326.098,57.0,90196.0,5123.0,48.0,210.126,2581704244.0
326.198,57.0,90196.0,5123.0,48.0,207.727,2581725216.0
326.298,57.0,90196.0,5123.0,48.0,205.927,2581744917.0
326.397,57.0,90196.0,5123.0,48.0,205.046,2581764531.0
326.498,56.0,90196.0,5123.0,48.0,203.593,2581784822.0
326.598,56.0,90196.0,5123.0,48.0,203.475,2581805233.0
326.697,56.0,90196.0,5123.0,48.0,202.09,2581824556.0
326.798,56.0,90196.0,5123.0,48.0,203.01,2581845240.0
326.898,57.0,90196.0,5123.0,48.0,202.042,2581866029.0
326.998,57.0,90196.0,5123.0,48.0,200.974,2581885725.0
327.098,56.0,90196.0,5123.0,48.0,200.132,2581904330.0
327.197,56.0,90196.0,5123.0,47.0,198.536,2581923190.0
327.296,55.0,90196.0,5123.0,47.0,197.329,2581941789.0
327.397,55.0,90196.0,5123.0,47.0,197.332,2581961632.0
327.497,55.0,90196.0,5123.0,47.0,196.654,2581980542.0
327.597,55.0,90196.0,5123.0,47.0,195.378,2581980542.0
327.698,56.0,90196.0,5123.0,47.0,196.904,2582000401.0
327.798,56.0,90196.0,5123.0,47.0,192.574,2582038885.0
327.897,56.0,90196.0,5123.0,47.0,192.397,2582056961.0
327.998,56.0,90196.0,5123.0,47.0,193.292,2582077649.0
328.098,54.0,90196.0,5123.0,47.0,195.764,2582098964.0
328.198,54.0,90196.0,5123.0,47.0,197.011,2582119145.0
328.297,56.0,90196.0,5123.0,47.0,197.012,2582139199.0
328.398,56.0,90196.0,5123.0,47.0,197.021,2582158198.0
328.498,56.0,90196.0,5123.0,47.0,195.66,2582175844.0
328.598,56.0,90196.0,5123.0,47.0,193.69,2582195436.0
328.697,56.0,90196.0,5123.0,47.0,192.437,2582212910.0
328.798,56.0,90196.0,5123.0,47.0,190.353,2582230659.0
328.898,0.0,90196.0,5123.0,46.0,182.891,2582243374.0
328.997,0.0,90196.0,5123.0,46.0,174.115,2582255927.0
329.098,0.0,90196.0,5123.0,46.0,166.753,2582268489.0
329.198,0.0,90196.0,5123.0,46.0,158.35,2582281119.0
329.297,0.0,90196.0,5123.0,46.0,152.771,2582293699.0
329.398,0.0,90196.0,5123.0,46.0,145.468,2582306316.0
329.498,0.0,90196.0,5123.0,46.0,140.745,2582318905.0
329.598,0.0,90196.0,5123.0,46.0,134.807,2582331514.0
329.698,0.0,90196.0,5123.0,46.0,127.705,2582344084.0
329.798,0.0,90196.0,5123.0,45.0,146.126,2582362983.0
329.898,65.0,90196.0,5123.0,50.0,160.716,2582398949.0
329.996,65.0,90196.0,5123.0,48.0,172.619,2582424348.0
330.096,65.0,90196.0,5123.0,48.0,172.619,2582449466.0
330.198,61.0,90196.0,5123.0,49.0,187.092,2582449466.0
330.298,61.0,90196.0,5123.0,49.0,197.886,2582474315.0
330.398,62.0,90196.0,5123.0,49.0,212.082,2582499008.0
330.498,62.0,90196.0,5123.0,49.0,223.156,2582551185.0
330.598,62.0,90196.0,5123.0,49.0,237.865,2582576418.0
330.698,62.0,90196.0,5123.0,49.0,251.187,2582601472.0
330.798,61.0,90196.0,5123.0,49.0,261.344,2582626749.0
330.897,61.0,90196.0,5123.0,49.0,262.257,2582652874.0
330.998,62.0,90196.0,5123.0,49.0,254.68,2582678218.0
331.098,62.0,90196.0,5123.0,49.0,254.712,2582703551.0
331.198,62.0,90196.0,5123.0,49.0,254.189,2582729902.0
331.298,62.0,90196.0,5123.0,50.0,256.481,2582755516.0
331.398,61.0,90196.0,5123.0,50.0,255.914,2582780400.0
331.498,61.0,90196.0,5123.0,50.0,255.654,2582806529.0
331.598,62.0,90196.0,5123.0,50.0,254.84,2582832049.0
331.698,62.0,90196.0,5123.0,50.0,254.675,2582857928.0
331.798,62.0,90196.0,5123.0,50.0,256.508,2582883680.0
331.898,62.0,90196.0,5123.0,50.0,256.171,2582909028.0
331.998,61.0,90196.0,5123.0,50.0,256.888,2582933559.0
332.098,61.0,90196.0,5123.0,50.0,255.621,2582958431.0
332.198,59.0,90196.0,5123.0,50.0,255.732,2582984054.0
332.298,59.0,90196.0,5123.0,50.0,254.91,2583010345.0
332.397,62.0,90196.0,5123.0,50.0,254.579,2583036952.0
332.498,62.0,90196.0,5123.0,50.0,256.353,2583061151.0
332.598,62.0,90196.0,5123.0,50.0,254.886,2583087835.0
332.698,62.0,90196.0,5123.0,50.0,255.496,2583112475.0
332.797,62.0,90196.0,5123.0,50.0,254.244,2583112475.0
332.898,62.0,90196.0,5123.0,50.0,255.926,2583138726.0
332.998,62.0,90196.0,5123.0,50.0,257.147,2583165636.0
333.098,62.0,90196.0,5123.0,50.0,259.032,2583218905.0
333.198,63.0,90196.0,5123.0,50.0,260.646,2583244048.0
333.297,63.0,90196.0,5123.0,50.0,259.152,2583269393.0
333.398,62.0,90196.0,5123.0,50.0,259.436,2583294477.0
333.498,62.0,90196.0,5123.0,50.0,257.854,2583321134.0
333.598,60.0,90196.0,5123.0,50.0,258.436,2583346773.0
333.698,60.0,90196.0,5123.0,50.0,257.859,2583372357.0
333.796,59.0,90196.0,5123.0,50.0,256.905,2583396442.0
333.898,59.0,90196.0,5123.0,50.0,254.311,2583420141.0
333.998,59.0,90196.0,5123.0,50.0,251.382,2583444367.0
334.098,59.0,90196.0,5123.0,50.0,247.8,2583467610.0
334.198,60.0,90196.0,5123.0,50.0,245.887,2583492899.0
334.298,60.0,90196.0,5123.0,50.0,246.975,2583516942.0
334.398,60.0,90196.0,5123.0,50.0,244.628,2583542606.0
334.498,60.0,90196.0,5123.0,50.0,245.091,2583566786.0
334.598,60.0,90196.0,5123.0,49.0,244.227,2583591541.0
334.698,60.0,90196.0,5123.0,50.0,244.268,2583614552.0
334.797,59.0,90196.0,5123.0,49.0,241.653,2583638445.0
334.898,59.0,90196.0,5123.0,49.0,241.987,2583663255.0
334.998,60.0,90196.0,5123.0,49.0,243.149,2583687353.0
335.098,60.0,90196.0,5123.0,49.0,241.593,2583709946.0
335.198,58.0,90196.0,5123.0,49.0,239.993,2583733258.0
335.298,58.0,90196.0,5123.0,49.0,238.326,2583754930.0
335.398,57.0,90196.0,5123.0,49.0,236.774,2583777625.0
335.497,57.0,90196.0,5123.0,49.0,232.261,2583777625.0
335.598,57.0,90196.0,5123.0,49.0,229.708,2583798869.0
335.697,57.0,90196.0,5123.0,49.0,224.594,2583841054.0
335.798,58.0,90196.0,5123.0,48.0,224.554,2583863260.0
335.898,58.0,90196.0,5123.0,48.0,222.789,2583885210.0
335.998,58.0,90196.0,5123.0,48.0,218.766,2583904527.0
336.096,58.0,90196.0,5123.0,48.0,215.147,2583925314.0
336.198,57.0,90196.0,5123.0,48.0,212.938,2583945071.0
336.298,57.0,90196.0,5123.0,48.0,210.626,2583966334.0
336.398,58.0,90196.0,5123.0,48.0,209.782,2583985545.0
336.497,58.0,90196.0,5123.0,48.0,207.891,2584006449.0
336.598,57.0,90196.0,5123.0,48.0,206.306,2584026563.0
336.698,57.0,90196.0,5123.0,48.0,206.358,2584047148.0
336.798,58.0,90196.0,5123.0,48.0,200.544,2584066527.0
336.898,55.0,90196.0,5123.0,48.0,198.46,2584084509.0
336.998,55.0,90196.0,5123.0,48.0,198.764,2584103629.0
337.098,56.0,90196.0,5123.0,48.0,197.67,2584123205.0
337.198,56.0,90196.0,5123.0,48.0,196.563,2584142535.0
337.298,56.0,90196.0,5123.0,47.0,196.202,2584162580.0
337.398,56.0,90196.0,5123.0,47.0,195.161,2584182050.0
337.498,55.0,90196.0,5123.0,47.0,194.595,2584201514.0
337.598,55.0,90196.0,5123.0,47.0,193.63,2584220213.0
337.698,55.0,90196.0,5123.0,47.0,191.629,2584239091.0
337.798,55.0,90196.0,5123.0,47.0,192.062,2584257339.0
337.898,53.0,90196.0,5123.0,47.0,192.904,2584277397.0
337.997,53.0,90196.0,5123.0,47.0,192.904,2584277397.0
338.098,53.0,90196.0,5123.0,47.0,192.958,2584296506.0
338.198,55.0,90196.0,5123.0,47.0,192.427,2584314817.0
338.298,55.0,90196.0,5123.0,47.0,193.425,2584354758.0
338.397,56.0,90196.0,5123.0,47.0,191.58,2584371810.0
338.498,56.0,90196.0,5123.0,47.0,188.505,2584387915.0
338.598,56.0,90196.0,5123.0,47.0,186.305,2584407923.0
338.698,56.0,90196.0,5123.0,47.0,188.143,2584428302.0
338.797,55.0,90196.0,5123.0,47.0,189.301,2584446714.0
338.898,55.0,90196.0,5123.0,47.0,187.422,2584464700.0
338.998,56.0,90196.0,5123.0,47.0,187.755,2584484984.0
339.098,56.0,90196.0,5123.0,47.0,189.355,2584505092.0
339.197,55.0,90196.0,5123.0,47.0,190.265,2584523139.0
339.298,55.0,90196.0,5123.0,47.0,185.911,2584539093.0
339.398,35.0,90196.0,5123.0,46.0,181.735,2584551916.0
339.498,0.0,90196.0,5123.0,46.0,173.802,2584564592.0
339.597,0.0,90196.0,5123.0,46.0,165.821,2584577297.0
339.697,0.0,90196.0,5123.0,46.0,158.349,2584590025.0
339.798,0.0,90196.0,5123.0,48.0,162.501,2584603910.0
339.898,64.0,90198.0,5121.0,49.0,173.395,2584635039.0
339.998,64.0,90198.0,5121.0,49.0,177.528,2584661489.0
340.098,63.0,90198.0,5121.0,49.0,183.044,2584685947.0
340.198,63.0,90198.0,5121.0,49.0,192.69,2584711116.0
340.298,63.0,90198.0,5121.0,49.0,205.191,2584738236.0
340.398,63.0,90198.0,5121.0,49.0,215.447,2584763608.0
340.498,62.0,90198.0,5121.0,49.0,227.228,2584788299.0
340.597,62.0,90198.0,5121.0,49.0,241.075,2584788299.0
340.697,63.0,90198.0,5121.0,49.0,252.084,2584813070.0
340.797,63.0,90198.0,5121.0,49.0,260.597,2584838590.0
340.898,61.0,90198.0,5121.0,49.0,254.047,2584891936.0
340.998,61.0,90198.0,5121.0,50.0,253.401,2584916398.0
341.098,63.0,90198.0,5121.0,50.0,254.613,2584941705.0
341.198,63.0,90198.0,5121.0,50.0,256.118,2584968824.0
341.298,62.0,90198.0,5121.0,50.0,254.3,2584995157.0
341.398,62.0,90198.0,5121.0,50.0,254.833,2585020068.0
341.498,63.0,90198.0,5121.0,50.0,255.262,2585044846.0
341.598,63.0,90198.0,5121.0,50.0,258.049,2585071324.0
341.696,63.0,90198.0,5121.0,50.0,259.003,2585098587.0
341.797,63.0,90198.0,5121.0,50.0,257.225,2585124330.0
341.898,63.0,90198.0,5121.0,50.0,257.62,2585149054.0
341.998,63.0,90198.0,5121.0,50.0,256.756,2585173986.0
342.098,62.0,90198.0,5121.0,50.0,255.166,2585197739.0
342.198,62.0,90198.0,5121.0,50.0,252.36,2585222766.0
342.296,63.0,90198.0,5121.0,50.0,251.003,2585247330.0
342.398,63.0,90198.0,5121.0,50.0,252.922,2585272713.0
342.498,63.0,90198.0,5121.0,50.0,255.178,2585300522.0
342.598,63.0,90198.0,5121.0,50.0,256.24,2585327367.0
342.698,62.0,90198.0,5121.0,50.0,256.708,2585355747.0
342.798,62.0,90198.0,5121.0,50.0,255.953,2585381170.0
342.898,63.0,90198.0,5121.0,50.0,257.446,2585405629.0
342.998,63.0,90198.0,5121.0,50.0,260.743,2585432515.0
343.097,63.0,90198.0,5121.0,50.0,260.743,2585458264.0
343.213,63.0,90198.0,5121.0,50.0,261.683,2585458264.0
343.298,63.0,90198.0,5121.0,50.0,262.182,2585483547.0
343.398,63.0,90198.0,5121.0,50.0,261.947,2585508635.0
343.498,63.0,90198.0,5121.0,50.0,261.594,2585557980.0
343.598,63.0,90198.0,5121.0,50.0,259.179,2585583371.0
343.698,63.0,90198.0,5121.0,50.0,256.86,2585609660.0
343.798,63.0,90198.0,5121.0,50.0,255.123,2585634236.0
343.898,63.0,90198.0,5121.0,50.0,254.361,2585658254.0
343.998,63.0,90198.0,5121.0,50.0,253.846,2585683141.0
344.098,63.0,90198.0,5121.0,50.0,250.516,2585707448.0
344.197,61.0,90198.0,5121.0,50.0,249.787,2585731282.0
344.297,61.0,90198.0,5121.0,50.0,247.811,2585753979.0
344.398,61.0,90198.0,5121.0,50.0,245.637,2585777215.0
344.498,61.0,90198.0,5121.0,50.0,243.505,2585800350.0
344.597,60.0,90198.0,5121.0,50.0,240.821,2585824246.0
344.698,60.0,90198.0,5121.0,49.0,237.468,2585847312.0
344.798,61.0,90198.0,5121.0,49.0,236.547,2585871358.0
344.898,60.0,90198.0,5121.0,49.0,233.981,2585893656.0
344.998,60.0,90198.0,5121.0,49.0,233.638,2585916824.0
345.098,59.0,90198.0,5121.0,49.0,231.378,2585939289.0
345.198,59.0,90198.0,5121.0,49.0,229.897,2585961906.0
345.298,58.0,90198.0,5121.0,49.0,229.368,2585982977.0
345.398,58.0,90198.0,5121.0,49.0,227.344,2586004810.0
345.498,57.0,90198.0,5121.0,49.0,227.257,2586025622.0
345.598,57.0,90198.0,5121.0,49.0,224.889,2586048574.0
345.698,58.0,90198.0,5121.0,48.0,222.072,2586069187.0
345.798,58.0,90198.0,5121.0,48.0,220.008,2586090991.0
345.898,58.0,90198.0,5121.0,48.0,219.963,2586090991.0
345.996,58.0,90198.0,5121.0,48.0,215.558,2586112458.0
346.097,58.0,90198.0,5121.0,48.0,213.012,2586152682.0
346.198,58.0,90198.0,5121.0,48.0,212.629,2586173165.0
346.298,58.0,90198.0,5121.0,48.0,209.348,2586193025.0
346.398,58.0,90198.0,5121.0,48.0,208.814,2586213889.0
346.498,58.0,90198.0,5121.0,48.0,207.454,2586233584.0
346.598,58.0,90198.0,5121.0,48.0,205.726,2586254331.0
346.698,58.0,90198.0,5121.0,48.0,204.106,2586274461.0
346.798,58.0,90198.0,5121.0,48.0,202.23,2586294522.0
346.898,58.0,90198.0,5121.0,48.0,199.302,2586313630.0
346.998,58.0,90198.0,5121.0,48.0,199.564,2586333711.0
347.098,58.0,90198.0,5121.0,48.0,199.598,2586353743.0
347.198,58.0,90198.0,5121.0,48.0,197.928,2586372073.0
347.298,56.0,90198.0,5121.0,48.0,199.2,2586392571.0
347.398,56.0,90198.0,5121.0,48.0,198.157,2586412700.0
347.498,55.0,90198.0,5121.0,48.0,196.302,2586431970.0
347.598,55.0,90198.0,5121.0,48.0,196.962,2586452362.0
347.696,56.0,90198.0,5121.0,48.0,196.703,2586472708.0
347.798,56.0,90198.0,5121.0,48.0,194.736,2586491239.0
347.898,56.0,90198.0,5121.0,47.0,195.154,2586509705.0
347.998,56.0,90198.0,5121.0,47.0,195.071,2586528791.0
348.098,55.0,90198.0,5121.0,47.0,194.639,2586548658.0
348.198,55.0,90198.0,5121.0,47.0,193.346,2586567106.0
348.298,55.0,90198.0,5121.0,47.0,191.916,2586585886.0
348.398,55.0,90198.0,5121.0,47.0,191.916,2586604636.0
348.498,55.0,90198.0,5121.0,47.0,190.697,2586604636.0
348.597,55.0,90198.0,5121.0,47.0,189.671,2586623810.0
348.698,55.0,90198.0,5121.0,47.0,188.202,2586661316.0
348.798,55.0,90198.0,5121.0,47.0,189.351,2586682177.0
348.898,55.0,90198.0,5121.0,47.0,191.055,2586701570.0
348.998,55.0,90198.0,5121.0,47.0,190.616,2586721039.0
349.098,55.0,90198.0,5121.0,47.0,191.508,2586739977.0
349.196,56.0,90198.0,5121.0,47.0,191.098,2586758918.0
349.296,56.0,90198.0,5121.0,47.0,189.791,2586774175.0
349.398,12.0,90198.0,5121.0,46.0,184.307,2586786918.0
349.498,12.0,90198.0,5121.0,46.0,178.267,2586799481.0
349.598,0.0,90198.0,5121.0,46.0,173.826,2586819159.0
349.698,0.0,90198.0,5121.0,48.0,179.497,2586841166.0
349.798,53.0,90198.0,5121.0,49.0,184.686,2586869068.0
349.897,53.0,90198.0,5121.0,49.0,192.289,2586895959.0
349.998,63.0,90198.0,5121.0,49.0,198.244,2586921001.0
350.098,63.0,90198.0,5121.0,49.0,204.257,2586947677.0
350.198,63.0,90198.0,5121.0,49.0,216.012,2586972624.0
350.298,61.0,90198.0,5121.0,49.0,228.903,2586996166.0
350.398,61.0,90198.0,5121.0,49.0,240.2,2587021788.0
350.498,63.0,90198.0,5121.0,49.0,250.888,2587046566.0
350.598,63.0,90198.0,5121.0,49.0,252.578,2587071189.0
350.698,63.0,90198.0,5121.0,50.0,254.512,2587097027.0
350.798,63.0,90198.0,5121.0,50.0,254.535,2587123666.0
350.901,63.0,90198.0,5121.0,50.0,255.399,2587150953.0
350.998,63.0,90198.0,5121.0,50.0,255.399,2587150953.0
351.098,63.0,90198.0,5121.0,50.0,254.628,2587177531.0
351.198,63.0,90198.0,5121.0,50.0,251.218,2587201314.0
351.298,63.0,90198.0,5121.0,50.0,251.666,2587248470.0
351.398,63.0,90198.0,5121.0,50.0,250.436,2587273413.0
351.498,63.0,90198.0,5121.0,50.0,251.968,2587299900.0
351.598,63.0,90198.0,5121.0,50.0,253.866,2587326009.0
351.698,63.0,90198.0,5121.0,50.0,255.554,2587352182.0
351.798,62.0,90198.0,5121.0,50.0,256.76,2587379449.0
351.898,62.0,90198.0,5121.0,50.0,254.89,2587404445.0
351.998,63.0,90198.0,5121.0,50.0,254.71,2587431447.0
352.098,63.0,90198.0,5121.0,50.0,257.406,2587457844.0
352.198,63.0,90198.0,5121.0,50.0,258.791,2587482970.0
352.298,63.0,90198.0,5121.0,50.0,261.475,2587509222.0
352.397,63.0,90198.0,5121.0,50.0,262.486,2587534678.0
352.498,63.0,90198.0,5121.0,50.0,262.811,2587560884.0
352.597,63.0,90198.0,5121.0,50.0,261.718,2587585579.0
352.698,63.0,90198.0,5121.0,50.0,260.751,2587610461.0
352.798,63.0,90198.0,5121.0,50.0,258.538,2587636020.0
352.898,63.0,90198.0,5121.0,50.0,257.282,2587661576.0
352.998,63.0,90198.0,5121.0,50.0,256.42,2587686335.0
353.098,63.0,90198.0,5121.0,50.0,253.764,2587710953.0
353.198,62.0,90198.0,5121.0,50.0,253.604,2587736530.0
353.297,62.0,90198.0,5121.0,50.0,252.012,2587761638.0
353.398,63.0,90198.0,5121.0,50.0,251.381,2587786241.0
353.498,63.0,90198.0,5121.0,50.0,251.695,2587812122.0
353.598,62.0,90198.0,5121.0,50.0,248.891,2587836449.0
353.698,62.0,90198.0,5121.0,50.0,249.205,2587836449.0
353.798,61.0,90198.0,5121.0,50.0,246.615,2587861363.0
353.897,61.0,90198.0,5121.0,50.0,246.632,2587907995.0
353.998,61.0,90198.0,5121.0,50.0,245.26,2587931737.0
354.098,61.0,90198.0,5121.0,50.0,243.307,2587956805.0
354.198,61.0,90198.0,5121.0,50.0,243.183,2587981578.0
354.296,61.0,90198.0,5121.0,50.0,241.91,2588003937.0
354.398,60.0,90198.0,5121.0,49.0,240.254,2588027142.0
354.498,60.0,90198.0,5121.0,49.0,238.284,2588051168.0
354.598,61.0,90198.0,5121.0,49.0,236.386,2588073528.0
354.698,61.0,90198.0,5121.0,49.0,236.098,2588096855.0
354.798,61.0,90198.0,5121.0,49.0,236.71,2588121178.0
354.898,61.0,90198.0,5121.0,49.0,235.79,2588144412.0
354.998,61.0,90198.0,5121.0,49.0,235.268,2588167279.0
355.098,61.0,90198.0,5121.0,49.0,234.707,2588190784.0
355.198,61.0,90198.0,5121.0,49.0,234.844,2588215432.0
355.298,61.0,90198.0,5121.0,49.0,233.77,2588237283.0
355.398,60.0,90198.0,5121.0,49.0,232.906,2588261383.0
355.498,60.0,90198.0,5121.0,49.0,230.178,2588282570.0
355.598,58.0,90198.0,5121.0,49.0,225.904,2588302319.0
355.698,57.0,90198.0,5121.0,49.0,223.139,2588322722.0
355.798,57.0,90198.0,5121.0,49.0,220.988,2588344829.0
355.898,58.0,90198.0,5121.0,48.0,218.946,2588366084.0
355.998,58.0,90198.0,5121.0,48.0,217.93,2588386336.0
356.097,59.0,90198.0,5121.0,48.0,214.977,2588407652.0
356.197,59.0,90198.0,5121.0,48.0,212.876,2588407652.0
356.298,58.0,90198.0,5121.0,48.0,210.469,2588430047.0
356.398,58.0,90198.0,5121.0,48.0,207.362,2588470497.0
356.498,58.0,90198.0,5121.0,48.0,208.704,2588490638.0
356.598,58.0,90198.0,5121.0,48.0,207.919,2588511623.0
356.698,58.0,90198.0,5121.0,48.0,208.751,2588531566.0
356.798,58.0,90198.0,5121.0,48.0,207.543,2588552268.0
356.898,57.0,90198.0,5121.0,48.0,207.372,2588573448.0
356.998,57.0,90198.0,5121.0,48.0,205.88,2588593417.0
357.098,57.0,90198.0,5121.0,48.0,202.82,2588613786.0
357.198,57.0,90198.0,5121.0,48.0,202.632,2588632982.0
357.298,56.0,90198.0,5121.0,48.0,202.971,2588653968.0
357.398,56.0,90198.0,5121.0,48.0,201.077,2588672490.0
357.497,56.0,90198.0,5121.0,48.0,198.184,2588691241.0
357.598,56.0,90198.0,5121.0,48.0,198.991,2588710672.0
357.698,55.0,90198.0,5121.0,47.0,196.451,2588730317.0
357.798,55.0,90198.0,5121.0,47.0,193.572,2588748784.0
357.898,53.0,90198.0,5121.0,47.0,194.114,2588767432.0
357.998,53.0,90198.0,5121.0,47.0,193.533,2588787729.0
358.098,55.0,90198.0,5121.0,47.0,193.927,2588807630.0
358.198,55.0,90198.0,5121.0,47.0,193.051,2588826433.0
358.298,56.0,90198.0,5121.0,47.0,190.358,2588843795.0
358.398,56.0,90198.0,5121.0,47.0,188.661,2588862694.0
358.497,55.0,90198.0,5121.0,47.0,190.94,2588880889.0
358.598,55.0,90198.0,5121.0,47.0,190.367,2588880889.0
358.698,56.0,90198.0,5121.0,47.0,192.186,2588900809.0
358.798,56.0,90198.0,5121.0,47.0,189.863,2588920975.0
358.898,55.0,90198.0,5121.0,47.0,189.294,2588956185.0
358.998,55.0,90198.0,5121.0,47.0,187.227,2588974730.0
359.097,48.0,90198.0,5121.0,47.0,183.229,2588993549.0
359.197,48.0,90198.0,5121.0,46.0,177.181,2589007063.0
359.296,0.0,90198.0,5121.0,46.0,173.31,2589019769.0
359.397,0.0,90198.0,5121.0,46.0,167.565,2589032343.0
359.498,8.0,90198.0,5121.0,47.0,165.643,2589044984.0
359.598,8.0,90198.0,5121.0,49.0,175.559,2589069538.0
359.698,62.0,90198.0,5121.0,49.0,181.152,2589097399.0
359.798,62.0,90198.0,5121.0,49.0,190.183,2589123954.0
359.898,63.0,90198.0,5121.0,49.0,198.719,2589151323.0
359.998,63.0,90198.0,5121.0,49.0,205.077,2589178185.0
360.098,60.0,90198.0,5121.0,49.0,215.262,2589202895.0
360.198,60.0,90198.0,5121.0,49.0,228.969,2589229336.0
360.298,63.0,90198.0,5121.0,49.0,243.125,2589256380.0
360.398,63.0,90198.0,5121.0,49.0,257.246,2589282249.0
360.498,62.0,90198.0,5121.0,49.0,268.496,2589309116.0
360.598,62.0,90198.0,5121.0,50.0,264.08,2589333411.0
360.698,63.0,90198.0,5121.0,50.0,263.654,2589360507.0
360.798,63.0,90198.0,5121.0,50.0,261.752,2589385166.0
360.898,63.0,90198.0,5121.0,50.0,260.641,2589409797.0
360.998,63.0,90198.0,5121.0,50.0,261.752,2589435796.0
361.098,63.0,90198.0,5121.0,50.0,261.347,2589462175.0
361.198,63.0,90198.0,5121.0,50.0,257.969,2589487207.0
361.298,63.0,90198.0,5121.0,50.0,257.843,2589511332.0
361.398,63.0,90198.0,5121.0,50.0,257.961,2589538036.0
361.496,63.0,90198.0,5121.0,50.0,257.961,2589538036.0
361.598,63.0,90198.0,5121.0,50.0,256.522,2589564771.0
361.698,63.0,90198.0,5121.0,50.0,254.842,2589589984.0
361.798,63.0,90198.0,5121.0,50.0,256.047,2589640774.0
361.898,63.0,90198.0,5121.0,50.0,258.782,2589668211.0
361.998,62.0,90198.0,5121.0,50.0,257.273,2589692815.0
362.098,62.0,90198.0,5121.0,50.0,256.614,2589718246.0
362.198,63.0,90198.0,5121.0,50.0,256.573,2589744559.0
362.298,63.0,90198.0,5121.0,50.0,258.477,2589769655.0
362.398,62.0,90198.0,5121.0,50.0,258.747,2589796341.0
362.498,62.0,90198.0,5121.0,50.0,256.998,2589822092.0
362.598,63.0,90198.0,5121.0,50.0,257.003,2589846959.0
362.698,63.0,90198.0,5121.0,50.0,258.085,2589871512.0
362.798,62.0,90198.0,5121.0,50.0,255.978,2589896523.0
362.898,62.0,90198.0,5121.0,50.0,255.637,2589923904.0
362.996,63.0,90198.0,5121.0,50.0,257.635,2589951362.0
363.096,63.0,90198.0,5121.0,50.0,257.462,2589976148.0
363.196,63.0,90198.0,5121.0,50.0,256.962,2590001874.0
363.298,63.0,90198.0,5121.0,50.0,257.974,2590028182.0
363.398,63.0,90198.0,5121.0,50.0,257.814,2590054031.0
363.498,63.0,90198.0,5121.0,50.0,256.262,2590079438.0
363.598,63.0,90198.0,5121.0,50.0,256.826,2590104156.0
363.698,63.0,90198.0,5121.0,50.0,258.811,2590130167.0
363.798,63.0,90198.0,5121.0,50.0,258.211,2590154852.0
363.898,63.0,90198.0,5121.0,50.0,256.849,2590179554.0
363.998,62.0,90198.0,5121.0,50.0,253.387,2590204328.0
364.098,62.0,90198.0,5121.0,50.0,251.528,2590227366.0
364.198,61.0,90198.0,5121.0,50.0,250.582,2590227366.0
364.298,61.0,90198.0,5121.0,50.0,248.564,2590252220.0
364.398,61.0,90198.0,5121.0,50.0,246.263,2590301067.0
364.498,61.0,90198.0,5121.0,50.0,245.694,2590324977.0
364.598,60.0,90198.0,5121.0,49.0,245.159,2590349062.0
364.698,60.0,90198.0,5121.0,49.0,240.146,2590371647.0
364.798,61.0,90198.0,5121.0,49.0,239.579,2590395173.0
364.898,61.0,90198.0,5121.0,49.0,238.84,2590418594.0
364.998,61.0,90198.0,5121.0,49.0,237.769,2590442598.0
365.096,61.0,90198.0,5121.0,49.0,236.096,2590464328.0
365.198,60.0,90198.0,5121.0,49.0,233.743,2590485936.0
365.298,60.0,90198.0,5121.0,49.0,231.154,2590507993.0
365.398,59.0,90198.0,5121.0,49.0,230.076,2590529889.0
365.498,59.0,90198.0,5121.0,49.0,225.452,2590550506.0
365.597,58.0,90198.0,5121.0,49.0,223.323,2590573330.0
365.698,58.0,90198.0,5121.0,49.0,222.397,2590594806.0
365.798,58.0,90198.0,5121.0,48.0,220.08,2590615687.0
365.898,58.0,90198.0,5121.0,48.0,216.446,2590636991.0
365.998,58.0,90198.0,5121.0,48.0,214.344,2590657287.0
366.098,58.0,90198.0,5121.0,48.0,212.958,2590678633.0
366.198,58.0,90198.0,5121.0,48.0,211.972,2590700027.0
366.298,58.0,90198.0,5121.0,48.0,212.829,2590721669.0
366.397,57.0,90198.0,5121.0,48.0,210.442,2590741898.0
366.498,57.0,90198.0,5121.0,48.0,211.517,2590762116.0
366.598,57.0,90198.0,5121.0,48.0,209.407,2590782146.0
366.698,57.0,90198.0,5121.0,48.0,207.233,2590802232.0
366.798,55.0,90198.0,5121.0,48.0,206.018,2590802232.0
366.898,55.0,90198.0,5121.0,48.0,204.402,2590821950.0
366.998,56.0,90198.0,5121.0,48.0,203.769,2590861168.0
367.098,56.0,90198.0,5121.0,48.0,201.575,2590880359.0
367.198,56.0,90198.0,5121.0,48.0,200.662,2590899802.0
367.298,56.0,90198.0,5121.0,48.0,197.685,2590918828.0
367.398,56.0,90198.0,5121.0,48.0,196.99,2590938229.0
367.498,56.0,90198.0,5121.0,48.0,195.022,2590956981.0
367.598,57.0,90198.0,5121.0,48.0,195.31,2590977782.0
367.696,57.0,90198.0,5121.0,48.0,196.236,2590998516.0
367.798,56.0,90198.0,5121.0,48.0,196.647,2591018148.0
367.898,56.0,90198.0,5121.0,47.0,196.088,2591036432.0
367.998,55.0,90198.0,5121.0,47.0,195.254,2591055859.0
368.098,55.0,90198.0,5121.0,47.0,194.585,2591074266.0
368.198,55.0,90198.0,5121.0,47.0,193.077,2591093064.0
368.298,55.0,90198.0,5121.0,47.0,193.762,2591112801.0
368.398,55.0,90198.0,5121.0,47.0,193.773,2591132463.0
368.498,55.0,90198.0,5121.0,47.0,195.282,2591152678.0
368.598,56.0,90198.0,5121.0,47.0,195.618,2591172576.0
368.698,56.0,90198.0,5121.0,47.0,194.686,2591192955.0
368.798,56.0,90198.0,5121.0,47.0,193.33,2591211231.0
368.897,56.0,90198.0,5121.0,47.0,192.51,2591229740.0
368.998,55.0,90198.0,5121.0,47.0,191.46,2591246264.0
369.098,55.0,90198.0,5121.0,47.0,185.374,2591259014.0
369.196,0.0,90198.0,5121.0,46.0,179.544,2591271566.0
369.296,0.0,90198.0,5121.0,46.0,172.384,2591271566.0
369.398,17.0,90198.0,5121.0,48.0,179.398,2591285191.0
369.498,17.0,90198.0,5121.0,48.0,184.998,2591312004.0
369.598,57.0,90198.0,5121.0,49.0,190.784,2591364213.0
369.697,57.0,90198.0,5121.0,49.0,196.427,2591389690.0
369.798,63.0,90198.0,5121.0,49.0,202.907,2591415499.0
369.898,63.0,90198.0,5121.0,49.0,211.065,2591440632.0
369.998,63.0,90198.0,5121.0,49.0,217.452,2591464975.0
370.098,63.0,90198.0,5121.0,49.0,228.827,2591491790.0
370.198,63.0,90198.0,5121.0,50.0,245.405,2591518877.0
370.298,63.0,90198.0,5121.0,49.0,256.069,2591543952.0
370.398,63.0,90198.0,5121.0,50.0,257.514,2591569199.0
370.498,63.0,90198.0,5121.0,50.0,256.811,2591593080.0
370.598,63.0,90198.0,5121.0,50.0,255.597,2591618829.0
370.698,63.0,90198.0,5121.0,50.0,256.071,2591645050.0
370.798,63.0,90198.0,5121.0,50.0,256.181,2591670828.0
370.898,63.0,90198.0,5121.0,50.0,254.887,2591696530.0
370.998,61.0,90198.0,5121.0,50.0,258.008,2591724153.0
371.098,61.0,90198.0,5121.0,50.0,258.483,2591750381.0
371.198,63.0,90198.0,5121.0,50.0,257.243,2591776687.0
371.298,63.0,90198.0,5121.0,50.0,257.267,2591803279.0
371.398,63.0,90198.0,5121.0,50.0,258.66,2591829713.0
371.498,63.0,90198.0,5121.0,50.0,261.399,2591856431.0
371.598,63.0,90198.0,5121.0,50.0,262.486,2591882272.0
371.698,63.0,90198.0,5121.0,50.0,260.34,2591906676.0
371.798,62.0,90198.0,5121.0,50.0,262.918,2591934757.0
371.897,62.0,90198.0,5121.0,50.0,262.918,2591959796.0
371.998,62.0,90198.0,5121.0,50.0,260.778,2591959796.0
372.096,63.0,90198.0,5121.0,50.0,260.694,2591985141.0
372.198,63.0,90198.0,5121.0,50.0,261.789,2592011626.0
372.298,63.0,90198.0,5121.0,50.0,260.625,2592064318.0
372.398,63.0,90198.0,5121.0,50.0,259.316,2592089180.0
372.498,63.0,90198.0,5121.0,50.0,259.637,2592117031.0
372.598,63.0,90198.0,5121.0,50.0,260.342,2592143039.0
372.698,63.0,90198.0,5121.0,50.0,261.367,2592170458.0
372.798,63.0,90198.0,5121.0,50.0,260.186,2592196458.0
372.898,63.0,90198.0,5121.0,50.0,259.69,2592220555.0
372.998,63.0,90198.0,5121.0,50.0,261.233,2592246603.0
373.098,63.0,90198.0,5121.0,50.0,261.76,2592273462.0
373.198,62.0,90198.0,5121.0,50.0,260.028,2592297826.0
373.298,62.0,90198.0,5121.0,50.0,258.152,2592323013.0
373.398,63.0,90198.0,5121.0,50.0,258.847,2592347748.0
373.498,63.0,90198.0,5121.0,50.0,256.048,2592372590.0
373.598,63.0,90198.0,5121.0,50.0,252.89,2592395676.0
373.698,63.0,90198.0,5121.0,50.0,252.446,2592421289.0
373.798,62.0,90198.0,5121.0,50.0,250.407,2592445673.0
373.897,62.0,90198.0,5121.0,50.0,249.876,2592469307.0
373.998,61.0,90198.0,5121.0,50.0,248.974,2592494233.0
374.098,61.0,90198.0,5121.0,50.0,244.77,2592515894.0
374.198,61.0,90198.0,5121.0,50.0,240.975,2592538914.0
374.296,61.0,90198.0,5121.0,50.0,241.411,2592562888.0
374.397,61.0,90198.0,5121.0,50.0,240.068,2592587852.0
374.498,61.0,90198.0,5121.0,50.0,238.625,2592610188.0
374.598,61.0,90198.0,5121.0,50.0,237.038,2592633152.0
374.698,61.0,90198.0,5121.0,50.0,235.402,2592633152.0
374.798,61.0,90198.0,5121.0,50.0,235.783,2592656625.0
374.898,61.0,90198.0,5121.0,49.0,234.637,2592703710.0
374.998,61.0,90198.0,5121.0,49.0,232.6,2592727277.0
375.100,61.0,90198.0,5121.0,49.0,232.348,2592749522.0
375.198,61.0,90198.0,5121.0,49.0,233.711,2592773014.0
375.298,61.0,90198.0,5121.0,49.0,230.574,2592794118.0
375.398,59.0,90198.0,5121.0,49.0,230.922,2592818299.0
375.501,59.0,90198.0,5121.0,49.0,231.935,2592842472.0
375.598,59.0,90198.0,5121.0,49.0,234.036,2592866221.0
375.698,59.0,90198.0,5121.0,49.0,233.553,2592889743.0
375.797,58.0,90198.0,5121.0,49.0,231.161,2592910328.0
375.898,58.0,90198.0,5121.0,49.0,229.32,2592932031.0
375.998,58.0,90198.0,5121.0,49.0,227.476,2592953286.0
376.098,58.0,90198.0,5121.0,49.0,227.162,2592974776.0
376.196,59.0,90198.0,5121.0,49.0,225.297,2592997284.0
376.296,59.0,90198.0,5121.0,49.0,226.153,2593018784.0
376.397,58.0,90198.0,5121.0,48.0,221.841,2593039154.0
376.498,58.0,90198.0,5121.0,48.0,219.04,2593060388.0
376.598,58.0,90198.0,5121.0,48.0,214.907,2593080212.0
376.698,58.0,90198.0,5121.0,48.0,212.482,2593101460.0
376.798,57.0,90198.0,5121.0,48.0,211.085,2593121292.0
376.898,57.0,90198.0,5121.0,48.0,209.264,2593141311.0
376.998,55.0,90198.0,5121.0,48.0,208.423,2593161185.0
377.098,55.0,90198.0,5121.0,48.0,207.615,2593182712.0
377.198,56.0,90198.0,5121.0,48.0,206.9,2593182712.0
377.298,56.0,90198.0,5121.0,48.0,204.887,2593203253.0
377.398,58.0,90198.0,5121.0,48.0,204.669,2593243213.0
377.498,58.0,90198.0,5121.0,48.0,202.7,2593262396.0
377.598,55.0,90198.0,5121.0,48.0,202.225,2593281841.0
377.698,55.0,90198.0,5121.0,48.0,200.086,2593301315.0
377.798,56.0,90198.0,5121.0,48.0,199.573,2593320559.0
377.897,56.0,90198.0,5121.0,48.0,198.98,2593340003.0
377.998,55.0,90198.0,5121.0,48.0,199.904,2593360134.0
378.098,55.0,90198.0,5121.0,48.0,196.929,2593379083.0
378.198,55.0,90198.0,5121.0,47.0,194.793,2593397713.0
378.298,55.0,90198.0,5121.0,48.0,195.165,2593417197.0
378.398,55.0,90198.0,5121.0,48.0,193.731,2593436631.0
378.498,55.0,90198.0,5121.0,47.0,193.554,2593455677.0
378.598,56.0,90198.0,5121.0,47.0,193.677,2593475062.0
378.700,56.0,90198.0,5121.0,47.0,193.012,2593494149.0
378.798,56.0,90198.0,5121.0,47.0,192.555,2593512311.0
378.898,56.0,90198.0,5121.0,47.0,189.889,2593529650.0
378.998,31.0,90198.0,5121.0,47.0,182.645,2593542516.0
379.098,31.0,90198.0,5121.0,46.0,175.724,2593555235.0
379.197,0.0,90198.0,5121.0,46.0,169.885,2593567995.0
379.298,0.0,90198.0,5121.0,46.0,164.558,2593582235.0
379.398,24.0,90198.0,5121.0,48.0,176.547,2593613835.0
379.498,24.0,90198.0,5121.0,49.0,183.801,2593639793.0
379.598,24.0,90198.0,5121.0,49.0,183.801,2593667042.0
379.698,61.0,90198.0,5121.0,49.0,190.941,2593690179.0
379.798,61.0,90198.0,5121.0,49.0,194.706,2593690179.0
379.898,62.0,90198.0,5121.0,49.0,201.164,2593714856.0
379.998,62.0,90198.0,5121.0,49.0,208.758,2593764693.0
380.098,63.0,90198.0,5121.0,49.0,229.267,2593788534.0
380.198,61.0,90198.0,5121.0,50.0,239.756,2593812519.0
380.298,61.0,90198.0,5121.0,49.0,249.962,2593836652.0
380.398,63.0,90198.0,5121.0,50.0,247.181,2593862828.0
380.497,63.0,90198.0,5121.0,50.0,248.053,2593890080.0
380.598,63.0,90198.0,5121.0,50.0,246.347,2593916279.0
380.698,63.0,90198.0,5121.0,50.0,247.351,2593940629.0
380.798,63.0,90198.0,5121.0,50.0,246.838,2593965658.0
380.898,63.0,90198.0,5121.0,50.0,247.756,2593991341.0
380.998,63.0,90198.0,5121.0,50.0,250.115,2594018115.0
381.098,63.0,90198.0,5121.0,50.0,252.762,2594044208.0
381.198,63.0,90198.0,5121.0,50.0,256.735,2594071016.0
381.298,63.0,90198.0,5121.0,50.0,259.005,2594097423.0
381.398,63.0,90198.0,5121.0,50.0,256.907,2594121271.0
381.498,63.0,90198.0,5121.0,50.0,256.146,2594147420.0
381.598,63.0,90198.0,5121.0,50.0,255.387,2594172228.0
381.698,63.0,90198.0,5121.0,50.0,254.956,2594195636.0
381.798,63.0,90198.0,5121.0,50.0,255.931,2594221091.0
381.898,63.0,90198.0,5121.0,50.0,258.17,2594248460.0
381.998,63.0,90198.0,5121.0,50.0,255.942,2594273073.0
382.098,63.0,90198.0,5121.0,50.0,256.363,2594299984.0
382.198,63.0,90198.0,5121.0,50.0,254.373,2594324914.0
382.296,63.0,90198.0,5121.0,50.0,252.068,2594349163.0
382.398,63.0,90198.0,5121.0,50.0,252.068,2594349163.0
382.498,60.0,90198.0,5121.0,50.0,252.094,2594373555.0
382.598,60.0,90198.0,5121.0,50.0,250.564,2594398673.0
382.698,63.0,90198.0,5121.0,50.0,252.666,2594449544.0
382.798,63.0,90198.0,5121.0,50.0,252.31,2594474610.0
382.898,63.0,90198.0,5121.0,50.0,248.9,2594498775.0
382.998,62.0,90198.0,5121.0,50.0,248.603,2594523679.0
383.097,62.0,90198.0,5121.0,50.0,247.962,2594549455.0
383.198,62.0,90198.0,5121.0,50.0,247.999,2594574429.0
383.298,62.0,90198.0,5121.0,50.0,247.108,2594597680.0
383.398,61.0,90198.0,5121.0,50.0,246.622,2594622633.0
383.498,61.0,90198.0,5121.0,50.0,246.833,2594647856.0
383.598,60.0,90198.0,5121.0,50.0,243.698,2594671088.0
383.697,60.0,90198.0,5121.0,50.0,242.261,2594693935.0
383.798,61.0,90198.0,5121.0,50.0,242.17,2594718670.0
383.898,61.0,90198.0,5121.0,50.0,241.285,2594741506.0
383.998,60.0,90198.0,5121.0,49.0,241.331,2594765709.0
384.096,60.0,90198.0,5121.0,49.0,239.104,2594789347.0
384.198,60.0,90198.0,5121.0,49.0,237.123,2594813127.0
384.298,60.0,90198.0,5121.0,49.0,237.425,2594836583.0
384.398,61.0,90198.0,5121.0,49.0,235.699,2594859276.0
384.498,61.0,90198.0,5121.0,49.0,235.15,2594883753.0
384.598,60.0,90198.0,5121.0,49.0,233.987,2594905620.0
384.698,60.0,90198.0,5121.0,49.0,233.782,2594927720.0
384.798,58.0,90198.0,5121.0,49.0,230.749,2594949506.0
384.898,58.0,90198.0,5121.0,49.0,229.741,2594971860.0
384.998,56.0,90198.0,5121.0,49.0,227.571,2594993666.0
385.098,56.0,90198.0,5121.0,49.0,227.571,2594993666.0
385.197,56.0,90198.0,5121.0,49.0,223.775,2595013496.0
385.298,56.0,90198.0,5121.0,49.0,223.509,2595035349.0
385.398,56.0,90198.0,5121.0,49.0,220.858,2595076124.0
385.498,57.0,90198.0,5121.0,48.0,216.793,2595096935.0
385.597,58.0,90198.0,5121.0,48.0,210.823,2595116391.0
385.698,58.0,90198.0,5121.0,48.0,207.28,2595136179.0
385.798,57.0,90198.0,5121.0,48.0,206.999,2595156276.0
385.898,57.0,90198.0,5121.0,48.0,205.079,2595176817.0
385.998,58.0,90198.0,5121.0,48.0,201.067,2595194968.0
386.098,58.0,90198.0,5121.0,48.0,201.341,2595214697.0
386.197,56.0,90198.0,5121.0,48.0,197.595,2595234334.0
386.298,56.0,90198.0,5121.0,48.0,196.832,2595253988.0
386.398,56.0,90198.0,5121.0,48.0,197.804,2595274175.0
386.498,56.0,90198.0,5121.0,48.0,196.268,2595294074.0
386.597,56.0,90198.0,5121.0,48.0,196.03,2595313883.0
386.698,56.0,90198.0,5121.0,48.0,196.592,2595333198.0
386.798,57.0,90198.0,5121.0,48.0,193.504,2595351147.0
386.898,57.0,90198.0,5121.0,48.0,193.908,2595371242.0
386.998,56.0,90198.0,5121.0,48.0,194.489,2595389759.0
387.098,56.0,90198.0,5121.0,48.0,193.548,2595409161.0
387.198,56.0,90198.0,5121.0,48.0,193.767,2595428407.0
387.297,56.0,90198.0,5121.0,48.0,191.779,2595446286.0
387.398,55.0,90198.0,5121.0,48.0,190.057,2595464894.0
387.498,55.0,90198.0,5121.0,48.0,189.104,2595483267.0
387.596,55.0,90198.0,5121.0,48.0,188.756,2595502435.0
387.698,55.0,90198.0,5121.0,48.0,187.572,2595521529.0
387.798,56.0,90198.0,5121.0,48.0,187.792,2595521529.0
387.898,56.0,90198.0,5121.0,48.0,187.682,2595539213.0
387.998,56.0,90198.0,5121.0,47.0,187.842,2595578686.0
388.098,56.0,90198.0,5121.0,47.0,185.246,2595595292.0
388.198,56.0,90198.0,5121.0,47.0,185.413,2595614539.0
388.298,56.0,90198.0,5121.0,47.0,184.532,2595631387.0
388.397,56.0,90198.0,5121.0,47.0,184.238,2595649548.0
388.498,56.0,90198.0,5121.0,47.0,184.282,2595667270.0
388.598,57.0,90198.0,5121.0,47.0,183.817,2595686693.0
388.698,57.0,90198.0,5121.0,47.0,183.49,2595704822.0
388.796,0.0,90198.0,5121.0,47.0,179.223,2595719630.0
388.898,0.0,90198.0,5121.0,47.0,171.789,2595732348.0
388.997,16.0,90198.0,5121.0,46.0,167.63,2595745549.0
389.098,16.0,90198.0,5121.0,48.0,177.394,2595768791.0
389.197,62.0,90198.0,5121.0,49.0,182.82,2595795018.0
389.298,62.0,90198.0,5121.0,48.0,190.209,2595819761.0
389.398,61.0,90198.0,5121.0,49.0,195.425,2595843220.0
389.498,61.0,90198.0,5121.0,49.0,203.045,2595868562.0
389.598,62.0,90198.0,5121.0,49.0,208.44,2595893318.0
389.698,62.0,90198.0,5121.0,49.0,214.516,2595918601.0
389.798,62.0,90198.0,5121.0,49.0,225.632,2595942034.0
389.898,62.0,90198.0,5121.0,49.0,236.34,2595967346.0
389.998,62.0,90198.0,5121.0,49.0,247.547,2595991690.0
390.097,62.0,90198.0,5121.0,49.0,243.656,2596015014.0
390.197,62.0,90198.0,5121.0,49.0,242.829,2596038328.0
390.298,62.0,90198.0,5121.0,49.0,243.264,2596038328.0
390.396,62.0,90198.0,5121.0,49.0,242.438,2596062767.0
390.498,62.0,90198.0,5121.0,49.0,241.198,2596086621.0
390.598,62.0,90198.0,5121.0,49.0,239.656,2596134770.0
390.697,62.0,90198.0,5121.0,49.0,239.621,2596159447.0
390.798,62.0,90198.0,5121.0,49.0,241.223,2596184400.0
390.898,62.0,90198.0,5121.0,49.0,240.464,2596210149.0
390.998,62.0,90198.0,5121.0,49.0,240.094,2596232601.0
391.098,62.0,90198.0,5121.0,50.0,240.442,2596257210.0
391.198,62.0,90198.0,5121.0,49.0,242.363,2596281790.0
391.298,62.0,90198.0,5121.0,50.0,241.678,2596305498.0
391.398,61.0,90198.0,5121.0,50.0,241.815,2596329351.0
391.498,61.0,90198.0,5121.0,50.0,243.37,2596353784.0
391.598,61.0,90198.0,5121.0,50.0,244.299,2596378476.0
391.698,61.0,90198.0,5121.0,50.0,244.174,2596402583.0
391.797,61.0,90198.0,5121.0,50.0,243.028,2596427975.0
391.897,61.0,90198.0,5121.0,49.0,242.279,2596452359.0
391.998,60.0,90198.0,5121.0,50.0,243.956,2596476967.0
392.098,60.0,90198.0,5121.0,50.0,244.447,2596502241.0
392.198,61.0,90198.0,5121.0,50.0,243.368,2596525406.0
392.298,61.0,90198.0,5121.0,50.0,243.224,2596548871.0
392.398,61.0,90198.0,5121.0,50.0,242.306,2596572108.0
392.498,61.0,90198.0,5121.0,49.0,239.438,2596594585.0
392.597,61.0,90198.0,5121.0,49.0,237.615,2596617421.0
392.697,61.0,90198.0,5121.0,49.0,238.075,2596641827.0
392.798,60.0,90198.0,5121.0,49.0,237.036,2596665847.0
392.897,60.0,90198.0,5121.0,49.0,235.93,2596689848.0
392.998,60.0,90198.0,5121.0,49.0,234.909,2596689848.0
393.098,60.0,90198.0,5121.0,49.0,231.61,2596712752.0
393.198,59.0,90198.0,5121.0,49.0,230.88,2596757911.0
393.298,59.0,90198.0,5121.0,49.0,229.752,2596779845.0
393.398,59.0,90198.0,5121.0,49.0,230.109,2596803511.0
393.497,59.0,90198.0,5121.0,49.0,230.369,2596826676.0
393.597,60.0,90198.0,5121.0,49.0,231.645,2596850387.0
393.697,60.0,90198.0,5121.0,49.0,230.216,2596872429.0
393.798,60.0,90198.0,5121.0,49.0,228.486,2596895285.0
393.898,60.0,90198.0,5121.0,49.0,228.791,2596918201.0
393.998,60.0,90198.0,5121.0,49.0,228.569,2596941365.0
394.098,60.0,90198.0,5121.0,49.0,229.76,2596964152.0
394.198,60.0,90198.0,5121.0,49.0,231.097,2596987621.0
394.298,60.0,90198.0,5121.0,49.0,231.76,2597011246.0
394.397,59.0,90198.0,5121.0,49.0,229.65,2597032844.0
394.497,59.0,90198.0,5121.0,49.0,228.458,2597054191.0
394.597,58.0,90198.0,5121.0,49.0,226.227,2597075931.0
394.697,58.0,90198.0,5121.0,49.0,226.314,2597097284.0
394.798,55.0,90198.0,5121.0,49.0,222.871,2597117217.0
394.897,55.0,90198.0,5121.0,49.0,220.904,2597138411.0
394.997,58.0,90198.0,5121.0,48.0,216.375,2597158155.0
395.098,58.0,90198.0,5121.0,48.0,213.06,2597178381.0
395.198,58.0,90198.0,5121.0,48.0,211.402,2597198681.0
395.298,58.0,90198.0,5121.0,48.0,208.741,2597219146.0
395.398,58.0,90198.0,5121.0,48.0,208.826,2597240831.0
395.497,58.0,90198.0,5121.0,48.0,206.671,2597260365.0
395.598,58.0,90198.0,5121.0,48.0,206.671,2597279470.0
395.700,57.0,90198.0,5121.0,48.0,204.337,2597279470.0
395.798,57.0,90198.0,5121.0,48.0,202.191,2597299009.0
395.898,56.0,90198.0,5121.0,48.0,201.929,2597337504.0
395.998,56.0,90198.0,5121.0,48.0,199.515,2597356881.0
396.098,56.0,90198.0,5121.0,48.0,199.297,2597375499.0
396.197,56.0,90198.0,5121.0,48.0,198.506,2597393451.0
396.297,56.0,90198.0,5121.0,48.0,195.866,2597411059.0
396.398,56.0,90198.0,5121.0,48.0,187.722,2597428453.0
396.496,55.0,90198.0,5121.0,48.0,186.422,2597446566.0
396.598,55.0,90198.0,5121.0,48.0,186.936,2597466193.0
396.698,55.0,90198.0,5121.0,48.0,187.201,2597485762.0
396.798,55.0,90198.0,5121.0,48.0,187.913,2597505678.0
396.898,55.0,90198.0,5121.0,48.0,187.822,2597525553.0
396.998,56.0,90198.0,5121.0,48.0,186.21,2597542151.0
397.097,56.0,90198.0,5121.0,48.0,186.112,2597561662.0
397.198,56.0,90198.0,5121.0,47.0,186.552,2597579392.0
397.298,56.0,90198.0,5121.0,47.0,189.288,2597600510.0
397.397,55.0,90198.0,5121.0,47.0,190.788,2597619281.0
397.498,55.0,90198.0,5121.0,47.0,189.857,2597637388.0
397.598,56.0,90198.0,5121.0,47.0,190.085,2597655843.0
397.698,56.0,90198.0,5121.0,47.0,188.25,2597675020.0
397.798,55.0,90198.0,5121.0,47.0,187.451,2597694162.0
397.898,55.0,90198.0,5121.0,47.0,188.599,2597713794.0
397.998,53.0,90198.0,5121.0,47.0,187.591,2597731152.0
398.098,53.0,90198.0,5121.0,47.0,185.297,2597747298.0
398.198,53.0,90198.0,5121.0,47.0,185.297,2597764683.0
398.298,53.0,90198.0,5121.0,47.0,185.344,2597764683.0
398.398,53.0,90198.0,5121.0,47.0,182.013,2597782633.0
398.498,52.0,90198.0,5121.0,47.0,181.775,2597816245.0
398.597,52.0,90198.0,5121.0,47.0,177.553,2597828892.0
398.698,0.0,90198.0,5121.0,46.0,171.383,2597841522.0
398.798,0.0,90198.0,5121.0,46.0,165.271,2597854151.0
398.897,0.0,90198.0,5121.0,46.0,159.013,2597866816.0
398.997,0.0,90198.0,5121.0,46.0,151.232,2597879444.0
399.097,0.0,90198.0,5121.0,46.0,147.673,2597892088.0
399.198,0.0,90198.0,5121.0,46.0,143.869,2597904687.0
399.298,0.0,90198.0,5121.0,46.0,139.212,2597917297.0
399.398,0.0,90198.0,5121.0,46.0,128.561,2597929850.0
399.498,0.0,90198.0,5121.0,46.0,126.261,2597942438.0
399.598,0.0,90198.0,5121.0,46.0,126.193,2597955013.0
399.698,0.0,90198.0,5121.0,46.0,126.133,2597967615.0
399.798,0.0,90198.0,5121.0,46.0,126.073,2597980175.0
399.898,0.0,90198.0,5121.0,46.0,126.025,2597992785.0
399.998,0.0,90198.0,5121.0,46.0,125.948,2598005359.0
400.097,0.0,90198.0,5121.0,46.0,125.892,2598017937.0
400.198,0.0,90198.0,5121.0,45.0,125.83,2598030467.0
400.298,0.0,90198.0,5121.0,45.0,125.827,2598043059.0
400.398,0.0,90198.0,5121.0,45.0,125.861,2598055633.0
400.498,0.0,90198.0,5121.0,45.0,125.867,2598068236.0
400.598,0.0,90198.0,5121.0,45.0,125.867,2598080807.0
400.697,0.0,90198.0,5121.0,45.0,125.849,2598093387.0
400.797,0.0,90198.0,5121.0,45.0,125.848,2598105949.0
400.898,0.0,90198.0,5121.0,45.0,125.852,2598118559.0
400.997,0.0,90198.0,5121.0,45.0,125.869,2598131102.0
401.098,0.0,90198.0,5121.0,45.0,125.821,2598143662.0
401.198,0.0,90198.0,5121.0,45.0,125.821,2598156237.0
401.298,0.0,90198.0,5121.0,45.0,125.873,2598156237.0
401.398,0.0,90198.0,5121.0,45.0,125.86,2598168831.0
401.498,0.0,90198.0,5121.0,45.0,125.863,2598181399.0
401.598,0.0,90198.0,5121.0,45.0,125.85,2598206579.0
401.698,0.0,90198.0,5121.0,45.0,125.856,2598219163.0
401.798,0.0,90198.0,5121.0,45.0,125.845,2598231711.0
401.897,0.0,90198.0,5121.0,45.0,125.834,2598244307.0
401.998,0.0,90198.0,5121.0,45.0,125.812,2598256874.0
402.098,0.0,90198.0,5121.0,45.0,125.831,2598269476.0
402.198,0.0,90198.0,5121.0,45.0,125.853,2598282043.0
402.298,0.0,90198.0,5121.0,45.0,125.854,2598294611.0
402.398,0.0,90198.0,5121.0,45.0,125.837,2598307160.0
402.498,0.0,90198.0,5121.0,45.0,125.784,2598319717.0
402.598,0.0,90198.0,5121.0,45.0,125.793,2598332288.0
402.697,0.0,90198.0,5121.0,45.0,125.779,2598344855.0
402.798,0.0,90198.0,5121.0,45.0,125.785,2598357404.0
402.898,0.0,90198.0,5121.0,45.0,125.753,2598369976.0
402.998,0.0,90198.0,5121.0,45.0,125.776,2598382562.0
403.098,0.0,90198.0,5121.0,45.0,125.762,2598395141.0
403.198,0.0,90198.0,5121.0,45.0,125.766,2598407720.0
403.298,0.0,90198.0,5121.0,45.0,125.742,2598420263.0
403.397,0.0,90198.0,5121.0,45.0,125.747,2598432831.0
403.497,0.0,90198.0,5121.0,45.0,125.736,2598445371.0
403.598,0.0,90198.0,5121.0,45.0,125.731,2598457962.0
403.698,0.0,90198.0,5121.0,45.0,125.717,2598470491.0
403.798,0.0,90198.0,5121.0,45.0,125.732,2598483069.0
403.898,0.0,90198.0,5121.0,45.0,125.689,2598495602.0
403.998,0.0,90198.0,5121.0,45.0,125.689,2598508180.0
404.098,0.0,90198.0,5121.0,45.0,125.666,2598520707.0
404.196,0.0,90198.0,5121.0,45.0,125.666,2598533285.0
404.297,0.0,90198.0,5121.0,45.0,125.652,2598533285.0
404.397,0.0,90198.0,5121.0,45.0,125.669,2598545829.0
404.497,0.0,90198.0,5121.0,45.0,125.652,2598558393.0
404.597,0.0,90198.0,5121.0,45.0,125.661,2598583497.0
404.697,0.0,90198.0,5121.0,45.0,125.63,2598596033.0
404.798,0.0,90198.0,5121.0,45.0,125.614,2598608586.0
404.897,0.0,90198.0,5121.0,45.0,125.589,2598621119.0
404.998,0.0,90198.0,5121.0,45.0,125.597,2598633672.0
405.097,0.0,90198.0,5121.0,45.0,125.562,2598646208.0
405.197,0.0,90198.0,5121.0,45.0,125.57,2598658781.0
405.297,0.0,90198.0,5121.0,45.0,125.563,2598671335.0
405.397,0.0,90198.0,5121.0,45.0,125.566,2598683895.0
405.498,0.0,90198.0,5121.0,45.0,125.568,2598696426.0
405.597,0.0,90198.0,5121.0,45.0,125.554,2598708979.0
405.698,0.0,90198.0,5121.0,45.0,125.558,2598721533.0
405.798,0.0,90198.0,5121.0,45.0,125.523,2598734045.0
405.897,0.0,90198.0,5121.0,45.0,125.534,2598746573.0
405.998,0.0,90198.0,5121.0,45.0,125.531,2598759130.0
406.098,0.0,90198.0,5121.0,45.0,125.526,2598771677.0
406.198,0.0,90198.0,5121.0,45.0,125.511,2598784222.0
406.298,0.0,90198.0,5121.0,45.0,125.522,2598796787.0
406.397,0.0,90198.0,5121.0,45.0,125.493,2598809339.0
406.497,0.0,90198.0,5121.0,45.0,125.528,2598821890.0
406.598,0.0,90198.0,5121.0,45.0,125.519,2598834447.0
406.698,0.0,90198.0,5121.0,45.0,125.564,2598847007.0
406.798,0.0,90198.0,5121.0,45.0,125.597,2598859559.0
406.898,0.0,90198.0,5121.0,45.0,125.64,2598872129.0
406.997,0.0,90198.0,5121.0,45.0,125.636,2598884683.0
407.098,0.0,90198.0,5121.0,45.0,125.642,2598897246.0
407.198,0.0,90198.0,5121.0,45.0,125.642,2598909768.0
407.298,0.0,90198.0,5121.0,45.0,125.631,2598909768.0
407.398,0.0,90198.0,5121.0,45.0,125.642,2598922330.0
407.497,0.0,90198.0,5121.0,45.0,125.655,2598934875.0
407.598,0.0,90198.0,5121.0,45.0,125.632,2598959966.0
407.698,0.0,90198.0,5121.0,45.0,125.629,2598972533.0
407.798,0.0,90198.0,5121.0,45.0,125.612,2598985083.0
407.898,0.0,90198.0,5121.0,45.0,125.6,2598997637.0
407.998,0.0,90198.0,5121.0,45.0,125.571,2599010161.0
408.098,0.0,90198.0,5121.0,45.0,125.568,2599022734.0
408.198,0.0,90198.0,5121.0,45.0,125.554,2599035289.0
408.297,0.0,90198.0,5121.0,45.0,125.588,2599047838.0
408.397,0.0,90198.0,5121.0,45.0,125.56,2599060375.0
408.497,0.0,90198.0,5121.0,45.0,125.56,2599072946.0
408.597,0.0,90198.0,5121.0,45.0,125.581,2599085489.0
408.698,0.0,90198.0,5121.0,45.0,125.55,2599098044.0
408.797,0.0,90198.0,5121.0,45.0,125.566,2599110577.0
408.897,0.0,90198.0,5121.0,45.0,125.543,2599123138.0
408.998,0.0,90198.0,5121.0,45.0,125.586,2599135686.0
409.097,0.0,90198.0,5121.0,45.0,125.563,2599148249.0
409.197,0.0,90198.0,5121.0,45.0,125.563,2599160787.0
409.297,0.0,90198.0,5121.0,45.0,125.56,2599173341.0
409.398,0.0,90198.0,5121.0,45.0,125.571,2599185899.0
409.497,0.0,90198.0,5121.0,45.0,125.553,2599198454.0
409.598,0.0,90198.0,5121.0,45.0,125.587,2599211001.0
409.697,0.0,90198.0,5121.0,45.0,125.588,2599223565.0
409.798,0.0,90198.0,5121.0,45.0,125.597,2599236111.0
409.897,0.0,90198.0,5121.0,45.0,125.604,2599248658.0
409.997,0.0,90198.0,5121.0,45.0,125.588,2599261204.0
410.098,0.0,90198.0,5121.0,45.0,125.588,2599273739.0
410.198,0.0,90198.0,5121.0,45.0,125.57,2599273739.0
410.298,0.0,90198.0,5121.0,45.0,125.591,2599286293.0
410.398,0.0,90198.0,5121.0,45.0,125.58,2599298826.0
410.497,0.0,90198.0,5121.0,45.0,125.586,2599323931.0
410.598,0.0,90198.0,5121.0,45.0,125.574,2599336501.0
410.698,0.0,90198.0,5121.0,45.0,125.579,2599349043.0
410.797,0.0,90198.0,5121.0,45.0,125.59,2599361615.0
410.898,0.0,90198.0,5121.0,45.0,125.58,2599374147.0
410.998,0.0,90198.0,5121.0,45.0,125.575,2599386705.0
411.098,0.0,90198.0,5121.0,45.0,125.567,2599399246.0
411.198,0.0,90198.0,5121.0,45.0,125.589,2599411794.0
411.297,0.0,90198.0,5121.0,45.0,125.549,2599424305.0
411.397,0.0,90198.0,5121.0,45.0,125.56,2599436878.0
411.498,0.0,90198.0,5121.0,45.0,125.532,2599449405.0
411.598,0.0,90198.0,5121.0,45.0,125.514,2599461961.0
411.697,0.0,90198.0,5121.0,45.0,125.51,2599474491.0
411.798,0.0,90198.0,5121.0,45.0,125.483,2599487037.0
411.897,0.0,90198.0,5121.0,45.0,125.492,2599499557.0
411.998,0.0,90198.0,5121.0,45.0,125.486,2599512115.0
412.098,0.0,90198.0,5121.0,45.0,125.506,2599524653.0
412.197,0.0,90198.0,5121.0,45.0,125.5,2599537196.0
412.298,0.0,90198.0,5121.0,45.0,125.518,2599549723.0
412.397,0.0,90198.0,5121.0,45.0,125.501,2599562283.0
412.497,0.0,90198.0,5121.0,45.0,125.53,2599574826.0
412.598,0.0,90198.0,5121.0,45.0,125.5,2599587396.0
412.698,0.0,90198.0,5121.0,45.0,125.523,2599599920.0
412.798,0.0,90198.0,5121.0,45.0,125.506,2599612461.0
412.897,0.0,90198.0,5121.0,45.0,125.558,2599625007.0
412.997,0.0,90198.0,5121.0,45.0,125.558,2599637558.0
413.098,0.0,90198.0,5121.0,45.0,125.532,2599637558.0
413.198,0.0,90198.0,5121.0,45.0,125.53,2599650114.0
413.298,0.0,90198.0,5121.0,45.0,125.524,2599662638.0
413.398,0.0,90198.0,5121.0,45.0,125.532,2599687746.0
413.498,0.0,90198.0,5121.0,45.0,125.541,2599700307.0
413.598,0.0,90198.0,5121.0,45.0,125.538,2599712850.0
413.697,0.0,90198.0,5121.0,45.0,125.56,2599725421.0
413.797,0.0,90198.0,5121.0,45.0,125.564,2599737966.0
413.898,0.0,90198.0,5121.0,45.0,125.609,2599750546.0
413.998,0.0,90198.0,5121.0,45.0,125.603,2599763102.0
414.098,0.0,90198.0,5121.0,45.0,125.627,2599775668.0
414.197,0.0,90198.0,5121.0,45.0,125.633,2599788193.0
414.298,0.0,90198.0,5121.0,45.0,125.643,2599800758.0
414.397,0.0,90198.0,5121.0,45.0,125.629,2599813293.0
414.497,0.0,90198.0,5121.0,45.0,125.612,2599825864.0
414.597,0.0,90198.0,5121.0,45.0,125.617,2599838383.0
414.697,0.0,90198.0,5121.0,45.0,125.584,2599850949.0
414.798,0.0,90198.0,5121.0,45.0,125.581,2599863482.0
414.898,0.0,90198.0,5121.0,45.0,125.563,2599876050.0
414.997,0.0,90198.0,5121.0,45.0,125.545,2599888587.0
415.098,0.0,90198.0,5121.0,45.0,125.504,2599901121.0
415.198,0.0,90198.0,5121.0,45.0,125.506,2599913640.0
415.297,0.0,90198.0,5121.0,45.0,125.475,2599926186.0
415.397,0.0,90198.0,5121.0,45.0,125.492,2599938711.0
415.497,0.0,90198.0,5121.0,45.0,125.478,2599951268.0
415.598,0.0,90198.0,5121.0,45.0,125.505,2599963809.0
415.697,0.0,90198.0,5121.0,45.0,125.472,2599976361.0
415.798,0.0,90198.0,5121.0,45.0,125.487,2599988909.0
415.898,0.0,90198.0,5121.0,45.0,125.487,2600001451.0
415.998,0.0,90198.0,5121.0,45.0,125.482,2600001451.0
416.098,0.0,90198.0,5121.0,45.0,125.511,2600014012.0
416.198,0.0,90198.0,5121.0,45.0,125.524,2600026576.0
416.298,0.0,90198.0,5121.0,45.0,125.534,2600051646.0
416.397,0.0,90198.0,5121.0,45.0,125.553,2600064220.0
416.497,0.0,90198.0,5121.0,45.0,125.582,2600076749.0
416.597,0.0,90198.0,5121.0,45.0,125.562,2600089308.0
416.698,0.0,90198.0,5121.0,45.0,125.575,2600101850.0
416.798,0.0,90198.0,5121.0,45.0,125.578,2600114409.0
416.897,0.0,90198.0,5121.0,45.0,125.581,2600126941.0
416.997,0.0,90198.0,5121.0,45.0,125.568,2600139503.0
417.098,0.0,90198.0,5121.0,45.0,125.56,2600152044.0
417.197,0.0,90198.0,5121.0,45.0,125.554,2600164614.0
417.298,0.0,90198.0,5121.0,45.0,125.576,2600177151.0
417.398,0.0,90198.0,5121.0,45.0,125.53,2600189701.0
417.497,0.0,90198.0,5121.0,45.0,125.563,2600202239.0
417.597,0.0,90198.0,5121.0,45.0,125.531,2600214795.0
417.696,0.0,90198.0,5121.0,45.0,125.562,2600227321.0
417.797,0.0,90198.0,5121.0,45.0,125.541,2600239888.0
417.897,0.0,90198.0,5121.0,45.0,125.568,2600252432.0
417.998,0.0,90198.0,5121.0,45.0,125.559,2600264999.0
418.098,0.0,90198.0,5121.0,45.0,125.577,2600277559.0
418.197,0.0,90198.0,5121.0,45.0,125.544,2600290099.0
418.297,0.0,90198.0,5121.0,45.0,125.571,2600302646.0
418.398,0.0,90198.0,5121.0,45.0,125.569,2600315205.0
418.498,0.0,90198.0,5121.0,45.0,125.58,2600327747.0
418.598,0.0,90198.0,5121.0,45.0,125.568,2600340288.0
418.698,0.0,90198.0,5121.0,45.0,125.58,2600352827.0
418.798,0.0,90198.0,5121.0,45.0,125.552,2600352827.0
418.898,0.0,90198.0,5121.0,45.0,125.578,2600365371.0
418.997,0.0,90198.0,5121.0,45.0,125.548,2600377923.0
419.098,0.0,90198.0,5121.0,45.0,125.548,2600403020.0
419.199,0.0,90198.0,5121.0,45.0,125.546,2600415557.0
419.298,0.0,90198.0,5121.0,45.0,125.559,2600428124.0
419.398,0.0,90198.0,5121.0,45.0,125.561,2600440663.0
419.497,0.0,90198.0,5121.0,45.0,125.59,2600453243.0
419.598,0.0,90198.0,5121.0,45.0,125.595,2600465772.0
419.698,0.0,90198.0,5121.0,45.0,125.582,2600478336.0
419.796,0.0,90198.0,5121.0,45.0,125.605,2600490869.0
419.898,0.0,90198.0,5121.0,45.0,125.59,2600503447.0
419.996,0.0,90198.0,5121.0,45.0,125.59,2600515989.0
420.096,0.0,90198.0,5121.0,45.0,125.584,2600528558.0
420.197,0.0,90198.0,5121.0,45.0,125.604,2600541079.0
420.297,0.0,90198.0,5121.0,45.0,125.558,2600553627.0
420.398,0.0,90198.0,5121.0,45.0,125.556,2600566142.0
420.498,0.0,90198.0,5121.0,45.0,125.501,2600578709.0
420.598,0.0,90198.0,5121.0,45.0,125.539,2600591250.0
420.697,0.0,90198.0,5121.0,45.0,125.526,2600603797.0
420.798,0.0,90198.0,5121.0,45.0,125.518,2600616323.0
420.898,0.0,90198.0,5121.0,45.0,125.485,2600628880.0
420.998,0.0,90198.0,5121.0,45.0,125.5,2600641398.0
421.097,0.0,90198.0,5121.0,45.0,125.464,2600653941.0
421.198,0.0,90198.0,5121.0,45.0,125.476,2600666463.0
421.298,0.0,90198.0,5121.0,45.0,125.465,2600679013.0
421.398,0.0,90198.0,5121.0,45.0,125.489,2600691538.0
421.498,0.0,90198.0,5121.0,45.0,125.477,2600704080.0
421.598,0.0,90198.0,5121.0,45.0,125.485,2600716624.0
421.698,0.0,90198.0,5121.0,45.0,125.453,2600729173.0
421.798,0.0,90198.0,5121.0,45.0,125.482,2600741713.0
421.897,0.0,90198.0,5121.0,45.0,125.482,2600754274.0
421.997,0.0,90198.0,5121.0,45.0,125.503,2600754274.0
422.096,0.0,90198.0,5121.0,45.0,125.547,2600766857.0
422.197,0.0,90198.0,5121.0,45.0,125.58,2600779414.0
422.297,0.0,90198.0,5121.0,45.0,125.592,2600804521.0
422.397,0.0,90198.0,5121.0,45.0,125.614,2600817101.0
422.497,0.0,90198.0,5121.0,45.0,125.632,2600829622.0
422.598,0.0,90198.0,5121.0,45.0,125.629,2600842198.0
422.697,0.0,90198.0,5121.0,45.0,125.628,2600854727.0
422.798,0.0,90198.0,5121.0,45.0,125.647,2600867288.0
422.898,0.0,90198.0,5121.0,45.0,125.644,2600879837.0
422.998,0.0,90198.0,5121.0,45.0,125.65,2600892403.0
423.097,0.0,90198.0,5121.0,45.0,125.603,2600904931.0
423.197,0.0,90198.0,5121.0,45.0,125.607,2600917514.0
423.297,0.0,90198.0,5121.0,45.0,125.605,2600930054.0
423.398,0.0,90198.0,5121.0,45.0,125.6,2600942598.0
423.498,0.0,90198.0,5121.0,45.0,125.558,2600955156.0
423.597,0.0,90198.0,5121.0,45.0,125.612,2600967722.0
423.697,0.0,90198.0,5121.0,45.0,125.653,2600980268.0
423.798,0.0,90198.0,5121.0,45.0,125.647,2600992849.0
423.897,0.0,90198.0,5121.0,45.0,125.652,2601005393.0
423.997,0.0,90198.0,5121.0,45.0,125.633,2601017957.0
424.097,0.0,90198.0,5121.0,45.0,125.629,2601030494.0
424.198,0.0,90198.0,5121.0,45.0,125.593,2601043038.0
424.297,0.0,90198.0,5121.0,45.0,125.599,2601055569.0
424.397,0.0,90198.0,5121.0,45.0,125.594,2601068096.0
424.497,0.0,90198.0,5121.0,45.0,125.583,2601080663.0
424.598,0.0,90198.0,5121.0,45.0,125.534,2601093188.0
424.698,0.0,90198.0,5121.0,45.0,125.515,2601105731.0
424.797,0.0,90198.0,5121.0,45.0,125.515,2601118257.0
424.898,0.0,90198.0,5121.0,45.0,125.496,2601118257.0
424.996,0.0,90198.0,5121.0,45.0,125.518,2601130826.0
425.098,0.0,90198.0,5121.0,45.0,125.514,2601143354.0
425.198,0.0,90198.0,5121.0,45.0,125.505,2601168451.0
425.298,0.0,90198.0,5121.0,45.0,125.541,2601181014.0
425.397,0.0,90198.0,5121.0,45.0,125.535,2601193544.0
425.498,0.0,90198.0,5121.0,45.0,125.54,2601206104.0
425.598,0.0,90198.0,5121.0,45.0,125.536,2601218644.0
425.697,0.0,90198.0,5121.0,45.0,125.567,2601231208.0
425.798,0.0,90198.0,5121.0,45.0,125.563,2601243758.0
425.898,0.0,90198.0,5121.0,45.0,125.601,2601256317.0
425.998,0.0,90198.0,5121.0,45.0,125.56,2601268868.0
426.098,0.0,90198.0,5121.0,45.0,125.599,2601281456.0
426.198,0.0,90198.0,5121.0,45.0,125.586,2601293980.0
426.298,0.0,90198.0,5121.0,45.0,125.59,2601306541.0
426.398,0.0,90198.0,5121.0,45.0,125.579,2601319067.0
426.496,0.0,90198.0,5121.0,45.0,125.604,2601331630.0
426.598,0.0,90198.0,5121.0,45.0,125.578,2601344167.0
426.697,0.0,90198.0,5121.0,45.0,125.588,2601356713.0
426.798,0.0,90198.0,5121.0,45.0,125.562,2601369252.0
426.898,0.0,90198.0,5121.0,45.0,125.564,2601381800.0
426.998,0.0,90198.0,5121.0,45.0,125.542,2601394343.0
427.098,0.0,90198.0,5121.0,45.0,125.523,2601406885.0
427.198,0.0,90198.0,5121.0,45.0,125.525,2601419443.0
427.298,0.0,90198.0,5121.0,45.0,125.536,2601431971.0
427.398,0.0,90198.0,5121.0,45.0,125.53,2601444527.0
427.498,0.0,90198.0,5121.0,45.0,125.523,2601457077.0
427.597,0.0,90198.0,5121.0,45.0,125.554,2601469631.0
427.698,0.0,90198.0,5121.0,45.0,125.523,2601482148.0
427.798,0.0,90198.0,5121.0,45.0,125.531,2601494698.0
427.898,0.0,90198.0,5121.0,45.0,125.528,2601494698.0
427.997,0.0,90198.0,5121.0,45.0,125.538,2601507236.0
428.098,0.0,90198.0,5121.0,45.0,125.506,2601519795.0
428.198,0.0,90198.0,5121.0,45.0,125.537,2601544894.0
428.297,0.0,90198.0,5121.0,45.0,125.504,2601557418.0
428.398,0.0,90198.0,5121.0,45.0,125.518,2601569968.0
428.498,0.0,90198.0,5121.0,45.0,125.483,2601582505.0
428.598,0.0,90198.0,5121.0,45.0,125.503,2601595062.0
428.698,0.0,90198.0,5121.0,45.0,125.502,2601607600.0
428.798,0.0,90198.0,5121.0,45.0,125.534,2601620147.0
428.897,0.0,90198.0,5121.0,45.0,125.488,2601632660.0
428.997,0.0,90198.0,5121.0,45.0,125.512,2601645212.0
429.098,0.0,90198.0,5121.0,45.0,125.512,2601657761.0
429.197,0.0,90198.0,5121.0,45.0,125.513,2601670296.0
429.298,0.0,90198.0,5121.0,45.0,125.508,2601682840.0
429.401,0.0,90198.0,5121.0,45.0,125.545,2601695394.0
429.497,0.0,90198.0,5121.0,45.0,125.544,2601707952.0
429.598,0.0,90198.0,5121.0,45.0,125.557,2601720496.0
429.697,0.0,90198.0,5121.0,45.0,125.544,2601733058.0
429.797,0.0,90198.0,5121.0,45.0,125.555,2601745588.0
429.897,0.0,90198.0,5121.0,45.0,125.56,2601758142.0
429.997,0.0,90198.0,5121.0,45.0,125.585,2601770665.0
430.097,0.0,90198.0,5121.0,45.0,125.596,2601783243.0
430.198,0.0,90198.0,5121.0,45.0,125.602,2601795788.0
430.297,0.0,90198.0,5121.0,45.0,125.559,2601808349.0
430.399,0.0,90198.0,5121.0,45.0,125.563,2601820865.0
430.498,0.0,90198.0,5121.0,45.0,125.532,2601833433.0
430.598,0.0,90198.0,5121.0,45.0,125.544,2601845949.0
430.698,0.0,90198.0,5121.0,45.0,125.514,2601858523.0
430.797,0.0,90198.0,5121.0,45.0,125.513,2601871029.0
430.898,0.0,90198.0,5121.0,45.0,125.513,2601883595.0
430.998,0.0,90198.0,5121.0,45.0,125.535,2601883595.0
431.097,0.0,90198.0,5121.0,45.0,125.564,2601896153.0
431.196,0.0,90198.0,5121.0,45.0,125.547,2601908728.0
431.298,0.0,90198.0,5121.0,45.0,125.571,2601933848.0
431.398,0.0,90198.0,5121.0,45.0,125.565,2601946369.0
431.498,0.0,90198.0,5121.0,45.0,125.565,2601958921.0
431.598,0.0,90198.0,5121.0,45.0,125.558,2601971451.0
431.697,0.0,90198.0,5121.0,45.0,125.571,2601983999.0
431.798,0.0,90198.0,5121.0,45.0,125.547,2601996534.0
431.898,0.0,90198.0,5121.0,45.0,125.56,2602009076.0
431.998,0.0,90198.0,5121.0,45.0,125.515,2602021607.0
432.097,0.0,90198.0,5121.0,45.0,125.509,2602034182.0
432.197,0.0,90198.0,5121.0,45.0,125.522,2602046740.0
432.298,0.0,90198.0,5121.0,45.0,125.518,2602059281.0
432.397,0.0,90198.0,5121.0,45.0,125.51,2602071804.0
432.498,0.0,90198.0,5121.0,45.0,125.518,2602084339.0
432.597,0.0,90198.0,5121.0,45.0,125.529,2602096889.0
432.698,0.0,90198.0,5121.0,45.0,125.498,2602109409.0
432.798,0.0,90198.0,5121.0,45.0,125.529,2602121958.0
432.898,0.0,90198.0,5121.0,45.0,125.528,2602134481.0
432.997,0.0,90198.0,5121.0,45.0,125.471,2602147034.0
433.098,0.0,90198.0,5121.0,45.0,125.445,2602159525.0
433.198,0.0,90198.0,5121.0,45.0,125.389,2602172063.0
433.298,0.0,90198.0,5121.0,45.0,125.418,2602184570.0
433.398,0.0,90198.0,5121.0,45.0,125.366,2602197149.0
433.498,0.0,90198.0,5121.0,45.0,125.363,2602209633.0
433.598,0.0,90198.0,5121.0,45.0,125.362,2602222172.0
433.698,0.0,90198.0,5121.0,45.0,125.368,2602234694.0
433.798,0.0,90198.0,5121.0,45.0,125.4,2602247245.0
433.897,0.0,90198.0,5121.0,45.0,125.4,2602259795.0
434.004,0.0,90198.0,5121.0,45.0,125.425,2602259795.0
434.098,0.0,90198.0,5121.0,45.0,125.423,2602272371.0
434.198,0.0,90198.0,5121.0,45.0,125.47,2602284910.0
434.298,0.0,90198.0,5121.0,45.0,125.492,2602310021.0
434.398,0.0,90198.0,5121.0,45.0,125.519,2602322580.0
434.498,0.0,90198.0,5121.0,45.0,125.531,2602335118.0
434.598,0.0,90198.0,5121.0,45.0,125.563,2602347648.0
434.698,0.0,90198.0,5121.0,45.0,125.578,2602360198.0
434.798,0.0,90198.0,5121.0,45.0,125.558,2602372741.0
434.898,0.0,90198.0,5121.0,45.0,125.561,2602385296.0
434.998,0.0,90198.0,5121.0,45.0,125.537,2602397831.0
435.097,0.0,90198.0,5121.0,45.0,125.547,2602410390.0
435.198,0.0,90198.0,5121.0,45.0,125.525,2602422917.0
435.297,0.0,90198.0,5121.0,45.0,125.548,2602435506.0
435.398,0.0,90198.0,5121.0,45.0,125.535,2602448028.0
435.499,0.0,90198.0,5121.0,45.0,125.541,2602460591.0
435.597,0.0,90198.0,5121.0,45.0,125.54,2602473118.0
435.697,0.0,90198.0,5121.0,45.0,125.571,2602485675.0
435.797,0.0,90198.0,5121.0,45.0,125.529,2602498196.0
435.897,0.0,90198.0,5121.0,45.0,125.491,2602510744.0
435.998,0.0,90198.0,5121.0,45.0,125.517,2602523266.0
436.098,0.0,90198.0,5121.0,45.0,125.485,2602535810.0
436.197,0.0,90198.0,5121.0,45.0,125.467,2602548316.0
436.298,0.0,90198.0,5121.0,45.0,125.437,2602560872.0
436.398,0.0,90198.0,5121.0,45.0,125.438,2602573398.0
436.496,0.0,90198.0,5121.0,45.0,125.407,2602585942.0
436.596,0.0,90198.0,5121.0,45.0,125.432,2602598484.0
436.697,0.0,90198.0,5121.0,45.0,125.456,2602611037.0
436.797,0.0,90198.0,5121.0,45.0,125.456,2602623590.0
436.897,0.0,90198.0,5121.0,45.0,125.46,2602623590.0
436.996,0.0,90198.0,5121.0,45.0,125.488,2602636138.0
437.098,0.0,90198.0,5121.0,45.0,125.489,2602648684.0
437.198,0.0,90198.0,5121.0,45.0,125.494,2602673764.0
437.297,0.0,90198.0,5121.0,45.0,125.53,2602686294.0
437.397,0.0,90198.0,5121.0,45.0,125.537,2602698870.0
437.498,0.0,90198.0,5121.0,45.0,125.558,2602711414.0
437.597,0.0,90198.0,5121.0,45.0,125.591,2602723974.0
437.698,0.0,90198.0,5121.0,45.0,125.54,2602736479.0
437.797,0.0,90198.0,5121.0,45.0,125.533,2602749030.0
437.898,0.0,90198.0,5121.0,45.0,125.488,2602761534.0
437.998,0.0,90198.0,5121.0,45.0,125.479,2602774090.0
438.096,0.0,90198.0,5121.0,45.0,125.454,2602786604.0
438.198,0.0,90198.0,5121.0,45.0,125.488,2602799184.0
438.298,0.0,90198.0,5121.0,45.0,125.459,2602811720.0
438.398,0.0,90198.0,5121.0,45.0,125.49,2602824282.0
438.498,0.0,90198.0,5121.0,45.0,125.429,2602836797.0
438.598,0.0,90198.0,5121.0,45.0,125.447,2602849343.0
438.698,0.0,90198.0,5121.0,45.0,125.418,2602861861.0
438.798,0.0,90198.0,5121.0,45.0,125.445,2602874770.0
438.898,18.0,90198.0,5121.0,46.0,133.142,2602890342.0
438.998,47.0,90198.0,5121.0,47.0,147.522,2602911822.0
439.098,47.0,90198.0,5121.0,48.0,163.81,2602938973.0
439.198,66.0,90198.0,5121.0,48.0,179.499,2602968641.0
439.297,66.0,90198.0,5121.0,49.0,193.738,2602994926.0
439.398,65.0,90198.0,5121.0,49.0,208.455,2603022918.0
439.497,65.0,90198.0,5121.0,49.0,222.686,2603049170.0
439.598,65.0,90198.0,5121.0,49.0,222.686,2603049170.0
439.698,65.0,90198.0,5121.0,49.0,236.753,2603076634.0
439.798,65.0,90198.0,5121.0,49.0,247.061,2603102139.0
439.898,64.0,90198.0,5121.0,49.0,259.037,2603154787.0
439.998,64.0,90198.0,5121.0,50.0,270.439,2603183153.0
440.098,65.0,90198.0,5121.0,50.0,273.595,2603210109.0
440.198,65.0,90198.0,5121.0,50.0,269.056,2603235258.0
440.298,65.0,90198.0,5121.0,50.0,268.565,2603262749.0
440.397,65.0,90198.0,5121.0,50.0,269.252,2603290537.0
440.498,65.0,90198.0,5121.0,50.0,269.854,2603316805.0
440.598,65.0,90198.0,5121.0,50.0,269.292,2603344888.0
440.698,65.0,90198.0,5121.0,50.0,270.264,2603371459.0
440.799,65.0,90198.0,5121.0,50.0,272.511,2603399545.0
440.898,65.0,90198.0,5121.0,50.0,272.843,2603426449.0
440.998,65.0,90198.0,5121.0,50.0,271.862,2603454783.0
441.098,65.0,90198.0,5121.0,50.0,271.205,2603481844.0
441.198,65.0,90198.0,5121.0,50.0,271.454,2603508322.0
441.298,65.0,90198.0,5121.0,50.0,271.583,2603535192.0
441.399,65.0,90198.0,5121.0,50.0,270.339,2603561360.0
441.498,65.0,90198.0,5121.0,50.0,272.693,2603588588.0
441.598,65.0,90198.0,5121.0,50.0,273.098,2603617913.0
441.698,65.0,90198.0,5121.0,50.0,271.865,2603644740.0
441.798,65.0,90198.0,5121.0,50.0,272.45,2603670891.0
441.898,65.0,90198.0,5121.0,50.0,269.376,2603697911.0
441.998,65.0,90198.0,5121.0,50.0,267.523,2603722717.0
442.098,65.0,90198.0,5121.0,50.0,268.337,2603748539.0
442.198,65.0,90198.0,5121.0,50.0,268.337,2603774794.0
442.298,63.0,90198.0,5121.0,50.0,267.117,2603774794.0
442.398,63.0,90198.0,5121.0,50.0,266.987,2603801061.0
442.498,65.0,90198.0,5121.0,50.0,265.827,2603853514.0
442.598,65.0,90198.0,5121.0,50.0,263.303,2603877755.0
442.698,64.0,90198.0,5121.0,50.0,258.772,2603903432.0
442.797,64.0,90198.0,5121.0,50.0,259.501,2603930159.0
442.897,65.0,90198.0,5121.0,50.0,259.102,2603956209.0
442.998,65.0,90198.0,5121.0,50.0,256.567,2603979606.0
443.098,61.0,90198.0,5121.0,50.0,256.54,2604004035.0
443.198,61.0,90198.0,5121.0,50.0,252.716,2604028516.0
443.298,62.0,90198.0,5121.0,50.0,251.307,2604053756.0
443.398,62.0,90198.0,5121.0,50.0,249.744,2604077011.0
443.498,62.0,90198.0,5121.0,50.0,247.685,2604100093.0
443.598,62.0,90198.0,5121.0,50.0,246.153,2604123174.0
443.697,61.0,90198.0,5121.0,50.0,243.987,2604147082.0
443.797,61.0,90198.0,5121.0,50.0,242.41,2604170125.0
443.897,60.0,90198.0,5121.0,49.0,236.802,2604193282.0
443.997,60.0,90198.0,5121.0,49.0,236.092,2604215782.0
444.098,58.0,90198.0,5121.0,49.0,233.153,2604238337.0
444.197,58.0,90198.0,5121.0,49.0,230.906,2604259084.0
444.298,57.0,90198.0,5121.0,49.0,227.017,2604279800.0
444.398,57.0,90198.0,5121.0,49.0,223.86,2604301175.0
444.499,58.0,90198.0,5121.0,49.0,221.76,2604321526.0
444.598,58.0,90198.0,5121.0,49.0,219.336,2604343976.0
444.698,57.0,90198.0,5121.0,49.0,218.3,2604364698.0
444.798,57.0,90198.0,5121.0,48.0,214.62,2604384906.0
444.898,58.0,90198.0,5121.0,48.0,213.804,2604384906.0
444.998,58.0,90198.0,5121.0,48.0,210.667,2604405135.0
445.098,57.0,90198.0,5121.0,48.0,208.044,2604445440.0
445.198,57.0,90198.0,5121.0,48.0,205.967,2604465050.0
445.298,58.0,90198.0,5121.0,48.0,205.908,2604484239.0
445.398,58.0,90198.0,5121.0,48.0,203.428,2604503437.0
445.498,58.0,90198.0,5121.0,48.0,202.768,2604523092.0
445.598,58.0,90198.0,5121.0,48.0,200.056,2604542820.0
445.698,56.0,90198.0,5121.0,48.0,197.263,2604561735.0
445.799,56.0,90198.0,5121.0,48.0,196.888,2604582139.0
445.897,55.0,90198.0,5121.0,48.0,195.395,2604600298.0
445.998,55.0,90198.0,5121.0,48.0,193.372,2604619466.0
446.098,55.0,90198.0,5121.0,48.0,192.863,2604637833.0
446.198,55.0,90198.0,5121.0,48.0,192.39,2604657315.0
446.298,55.0,90198.0,5121.0,48.0,189.762,2604675255.0
446.398,55.0,90198.0,5121.0,48.0,190.334,2604696225.0
446.498,56.0,90198.0,5121.0,48.0,190.626,2604713936.0
446.598,56.0,90198.0,5121.0,48.0,190.387,2604734043.0
446.699,56.0,90198.0,5121.0,48.0,191.219,2604754613.0
446.798,56.0,90198.0,5121.0,48.0,192.906,2604775014.0
446.898,56.0,90198.0,5121.0,47.0,192.055,2604793036.0
446.998,56.0,90198.0,5121.0,47.0,191.557,2604809803.0
447.097,56.0,90198.0,5121.0,47.0,188.054,2604827130.0
447.198,56.0,90198.0,5121.0,47.0,188.991,2604846797.0
447.297,56.0,90198.0,5121.0,47.0,188.115,2604862945.0
447.398,56.0,90198.0,5121.0,47.0,185.237,2604880897.0
447.498,56.0,90198.0,5121.0,47.0,185.142,2604880897.0
447.597,56.0,90198.0,5121.0,47.0,185.906,2604900540.0
447.698,53.0,90198.0,5121.0,47.0,185.887,2604940102.0
447.798,53.0,90198.0,5121.0,47.0,184.068,2604959436.0
447.898,53.0,90198.0,5121.0,47.0,185.28,2604979439.0
447.998,53.0,90198.0,5121.0,47.0,188.799,2604999092.0
448.098,53.0,90198.0,5121.0,47.0,192.124,2605018483.0
448.198,53.0,90198.0,5121.0,47.0,189.542,2605035822.0
448.298,53.0,90198.0,5121.0,47.0,192.338,2605055491.0
448.398,53.0,90198.0,5121.0,47.0,193.881,2605074942.0
448.498,50.0,90198.0,5121.0,47.0,189.326,2605088803.0
448.598,50.0,90198.0,5121.0,46.0,182.212,2605101559.0
448.698,0.0,90198.0,5121.0,46.0,174.954,2605114263.0
448.798,0.0,90198.0,5121.0,46.0,168.54,2605127029.0
448.898,0.0,90198.0,5121.0,46.0,161.915,2605139692.0
448.998,0.0,90198.0,5121.0,46.0,154.266,2605152397.0
449.098,0.0,90198.0,5121.0,46.0,146.982,2605165135.0
449.198,0.0,90198.0,5121.0,46.0,142.274,2605177842.0
449.298,0.0,90198.0,5121.0,46.0,135.766,2605190555.0
449.398,0.0,90198.0,5121.0,46.0,130.452,2605203583.0
449.498,16.0,90198.0,5121.0,47.0,134.653,2605224644.0
449.598,16.0,90198.0,5121.0,48.0,143.893,2605248273.0
449.698,52.0,90198.0,5121.0,48.0,170.698,2605274872.0
449.798,62.0,90198.0,5121.0,49.0,182.102,2605300403.0
449.898,62.0,90198.0,5121.0,49.0,194.131,2605324254.0
449.998,61.0,90198.0,5121.0,49.0,205.424,2605348392.0
450.098,61.0,90198.0,5121.0,49.0,205.424,2605348392.0
450.198,61.0,90198.0,5121.0,49.0,219.4,2605373801.0
450.298,62.0,90198.0,5121.0,49.0,231.477,2605423600.0
450.399,62.0,90198.0,5121.0,49.0,243.323,2605447688.0
450.498,62.0,90198.0,5121.0,49.0,249.595,2605474103.0
450.598,62.0,90198.0,5121.0,50.0,251.361,2605499051.0
450.697,61.0,90198.0,5121.0,49.0,248.99,2605522598.0
450.797,61.0,90198.0,5121.0,50.0,248.455,2605548823.0
450.898,63.0,90198.0,5121.0,50.0,250.29,2605574516.0
450.998,63.0,90198.0,5121.0,50.0,252.047,2605600703.0
451.097,62.0,90198.0,5121.0,50.0,250.858,2605624229.0
451.198,62.0,90198.0,5121.0,50.0,250.109,2605648411.0
451.298,62.0,90198.0,5121.0,50.0,251.928,2605674873.0
451.397,62.0,90198.0,5121.0,50.0,251.802,2605699619.0
451.498,63.0,90198.0,5121.0,50.0,251.913,2605724765.0
451.598,63.0,90198.0,5121.0,50.0,252.3,2605750241.0
451.698,62.0,90198.0,5121.0,50.0,253.388,2605774918.0
451.798,62.0,90198.0,5121.0,50.0,252.905,2605798785.0
451.898,62.0,90198.0,5121.0,50.0,250.391,2605822697.0
451.998,62.0,90198.0,5121.0,50.0,249.402,2605847637.0
452.098,62.0,90198.0,5121.0,50.0,250.586,2605872141.0
452.197,62.0,90198.0,5121.0,50.0,249.314,2605896494.0
452.298,62.0,90198.0,5121.0,50.0,248.296,2605920586.0
452.398,62.0,90198.0,5121.0,50.0,247.334,2605944343.0
452.498,62.0,90198.0,5121.0,50.0,244.918,2605968333.0
452.598,62.0,90198.0,5121.0,50.0,244.514,2605993642.0
452.698,62.0,90198.0,5121.0,50.0,244.49,2606017679.0
452.798,62.0,90198.0,5121.0,50.0,244.235,2606042610.0
452.897,61.0,90198.0,5121.0,50.0,245.381,2606042610.0
452.998,61.0,90198.0,5121.0,50.0,243.846,2606067687.0
453.098,62.0,90198.0,5121.0,50.0,240.422,2606114113.0
453.198,62.0,90198.0,5121.0,50.0,239.956,2606137029.0
453.298,62.0,90198.0,5121.0,50.0,238.931,2606159754.0
453.398,62.0,90198.0,5121.0,50.0,238.478,2606183111.0
453.499,62.0,90198.0,5121.0,50.0,238.974,2606207776.0
453.598,62.0,90198.0,5121.0,49.0,239.034,2606231736.0
453.698,60.0,90198.0,5121.0,49.0,237.792,2606254919.0
453.798,60.0,90198.0,5121.0,49.0,233.344,2606275138.0
453.898,58.0,90198.0,5121.0,49.0,230.5,2606297403.0
453.998,58.0,90198.0,5121.0,49.0,227.426,2606317741.0
454.098,58.0,90198.0,5121.0,49.0,227.745,2606340727.0
454.198,58.0,90198.0,5121.0,49.0,226.43,2606361526.0
454.297,57.0,90198.0,5121.0,49.0,224.377,2606383801.0
454.397,57.0,90198.0,5121.0,49.0,221.662,2606403527.0
454.499,58.0,90198.0,5121.0,49.0,217.907,2606424216.0
454.598,58.0,90198.0,5121.0,49.0,214.599,2606445337.0
454.698,58.0,90198.0,5121.0,49.0,212.481,2606466907.0
454.798,58.0,90198.0,5121.0,49.0,212.74,2606487289.0
454.898,58.0,90198.0,5121.0,49.0,210.586,2606507281.0
454.998,58.0,90198.0,5121.0,48.0,209.593,2606526952.0
455.098,58.0,90198.0,5121.0,48.0,207.442,2606547232.0
455.198,58.0,90198.0,5121.0,48.0,205.025,2606566844.0
455.298,57.0,90198.0,5121.0,48.0,203.301,2606586533.0
455.398,57.0,90198.0,5121.0,48.0,201.779,2606586533.0
455.498,58.0,90198.0,5121.0,48.0,200.743,2606605667.0
455.597,58.0,90198.0,5121.0,48.0,199.906,2606644924.0
455.698,57.0,90198.0,5121.0,48.0,198.074,2606664616.0
455.799,57.0,90198.0,5121.0,48.0,197.264,2606684564.0
455.898,56.0,90198.0,5121.0,48.0,197.763,2606704932.0
455.998,56.0,90198.0,5121.0,48.0,197.621,2606724099.0
456.097,56.0,90198.0,5121.0,48.0,195.775,2606742769.0
456.197,56.0,90198.0,5121.0,48.0,194.931,2606761868.0
456.297,55.0,90198.0,5121.0,48.0,196.331,2606781859.0
456.398,55.0,90198.0,5121.0,48.0,197.01,2606801701.0
456.498,56.0,90198.0,5121.0,48.0,195.052,2606819731.0
456.598,56.0,90198.0,5121.0,48.0,193.778,2606838546.0
456.698,55.0,90198.0,5121.0,48.0,191.803,2606856465.0
456.798,55.0,90198.0,5121.0,48.0,192.626,2606876599.0
456.897,56.0,90198.0,5121.0,48.0,192.512,2606896363.0
456.998,56.0,90198.0,5121.0,47.0,189.535,2606913319.0
457.097,55.0,90198.0,5121.0,47.0,187.438,2606929095.0
457.198,55.0,90198.0,5121.0,47.0,186.049,2606945963.0
457.298,53.0,90198.0,5121.0,47.0,182.675,2606963864.0
457.398,53.0,90198.0,5121.0,47.0,179.871,2606980889.0
457.498,52.0,90198.0,5121.0,47.0,179.593,2606998566.0
457.598,52.0,90198.0,5121.0,47.0,176.966,2607015288.0
457.698,52.0,90198.0,5121.0,47.0,176.964,2607032777.0
457.798,52.0,90198.0,5121.0,47.0,174.417,2607032777.0
457.898,52.0,90198.0,5121.0,47.0,171.273,2607050645.0
457.998,52.0,90198.0,5121.0,47.0,170.271,2607083002.0
458.098,51.0,90198.0,5121.0,47.0,172.479,2607101966.0
458.198,51.0,90198.0,5121.0,47.0,173.993,2607119918.0
458.298,51.0,90198.0,5121.0,47.0,173.543,2607137141.0
458.398,51.0,90198.0,5121.0,47.0,174.008,2607155034.0
458.498,51.0,90198.0,5121.0,47.0,172.991,2607171602.0
458.598,51.0,90198.0,5121.0,47.0,173.283,2607188592.0
458.698,50.0,90198.0,5121.0,47.0,174.733,2607207751.0
458.798,50.0,90198.0,5121.0,47.0,174.973,2607225007.0
458.898,51.0,90198.0,5121.0,47.0,172.995,2607239604.0
458.998,51.0,90198.0,5121.0,46.0,169.608,2607252288.0
459.097,0.0,90198.0,5121.0,46.0,164.125,2607264943.0
459.198,0.0,90198.0,5121.0,46.0,158.111,2607277617.0
459.298,0.0,90198.0,5121.0,46.0,154.217,2607290241.0
459.398,0.0,90198.0,5121.0,48.0,157.49,2607316139.0
459.498,55.0,90198.0,5121.0,48.0,173.267,2607346962.0
459.598,55.0,90198.0,5121.0,49.0,183.467,2607374651.0
459.697,65.0,90198.0,5121.0,49.0,191.137,2607401704.0
459.798,65.0,90198.0,5121.0,50.0,199.603,2607427960.0
459.898,65.0,90198.0,5121.0,50.0,208.39,2607454029.0
459.998,65.0,90198.0,5121.0,50.0,219.94,2607478784.0
460.098,65.0,90198.0,5121.0,50.0,235.03,2607504202.0
460.198,65.0,90198.0,5121.0,50.0,245.784,2607531000.0
460.298,66.0,90198.0,5121.0,50.0,264.926,2607559038.0
460.398,66.0,90198.0,5121.0,50.0,264.926,2607559038.0
460.499,66.0,90198.0,5121.0,50.0,265.818,2607585303.0
460.598,66.0,90198.0,5121.0,50.0,264.404,2607613909.0
460.698,66.0,90198.0,5121.0,50.0,266.035,2607669284.0
460.798,66.0,90198.0,5121.0,51.0,269.133,2607697034.0
460.898,64.0,90198.0,5121.0,50.0,269.991,2607724205.0
460.998,64.0,90198.0,5121.0,51.0,271.798,2607749560.0
461.098,66.0,90198.0,5121.0,51.0,274.617,2607777473.0
461.198,66.0,90198.0,5121.0,51.0,277.478,2607805249.0
461.298,66.0,90198.0,5121.0,51.0,271.317,2607831210.0
461.398,66.0,90198.0,5121.0,51.0,274.403,2607858845.0
461.498,65.0,90198.0,5121.0,51.0,272.381,2607886504.0
461.598,65.0,90198.0,5121.0,51.0,274.857,2607915598.0
461.698,65.0,90198.0,5121.0,51.0,273.186,2607942158.0
461.798,65.0,90198.0,5121.0,51.0,273.504,2607970682.0
461.898,65.0,90198.0,5121.0,51.0,276.39,2607998994.0
461.998,65.0,90198.0,5121.0,51.0,274.964,2608024304.0
462.098,65.0,90198.0,5121.0,51.0,275.646,2608052419.0
462.198,65.0,90198.0,5121.0,51.0,275.01,2608081329.0
462.298,64.0,90198.0,5121.0,51.0,278.248,2608108359.0
462.398,64.0,90198.0,5121.0,51.0,277.387,2608134399.0
462.498,65.0,90198.0,5121.0,51.0,276.669,2608161095.0
462.598,65.0,90198.0,5121.0,51.0,272.968,2608186005.0
462.698,66.0,90198.0,5121.0,51.0,270.407,2608211936.0
462.798,66.0,90198.0,5121.0,51.0,267.999,2608238158.0
462.898,65.0,90198.0,5121.0,50.0,266.059,2608265029.0
462.998,65.0,90198.0,5121.0,50.0,266.059,2608265029.0
463.098,65.0,90198.0,5121.0,51.0,266.854,2608290703.0
463.198,64.0,90198.0,5121.0,50.0,263.907,2608341920.0
463.298,64.0,90198.0,5121.0,50.0,257.368,2608366719.0
463.398,64.0,90198.0,5121.0,50.0,258.565,2608394437.0
463.498,61.0,90198.0,5121.0,50.0,257.713,2608419458.0
463.598,61.0,90198.0,5121.0,50.0,258.03,2608445484.0
463.698,62.0,90198.0,5121.0,50.0,258.456,2608469655.0
463.798,62.0,90198.0,5121.0,50.0,256.549,2608494150.0
463.897,62.0,90198.0,5121.0,50.0,252.881,2608517821.0
463.998,62.0,90198.0,5121.0,50.0,252.401,2608541733.0
464.098,60.0,90198.0,5121.0,50.0,249.723,2608564946.0
464.198,60.0,90198.0,5121.0,50.0,247.344,2608588481.0
464.308,59.0,90198.0,5121.0,49.0,245.126,2608610793.0
464.398,59.0,90198.0,5121.0,49.0,242.234,2608633880.0
464.498,58.0,90198.0,5121.0,49.0,239.141,2608656121.0
464.597,58.0,90198.0,5121.0,49.0,234.4,2608677292.0
464.698,58.0,90198.0,5121.0,49.0,231.108,2608699903.0
464.798,58.0,90198.0,5121.0,49.0,228.956,2608721769.0
464.898,58.0,90198.0,5121.0,49.0,225.356,2608741394.0
464.998,58.0,90198.0,5121.0,49.0,221.146,2608761098.0
465.098,58.0,90198.0,5121.0,49.0,218.527,2608782007.0
465.198,58.0,90198.0,5121.0,49.0,217.146,2608802912.0
465.298,58.0,90198.0,5121.0,49.0,213.889,2608822484.0
465.397,58.0,90198.0,5121.0,49.0,209.857,2608842447.0
465.498,57.0,90198.0,5121.0,48.0,206.739,2608862017.0
465.598,57.0,90198.0,5121.0,48.0,205.967,2608881913.0
465.698,57.0,90198.0,5121.0,48.0,203.758,2608902389.0
465.797,57.0,90198.0,5121.0,48.0,199.779,2608902389.0
465.898,56.0,90198.0,5121.0,48.0,199.42,2608921498.0
465.997,56.0,90198.0,5121.0,48.0,198.408,2608959762.0
466.098,56.0,90198.0,5121.0,48.0,196.012,2608978474.0
466.198,56.0,90198.0,5121.0,48.0,194.593,2608997811.0
466.298,55.0,90198.0,5121.0,48.0,194.023,2609017044.0
466.398,55.0,90198.0,5121.0,48.0,193.221,2609035868.0
466.498,55.0,90198.0,5121.0,48.0,192.527,2609055174.0
466.598,55.0,90198.0,5121.0,48.0,190.992,2609073619.0
466.698,56.0,90198.0,5121.0,48.0,190.974,2609093645.0
466.798,56.0,90198.0,5121.0,48.0,193.555,2609115115.0
466.899,56.0,90198.0,5121.0,48.0,192.368,2609133951.0
466.997,56.0,90198.0,5121.0,48.0,190.937,2609151059.0
467.098,55.0,90198.0,5121.0,48.0,189.411,2609168152.0
467.198,55.0,90198.0,5121.0,48.0,190.602,2609188575.0
467.298,56.0,90198.0,5121.0,48.0,192.382,2609209166.0
467.397,56.0,90198.0,5121.0,48.0,193.678,2609229743.0
467.498,56.0,90198.0,5121.0,48.0,192.947,2609248028.0
467.598,56.0,90198.0,5121.0,48.0,194.321,2609267955.0
467.698,56.0,90198.0,5121.0,48.0,192.601,2609285591.0
467.798,56.0,90198.0,5121.0,48.0,191.013,2609305431.0
467.898,55.0,90198.0,5121.0,48.0,190.075,2609323582.0
467.998,55.0,90198.0,5121.0,47.0,188.138,2609339416.0
468.098,54.0,90198.0,5121.0,47.0,188.963,2609356608.0
468.198,54.0,90198.0,5121.0,47.0,187.019,2609375050.0
468.298,54.0,90198.0,5121.0,47.0,187.019,2609393616.0
468.398,53.0,90198.0,5121.0,47.0,184.805,2609393616.0
468.498,53.0,90198.0,5121.0,47.0,183.606,2609412751.0
468.598,53.0,90198.0,5121.0,47.0,182.583,2609448585.0
468.696,51.0,90198.0,5121.0,47.0,180.861,2609466403.0
468.798,51.0,90198.0,5121.0,47.0,176.403,2609481954.0
468.898,25.0,90198.0,5121.0,47.0,171.436,2609494646.0
468.998,25.0,90198.0,5121.0,46.0,168.158,2609507202.0
469.096,0.0,90198.0,5121.0,46.0,169.109,2609525427.0
469.198,0.0,90198.0,5121.0,48.0,174.327,2609549130.0
469.298,55.0,90198.0,5121.0,48.0,183.663,2609576238.0
469.398,55.0,90198.0,5121.0,49.0,194.275,2609605844.0
469.498,64.0,90198.0,5121.0,50.0,200.226,2609630490.0
469.597,64.0,90198.0,5121.0,50.0,209.704,2609657935.0
469.698,66.0,90198.0,5121.0,50.0,218.429,2609684461.0
469.798,66.0,90198.0,5121.0,50.0,228.522,2609711560.0
469.899,65.0,90198.0,5121.0,50.0,242.266,2609738511.0
469.998,65.0,90198.0,5121.0,50.0,256.902,2609766125.0
470.098,65.0,90198.0,5121.0,50.0,265.658,2609791470.0
470.198,65.0,90198.0,5121.0,51.0,269.344,2609818050.0
470.298,64.0,90198.0,5121.0,50.0,268.322,2609844846.0
470.398,64.0,90198.0,5121.0,50.0,266.309,2609872473.0
470.498,65.0,90198.0,5121.0,51.0,269.186,2609899795.0
470.597,65.0,90198.0,5121.0,51.0,269.752,2609926795.0
470.698,65.0,90198.0,5121.0,51.0,270.637,2609954858.0
470.798,65.0,90198.0,5121.0,51.0,268.365,2609980158.0
470.898,65.0,90198.0,5121.0,51.0,270.512,2610008626.0
470.998,65.0,90198.0,5121.0,51.0,269.29,2610008626.0
471.098,64.0,90198.0,5121.0,51.0,269.043,2610035251.0
471.198,64.0,90198.0,5121.0,51.0,266.966,2610084842.0
471.298,66.0,90198.0,5121.0,51.0,264.971,2610109986.0
471.399,66.0,90198.0,5121.0,51.0,265.789,2610137851.0
471.498,65.0,90198.0,5121.0,51.0,263.822,2610163520.0
471.598,65.0,90198.0,5121.0,51.0,263.997,2610190953.0
471.698,65.0,90198.0,5121.0,51.0,262.126,2610217611.0
471.798,65.0,90198.0,5121.0,51.0,263.028,2610243169.0
471.898,65.0,90198.0,5121.0,51.0,261.98,2610270805.0
471.998,65.0,90198.0,5121.0,51.0,265.255,2610300115.0
472.098,65.0,90198.0,5121.0,51.0,267.803,2610328038.0
472.198,65.0,90198.0,5121.0,51.0,268.706,2610354496.0
472.298,65.0,90198.0,5121.0,51.0,270.644,2610381350.0
472.398,65.0,90198.0,5121.0,51.0,267.728,2610406851.0
472.498,64.0,90198.0,5121.0,51.0,267.45,2610431897.0
472.598,64.0,90198.0,5121.0,51.0,265.054,2610457045.0
472.698,66.0,90198.0,5121.0,51.0,264.21,2610483183.0
472.798,66.0,90198.0,5121.0,51.0,264.9,2610509655.0
472.898,65.0,90198.0,5121.0,51.0,263.565,2610535387.0
472.998,65.0,90198.0,5121.0,51.0,259.116,2610561778.0
473.098,63.0,90198.0,5121.0,51.0,257.94,2610587436.0
473.198,63.0,90198.0,5121.0,51.0,256.686,2610612334.0
473.298,62.0,90198.0,5121.0,50.0,252.83,2610635318.0
473.398,62.0,90198.0,5121.0,50.0,250.247,2610658282.0
473.498,62.0,90198.0,5121.0,50.0,249.043,2610682318.0
473.598,62.0,90198.0,5121.0,50.0,248.024,2610705741.0
473.698,62.0,90198.0,5121.0,50.0,248.024,2610730092.0
473.798,61.0,90198.0,5121.0,50.0,246.708,2610730092.0
473.898,61.0,90198.0,5121.0,50.0,245.587,2610754861.0
473.998,61.0,90198.0,5121.0,50.0,244.62,2610802436.0
474.098,61.0,90198.0,5121.0,50.0,241.147,2610825472.0
474.198,61.0,90198.0,5121.0,50.0,235.409,2610847839.0
474.298,58.0,90198.0,5121.0,49.0,234.272,2610869011.0
474.398,58.0,90198.0,5121.0,49.0,233.507,2610890939.0
474.498,58.0,90198.0,5121.0,49.0,230.416,2610911960.0
474.598,58.0,90198.0,5121.0,49.0,226.714,2610932107.0
474.698,58.0,90198.0,5121.0,49.0,222.1,2610952389.0
474.797,58.0,90198.0,5121.0,49.0,220.624,2610975138.0
474.899,58.0,90198.0,5121.0,49.0,216.91,2610996158.0
474.999,58.0,90198.0,5121.0,49.0,214.882,2611017335.0
475.099,57.0,90198.0,5121.0,49.0,212.643,2611038624.0
475.199,57.0,90198.0,5121.0,49.0,209.596,2611058263.0
475.298,56.0,90198.0,5121.0,49.0,208.56,2611077565.0
475.398,56.0,90198.0,5121.0,48.0,206.836,2611098555.0
475.506,55.0,90198.0,5121.0,48.0,206.507,2611119130.0
475.599,55.0,90198.0,5121.0,48.0,206.169,2611138607.0
475.698,56.0,90198.0,5121.0,48.0,206.76,2611158945.0
475.798,56.0,90198.0,5121.0,48.0,204.661,2611179558.0
475.898,56.0,90198.0,5121.0,48.0,201.838,2611198103.0
475.998,56.0,90198.0,5121.0,48.0,197.674,2611216143.0
476.098,55.0,90198.0,5121.0,48.0,195.576,2611233987.0
476.198,55.0,90198.0,5121.0,48.0,194.996,2611252693.0
476.298,55.0,90198.0,5121.0,48.0,194.996,2611272110.0
476.398,55.0,90198.0,5121.0,48.0,193.452,2611272110.0
476.498,55.0,90198.0,5121.0,48.0,192.477,2611290498.0
476.598,55.0,90198.0,5121.0,48.0,191.411,2611328331.0
476.698,55.0,90198.0,5121.0,48.0,190.572,2611347075.0
476.798,56.0,90198.0,5121.0,48.0,186.387,2611365145.0
476.898,55.0,90198.0,5121.0,48.0,186.431,2611383540.0
476.998,55.0,90198.0,5121.0,48.0,188.101,2611403104.0
477.098,55.0,90198.0,5121.0,48.0,186.907,2611420065.0
477.198,55.0,90198.0,5121.0,48.0,185.614,2611438032.0
477.298,53.0,90198.0,5121.0,48.0,185.344,2611456261.0
477.398,53.0,90198.0,5121.0,48.0,184.429,2611474871.0
477.499,53.0,90198.0,5121.0,48.0,182.652,2611492100.0
477.598,53.0,90198.0,5121.0,48.0,182.836,2611511275.0
477.698,53.0,90198.0,5121.0,47.0,185.314,2611531767.0
477.798,53.0,90198.0,5121.0,47.0,185.81,2611551520.0
477.899,53.0,90198.0,5121.0,47.0,184.307,2611568167.0
477.998,53.0,90198.0,5121.0,47.0,182.607,2611586277.0
478.098,53.0,90198.0,5121.0,47.0,182.693,2611602929.0
478.198,53.0,90198.0,5121.0,47.0,183.956,2611620806.0
478.298,53.0,90198.0,5121.0,47.0,182.012,2611637818.0
478.398,53.0,90198.0,5121.0,47.0,181.645,2611655822.0
478.496,51.0,90198.0,5121.0,47.0,182.076,2611673661.0
478.598,51.0,90198.0,5121.0,47.0,177.916,2611690103.0
478.698,0.0,90198.0,5121.0,47.0,170.905,2611702856.0
478.798,0.0,90198.0,5121.0,47.0,163.854,2611715547.0
478.898,0.0,90198.0,5121.0,46.0,159.887,2611728166.0
478.998,0.0,90198.0,5121.0,46.0,160.106,2611728166.0
479.098,65.0,90198.0,5121.0,48.0,173.705,2611742349.0
479.198,65.0,90198.0,5121.0,49.0,184.137,2611773733.0
479.298,65.0,90198.0,5121.0,49.0,194.89,2611832642.0
479.398,65.0,90198.0,5121.0,50.0,204.666,2611860288.0
479.498,65.0,90198.0,5121.0,50.0,214.691,2611887444.0
479.598,65.0,90198.0,5121.0,50.0,228.518,2611915118.0
479.698,65.0,90198.0,5121.0,50.0,243.096,2611942160.0
479.798,65.0,90198.0,5121.0,50.0,256.64,2611969861.0
479.898,64.0,90198.0,5121.0,50.0,267.119,2611995595.0
479.998,64.0,90198.0,5121.0,50.0,280.241,2612022984.0
480.098,66.0,90198.0,5121.0,50.0,277.929,2612052414.0
480.198,66.0,90198.0,5121.0,50.0,277.897,2612081112.0
480.298,66.0,90198.0,5121.0,50.0,278.633,2612110606.0
480.398,66.0,90198.0,5121.0,51.0,279.598,2612138683.0
480.498,66.0,90198.0,5121.0,51.0,278.009,2612166623.0
480.598,66.0,90198.0,5121.0,51.0,276.078,2612192394.0
480.698,65.0,90198.0,5121.0,51.0,274.569,2612217614.0
480.798,65.0,90198.0,5121.0,51.0,274.863,2612245880.0
480.898,66.0,90198.0,5121.0,51.0,277.06,2612274845.0
480.998,66.0,90198.0,5121.0,51.0,275.71,2612300811.0
481.098,64.0,90198.0,5121.0,51.0,270.948,2612326243.0
481.198,64.0,90198.0,5121.0,51.0,271.835,2612354016.0
481.298,66.0,90198.0,5121.0,51.0,268.823,2612380007.0
481.398,66.0,90198.0,5121.0,51.0,265.568,2612406887.0
481.498,65.0,90198.0,5121.0,51.0,265.885,2612433921.0
481.597,65.0,90198.0,5121.0,51.0,267.22,2612460893.0
481.698,65.0,90198.0,5121.0,51.0,267.22,2612460893.0
481.798,65.0,90198.0,5121.0,51.0,268.727,2612486195.0
481.898,65.0,90198.0,5121.0,51.0,265.64,2612539193.0
481.998,64.0,90198.0,5121.0,51.0,264.993,2612567305.0
482.098,64.0,90198.0,5121.0,51.0,268.985,2612595695.0
482.197,66.0,90198.0,5121.0,51.0,271.835,2612621582.0
482.296,66.0,90198.0,5121.0,51.0,268.791,2612648984.0
482.397,65.0,90198.0,5121.0,51.0,269.308,2612674793.0
482.496,65.0,90198.0,5121.0,51.0,268.257,2612701806.0
482.598,65.0,90198.0,5121.0,51.0,269.466,2612729323.0
482.698,65.0,90198.0,5121.0,51.0,268.618,2612754860.0
482.797,65.0,90198.0,5121.0,51.0,269.156,2612779966.0
482.898,65.0,90198.0,5121.0,51.0,267.019,2612805467.0
482.998,63.0,90198.0,5121.0,51.0,266.078,2612830947.0
483.098,63.0,90198.0,5121.0,51.0,261.335,2612855585.0
483.198,62.0,90198.0,5121.0,51.0,258.467,2612880770.0
483.298,62.0,90198.0,5121.0,50.0,259.137,2612904280.0
483.398,62.0,90198.0,5121.0,50.0,253.198,2612928374.0
483.498,62.0,90198.0,5121.0,50.0,252.48,2612953587.0
483.598,61.0,90198.0,5121.0,50.0,250.663,2612979289.0
483.698,61.0,90198.0,5121.0,50.0,248.318,2613001294.0
483.798,61.0,90198.0,5121.0,50.0,244.805,2613026057.0
483.898,61.0,90198.0,5121.0,50.0,245.613,2613049482.0
483.998,61.0,90198.0,5121.0,50.0,243.735,2613072247.0
484.097,61.0,90198.0,5121.0,50.0,241.219,2613095294.0
484.198,59.0,90198.0,5121.0,50.0,239.114,2613117090.0
484.298,59.0,90198.0,5121.0,50.0,235.175,2613117090.0
484.398,58.0,90198.0,5121.0,49.0,234.214,2613139616.0
484.498,58.0,90198.0,5121.0,49.0,229.739,2613179281.0
484.597,58.0,90198.0,5121.0,49.0,224.85,2613200742.0
484.698,58.0,90198.0,5121.0,49.0,220.54,2613221649.0
484.798,58.0,90198.0,5121.0,49.0,218.817,2613243619.0
484.898,58.0,90198.0,5121.0,49.0,215.609,2613264137.0
484.998,58.0,90198.0,5121.0,49.0,213.618,2613286098.0
485.097,58.0,90198.0,5121.0,49.0,212.143,2613306348.0
485.198,58.0,90198.0,5121.0,49.0,208.914,2613327097.0
485.297,58.0,90198.0,5121.0,49.0,208.928,2613347518.0
485.397,58.0,90198.0,5121.0,49.0,206.958,2613368218.0
485.498,58.0,90198.0,5121.0,49.0,207.875,2613387948.0
485.598,58.0,90198.0,5121.0,49.0,207.624,2613408258.0
485.698,58.0,90198.0,5121.0,49.0,206.872,2613427189.0
485.798,56.0,90198.0,5121.0,48.0,205.661,2613447647.0
485.898,56.0,90198.0,5121.0,48.0,203.536,2613468030.0
485.998,55.0,90198.0,5121.0,48.0,203.947,2613488934.0
486.098,55.0,90198.0,5121.0,48.0,203.432,2613508534.0
486.197,56.0,90198.0,5121.0,48.0,202.381,2613528064.0
486.298,56.0,90198.0,5121.0,48.0,201.075,2613547136.0
486.398,54.0,90198.0,5121.0,48.0,199.107,2613564431.0
486.498,54.0,90198.0,5121.0,48.0,196.536,2613583967.0
486.598,55.0,90198.0,5121.0,48.0,195.082,2613600744.0
486.698,55.0,90198.0,5121.0,48.0,192.187,2613617247.0
486.798,56.0,90198.0,5121.0,48.0,189.26,2613617247.0
486.898,56.0,90198.0,5121.0,48.0,190.423,2613636144.0
486.998,56.0,90198.0,5121.0,48.0,189.604,2613677145.0
487.098,56.0,90198.0,5121.0,48.0,188.38,2613696977.0
487.198,55.0,90198.0,5121.0,48.0,190.126,2613717710.0
487.298,55.0,90198.0,5121.0,48.0,191.224,2613737818.0
487.398,55.0,90198.0,5121.0,48.0,193.028,2613756769.0
487.498,55.0,90198.0,5121.0,48.0,193.134,2613774359.0
487.598,53.0,90198.0,5121.0,48.0,193.223,2613792999.0
487.698,53.0,90198.0,5121.0,48.0,193.33,2613812210.0
487.798,53.0,90198.0,5121.0,48.0,196.174,2613831132.0
487.898,53.0,90198.0,5121.0,47.0,194.583,2613850362.0
487.998,53.0,90198.0,5121.0,48.0,193.413,2613867208.0
488.098,53.0,90198.0,5121.0,47.0,188.998,2613883724.0
488.198,53.0,90198.0,5121.0,47.0,185.203,2613900663.0
488.298,53.0,90198.0,5121.0,47.0,181.848,2613917547.0
488.396,53.0,90198.0,5121.0,47.0,178.168,2613935534.0
488.497,53.0,90198.0,5121.0,47.0,177.147,2613949272.0
488.598,1.0,90198.0,5121.0,47.0,171.358,2613961941.0
488.698,1.0,90198.0,5121.0,47.0,166.902,2613974612.0
488.797,8.0,90198.0,5121.0,47.0,164.285,2614002641.0
488.897,8.0,90198.0,5121.0,48.0,171.907,2614025536.0
488.998,51.0,90198.0,5121.0,48.0,176.756,2614055711.0
489.098,51.0,90198.0,5121.0,50.0,191.778,2614084563.0
489.198,66.0,90198.0,5121.0,50.0,203.109,2614112020.0
489.298,66.0,90198.0,5121.0,50.0,213.325,2614138829.0
489.398,66.0,90198.0,5121.0,50.0,222.521,2614138829.0
489.498,66.0,90198.0,5121.0,50.0,231.606,2614164621.0
489.596,66.0,90198.0,5121.0,50.0,246.034,2614220947.0
489.698,66.0,90198.0,5121.0,50.0,260.474,2614250681.0
489.798,65.0,90198.0,5121.0,50.0,277.571,2614279219.0
489.898,65.0,90198.0,5121.0,51.0,277.774,2614308499.0
489.998,66.0,90198.0,5121.0,51.0,284.665,2614335595.0
490.098,66.0,90198.0,5121.0,51.0,280.06,2614364547.0
490.198,65.0,90198.0,5121.0,51.0,281.779,2614392915.0
490.298,66.0,90198.0,5121.0,51.0,286.593,2614421974.0
490.397,66.0,90198.0,5121.0,51.0,287.87,2614451442.0
490.498,65.0,90198.0,5121.0,51.0,288.067,2614480159.0
490.598,65.0,90198.0,5121.0,51.0,286.415,2614505810.0
490.698,65.0,90198.0,5121.0,51.0,281.72,2614532469.0
490.798,65.0,90198.0,5121.0,51.0,278.815,2614558623.0
490.898,65.0,90198.0,5121.0,51.0,277.51,2614585994.0
490.998,65.0,90198.0,5121.0,51.0,274.707,2614611012.0
491.098,63.0,90198.0,5121.0,51.0,272.337,2614638302.0
491.198,63.0,90198.0,5121.0,51.0,272.047,2614666307.0
491.298,65.0,90198.0,5121.0,51.0,270.547,2614692916.0
491.398,65.0,90198.0,5121.0,51.0,267.903,2614721329.0
491.498,66.0,90198.0,5121.0,51.0,263.916,2614746356.0
491.598,66.0,90198.0,5121.0,51.0,263.674,2614772136.0
491.698,64.0,90198.0,5121.0,51.0,262.682,2614796414.0
491.798,64.0,90198.0,5121.0,51.0,263.92,2614822533.0
491.898,66.0,90198.0,5121.0,51.0,262.117,2614822533.0
491.998,66.0,90198.0,5121.0,51.0,262.283,2614848345.0
492.098,65.0,90198.0,5121.0,51.0,261.788,2614901579.0
492.198,65.0,90198.0,5121.0,51.0,261.389,2614928856.0
492.298,65.0,90198.0,5121.0,51.0,263.617,2614956946.0
492.398,65.0,90198.0,5121.0,51.0,263.422,2614983376.0
492.498,65.0,90198.0,5121.0,51.0,264.941,2615011264.0
492.598,65.0,90198.0,5121.0,51.0,265.079,2615035966.0
492.698,63.0,90198.0,5121.0,51.0,264.466,2615061133.0
492.798,63.0,90198.0,5121.0,51.0,264.822,2615087693.0
492.898,63.0,90198.0,5121.0,51.0,264.028,2615113062.0
492.998,63.0,90198.0,5121.0,51.0,265.248,2615137533.0
493.098,62.0,90198.0,5121.0,50.0,262.713,2615163860.0
493.197,62.0,90198.0,5121.0,50.0,257.927,2615186172.0
493.296,62.0,90198.0,5121.0,50.0,251.643,2615210236.0
493.398,62.0,90198.0,5121.0,50.0,248.344,2615234534.0
493.497,61.0,90198.0,5121.0,50.0,245.403,2615256772.0
493.598,61.0,90198.0,5121.0,50.0,242.792,2615278683.0
493.697,61.0,90198.0,5121.0,50.0,240.525,2615303215.0
493.798,61.0,90198.0,5121.0,50.0,237.742,2615325094.0
493.898,61.0,90198.0,5121.0,50.0,236.026,2615349880.0
493.998,61.0,90198.0,5121.0,50.0,233.299,2615372783.0
494.098,58.0,90198.0,5121.0,50.0,230.055,2615395793.0
494.198,58.0,90198.0,5121.0,49.0,228.098,2615416646.0
494.298,59.0,90198.0,5121.0,49.0,226.288,2615437529.0
494.398,59.0,90198.0,5121.0,49.0,223.732,2615458847.0
494.498,58.0,90198.0,5121.0,49.0,223.248,2615458847.0
494.598,58.0,90198.0,5121.0,49.0,222.58,2615480580.0
494.698,58.0,90198.0,5121.0,49.0,218.853,2615523363.0
494.798,58.0,90198.0,5121.0,49.0,218.916,2615544239.0
494.898,57.0,90198.0,5121.0,49.0,214.802,2615566107.0
494.997,57.0,90198.0,5121.0,49.0,211.552,2615584933.0
495.098,58.0,90198.0,5121.0,49.0,208.691,2615604913.0
495.197,58.0,90198.0,5121.0,49.0,207.451,2615624147.0
495.298,56.0,90198.0,5121.0,49.0,205.772,2615644353.0
495.398,56.0,90198.0,5121.0,48.0,205.009,2615663812.0
495.498,56.0,90198.0,5121.0,48.0,201.799,2615683756.0
495.598,56.0,90198.0,5121.0,48.0,200.048,2615702726.0
495.698,56.0,90198.0,5121.0,48.0,198.27,2615721761.0
495.798,56.0,90198.0,5121.0,48.0,195.378,2615741437.0
495.898,56.0,90198.0,5121.0,48.0,194.023,2615760575.0
495.998,56.0,90198.0,5121.0,48.0,194.523,2615780349.0
496.098,55.0,90198.0,5121.0,48.0,192.725,2615798634.0
496.198,55.0,90198.0,5121.0,48.0,192.282,2615817034.0
496.298,55.0,90198.0,5121.0,48.0,190.819,2615836035.0
496.398,55.0,90198.0,5121.0,48.0,191.059,2615854244.0
496.498,56.0,90198.0,5121.0,48.0,188.004,2615873368.0
496.598,56.0,90198.0,5121.0,48.0,185.95,2615890355.0
496.698,55.0,90198.0,5121.0,48.0,183.259,2615906291.0
496.798,55.0,90198.0,5121.0,48.0,180.152,2615923078.0
496.898,56.0,90198.0,5121.0,48.0,177.373,2615939679.0
496.998,56.0,90198.0,5121.0,48.0,177.373,2615956655.0
497.098,56.0,90198.0,5121.0,48.0,176.626,2615956655.0
497.198,56.0,90198.0,5121.0,48.0,177.236,2615976074.0
497.298,56.0,90198.0,5121.0,48.0,178.184,2616014344.0
497.398,56.0,90198.0,5121.0,48.0,178.542,2616033300.0
497.498,56.0,90198.0,5121.0,48.0,176.698,2616051550.0
497.598,56.0,90198.0,5121.0,48.0,179.466,2616070626.0
497.698,56.0,90198.0,5121.0,48.0,180.426,2616088924.0
497.798,53.0,90198.0,5121.0,48.0,182.705,2616106608.0
497.898,53.0,90198.0,5121.0,48.0,184.155,2616125505.0
497.997,53.0,90198.0,5121.0,48.0,186.261,2616144680.0
498.098,53.0,90198.0,5121.0,47.0,187.591,2616162701.0
498.198,52.0,90198.0,5121.0,47.0,182.634,2616178763.0
498.298,18.0,90198.0,5121.0,47.0,176.545,2616194139.0
498.398,18.0,90198.0,5121.0,47.0,171.397,2616206838.0
498.498,0.0,90198.0,5121.0,46.0,164.978,2616219521.0
498.598,0.0,90198.0,5121.0,46.0,158.742,2616232189.0
498.698,29.0,90198.0,5121.0,49.0,162.665,2616246044.0
498.798,29.0,90198.0,5121.0,49.0,172.589,2616274981.0
498.898,65.0,90198.0,5121.0,49.0,182.527,2616302907.0
498.998,65.0,90198.0,5121.0,50.0,189.152,2616331099.0
499.098,63.0,90198.0,5121.0,50.0,198.337,2616356910.0
499.198,63.0,90198.0,5121.0,50.0,209.608,2616383268.0
499.297,65.0,90198.0,5121.0,50.0,223.626,2616409867.0
499.398,65.0,90198.0,5121.0,50.0,238.0,2616438305.0
499.498,65.0,90198.0,5121.0,50.0,252.615,2616466327.0
499.598,65.0,90198.0,5121.0,50.0,252.615,2616494962.0
499.698,65.0,90198.0,5121.0,50.0,268.804,2616494962.0
499.798,66.0,90198.0,5121.0,50.0,276.612,2616523359.0
499.898,66.0,90198.0,5121.0,51.0,275.256,2616576473.0
499.998,65.0,90198.0,5121.0,51.0,274.442,2616604210.0
500.098,65.0,90198.0,5121.0,51.0,274.047,2616629493.0
500.198,66.0,90198.0,5121.0,51.0,272.689,2616654416.0
500.298,66.0,90198.0,5121.0,51.0,271.43,2616680365.0
500.398,66.0,90198.0,5121.0,51.0,269.527,2616705395.0
500.498,66.0,90198.0,5121.0,51.0,267.739,2616731406.0
500.598,65.0,90198.0,5121.0,51.0,264.622,2616757290.0
500.697,65.0,90198.0,5121.0,51.0,261.127,2616782776.0
500.798,66.0,90198.0,5121.0,51.0,258.434,2616808057.0
500.898,66.0,90198.0,5121.0,51.0,256.022,2616834855.0
500.998,63.0,90198.0,5121.0,51.0,257.016,2616860909.0
501.098,65.0,90198.0,5121.0,51.0,258.874,2616889703.0
501.198,65.0,90198.0,5121.0,51.0,258.107,2616915275.0
501.298,64.0,90198.0,5121.0,51.0,257.57,2616939685.0
501.398,64.0,90198.0,5121.0,51.0,259.72,2616966148.0
501.499,65.0,90198.0,5121.0,51.0,261.346,2616994007.0
501.598,65.0,90198.0,5121.0,51.0,261.395,2617020450.0
501.698,65.0,90198.0,5121.0,51.0,262.726,2617046301.0
501.798,65.0,90198.0,5121.0,51.0,263.341,2617073330.0
501.898,65.0,90198.0,5121.0,51.0,265.478,2617100069.0
501.998,65.0,90198.0,5121.0,51.0,264.521,2617127069.0
502.098,65.0,90198.0,5121.0,51.0,264.453,2617153823.0
502.198,65.0,90198.0,5121.0,51.0,265.307,2617179724.0
502.298,66.0,90198.0,5121.0,51.0,267.091,2617179724.0
502.398,66.0,90198.0,5121.0,51.0,265.164,2617206536.0
502.498,65.0,90198.0,5121.0,51.0,264.076,2617257702.0
502.599,65.0,90198.0,5121.0,51.0,264.04,2617282679.0
502.698,65.0,90198.0,5121.0,51.0,262.867,2617307846.0
502.798,65.0,90198.0,5121.0,51.0,261.956,2617333775.0
502.898,62.0,90198.0,5121.0,50.0,261.104,2617361011.0
502.998,62.0,90198.0,5121.0,50.0,257.526,2617385351.0
503.098,62.0,90198.0,5121.0,50.0,254.483,2617408281.0
503.198,62.0,90198.0,5121.0,50.0,254.149,2617433119.0
503.298,61.0,90198.0,5121.0,50.0,250.556,2617456398.0
503.398,61.0,90198.0,5121.0,50.0,248.089,2617479855.0
503.498,61.0,90198.0,5121.0,50.0,245.966,2617503574.0
503.598,61.0,90198.0,5121.0,50.0,244.767,2617527635.0
503.698,58.0,90198.0,5121.0,50.0,240.689,2617549880.0
503.798,58.0,90198.0,5121.0,49.0,238.096,2617573166.0
503.898,58.0,90198.0,5121.0,49.0,232.132,2617594629.0
503.998,58.0,90198.0,5121.0,49.0,230.268,2617615251.0
504.098,58.0,90198.0,5121.0,49.0,225.946,2617636173.0
504.198,58.0,90198.0,5121.0,49.0,220.558,2617655937.0
504.298,58.0,90198.0,5121.0,49.0,216.655,2617675511.0
504.398,58.0,90198.0,5121.0,49.0,214.481,2617695555.0
504.498,58.0,90198.0,5121.0,49.0,211.089,2617716130.0
504.598,58.0,90198.0,5121.0,49.0,206.021,2617736688.0
504.698,58.0,90198.0,5121.0,49.0,202.977,2617755979.0
504.798,58.0,90198.0,5121.0,49.0,202.977,2617775643.0
504.898,58.0,90198.0,5121.0,48.0,200.662,2617775643.0
504.998,56.0,90198.0,5121.0,48.0,198.997,2617795637.0
505.099,56.0,90198.0,5121.0,48.0,198.443,2617834230.0
505.198,56.0,90198.0,5121.0,48.0,197.383,2617853046.0
505.298,56.0,90198.0,5121.0,48.0,196.431,2617872893.0
505.398,55.0,90198.0,5121.0,48.0,197.188,2617892791.0
505.499,55.0,90198.0,5121.0,48.0,195.737,2617911363.0
505.598,57.0,90198.0,5121.0,48.0,193.802,2617928755.0
505.698,57.0,90198.0,5121.0,48.0,192.055,2617947537.0
505.798,55.0,90198.0,5121.0,48.0,192.318,2617967212.0
505.898,55.0,90198.0,5121.0,48.0,190.363,2617982776.0
505.999,56.0,90198.0,5121.0,48.0,187.501,2618001783.0
506.098,54.0,90198.0,5121.0,48.0,186.389,2618021170.0
506.198,54.0,90198.0,5121.0,48.0,186.389,2618039557.0
506.298,54.0,90198.0,5121.0,48.0,187.133,2618057628.0
506.398,56.0,90198.0,5121.0,48.0,184.544,2618077180.0
506.499,56.0,90198.0,5121.0,48.0,185.727,2618097050.0
506.598,55.0,90198.0,5121.0,48.0,186.032,2618114333.0
506.698,55.0,90198.0,5121.0,48.0,185.346,2618131887.0
506.798,55.0,90198.0,5121.0,48.0,183.38,2618149235.0
506.898,55.0,90198.0,5121.0,48.0,182.793,2618167498.0
506.998,55.0,90198.0,5121.0,48.0,183.204,2618167498.0
507.098,55.0,90198.0,5121.0,48.0,185.209,2618185586.0
507.198,55.0,90198.0,5121.0,48.0,185.345,2618224417.0
507.298,55.0,90198.0,5121.0,48.0,183.354,2618240732.0
507.398,54.0,90198.0,5121.0,48.0,182.737,2618256923.0
507.498,54.0,90198.0,5121.0,48.0,177.397,2618273815.0
507.598,53.0,90198.0,5121.0,48.0,177.137,2618290997.0
507.698,53.0,90198.0,5121.0,47.0,177.65,2618310040.0
507.798,53.0,90198.0,5121.0,47.0,179.351,2618328480.0
507.898,53.0,90198.0,5121.0,47.0,178.455,2618344572.0
507.998,52.0,90198.0,5121.0,47.0,177.745,2618362535.0
508.098,52.0,90198.0,5121.0,47.0,176.799,2618380507.0
508.198,42.0,90198.0,5121.0,47.0,172.795,2618393797.0
508.298,42.0,90198.0,5121.0,47.0,167.98,2618406437.0
508.398,0.0,90198.0,5121.0,47.0,164.121,2618424515.0
508.497,56.0,90198.0,5121.0,50.0,181.359,2618451329.0
508.598,56.0,90198.0,5121.0,49.0,193.364,2618478407.0
508.698,65.0,90198.0,5121.0,49.0,197.773,2618505177.0
508.798,65.0,90198.0,5121.0,49.0,205.767,2618529761.0
508.898,64.0,90198.0,5121.0,50.0,215.159,2618556342.0
508.998,64.0,90198.0,5121.0,50.0,221.444,2618581921.0
509.098,65.0,90198.0,5121.0,50.0,231.279,2618606854.0
509.198,65.0,90198.0,5121.0,50.0,241.534,2618632339.0
509.298,65.0,90198.0,5121.0,50.0,253.588,2618656713.0
509.398,65.0,90198.0,5121.0,50.0,258.51,2618683517.0
509.498,64.0,90198.0,5121.0,50.0,257.601,2618683517.0
509.598,64.0,90198.0,5121.0,50.0,257.454,2618707881.0
509.698,65.0,90198.0,5121.0,50.0,256.973,2618760699.0
509.798,65.0,90198.0,5121.0,50.0,256.78,2618786524.0
509.898,65.0,90198.0,5121.0,50.0,258.522,2618812929.0
509.998,65.0,90198.0,5121.0,50.0,256.399,2618838135.0
510.098,65.0,90198.0,5121.0,50.0,256.632,2618861480.0
510.198,65.0,90198.0,5121.0,50.0,258.739,2618888085.0
510.298,65.0,90198.0,5121.0,50.0,258.203,2618914369.0
510.398,65.0,90198.0,5121.0,50.0,255.766,2618938200.0
510.498,61.0,90198.0,5121.0,50.0,256.386,2618962936.0
510.597,61.0,90198.0,5121.0,50.0,254.5,2618989303.0
510.698,62.0,90198.0,5121.0,50.0,253.773,2619014165.0
510.798,62.0,90198.0,5121.0,50.0,253.127,2619039029.0
510.898,62.0,90198.0,5121.0,50.0,250.715,2619064333.0
510.998,62.0,90198.0,5121.0,50.0,253.536,2619089882.0
511.098,61.0,90198.0,5121.0,50.0,253.584,2619114697.0
511.198,61.0,90198.0,5121.0,50.0,250.571,2619139823.0
511.298,62.0,90198.0,5121.0,50.0,250.889,2619164078.0
511.398,62.0,90198.0,5121.0,50.0,252.118,2619190466.0
511.498,62.0,90198.0,5121.0,50.0,251.092,2619216733.0
511.598,62.0,90198.0,5121.0,50.0,249.905,2619240134.0
511.698,59.0,90198.0,5121.0,50.0,248.813,2619263461.0
511.798,59.0,90198.0,5121.0,50.0,247.801,2619288529.0
511.898,62.0,90198.0,5121.0,50.0,247.803,2619312514.0
511.998,62.0,90198.0,5121.0,50.0,246.278,2619338342.0
512.098,62.0,90198.0,5121.0,50.0,246.278,2619362329.0
512.198,61.0,90198.0,5121.0,50.0,243.971,2619362329.0
512.298,61.0,90198.0,5121.0,50.0,243.044,2619384853.0
512.398,60.0,90198.0,5121.0,50.0,242.059,2619432323.0
512.498,60.0,90198.0,5121.0,50.0,238.506,2619454065.0
512.599,62.0,90198.0,5121.0,50.0,235.982,2619478028.0
512.698,62.0,90198.0,5121.0,50.0,235.726,2619501331.0
512.798,59.0,90198.0,5121.0,50.0,233.607,2619523156.0
512.897,59.0,90198.0,5121.0,50.0,233.372,2619547596.0
512.998,59.0,90198.0,5121.0,50.0,232.425,2619570169.0
513.098,59.0,90198.0,5121.0,49.0,230.824,2619593133.0
513.198,58.0,90198.0,5121.0,49.0,229.474,2619615441.0
513.298,58.0,90198.0,5121.0,49.0,228.267,2619636075.0
513.398,58.0,90198.0,5121.0,49.0,225.304,2619656867.0
513.498,58.0,90198.0,5121.0,49.0,223.815,2619677722.0
513.599,57.0,90198.0,5121.0,49.0,222.87,2619700023.0
513.698,57.0,90198.0,5121.0,49.0,222.194,2619721917.0
513.798,57.0,90198.0,5121.0,49.0,219.78,2619740941.0
513.898,57.0,90198.0,5121.0,49.0,217.31,2619761589.0
513.998,58.0,90198.0,5121.0,49.0,213.074,2619782275.0
514.098,58.0,90198.0,5121.0,49.0,212.351,2619803731.0
514.198,57.0,90198.0,5121.0,49.0,209.967,2619822526.0
514.298,57.0,90198.0,5121.0,48.0,207.002,2619841882.0
514.398,56.0,90198.0,5121.0,48.0,205.808,2619861499.0
514.498,56.0,90198.0,5121.0,48.0,204.99,2619881842.0
514.598,56.0,90198.0,5121.0,48.0,202.628,2619881842.0
514.698,56.0,90198.0,5121.0,48.0,200.453,2619901886.0
514.798,55.0,90198.0,5121.0,48.0,200.102,2619941981.0
514.898,55.0,90198.0,5121.0,48.0,198.555,2619960505.0
514.998,56.0,90198.0,5121.0,48.0,198.167,2619979534.0
515.098,56.0,90198.0,5121.0,48.0,195.483,2619998042.0
515.198,55.0,90198.0,5121.0,48.0,192.992,2620015997.0
515.298,55.0,90198.0,5121.0,48.0,193.661,2620035118.0
515.399,55.0,90198.0,5121.0,48.0,192.461,2620053651.0
515.498,55.0,90198.0,5121.0,48.0,192.285,2620073747.0
515.598,55.0,90198.0,5121.0,48.0,190.371,2620090785.0
515.698,55.0,90198.0,5121.0,48.0,189.61,2620109372.0
515.798,55.0,90198.0,5121.0,48.0,189.148,2620129572.0
515.913,55.0,90198.0,5121.0,48.0,189.882,2620150335.0
515.999,56.0,90198.0,5121.0,48.0,190.774,2620168651.0
516.098,56.0,90198.0,5121.0,48.0,189.544,2620187688.0
516.198,56.0,90198.0,5121.0,48.0,191.121,2620205171.0
516.298,56.0,90198.0,5121.0,48.0,188.698,2620222915.0
516.398,56.0,90198.0,5121.0,48.0,188.986,2620240671.0
516.498,56.0,90198.0,5121.0,48.0,188.795,2620259559.0
516.598,56.0,90198.0,5121.0,48.0,184.564,2620276953.0
516.696,52.0,90198.0,5121.0,48.0,181.354,2620291855.0
516.798,52.0,90198.0,5121.0,47.0,179.907,2620308790.0
516.898,53.0,90198.0,5121.0,48.0,180.764,2620328562.0
516.998,53.0,90198.0,5121.0,47.0,179.198,2620347459.0
517.098,51.0,90198.0,5121.0,47.0,179.596,2620366880.0
517.198,51.0,90198.0,5121.0,47.0,179.596,2620384427.0
517.298,51.0,90198.0,5121.0,47.0,180.559,2620384427.0
517.398,53.0,90198.0,5121.0,47.0,181.067,2620402904.0
517.498,53.0,90198.0,5121.0,47.0,179.52,2620438582.0
517.599,52.0,90198.0,5121.0,47.0,177.09,2620454666.0
517.698,52.0,90198.0,5121.0,47.0,179.093,2620473665.0
517.798,51.0,90198.0,5121.0,47.0,182.734,2620489997.0
517.898,51.0,90198.0,5121.0,47.0,176.346,2620502703.0
517.998,0.0,90198.0,5121.0,47.0,169.922,2620515364.0
518.098,0.0,90198.0,5121.0,46.0,164.641,2620528024.0
518.198,0.0,90198.0,5121.0,46.0,157.701,2620540659.0
518.298,0.0,90198.0,5121.0,46.0,153.629,2620553297.0
518.398,0.0,90198.0,5121.0,46.0,146.324,2620565867.0
518.498,0.0,90198.0,5121.0,46.0,140.951,2620578514.0
518.598,0.0,90198.0,5121.0,46.0,137.827,2620591100.0
518.698,0.0,90198.0,5121.0,46.0,133.491,2620603729.0
518.798,0.0,90198.0,5121.0,46.0,126.973,2620616335.0
518.898,0.0,90198.0,5121.0,46.0,126.304,2620628919.0
518.998,0.0,90198.0,5121.0,46.0,126.263,2620641538.0
519.098,0.0,90198.0,5121.0,46.0,126.222,2620654149.0
519.198,0.0,90198.0,5121.0,46.0,126.207,2620666779.0
519.298,0.0,90198.0,5121.0,46.0,126.187,2620679384.0
519.398,0.0,90198.0,5121.0,46.0,126.188,2620692004.0
519.498,0.0,90198.0,5121.0,46.0,126.189,2620704574.0
519.598,0.0,90198.0,5121.0,46.0,126.125,2620717194.0
519.698,0.0,90198.0,5121.0,46.0,126.125,2620729757.0
519.798,0.0,90198.0,5121.0,46.0,126.11,2620742356.0
519.898,0.0,90198.0,5121.0,46.0,126.079,2620754910.0
519.998,0.0,90198.0,5121.0,46.0,126.079,2620767501.0
520.098,0.0,90198.0,5121.0,46.0,126.046,2620767501.0
520.198,0.0,90198.0,5121.0,46.0,126.016,2620780092.0
520.298,0.0,90198.0,5121.0,46.0,125.98,2620792695.0
520.398,0.0,90198.0,5121.0,46.0,125.98,2620817894.0
520.498,0.0,90198.0,5121.0,46.0,125.946,2620830486.0
520.598,0.0,90198.0,5121.0,46.0,125.971,2620843097.0
520.698,0.0,90198.0,5121.0,46.0,125.944,2620855647.0
520.798,0.0,90198.0,5121.0,46.0,125.966,2620868236.0
520.898,0.0,90198.0,5121.0,46.0,125.928,2620880785.0
520.998,0.0,90198.0,5121.0,46.0,125.937,2620893338.0
521.098,0.0,90198.0,5121.0,46.0,125.878,2620905896.0
521.198,0.0,90198.0,5121.0,45.0,125.872,2620918489.0
521.298,0.0,90198.0,5121.0,45.0,125.858,2620931049.0
521.398,0.0,90198.0,5121.0,45.0,125.856,2620943648.0
521.498,0.0,90198.0,5121.0,45.0,125.825,2620956225.0
521.598,0.0,90198.0,5121.0,45.0,125.828,2620968841.0
521.698,0.0,90198.0,5121.0,45.0,125.854,2620981443.0
521.798,0.0,90198.0,5121.0,45.0,125.847,2620994004.0
521.898,0.0,90198.0,5121.0,45.0,125.838,2621006592.0
521.998,0.0,90198.0,5121.0,45.0,125.879,2621019173.0
522.098,0.0,90198.0,5121.0,45.0,125.892,2621031734.0
522.198,0.0,90198.0,5121.0,45.0,125.886,2621044305.0
522.298,0.0,90198.0,5121.0,45.0,125.84,2621056864.0
522.398,0.0,90198.0,5121.0,45.0,125.835,2621069420.0
522.498,0.0,90198.0,5121.0,45.0,125.818,2621081987.0
522.598,0.0,90198.0,5121.0,45.0,125.789,2621094561.0
522.698,0.0,90198.0,5121.0,45.0,125.754,2621107160.0
522.798,0.0,90198.0,5121.0,45.0,125.772,2621119724.0
522.898,0.0,90198.0,5121.0,45.0,125.769,2621132307.0
522.998,0.0,90198.0,5121.0,45.0,125.751,2621144932.0
523.098,0.0,90198.0,5121.0,45.0,125.788,2621157472.0
523.197,0.0,90198.0,5121.0,45.0,125.792,2621157472.0
523.298,0.0,90198.0,5121.0,45.0,125.825,2621170022.0
523.398,0.0,90198.0,5121.0,45.0,125.822,2621182615.0
523.498,0.0,90198.0,5121.0,45.0,125.83,2621207755.0
523.599,0.0,90198.0,5121.0,45.0,125.824,2621220316.0
523.698,0.0,90198.0,5121.0,45.0,125.838,2621232902.0
523.798,0.0,90198.0,5121.0,45.0,125.832,2621245492.0
523.898,0.0,90198.0,5121.0,45.0,125.844,2621258096.0
523.998,0.0,90198.0,5121.0,45.0,125.842,2621270654.0
524.098,0.0,90198.0,5121.0,45.0,125.813,2621283235.0
524.198,0.0,90198.0,5121.0,45.0,125.807,2621295784.0
524.298,0.0,90198.0,5121.0,45.0,125.808,2621308356.0
524.398,0.0,90198.0,5121.0,45.0,125.778,2621320913.0
524.498,0.0,90198.0,5121.0,45.0,125.804,2621333499.0
524.598,0.0,90198.0,5121.0,45.0,125.788,2621346046.0
524.698,0.0,90198.0,5121.0,45.0,125.79,2621358638.0
524.812,0.0,90198.0,5121.0,45.0,125.782,2621371203.0
524.898,0.0,90198.0,5121.0,45.0,125.761,2621383760.0
524.998,0.0,90198.0,5121.0,45.0,125.714,2621396299.0
525.098,0.0,90198.0,5121.0,45.0,125.731,2621408875.0
525.198,0.0,90198.0,5121.0,45.0,125.706,2621421402.0
525.298,0.0,90198.0,5121.0,45.0,125.687,2621433955.0
525.398,0.0,90198.0,5121.0,45.0,125.671,2621446491.0
525.498,0.0,90198.0,5121.0,45.0,125.642,2621459053.0
525.598,0.0,90198.0,5121.0,45.0,125.636,2621471619.0
525.698,0.0,90198.0,5121.0,45.0,125.616,2621484181.0
525.798,0.0,90198.0,5121.0,45.0,125.645,2621496741.0
525.898,0.0,90198.0,5121.0,45.0,125.666,2621509312.0
525.998,0.0,90198.0,5121.0,45.0,125.666,2621521851.0
526.097,0.0,90198.0,5121.0,45.0,125.645,2621521851.0
526.198,0.0,90198.0,5121.0,45.0,125.63,2621534423.0
526.298,0.0,90198.0,5121.0,45.0,125.642,2621546979.0
526.397,0.0,90198.0,5121.0,45.0,125.659,2621572082.0
526.498,0.0,90198.0,5121.0,45.0,125.653,2621584655.0
526.598,0.0,90198.0,5121.0,45.0,125.662,2621597216.0
526.698,0.0,90198.0,5121.0,45.0,125.661,2621609762.0
526.798,0.0,90198.0,5121.0,45.0,125.658,2621622338.0
526.898,0.0,90198.0,5121.0,45.0,125.641,2621634904.0
526.998,0.0,90198.0,5121.0,45.0,125.65,2621647479.0
527.098,0.0,90198.0,5121.0,45.0,125.656,2621660041.0
527.198,0.0,90198.0,5121.0,45.0,125.667,2621672604.0
527.298,0.0,90198.0,5121.0,45.0,125.664,2621685144.0
527.398,0.0,90198.0,5121.0,45.0,125.662,2621697715.0
527.498,0.0,90198.0,5121.0,45.0,125.684,2621710277.0
527.598,0.0,90198.0,5121.0,45.0,125.672,2621722840.0
527.698,0.0,90198.0,5121.0,45.0,125.663,2621735378.0
527.798,0.0,90198.0,5121.0,45.0,125.675,2621747946.0
527.898,0.0,90198.0,5121.0,45.0,125.655,2621760495.0
527.998,0.0,90198.0,5121.0,45.0,125.678,2621773082.0
528.098,0.0,90198.0,5121.0,45.0,125.684,2621785636.0
528.198,0.0,90198.0,5121.0,45.0,125.699,2621798195.0
528.298,0.0,90198.0,5121.0,45.0,125.656,2621810731.0
528.398,0.0,90198.0,5121.0,45.0,125.69,2621823306.0
528.498,0.0,90198.0,5121.0,45.0,125.652,2621835849.0
528.598,0.0,90198.0,5121.0,45.0,125.628,2621848404.0
528.698,0.0,90198.0,5121.0,45.0,125.631,2621860944.0
528.798,0.0,90198.0,5121.0,45.0,125.619,2621873498.0
528.898,0.0,90198.0,5121.0,45.0,125.619,2621886044.0
528.998,0.0,90198.0,5121.0,45.0,125.614,2621886044.0
529.098,0.0,90198.0,5121.0,45.0,125.592,2621898615.0
529.199,0.0,90198.0,5121.0,45.0,125.622,2621911176.0
529.298,0.0,90198.0,5121.0,45.0,125.636,2621936311.0
529.398,0.0,90198.0,5121.0,45.0,125.622,2621948864.0
529.498,0.0,90198.0,5121.0,45.0,125.646,2621961444.0
529.601,0.0,90198.0,5121.0,45.0,125.655,2621973981.0
529.698,0.0,90198.0,5121.0,45.0,125.666,2621986535.0
529.798,0.0,90198.0,5121.0,45.0,125.664,2621999083.0
529.899,0.0,90198.0,5121.0,45.0,125.682,2622011650.0
529.998,0.0,90198.0,5121.0,45.0,125.664,2622024205.0
530.098,0.0,90198.0,5121.0,45.0,125.679,2622036786.0
530.198,0.0,90198.0,5121.0,45.0,125.638,2622049323.0
530.298,0.0,90198.0,5121.0,45.0,125.629,2622061879.0
530.398,0.0,90198.0,5121.0,45.0,125.603,2622074406.0
530.498,0.0,90198.0,5121.0,45.0,125.599,2622086978.0
530.598,0.0,90198.0,5121.0,45.0,125.609,2622099539.0
530.698,0.0,90198.0,5121.0,45.0,125.614,2622112092.0
530.798,0.0,90198.0,5121.0,45.0,125.602,2622124633.0
530.898,0.0,90198.0,5121.0,45.0,125.611,2622137204.0
530.998,0.0,90198.0,5121.0,45.0,125.605,2622149753.0
531.098,0.0,90198.0,5121.0,45.0,125.62,2622162314.0
531.198,0.0,90198.0,5121.0,45.0,125.588,2622174865.0
531.298,0.0,90198.0,5121.0,45.0,125.637,2622187443.0
531.398,0.0,90198.0,5121.0,45.0,125.643,2622199982.0
531.498,0.0,90198.0,5121.0,45.0,125.629,2622212548.0
531.599,0.0,90198.0,5121.0,45.0,125.65,2622225090.0
531.698,0.0,90198.0,5121.0,45.0,125.65,2622237662.0
531.798,0.0,90198.0,5121.0,45.0,125.653,2622250204.0
531.898,0.0,90198.0,5121.0,45.0,125.653,2622262770.0
531.998,0.0,90198.0,5121.0,45.0,125.638,2622262770.0
532.098,0.0,90198.0,5121.0,45.0,125.633,2622275325.0
532.198,0.0,90198.0,5121.0,45.0,125.653,2622287879.0
532.298,0.0,90198.0,5121.0,45.0,125.638,2622312999.0
532.398,0.0,90198.0,5121.0,45.0,125.646,2622325566.0
532.497,0.0,90198.0,5121.0,45.0,125.661,2622338134.0
532.598,0.0,90198.0,5121.0,45.0,125.672,2622350686.0
532.698,0.0,90198.0,5121.0,45.0,125.654,2622363228.0
532.798,0.0,90198.0,5121.0,45.0,125.651,2622375769.0
532.898,0.0,90198.0,5121.0,45.0,125.625,2622388320.0
532.998,0.0,90198.0,5121.0,45.0,125.628,2622400870.0
533.099,0.0,90198.0,5121.0,45.0,125.611,2622413399.0
533.199,0.0,90198.0,5121.0,45.0,125.614,2622425967.0
533.298,0.0,90198.0,5121.0,45.0,125.594,2622438522.0
533.398,0.0,90198.0,5121.0,45.0,125.597,2622451084.0
533.498,0.0,90198.0,5121.0,45.0,125.609,2622463667.0
533.598,0.0,90198.0,5121.0,45.0,125.62,2622476239.0
533.698,0.0,90198.0,5121.0,45.0,125.598,2622488785.0
533.798,0.0,90198.0,5121.0,45.0,125.617,2622501339.0
533.898,0.0,90198.0,5121.0,45.0,125.586,2622513853.0
533.998,0.0,90198.0,5121.0,45.0,125.606,2622526410.0
534.098,0.0,90198.0,5121.0,45.0,125.598,2622538953.0
534.198,0.0,90198.0,5121.0,45.0,125.609,2622551519.0
534.298,0.0,90198.0,5121.0,45.0,125.592,2622564059.0
534.398,0.0,90198.0,5121.0,45.0,125.634,2622576640.0
534.498,0.0,90198.0,5121.0,45.0,125.576,2622589182.0
534.598,0.0,90198.0,5121.0,45.0,125.561,2622601723.0
534.698,0.0,90198.0,5121.0,45.0,125.561,2622614263.0
534.798,0.0,90198.0,5121.0,45.0,125.582,2622614263.0
534.898,0.0,90198.0,5121.0,45.0,125.6,2622626820.0
534.998,0.0,90198.0,5121.0,45.0,125.599,2622639368.0
535.098,0.0,90198.0,5121.0,45.0,125.596,2622664491.0
535.198,0.0,90198.0,5121.0,45.0,125.607,2622677050.0
535.298,0.0,90198.0,5121.0,45.0,125.607,2622689603.0
535.398,0.0,90198.0,5121.0,45.0,125.587,2622702168.0
535.498,0.0,90198.0,5121.0,45.0,125.607,2622714740.0
535.598,0.0,90198.0,5121.0,45.0,125.607,2622727303.0
535.698,0.0,90198.0,5121.0,45.0,125.656,2622739873.0
535.798,0.0,90198.0,5121.0,45.0,125.632,2622752423.0
535.898,0.0,90198.0,5121.0,45.0,125.633,2622764963.0
535.998,0.0,90198.0,5121.0,45.0,125.621,2622777492.0
536.098,0.0,90198.0,5121.0,45.0,125.621,2622790039.0
536.198,0.0,90198.0,5121.0,45.0,125.585,2622802574.0
536.298,0.0,90198.0,5121.0,45.0,125.599,2622815135.0
536.399,0.0,90198.0,5121.0,45.0,125.563,2622827679.0
536.498,0.0,90198.0,5121.0,45.0,125.593,2622840259.0
536.598,0.0,90198.0,5121.0,45.0,125.57,2622852788.0
536.698,0.0,90198.0,5121.0,45.0,125.565,2622865351.0
536.798,0.0,90198.0,5121.0,45.0,125.569,2622877904.0
536.898,0.0,90198.0,5121.0,45.0,125.615,2622890469.0
536.998,0.0,90198.0,5121.0,45.0,125.6,2622903007.0
537.098,0.0,90198.0,5121.0,45.0,125.623,2622915569.0
537.198,0.0,90198.0,5121.0,45.0,125.606,2622928102.0
537.298,0.0,90198.0,5121.0,45.0,125.614,2622940659.0
537.398,0.0,90198.0,5121.0,45.0,125.575,2622953196.0
537.498,0.0,90198.0,5121.0,45.0,125.568,2622965729.0
537.598,0.0,90198.0,5121.0,45.0,125.568,2622978270.0
537.698,0.0,90198.0,5121.0,45.0,125.572,2622978270.0
537.798,0.0,90198.0,5121.0,45.0,125.562,2622990841.0
537.898,0.0,90198.0,5121.0,45.0,125.553,2623003384.0
537.998,0.0,90198.0,5121.0,45.0,125.541,2623028485.0
538.098,0.0,90198.0,5121.0,45.0,125.532,2623041042.0
538.198,0.0,90198.0,5121.0,45.0,125.541,2623053566.0
538.298,0.0,90198.0,5121.0,45.0,125.551,2623066128.0
538.398,0.0,90198.0,5121.0,45.0,125.544,2623078684.0
538.498,0.0,90198.0,5121.0,45.0,125.552,2623091222.0
538.598,0.0,90198.0,5121.0,45.0,125.569,2623103793.0
538.699,0.0,90198.0,5121.0,45.0,125.568,2623116355.0
538.798,0.0,90198.0,5121.0,45.0,125.557,2623128886.0
538.898,0.0,90198.0,5121.0,45.0,125.53,2623141430.0
538.998,0.0,90198.0,5121.0,45.0,125.552,2623153987.0
539.098,0.0,90198.0,5121.0,45.0,125.546,2623166528.0
539.198,0.0,90198.0,5121.0,45.0,125.56,2623179077.0
539.298,0.0,90198.0,5121.0,45.0,125.52,2623191610.0
539.398,0.0,90198.0,5121.0,45.0,125.533,2623204148.0
539.498,0.0,90198.0,5121.0,45.0,125.518,2623216701.0
539.598,0.0,90198.0,5121.0,45.0,125.534,2623229258.0
539.698,0.0,90198.0,5121.0,45.0,125.48,2623241804.0
539.798,0.0,90198.0,5121.0,45.0,125.537,2623254385.0
539.898,0.0,90198.0,5121.0,45.0,125.554,2623266942.0
539.998,0.0,90198.0,5121.0,45.0,125.574,2623279504.0
540.098,0.0,90198.0,5121.0,45.0,125.556,2623292038.0
540.198,0.0,90198.0,5121.0,45.0,125.587,2623304616.0
540.298,0.0,90198.0,5121.0,45.0,125.61,2623317156.0
540.397,0.0,90198.0,5121.0,45.0,125.616,2623329693.0
540.498,0.0,90198.0,5121.0,45.0,125.622,2623342246.0
540.598,0.0,90198.0,5121.0,45.0,125.622,2623342246.0
540.698,0.0,90198.0,5121.0,45.0,125.613,2623354796.0
540.798,0.0,90198.0,5121.0,45.0,125.587,2623367336.0
540.907,0.0,90198.0,5121.0,45.0,125.596,2623392453.0
540.997,0.0,90198.0,5121.0,45.0,125.561,2623404990.0
541.098,0.0,90198.0,5121.0,45.0,125.552,2623417536.0
541.197,0.0,90198.0,5121.0,45.0,125.564,2623430090.0
541.298,0.0,90198.0,5121.0,45.0,125.577,2623442658.0
541.398,0.0,90198.0,5121.0,45.0,125.576,2623455213.0
541.498,0.0,90198.0,5121.0,45.0,125.6,2623467772.0
541.598,0.0,90198.0,5121.0,45.0,125.58,2623480305.0
541.698,0.0,90198.0,5121.0,45.0,125.603,2623492853.0
541.798,0.0,90198.0,5121.0,45.0,125.601,2623505403.0
541.898,0.0,90198.0,5121.0,45.0,125.603,2623517976.0
541.998,0.0,90198.0,5121.0,45.0,125.603,2623530494.0
542.098,0.0,90198.0,5121.0,45.0,125.629,2623543058.0
542.198,0.0,90198.0,5121.0,45.0,125.577,2623555575.0
542.297,0.0,90198.0,5121.0,45.0,125.594,2623568138.0
542.398,0.0,90198.0,5121.0,45.0,125.554,2623580674.0
542.498,0.0,90198.0,5121.0,45.0,125.555,2623593226.0
542.598,0.0,90198.0,5121.0,45.0,125.537,2623605751.0
542.698,0.0,90198.0,5121.0,45.0,125.545,2623618295.0
542.798,0.0,90198.0,5121.0,45.0,125.519,2623630837.0
542.898,0.0,90198.0,5121.0,45.0,125.522,2623643398.0
542.998,0.0,90198.0,5121.0,45.0,125.528,2623655942.0
543.098,0.0,90198.0,5121.0,45.0,125.583,2623668527.0
543.198,0.0,90198.0,5121.0,45.0,125.574,2623681056.0
543.298,0.0,90198.0,5121.0,45.0,125.56,2623693603.0
543.399,0.0,90198.0,5121.0,45.0,125.56,2623706137.0
543.498,0.0,90198.0,5121.0,45.0,125.566,2623706137.0
543.598,0.0,90198.0,5121.0,45.0,125.576,2623718692.0
543.697,0.0,90198.0,5121.0,45.0,125.605,2623731245.0
543.798,0.0,90198.0,5121.0,45.0,125.626,2623756370.0
543.898,0.0,90198.0,5121.0,45.0,125.608,2623768911.0
543.996,0.0,90198.0,5121.0,45.0,125.626,2623781484.0
544.098,0.0,90198.0,5121.0,45.0,125.557,2623794018.0
544.197,0.0,90198.0,5121.0,45.0,125.562,2623806558.0
544.298,0.0,90198.0,5121.0,45.0,125.543,2623819078.0
544.398,0.0,90198.0,5121.0,45.0,125.542,2623831618.0
544.498,0.0,90198.0,5121.0,45.0,125.514,2623844145.0
544.598,0.0,90198.0,5121.0,45.0,125.525,2623856690.0
544.698,0.0,90198.0,5121.0,45.0,125.468,2623869206.0
544.798,0.0,90198.0,5121.0,45.0,125.472,2623881772.0
544.897,0.0,90198.0,5121.0,45.0,125.443,2623894308.0
544.997,0.0,90198.0,5121.0,45.0,125.44,2623906851.0
545.098,0.0,90198.0,5121.0,45.0,125.446,2623919388.0
545.199,0.0,90198.0,5121.0,45.0,125.46,2623931918.0
545.298,0.0,90198.0,5121.0,45.0,125.477,2623944490.0
545.398,0.0,90198.0,5121.0,45.0,125.508,2623957037.0
545.497,0.0,90198.0,5121.0,45.0,125.466,2623969532.0
545.598,0.0,90198.0,5121.0,45.0,125.49,2623982093.0
545.698,0.0,90198.0,5121.0,45.0,125.501,2623994631.0
545.798,0.0,90198.0,5121.0,45.0,125.506,2624007190.0
545.898,0.0,90198.0,5121.0,45.0,125.506,2624019716.0
545.998,0.0,90198.0,5121.0,45.0,125.526,2624032266.0
546.098,0.0,90198.0,5121.0,45.0,125.539,2624044825.0
546.198,0.0,90198.0,5121.0,45.0,125.547,2624057363.0
546.298,0.0,90198.0,5121.0,45.0,125.547,2624069913.0
546.398,0.0,90198.0,5121.0,45.0,125.552,2624069913.0
546.498,0.0,90198.0,5121.0,45.0,125.598,2624082460.0
546.597,0.0,90198.0,5121.0,45.0,125.54,2624094999.0
546.698,0.0,90198.0,5121.0,45.0,125.534,2624120054.0
546.797,0.0,90198.0,5121.0,45.0,125.517,2624132576.0
546.898,0.0,90198.0,5121.0,45.0,125.517,2624145120.0
546.998,0.0,90198.0,5121.0,45.0,125.479,2624157637.0
547.098,0.0,90198.0,5121.0,45.0,125.453,2624170160.0
547.198,0.0,90198.0,5121.0,45.0,125.436,2624182701.0
547.298,0.0,90198.0,5121.0,45.0,125.448,2624195260.0
547.398,0.0,90198.0,5121.0,45.0,125.442,2624207809.0
547.498,0.0,90198.0,5121.0,45.0,125.466,2624220380.0
547.598,0.0,90198.0,5121.0,45.0,125.45,2624232878.0
547.698,0.0,90198.0,5121.0,45.0,125.49,2624245430.0
547.798,0.0,90198.0,5121.0,45.0,125.486,2624257972.0
547.898,0.0,90198.0,5121.0,45.0,125.498,2624270515.0
547.998,0.0,90198.0,5121.0,45.0,125.492,2624283039.0
548.098,0.0,90198.0,5121.0,45.0,125.512,2624295583.0
548.198,0.0,90198.0,5121.0,45.0,125.512,2624308120.0
548.298,0.0,90198.0,5121.0,45.0,125.48,2624320653.0
548.398,0.0,90198.0,5121.0,45.0,125.451,2624333170.0
548.498,0.0,90198.0,5121.0,45.0,125.433,2624345712.0
548.598,0.0,90198.0,5121.0,45.0,125.457,2624358284.0
548.697,0.0,90198.0,5121.0,45.0,125.463,2624370825.0
548.797,0.0,90198.0,5121.0,45.0,125.457,2624383347.0
548.898,0.0,90198.0,5121.0,45.0,125.48,2624395902.0
548.998,0.0,90198.0,5121.0,45.0,125.505,2624408447.0
549.098,0.0,90198.0,5121.0,45.0,125.488,2624420964.0
549.198,0.0,90198.0,5121.0,45.0,125.5,2624433526.0
549.298,0.0,90198.0,5121.0,45.0,125.5,2624446074.0
549.398,0.0,90198.0,5121.0,45.0,125.517,2624446074.0
549.498,0.0,90198.0,5121.0,45.0,125.537,2624458608.0
549.598,0.0,90198.0,5121.0,45.0,125.532,2624471162.0
549.698,0.0,90198.0,5121.0,45.0,125.515,2624496229.0
549.798,0.0,90198.0,5121.0,45.0,125.531,2624508785.0
549.898,0.0,90198.0,5121.0,45.0,125.5,2624521324.0
549.998,0.0,90198.0,5121.0,45.0,125.483,2624533878.0
550.098,0.0,90198.0,5121.0,45.0,125.471,2624546400.0
550.198,0.0,90198.0,5121.0,45.0,125.448,2624558930.0
550.298,0.0,90198.0,5121.0,45.0,125.419,2624571457.0
550.398,0.0,90198.0,5121.0,45.0,125.425,2624584004.0
550.498,0.0,90198.0,5121.0,45.0,125.407,2624596537.0
550.598,0.0,90198.0,5121.0,45.0,125.396,2624609066.0
550.697,0.0,90198.0,5121.0,45.0,125.412,2624621619.0
550.798,0.0,90198.0,5121.0,45.0,125.399,2624634167.0
550.898,0.0,90198.0,5121.0,45.0,125.404,2624646703.0
550.998,0.0,90198.0,5121.0,45.0,125.429,2624659254.0
551.098,0.0,90198.0,5121.0,45.0,125.437,2624671782.0
551.197,0.0,90198.0,5121.0,45.0,125.432,2624684303.0
551.298,0.0,90198.0,5121.0,45.0,125.438,2624696842.0
551.397,0.0,90198.0,5121.0,45.0,125.426,2624709376.0
551.498,0.0,90198.0,5121.0,45.0,125.444,2624721926.0
551.598,0.0,90198.0,5121.0,45.0,125.446,2624734442.0
551.698,0.0,90198.0,5121.0,45.0,125.435,2624746989.0
551.798,0.0,90198.0,5121.0,45.0,125.429,2624759518.0
551.898,0.0,90198.0,5121.0,45.0,125.447,2624772069.0
551.998,0.0,90198.0,5121.0,45.0,125.435,2624784615.0
552.098,0.0,90198.0,5121.0,45.0,125.435,2624797175.0
552.198,0.0,90198.0,5121.0,45.0,125.452,2624797175.0
552.298,0.0,90198.0,5121.0,45.0,125.45,2624809693.0
552.398,0.0,90198.0,5121.0,45.0,125.47,2624822239.0
552.498,0.0,90198.0,5121.0,45.0,125.49,2624847346.0
552.598,0.0,90198.0,5121.0,45.0,125.507,2624859891.0
552.698,0.0,90198.0,5121.0,45.0,125.504,2624872425.0
552.798,0.0,90198.0,5121.0,45.0,125.501,2624884957.0
552.898,0.0,90198.0,5121.0,45.0,125.461,2624897484.0
552.998,0.0,90198.0,5121.0,45.0,125.449,2624910028.0
553.098,0.0,90198.0,5121.0,45.0,125.437,2624922562.0
553.197,0.0,90198.0,5121.0,45.0,125.444,2624935087.0
553.298,0.0,90198.0,5121.0,45.0,125.438,2624947642.0
553.398,0.0,90198.0,5121.0,45.0,125.447,2624960184.0
553.498,0.0,90198.0,5121.0,45.0,125.418,2624972714.0
553.598,0.0,90198.0,5121.0,45.0,125.43,2624985272.0
553.698,0.0,90198.0,5121.0,45.0,125.417,2624997808.0
553.798,0.0,90198.0,5121.0,45.0,125.448,2625010365.0
553.897,0.0,90198.0,5121.0,45.0,125.448,2625022898.0
553.998,0.0,90198.0,5121.0,45.0,125.46,2625035429.0
554.098,0.0,90198.0,5121.0,45.0,125.443,2625047952.0
554.198,0.0,90198.0,5121.0,45.0,125.477,2625060512.0
554.297,0.0,90198.0,5121.0,45.0,125.443,2625073042.0
554.397,0.0,90198.0,5121.0,45.0,125.445,2625085568.0
554.498,0.0,90198.0,5121.0,45.0,125.433,2625098085.0
554.598,0.0,90198.0,5121.0,45.0,125.434,2625110631.0
554.698,0.0,90198.0,5121.0,45.0,125.42,2625123155.0
554.798,0.0,90198.0,5121.0,45.0,125.407,2625135702.0
554.896,0.0,90198.0,5121.0,45.0,125.4,2625148235.0
554.998,0.0,90198.0,5121.0,45.0,125.434,2625160793.0
555.097,0.0,90198.0,5121.0,45.0,125.434,2625173339.0
555.198,0.0,90198.0,5121.0,45.0,125.446,2625173339.0
555.298,0.0,90198.0,5121.0,45.0,125.413,2625185864.0
555.398,0.0,90198.0,5121.0,45.0,125.434,2625198391.0
555.498,0.0,90198.0,5121.0,45.0,125.428,2625223463.0
555.598,0.0,90198.0,5121.0,45.0,125.428,2625236007.0
555.698,0.0,90198.0,5121.0,45.0,125.459,2625248559.0
555.798,0.0,90198.0,5121.0,45.0,125.453,2625261094.0
555.898,0.0,90198.0,5121.0,45.0,125.421,2625273595.0
555.998,0.0,90198.0,5121.0,45.0,125.389,2625286127.0
556.098,0.0,90198.0,5121.0,45.0,125.389,2625298661.0
556.198,0.0,90198.0,5121.0,45.0,125.397,2625311196.0
556.297,0.0,90198.0,5121.0,45.0,125.401,2625323731.0
556.398,0.0,90198.0,5121.0,45.0,125.377,2625336255.0
556.498,0.0,90198.0,5121.0,45.0,125.399,2625348795.0
556.598,0.0,90198.0,5121.0,45.0,125.393,2625361339.0
556.698,0.0,90198.0,5121.0,45.0,125.405,2625373890.0
556.798,4.0,90198.0,5121.0,48.0,157.073,2625416269.0
556.897,4.0,90198.0,5121.0,53.0,209.628,2625479871.0
556.997,88.0,90198.0,5121.0,56.0,251.316,2625536559.0
557.097,88.0,90198.0,5121.0,56.0,302.51,2625600029.0
557.198,92.0,90198.0,5121.0,58.0,351.188,2625661021.0
557.298,92.0,90198.0,5121.0,58.0,402.756,2625725877.0
557.402,89.0,90198.0,5121.0,59.0,450.344,2625725877.0
557.497,89.0,90198.0,5121.0,59.0,509.636,2625786592.0
557.598,89.0,90198.0,5121.0,60.0,554.405,2625851135.0
557.697,89.0,90198.0,5121.0,60.0,607.154,2625972750.0
557.798,84.0,90198.0,5121.0,61.0,618.499,2626029881.0
557.898,84.0,90198.0,5121.0,56.0,578.742,2626060009.0
557.998,66.0,90198.0,5121.0,55.0,557.133,2626088224.0
558.097,66.0,90198.0,5121.0,54.0,519.695,2626116047.0
558.198,66.0,90198.0,5121.0,54.0,484.847,2626143809.0
558.298,66.0,90198.0,5121.0,53.0,449.424,2626169574.0
558.398,65.0,90198.0,5121.0,53.0,413.425,2626198549.0
558.498,65.0,90198.0,5121.0,53.0,376.441,2626226616.0
558.598,66.0,90198.0,5121.0,52.0,351.679,2626255102.0
558.697,66.0,90198.0,5121.0,52.0,308.952,2626281032.0
558.798,66.0,90198.0,5121.0,52.0,280.237,2626306998.0
558.898,66.0,90198.0,5121.0,52.0,276.393,2626334604.0
558.998,66.0,90198.0,5121.0,52.0,274.338,2626361469.0
559.098,66.0,90198.0,5121.0,52.0,271.906,2626388266.0
559.198,66.0,90198.0,5121.0,52.0,272.328,2626416042.0
559.297,66.0,90198.0,5121.0,52.0,276.559,2626445262.0
559.397,67.0,90198.0,5121.0,52.0,274.538,2626472794.0
559.497,67.0,90198.0,5121.0,52.0,273.254,2626501354.0
559.597,65.0,90198.0,5121.0,51.0,272.111,2626528124.0
559.697,65.0,90198.0,5121.0,51.0,272.638,2626554297.0
559.797,65.0,90198.0,5121.0,51.0,274.856,2626582764.0
559.898,65.0,90198.0,5121.0,51.0,275.351,2626611281.0
559.998,66.0,90198.0,5121.0,51.0,274.277,2626636306.0
560.097,66.0,90198.0,5121.0,51.0,274.277,2626663701.0
560.197,66.0,90198.0,5121.0,51.0,275.374,2626663701.0
560.297,66.0,90198.0,5121.0,51.0,273.981,2626691314.0
560.398,66.0,90198.0,5121.0,51.0,272.896,2626747732.0
560.498,66.0,90198.0,5121.0,51.0,274.237,2626775305.0
560.597,65.0,90198.0,5121.0,51.0,275.989,2626804193.0
560.698,65.0,90198.0,5121.0,51.0,278.299,2626833718.0
560.798,66.0,90198.0,5121.0,51.0,275.975,2626859178.0
560.898,66.0,90198.0,5121.0,51.0,272.756,2626885521.0
560.998,66.0,90198.0,5121.0,51.0,277.28,2626914906.0
561.097,66.0,90198.0,5121.0,51.0,277.983,2626942776.0
561.197,66.0,90198.0,5121.0,51.0,277.168,2626968648.0
561.297,66.0,90198.0,5121.0,51.0,278.005,2626995906.0
561.397,66.0,90198.0,5121.0,51.0,276.55,2627023336.0
561.497,66.0,90198.0,5121.0,51.0,277.154,2627051183.0
561.597,66.0,90198.0,5121.0,51.0,273.062,2627077274.0
561.698,66.0,90198.0,5121.0,51.0,270.254,2627103636.0
561.798,66.0,90198.0,5121.0,51.0,270.377,2627129716.0
561.897,66.0,90198.0,5121.0,51.0,270.649,2627155335.0
561.997,62.0,90198.0,5121.0,51.0,267.325,2627181747.0
562.098,62.0,90198.0,5121.0,50.0,265.487,2627208792.0
562.197,62.0,90198.0,5121.0,50.0,263.641,2627232770.0
562.297,62.0,90198.0,5121.0,50.0,258.259,2627256124.0
562.398,62.0,90198.0,5121.0,50.0,255.793,2627281223.0
562.498,62.0,90198.0,5121.0,50.0,252.948,2627306043.0
562.598,62.0,90198.0,5121.0,50.0,252.168,2627331001.0
562.697,62.0,90198.0,5121.0,50.0,249.304,2627331001.0
562.798,62.0,90198.0,5121.0,50.0,246.416,2627354025.0
562.897,62.0,90198.0,5121.0,50.0,244.819,2627401008.0
562.998,60.0,90198.0,5121.0,50.0,242.317,2627426181.0
563.098,60.0,90198.0,5121.0,50.0,236.366,2627447023.0
563.198,59.0,90198.0,5121.0,49.0,235.066,2627470111.0
563.297,59.0,90198.0,5121.0,49.0,234.514,2627492364.0
563.398,58.0,90198.0,5121.0,49.0,230.53,2627513206.0
563.498,58.0,90198.0,5121.0,49.0,225.575,2627534455.0
563.597,58.0,90198.0,5121.0,49.0,221.496,2627554716.0
563.698,58.0,90198.0,5121.0,49.0,220.478,2627577133.0
563.798,58.0,90198.0,5121.0,49.0,217.957,2627598305.0
563.897,58.0,90198.0,5121.0,49.0,214.368,2627619101.0
563.998,58.0,90198.0,5121.0,49.0,211.207,2627640218.0
564.098,58.0,90198.0,5121.0,49.0,210.933,2627660676.0
564.197,58.0,90198.0,5121.0,49.0,207.38,2627680079.0
564.298,58.0,90198.0,5121.0,48.0,204.913,2627700476.0
564.398,58.0,90198.0,5121.0,48.0,204.297,2627720492.0
564.499,58.0,90198.0,5121.0,48.0,204.956,2627741079.0
564.598,56.0,90198.0,5121.0,48.0,205.049,2627760849.0
564.697,56.0,90198.0,5121.0,48.0,202.719,2627781125.0
564.799,56.0,90198.0,5121.0,48.0,201.293,2627800523.0
564.898,56.0,90198.0,5121.0,48.0,201.464,2627820741.0
564.998,55.0,90198.0,5121.0,48.0,199.926,2627840446.0
565.098,55.0,90198.0,5121.0,48.0,199.926,2627860152.0
565.198,55.0,90198.0,5121.0,48.0,198.819,2627860152.0
565.298,55.0,90198.0,5121.0,48.0,199.515,2627879651.0
565.398,55.0,90198.0,5121.0,48.0,198.641,2627917534.0
565.497,55.0,90198.0,5121.0,48.0,197.626,2627936007.0
565.597,55.0,90198.0,5121.0,48.0,195.438,2627955482.0
565.697,55.0,90198.0,5121.0,48.0,195.877,2627973588.0
565.799,56.0,90198.0,5121.0,48.0,194.565,2627992995.0
565.897,56.0,90198.0,5121.0,48.0,191.939,2628011643.0
565.997,56.0,90198.0,5121.0,48.0,188.433,2628028622.0
566.097,56.0,90198.0,5121.0,48.0,186.832,2628045071.0
566.197,56.0,90198.0,5121.0,48.0,187.351,2628065235.0
566.298,56.0,90198.0,5121.0,48.0,187.332,2628085498.0
566.398,56.0,90198.0,5121.0,48.0,185.258,2628102806.0
566.498,56.0,90198.0,5121.0,47.0,184.373,2628120088.0
566.598,54.0,90198.0,5121.0,48.0,181.62,2628138222.0
566.697,54.0,90198.0,5121.0,47.0,180.165,2628155587.0
566.797,54.0,90198.0,5121.0,47.0,178.885,2628172856.0
566.897,54.0,90198.0,5121.0,47.0,179.25,2628191922.0
566.998,52.0,90198.0,5121.0,47.0,182.36,2628210568.0
567.098,52.0,90198.0,5121.0,47.0,181.357,2628228207.0
567.198,0.0,90198.0,5121.0,47.0,173.126,2628240959.0
567.298,0.0,90198.0,5121.0,46.0,166.191,2628253542.0
567.398,0.0,90198.0,5121.0,46.0,162.311,2628266181.0
567.498,0.0,90198.0,5121.0,46.0,162.311,2628266181.0
567.598,0.0,90198.0,5121.0,46.0,156.883,2628278853.0
567.698,0.0,90198.0,5121.0,46.0,152.238,2628291495.0
567.798,0.0,90198.0,5121.0,46.0,147.728,2628316768.0
567.898,0.0,90198.0,5121.0,46.0,143.302,2628329392.0
567.998,0.0,90198.0,5121.0,46.0,137.039,2628342009.0
568.098,0.0,90198.0,5121.0,46.0,131.118,2628354629.0
568.198,0.0,90198.0,5121.0,46.0,177.87,2628393348.0
568.311,80.0,90198.0,5121.0,54.0,228.596,2628457749.0
568.397,88.0,90198.0,5121.0,56.0,270.719,2628516286.0
568.499,88.0,90198.0,5121.0,57.0,324.072,2628580581.0
568.597,89.0,90198.0,5121.0,58.0,370.734,2628639434.0
568.698,89.0,90198.0,5121.0,59.0,422.299,2628703030.0
568.798,89.0,90198.0,5121.0,59.0,467.394,2628763067.0
568.897,89.0,90198.0,5121.0,60.0,520.017,2628826206.0
568.997,92.0,90198.0,5121.0,61.0,553.055,2628887563.0
569.098,92.0,90198.0,5121.0,56.0,559.225,2628917042.0
569.198,65.0,90198.0,5121.0,55.0,532.546,2628942260.0
569.298,65.0,90198.0,5121.0,54.0,489.849,2628968990.0
569.398,65.0,90198.0,5121.0,54.0,489.849,2628995170.0
569.497,65.0,90198.0,5121.0,53.0,464.093,2628995170.0
569.598,65.0,90198.0,5121.0,53.0,424.203,2629021308.0
569.698,65.0,90198.0,5121.0,52.0,395.135,2629074241.0
569.798,65.0,90198.0,5121.0,52.0,357.159,2629100216.0
569.898,66.0,90198.0,5121.0,52.0,320.362,2629126795.0
569.997,66.0,90198.0,5121.0,52.0,288.759,2629153425.0
570.098,65.0,90198.0,5121.0,52.0,262.657,2629179022.0
570.198,65.0,90198.0,5121.0,51.0,261.902,2629204925.0
570.298,65.0,90198.0,5121.0,51.0,262.794,2629230419.0
570.398,65.0,90198.0,5121.0,51.0,260.789,2629256513.0
570.498,66.0,90198.0,5121.0,51.0,261.126,2629283057.0
570.598,66.0,90198.0,5121.0,51.0,261.517,2629309142.0
570.697,66.0,90198.0,5121.0,51.0,260.716,2629335665.0
570.798,66.0,90198.0,5121.0,51.0,261.671,2629361598.0
570.897,66.0,90198.0,5121.0,51.0,261.395,2629387707.0
570.997,65.0,90198.0,5121.0,51.0,261.728,2629414735.0
571.098,65.0,90198.0,5121.0,51.0,261.926,2629441599.0
571.196,65.0,90198.0,5121.0,51.0,260.016,2629466603.0
571.297,65.0,90198.0,5121.0,51.0,260.283,2629490924.0
571.397,65.0,90198.0,5121.0,51.0,260.3,2629517660.0
571.497,65.0,90198.0,5121.0,51.0,260.336,2629542751.0
571.599,64.0,90198.0,5121.0,51.0,258.959,2629567305.0
571.697,64.0,90198.0,5121.0,51.0,258.076,2629593058.0
571.798,65.0,90198.0,5121.0,51.0,257.671,2629618674.0
571.897,65.0,90198.0,5121.0,51.0,258.243,2629644837.0
571.997,65.0,90198.0,5121.0,51.0,258.243,2629670383.0
572.097,64.0,90198.0,5121.0,51.0,256.259,2629670383.0
572.198,64.0,90198.0,5121.0,51.0,254.428,2629696498.0
572.297,62.0,90198.0,5121.0,50.0,256.104,2629746574.0
572.397,62.0,90198.0,5121.0,50.0,255.853,2629771267.0
572.498,62.0,90198.0,5121.0,50.0,254.84,2629796421.0
572.597,62.0,90198.0,5121.0,50.0,255.133,2629823090.0
572.698,62.0,90198.0,5121.0,50.0,255.058,2629846244.0
572.798,62.0,90198.0,5121.0,50.0,254.244,2629869758.0
572.898,61.0,90198.0,5121.0,50.0,249.946,2629893382.0
572.997,61.0,90198.0,5121.0,50.0,246.461,2629917198.0
573.097,61.0,90198.0,5121.0,50.0,245.434,2629940823.0
573.197,61.0,90198.0,5121.0,50.0,243.366,2629965138.0
573.298,62.0,90198.0,5121.0,50.0,243.801,2629990383.0
573.398,61.0,90198.0,5121.0,50.0,244.31,2630016637.0
573.497,61.0,90198.0,5121.0,50.0,241.675,2630040984.0
573.598,62.0,90198.0,5121.0,50.0,239.644,2630063855.0
573.699,62.0,90198.0,5121.0,50.0,239.712,2630087566.0
573.798,61.0,90198.0,5121.0,50.0,241.777,2630110854.0
573.898,61.0,90198.0,5121.0,50.0,241.237,2630134289.0
573.997,60.0,90198.0,5121.0,50.0,241.395,2630157217.0
574.097,60.0,90198.0,5121.0,50.0,241.01,2630180702.0
574.197,60.0,90198.0,5121.0,50.0,240.05,2630203879.0
574.298,60.0,90198.0,5121.0,49.0,235.538,2630225897.0
574.398,56.0,90198.0,5121.0,49.0,230.37,2630247519.0
574.498,56.0,90198.0,5121.0,49.0,230.418,2630269989.0
574.598,58.0,90198.0,5121.0,49.0,227.685,2630292076.0
574.698,58.0,90198.0,5121.0,49.0,227.685,2630312829.0
574.797,58.0,90198.0,5121.0,49.0,225.513,2630312829.0
574.898,58.0,90198.0,5121.0,49.0,224.537,2630356997.0
574.998,58.0,90198.0,5121.0,49.0,222.154,2630377580.0
575.098,58.0,90198.0,5121.0,49.0,218.259,2630398183.0
575.198,58.0,90198.0,5121.0,49.0,217.166,2630419027.0
575.298,58.0,90198.0,5121.0,49.0,214.196,2630439459.0
575.397,58.0,90198.0,5121.0,49.0,214.168,2630460994.0
575.497,57.0,90198.0,5121.0,49.0,214.171,2630480625.0
575.598,57.0,90198.0,5121.0,48.0,210.397,2630499758.0
575.698,56.0,90198.0,5121.0,48.0,208.013,2630518712.0
575.798,56.0,90198.0,5121.0,48.0,206.797,2630539453.0
575.898,56.0,90198.0,5121.0,48.0,203.231,2630559484.0
575.997,56.0,90198.0,5121.0,48.0,202.409,2630579529.0
576.098,56.0,90198.0,5121.0,48.0,201.809,2630597985.0
576.196,56.0,90198.0,5121.0,48.0,200.184,2630618110.0
576.298,55.0,90198.0,5121.0,48.0,198.998,2630636836.0
576.398,55.0,90198.0,5121.0,48.0,196.717,2630654978.0
576.498,56.0,90198.0,5121.0,48.0,194.317,2630674653.0
576.598,56.0,90198.0,5121.0,48.0,194.004,2630693235.0
576.698,55.0,90198.0,5121.0,48.0,193.845,2630712006.0
576.798,55.0,90198.0,5121.0,48.0,191.769,2630731785.0
576.898,55.0,90198.0,5121.0,48.0,191.474,2630750058.0
576.998,55.0,90198.0,5121.0,48.0,190.945,2630770375.0
577.097,55.0,90198.0,5121.0,48.0,190.96,2630789577.0
577.197,55.0,90198.0,5121.0,48.0,191.541,2630789577.0
577.298,56.0,90198.0,5121.0,48.0,189.751,2630808651.0
577.397,56.0,90198.0,5121.0,48.0,190.842,2630847064.0
577.497,55.0,90198.0,5121.0,48.0,190.165,2630865213.0
577.597,55.0,90198.0,5121.0,47.0,191.284,2630884095.0
577.698,53.0,90198.0,5121.0,47.0,190.496,2630901207.0
577.798,53.0,90198.0,5121.0,47.0,189.253,2630919767.0
577.897,53.0,90198.0,5121.0,47.0,187.798,2630936126.0
577.998,53.0,90198.0,5121.0,47.0,184.613,2630952624.0
578.098,52.0,90198.0,5121.0,47.0,181.986,2630969542.0
578.197,52.0,90198.0,5121.0,47.0,178.708,2630986870.0
578.298,52.0,90198.0,5121.0,47.0,179.248,2631003559.0
578.396,52.0,90198.0,5121.0,47.0,174.604,2631016304.0
578.498,0.0,90198.0,5121.0,46.0,168.401,2631029010.0
578.597,0.0,90198.0,5121.0,46.0,160.762,2631041664.0
578.697,0.0,90198.0,5121.0,49.0,160.993,2631080961.0
578.798,0.0,90198.0,5121.0,54.0,208.12,2631144388.0
578.898,100.0,90198.0,5121.0,56.0,245.724,2631203135.0
578.998,100.0,90198.0,5121.0,57.0,294.004,2631266711.0
579.098,100.0,90198.0,5121.0,58.0,343.016,2631326587.0
579.198,100.0,90198.0,5121.0,59.0,375.464,2631390712.0
579.298,100.0,90198.0,5121.0,60.0,417.679,2631449199.0
579.397,100.0,90198.0,5121.0,60.0,468.175,2631512436.0
579.498,100.0,90198.0,5121.0,61.0,526.658,2631575134.0
579.598,100.0,90198.0,5121.0,61.0,575.112,2631637875.0
579.698,100.0,90198.0,5121.0,61.0,618.092,2631637875.0
579.798,100.0,90198.0,5121.0,59.0,613.09,2631699794.0
579.898,71.0,90198.0,5121.0,56.0,577.157,2631765904.0
579.998,71.0,90198.0,5121.0,55.0,542.598,2631791456.0
580.097,66.0,90198.0,5121.0,54.0,506.884,2631818350.0
580.197,66.0,90198.0,5121.0,54.0,476.446,2631845073.0
580.297,65.0,90198.0,5121.0,53.0,434.196,2631869217.0
580.398,65.0,90198.0,5121.0,53.0,407.201,2631894252.0
580.498,66.0,90198.0,5121.0,53.0,368.115,2631920482.0
580.598,66.0,90198.0,5121.0,53.0,335.177,2631949219.0
580.698,66.0,90198.0,5121.0,53.0,300.491,2631977765.0
580.798,66.0,90198.0,5121.0,52.0,265.337,2632005207.0
580.898,66.0,90198.0,5121.0,52.0,263.259,2632030800.0
580.997,66.0,90198.0,5121.0,52.0,266.352,2632059862.0
581.097,65.0,90198.0,5121.0,52.0,269.394,2632088551.0
581.198,65.0,90198.0,5121.0,52.0,270.65,2632115376.0
581.297,66.0,90198.0,5121.0,52.0,270.581,2632140166.0
581.397,66.0,90198.0,5121.0,52.0,273.726,2632169087.0
581.497,66.0,90198.0,5121.0,52.0,277.532,2632197603.0
581.598,66.0,90198.0,5121.0,52.0,274.724,2632223358.0
581.698,66.0,90198.0,5121.0,52.0,270.402,2632248940.0
581.797,66.0,90198.0,5121.0,52.0,270.848,2632275370.0
581.898,64.0,90198.0,5121.0,52.0,269.701,2632301745.0
581.998,64.0,90198.0,5121.0,51.0,268.782,2632329098.0
582.098,66.0,90198.0,5121.0,51.0,267.145,2632356298.0
582.197,66.0,90198.0,5121.0,51.0,264.873,2632356298.0
582.297,66.0,90198.0,5121.0,51.0,267.612,2632381541.0
582.397,66.0,90198.0,5121.0,51.0,266.073,2632436789.0
582.498,66.0,90198.0,5121.0,51.0,262.559,2632461885.0
582.598,66.0,90198.0,5121.0,51.0,263.701,2632489118.0
582.697,65.0,90198.0,5121.0,51.0,263.985,2632514887.0
582.798,65.0,90198.0,5121.0,51.0,262.256,2632540043.0
582.897,66.0,90198.0,5121.0,51.0,263.822,2632568027.0
582.997,66.0,90198.0,5121.0,51.0,266.198,2632596765.0
583.097,66.0,90198.0,5121.0,51.0,267.152,2632624458.0
583.198,66.0,90198.0,5121.0,51.0,269.254,2632652034.0
583.297,66.0,90198.0,5121.0,51.0,267.429,2632677942.0
583.397,66.0,90198.0,5121.0,51.0,268.121,2632705443.0
583.498,65.0,90198.0,5121.0,51.0,269.533,2632732131.0
583.597,65.0,90198.0,5121.0,51.0,269.417,2632758620.0
583.697,66.0,90198.0,5121.0,51.0,270.631,2632786346.0
583.797,66.0,90198.0,5121.0,51.0,273.759,2632813217.0
583.898,66.0,90198.0,5121.0,51.0,269.985,2632838616.0
583.998,62.0,90198.0,5121.0,51.0,268.107,2632864349.0
584.098,62.0,90198.0,5121.0,51.0,264.376,2632891110.0
584.198,62.0,90198.0,5121.0,51.0,260.877,2632914739.0
584.298,62.0,90198.0,5121.0,50.0,259.751,2632939635.0
584.398,62.0,90198.0,5121.0,50.0,255.59,2632963413.0
584.498,62.0,90198.0,5121.0,50.0,254.648,2632988216.0
584.597,61.0,90198.0,5121.0,50.0,250.844,2633011317.0
584.698,61.0,90198.0,5121.0,50.0,246.487,2633036234.0
584.797,61.0,90198.0,5121.0,50.0,246.487,2633060111.0
584.897,62.0,90198.0,5121.0,50.0,246.73,2633060111.0
584.997,62.0,90198.0,5121.0,50.0,245.134,2633084450.0
585.098,62.0,90198.0,5121.0,50.0,241.501,2633132118.0
585.197,62.0,90198.0,5121.0,50.0,240.282,2633154193.0
585.302,59.0,90198.0,5121.0,50.0,239.179,2633176686.0
585.397,59.0,90198.0,5121.0,50.0,237.26,2633199610.0
585.498,57.0,90198.0,5121.0,49.0,236.592,2633223390.0
585.598,57.0,90198.0,5121.0,49.0,234.166,2633245232.0
585.698,58.0,90198.0,5121.0,49.0,231.899,2633266948.0
585.797,58.0,90198.0,5121.0,49.0,229.942,2633288346.0
585.897,58.0,90198.0,5121.0,49.0,226.551,2633309793.0
585.998,58.0,90198.0,5121.0,49.0,224.083,2633331939.0
586.098,58.0,90198.0,5121.0,49.0,221.703,2633352005.0
586.197,58.0,90198.0,5121.0,49.0,218.327,2633372961.0
586.297,58.0,90198.0,5121.0,49.0,217.675,2633394437.0
586.398,58.0,90198.0,5121.0,49.0,216.264,2633415634.0
586.498,58.0,90198.0,5121.0,49.0,213.141,2633435938.0
586.597,58.0,90198.0,5121.0,49.0,212.05,2633456577.0
586.697,58.0,90198.0,5121.0,49.0,209.44,2633475640.0
586.798,58.0,90198.0,5121.0,48.0,207.248,2633495700.0
586.898,55.0,90198.0,5121.0,48.0,205.22,2633514628.0
586.998,55.0,90198.0,5121.0,48.0,202.536,2633533746.0
587.098,56.0,90198.0,5121.0,48.0,201.236,2633553568.0
587.198,56.0,90198.0,5121.0,48.0,202.002,2633573160.0
587.298,55.0,90198.0,5121.0,48.0,199.277,2633592878.0
587.398,55.0,90198.0,5121.0,48.0,197.758,2633612282.0
587.498,55.0,90198.0,5121.0,48.0,195.502,2633612282.0
587.598,55.0,90198.0,5121.0,48.0,195.573,2633630952.0
587.698,55.0,90198.0,5121.0,48.0,194.176,2633669098.0
587.797,55.0,90198.0,5121.0,48.0,191.303,2633686980.0
587.898,55.0,90198.0,5121.0,48.0,190.981,2633704059.0
587.999,55.0,90198.0,5121.0,48.0,189.971,2633723609.0
588.098,55.0,90198.0,5121.0,48.0,189.321,2633741282.0
588.198,55.0,90198.0,5121.0,48.0,186.733,2633759983.0
588.298,55.0,90198.0,5121.0,48.0,186.186,2633779640.0
588.398,55.0,90198.0,5121.0,48.0,184.59,2633797908.0
588.498,55.0,90198.0,5121.0,48.0,186.244,2633817456.0
588.598,55.0,90198.0,5121.0,48.0,183.632,2633834887.0
588.697,54.0,90198.0,5121.0,47.0,183.671,2633854374.0
588.798,54.0,90198.0,5121.0,47.0,184.647,2633870813.0
588.897,53.0,90198.0,5121.0,47.0,183.158,2633889035.0
588.996,53.0,90198.0,5121.0,47.0,183.211,2633906655.0
589.098,53.0,90198.0,5121.0,47.0,184.044,2633926806.0
589.198,53.0,90198.0,5121.0,47.0,180.597,2633939371.0
589.297,0.0,90198.0,5121.0,47.0,174.268,2633952083.0
589.397,0.0,90198.0,5121.0,46.0,169.237,2633968059.0
589.497,22.0,90198.0,5121.0,51.0,184.82,2634018833.0
589.598,22.0,90198.0,5121.0,55.0,230.906,2634082649.0
589.698,100.0,90198.0,5121.0,55.0,271.288,2634082649.0
589.798,100.0,90198.0,5121.0,58.0,316.462,2634141887.0
589.898,100.0,90198.0,5121.0,57.0,357.622,2634263722.0
589.998,100.0,90198.0,5121.0,60.0,398.124,2634327500.0
590.098,100.0,90198.0,5121.0,57.0,441.272,2634385196.0
590.197,100.0,90198.0,5121.0,60.0,490.835,2634448934.0
590.297,100.0,90198.0,5121.0,60.0,534.685,2634487704.0
590.398,100.0,90198.0,5121.0,53.0,535.331,2634500886.0
590.498,0.0,90198.0,5121.0,52.0,516.181,2634513802.0
590.598,0.0,90198.0,5121.0,56.0,487.754,2634570084.0
590.697,100.0,90198.0,5121.0,59.0,496.053,2634634267.0
590.798,100.0,90198.0,5121.0,57.0,486.18,2634674420.0
590.898,72.0,90198.0,5121.0,55.0,453.758,2634704856.0
590.997,72.0,90198.0,5121.0,54.0,425.283,2634734560.0
591.098,66.0,90198.0,5121.0,53.0,360.46,2634762879.0
591.198,66.0,90198.0,5121.0,53.0,324.3,2634789999.0
591.298,66.0,90198.0,5121.0,53.0,335.015,2634816334.0
591.398,66.0,90198.0,5121.0,52.0,353.996,2634845309.0
591.497,66.0,90198.0,5121.0,52.0,349.653,2634872568.0
591.598,66.0,90198.0,5121.0,52.0,306.685,2634901732.0
591.697,66.0,90198.0,5121.0,52.0,280.752,2634928546.0
591.797,66.0,90198.0,5121.0,52.0,280.752,2634954234.0
591.897,65.0,90198.0,5121.0,52.0,275.585,2634954234.0
591.997,65.0,90198.0,5121.0,52.0,269.994,2634980423.0
592.098,66.0,90198.0,5121.0,52.0,267.114,2635031985.0
592.198,66.0,90198.0,5121.0,52.0,265.095,2635057930.0
592.298,66.0,90198.0,5121.0,52.0,267.791,2635086620.0
592.398,66.0,90198.0,5121.0,52.0,265.903,2635112908.0
592.497,66.0,90198.0,5121.0,52.0,266.303,2635142482.0
592.597,66.0,90198.0,5121.0,52.0,265.833,2635168677.0
592.697,66.0,90198.0,5121.0,52.0,266.736,2635196963.0
592.798,66.0,90198.0,5121.0,52.0,266.79,2635222396.0
592.897,65.0,90198.0,5121.0,52.0,268.138,2635247432.0
592.997,65.0,90198.0,5121.0,51.0,268.388,2635274620.0
593.098,65.0,90198.0,5121.0,51.0,269.541,2635301012.0
593.197,65.0,90198.0,5121.0,51.0,272.074,2635328972.0
593.298,66.0,90198.0,5121.0,51.0,271.683,2635356270.0
593.398,66.0,90198.0,5121.0,51.0,272.622,2635383090.0
593.498,66.0,90198.0,5121.0,51.0,270.289,2635409824.0
593.598,66.0,90198.0,5121.0,51.0,270.542,2635438878.0
593.698,66.0,90198.0,5121.0,52.0,272.032,2635467013.0
593.798,66.0,90198.0,5121.0,51.0,271.142,2635492389.0
593.897,66.0,90198.0,5121.0,51.0,273.136,2635520106.0
593.998,66.0,90198.0,5121.0,51.0,272.341,2635547213.0
594.096,66.0,90198.0,5121.0,51.0,271.429,2635573569.0
594.198,66.0,90198.0,5121.0,51.0,274.966,2635601932.0
594.298,66.0,90198.0,5121.0,51.0,275.733,2635631664.0
594.397,66.0,90198.0,5121.0,51.0,275.733,2635660668.0
594.498,65.0,90198.0,5121.0,51.0,278.628,2635660668.0
594.597,65.0,90198.0,5121.0,51.0,275.701,2635687828.0
594.697,66.0,90198.0,5121.0,51.0,269.991,2635737278.0
594.797,66.0,90198.0,5121.0,51.0,268.652,2635761733.0
594.898,66.0,90198.0,5121.0,51.0,266.748,2635787197.0
594.998,66.0,90198.0,5121.0,51.0,265.362,2635812680.0
595.098,66.0,90198.0,5121.0,51.0,266.481,2635840108.0
595.198,66.0,90198.0,5121.0,51.0,265.488,2635865778.0
595.298,64.0,90198.0,5121.0,51.0,259.486,2635891651.0
595.397,64.0,90198.0,5121.0,51.0,256.742,2635916702.0
595.497,62.0,90198.0,5121.0,51.0,253.16,2635941358.0
595.598,62.0,90198.0,5121.0,51.0,253.616,2635967671.0
595.698,62.0,90198.0,5121.0,51.0,254.0,2635991361.0
595.798,62.0,90198.0,5121.0,50.0,253.746,2636015109.0
595.897,62.0,90198.0,5121.0,50.0,253.169,2636038407.0
595.998,62.0,90198.0,5121.0,50.0,252.387,2636063180.0
596.098,62.0,90198.0,5121.0,50.0,250.439,2636087366.0
596.197,62.0,90198.0,5121.0,50.0,246.677,2636111062.0
596.298,61.0,90198.0,5121.0,50.0,244.752,2636133854.0
596.397,61.0,90198.0,5121.0,50.0,242.987,2636157476.0
596.498,62.0,90198.0,5121.0,50.0,242.371,2636181170.0
596.598,62.0,90198.0,5121.0,50.0,240.79,2636204758.0
596.697,59.0,90198.0,5121.0,50.0,236.935,2636226107.0
596.797,59.0,90198.0,5121.0,49.0,234.937,2636226107.0
596.898,58.0,90198.0,5121.0,49.0,231.697,2636248374.0
596.996,58.0,90198.0,5121.0,49.0,228.082,2636289228.0
597.098,58.0,90198.0,5121.0,49.0,225.02,2636311544.0
597.197,58.0,90198.0,5121.0,49.0,221.126,2636330450.0
597.298,57.0,90198.0,5121.0,49.0,219.032,2636351376.0
597.398,57.0,90198.0,5121.0,49.0,215.942,2636372719.0
597.498,58.0,90198.0,5121.0,49.0,212.178,2636392894.0
597.598,58.0,90198.0,5121.0,49.0,206.677,2636412095.0
597.697,56.0,90198.0,5121.0,49.0,205.836,2636432019.0
597.797,56.0,90198.0,5121.0,49.0,204.118,2636451664.0
597.898,57.0,90198.0,5121.0,48.0,202.14,2636471734.0
597.998,57.0,90198.0,5121.0,48.0,201.777,2636491447.0
598.098,56.0,90198.0,5121.0,48.0,198.34,2636510176.0
598.198,56.0,90198.0,5121.0,48.0,198.543,2636530095.0
598.298,55.0,90198.0,5121.0,48.0,198.428,2636549042.0
598.397,55.0,90198.0,5121.0,48.0,194.546,2636567154.0
598.498,55.0,90198.0,5121.0,48.0,193.751,2636586086.0
598.597,55.0,90198.0,5121.0,48.0,193.916,2636605773.0
598.698,55.0,90198.0,5121.0,48.0,192.46,2636624173.0
598.798,55.0,90198.0,5121.0,48.0,193.272,2636644732.0
598.898,55.0,90198.0,5121.0,48.0,191.865,2636662245.0
598.998,56.0,90198.0,5121.0,48.0,190.588,2636682860.0
599.097,56.0,90198.0,5121.0,48.0,188.444,2636700040.0
599.198,56.0,90198.0,5121.0,48.0,187.152,2636717454.0
599.298,56.0,90198.0,5121.0,48.0,187.152,2636736402.0
599.398,56.0,90198.0,5121.0,48.0,188.789,2636736402.0
599.498,52.0,90198.0,5121.0,48.0,188.416,2636756369.0
599.598,52.0,90198.0,5121.0,48.0,186.538,2636791414.0
599.697,53.0,90198.0,5121.0,48.0,186.006,2636810365.0
599.798,53.0,90198.0,5121.0,47.0,184.938,2636829063.0
599.897,52.0,90198.0,5121.0,47.0,185.628,2636847311.0
599.998,52.0,90198.0,5121.0,47.0,188.655,2636871808.0
600.098,50.0,90198.0,5121.0,47.0,194.61,2636893408.0
600.198,50.0,90198.0,5121.0,47.0,189.51,2636906099.0
600.298,0.0,90198.0,5121.0,47.0,183.948,2636918798.0
600.398,0.0,90198.0,5121.0,46.0,178.016,2636934096.0
600.498,22.0,90198.0,5121.0,51.0,203.708,2636985013.0
600.598,22.0,90198.0,5121.0,55.0,251.438,2637048693.0
600.698,100.0,90198.0,5121.0,55.0,291.218,2637106440.0
600.797,100.0,90198.0,5121.0,58.0,333.288,2637170076.0
600.898,100.0,90198.0,5121.0,57.0,374.593,2637228036.0
600.998,100.0,90198.0,5121.0,59.0,417.378,2637292490.0
601.098,100.0,90198.0,5121.0,57.0,446.167,2637352014.0
601.197,100.0,90198.0,5121.0,60.0,495.534,2637416420.0
601.298,100.0,90198.0,5121.0,60.0,540.7,2637474367.0
601.398,100.0,90198.0,5121.0,61.0,590.021,2637538266.0
601.498,100.0,90198.0,5121.0,62.0,613.368,2637593620.0
601.596,100.0,90198.0,5121.0,57.0,582.659,2637593620.0
601.698,66.0,90198.0,5121.0,56.0,548.111,2637624501.0
601.798,66.0,90198.0,5121.0,55.0,512.342,2637678885.0
601.898,65.0,90198.0,5121.0,54.0,486.104,2637706027.0
601.998,65.0,90198.0,5121.0,54.0,449.582,2637733614.0
602.098,63.0,90198.0,5121.0,53.0,414.349,2637762319.0
602.196,63.0,90198.0,5121.0,53.0,381.104,2637792677.0
602.298,66.0,90198.0,5121.0,53.0,349.107,2637819068.0
602.398,66.0,90198.0,5121.0,53.0,314.814,2637846960.0
602.498,66.0,90198.0,5121.0,53.0,280.205,2637873432.0
602.598,66.0,90198.0,5121.0,52.0,274.148,2637899607.0
602.698,66.0,90198.0,5121.0,52.0,273.597,2637925549.0
602.796,66.0,90198.0,5121.0,52.0,270.635,2637950657.0
602.898,66.0,90198.0,5121.0,52.0,268.291,2637976477.0
602.996,66.0,90198.0,5121.0,52.0,266.363,2638002501.0
603.098,66.0,90198.0,5121.0,52.0,264.42,2638027988.0
603.197,66.0,90198.0,5121.0,52.0,261.912,2638055860.0
603.298,66.0,90198.0,5121.0,52.0,260.714,2638081179.0
603.398,66.0,90198.0,5121.0,52.0,260.471,2638110181.0
603.498,65.0,90198.0,5121.0,52.0,262.56,2638137468.0
603.598,65.0,90198.0,5121.0,52.0,263.771,2638165506.0
603.697,65.0,90198.0,5121.0,52.0,266.981,2638192706.0
603.798,65.0,90198.0,5121.0,52.0,267.51,2638218898.0
603.898,65.0,90198.0,5121.0,52.0,269.931,2638245089.0
603.998,65.0,90198.0,5121.0,52.0,269.931,2638272807.0
604.098,65.0,90198.0,5121.0,52.0,270.926,2638272807.0
604.198,65.0,90198.0,5121.0,52.0,273.444,2638300347.0
604.298,66.0,90198.0,5121.0,51.0,272.883,2638354292.0
604.398,66.0,90198.0,5121.0,52.0,270.696,2638381252.0
604.498,65.0,90198.0,5121.0,51.0,271.015,2638408581.0
604.596,65.0,90198.0,5121.0,51.0,272.221,2638435838.0
604.697,66.0,90198.0,5121.0,51.0,270.63,2638462185.0
604.797,66.0,90198.0,5121.0,51.0,270.657,2638489559.0
604.898,66.0,90198.0,5121.0,51.0,272.462,2638516778.0
604.997,66.0,90198.0,5121.0,51.0,272.246,2638542839.0
605.098,64.0,90198.0,5121.0,51.0,269.007,2638567303.0
605.198,64.0,90198.0,5121.0,51.0,268.954,2638595900.0
605.298,66.0,90198.0,5121.0,51.0,269.566,2638622934.0
605.398,66.0,90198.0,5121.0,51.0,268.634,2638647912.0
605.498,63.0,90198.0,5121.0,51.0,266.831,2638673672.0
605.598,63.0,90198.0,5121.0,51.0,265.078,2638699774.0
605.698,65.0,90198.0,5121.0,51.0,264.651,2638726742.0
605.798,65.0,90198.0,5121.0,51.0,262.654,2638751451.0
605.897,65.0,90198.0,5121.0,51.0,260.876,2638777386.0
605.997,65.0,90198.0,5121.0,51.0,261.1,2638804955.0
606.098,63.0,90198.0,5121.0,51.0,263.946,2638832081.0
606.198,63.0,90198.0,5121.0,51.0,261.755,2638857174.0
606.297,62.0,90198.0,5121.0,51.0,258.704,2638882350.0
606.398,62.0,90198.0,5121.0,51.0,257.448,2638906005.0
606.497,62.0,90198.0,5121.0,51.0,255.54,2638929913.0
606.598,62.0,90198.0,5121.0,51.0,253.493,2638929913.0
606.698,62.0,90198.0,5121.0,51.0,252.304,2638954635.0
606.797,62.0,90198.0,5121.0,50.0,252.285,2639003797.0
606.897,62.0,90198.0,5121.0,50.0,249.606,2639026750.0
606.998,62.0,90198.0,5121.0,50.0,246.903,2639051488.0
607.098,62.0,90198.0,5121.0,50.0,244.854,2639076928.0
607.198,62.0,90198.0,5121.0,50.0,242.416,2639100096.0
607.298,61.0,90198.0,5121.0,50.0,241.63,2639123715.0
607.397,61.0,90198.0,5121.0,50.0,241.555,2639147107.0
607.498,59.0,90198.0,5121.0,50.0,240.259,2639169119.0
607.598,59.0,90198.0,5121.0,50.0,237.811,2639191077.0
607.698,58.0,90198.0,5121.0,49.0,236.297,2639214817.0
607.798,58.0,90198.0,5121.0,49.0,233.68,2639236490.0
607.898,58.0,90198.0,5121.0,49.0,231.729,2639257467.0
607.998,58.0,90198.0,5121.0,49.0,227.515,2639277976.0
608.098,58.0,90198.0,5121.0,49.0,221.107,2639297474.0
608.198,58.0,90198.0,5121.0,49.0,218.084,2639317187.0
608.298,58.0,90198.0,5121.0,49.0,214.438,2639337038.0
608.398,58.0,90198.0,5121.0,49.0,211.344,2639357332.0
608.498,58.0,90198.0,5121.0,49.0,208.359,2639377550.0
608.598,58.0,90198.0,5121.0,49.0,205.991,2639396503.0
608.698,58.0,90198.0,5121.0,49.0,201.946,2639415822.0
608.798,58.0,90198.0,5121.0,49.0,198.973,2639435603.0
608.898,56.0,90198.0,5121.0,48.0,196.654,2639454785.0
608.998,56.0,90198.0,5121.0,48.0,195.859,2639473931.0
609.098,56.0,90198.0,5121.0,48.0,195.183,2639473931.0
609.198,56.0,90198.0,5121.0,48.0,196.425,2639493148.0
609.298,56.0,90198.0,5121.0,48.0,196.417,2639533177.0
609.398,56.0,90198.0,5121.0,48.0,195.427,2639551703.0
609.498,56.0,90198.0,5121.0,48.0,193.003,2639570237.0
609.598,56.0,90198.0,5121.0,48.0,193.65,2639590158.0
609.697,56.0,90198.0,5121.0,48.0,193.824,2639609573.0
609.798,56.0,90198.0,5121.0,48.0,194.254,2639629715.0
609.898,55.0,90198.0,5121.0,48.0,194.84,2639649325.0
609.997,55.0,90198.0,5121.0,48.0,193.896,2639666324.0
610.097,54.0,90198.0,5121.0,48.0,192.405,2639685070.0
610.198,54.0,90198.0,5121.0,48.0,192.739,2639705169.0
610.298,56.0,90198.0,5121.0,48.0,192.2,2639724081.0
610.398,56.0,90198.0,5121.0,48.0,192.361,2639743460.0
610.498,56.0,90198.0,5121.0,48.0,195.167,2639764561.0
610.598,56.0,90198.0,5121.0,48.0,195.136,2639784585.0
610.698,56.0,90198.0,5121.0,48.0,192.75,2639802590.0
610.797,56.0,90198.0,5121.0,48.0,193.119,2639823232.0
610.897,53.0,90198.0,5121.0,48.0,189.968,2639838874.0
610.998,53.0,90198.0,5121.0,47.0,184.611,2639851608.0
611.098,0.0,90198.0,5121.0,47.0,179.676,2639864351.0
611.198,0.0,90198.0,5121.0,47.0,172.916,2639881600.0
611.298,25.0,90198.0,5121.0,51.0,199.147,2639930844.0
611.398,25.0,90198.0,5121.0,55.0,242.072,2639993209.0
611.498,92.0,90198.0,5121.0,56.0,281.096,2640051053.0
611.598,92.0,90198.0,5121.0,58.0,324.198,2640051053.0
611.698,100.0,90198.0,5121.0,57.0,364.261,2640115710.0
611.798,100.0,90198.0,5121.0,60.0,403.749,2640236412.0
611.898,100.0,90198.0,5121.0,57.0,449.62,2640295044.0
611.998,100.0,90198.0,5121.0,61.0,500.907,2640359048.0
612.098,100.0,90198.0,5121.0,60.0,547.514,2640418250.0
612.198,100.0,90198.0,5121.0,61.0,599.395,2640483171.0
612.298,100.0,90198.0,5121.0,62.0,616.639,2640542538.0
612.398,100.0,90198.0,5121.0,58.0,589.912,2640575212.0
612.498,66.0,90198.0,5121.0,56.0,560.038,2640605108.0
612.598,66.0,90198.0,5121.0,55.0,527.817,2640635451.0
612.698,66.0,90198.0,5121.0,55.0,502.235,2640663634.0
612.798,66.0,90198.0,5121.0,54.0,461.156,2640690423.0
612.898,66.0,90198.0,5121.0,54.0,435.614,2640720051.0
612.998,66.0,90198.0,5121.0,54.0,401.476,2640748472.0
613.098,64.0,90198.0,5121.0,53.0,371.558,2640778513.0
613.198,64.0,90198.0,5121.0,53.0,335.139,2640804630.0
613.297,66.0,90198.0,5121.0,53.0,298.234,2640830554.0
613.398,66.0,90198.0,5121.0,53.0,282.869,2640858655.0
613.498,66.0,90198.0,5121.0,53.0,280.647,2640886528.0
613.597,66.0,90198.0,5121.0,53.0,276.185,2640911717.0
613.698,64.0,90198.0,5121.0,52.0,273.435,2640938407.0
613.798,64.0,90198.0,5121.0,52.0,275.235,2640938407.0
613.898,66.0,90198.0,5121.0,52.0,272.507,2640966897.0
613.998,66.0,90198.0,5121.0,52.0,270.236,2641020109.0
614.098,66.0,90198.0,5121.0,52.0,266.342,2641046829.0
614.196,66.0,90198.0,5121.0,52.0,266.368,2641073576.0
614.296,66.0,90198.0,5121.0,52.0,268.864,2641101831.0
614.398,66.0,90198.0,5121.0,52.0,268.657,2641129719.0
614.498,66.0,90198.0,5121.0,52.0,269.54,2641158024.0
614.598,66.0,90198.0,5121.0,52.0,271.749,2641185828.0
614.698,66.0,90198.0,5121.0,52.0,273.911,2641213406.0
614.798,66.0,90198.0,5121.0,52.0,275.172,2641243213.0
614.897,65.0,90198.0,5121.0,52.0,277.743,2641271352.0
614.996,65.0,90198.0,5121.0,52.0,277.743,2641297000.0
615.098,66.0,90198.0,5121.0,52.0,276.638,2641324000.0
615.198,66.0,90198.0,5121.0,52.0,276.638,2641352992.0
615.298,66.0,90198.0,5121.0,52.0,279.086,2641381629.0
615.398,66.0,90198.0,5121.0,52.0,278.197,2641407963.0
615.497,66.0,90198.0,5121.0,52.0,278.197,2641436695.0
615.598,66.0,90198.0,5121.0,52.0,277.833,2641464568.0
615.697,66.0,90198.0,5121.0,52.0,278.979,2641492112.0
615.798,66.0,90198.0,5121.0,52.0,278.792,2641517419.0
615.898,66.0,90198.0,5121.0,52.0,275.173,2641544009.0
615.998,66.0,90198.0,5121.0,52.0,272.931,2641571761.0
616.098,66.0,90198.0,5121.0,52.0,273.777,2641596632.0
616.198,66.0,90198.0,5121.0,52.0,273.426,2641624257.0
616.297,66.0,90198.0,5121.0,52.0,272.447,2641649071.0
616.397,65.0,90198.0,5121.0,51.0,269.642,2641675982.0
616.498,65.0,90198.0,5121.0,51.0,269.849,2641702368.0
616.598,66.0,90198.0,5121.0,51.0,267.676,2641702368.0
616.698,64.0,90198.0,5121.0,51.0,261.875,2641727429.0
616.798,64.0,90198.0,5121.0,51.0,265.301,2641781646.0
616.898,61.0,90198.0,5121.0,51.0,265.358,2641807636.0
616.998,61.0,90198.0,5121.0,51.0,259.428,2641829509.0
617.098,62.0,90198.0,5121.0,51.0,258.98,2641854806.0
617.198,62.0,90198.0,5121.0,51.0,256.755,2641878870.0
617.298,62.0,90198.0,5121.0,51.0,257.158,2641905786.0
617.397,62.0,90198.0,5121.0,51.0,254.275,2641930667.0
617.498,62.0,90198.0,5121.0,51.0,254.669,2641957032.0
617.598,62.0,90198.0,5121.0,50.0,253.48,2641980200.0
617.698,61.0,90198.0,5121.0,50.0,249.658,2642002821.0
617.798,61.0,90198.0,5121.0,50.0,245.645,2642026367.0
617.898,62.0,90198.0,5121.0,50.0,242.271,2642050017.0
617.998,62.0,90198.0,5121.0,50.0,243.893,2642073475.0
618.097,61.0,90198.0,5121.0,50.0,243.319,2642097115.0
618.198,61.0,90198.0,5121.0,50.0,240.373,2642118572.0
618.298,59.0,90198.0,5121.0,50.0,238.512,2642142334.0
618.398,59.0,90198.0,5121.0,50.0,235.938,2642165085.0
618.498,57.0,90198.0,5121.0,50.0,232.438,2642187480.0
618.598,57.0,90198.0,5121.0,49.0,229.918,2642208217.0
618.698,58.0,90198.0,5121.0,49.0,228.35,2642229649.0
618.798,58.0,90198.0,5121.0,49.0,225.853,2642251676.0
618.897,58.0,90198.0,5121.0,49.0,223.979,2642273265.0
618.998,58.0,90198.0,5121.0,49.0,222.504,2642294914.0
619.098,58.0,90198.0,5121.0,49.0,220.235,2642294914.0
619.198,58.0,90198.0,5121.0,49.0,218.37,2642315866.0
619.298,57.0,90198.0,5121.0,49.0,214.963,2642357023.0
619.398,57.0,90198.0,5121.0,49.0,212.45,2642377305.0
619.498,56.0,90198.0,5121.0,49.0,210.848,2642396989.0
619.598,56.0,90198.0,5121.0,49.0,208.742,2642415922.0
619.698,55.0,90198.0,5121.0,48.0,205.88,2642434344.0
619.798,55.0,90198.0,5121.0,48.0,203.734,2642453798.0
619.898,56.0,90198.0,5121.0,48.0,203.519,2642475081.0
619.998,56.0,90198.0,5121.0,48.0,201.635,2642495403.0
620.097,55.0,90198.0,5121.0,48.0,200.351,2642515083.0
620.198,55.0,90198.0,5121.0,48.0,198.402,2642534441.0
620.298,55.0,90198.0,5121.0,48.0,196.364,2642552165.0
620.398,55.0,90198.0,5121.0,48.0,196.213,2642572607.0
620.498,55.0,90198.0,5121.0,48.0,193.607,2642590890.0
620.598,55.0,90198.0,5121.0,48.0,193.774,2642609846.0
620.698,55.0,90198.0,5121.0,48.0,193.004,2642627530.0
620.798,55.0,90198.0,5121.0,48.0,192.837,2642646811.0
620.897,55.0,90198.0,5121.0,48.0,190.742,2642666104.0
620.998,55.0,90198.0,5121.0,48.0,187.754,2642683151.0
621.098,56.0,90198.0,5121.0,48.0,185.346,2642700564.0
621.198,56.0,90198.0,5121.0,48.0,183.514,2642718648.0
621.298,53.0,90198.0,5121.0,48.0,184.851,2642737431.0
621.398,53.0,90198.0,5121.0,48.0,183.925,2642756975.0
621.497,53.0,90198.0,5121.0,48.0,184.719,2642775482.0
621.597,53.0,90198.0,5121.0,48.0,183.645,2642775482.0
621.698,52.0,90198.0,5121.0,47.0,179.67,2642793876.0
621.798,52.0,90198.0,5121.0,47.0,173.232,2642807785.0
621.898,0.0,90198.0,5121.0,47.0,166.381,2642833216.0
621.998,0.0,90198.0,5121.0,48.0,179.356,2642860941.0
622.097,100.0,90198.0,5121.0,54.0,234.609,2642923500.0
622.198,100.0,90198.0,5121.0,56.0,268.386,2642985463.0
622.297,100.0,90198.0,5121.0,57.0,313.019,2643047690.0
622.398,100.0,90198.0,5121.0,58.0,350.941,2643107078.0
622.497,100.0,90198.0,5121.0,59.0,394.882,2643167674.0
622.598,100.0,90198.0,5121.0,60.0,434.298,2643231406.0
622.698,100.0,90198.0,5121.0,60.0,479.785,2643291663.0
622.798,100.0,90198.0,5121.0,61.0,538.926,2643356695.0
622.897,99.0,90198.0,5121.0,61.0,576.83,2643416615.0
622.998,99.0,90198.0,5121.0,62.0,619.581,2643482446.0
623.098,66.0,90198.0,5121.0,58.0,587.747,2643513926.0
623.198,66.0,90198.0,5121.0,56.0,551.207,2643540012.0
623.298,66.0,90198.0,5121.0,55.0,517.69,2643567555.0
623.398,66.0,90198.0,5121.0,54.0,484.937,2643595713.0
623.498,65.0,90198.0,5121.0,54.0,451.492,2643622128.0
623.598,65.0,90198.0,5121.0,54.0,413.604,2643647197.0
623.698,66.0,90198.0,5121.0,53.0,384.421,2643673252.0
623.798,66.0,90198.0,5121.0,53.0,341.297,2643700450.0
623.898,66.0,90198.0,5121.0,53.0,308.707,2643727247.0
623.998,66.0,90198.0,5121.0,53.0,308.707,2643753541.0
624.098,66.0,90198.0,5121.0,53.0,268.152,2643753541.0
624.198,66.0,90198.0,5121.0,53.0,267.835,2643781398.0
624.298,66.0,90198.0,5121.0,53.0,272.103,2643841645.0
624.398,66.0,90198.0,5121.0,52.0,274.947,2643869198.0
624.498,66.0,90198.0,5121.0,52.0,274.486,2643895701.0
624.598,66.0,90198.0,5121.0,52.0,273.79,2643924538.0
624.697,66.0,90198.0,5121.0,52.0,279.5,2643952408.0
624.798,66.0,90198.0,5121.0,52.0,279.375,2643978597.0
624.898,66.0,90198.0,5121.0,52.0,277.55,2644004569.0
624.998,65.0,90198.0,5121.0,52.0,276.291,2644033398.0
625.098,65.0,90198.0,5121.0,52.0,278.185,2644059338.0
625.198,65.0,90198.0,5121.0,52.0,277.365,2644088549.0
625.298,65.0,90198.0,5121.0,52.0,275.692,2644116211.0
625.398,65.0,90198.0,5121.0,52.0,273.145,2644143235.0
625.498,65.0,90198.0,5121.0,52.0,272.004,2644171975.0
625.598,66.0,90198.0,5121.0,52.0,275.992,2644199841.0
625.698,66.0,90198.0,5121.0,52.0,274.264,2644224461.0
625.798,65.0,90198.0,5121.0,52.0,270.926,2644248979.0
625.898,65.0,90198.0,5121.0,52.0,269.896,2644274582.0
625.998,66.0,90198.0,5121.0,52.0,269.669,2644301440.0
626.098,66.0,90198.0,5121.0,52.0,267.835,2644326682.0
626.198,66.0,90198.0,5121.0,51.0,267.562,2644354050.0
626.298,66.0,90198.0,5121.0,51.0,264.328,2644379722.0
626.398,66.0,90198.0,5121.0,51.0,263.203,2644406425.0
626.498,66.0,90198.0,5121.0,51.0,261.931,2644432644.0
626.598,66.0,90198.0,5121.0,51.0,257.881,2644456925.0
626.698,66.0,90198.0,5121.0,51.0,255.795,2644484363.0
626.798,66.0,90198.0,5121.0,51.0,260.459,2644484363.0
626.898,66.0,90198.0,5121.0,51.0,259.997,2644510853.0
626.998,66.0,90198.0,5121.0,51.0,260.88,2644563132.0
627.098,66.0,90198.0,5121.0,51.0,262.158,2644589952.0
627.198,64.0,90198.0,5121.0,51.0,261.752,2644614988.0
627.298,63.0,90198.0,5121.0,51.0,260.369,2644640626.0
627.397,63.0,90198.0,5121.0,51.0,257.529,2644665486.0
627.498,62.0,90198.0,5121.0,51.0,255.407,2644689322.0
627.598,62.0,90198.0,5121.0,51.0,254.239,2644712101.0
627.698,61.0,90198.0,5121.0,51.0,249.777,2644736999.0
627.798,61.0,90198.0,5121.0,50.0,248.996,2644759984.0
627.898,62.0,90198.0,5121.0,50.0,246.594,2644784810.0
627.998,62.0,90198.0,5121.0,50.0,243.684,2644808802.0
628.098,62.0,90198.0,5121.0,50.0,240.587,2644832140.0
628.198,62.0,90198.0,5121.0,50.0,238.34,2644856062.0
628.298,62.0,90198.0,5121.0,50.0,235.123,2644877511.0
628.398,62.0,90198.0,5121.0,50.0,234.897,2644900491.0
628.498,59.0,90198.0,5121.0,50.0,232.808,2644922125.0
628.598,59.0,90198.0,5121.0,50.0,230.949,2644944020.0
628.698,58.0,90198.0,5121.0,50.0,227.524,2644965025.0
628.798,58.0,90198.0,5121.0,49.0,224.752,2644985754.0
628.898,58.0,90198.0,5121.0,49.0,221.612,2645007401.0
628.998,58.0,90198.0,5121.0,49.0,218.406,2645027341.0
629.098,57.0,90198.0,5121.0,49.0,215.757,2645047695.0
629.198,57.0,90198.0,5121.0,49.0,213.867,2645068547.0
629.298,58.0,90198.0,5121.0,49.0,211.891,2645088101.0
629.398,58.0,90198.0,5121.0,49.0,211.891,2645109472.0
629.498,58.0,90198.0,5121.0,49.0,208.585,2645109472.0
629.598,56.0,90198.0,5121.0,49.0,206.704,2645129794.0
629.698,56.0,90198.0,5121.0,49.0,205.251,2645169803.0
629.798,56.0,90198.0,5121.0,49.0,205.05,2645188454.0
629.898,56.0,90198.0,5121.0,49.0,203.524,2645208408.0
629.997,56.0,90198.0,5121.0,48.0,200.951,2645227818.0
630.097,55.0,90198.0,5121.0,48.0,200.31,2645248492.0
630.198,55.0,90198.0,5121.0,48.0,198.621,2645267740.0
630.298,55.0,90198.0,5121.0,48.0,198.283,2645285678.0
630.398,55.0,90198.0,5121.0,48.0,194.813,2645303794.0
630.498,55.0,90198.0,5121.0,48.0,192.278,2645321987.0
630.598,55.0,90198.0,5121.0,48.0,190.708,2645339593.0
630.698,54.0,90198.0,5121.0,48.0,190.33,2645358312.0
630.798,54.0,90198.0,5121.0,48.0,191.01,2645379435.0
630.898,56.0,90198.0,5121.0,48.0,187.931,2645396084.0
630.998,56.0,90198.0,5121.0,48.0,186.91,2645413353.0
631.098,56.0,90198.0,5121.0,48.0,184.079,2645432226.0
631.197,56.0,90198.0,5121.0,48.0,183.091,2645449896.0
631.298,56.0,90198.0,5121.0,48.0,183.374,2645469302.0
631.398,56.0,90198.0,5121.0,48.0,184.665,2645488599.0
631.498,54.0,90198.0,5121.0,48.0,183.821,2645504936.0
631.598,54.0,90198.0,5121.0,48.0,184.963,2645523744.0
631.698,53.0,90198.0,5121.0,48.0,183.075,2645540963.0
631.798,53.0,90198.0,5121.0,48.0,180.359,2645559061.0
631.898,53.0,90198.0,5121.0,48.0,183.142,2645578450.0
631.998,53.0,90198.0,5121.0,48.0,181.538,2645594702.0
632.098,53.0,90198.0,5121.0,48.0,181.538,2645612625.0
632.198,52.0,90198.0,5121.0,47.0,181.105,2645612625.0
632.298,52.0,90198.0,5121.0,47.0,179.288,2645628945.0
632.398,36.0,90198.0,5121.0,47.0,175.358,2645658078.0
632.497,36.0,90198.0,5121.0,47.0,169.246,2645670775.0
632.597,0.0,90198.0,5121.0,47.0,165.505,2645683601.0
632.698,0.0,90198.0,5121.0,47.0,164.056,2645727993.0
632.798,83.0,90198.0,5121.0,48.0,244.393,2645792464.0
632.898,88.0,90198.0,5121.0,55.0,284.107,2645851808.0
632.998,88.0,90198.0,5121.0,54.0,334.344,2645915835.0
633.098,90.0,90198.0,5121.0,59.0,369.774,2645974984.0
633.198,90.0,90198.0,5121.0,59.0,423.881,2646039894.0
633.298,89.0,90198.0,5121.0,60.0,467.05,2646098523.0
633.398,89.0,90198.0,5121.0,61.0,511.726,2646163645.0
633.498,85.0,90198.0,5121.0,61.0,553.474,2646219735.0
633.598,85.0,90198.0,5121.0,56.0,558.726,2646247390.0
633.697,65.0,90198.0,5121.0,55.0,536.873,2646272373.0
633.798,65.0,90198.0,5121.0,54.0,496.382,2646298274.0
633.898,64.0,90198.0,5121.0,53.0,461.308,2646323118.0
633.998,64.0,90198.0,5121.0,53.0,423.938,2646350009.0
634.098,65.0,90198.0,5121.0,52.0,392.512,2646376879.0
634.198,65.0,90198.0,5121.0,52.0,357.566,2646402264.0
634.298,65.0,90198.0,5121.0,52.0,324.695,2646428003.0
634.398,65.0,90198.0,5121.0,52.0,279.426,2646453040.0
634.498,65.0,90198.0,5121.0,52.0,257.416,2646478794.0
634.598,65.0,90198.0,5121.0,52.0,256.682,2646478794.0
634.697,65.0,90198.0,5121.0,51.0,256.173,2646505692.0
634.798,65.0,90198.0,5121.0,51.0,255.148,2646555431.0
634.898,65.0,90198.0,5121.0,51.0,256.654,2646580546.0
634.998,65.0,90198.0,5121.0,51.0,256.975,2646607001.0
635.098,64.0,90198.0,5121.0,51.0,257.759,2646632930.0
635.198,64.0,90198.0,5121.0,51.0,258.526,2646660195.0
635.298,65.0,90198.0,5121.0,51.0,258.866,2646685950.0
635.398,65.0,90198.0,5121.0,51.0,259.918,2646712607.0
635.498,65.0,90198.0,5121.0,51.0,260.952,2646737700.0
635.598,65.0,90198.0,5121.0,51.0,259.939,2646763229.0
635.698,64.0,90198.0,5121.0,51.0,260.776,2646789905.0
635.798,64.0,90198.0,5121.0,51.0,259.591,2646814078.0
635.898,62.0,90198.0,5121.0,51.0,260.099,2646839739.0
635.998,62.0,90198.0,5121.0,51.0,259.159,2646865039.0
636.098,63.0,90198.0,5121.0,51.0,258.99,2646890384.0
636.198,63.0,90198.0,5121.0,51.0,257.404,2646916276.0
636.298,62.0,90198.0,5121.0,51.0,257.765,2646942455.0
636.398,62.0,90198.0,5121.0,51.0,255.247,2646967169.0
636.498,62.0,90198.0,5121.0,51.0,253.463,2646991790.0
636.598,62.0,90198.0,5121.0,51.0,255.583,2647018196.0
636.697,62.0,90198.0,5121.0,51.0,255.382,2647044631.0
636.798,62.0,90198.0,5121.0,51.0,254.298,2647068794.0
636.898,62.0,90198.0,5121.0,51.0,250.643,2647092121.0
636.998,62.0,90198.0,5121.0,51.0,250.322,2647092121.0
637.098,62.0,90198.0,5121.0,50.0,249.543,2647115559.0
637.198,62.0,90198.0,5121.0,50.0,249.521,2647165297.0
637.298,61.0,90198.0,5121.0,50.0,246.984,2647190024.0
637.397,61.0,90198.0,5121.0,50.0,246.539,2647212802.0
637.498,62.0,90198.0,5121.0,50.0,246.718,2647236759.0
637.598,62.0,90198.0,5121.0,50.0,241.321,2647260179.0
637.698,62.0,90198.0,5121.0,50.0,240.589,2647283026.0
637.798,62.0,90198.0,5121.0,50.0,239.712,2647306749.0
637.898,62.0,90198.0,5121.0,50.0,239.959,2647329238.0
637.998,62.0,90198.0,5121.0,50.0,238.586,2647352066.0
638.098,61.0,90198.0,5121.0,50.0,236.378,2647375327.0
638.198,61.0,90198.0,5121.0,50.0,232.934,2647397396.0
638.298,59.0,90198.0,5121.0,50.0,233.129,2647421142.0
638.397,59.0,90198.0,5121.0,50.0,232.458,2647443209.0
638.498,59.0,90198.0,5121.0,50.0,230.481,2647466420.0
638.598,59.0,90198.0,5121.0,49.0,228.568,2647487660.0
638.698,59.0,90198.0,5121.0,49.0,225.367,2647508716.0
638.798,59.0,90198.0,5121.0,49.0,223.817,2647529561.0
638.898,59.0,90198.0,5121.0,49.0,221.52,2647551075.0
638.998,59.0,90198.0,5121.0,49.0,220.997,2647572056.0
639.098,58.0,90198.0,5121.0,49.0,220.06,2647594409.0
639.198,58.0,90198.0,5121.0,49.0,219.479,2647616104.0
639.298,58.0,90198.0,5121.0,49.0,214.971,2647636197.0
639.398,58.0,90198.0,5121.0,49.0,212.629,2647656396.0
639.498,58.0,90198.0,5121.0,49.0,210.026,2647676446.0
639.598,58.0,90198.0,5121.0,49.0,208.656,2647696077.0
639.698,58.0,90198.0,5121.0,49.0,208.656,2647715973.0
639.798,58.0,90198.0,5121.0,49.0,207.708,2647715973.0
639.898,58.0,90198.0,5121.0,49.0,206.014,2647735583.0
639.998,56.0,90198.0,5121.0,48.0,204.71,2647776120.0
640.098,56.0,90198.0,5121.0,48.0,202.605,2647795357.0
640.198,56.0,90198.0,5121.0,48.0,201.205,2647815846.0
640.298,56.0,90198.0,5121.0,48.0,199.221,2647836044.0
640.398,56.0,90198.0,5121.0,48.0,199.829,2647855666.0
640.498,56.0,90198.0,5121.0,48.0,198.945,2647876414.0
640.598,57.0,90198.0,5121.0,48.0,199.565,2647896754.0
640.698,57.0,90198.0,5121.0,48.0,200.975,2647916710.0
640.798,55.0,90198.0,5121.0,48.0,200.043,2647936724.0
640.898,55.0,90198.0,5121.0,48.0,197.36,2647955014.0
640.998,55.0,90198.0,5121.0,48.0,196.677,2647973268.0
641.097,55.0,90198.0,5121.0,48.0,196.349,2647992133.0
641.198,55.0,90198.0,5121.0,48.0,193.775,2648011679.0
641.298,56.0,90198.0,5121.0,48.0,193.92,2648030071.0
641.398,56.0,90198.0,5121.0,48.0,193.695,2648049821.0
641.498,56.0,90198.0,5121.0,48.0,191.023,2648068918.0
641.598,56.0,90198.0,5121.0,48.0,188.376,2648086466.0
641.698,55.0,90198.0,5121.0,48.0,185.797,2648103197.0
641.798,55.0,90198.0,5121.0,48.0,184.386,2648121097.0
641.898,56.0,90198.0,5121.0,48.0,185.268,2648139490.0
641.998,56.0,90198.0,5121.0,48.0,187.17,2648159054.0
642.098,55.0,90198.0,5121.0,48.0,185.331,2648178879.0
642.198,55.0,90198.0,5121.0,48.0,188.377,2648196966.0
642.298,55.0,90198.0,5121.0,48.0,188.377,2648215838.0
642.398,53.0,90198.0,5121.0,48.0,185.379,2648215838.0
642.498,53.0,90198.0,5121.0,48.0,183.738,2648233596.0
642.596,53.0,90198.0,5121.0,47.0,183.695,2648270265.0
642.696,53.0,90198.0,5121.0,47.0,184.808,2648288160.0
642.798,41.0,90198.0,5121.0,47.0,183.079,2648301114.0
642.898,41.0,90198.0,5121.0,47.0,178.324,2648313709.0
642.998,0.0,90198.0,5121.0,47.0,171.77,2648326317.0
643.098,0.0,90198.0,5121.0,46.0,164.756,2648339000.0
643.198,0.0,90198.0,5121.0,46.0,158.538,2648351651.0
643.298,0.0,90198.0,5121.0,46.0,152.52,2648364326.0
643.398,0.0,90198.0,5121.0,46.0,146.806,2648376935.0
643.498,0.0,90198.0,5121.0,46.0,135.135,2648389577.0
643.598,0.0,90198.0,5121.0,46.0,130.676,2648402245.0
643.698,0.0,90198.0,5121.0,46.0,126.532,2648414934.0
643.798,0.0,90198.0,5121.0,46.0,126.574,2648427577.0
643.898,0.0,90198.0,5121.0,46.0,126.554,2648440191.0
643.998,0.0,90198.0,5121.0,46.0,126.487,2648452806.0
644.098,0.0,90198.0,5121.0,46.0,126.43,2648465427.0
644.198,0.0,90198.0,5121.0,46.0,126.447,2648478014.0
644.298,0.0,90198.0,5121.0,46.0,126.419,2648490680.0
644.398,0.0,90198.0,5121.0,46.0,126.397,2648503299.0
644.498,0.0,90198.0,5121.0,46.0,126.385,2648515952.0
644.598,0.0,90198.0,5121.0,46.0,126.378,2648528591.0
644.698,0.0,90198.0,5121.0,46.0,126.38,2648541232.0
644.798,0.0,90198.0,5121.0,46.0,126.345,2648553870.0
644.898,0.0,90198.0,5121.0,46.0,126.394,2648566495.0
644.998,0.0,90198.0,5121.0,46.0,126.422,2648579122.0
645.098,0.0,90198.0,5121.0,46.0,126.422,2648579122.0
645.198,0.0,90198.0,5121.0,46.0,126.34,2648591730.0
645.298,0.0,90198.0,5121.0,46.0,126.345,2648604303.0
645.398,0.0,90198.0,5121.0,46.0,126.32,2648629509.0
645.498,0.0,90198.0,5121.0,46.0,126.241,2648642093.0
645.598,0.0,90198.0,5121.0,46.0,126.241,2648654680.0
645.710,0.0,90198.0,5121.0,46.0,126.219,2648667307.0
645.808,0.0,90198.0,5121.0,45.0,126.186,2648679931.0
645.901,0.0,90198.0,5121.0,45.0,126.156,2648692573.0
645.998,0.0,90198.0,5121.0,45.0,126.199,2648705201.0
646.098,0.0,90198.0,5121.0,45.0,126.158,2648717779.0
646.198,0.0,90198.0,5121.0,45.0,126.152,2648730322.0
646.298,0.0,90198.0,5121.0,45.0,126.129,2648742942.0
646.398,0.0,90198.0,5121.0,45.0,126.085,2648755512.0
646.498,0.0,90198.0,5121.0,45.0,126.09,2648768071.0
646.598,0.0,90198.0,5121.0,45.0,126.025,2648780640.0
646.698,0.0,90198.0,5121.0,45.0,125.995,2648793203.0
646.798,0.0,90198.0,5121.0,45.0,126.021,2648805822.0
646.898,0.0,90198.0,5121.0,45.0,125.943,2648818422.0
646.996,0.0,90198.0,5121.0,45.0,125.897,2648830992.0
647.098,0.0,90198.0,5121.0,45.0,125.921,2648843571.0
647.198,0.0,90198.0,5121.0,45.0,125.915,2648856155.0
647.298,0.0,90198.0,5121.0,45.0,125.917,2648868742.0
647.398,0.0,90198.0,5121.0,45.0,125.956,2648881371.0
647.498,0.0,90198.0,5121.0,45.0,125.99,2648893990.0
647.598,0.0,90198.0,5121.0,45.0,126.02,2648906587.0
647.698,0.0,90198.0,5121.0,45.0,125.989,2648919137.0
647.798,0.0,90198.0,5121.0,45.0,125.935,2648931723.0
647.897,0.0,90198.0,5121.0,45.0,125.911,2648944305.0
647.998,0.0,90198.0,5121.0,45.0,125.911,2648944305.0
648.098,0.0,90198.0,5121.0,45.0,125.918,2648956882.0
648.198,0.0,90198.0,5121.0,45.0,125.894,2648969455.0
648.297,0.0,90198.0,5121.0,45.0,125.907,2648994591.0
648.398,0.0,90198.0,5121.0,45.0,125.828,2649007138.0
648.498,0.0,90198.0,5121.0,45.0,125.796,2649019767.0
648.598,0.0,90198.0,5121.0,45.0,125.786,2649032296.0
648.698,0.0,90198.0,5121.0,45.0,125.774,2649044875.0
648.798,0.0,90198.0,5121.0,45.0,125.811,2649057459.0
648.897,0.0,90198.0,5121.0,45.0,125.804,2649070067.0
648.997,0.0,90198.0,5121.0,45.0,125.84,2649082712.0
649.098,0.0,90198.0,5121.0,45.0,125.914,2649095307.0
649.196,0.0,90198.0,5121.0,45.0,125.939,2649107879.0
649.297,0.0,90198.0,5121.0,45.0,125.927,2649120427.0
649.398,0.0,90198.0,5121.0,45.0,125.934,2649132994.0
649.498,0.0,90198.0,5121.0,45.0,125.948,2649145580.0
649.598,0.0,90198.0,5121.0,45.0,125.909,2649158183.0
649.697,0.0,90198.0,5121.0,45.0,125.965,2649170778.0
649.797,0.0,90198.0,5121.0,45.0,125.968,2649183371.0
649.897,0.0,90198.0,5121.0,45.0,125.953,2649195919.0
649.998,0.0,90198.0,5121.0,45.0,125.901,2649208492.0
650.098,0.0,90198.0,5121.0,45.0,125.807,2649221039.0
650.198,0.0,90198.0,5121.0,45.0,125.768,2649233629.0
650.298,0.0,90198.0,5121.0,45.0,125.787,2649246163.0
650.398,0.0,90198.0,5121.0,45.0,125.834,2649258769.0
650.497,0.0,90198.0,5121.0,45.0,125.838,2649271349.0
650.597,0.0,90198.0,5121.0,45.0,125.811,2649283909.0
650.698,0.0,90198.0,5121.0,45.0,125.778,2649296483.0
650.798,0.0,90198.0,5121.0,45.0,125.803,2649309097.0
650.898,0.0,90198.0,5121.0,45.0,125.829,2649309097.0
650.998,0.0,90198.0,5121.0,45.0,125.838,2649321689.0
651.098,0.0,90198.0,5121.0,45.0,125.876,2649334276.0
651.198,0.0,90198.0,5121.0,45.0,125.87,2649359427.0
651.298,0.0,90198.0,5121.0,45.0,125.919,2649372032.0
651.398,0.0,90198.0,5121.0,45.0,125.942,2649384599.0
651.498,0.0,90198.0,5121.0,45.0,125.901,2649397184.0
651.598,0.0,90198.0,5121.0,45.0,125.922,2649409760.0
651.698,0.0,90198.0,5121.0,45.0,125.94,2649422338.0
651.798,0.0,90198.0,5121.0,45.0,125.931,2649434927.0
651.898,0.0,90198.0,5121.0,45.0,125.911,2649447487.0
651.998,0.0,90198.0,5121.0,45.0,125.899,2649460068.0
652.098,0.0,90198.0,5121.0,45.0,125.844,2649472607.0
652.198,0.0,90198.0,5121.0,45.0,125.846,2649485208.0
652.298,0.0,90198.0,5121.0,45.0,125.846,2649497773.0
652.398,0.0,90198.0,5121.0,45.0,125.821,2649510356.0
652.498,0.0,90198.0,5121.0,45.0,125.762,2649522872.0
652.598,0.0,90198.0,5121.0,45.0,125.733,2649535420.0
652.698,0.0,90198.0,5121.0,45.0,125.739,2649547976.0
652.798,0.0,90198.0,5121.0,45.0,125.7,2649560558.0
652.898,0.0,90198.0,5121.0,45.0,125.708,2649573119.0
652.998,0.0,90198.0,5121.0,45.0,125.734,2649585681.0
653.098,0.0,90198.0,5121.0,45.0,125.74,2649598239.0
653.198,0.0,90198.0,5121.0,45.0,125.747,2649610846.0
653.298,0.0,90198.0,5121.0,45.0,125.745,2649623404.0
653.398,0.0,90198.0,5121.0,45.0,125.763,2649635988.0
653.498,0.0,90198.0,5121.0,45.0,125.796,2649648548.0
653.598,0.0,90198.0,5121.0,45.0,125.824,2649661102.0
653.698,0.0,90198.0,5121.0,45.0,125.824,2649673680.0
653.798,0.0,90198.0,5121.0,45.0,125.814,2649673680.0
653.898,0.0,90198.0,5121.0,45.0,125.823,2649686265.0
653.998,0.0,90198.0,5121.0,45.0,125.806,2649698837.0
654.096,0.0,90198.0,5121.0,45.0,125.789,2649723916.0
654.198,0.0,90198.0,5121.0,45.0,125.739,2649736474.0
654.298,0.0,90198.0,5121.0,45.0,125.711,2649749030.0
654.398,0.0,90198.0,5121.0,45.0,125.699,2649761586.0
654.498,0.0,90198.0,5121.0,45.0,125.684,2649774154.0
654.598,0.0,90198.0,5121.0,45.0,125.683,2649786733.0
654.698,0.0,90198.0,5121.0,45.0,125.701,2649799307.0
654.798,0.0,90198.0,5121.0,45.0,125.672,2649811854.0
654.898,0.0,90198.0,5121.0,45.0,125.657,2649824456.0
654.998,0.0,90198.0,5121.0,45.0,125.709,2649837027.0
655.098,0.0,90198.0,5121.0,45.0,125.748,2649849615.0
655.198,0.0,90198.0,5121.0,45.0,125.72,2649862134.0
655.298,0.0,90198.0,5121.0,45.0,125.772,2649874728.0
655.398,0.0,90198.0,5121.0,45.0,125.796,2649887316.0
655.498,0.0,90198.0,5121.0,45.0,125.79,2649899883.0
655.598,0.0,90198.0,5121.0,45.0,125.754,2649912429.0
655.698,0.0,90198.0,5121.0,45.0,125.775,2649925005.0
655.798,0.0,90198.0,5121.0,45.0,125.78,2649937574.0
655.898,0.0,90198.0,5121.0,45.0,125.72,2649950126.0
655.998,0.0,90198.0,5121.0,45.0,125.704,2649962671.0
656.096,0.0,90198.0,5121.0,45.0,125.695,2649975244.0
656.198,0.0,90198.0,5121.0,45.0,125.716,2649987777.0
656.297,0.0,90198.0,5121.0,45.0,125.712,2650000360.0
656.398,0.0,90198.0,5121.0,45.0,125.718,2650012944.0
656.498,0.0,90198.0,5121.0,45.0,125.711,2650025535.0
656.598,0.0,90198.0,5121.0,45.0,125.743,2650038085.0
656.698,0.0,90198.0,5121.0,45.0,125.737,2650050668.0
656.798,0.0,90198.0,5121.0,45.0,125.737,2650050668.0
656.898,0.0,90198.0,5121.0,45.0,125.717,2650063211.0
656.998,0.0,90198.0,5121.0,45.0,125.725,2650075796.0
657.098,0.0,90198.0,5121.0,45.0,125.743,2650100936.0
657.198,0.0,90198.0,5121.0,45.0,125.734,2650113504.0
657.298,0.0,90198.0,5121.0,45.0,125.797,2650126091.0
657.397,0.0,90198.0,5121.0,45.0,125.774,2650138654.0
657.498,0.0,90198.0,5121.0,45.0,125.746,2650151246.0
657.598,0.0,90198.0,5121.0,45.0,125.744,2650163804.0
657.698,0.0,90198.0,5121.0,45.0,125.736,2650176364.0
657.798,0.0,90198.0,5121.0,45.0,125.721,2650188920.0
657.898,0.0,90198.0,5121.0,45.0,125.738,2650201486.0
657.998,0.0,90198.0,5121.0,45.0,125.723,2650214041.0
658.098,0.0,90198.0,5121.0,45.0,125.73,2650226627.0
658.198,0.0,90198.0,5121.0,45.0,125.75,2650239231.0
658.298,0.0,90198.0,5121.0,45.0,125.774,2650251829.0
658.398,0.0,90198.0,5121.0,45.0,125.801,2650264401.0
658.498,0.0,90198.0,5121.0,45.0,125.792,2650276976.0
658.597,0.0,90198.0,5121.0,45.0,125.821,2650289555.0
658.698,0.0,90198.0,5121.0,45.0,125.83,2650302121.0
658.798,0.0,90198.0,5121.0,45.0,125.83,2650314685.0
658.898,0.0,90198.0,5121.0,45.0,125.836,2650327244.0
658.998,0.0,90198.0,5121.0,45.0,125.806,2650339808.0
659.098,0.0,90198.0,5121.0,45.0,125.789,2650352369.0
659.199,0.0,90198.0,5121.0,45.0,125.746,2650364925.0
659.298,0.0,90198.0,5121.0,45.0,125.693,2650377491.0
659.398,0.0,90198.0,5121.0,45.0,125.69,2650390030.0
659.498,0.0,90198.0,5121.0,45.0,125.661,2650402579.0
659.598,0.0,90198.0,5121.0,45.0,125.65,2650415146.0
659.698,0.0,90198.0,5121.0,45.0,125.641,2650427685.0
659.798,0.0,90198.0,5121.0,45.0,125.63,2650427685.0
659.898,0.0,90198.0,5121.0,45.0,125.63,2650440243.0
659.998,0.0,90198.0,5121.0,45.0,125.639,2650452793.0
660.098,0.0,90198.0,5121.0,45.0,125.623,2650477915.0
660.198,0.0,90198.0,5121.0,45.0,125.62,2650490485.0
660.298,0.0,90198.0,5121.0,45.0,125.642,2650503019.0
660.398,0.0,90198.0,5121.0,45.0,125.634,2650515593.0
660.498,0.0,90198.0,5121.0,45.0,125.643,2650528162.0
660.598,0.0,90198.0,5121.0,45.0,125.64,2650540713.0
660.698,0.0,90198.0,5121.0,45.0,125.654,2650553281.0
660.798,0.0,90198.0,5121.0,45.0,125.654,2650565854.0
660.898,0.0,90198.0,5121.0,45.0,125.657,2650578410.0
660.998,0.0,90198.0,5121.0,45.0,125.648,2650590963.0
661.098,0.0,90198.0,5121.0,45.0,125.661,2650603520.0
661.198,0.0,90198.0,5121.0,45.0,125.668,2650616094.0
661.298,0.0,90198.0,5121.0,45.0,125.696,2650628668.0
661.398,0.0,90198.0,5121.0,45.0,125.722,2650641236.0
661.498,0.0,90198.0,5121.0,45.0,125.732,2650653822.0
661.598,0.0,90198.0,5121.0,45.0,125.743,2650666402.0
661.698,0.0,90198.0,5121.0,45.0,125.737,2650678962.0
661.798,0.0,90198.0,5121.0,45.0,125.717,2650691513.0
661.898,0.0,90198.0,5121.0,45.0,125.717,2650704053.0
661.998,0.0,90198.0,5121.0,45.0,125.714,2650716618.0
662.098,0.0,90198.0,5121.0,45.0,125.715,2650729179.0
662.198,0.0,90198.0,5121.0,45.0,125.711,2650741749.0
662.298,0.0,90198.0,5121.0,45.0,125.709,2650754306.0
662.398,0.0,90198.0,5121.0,45.0,125.668,2650766876.0
662.498,0.0,90198.0,5121.0,45.0,125.647,2650779407.0
662.598,0.0,90198.0,5121.0,45.0,125.65,2650791976.0
662.698,0.0,90198.0,5121.0,45.0,125.667,2650804547.0
662.798,0.0,90198.0,5121.0,45.0,125.667,2650804547.0
662.898,0.0,90198.0,5121.0,45.0,125.691,2650817132.0
662.998,0.0,90198.0,5121.0,45.0,125.686,2650829681.0
663.098,0.0,90198.0,5121.0,45.0,125.683,2650854794.0
663.198,0.0,90198.0,5121.0,45.0,125.671,2650867360.0
663.298,0.0,90198.0,5121.0,45.0,125.67,2650879910.0
663.398,0.0,90198.0,5121.0,45.0,125.662,2650892477.0
663.498,0.0,90198.0,5121.0,45.0,125.667,2650905028.0
663.598,0.0,90198.0,5121.0,45.0,125.665,2650917569.0
663.698,0.0,90198.0,5121.0,45.0,125.624,2650930143.0
663.798,0.0,90198.0,5121.0,45.0,125.61,2650942704.0
663.898,0.0,90198.0,5121.0,45.0,125.596,2650955274.0
663.998,0.0,90198.0,5121.0,45.0,125.63,2650967808.0
664.098,0.0,90198.0,5121.0,45.0,125.633,2650980345.0
664.198,0.0,90198.0,5121.0,45.0,125.639,2650992911.0
664.298,0.0,90198.0,5121.0,45.0,125.619,2651005473.0
664.398,0.0,90198.0,5121.0,45.0,125.645,2651018039.0
664.498,0.0,90198.0,5121.0,45.0,125.657,2651030598.0
664.598,0.0,90198.0,5121.0,45.0,125.665,2651043149.0
664.698,0.0,90198.0,5121.0,45.0,125.639,2651055694.0
664.798,0.0,90198.0,5121.0,45.0,125.648,2651068255.0
664.898,0.0,90198.0,5121.0,45.0,125.607,2651080821.0
664.998,0.0,90198.0,5121.0,45.0,125.612,2651093351.0
665.098,0.0,90198.0,5121.0,45.0,125.586,2651105905.0
665.198,0.0,90198.0,5121.0,45.0,125.606,2651118450.0
665.298,0.0,90198.0,5121.0,45.0,125.598,2651131037.0
665.398,0.0,90198.0,5121.0,45.0,125.619,2651143604.0
665.498,0.0,90198.0,5121.0,45.0,125.651,2651156187.0
665.598,0.0,90198.0,5121.0,45.0,125.656,2651168743.0
665.698,0.0,90198.0,5121.0,45.0,125.656,2651168743.0
665.798,0.0,90198.0,5121.0,45.0,125.662,2651181306.0
665.898,0.0,90198.0,5121.0,45.0,125.653,2651193840.0
665.998,0.0,90198.0,5121.0,45.0,125.687,2651218978.0
666.098,0.0,90198.0,5121.0,45.0,125.717,2651231549.0
666.198,0.0,90198.0,5121.0,45.0,125.706,2651244089.0
666.298,0.0,90198.0,5121.0,45.0,125.703,2651256649.0
666.398,0.0,90198.0,5121.0,45.0,125.689,2651269205.0
666.498,0.0,90198.0,5121.0,45.0,125.675,2651281772.0
666.598,0.0,90198.0,5121.0,45.0,125.649,2651294323.0
666.698,0.0,90198.0,5121.0,45.0,125.678,2651306886.0
666.798,0.0,90198.0,5121.0,45.0,125.673,2651319426.0
666.898,0.0,90198.0,5121.0,45.0,125.678,2651331985.0
666.998,0.0,90198.0,5121.0,45.0,125.673,2651344547.0
667.098,0.0,90198.0,5121.0,45.0,125.668,2651357102.0
667.198,0.0,90198.0,5121.0,45.0,125.673,2651369660.0
667.298,0.0,90198.0,5121.0,45.0,125.69,2651382223.0
667.398,0.0,90198.0,5121.0,45.0,125.696,2651394786.0
667.498,0.0,90198.0,5121.0,45.0,125.67,2651407346.0
667.598,0.0,90198.0,5121.0,45.0,125.638,2651419884.0
667.698,0.0,90198.0,5121.0,45.0,125.632,2651432428.0
667.798,0.0,90198.0,5121.0,45.0,125.623,2651444989.0
667.898,0.0,90198.0,5121.0,45.0,125.628,2651457531.0
667.998,0.0,90198.0,5121.0,45.0,125.604,2651470087.0
668.098,0.0,90198.0,5121.0,45.0,125.616,2651482645.0
668.198,0.0,90198.0,5121.0,45.0,125.593,2651495198.0
668.297,0.0,90198.0,5121.0,45.0,125.584,2651507747.0
668.398,0.0,90198.0,5121.0,45.0,125.578,2651520302.0
668.498,0.0,90198.0,5121.0,45.0,125.607,2651532854.0
668.598,0.0,90198.0,5121.0,45.0,125.607,2651532854.0
668.698,0.0,90198.0,5121.0,45.0,125.61,2651545412.0
668.798,0.0,90198.0,5121.0,45.0,125.648,2651557969.0
668.898,0.0,90198.0,5121.0,45.0,125.657,2651583100.0
668.998,0.0,90198.0,5121.0,45.0,125.681,2651595665.0
669.098,0.0,90198.0,5121.0,45.0,125.669,2651608221.0
669.198,0.0,90198.0,5121.0,45.0,125.672,2651620777.0
669.298,0.0,90198.0,5121.0,45.0,125.679,2651633327.0
669.398,0.0,90198.0,5121.0,45.0,125.68,2651645886.0
669.498,0.0,90198.0,5121.0,45.0,125.675,2651658437.0
669.598,0.0,90198.0,5121.0,45.0,125.678,2651671001.0
669.698,0.0,90198.0,5121.0,45.0,125.681,2651683553.0
669.798,0.0,90198.0,5121.0,45.0,125.666,2651696108.0
669.898,0.0,90198.0,5121.0,45.0,125.637,2651708663.0
669.998,0.0,90198.0,5121.0,45.0,125.639,2651721231.0
670.098,0.0,90198.0,5121.0,45.0,125.636,2651733774.0
670.197,0.0,90198.0,5121.0,45.0,125.63,2651746310.0
670.298,0.0,90198.0,5121.0,45.0,125.612,2651758867.0
670.398,0.0,90198.0,5121.0,45.0,125.624,2651771423.0
670.497,0.0,90198.0,5121.0,45.0,125.644,2651783983.0
670.598,0.0,90198.0,5121.0,45.0,125.633,2651796547.0
670.698,0.0,90198.0,5121.0,45.0,125.635,2651809110.0
670.797,0.0,90198.0,5121.0,45.0,125.636,2651821658.0
670.898,0.0,90198.0,5121.0,45.0,125.612,2651834203.0
670.997,0.0,90198.0,5121.0,45.0,125.609,2651846740.0
671.097,0.0,90198.0,5121.0,45.0,125.618,2651859297.0
671.198,0.0,90198.0,5121.0,45.0,125.648,2651871843.0
671.298,0.0,90198.0,5121.0,45.0,125.642,2651884418.0
671.398,0.0,90198.0,5121.0,45.0,125.642,2651884418.0
671.497,0.0,90198.0,5121.0,45.0,125.631,2651896957.0
671.597,0.0,90198.0,5121.0,45.0,125.634,2651909527.0
671.698,0.0,90198.0,5121.0,45.0,125.631,2651934653.0
671.798,0.0,90198.0,5121.0,45.0,125.631,2651947204.0
671.898,0.0,90198.0,5121.0,45.0,125.608,2651959739.0
671.998,0.0,90198.0,5121.0,45.0,125.616,2651972280.0
672.098,0.0,90198.0,5121.0,45.0,125.626,2651984856.0
672.198,0.0,90198.0,5121.0,45.0,125.614,2651997402.0
672.298,0.0,90198.0,5121.0,45.0,125.608,2652009974.0
672.398,0.0,90198.0,5121.0,45.0,125.576,2652022508.0
672.498,0.0,90198.0,5121.0,45.0,125.582,2652035042.0
672.598,0.0,90198.0,5121.0,45.0,125.527,2652047587.0
672.698,0.0,90198.0,5121.0,45.0,125.548,2652060151.0
672.798,0.0,90198.0,5121.0,45.0,125.543,2652072708.0
672.898,0.0,90198.0,5121.0,45.0,125.597,2652085286.0
672.998,0.0,90198.0,5121.0,45.0,125.602,2652097827.0
673.098,0.0,90198.0,5121.0,45.0,125.623,2652110398.0
673.198,0.0,90198.0,5121.0,45.0,125.608,2652122949.0
673.298,0.0,90198.0,5121.0,45.0,125.617,2652135514.0
673.396,0.0,90198.0,5121.0,45.0,125.636,2652148054.0
673.498,0.0,90198.0,5121.0,45.0,125.656,2652160594.0
673.598,0.0,90198.0,5121.0,45.0,125.664,2652173142.0
673.698,0.0,90198.0,5121.0,45.0,125.661,2652185704.0
673.798,0.0,90198.0,5121.0,45.0,125.647,2652198265.0
673.898,0.0,90198.0,5121.0,45.0,125.635,2652210821.0
673.998,0.0,90198.0,5121.0,45.0,125.625,2652223366.0
674.098,0.0,90198.0,5121.0,45.0,125.614,2652235922.0
674.198,0.0,90198.0,5121.0,45.0,125.594,2652248455.0
674.298,0.0,90198.0,5121.0,45.0,125.594,2652261010.0
674.398,0.0,90198.0,5121.0,45.0,125.566,2652261010.0
674.496,0.0,90198.0,5121.0,45.0,125.621,2652273559.0
674.598,0.0,90198.0,5121.0,45.0,125.613,2652286123.0
674.698,0.0,90198.0,5121.0,45.0,125.593,2652311232.0
674.798,0.0,90198.0,5121.0,45.0,125.593,2652323799.0
674.898,0.0,90198.0,5121.0,45.0,125.59,2652336367.0
674.998,0.0,90198.0,5121.0,45.0,125.612,2652348930.0
675.098,0.0,90198.0,5121.0,45.0,125.621,2652361469.0
675.198,0.0,90198.0,5121.0,45.0,125.607,2652374030.0
675.298,0.0,90198.0,5121.0,45.0,125.618,2652386589.0
675.398,0.0,90198.0,5121.0,45.0,125.667,2652399152.0
675.498,0.0,90198.0,5121.0,45.0,125.606,2652411694.0
675.598,0.0,90198.0,5121.0,45.0,125.618,2652424249.0
675.698,0.0,90198.0,5121.0,45.0,125.641,2652436809.0
675.798,0.0,90198.0,5121.0,45.0,125.647,2652449376.0
675.898,0.0,90198.0,5121.0,45.0,125.63,2652461922.0
675.998,0.0,90198.0,5121.0,45.0,125.641,2652474497.0
676.098,0.0,90198.0,5121.0,45.0,125.593,2652487020.0
676.198,0.0,90198.0,5121.0,45.0,125.611,2652499564.0
676.298,0.0,90198.0,5121.0,45.0,125.605,2652512106.0
676.397,0.0,90198.0,5121.0,45.0,125.588,2652524668.0
676.497,0.0,90198.0,5121.0,45.0,125.59,2652537221.0
676.598,0.0,90198.0,5121.0,45.0,125.572,2652549797.0
676.698,0.0,90198.0,5121.0,45.0,125.552,2652562316.0
676.798,0.0,90198.0,5121.0,45.0,125.552,2652574861.0
676.898,0.0,90198.0,5121.0,45.0,125.552,2652587415.0
676.998,0.0,90198.0,5121.0,45.0,125.56,2652599959.0
677.098,0.0,90198.0,5121.0,45.0,125.57,2652612515.0
677.198,0.0,90198.0,5121.0,45.0,125.555,2652625064.0
677.298,0.0,90198.0,5121.0,45.0,125.573,2652637609.0
677.398,0.0,90198.0,5121.0,45.0,125.562,2652650165.0
677.498,0.0,90198.0,5121.0,45.0,125.562,2652650165.0
677.598,0.0,90198.0,5121.0,45.0,125.565,2652662714.0
677.698,0.0,90198.0,5121.0,45.0,125.594,2652675273.0
677.798,0.0,90198.0,5121.0,45.0,125.613,2652700396.0
677.898,0.0,90198.0,5121.0,45.0,125.611,2652712952.0
677.997,0.0,90198.0,5121.0,45.0,125.631,2652725512.0
678.097,0.0,90198.0,5121.0,45.0,125.631,2652738073.0
678.196,0.0,90198.0,5121.0,45.0,125.622,2652750603.0
678.298,0.0,90198.0,5121.0,45.0,125.639,2652763170.0
678.398,0.0,90198.0,5121.0,45.0,125.636,2652775718.0
678.498,0.0,90198.0,5121.0,45.0,125.665,2652788284.0
678.598,0.0,90198.0,5121.0,45.0,125.654,2652800844.0
678.698,0.0,90198.0,5121.0,45.0,125.659,2652813404.0
678.798,0.0,90198.0,5121.0,45.0,125.637,2652825944.0
678.898,0.0,90198.0,5121.0,45.0,125.628,2652838497.0
678.998,0.0,90198.0,5121.0,45.0,125.602,2652851051.0
679.098,0.0,90198.0,5121.0,45.0,125.651,2652863629.0
679.197,0.0,90198.0,5121.0,45.0,125.634,2652876158.0
679.296,0.0,90198.0,5121.0,45.0,125.645,2652888722.0
679.398,0.0,90198.0,5121.0,45.0,125.628,2652901270.0
679.498,0.0,90198.0,5121.0,45.0,125.632,2652913840.0
679.598,0.0,90198.0,5121.0,45.0,125.612,2652926375.0
679.698,0.0,90198.0,5121.0,45.0,125.626,2652938938.0
679.798,0.0,90198.0,5121.0,45.0,125.643,2652951499.0
679.898,0.0,90198.0,5121.0,45.0,125.646,2652964059.0
679.998,0.0,90198.0,5121.0,45.0,125.634,2652976604.0
680.098,0.0,90198.0,5121.0,45.0,125.646,2652989163.0
680.198,0.0,90198.0,5121.0,45.0,125.66,2653001717.0
680.298,0.0,90198.0,5121.0,45.0,125.637,2653014280.0
680.398,0.0,90198.0,5121.0,45.0,125.637,2653014280.0
680.498,0.0,90198.0,5121.0,45.0,125.616,2653026805.0
680.598,0.0,90198.0,5121.0,45.0,125.63,2653039342.0
680.698,0.0,90198.0,5121.0,45.0,125.642,2653064481.0
680.798,0.0,90198.0,5121.0,45.0,125.613,2653077032.0
680.898,0.0,90198.0,5121.0,45.0,125.621,2653089586.0
680.998,0.0,90198.0,5121.0,45.0,125.633,2653102144.0
681.098,0.0,90198.0,5121.0,45.0,125.613,2653114700.0
681.198,0.0,90198.0,5121.0,45.0,125.604,2653127242.0
681.298,0.0,90198.0,5121.0,45.0,125.569,2653139788.0
681.398,0.0,90198.0,5121.0,45.0,125.607,2653152355.0
681.498,0.0,90198.0,5121.0,45.0,125.613,2653164879.0
681.598,0.0,90198.0,5121.0,45.0,125.63,2653177455.0
681.698,0.0,90198.0,5121.0,45.0,125.597,2653190002.0
681.798,0.0,90198.0,5121.0,45.0,125.627,2653202576.0
681.898,0.0,90198.0,5121.0,45.0,125.636,2653215132.0
681.997,0.0,90198.0,5121.0,45.0,126.193,2653229264.0
682.098,0.0,90198.0,5121.0,47.0,136.949,2653257073.0
682.198,59.0,90198.0,5121.0,48.0,152.338,2653284314.0
682.298,59.0,90198.0,5121.0,48.0,164.715,2653311298.0
682.398,64.0,90198.0,5121.0,49.0,183.164,2653340677.0
682.498,64.0,90198.0,5121.0,49.0,198.769,2653368978.0
682.598,66.0,90198.0,5121.0,49.0,212.509,2653394229.0
682.698,66.0,90198.0,5121.0,49.0,224.062,2653420786.0
682.798,66.0,90198.0,5121.0,49.0,240.176,2653447787.0
682.898,66.0,90198.0,5121.0,50.0,252.223,2653472540.0
682.998,66.0,90198.0,5121.0,50.0,265.817,2653500735.0
683.098,66.0,90198.0,5121.0,50.0,269.722,2653500735.0
683.198,65.0,90198.0,5121.0,50.0,267.815,2653527912.0
683.298,65.0,90198.0,5121.0,50.0,268.132,2653579510.0
683.398,66.0,90198.0,5121.0,50.0,265.049,2653604970.0
683.498,66.0,90198.0,5121.0,50.0,261.413,2653631157.0
683.598,66.0,90198.0,5121.0,50.0,260.429,2653656605.0
683.698,66.0,90198.0,5121.0,50.0,260.479,2653682821.0
683.798,66.0,90198.0,5121.0,50.0,258.888,2653708824.0
683.898,66.0,90198.0,5121.0,50.0,260.461,2653735681.0
683.998,66.0,90198.0,5121.0,50.0,259.649,2653761441.0
684.098,66.0,90198.0,5121.0,50.0,258.548,2653788926.0
684.198,66.0,90198.0,5121.0,50.0,259.84,2653815182.0
684.298,66.0,90198.0,5121.0,51.0,260.858,2653843354.0
684.398,66.0,90198.0,5121.0,51.0,261.824,2653871117.0
684.498,66.0,90198.0,5121.0,51.0,265.161,2653899339.0
684.598,64.0,90198.0,5121.0,51.0,267.233,2653925958.0
684.698,64.0,90198.0,5121.0,51.0,268.694,2653954652.0
684.798,66.0,90198.0,5121.0,51.0,269.854,2653980710.0
684.898,66.0,90198.0,5121.0,51.0,273.962,2654010578.0
684.998,66.0,90198.0,5121.0,51.0,277.795,2654038050.0
685.098,66.0,90198.0,5121.0,51.0,279.972,2654066409.0
685.198,66.0,90198.0,5121.0,51.0,281.561,2654094536.0
685.297,64.0,90198.0,5121.0,51.0,282.318,2654122712.0
685.398,64.0,90198.0,5121.0,51.0,281.419,2654150267.0
685.498,66.0,90198.0,5121.0,51.0,279.704,2654176466.0
685.598,66.0,90198.0,5121.0,51.0,279.704,2654203469.0
685.697,66.0,90198.0,5121.0,51.0,279.526,2654203469.0
685.798,66.0,90198.0,5121.0,51.0,278.898,2654229989.0
685.898,66.0,90198.0,5121.0,50.0,273.557,2654281497.0
685.998,64.0,90198.0,5121.0,51.0,270.983,2654308185.0
686.098,64.0,90198.0,5121.0,51.0,269.629,2654334184.0
686.198,64.0,90198.0,5121.0,50.0,267.276,2654359309.0
686.298,64.0,90198.0,5121.0,50.0,262.729,2654385114.0
686.398,62.0,90198.0,5121.0,50.0,260.234,2654409144.0
686.498,62.0,90198.0,5121.0,50.0,255.65,2654432969.0
686.598,62.0,90198.0,5121.0,50.0,254.66,2654458120.0
686.699,62.0,90198.0,5121.0,50.0,250.922,2654482676.0
686.796,61.0,90198.0,5121.0,50.0,250.432,2654505928.0
686.898,61.0,90198.0,5121.0,50.0,247.594,2654529003.0
686.996,60.0,90198.0,5121.0,50.0,245.92,2654553871.0
687.098,60.0,90198.0,5121.0,50.0,243.498,2654577343.0
687.198,61.0,90198.0,5121.0,50.0,241.184,2654601923.0
687.298,61.0,90198.0,5121.0,50.0,240.925,2654625513.0
687.398,60.0,90198.0,5121.0,50.0,238.972,2654649877.0
687.498,60.0,90198.0,5121.0,49.0,239.342,2654672397.0
687.598,59.0,90198.0,5121.0,49.0,238.704,2654695489.0
687.698,59.0,90198.0,5121.0,49.0,236.673,2654718028.0
687.798,58.0,90198.0,5121.0,49.0,232.967,2654738591.0
687.898,58.0,90198.0,5121.0,49.0,232.225,2654761398.0
687.997,58.0,90198.0,5121.0,49.0,229.745,2654783412.0
688.098,58.0,90198.0,5121.0,49.0,226.698,2654803308.0
688.198,58.0,90198.0,5121.0,49.0,222.704,2654824193.0
688.299,58.0,90198.0,5121.0,49.0,220.813,2654845721.0
688.398,58.0,90198.0,5121.0,49.0,218.542,2654845721.0
688.498,58.0,90198.0,5121.0,48.0,215.103,2654866732.0
688.598,58.0,90198.0,5121.0,48.0,212.094,2654906765.0
688.698,58.0,90198.0,5121.0,48.0,209.258,2654926394.0
688.798,58.0,90198.0,5121.0,48.0,209.948,2654947851.0
688.897,58.0,90198.0,5121.0,48.0,207.273,2654967772.0
688.998,55.0,90198.0,5121.0,48.0,204.307,2654986901.0
689.098,55.0,90198.0,5121.0,48.0,203.608,2655006225.0
689.198,56.0,90198.0,5121.0,48.0,201.736,2655026163.0
689.298,56.0,90198.0,5121.0,48.0,200.746,2655046687.0
689.398,56.0,90198.0,5121.0,48.0,198.219,2655064796.0
689.498,56.0,90198.0,5121.0,48.0,198.999,2655085003.0
689.598,55.0,90198.0,5121.0,48.0,197.4,2655103971.0
689.698,55.0,90198.0,5121.0,48.0,195.197,2655122315.0
689.798,56.0,90198.0,5121.0,48.0,193.438,2655140622.0
689.898,56.0,90198.0,5121.0,48.0,192.471,2655160466.0
689.998,55.0,90198.0,5121.0,48.0,191.992,2655178724.0
690.098,55.0,90198.0,5121.0,48.0,192.424,2655198588.0
690.198,56.0,90198.0,5121.0,48.0,190.474,2655216512.0
690.298,56.0,90198.0,5121.0,48.0,190.182,2655236339.0
690.398,56.0,90198.0,5121.0,48.0,189.69,2655254347.0
690.498,56.0,90198.0,5121.0,48.0,188.514,2655273851.0
690.598,56.0,90198.0,5121.0,47.0,188.955,2655291972.0
690.698,55.0,90198.0,5121.0,47.0,189.533,2655311615.0
690.798,55.0,90198.0,5121.0,47.0,190.788,2655331218.0
690.898,55.0,90198.0,5121.0,47.0,190.788,2655351244.0
690.998,55.0,90198.0,5121.0,47.0,191.647,2655351244.0
691.098,55.0,90198.0,5121.0,47.0,189.972,2655370284.0
691.198,53.0,90198.0,5121.0,47.0,190.732,2655406780.0
691.298,53.0,90198.0,5121.0,47.0,189.343,2655425956.0
691.396,53.0,90198.0,5121.0,47.0,189.814,2655445070.0
691.498,53.0,90198.0,5121.0,47.0,190.55,2655463979.0
691.598,35.0,90198.0,5121.0,47.0,185.329,2655476981.0
691.698,35.0,90198.0,5121.0,46.0,178.793,2655489561.0
691.798,0.0,90198.0,5121.0,46.0,172.031,2655502226.0
691.898,0.0,90198.0,5121.0,46.0,165.13,2655514875.0
691.997,0.0,90198.0,5121.0,46.0,158.105,2655527506.0
692.098,0.0,90198.0,5121.0,46.0,152.629,2655540166.0
692.198,0.0,90198.0,5121.0,46.0,147.13,2655552797.0
692.296,0.0,90198.0,5121.0,46.0,140.389,2655565409.0
692.397,0.0,90198.0,5121.0,46.0,134.744,2655578030.0
692.498,0.0,90198.0,5121.0,46.0,127.301,2655590649.0
692.597,0.0,90198.0,5121.0,46.0,130.157,2655609207.0
692.698,0.0,90198.0,5121.0,47.0,141.963,2655633844.0
692.798,49.0,90198.0,5121.0,48.0,155.032,2655660078.0
692.898,49.0,90198.0,5121.0,49.0,169.779,2655687262.0
692.998,63.0,90198.0,5121.0,49.0,182.712,2655713175.0
693.098,63.0,90198.0,5121.0,49.0,196.277,2655738826.0
693.196,65.0,90198.0,5121.0,49.0,209.837,2655765760.0
693.298,65.0,90198.0,5121.0,49.0,224.013,2655791461.0
693.398,64.0,90198.0,5121.0,50.0,251.761,2655817302.0
693.497,66.0,90198.0,5121.0,50.0,259.886,2655843776.0
693.597,66.0,90198.0,5121.0,50.0,259.886,2655869022.0
693.698,66.0,90198.0,5121.0,50.0,261.854,2655869022.0
693.798,65.0,90198.0,5121.0,50.0,262.98,2655895704.0
693.898,65.0,90198.0,5121.0,50.0,261.998,2655949345.0
693.998,65.0,90198.0,5121.0,50.0,261.175,2655974574.0
694.098,65.0,90198.0,5121.0,50.0,261.338,2656000322.0
694.198,64.0,90198.0,5121.0,50.0,260.298,2656026480.0
694.297,64.0,90198.0,5121.0,50.0,260.467,2656052182.0
694.398,65.0,90198.0,5121.0,50.0,260.516,2656077785.0
694.496,65.0,90198.0,5121.0,50.0,260.217,2656104006.0
694.598,65.0,90198.0,5121.0,50.0,259.365,2656128752.0
694.697,65.0,90198.0,5121.0,50.0,259.079,2656155034.0
694.798,65.0,90198.0,5121.0,50.0,256.528,2656179876.0
694.898,65.0,90198.0,5121.0,50.0,255.809,2656205643.0
694.998,65.0,90198.0,5121.0,50.0,255.086,2656230459.0
695.098,65.0,90198.0,5121.0,50.0,254.182,2656256493.0
695.198,64.0,90198.0,5121.0,50.0,254.617,2656281321.0
695.298,64.0,90198.0,5121.0,50.0,254.409,2656306860.0
695.398,65.0,90198.0,5121.0,50.0,253.823,2656332128.0
695.498,65.0,90198.0,5121.0,50.0,253.051,2656358232.0
695.598,66.0,90198.0,5121.0,50.0,254.141,2656383581.0
695.698,66.0,90198.0,5121.0,50.0,251.365,2656407008.0
695.798,63.0,90198.0,5121.0,50.0,251.432,2656431936.0
695.898,63.0,90198.0,5121.0,50.0,251.694,2656458093.0
695.998,62.0,90198.0,5121.0,50.0,253.137,2656483896.0
696.098,62.0,90198.0,5121.0,50.0,253.28,2656508909.0
696.197,63.0,90198.0,5121.0,50.0,250.665,2656532570.0
696.298,63.0,90198.0,5121.0,50.0,250.321,2656532570.0
696.398,61.0,90198.0,5121.0,50.0,250.181,2656558324.0
696.498,61.0,90198.0,5121.0,50.0,249.082,2656607166.0
696.597,62.0,90198.0,5121.0,50.0,248.874,2656633130.0
696.698,62.0,90198.0,5121.0,50.0,250.037,2656656044.0
696.798,62.0,90198.0,5121.0,50.0,250.436,2656680669.0
696.898,62.0,90198.0,5121.0,50.0,249.734,2656705562.0
696.997,62.0,90198.0,5121.0,50.0,247.624,2656730149.0
697.097,62.0,90198.0,5121.0,50.0,247.499,2656755176.0
697.197,62.0,90198.0,5121.0,50.0,248.284,2656779519.0
697.298,62.0,90198.0,5121.0,50.0,246.847,2656803320.0
697.398,61.0,90198.0,5121.0,50.0,246.496,2656827557.0
697.498,61.0,90198.0,5121.0,50.0,245.763,2656850350.0
697.598,62.0,90198.0,5121.0,50.0,243.79,2656874386.0
697.698,62.0,90198.0,5121.0,50.0,242.145,2656897956.0
697.797,61.0,90198.0,5121.0,50.0,240.809,2656920413.0
697.897,61.0,90198.0,5121.0,49.0,239.38,2656944440.0
697.997,60.0,90198.0,5121.0,49.0,236.857,2656966750.0
698.097,60.0,90198.0,5121.0,49.0,235.704,2656990316.0
698.198,59.0,90198.0,5121.0,49.0,234.175,2657012317.0
698.298,59.0,90198.0,5121.0,49.0,229.778,2657032776.0
698.398,58.0,90198.0,5121.0,49.0,226.169,2657053629.0
698.498,58.0,90198.0,5121.0,49.0,223.236,2657075143.0
698.598,58.0,90198.0,5121.0,49.0,222.598,2657097228.0
698.698,58.0,90198.0,5121.0,49.0,220.155,2657118348.0
698.797,58.0,90198.0,5121.0,49.0,214.339,2657139755.0
698.897,58.0,90198.0,5121.0,49.0,214.339,2657158947.0
698.998,58.0,90198.0,5121.0,49.0,212.37,2657158947.0
699.097,58.0,90198.0,5121.0,48.0,210.103,2657179553.0
699.197,57.0,90198.0,5121.0,48.0,205.437,2657218848.0
699.298,57.0,90198.0,5121.0,48.0,205.639,2657238636.0
699.398,56.0,90198.0,5121.0,48.0,203.446,2657257402.0
699.498,56.0,90198.0,5121.0,48.0,201.6,2657276466.0
699.598,56.0,90198.0,5121.0,48.0,199.402,2657296621.0
699.698,56.0,90198.0,5121.0,48.0,197.395,2657316560.0
699.797,57.0,90198.0,5121.0,48.0,195.706,2657336191.0
699.898,57.0,90198.0,5121.0,48.0,195.819,2657355459.0
699.997,56.0,90198.0,5121.0,48.0,192.988,2657373926.0
700.098,56.0,90198.0,5121.0,48.0,192.303,2657393157.0
700.198,56.0,90198.0,5121.0,48.0,192.702,2657411760.0
700.298,56.0,90198.0,5121.0,48.0,190.868,2657430636.0
700.398,56.0,90198.0,5121.0,48.0,193.075,2657450526.0
700.498,56.0,90198.0,5121.0,48.0,191.61,2657467997.0
700.597,55.0,90198.0,5121.0,48.0,188.654,2657485665.0
700.698,55.0,90198.0,5121.0,48.0,187.158,2657504792.0
700.797,56.0,90198.0,5121.0,48.0,186.512,2657522939.0
700.898,56.0,90198.0,5121.0,48.0,186.162,2657542636.0
700.998,56.0,90198.0,5121.0,47.0,188.549,2657563409.0
701.098,56.0,90198.0,5121.0,47.0,187.639,2657581412.0
701.198,53.0,90198.0,5121.0,47.0,186.357,2657599764.0
701.298,53.0,90198.0,5121.0,47.0,187.69,2657618870.0
701.396,53.0,90198.0,5121.0,47.0,185.763,2657637306.0
701.497,53.0,90198.0,5121.0,47.0,185.763,2657653992.0
701.596,53.0,90198.0,5121.0,47.0,185.033,2657653992.0
701.698,53.0,90198.0,5121.0,47.0,185.723,2657672128.0
701.798,52.0,90198.0,5121.0,47.0,186.796,2657710084.0
701.897,52.0,90198.0,5121.0,47.0,184.831,2657726658.0
701.998,51.0,90198.0,5121.0,47.0,180.924,2657744498.0
702.098,51.0,90198.0,5121.0,47.0,179.098,2657759341.0
702.198,6.0,90198.0,5121.0,46.0,174.786,2657772019.0
702.298,6.0,90198.0,5121.0,46.0,167.329,2657784684.0
702.396,0.0,90198.0,5121.0,46.0,161.452,2657797325.0
702.498,0.0,90198.0,5121.0,46.0,158.715,2657809969.0
702.598,5.0,90198.0,5121.0,46.0,160.207,2657831186.0
702.697,5.0,90198.0,5121.0,48.0,167.307,2657859876.0
702.798,62.0,90198.0,5121.0,49.0,176.643,2657888291.0
702.898,62.0,90198.0,5121.0,49.0,184.629,2657912864.0
702.998,65.0,90198.0,5121.0,50.0,194.811,2657940447.0
703.098,65.0,90198.0,5121.0,50.0,207.394,2657969061.0
703.198,66.0,90198.0,5121.0,50.0,223.159,2657996528.0
703.298,66.0,90198.0,5121.0,50.0,234.371,2658023156.0
703.398,64.0,90198.0,5121.0,50.0,250.824,2658051989.0
703.498,64.0,90198.0,5121.0,50.0,266.444,2658080279.0
703.598,66.0,90198.0,5121.0,50.0,278.929,2658108530.0
703.697,66.0,90198.0,5121.0,50.0,279.305,2658136497.0
703.798,66.0,90198.0,5121.0,50.0,276.779,2658163988.0
703.898,66.0,90198.0,5121.0,50.0,278.843,2658192030.0
703.998,66.0,90198.0,5121.0,51.0,278.755,2658218518.0
704.098,66.0,90198.0,5121.0,51.0,279.517,2658248313.0
704.198,65.0,90198.0,5121.0,51.0,280.241,2658277530.0
704.298,65.0,90198.0,5121.0,51.0,280.241,2658304869.0
704.398,65.0,90198.0,5121.0,51.0,281.549,2658304869.0
704.498,66.0,90198.0,5121.0,51.0,283.032,2658334823.0
704.598,66.0,90198.0,5121.0,51.0,281.909,2658391451.0
704.698,66.0,90198.0,5121.0,51.0,280.302,2658417240.0
704.798,66.0,90198.0,5121.0,51.0,280.72,2658443969.0
704.898,66.0,90198.0,5121.0,51.0,279.177,2658469132.0
704.998,64.0,90198.0,5121.0,51.0,277.596,2658494558.0
705.098,64.0,90198.0,5121.0,51.0,275.285,2658522043.0
705.196,66.0,90198.0,5121.0,51.0,271.913,2658548528.0
705.298,66.0,90198.0,5121.0,51.0,271.046,2658576202.0
705.398,65.0,90198.0,5121.0,51.0,267.138,2658602066.0
705.498,65.0,90198.0,5121.0,51.0,263.392,2658627878.0
705.598,66.0,90198.0,5121.0,51.0,265.069,2658656753.0
705.698,66.0,90198.0,5121.0,51.0,265.504,2658682637.0
705.797,66.0,90198.0,5121.0,51.0,264.308,2658708741.0
705.897,66.0,90198.0,5121.0,51.0,264.934,2658734599.0
705.997,66.0,90198.0,5121.0,51.0,266.71,2658762095.0
706.098,66.0,90198.0,5121.0,51.0,267.221,2658789416.0
706.198,66.0,90198.0,5121.0,51.0,268.621,2658816920.0
706.298,66.0,90198.0,5121.0,51.0,266.696,2658842892.0
706.398,66.0,90198.0,5121.0,51.0,266.973,2658868908.0
706.498,66.0,90198.0,5121.0,51.0,266.244,2658894114.0
706.598,65.0,90198.0,5121.0,51.0,263.125,2658894114.0
706.698,65.0,90198.0,5121.0,51.0,262.217,2658919276.0
706.798,66.0,90198.0,5121.0,51.0,261.567,2658970393.0
706.898,66.0,90198.0,5121.0,51.0,262.627,2658996635.0
706.998,63.0,90198.0,5121.0,51.0,259.229,2659021381.0
707.098,63.0,90198.0,5121.0,51.0,255.503,2659045476.0
707.198,62.0,90198.0,5121.0,50.0,253.992,2659070989.0
707.298,62.0,90198.0,5121.0,50.0,252.035,2659094997.0
707.398,60.0,90198.0,5121.0,50.0,249.613,2659118456.0
707.498,60.0,90198.0,5121.0,50.0,248.701,2659143259.0
707.598,62.0,90198.0,5121.0,50.0,246.645,2659165519.0
707.698,62.0,90198.0,5121.0,50.0,244.549,2659189701.0
707.797,62.0,90198.0,5121.0,50.0,242.53,2659213617.0
707.897,62.0,90198.0,5121.0,50.0,239.92,2659238040.0
707.998,62.0,90198.0,5121.0,50.0,237.453,2659260531.0
708.098,62.0,90198.0,5121.0,50.0,236.661,2659283706.0
708.198,58.0,90198.0,5121.0,50.0,236.218,2659307716.0
708.298,58.0,90198.0,5121.0,49.0,233.293,2659329761.0
708.398,59.0,90198.0,5121.0,49.0,231.518,2659351144.0
708.498,59.0,90198.0,5121.0,49.0,228.413,2659372780.0
708.598,58.0,90198.0,5121.0,49.0,226.356,2659393835.0
708.698,58.0,90198.0,5121.0,49.0,226.356,2659414400.0
708.798,58.0,90198.0,5121.0,49.0,222.326,2659433893.0
708.898,58.0,90198.0,5121.0,49.0,218.165,2659454775.0
708.998,58.0,90198.0,5121.0,49.0,214.693,2659474697.0
709.097,58.0,90198.0,5121.0,49.0,212.219,2659495748.0
709.197,58.0,90198.0,5121.0,49.0,209.881,2659495748.0
709.298,58.0,90198.0,5121.0,49.0,207.624,2659516437.0
709.398,58.0,90198.0,5121.0,49.0,207.905,2659559141.0
709.498,57.0,90198.0,5121.0,49.0,206.821,2659578812.0
709.598,58.0,90198.0,5121.0,48.0,204.781,2659599368.0
709.697,58.0,90198.0,5121.0,48.0,204.845,2659619283.0
709.798,56.0,90198.0,5121.0,48.0,205.247,2659639249.0
709.898,56.0,90198.0,5121.0,48.0,204.137,2659658421.0
709.996,55.0,90198.0,5121.0,48.0,204.826,2659678589.0
710.098,55.0,90198.0,5121.0,48.0,203.166,2659698014.0
710.198,56.0,90198.0,5121.0,48.0,202.036,2659716968.0
710.298,56.0,90198.0,5121.0,48.0,198.67,2659736501.0
710.397,55.0,90198.0,5121.0,48.0,198.38,2659755933.0
710.498,55.0,90198.0,5121.0,48.0,197.194,2659774638.0
710.598,55.0,90198.0,5121.0,48.0,196.248,2659794225.0
710.698,55.0,90198.0,5121.0,48.0,193.787,2659812247.0
710.798,55.0,90198.0,5121.0,48.0,193.468,2659832091.0
710.898,55.0,90198.0,5121.0,48.0,191.276,2659849266.0
710.998,56.0,90198.0,5121.0,48.0,189.369,2659868233.0
711.098,56.0,90198.0,5121.0,48.0,187.232,2659886010.0
711.198,56.0,90198.0,5121.0,48.0,188.698,2659906369.0
711.298,56.0,90198.0,5121.0,48.0,187.14,2659924117.0
711.397,56.0,90198.0,5121.0,48.0,185.167,2659941856.0
711.498,56.0,90198.0,5121.0,48.0,183.056,2659958074.0
711.598,53.0,90198.0,5121.0,47.0,180.353,2659975400.0
711.697,53.0,90198.0,5121.0,47.0,180.353,2659993516.0
711.798,53.0,90198.0,5121.0,47.0,180.31,2659993516.0
711.898,53.0,90198.0,5121.0,47.0,180.011,2660012454.0
711.996,53.0,90198.0,5121.0,47.0,181.493,2660049219.0
712.098,53.0,90198.0,5121.0,47.0,182.019,2660065594.0
712.198,53.0,90198.0,5121.0,47.0,179.184,2660078285.0
712.298,0.0,90198.0,5121.0,47.0,166.67,2660090969.0
712.397,29.0,90198.0,5121.0,46.0,166.649,2660105247.0
712.497,29.0,90198.0,5121.0,48.0,174.684,2660130812.0
712.597,58.0,90198.0,5121.0,49.0,186.04,2660156552.0
712.698,58.0,90198.0,5121.0,49.0,194.63,2660185229.0
712.798,65.0,90198.0,5121.0,50.0,200.155,2660211595.0
712.898,65.0,90198.0,5121.0,50.0,207.884,2660236068.0
712.997,66.0,90198.0,5121.0,50.0,216.668,2660264154.0
713.098,66.0,90198.0,5121.0,50.0,229.192,2660292369.0
713.198,66.0,90198.0,5121.0,50.0,241.379,2660318354.0
713.298,66.0,90198.0,5121.0,50.0,256.393,2660345000.0
713.397,66.0,90198.0,5121.0,50.0,268.487,2660374641.0
713.498,66.0,90198.0,5121.0,50.0,272.83,2660403008.0
713.597,66.0,90198.0,5121.0,51.0,270.648,2660429270.0
713.698,66.0,90198.0,5121.0,51.0,267.112,2660453509.0
713.798,66.0,90198.0,5121.0,50.0,269.162,2660480558.0
713.898,66.0,90198.0,5121.0,51.0,275.473,2660510051.0
713.998,66.0,90198.0,5121.0,51.0,275.771,2660538356.0
714.098,66.0,90198.0,5121.0,51.0,273.612,2660563897.0
714.198,66.0,90198.0,5121.0,51.0,275.196,2660589833.0
714.298,66.0,90198.0,5121.0,51.0,272.752,2660616444.0
714.397,65.0,90198.0,5121.0,51.0,268.942,2660641549.0
714.497,65.0,90198.0,5121.0,51.0,266.057,2660641549.0
714.597,66.0,90198.0,5121.0,51.0,267.981,2660667995.0
714.697,66.0,90198.0,5121.0,51.0,268.625,2660721051.0
714.798,66.0,90198.0,5121.0,51.0,268.112,2660747100.0
714.897,66.0,90198.0,5121.0,51.0,266.01,2660776531.0
714.997,66.0,90198.0,5121.0,51.0,262.287,2660801468.0
715.098,66.0,90198.0,5121.0,51.0,261.686,2660827249.0
715.198,66.0,90198.0,5121.0,51.0,259.909,2660851896.0
715.298,66.0,90198.0,5121.0,51.0,261.097,2660878782.0
715.397,66.0,90198.0,5121.0,51.0,262.062,2660904706.0
715.498,66.0,90198.0,5121.0,51.0,262.747,2660932212.0
715.598,66.0,90198.0,5121.0,51.0,261.283,2660958359.0
715.698,66.0,90198.0,5121.0,51.0,261.815,2660984113.0
715.798,66.0,90198.0,5121.0,51.0,264.018,2661011762.0
715.898,66.0,90198.0,5121.0,51.0,263.79,2661041126.0
715.996,66.0,90198.0,5121.0,51.0,264.421,2661067007.0
716.098,66.0,90198.0,5121.0,51.0,266.171,2661093257.0
716.197,66.0,90198.0,5121.0,51.0,266.119,2661119777.0
716.298,66.0,90198.0,5121.0,51.0,265.135,2661146170.0
716.398,66.0,90198.0,5121.0,51.0,265.98,2661172028.0
716.498,66.0,90198.0,5121.0,51.0,264.896,2661198417.0
716.597,64.0,90198.0,5121.0,51.0,265.072,2661224745.0
716.698,64.0,90198.0,5121.0,51.0,265.015,2661249645.0
716.798,66.0,90198.0,5121.0,51.0,264.469,2661277410.0
716.898,66.0,90198.0,5121.0,51.0,261.228,2661302633.0
716.998,65.0,90198.0,5121.0,51.0,260.769,2661329309.0
717.098,65.0,90198.0,5121.0,51.0,260.769,2661355616.0
717.198,65.0,90198.0,5121.0,51.0,261.414,2661355616.0
717.298,61.0,90198.0,5121.0,51.0,260.966,2661380478.0
717.398,61.0,90198.0,5121.0,50.0,259.996,2661430791.0
717.498,62.0,90198.0,5121.0,50.0,257.806,2661454694.0
717.598,62.0,90198.0,5121.0,50.0,255.062,2661478704.0
717.698,62.0,90198.0,5121.0,50.0,253.065,2661504342.0
717.797,62.0,90198.0,5121.0,50.0,248.429,2661527729.0
717.898,61.0,90198.0,5121.0,50.0,247.034,2661551966.0
717.997,62.0,90198.0,5121.0,50.0,244.019,2661574580.0
718.098,62.0,90198.0,5121.0,50.0,241.333,2661597466.0
718.197,61.0,90198.0,5121.0,50.0,239.605,2661621641.0
718.298,61.0,90198.0,5121.0,50.0,237.711,2661644059.0
718.398,59.0,90198.0,5121.0,50.0,236.143,2661667113.0
718.498,59.0,90198.0,5121.0,49.0,236.215,2661690087.0
718.597,59.0,90198.0,5121.0,49.0,234.392,2661713186.0
718.697,59.0,90198.0,5121.0,49.0,232.405,2661736099.0
718.797,59.0,90198.0,5121.0,49.0,233.238,2661759274.0
718.897,59.0,90198.0,5121.0,49.0,230.455,2661781531.0
718.998,58.0,90198.0,5121.0,49.0,230.585,2661804121.0
719.097,58.0,90198.0,5121.0,49.0,229.027,2661825066.0
719.198,58.0,90198.0,5121.0,49.0,225.09,2661845693.0
719.297,58.0,90198.0,5121.0,49.0,221.947,2661865845.0
719.398,58.0,90198.0,5121.0,49.0,219.396,2661885348.0
719.497,58.0,90198.0,5121.0,49.0,215.782,2661905335.0
719.597,55.0,90198.0,5121.0,49.0,213.466,2661925577.0
719.698,55.0,90198.0,5121.0,49.0,213.466,2661945164.0
719.798,55.0,90198.0,5121.0,48.0,210.353,2661945164.0
719.897,55.0,90198.0,5121.0,48.0,206.304,2661964478.0
719.998,55.0,90198.0,5121.0,48.0,203.686,2662003478.0
720.098,55.0,90198.0,5121.0,48.0,199.158,2662023736.0
720.198,55.0,90198.0,5121.0,48.0,198.591,2662044013.0
720.298,55.0,90198.0,5121.0,48.0,197.863,2662063389.0
720.398,55.0,90198.0,5121.0,48.0,196.549,2662081978.0
720.498,56.0,90198.0,5121.0,48.0,195.6,2662101693.0
720.598,56.0,90198.0,5121.0,48.0,195.702,2662120314.0
720.698,56.0,90198.0,5121.0,48.0,194.371,2662139712.0
720.798,56.0,90198.0,5121.0,48.0,193.92,2662157402.0
720.897,56.0,90198.0,5121.0,48.0,191.166,2662175102.0
720.998,56.0,90198.0,5121.0,48.0,190.066,2662195491.0
721.097,56.0,90198.0,5121.0,48.0,192.14,2662215013.0
721.198,56.0,90198.0,5121.0,48.0,191.622,2662232516.0
721.298,55.0,90198.0,5121.0,48.0,189.534,2662250472.0
721.397,55.0,90198.0,5121.0,48.0,188.113,2662268918.0
721.498,53.0,90198.0,5121.0,48.0,187.636,2662286359.0
721.597,53.0,90198.0,5121.0,48.0,186.006,2662303384.0
721.697,53.0,90198.0,5121.0,47.0,183.711,2662320417.0
721.797,53.0,90198.0,5121.0,47.0,182.215,2662338953.0
721.898,53.0,90198.0,5121.0,47.0,182.172,2662355305.0
721.998,53.0,90198.0,5121.0,47.0,180.09,2662369455.0
722.098,6.0,90198.0,5121.0,47.0,172.873,2662382195.0
722.198,6.0,90198.0,5121.0,47.0,165.779,2662394772.0
722.297,0.0,90198.0,5121.0,46.0,161.135,2662407321.0
722.398,0.0,90198.0,5121.0,46.0,155.955,2662407321.0
722.498,39.0,90198.0,5121.0,47.0,157.611,2662424566.0
722.598,39.0,90198.0,5121.0,49.0,167.907,2662481128.0
722.698,66.0,90198.0,5121.0,49.0,180.639,2662508354.0
722.797,66.0,90198.0,5121.0,49.0,189.476,2662534635.0
722.898,65.0,90198.0,5121.0,50.0,196.905,2662560426.0
722.998,65.0,90198.0,5121.0,50.0,205.684,2662584859.0
723.098,66.0,90198.0,5121.0,50.0,217.893,2662611112.0
723.198,66.0,90198.0,5121.0,50.0,232.208,2662636653.0
723.297,66.0,90198.0,5121.0,50.0,245.159,2662664548.0
723.397,66.0,90198.0,5121.0,50.0,260.903,2662693178.0
723.498,66.0,90198.0,5121.0,50.0,269.776,2662721372.0
723.598,66.0,90198.0,5121.0,51.0,269.112,2662747350.0
723.698,66.0,90198.0,5121.0,51.0,264.787,2662773222.0
723.798,66.0,90198.0,5121.0,51.0,264.263,2662801206.0
723.898,66.0,90198.0,5121.0,51.0,266.852,2662826003.0
723.998,66.0,90198.0,5121.0,51.0,266.791,2662852542.0
724.097,66.0,90198.0,5121.0,51.0,268.308,2662879471.0
724.198,66.0,90198.0,5121.0,51.0,268.325,2662904654.0
724.298,66.0,90198.0,5121.0,51.0,267.464,2662930521.0
724.397,66.0,90198.0,5121.0,51.0,266.686,2662959217.0
724.498,65.0,90198.0,5121.0,51.0,265.626,2662986322.0
724.597,65.0,90198.0,5121.0,51.0,265.439,2663014804.0
724.698,66.0,90198.0,5121.0,51.0,267.595,2663042604.0
724.797,66.0,90198.0,5121.0,51.0,269.064,2663069953.0
724.898,65.0,90198.0,5121.0,51.0,268.151,2663098219.0
724.997,65.0,90198.0,5121.0,51.0,271.19,2663098219.0
725.097,66.0,90198.0,5121.0,51.0,271.509,2663125744.0
725.198,66.0,90198.0,5121.0,51.0,270.556,2663179424.0
725.298,64.0,90198.0,5121.0,51.0,274.19,2663207913.0
725.397,64.0,90198.0,5121.0,51.0,275.88,2663237865.0
725.498,66.0,90198.0,5121.0,51.0,276.53,2663263485.0
725.598,66.0,90198.0,5121.0,51.0,276.477,2663292051.0
725.698,66.0,90198.0,5121.0,51.0,276.799,2663320868.0
725.798,66.0,90198.0,5121.0,51.0,278.482,2663348397.0
725.898,66.0,90198.0,5121.0,51.0,275.687,2663374276.0
725.998,65.0,90198.0,5121.0,51.0,276.268,2663399036.0
726.098,65.0,90198.0,5121.0,51.0,278.134,2663427574.0
726.197,66.0,90198.0,5121.0,51.0,276.691,2663455047.0
726.297,66.0,90198.0,5121.0,51.0,276.821,2663482496.0
726.397,66.0,90198.0,5121.0,51.0,273.973,2663508576.0
726.498,66.0,90198.0,5121.0,51.0,274.684,2663535559.0
726.597,65.0,90198.0,5121.0,51.0,273.456,2663562172.0
726.698,65.0,90198.0,5121.0,51.0,270.247,2663588553.0
726.798,63.0,90198.0,5121.0,50.0,268.302,2663613818.0
726.898,63.0,90198.0,5121.0,51.0,267.295,2663639001.0
726.997,64.0,90198.0,5121.0,51.0,267.715,2663665143.0
727.097,64.0,90198.0,5121.0,51.0,263.268,2663691232.0
727.197,62.0,90198.0,5121.0,51.0,260.662,2663714632.0
727.297,62.0,90198.0,5121.0,51.0,256.393,2663739119.0
727.398,62.0,90198.0,5121.0,50.0,254.543,2663763012.0
727.497,62.0,90198.0,5121.0,50.0,250.684,2663786577.0
727.598,62.0,90198.0,5121.0,50.0,248.07,2663786577.0
727.697,62.0,90198.0,5121.0,50.0,247.5,2663811480.0
727.798,61.0,90198.0,5121.0,50.0,247.168,2663862300.0
727.898,61.0,90198.0,5121.0,50.0,245.475,2663885570.0
727.998,62.0,90198.0,5121.0,50.0,242.981,2663909988.0
728.097,62.0,90198.0,5121.0,50.0,242.438,2663933944.0
728.198,62.0,90198.0,5121.0,50.0,241.607,2663957750.0
728.298,62.0,90198.0,5121.0,50.0,241.642,2663982251.0
728.397,59.0,90198.0,5121.0,50.0,239.649,2664004040.0
728.498,59.0,90198.0,5121.0,49.0,238.691,2664026253.0
728.597,59.0,90198.0,5121.0,49.0,235.052,2664047479.0
728.697,59.0,90198.0,5121.0,49.0,230.702,2664069676.0
728.796,58.0,90198.0,5121.0,49.0,227.669,2664090982.0
728.898,58.0,90198.0,5121.0,49.0,227.23,2664113360.0
728.998,58.0,90198.0,5121.0,49.0,223.586,2664134830.0
729.097,58.0,90198.0,5121.0,49.0,220.778,2664155468.0
729.198,57.0,90198.0,5121.0,49.0,219.26,2664176923.0
729.298,57.0,90198.0,5121.0,49.0,214.956,2664196726.0
729.398,58.0,90198.0,5121.0,49.0,212.605,2664217134.0
729.498,58.0,90198.0,5121.0,49.0,210.984,2664237952.0
729.596,58.0,90198.0,5121.0,49.0,211.343,2664258478.0
729.697,58.0,90198.0,5121.0,48.0,208.4,2664277716.0
729.798,56.0,90198.0,5121.0,48.0,205.563,2664297109.0
729.898,56.0,90198.0,5121.0,48.0,201.768,2664316124.0
729.998,55.0,90198.0,5121.0,48.0,202.288,2664336514.0
730.097,55.0,90198.0,5121.0,48.0,199.475,2664355846.0
730.198,55.0,90198.0,5121.0,48.0,199.475,2664375669.0
730.298,56.0,90198.0,5121.0,48.0,198.038,2664375669.0
730.398,56.0,90198.0,5121.0,48.0,197.532,2664395050.0
730.498,56.0,90198.0,5121.0,48.0,196.068,2664433758.0
730.598,56.0,90198.0,5121.0,48.0,194.897,2664452579.0
730.698,55.0,90198.0,5121.0,48.0,193.219,2664472488.0
730.798,55.0,90198.0,5121.0,48.0,193.557,2664491202.0
730.897,54.0,90198.0,5121.0,48.0,193.251,2664509377.0
730.998,54.0,90198.0,5121.0,48.0,191.42,2664526592.0
731.098,56.0,90198.0,5121.0,48.0,190.207,2664545947.0
731.198,56.0,90198.0,5121.0,48.0,191.277,2664565887.0
731.297,56.0,90198.0,5121.0,48.0,187.108,2664582581.0
731.398,55.0,90198.0,5121.0,48.0,184.598,2664598540.0
731.498,55.0,90198.0,5121.0,48.0,181.95,2664615327.0
731.598,53.0,90198.0,5121.0,48.0,182.446,2664633075.0
731.698,53.0,90198.0,5121.0,47.0,182.843,2664652736.0
731.797,52.0,90198.0,5121.0,47.0,179.414,2664670962.0
731.898,52.0,90198.0,5121.0,47.0,176.394,2664685779.0
731.998,0.0,90198.0,5121.0,47.0,169.68,2664698562.0
732.096,0.0,90198.0,5121.0,47.0,162.105,2664711134.0
732.197,10.0,90198.0,5121.0,46.0,158.89,2664723961.0
732.297,10.0,90198.0,5121.0,47.0,167.599,2664745959.0
732.397,52.0,90198.0,5121.0,49.0,178.225,2664770189.0
732.498,52.0,90198.0,5121.0,50.0,187.476,2664799804.0
732.598,66.0,90198.0,5121.0,50.0,194.851,2664825282.0
732.697,66.0,90198.0,5121.0,50.0,204.736,2664854219.0
732.798,66.0,90198.0,5121.0,50.0,213.815,2664882651.0
732.897,66.0,90198.0,5121.0,50.0,225.518,2664882651.0
732.998,65.0,90198.0,5121.0,50.0,239.574,2664908406.0
733.098,65.0,90198.0,5121.0,50.0,259.076,2664964602.0
733.198,66.0,90198.0,5121.0,50.0,270.35,2664993827.0
733.298,66.0,90198.0,5121.0,51.0,271.602,2665019384.0
733.398,66.0,90198.0,5121.0,51.0,270.178,2665045057.0
733.498,66.0,90198.0,5121.0,51.0,268.09,2665070493.0
733.598,65.0,90198.0,5121.0,51.0,267.892,2665096029.0
733.698,65.0,90198.0,5121.0,51.0,263.742,2665121382.0
733.798,63.0,90198.0,5121.0,51.0,264.156,2665146852.0
733.897,63.0,90198.0,5121.0,51.0,267.466,2665176653.0
733.997,66.0,90198.0,5121.0,51.0,268.144,2665204623.0
734.096,66.0,90198.0,5121.0,51.0,267.217,2665232096.0
734.196,66.0,90198.0,5121.0,51.0,266.465,2665260762.0
734.296,66.0,90198.0,5121.0,51.0,272.46,2665289150.0
734.398,65.0,90198.0,5121.0,51.0,275.098,2665318911.0
734.498,65.0,90198.0,5121.0,51.0,276.357,2665345078.0
734.597,66.0,90198.0,5121.0,51.0,279.014,2665371960.0
734.698,66.0,90198.0,5121.0,51.0,280.361,2665400449.0
734.798,66.0,90198.0,5121.0,51.0,280.998,2665427413.0
734.898,66.0,90198.0,5121.0,51.0,276.042,2665453904.0
734.998,66.0,90198.0,5121.0,51.0,275.765,2665479622.0
735.098,66.0,90198.0,5121.0,51.0,274.421,2665505669.0
735.198,65.0,90198.0,5121.0,51.0,275.888,2665533798.0
735.298,65.0,90198.0,5121.0,51.0,274.304,2665562437.0
735.398,66.0,90198.0,5121.0,51.0,273.273,2665591792.0
735.498,66.0,90198.0,5121.0,51.0,275.032,2665618343.0
735.597,66.0,90198.0,5121.0,51.0,275.032,2665645428.0
735.697,66.0,90198.0,5121.0,51.0,273.053,2665645428.0
735.797,66.0,90198.0,5121.0,51.0,274.109,2665671569.0
735.898,66.0,90198.0,5121.0,51.0,272.691,2665725149.0
735.998,66.0,90198.0,5121.0,51.0,273.066,2665752064.0
736.098,66.0,90198.0,5121.0,51.0,275.237,2665779283.0
736.198,66.0,90198.0,5121.0,51.0,276.026,2665805032.0
736.298,65.0,90198.0,5121.0,51.0,271.827,2665830795.0
736.398,65.0,90198.0,5121.0,51.0,270.915,2665857697.0
736.498,66.0,90198.0,5121.0,51.0,267.904,2665885914.0
736.611,66.0,90198.0,5121.0,51.0,268.124,2665911824.0
736.705,64.0,90198.0,5121.0,51.0,267.364,2665937244.0
736.798,64.0,90198.0,5121.0,51.0,265.062,2665961959.0
736.898,62.0,90198.0,5121.0,51.0,264.124,2665989053.0
736.998,62.0,90198.0,5121.0,51.0,265.339,2666014881.0
737.098,62.0,90198.0,5121.0,51.0,263.956,2666041396.0
737.198,62.0,90198.0,5121.0,51.0,261.348,2666067027.0
737.298,61.0,90198.0,5121.0,50.0,263.702,2666092965.0
737.397,61.0,90198.0,5121.0,50.0,261.541,2666120074.0
737.497,62.0,90198.0,5121.0,50.0,261.794,2666143515.0
737.598,62.0,90198.0,5121.0,50.0,258.147,2666168227.0
737.698,62.0,90198.0,5121.0,50.0,256.504,2666190436.0
737.798,62.0,90198.0,5121.0,50.0,253.274,2666214429.0
737.898,62.0,90198.0,5121.0,50.0,252.69,2666239222.0
737.998,62.0,90198.0,5121.0,50.0,248.586,2666261546.0
738.098,62.0,90198.0,5121.0,50.0,245.897,2666285158.0
738.198,62.0,90198.0,5121.0,50.0,244.57,2666308365.0
738.297,59.0,90198.0,5121.0,50.0,239.121,2666308365.0
738.398,59.0,90198.0,5121.0,49.0,236.479,2666330004.0
738.498,59.0,90198.0,5121.0,49.0,230.958,2666372429.0
738.598,59.0,90198.0,5121.0,49.0,226.487,2666394897.0
738.697,58.0,90198.0,5121.0,49.0,227.835,2666417782.0
738.797,58.0,90198.0,5121.0,49.0,228.091,2666440097.0
738.898,59.0,90198.0,5121.0,49.0,224.987,2666462188.0
738.998,59.0,90198.0,5121.0,49.0,223.995,2666483080.0
739.097,58.0,90198.0,5121.0,49.0,220.002,2666504381.0
739.198,58.0,90198.0,5121.0,49.0,219.401,2666524489.0
739.298,58.0,90198.0,5121.0,49.0,217.448,2666545627.0
739.397,58.0,90198.0,5121.0,49.0,216.939,2666565533.0
739.498,58.0,90198.0,5121.0,49.0,214.305,2666585235.0
739.598,58.0,90198.0,5121.0,48.0,214.192,2666605532.0
739.698,56.0,90198.0,5121.0,48.0,206.996,2666625065.0
739.798,55.0,90198.0,5121.0,48.0,205.024,2666645039.0
739.898,55.0,90198.0,5121.0,48.0,201.706,2666664400.0
739.998,57.0,90198.0,5121.0,48.0,203.155,2666685101.0
740.098,57.0,90198.0,5121.0,48.0,200.09,2666705340.0
740.198,55.0,90198.0,5121.0,48.0,199.255,2666724683.0
740.298,55.0,90198.0,5121.0,48.0,197.043,2666743271.0
740.397,56.0,90198.0,5121.0,48.0,195.851,2666762848.0
740.497,56.0,90198.0,5121.0,48.0,194.309,2666780940.0
740.598,56.0,90198.0,5121.0,48.0,192.978,2666799716.0
740.697,56.0,90198.0,5121.0,48.0,191.368,2666819495.0
740.798,56.0,90198.0,5121.0,48.0,191.368,2666836118.0
740.898,56.0,90198.0,5121.0,48.0,188.784,2666836118.0
740.998,56.0,90198.0,5121.0,48.0,186.231,2666852365.0
741.098,56.0,90198.0,5121.0,48.0,184.556,2666889987.0
741.197,56.0,90198.0,5121.0,48.0,184.059,2666908263.0
741.298,56.0,90198.0,5121.0,48.0,184.107,2666927263.0
741.398,56.0,90198.0,5121.0,48.0,182.872,2666944183.0
741.498,55.0,90198.0,5121.0,48.0,182.397,2666963508.0
741.597,55.0,90198.0,5121.0,48.0,184.279,2666984965.0
741.698,55.0,90198.0,5121.0,48.0,187.38,2667003977.0
741.798,55.0,90198.0,5121.0,47.0,185.905,2667018992.0
741.898,24.0,90198.0,5121.0,47.0,182.482,2667031741.0
741.997,24.0,90198.0,5121.0,47.0,178.895,2667044301.0
742.097,0.0,90198.0,5121.0,46.0,172.139,2667056954.0
742.197,0.0,90198.0,5121.0,46.0,165.388,2667070777.0
742.298,23.0,90198.0,5121.0,48.0,179.405,2667099433.0
742.398,64.0,90198.0,5121.0,49.0,189.253,2667128428.0
742.498,64.0,90198.0,5121.0,50.0,194.343,2667154223.0
742.598,64.0,90198.0,5121.0,50.0,197.832,2667179478.0
742.698,64.0,90198.0,5121.0,50.0,208.557,2667207584.0
742.798,66.0,90198.0,5121.0,50.0,220.851,2667234882.0
742.897,66.0,90198.0,5121.0,50.0,231.274,2667260839.0
742.998,66.0,90198.0,5121.0,50.0,244.619,2667286964.0
743.098,66.0,90198.0,5121.0,50.0,257.554,2667312705.0
743.197,66.0,90198.0,5121.0,51.0,264.431,2667338793.0
743.298,66.0,90198.0,5121.0,50.0,260.313,2667363896.0
743.398,66.0,90198.0,5121.0,50.0,260.313,2667391407.0
743.498,66.0,90198.0,5121.0,51.0,260.491,2667391407.0
743.597,66.0,90198.0,5121.0,51.0,264.549,2667420029.0
743.698,66.0,90198.0,5121.0,51.0,267.446,2667475959.0
743.798,66.0,90198.0,5121.0,51.0,264.593,2667502939.0
743.898,66.0,90198.0,5121.0,51.0,266.209,2667531120.0
743.998,66.0,90198.0,5121.0,51.0,268.91,2667558599.0
744.098,65.0,90198.0,5121.0,51.0,271.119,2667586870.0
744.198,65.0,90198.0,5121.0,51.0,273.472,2667615268.0
744.298,66.0,90198.0,5121.0,51.0,277.822,2667644665.0
744.398,66.0,90198.0,5121.0,51.0,279.881,2667673216.0
744.498,66.0,90198.0,5121.0,51.0,280.307,2667700805.0
744.598,66.0,90198.0,5121.0,51.0,279.253,2667728292.0
744.698,65.0,90198.0,5121.0,51.0,278.004,2667755651.0
744.797,65.0,90198.0,5121.0,51.0,279.456,2667782816.0
744.898,65.0,90198.0,5121.0,51.0,280.244,2667810855.0
744.998,65.0,90198.0,5121.0,51.0,279.2,2667835989.0
745.098,66.0,90198.0,5121.0,51.0,277.173,2667862872.0
745.198,66.0,90198.0,5121.0,51.0,275.726,2667889800.0
745.298,64.0,90198.0,5121.0,51.0,271.09,2667915058.0
745.397,64.0,90198.0,5121.0,51.0,267.899,2667940351.0
745.497,66.0,90198.0,5121.0,51.0,266.115,2667966633.0
745.597,66.0,90198.0,5121.0,51.0,265.68,2667993972.0
745.698,64.0,90198.0,5121.0,51.0,266.067,2668021726.0
745.796,64.0,90198.0,5121.0,51.0,264.416,2668046300.0
745.898,66.0,90198.0,5121.0,51.0,261.864,2668072353.0
745.998,66.0,90198.0,5121.0,51.0,260.358,2668098110.0
746.098,66.0,90198.0,5121.0,51.0,261.56,2668098110.0
746.198,66.0,90198.0,5121.0,51.0,259.67,2668124820.0
746.298,66.0,90198.0,5121.0,51.0,261.208,2668179262.0
746.398,66.0,90198.0,5121.0,51.0,263.627,2668205050.0
746.498,66.0,90198.0,5121.0,51.0,266.729,2668232853.0
746.598,66.0,90198.0,5121.0,51.0,264.125,2668257735.0
746.697,63.0,90198.0,5121.0,51.0,262.617,2668283814.0
746.798,63.0,90198.0,5121.0,51.0,262.106,2668308939.0
746.898,62.0,90198.0,5121.0,51.0,260.859,2668332307.0
746.998,62.0,90198.0,5121.0,50.0,260.505,2668355576.0
747.098,62.0,90198.0,5121.0,50.0,257.829,2668382062.0
747.198,62.0,90198.0,5121.0,50.0,255.894,2668405461.0
747.298,62.0,90198.0,5121.0,50.0,255.802,2668430451.0
747.398,62.0,90198.0,5121.0,50.0,252.513,2668456067.0
747.498,61.0,90198.0,5121.0,50.0,248.388,2668478635.0
747.598,61.0,90198.0,5121.0,50.0,246.213,2668502153.0
747.698,60.0,90198.0,5121.0,50.0,245.383,2668526845.0
747.797,60.0,90198.0,5121.0,50.0,243.371,2668552185.0
747.898,60.0,90198.0,5121.0,49.0,240.357,2668573683.0
747.997,58.0,90198.0,5121.0,49.0,239.178,2668596331.0
748.098,58.0,90198.0,5121.0,49.0,235.489,2668618003.0
748.198,58.0,90198.0,5121.0,49.0,231.478,2668640169.0
748.298,58.0,90198.0,5121.0,49.0,225.818,2668660093.0
748.398,57.0,90198.0,5121.0,49.0,221.913,2668678989.0
748.497,57.0,90198.0,5121.0,49.0,218.994,2668699694.0
748.597,58.0,90198.0,5121.0,49.0,215.34,2668720213.0
748.698,58.0,90198.0,5121.0,49.0,215.34,2668740907.0
748.798,58.0,90198.0,5121.0,49.0,210.176,2668740907.0
748.898,57.0,90198.0,5121.0,49.0,206.564,2668760428.0
748.998,57.0,90198.0,5121.0,48.0,206.262,2668801659.0
749.097,56.0,90198.0,5121.0,48.0,203.389,2668821411.0
749.198,56.0,90198.0,5121.0,48.0,202.774,2668842236.0
749.298,56.0,90198.0,5121.0,48.0,202.156,2668862092.0
749.398,56.0,90198.0,5121.0,48.0,202.922,2668882483.0
749.498,55.0,90198.0,5121.0,48.0,203.047,2668901634.0
749.597,55.0,90198.0,5121.0,48.0,201.311,2668920819.0
749.698,56.0,90198.0,5121.0,48.0,199.221,2668938893.0
749.798,56.0,90198.0,5121.0,48.0,198.727,2668958126.0
749.897,55.0,90198.0,5121.0,48.0,198.043,2668977770.0
749.997,55.0,90198.0,5121.0,48.0,196.069,2668997382.0
750.098,56.0,90198.0,5121.0,48.0,195.141,2669015686.0
750.198,56.0,90198.0,5121.0,48.0,192.859,2669033685.0
750.298,56.0,90198.0,5121.0,48.0,189.698,2669049748.0
750.397,55.0,90198.0,5121.0,48.0,185.812,2669068562.0
750.498,55.0,90198.0,5121.0,48.0,186.919,2669086766.0
750.597,56.0,90198.0,5121.0,48.0,188.389,2669107842.0
750.697,56.0,90198.0,5121.0,48.0,185.306,2669126346.0
750.797,55.0,90198.0,5121.0,48.0,184.258,2669143412.0
750.898,55.0,90198.0,5121.0,48.0,182.31,2669161605.0
750.997,55.0,90198.0,5121.0,48.0,182.061,2669179871.0
751.098,55.0,90198.0,5121.0,47.0,183.607,2669198780.0
751.198,53.0,90198.0,5121.0,48.0,184.002,2669218246.0
751.298,53.0,90198.0,5121.0,48.0,184.002,2669234429.0
751.398,53.0,90198.0,5121.0,47.0,183.294,2669234429.0
751.498,53.0,90198.0,5121.0,47.0,181.656,2669251227.0
751.596,53.0,90198.0,5121.0,47.0,178.305,2669285155.0
751.696,51.0,90198.0,5121.0,47.0,174.998,2669299568.0
751.798,51.0,90198.0,5121.0,47.0,170.625,2669312254.0
751.898,0.0,90198.0,5121.0,47.0,166.413,2669324924.0
751.996,0.0,90198.0,5121.0,47.0,162.211,2669342347.0
752.098,42.0,90198.0,5121.0,49.0,170.267,2669370553.0
752.197,42.0,90198.0,5121.0,49.0,176.926,2669397575.0
752.297,65.0,90198.0,5121.0,49.0,185.445,2669423082.0
752.398,65.0,90198.0,5121.0,50.0,195.57,2669449797.0
752.498,65.0,90198.0,5121.0,50.0,203.95,2669474466.0
752.598,65.0,90198.0,5121.0,50.0,214.337,2669500863.0
752.697,64.0,90198.0,5121.0,50.0,223.594,2669525227.0
752.798,64.0,90198.0,5121.0,50.0,236.65,2669551181.0
752.897,65.0,90198.0,5121.0,50.0,246.243,2669576705.0
752.998,65.0,90198.0,5121.0,50.0,259.341,2669602746.0
753.098,65.0,90198.0,5121.0,50.0,260.475,2669628310.0
753.198,65.0,90198.0,5121.0,50.0,259.831,2669655017.0
753.298,64.0,90198.0,5121.0,50.0,258.097,2669680117.0
753.398,66.0,90198.0,5121.0,50.0,255.86,2669705519.0
753.498,66.0,90198.0,5121.0,50.0,256.286,2669729984.0
753.597,65.0,90198.0,5121.0,50.0,255.422,2669755367.0
753.698,65.0,90198.0,5121.0,50.0,254.301,2669780154.0
753.798,64.0,90198.0,5121.0,50.0,254.225,2669805635.0
753.898,64.0,90198.0,5121.0,50.0,253.724,2669831083.0
753.998,65.0,90198.0,5121.0,50.0,253.988,2669856334.0
754.098,65.0,90198.0,5121.0,50.0,253.988,2669881280.0
754.197,65.0,90198.0,5121.0,50.0,253.106,2669881280.0
754.297,65.0,90198.0,5121.0,50.0,253.764,2669906262.0
754.398,65.0,90198.0,5121.0,50.0,253.153,2669958829.0
754.498,64.0,90198.0,5121.0,50.0,255.084,2669985713.0
754.598,64.0,90198.0,5121.0,50.0,256.148,2670011814.0
754.697,64.0,90198.0,5121.0,50.0,255.106,2670036799.0
754.798,64.0,90198.0,5121.0,50.0,256.49,2670062139.0
754.898,63.0,90198.0,5121.0,50.0,256.711,2670088310.0
754.998,63.0,90198.0,5121.0,50.0,256.887,2670113792.0
755.098,63.0,90198.0,5121.0,50.0,254.919,2670137422.0
755.198,63.0,90198.0,5121.0,50.0,255.255,2670164169.0
755.298,62.0,90198.0,5121.0,50.0,256.324,2670188508.0
755.397,62.0,90198.0,5121.0,50.0,254.17,2670212642.0
755.498,62.0,90198.0,5121.0,50.0,253.412,2670239102.0
755.598,62.0,90198.0,5121.0,50.0,252.327,2670262937.0
755.698,61.0,90198.0,5121.0,50.0,252.122,2670290124.0
755.798,61.0,90198.0,5121.0,50.0,252.894,2670315417.0
755.897,62.0,90198.0,5121.0,50.0,251.562,2670338827.0
755.998,62.0,90198.0,5121.0,50.0,251.381,2670363780.0
756.098,62.0,90198.0,5121.0,50.0,250.348,2670388579.0
756.198,61.0,90198.0,5121.0,50.0,250.475,2670412704.0
756.297,61.0,90198.0,5121.0,50.0,249.38,2670437970.0
756.398,62.0,90198.0,5121.0,50.0,249.22,2670461896.0
756.498,62.0,90198.0,5121.0,50.0,249.281,2670486676.0
756.598,61.0,90198.0,5121.0,50.0,247.812,2670512461.0
756.698,61.0,90198.0,5121.0,50.0,247.812,2670535227.0
756.798,61.0,90198.0,5121.0,50.0,244.772,2670535227.0
756.897,61.0,90198.0,5121.0,50.0,241.947,2670556866.0
756.998,61.0,90198.0,5121.0,50.0,240.698,2670602895.0
757.098,60.0,90198.0,5121.0,50.0,237.892,2670624982.0
757.196,60.0,90198.0,5121.0,49.0,235.309,2670647919.0
757.298,59.0,90198.0,5121.0,49.0,232.51,2670671281.0
757.398,59.0,90198.0,5121.0,49.0,233.159,2670693923.0
757.498,59.0,90198.0,5121.0,49.0,230.744,2670716531.0
757.598,59.0,90198.0,5121.0,49.0,227.986,2670737866.0
757.698,58.0,90198.0,5121.0,49.0,226.44,2670760058.0
757.798,58.0,90198.0,5121.0,49.0,223.943,2670780939.0
757.898,58.0,90198.0,5121.0,49.0,222.341,2670800780.0
757.998,58.0,90198.0,5121.0,49.0,219.676,2670821801.0
758.098,57.0,90198.0,5121.0,49.0,217.406,2670841436.0
758.197,57.0,90198.0,5121.0,49.0,215.172,2670860614.0
758.298,57.0,90198.0,5121.0,48.0,210.645,2670879532.0
758.397,57.0,90198.0,5121.0,48.0,208.191,2670899809.0
758.498,56.0,90198.0,5121.0,48.0,204.423,2670920068.0
758.598,56.0,90198.0,5121.0,48.0,202.143,2670939730.0
758.697,56.0,90198.0,5121.0,48.0,199.64,2670959653.0
758.797,56.0,90198.0,5121.0,48.0,197.575,2670978669.0
758.897,56.0,90198.0,5121.0,48.0,195.559,2670998597.0
758.997,56.0,90198.0,5121.0,48.0,195.76,2671018203.0
759.098,56.0,90198.0,5121.0,48.0,195.528,2671037212.0
759.198,56.0,90198.0,5121.0,48.0,197.339,2671057118.0
759.298,56.0,90198.0,5121.0,48.0,197.339,2671076988.0
759.397,56.0,90198.0,5121.0,48.0,195.895,2671076988.0
759.498,55.0,90198.0,5121.0,48.0,194.393,2671094736.0
759.598,55.0,90198.0,5121.0,48.0,193.081,2671132270.0
759.698,55.0,90198.0,5121.0,48.0,192.304,2671151507.0
759.798,55.0,90198.0,5121.0,48.0,191.205,2671170232.0
759.897,55.0,90198.0,5121.0,48.0,191.381,2671189051.0
759.998,55.0,90198.0,5121.0,48.0,191.451,2671207828.0
760.098,55.0,90198.0,5121.0,48.0,192.008,2671228567.0
760.198,55.0,90198.0,5121.0,48.0,190.797,2671246599.0
760.298,56.0,90198.0,5121.0,48.0,189.865,2671265028.0
760.398,56.0,90198.0,5121.0,48.0,189.137,2671284447.0
760.498,55.0,90198.0,5121.0,48.0,190.581,2671303967.0
760.598,55.0,90198.0,5121.0,47.0,189.827,2671321128.0
760.698,53.0,90198.0,5121.0,47.0,189.108,2671339075.0
760.798,53.0,90198.0,5121.0,47.0,187.942,2671357661.0
760.898,53.0,90198.0,5121.0,47.0,186.324,2671373575.0
760.998,53.0,90198.0,5121.0,47.0,183.113,2671390596.0
761.098,52.0,90198.0,5121.0,47.0,180.046,2671407431.0
761.198,52.0,90198.0,5121.0,47.0,179.223,2671425105.0
761.297,52.0,90198.0,5121.0,47.0,177.623,2671442900.0
761.398,52.0,90198.0,5121.0,47.0,175.463,2671457120.0
761.498,7.0,90198.0,5121.0,46.0,162.371,2671469786.0
761.597,0.0,90198.0,5121.0,46.0,157.37,2671482422.0
761.698,0.0,90198.0,5121.0,46.0,152.339,2671495077.0
761.798,0.0,90198.0,5121.0,46.0,147.667,2671507707.0
761.898,0.0,90198.0,5121.0,46.0,144.518,2671520341.0
761.998,0.0,90198.0,5121.0,46.0,144.518,2671520341.0
762.098,0.0,90198.0,5121.0,46.0,139.909,2671532923.0
762.198,0.0,90198.0,5121.0,46.0,135.043,2671545464.0
762.297,0.0,90198.0,5121.0,46.0,131.279,2671570700.0
762.398,0.0,90198.0,5121.0,46.0,126.259,2671583328.0
762.498,0.0,90198.0,5121.0,46.0,126.259,2671595969.0
762.597,0.0,90198.0,5121.0,46.0,126.222,2671608568.0
762.698,0.0,90198.0,5121.0,46.0,126.18,2671621188.0
762.798,0.0,90198.0,5121.0,46.0,126.148,2671633785.0
762.898,0.0,90198.0,5121.0,46.0,126.099,2671646379.0
762.998,0.0,90198.0,5121.0,46.0,126.119,2671658983.0
763.098,0.0,90198.0,5121.0,46.0,126.136,2671671544.0
763.198,0.0,90198.0,5121.0,46.0,126.119,2671684098.0
763.298,0.0,90198.0,5121.0,46.0,126.062,2671696686.0
763.398,0.0,90198.0,5121.0,45.0,126.004,2671709253.0
763.498,0.0,90198.0,5121.0,45.0,125.969,2671721821.0
763.598,0.0,90198.0,5121.0,45.0,125.935,2671734412.0
763.698,0.0,90198.0,5121.0,45.0,125.883,2671746994.0
763.798,0.0,90198.0,5121.0,45.0,125.832,2671759547.0
763.897,0.0,90198.0,5121.0,45.0,125.859,2671772150.0
763.998,0.0,90198.0,5121.0,45.0,125.78,2671784709.0
764.098,0.0,90198.0,5121.0,45.0,125.83,2671797332.0
764.198,0.0,90198.0,5121.0,45.0,125.833,2671809893.0
764.298,0.0,90198.0,5121.0,45.0,125.837,2671822445.0
764.398,0.0,90198.0,5121.0,45.0,125.811,2671835029.0
764.498,0.0,90198.0,5121.0,45.0,125.767,2671847578.0
764.597,0.0,90198.0,5121.0,45.0,125.739,2671860136.0
764.698,0.0,90198.0,5121.0,45.0,125.746,2671872658.0
764.798,0.0,90198.0,5121.0,45.0,125.727,2671885216.0
764.898,0.0,90198.0,5121.0,45.0,125.727,2671885216.0
764.998,0.0,90198.0,5121.0,45.0,125.744,2671897810.0
765.097,0.0,90198.0,5121.0,45.0,125.678,2671910371.0
765.198,0.0,90198.0,5121.0,45.0,125.649,2671935455.0
765.298,0.0,90198.0,5121.0,45.0,125.615,2671947986.0
765.398,0.0,90198.0,5121.0,45.0,125.606,2671960569.0
765.498,0.0,90198.0,5121.0,45.0,125.656,2671973150.0
765.598,0.0,90198.0,5121.0,45.0,125.671,2671985729.0
765.698,0.0,90198.0,5121.0,45.0,125.712,2671998298.0
765.797,0.0,90198.0,5121.0,45.0,125.707,2672010851.0
765.898,0.0,90198.0,5121.0,45.0,125.683,2672023423.0
765.997,0.0,90198.0,5121.0,45.0,125.675,2672035970.0
766.097,0.0,90198.0,5121.0,45.0,125.661,2672048513.0
766.198,0.0,90198.0,5121.0,45.0,125.688,2672061100.0
766.298,0.0,90198.0,5121.0,45.0,125.701,2672073622.0
766.398,0.0,90198.0,5121.0,45.0,125.694,2672086183.0
766.498,0.0,90198.0,5121.0,45.0,125.67,2672098760.0
766.598,0.0,90198.0,5121.0,45.0,125.681,2672111316.0
766.699,0.0,90198.0,5121.0,45.0,125.595,2672123844.0
766.798,0.0,90198.0,5121.0,45.0,125.579,2672136376.0
766.898,0.0,90198.0,5121.0,45.0,125.575,2672148924.0
766.998,0.0,90198.0,5121.0,45.0,125.573,2672161478.0
767.097,0.0,90198.0,5121.0,45.0,125.596,2672174050.0
767.198,0.0,90198.0,5121.0,45.0,125.543,2672186581.0
767.298,0.0,90198.0,5121.0,45.0,125.599,2672199150.0
767.398,0.0,90198.0,5121.0,45.0,125.551,2672211692.0
767.498,0.0,90198.0,5121.0,45.0,125.534,2672224243.0
767.598,0.0,90198.0,5121.0,45.0,125.584,2672236790.0
767.698,0.0,90198.0,5121.0,45.0,125.596,2672249348.0
767.798,0.0,90198.0,5121.0,45.0,125.596,2672249348.0
767.898,0.0,90198.0,5121.0,45.0,125.597,2672261899.0
767.998,0.0,90198.0,5121.0,45.0,125.582,2672286987.0
768.098,0.0,90198.0,5121.0,45.0,125.562,2672299530.0
768.198,0.0,90198.0,5121.0,45.0,125.6,2672312090.0
768.296,0.0,90198.0,5121.0,45.0,125.594,2672324655.0
768.396,0.0,90198.0,5121.0,45.0,125.632,2672337220.0
768.498,0.0,90198.0,5121.0,45.0,125.633,2672349779.0
768.596,0.0,90198.0,5121.0,45.0,125.653,2672362364.0
768.698,0.0,90198.0,5121.0,45.0,125.661,2672374911.0
768.798,0.0,90198.0,5121.0,45.0,125.644,2672387456.0
768.898,0.0,90198.0,5121.0,45.0,125.637,2672399998.0
768.998,0.0,90198.0,5121.0,45.0,125.643,2672412549.0
769.098,0.0,90198.0,5121.0,45.0,125.651,2672425108.0
769.198,0.0,90198.0,5121.0,45.0,125.669,2672437664.0
769.296,0.0,90198.0,5121.0,45.0,125.631,2672450217.0
769.398,0.0,90198.0,5121.0,45.0,125.607,2672462772.0
769.497,0.0,90198.0,5121.0,45.0,125.616,2672475325.0
769.598,0.0,90198.0,5121.0,45.0,125.593,2672487873.0
769.698,0.0,90198.0,5121.0,45.0,125.584,2672500426.0
769.797,0.0,90198.0,5121.0,45.0,125.592,2672512971.0
769.898,0.0,90198.0,5121.0,45.0,125.599,2672525519.0
769.998,0.0,90198.0,5121.0,45.0,125.599,2672538055.0
770.098,0.0,90198.0,5121.0,45.0,125.582,2672550608.0
770.197,0.0,90198.0,5121.0,45.0,125.573,2672563150.0
770.298,0.0,90198.0,5121.0,45.0,125.565,2672575703.0
770.398,0.0,90198.0,5121.0,45.0,125.581,2672588254.0
770.498,0.0,90198.0,5121.0,45.0,125.588,2672600831.0
770.598,0.0,90198.0,5121.0,45.0,125.604,2672613392.0
770.698,0.0,90198.0,5121.0,45.0,125.596,2672625941.0
770.798,0.0,90198.0,5121.0,45.0,125.602,2672625941.0
770.898,0.0,90198.0,5121.0,45.0,125.61,2672638498.0
770.998,0.0,90198.0,5121.0,45.0,125.598,2672651046.0
771.097,0.0,90198.0,5121.0,45.0,125.593,2672676135.0
771.198,0.0,90198.0,5121.0,45.0,125.592,2672688677.0
771.298,0.0,90198.0,5121.0,45.0,125.583,2672701226.0
771.398,0.0,90198.0,5121.0,45.0,125.59,2672713799.0
771.498,0.0,90198.0,5121.0,45.0,125.563,2672726343.0
771.598,0.0,90198.0,5121.0,45.0,125.555,2672738903.0
771.698,0.0,90198.0,5121.0,45.0,125.56,2672751458.0
771.798,0.0,90198.0,5121.0,45.0,125.555,2672763998.0
771.898,0.0,90198.0,5121.0,45.0,125.531,2672776535.0
771.998,0.0,90198.0,5121.0,45.0,125.549,2672789082.0
772.098,0.0,90198.0,5121.0,45.0,125.532,2672801613.0
772.198,0.0,90198.0,5121.0,45.0,125.529,2672814142.0
772.298,0.0,90198.0,5121.0,45.0,125.529,2672826700.0
772.397,0.0,90198.0,5121.0,45.0,125.515,2672839251.0
772.497,0.0,90198.0,5121.0,45.0,125.523,2672851796.0
772.598,0.0,90198.0,5121.0,45.0,125.537,2672864364.0
772.698,0.0,90198.0,5121.0,45.0,125.538,2672876913.0
772.798,0.0,90198.0,5121.0,45.0,125.549,2672889467.0
772.898,0.0,90198.0,5121.0,45.0,125.554,2672902011.0
772.998,0.0,90198.0,5121.0,45.0,125.56,2672914538.0
773.098,0.0,90198.0,5121.0,45.0,125.557,2672927079.0
773.198,0.0,90198.0,5121.0,45.0,125.565,2672939635.0
773.298,0.0,90198.0,5121.0,45.0,125.564,2672952172.0
773.398,0.0,90198.0,5121.0,45.0,125.557,2672964718.0
773.498,0.0,90198.0,5121.0,45.0,125.557,2672977261.0
773.597,0.0,90198.0,5121.0,45.0,125.543,2672977261.0
773.698,0.0,90198.0,5121.0,45.0,125.555,2672989816.0
773.798,0.0,90198.0,5121.0,45.0,125.531,2673002373.0
773.897,0.0,90198.0,5121.0,45.0,125.52,2673027445.0
773.996,0.0,90198.0,5121.0,45.0,125.523,2673039983.0
774.098,0.0,90198.0,5121.0,45.0,125.526,2673052523.0
774.198,0.0,90198.0,5121.0,45.0,125.517,2673065047.0
774.298,0.0,90198.0,5121.0,45.0,125.508,2673077584.0
774.398,0.0,90198.0,5121.0,45.0,125.502,2673090138.0
774.498,0.0,90198.0,5121.0,45.0,125.496,2673102676.0
774.598,0.0,90198.0,5121.0,45.0,125.517,2673115243.0
774.698,0.0,90198.0,5121.0,45.0,125.497,2673127790.0
774.798,0.0,90198.0,5121.0,45.0,125.508,2673140325.0
774.898,0.0,90198.0,5121.0,45.0,125.52,2673152887.0
774.998,0.0,90198.0,5121.0,45.0,125.519,2673165423.0
775.098,0.0,90198.0,5121.0,45.0,125.522,2673177959.0
775.198,0.0,90198.0,5121.0,45.0,125.512,2673190477.0
775.298,0.0,90198.0,5121.0,45.0,125.514,2673203011.0
775.398,0.0,90198.0,5121.0,45.0,125.491,2673215547.0
775.497,0.0,90198.0,5121.0,45.0,125.509,2673228102.0
775.598,0.0,90198.0,5121.0,45.0,125.46,2673240619.0
775.698,0.0,90198.0,5121.0,45.0,125.44,2673253169.0
775.798,0.0,90198.0,5121.0,45.0,125.443,2673265719.0
775.897,0.0,90198.0,5121.0,45.0,125.455,2673278273.0
775.998,0.0,90198.0,5121.0,45.0,125.449,2673290808.0
776.098,0.0,90198.0,5121.0,45.0,125.457,2673303355.0
776.198,0.0,90198.0,5121.0,45.0,125.483,2673315896.0
776.298,0.0,90198.0,5121.0,45.0,125.477,2673328420.0
776.398,0.0,90198.0,5121.0,45.0,125.477,2673340958.0
776.498,0.0,90198.0,5121.0,45.0,125.477,2673340958.0
776.597,0.0,90198.0,5121.0,45.0,125.506,2673353496.0
776.696,0.0,90198.0,5121.0,45.0,125.526,2673366055.0
776.798,0.0,90198.0,5121.0,45.0,125.534,2673391163.0
776.898,0.0,90198.0,5121.0,45.0,125.505,2673403702.0
776.998,0.0,90198.0,5121.0,45.0,125.511,2673416244.0
777.098,0.0,90198.0,5121.0,45.0,125.511,2673428790.0
777.198,0.0,90198.0,5121.0,45.0,125.497,2673441316.0
777.298,0.0,90198.0,5121.0,45.0,125.521,2673453862.0
777.398,0.0,90198.0,5121.0,45.0,125.517,2673466391.0
777.498,0.0,90198.0,5121.0,45.0,125.5,2673478922.0
777.598,0.0,90198.0,5121.0,45.0,125.489,2673491460.0
777.698,0.0,90198.0,5121.0,45.0,125.445,2673503974.0
777.798,0.0,90198.0,5121.0,45.0,125.413,2673516495.0
777.898,0.0,90198.0,5121.0,45.0,125.425,2673529043.0
777.998,0.0,90198.0,5121.0,45.0,125.436,2673541596.0
778.098,0.0,90198.0,5121.0,45.0,125.429,2673554130.0
778.198,0.0,90198.0,5121.0,45.0,125.425,2673566663.0
778.298,0.0,90198.0,5121.0,45.0,125.406,2673579200.0
778.396,0.0,90198.0,5121.0,45.0,125.411,2673591726.0
778.498,0.0,90198.0,5121.0,45.0,125.413,2673604257.0
778.597,0.0,90198.0,5121.0,45.0,125.402,2673616786.0
778.698,0.0,90198.0,5121.0,45.0,125.392,2673629324.0
778.797,0.0,90198.0,5121.0,45.0,125.452,2673641896.0
778.896,0.0,90198.0,5121.0,45.0,125.436,2673654397.0
778.998,0.0,90198.0,5121.0,45.0,125.396,2673666934.0
779.098,0.0,90198.0,5121.0,45.0,125.391,2673679468.0
779.198,0.0,90198.0,5121.0,45.0,125.406,2673691999.0
779.296,0.0,90198.0,5121.0,45.0,125.402,2673704535.0
779.396,0.0,90198.0,5121.0,45.0,125.402,2673717067.0
779.497,0.0,90198.0,5121.0,45.0,125.422,2673717067.0
779.597,0.0,90198.0,5121.0,45.0,125.388,2673729577.0
779.698,0.0,90198.0,5121.0,45.0,125.416,2673742087.0
779.798,0.0,90198.0,5121.0,45.0,125.375,2673767183.0
779.898,0.0,90198.0,5121.0,45.0,125.415,2673779734.0
779.998,0.0,90198.0,5121.0,45.0,125.455,2673792280.0
780.098,0.0,90198.0,5121.0,45.0,125.458,2673804820.0
780.198,0.0,90198.0,5121.0,45.0,125.453,2673817349.0
780.298,0.0,90198.0,5121.0,45.0,125.453,2673829878.0
780.398,0.0,90198.0,5121.0,45.0,125.433,2673842409.0
780.498,0.0,90198.0,5121.0,45.0,125.437,2673854940.0
780.598,0.0,90198.0,5121.0,45.0,125.479,2673867474.0
780.698,0.0,90198.0,5121.0,45.0,125.461,2673880018.0
780.797,0.0,90198.0,5121.0,45.0,125.464,2673892563.0
780.898,0.0,90198.0,5121.0,45.0,125.428,2673905079.0
780.997,0.0,90198.0,5121.0,45.0,125.413,2673917616.0
781.098,0.0,90198.0,5121.0,45.0,125.424,2673930167.0
781.198,0.0,90198.0,5121.0,45.0,125.423,2673942691.0
781.298,0.0,90198.0,5121.0,45.0,125.413,2673955225.0
781.398,0.0,90198.0,5121.0,45.0,125.414,2673967762.0
781.498,0.0,90198.0,5121.0,45.0,125.406,2673980278.0
781.598,0.0,90198.0,5121.0,45.0,125.416,2673992822.0
781.698,0.0,90198.0,5121.0,45.0,125.416,2674005374.0
781.798,0.0,90198.0,5121.0,45.0,125.418,2674017918.0
781.896,0.0,90198.0,5121.0,45.0,125.462,2674030479.0
781.998,0.0,90198.0,5121.0,45.0,125.47,2674043019.0
782.098,0.0,90198.0,5121.0,45.0,125.452,2674055558.0
782.198,0.0,90198.0,5121.0,45.0,125.45,2674068091.0
782.298,0.0,90198.0,5121.0,45.0,125.484,2674080639.0
782.398,0.0,90198.0,5121.0,45.0,125.484,2674093178.0
782.498,0.0,90198.0,5121.0,45.0,125.504,2674093178.0
782.598,0.0,90198.0,5121.0,45.0,125.493,2674105706.0
782.696,0.0,90198.0,5121.0,45.0,125.467,2674130768.0
782.798,0.0,90198.0,5121.0,45.0,125.469,2674143310.0
782.898,0.0,90198.0,5121.0,45.0,125.457,2674155872.0
782.998,0.0,90198.0,5121.0,45.0,125.432,2674168390.0
783.098,0.0,90198.0,5121.0,45.0,125.426,2674180913.0
783.197,0.0,90198.0,5121.0,45.0,125.416,2674193442.0
783.298,0.0,90198.0,5121.0,45.0,125.399,2674205985.0
783.398,0.0,90198.0,5121.0,45.0,125.393,2674218509.0
783.498,0.0,90198.0,5121.0,45.0,125.411,2674231054.0
783.598,0.0,90198.0,5121.0,45.0,125.415,2674243594.0
783.698,0.0,90198.0,5121.0,45.0,125.418,2674256128.0
783.798,0.0,90198.0,5121.0,45.0,125.415,2674268663.0
783.898,0.0,90198.0,5121.0,45.0,125.396,2674281199.0
783.998,0.0,90198.0,5121.0,45.0,125.445,2674293757.0
784.097,0.0,90198.0,5121.0,45.0,125.463,2674306299.0
784.198,0.0,90198.0,5121.0,45.0,125.477,2674318856.0
784.298,0.0,90198.0,5121.0,45.0,125.494,2674331407.0
784.398,0.0,90198.0,5121.0,45.0,125.494,2674343936.0
784.498,0.0,90198.0,5121.0,45.0,125.485,2674356472.0
784.598,0.0,90198.0,5121.0,45.0,125.474,2674368997.0
784.698,0.0,90198.0,5121.0,45.0,125.46,2674381525.0
784.798,0.0,90198.0,5121.0,45.0,125.468,2674394058.0
784.898,0.0,90198.0,5121.0,45.0,125.468,2674406581.0
784.998,0.0,90198.0,5121.0,45.0,125.437,2674419116.0
785.098,0.0,90198.0,5121.0,45.0,125.43,2674431642.0
785.198,0.0,90198.0,5121.0,45.0,125.427,2674444184.0
785.298,0.0,90198.0,5121.0,45.0,125.42,2674456715.0
785.398,0.0,90198.0,5121.0,45.0,125.42,2674456715.0
785.498,0.0,90198.0,5121.0,45.0,125.418,2674469261.0
785.598,0.0,90198.0,5121.0,45.0,125.419,2674481795.0
785.698,0.0,90198.0,5121.0,45.0,125.442,2674506870.0
785.798,0.0,90198.0,5121.0,45.0,125.425,2674519401.0
785.898,0.0,90198.0,5121.0,45.0,125.428,2674531931.0
785.998,0.0,90198.0,5121.0,45.0,125.445,2674544496.0
786.098,0.0,90198.0,5121.0,45.0,125.461,2674557046.0
786.198,0.0,90198.0,5121.0,45.0,125.442,2674569585.0
786.298,0.0,90198.0,5121.0,45.0,125.445,2674582114.0
786.398,0.0,90198.0,5121.0,45.0,125.438,2674594658.0
786.498,0.0,90198.0,5121.0,45.0,125.445,2674607197.0
786.597,0.0,90198.0,5121.0,45.0,125.467,2674619737.0
786.698,0.0,90198.0,5121.0,45.0,125.456,2674632266.0
786.798,0.0,90198.0,5121.0,45.0,125.449,2674644788.0
786.897,0.0,90198.0,5121.0,45.0,125.457,2674657326.0
786.998,0.0,90198.0,5121.0,45.0,125.432,2674669853.0
787.098,0.0,90198.0,5121.0,45.0,125.411,2674682385.0
787.197,0.0,90198.0,5121.0,45.0,125.419,2674694924.0
787.298,0.0,90198.0,5121.0,45.0,125.404,2674707450.0
787.397,0.0,90198.0,5121.0,45.0,125.391,2674719976.0
787.496,0.0,90198.0,5121.0,45.0,125.368,2674732493.0
787.597,0.0,90198.0,5121.0,45.0,125.36,2674745030.0
787.697,0.0,90198.0,5121.0,45.0,125.372,2674757571.0
787.797,0.0,90198.0,5121.0,45.0,125.372,2674770101.0
787.898,0.0,90198.0,5121.0,45.0,125.361,2674782624.0
787.998,0.0,90198.0,5121.0,45.0,125.358,2674795141.0
788.098,0.0,90198.0,5121.0,45.0,125.363,2674807681.0
788.198,0.0,90198.0,5121.0,45.0,125.363,2674820227.0
788.298,0.0,90198.0,5121.0,45.0,125.372,2674820227.0
788.398,0.0,90198.0,5121.0,45.0,125.417,2674832775.0
788.496,0.0,90198.0,5121.0,45.0,125.45,2674857874.0
788.597,0.0,90198.0,5121.0,45.0,125.45,2674870411.0
788.698,0.0,90198.0,5121.0,45.0,125.456,2674882951.0
788.797,0.0,90198.0,5121.0,45.0,125.457,2674895480.0
788.898,0.0,90198.0,5121.0,45.0,125.471,2674908015.0
788.998,0.0,90198.0,5121.0,45.0,125.474,2674920550.0
789.098,0.0,90198.0,5121.0,45.0,125.471,2674933077.0
789.197,0.0,90198.0,5121.0,45.0,125.436,2674945600.0
789.297,0.0,90198.0,5121.0,45.0,125.416,2674958135.0
789.396,0.0,90198.0,5121.0,45.0,125.372,2674970634.0
789.497,0.0,90198.0,5121.0,45.0,125.355,2674983151.0
789.598,0.0,90198.0,5121.0,45.0,125.349,2674995672.0
789.698,0.0,90198.0,5121.0,45.0,125.341,2675008203.0
789.798,0.0,90198.0,5121.0,45.0,125.346,2675020740.0
789.897,0.0,90198.0,5121.0,45.0,125.335,2675033276.0
789.998,0.0,90198.0,5121.0,45.0,125.326,2675045798.0
790.098,0.0,90198.0,5121.0,45.0,125.331,2675058333.0
790.198,0.0,90198.0,5121.0,45.0,125.36,2675070876.0
790.296,0.0,90198.0,5121.0,45.0,125.349,2675083409.0
790.398,0.0,90198.0,5121.0,45.0,125.366,2675095930.0
790.498,0.0,90198.0,5121.0,45.0,125.371,2675108449.0
790.598,0.0,90198.0,5121.0,45.0,125.371,2675120975.0
790.697,0.0,90198.0,5121.0,45.0,125.369,2675133503.0
790.802,0.0,90198.0,5121.0,45.0,125.363,2675146024.0
790.898,0.0,90198.0,5121.0,45.0,125.375,2675158560.0
790.997,0.0,90198.0,5121.0,45.0,125.375,2675158560.0
791.098,0.0,90198.0,5121.0,45.0,125.375,2675171089.0
791.198,0.0,90198.0,5121.0,45.0,125.374,2675183620.0
791.298,0.0,90198.0,5121.0,45.0,125.366,2675208705.0
791.397,0.0,90198.0,5121.0,45.0,125.385,2675221232.0
791.498,0.0,90198.0,5121.0,45.0,125.417,2675233785.0
791.598,0.0,90198.0,5121.0,45.0,125.435,2675246332.0
791.698,0.0,90198.0,5121.0,45.0,125.436,2675258868.0
791.798,0.0,90198.0,5121.0,45.0,125.436,2675271411.0
791.898,0.0,90198.0,5121.0,45.0,125.441,2675283934.0
791.998,0.0,90198.0,5121.0,45.0,125.449,2675296468.0
792.098,0.0,90198.0,5121.0,45.0,125.452,2675308985.0
792.198,0.0,90198.0,5121.0,45.0,125.449,2675321533.0
792.298,0.0,90198.0,5121.0,45.0,125.47,2675334085.0
792.398,0.0,90198.0,5121.0,45.0,125.473,2675346644.0
792.498,0.0,90198.0,5121.0,45.0,125.465,2675359191.0
792.598,0.0,90198.0,5121.0,45.0,125.428,2675371706.0
792.698,0.0,90198.0,5121.0,45.0,125.421,2675384226.0
792.798,0.0,90198.0,5121.0,45.0,125.423,2675396747.0
792.898,0.0,90198.0,5121.0,45.0,125.419,2675409299.0
792.998,0.0,90198.0,5121.0,45.0,125.386,2675421808.0
793.098,0.0,90198.0,5121.0,45.0,125.389,2675434334.0
793.198,0.0,90198.0,5121.0,45.0,125.357,2675446850.0
793.298,0.0,90198.0,5121.0,45.0,125.354,2675459386.0
793.398,0.0,90198.0,5121.0,45.0,125.331,2675471920.0
793.498,0.0,90198.0,5121.0,45.0,125.343,2675484448.0
793.598,0.0,90198.0,5121.0,45.0,125.357,2675496992.0
793.697,0.0,90198.0,5121.0,45.0,125.372,2675509528.0
793.796,0.0,90198.0,5121.0,45.0,125.367,2675522046.0
793.897,0.0,90198.0,5121.0,45.0,125.37,2675534592.0
793.997,0.0,90198.0,5121.0,45.0,125.372,2675534592.0
794.098,0.0,90198.0,5121.0,45.0,125.379,2675547124.0
794.198,0.0,90198.0,5121.0,45.0,125.392,2675559647.0
794.296,0.0,90198.0,5121.0,45.0,125.382,2675584712.0
794.398,0.0,90198.0,5121.0,45.0,125.396,2675597248.0
794.498,0.0,90198.0,5121.0,45.0,125.391,2675609794.0
794.598,0.0,90198.0,5121.0,45.0,125.385,2675622316.0
794.698,0.0,90198.0,5121.0,45.0,125.38,2675634848.0
794.798,0.0,90198.0,5121.0,45.0,125.382,2675647369.0
794.898,0.0,90198.0,5121.0,45.0,125.359,2675659892.0
794.998,0.0,90198.0,5121.0,45.0,125.378,2675672425.0
795.098,0.0,90198.0,5121.0,45.0,125.377,2675684956.0
795.197,0.0,90198.0,5121.0,45.0,125.386,2675697480.0
795.298,0.0,90198.0,5121.0,45.0,125.373,2675710009.0
795.398,0.0,90198.0,5121.0,45.0,125.379,2675722544.0
795.498,0.0,90198.0,5121.0,45.0,125.405,2675735099.0
795.598,0.0,90198.0,5121.0,45.0,125.414,2675747647.0
795.698,0.0,90198.0,5121.0,45.0,125.432,2675760186.0
795.798,0.0,90198.0,5121.0,45.0,125.446,2675772730.0
795.898,0.0,90198.0,5121.0,45.0,125.468,2675785272.0
795.998,0.0,90198.0,5121.0,45.0,125.457,2675797806.0
796.098,0.0,90198.0,5121.0,45.0,125.46,2675810334.0
796.198,0.0,90198.0,5121.0,45.0,125.451,2675822869.0
796.298,0.0,90198.0,5121.0,45.0,125.442,2675835390.0
796.398,0.0,90198.0,5121.0,45.0,125.434,2675847906.0
796.498,0.0,90198.0,5121.0,45.0,125.399,2675860431.0
796.598,0.0,90198.0,5121.0,45.0,125.383,2675872953.0
796.698,0.0,90198.0,5121.0,45.0,125.366,2675885489.0
796.798,0.0,90198.0,5121.0,45.0,125.343,2675897997.0
796.898,0.0,90198.0,5121.0,45.0,125.331,2675910526.0
796.998,0.0,90198.0,5121.0,45.0,125.334,2675923072.0
797.098,0.0,90198.0,5121.0,45.0,125.334,2675923072.0
797.198,0.0,90198.0,5121.0,45.0,125.351,2675935610.0
797.296,0.0,90198.0,5121.0,45.0,125.362,2675948151.0
797.398,0.0,90198.0,5121.0,45.0,125.393,2675973224.0
797.498,0.0,90198.0,5121.0,45.0,125.38,2675985758.0
797.598,0.0,90198.0,5121.0,45.0,125.38,2675998286.0
797.698,0.0,90198.0,5121.0,45.0,125.394,2676010810.0
797.798,0.0,90198.0,5121.0,45.0,125.407,2676023345.0
797.898,0.0,90198.0,5121.0,45.0,125.395,2676035854.0
797.997,0.0,90198.0,5121.0,45.0,125.401,2676048402.0
798.098,0.0,90198.0,5121.0,45.0,125.401,2676060936.0
798.196,0.0,90198.0,5121.0,45.0,125.384,2676073466.0
798.298,0.0,90198.0,5121.0,45.0,125.348,2676085984.0
798.397,0.0,90198.0,5121.0,45.0,125.346,2676098488.0
798.498,0.0,90198.0,5121.0,45.0,125.368,2676111036.0
798.598,0.0,90198.0,5121.0,45.0,125.349,2676123560.0
798.698,0.0,90198.0,5121.0,45.0,125.355,2676136092.0
798.798,0.0,90198.0,5121.0,45.0,125.363,2676148628.0
798.897,0.0,90198.0,5121.0,45.0,125.391,2676161163.0
798.998,0.0,90198.0,5121.0,45.0,125.362,2676173694.0
799.098,0.0,90198.0,5121.0,45.0,125.342,2676186208.0
799.198,0.0,90198.0,5121.0,45.0,125.371,2676198760.0
799.298,0.0,90198.0,5121.0,45.0,125.392,2676211307.0
799.398,0.0,90198.0,5121.0,45.0,125.391,2676223814.0
799.498,0.0,90198.0,5121.0,45.0,125.375,2676236339.0
799.598,0.0,90198.0,5121.0,45.0,125.38,2676248863.0
799.696,0.0,90198.0,5121.0,45.0,125.369,2676261400.0
799.798,0.0,90198.0,5121.0,45.0,141.903,2676280995.0
799.897,0.0,90198.0,5121.0,45.0,141.903,2676347838.0
799.998,100.0,90198.0,5121.0,51.0,201.826,2676347838.0
800.098,100.0,90198.0,5121.0,54.0,254.004,2676420385.0
800.198,100.0,90198.0,5121.0,55.0,302.126,2676546144.0
800.298,100.0,90198.0,5121.0,57.0,352.557,2676605810.0
800.398,100.0,90198.0,5121.0,57.0,397.544,2676668462.0
800.498,100.0,90198.0,5121.0,58.0,442.099,2676726935.0
800.598,97.0,90198.0,5121.0,58.0,555.642,2676789041.0
800.698,89.0,90198.0,5121.0,60.0,597.668,2676847733.0
800.798,89.0,90198.0,5121.0,61.0,630.508,2676912432.0
800.898,74.0,90198.0,5121.0,60.0,590.314,2676959419.0
800.998,74.0,90198.0,5121.0,55.0,551.533,2676984893.0
801.098,62.0,90198.0,5121.0,54.0,519.079,2677012325.0
801.198,62.0,90198.0,5121.0,53.0,484.218,2677039328.0
801.298,63.0,90198.0,5121.0,53.0,445.808,2677066601.0
801.398,63.0,90198.0,5121.0,52.0,413.149,2677092237.0
801.498,63.0,90198.0,5121.0,52.0,379.015,2677116199.0
801.598,63.0,90198.0,5121.0,52.0,344.376,2677142566.0
801.698,63.0,90198.0,5121.0,52.0,300.487,2677166330.0
801.798,63.0,90198.0,5121.0,51.0,264.157,2677192852.0
801.898,61.0,90198.0,5121.0,51.0,256.465,2677217637.0
801.998,61.0,90198.0,5121.0,51.0,256.465,2677241465.0
802.096,61.0,90198.0,5121.0,51.0,255.504,2677241465.0
802.198,63.0,90198.0,5121.0,51.0,251.526,2677265610.0
802.298,63.0,90198.0,5121.0,51.0,249.217,2677316245.0
802.398,63.0,90198.0,5121.0,51.0,250.236,2677342837.0
802.498,63.0,90198.0,5121.0,51.0,250.428,2677367301.0
802.598,60.0,90198.0,5121.0,51.0,251.868,2677393406.0
802.698,60.0,90198.0,5121.0,51.0,252.046,2677418285.0
802.798,62.0,90198.0,5121.0,51.0,251.03,2677441701.0
802.897,62.0,90198.0,5121.0,51.0,249.271,2677466943.0
802.997,62.0,90198.0,5121.0,50.0,250.42,2677491986.0
803.098,62.0,90198.0,5121.0,50.0,251.054,2677516597.0
803.198,62.0,90198.0,5121.0,50.0,251.477,2677542722.0
803.298,62.0,90198.0,5121.0,50.0,253.628,2677567824.0
803.398,63.0,90198.0,5121.0,50.0,250.289,2677591780.0
803.497,63.0,90198.0,5121.0,50.0,248.422,2677617393.0
803.596,62.0,90198.0,5121.0,50.0,250.305,2677644237.0
803.697,62.0,90198.0,5121.0,50.0,251.447,2677671272.0
803.796,63.0,90198.0,5121.0,50.0,253.928,2677697695.0
803.897,63.0,90198.0,5121.0,50.0,254.497,2677722613.0
803.998,63.0,90198.0,5121.0,50.0,254.778,2677747940.0
804.098,63.0,90198.0,5121.0,50.0,255.662,2677773156.0
804.198,63.0,90198.0,5121.0,50.0,255.771,2677798535.0
804.298,63.0,90198.0,5121.0,50.0,253.886,2677821883.0
804.398,62.0,90198.0,5121.0,50.0,254.404,2677846820.0
804.498,62.0,90198.0,5121.0,50.0,254.837,2677871662.0
804.598,60.0,90198.0,5121.0,50.0,252.608,2677896800.0
804.698,60.0,90198.0,5121.0,50.0,249.989,2677896800.0
804.798,61.0,90198.0,5121.0,50.0,247.389,2677919487.0
804.898,61.0,90198.0,5121.0,50.0,244.721,2677966759.0
804.997,61.0,90198.0,5121.0,50.0,243.321,2677989598.0
805.098,61.0,90198.0,5121.0,50.0,240.08,2678012019.0
805.198,60.0,90198.0,5121.0,50.0,238.082,2678035153.0
805.298,60.0,90198.0,5121.0,50.0,237.312,2678059283.0
805.398,60.0,90198.0,5121.0,49.0,237.2,2678082654.0
805.498,60.0,90198.0,5121.0,49.0,236.354,2678105333.0
805.598,60.0,90198.0,5121.0,49.0,234.783,2678129126.0
805.698,60.0,90198.0,5121.0,49.0,234.875,2678153827.0
805.798,60.0,90198.0,5121.0,49.0,234.714,2678176026.0
805.898,60.0,90198.0,5121.0,49.0,233.352,2678199065.0
805.998,59.0,90198.0,5121.0,49.0,232.488,2678220970.0
806.098,59.0,90198.0,5121.0,49.0,232.643,2678244230.0
806.198,58.0,90198.0,5121.0,49.0,232.74,2678265301.0
806.298,58.0,90198.0,5121.0,49.0,229.662,2678287646.0
806.398,57.0,90198.0,5121.0,49.0,228.838,2678309940.0
806.498,57.0,90198.0,5121.0,49.0,227.072,2678331068.0
806.598,58.0,90198.0,5121.0,49.0,225.37,2678351414.0
806.698,58.0,90198.0,5121.0,49.0,221.666,2678373104.0
806.797,58.0,90198.0,5121.0,49.0,219.003,2678392593.0
806.898,58.0,90198.0,5121.0,48.0,216.433,2678411793.0
806.998,57.0,90198.0,5121.0,48.0,212.383,2678431721.0
807.098,57.0,90198.0,5121.0,48.0,210.982,2678451770.0
807.198,58.0,90198.0,5121.0,48.0,206.948,2678471472.0
807.298,58.0,90198.0,5121.0,48.0,206.811,2678471472.0
807.398,58.0,90198.0,5121.0,48.0,203.921,2678492246.0
807.498,58.0,90198.0,5121.0,48.0,201.191,2678530725.0
807.598,57.0,90198.0,5121.0,48.0,200.438,2678550455.0
807.698,57.0,90198.0,5121.0,48.0,199.714,2678569806.0
807.798,55.0,90198.0,5121.0,48.0,197.279,2678590751.0
807.898,55.0,90198.0,5121.0,48.0,199.47,2678611649.0
807.998,56.0,90198.0,5121.0,48.0,200.554,2678630954.0
808.097,56.0,90198.0,5121.0,48.0,200.137,2678650612.0
808.197,56.0,90198.0,5121.0,48.0,200.073,2678669754.0
808.297,56.0,90198.0,5121.0,48.0,198.962,2678689705.0
808.398,56.0,90198.0,5121.0,48.0,197.89,2678708481.0
808.498,56.0,90198.0,5121.0,48.0,197.618,2678727182.0
808.598,55.0,90198.0,5121.0,48.0,195.908,2678746052.0
808.698,55.0,90198.0,5121.0,48.0,195.024,2678765611.0
808.798,55.0,90198.0,5121.0,48.0,193.778,2678784323.0
808.898,55.0,90198.0,5121.0,47.0,192.829,2678803577.0
808.998,55.0,90198.0,5121.0,48.0,190.386,2678822375.0
809.098,56.0,90198.0,5121.0,47.0,187.067,2678838924.0
809.198,56.0,90198.0,5121.0,47.0,184.362,2678855395.0
809.298,56.0,90198.0,5121.0,47.0,181.257,2678871777.0
809.398,56.0,90198.0,5121.0,47.0,179.892,2678888077.0
809.498,56.0,90198.0,5121.0,47.0,179.919,2678906643.0
809.598,56.0,90198.0,5121.0,47.0,181.672,2678926895.0
809.698,56.0,90198.0,5121.0,47.0,180.857,2678946458.0
809.798,56.0,90198.0,5121.0,47.0,177.737,2678946458.0
809.897,56.0,90198.0,5121.0,47.0,177.137,2678962874.0
809.998,56.0,90198.0,5121.0,47.0,177.658,2678999782.0
810.098,53.0,90198.0,5121.0,47.0,179.795,2679017605.0
810.198,53.0,90198.0,5121.0,47.0,176.737,2679033512.0
810.298,0.0,90198.0,5121.0,46.0,172.773,2679046254.0
810.398,0.0,90198.0,5121.0,46.0,169.057,2679058815.0
810.498,0.0,90198.0,5121.0,46.0,162.843,2679071434.0
810.598,0.0,90198.0,5121.0,46.0,155.329,2679084065.0
810.698,0.0,90198.0,5121.0,46.0,148.894,2679096695.0
810.798,0.0,90198.0,5121.0,46.0,145.168,2679109298.0
810.898,0.0,90198.0,5121.0,46.0,138.23,2679121915.0
810.997,0.0,90198.0,5121.0,46.0,132.751,2679134507.0
811.098,0.0,90198.0,5121.0,46.0,128.62,2679147111.0
811.198,0.0,90198.0,5121.0,52.0,146.34,2679167335.0
811.298,97.0,90198.0,5121.0,55.0,192.745,2679217058.0
811.398,97.0,90198.0,5121.0,55.0,192.745,2679284711.0
811.498,100.0,90198.0,5121.0,57.0,291.979,2679342142.0
811.598,100.0,90198.0,5121.0,57.0,291.979,2679406987.0
811.698,100.0,90198.0,5121.0,58.0,335.612,2679463714.0
811.798,91.0,90198.0,5121.0,59.0,386.758,2679525846.0
811.897,91.0,90198.0,5121.0,59.0,436.775,2679587939.0
811.997,92.0,90198.0,5121.0,60.0,481.778,2679587939.0
812.098,92.0,90198.0,5121.0,60.0,540.275,2679652046.0
812.198,83.0,90198.0,5121.0,56.0,569.251,2679735354.0
812.298,83.0,90198.0,5121.0,54.0,560.769,2679760401.0
812.397,62.0,90198.0,5121.0,53.0,529.888,2679784053.0
812.498,62.0,90198.0,5121.0,53.0,490.186,2679809588.0
812.598,62.0,90198.0,5121.0,52.0,455.669,2679832873.0
812.698,62.0,90198.0,5121.0,52.0,421.507,2679857619.0
812.798,62.0,90198.0,5121.0,52.0,383.439,2679882819.0
812.898,62.0,90198.0,5121.0,51.0,343.024,2679905908.0
812.998,62.0,90198.0,5121.0,51.0,309.428,2679930471.0
813.098,62.0,90198.0,5121.0,51.0,263.393,2679955167.0
813.198,63.0,90198.0,5121.0,51.0,247.726,2679980468.0
813.298,63.0,90198.0,5121.0,51.0,248.05,2680005716.0
813.398,63.0,90198.0,5121.0,51.0,247.838,2680030435.0
813.497,63.0,90198.0,5121.0,51.0,246.921,2680056747.0
813.598,63.0,90198.0,5121.0,51.0,247.427,2680080955.0
813.698,63.0,90198.0,5121.0,50.0,247.35,2680105086.0
813.798,63.0,90198.0,5121.0,50.0,249.083,2680129690.0
813.898,63.0,90198.0,5121.0,50.0,248.251,2680155203.0
813.998,62.0,90198.0,5121.0,50.0,248.21,2680180558.0
814.098,62.0,90198.0,5121.0,50.0,249.938,2680204550.0
814.198,62.0,90198.0,5121.0,50.0,247.636,2680227772.0
814.298,62.0,90198.0,5121.0,50.0,245.778,2680251462.0
814.398,62.0,90198.0,5121.0,50.0,245.652,2680276332.0
814.496,62.0,90198.0,5121.0,50.0,244.529,2680276332.0
814.598,62.0,90198.0,5121.0,50.0,244.964,2680301132.0
814.698,62.0,90198.0,5121.0,50.0,244.128,2680350039.0
814.798,61.0,90198.0,5121.0,50.0,244.159,2680374721.0
814.897,61.0,90198.0,5121.0,50.0,243.129,2680398879.0
814.997,62.0,90198.0,5121.0,50.0,242.245,2680423173.0
815.098,62.0,90198.0,5121.0,50.0,240.521,2680447810.0
815.198,63.0,90198.0,5121.0,50.0,242.754,2680472425.0
815.298,63.0,90198.0,5121.0,50.0,243.343,2680497114.0
815.397,62.0,90198.0,5121.0,50.0,243.446,2680521003.0
815.498,62.0,90198.0,5121.0,50.0,244.314,2680545504.0
815.598,60.0,90198.0,5121.0,50.0,242.378,2680568380.0
815.698,60.0,90198.0,5121.0,50.0,240.44,2680591589.0
815.798,60.0,90198.0,5121.0,50.0,239.045,2680614032.0
815.898,60.0,90198.0,5121.0,50.0,239.336,2680638585.0
815.997,59.0,90198.0,5121.0,50.0,238.699,2680661538.0
816.098,60.0,90198.0,5121.0,50.0,238.364,2680685931.0
816.198,60.0,90198.0,5121.0,50.0,238.188,2680709749.0
816.298,61.0,90198.0,5121.0,50.0,237.195,2680733823.0
816.398,61.0,90198.0,5121.0,49.0,236.014,2680756455.0
816.498,60.0,90198.0,5121.0,49.0,236.293,2680780180.0
816.598,60.0,90198.0,5121.0,49.0,234.579,2680803207.0
816.698,60.0,90198.0,5121.0,49.0,233.607,2680824815.0
816.798,60.0,90198.0,5121.0,49.0,232.287,2680845956.0
816.898,60.0,90198.0,5121.0,49.0,232.287,2680869384.0
816.998,57.0,90198.0,5121.0,49.0,232.121,2680869384.0
817.098,57.0,90198.0,5121.0,49.0,231.023,2680892167.0
817.198,58.0,90198.0,5121.0,49.0,228.82,2680936971.0
817.298,58.0,90198.0,5121.0,49.0,225.467,2680957074.0
817.398,58.0,90198.0,5121.0,49.0,223.022,2680979095.0
817.498,58.0,90198.0,5121.0,49.0,220.378,2680999894.0
817.597,58.0,90198.0,5121.0,49.0,218.613,2681021109.0
817.698,58.0,90198.0,5121.0,49.0,218.277,2681041346.0
817.798,58.0,90198.0,5121.0,49.0,215.765,2681061421.0
817.898,58.0,90198.0,5121.0,49.0,214.473,2681082515.0
817.996,57.0,90198.0,5121.0,49.0,209.981,2681103393.0
818.098,57.0,90198.0,5121.0,48.0,208.115,2681123384.0
818.198,56.0,90198.0,5121.0,48.0,205.405,2681143040.0
818.297,56.0,90198.0,5121.0,48.0,203.671,2681162526.0
818.398,57.0,90198.0,5121.0,48.0,202.527,2681181333.0
818.498,57.0,90198.0,5121.0,48.0,199.644,2681201471.0
818.598,57.0,90198.0,5121.0,48.0,199.905,2681221887.0
818.698,57.0,90198.0,5121.0,48.0,198.413,2681241548.0
818.798,57.0,90198.0,5121.0,48.0,196.161,2681260727.0
818.898,56.0,90198.0,5121.0,48.0,196.278,2681279727.0
818.998,56.0,90198.0,5121.0,48.0,194.972,2681299206.0
819.098,56.0,90198.0,5121.0,48.0,194.188,2681318731.0
819.198,56.0,90198.0,5121.0,48.0,194.013,2681337980.0
819.298,56.0,90198.0,5121.0,48.0,194.058,2681357381.0
819.398,56.0,90198.0,5121.0,48.0,194.058,2681375463.0
819.498,56.0,90198.0,5121.0,48.0,194.361,2681375463.0
819.598,55.0,90198.0,5121.0,48.0,194.378,2681395202.0
819.698,55.0,90198.0,5121.0,48.0,192.69,2681434340.0
819.798,55.0,90198.0,5121.0,48.0,191.649,2681452833.0
819.898,55.0,90198.0,5121.0,48.0,192.369,2681472394.0
819.998,55.0,90198.0,5121.0,48.0,191.688,2681490853.0
820.098,55.0,90198.0,5121.0,48.0,192.733,2681512482.0
820.198,56.0,90198.0,5121.0,48.0,193.932,2681531200.0
820.298,56.0,90198.0,5121.0,47.0,194.06,2681550730.0
820.398,55.0,90198.0,5121.0,47.0,191.805,2681567678.0
820.498,55.0,90198.0,5121.0,47.0,192.54,2681588005.0
820.598,56.0,90198.0,5121.0,47.0,191.208,2681606032.0
820.698,56.0,90198.0,5121.0,47.0,190.579,2681624615.0
820.798,55.0,90198.0,5121.0,47.0,192.253,2681645479.0
820.898,55.0,90198.0,5121.0,47.0,192.107,2681662816.0
820.998,56.0,90198.0,5121.0,47.0,190.667,2681681389.0
821.098,56.0,90198.0,5121.0,47.0,189.692,2681701659.0
821.198,56.0,90198.0,5121.0,47.0,187.437,2681719471.0
821.298,56.0,90198.0,5121.0,47.0,188.165,2681737865.0
821.398,53.0,90198.0,5121.0,47.0,187.089,2681753443.0
821.498,53.0,90198.0,5121.0,47.0,181.506,2681766297.0
821.597,0.0,90198.0,5121.0,46.0,174.716,2681779027.0
821.698,0.0,90198.0,5121.0,46.0,169.279,2681791582.0
821.796,0.0,90198.0,5121.0,48.0,168.489,2681821437.0
821.898,0.0,90198.0,5121.0,54.0,211.691,2681893755.0
821.998,100.0,90198.0,5121.0,56.0,257.133,2681893755.0
822.098,100.0,90198.0,5121.0,57.0,289.213,2681946413.0
822.198,100.0,90198.0,5121.0,58.0,337.436,2682073265.0
822.298,100.0,90198.0,5121.0,58.0,377.193,2682136650.0
822.398,100.0,90198.0,5121.0,59.0,428.128,2682197161.0
822.498,100.0,90198.0,5121.0,59.0,468.409,2682258643.0
822.598,100.0,90198.0,5121.0,61.0,526.265,2682318642.0
822.697,100.0,90198.0,5121.0,60.0,569.499,2682380281.0
822.798,100.0,90198.0,5121.0,61.0,611.443,2682441554.0
822.897,100.0,90198.0,5121.0,61.0,609.868,2682487765.0
822.998,68.0,90198.0,5121.0,56.0,571.038,2682513238.0
823.098,68.0,90198.0,5121.0,55.0,542.946,2682538142.0
823.198,62.0,90198.0,5121.0,54.0,502.924,2682562444.0
823.298,62.0,90198.0,5121.0,53.0,462.187,2682587133.0
823.398,63.0,90198.0,5121.0,53.0,425.676,2682614110.0
823.498,63.0,90198.0,5121.0,52.0,394.844,2682639109.0
823.598,63.0,90198.0,5121.0,52.0,321.414,2682663786.0
823.698,62.0,90198.0,5121.0,52.0,290.944,2682690075.0
823.798,62.0,90198.0,5121.0,52.0,257.022,2682715194.0
823.898,60.0,90198.0,5121.0,51.0,252.884,2682740659.0
823.998,60.0,90198.0,5121.0,51.0,253.852,2682766918.0
824.098,60.0,90198.0,5121.0,51.0,253.852,2682792268.0
824.198,63.0,90198.0,5121.0,51.0,255.384,2682792268.0
824.298,63.0,90198.0,5121.0,51.0,258.579,2682818078.0
824.398,63.0,90198.0,5121.0,51.0,259.265,2682872471.0
824.498,63.0,90198.0,5121.0,51.0,261.729,2682899453.0
824.598,62.0,90198.0,5121.0,51.0,263.044,2682926033.0
824.698,62.0,90198.0,5121.0,51.0,263.58,2682953347.0
824.798,63.0,90198.0,5121.0,51.0,264.993,2682980889.0
824.898,63.0,90198.0,5121.0,51.0,265.471,2683006475.0
824.998,63.0,90198.0,5121.0,51.0,264.582,2683032699.0
825.098,63.0,90198.0,5121.0,51.0,264.557,2683058913.0
825.198,63.0,90198.0,5121.0,51.0,264.294,2683083446.0
825.298,63.0,90198.0,5121.0,51.0,262.988,2683108854.0
825.398,63.0,90198.0,5121.0,51.0,261.911,2683135055.0
825.498,63.0,90198.0,5121.0,51.0,260.228,2683160083.0
825.598,63.0,90198.0,5121.0,51.0,258.609,2683184778.0
825.698,63.0,90198.0,5121.0,51.0,256.754,2683209752.0
825.798,63.0,90198.0,5121.0,51.0,255.333,2683237084.0
825.898,63.0,90198.0,5121.0,51.0,256.032,2683261739.0
825.998,63.0,90198.0,5121.0,50.0,254.552,2683285616.0
826.098,63.0,90198.0,5121.0,50.0,253.535,2683311110.0
826.198,63.0,90198.0,5121.0,50.0,254.064,2683336649.0
826.298,63.0,90198.0,5121.0,50.0,252.961,2683361123.0
826.398,63.0,90198.0,5121.0,50.0,250.287,2683385668.0
826.498,63.0,90198.0,5121.0,50.0,250.068,2683411559.0
826.597,63.0,90198.0,5121.0,50.0,249.643,2683435304.0
826.697,63.0,90198.0,5121.0,50.0,250.193,2683460715.0
826.797,63.0,90198.0,5121.0,50.0,248.256,2683460715.0
826.898,63.0,90198.0,5121.0,50.0,245.437,2683485325.0
826.996,61.0,90198.0,5121.0,50.0,245.899,2683531774.0
827.098,61.0,90198.0,5121.0,50.0,243.981,2683554525.0
827.198,61.0,90198.0,5121.0,50.0,240.83,2683577384.0
827.298,61.0,90198.0,5121.0,50.0,238.819,2683600627.0
827.398,61.0,90198.0,5121.0,50.0,237.513,2683623750.0
827.498,61.0,90198.0,5121.0,50.0,235.303,2683648377.0
827.598,60.0,90198.0,5121.0,50.0,234.801,2683670915.0
827.698,60.0,90198.0,5121.0,50.0,233.799,2683694589.0
827.798,60.0,90198.0,5121.0,50.0,231.34,2683716773.0
827.898,60.0,90198.0,5121.0,49.0,231.01,2683740383.0
827.998,60.0,90198.0,5121.0,50.0,229.029,2683762728.0
828.098,60.0,90198.0,5121.0,49.0,227.659,2683783978.0
828.198,58.0,90198.0,5121.0,49.0,225.708,2683804304.0
828.298,58.0,90198.0,5121.0,49.0,222.715,2683824847.0
828.398,58.0,90198.0,5121.0,49.0,222.954,2683847578.0
828.498,58.0,90198.0,5121.0,49.0,220.167,2683868122.0
828.598,58.0,90198.0,5121.0,49.0,218.348,2683889348.0
828.698,58.0,90198.0,5121.0,49.0,215.928,2683910914.0
828.798,58.0,90198.0,5121.0,49.0,214.484,2683931936.0
828.898,58.0,90198.0,5121.0,49.0,213.175,2683954387.0
828.996,57.0,90198.0,5121.0,49.0,212.525,2683975749.0
829.098,57.0,90198.0,5121.0,49.0,211.522,2683995776.0
829.198,58.0,90198.0,5121.0,48.0,210.842,2684015424.0
829.298,58.0,90198.0,5121.0,48.0,211.382,2684015424.0
829.398,57.0,90198.0,5121.0,48.0,209.361,2684036319.0
829.498,57.0,90198.0,5121.0,48.0,207.933,2684076784.0
829.598,57.0,90198.0,5121.0,48.0,206.31,2684096740.0
829.698,57.0,90198.0,5121.0,48.0,205.811,2684117162.0
829.798,57.0,90198.0,5121.0,48.0,205.902,2684137957.0
829.898,57.0,90198.0,5121.0,48.0,203.307,2684157505.0
829.998,56.0,90198.0,5121.0,48.0,200.898,2684177142.0
830.098,56.0,90198.0,5121.0,48.0,201.209,2684197715.0
830.197,56.0,90198.0,5121.0,48.0,202.439,2684218338.0
830.298,56.0,90198.0,5121.0,48.0,201.923,2684237537.0
830.398,56.0,90198.0,5121.0,48.0,199.462,2684256579.0
830.498,56.0,90198.0,5121.0,48.0,200.112,2684276244.0
830.598,56.0,90198.0,5121.0,48.0,198.454,2684294420.0
830.698,56.0,90198.0,5121.0,48.0,195.868,2684312757.0
830.798,56.0,90198.0,5121.0,48.0,194.939,2684331840.0
830.898,56.0,90198.0,5121.0,48.0,194.907,2684351412.0
830.998,55.0,90198.0,5121.0,48.0,193.93,2684369371.0
831.097,55.0,90198.0,5121.0,48.0,191.947,2684388054.0
831.198,55.0,90198.0,5121.0,48.0,190.35,2684406362.0
831.298,55.0,90198.0,5121.0,48.0,190.323,2684426321.0
831.398,55.0,90198.0,5121.0,47.0,190.06,2684445302.0
831.498,56.0,90198.0,5121.0,47.0,189.879,2684465051.0
831.598,56.0,90198.0,5121.0,47.0,190.825,2684483113.0
831.698,56.0,90198.0,5121.0,47.0,191.187,2684502453.0
831.798,56.0,90198.0,5121.0,47.0,191.187,2684522164.0
831.898,56.0,90198.0,5121.0,47.0,189.405,2684522164.0
831.998,55.0,90198.0,5121.0,47.0,189.183,2684558558.0
832.097,55.0,90198.0,5121.0,47.0,190.451,2684578619.0
832.197,55.0,90198.0,5121.0,47.0,189.038,2684594794.0
832.298,55.0,90198.0,5121.0,47.0,182.451,2684607832.0
832.396,0.0,90198.0,5121.0,47.0,176.179,2684620584.0
832.496,0.0,90198.0,5121.0,46.0,169.486,2684636301.0
832.598,25.0,90198.0,5121.0,51.0,192.635,2684680673.0
832.698,25.0,90198.0,5121.0,55.0,227.492,2684734792.0
832.796,100.0,90198.0,5121.0,55.0,261.314,2684790477.0
832.898,100.0,90198.0,5121.0,58.0,303.547,2684851199.0
832.998,100.0,90198.0,5121.0,57.0,342.3,2684909039.0
833.098,100.0,90198.0,5121.0,59.0,387.686,2684974385.0
833.198,100.0,90198.0,5121.0,57.0,430.532,2685031763.0
833.298,100.0,90198.0,5121.0,60.0,474.146,2685095836.0
833.398,100.0,90198.0,5121.0,58.0,523.005,2685158197.0
833.498,100.0,90198.0,5121.0,61.0,573.117,2685222115.0
833.598,100.0,90198.0,5121.0,60.0,597.234,2685275639.0
833.698,100.0,90198.0,5121.0,56.0,570.014,2685301832.0
833.798,62.0,90198.0,5121.0,55.0,539.965,2685326991.0
833.898,62.0,90198.0,5121.0,54.0,508.812,2685353002.0
833.998,62.0,90198.0,5121.0,53.0,478.808,2685353002.0
834.098,62.0,90198.0,5121.0,53.0,443.409,2685378661.0
834.198,63.0,90198.0,5121.0,53.0,409.572,2685431041.0
834.297,63.0,90198.0,5121.0,52.0,364.616,2685455890.0
834.397,63.0,90198.0,5121.0,52.0,328.684,2685482294.0
834.498,63.0,90198.0,5121.0,52.0,290.013,2685507966.0
834.597,63.0,90198.0,5121.0,52.0,259.621,2685535530.0
834.696,63.0,90198.0,5121.0,51.0,258.227,2685559666.0
834.798,63.0,90198.0,5121.0,51.0,257.867,2685585717.0
834.898,63.0,90198.0,5121.0,51.0,257.404,2685610210.0
834.996,62.0,90198.0,5121.0,51.0,257.507,2685635239.0
835.098,62.0,90198.0,5121.0,51.0,256.255,2685661143.0
835.198,62.0,90198.0,5121.0,51.0,256.052,2685687385.0
835.298,62.0,90198.0,5121.0,51.0,259.371,2685714537.0
835.398,60.0,90198.0,5121.0,51.0,256.585,2685738080.0
835.498,60.0,90198.0,5121.0,51.0,256.844,2685763592.0
835.598,62.0,90198.0,5121.0,51.0,254.298,2685788180.0
835.698,62.0,90198.0,5121.0,51.0,254.383,2685814080.0
835.798,62.0,90198.0,5121.0,51.0,254.624,2685839256.0
835.896,62.0,90198.0,5121.0,51.0,253.795,2685864763.0
835.996,63.0,90198.0,5121.0,51.0,253.984,2685889593.0
836.098,63.0,90198.0,5121.0,51.0,254.272,2685914803.0
836.198,63.0,90198.0,5121.0,51.0,255.145,2685940816.0
836.298,63.0,90198.0,5121.0,50.0,252.12,2685964448.0
836.398,63.0,90198.0,5121.0,51.0,253.136,2685989903.0
836.496,63.0,90198.0,5121.0,51.0,254.928,2686016597.0
836.597,63.0,90198.0,5121.0,50.0,253.657,2686016597.0
836.698,63.0,90198.0,5121.0,50.0,252.224,2686041015.0
836.798,63.0,90198.0,5121.0,50.0,253.135,2686090126.0
836.898,63.0,90198.0,5121.0,50.0,253.783,2686115926.0
836.998,62.0,90198.0,5121.0,50.0,252.977,2686140744.0
837.098,62.0,90198.0,5121.0,50.0,252.075,2686165567.0
837.198,63.0,90198.0,5121.0,50.0,250.107,2686190227.0
837.298,63.0,90198.0,5121.0,50.0,252.147,2686216318.0
837.398,62.0,90198.0,5121.0,50.0,253.587,2686241187.0
837.498,62.0,90198.0,5121.0,50.0,251.204,2686266415.0
837.598,61.0,90198.0,5121.0,50.0,250.878,2686290164.0
837.698,61.0,90198.0,5121.0,50.0,252.883,2686315854.0
837.798,61.0,90198.0,5121.0,50.0,253.212,2686342022.0
837.898,61.0,90198.0,5121.0,50.0,253.317,2686367180.0
837.998,61.0,90198.0,5121.0,50.0,250.77,2686390476.0
838.098,61.0,90198.0,5121.0,50.0,249.521,2686414135.0
838.198,59.0,90198.0,5121.0,50.0,249.324,2686437934.0
838.298,59.0,90198.0,5121.0,50.0,246.693,2686461086.0
838.398,60.0,90198.0,5121.0,50.0,244.644,2686485324.0
838.498,60.0,90198.0,5121.0,50.0,241.693,2686507117.0
838.598,59.0,90198.0,5121.0,50.0,239.144,2686529449.0
838.698,59.0,90198.0,5121.0,50.0,236.732,2686552529.0
838.797,60.0,90198.0,5121.0,50.0,234.085,2686576417.0
838.897,60.0,90198.0,5121.0,49.0,232.598,2686600104.0
838.998,60.0,90198.0,5121.0,49.0,232.457,2686622849.0
839.098,60.0,90198.0,5121.0,49.0,232.457,2686646356.0
839.198,61.0,90198.0,5121.0,49.0,230.507,2686646356.0
839.297,61.0,90198.0,5121.0,49.0,230.636,2686668798.0
839.397,58.0,90198.0,5121.0,49.0,227.48,2686713207.0
839.498,58.0,90198.0,5121.0,49.0,229.375,2686736655.0
839.598,58.0,90198.0,5121.0,49.0,228.976,2686757628.0
839.698,58.0,90198.0,5121.0,49.0,226.955,2686778609.0
839.798,57.0,90198.0,5121.0,49.0,224.242,2686799481.0
839.898,57.0,90198.0,5121.0,49.0,220.787,2686820037.0
839.998,58.0,90198.0,5121.0,49.0,219.056,2686840745.0
840.098,58.0,90198.0,5121.0,49.0,216.077,2686862102.0
840.198,57.0,90198.0,5121.0,48.0,213.348,2686881569.0
840.298,57.0,90198.0,5121.0,48.0,208.698,2686900372.0
840.398,57.0,90198.0,5121.0,48.0,206.386,2686919702.0
840.498,57.0,90198.0,5121.0,48.0,203.745,2686939831.0
840.598,58.0,90198.0,5121.0,48.0,200.63,2686958539.0
840.698,58.0,90198.0,5121.0,48.0,198.439,2686977209.0
840.798,56.0,90198.0,5121.0,48.0,197.116,2686996876.0
840.898,56.0,90198.0,5121.0,48.0,197.92,2687016751.0
840.998,56.0,90198.0,5121.0,48.0,196.185,2687036765.0
841.097,56.0,90198.0,5121.0,48.0,194.218,2687056228.0
841.198,56.0,90198.0,5121.0,48.0,194.314,2687075132.0
841.298,56.0,90198.0,5121.0,48.0,194.641,2687094766.0
841.398,55.0,90198.0,5121.0,48.0,195.499,2687113917.0
841.497,55.0,90198.0,5121.0,48.0,194.208,2687133076.0
841.597,55.0,90198.0,5121.0,48.0,194.208,2687152470.0
841.696,56.0,90198.0,5121.0,48.0,195.122,2687172248.0
841.798,55.0,90198.0,5121.0,48.0,193.638,2687172248.0
841.898,55.0,90198.0,5121.0,48.0,192.39,2687190085.0
841.998,55.0,90198.0,5121.0,48.0,191.584,2687228536.0
842.098,55.0,90198.0,5121.0,48.0,190.984,2687246707.0
842.198,56.0,90198.0,5121.0,48.0,191.046,2687266052.0
842.298,56.0,90198.0,5121.0,48.0,191.703,2687286026.0
842.398,55.0,90198.0,5121.0,48.0,191.761,2687305582.0
842.498,55.0,90198.0,5121.0,48.0,190.996,2687324352.0
842.598,55.0,90198.0,5121.0,47.0,189.501,2687342336.0
842.698,55.0,90198.0,5121.0,48.0,190.539,2687361945.0
842.798,56.0,90198.0,5121.0,47.0,190.72,2687380892.0
842.898,56.0,90198.0,5121.0,47.0,191.296,2687400080.0
842.998,53.0,90198.0,5121.0,47.0,187.639,2687415497.0
843.098,53.0,90198.0,5121.0,47.0,181.838,2687428400.0
843.198,0.0,90198.0,5121.0,46.0,174.85,2687441166.0
843.298,0.0,90198.0,5121.0,48.0,176.361,2687468849.0
843.398,64.0,90198.0,5121.0,54.0,210.864,2687523494.0
843.498,64.0,90198.0,5121.0,56.0,250.252,2687578309.0
843.598,91.0,90198.0,5121.0,57.0,290.961,2687640660.0
843.698,91.0,90198.0,5121.0,58.0,338.706,2687706440.0
843.797,91.0,90198.0,5121.0,59.0,382.74,2687706440.0
843.898,91.0,90198.0,5121.0,60.0,422.412,2687769968.0
843.998,90.0,90198.0,5121.0,60.0,470.153,2687892548.0
844.098,90.0,90198.0,5121.0,61.0,518.255,2687951573.0
844.198,86.0,90198.0,5121.0,61.0,559.906,2688014412.0
844.298,86.0,90198.0,5121.0,61.0,607.652,2688077777.0
844.398,96.0,90198.0,5121.0,58.0,593.154,2688110719.0
844.498,96.0,90198.0,5121.0,55.0,562.132,2688138316.0
844.598,63.0,90198.0,5121.0,54.0,530.285,2688165999.0
844.698,63.0,90198.0,5121.0,54.0,489.959,2688192199.0
844.798,63.0,90198.0,5121.0,53.0,456.784,2688218366.0
844.898,63.0,90198.0,5121.0,53.0,418.778,2688244821.0
844.998,62.0,90198.0,5121.0,52.0,387.492,2688270149.0
845.098,62.0,90198.0,5121.0,52.0,347.454,2688294699.0
845.198,63.0,90198.0,5121.0,52.0,309.331,2688322125.0
845.296,63.0,90198.0,5121.0,52.0,279.187,2688348043.0
845.396,63.0,90198.0,5121.0,52.0,260.427,2688372545.0
845.498,63.0,90198.0,5121.0,52.0,258.259,2688397717.0
845.598,63.0,90198.0,5121.0,51.0,256.257,2688423391.0
845.698,63.0,90198.0,5121.0,51.0,256.429,2688449707.0
845.798,63.0,90198.0,5121.0,51.0,256.14,2688475097.0
845.898,63.0,90198.0,5121.0,51.0,255.117,2688475097.0
845.998,62.0,90198.0,5121.0,51.0,255.027,2688500009.0
846.098,62.0,90198.0,5121.0,51.0,255.284,2688550531.0
846.198,63.0,90198.0,5121.0,51.0,252.945,2688575166.0
846.296,63.0,90198.0,5121.0,51.0,251.855,2688600406.0
846.396,63.0,90198.0,5121.0,51.0,253.988,2688626932.0
846.496,63.0,90198.0,5121.0,51.0,254.715,2688653068.0
846.597,63.0,90198.0,5121.0,51.0,254.509,2688678517.0
846.697,63.0,90198.0,5121.0,51.0,254.005,2688704814.0
846.798,63.0,90198.0,5121.0,51.0,252.697,2688729066.0
846.897,63.0,90198.0,5121.0,51.0,252.919,2688754462.0
846.998,64.0,90198.0,5121.0,51.0,255.695,2688781245.0
847.098,64.0,90198.0,5121.0,51.0,256.945,2688808508.0
847.198,63.0,90198.0,5121.0,51.0,256.969,2688832331.0
847.298,63.0,90198.0,5121.0,51.0,259.119,2688860047.0
847.397,63.0,90198.0,5121.0,51.0,258.136,2688885309.0
847.497,63.0,90198.0,5121.0,51.0,257.394,2688910923.0
847.596,63.0,90198.0,5121.0,51.0,258.289,2688935751.0
847.697,63.0,90198.0,5121.0,51.0,258.075,2688962183.0
847.798,63.0,90198.0,5121.0,50.0,257.178,2688986023.0
847.898,63.0,90198.0,5121.0,50.0,257.178,2689010554.0
847.998,63.0,90198.0,5121.0,50.0,257.146,2689010554.0
848.098,63.0,90198.0,5121.0,50.0,251.375,2689034694.0
848.198,63.0,90198.0,5121.0,50.0,253.483,2689085575.0
848.298,63.0,90198.0,5121.0,50.0,250.987,2689110465.0
848.398,63.0,90198.0,5121.0,50.0,250.458,2689135754.0
848.497,63.0,90198.0,5121.0,50.0,252.352,2689161893.0
848.596,61.0,90198.0,5121.0,50.0,251.294,2689186175.0
848.698,61.0,90198.0,5121.0,50.0,249.671,2689211401.0
848.798,61.0,90198.0,5121.0,50.0,250.143,2689235735.0
848.898,61.0,90198.0,5121.0,50.0,249.354,2689259830.0
848.998,59.0,90198.0,5121.0,50.0,248.401,2689281199.0
849.098,59.0,90198.0,5121.0,50.0,245.078,2689303209.0
849.198,60.0,90198.0,5121.0,50.0,242.894,2689326080.0
849.297,60.0,90198.0,5121.0,50.0,239.644,2689348416.0
849.397,60.0,90198.0,5121.0,50.0,237.855,2689371999.0
849.497,60.0,90198.0,5121.0,50.0,233.91,2689394684.0
849.598,60.0,90198.0,5121.0,50.0,233.406,2689418515.0
849.698,60.0,90198.0,5121.0,49.0,232.12,2689441819.0
849.798,60.0,90198.0,5121.0,49.0,231.217,2689464633.0
849.898,60.0,90198.0,5121.0,49.0,230.443,2689487247.0
849.998,59.0,90198.0,5121.0,49.0,228.577,2689507935.0
850.098,59.0,90198.0,5121.0,49.0,227.457,2689528826.0
850.198,58.0,90198.0,5121.0,49.0,223.887,2689548981.0
850.298,58.0,90198.0,5121.0,49.0,222.144,2689569744.0
850.398,58.0,90198.0,5121.0,49.0,218.454,2689589137.0
850.498,58.0,90198.0,5121.0,49.0,218.454,2689610506.0
850.598,58.0,90198.0,5121.0,49.0,216.507,2689610506.0
850.698,57.0,90198.0,5121.0,49.0,213.708,2689631268.0
850.798,58.0,90198.0,5121.0,49.0,205.084,2689670388.0
850.898,58.0,90198.0,5121.0,48.0,204.602,2689691861.0
850.997,57.0,90198.0,5121.0,48.0,203.232,2689712109.0
851.098,57.0,90198.0,5121.0,48.0,203.006,2689732610.0
851.197,57.0,90198.0,5121.0,48.0,204.757,2689753343.0
851.298,57.0,90198.0,5121.0,48.0,204.011,2689773937.0
851.397,55.0,90198.0,5121.0,48.0,204.109,2689793308.0
851.498,55.0,90198.0,5121.0,48.0,201.178,2689811621.0
851.598,54.0,90198.0,5121.0,48.0,199.086,2689830652.0
851.697,54.0,90198.0,5121.0,48.0,199.991,2689850523.0
851.798,55.0,90198.0,5121.0,48.0,200.623,2689870462.0
851.898,55.0,90198.0,5121.0,48.0,198.911,2689889839.0
851.998,56.0,90198.0,5121.0,48.0,198.195,2689909584.0
852.098,56.0,90198.0,5121.0,48.0,197.911,2689929552.0
852.198,56.0,90198.0,5121.0,48.0,196.857,2689949420.0
852.298,56.0,90198.0,5121.0,48.0,195.27,2689968545.0
852.398,56.0,90198.0,5121.0,48.0,195.321,2689987704.0
852.498,56.0,90198.0,5121.0,48.0,197.548,2690007948.0
852.597,54.0,90198.0,5121.0,48.0,197.203,2690026575.0
852.698,54.0,90198.0,5121.0,48.0,196.582,2690046427.0
852.798,55.0,90198.0,5121.0,48.0,196.802,2690066671.0
852.898,55.0,90198.0,5121.0,48.0,196.485,2690086064.0
852.997,55.0,90198.0,5121.0,48.0,196.261,2690105334.0
853.098,55.0,90198.0,5121.0,48.0,195.053,2690105334.0
853.198,55.0,90198.0,5121.0,48.0,194.374,2690124516.0
853.298,55.0,90198.0,5121.0,47.0,194.76,2690163456.0
853.398,56.0,90198.0,5121.0,47.0,192.116,2690180458.0
853.498,56.0,90198.0,5121.0,47.0,191.608,2690200392.0
853.598,54.0,90198.0,5121.0,47.0,191.855,2690219627.0
853.698,54.0,90198.0,5121.0,47.0,186.899,2690234860.0
853.797,0.0,90198.0,5121.0,47.0,179.675,2690247631.0
853.896,0.0,90198.0,5121.0,46.0,172.455,2690260207.0
853.998,46.0,90198.0,5121.0,47.0,178.473,2690282608.0
854.097,46.0,90198.0,5121.0,53.0,229.811,2690352829.0
854.198,72.0,90198.0,5121.0,56.0,270.828,2690414528.0
854.298,72.0,90198.0,5121.0,50.0,263.384,2690428803.0
854.397,0.0,90198.0,5121.0,49.0,259.003,2690441510.0
854.498,0.0,90198.0,5121.0,48.0,276.584,2690475475.0
854.597,65.0,90198.0,5121.0,56.0,328.174,2690543708.0
854.698,65.0,90198.0,5121.0,56.0,368.165,2690604334.0
854.798,90.0,90198.0,5121.0,58.0,425.2,2690668492.0
854.898,90.0,90198.0,5121.0,58.0,425.2,2690728636.0
854.997,90.0,90198.0,5121.0,59.0,465.757,2690728636.0
855.098,100.0,90198.0,5121.0,59.0,508.509,2690791876.0
855.198,100.0,90198.0,5121.0,60.0,498.267,2690914704.0
855.298,100.0,90198.0,5121.0,61.0,503.208,2690974642.0
855.398,63.0,90198.0,5121.0,57.0,566.825,2691008724.0
855.498,63.0,90198.0,5121.0,57.0,550.663,2691035115.0
855.598,63.0,90198.0,5121.0,54.0,516.83,2691060345.0
855.698,63.0,90198.0,5121.0,54.0,482.347,2691086980.0
855.799,63.0,90198.0,5121.0,53.0,443.561,2691112249.0
855.898,63.0,90198.0,5121.0,53.0,404.633,2691137393.0
855.998,62.0,90198.0,5121.0,52.0,367.252,2691162571.0
856.098,62.0,90198.0,5121.0,52.0,340.953,2691187579.0
856.198,63.0,90198.0,5121.0,52.0,300.928,2691211451.0
856.296,63.0,90198.0,5121.0,52.0,260.611,2691236805.0
856.397,60.0,90198.0,5121.0,52.0,253.824,2691261750.0
856.498,60.0,90198.0,5121.0,52.0,253.011,2691286415.0
856.598,63.0,90198.0,5121.0,51.0,254.147,2691312775.0
856.697,63.0,90198.0,5121.0,51.0,254.06,2691339785.0
856.797,62.0,90198.0,5121.0,51.0,254.738,2691365948.0
856.898,62.0,90198.0,5121.0,51.0,254.029,2691390318.0
856.998,63.0,90198.0,5121.0,51.0,253.042,2691415406.0
857.098,63.0,90198.0,5121.0,51.0,253.042,2691415406.0
857.196,63.0,90198.0,5121.0,51.0,251.323,2691440123.0
857.298,63.0,90198.0,5121.0,51.0,252.081,2691491457.0
857.397,63.0,90198.0,5121.0,51.0,253.954,2691516305.0
857.497,63.0,90198.0,5121.0,51.0,255.666,2691542523.0
857.598,63.0,90198.0,5121.0,51.0,257.033,2691567725.0
857.698,62.0,90198.0,5121.0,51.0,253.6,2691593796.0
857.796,63.0,90198.0,5121.0,51.0,254.747,2691620649.0
857.898,63.0,90198.0,5121.0,51.0,258.893,2691647862.0
857.998,63.0,90198.0,5121.0,51.0,259.695,2691673571.0
858.097,63.0,90198.0,5121.0,51.0,259.831,2691698865.0
858.198,63.0,90198.0,5121.0,51.0,261.73,2691723539.0
858.297,63.0,90198.0,5121.0,51.0,258.276,2691749078.0
858.398,61.0,90198.0,5121.0,51.0,257.717,2691773547.0
858.498,61.0,90198.0,5121.0,51.0,256.153,2691798479.0
858.597,63.0,90198.0,5121.0,50.0,255.715,2691823945.0
858.698,63.0,90198.0,5121.0,50.0,255.072,2691848637.0
858.798,63.0,90198.0,5121.0,50.0,252.82,2691872427.0
858.897,63.0,90198.0,5121.0,50.0,248.476,2691896930.0
858.998,63.0,90198.0,5121.0,50.0,246.473,2691920790.0
859.098,63.0,90198.0,5121.0,50.0,247.411,2691945482.0
859.198,63.0,90198.0,5121.0,50.0,246.028,2691970858.0
859.296,63.0,90198.0,5121.0,50.0,246.177,2691994458.0
859.398,63.0,90198.0,5121.0,50.0,244.616,2692018584.0
859.498,63.0,90198.0,5121.0,50.0,245.369,2692042870.0
859.598,63.0,90198.0,5121.0,50.0,245.369,2692068221.0
859.698,61.0,90198.0,5121.0,50.0,244.502,2692068221.0
859.797,61.0,90198.0,5121.0,50.0,244.013,2692093034.0
859.897,61.0,90198.0,5121.0,50.0,242.553,2692138699.0
859.998,61.0,90198.0,5121.0,50.0,240.569,2692162120.0
860.098,61.0,90198.0,5121.0,50.0,240.267,2692186696.0
860.198,61.0,90198.0,5121.0,50.0,238.198,2692211137.0
860.297,61.0,90198.0,5121.0,50.0,238.177,2692234439.0
860.398,61.0,90198.0,5121.0,50.0,237.825,2692258602.0
860.498,61.0,90198.0,5121.0,50.0,237.107,2692282989.0
860.598,61.0,90198.0,5121.0,50.0,236.028,2692307028.0
860.698,61.0,90198.0,5121.0,50.0,234.022,2692329795.0
860.797,60.0,90198.0,5121.0,50.0,234.215,2692353196.0
860.898,60.0,90198.0,5121.0,50.0,235.052,2692376428.0
860.998,60.0,90198.0,5121.0,50.0,235.181,2692399692.0
861.097,60.0,90198.0,5121.0,49.0,233.177,2692422654.0
861.198,60.0,90198.0,5121.0,49.0,233.071,2692445138.0
861.297,60.0,90198.0,5121.0,49.0,230.844,2692467197.0
861.397,58.0,90198.0,5121.0,49.0,231.028,2692490225.0
861.497,58.0,90198.0,5121.0,49.0,229.72,2692513393.0
861.597,58.0,90198.0,5121.0,49.0,226.233,2692534909.0
861.697,58.0,90198.0,5121.0,49.0,225.967,2692555818.0
861.798,58.0,90198.0,5121.0,49.0,223.582,2692577321.0
861.898,58.0,90198.0,5121.0,49.0,222.485,2692598857.0
861.998,58.0,90198.0,5121.0,49.0,219.812,2692619572.0
862.096,58.0,90198.0,5121.0,49.0,219.743,2692619572.0
862.197,58.0,90198.0,5121.0,49.0,218.247,2692641269.0
862.297,58.0,90198.0,5121.0,49.0,216.802,2692683816.0
862.397,58.0,90198.0,5121.0,49.0,213.617,2692704492.0
862.498,58.0,90198.0,5121.0,49.0,211.678,2692725273.0
862.598,57.0,90198.0,5121.0,48.0,211.93,2692746113.0
862.697,57.0,90198.0,5121.0,48.0,210.918,2692767106.0
862.797,58.0,90198.0,5121.0,48.0,209.004,2692787107.0
862.897,58.0,90198.0,5121.0,48.0,208.033,2692807144.0
862.997,58.0,90198.0,5121.0,48.0,208.301,2692827724.0
863.097,58.0,90198.0,5121.0,48.0,205.912,2692848019.0
863.197,58.0,90198.0,5121.0,48.0,204.531,2692868288.0
863.298,58.0,90198.0,5121.0,48.0,203.743,2692887678.0
863.398,56.0,90198.0,5121.0,48.0,203.44,2692907751.0
863.498,56.0,90198.0,5121.0,48.0,202.098,2692927200.0
863.598,56.0,90198.0,5121.0,48.0,199.489,2692945238.0
863.698,56.0,90198.0,5121.0,48.0,196.623,2692963770.0
863.798,55.0,90198.0,5121.0,48.0,196.384,2692983188.0
863.897,55.0,90198.0,5121.0,48.0,195.197,2693002040.0
863.998,54.0,90198.0,5121.0,48.0,192.683,2693019983.0
864.097,54.0,90198.0,5121.0,48.0,192.476,2693038788.0
864.198,55.0,90198.0,5121.0,48.0,190.51,2693058624.0
864.298,55.0,90198.0,5121.0,48.0,189.474,2693076871.0
864.398,56.0,90198.0,5121.0,48.0,188.544,2693095460.0
864.498,56.0,90198.0,5121.0,48.0,188.652,2693115066.0
864.598,56.0,90198.0,5121.0,48.0,188.652,2693132071.0
864.697,55.0,90198.0,5121.0,48.0,187.366,2693132071.0
864.798,55.0,90198.0,5121.0,47.0,183.993,2693148067.0
864.896,0.0,90198.0,5121.0,47.0,177.318,2693160938.0
864.998,0.0,90198.0,5121.0,47.0,171.431,2693191132.0
865.097,37.0,90198.0,5121.0,46.0,182.09,2693257510.0
865.198,37.0,90198.0,5121.0,53.0,231.338,2693317317.0
865.296,91.0,90198.0,5121.0,56.0,318.957,2693384851.0
865.398,92.0,90198.0,5121.0,58.0,360.932,2693438632.0
865.497,92.0,90198.0,5121.0,59.0,394.82,2693500130.0
865.598,91.0,90198.0,5121.0,59.0,437.293,2693562238.0
865.698,91.0,90198.0,5121.0,60.0,485.572,2693624040.0
865.798,87.0,90198.0,5121.0,61.0,531.566,2693687331.0
865.897,87.0,90198.0,5121.0,60.0,583.0,2693747116.0
865.997,97.0,90198.0,5121.0,61.0,615.395,2693811533.0
866.097,97.0,90198.0,5121.0,60.0,585.171,2693852690.0
866.197,62.0,90198.0,5121.0,56.0,554.151,2693880364.0
866.297,62.0,90198.0,5121.0,55.0,513.055,2693907226.0
866.397,63.0,90198.0,5121.0,54.0,485.447,2693932183.0
866.498,63.0,90198.0,5121.0,53.0,451.244,2693957470.0
866.598,63.0,90198.0,5121.0,53.0,416.382,2693982581.0
866.697,63.0,90198.0,5121.0,53.0,379.817,2693982581.0
866.798,62.0,90198.0,5121.0,52.0,345.613,2694008630.0
866.898,62.0,90198.0,5121.0,52.0,313.137,2694062577.0
866.997,63.0,90198.0,5121.0,52.0,276.314,2694089180.0
867.097,63.0,90198.0,5121.0,52.0,262.765,2694115689.0
867.197,63.0,90198.0,5121.0,52.0,263.403,2694142881.0
867.298,63.0,90198.0,5121.0,52.0,265.872,2694171101.0
867.398,62.0,90198.0,5121.0,51.0,267.221,2694198545.0
867.497,62.0,90198.0,5121.0,51.0,269.603,2694225500.0
867.598,62.0,90198.0,5121.0,51.0,271.915,2694252644.0
867.698,62.0,90198.0,5121.0,51.0,270.377,2694277372.0
867.798,63.0,90198.0,5121.0,51.0,271.055,2694304516.0
867.898,63.0,90198.0,5121.0,51.0,269.621,2694330979.0
867.998,63.0,90198.0,5121.0,51.0,268.46,2694356017.0
868.098,63.0,90198.0,5121.0,51.0,267.553,2694382408.0
868.198,62.0,90198.0,5121.0,51.0,265.637,2694408530.0
868.297,62.0,90198.0,5121.0,51.0,263.174,2694433685.0
868.398,62.0,90198.0,5121.0,51.0,261.163,2694459678.0
868.496,62.0,90198.0,5121.0,51.0,260.066,2694484463.0
868.596,63.0,90198.0,5121.0,51.0,259.228,2694511314.0
868.697,63.0,90198.0,5121.0,51.0,259.462,2694536408.0
868.797,63.0,90198.0,5121.0,51.0,256.311,2694560456.0
868.897,63.0,90198.0,5121.0,51.0,255.091,2694585621.0
868.998,62.0,90198.0,5121.0,51.0,253.448,2694609807.0
869.097,62.0,90198.0,5121.0,51.0,254.484,2694636223.0
869.198,63.0,90198.0,5121.0,51.0,255.764,2694663117.0
869.297,63.0,90198.0,5121.0,50.0,256.737,2694689637.0
869.398,63.0,90198.0,5121.0,50.0,255.916,2694689637.0
869.497,63.0,90198.0,5121.0,50.0,255.224,2694715537.0
869.598,62.0,90198.0,5121.0,50.0,254.364,2694765629.0
869.698,62.0,90198.0,5121.0,50.0,253.888,2694790277.0
869.797,62.0,90198.0,5121.0,50.0,253.98,2694814982.0
869.898,62.0,90198.0,5121.0,50.0,251.752,2694838774.0
869.998,61.0,90198.0,5121.0,50.0,252.01,2694863294.0
870.098,61.0,90198.0,5121.0,50.0,250.408,2694888180.0
870.198,60.0,90198.0,5121.0,50.0,247.071,2694911316.0
870.298,60.0,90198.0,5121.0,50.0,244.686,2694935029.0
870.398,61.0,90198.0,5121.0,50.0,243.735,2694958606.0
870.498,61.0,90198.0,5121.0,50.0,241.522,2694982533.0
870.598,60.0,90198.0,5121.0,50.0,239.051,2695005610.0
870.698,60.0,90198.0,5121.0,50.0,237.261,2695029190.0
870.798,60.0,90198.0,5121.0,50.0,236.264,2695052157.0
870.897,60.0,90198.0,5121.0,50.0,235.508,2695074097.0
870.998,60.0,90198.0,5121.0,50.0,232.673,2695096248.0
871.098,60.0,90198.0,5121.0,50.0,231.704,2695118628.0
871.198,59.0,90198.0,5121.0,49.0,230.26,2695142764.0
871.297,59.0,90198.0,5121.0,50.0,228.982,2695163570.0
871.398,58.0,90198.0,5121.0,49.0,225.71,2695187008.0
871.498,58.0,90198.0,5121.0,49.0,224.989,2695207923.0
871.597,58.0,90198.0,5121.0,49.0,222.621,2695230235.0
871.697,58.0,90198.0,5121.0,49.0,221.189,2695250955.0
871.797,58.0,90198.0,5121.0,49.0,219.002,2695272688.0
871.897,58.0,90198.0,5121.0,49.0,217.006,2695292372.0
871.997,58.0,90198.0,5121.0,49.0,217.006,2695312266.0
872.097,58.0,90198.0,5121.0,49.0,214.94,2695312266.0
872.198,58.0,90198.0,5121.0,49.0,212.206,2695332079.0
872.298,57.0,90198.0,5121.0,49.0,211.261,2695374427.0
872.398,57.0,90198.0,5121.0,49.0,210.076,2695394278.0
872.498,58.0,90198.0,5121.0,48.0,207.74,2695413669.0
872.598,58.0,90198.0,5121.0,48.0,206.021,2695434640.0
872.698,57.0,90198.0,5121.0,48.0,204.549,2695454247.0
872.797,57.0,90198.0,5121.0,48.0,203.31,2695473529.0
872.897,56.0,90198.0,5121.0,48.0,202.297,2695492649.0
872.998,56.0,90198.0,5121.0,48.0,200.932,2695512483.0
873.098,56.0,90198.0,5121.0,48.0,198.669,2695531379.0
873.197,56.0,90198.0,5121.0,48.0,197.951,2695550089.0
873.297,56.0,90198.0,5121.0,48.0,194.34,2695569421.0
873.398,55.0,90198.0,5121.0,48.0,192.023,2695586404.0
873.497,55.0,90198.0,5121.0,48.0,191.146,2695605063.0
873.597,54.0,90198.0,5121.0,48.0,190.67,2695624385.0
873.697,54.0,90198.0,5121.0,48.0,190.912,2695644616.0
873.798,55.0,90198.0,5121.0,48.0,190.267,2695663822.0
873.898,55.0,90198.0,5121.0,48.0,191.609,2695683667.0
873.997,55.0,90198.0,5121.0,48.0,189.897,2695702844.0
874.098,55.0,90198.0,5121.0,48.0,190.103,2695721590.0
874.197,56.0,90198.0,5121.0,48.0,188.506,2695740628.0
874.298,56.0,90198.0,5121.0,48.0,189.031,2695757405.0
874.398,54.0,90198.0,5121.0,48.0,188.563,2695775941.0
874.497,54.0,90198.0,5121.0,48.0,186.685,2695791915.0
874.597,54.0,90198.0,5121.0,48.0,186.685,2695810800.0
874.697,56.0,90198.0,5121.0,47.0,186.932,2695810800.0
874.798,56.0,90198.0,5121.0,48.0,187.853,2695831024.0
874.897,56.0,90198.0,5121.0,47.0,188.455,2695870437.0
874.998,56.0,90198.0,5121.0,47.0,188.412,2695890810.0
875.098,56.0,90198.0,5121.0,47.0,189.279,2695909361.0
875.197,56.0,90198.0,5121.0,47.0,188.369,2695926395.0
875.296,55.0,90198.0,5121.0,47.0,187.354,2695943815.0
875.396,55.0,90198.0,5121.0,47.0,187.259,2695959604.0
875.496,6.0,90198.0,5121.0,47.0,182.839,2695972342.0
875.597,6.0,90198.0,5121.0,47.0,179.118,2695984931.0
875.697,10.0,90198.0,5121.0,46.0,182.11,2696033434.0
875.797,10.0,90198.0,5121.0,50.0,220.121,2696095590.0
875.897,100.0,90198.0,5121.0,55.0,302.285,2696157522.0
875.997,100.0,90198.0,5121.0,56.0,344.281,2696217807.0
876.098,100.0,90198.0,5121.0,59.0,388.34,2696276984.0
876.198,100.0,90198.0,5121.0,58.0,429.033,2696342369.0
876.298,100.0,90198.0,5121.0,60.0,472.676,2696403538.0
876.398,100.0,90198.0,5121.0,60.0,530.092,2696467865.0
876.498,100.0,90198.0,5121.0,56.0,551.066,2696519521.0
876.597,62.0,90198.0,5121.0,54.0,553.188,2696543977.0
876.698,62.0,90198.0,5121.0,53.0,517.827,2696567766.0
876.797,62.0,90198.0,5121.0,53.0,482.711,2696592170.0
876.906,62.0,90198.0,5121.0,52.0,448.203,2696617334.0
876.998,61.0,90198.0,5121.0,52.0,407.622,2696642019.0
877.096,61.0,90198.0,5121.0,52.0,378.095,2696642019.0
877.198,62.0,90198.0,5121.0,51.0,331.753,2696666239.0
877.298,62.0,90198.0,5121.0,51.0,298.285,2696713458.0
877.397,62.0,90198.0,5121.0,51.0,257.513,2696736196.0
877.496,62.0,90198.0,5121.0,51.0,241.22,2696759565.0
877.598,62.0,90198.0,5121.0,51.0,241.737,2696784591.0
877.697,62.0,90198.0,5121.0,51.0,240.034,2696808616.0
877.797,61.0,90198.0,5121.0,51.0,239.549,2696831975.0
877.898,61.0,90198.0,5121.0,51.0,239.51,2696856253.0
877.997,62.0,90198.0,5121.0,50.0,240.348,2696881406.0
878.097,62.0,90198.0,5121.0,50.0,240.85,2696906738.0
878.197,62.0,90198.0,5121.0,50.0,241.226,2696932115.0
878.297,62.0,90198.0,5121.0,50.0,243.181,2696955550.0
878.397,62.0,90198.0,5121.0,50.0,244.068,2696979588.0
878.498,62.0,90198.0,5121.0,50.0,244.155,2697003610.0
878.598,61.0,90198.0,5121.0,50.0,243.08,2697027664.0
878.697,61.0,90198.0,5121.0,50.0,244.429,2697052940.0
878.797,60.0,90198.0,5121.0,50.0,244.139,2697075323.0
878.897,60.0,90198.0,5121.0,50.0,244.241,2697100305.0
878.998,61.0,90198.0,5121.0,50.0,243.917,2697124131.0
879.097,61.0,90198.0,5121.0,50.0,243.917,2697149318.0
879.198,61.0,90198.0,5121.0,50.0,240.981,2697172078.0
879.296,61.0,90198.0,5121.0,50.0,239.869,2697196601.0
879.396,61.0,90198.0,5121.0,50.0,240.346,2697220654.0
879.497,61.0,90198.0,5121.0,50.0,238.656,2697244214.0
879.597,61.0,90198.0,5121.0,50.0,239.851,2697267126.0
879.698,61.0,90198.0,5121.0,50.0,239.851,2697292188.0
879.796,61.0,90198.0,5121.0,50.0,239.127,2697292188.0
879.896,60.0,90198.0,5121.0,50.0,238.981,2697315106.0
879.998,60.0,90198.0,5121.0,50.0,237.154,2697361559.0
880.097,61.0,90198.0,5121.0,50.0,237.525,2697386159.0
880.197,61.0,90198.0,5121.0,50.0,237.749,2697408984.0
880.297,60.0,90198.0,5121.0,50.0,237.838,2697432439.0
880.397,60.0,90198.0,5121.0,50.0,237.564,2697456248.0
880.497,60.0,90198.0,5121.0,50.0,237.19,2697480843.0
880.597,60.0,90198.0,5121.0,50.0,237.571,2697503384.0
880.698,60.0,90198.0,5121.0,50.0,236.836,2697526353.0
880.798,60.0,90198.0,5121.0,50.0,235.241,2697550137.0
880.898,60.0,90198.0,5121.0,50.0,234.857,2697573015.0
880.997,60.0,90198.0,5121.0,50.0,236.435,2697597200.0
881.098,60.0,90198.0,5121.0,49.0,234.494,2697620216.0
881.198,60.0,90198.0,5121.0,50.0,233.569,2697643818.0
881.298,59.0,90198.0,5121.0,49.0,233.6,2697666616.0
881.397,59.0,90198.0,5121.0,49.0,233.638,2697688940.0
881.498,59.0,90198.0,5121.0,49.0,229.999,2697709600.0
881.598,59.0,90198.0,5121.0,49.0,228.256,2697732912.0
881.698,60.0,90198.0,5121.0,49.0,229.202,2697756511.0
881.797,60.0,90198.0,5121.0,49.0,228.804,2697778165.0
881.898,58.0,90198.0,5121.0,49.0,226.961,2697798737.0
881.998,58.0,90198.0,5121.0,49.0,224.78,2697820562.0
882.098,58.0,90198.0,5121.0,49.0,222.369,2697840305.0
882.198,58.0,90198.0,5121.0,49.0,218.362,2697860773.0
882.298,57.0,90198.0,5121.0,49.0,216.704,2697882229.0
882.398,57.0,90198.0,5121.0,49.0,215.14,2697882229.0
882.498,58.0,90198.0,5121.0,49.0,214.563,2697902262.0
882.598,58.0,90198.0,5121.0,48.0,213.516,2697945209.0
882.697,57.0,90198.0,5121.0,48.0,211.677,2697964800.0
882.796,57.0,90198.0,5121.0,48.0,208.96,2697985834.0
882.898,58.0,90198.0,5121.0,48.0,208.14,2698006346.0
882.998,58.0,90198.0,5121.0,48.0,206.02,2698025312.0
883.098,56.0,90198.0,5121.0,48.0,204.95,2698045607.0
883.197,56.0,90198.0,5121.0,48.0,205.267,2698064110.0
883.297,56.0,90198.0,5121.0,48.0,202.691,2698083912.0
883.397,56.0,90198.0,5121.0,48.0,200.117,2698103314.0
883.498,55.0,90198.0,5121.0,48.0,199.815,2698123360.0
883.598,55.0,90198.0,5121.0,48.0,199.374,2698142629.0
883.698,55.0,90198.0,5121.0,48.0,196.348,2698162197.0
883.798,55.0,90198.0,5121.0,48.0,195.211,2698181648.0
883.897,55.0,90198.0,5121.0,48.0,193.991,2698200567.0
883.997,55.0,90198.0,5121.0,48.0,193.318,2698220016.0
884.098,55.0,90198.0,5121.0,48.0,193.542,2698238974.0
884.197,55.0,90198.0,5121.0,48.0,194.273,2698259418.0
884.297,55.0,90198.0,5121.0,48.0,192.091,2698277749.0
884.397,55.0,90198.0,5121.0,48.0,192.16,2698296183.0
884.497,55.0,90198.0,5121.0,48.0,189.938,2698314865.0
884.598,56.0,90198.0,5121.0,48.0,191.565,2698334345.0
884.698,56.0,90198.0,5121.0,48.0,191.895,2698354781.0
884.797,56.0,90198.0,5121.0,48.0,191.895,2698375234.0
884.897,56.0,90198.0,5121.0,47.0,191.457,2698375234.0
884.997,56.0,90198.0,5121.0,47.0,193.361,2698395016.0
885.098,55.0,90198.0,5121.0,47.0,192.521,2698433619.0
885.198,55.0,90198.0,5121.0,47.0,191.751,2698450746.0
885.298,55.0,90198.0,5121.0,47.0,189.11,2698469496.0
885.397,55.0,90198.0,5121.0,47.0,191.611,2698489742.0
885.498,53.0,90198.0,5121.0,47.0,191.35,2698507883.0
885.598,53.0,90198.0,5121.0,47.0,192.958,2698525868.0
885.698,53.0,90198.0,5121.0,47.0,190.591,2698543620.0
885.798,53.0,90198.0,5121.0,47.0,185.406,2698556618.0
885.897,0.0,90198.0,5121.0,46.0,178.753,2698569299.0
885.998,0.0,90198.0,5121.0,46.0,171.765,2698582053.0
886.097,0.0,90198.0,5121.0,46.0,166.006,2698594791.0
886.198,0.0,90198.0,5121.0,46.0,159.862,2698607479.0
886.298,0.0,90198.0,5121.0,46.0,147.763,2698620185.0
886.398,0.0,90198.0,5121.0,46.0,141.483,2698632855.0
886.498,0.0,90198.0,5121.0,46.0,134.741,2698645621.0
886.597,0.0,90198.0,5121.0,46.0,129.93,2698658357.0
886.697,0.0,90198.0,5121.0,46.0,127.191,2698671062.0
886.797,0.0,90198.0,5121.0,46.0,127.207,2698683778.0
886.898,0.0,90198.0,5121.0,46.0,127.154,2698696438.0
886.997,0.0,90198.0,5121.0,46.0,127.136,2698709157.0
887.098,0.0,90198.0,5121.0,46.0,127.056,2698721807.0
887.198,0.0,90198.0,5121.0,46.0,127.037,2698734485.0
887.298,0.0,90198.0,5121.0,46.0,126.914,2698747099.0
887.398,0.0,90198.0,5121.0,46.0,126.914,2698759716.0
887.498,0.0,90198.0,5121.0,46.0,126.868,2698759716.0
887.597,0.0,90198.0,5121.0,46.0,126.832,2698772400.0
887.698,0.0,90198.0,5121.0,45.0,126.697,2698797717.0
887.798,0.0,90198.0,5121.0,45.0,126.683,2698810388.0
887.898,0.0,90198.0,5121.0,45.0,126.677,2698823084.0
887.998,0.0,90198.0,5121.0,45.0,126.69,2698835700.0
888.097,0.0,90198.0,5121.0,45.0,126.627,2698848409.0
888.198,0.0,90198.0,5121.0,45.0,126.649,2698861044.0
888.298,0.0,90198.0,5121.0,45.0,126.625,2698873710.0
888.398,0.0,90198.0,5121.0,45.0,126.707,2698886385.0
888.498,0.0,90198.0,5121.0,45.0,126.753,2698899060.0
888.598,0.0,90198.0,5121.0,45.0,126.695,2698911699.0
888.697,0.0,90198.0,5121.0,45.0,126.703,2698924385.0
888.798,0.0,90198.0,5121.0,45.0,126.765,2698937035.0
888.898,0.0,90198.0,5121.0,45.0,126.704,2698949697.0
888.998,0.0,90198.0,5121.0,45.0,126.721,2698962361.0
889.098,0.0,90198.0,5121.0,45.0,126.732,2698975015.0
889.198,0.0,90198.0,5121.0,45.0,126.636,2698987595.0
889.298,0.0,90198.0,5121.0,45.0,126.593,2699000184.0
889.398,0.0,90198.0,5121.0,45.0,126.491,2699012717.0
889.498,0.0,90198.0,5121.0,45.0,126.322,2699025264.0
889.598,0.0,90198.0,5121.0,45.0,126.264,2699037858.0
889.698,0.0,90198.0,5121.0,45.0,126.142,2699050397.0
889.798,0.0,90198.0,5121.0,45.0,125.997,2699062947.0
889.898,0.0,90198.0,5121.0,45.0,125.932,2699075535.0
889.998,0.0,90198.0,5121.0,45.0,125.848,2699088102.0
890.098,0.0,90198.0,5121.0,45.0,125.755,2699100685.0
890.198,0.0,90198.0,5121.0,45.0,125.691,2699113205.0
890.297,0.0,90198.0,5121.0,45.0,125.628,2699125741.0
890.398,0.0,90198.0,5121.0,45.0,125.605,2699125741.0
890.497,0.0,90198.0,5121.0,45.0,125.609,2699138278.0
890.598,0.0,90198.0,5121.0,45.0,125.625,2699163409.0
890.698,0.0,90198.0,5121.0,45.0,125.601,2699175959.0
890.798,0.0,90198.0,5121.0,45.0,125.594,2699188496.0
890.898,0.0,90198.0,5121.0,45.0,125.583,2699201037.0
890.998,0.0,90198.0,5121.0,45.0,125.531,2699213592.0
891.098,0.0,90198.0,5121.0,45.0,125.498,2699226130.0
891.198,0.0,90198.0,5121.0,45.0,125.486,2699238687.0
891.298,0.0,90198.0,5121.0,45.0,125.546,2699251241.0
891.398,0.0,90198.0,5121.0,45.0,125.522,2699263790.0
891.497,0.0,90198.0,5121.0,45.0,125.555,2699276341.0
891.598,0.0,90198.0,5121.0,45.0,125.532,2699288894.0
891.698,0.0,90198.0,5121.0,45.0,125.571,2699301454.0
891.797,0.0,90198.0,5121.0,45.0,125.569,2699314020.0
891.897,0.0,90198.0,5121.0,45.0,125.566,2699326545.0
891.997,0.0,90198.0,5121.0,45.0,125.552,2699339079.0
892.098,0.0,90198.0,5121.0,45.0,125.553,2699351630.0
892.198,0.0,90198.0,5121.0,45.0,125.483,2699364163.0
892.298,0.0,90198.0,5121.0,45.0,125.509,2699376692.0
892.397,0.0,90198.0,5121.0,45.0,125.527,2699389270.0
892.497,0.0,90198.0,5121.0,45.0,125.492,2699401808.0
892.597,0.0,90198.0,5121.0,45.0,125.462,2699414337.0
892.698,0.0,90198.0,5121.0,45.0,125.447,2699426860.0
892.798,0.0,90198.0,5121.0,45.0,125.481,2699439414.0
892.898,0.0,90198.0,5121.0,45.0,125.501,2699451968.0
892.998,0.0,90198.0,5121.0,45.0,125.52,2699464521.0
893.098,0.0,90198.0,5121.0,45.0,125.552,2699477087.0
893.197,0.0,90198.0,5121.0,45.0,125.552,2699477087.0
893.298,0.0,90198.0,5121.0,45.0,125.607,2699489635.0
893.398,0.0,90198.0,5121.0,45.0,125.577,2699502182.0
893.498,0.0,90198.0,5121.0,45.0,125.529,2699527270.0
893.598,0.0,90198.0,5121.0,45.0,125.568,2699539822.0
893.698,0.0,90198.0,5121.0,45.0,125.568,2699552348.0
893.798,0.0,90198.0,5121.0,45.0,125.565,2699564932.0
893.898,0.0,90198.0,5121.0,45.0,125.607,2699577510.0
893.997,0.0,90198.0,5121.0,45.0,125.579,2699590043.0
894.097,0.0,90198.0,5121.0,45.0,125.568,2699602596.0
894.197,0.0,90198.0,5121.0,45.0,125.541,2699615163.0
894.298,0.0,90198.0,5121.0,45.0,125.558,2699627729.0
894.398,0.0,90198.0,5121.0,45.0,125.562,2699640268.0
894.498,0.0,90198.0,5121.0,45.0,125.6,2699652811.0
894.598,0.0,90198.0,5121.0,45.0,125.576,2699665320.0
894.698,0.0,90198.0,5121.0,45.0,125.568,2699677862.0
894.798,0.0,90198.0,5121.0,45.0,125.573,2699690395.0
894.898,0.0,90198.0,5121.0,45.0,125.497,2699702952.0
894.998,0.0,90198.0,5121.0,45.0,125.517,2699715513.0
895.098,0.0,90198.0,5121.0,45.0,125.583,2699728086.0
895.198,0.0,90198.0,5121.0,45.0,125.551,2699740637.0
895.298,0.0,90198.0,5121.0,45.0,125.568,2699753194.0
895.398,0.0,90198.0,5121.0,45.0,125.496,2699765735.0
895.497,0.0,90198.0,5121.0,45.0,125.519,2699778234.0
895.597,0.0,90198.0,5121.0,45.0,125.558,2699790795.0
895.697,0.0,90198.0,5121.0,45.0,125.564,2699803352.0
895.797,0.0,90198.0,5121.0,45.0,125.569,2699815907.0
895.898,0.0,90198.0,5121.0,45.0,125.606,2699828442.0
895.998,0.0,90198.0,5121.0,45.0,125.548,2699841030.0
896.098,0.0,90198.0,5121.0,45.0,125.548,2699841030.0
896.197,0.0,90198.0,5121.0,45.0,125.556,2699853554.0
896.297,0.0,90198.0,5121.0,45.0,125.545,2699866123.0
896.398,0.0,90198.0,5121.0,45.0,125.516,2699891210.0
896.498,0.0,90198.0,5121.0,45.0,125.558,2699903764.0
896.598,0.0,90198.0,5121.0,45.0,125.593,2699916306.0
896.698,0.0,90198.0,5121.0,45.0,125.55,2699928840.0
896.797,0.0,90198.0,5121.0,45.0,125.58,2699941402.0
896.898,0.0,90198.0,5121.0,45.0,125.571,2699953929.0
896.998,0.0,90198.0,5121.0,45.0,125.523,2699966477.0
897.098,0.0,90198.0,5121.0,45.0,125.54,2699979011.0
897.198,0.0,90198.0,5121.0,45.0,125.526,2699991566.0
897.298,0.0,90198.0,5121.0,45.0,125.541,2700004126.0
897.398,0.0,90198.0,5121.0,45.0,125.535,2700016641.0
897.498,0.0,90198.0,5121.0,45.0,125.527,2700029211.0
897.598,0.0,90198.0,5121.0,45.0,125.503,2700041725.0
897.698,0.0,90198.0,5121.0,45.0,125.482,2700054231.0
897.798,0.0,90198.0,5121.0,45.0,125.453,2700066758.0
897.898,0.0,90198.0,5121.0,45.0,125.433,2700079280.0
897.997,0.0,90198.0,5121.0,45.0,125.41,2700091806.0
898.098,0.0,90198.0,5121.0,45.0,125.416,2700104348.0
898.198,0.0,90198.0,5121.0,45.0,125.399,2700116898.0
898.297,0.0,90198.0,5121.0,45.0,125.383,2700129458.0
898.397,0.0,90198.0,5121.0,45.0,125.365,2700141931.0
898.498,0.0,90198.0,5121.0,45.0,125.384,2700154488.0
898.598,0.0,90198.0,5121.0,45.0,125.46,2700167066.0
898.698,0.0,90198.0,5121.0,45.0,125.485,2700179646.0
898.798,0.0,90198.0,5121.0,45.0,125.5,2700192188.0
898.897,0.0,90198.0,5121.0,45.0,125.494,2700204694.0
898.998,0.0,90198.0,5121.0,45.0,125.505,2700217234.0
899.097,0.0,90198.0,5121.0,45.0,125.505,2700229790.0
899.197,0.0,90198.0,5121.0,45.0,125.488,2700229790.0
899.296,0.0,90198.0,5121.0,45.0,125.453,2700242301.0
899.398,0.0,90198.0,5121.0,45.0,125.449,2700267360.0
899.498,0.0,90198.0,5121.0,45.0,125.484,2700279904.0
899.598,0.0,90198.0,5121.0,45.0,125.466,2700292462.0
899.698,0.0,90198.0,5121.0,45.0,125.434,2700305006.0
899.798,0.0,90198.0,5121.0,45.0,125.405,2700317523.0
899.898,0.0,90198.0,5121.0,45.0,125.416,2700330077.0
899.997,0.0,90198.0,5121.0,45.0,125.433,2700342617.0
900.097,0.0,90198.0,5121.0,45.0,125.438,2700355162.0
900.198,0.0,90198.0,5121.0,45.0,125.405,2700367678.0
900.297,0.0,90198.0,5121.0,45.0,125.453,2700380240.0
900.397,0.0,90198.0,5121.0,45.0,125.468,2700392768.0
900.497,0.0,90198.0,5121.0,45.0,125.477,2700405279.0
900.598,0.0,90198.0,5121.0,45.0,125.446,2700417814.0
900.698,0.0,90198.0,5121.0,45.0,125.44,2700430363.0
900.798,0.0,90198.0,5121.0,45.0,125.451,2700442896.0
900.898,0.0,90198.0,5121.0,45.0,125.46,2700455444.0
900.998,0.0,90198.0,5121.0,45.0,125.451,2700467987.0
901.098,0.0,90198.0,5121.0,45.0,125.457,2700480531.0
901.197,0.0,90198.0,5121.0,45.0,125.479,2700493072.0
901.298,0.0,90198.0,5121.0,45.0,125.468,2700505613.0
901.398,0.0,90198.0,5121.0,45.0,125.463,2700518148.0
901.498,0.0,90198.0,5121.0,45.0,125.48,2700530702.0
901.598,0.0,90198.0,5121.0,45.0,125.509,2700543248.0
901.697,0.0,90198.0,5121.0,45.0,125.506,2700555804.0
901.798,0.0,90198.0,5121.0,45.0,125.509,2700568341.0
901.898,0.0,90198.0,5121.0,45.0,125.491,2700580873.0
901.998,0.0,90198.0,5121.0,45.0,125.494,2700593415.0
902.098,0.0,90198.0,5121.0,45.0,125.511,2700605966.0
902.198,0.0,90198.0,5121.0,45.0,125.505,2700618519.0
902.298,0.0,90198.0,5121.0,45.0,125.511,2700618519.0
902.398,0.0,90198.0,5121.0,45.0,125.517,2700631063.0
902.498,0.0,90198.0,5121.0,45.0,125.508,2700656149.0
902.598,0.0,90198.0,5121.0,45.0,125.496,2700668697.0
902.698,0.0,90198.0,5121.0,45.0,125.478,2700681209.0
902.798,0.0,90198.0,5121.0,45.0,125.484,2700693775.0
902.898,0.0,90198.0,5121.0,45.0,125.502,2700706319.0
902.997,0.0,90198.0,5121.0,45.0,125.514,2700718875.0
903.097,0.0,90198.0,5121.0,45.0,125.513,2700731428.0
903.197,0.0,90198.0,5121.0,45.0,125.531,2700743981.0
903.297,0.0,90198.0,5121.0,45.0,125.513,2700756522.0
903.398,0.0,90198.0,5121.0,45.0,125.524,2700769070.0
903.498,0.0,90198.0,5121.0,45.0,125.513,2700781604.0
903.598,0.0,90198.0,5121.0,45.0,125.507,2700794144.0
903.698,0.0,90198.0,5121.0,45.0,125.527,2700806696.0
903.798,0.0,90198.0,5121.0,45.0,125.542,2700819243.0
903.897,0.0,90198.0,5121.0,45.0,125.496,2700831801.0
903.998,0.0,90198.0,5121.0,45.0,125.531,2700844348.0
904.098,0.0,90198.0,5121.0,45.0,125.517,2700856898.0
904.198,0.0,90198.0,5121.0,45.0,125.523,2700869453.0
904.298,0.0,90198.0,5121.0,45.0,125.524,2700881995.0
904.397,0.0,90198.0,5121.0,45.0,125.547,2700894549.0
904.497,0.0,90198.0,5121.0,45.0,125.561,2700907079.0
904.597,0.0,90198.0,5121.0,45.0,125.556,2700919624.0
904.697,0.0,90198.0,5121.0,45.0,125.579,2700932165.0
904.798,0.0,90198.0,5121.0,45.0,125.576,2700944738.0
904.898,0.0,90198.0,5121.0,45.0,125.52,2700957257.0
904.998,0.0,90198.0,5121.0,45.0,125.494,2700969772.0
905.098,0.0,90198.0,5121.0,45.0,125.499,2700982305.0
905.198,0.0,90198.0,5121.0,45.0,125.499,2700994852.0
905.297,0.0,90198.0,5121.0,45.0,125.493,2700994852.0
905.397,0.0,90198.0,5121.0,45.0,125.485,2701007394.0
905.497,0.0,90198.0,5121.0,45.0,125.479,2701032479.0
905.598,0.0,90198.0,5121.0,45.0,125.473,2701045007.0
905.698,0.0,90198.0,5121.0,45.0,125.467,2701057541.0
905.798,0.0,90198.0,5121.0,45.0,125.435,2701070097.0
905.898,0.0,90198.0,5121.0,45.0,125.441,2701082618.0
905.998,0.0,90198.0,5121.0,45.0,125.453,2701095161.0
906.098,0.0,90198.0,5121.0,45.0,125.451,2701107702.0
906.198,0.0,90198.0,5121.0,45.0,125.451,2701120238.0
906.298,0.0,90198.0,5121.0,45.0,125.445,2701132776.0
906.398,0.0,90198.0,5121.0,45.0,125.451,2701145322.0
906.498,0.0,90198.0,5121.0,45.0,125.448,2701157863.0
906.598,0.0,90198.0,5121.0,45.0,125.451,2701170394.0
906.698,0.0,90198.0,5121.0,45.0,125.446,2701182927.0
906.798,0.0,90198.0,5121.0,45.0,125.44,2701195460.0
906.898,0.0,90198.0,5121.0,45.0,125.446,2701207995.0
906.998,0.0,90198.0,5121.0,45.0,125.448,2701220534.0
907.097,0.0,90198.0,5121.0,45.0,125.45,2701233055.0
907.198,0.0,90198.0,5121.0,45.0,125.414,2701245564.0
907.298,0.0,90198.0,5121.0,45.0,125.424,2701258118.0
907.398,0.0,90198.0,5121.0,45.0,125.42,2701270662.0
907.497,0.0,90198.0,5121.0,45.0,125.424,2701283205.0
907.598,0.0,90198.0,5121.0,45.0,125.436,2701295743.0
907.698,0.0,90198.0,5121.0,45.0,125.438,2701308304.0
907.798,0.0,90198.0,5121.0,45.0,125.447,2701320837.0
907.898,0.0,90198.0,5121.0,45.0,125.459,2701333375.0
907.998,0.0,90198.0,5121.0,45.0,125.468,2701345918.0
908.098,0.0,90198.0,5121.0,45.0,125.468,2701358457.0
908.197,0.0,90198.0,5121.0,45.0,125.482,2701358457.0
908.298,0.0,90198.0,5121.0,45.0,125.491,2701371006.0
908.397,0.0,90198.0,5121.0,45.0,125.471,2701396077.0
908.497,0.0,90198.0,5121.0,45.0,125.488,2701408626.0
908.598,0.0,90198.0,5121.0,45.0,125.476,2701421157.0
908.698,0.0,90198.0,5121.0,45.0,125.476,2701433704.0
908.798,0.0,90198.0,5121.0,45.0,125.457,2701446222.0
908.898,0.0,90198.0,5121.0,45.0,125.468,2701458769.0
908.998,0.0,90198.0,5121.0,45.0,125.46,2701471307.0
909.097,0.0,90198.0,5121.0,45.0,125.465,2701483850.0
909.198,0.0,90198.0,5121.0,45.0,125.466,2701496389.0
909.298,0.0,90198.0,5121.0,45.0,125.48,2701508924.0
909.398,0.0,90198.0,5121.0,45.0,125.457,2701521467.0
909.498,0.0,90198.0,5121.0,45.0,125.453,2701533998.0
909.598,0.0,90198.0,5121.0,45.0,125.453,2701546544.0
909.698,0.0,90198.0,5121.0,45.0,125.464,2701559082.0
909.798,0.0,90198.0,5121.0,45.0,125.472,2701571620.0
909.898,0.0,90198.0,5121.0,45.0,125.463,2701584157.0
909.998,0.0,90198.0,5121.0,45.0,125.455,2701596698.0
910.098,0.0,90198.0,5121.0,45.0,125.463,2701609227.0
910.198,0.0,90198.0,5121.0,45.0,125.459,2701621775.0
910.297,0.0,90198.0,5121.0,45.0,125.443,2701634297.0
910.397,0.0,90198.0,5121.0,45.0,125.448,2701646857.0
910.497,0.0,90198.0,5121.0,45.0,125.461,2701659396.0
910.598,0.0,90198.0,5121.0,45.0,125.44,2701671939.0
910.697,0.0,90198.0,5121.0,45.0,125.443,2701684472.0
910.798,0.0,90198.0,5121.0,45.0,125.44,2701696998.0
910.897,0.0,90198.0,5121.0,45.0,125.452,2701709520.0
910.998,0.0,90198.0,5121.0,45.0,125.452,2701709520.0
911.098,0.0,90198.0,5121.0,45.0,125.441,2701722069.0
911.198,0.0,90198.0,5121.0,45.0,125.438,2701734599.0
911.298,0.0,90198.0,5121.0,45.0,125.464,2701759690.0
911.397,0.0,90198.0,5121.0,45.0,125.418,2701772204.0
911.498,0.0,90198.0,5121.0,45.0,125.403,2701784732.0
911.598,0.0,90198.0,5121.0,45.0,125.409,2701797272.0
911.697,0.0,90198.0,5121.0,45.0,125.411,2701809791.0
911.797,0.0,90198.0,5121.0,45.0,125.41,2701822319.0
911.897,0.0,90198.0,5121.0,45.0,125.411,2701834859.0
911.998,0.0,90198.0,5121.0,45.0,125.402,2701847399.0
912.097,0.0,90198.0,5121.0,45.0,125.395,2701859922.0
912.198,0.0,90198.0,5121.0,45.0,125.387,2701872454.0
912.297,0.0,90198.0,5121.0,45.0,125.334,2701884972.0
912.398,0.0,90198.0,5121.0,45.0,125.359,2701897503.0
912.497,0.0,90198.0,5121.0,45.0,125.365,2701910034.0
912.598,0.0,90198.0,5121.0,45.0,125.385,2701922569.0
912.698,0.0,90198.0,5121.0,45.0,125.365,2701935106.0
912.798,0.0,90198.0,5121.0,45.0,125.382,2701947651.0
912.897,0.0,90198.0,5121.0,45.0,125.373,2701960181.0
912.998,0.0,90198.0,5121.0,45.0,125.37,2701972703.0
913.097,0.0,90198.0,5121.0,45.0,125.373,2701985243.0
913.198,0.0,90198.0,5121.0,45.0,125.373,2701997781.0
913.298,0.0,90198.0,5121.0,45.0,125.4,2702010323.0
913.397,0.0,90198.0,5121.0,45.0,125.423,2702022856.0
913.497,0.0,90198.0,5121.0,45.0,125.408,2702035350.0
913.597,0.0,90198.0,5121.0,45.0,125.424,2702047896.0
913.698,0.0,90198.0,5121.0,45.0,125.411,2702060451.0
913.797,0.0,90198.0,5121.0,45.0,125.439,2702072980.0
913.898,0.0,90198.0,5121.0,45.0,125.442,2702085527.0
913.998,0.0,90198.0,5121.0,45.0,125.442,2702098060.0
914.096,0.0,90198.0,5121.0,45.0,125.453,2702098060.0
914.197,0.0,90198.0,5121.0,45.0,125.453,2702110599.0
914.297,0.0,90198.0,5121.0,45.0,125.456,2702135668.0
914.398,0.0,90198.0,5121.0,45.0,125.427,2702148187.0
914.497,0.0,90198.0,5121.0,45.0,125.457,2702160731.0
914.598,0.0,90198.0,5121.0,45.0,125.446,2702173253.0
914.697,0.0,90198.0,5121.0,45.0,125.437,2702185797.0
914.796,0.0,90198.0,5121.0,45.0,125.433,2702198329.0
914.897,0.0,90198.0,5121.0,45.0,125.437,2702210881.0
914.998,0.0,90198.0,5121.0,45.0,125.42,2702223404.0
915.098,0.0,90198.0,5121.0,45.0,125.426,2702235954.0
915.198,0.0,90198.0,5121.0,45.0,125.406,2702248477.0
915.296,0.0,90198.0,5121.0,45.0,125.427,2702261029.0
915.398,0.0,90198.0,5121.0,45.0,125.425,2702273554.0
915.497,0.0,90198.0,5121.0,45.0,125.436,2702286090.0
915.597,0.0,90198.0,5121.0,45.0,125.414,2702298600.0
915.698,0.0,90198.0,5121.0,45.0,125.412,2702311125.0
915.798,0.0,90198.0,5121.0,45.0,125.4,2702323662.0
915.897,0.0,90198.0,5121.0,45.0,125.389,2702336197.0
915.998,0.0,90198.0,5121.0,45.0,125.38,2702348722.0
916.097,0.0,90198.0,5121.0,45.0,125.384,2702361255.0
916.197,0.0,90198.0,5121.0,45.0,125.378,2702373770.0
916.298,0.0,90198.0,5121.0,45.0,125.358,2702386300.0
916.397,0.0,90198.0,5121.0,45.0,125.346,2702398830.0
916.497,0.0,90198.0,5121.0,45.0,125.349,2702411372.0
916.598,0.0,90198.0,5121.0,45.0,125.375,2702423914.0
916.698,0.0,90198.0,5121.0,45.0,125.39,2702436465.0
916.798,0.0,90198.0,5121.0,45.0,125.414,2702449012.0
916.898,0.0,90198.0,5121.0,45.0,125.408,2702461540.0
916.998,0.0,90198.0,5121.0,45.0,125.42,2702474073.0
917.098,0.0,90198.0,5121.0,45.0,125.404,2702486601.0
917.197,0.0,90198.0,5121.0,45.0,125.421,2702499140.0
917.297,0.0,90198.0,5121.0,45.0,125.439,2702499140.0
917.397,0.0,90198.0,5121.0,45.0,125.459,2702511670.0
917.497,0.0,90198.0,5121.0,45.0,125.436,2702536739.0
917.597,0.0,90198.0,5121.0,45.0,125.433,2702549270.0
917.698,0.0,90198.0,5121.0,45.0,125.404,2702561778.0
917.798,0.0,90198.0,5121.0,45.0,125.403,2702574327.0
917.898,0.0,90198.0,5121.0,45.0,125.395,2702586863.0
917.998,0.0,90198.0,5121.0,45.0,125.402,2702599408.0
918.097,0.0,90198.0,5121.0,45.0,125.406,2702611936.0
918.197,0.0,90198.0,5121.0,45.0,125.406,2702624475.0
918.297,0.0,90198.0,5121.0,45.0,125.397,2702637001.0
918.397,0.0,90198.0,5121.0,45.0,125.408,2702649559.0
918.497,0.0,90198.0,5121.0,45.0,125.417,2702662104.0
918.598,0.0,90198.0,5121.0,45.0,125.441,2702674646.0
918.697,0.0,90198.0,5121.0,45.0,125.45,2702687178.0
918.797,0.0,90198.0,5121.0,45.0,125.406,2702699665.0
918.897,0.0,90198.0,5121.0,45.0,125.394,2702712188.0
918.997,0.0,90198.0,5121.0,45.0,125.38,2702724713.0
919.097,0.0,90198.0,5121.0,45.0,125.38,2702737247.0
919.198,0.0,90198.0,5121.0,45.0,125.381,2702749787.0
919.298,0.0,90198.0,5121.0,45.0,125.375,2702762316.0
919.398,0.0,90198.0,5121.0,45.0,125.357,2702774850.0
919.498,0.0,90198.0,5121.0,45.0,125.377,2702787407.0
919.598,0.0,90198.0,5121.0,45.0,125.372,2702799949.0
919.697,0.0,90198.0,5121.0,45.0,125.349,2702812472.0
919.797,0.0,90198.0,5121.0,45.0,125.36,2702824980.0
919.898,0.0,90198.0,5121.0,45.0,125.38,2702837505.0
919.997,0.0,90198.0,5121.0,45.0,125.373,2702850016.0
920.098,0.0,90198.0,5121.0,45.0,125.366,2702862553.0
920.198,0.0,90198.0,5121.0,45.0,125.39,2702875081.0
920.298,0.0,90198.0,5121.0,45.0,125.39,2702887613.0
920.398,0.0,90198.0,5121.0,45.0,125.39,2702900151.0
920.497,0.0,90198.0,5121.0,45.0,125.381,2702900151.0
920.598,0.0,90198.0,5121.0,45.0,125.352,2702912695.0
920.698,0.0,90198.0,5121.0,45.0,125.376,2702937756.0
920.798,0.0,90198.0,5121.0,45.0,125.386,2702950262.0
920.898,0.0,90198.0,5121.0,45.0,125.418,2702962829.0
920.998,0.0,90198.0,5121.0,45.0,125.411,2702975339.0
921.098,0.0,90198.0,5121.0,45.0,125.407,2702987871.0
921.197,0.0,90198.0,5121.0,45.0,125.391,2703000391.0
921.298,0.0,90198.0,5121.0,45.0,125.407,2703012942.0
921.398,0.0,90198.0,5121.0,45.0,125.39,2703025454.0
921.498,0.0,90198.0,5121.0,45.0,125.393,2703038006.0
921.597,0.0,90198.0,5121.0,45.0,125.407,2703050539.0
921.697,0.0,90198.0,5121.0,45.0,125.444,2703063095.0
921.798,0.0,90198.0,5121.0,45.0,125.454,2703075645.0
921.897,0.0,90198.0,5121.0,45.0,125.453,2703088197.0
921.997,0.0,90198.0,5121.0,45.0,125.464,2703100715.0
922.098,0.0,90198.0,5121.0,45.0,125.45,2703113247.0
922.198,0.0,90198.0,5121.0,45.0,125.451,2703125778.0
922.297,0.0,90198.0,5121.0,45.0,125.444,2703138316.0
922.397,0.0,90198.0,5121.0,45.0,125.442,2703150838.0
922.498,0.0,90198.0,5121.0,45.0,125.428,2703163352.0
922.598,0.0,90198.0,5121.0,45.0,125.416,2703175896.0
922.698,0.0,90198.0,5121.0,45.0,125.388,2703188433.0
922.798,0.0,90198.0,5121.0,45.0,125.394,2703200976.0
922.898,0.0,90198.0,5121.0,45.0,125.362,2703213499.0
922.998,0.0,90198.0,5121.0,45.0,125.407,2703226055.0
923.098,0.0,90198.0,5121.0,45.0,125.401,2703238576.0
923.198,0.0,90198.0,5121.0,45.0,125.397,2703251105.0
923.298,0.0,90198.0,5121.0,45.0,125.397,2703263630.0
923.397,0.0,90198.0,5121.0,45.0,125.424,2703263630.0
923.498,0.0,90198.0,5121.0,45.0,125.407,2703276179.0
923.596,0.0,90198.0,5121.0,45.0,125.389,2703288681.0
923.698,0.0,90198.0,5121.0,45.0,125.366,2703313715.0
923.798,0.0,90198.0,5121.0,45.0,125.358,2703326248.0
923.898,0.0,90198.0,5121.0,45.0,125.384,2703338803.0
923.998,0.0,90198.0,5121.0,45.0,125.402,2703351375.0
924.098,0.0,90198.0,5121.0,45.0,125.393,2703363901.0
924.198,0.0,90198.0,5121.0,45.0,125.402,2703376427.0
924.298,0.0,90198.0,5121.0,45.0,125.391,2703388957.0
924.398,0.0,90198.0,5121.0,45.0,125.37,2703401485.0
924.498,0.0,90198.0,5121.0,45.0,125.376,2703414002.0
924.598,0.0,90198.0,5121.0,45.0,125.402,2703426535.0
924.698,0.0,90198.0,5121.0,45.0,125.406,2703439066.0
924.798,0.0,90198.0,5121.0,45.0,125.398,2703451587.0
924.898,0.0,90198.0,5121.0,45.0,125.398,2703464131.0
924.997,0.0,90198.0,5121.0,45.0,125.384,2703476672.0
925.098,0.0,90198.0,5121.0,45.0,125.375,2703489203.0
925.198,0.0,90198.0,5121.0,45.0,135.918,2703514528.0
925.298,53.0,90198.0,5121.0,48.0,153.764,2703544020.0
925.398,53.0,90198.0,5121.0,48.0,167.981,2703571678.0
925.498,60.0,90198.0,5121.0,48.0,180.761,2703597813.0
925.598,60.0,90198.0,5121.0,49.0,195.707,2703625164.0
925.698,61.0,90198.0,5121.0,49.0,210.308,2703651856.0
925.798,61.0,90198.0,5121.0,49.0,226.014,2703679666.0
925.898,62.0,90198.0,5121.0,49.0,243.068,2703706887.0
925.998,62.0,90198.0,5121.0,49.0,254.23,2703732996.0
926.098,62.0,90198.0,5121.0,49.0,269.057,2703757843.0
926.198,62.0,90198.0,5121.0,49.0,273.093,2703757843.0
926.298,63.0,90198.0,5121.0,50.0,271.168,2703785335.0
926.398,63.0,90198.0,5121.0,50.0,270.703,2703840344.0
926.498,63.0,90198.0,5121.0,50.0,271.474,2703866740.0
926.598,63.0,90198.0,5121.0,50.0,269.682,2703893494.0
926.698,62.0,90198.0,5121.0,50.0,270.014,2703920979.0
926.798,62.0,90198.0,5121.0,50.0,269.436,2703948656.0
926.898,62.0,90198.0,5121.0,50.0,268.947,2703975714.0
926.998,62.0,90198.0,5121.0,50.0,270.393,2704002262.0
927.097,62.0,90198.0,5121.0,50.0,269.649,2704026705.0
927.197,62.0,90198.0,5121.0,50.0,268.337,2704051441.0
927.297,63.0,90198.0,5121.0,50.0,266.083,2704076682.0
927.398,63.0,90198.0,5121.0,50.0,262.2,2704101597.0
927.498,62.0,90198.0,5121.0,50.0,261.969,2704127573.0
927.598,62.0,90198.0,5121.0,50.0,262.929,2704154594.0
927.698,62.0,90198.0,5121.0,50.0,261.35,2704180798.0
927.798,62.0,90198.0,5121.0,50.0,258.503,2704205920.0
927.898,61.0,90198.0,5121.0,50.0,256.897,2704232476.0
927.998,61.0,90198.0,5121.0,50.0,257.436,2704260002.0
928.099,62.0,90198.0,5121.0,50.0,258.451,2704286199.0
928.198,62.0,90198.0,5121.0,50.0,260.326,2704312331.0
928.298,62.0,90198.0,5121.0,50.0,262.72,2704340165.0
928.398,62.0,90198.0,5121.0,50.0,263.823,2704365747.0
928.498,62.0,90198.0,5121.0,50.0,263.06,2704390330.0
928.597,62.0,90198.0,5121.0,50.0,260.076,2704414432.0
928.698,62.0,90198.0,5121.0,50.0,260.076,2704438933.0
928.798,63.0,90198.0,5121.0,50.0,259.187,2704438933.0
928.898,61.0,90198.0,5121.0,50.0,257.616,2704489186.0
928.998,61.0,90198.0,5121.0,50.0,256.637,2704514798.0
929.097,60.0,90198.0,5121.0,50.0,255.326,2704540026.0
929.198,60.0,90198.0,5121.0,50.0,255.528,2704566628.0
929.298,60.0,90198.0,5121.0,50.0,252.202,2704589629.0
929.398,60.0,90198.0,5121.0,50.0,249.495,2704613134.0
929.498,60.0,90198.0,5121.0,50.0,249.378,2704637084.0
929.598,60.0,90198.0,5121.0,50.0,248.579,2704660567.0
929.698,60.0,90198.0,5121.0,50.0,249.287,2704686223.0
929.798,60.0,90198.0,5121.0,50.0,246.784,2704708307.0
929.898,60.0,90198.0,5121.0,50.0,246.163,2704732907.0
929.998,60.0,90198.0,5121.0,50.0,243.495,2704756320.0
930.098,60.0,90198.0,5121.0,50.0,242.575,2704780042.0
930.198,60.0,90198.0,5121.0,49.0,240.487,2704803695.0
930.298,59.0,90198.0,5121.0,49.0,239.165,2704826471.0
930.398,59.0,90198.0,5121.0,49.0,239.674,2704850574.0
930.498,58.0,90198.0,5121.0,49.0,238.333,2704874063.0
930.598,58.0,90198.0,5121.0,49.0,239.475,2704898511.0
930.698,57.0,90198.0,5121.0,49.0,238.3,2704922080.0
930.798,57.0,90198.0,5121.0,49.0,237.682,2704944715.0
930.898,58.0,90198.0,5121.0,49.0,235.615,2704966745.0
930.998,58.0,90198.0,5121.0,49.0,236.121,2704991224.0
931.096,57.0,90198.0,5121.0,49.0,235.475,2705013473.0
931.197,57.0,90198.0,5121.0,49.0,233.418,2705035268.0
931.298,57.0,90198.0,5121.0,49.0,233.418,2705035268.0
931.398,58.0,90198.0,5121.0,49.0,230.797,2705056369.0
931.498,57.0,90198.0,5121.0,49.0,225.427,2705099458.0
931.598,57.0,90198.0,5121.0,49.0,221.804,2705120202.0
931.698,57.0,90198.0,5121.0,48.0,218.199,2705140220.0
931.798,57.0,90198.0,5121.0,48.0,215.251,2705159761.0
931.898,56.0,90198.0,5121.0,48.0,212.929,2705179240.0
931.998,56.0,90198.0,5121.0,48.0,209.222,2705199659.0
932.099,56.0,90198.0,5121.0,48.0,207.054,2705220200.0
932.197,56.0,90198.0,5121.0,48.0,205.844,2705240338.0
932.298,55.0,90198.0,5121.0,48.0,204.857,2705260527.0
932.398,55.0,90198.0,5121.0,48.0,203.292,2705280289.0
932.498,56.0,90198.0,5121.0,48.0,202.671,2705301110.0
932.598,56.0,90198.0,5121.0,48.0,201.031,2705320601.0
932.698,55.0,90198.0,5121.0,48.0,201.428,2705340696.0
932.798,55.0,90198.0,5121.0,48.0,202.726,2705361701.0
932.898,56.0,90198.0,5121.0,48.0,203.807,2705382330.0
932.998,56.0,90198.0,5121.0,48.0,203.943,2705402933.0
933.098,55.0,90198.0,5121.0,48.0,204.116,2705423889.0
933.197,55.0,90198.0,5121.0,48.0,202.927,2705442820.0
933.298,55.0,90198.0,5121.0,48.0,203.047,2705463135.0
933.398,55.0,90198.0,5121.0,48.0,202.109,2705482030.0
933.498,55.0,90198.0,5121.0,48.0,201.277,2705501850.0
933.598,55.0,90198.0,5121.0,48.0,200.375,2705521060.0
933.698,55.0,90198.0,5121.0,48.0,200.591,2705541405.0
933.798,55.0,90198.0,5121.0,48.0,200.591,2705559938.0
933.898,55.0,90198.0,5121.0,48.0,198.563,2705559938.0
933.997,55.0,90198.0,5121.0,48.0,195.255,2705577708.0
934.098,55.0,90198.0,5121.0,48.0,193.245,2705617203.0
934.198,55.0,90198.0,5121.0,47.0,190.564,2705633800.0
934.297,56.0,90198.0,5121.0,47.0,187.002,2705650095.0
934.398,56.0,90198.0,5121.0,47.0,183.858,2705666360.0
934.498,55.0,90198.0,5121.0,47.0,182.916,2705684843.0
934.597,55.0,90198.0,5121.0,47.0,180.118,2705701492.0
934.697,0.0,90198.0,5121.0,47.0,172.847,2705714234.0
934.798,0.0,90198.0,5121.0,46.0,166.497,2705726762.0
934.897,0.0,90198.0,5121.0,46.0,161.591,2705739264.0
934.998,0.0,90198.0,5121.0,46.0,155.35,2705751769.0
935.098,0.0,90198.0,5121.0,46.0,147.809,2705764247.0
935.197,0.0,90198.0,5121.0,46.0,142.823,2705776739.0
935.297,0.0,90198.0,5121.0,46.0,139.069,2705789196.0
935.398,0.0,90198.0,5121.0,46.0,135.867,2705801679.0
935.497,0.0,90198.0,5121.0,46.0,130.089,2705814126.0
935.598,0.0,90198.0,5121.0,46.0,126.24,2705827224.0
935.697,51.0,90198.0,5121.0,47.0,136.964,2705850627.0
935.798,51.0,90198.0,5121.0,47.0,146.695,2705873767.0
935.898,62.0,90198.0,5121.0,49.0,160.227,2705899294.0
935.997,62.0,90198.0,5121.0,48.0,172.614,2705923131.0
936.098,62.0,90198.0,5121.0,48.0,181.97,2705946661.0
936.198,62.0,90198.0,5121.0,49.0,195.209,2705971945.0
936.298,62.0,90198.0,5121.0,49.0,208.348,2705995954.0
936.398,62.0,90198.0,5121.0,49.0,220.308,2706020194.0
936.498,62.0,90198.0,5121.0,49.0,229.802,2706020194.0
936.598,62.0,90198.0,5121.0,49.0,243.221,2706043621.0
936.698,62.0,90198.0,5121.0,49.0,244.366,2706093322.0
936.798,62.0,90198.0,5121.0,49.0,245.121,2706116465.0
936.898,62.0,90198.0,5121.0,49.0,243.347,2706141156.0
936.998,62.0,90198.0,5121.0,49.0,243.515,2706165907.0
937.098,62.0,90198.0,5121.0,49.0,245.714,2706190401.0
937.197,62.0,90198.0,5121.0,49.0,244.272,2706215048.0
937.298,62.0,90198.0,5121.0,49.0,244.608,2706239829.0
937.398,62.0,90198.0,5121.0,49.0,245.773,2706264898.0
937.498,63.0,90198.0,5121.0,49.0,245.609,2706289682.0
937.598,63.0,90198.0,5121.0,49.0,245.931,2706314677.0
937.698,62.0,90198.0,5121.0,49.0,245.25,2706338449.0
937.798,62.0,90198.0,5121.0,50.0,247.044,2706363396.0
937.898,61.0,90198.0,5121.0,50.0,247.048,2706388693.0
937.998,61.0,90198.0,5121.0,49.0,248.618,2706414355.0
938.098,62.0,90198.0,5121.0,50.0,246.819,2706437709.0
938.198,62.0,90198.0,5121.0,50.0,245.859,2706461550.0
938.298,62.0,90198.0,5121.0,50.0,246.927,2706485520.0
938.398,62.0,90198.0,5121.0,50.0,247.177,2706510871.0
938.498,62.0,90198.0,5121.0,50.0,246.267,2706535648.0
938.598,62.0,90198.0,5121.0,50.0,245.201,2706559890.0
938.698,62.0,90198.0,5121.0,50.0,246.361,2706584145.0
938.797,62.0,90198.0,5121.0,50.0,245.511,2706608067.0
938.897,62.0,90198.0,5121.0,50.0,244.223,2706632352.0
938.998,62.0,90198.0,5121.0,50.0,242.525,2706632352.0
939.098,62.0,90198.0,5121.0,50.0,244.792,2706656577.0
939.198,62.0,90198.0,5121.0,50.0,245.632,2706705446.0
939.298,61.0,90198.0,5121.0,50.0,245.52,2706730092.0
939.398,61.0,90198.0,5121.0,50.0,245.605,2706753935.0
939.498,60.0,90198.0,5121.0,50.0,243.237,2706777488.0
939.598,60.0,90198.0,5121.0,50.0,243.638,2706800190.0
939.698,60.0,90198.0,5121.0,49.0,242.128,2706824705.0
939.797,60.0,90198.0,5121.0,49.0,240.363,2706846997.0
939.896,60.0,90198.0,5121.0,49.0,240.156,2706871142.0
939.997,60.0,90198.0,5121.0,49.0,240.287,2706894735.0
940.098,60.0,90198.0,5121.0,49.0,237.77,2706918347.0
940.198,60.0,90198.0,5121.0,49.0,236.099,2706940419.0
940.298,60.0,90198.0,5121.0,49.0,236.373,2706964997.0
940.397,60.0,90198.0,5121.0,49.0,234.517,2706987810.0
940.498,60.0,90198.0,5121.0,49.0,235.841,2707012472.0
940.598,60.0,90198.0,5121.0,49.0,237.188,2707037113.0
940.698,60.0,90198.0,5121.0,49.0,234.186,2707059200.0
940.796,60.0,90198.0,5121.0,49.0,234.17,2707080969.0
940.897,59.0,90198.0,5121.0,49.0,231.93,2707103301.0
940.998,59.0,90198.0,5121.0,49.0,229.202,2707123844.0
941.098,58.0,90198.0,5121.0,49.0,226.907,2707145191.0
941.198,58.0,90198.0,5121.0,49.0,224.038,2707164879.0
941.298,58.0,90198.0,5121.0,49.0,219.947,2707185162.0
941.397,58.0,90198.0,5121.0,49.0,219.225,2707205831.0
941.498,58.0,90198.0,5121.0,49.0,215.561,2707227067.0
941.597,58.0,90198.0,5121.0,48.0,210.694,2707247660.0
941.698,58.0,90198.0,5121.0,48.0,209.181,2707267870.0
941.798,58.0,90198.0,5121.0,48.0,209.181,2707267870.0
941.898,58.0,90198.0,5121.0,48.0,207.567,2707287899.0
941.998,57.0,90198.0,5121.0,48.0,206.403,2707330078.0
942.098,57.0,90198.0,5121.0,48.0,206.794,2707350865.0
942.198,57.0,90198.0,5121.0,48.0,206.741,2707370911.0
942.298,57.0,90198.0,5121.0,48.0,206.536,2707391202.0
942.398,57.0,90198.0,5121.0,48.0,205.427,2707411852.0
942.498,57.0,90198.0,5121.0,48.0,203.822,2707431716.0
942.598,57.0,90198.0,5121.0,48.0,203.125,2707451132.0
942.698,55.0,90198.0,5121.0,48.0,202.622,2707470934.0
942.798,55.0,90198.0,5121.0,48.0,202.974,2707490835.0
942.898,56.0,90198.0,5121.0,48.0,201.543,2707510336.0
942.998,56.0,90198.0,5121.0,48.0,199.321,2707530016.0
943.098,56.0,90198.0,5121.0,48.0,196.074,2707547180.0
943.198,56.0,90198.0,5121.0,48.0,195.453,2707566819.0
943.298,56.0,90198.0,5121.0,48.0,193.347,2707584572.0
943.398,56.0,90198.0,5121.0,48.0,190.796,2707602579.0
943.498,55.0,90198.0,5121.0,48.0,190.294,2707621283.0
943.598,55.0,90198.0,5121.0,48.0,189.553,2707640377.0
943.698,55.0,90198.0,5121.0,47.0,189.494,2707659523.0
943.798,55.0,90198.0,5121.0,48.0,188.378,2707678393.0
943.898,55.0,90198.0,5121.0,48.0,186.782,2707697487.0
943.997,55.0,90198.0,5121.0,48.0,188.51,2707716798.0
944.098,55.0,90198.0,5121.0,48.0,190.541,2707735541.0
944.198,55.0,90198.0,5121.0,47.0,191.053,2707756258.0
944.298,55.0,90198.0,5121.0,47.0,191.991,2707756258.0
944.398,55.0,90198.0,5121.0,47.0,192.119,2707776135.0
944.498,56.0,90198.0,5121.0,47.0,190.854,2707812019.0
944.598,56.0,90198.0,5121.0,47.0,190.976,2707831573.0
944.698,56.0,90198.0,5121.0,47.0,188.098,2707848162.0
944.798,56.0,90198.0,5121.0,47.0,185.153,2707864578.0
944.898,56.0,90198.0,5121.0,47.0,184.837,2707882142.0
944.998,56.0,90198.0,5121.0,47.0,185.544,2707902851.0
945.097,52.0,90198.0,5121.0,47.0,185.211,2707922650.0
945.197,52.0,90198.0,5121.0,47.0,179.811,2707937771.0
945.298,0.0,90198.0,5121.0,47.0,172.907,2707950571.0
945.398,0.0,90198.0,5121.0,46.0,167.727,2707963208.0
945.496,0.0,90198.0,5121.0,46.0,161.936,2707975912.0
945.597,0.0,90198.0,5121.0,46.0,155.793,2707988606.0
945.698,43.0,90198.0,5121.0,46.0,161.267,2708006344.0
945.798,43.0,90198.0,5121.0,49.0,174.764,2708037403.0
945.898,63.0,90198.0,5121.0,49.0,184.023,2708064364.0
945.998,63.0,90198.0,5121.0,49.0,189.161,2708091414.0
946.096,62.0,90198.0,5121.0,49.0,195.444,2708116162.0
946.198,62.0,90198.0,5121.0,49.0,206.828,2708142164.0
946.298,61.0,90198.0,5121.0,49.0,217.156,2708167300.0
946.398,61.0,90198.0,5121.0,49.0,228.455,2708191136.0
946.498,63.0,90198.0,5121.0,49.0,241.019,2708215979.0
946.598,63.0,90198.0,5121.0,49.0,254.555,2708243325.0
946.698,63.0,90198.0,5121.0,50.0,261.284,2708268453.0
946.797,63.0,90198.0,5121.0,50.0,258.409,2708294615.0
946.898,63.0,90198.0,5121.0,50.0,258.409,2708321349.0
946.998,62.0,90198.0,5121.0,50.0,258.357,2708321349.0
947.098,62.0,90198.0,5121.0,50.0,258.887,2708347550.0
947.198,63.0,90198.0,5121.0,50.0,261.42,2708402388.0
947.298,63.0,90198.0,5121.0,50.0,263.649,2708429484.0
947.398,63.0,90198.0,5121.0,50.0,265.597,2708453824.0
947.498,63.0,90198.0,5121.0,50.0,265.018,2708476919.0
947.598,63.0,90198.0,5121.0,50.0,263.145,2708501996.0
947.698,63.0,90198.0,5121.0,50.0,261.428,2708528560.0
947.798,62.0,90198.0,5121.0,50.0,261.151,2708554183.0
947.898,62.0,90198.0,5121.0,50.0,258.916,2708580320.0
947.998,62.0,90198.0,5121.0,50.0,257.897,2708604816.0
948.098,63.0,90198.0,5121.0,50.0,255.077,2708630251.0
948.198,63.0,90198.0,5121.0,50.0,252.701,2708656255.0
948.298,63.0,90198.0,5121.0,50.0,250.55,2708680500.0
948.398,63.0,90198.0,5121.0,50.0,251.912,2708706039.0
948.498,62.0,90198.0,5121.0,50.0,254.551,2708732210.0
948.598,62.0,90198.0,5121.0,50.0,255.843,2708758115.0
948.698,61.0,90198.0,5121.0,50.0,254.894,2708783417.0
948.797,61.0,90198.0,5121.0,50.0,254.757,2708809072.0
948.898,63.0,90198.0,5121.0,50.0,253.472,2708834230.0
948.998,63.0,90198.0,5121.0,50.0,254.291,2708859588.0
949.098,63.0,90198.0,5121.0,50.0,253.549,2708884737.0
949.198,63.0,90198.0,5121.0,50.0,252.134,2708909717.0
949.298,62.0,90198.0,5121.0,50.0,252.803,2708934181.0
949.398,62.0,90198.0,5121.0,50.0,251.354,2708958639.0
949.498,62.0,90198.0,5121.0,50.0,251.354,2708984012.0
949.598,63.0,90198.0,5121.0,50.0,251.899,2708984012.0
949.698,63.0,90198.0,5121.0,50.0,248.783,2709007494.0
949.798,62.0,90198.0,5121.0,50.0,248.345,2709057215.0
949.898,62.0,90198.0,5121.0,50.0,247.489,2709080677.0
949.998,60.0,90198.0,5121.0,50.0,246.628,2709104522.0
950.098,60.0,90198.0,5121.0,50.0,244.029,2709127131.0
950.198,61.0,90198.0,5121.0,50.0,242.057,2709151952.0
950.298,61.0,90198.0,5121.0,50.0,242.403,2709177263.0
950.398,61.0,90198.0,5121.0,50.0,242.438,2709201771.0
950.498,59.0,90198.0,5121.0,50.0,240.924,2709225422.0
950.598,59.0,90198.0,5121.0,49.0,241.204,2709249324.0
950.698,60.0,90198.0,5121.0,49.0,239.426,2709271855.0
950.798,60.0,90198.0,5121.0,49.0,236.435,2709293332.0
950.898,60.0,90198.0,5121.0,49.0,236.341,2709317183.0
950.998,60.0,90198.0,5121.0,49.0,235.113,2709339194.0
951.097,58.0,90198.0,5121.0,49.0,235.353,2709361516.0
951.198,58.0,90198.0,5121.0,49.0,233.937,2709385133.0
951.298,58.0,90198.0,5121.0,49.0,229.745,2709406182.0
951.398,58.0,90198.0,5121.0,49.0,228.761,2709428812.0
951.498,57.0,90198.0,5121.0,49.0,225.766,2709450335.0
951.598,57.0,90198.0,5121.0,49.0,222.943,2709471681.0
951.698,58.0,90198.0,5121.0,49.0,221.463,2709492645.0
951.798,58.0,90198.0,5121.0,49.0,219.735,2709512907.0
951.898,57.0,90198.0,5121.0,49.0,216.734,2709533448.0
951.998,57.0,90198.0,5121.0,48.0,215.969,2709554562.0
952.098,57.0,90198.0,5121.0,48.0,215.969,2709574946.0
952.198,58.0,90198.0,5121.0,48.0,212.461,2709574946.0
952.298,58.0,90198.0,5121.0,48.0,210.461,2709595123.0
952.396,57.0,90198.0,5121.0,48.0,209.654,2709637831.0
952.498,57.0,90198.0,5121.0,48.0,208.274,2709658180.0
952.598,58.0,90198.0,5121.0,48.0,207.47,2709678669.0
952.698,58.0,90198.0,5121.0,48.0,206.964,2709699619.0
952.798,58.0,90198.0,5121.0,48.0,205.946,2709719685.0
952.898,58.0,90198.0,5121.0,48.0,206.381,2709739058.0
952.998,57.0,90198.0,5121.0,48.0,205.554,2709759497.0
953.098,57.0,90198.0,5121.0,48.0,204.821,2709780617.0
953.198,56.0,90198.0,5121.0,48.0,203.995,2709801340.0
953.298,56.0,90198.0,5121.0,48.0,201.965,2709819337.0
953.398,56.0,90198.0,5121.0,48.0,199.665,2709838460.0
953.498,56.0,90198.0,5121.0,48.0,199.061,2709857977.0
953.598,56.0,90198.0,5121.0,48.0,196.754,2709877155.0
953.698,56.0,90198.0,5121.0,48.0,195.251,2709895187.0
953.798,56.0,90198.0,5121.0,48.0,194.574,2709914135.0
953.898,56.0,90198.0,5121.0,48.0,193.726,2709932953.0
953.998,56.0,90198.0,5121.0,48.0,193.136,2709953220.0
954.098,55.0,90198.0,5121.0,48.0,190.423,2709972943.0
954.198,55.0,90198.0,5121.0,48.0,191.232,2709991575.0
954.298,54.0,90198.0,5121.0,48.0,191.469,2710010676.0
954.398,54.0,90198.0,5121.0,48.0,188.878,2710028231.0
954.498,56.0,90198.0,5121.0,48.0,186.687,2710044317.0
954.598,56.0,90198.0,5121.0,48.0,188.506,2710064542.0
954.698,56.0,90198.0,5121.0,47.0,188.882,2710064542.0
954.798,56.0,90198.0,5121.0,47.0,185.032,2710083956.0
954.898,55.0,90198.0,5121.0,47.0,184.439,2710117010.0
954.998,55.0,90198.0,5121.0,47.0,183.883,2710137345.0
955.096,55.0,90198.0,5121.0,47.0,182.54,2710155511.0
955.198,55.0,90198.0,5121.0,47.0,176.35,2710170330.0
955.298,3.0,90198.0,5121.0,47.0,175.841,2710183024.0
955.396,3.0,90198.0,5121.0,48.0,174.467,2710202724.0
955.498,51.0,90198.0,5121.0,48.0,180.181,2710223181.0
955.598,51.0,90198.0,5121.0,48.0,185.182,2710245912.0
955.698,59.0,90198.0,5121.0,49.0,191.469,2710272844.0
955.798,59.0,90198.0,5121.0,49.0,199.234,2710297047.0
955.898,61.0,90198.0,5121.0,49.0,207.201,2710322661.0
955.998,61.0,90198.0,5121.0,49.0,212.431,2710347145.0
956.098,62.0,90198.0,5121.0,49.0,217.912,2710371986.0
956.198,62.0,90198.0,5121.0,50.0,232.465,2710397092.0
956.298,62.0,90198.0,5121.0,50.0,239.947,2710421842.0
956.398,62.0,90198.0,5121.0,50.0,251.146,2710448598.0
956.498,62.0,90198.0,5121.0,50.0,253.293,2710473139.0
956.598,62.0,90198.0,5121.0,50.0,251.79,2710498481.0
956.698,61.0,90198.0,5121.0,50.0,252.644,2710524024.0
956.798,61.0,90198.0,5121.0,50.0,255.496,2710550586.0
956.898,63.0,90198.0,5121.0,50.0,254.298,2710575939.0
956.998,63.0,90198.0,5121.0,50.0,253.748,2710602251.0
957.098,63.0,90198.0,5121.0,50.0,253.5,2710625984.0
957.198,63.0,90198.0,5121.0,50.0,254.236,2710651017.0
957.298,63.0,90198.0,5121.0,50.0,254.236,2710677662.0
957.398,63.0,90198.0,5121.0,50.0,255.308,2710677662.0
957.498,63.0,90198.0,5121.0,50.0,252.373,2710703333.0
957.596,63.0,90198.0,5121.0,50.0,253.564,2710753002.0
957.697,63.0,90198.0,5121.0,50.0,253.694,2710777901.0
957.796,63.0,90198.0,5121.0,50.0,253.181,2710804077.0
957.898,63.0,90198.0,5121.0,50.0,253.155,2710831450.0
957.997,63.0,90198.0,5121.0,50.0,256.614,2710857492.0
958.098,63.0,90198.0,5121.0,50.0,256.36,2710882723.0
958.198,63.0,90198.0,5121.0,50.0,256.917,2710908429.0
958.298,63.0,90198.0,5121.0,50.0,258.249,2710935360.0
958.397,62.0,90198.0,5121.0,50.0,258.147,2710961431.0
958.498,63.0,90198.0,5121.0,50.0,258.582,2710986350.0
958.598,63.0,90198.0,5121.0,50.0,258.647,2711010323.0
958.698,63.0,90198.0,5121.0,50.0,257.421,2711035587.0
958.798,63.0,90198.0,5121.0,50.0,255.703,2711059633.0
958.898,63.0,90198.0,5121.0,50.0,254.097,2711085648.0
958.998,63.0,90198.0,5121.0,50.0,253.867,2711110771.0
959.098,63.0,90198.0,5121.0,50.0,255.825,2711136214.0
959.198,63.0,90198.0,5121.0,50.0,252.97,2711161319.0
959.298,63.0,90198.0,5121.0,50.0,249.417,2711184864.0
959.398,63.0,90198.0,5121.0,50.0,247.2,2711208632.0
959.498,61.0,90198.0,5121.0,50.0,245.959,2711232800.0
959.598,61.0,90198.0,5121.0,50.0,245.195,2711256516.0
959.698,61.0,90198.0,5121.0,50.0,243.42,2711279437.0
959.798,61.0,90198.0,5121.0,50.0,243.824,2711302617.0
959.898,61.0,90198.0,5121.0,50.0,243.255,2711327878.0
959.998,61.0,90198.0,5121.0,50.0,243.255,2711351665.0
960.098,61.0,90198.0,5121.0,50.0,240.512,2711351665.0
960.196,60.0,90198.0,5121.0,50.0,238.498,2711375066.0
960.297,60.0,90198.0,5121.0,50.0,238.961,2711423246.0
960.398,60.0,90198.0,5121.0,50.0,238.366,2711447069.0
960.497,60.0,90198.0,5121.0,50.0,238.347,2711469856.0
960.598,61.0,90198.0,5121.0,50.0,239.11,2711492454.0
960.697,61.0,90198.0,5121.0,50.0,238.295,2711515673.0
960.798,60.0,90198.0,5121.0,50.0,238.499,2711538854.0
960.898,60.0,90198.0,5121.0,49.0,237.083,2711562076.0
960.998,61.0,90198.0,5121.0,50.0,234.595,2711584975.0
961.097,61.0,90198.0,5121.0,49.0,234.775,2711608775.0
961.198,60.0,90198.0,5121.0,49.0,233.778,2711630618.0
961.298,60.0,90198.0,5121.0,49.0,229.695,2711654102.0
961.398,59.0,90198.0,5121.0,49.0,226.866,2711674537.0
961.498,58.0,90198.0,5121.0,49.0,222.382,2711694937.0
961.598,58.0,90198.0,5121.0,49.0,222.236,2711715664.0
961.698,58.0,90198.0,5121.0,49.0,221.562,2711738803.0
961.798,58.0,90198.0,5121.0,49.0,219.178,2711759997.0
961.898,56.0,90198.0,5121.0,49.0,216.392,2711780512.0
961.998,56.0,90198.0,5121.0,49.0,214.359,2711800679.0
962.098,57.0,90198.0,5121.0,49.0,213.618,2711822862.0
962.198,57.0,90198.0,5121.0,49.0,213.398,2711844807.0
962.297,57.0,90198.0,5121.0,48.0,211.766,2711866225.0
962.398,57.0,90198.0,5121.0,48.0,211.44,2711886282.0
962.498,58.0,90198.0,5121.0,48.0,212.812,2711906790.0
962.598,58.0,90198.0,5121.0,48.0,210.437,2711926517.0
962.696,57.0,90198.0,5121.0,48.0,209.064,2711947023.0
962.798,57.0,90198.0,5121.0,48.0,209.292,2711947023.0
962.898,58.0,90198.0,5121.0,48.0,209.284,2711968295.0
962.996,58.0,90198.0,5121.0,48.0,207.041,2712008062.0
963.098,56.0,90198.0,5121.0,48.0,205.572,2712027382.0
963.198,56.0,90198.0,5121.0,48.0,203.484,2712047740.0
963.298,56.0,90198.0,5121.0,48.0,200.609,2712067257.0
963.398,56.0,90198.0,5121.0,48.0,199.252,2712084680.0
963.498,56.0,90198.0,5121.0,48.0,196.493,2712103893.0
963.598,56.0,90198.0,5121.0,48.0,195.508,2712122154.0
963.698,55.0,90198.0,5121.0,48.0,192.976,2712140283.0
963.798,55.0,90198.0,5121.0,48.0,190.661,2712159860.0
963.898,53.0,90198.0,5121.0,48.0,189.523,2712178546.0
963.998,53.0,90198.0,5121.0,48.0,189.544,2712197296.0
964.098,55.0,90198.0,5121.0,48.0,187.655,2712215871.0
964.198,55.0,90198.0,5121.0,48.0,189.22,2712235717.0
964.298,56.0,90198.0,5121.0,48.0,188.448,2712254587.0
964.398,56.0,90198.0,5121.0,48.0,188.2,2712274469.0
964.498,56.0,90198.0,5121.0,47.0,188.533,2712291680.0
964.598,56.0,90198.0,5121.0,48.0,190.92,2712311011.0
964.698,55.0,90198.0,5121.0,47.0,191.086,2712331065.0
964.798,55.0,90198.0,5121.0,47.0,191.743,2712350322.0
964.898,54.0,90198.0,5121.0,47.0,191.202,2712368859.0
964.998,54.0,90198.0,5121.0,47.0,187.866,2712386090.0
965.098,0.0,90198.0,5121.0,47.0,182.739,2712399626.0
965.197,0.0,90198.0,5121.0,46.0,173.585,2712412308.0
965.296,0.0,90198.0,5121.0,46.0,168.374,2712425007.0
965.398,0.0,90198.0,5121.0,46.0,168.374,2712437644.0
965.498,0.0,90198.0,5121.0,48.0,170.993,2712437644.0
965.598,57.0,90198.0,5121.0,49.0,182.862,2712468777.0
965.698,57.0,90198.0,5121.0,49.0,186.287,2712521839.0
965.798,62.0,90198.0,5121.0,49.0,194.405,2712549507.0
965.898,62.0,90198.0,5121.0,49.0,200.49,2712573530.0
965.998,62.0,90198.0,5121.0,50.0,206.627,2712600276.0
966.098,62.0,90198.0,5121.0,49.0,217.816,2712624771.0
966.198,62.0,90198.0,5121.0,49.0,227.088,2712649740.0
966.298,62.0,90198.0,5121.0,50.0,239.799,2712675207.0
966.398,63.0,90198.0,5121.0,50.0,252.362,2712699837.0
966.497,63.0,90198.0,5121.0,50.0,257.806,2712726778.0
966.598,63.0,90198.0,5121.0,50.0,255.141,2712751203.0
966.698,63.0,90198.0,5121.0,50.0,255.663,2712777360.0
966.798,63.0,90198.0,5121.0,50.0,254.4,2712802633.0
966.898,63.0,90198.0,5121.0,50.0,252.693,2712826963.0
966.998,63.0,90198.0,5121.0,50.0,252.097,2712851921.0
967.096,63.0,90198.0,5121.0,50.0,252.461,2712879217.0
967.198,63.0,90198.0,5121.0,50.0,254.807,2712906549.0
967.298,63.0,90198.0,5121.0,50.0,257.191,2712934043.0
967.398,63.0,90198.0,5121.0,50.0,260.086,2712961459.0
967.498,63.0,90198.0,5121.0,50.0,262.191,2712987975.0
967.598,62.0,90198.0,5121.0,50.0,263.719,2713013965.0
967.698,62.0,90198.0,5121.0,50.0,262.824,2713039095.0
967.798,63.0,90198.0,5121.0,50.0,262.396,2713062702.0
967.898,63.0,90198.0,5121.0,50.0,263.276,2713088803.0
967.998,63.0,90198.0,5121.0,50.0,263.858,2713114458.0
968.098,63.0,90198.0,5121.0,50.0,263.257,2713114458.0
968.198,63.0,90198.0,5121.0,50.0,263.804,2713140671.0
968.298,63.0,90198.0,5121.0,50.0,261.229,2713191994.0
968.398,63.0,90198.0,5121.0,50.0,258.344,2713217147.0
968.498,63.0,90198.0,5121.0,50.0,257.495,2713243730.0
968.598,63.0,90198.0,5121.0,50.0,256.381,2713269274.0
968.698,63.0,90198.0,5121.0,50.0,255.948,2713294364.0
968.798,63.0,90198.0,5121.0,50.0,257.522,2713320167.0
968.898,63.0,90198.0,5121.0,50.0,257.96,2713346156.0
968.998,63.0,90198.0,5121.0,50.0,258.142,2713371771.0
969.098,63.0,90198.0,5121.0,50.0,258.109,2713396690.0
969.198,63.0,90198.0,5121.0,50.0,256.854,2713421972.0
969.298,63.0,90198.0,5121.0,50.0,255.898,2713447177.0
969.398,62.0,90198.0,5121.0,50.0,256.763,2713472602.0
969.498,62.0,90198.0,5121.0,50.0,256.08,2713499253.0
969.598,63.0,90198.0,5121.0,50.0,256.524,2713524592.0
969.698,62.0,90198.0,5121.0,50.0,254.827,2713549513.0
969.798,62.0,90198.0,5121.0,50.0,253.594,2713574518.0
969.898,61.0,90198.0,5121.0,50.0,253.059,2713600013.0
969.998,61.0,90198.0,5121.0,50.0,252.963,2713624898.0
970.098,61.0,90198.0,5121.0,50.0,252.191,2713650501.0
970.197,61.0,90198.0,5121.0,50.0,252.384,2713675494.0
970.298,60.0,90198.0,5121.0,50.0,250.223,2713699265.0
970.398,60.0,90198.0,5121.0,50.0,247.813,2713722889.0
970.498,60.0,90198.0,5121.0,50.0,244.098,2713746991.0
970.598,60.0,90198.0,5121.0,50.0,244.098,2713769608.0
970.698,60.0,90198.0,5121.0,50.0,242.766,2713769608.0
970.798,60.0,90198.0,5121.0,50.0,240.944,2713792921.0
970.898,60.0,90198.0,5121.0,50.0,239.847,2713837404.0
970.998,60.0,90198.0,5121.0,49.0,235.587,2713858779.0
971.098,60.0,90198.0,5121.0,49.0,231.894,2713881555.0
971.198,59.0,90198.0,5121.0,49.0,231.05,2713904612.0
971.298,59.0,90198.0,5121.0,49.0,228.731,2713927144.0
971.398,58.0,90198.0,5121.0,49.0,227.154,2713948222.0
971.498,58.0,90198.0,5121.0,49.0,225.727,2713970496.0
971.598,58.0,90198.0,5121.0,49.0,223.705,2713990545.0
971.698,58.0,90198.0,5121.0,49.0,219.695,2714010348.0
971.798,58.0,90198.0,5121.0,49.0,215.872,2714030630.0
971.898,58.0,90198.0,5121.0,49.0,214.712,2714050935.0
971.998,58.0,90198.0,5121.0,49.0,212.966,2714070441.0
972.098,58.0,90198.0,5121.0,49.0,210.683,2714090809.0
972.198,57.0,90198.0,5121.0,49.0,206.946,2714110118.0
972.298,57.0,90198.0,5121.0,48.0,202.574,2714129482.0
972.398,57.0,90198.0,5121.0,48.0,200.284,2714149412.0
972.498,57.0,90198.0,5121.0,48.0,199.127,2714169222.0
972.598,56.0,90198.0,5121.0,48.0,197.536,2714190171.0
972.698,56.0,90198.0,5121.0,48.0,198.077,2714209428.0
972.798,56.0,90198.0,5121.0,48.0,197.533,2714229060.0
972.897,56.0,90198.0,5121.0,48.0,195.525,2714248691.0
972.998,56.0,90198.0,5121.0,48.0,196.943,2714268511.0
973.098,56.0,90198.0,5121.0,48.0,196.804,2714287418.0
973.198,56.0,90198.0,5121.0,48.0,196.909,2714307293.0
973.297,56.0,90198.0,5121.0,48.0,197.048,2714326627.0
973.398,57.0,90198.0,5121.0,48.0,197.571,2714326627.0
973.498,57.0,90198.0,5121.0,48.0,196.147,2714346672.0
973.598,56.0,90198.0,5121.0,48.0,196.043,2714384979.0
973.698,56.0,90198.0,5121.0,48.0,194.84,2714403398.0
973.798,56.0,90198.0,5121.0,48.0,194.398,2714422580.0
973.898,56.0,90198.0,5121.0,48.0,194.698,2714442144.0
973.998,55.0,90198.0,5121.0,48.0,193.537,2714461394.0
974.098,55.0,90198.0,5121.0,48.0,193.406,2714480279.0
974.198,55.0,90198.0,5121.0,48.0,191.976,2714498083.0
974.298,55.0,90198.0,5121.0,48.0,192.685,2714517734.0
974.398,55.0,90198.0,5121.0,48.0,191.966,2714538097.0
974.498,55.0,90198.0,5121.0,48.0,194.066,2714558993.0
974.598,55.0,90198.0,5121.0,48.0,192.283,2714576045.0
974.697,55.0,90198.0,5121.0,48.0,191.459,2714593670.0
974.797,56.0,90198.0,5121.0,48.0,189.813,2714611017.0
974.898,56.0,90198.0,5121.0,48.0,187.803,2714628356.0
974.997,46.0,90198.0,5121.0,47.0,183.289,2714641494.0
975.096,0.0,90198.0,5121.0,47.0,171.641,2714654319.0
975.198,0.0,90198.0,5121.0,48.0,176.316,2714667010.0
975.296,59.0,90198.0,5121.0,49.0,182.551,2714696941.0
975.396,59.0,90198.0,5121.0,49.0,190.26,2714722318.0
975.498,64.0,90198.0,5121.0,49.0,196.45,2714750626.0
975.598,64.0,90198.0,5121.0,49.0,202.82,2714775334.0
975.698,63.0,90198.0,5121.0,50.0,210.07,2714799226.0
975.798,63.0,90198.0,5121.0,50.0,218.87,2714824569.0
975.898,63.0,90198.0,5121.0,50.0,229.557,2714824569.0
975.998,63.0,90198.0,5121.0,50.0,240.808,2714850738.0
976.098,63.0,90198.0,5121.0,50.0,252.14,2714901738.0
976.198,63.0,90198.0,5121.0,50.0,257.933,2714926607.0
976.298,63.0,90198.0,5121.0,50.0,255.665,2714953052.0
976.398,63.0,90198.0,5121.0,50.0,252.955,2714977738.0
976.498,63.0,90198.0,5121.0,50.0,251.289,2715002858.0
976.598,63.0,90198.0,5121.0,50.0,254.032,2715027472.0
976.697,63.0,90198.0,5121.0,50.0,256.971,2715053567.0
976.798,63.0,90198.0,5121.0,50.0,256.467,2715080880.0
976.898,62.0,90198.0,5121.0,50.0,259.007,2715106771.0
976.998,62.0,90198.0,5121.0,50.0,258.931,2715134804.0
977.098,63.0,90198.0,5121.0,50.0,257.128,2715159939.0
977.198,63.0,90198.0,5121.0,50.0,257.068,2715184099.0
977.298,62.0,90198.0,5121.0,50.0,255.042,2715210042.0
977.398,62.0,90198.0,5121.0,50.0,257.086,2715235550.0
977.498,62.0,90198.0,5121.0,50.0,258.101,2715261357.0
977.598,62.0,90198.0,5121.0,50.0,257.24,2715286019.0
977.698,63.0,90198.0,5121.0,50.0,256.169,2715310457.0
977.798,63.0,90198.0,5121.0,50.0,256.418,2715336413.0
977.898,63.0,90198.0,5121.0,50.0,254.548,2715363062.0
977.998,63.0,90198.0,5121.0,50.0,253.442,2715388918.0
978.098,63.0,90198.0,5121.0,50.0,257.434,2715415133.0
978.198,63.0,90198.0,5121.0,50.0,257.582,2715442360.0
978.298,62.0,90198.0,5121.0,50.0,258.825,2715468116.0
978.398,62.0,90198.0,5121.0,50.0,258.825,2715493455.0
978.498,62.0,90198.0,5121.0,50.0,258.343,2715493455.0
978.598,63.0,90198.0,5121.0,50.0,258.698,2715519876.0
978.698,63.0,90198.0,5121.0,50.0,259.851,2715571016.0
978.798,63.0,90198.0,5121.0,50.0,259.839,2715596455.0
978.898,63.0,90198.0,5121.0,50.0,259.795,2715621256.0
978.998,63.0,90198.0,5121.0,50.0,258.857,2715647223.0
979.098,63.0,90198.0,5121.0,50.0,259.229,2715671003.0
979.198,63.0,90198.0,5121.0,50.0,257.844,2715698107.0
979.298,63.0,90198.0,5121.0,50.0,258.657,2715723341.0
979.398,63.0,90198.0,5121.0,50.0,257.528,2715747771.0
979.498,63.0,90198.0,5121.0,50.0,254.499,2715771757.0
979.598,63.0,90198.0,5121.0,50.0,254.069,2715797429.0
979.698,63.0,90198.0,5121.0,50.0,253.019,2715821573.0
979.798,62.0,90198.0,5121.0,50.0,251.613,2715846027.0
979.898,62.0,90198.0,5121.0,50.0,249.571,2715869882.0
979.998,61.0,90198.0,5121.0,50.0,247.729,2715893209.0
980.098,61.0,90198.0,5121.0,50.0,247.117,2715917075.0
980.198,61.0,90198.0,5121.0,50.0,244.96,2715941012.0
980.298,61.0,90198.0,5121.0,50.0,243.158,2715966007.0
980.398,60.0,90198.0,5121.0,50.0,244.291,2715990186.0
980.498,60.0,90198.0,5121.0,50.0,243.177,2716014802.0
980.598,61.0,90198.0,5121.0,50.0,243.607,2716040304.0
980.698,61.0,90198.0,5121.0,50.0,242.507,2716063140.0
980.798,61.0,90198.0,5121.0,50.0,240.382,2716085885.0
980.898,61.0,90198.0,5121.0,50.0,239.136,2716109912.0
980.998,61.0,90198.0,5121.0,50.0,238.936,2716132646.0
981.098,61.0,90198.0,5121.0,50.0,238.989,2716132646.0
981.198,61.0,90198.0,5121.0,50.0,236.907,2716157188.0
981.297,61.0,90198.0,5121.0,50.0,235.999,2716203235.0
981.397,60.0,90198.0,5121.0,50.0,235.382,2716228045.0
981.498,60.0,90198.0,5121.0,50.0,236.734,2716251648.0
981.598,61.0,90198.0,5121.0,49.0,236.056,2716276304.0
981.698,61.0,90198.0,5121.0,49.0,235.569,2716298054.0
981.798,58.0,90198.0,5121.0,49.0,234.77,2716320137.0
981.898,58.0,90198.0,5121.0,49.0,233.815,2716341498.0
981.998,58.0,90198.0,5121.0,49.0,231.235,2716362889.0
982.098,58.0,90198.0,5121.0,49.0,229.459,2716383536.0
982.198,58.0,90198.0,5121.0,49.0,227.012,2716404500.0
982.298,58.0,90198.0,5121.0,49.0,226.552,2716427048.0
982.398,58.0,90198.0,5121.0,49.0,223.269,2716448287.0
982.498,58.0,90198.0,5121.0,49.0,218.963,2716468456.0
982.598,58.0,90198.0,5121.0,49.0,214.762,2716488622.0
982.698,58.0,90198.0,5121.0,49.0,210.167,2716508530.0
982.798,58.0,90198.0,5121.0,49.0,209.172,2716528613.0
982.898,58.0,90198.0,5121.0,49.0,207.234,2716549418.0
982.998,58.0,90198.0,5121.0,48.0,204.512,2716569932.0
983.098,58.0,90198.0,5121.0,48.0,205.553,2716590241.0
983.198,58.0,90198.0,5121.0,48.0,202.625,2716609143.0
983.298,58.0,90198.0,5121.0,48.0,201.245,2716629148.0
983.398,58.0,90198.0,5121.0,48.0,199.199,2716649176.0
983.498,56.0,90198.0,5121.0,48.0,198.567,2716667437.0
983.598,56.0,90198.0,5121.0,48.0,198.567,2716686969.0
983.698,56.0,90198.0,5121.0,48.0,197.674,2716686969.0
983.798,56.0,90198.0,5121.0,48.0,196.627,2716705099.0
983.897,56.0,90198.0,5121.0,48.0,194.092,2716742434.0
983.998,56.0,90198.0,5121.0,48.0,191.952,2716761087.0
984.098,56.0,90198.0,5121.0,48.0,191.32,2716780411.0
984.198,55.0,90198.0,5121.0,48.0,190.261,2716799282.0
984.298,55.0,90198.0,5121.0,48.0,190.353,2716818956.0
984.398,55.0,90198.0,5121.0,48.0,188.479,2716837261.0
984.498,55.0,90198.0,5121.0,48.0,189.263,2716856327.0
984.598,55.0,90198.0,5121.0,48.0,190.154,2716876722.0
984.698,55.0,90198.0,5121.0,48.0,190.928,2716896447.0
984.798,56.0,90198.0,5121.0,48.0,190.547,2716913632.0
984.896,56.0,90198.0,5121.0,47.0,187.988,2716927186.0
984.998,0.0,90198.0,5121.0,47.0,182.085,2716939889.0
985.096,0.0,90198.0,5121.0,47.0,176.179,2716952486.0
985.198,0.0,90198.0,5121.0,46.0,168.999,2716965069.0
985.298,0.0,90198.0,5121.0,47.0,166.846,2716988630.0
985.398,52.0,90198.0,5121.0,49.0,179.756,2717017886.0
985.498,52.0,90198.0,5121.0,49.0,186.438,2717043744.0
985.598,62.0,90198.0,5121.0,49.0,193.054,2717070613.0
985.698,62.0,90198.0,5121.0,49.0,198.12,2717095575.0
985.798,61.0,90198.0,5121.0,50.0,203.692,2717120983.0
985.898,61.0,90198.0,5121.0,50.0,212.737,2717147036.0
985.997,62.0,90198.0,5121.0,50.0,226.012,2717173004.0
986.096,62.0,90198.0,5121.0,50.0,240.691,2717198291.0
986.196,60.0,90198.0,5121.0,50.0,251.338,2717221500.0
986.298,60.0,90198.0,5121.0,50.0,261.201,2717221500.0
986.398,63.0,90198.0,5121.0,50.0,254.341,2717246980.0
986.498,63.0,90198.0,5121.0,50.0,253.516,2717299393.0
986.598,63.0,90198.0,5121.0,50.0,252.125,2717323854.0
986.698,63.0,90198.0,5121.0,50.0,251.357,2717348804.0
986.798,62.0,90198.0,5121.0,50.0,252.408,2717374272.0
986.898,62.0,90198.0,5121.0,50.0,251.988,2717399137.0
986.996,63.0,90198.0,5121.0,50.0,249.525,2717424622.0
987.098,63.0,90198.0,5121.0,50.0,251.252,2717450411.0
987.198,62.0,90198.0,5121.0,50.0,253.098,2717476892.0
987.298,62.0,90198.0,5121.0,50.0,251.696,2717501546.0
987.398,63.0,90198.0,5121.0,50.0,252.926,2717526792.0
987.498,63.0,90198.0,5121.0,50.0,252.718,2717551300.0
987.598,62.0,90198.0,5121.0,50.0,250.949,2717575636.0
987.698,62.0,90198.0,5121.0,50.0,252.011,2717601718.0
987.798,62.0,90198.0,5121.0,50.0,252.811,2717627522.0
987.898,62.0,90198.0,5121.0,50.0,253.548,2717654112.0
987.997,63.0,90198.0,5121.0,50.0,254.442,2717678739.0
988.098,63.0,90198.0,5121.0,50.0,253.336,2717704955.0
988.198,63.0,90198.0,5121.0,50.0,255.758,2717730938.0
988.298,63.0,90198.0,5121.0,50.0,255.696,2717756929.0
988.398,63.0,90198.0,5121.0,50.0,256.829,2717783328.0
988.497,63.0,90198.0,5121.0,50.0,256.692,2717808023.0
988.598,63.0,90198.0,5121.0,50.0,257.2,2717833282.0
988.698,63.0,90198.0,5121.0,50.0,259.062,2717859953.0
988.798,63.0,90198.0,5121.0,50.0,256.796,2717883941.0
988.898,63.0,90198.0,5121.0,50.0,255.409,2717883941.0
988.998,63.0,90198.0,5121.0,50.0,255.601,2717909045.0
989.098,63.0,90198.0,5121.0,50.0,254.181,2717959535.0
989.198,63.0,90198.0,5121.0,50.0,252.513,2717983224.0
989.298,63.0,90198.0,5121.0,50.0,250.756,2718008025.0
989.398,61.0,90198.0,5121.0,50.0,248.898,2718032107.0
989.498,61.0,90198.0,5121.0,50.0,248.024,2718056015.0
989.598,61.0,90198.0,5121.0,50.0,246.586,2718079630.0
989.698,61.0,90198.0,5121.0,50.0,243.866,2718104193.0
989.798,60.0,90198.0,5121.0,50.0,244.799,2718128219.0
989.898,60.0,90198.0,5121.0,50.0,245.601,2718154008.0
989.998,60.0,90198.0,5121.0,50.0,243.053,2718176817.0
990.098,60.0,90198.0,5121.0,50.0,241.447,2718199301.0
990.198,60.0,90198.0,5121.0,50.0,239.41,2718222487.0
990.298,60.0,90198.0,5121.0,50.0,238.697,2718245115.0
990.398,59.0,90198.0,5121.0,50.0,236.43,2718267191.0
990.498,59.0,90198.0,5121.0,50.0,235.587,2718290539.0
990.598,60.0,90198.0,5121.0,49.0,234.778,2718313092.0
990.698,60.0,90198.0,5121.0,50.0,234.977,2718336389.0
990.797,58.0,90198.0,5121.0,49.0,231.985,2718357752.0
990.898,58.0,90198.0,5121.0,49.0,227.683,2718379329.0
990.998,57.0,90198.0,5121.0,49.0,225.248,2718400720.0
991.096,58.0,90198.0,5121.0,49.0,224.617,2718423376.0
991.198,58.0,90198.0,5121.0,49.0,224.118,2718444875.0
991.298,57.0,90198.0,5121.0,49.0,220.987,2718466917.0
991.398,57.0,90198.0,5121.0,49.0,220.987,2718486516.0
991.498,57.0,90198.0,5121.0,49.0,217.684,2718486516.0
991.598,57.0,90198.0,5121.0,49.0,216.013,2718507079.0
991.698,57.0,90198.0,5121.0,49.0,211.165,2718546998.0
991.797,57.0,90198.0,5121.0,49.0,210.239,2718567335.0
991.898,57.0,90198.0,5121.0,48.0,207.931,2718586640.0
991.998,58.0,90198.0,5121.0,48.0,206.478,2718606883.0
992.098,58.0,90198.0,5121.0,48.0,203.145,2718626317.0
992.198,58.0,90198.0,5121.0,48.0,201.86,2718646375.0
992.298,58.0,90198.0,5121.0,48.0,198.575,2718666301.0
992.398,56.0,90198.0,5121.0,48.0,197.772,2718685781.0
992.498,56.0,90198.0,5121.0,48.0,197.527,2718705149.0
992.596,56.0,90198.0,5121.0,48.0,195.054,2718723571.0
992.698,56.0,90198.0,5121.0,48.0,194.369,2718742792.0
992.798,56.0,90198.0,5121.0,48.0,194.175,2718762098.0
992.898,56.0,90198.0,5121.0,48.0,192.778,2718780146.0
992.998,55.0,90198.0,5121.0,48.0,191.101,2718798120.0
993.098,55.0,90198.0,5121.0,48.0,191.263,2718817274.0
993.198,55.0,90198.0,5121.0,48.0,188.234,2718834804.0
993.298,55.0,90198.0,5121.0,48.0,186.848,2718853396.0
993.398,55.0,90198.0,5121.0,48.0,186.448,2718871727.0
993.498,55.0,90198.0,5121.0,48.0,186.102,2718890511.0
993.598,55.0,90198.0,5121.0,48.0,187.069,2718909541.0
993.698,55.0,90198.0,5121.0,48.0,185.939,2718926775.0
993.798,54.0,90198.0,5121.0,48.0,183.462,2718944923.0
993.898,56.0,90198.0,5121.0,48.0,185.452,2718962737.0
993.998,56.0,90198.0,5121.0,48.0,185.452,2718982453.0
994.098,56.0,90198.0,5121.0,48.0,185.45,2718982453.0
994.197,56.0,90198.0,5121.0,48.0,187.588,2719001768.0
994.298,56.0,90198.0,5121.0,48.0,188.543,2719041025.0
994.397,56.0,90198.0,5121.0,48.0,188.204,2719058583.0
994.498,56.0,90198.0,5121.0,48.0,188.423,2719078246.0
994.596,55.0,90198.0,5121.0,48.0,189.387,2719098455.0
994.696,55.0,90198.0,5121.0,48.0,192.043,2719118384.0
994.798,40.0,90198.0,5121.0,47.0,188.062,2719131435.0
994.898,40.0,90198.0,5121.0,47.0,183.393,2719144167.0
994.998,0.0,90198.0,5121.0,47.0,177.664,2719161065.0
995.098,0.0,90198.0,5121.0,48.0,183.733,2719185958.0
995.198,56.0,90198.0,5121.0,49.0,190.093,2719211281.0
995.298,56.0,90198.0,5121.0,49.0,192.807,2719234360.0
995.398,61.0,90198.0,5121.0,49.0,198.243,2719259028.0
995.498,61.0,90198.0,5121.0,49.0,203.684,2719283494.0
995.598,62.0,90198.0,5121.0,49.0,206.672,2719307607.0
995.698,62.0,90198.0,5121.0,49.0,209.769,2719331184.0
995.798,62.0,90198.0,5121.0,49.0,219.773,2719354780.0
995.898,62.0,90198.0,5121.0,49.0,230.658,2719378603.0
995.998,61.0,90198.0,5121.0,49.0,240.476,2719403509.0
996.098,61.0,90198.0,5121.0,49.0,240.202,2719427755.0
996.198,62.0,90198.0,5121.0,50.0,238.144,2719451707.0
996.296,62.0,90198.0,5121.0,50.0,239.097,2719475394.0
996.398,62.0,90198.0,5121.0,50.0,239.048,2719499630.0
996.498,62.0,90198.0,5121.0,50.0,240.845,2719524777.0
996.598,61.0,90198.0,5121.0,50.0,241.815,2719548940.0
996.696,61.0,90198.0,5121.0,50.0,241.815,2719573208.0
996.798,62.0,90198.0,5121.0,50.0,242.791,2719573208.0
996.897,62.0,90198.0,5121.0,50.0,244.59,2719598413.0
996.998,62.0,90198.0,5121.0,50.0,243.226,2719647090.0
997.098,62.0,90198.0,5121.0,50.0,244.534,2719671655.0
997.198,62.0,90198.0,5121.0,50.0,245.736,2719697052.0
997.298,62.0,90198.0,5121.0,50.0,246.806,2719721717.0
997.398,60.0,90198.0,5121.0,50.0,246.039,2719745807.0
997.498,60.0,90198.0,5121.0,50.0,244.368,2719769510.0
997.598,61.0,90198.0,5121.0,50.0,243.884,2719793912.0
997.698,61.0,90198.0,5121.0,50.0,243.669,2719817830.0
997.798,61.0,90198.0,5121.0,50.0,244.794,2719842209.0
997.897,61.0,90198.0,5121.0,50.0,242.66,2719866372.0
997.998,60.0,90198.0,5121.0,50.0,243.382,2719890166.0
998.096,60.0,90198.0,5121.0,50.0,242.824,2719916014.0
998.197,61.0,90198.0,5121.0,50.0,244.557,2719941154.0
998.298,61.0,90198.0,5121.0,50.0,243.989,2719966606.0
998.398,61.0,90198.0,5121.0,50.0,244.968,2719990451.0
998.498,61.0,90198.0,5121.0,50.0,244.617,2720013047.0
998.598,60.0,90198.0,5121.0,50.0,243.902,2720036307.0
998.697,60.0,90198.0,5121.0,50.0,241.474,2720058347.0
998.798,61.0,90198.0,5121.0,50.0,240.735,2720082286.0
998.898,61.0,90198.0,5121.0,50.0,240.04,2720105529.0
998.997,61.0,90198.0,5121.0,50.0,239.053,2720128776.0
999.098,61.0,90198.0,5121.0,50.0,237.62,2720151868.0
999.198,60.0,90198.0,5121.0,50.0,233.677,2720174459.0
999.298,60.0,90198.0,5121.0,50.0,233.077,2720199026.0
999.398,60.0,90198.0,5121.0,50.0,230.895,2720199026.0
999.497,60.0,90198.0,5121.0,50.0,230.552,2720221876.0
999.598,60.0,90198.0,5121.0,50.0,231.575,2720267683.0
999.697,60.0,90198.0,5121.0,50.0,232.721,2720291190.0
999.797,60.0,90198.0,5121.0,50.0,232.914,2720315238.0
999.897,60.0,90198.0,5121.0,50.0,233.188,2720338354.0
999.998,60.0,90198.0,5121.0,50.0,232.761,2720361397.0
1000.097,60.0,90198.0,5121.0,49.0,232.219,2720384180.0
1000.198,60.0,90198.0,5121.0,49.0,232.633,2720407181.0
1000.297,60.0,90198.0,5121.0,49.0,232.223,2720430665.0
1000.397,60.0,90198.0,5121.0,49.0,232.12,2720453182.0
1000.498,60.0,90198.0,5121.0,49.0,230.594,2720474149.0
1000.598,57.0,90198.0,5121.0,49.0,227.745,2720495442.0
1000.698,57.0,90198.0,5121.0,49.0,226.53,2720517143.0
1000.798,58.0,90198.0,5121.0,49.0,224.241,2720539026.0
1000.898,58.0,90198.0,5121.0,49.0,223.007,2720560691.0
1000.998,58.0,90198.0,5121.0,49.0,220.438,2720581821.0
1001.098,58.0,90198.0,5121.0,49.0,218.497,2720602607.0
1001.198,58.0,90198.0,5121.0,49.0,215.125,2720621770.0
1001.298,58.0,90198.0,5121.0,49.0,212.314,2720642650.0
1001.398,57.0,90198.0,5121.0,49.0,211.468,2720663523.0
1001.498,57.0,90198.0,5121.0,49.0,209.66,2720683812.0
1001.597,58.0,90198.0,5121.0,48.0,209.882,2720704698.0
1001.698,58.0,90198.0,5121.0,48.0,207.989,2720724834.0
1001.798,58.0,90198.0,5121.0,48.0,205.216,2720744287.0
1001.898,58.0,90198.0,5121.0,48.0,202.878,2720744287.0
1001.998,57.0,90198.0,5121.0,48.0,201.99,2720763041.0
1002.098,57.0,90198.0,5121.0,48.0,200.11,2720801971.0
1002.196,54.0,90198.0,5121.0,48.0,200.023,2720820930.0
1002.298,54.0,90198.0,5121.0,48.0,198.629,2720840448.0
1002.398,56.0,90198.0,5121.0,48.0,197.008,2720860328.0
1002.497,56.0,90198.0,5121.0,48.0,195.365,2720878980.0
1002.597,55.0,90198.0,5121.0,48.0,192.966,2720897385.0
1002.698,55.0,90198.0,5121.0,48.0,191.582,2720915404.0
1002.798,54.0,90198.0,5121.0,48.0,190.962,2720934262.0
1002.897,54.0,90198.0,5121.0,48.0,190.422,2720952934.0
1002.997,55.0,90198.0,5121.0,48.0,190.376,2720972136.0
1003.098,55.0,90198.0,5121.0,48.0,189.938,2720991697.0
1003.197,55.0,90198.0,5121.0,48.0,189.468,2721008894.0
1003.297,55.0,90198.0,5121.0,48.0,187.65,2721027173.0
1003.397,56.0,90198.0,5121.0,48.0,188.714,2721048219.0
1003.497,56.0,90198.0,5121.0,48.0,186.512,2721063916.0
1003.598,55.0,90198.0,5121.0,48.0,183.658,2721079500.0
1003.698,55.0,90198.0,5121.0,48.0,184.171,2721098865.0
1003.797,56.0,90198.0,5121.0,48.0,182.436,2721115330.0
1003.897,56.0,90198.0,5121.0,48.0,180.304,2721132218.0
1003.998,55.0,90198.0,5121.0,48.0,177.447,2721149558.0
1004.098,55.0,90198.0,5121.0,48.0,177.856,2721169021.0
1004.198,53.0,90198.0,5121.0,47.0,179.136,2721187991.0
1004.297,53.0,90198.0,5121.0,47.0,180.029,2721206691.0
1004.397,53.0,90198.0,5121.0,47.0,178.369,2721226341.0
1004.498,53.0,90198.0,5121.0,47.0,175.814,2721239695.0
1004.597,53.0,90198.0,5121.0,47.0,175.814,2721252358.0
1004.698,0.0,90198.0,5121.0,47.0,172.878,2721252358.0
1004.798,0.0,90198.0,5121.0,46.0,162.482,2721265051.0
1004.898,0.0,90198.0,5121.0,46.0,157.816,2721290533.0
1004.997,0.0,90198.0,5121.0,46.0,154.228,2721303265.0
1005.098,0.0,90198.0,5121.0,46.0,147.863,2721315985.0
1005.197,0.0,90198.0,5121.0,46.0,142.088,2721328730.0
1005.298,0.0,90198.0,5121.0,46.0,136.327,2721341425.0
1005.398,0.0,90198.0,5121.0,46.0,130.18,2721354142.0
1005.497,0.0,90198.0,5121.0,46.0,127.188,2721366840.0
1005.598,0.0,90198.0,5121.0,46.0,127.253,2721379543.0
1005.698,0.0,90198.0,5121.0,46.0,127.273,2721392253.0
1005.798,0.0,90198.0,5121.0,46.0,127.248,2721404944.0
1005.898,0.0,90198.0,5121.0,46.0,127.202,2721417617.0
1005.997,0.0,90198.0,5121.0,46.0,127.148,2721430304.0
1006.098,0.0,90198.0,5121.0,46.0,127.096,2721442997.0
1006.198,0.0,90198.0,5121.0,46.0,127.081,2721455730.0
1006.297,0.0,90198.0,5121.0,46.0,127.11,2721468452.0
1006.397,0.0,90198.0,5121.0,46.0,127.101,2721481156.0
1006.498,0.0,90198.0,5121.0,46.0,127.076,2721493841.0
1006.598,0.0,90198.0,5121.0,46.0,127.113,2721506563.0
1006.698,0.0,90198.0,5121.0,46.0,127.106,2721519276.0
1006.798,0.0,90198.0,5121.0,46.0,127.124,2721531978.0
1006.897,0.0,90198.0,5121.0,46.0,127.114,2721544669.0
1006.998,0.0,90198.0,5121.0,46.0,127.134,2721557364.0
1007.098,0.0,90198.0,5121.0,46.0,127.133,2721570053.0
1007.198,0.0,90198.0,5121.0,46.0,127.085,2721582726.0
1007.298,0.0,90198.0,5121.0,46.0,127.073,2721595422.0
1007.398,0.0,90198.0,5121.0,46.0,127.065,2721608129.0
1007.498,0.0,90198.0,5121.0,46.0,127.065,2721608129.0
1007.598,0.0,90198.0,5121.0,46.0,127.058,2721620811.0
1007.697,0.0,90198.0,5121.0,46.0,127.013,2721646188.0
1007.798,0.0,90198.0,5121.0,46.0,126.985,2721658875.0
1007.897,0.0,90198.0,5121.0,46.0,126.94,2721671548.0
1007.998,0.0,90198.0,5121.0,46.0,126.899,2721684210.0
1008.098,0.0,90198.0,5121.0,46.0,126.908,2721696895.0
1008.198,0.0,90198.0,5121.0,46.0,126.874,2721709558.0
1008.297,0.0,90198.0,5121.0,46.0,126.824,2721722220.0
1008.398,0.0,90198.0,5121.0,46.0,126.746,2721734849.0
1008.498,0.0,90198.0,5121.0,46.0,126.723,2721747523.0
1008.598,0.0,90198.0,5121.0,45.0,126.697,2721760165.0
1008.698,0.0,90198.0,5121.0,46.0,126.683,2721772844.0
1008.798,0.0,90198.0,5121.0,45.0,126.652,2721785494.0
1008.898,0.0,90198.0,5121.0,45.0,126.655,2721798176.0
1008.998,0.0,90198.0,5121.0,45.0,126.642,2721810812.0
1009.098,0.0,90198.0,5121.0,45.0,126.667,2721823522.0
1009.199,0.0,90198.0,5121.0,45.0,126.665,2721836168.0
1009.298,0.0,90198.0,5121.0,45.0,126.684,2721848833.0
1009.397,0.0,90198.0,5121.0,45.0,126.695,2721861485.0
1009.497,0.0,90198.0,5121.0,45.0,126.705,2721874149.0
1009.598,0.0,90198.0,5121.0,45.0,126.74,2721886817.0
1009.696,0.0,90198.0,5121.0,45.0,126.731,2721899491.0
1009.798,0.0,90198.0,5121.0,45.0,126.74,2721912156.0
1009.897,0.0,90198.0,5121.0,45.0,126.742,2721924842.0
1009.998,0.0,90198.0,5121.0,45.0,126.753,2721937504.0
1010.098,0.0,90198.0,5121.0,45.0,126.723,2721950193.0
1010.198,0.0,90198.0,5121.0,45.0,126.729,2721962848.0
1010.298,0.0,90198.0,5121.0,45.0,126.725,2721975509.0
1010.397,0.0,90198.0,5121.0,45.0,126.742,2721988158.0
1010.497,0.0,90198.0,5121.0,45.0,126.742,2722000817.0
1010.598,0.0,90198.0,5121.0,45.0,126.717,2722000817.0
1010.698,0.0,90198.0,5121.0,45.0,126.716,2722013463.0
1010.798,0.0,90198.0,5121.0,45.0,126.706,2722038805.0
1010.898,0.0,90198.0,5121.0,45.0,126.684,2722051461.0
1010.998,0.0,90198.0,5121.0,45.0,126.708,2722064129.0
1011.097,0.0,90198.0,5121.0,45.0,126.672,2722076769.0
1011.198,0.0,90198.0,5121.0,45.0,126.661,2722089412.0
1011.298,0.0,90198.0,5121.0,45.0,126.637,2722102070.0
1011.397,0.0,90198.0,5121.0,45.0,126.674,2722114741.0
1011.498,0.0,90198.0,5121.0,45.0,126.671,2722127405.0
1011.598,0.0,90198.0,5121.0,45.0,126.671,2722140060.0
1011.697,0.0,90198.0,5121.0,45.0,126.648,2722152712.0
1011.798,0.0,90198.0,5121.0,45.0,126.648,2722165365.0
1011.897,0.0,90198.0,5121.0,45.0,126.626,2722177996.0
1011.998,0.0,90198.0,5121.0,45.0,126.63,2722190672.0
1012.097,0.0,90198.0,5121.0,45.0,126.616,2722203327.0
1012.198,0.0,90198.0,5121.0,45.0,126.639,2722215978.0
1012.297,0.0,90198.0,5121.0,45.0,126.629,2722228621.0
1012.397,0.0,90198.0,5121.0,45.0,126.607,2722241272.0
1012.496,0.0,90198.0,5121.0,45.0,126.609,2722253924.0
1012.597,0.0,90198.0,5121.0,45.0,126.611,2722266585.0
1012.696,0.0,90198.0,5121.0,45.0,126.629,2722279253.0
1012.798,0.0,90198.0,5121.0,45.0,126.635,2722291916.0
1012.898,0.0,90198.0,5121.0,45.0,126.657,2722304572.0
1012.997,0.0,90198.0,5121.0,45.0,126.647,2722317247.0
1013.098,0.0,90198.0,5121.0,45.0,126.651,2722329894.0
1013.197,0.0,90198.0,5121.0,45.0,126.672,2722342563.0
1013.297,0.0,90198.0,5121.0,45.0,126.643,2722355169.0
1013.398,0.0,90198.0,5121.0,45.0,126.649,2722367843.0
1013.497,0.0,90198.0,5121.0,45.0,126.649,2722367843.0
1013.597,0.0,90198.0,5121.0,45.0,126.641,2722380490.0
1013.698,0.0,90198.0,5121.0,45.0,126.658,2722405833.0
1013.798,0.0,90198.0,5121.0,45.0,126.655,2722418500.0
1013.897,0.0,90198.0,5121.0,45.0,126.661,2722431142.0
1013.998,0.0,90198.0,5121.0,45.0,126.644,2722443815.0
1014.097,0.0,90198.0,5121.0,45.0,126.665,2722456462.0
1014.198,0.0,90198.0,5121.0,45.0,126.658,2722469131.0
1014.297,0.0,90198.0,5121.0,45.0,126.677,2722481760.0
1014.398,0.0,90198.0,5121.0,45.0,126.666,2722494423.0
1014.498,0.0,90198.0,5121.0,45.0,126.673,2722507078.0
1014.598,0.0,90198.0,5121.0,45.0,126.658,2722519737.0
1014.697,0.0,90198.0,5121.0,45.0,126.67,2722532411.0
1014.798,0.0,90198.0,5121.0,45.0,126.679,2722545098.0
1014.898,0.0,90198.0,5121.0,45.0,126.702,2722557755.0
1014.997,0.0,90198.0,5121.0,45.0,126.662,2722570410.0
1015.098,0.0,90198.0,5121.0,45.0,126.679,2722583082.0
1015.198,0.0,90198.0,5121.0,45.0,126.668,2722595735.0
1015.297,0.0,90198.0,5121.0,45.0,126.707,2722608412.0
1015.398,0.0,90198.0,5121.0,45.0,126.687,2722621045.0
1015.498,0.0,90198.0,5121.0,45.0,126.678,2722633690.0
1015.598,0.0,90198.0,5121.0,45.0,126.65,2722646325.0
1015.698,0.0,90198.0,5121.0,45.0,126.674,2722659005.0
1015.797,0.0,90198.0,5121.0,45.0,126.646,2722671656.0
1015.898,0.0,90198.0,5121.0,45.0,126.637,2722684299.0
1015.998,0.0,90198.0,5121.0,45.0,126.612,2722696941.0
1016.097,0.0,90198.0,5121.0,45.0,126.609,2722709595.0
1016.198,0.0,90198.0,5121.0,45.0,126.593,2722722232.0
1016.297,0.0,90198.0,5121.0,45.0,126.596,2722734900.0
1016.398,0.0,90198.0,5121.0,45.0,126.596,2722747505.0
1016.498,0.0,90198.0,5121.0,45.0,126.554,2722747505.0
1016.598,0.0,90198.0,5121.0,45.0,126.576,2722760166.0
1016.698,0.0,90198.0,5121.0,45.0,126.569,2722785467.0
1016.797,0.0,90198.0,5121.0,45.0,126.539,2722798128.0
1016.898,0.0,90198.0,5121.0,45.0,126.556,2722810787.0
1016.998,0.0,90198.0,5121.0,45.0,126.573,2722823437.0
1017.098,0.0,90198.0,5121.0,45.0,126.584,2722836101.0
1017.198,0.0,90198.0,5121.0,45.0,126.576,2722848735.0
1017.298,0.0,90198.0,5121.0,45.0,126.59,2722861417.0
1017.397,0.0,90198.0,5121.0,45.0,126.607,2722874052.0
1017.497,0.0,90198.0,5121.0,45.0,126.619,2722886705.0
1017.597,0.0,90198.0,5121.0,45.0,126.604,2722899334.0
1017.698,0.0,90198.0,5121.0,45.0,126.616,2722912007.0
1017.797,0.0,90198.0,5121.0,45.0,126.63,2722924668.0
1017.898,0.0,90198.0,5121.0,45.0,126.648,2722937345.0
1017.998,0.0,90198.0,5121.0,45.0,126.624,2722949979.0
1018.098,0.0,90198.0,5121.0,45.0,126.606,2722962636.0
1018.198,0.0,90198.0,5121.0,45.0,126.602,2722975259.0
1018.297,0.0,90198.0,5121.0,45.0,126.581,2722987924.0
1018.398,0.0,90198.0,5121.0,45.0,126.6,2723000577.0
1018.496,0.0,90198.0,5121.0,45.0,126.585,2723013224.0
1018.598,0.0,90198.0,5121.0,45.0,126.632,2723025893.0
1018.698,0.0,90198.0,5121.0,45.0,126.612,2723038542.0
1018.798,0.0,90198.0,5121.0,45.0,126.616,2723051209.0
1018.898,0.0,90198.0,5121.0,45.0,126.596,2723063875.0
1018.998,0.0,90198.0,5121.0,45.0,126.634,2723076543.0
1019.098,0.0,90198.0,5121.0,45.0,126.628,2723089189.0
1019.198,0.0,90198.0,5121.0,45.0,126.667,2723101859.0
1019.298,0.0,90198.0,5121.0,45.0,126.633,2723114481.0
1019.398,0.0,90198.0,5121.0,45.0,126.638,2723127145.0
1019.498,0.0,90198.0,5121.0,45.0,126.62,2723139779.0
1019.597,0.0,90198.0,5121.0,45.0,126.632,2723139779.0
1019.698,0.0,90198.0,5121.0,45.0,126.613,2723152449.0
1019.798,0.0,90198.0,5121.0,45.0,126.595,2723177743.0
1019.897,0.0,90198.0,5121.0,45.0,126.58,2723190393.0
1019.998,0.0,90198.0,5121.0,45.0,126.586,2723203068.0
1020.098,0.0,90198.0,5121.0,45.0,126.586,2723215705.0
