elapsed_s,gpu_util,fb_used,fb_free,temperature,power_usage,energy_consumption
0.000,0.0,90192.0,5127.0,45.0,132.601,2449480915.0
0.099,0.0,90192.0,5127.0,45.0,132.577,2449494152.0
0.199,0.0,90192.0,5127.0,45.0,132.553,2449507394.0
0.299,0.0,90192.0,5127.0,45.0,132.523,2449520618.0
0.399,0.0,90192.0,5127.0,45.0,132.515,2449533858.0
0.499,0.0,90192.0,5127.0,45.0,132.48,2449547083.0
0.599,0.0,90192.0,5127.0,45.0,132.473,2449560322.0
0.699,0.0,90192.0,5127.0,45.0,132.43,2449573553.0
0.798,0.0,90192.0,5127.0,45.0,132.406,2449586780.0
0.898,0.0,90192.0,5127.0,45.0,132.385,2449600010.0
0.998,0.0,90192.0,5127.0,45.0,132.378,2449613229.0
1.098,0.0,90192.0,5127.0,45.0,132.359,2449626462.0
1.199,0.0,90192.0,5127.0,45.0,132.339,2449639682.0
1.299,0.0,90192.0,5127.0,45.0,132.347,2449652915.0
1.398,0.0,90192.0,5127.0,45.0,132.345,2449666141.0
1.498,0.0,90192.0,5127.0,45.0,132.338,2449679377.0
1.599,0.0,90192.0,5127.0,45.0,132.325,2449692599.0
1.699,0.0,90192.0,5127.0,45.0,132.325,2449705844.0
1.798,0.0,90192.0,5127.0,45.0,132.325,2449719053.0
1.899,0.0,90192.0,5127.0,45.0,132.327,2449732281.0
1.999,0.0,90192.0,5127.0,45.0,132.322,2449745505.0
2.098,0.0,90192.0,5127.0,45.0,132.316,2449758741.0
2.199,0.0,90192.0,5127.0,45.0,132.317,2449771962.0
2.298,0.0,90192.0,5127.0,45.0,132.309,2449785190.0
2.399,0.0,90192.0,5127.0,45.0,132.29,2449798394.0
2.498,0.0,90192.0,5127.0,45.0,132.29,2449811608.0
2.598,0.0,90192.0,5127.0,45.0,132.273,2449811608.0
2.699,0.0,90192.0,5127.0,45.0,132.267,2449824820.0
2.799,0.0,90192.0,5127.0,45.0,132.268,2449838033.0
2.899,0.0,90192.0,5127.0,45.0,132.247,2449864476.0
2.998,0.0,90192.0,5127.0,45.0,132.249,2449877697.0
3.098,0.0,90192.0,5127.0,45.0,132.24,2449890918.0
3.198,0.0,90192.0,5127.0,45.0,132.244,2449904129.0
3.298,0.0,90192.0,5127.0,45.0,132.234,2449917341.0
3.398,0.0,90192.0,5127.0,45.0,132.214,2449930554.0
3.498,0.0,90192.0,5127.0,45.0,132.201,2449943763.0
3.598,0.0,90192.0,5127.0,45.0,132.227,2449956997.0
3.698,0.0,90192.0,5127.0,45.0,132.227,2449970216.0
3.798,0.0,90192.0,5127.0,45.0,132.246,2449983440.0
3.899,0.0,90192.0,5127.0,45.0,132.226,2449996650.0
4.005,0.0,90192.0,5127.0,45.0,132.217,2450009867.0
4.098,0.0,90192.0,5127.0,45.0,132.223,2450023094.0
4.199,0.0,90192.0,5127.0,45.0,132.24,2450036319.0
4.299,0.0,90192.0,5127.0,45.0,132.25,2450049536.0
4.399,0.0,90192.0,5127.0,45.0,132.266,2450062755.0
4.499,0.0,90192.0,5127.0,45.0,132.253,2450075982.0
4.599,0.0,90192.0,5127.0,45.0,132.253,2450089207.0
4.697,0.0,90192.0,5127.0,45.0,132.231,2450102409.0
4.797,0.0,90192.0,5127.0,45.0,132.247,2450115633.0
4.898,0.0,90192.0,5127.0,45.0,132.233,2450128842.0
4.999,0.0,90192.0,5127.0,45.0,132.24,2450142053.0
5.098,0.0,90192.0,5127.0,45.0,132.218,2450155266.0
5.197,0.0,90192.0,5127.0,45.0,132.215,2450168484.0
5.299,0.0,90192.0,5127.0,45.0,132.208,2450181689.0
5.399,0.0,90192.0,5127.0,45.0,132.202,2450194907.0
5.499,0.0,90192.0,5127.0,45.0,132.21,2450208114.0
5.599,0.0,90192.0,5127.0,45.0,132.216,2450208114.0
5.698,0.0,90192.0,5127.0,45.0,132.217,2450221332.0
5.798,0.0,90192.0,5127.0,45.0,132.224,2450234553.0
5.898,0.0,90192.0,5127.0,45.0,132.224,2450260973.0
5.999,0.0,90192.0,5127.0,45.0,132.232,2450274192.0
6.098,0.0,90192.0,5127.0,45.0,132.242,2450287413.0
6.198,0.0,90192.0,5127.0,45.0,132.239,2450300646.0
6.299,0.0,90192.0,5127.0,45.0,132.259,2450313851.0
6.398,0.0,90192.0,5127.0,45.0,132.244,2450327059.0
6.498,0.0,90192.0,5127.0,45.0,132.219,2450340265.0
6.598,0.0,90192.0,5127.0,45.0,132.219,2450353470.0
6.698,0.0,90192.0,5127.0,45.0,132.215,2450366674.0
6.799,0.0,90192.0,5127.0,45.0,132.203,2450379879.0
6.899,0.0,90192.0,5127.0,45.0,132.207,2450393090.0
6.998,0.0,90192.0,5127.0,45.0,132.198,2450406317.0
7.099,0.0,90192.0,5127.0,45.0,132.183,2450419514.0
7.199,0.0,90192.0,5127.0,45.0,132.177,2450432725.0
7.299,0.0,90192.0,5127.0,45.0,132.16,2450445922.0
7.398,0.0,90192.0,5127.0,45.0,132.181,2450459149.0
7.499,0.0,90192.0,5127.0,45.0,132.185,2450472371.0
7.598,0.0,90192.0,5127.0,45.0,132.184,2450485572.0
7.698,0.0,90192.0,5127.0,45.0,132.178,2450498789.0
7.799,0.0,90192.0,5127.0,45.0,132.192,2450511997.0
7.899,0.0,90192.0,5127.0,45.0,132.185,2450525233.0
7.999,0.0,90192.0,5127.0,45.0,132.184,2450538425.0
8.099,0.0,90192.0,5127.0,45.0,132.187,2450551627.0
8.199,0.0,90192.0,5127.0,45.0,132.184,2450564832.0
8.298,0.0,90192.0,5127.0,45.0,132.179,2450578035.0
8.398,0.0,90192.0,5127.0,45.0,132.153,2450591245.0
8.498,0.0,90192.0,5127.0,45.0,132.151,2450604446.0
8.598,0.0,90192.0,5127.0,45.0,132.148,2450617644.0
8.698,0.0,90192.0,5127.0,45.0,132.148,2450630869.0
8.798,0.0,90192.0,5127.0,45.0,132.144,2450630869.0
8.898,0.0,90192.0,5127.0,45.0,132.155,2450644068.0
8.998,0.0,90192.0,5127.0,45.0,132.163,2450657287.0
9.099,0.0,90192.0,5127.0,45.0,132.154,2450683711.0
9.198,0.0,90192.0,5127.0,45.0,132.15,2450696920.0
9.297,0.0,90192.0,5127.0,45.0,132.167,2450710129.0
9.399,0.0,90192.0,5127.0,45.0,132.157,2450723327.0
9.497,0.0,90192.0,5127.0,45.0,132.172,2450736547.0
9.597,0.0,90192.0,5127.0,45.0,132.179,2450749752.0
9.697,0.0,90192.0,5127.0,45.0,132.178,2450762954.0
9.799,0.0,90192.0,5127.0,45.0,132.162,2450776164.0
9.897,0.0,90192.0,5127.0,45.0,132.148,2450789368.0
9.998,0.0,90192.0,5127.0,45.0,132.131,2450802591.0
10.103,0.0,90192.0,5127.0,45.0,132.133,2450815794.0
10.199,0.0,90192.0,5127.0,45.0,132.144,2450829000.0
10.298,0.0,90192.0,5127.0,45.0,132.128,2450842206.0
10.398,0.0,90192.0,5127.0,45.0,132.133,2450855415.0
10.506,0.0,90192.0,5127.0,45.0,132.131,2450868623.0
10.599,0.0,90192.0,5127.0,45.0,132.118,2450881827.0
10.698,0.0,90192.0,5127.0,45.0,132.118,2450895038.0
10.798,0.0,90192.0,5127.0,45.0,132.129,2450908244.0
10.898,0.0,90192.0,5127.0,45.0,132.124,2450921454.0
10.998,0.0,90192.0,5127.0,45.0,132.15,2450934673.0
11.098,0.0,90192.0,5127.0,45.0,132.14,2450947881.0
11.198,0.0,90192.0,5127.0,45.0,132.142,2450961093.0
11.298,0.0,90192.0,5127.0,45.0,132.14,2450974307.0
11.399,0.0,90192.0,5127.0,45.0,132.157,2450987499.0
11.498,0.0,90192.0,5127.0,45.0,132.132,2451000714.0
11.598,0.0,90192.0,5127.0,45.0,132.147,2451000714.0
11.699,0.0,90192.0,5127.0,45.0,132.167,2451013939.0
11.798,0.0,90192.0,5127.0,45.0,132.175,2451027141.0
11.899,0.0,90192.0,5127.0,45.0,132.167,2451053564.0
11.998,0.0,90192.0,5127.0,45.0,132.147,2451066775.0
12.098,0.0,90192.0,5127.0,45.0,132.145,2451079982.0
12.198,0.0,90192.0,5127.0,45.0,132.164,2451093187.0
12.299,0.0,90192.0,5127.0,45.0,132.167,2451106395.0
12.398,0.0,90192.0,5127.0,45.0,132.159,2451119614.0
12.498,0.0,90192.0,5127.0,45.0,132.162,2451132821.0
12.598,0.0,90192.0,5127.0,45.0,132.166,2451146031.0
12.697,0.0,90192.0,5127.0,45.0,132.15,2451159238.0
12.798,0.0,90192.0,5127.0,45.0,132.152,2451172457.0
12.899,0.0,90192.0,5127.0,45.0,132.156,2451185667.0
12.998,0.0,90192.0,5127.0,45.0,132.173,2451198884.0
13.098,0.0,90192.0,5127.0,45.0,132.196,2451212098.0
13.198,0.0,90192.0,5127.0,45.0,132.192,2451225313.0
13.298,0.0,90192.0,5127.0,45.0,132.186,2451238525.0
13.399,0.0,90192.0,5127.0,45.0,132.203,2451251730.0
13.498,0.0,90192.0,5127.0,45.0,132.199,2451264952.0
13.598,0.0,90192.0,5127.0,45.0,132.206,2451278164.0
13.699,0.0,90192.0,5127.0,45.0,132.19,2451291373.0
13.799,0.0,90192.0,5127.0,45.0,132.205,2451304588.0
13.898,0.0,90192.0,5127.0,45.0,132.187,2451317796.0
13.998,0.0,90192.0,5127.0,45.0,132.172,2451331011.0
14.097,0.0,90192.0,5127.0,45.0,132.173,2451344213.0
14.198,0.0,90192.0,5127.0,45.0,132.195,2451357439.0
14.298,0.0,90192.0,5127.0,45.0,132.171,2451370648.0
14.398,0.0,90192.0,5127.0,45.0,132.164,2451383840.0
14.497,0.0,90192.0,5127.0,45.0,132.141,2451397041.0
14.598,0.0,90192.0,5127.0,45.0,132.151,2451397041.0
14.698,0.0,90192.0,5127.0,45.0,132.159,2451410246.0
14.798,0.0,90192.0,5127.0,45.0,132.153,2451423459.0
14.898,0.0,90192.0,5127.0,45.0,132.157,2451449892.0
14.998,0.0,90192.0,5127.0,45.0,132.167,2451463102.0
15.098,0.0,90192.0,5127.0,45.0,132.166,2451476318.0
15.199,0.0,90192.0,5127.0,45.0,132.148,2451489548.0
15.298,0.0,90192.0,5127.0,45.0,132.174,2451502742.0
15.399,0.0,90192.0,5127.0,45.0,132.17,2451515946.0
15.499,0.0,90192.0,5127.0,45.0,132.194,2451529172.0
15.598,0.0,90192.0,5127.0,45.0,132.196,2451542380.0
15.698,0.0,90192.0,5127.0,45.0,132.191,2451555598.0
15.798,0.0,90192.0,5127.0,45.0,132.186,2451568810.0
15.898,0.0,90192.0,5127.0,45.0,132.181,2451582025.0
15.998,0.0,90192.0,5127.0,45.0,132.174,2451595233.0
16.097,0.0,90192.0,5127.0,45.0,132.176,2451608454.0
16.199,0.0,90192.0,5127.0,45.0,132.183,2451621647.0
16.298,0.0,90192.0,5127.0,45.0,132.192,2451634862.0
16.398,0.0,90192.0,5127.0,45.0,132.2,2451648080.0
16.497,0.0,90192.0,5127.0,45.0,132.194,2451661302.0
16.599,0.0,90192.0,5127.0,45.0,132.192,2451674514.0
16.699,0.0,90192.0,5127.0,45.0,132.203,2451687728.0
16.796,0.0,90192.0,5127.0,45.0,132.204,2451700943.0
16.898,0.0,90192.0,5127.0,45.0,132.205,2451714149.0
16.998,0.0,90192.0,5127.0,45.0,132.205,2451727372.0
17.099,0.0,90192.0,5127.0,45.0,132.213,2451740576.0
17.198,0.0,90192.0,5127.0,45.0,132.205,2451753783.0
17.298,0.0,90192.0,5127.0,45.0,132.192,2451766986.0
17.397,0.0,90192.0,5127.0,45.0,132.176,2451780186.0
17.498,0.0,90192.0,5127.0,45.0,132.176,2451793388.0
17.598,0.0,90192.0,5127.0,45.0,132.177,2451793388.0
17.699,0.0,90192.0,5127.0,45.0,132.165,2451806589.0
17.798,0.0,90192.0,5127.0,45.0,132.189,2451819811.0
17.899,0.0,90192.0,5127.0,45.0,132.189,2451846233.0
17.997,0.0,90192.0,5127.0,45.0,132.181,2451859443.0
18.097,0.0,90192.0,5127.0,45.0,132.178,2451872657.0
18.197,0.0,90192.0,5127.0,45.0,132.185,2451885881.0
18.297,0.0,90192.0,5127.0,45.0,132.181,2451899087.0
18.397,0.0,90192.0,5127.0,45.0,132.186,2451912302.0
18.497,0.0,90192.0,5127.0,45.0,132.192,2451925509.0
18.598,0.0,90192.0,5127.0,45.0,132.214,2451938724.0
18.697,0.0,90192.0,5127.0,45.0,132.214,2451951923.0
18.798,0.0,90192.0,5127.0,45.0,132.204,2451965132.0
18.898,0.0,90192.0,5127.0,45.0,132.185,2451978357.0
18.998,0.0,90192.0,5127.0,45.0,132.209,2451991575.0
19.098,0.0,90192.0,5127.0,45.0,132.206,2452004788.0
19.198,0.0,90192.0,5127.0,45.0,132.221,2452018008.0
19.298,0.0,90192.0,5127.0,45.0,132.208,2452031215.0
19.398,0.0,90192.0,5127.0,45.0,132.212,2452044436.0
19.498,0.0,90192.0,5127.0,45.0,132.213,2452057651.0
19.598,0.0,90192.0,5127.0,45.0,132.217,2452070866.0
19.698,0.0,90192.0,5127.0,45.0,132.214,2452084076.0
19.798,0.0,90192.0,5127.0,45.0,132.208,2452097291.0
19.898,0.0,90192.0,5127.0,45.0,132.203,2452110510.0
19.998,0.0,90192.0,5127.0,45.0,132.209,2452123722.0
20.098,0.0,90192.0,5127.0,45.0,132.197,2452136916.0
20.198,0.0,90192.0,5127.0,45.0,132.191,2452150132.0
20.298,0.0,90192.0,5127.0,45.0,132.189,2452163332.0
20.399,0.0,90192.0,5127.0,45.0,132.186,2452176538.0
20.498,0.0,90192.0,5127.0,45.0,132.186,2452189741.0
20.598,0.0,90192.0,5127.0,45.0,132.175,2452189741.0
20.699,0.0,90192.0,5127.0,45.0,132.188,2452202951.0
20.797,0.0,90192.0,5127.0,45.0,132.18,2452216176.0
20.897,0.0,90192.0,5127.0,45.0,132.18,2452242595.0
20.998,0.0,90192.0,5127.0,45.0,132.195,2452255812.0
21.099,0.0,90192.0,5127.0,45.0,132.195,2452269026.0
21.197,0.0,90192.0,5127.0,45.0,132.203,2452282240.0
21.298,0.0,90192.0,5127.0,45.0,132.205,2452295460.0
21.398,0.0,90192.0,5127.0,45.0,132.208,2452308677.0
21.498,0.0,90192.0,5127.0,45.0,132.224,2452321892.0
21.598,0.0,90192.0,5127.0,45.0,132.223,2452335111.0
21.699,0.0,90192.0,5127.0,45.0,132.226,2452348325.0
21.798,0.0,90192.0,5127.0,45.0,132.232,2452361555.0
21.899,0.0,90192.0,5127.0,45.0,132.242,2452374779.0
21.999,0.0,90192.0,5127.0,45.0,132.241,2452387989.0
22.096,0.0,90192.0,5127.0,45.0,132.231,2452401206.0
22.198,0.0,90192.0,5127.0,45.0,132.24,2452414435.0
22.298,0.0,90192.0,5127.0,45.0,132.228,2452427657.0
22.398,0.0,90192.0,5127.0,45.0,132.251,2452440864.0
22.499,0.0,90192.0,5127.0,45.0,132.256,2452454089.0
22.599,0.0,90192.0,5127.0,45.0,132.242,2452467305.0
22.699,0.0,90192.0,5127.0,45.0,132.263,2452480537.0
22.799,0.0,90192.0,5127.0,45.0,132.244,2452493755.0
22.899,0.0,90192.0,5127.0,45.0,132.254,2452506966.0
22.999,0.0,90192.0,5127.0,45.0,132.254,2452520180.0
23.099,0.0,90192.0,5127.0,45.0,132.251,2452533416.0
23.199,0.0,90192.0,5127.0,45.0,132.254,2452546620.0
23.298,0.0,90192.0,5127.0,45.0,132.23,2452559833.0
23.399,0.0,90192.0,5127.0,45.0,132.23,2452573034.0
23.498,0.0,90192.0,5127.0,45.0,132.235,2452573034.0
23.598,0.0,90192.0,5127.0,45.0,132.226,2452586263.0
23.699,0.0,90192.0,5127.0,45.0,132.223,2452612709.0
23.799,0.0,90192.0,5127.0,45.0,132.226,2452625928.0
23.898,0.0,90192.0,5127.0,45.0,132.223,2452639145.0
23.999,0.0,90192.0,5127.0,45.0,132.222,2452652367.0
24.098,0.0,90192.0,5127.0,45.0,132.219,2452665584.0
24.198,0.0,90192.0,5127.0,45.0,132.23,2452678813.0
24.299,0.0,90192.0,5127.0,45.0,132.221,2452692030.0
24.399,0.0,90192.0,5127.0,45.0,132.243,2452705250.0
24.499,0.0,90192.0,5127.0,45.0,132.241,2452718472.0
24.598,0.0,90192.0,5127.0,45.0,132.269,2452731704.0
24.698,0.0,90192.0,5127.0,45.0,132.264,2452744924.0
24.799,0.0,90192.0,5127.0,45.0,132.269,2452758154.0
24.898,0.0,90192.0,5127.0,45.0,132.282,2452771369.0
24.999,0.0,90192.0,5127.0,45.0,132.285,2452784592.0
25.098,0.0,90192.0,5127.0,45.0,132.29,2452797825.0
25.198,0.0,90192.0,5127.0,45.0,132.3,2452811048.0
25.299,0.0,90192.0,5127.0,45.0,132.315,2452824266.0
25.399,0.0,90192.0,5127.0,45.0,132.303,2452837485.0
25.499,0.0,90192.0,5127.0,45.0,132.314,2452850705.0
25.599,0.0,90192.0,5127.0,45.0,132.29,2452863937.0
25.698,0.0,90192.0,5127.0,45.0,132.302,2452877144.0
25.798,0.0,90192.0,5127.0,45.0,132.291,2452890370.0
25.898,0.0,90192.0,5127.0,45.0,132.303,2452903601.0
25.998,0.0,90192.0,5127.0,45.0,132.285,2452916811.0
26.098,0.0,90192.0,5127.0,45.0,132.287,2452930020.0
26.198,0.0,90192.0,5127.0,45.0,132.284,2452943253.0
26.298,0.0,90192.0,5127.0,45.0,132.281,2452956471.0
26.398,0.0,90192.0,5127.0,45.0,132.273,2452969688.0
26.498,0.0,90192.0,5127.0,45.0,132.269,2452982896.0
26.599,0.0,90192.0,5127.0,45.0,132.276,2452982896.0
26.699,0.0,90192.0,5127.0,45.0,132.282,2452996132.0
26.799,0.0,90192.0,5127.0,45.0,132.277,2453009348.0
26.899,0.0,90192.0,5127.0,45.0,132.274,2453035792.0
26.999,0.0,90192.0,5127.0,45.0,132.286,2453049022.0
27.098,0.0,90192.0,5127.0,45.0,132.303,2453062243.0
27.198,0.0,90192.0,5127.0,45.0,132.296,2453075474.0
27.299,0.0,90192.0,5127.0,45.0,132.294,2453088688.0
27.399,0.0,90192.0,5127.0,45.0,132.304,2453101909.0
27.499,0.0,90192.0,5127.0,45.0,132.31,2453115126.0
27.599,0.0,90192.0,5127.0,45.0,132.317,2453128352.0
27.699,0.0,90192.0,5127.0,45.0,132.312,2453141569.0
27.799,0.0,90192.0,5127.0,45.0,132.312,2453154778.0
27.899,0.0,90192.0,5127.0,45.0,132.313,2453168007.0
27.999,0.0,90192.0,5127.0,45.0,132.297,2453181222.0
28.099,0.0,90192.0,5127.0,45.0,132.292,2453194451.0
28.199,0.0,90192.0,5127.0,45.0,132.289,2453207666.0
28.298,0.0,90192.0,5127.0,45.0,132.299,2453220891.0
28.398,0.0,90192.0,5127.0,45.0,132.298,2453234111.0
28.498,0.0,90192.0,5127.0,45.0,132.294,2453247348.0
28.599,0.0,90192.0,5127.0,45.0,132.287,2453260554.0
28.699,0.0,90192.0,5127.0,45.0,132.288,2453273764.0
28.798,0.0,90192.0,5127.0,45.0,132.277,2453286987.0
28.899,0.0,90192.0,5127.0,45.0,132.294,2453300211.0
28.998,0.0,90192.0,5127.0,45.0,132.281,2453313426.0
29.098,0.0,90192.0,5127.0,45.0,132.302,2453326636.0
29.198,0.0,90192.0,5127.0,45.0,132.283,2453339859.0
29.299,0.0,90192.0,5127.0,45.0,132.291,2453353095.0
29.399,0.0,90192.0,5127.0,45.0,132.278,2453366312.0
29.498,0.0,90192.0,5127.0,45.0,132.278,2453366312.0
29.598,0.0,90192.0,5127.0,45.0,132.286,2453379529.0
29.699,0.0,90192.0,5127.0,45.0,132.295,2453392746.0
29.798,0.0,90192.0,5127.0,45.0,132.302,2453405982.0
29.899,0.0,90192.0,5127.0,45.0,132.306,2453432435.0
29.999,0.0,90192.0,5127.0,45.0,132.323,2453445656.0
30.099,0.0,90192.0,5127.0,45.0,132.335,2453458892.0
30.197,0.0,90192.0,5127.0,45.0,132.332,2453472130.0
30.299,0.0,90192.0,5127.0,45.0,132.33,2453485354.0
30.399,0.0,90192.0,5127.0,45.0,132.335,2453498571.0
30.499,0.0,90192.0,5127.0,45.0,132.353,2453511802.0
30.599,0.0,90192.0,5127.0,45.0,132.35,2453525031.0
30.698,0.0,90192.0,5127.0,45.0,132.348,2453538222.0
30.799,0.0,90192.0,5127.0,45.0,132.274,2453551374.0
30.898,0.0,90192.0,5127.0,45.0,132.215,2453564538.0
30.998,0.0,90192.0,5127.0,45.0,132.134,2453577686.0
31.098,0.0,90192.0,5127.0,45.0,132.054,2453590823.0
31.199,0.0,90192.0,5127.0,45.0,131.98,2453603988.0
31.298,0.0,90192.0,5127.0,45.0,131.915,2453617135.0
31.399,0.0,90192.0,5127.0,45.0,131.844,2453630285.0
31.499,0.0,90192.0,5127.0,45.0,131.752,2453643429.0
31.598,0.0,90192.0,5127.0,45.0,131.688,2453656569.0
31.698,0.0,90192.0,5127.0,45.0,131.617,2453669721.0
31.799,0.0,90192.0,5127.0,45.0,131.592,2453682869.0
31.898,0.0,90192.0,5127.0,45.0,131.595,2453696024.0
31.999,0.0,90192.0,5127.0,45.0,131.601,2453709169.0
32.098,0.0,90192.0,5127.0,45.0,131.589,2453722314.0
32.199,0.0,90192.0,5127.0,45.0,131.571,2453735476.0
32.299,0.0,90192.0,5127.0,45.0,131.571,2453748609.0
32.399,0.0,90192.0,5127.0,45.0,131.571,2453761766.0
32.497,0.0,90192.0,5127.0,45.0,131.575,2453761766.0
32.598,0.0,90192.0,5127.0,45.0,131.562,2453774903.0
32.698,0.0,90192.0,5127.0,45.0,131.55,2453801206.0
32.799,0.0,90192.0,5127.0,45.0,131.543,2453814361.0
32.898,0.0,90192.0,5127.0,45.0,131.558,2453827510.0
32.998,0.0,90192.0,5127.0,45.0,131.553,2453840675.0
33.098,0.0,90192.0,5127.0,45.0,131.566,2453853822.0
33.198,0.0,90192.0,5127.0,45.0,131.565,2453866969.0
33.298,0.0,90192.0,5127.0,45.0,131.568,2453880111.0
33.398,0.0,90192.0,5127.0,45.0,131.571,2453893265.0
33.498,0.0,90192.0,5127.0,45.0,131.581,2453906469.0
33.597,3.0,90194.0,5125.0,50.0,143.95,2453936978.0
33.698,3.0,90194.0,5125.0,53.0,181.173,2454000490.0
33.799,100.0,90194.0,5125.0,55.0,230.982,2454054199.0
33.899,100.0,90194.0,5125.0,56.0,269.588,2454112756.0
33.998,100.0,90194.0,5125.0,57.0,313.661,2454170616.0
34.098,100.0,90194.0,5125.0,58.0,354.869,2454231244.0
34.199,100.0,90194.0,5125.0,59.0,414.331,2454295323.0
34.299,100.0,90194.0,5125.0,59.0,458.115,2454356030.0
34.398,100.0,90194.0,5125.0,60.0,509.874,2454418328.0
34.497,100.0,90194.0,5125.0,60.0,556.302,2454478419.0
34.598,100.0,90196.0,5123.0,61.0,595.549,2454540092.0
34.699,100.0,90196.0,5123.0,57.0,578.364,2454569550.0
34.798,61.0,90196.0,5123.0,55.0,549.736,2454597549.0
34.899,61.0,90196.0,5123.0,54.0,523.602,2454597549.0
34.998,63.0,90196.0,5123.0,54.0,488.682,2454624859.0
35.098,63.0,90196.0,5123.0,53.0,460.526,2454650214.0
35.197,61.0,90196.0,5123.0,53.0,422.063,2454702001.0
35.297,61.0,90196.0,5123.0,52.0,391.778,2454730460.0
35.398,63.0,90196.0,5123.0,52.0,354.709,2454757937.0
35.498,63.0,90196.0,5123.0,52.0,324.82,2454784871.0
35.597,63.0,90196.0,5123.0,52.0,289.636,2454812133.0
35.698,63.0,90196.0,5123.0,52.0,271.822,2454839820.0
35.797,63.0,90196.0,5123.0,51.0,269.972,2454866233.0
35.898,63.0,90196.0,5123.0,51.0,269.371,2454893316.0
35.999,63.0,90196.0,5123.0,51.0,269.604,2454920644.0
36.098,63.0,90196.0,5123.0,51.0,270.45,2454947536.0
36.198,62.0,90196.0,5123.0,51.0,272.094,2454974503.0
36.298,62.0,90196.0,5123.0,51.0,272.321,2455002231.0
36.398,62.0,90196.0,5123.0,51.0,272.546,2455030329.0
36.498,62.0,90196.0,5123.0,51.0,269.887,2455055326.0
36.598,63.0,90196.0,5123.0,51.0,268.998,2455082200.0
36.698,63.0,90196.0,5123.0,51.0,266.815,2455108158.0
36.799,63.0,90196.0,5123.0,51.0,266.137,2455136034.0
36.899,63.0,90196.0,5123.0,51.0,264.925,2455160654.0
36.998,63.0,90196.0,5123.0,51.0,266.674,2455188664.0
37.097,63.0,90196.0,5123.0,51.0,266.284,2455188664.0
37.198,63.0,90196.0,5123.0,51.0,265.701,2455215881.0
37.298,63.0,90196.0,5123.0,51.0,266.321,2455242297.0
37.398,62.0,90196.0,5123.0,51.0,264.807,2455294884.0
37.498,62.0,90196.0,5123.0,51.0,267.19,2455323070.0
37.598,63.0,90196.0,5123.0,51.0,269.476,2455351243.0
37.699,63.0,90196.0,5123.0,51.0,271.208,2455378792.0
37.798,63.0,90196.0,5123.0,51.0,271.58,2455405770.0
37.898,63.0,90196.0,5123.0,51.0,271.036,2455430933.0
37.997,64.0,90196.0,5123.0,51.0,270.557,2455458119.0
38.099,64.0,90196.0,5123.0,51.0,270.093,2455485128.0
38.198,64.0,90196.0,5123.0,51.0,269.53,2455510723.0
38.298,64.0,90196.0,5123.0,51.0,267.439,2455535686.0
38.399,63.0,90196.0,5123.0,51.0,265.983,2455561121.0
38.498,63.0,90196.0,5123.0,51.0,265.772,2455589307.0
38.598,64.0,90196.0,5123.0,51.0,265.403,2455616875.0
38.698,64.0,90196.0,5123.0,51.0,264.053,2455642160.0
38.798,64.0,90196.0,5123.0,51.0,264.053,2455670189.0
38.899,64.0,90196.0,5123.0,51.0,264.677,2455696590.0
38.999,64.0,90196.0,5123.0,51.0,264.236,2455696590.0
39.098,64.0,90196.0,5123.0,51.0,264.236,2455696590.0
39.199,64.0,90196.0,5123.0,51.0,263.169,2455696590.0
39.299,64.0,90196.0,5123.0,51.0,263.169,2455802620.0
39.398,64.0,90196.0,5123.0,51.0,269.774,2455802620.0
39.498,64.0,90196.0,5123.0,51.0,269.774,2455802620.0
39.598,64.0,90196.0,5123.0,51.0,271.87,2455888772.0
39.699,64.0,90196.0,5123.0,51.0,271.938,2455915030.0
39.798,63.0,90196.0,5123.0,51.0,272.035,2455942344.0
39.898,63.0,90196.0,5123.0,51.0,273.204,2455969733.0
39.998,62.0,90196.0,5123.0,51.0,273.356,2455996001.0
40.098,62.0,90196.0,5123.0,51.0,274.276,2456023035.0
40.198,62.0,90196.0,5123.0,51.0,276.059,2456048629.0
40.304,62.0,90196.0,5123.0,51.0,273.688,2456074553.0
40.398,62.0,90196.0,5123.0,51.0,271.629,2456101187.0
40.498,62.0,90196.0,5123.0,51.0,269.205,2456127787.0
40.598,63.0,90196.0,5123.0,51.0,268.988,2456154421.0
40.697,63.0,90196.0,5123.0,51.0,266.345,2456179192.0
40.798,63.0,90196.0,5123.0,51.0,265.381,2456205866.0
40.898,63.0,90196.0,5123.0,51.0,263.269,2456230479.0
40.998,63.0,90196.0,5123.0,51.0,262.395,2456256427.0
41.098,63.0,90196.0,5123.0,51.0,261.014,2456256427.0
41.198,63.0,90196.0,5123.0,51.0,258.237,2456281800.0
41.298,63.0,90196.0,5123.0,51.0,258.877,2456306566.0
41.399,62.0,90196.0,5123.0,51.0,258.364,2456359140.0
41.498,62.0,90196.0,5123.0,51.0,256.952,2456384361.0
41.598,61.0,90196.0,5123.0,50.0,255.451,2456409175.0
41.697,61.0,90196.0,5123.0,50.0,255.53,2456434758.0
41.798,59.0,90196.0,5123.0,50.0,255.171,2456460090.0
41.899,59.0,90196.0,5123.0,50.0,255.238,2456485850.0
41.998,60.0,90196.0,5123.0,50.0,254.746,2456510461.0
42.099,60.0,90196.0,5123.0,50.0,252.758,2456534881.0
42.198,60.0,90196.0,5123.0,50.0,253.236,2456558866.0
42.298,60.0,90196.0,5123.0,50.0,249.357,2456582303.0
42.398,60.0,90196.0,5123.0,50.0,247.204,2456605825.0
42.498,60.0,90196.0,5123.0,50.0,245.269,2456628957.0
42.597,60.0,90196.0,5123.0,50.0,245.034,2456654755.0
42.698,60.0,90196.0,5123.0,50.0,246.566,2456681344.0
42.799,61.0,90196.0,5123.0,50.0,244.095,2456704586.0
42.899,61.0,90196.0,5123.0,50.0,244.626,2456730107.0
42.998,61.0,90196.0,5123.0,50.0,243.321,2456754063.0
43.098,61.0,90196.0,5123.0,50.0,243.893,2456778562.0
43.198,60.0,90196.0,5123.0,50.0,244.303,2456803038.0
43.299,60.0,90196.0,5123.0,50.0,245.283,2456827921.0
43.398,60.0,90196.0,5123.0,50.0,245.331,2456851276.0
43.498,60.0,90196.0,5123.0,50.0,244.214,2456874040.0
43.598,59.0,90196.0,5123.0,49.0,243.696,2456874040.0
43.698,59.0,90196.0,5123.0,49.0,241.061,2456898024.0
43.798,58.0,90196.0,5123.0,49.0,238.517,2456920896.0
43.898,58.0,90196.0,5123.0,49.0,234.55,2456963915.0
43.998,57.0,90196.0,5123.0,49.0,233.431,2456986492.0
44.098,57.0,90196.0,5123.0,49.0,230.807,2457008569.0
44.198,57.0,90196.0,5123.0,49.0,226.811,2457028937.0
44.298,57.0,90196.0,5123.0,48.0,218.077,2457043422.0
44.398,0.0,90196.0,5123.0,48.0,208.744,2457056866.0
44.498,0.0,90196.0,5123.0,47.0,198.835,2457070320.0
44.598,0.0,90196.0,5123.0,47.0,188.084,2457083753.0
44.698,0.0,90196.0,5123.0,47.0,179.779,2457097170.0
44.798,0.0,90196.0,5123.0,47.0,169.795,2457110552.0
44.898,0.0,90196.0,5123.0,47.0,161.442,2457123920.0
44.997,0.0,90196.0,5123.0,46.0,152.88,2457137289.0
45.098,0.0,90196.0,5123.0,46.0,143.455,2457150652.0
45.198,0.0,90196.0,5123.0,46.0,136.17,2457164014.0
45.298,0.0,90196.0,5123.0,46.0,134.025,2457177336.0
45.398,0.0,90196.0,5123.0,46.0,133.897,2457190661.0
45.498,0.0,90196.0,5123.0,46.0,133.771,2457203987.0
45.597,0.0,90196.0,5123.0,46.0,133.655,2457217320.0
45.698,0.0,90196.0,5123.0,46.0,133.563,2457230622.0
45.798,0.0,90196.0,5123.0,46.0,133.485,2457243937.0
45.899,0.0,90196.0,5123.0,46.0,135.621,2457262486.0
45.999,0.0,90196.0,5123.0,46.0,135.621,2457322794.0
46.099,29.0,90196.0,5123.0,52.0,229.737,2457387547.0
46.198,93.0,90196.0,5123.0,55.0,275.573,2457387547.0
46.298,93.0,90196.0,5123.0,58.0,325.717,2457445064.0
46.397,94.0,90196.0,5123.0,58.0,369.607,2457511081.0
46.499,94.0,90196.0,5123.0,59.0,418.701,2457635120.0
46.598,91.0,90196.0,5123.0,60.0,462.982,2457693883.0
46.699,91.0,90196.0,5123.0,61.0,517.389,2457755863.0
46.799,96.0,90196.0,5123.0,61.0,563.006,2457810901.0
46.899,96.0,90196.0,5123.0,56.0,574.109,2457836051.0
46.998,61.0,90196.0,5123.0,55.0,544.717,2457862040.0
47.099,61.0,90196.0,5123.0,54.0,507.32,2457889073.0
47.199,62.0,90196.0,5123.0,53.0,473.571,2457914059.0
47.299,62.0,90196.0,5123.0,53.0,438.603,2457938549.0
47.398,62.0,90196.0,5123.0,53.0,402.051,2457964882.0
47.498,62.0,90196.0,5123.0,52.0,364.678,2457989849.0
47.598,62.0,90196.0,5123.0,52.0,326.228,2458015727.0
47.698,62.0,90196.0,5123.0,52.0,296.186,2458040494.0
47.798,61.0,90196.0,5123.0,52.0,264.86,2458067031.0
47.898,61.0,90196.0,5123.0,51.0,255.219,2458091810.0
47.998,62.0,90196.0,5123.0,51.0,256.238,2458119055.0
48.098,62.0,90196.0,5123.0,51.0,257.026,2458145058.0
48.198,62.0,90196.0,5123.0,51.0,255.063,2458169414.0
48.298,62.0,90196.0,5123.0,51.0,258.45,2458169414.0
48.398,61.0,90196.0,5123.0,51.0,256.23,2458196737.0
48.499,61.0,90196.0,5123.0,51.0,260.378,2458221295.0
48.598,62.0,90196.0,5123.0,51.0,259.568,2458274259.0
48.699,62.0,90196.0,5123.0,51.0,260.963,2458301162.0
48.798,62.0,90196.0,5123.0,51.0,262.319,2458329171.0
48.898,62.0,90196.0,5123.0,51.0,265.255,2458356456.0
48.998,62.0,90196.0,5123.0,51.0,266.826,2458384414.0
49.097,62.0,90196.0,5123.0,51.0,264.509,2458409701.0
49.197,62.0,90196.0,5123.0,51.0,265.671,2458435340.0
49.298,62.0,90196.0,5123.0,51.0,265.364,2458461829.0
49.398,62.0,90196.0,5123.0,51.0,268.124,2458487880.0
49.498,62.0,90196.0,5123.0,51.0,263.805,2458512112.0
49.599,61.0,90196.0,5123.0,51.0,263.45,2458538398.0
49.698,61.0,90196.0,5123.0,51.0,263.009,2458562543.0
49.799,62.0,90196.0,5123.0,51.0,259.184,2458588091.0
49.898,62.0,90196.0,5123.0,51.0,258.884,2458614291.0
49.998,62.0,90196.0,5123.0,51.0,254.466,2458639327.0
50.098,62.0,90196.0,5123.0,51.0,256.214,2458664937.0
50.198,62.0,90196.0,5123.0,51.0,259.009,2458692326.0
50.298,62.0,90196.0,5123.0,51.0,258.421,2458718629.0
50.398,62.0,90196.0,5123.0,51.0,254.737,2458742460.0
50.498,62.0,90196.0,5123.0,51.0,256.724,2458769160.0
50.598,62.0,90196.0,5123.0,51.0,257.727,2458795469.0
50.699,62.0,90196.0,5123.0,51.0,258.117,2458821231.0
50.798,62.0,90196.0,5123.0,51.0,261.113,2458848545.0
50.899,62.0,90196.0,5123.0,51.0,260.428,2458875314.0
50.999,62.0,90196.0,5123.0,51.0,261.925,2458875314.0
51.099,62.0,90196.0,5123.0,51.0,261.907,2458900965.0
51.199,62.0,90196.0,5123.0,51.0,262.041,2458926907.0
51.299,62.0,90196.0,5123.0,51.0,260.801,2458979395.0
51.399,62.0,90196.0,5123.0,51.0,262.382,2459004738.0
51.499,62.0,90196.0,5123.0,51.0,261.256,2459029772.0
51.597,62.0,90196.0,5123.0,51.0,259.095,2459054314.0
51.698,62.0,90196.0,5123.0,51.0,258.604,2459079081.0
51.798,62.0,90196.0,5123.0,51.0,257.612,2459105596.0
51.899,62.0,90196.0,5123.0,51.0,257.898,2459131843.0
51.998,62.0,90196.0,5123.0,51.0,257.394,2459157037.0
52.099,62.0,90196.0,5123.0,51.0,256.858,2459183752.0
52.199,61.0,90196.0,5123.0,51.0,254.835,2459208066.0
52.299,61.0,90196.0,5123.0,51.0,254.522,2459234321.0
52.399,61.0,90196.0,5123.0,51.0,254.8,2459260131.0
52.498,61.0,90196.0,5123.0,51.0,255.376,2459285378.0
52.598,61.0,90196.0,5123.0,51.0,257.568,2459311423.0
52.699,61.0,90196.0,5123.0,51.0,257.749,2459337142.0
52.798,60.0,90196.0,5123.0,50.0,255.741,2459361544.0
52.898,60.0,90196.0,5123.0,50.0,254.817,2459386783.0
52.998,59.0,90196.0,5123.0,50.0,254.78,2459412709.0
53.098,59.0,90196.0,5123.0,50.0,254.94,2459437376.0
53.199,60.0,90196.0,5123.0,50.0,255.501,2459463571.0
53.299,60.0,90196.0,5123.0,50.0,255.107,2459488196.0
53.399,60.0,90196.0,5123.0,50.0,251.44,2459511072.0
53.498,60.0,90196.0,5123.0,50.0,249.776,2459534354.0
53.599,59.0,90196.0,5123.0,50.0,248.293,2459559330.0
53.699,59.0,90196.0,5123.0,50.0,248.293,2459559330.0
53.799,59.0,90196.0,5123.0,50.0,248.936,2459584765.0
53.899,60.0,90196.0,5123.0,50.0,248.594,2459609143.0
53.999,60.0,90196.0,5123.0,50.0,246.063,2459658403.0
54.098,60.0,90196.0,5123.0,50.0,244.745,2459681797.0
54.198,59.0,90196.0,5123.0,50.0,241.136,2459703763.0
54.299,59.0,90196.0,5123.0,50.0,240.749,2459729026.0
54.399,60.0,90196.0,5123.0,50.0,242.71,2459754592.0
54.499,60.0,90196.0,5123.0,50.0,242.842,2459778136.0
54.599,61.0,90196.0,5123.0,50.0,240.098,2459800592.0
54.698,61.0,90196.0,5123.0,50.0,239.197,2459825504.0
54.799,60.0,90196.0,5123.0,50.0,237.007,2459847740.0
54.898,60.0,90196.0,5123.0,50.0,234.81,2459870599.0
54.998,60.0,90196.0,5123.0,50.0,234.908,2459893655.0
55.098,60.0,90196.0,5123.0,50.0,234.0,2459917428.0
55.198,58.0,90196.0,5123.0,50.0,235.236,2459940323.0
55.298,58.0,90196.0,5123.0,50.0,233.39,2459964321.0
55.398,57.0,90196.0,5123.0,50.0,232.404,2459988117.0
55.498,57.0,90196.0,5123.0,49.0,230.609,2460010174.0
55.598,57.0,90196.0,5123.0,49.0,229.501,2460031456.0
55.698,57.0,90196.0,5123.0,49.0,229.544,2460054948.0
55.798,57.0,90196.0,5123.0,49.0,230.442,2460078487.0
55.898,57.0,90196.0,5123.0,49.0,232.817,2460102377.0
55.998,57.0,90196.0,5123.0,49.0,233.149,2460126438.0
56.098,57.0,90196.0,5123.0,49.0,233.079,2460149336.0
56.198,57.0,90196.0,5123.0,49.0,231.904,2460171646.0
56.299,57.0,90196.0,5123.0,49.0,229.143,2460171646.0
56.398,50.0,90196.0,5123.0,48.0,220.793,2460191294.0
56.498,50.0,90196.0,5123.0,48.0,211.919,2460205771.0
56.598,0.0,90196.0,5123.0,47.0,204.176,2460219125.0
56.698,0.0,90196.0,5123.0,47.0,194.018,2460245872.0
56.797,0.0,90196.0,5123.0,47.0,183.13,2460259228.0
56.898,0.0,90196.0,5123.0,47.0,172.04,2460274914.0
56.999,22.0,90196.0,5123.0,49.0,177.006,2460301080.0
57.099,22.0,90196.0,5123.0,47.0,168.485,2460314529.0
57.199,0.0,90196.0,5123.0,47.0,163.789,2460341228.0
57.299,0.0,90196.0,5123.0,54.0,214.988,2460403645.0
57.398,100.0,90196.0,5123.0,56.0,265.968,2460468413.0
57.499,100.0,90196.0,5123.0,57.0,309.606,2460535351.0
57.598,100.0,90196.0,5123.0,59.0,360.558,2460593699.0
57.698,100.0,90196.0,5123.0,59.0,411.627,2460659563.0
57.798,100.0,90196.0,5123.0,60.0,464.157,2460720072.0
57.898,100.0,90196.0,5123.0,61.0,494.245,2460780400.0
57.998,100.0,90196.0,5123.0,61.0,535.922,2460844168.0
58.098,100.0,90196.0,5123.0,62.0,594.109,2460907532.0
58.198,100.0,90196.0,5123.0,62.0,628.464,2460969889.0
58.298,100.0,90196.0,5123.0,58.0,598.572,2460998560.0
58.399,61.0,90196.0,5123.0,56.0,561.664,2460998560.0
58.499,61.0,90196.0,5123.0,55.0,522.01,2461025700.0
58.599,62.0,90196.0,5123.0,54.0,488.121,2461054307.0
58.698,62.0,90196.0,5123.0,54.0,440.825,2461105024.0
58.799,62.0,90196.0,5123.0,54.0,410.142,2461131056.0
58.899,62.0,90196.0,5123.0,53.0,377.893,2461157870.0
58.998,62.0,90196.0,5123.0,53.0,338.448,2461185195.0
59.098,62.0,90196.0,5123.0,53.0,301.696,2461212803.0
59.199,62.0,90196.0,5123.0,53.0,267.687,2461239270.0
59.298,62.0,90196.0,5123.0,52.0,266.067,2461265436.0
59.398,62.0,90196.0,5123.0,52.0,267.984,2461293733.0
59.498,62.0,90196.0,5123.0,52.0,267.776,2461321463.0
59.599,62.0,90196.0,5123.0,52.0,268.141,2461347151.0
59.699,62.0,90196.0,5123.0,52.0,267.454,2461372711.0
59.799,62.0,90196.0,5123.0,52.0,266.851,2461397806.0
59.898,62.0,90196.0,5123.0,52.0,264.063,2461422177.0
59.998,62.0,90196.0,5123.0,52.0,261.751,2461447975.0
60.099,62.0,90196.0,5123.0,52.0,258.901,2461472850.0
60.198,62.0,90196.0,5123.0,52.0,257.453,2461498679.0
60.299,62.0,90196.0,5123.0,51.0,259.04,2461525811.0
60.398,62.0,90196.0,5123.0,52.0,260.081,2461555482.0
60.499,62.0,90196.0,5123.0,52.0,260.581,2461583534.0
60.599,62.0,90196.0,5123.0,52.0,259.084,2461608286.0
60.698,62.0,90196.0,5123.0,52.0,260.999,2461635881.0
60.798,63.0,90196.0,5123.0,51.0,260.462,2461660941.0
60.899,63.0,90196.0,5123.0,52.0,263.144,2461687358.0
60.998,63.0,90196.0,5123.0,51.0,265.248,2461714556.0
61.098,63.0,90196.0,5123.0,52.0,268.502,2461742324.0
61.199,63.0,90196.0,5123.0,52.0,268.502,2461742324.0
61.299,62.0,90196.0,5123.0,52.0,269.501,2461768808.0
61.399,62.0,90196.0,5123.0,51.0,272.605,2461798763.0
61.499,63.0,90196.0,5123.0,51.0,270.934,2461855987.0
61.599,63.0,90196.0,5123.0,51.0,272.453,2461882692.0
61.698,63.0,90196.0,5123.0,51.0,271.115,2461907936.0
61.798,63.0,90196.0,5123.0,51.0,272.382,2461934254.0
61.899,63.0,90196.0,5123.0,51.0,274.494,2461962596.0
61.998,63.0,90196.0,5123.0,51.0,276.843,2461990775.0
62.098,63.0,90196.0,5123.0,51.0,277.037,2462019143.0
62.198,63.0,90196.0,5123.0,51.0,280.702,2462048828.0
62.299,63.0,90196.0,5123.0,51.0,276.778,2462075100.0
62.399,63.0,90196.0,5123.0,51.0,273.279,2462099710.0
62.499,63.0,90196.0,5123.0,51.0,270.167,2462125496.0
62.599,63.0,90196.0,5123.0,51.0,269.734,2462151776.0
62.699,63.0,90196.0,5123.0,51.0,269.33,2462177296.0
62.798,63.0,90196.0,5123.0,51.0,269.938,2462204050.0
62.899,63.0,90196.0,5123.0,51.0,267.875,2462230726.0
62.999,62.0,90196.0,5123.0,51.0,263.859,2462255463.0
63.098,62.0,90196.0,5123.0,51.0,262.516,2462282431.0
63.198,63.0,90196.0,5123.0,51.0,258.705,2462308739.0
63.299,63.0,90196.0,5123.0,51.0,258.988,2462335313.0
63.398,63.0,90196.0,5123.0,51.0,261.16,2462362340.0
63.499,63.0,90196.0,5123.0,51.0,262.854,2462389579.0
63.598,63.0,90196.0,5123.0,51.0,262.492,2462415352.0
63.698,63.0,90196.0,5123.0,51.0,264.341,2462442370.0
63.798,63.0,90196.0,5123.0,51.0,264.669,2462442370.0
63.898,63.0,90196.0,5123.0,51.0,263.461,2462469666.0
63.998,63.0,90196.0,5123.0,51.0,267.9,2462495411.0
64.098,63.0,90196.0,5123.0,51.0,266.921,2462550067.0
64.198,63.0,90196.0,5123.0,51.0,268.256,2462577598.0
64.298,63.0,90196.0,5123.0,51.0,270.359,2462605918.0
64.398,63.0,90196.0,5123.0,51.0,268.996,2462631558.0
64.498,63.0,90196.0,5123.0,51.0,266.34,2462656818.0
64.599,63.0,90196.0,5123.0,51.0,268.934,2462684203.0
64.698,63.0,90196.0,5123.0,51.0,269.24,2462711025.0
64.799,62.0,90196.0,5123.0,51.0,267.532,2462736800.0
64.899,62.0,90196.0,5123.0,51.0,268.013,2462762744.0
64.999,61.0,90196.0,5123.0,51.0,265.879,2462789671.0
65.098,61.0,90196.0,5123.0,51.0,266.429,2462816228.0
65.199,61.0,90196.0,5123.0,51.0,264.663,2462841820.0
65.299,61.0,90196.0,5123.0,51.0,259.234,2462864939.0
65.398,61.0,90196.0,5123.0,51.0,257.195,2462889329.0
65.498,61.0,90196.0,5123.0,51.0,256.316,2462912829.0
65.598,60.0,90196.0,5123.0,51.0,255.131,2462938905.0
65.698,60.0,90196.0,5123.0,51.0,250.564,2462962981.0
65.799,60.0,90196.0,5123.0,51.0,251.155,2462988786.0
65.899,60.0,90196.0,5123.0,51.0,251.132,2463015517.0
65.999,61.0,90196.0,5123.0,51.0,248.149,2463039408.0
66.099,61.0,90196.0,5123.0,51.0,245.809,2463063764.0
66.198,61.0,90196.0,5123.0,51.0,244.104,2463087327.0
66.298,61.0,90196.0,5123.0,51.0,245.537,2463087327.0
66.398,61.0,90196.0,5123.0,50.0,246.714,2463112894.0
66.498,61.0,90196.0,5123.0,50.0,249.277,2463137228.0
66.598,61.0,90196.0,5123.0,50.0,245.336,2463185904.0
66.697,61.0,90196.0,5123.0,50.0,246.784,2463210886.0
66.798,61.0,90196.0,5123.0,50.0,248.293,2463237489.0
66.899,61.0,90196.0,5123.0,50.0,247.18,2463263681.0
66.999,61.0,90196.0,5123.0,50.0,246.65,2463286813.0
67.099,61.0,90196.0,5123.0,50.0,248.589,2463312719.0
67.199,60.0,90196.0,5123.0,50.0,250.128,2463337742.0
67.299,60.0,90196.0,5123.0,50.0,249.8,2463362234.0
67.398,61.0,90196.0,5123.0,50.0,249.131,2463386487.0
67.498,61.0,90196.0,5123.0,50.0,247.09,2463410525.0
67.597,58.0,90196.0,5123.0,50.0,247.38,2463433120.0
67.698,58.0,90196.0,5123.0,50.0,242.06,2463454608.0
67.798,32.0,90196.0,5123.0,49.0,235.011,2463472777.0
67.897,32.0,90196.0,5123.0,48.0,221.88,2463486188.0
67.998,0.0,90196.0,5123.0,48.0,212.938,2463499492.0
68.098,0.0,90196.0,5123.0,48.0,199.611,2463512817.0
68.198,0.0,90196.0,5123.0,47.0,189.63,2463526116.0
68.297,0.0,90196.0,5123.0,47.0,177.121,2463539397.0
68.399,78.0,90196.0,5123.0,50.0,198.029,2463575742.0
68.499,78.0,90196.0,5123.0,55.0,231.407,2463640063.0
68.598,88.0,90196.0,5123.0,57.0,278.554,2463698598.0
68.698,88.0,90196.0,5123.0,58.0,329.223,2463770597.0
68.799,88.0,90196.0,5123.0,58.0,329.223,2463770597.0
68.898,93.0,90196.0,5123.0,59.0,370.203,2463833045.0
68.999,93.0,90196.0,5123.0,60.0,418.744,2463895211.0
69.099,94.0,90196.0,5123.0,60.0,465.912,2464024977.0
69.198,94.0,90196.0,5123.0,61.0,518.722,2464082813.0
69.298,92.0,90196.0,5123.0,62.0,619.19,2464144413.0
69.398,81.0,90196.0,5123.0,62.0,617.402,2464200114.0
69.497,81.0,90196.0,5123.0,57.0,586.878,2464228358.0
69.598,61.0,90196.0,5123.0,56.0,549.897,2464255293.0
69.699,61.0,90196.0,5123.0,55.0,504.556,2464282154.0
69.799,62.0,90196.0,5123.0,55.0,466.4,2464309458.0
69.899,62.0,90196.0,5123.0,54.0,433.342,2464334622.0
69.999,61.0,90196.0,5123.0,54.0,392.41,2464359994.0
70.099,61.0,90196.0,5123.0,53.0,350.55,2464385706.0
70.198,62.0,90196.0,5123.0,53.0,320.314,2464410583.0
70.298,62.0,90196.0,5123.0,53.0,292.334,2464439371.0
70.398,62.0,90196.0,5123.0,53.0,263.832,2464465655.0
70.502,62.0,90196.0,5123.0,52.0,261.336,2464490844.0
70.599,62.0,90196.0,5123.0,52.0,260.278,2464516817.0
70.699,62.0,90196.0,5123.0,52.0,259.631,2464543635.0
70.797,62.0,90196.0,5123.0,52.0,258.669,2464568523.0
70.899,62.0,90196.0,5123.0,52.0,260.937,2464595335.0
70.998,60.0,90196.0,5123.0,52.0,260.424,2464621371.0
71.098,60.0,90196.0,5123.0,52.0,260.889,2464647160.0
71.198,60.0,90196.0,5123.0,52.0,261.199,2464647160.0
71.297,60.0,90196.0,5123.0,52.0,258.756,2464672710.0
71.397,60.0,90196.0,5123.0,52.0,258.569,2464698176.0
71.499,60.0,90196.0,5123.0,52.0,260.217,2464751071.0
71.599,61.0,90196.0,5123.0,52.0,259.16,2464777071.0
71.698,61.0,90196.0,5123.0,52.0,258.195,2464801650.0
71.798,62.0,90196.0,5123.0,52.0,260.003,2464829039.0
71.898,62.0,90196.0,5123.0,52.0,257.589,2464855234.0
71.997,62.0,90196.0,5123.0,52.0,260.751,2464882068.0
72.098,62.0,90196.0,5123.0,52.0,261.325,2464908531.0
72.198,63.0,90196.0,5123.0,52.0,264.579,2464936884.0
72.297,63.0,90196.0,5123.0,52.0,266.89,2464965356.0
72.397,63.0,90196.0,5123.0,52.0,267.877,2464992737.0
72.498,63.0,90196.0,5123.0,52.0,268.498,2465019182.0
72.598,62.0,90196.0,5123.0,52.0,269.481,2465046853.0
72.699,62.0,90196.0,5123.0,51.0,270.528,2465072026.0
72.799,63.0,90196.0,5123.0,52.0,271.52,2465099943.0
72.898,63.0,90196.0,5123.0,52.0,271.52,2465126162.0
72.998,63.0,90196.0,5123.0,52.0,272.15,2465126162.0
73.098,63.0,90196.0,5123.0,52.0,271.653,2465152174.0
73.198,63.0,90196.0,5123.0,52.0,270.944,2465179665.0
73.298,63.0,90196.0,5123.0,52.0,270.406,2465233007.0
73.398,63.0,90196.0,5123.0,52.0,268.589,2465259269.0
73.499,62.0,90196.0,5123.0,52.0,267.725,2465285767.0
73.598,63.0,90196.0,5123.0,51.0,267.982,2465312551.0
73.698,63.0,90196.0,5123.0,51.0,268.947,2465339270.0
73.799,63.0,90196.0,5123.0,51.0,267.338,2465367265.0
73.898,63.0,90196.0,5123.0,51.0,267.638,2465392879.0
73.999,63.0,90196.0,5123.0,51.0,268.817,2465420639.0
74.098,63.0,90196.0,5123.0,51.0,266.521,2465446143.0
74.198,62.0,90196.0,5123.0,52.0,266.351,2465472794.0
74.298,62.0,90196.0,5123.0,51.0,265.277,2465498817.0
74.398,63.0,90196.0,5123.0,51.0,266.276,2465525272.0
74.499,63.0,90196.0,5123.0,51.0,264.833,2465551951.0
74.598,63.0,90196.0,5123.0,51.0,266.559,2465579170.0
74.698,63.0,90196.0,5123.0,51.0,265.998,2465606705.0
74.799,63.0,90196.0,5123.0,51.0,266.009,2465634026.0
74.899,63.0,90196.0,5123.0,51.0,266.531,2465660270.0
74.998,63.0,90196.0,5123.0,51.0,265.169,2465686425.0
75.098,63.0,90196.0,5123.0,52.0,267.318,2465713286.0
75.199,64.0,90196.0,5123.0,51.0,265.955,2465739402.0
75.298,64.0,90196.0,5123.0,51.0,267.793,2465766870.0
75.398,64.0,90196.0,5123.0,51.0,267.922,2465793453.0
75.498,64.0,90196.0,5123.0,51.0,268.423,2465793453.0
75.598,64.0,90196.0,5123.0,51.0,266.734,2465819880.0
75.699,64.0,90196.0,5123.0,51.0,267.887,2465846369.0
75.799,62.0,90196.0,5123.0,51.0,265.476,2465900130.0
75.899,62.0,90196.0,5123.0,51.0,265.057,2465926210.0
75.997,64.0,90196.0,5123.0,51.0,265.442,2465951973.0
76.097,64.0,90196.0,5123.0,51.0,264.709,2465977615.0
76.198,64.0,90196.0,5123.0,51.0,264.636,2466004586.0
76.299,64.0,90196.0,5123.0,51.0,263.503,2466031540.0
76.398,64.0,90196.0,5123.0,51.0,264.461,2466057893.0
76.498,64.0,90196.0,5123.0,51.0,265.003,2466085525.0
76.598,62.0,90196.0,5123.0,51.0,264.624,2466112901.0
76.698,62.0,90196.0,5123.0,51.0,263.736,2466139020.0
76.799,62.0,90196.0,5123.0,51.0,264.168,2466164336.0
76.899,62.0,90196.0,5123.0,51.0,263.92,2466190285.0
76.998,60.0,90196.0,5123.0,51.0,262.655,2466215667.0
77.098,60.0,90196.0,5123.0,51.0,262.317,2466241236.0
77.199,61.0,90196.0,5123.0,51.0,262.416,2466266967.0
77.299,61.0,90196.0,5123.0,51.0,262.609,2466294367.0
77.399,61.0,90196.0,5123.0,51.0,262.198,2466320381.0
77.498,61.0,90196.0,5123.0,51.0,258.991,2466345166.0
77.597,61.0,90196.0,5123.0,51.0,259.738,2466371567.0
77.698,61.0,90196.0,5123.0,51.0,257.932,2466395619.0
77.798,60.0,90196.0,5123.0,51.0,258.63,2466422378.0
77.897,60.0,90196.0,5123.0,51.0,256.534,2466446839.0
77.999,61.0,90196.0,5123.0,51.0,256.461,2466470935.0
78.099,61.0,90196.0,5123.0,51.0,256.461,2466496122.0
78.198,61.0,90196.0,5123.0,51.0,256.04,2466496122.0
78.298,61.0,90196.0,5123.0,51.0,253.492,2466520231.0
78.399,61.0,90196.0,5123.0,51.0,248.776,2466542517.0
78.499,61.0,90196.0,5123.0,51.0,247.911,2466590126.0
78.599,61.0,90196.0,5123.0,51.0,246.358,2466615262.0
78.699,60.0,90196.0,5123.0,50.0,245.332,2466640174.0
78.798,60.0,90196.0,5123.0,50.0,245.397,2466665909.0
78.899,58.0,90196.0,5123.0,50.0,242.267,2466687271.0
78.999,58.0,90196.0,5123.0,50.0,239.596,2466702560.0
79.099,19.0,90196.0,5123.0,49.0,229.024,2466715984.0
79.197,19.0,90196.0,5123.0,48.0,214.946,2466729346.0
79.297,0.0,90196.0,5123.0,48.0,205.627,2466742678.0
79.397,0.0,90196.0,5123.0,48.0,195.414,2466755985.0
79.498,0.0,90196.0,5123.0,48.0,184.741,2466770626.0
79.597,0.0,90196.0,5123.0,47.0,186.074,2466818815.0
79.698,87.0,90196.0,5123.0,51.0,221.591,2466882518.0
79.799,87.0,90196.0,5123.0,56.0,259.623,2466949246.0
79.899,100.0,90196.0,5123.0,57.0,303.267,2467011028.0
79.998,100.0,90196.0,5123.0,58.0,341.795,2467069122.0
80.099,92.0,90196.0,5123.0,58.0,385.495,2467131054.0
80.198,92.0,90196.0,5123.0,60.0,434.785,2467188579.0
80.299,92.0,90196.0,5123.0,60.0,483.932,2467256244.0
80.399,92.0,90196.0,5123.0,61.0,532.106,2467256244.0
80.498,93.0,90196.0,5123.0,60.0,582.219,2467312571.0
80.598,93.0,90196.0,5123.0,62.0,614.974,2467376237.0
80.698,71.0,90196.0,5123.0,61.0,587.653,2467449948.0
80.797,71.0,90196.0,5123.0,57.0,554.557,2467477766.0
80.898,62.0,90196.0,5123.0,56.0,515.827,2467505912.0
80.997,62.0,90196.0,5123.0,55.0,483.281,2467531704.0
81.099,62.0,90196.0,5123.0,55.0,446.247,2467557752.0
81.199,62.0,90196.0,5123.0,54.0,415.253,2467584824.0
81.298,62.0,90196.0,5123.0,54.0,385.988,2467610936.0
81.399,62.0,90196.0,5123.0,53.0,347.638,2467637224.0
81.497,62.0,90196.0,5123.0,53.0,313.984,2467664637.0
81.598,62.0,90196.0,5123.0,53.0,269.854,2467691031.0
81.699,62.0,90196.0,5123.0,52.0,267.391,2467719127.0
81.799,62.0,90196.0,5123.0,52.0,266.589,2467745458.0
81.898,62.0,90196.0,5123.0,52.0,267.26,2467772661.0
81.998,62.0,90196.0,5123.0,52.0,270.04,2467800596.0
82.098,62.0,90196.0,5123.0,52.0,268.86,2467826795.0
82.198,61.0,90196.0,5123.0,52.0,267.744,2467852143.0
82.299,61.0,90196.0,5123.0,52.0,269.631,2467880645.0
82.398,63.0,90196.0,5123.0,52.0,269.805,2467907296.0
82.498,63.0,90196.0,5123.0,52.0,271.92,2467933945.0
82.599,62.0,90196.0,5123.0,52.0,274.034,2467963110.0
82.699,62.0,90196.0,5123.0,52.0,271.504,2467990308.0
82.799,62.0,90196.0,5123.0,52.0,270.461,2468014936.0
82.899,62.0,90196.0,5123.0,52.0,269.581,2468040612.0
82.998,62.0,90196.0,5123.0,52.0,270.149,2468069175.0
83.098,62.0,90196.0,5123.0,52.0,270.149,2468069175.0
83.199,62.0,90196.0,5123.0,52.0,270.946,2468097109.0
83.298,63.0,90196.0,5123.0,52.0,272.548,2468124677.0
83.398,63.0,90196.0,5123.0,52.0,271.043,2468179800.0
83.498,63.0,90196.0,5123.0,52.0,271.335,2468205283.0
83.599,63.0,90196.0,5123.0,52.0,270.196,2468232534.0
83.699,63.0,90196.0,5123.0,52.0,267.19,2468258967.0
83.798,63.0,90196.0,5123.0,52.0,268.25,2468285148.0
83.898,64.0,90196.0,5123.0,52.0,272.164,2468310837.0
83.999,64.0,90196.0,5123.0,52.0,271.162,2468338945.0
84.099,63.0,90196.0,5123.0,52.0,269.064,2468365113.0
84.198,63.0,90196.0,5123.0,52.0,268.084,2468391335.0
84.298,63.0,90196.0,5123.0,52.0,266.766,2468418533.0
84.398,63.0,90196.0,5123.0,52.0,268.102,2468444561.0
84.498,63.0,90196.0,5123.0,52.0,266.994,2468471478.0
84.598,63.0,90196.0,5123.0,52.0,267.734,2468499316.0
84.699,63.0,90196.0,5123.0,52.0,268.39,2468526333.0
84.799,63.0,90196.0,5123.0,52.0,268.855,2468552815.0
84.899,63.0,90196.0,5123.0,52.0,268.347,2468579802.0
84.998,63.0,90196.0,5123.0,52.0,268.545,2468606364.0
85.099,63.0,90196.0,5123.0,52.0,268.887,2468634749.0
85.198,63.0,90196.0,5123.0,52.0,266.884,2468660297.0
85.299,63.0,90196.0,5123.0,52.0,266.884,2468660297.0
85.398,63.0,90196.0,5123.0,52.0,266.824,2468685765.0
85.498,63.0,90196.0,5123.0,52.0,267.934,2468713475.0
85.598,63.0,90196.0,5123.0,52.0,268.038,2468767529.0
85.698,63.0,90196.0,5123.0,52.0,268.34,2468793217.0
85.799,63.0,90196.0,5123.0,52.0,268.446,2468822307.0
85.898,63.0,90196.0,5123.0,52.0,268.9,2468850455.0
85.998,63.0,90196.0,5123.0,52.0,270.042,2468876596.0
86.098,63.0,90196.0,5123.0,52.0,270.63,2468904090.0
86.198,63.0,90196.0,5123.0,52.0,269.618,2468930207.0
86.299,63.0,90196.0,5123.0,52.0,272.505,2468957534.0
86.399,63.0,90196.0,5123.0,52.0,274.844,2468984455.0
86.499,63.0,90196.0,5123.0,52.0,272.954,2469010946.0
86.599,63.0,90196.0,5123.0,51.0,273.556,2469037979.0
86.699,63.0,90196.0,5123.0,51.0,273.21,2469065356.0
86.799,62.0,90196.0,5123.0,51.0,271.238,2469092025.0
86.898,62.0,90196.0,5123.0,51.0,271.858,2469118983.0
86.998,64.0,90196.0,5123.0,51.0,271.702,2469145724.0
87.099,64.0,90196.0,5123.0,51.0,271.099,2469171440.0
87.198,62.0,90196.0,5123.0,51.0,267.438,2469197834.0
87.298,62.0,90196.0,5123.0,51.0,264.988,2469223216.0
87.397,62.0,90196.0,5123.0,51.0,265.842,2469249439.0
87.499,62.0,90196.0,5123.0,51.0,263.736,2469274535.0
87.598,62.0,90196.0,5123.0,51.0,263.468,2469301082.0
87.699,62.0,90196.0,5123.0,51.0,262.13,2469326922.0
87.799,61.0,90196.0,5123.0,51.0,260.199,2469326922.0
87.898,61.0,90196.0,5123.0,51.0,260.551,2469352801.0
87.997,61.0,90196.0,5123.0,51.0,259.82,2469378649.0
88.098,61.0,90196.0,5123.0,51.0,260.895,2469431482.0
88.198,61.0,90196.0,5123.0,51.0,261.478,2469458726.0
88.298,61.0,90196.0,5123.0,51.0,260.251,2469482883.0
88.398,61.0,90196.0,5123.0,51.0,257.687,2469506451.0
88.498,61.0,90196.0,5123.0,51.0,258.453,2469532083.0
88.598,61.0,90196.0,5123.0,51.0,257.14,2469556857.0
88.698,61.0,90196.0,5123.0,51.0,257.302,2469581920.0
88.797,61.0,90196.0,5123.0,51.0,255.39,2469607774.0
88.898,61.0,90196.0,5123.0,51.0,251.175,2469631001.0
88.998,61.0,90196.0,5123.0,51.0,249.422,2469654321.0
89.098,61.0,90196.0,5123.0,51.0,247.902,2469679265.0
89.198,61.0,90196.0,5123.0,51.0,245.99,2469704200.0
89.298,61.0,90196.0,5123.0,51.0,247.853,2469728861.0
89.398,61.0,90196.0,5123.0,51.0,247.912,2469752715.0
89.498,61.0,90196.0,5123.0,51.0,247.894,2469778742.0
89.598,61.0,90196.0,5123.0,51.0,245.132,2469802701.0
89.698,61.0,90196.0,5123.0,51.0,242.651,2469825031.0
89.798,61.0,90196.0,5123.0,50.0,240.78,2469847682.0
89.899,61.0,90196.0,5123.0,50.0,242.213,2469871636.0
89.998,57.0,90196.0,5123.0,50.0,238.538,2469894331.0
90.099,57.0,90196.0,5123.0,49.0,232.017,2469914167.0
90.197,0.0,90196.0,5123.0,48.0,221.089,2469928136.0
90.299,0.0,90196.0,5123.0,48.0,207.95,2469941443.0
90.398,0.0,90196.0,5123.0,48.0,198.435,2469954705.0
90.498,0.0,90196.0,5123.0,47.0,185.444,2469967941.0
90.597,0.0,90196.0,5123.0,47.0,185.444,2469967941.0
90.699,0.0,90196.0,5123.0,47.0,175.751,2469981183.0
90.799,0.0,90196.0,5123.0,54.0,198.406,2470006261.0
90.899,100.0,90196.0,5123.0,57.0,241.469,2470132146.0
90.999,100.0,90196.0,5123.0,58.0,273.592,2470194176.0
91.099,100.0,90196.0,5123.0,59.0,320.609,2470259143.0
91.199,100.0,90196.0,5123.0,60.0,362.803,2470321103.0
91.299,100.0,90196.0,5123.0,60.0,417.661,2470392390.0
91.399,100.0,90196.0,5123.0,61.0,463.788,2470455844.0
91.499,100.0,90196.0,5123.0,62.0,520.661,2470517920.0
91.600,100.0,90196.0,5123.0,62.0,618.901,2470579827.0
91.698,100.0,90196.0,5123.0,62.0,635.375,2470643953.0
91.798,72.0,90196.0,5123.0,62.0,592.211,2470688668.0
91.899,72.0,90196.0,5123.0,56.0,564.307,2470717003.0
91.999,62.0,90196.0,5123.0,55.0,521.028,2470744317.0
92.099,62.0,90196.0,5123.0,55.0,492.066,2470770633.0
92.198,62.0,90196.0,5123.0,54.0,452.455,2470797458.0
92.299,62.0,90196.0,5123.0,54.0,408.118,2470824892.0
92.398,62.0,90196.0,5123.0,54.0,372.51,2470851928.0
92.498,62.0,90196.0,5123.0,53.0,344.474,2470877601.0
92.598,61.0,90196.0,5123.0,53.0,309.001,2470905934.0
92.699,61.0,90196.0,5123.0,53.0,272.183,2470905934.0
92.798,62.0,90196.0,5123.0,53.0,270.452,2470932439.0
92.898,62.0,90196.0,5123.0,53.0,268.636,2470960108.0
92.998,62.0,90196.0,5123.0,52.0,272.148,2471013053.0
93.098,62.0,90196.0,5123.0,52.0,270.123,2471040894.0
93.198,62.0,90196.0,5123.0,52.0,268.766,2471067738.0
93.299,62.0,90196.0,5123.0,52.0,267.691,2471093336.0
93.398,62.0,90196.0,5123.0,52.0,268.275,2471119744.0
93.498,62.0,90196.0,5123.0,52.0,266.969,2471146777.0
93.598,63.0,90196.0,5123.0,52.0,267.7,2471174154.0
93.698,63.0,90196.0,5123.0,52.0,267.138,2471200499.0
93.798,62.0,90196.0,5123.0,52.0,268.509,2471226721.0
93.899,62.0,90196.0,5123.0,52.0,269.192,2471254522.0
93.999,63.0,90196.0,5123.0,52.0,265.511,2471280201.0
94.098,63.0,90196.0,5123.0,52.0,267.301,2471305819.0
94.198,63.0,90196.0,5123.0,52.0,266.281,2471333123.0
94.298,63.0,90196.0,5123.0,52.0,268.331,2471359385.0
94.398,62.0,90196.0,5123.0,52.0,268.274,2471386926.0
94.499,62.0,90196.0,5123.0,52.0,267.868,2471413137.0
94.599,63.0,90196.0,5123.0,52.0,264.654,2471438370.0
94.699,63.0,90196.0,5123.0,52.0,269.001,2471466187.0
94.799,63.0,90196.0,5123.0,52.0,267.527,2471495308.0
94.899,63.0,90196.0,5123.0,52.0,267.98,2471521693.0
94.998,63.0,90196.0,5123.0,52.0,270.694,2471549146.0
95.098,63.0,90196.0,5123.0,52.0,269.322,2471575620.0
95.198,63.0,90196.0,5123.0,52.0,270.559,2471602008.0
95.299,63.0,90196.0,5123.0,52.0,270.559,2471629670.0
95.398,63.0,90196.0,5123.0,52.0,271.009,2471629670.0
95.498,63.0,90196.0,5123.0,52.0,273.355,2471657980.0
95.598,63.0,90196.0,5123.0,52.0,274.281,2471686561.0
95.699,61.0,90196.0,5123.0,52.0,275.099,2471740171.0
95.799,61.0,90196.0,5123.0,52.0,274.544,2471768412.0
95.899,64.0,90196.0,5123.0,52.0,274.905,2471796454.0
95.999,64.0,90196.0,5123.0,52.0,272.934,2471821850.0
96.098,63.0,90196.0,5123.0,52.0,271.96,2471849349.0
96.198,63.0,90196.0,5123.0,52.0,274.576,2471877277.0
96.297,63.0,90196.0,5123.0,52.0,272.987,2471904246.0
96.398,63.0,90196.0,5123.0,52.0,275.484,2471933437.0
96.497,63.0,90196.0,5123.0,52.0,274.034,2471959646.0
96.598,63.0,90196.0,5123.0,52.0,271.367,2471984854.0
96.698,64.0,90196.0,5123.0,52.0,270.762,2472011375.0
96.798,64.0,90196.0,5123.0,52.0,270.694,2472038840.0
96.899,63.0,90196.0,5123.0,52.0,269.696,2472065846.0
96.999,63.0,90196.0,5123.0,52.0,269.225,2472093023.0
97.099,62.0,90196.0,5123.0,52.0,271.603,2472121131.0
97.199,62.0,90196.0,5123.0,52.0,269.596,2472146746.0
97.299,63.0,90196.0,5123.0,52.0,268.692,2472174766.0
97.398,64.0,90196.0,5123.0,52.0,270.302,2472202532.0
97.498,64.0,90196.0,5123.0,52.0,272.76,2472230027.0
97.598,64.0,90196.0,5123.0,52.0,272.953,2472258428.0
97.698,64.0,90196.0,5123.0,52.0,271.848,2472285229.0
97.798,64.0,90196.0,5123.0,52.0,272.63,2472311156.0
97.898,64.0,90196.0,5123.0,51.0,272.381,2472338276.0
97.999,64.0,90196.0,5123.0,51.0,272.381,2472364970.0
98.099,63.0,90196.0,5123.0,52.0,271.58,2472364970.0
98.198,63.0,90196.0,5123.0,52.0,272.907,2472391434.0
98.298,64.0,90196.0,5123.0,52.0,271.414,2472418994.0
98.398,64.0,90196.0,5123.0,52.0,270.479,2472473027.0
98.499,63.0,90196.0,5123.0,51.0,269.395,2472499859.0
98.598,63.0,90196.0,5123.0,51.0,268.663,2472525966.0
98.697,63.0,90196.0,5123.0,51.0,268.139,2472552771.0
98.799,63.0,90196.0,5123.0,51.0,265.732,2472578752.0
98.898,63.0,90196.0,5123.0,51.0,265.811,2472604073.0
98.998,63.0,90196.0,5123.0,51.0,265.915,2472630374.0
99.098,63.0,90196.0,5123.0,51.0,263.012,2472655972.0
99.199,63.0,90196.0,5123.0,51.0,263.349,2472681349.0
99.298,62.0,90196.0,5123.0,51.0,264.133,2472707332.0
99.398,62.0,90196.0,5123.0,51.0,261.536,2472733047.0
99.499,61.0,90196.0,5123.0,51.0,261.832,2472759915.0
99.598,61.0,90196.0,5123.0,51.0,260.307,2472786158.0
99.698,61.0,90196.0,5123.0,51.0,261.547,2472813385.0
99.798,61.0,90196.0,5123.0,51.0,261.799,2472837891.0
99.898,60.0,90196.0,5123.0,51.0,260.448,2472863414.0
99.998,60.0,90196.0,5123.0,51.0,259.383,2472889886.0
100.098,60.0,90196.0,5123.0,51.0,258.504,2472913932.0
100.198,60.0,90196.0,5123.0,51.0,258.883,2472939270.0
100.298,61.0,90196.0,5123.0,51.0,256.16,2472964545.0
100.399,61.0,90196.0,5123.0,51.0,255.384,2472988279.0
100.498,60.0,90196.0,5123.0,51.0,252.411,2473014340.0
100.598,60.0,90196.0,5123.0,51.0,252.842,2473014340.0
100.699,60.0,90196.0,5123.0,51.0,251.118,2473039643.0
100.799,60.0,90196.0,5123.0,51.0,250.703,2473064042.0
100.899,61.0,90196.0,5123.0,51.0,248.259,2473110809.0
100.999,61.0,90196.0,5123.0,51.0,244.663,2473134322.0
101.098,60.0,90196.0,5123.0,51.0,245.572,2473158659.0
101.198,60.0,90196.0,5123.0,50.0,243.742,2473180940.0
101.298,56.0,90196.0,5123.0,50.0,240.347,2473201048.0
101.398,56.0,90196.0,5123.0,49.0,231.68,2473214802.0
101.499,0.0,90196.0,5123.0,48.0,219.827,2473228136.0
101.599,0.0,90196.0,5123.0,48.0,208.263,2473241445.0
101.699,0.0,90196.0,5123.0,48.0,196.987,2473254705.0
101.799,0.0,90196.0,5123.0,48.0,183.748,2473267967.0
101.899,0.0,90196.0,5123.0,47.0,176.255,2473286243.0
101.998,0.0,90196.0,5123.0,54.0,203.334,2473348512.0
102.099,100.0,90196.0,5123.0,57.0,241.887,2473409142.0
102.198,100.0,90196.0,5123.0,58.0,269.208,2473469453.0
102.299,100.0,90196.0,5123.0,59.0,318.297,2473532885.0
102.398,100.0,90196.0,5123.0,59.0,360.201,2473592383.0
102.499,100.0,90196.0,5123.0,61.0,459.974,2473655205.0
102.598,100.0,90196.0,5123.0,61.0,508.388,2473719262.0
102.698,100.0,90196.0,5123.0,62.0,554.248,2473780496.0
102.799,100.0,90196.0,5123.0,62.0,605.442,2473840730.0
102.897,100.0,90196.0,5123.0,58.0,596.333,2473904789.0
102.999,100.0,90196.0,5123.0,58.0,596.333,2473932307.0
103.097,61.0,90196.0,5123.0,57.0,556.982,2473932307.0
103.199,61.0,90196.0,5123.0,56.0,530.746,2473957940.0
103.299,62.0,90196.0,5123.0,55.0,491.428,2473986146.0
103.398,62.0,90196.0,5123.0,55.0,460.249,2474037976.0
103.499,60.0,90196.0,5123.0,54.0,425.414,2474065087.0
103.598,60.0,90196.0,5123.0,54.0,389.58,2474092565.0
103.699,62.0,90196.0,5123.0,53.0,349.84,2474118578.0
103.799,62.0,90196.0,5123.0,53.0,323.026,2474145856.0
103.898,62.0,90196.0,5123.0,53.0,285.818,2474172634.0
103.998,62.0,90196.0,5123.0,53.0,265.385,2474199255.0
104.099,62.0,90196.0,5123.0,53.0,266.382,2474226189.0
104.198,62.0,90196.0,5123.0,53.0,265.982,2474252144.0
104.297,61.0,90196.0,5123.0,52.0,266.492,2474278610.0
104.397,61.0,90196.0,5123.0,52.0,267.736,2474307463.0
104.499,63.0,90196.0,5123.0,52.0,269.55,2474333838.0
104.598,63.0,90196.0,5123.0,52.0,270.235,2474361286.0
104.698,62.0,90196.0,5123.0,52.0,268.823,2474387520.0
104.799,62.0,90196.0,5123.0,52.0,270.372,2474414410.0
104.899,62.0,90196.0,5123.0,52.0,268.75,2474440147.0
104.998,62.0,90196.0,5123.0,52.0,268.734,2474468123.0
105.099,61.0,90196.0,5123.0,52.0,270.56,2474494501.0
105.198,63.0,90196.0,5123.0,52.0,272.075,2474521869.0
105.299,63.0,90196.0,5123.0,52.0,273.2,2474549794.0
105.399,63.0,90196.0,5123.0,52.0,272.826,2474578346.0
105.499,63.0,90196.0,5123.0,52.0,273.267,2474605313.0
105.599,63.0,90196.0,5123.0,52.0,273.267,2474633255.0
105.699,63.0,90196.0,5123.0,52.0,272.464,2474633255.0
105.799,63.0,90196.0,5123.0,52.0,271.293,2474658415.0
105.897,62.0,90196.0,5123.0,52.0,272.385,2474686229.0
105.998,62.0,90196.0,5123.0,52.0,271.041,2474738060.0
106.098,63.0,90196.0,5123.0,52.0,272.408,2474765046.0
106.198,63.0,90196.0,5123.0,52.0,271.833,2474793759.0
106.299,63.0,90196.0,5123.0,52.0,272.319,2474820922.0
106.399,63.0,90196.0,5123.0,52.0,270.183,2474848008.0
106.498,63.0,90196.0,5123.0,52.0,270.398,2474876164.0
106.598,63.0,90196.0,5123.0,52.0,271.353,2474903210.0
106.698,63.0,90196.0,5123.0,52.0,271.246,2474930470.0
106.798,63.0,90196.0,5123.0,52.0,272.984,2474958412.0
106.899,63.0,90196.0,5123.0,52.0,272.35,2474985887.0
106.999,63.0,90196.0,5123.0,52.0,273.895,2475013376.0
107.099,63.0,90196.0,5123.0,52.0,273.895,2475040336.0
107.199,63.0,90196.0,5123.0,52.0,274.47,2475067801.0
107.299,63.0,90196.0,5123.0,52.0,272.818,2475094539.0
107.399,63.0,90196.0,5123.0,52.0,273.876,2475121602.0
107.498,63.0,90196.0,5123.0,52.0,272.286,2475148137.0
107.598,63.0,90196.0,5123.0,52.0,270.869,2475175570.0
107.698,63.0,90196.0,5123.0,52.0,270.888,2475202635.0
107.798,63.0,90196.0,5123.0,52.0,274.999,2475229678.0
107.899,63.0,90196.0,5123.0,52.0,274.957,2475257955.0
107.999,63.0,90196.0,5123.0,52.0,273.703,2475285365.0
108.099,63.0,90196.0,5123.0,52.0,273.407,2475312252.0
108.198,64.0,90196.0,5123.0,52.0,275.153,2475339525.0
108.298,64.0,90196.0,5123.0,52.0,275.49,2475339525.0
108.399,63.0,90196.0,5123.0,52.0,275.117,2475367908.0
108.498,63.0,90196.0,5123.0,52.0,275.359,2475395462.0
108.599,63.0,90196.0,5123.0,52.0,274.63,2475450086.0
108.699,63.0,90196.0,5123.0,52.0,276.773,2475477182.0
108.798,63.0,90196.0,5123.0,52.0,273.664,2475504268.0
108.898,63.0,90196.0,5123.0,52.0,271.957,2475531318.0
108.999,64.0,90196.0,5123.0,52.0,271.393,2475556880.0
109.099,64.0,90196.0,5123.0,52.0,269.769,2475583816.0
109.199,63.0,90196.0,5123.0,52.0,269.58,2475609712.0
109.297,63.0,90196.0,5123.0,52.0,268.292,2475636370.0
109.398,63.0,90196.0,5123.0,52.0,267.762,2475662553.0
109.497,63.0,90196.0,5123.0,51.0,267.98,2475690236.0
109.598,63.0,90196.0,5123.0,51.0,266.667,2475716712.0
109.699,63.0,90196.0,5123.0,51.0,265.603,2475743520.0
109.798,61.0,90196.0,5123.0,51.0,266.15,2475770033.0
109.899,61.0,90196.0,5123.0,51.0,265.692,2475795342.0
109.998,61.0,90196.0,5123.0,51.0,264.862,2475821747.0
110.098,61.0,90196.0,5123.0,51.0,265.699,2475846700.0
110.198,61.0,90196.0,5123.0,51.0,263.33,2475872777.0
110.298,61.0,90196.0,5123.0,51.0,261.537,2475896720.0
110.398,60.0,90196.0,5123.0,51.0,261.43,2475922910.0
110.498,60.0,90196.0,5123.0,51.0,260.986,2475948872.0
110.597,61.0,90196.0,5123.0,51.0,259.874,2475975862.0
110.699,61.0,90196.0,5123.0,51.0,258.081,2476002282.0
110.798,61.0,90196.0,5123.0,51.0,256.959,2476026017.0
110.898,61.0,90196.0,5123.0,51.0,256.005,2476026017.0
110.999,61.0,90196.0,5123.0,51.0,259.725,2476051210.0
111.099,61.0,90196.0,5123.0,51.0,261.06,2476077660.0
111.197,61.0,90196.0,5123.0,51.0,261.711,2476132804.0
111.299,61.0,90196.0,5123.0,51.0,259.596,2476157485.0
111.398,61.0,90196.0,5123.0,51.0,257.013,2476180993.0
111.497,61.0,90196.0,5123.0,51.0,256.655,2476206504.0
111.598,61.0,90196.0,5123.0,51.0,256.818,2476231847.0
111.699,61.0,90196.0,5123.0,51.0,256.839,2476258373.0
111.799,61.0,90196.0,5123.0,51.0,256.357,2476283174.0
111.898,61.0,90196.0,5123.0,51.0,254.385,2476306841.0
111.998,60.0,90196.0,5123.0,51.0,250.532,2476329819.0
112.098,60.0,90196.0,5123.0,51.0,244.826,2476354780.0
112.198,61.0,90196.0,5123.0,51.0,245.589,2476377631.0
112.298,61.0,90196.0,5123.0,50.0,243.923,2476402592.0
112.398,55.0,90196.0,5123.0,49.0,239.402,2476424459.0
112.498,55.0,90196.0,5123.0,49.0,224.948,2476439734.0
112.598,0.0,90196.0,5123.0,48.0,211.217,2476453266.0
112.699,0.0,90196.0,5123.0,48.0,200.506,2476466782.0
112.798,0.0,90196.0,5123.0,48.0,191.044,2476480289.0
112.899,0.0,90196.0,5123.0,52.0,199.072,2476493748.0
112.998,0.0,90196.0,5123.0,52.0,199.072,2476534193.0
113.098,83.0,90196.0,5123.0,58.0,272.771,2476597378.0
113.198,83.0,90196.0,5123.0,58.0,272.771,2476654700.0
113.298,89.0,90196.0,5123.0,58.0,307.158,2476712823.0
113.398,89.0,90196.0,5123.0,60.0,349.13,2476778506.0
113.498,89.0,90196.0,5123.0,60.0,399.118,2476778506.0
113.598,89.0,90196.0,5123.0,61.0,450.927,2476850627.0
113.699,90.0,90196.0,5123.0,61.0,498.922,2476907945.0
113.799,90.0,90196.0,5123.0,62.0,548.131,2477028755.0
113.898,85.0,90196.0,5123.0,57.0,562.96,2477055934.0
113.997,85.0,90196.0,5123.0,56.0,555.87,2477081908.0
114.098,61.0,90196.0,5123.0,55.0,517.905,2477106839.0
114.198,61.0,90196.0,5123.0,54.0,484.482,2477132610.0
114.299,61.0,90196.0,5123.0,54.0,453.744,2477158536.0
114.398,61.0,90196.0,5123.0,53.0,415.739,2477183926.0
114.498,61.0,90196.0,5123.0,53.0,372.183,2477207114.0
114.598,61.0,90196.0,5123.0,53.0,331.868,2477233233.0
114.698,61.0,90196.0,5123.0,53.0,294.628,2477258524.0
114.799,61.0,90196.0,5123.0,52.0,262.914,2477284678.0
114.897,61.0,90196.0,5123.0,52.0,254.424,2477309349.0
114.998,61.0,90196.0,5123.0,52.0,254.534,2477334633.0
115.098,60.0,90196.0,5123.0,52.0,256.504,2477362125.0
115.198,60.0,90196.0,5123.0,52.0,255.682,2477385806.0
115.298,61.0,90196.0,5123.0,52.0,254.655,2477411074.0
115.398,61.0,90196.0,5123.0,52.0,254.415,2477436745.0
115.498,61.0,90196.0,5123.0,52.0,255.49,2477462852.0
115.598,61.0,90196.0,5123.0,52.0,255.924,2477487188.0
115.698,61.0,90196.0,5123.0,52.0,254.265,2477511757.0
115.799,61.0,90196.0,5123.0,51.0,253.468,2477538388.0
115.899,61.0,90196.0,5123.0,51.0,254.691,2477563296.0
115.998,61.0,90196.0,5123.0,51.0,252.411,2477586839.0
116.098,62.0,90196.0,5123.0,51.0,249.822,2477586839.0
116.198,62.0,90196.0,5123.0,51.0,249.855,2477611401.0
116.299,62.0,90196.0,5123.0,51.0,250.175,2477637084.0
116.398,62.0,90196.0,5123.0,51.0,248.433,2477686924.0
116.498,61.0,90196.0,5123.0,51.0,247.99,2477712582.0
116.599,61.0,90196.0,5123.0,51.0,251.123,2477739931.0
116.699,62.0,90196.0,5123.0,51.0,251.397,2477764606.0
116.799,62.0,90196.0,5123.0,51.0,250.641,2477789330.0
116.898,62.0,90196.0,5123.0,51.0,248.733,2477813283.0
116.999,62.0,90196.0,5123.0,51.0,249.36,2477836821.0
117.097,62.0,90196.0,5123.0,51.0,249.634,2477862167.0
117.197,62.0,90196.0,5123.0,51.0,249.135,2477886625.0
117.297,61.0,90196.0,5123.0,51.0,251.635,2477914087.0
117.397,61.0,90196.0,5123.0,51.0,253.741,2477940875.0
117.498,62.0,90196.0,5123.0,51.0,255.49,2477967709.0
117.599,62.0,90196.0,5123.0,51.0,255.528,2477994693.0
117.698,62.0,90196.0,5123.0,51.0,254.972,2478019743.0
117.798,62.0,90196.0,5123.0,51.0,255.275,2478044084.0
117.899,62.0,90196.0,5123.0,51.0,254.391,2478068200.0
117.998,62.0,90196.0,5123.0,51.0,254.437,2478092266.0
118.098,62.0,90196.0,5123.0,51.0,256.762,2478118392.0
118.198,62.0,90196.0,5123.0,51.0,257.21,2478145249.0
118.299,62.0,90196.0,5123.0,51.0,255.249,2478169038.0
118.397,62.0,90196.0,5123.0,51.0,255.219,2478195676.0
118.498,60.0,90196.0,5123.0,51.0,253.779,2478221017.0
118.597,61.0,90196.0,5123.0,51.0,252.487,2478245436.0
118.699,61.0,90196.0,5123.0,51.0,252.487,2478271632.0
118.798,61.0,90196.0,5123.0,51.0,253.612,2478271632.0
118.898,61.0,90196.0,5123.0,51.0,254.596,2478296397.0
118.998,61.0,90196.0,5123.0,51.0,256.199,2478322195.0
119.097,61.0,90196.0,5123.0,51.0,254.858,2478372141.0
119.197,61.0,90196.0,5123.0,51.0,253.945,2478397497.0
119.299,61.0,90196.0,5123.0,51.0,255.594,2478423553.0
119.397,61.0,90196.0,5123.0,51.0,253.864,2478449392.0
119.498,61.0,90196.0,5123.0,51.0,252.578,2478473171.0
119.599,61.0,90196.0,5123.0,51.0,251.704,2478497963.0
119.698,61.0,90196.0,5123.0,51.0,252.906,2478524316.0
119.798,61.0,90196.0,5123.0,51.0,250.636,2478548315.0
119.897,61.0,90196.0,5123.0,51.0,250.031,2478573208.0
119.999,61.0,90196.0,5123.0,51.0,247.661,2478596419.0
120.099,61.0,90196.0,5123.0,51.0,249.326,2478622234.0
120.197,61.0,90196.0,5123.0,51.0,248.401,2478646872.0
120.298,61.0,90196.0,5123.0,51.0,246.825,2478671725.0
120.398,61.0,90196.0,5123.0,51.0,246.16,2478696003.0
120.498,61.0,90196.0,5123.0,51.0,245.735,2478719088.0
120.599,61.0,90196.0,5123.0,51.0,245.798,2478744163.0
120.699,61.0,90196.0,5123.0,51.0,243.568,2478767914.0
120.797,61.0,90196.0,5123.0,51.0,244.629,2478792967.0
120.898,61.0,90196.0,5123.0,51.0,243.12,2478816729.0
120.999,61.0,90196.0,5123.0,51.0,243.479,2478840615.0
121.099,61.0,90196.0,5123.0,51.0,243.486,2478866035.0
121.199,61.0,90196.0,5123.0,51.0,243.853,2478890156.0
121.298,61.0,90196.0,5123.0,51.0,241.722,2478913981.0
121.399,61.0,90196.0,5123.0,51.0,242.139,2478913981.0
121.499,59.0,90196.0,5123.0,51.0,243.836,2478937631.0
121.598,59.0,90196.0,5123.0,50.0,242.272,2478962707.0
121.698,61.0,90196.0,5123.0,50.0,243.416,2479010580.0
121.798,61.0,90196.0,5123.0,50.0,240.534,2479033316.0
121.897,59.0,90196.0,5123.0,50.0,240.186,2479055784.0
121.998,59.0,90196.0,5123.0,50.0,242.258,2479081540.0
122.097,58.0,90196.0,5123.0,50.0,240.244,2479104793.0
122.197,58.0,90196.0,5123.0,50.0,236.321,2479125894.0
122.297,58.0,90196.0,5123.0,50.0,235.951,2479149133.0
122.398,58.0,90196.0,5123.0,50.0,233.327,2479171311.0
122.499,57.0,90196.0,5123.0,50.0,232.016,2479194840.0
122.599,57.0,90196.0,5123.0,50.0,230.772,2479216895.0
122.699,58.0,90196.0,5123.0,50.0,228.46,2479239240.0
122.797,58.0,90196.0,5123.0,50.0,228.104,2479261057.0
122.897,58.0,90196.0,5123.0,50.0,226.386,2479283545.0
122.997,58.0,90196.0,5123.0,50.0,223.909,2479305948.0
123.098,57.0,90196.0,5123.0,50.0,221.914,2479328138.0
123.198,57.0,90196.0,5123.0,50.0,223.546,2479349050.0
123.299,55.0,90196.0,5123.0,49.0,216.001,2479363587.0
123.399,55.0,90196.0,5123.0,48.0,208.453,2479377088.0
123.499,0.0,90196.0,5123.0,48.0,197.08,2479390542.0
123.598,0.0,90196.0,5123.0,48.0,189.542,2479404014.0
123.698,0.0,90196.0,5123.0,48.0,189.542,2479417496.0
123.799,0.0,90196.0,5123.0,47.0,172.31,2479417496.0
123.899,0.0,90196.0,5123.0,47.0,163.573,2479430952.0
123.998,0.0,90196.0,5123.0,47.0,155.514,2479444401.0
124.099,0.0,90196.0,5123.0,47.0,146.31,2479471273.0
124.199,0.0,90196.0,5123.0,47.0,137.651,2479484674.0
124.299,0.0,90196.0,5123.0,47.0,134.615,2479498133.0
124.399,0.0,90196.0,5123.0,47.0,134.567,2479511568.0
124.498,0.0,90196.0,5123.0,47.0,134.519,2479524942.0
124.599,0.0,90196.0,5123.0,47.0,134.341,2479538286.0
124.699,0.0,90196.0,5123.0,47.0,134.226,2479551668.0
124.799,0.0,90196.0,5123.0,47.0,134.197,2479565100.0
124.898,0.0,90196.0,5123.0,47.0,134.186,2479578541.0
124.999,0.0,90196.0,5123.0,47.0,134.185,2479591960.0
125.098,0.0,90196.0,5123.0,47.0,134.09,2479605318.0
125.199,0.0,90196.0,5123.0,46.0,134.044,2479618654.0
125.299,0.0,90196.0,5123.0,46.0,133.887,2479631996.0
125.399,0.0,90196.0,5123.0,46.0,133.88,2479645409.0
125.499,0.0,90196.0,5123.0,46.0,133.874,2479658793.0
125.599,0.0,90196.0,5123.0,46.0,133.898,2479672164.0
125.699,0.0,90196.0,5123.0,46.0,133.892,2479685509.0
125.799,0.0,90196.0,5123.0,46.0,133.788,2479698852.0
125.899,0.0,90196.0,5123.0,46.0,133.724,2479712212.0
125.999,0.0,90196.0,5123.0,46.0,133.669,2479725587.0
126.099,0.0,90196.0,5123.0,46.0,133.658,2479738905.0
126.199,0.0,90196.0,5123.0,46.0,133.645,2479752237.0
126.298,0.0,90196.0,5123.0,46.0,133.65,2479765562.0
126.399,0.0,90196.0,5123.0,46.0,133.562,2479778889.0
126.498,0.0,90196.0,5123.0,46.0,133.502,2479792220.0
126.599,0.0,90196.0,5123.0,46.0,133.49,2479805564.0
126.698,0.0,90196.0,5123.0,46.0,133.521,2479818949.0
126.799,0.0,90196.0,5123.0,46.0,133.575,2479818949.0
126.899,0.0,90196.0,5123.0,46.0,133.571,2479832293.0
126.998,0.0,90196.0,5123.0,46.0,133.578,2479845677.0
127.099,0.0,90196.0,5123.0,46.0,133.559,2479872363.0
127.199,0.0,90196.0,5123.0,46.0,133.583,2479885717.0
127.299,0.0,90196.0,5123.0,46.0,133.591,2479899044.0
127.398,0.0,90196.0,5123.0,46.0,133.571,2479912364.0
127.499,0.0,90196.0,5123.0,46.0,133.542,2479925677.0
127.598,0.0,90196.0,5123.0,46.0,133.595,2479939041.0
127.700,0.0,90196.0,5123.0,46.0,133.558,2479952405.0
127.799,0.0,90196.0,5123.0,46.0,133.534,2479965745.0
127.898,0.0,90196.0,5123.0,46.0,133.509,2479979075.0
127.999,0.0,90196.0,5123.0,46.0,133.448,2479992383.0
128.098,0.0,90196.0,5123.0,46.0,133.509,2480005776.0
128.199,0.0,90196.0,5123.0,46.0,133.468,2480019115.0
128.299,0.0,90196.0,5123.0,46.0,133.468,2480032459.0
128.399,0.0,90196.0,5123.0,46.0,133.515,2480045829.0
128.499,0.0,90196.0,5123.0,46.0,133.528,2480059127.0
128.599,0.0,90196.0,5123.0,46.0,133.503,2480072476.0
128.699,0.0,90196.0,5123.0,46.0,133.491,2480085824.0
128.799,0.0,90196.0,5123.0,46.0,133.489,2480099184.0
128.899,0.0,90196.0,5123.0,46.0,133.474,2480112490.0
128.999,0.0,90196.0,5123.0,46.0,133.468,2480125810.0
129.099,0.0,90196.0,5123.0,46.0,133.435,2480139142.0
129.199,0.0,90196.0,5123.0,46.0,133.428,2480152483.0
129.299,0.0,90196.0,5123.0,46.0,133.421,2480165783.0
129.399,0.0,90196.0,5123.0,46.0,133.333,2480179068.0
129.498,0.0,90196.0,5123.0,46.0,133.349,2480192407.0
129.599,0.0,90196.0,5123.0,46.0,133.349,2480205742.0
129.699,0.0,90196.0,5123.0,46.0,133.345,2480205742.0
129.799,0.0,90196.0,5123.0,46.0,133.302,2480219053.0
129.899,0.0,90196.0,5123.0,46.0,133.314,2480232371.0
129.998,0.0,90196.0,5123.0,46.0,133.326,2480259050.0
130.097,0.0,90196.0,5123.0,46.0,133.295,2480272342.0
130.197,0.0,90196.0,5123.0,46.0,133.283,2480285669.0
130.297,0.0,90196.0,5123.0,46.0,133.283,2480298987.0
130.397,0.0,90196.0,5123.0,46.0,133.317,2480312312.0
130.497,0.0,90196.0,5123.0,46.0,133.302,2480325632.0
130.597,0.0,90196.0,5123.0,46.0,133.296,2480338951.0
130.697,0.0,90196.0,5123.0,46.0,133.261,2480352250.0
130.799,0.0,90196.0,5123.0,46.0,133.274,2480365573.0
130.899,0.0,90196.0,5123.0,46.0,133.25,2480378876.0
130.998,0.0,90196.0,5123.0,46.0,133.185,2480392168.0
131.099,0.0,90196.0,5123.0,46.0,133.232,2480405505.0
131.198,0.0,90196.0,5123.0,46.0,133.215,2480418828.0
131.299,0.0,90196.0,5123.0,46.0,133.215,2480432138.0
131.397,0.0,90196.0,5123.0,46.0,133.221,2480445477.0
131.499,0.0,90196.0,5123.0,46.0,133.225,2480458798.0
131.599,0.0,90196.0,5123.0,46.0,133.236,2480472116.0
131.699,0.0,90196.0,5123.0,46.0,133.237,2480485424.0
131.799,0.0,90196.0,5123.0,46.0,133.225,2480498724.0
131.899,0.0,90196.0,5123.0,46.0,133.219,2480512018.0
131.999,0.0,90196.0,5123.0,46.0,133.259,2480525332.0
132.099,0.0,90196.0,5123.0,46.0,133.213,2480538631.0
132.199,0.0,90196.0,5123.0,46.0,133.219,2480551942.0
132.298,0.0,90196.0,5123.0,46.0,133.218,2480565254.0
132.399,0.0,90196.0,5123.0,46.0,133.207,2480578564.0
132.499,0.0,90196.0,5123.0,46.0,133.19,2480591870.0
132.599,0.0,90196.0,5123.0,46.0,133.19,2480605185.0
132.699,0.0,90196.0,5123.0,46.0,133.167,2480605185.0
132.799,0.0,90196.0,5123.0,46.0,133.182,2480618490.0
132.897,0.0,90196.0,5123.0,46.0,133.218,2480631806.0
132.998,0.0,90196.0,5123.0,46.0,133.224,2480658456.0
133.097,0.0,90196.0,5123.0,46.0,133.238,2480671767.0
133.199,0.0,90196.0,5123.0,46.0,133.244,2480685088.0
133.297,0.0,90196.0,5123.0,46.0,133.238,2480698402.0
133.397,0.0,90196.0,5123.0,46.0,133.249,2480711730.0
133.497,0.0,90196.0,5123.0,46.0,133.249,2480725036.0
133.598,0.0,90196.0,5123.0,46.0,133.254,2480738367.0
133.698,0.0,90196.0,5123.0,46.0,133.254,2480751677.0
133.799,0.0,90196.0,5123.0,46.0,133.249,2480764985.0
133.899,0.0,90196.0,5123.0,46.0,133.225,2480778289.0
133.999,0.0,90196.0,5123.0,46.0,133.214,2480791585.0
134.099,0.0,90196.0,5123.0,46.0,133.212,2480804897.0
134.198,0.0,90196.0,5123.0,46.0,133.182,2480818202.0
134.298,0.0,90196.0,5123.0,46.0,133.173,2480831506.0
134.399,0.0,90196.0,5123.0,46.0,133.173,2480844813.0
134.499,0.0,90196.0,5123.0,46.0,133.167,2480858118.0
134.598,0.0,90196.0,5123.0,46.0,133.15,2480871422.0
134.699,0.0,90196.0,5123.0,46.0,133.145,2480884740.0
134.799,0.0,90196.0,5123.0,46.0,133.141,2480898045.0
134.899,0.0,90196.0,5123.0,46.0,133.136,2480911341.0
134.999,0.0,90196.0,5123.0,46.0,133.121,2480924645.0
135.099,0.0,90196.0,5123.0,46.0,133.109,2480937952.0
135.199,0.0,90196.0,5123.0,46.0,133.109,2480951250.0
135.297,0.0,90196.0,5123.0,46.0,133.123,2480964564.0
135.399,0.0,90196.0,5123.0,46.0,133.123,2480977851.0
135.498,0.0,90196.0,5123.0,46.0,133.094,2480977851.0
135.599,0.0,90196.0,5123.0,46.0,133.094,2480991157.0
135.699,0.0,90196.0,5123.0,46.0,133.103,2481004460.0
135.798,0.0,90196.0,5123.0,46.0,133.094,2481031085.0
135.899,0.0,90196.0,5123.0,46.0,133.08,2481044392.0
135.999,0.0,90196.0,5123.0,46.0,133.095,2481057693.0
136.098,0.0,90196.0,5123.0,46.0,133.083,2481070970.0
136.199,0.0,90196.0,5123.0,46.0,133.106,2481084291.0
136.299,0.0,90196.0,5123.0,46.0,133.087,2481097584.0
136.398,0.0,90196.0,5123.0,46.0,133.093,2481110887.0
136.499,0.0,90196.0,5123.0,46.0,133.087,2481124180.0
136.598,0.0,90196.0,5123.0,46.0,133.098,2481137482.0
136.699,0.0,90196.0,5123.0,46.0,133.064,2481150766.0
136.798,0.0,90196.0,5123.0,46.0,133.052,2481164065.0
136.899,0.0,90196.0,5123.0,46.0,133.058,2481177359.0
136.998,0.0,90196.0,5123.0,46.0,133.034,2481190640.0
137.099,0.0,90196.0,5123.0,46.0,133.028,2481203918.0
137.199,0.0,90196.0,5123.0,46.0,132.994,2481217213.0
137.299,0.0,90196.0,5123.0,46.0,132.976,2481230496.0
137.399,0.0,90196.0,5123.0,46.0,132.988,2481243794.0
137.499,0.0,90196.0,5123.0,46.0,132.977,2481257076.0
137.599,0.0,90196.0,5123.0,46.0,132.942,2481270362.0
137.698,0.0,90196.0,5123.0,46.0,132.959,2481283655.0
137.798,0.0,90196.0,5123.0,46.0,132.948,2481296937.0
137.899,0.0,90196.0,5123.0,46.0,132.948,2481310228.0
137.999,0.0,90196.0,5123.0,46.0,132.948,2481323523.0
138.097,0.0,90196.0,5123.0,46.0,132.959,2481336819.0
138.199,0.0,90196.0,5123.0,46.0,132.966,2481350094.0
138.299,0.0,90196.0,5123.0,46.0,132.966,2481363388.0
138.399,0.0,90196.0,5123.0,46.0,132.983,2481363388.0
138.499,0.0,90196.0,5123.0,46.0,132.966,2481376674.0
138.599,0.0,90196.0,5123.0,46.0,132.977,2481389974.0
138.699,0.0,90196.0,5123.0,46.0,132.982,2481416539.0
138.798,0.0,90196.0,5123.0,46.0,132.965,2481429829.0
138.897,0.0,90196.0,5123.0,46.0,132.964,2481443126.0
138.997,0.0,90196.0,5123.0,46.0,132.982,2481456429.0
139.099,0.0,90196.0,5123.0,46.0,132.982,2481469699.0
139.197,0.0,90196.0,5123.0,46.0,132.959,2481482981.0
139.299,0.0,90196.0,5123.0,46.0,132.959,2481496273.0
139.398,0.0,90196.0,5123.0,46.0,132.965,2481509571.0
139.499,0.0,90196.0,5123.0,46.0,132.965,2481522844.0
139.598,0.0,90196.0,5123.0,46.0,132.953,2481536132.0
139.699,0.0,90196.0,5123.0,46.0,132.959,2481549421.0
139.799,0.0,90196.0,5123.0,46.0,132.948,2481562699.0
139.899,0.0,90196.0,5123.0,46.0,132.959,2481575987.0
139.999,0.0,90196.0,5123.0,46.0,132.924,2481589274.0
140.098,0.0,90196.0,5123.0,46.0,132.937,2481602567.0
140.198,0.0,90196.0,5123.0,46.0,132.925,2481615839.0
140.298,0.0,90196.0,5123.0,46.0,132.93,2481629120.0
140.399,0.0,90196.0,5123.0,46.0,132.93,2481642409.0
140.499,0.0,90196.0,5123.0,46.0,132.86,2481655638.0
140.599,0.0,90196.0,5123.0,46.0,132.76,2481668824.0
140.699,0.0,90196.0,5123.0,46.0,132.657,2481682019.0
140.799,0.0,90196.0,5123.0,46.0,132.584,2481695211.0
140.899,0.0,90196.0,5123.0,46.0,132.456,2481708385.0
140.999,0.0,90196.0,5123.0,46.0,132.378,2481721570.0
141.099,0.0,90196.0,5123.0,46.0,132.269,2481734757.0
141.198,0.0,90196.0,5123.0,46.0,132.269,2481747931.0
141.299,0.0,90196.0,5123.0,46.0,132.171,2481747931.0
141.399,0.0,90196.0,5123.0,46.0,132.085,2481761115.0
141.499,0.0,90196.0,5123.0,46.0,131.946,2481774284.0
141.598,0.0,90196.0,5123.0,46.0,131.902,2481800643.0
141.699,0.0,90196.0,5123.0,46.0,131.872,2481813823.0
141.799,0.0,90196.0,5123.0,46.0,131.862,2481827009.0
141.897,0.0,90196.0,5123.0,46.0,131.863,2481840192.0
141.997,0.0,90196.0,5123.0,46.0,131.861,2481853379.0
142.097,0.0,90196.0,5123.0,45.0,131.866,2481866556.0
142.199,0.0,90196.0,5123.0,46.0,131.872,2481879749.0
142.298,0.0,90196.0,5123.0,45.0,131.86,2481892914.0
142.398,0.0,90196.0,5123.0,45.0,131.878,2481906106.0
142.499,0.0,90196.0,5123.0,45.0,131.884,2481919286.0
142.599,0.0,90196.0,5123.0,45.0,131.92,2481932492.0
142.699,0.0,90196.0,5123.0,45.0,131.9,2481945640.0
142.799,0.0,90196.0,5123.0,45.0,131.883,2481958810.0
142.899,0.0,90196.0,5123.0,45.0,131.877,2481971987.0
142.999,0.0,90196.0,5123.0,45.0,131.859,2481985164.0
143.099,0.0,90196.0,5123.0,45.0,131.854,2481998343.0
143.199,0.0,90196.0,5123.0,45.0,131.849,2482011531.0
143.299,0.0,90196.0,5123.0,45.0,131.855,2482024698.0
143.399,0.0,90196.0,5123.0,45.0,131.836,2482037874.0
143.499,0.0,90196.0,5123.0,45.0,131.847,2482051053.0
143.598,0.0,90196.0,5123.0,45.0,131.822,2482064234.0
143.699,0.0,90196.0,5123.0,45.0,131.845,2482077406.0
143.799,0.0,90196.0,5123.0,45.0,131.846,2482090576.0
143.899,0.0,90196.0,5123.0,45.0,131.859,2482103750.0
143.999,0.0,90196.0,5123.0,45.0,131.876,2482116948.0
144.099,0.0,90196.0,5123.0,45.0,131.878,2482130112.0
144.198,0.0,90196.0,5123.0,45.0,131.878,2482143285.0
144.299,0.0,90196.0,5123.0,45.0,131.872,2482143285.0
144.398,0.0,90196.0,5123.0,45.0,131.866,2482156449.0
144.499,0.0,90196.0,5123.0,45.0,131.864,2482169623.0
144.599,0.0,90196.0,5123.0,45.0,131.854,2482195983.0
144.698,0.0,90196.0,5123.0,45.0,131.846,2482209147.0
144.799,0.0,90196.0,5123.0,45.0,131.823,2482222300.0
144.898,0.0,90196.0,5123.0,45.0,131.811,2482235479.0
144.998,0.0,90196.0,5123.0,45.0,131.798,2482248653.0
145.099,0.0,90196.0,5123.0,45.0,131.804,2482261826.0
145.198,0.0,90196.0,5123.0,45.0,131.797,2482275003.0
145.298,0.0,90196.0,5123.0,45.0,131.816,2482288186.0
145.399,0.0,90196.0,5123.0,45.0,131.811,2482301363.0
145.499,0.0,90196.0,5123.0,45.0,131.822,2482314542.0
145.599,0.0,90196.0,5123.0,45.0,131.805,2482327707.0
145.699,0.0,90196.0,5123.0,45.0,131.8,2482340872.0
145.799,0.0,90196.0,5123.0,45.0,131.828,2482354064.0
145.898,0.0,90196.0,5123.0,45.0,131.84,2482367225.0
145.999,0.0,90196.0,5123.0,45.0,131.834,2482380396.0
146.099,0.0,90196.0,5123.0,45.0,131.822,2482393558.0
146.199,0.0,90196.0,5123.0,45.0,131.816,2482406724.0
146.299,0.0,90196.0,5123.0,45.0,131.803,2482419889.0
146.399,0.0,90196.0,5123.0,45.0,131.779,2482433036.0
146.499,0.0,90196.0,5123.0,45.0,131.778,2482446217.0
146.598,0.0,90196.0,5123.0,45.0,131.785,2482459390.0
146.698,0.0,90196.0,5123.0,45.0,131.785,2482472563.0
146.799,0.0,90196.0,5123.0,45.0,131.786,2482485724.0
146.899,0.0,90196.0,5123.0,45.0,131.769,2482498891.0
146.999,0.0,90196.0,5123.0,45.0,131.763,2482512059.0
147.098,0.0,90196.0,5123.0,45.0,131.746,2482525211.0
147.199,0.0,90196.0,5123.0,45.0,131.746,2482538379.0
147.299,0.0,90196.0,5123.0,45.0,131.752,2482538379.0
147.399,0.0,90196.0,5123.0,45.0,131.741,2482551535.0
147.499,0.0,90196.0,5123.0,45.0,131.763,2482564715.0
147.599,0.0,90196.0,5123.0,45.0,131.74,2482591056.0
147.697,0.0,90196.0,5123.0,45.0,131.733,2482604225.0
147.798,0.0,90196.0,5123.0,45.0,131.709,2482617399.0
147.897,0.0,90196.0,5123.0,45.0,131.708,2482630561.0
147.997,0.0,90196.0,5123.0,45.0,131.703,2482643731.0
148.097,0.0,90196.0,5123.0,45.0,131.727,2482656898.0
148.198,0.0,90196.0,5123.0,45.0,131.71,2482670045.0
148.297,0.0,90196.0,5123.0,45.0,131.72,2482683214.0
148.399,0.0,90196.0,5123.0,45.0,131.716,2482696380.0
148.499,0.0,90196.0,5123.0,45.0,131.722,2482709550.0
148.599,0.0,90196.0,5123.0,45.0,131.734,2482722717.0
148.699,0.0,90196.0,5123.0,45.0,131.745,2482735911.0
148.799,0.0,90196.0,5123.0,45.0,131.751,2482749073.0
148.899,0.0,90196.0,5123.0,45.0,131.751,2482762228.0
148.999,0.0,90196.0,5123.0,45.0,131.762,2482775408.0
149.098,0.0,90196.0,5123.0,45.0,131.733,2482788565.0
149.199,0.0,90196.0,5123.0,45.0,131.751,2482801724.0
149.298,0.0,90196.0,5123.0,45.0,131.74,2482814883.0
149.398,0.0,90196.0,5123.0,45.0,131.752,2482828064.0
149.499,0.0,90196.0,5123.0,45.0,131.735,2482841218.0
149.599,0.0,90196.0,5123.0,45.0,131.734,2482854394.0
149.699,0.0,90196.0,5123.0,45.0,131.723,2482867562.0
149.798,0.0,90196.0,5123.0,45.0,131.717,2482880728.0
149.899,0.0,90196.0,5123.0,45.0,131.723,2482893898.0
149.999,0.0,90196.0,5123.0,45.0,131.71,2482907046.0
150.098,0.0,90196.0,5123.0,45.0,131.71,2482920216.0
150.198,0.0,90196.0,5123.0,45.0,131.717,2482920216.0
150.299,0.0,90196.0,5123.0,45.0,131.717,2482933369.0
150.399,0.0,90196.0,5123.0,45.0,131.735,2482946541.0
150.499,0.0,90196.0,5123.0,45.0,131.716,2482972882.0
150.598,0.0,90196.0,5123.0,45.0,131.716,2482986056.0
150.697,0.0,90196.0,5123.0,45.0,131.712,2482999223.0
150.799,0.0,90196.0,5123.0,45.0,131.716,2483012391.0
150.898,0.0,90196.0,5123.0,45.0,131.723,2483025552.0
150.999,0.0,90196.0,5123.0,45.0,131.723,2483038718.0
151.099,0.0,90196.0,5123.0,45.0,131.717,2483051876.0
151.199,0.0,90196.0,5123.0,45.0,131.715,2483065041.0
151.299,0.0,90196.0,5123.0,45.0,131.732,2483078207.0
151.398,0.0,90196.0,5123.0,45.0,131.727,2483091378.0
151.498,0.0,90196.0,5123.0,45.0,131.734,2483104529.0
151.599,0.0,90196.0,5123.0,45.0,131.71,2483117690.0
151.699,0.0,90196.0,5123.0,45.0,131.692,2483130834.0
151.798,0.0,90196.0,5123.0,45.0,131.699,2483144002.0
151.899,0.0,90196.0,5123.0,45.0,131.68,2483157168.0
151.999,0.0,90196.0,5123.0,45.0,131.68,2483170315.0
152.099,0.0,90196.0,5123.0,45.0,131.665,2483183471.0
152.199,0.0,90196.0,5123.0,45.0,131.671,2483196635.0
152.299,0.0,90196.0,5123.0,45.0,131.659,2483209796.0
152.399,0.0,90196.0,5123.0,45.0,131.645,2483222956.0
152.499,0.0,90196.0,5123.0,45.0,131.639,2483236114.0
152.598,0.0,90196.0,5123.0,45.0,131.653,2483249277.0
152.699,0.0,90196.0,5123.0,45.0,131.674,2483262437.0
152.798,0.0,90196.0,5123.0,45.0,131.652,2483275597.0
152.898,0.0,90196.0,5123.0,45.0,131.635,2483288723.0
152.998,0.0,90196.0,5123.0,45.0,131.635,2483301879.0
153.099,0.0,90196.0,5123.0,45.0,131.624,2483301879.0
153.198,0.0,90196.0,5123.0,45.0,131.641,2483315033.0
153.297,0.0,90196.0,5123.0,45.0,131.632,2483328207.0
153.397,0.0,90196.0,5123.0,45.0,131.632,2483354544.0
153.499,0.0,90196.0,5123.0,45.0,131.641,2483367672.0
153.598,0.0,90196.0,5123.0,45.0,131.63,2483380834.0
153.699,0.0,90196.0,5123.0,45.0,131.609,2483393983.0
153.799,0.0,90196.0,5123.0,45.0,131.618,2483407140.0
153.899,0.0,90196.0,5123.0,45.0,131.633,2483420307.0
153.999,0.0,90196.0,5123.0,45.0,131.656,2483433450.0
154.098,0.0,90196.0,5123.0,45.0,131.656,2483446619.0
154.198,0.0,90196.0,5123.0,45.0,131.641,2483459777.0
154.298,0.0,90196.0,5123.0,45.0,131.641,2483472927.0
154.399,0.0,90196.0,5123.0,45.0,131.63,2483486090.0
154.498,0.0,90196.0,5123.0,45.0,131.621,2483499230.0
154.599,0.0,90196.0,5123.0,45.0,131.621,2483512369.0
154.698,0.0,90196.0,5123.0,45.0,131.63,2483525534.0
154.799,0.0,90196.0,5123.0,45.0,131.616,2483538674.0
154.899,0.0,90196.0,5123.0,45.0,131.618,2483551833.0
154.998,0.0,90196.0,5123.0,45.0,131.602,2483564974.0
155.099,0.0,90196.0,5123.0,45.0,131.569,2483578117.0
155.199,0.0,90196.0,5123.0,45.0,131.561,2483591270.0
155.298,0.0,90196.0,5123.0,45.0,131.551,2483604410.0
155.399,0.0,90196.0,5123.0,45.0,131.556,2483617561.0
155.499,0.0,90196.0,5123.0,45.0,131.58,2483630711.0
155.599,0.0,90196.0,5123.0,45.0,131.595,2483643886.0
155.699,0.0,90196.0,5123.0,45.0,131.584,2483657034.0
155.799,0.0,90196.0,5123.0,45.0,131.601,2483670184.0
155.899,0.0,90196.0,5123.0,45.0,131.601,2483683339.0
155.999,0.0,90196.0,5123.0,45.0,131.58,2483683339.0
156.099,0.0,90196.0,5123.0,45.0,131.603,2483696499.0
156.199,0.0,90196.0,5123.0,45.0,131.612,2483709640.0
156.298,0.0,90196.0,5123.0,45.0,131.621,2483735938.0
156.398,0.0,90196.0,5123.0,45.0,131.635,2483749088.0
156.498,0.0,90196.0,5123.0,45.0,131.629,2483762231.0
156.599,0.0,90196.0,5123.0,45.0,131.618,2483775385.0
156.699,0.0,90196.0,5123.0,45.0,131.596,2483788530.0
156.798,0.0,90196.0,5123.0,45.0,131.573,2483801685.0
156.898,0.0,90196.0,5123.0,45.0,131.565,2483814816.0
156.999,0.0,90196.0,5123.0,45.0,131.548,2483827969.0
157.099,0.0,90196.0,5123.0,45.0,131.548,2483841104.0
157.199,0.0,90196.0,5123.0,45.0,131.537,2483854265.0
157.298,0.0,90196.0,5123.0,45.0,131.515,2483867416.0
157.398,0.0,90196.0,5123.0,45.0,131.521,2483880566.0
157.499,0.0,90196.0,5123.0,45.0,131.515,2483893712.0
157.599,0.0,90196.0,5123.0,45.0,131.525,2483906861.0
157.699,0.0,90196.0,5123.0,45.0,131.526,2483920012.0
157.798,0.0,90196.0,5123.0,45.0,131.549,2483933173.0
157.899,0.0,90196.0,5123.0,45.0,131.554,2483946316.0
157.998,0.0,90196.0,5123.0,45.0,131.56,2483959482.0
158.099,0.0,90196.0,5123.0,45.0,131.568,2483972626.0
158.198,0.0,90196.0,5123.0,45.0,131.573,2483985777.0
158.298,0.0,90196.0,5123.0,45.0,131.603,2483998944.0
158.398,0.0,90196.0,5123.0,45.0,131.589,2484012080.0
158.499,0.0,90196.0,5123.0,45.0,131.577,2484025223.0
158.599,0.0,90196.0,5123.0,45.0,131.555,2484038359.0
158.698,0.0,90196.0,5123.0,45.0,131.555,2484051500.0
158.799,0.0,90196.0,5123.0,45.0,131.565,2484051500.0
158.899,0.0,90196.0,5123.0,45.0,131.56,2484064648.0
158.999,0.0,90196.0,5123.0,45.0,131.562,2484077800.0
159.098,0.0,90196.0,5123.0,45.0,131.562,2484104119.0
159.198,0.0,90196.0,5123.0,45.0,131.572,2484117267.0
159.298,0.0,90196.0,5123.0,45.0,131.572,2484130432.0
159.399,0.0,90196.0,5123.0,45.0,131.56,2484143569.0
159.499,0.0,90196.0,5123.0,45.0,131.555,2484156707.0
159.599,0.0,90196.0,5123.0,45.0,131.561,2484169851.0
159.699,0.0,90196.0,5123.0,45.0,131.533,2484182987.0
159.798,0.0,90196.0,5123.0,45.0,131.538,2484196136.0
159.898,0.0,90196.0,5123.0,45.0,131.532,2484209282.0
159.998,0.0,90196.0,5123.0,45.0,131.544,2484222444.0
160.099,0.0,90196.0,5123.0,45.0,131.509,2484235578.0
160.199,0.0,90196.0,5123.0,45.0,131.503,2484248734.0
160.299,0.0,90196.0,5123.0,45.0,131.509,2484261882.0
160.399,0.0,90196.0,5123.0,45.0,131.52,2484275040.0
160.498,0.0,90196.0,5123.0,45.0,131.521,2484288177.0
160.599,0.0,90196.0,5123.0,45.0,131.521,2484301319.0
160.699,0.0,90196.0,5123.0,45.0,131.531,2484314458.0
160.799,0.0,90196.0,5123.0,45.0,131.539,2484327600.0
160.899,0.0,90196.0,5123.0,45.0,131.545,2484340760.0
160.998,0.0,90196.0,5123.0,45.0,131.539,2484353910.0
161.099,0.0,90196.0,5123.0,45.0,131.555,2484367055.0
161.198,0.0,90196.0,5123.0,45.0,131.551,2484380204.0
161.299,0.0,90196.0,5123.0,45.0,131.544,2484393370.0
161.398,0.0,90196.0,5123.0,45.0,131.52,2484406485.0
161.498,0.0,90196.0,5123.0,45.0,131.526,2484419654.0
161.599,0.0,90196.0,5123.0,45.0,131.539,2484432775.0
161.699,0.0,90196.0,5123.0,45.0,131.539,2484445919.0
161.798,0.0,90196.0,5123.0,45.0,131.539,2484445919.0
161.898,0.0,90196.0,5123.0,45.0,131.554,2484459067.0
161.997,0.0,90196.0,5123.0,45.0,131.538,2484472215.0
162.097,0.0,90196.0,5123.0,45.0,131.531,2484498511.0
162.198,0.0,90196.0,5123.0,45.0,131.542,2484511658.0
162.299,0.0,90196.0,5123.0,45.0,131.542,2484524789.0
162.398,0.0,90196.0,5123.0,45.0,131.536,2484537945.0
162.498,0.0,90196.0,5123.0,45.0,131.544,2484551098.0
162.599,0.0,90196.0,5123.0,45.0,131.567,2484564244.0
162.699,0.0,90196.0,5123.0,45.0,131.543,2484577382.0
162.799,0.0,90196.0,5123.0,45.0,131.515,2484590517.0
162.898,0.0,90196.0,5123.0,45.0,131.514,2484603660.0
162.998,0.0,90196.0,5123.0,45.0,131.514,2484616794.0
163.099,0.0,90196.0,5123.0,45.0,131.504,2484629946.0
163.199,0.0,90196.0,5123.0,45.0,131.515,2484643098.0
163.298,0.0,90196.0,5123.0,45.0,131.515,2484656239.0
163.398,0.0,90196.0,5123.0,45.0,131.51,2484669380.0
163.498,0.0,90196.0,5123.0,45.0,131.486,2484682525.0
163.599,0.0,90196.0,5123.0,45.0,131.509,2484695674.0
163.699,0.0,90196.0,5123.0,45.0,131.51,2484708818.0
163.799,0.0,90196.0,5123.0,45.0,131.521,2484721948.0
163.898,0.0,90196.0,5123.0,45.0,131.515,2484735091.0
163.999,0.0,90196.0,5123.0,45.0,131.51,2484748222.0
164.098,0.0,90196.0,5123.0,45.0,131.503,2484761363.0
164.199,0.0,90196.0,5123.0,45.0,131.486,2484774501.0
164.299,0.0,90196.0,5123.0,45.0,131.48,2484787632.0
164.398,0.0,90196.0,5123.0,45.0,131.48,2484800773.0
164.498,0.0,90196.0,5123.0,45.0,131.468,2484813907.0
164.599,0.0,90196.0,5123.0,45.0,131.457,2484827054.0
164.699,0.0,90196.0,5123.0,45.0,131.46,2484840192.0
164.798,0.0,90196.0,5123.0,45.0,131.46,2484853322.0
164.899,0.0,90196.0,5123.0,45.0,131.448,2484853322.0
164.998,0.0,90196.0,5123.0,45.0,131.43,2484866457.0
165.098,0.0,90196.0,5123.0,45.0,131.437,2484879591.0
165.198,0.0,90196.0,5123.0,45.0,131.448,2484905886.0
165.298,0.0,90196.0,5123.0,45.0,131.466,2484919029.0
165.398,0.0,90196.0,5123.0,45.0,131.472,2484932163.0
165.499,0.0,90196.0,5123.0,45.0,131.472,2484945301.0
165.598,0.0,90196.0,5123.0,45.0,131.472,2484958447.0
165.698,0.0,90196.0,5123.0,45.0,131.49,2484971576.0
165.798,0.0,90196.0,5123.0,45.0,131.464,2484984708.0
165.898,0.0,90196.0,5123.0,45.0,131.464,2484997845.0
165.999,0.0,90196.0,5123.0,45.0,131.481,2485010988.0
166.097,0.0,90196.0,5123.0,45.0,131.458,2485024109.0
166.198,0.0,90196.0,5123.0,45.0,131.446,2485037248.0
166.298,0.0,90196.0,5123.0,45.0,131.435,2485050385.0
166.398,0.0,90196.0,5123.0,45.0,131.422,2485063519.0
166.499,0.0,90196.0,5123.0,45.0,131.44,2485076654.0
166.599,0.0,90196.0,5123.0,45.0,131.412,2485089779.0
166.699,0.0,90196.0,5123.0,45.0,131.428,2485102926.0
166.798,0.0,90196.0,5123.0,45.0,131.434,2485116072.0
166.898,0.0,90196.0,5123.0,45.0,131.434,2485129199.0
166.999,0.0,90196.0,5123.0,45.0,131.429,2485142332.0
167.097,0.0,90196.0,5123.0,45.0,131.427,2485155470.0
167.198,0.0,90196.0,5123.0,45.0,131.416,2485168599.0
167.298,0.0,90196.0,5123.0,45.0,131.403,2485181719.0
167.399,0.0,90196.0,5123.0,45.0,131.426,2485194855.0
167.498,0.0,90196.0,5123.0,45.0,131.399,2485207990.0
167.599,0.0,90196.0,5123.0,45.0,131.41,2485221120.0
167.699,0.0,90196.0,5123.0,45.0,131.405,2485234256.0
167.799,0.0,90196.0,5123.0,45.0,131.393,2485247392.0
167.898,0.0,90196.0,5123.0,45.0,131.37,2485260510.0
167.998,0.0,90196.0,5123.0,45.0,131.37,2485273653.0
168.098,0.0,90196.0,5123.0,45.0,131.382,2485273653.0
168.198,0.0,90196.0,5123.0,45.0,131.387,2485286779.0
168.298,0.0,90196.0,5123.0,45.0,131.395,2485299920.0
168.398,0.0,90196.0,5123.0,45.0,131.406,2485326193.0
168.499,0.0,90196.0,5123.0,45.0,131.4,2485339327.0
168.598,0.0,90196.0,5123.0,45.0,131.394,2485352463.0
168.698,0.0,90196.0,5123.0,45.0,131.405,2485365593.0
168.798,0.0,90196.0,5123.0,45.0,131.403,2485378732.0
168.899,0.0,90196.0,5123.0,45.0,131.409,2485391865.0
168.999,0.0,90196.0,5123.0,45.0,131.422,2485404999.0
169.099,0.0,90196.0,5123.0,45.0,131.422,2485418133.0
169.198,0.0,90196.0,5123.0,45.0,131.415,2485431268.0
169.298,0.0,90196.0,5123.0,45.0,131.415,2485444410.0
169.398,0.0,90196.0,5123.0,45.0,131.416,2485457552.0
169.499,0.0,90196.0,5123.0,45.0,131.422,2485470674.0
169.598,0.0,90196.0,5123.0,45.0,131.421,2485483814.0
169.699,0.0,90196.0,5123.0,45.0,131.411,2485496935.0
169.799,0.0,90196.0,5123.0,45.0,131.405,2485510075.0
169.899,0.0,90196.0,5123.0,45.0,131.4,2485523193.0
169.999,0.0,90196.0,5123.0,45.0,131.399,2485536337.0
170.099,0.0,90196.0,5123.0,45.0,131.405,2485549468.0
170.198,0.0,90196.0,5123.0,45.0,131.393,2485562600.0
170.298,0.0,90196.0,5123.0,45.0,131.395,2485575724.0
170.399,0.0,90196.0,5123.0,45.0,131.375,2485588871.0
170.499,0.0,90196.0,5123.0,45.0,131.375,2485601986.0
170.599,0.0,90196.0,5123.0,45.0,131.371,2485615128.0
170.699,0.0,90196.0,5123.0,45.0,131.38,2485628262.0
170.805,0.0,90196.0,5123.0,45.0,131.38,2485641401.0
170.899,0.0,90196.0,5123.0,45.0,131.38,2485654524.0
170.999,0.0,90196.0,5123.0,45.0,131.393,2485654524.0
171.098,0.0,90196.0,5123.0,45.0,131.386,2485667656.0
171.198,0.0,90196.0,5123.0,45.0,131.373,2485680785.0
171.298,0.0,90196.0,5123.0,45.0,131.375,2485707045.0
171.398,0.0,90196.0,5123.0,45.0,131.388,2485720173.0
171.498,0.0,90196.0,5123.0,45.0,131.376,2485733309.0
171.597,0.0,90196.0,5123.0,45.0,131.4,2485746427.0
171.698,0.0,90196.0,5123.0,45.0,131.393,2485759565.0
171.798,0.0,90196.0,5123.0,45.0,131.376,2485772690.0
171.898,0.0,90196.0,5123.0,45.0,131.364,2485785809.0
171.998,0.0,90196.0,5123.0,45.0,131.366,2485798950.0
172.098,0.0,90196.0,5123.0,45.0,131.361,2485812077.0
172.198,0.0,90196.0,5123.0,45.0,131.358,2485825213.0
172.298,0.0,90196.0,5123.0,45.0,131.365,2485838344.0
172.398,0.0,90196.0,5123.0,45.0,131.353,2485851487.0
172.498,0.0,90196.0,5123.0,45.0,131.336,2485864596.0
172.599,0.0,90196.0,5123.0,45.0,131.321,2485877731.0
172.698,0.0,90196.0,5123.0,45.0,131.333,2485890848.0
172.798,0.0,90196.0,5123.0,45.0,131.353,2485903979.0
172.898,0.0,90196.0,5123.0,45.0,131.339,2485917107.0
172.998,0.0,90196.0,5123.0,45.0,131.35,2485930241.0
173.099,0.0,90196.0,5123.0,45.0,131.339,2485943369.0
173.199,0.0,90196.0,5123.0,45.0,131.353,2485956508.0
173.299,0.0,90196.0,5123.0,45.0,131.342,2485969627.0
173.398,0.0,90196.0,5123.0,45.0,131.345,2485982752.0
173.499,0.0,90196.0,5123.0,45.0,131.357,2485995879.0
173.599,0.0,90196.0,5123.0,45.0,131.387,2486009008.0
173.699,0.0,90196.0,5123.0,45.0,131.371,2486009008.0
173.799,0.0,90196.0,5123.0,45.0,131.354,2486022142.0
173.898,0.0,90196.0,5123.0,45.0,131.375,2486035262.0
173.998,0.0,90196.0,5123.0,45.0,131.365,2486061539.0
174.098,0.0,90196.0,5123.0,45.0,131.375,2486074660.0
174.198,0.0,90196.0,5123.0,45.0,131.357,2486087797.0
174.298,0.0,90196.0,5123.0,45.0,131.369,2486100937.0
174.398,0.0,90196.0,5123.0,45.0,131.354,2486114064.0
174.498,0.0,90196.0,5123.0,45.0,131.348,2486127175.0
174.598,0.0,90196.0,5123.0,45.0,131.308,2486140302.0
174.699,0.0,90196.0,5123.0,45.0,131.314,2486153415.0
174.798,0.0,90196.0,5123.0,45.0,131.325,2486166551.0
174.898,0.0,90196.0,5123.0,45.0,131.325,2486179680.0
174.998,0.0,90196.0,5123.0,45.0,131.334,2486192810.0
175.098,0.0,90196.0,5123.0,45.0,131.325,2486205934.0
175.199,0.0,90196.0,5123.0,45.0,131.348,2486219081.0
175.298,0.0,90196.0,5123.0,45.0,131.352,2486232223.0
175.399,0.0,90196.0,5123.0,45.0,131.372,2486245341.0
175.499,0.0,90196.0,5123.0,45.0,131.369,2486258468.0
175.599,0.0,90196.0,5123.0,45.0,131.381,2486271591.0
175.698,0.0,90196.0,5123.0,45.0,131.381,2486284718.0
175.798,0.0,90196.0,5123.0,45.0,131.388,2486297846.0
175.898,0.0,90196.0,5123.0,45.0,131.388,2486310977.0
175.999,0.0,90196.0,5123.0,45.0,131.384,2486324089.0
176.099,0.0,90196.0,5123.0,45.0,131.394,2486337230.0
176.199,0.0,90196.0,5123.0,45.0,131.364,2486350370.0
176.299,0.0,90196.0,5123.0,45.0,131.341,2486363476.0
176.399,0.0,90196.0,5123.0,45.0,131.329,2486376594.0
176.498,0.0,90196.0,5123.0,45.0,131.343,2486389712.0
176.598,0.0,90196.0,5123.0,45.0,131.343,2486402845.0
176.699,0.0,90196.0,5123.0,45.0,131.354,2486402845.0
176.798,0.0,90196.0,5123.0,45.0,131.358,2486415969.0
176.898,0.0,90196.0,5123.0,45.0,131.336,2486429109.0
176.998,0.0,90196.0,5123.0,45.0,131.342,2486455367.0
177.098,0.0,90196.0,5123.0,45.0,131.336,2486468478.0
177.198,0.0,90196.0,5123.0,45.0,131.325,2486481588.0
177.298,0.0,90196.0,5123.0,45.0,131.302,2486494715.0
177.397,0.0,90196.0,5123.0,45.0,131.319,2486507824.0
177.499,0.0,90196.0,5123.0,45.0,131.314,2486520958.0
177.598,0.0,90196.0,5123.0,45.0,131.314,2486534062.0
177.698,0.0,90196.0,5123.0,45.0,131.288,2486547179.0
177.798,0.0,90196.0,5123.0,45.0,131.285,2486560300.0
177.898,0.0,90196.0,5123.0,45.0,131.286,2486573430.0
177.998,0.0,90196.0,5123.0,45.0,131.292,2486586548.0
178.098,0.0,90196.0,5123.0,45.0,131.294,2486599684.0
178.198,0.0,90196.0,5123.0,45.0,131.309,2486612809.0
178.299,0.0,90196.0,5123.0,45.0,131.317,2486625932.0
178.399,0.0,90196.0,5123.0,45.0,131.323,2486639065.0
178.499,0.0,90196.0,5123.0,45.0,131.317,2486652188.0
178.599,0.0,90196.0,5123.0,45.0,131.314,2486665302.0
178.697,0.0,90196.0,5123.0,45.0,131.317,2486678421.0
178.799,0.0,90196.0,5123.0,45.0,131.317,2486691546.0
178.898,0.0,90196.0,5123.0,45.0,131.314,2486704665.0
178.998,0.0,90196.0,5123.0,45.0,131.304,2486717788.0
179.099,0.0,90196.0,5123.0,45.0,131.285,2486730901.0
179.198,0.0,90196.0,5123.0,45.0,131.282,2486744022.0
179.298,0.0,90196.0,5123.0,45.0,131.28,2486757145.0
179.398,0.0,90196.0,5123.0,45.0,131.27,2486770253.0
179.499,0.0,90196.0,5123.0,45.0,131.257,2486783381.0
179.599,0.0,90196.0,5123.0,45.0,131.288,2486783381.0
179.699,0.0,90196.0,5123.0,45.0,131.288,2486796509.0
179.799,0.0,90196.0,5123.0,45.0,131.299,2486809647.0
179.898,0.0,90196.0,5123.0,45.0,131.315,2486835896.0
179.998,0.0,90196.0,5123.0,45.0,131.323,2486849030.0
180.098,0.0,90196.0,5123.0,45.0,131.326,2486862154.0
180.199,0.0,90196.0,5123.0,45.0,131.334,2486875269.0
180.298,0.0,90196.0,5123.0,45.0,131.333,2486888386.0
180.397,0.0,90196.0,5123.0,45.0,131.319,2486901495.0
180.499,0.0,90196.0,5123.0,45.0,131.325,2486914617.0
180.598,0.0,90196.0,5123.0,45.0,131.319,2486927736.0
180.698,0.0,90196.0,5123.0,45.0,131.29,2486940843.0
180.798,0.0,90196.0,5123.0,45.0,131.279,2486953962.0
180.899,0.0,90196.0,5123.0,45.0,131.257,2486967071.0
180.997,0.0,90196.0,5123.0,45.0,131.233,2486980194.0
181.099,0.0,90196.0,5123.0,45.0,131.24,2486993296.0
181.199,0.0,90196.0,5123.0,45.0,131.24,2487006428.0
181.299,0.0,90196.0,5123.0,45.0,131.23,2487019539.0
181.398,0.0,90196.0,5123.0,45.0,131.223,2487032654.0
181.499,0.0,90196.0,5123.0,45.0,131.227,2487045766.0
181.598,0.0,90196.0,5123.0,45.0,131.23,2487058890.0
181.698,0.0,90196.0,5123.0,45.0,131.227,2487072022.0
181.799,0.0,90196.0,5123.0,45.0,131.23,2487085137.0
181.898,0.0,90196.0,5123.0,45.0,131.238,2487098244.0
181.998,0.0,90196.0,5123.0,45.0,131.266,2487111368.0
182.099,0.0,90196.0,5123.0,45.0,131.268,2487124488.0
182.198,0.0,90196.0,5123.0,45.0,131.262,2487137622.0
182.299,0.0,90196.0,5123.0,45.0,131.268,2487150738.0
182.398,0.0,90196.0,5123.0,45.0,131.285,2487163845.0
182.498,0.0,90196.0,5123.0,45.0,131.285,2487176968.0
182.599,0.0,90196.0,5123.0,45.0,131.286,2487176968.0
182.698,0.0,90196.0,5123.0,45.0,131.276,2487190091.0
182.799,0.0,90196.0,5123.0,45.0,131.289,2487203220.0
182.898,0.0,90196.0,5123.0,45.0,131.304,2487229479.0
182.998,0.0,90196.0,5123.0,45.0,131.307,2487242610.0
183.098,0.0,90196.0,5123.0,45.0,131.298,2487255735.0
183.199,0.0,90196.0,5123.0,45.0,131.302,2487268854.0
183.298,0.0,90196.0,5123.0,45.0,131.305,2487281969.0
183.399,0.0,90196.0,5123.0,45.0,131.296,2487295102.0
183.499,0.0,90196.0,5123.0,45.0,131.314,2487308220.0
183.599,0.0,90196.0,5123.0,45.0,131.311,2487321354.0
183.698,0.0,90196.0,5123.0,45.0,131.314,2487334489.0
183.799,0.0,90196.0,5123.0,45.0,131.32,2487347617.0
183.898,0.0,90196.0,5123.0,45.0,131.325,2487360733.0
183.998,0.0,90196.0,5123.0,45.0,131.314,2487373863.0
184.098,0.0,90196.0,5123.0,45.0,131.3,2487386986.0
184.199,0.0,90196.0,5123.0,45.0,131.305,2487400111.0
184.299,0.0,90196.0,5123.0,45.0,131.289,2487413217.0
184.399,0.0,90196.0,5123.0,45.0,131.28,2487426348.0
184.499,0.0,90196.0,5123.0,45.0,131.291,2487439469.0
184.599,0.0,90196.0,5123.0,45.0,131.291,2487452604.0
184.698,0.0,90196.0,5123.0,45.0,131.302,2487465728.0
184.799,0.0,90196.0,5123.0,45.0,131.292,2487478858.0
184.899,0.0,90196.0,5123.0,45.0,131.299,2487491983.0
184.998,0.0,90196.0,5123.0,45.0,131.279,2487505087.0
185.099,0.0,90196.0,5123.0,45.0,131.293,2487518203.0
185.198,0.0,90196.0,5123.0,45.0,131.28,2487531318.0
185.298,0.0,90196.0,5123.0,45.0,131.28,2487544443.0
185.399,0.0,90196.0,5123.0,45.0,131.306,2487544443.0
185.499,0.0,90196.0,5123.0,45.0,131.291,2487557569.0
185.599,0.0,90196.0,5123.0,45.0,131.273,2487570671.0
185.699,0.0,90196.0,5123.0,45.0,131.267,2487596916.0
185.798,0.0,90196.0,5123.0,45.0,131.27,2487610056.0
185.897,0.0,90196.0,5123.0,45.0,131.262,2487623173.0
185.999,0.0,90196.0,5123.0,45.0,131.263,2487636293.0
186.099,0.0,90196.0,5123.0,45.0,131.274,2487649415.0
186.198,0.0,90196.0,5123.0,45.0,131.255,2487662540.0
186.297,0.0,90196.0,5123.0,45.0,131.259,2487675665.0
186.398,0.0,90196.0,5123.0,45.0,131.256,2487688790.0
186.497,0.0,90196.0,5123.0,45.0,131.273,2487701908.0
186.599,0.0,90196.0,5123.0,45.0,131.27,2487715026.0
186.699,0.0,90196.0,5123.0,45.0,131.287,2487728145.0
186.798,0.0,90196.0,5123.0,45.0,131.248,2487741264.0
186.899,0.0,90196.0,5123.0,45.0,131.258,2487754375.0
186.999,0.0,90196.0,5123.0,45.0,131.232,2487767488.0
187.099,0.0,90196.0,5123.0,45.0,131.234,2487780630.0
187.199,0.0,90196.0,5123.0,45.0,131.229,2487793738.0
187.298,0.0,90196.0,5123.0,45.0,131.232,2487806838.0
187.399,0.0,90196.0,5123.0,45.0,131.221,2487819955.0
187.499,0.0,90196.0,5123.0,45.0,131.233,2487833078.0
187.599,0.0,90196.0,5123.0,45.0,131.23,2487846200.0
187.699,0.0,90196.0,5123.0,45.0,131.246,2487859330.0
187.799,0.0,90196.0,5123.0,45.0,131.233,2487872447.0
187.898,0.0,90196.0,5123.0,45.0,131.272,2487885570.0
187.999,0.0,90196.0,5123.0,45.0,131.273,2487898703.0
188.098,0.0,90196.0,5123.0,45.0,131.293,2487911813.0
188.199,0.0,90196.0,5123.0,45.0,131.288,2487924942.0
188.298,0.0,90196.0,5123.0,45.0,131.288,2487938049.0
188.398,0.0,90196.0,5123.0,45.0,131.285,2487938049.0
188.498,0.0,90196.0,5123.0,45.0,131.264,2487951170.0
188.598,0.0,90196.0,5123.0,45.0,131.265,2487964280.0
188.699,0.0,90196.0,5123.0,45.0,131.277,2487990524.0
188.799,0.0,90196.0,5123.0,45.0,131.245,2488003633.0
188.898,0.0,90196.0,5123.0,45.0,131.245,2488016739.0
188.999,0.0,90196.0,5123.0,45.0,131.217,2488029853.0
189.098,0.0,90196.0,5123.0,45.0,131.216,2488042974.0
189.199,0.0,90196.0,5123.0,45.0,131.204,2488056096.0
189.299,0.0,90196.0,5123.0,45.0,131.213,2488069221.0
189.399,0.0,90196.0,5123.0,45.0,131.213,2488082321.0
189.499,0.0,90196.0,5123.0,45.0,131.224,2488095449.0
189.599,0.0,90196.0,5123.0,45.0,131.227,2488108563.0
189.698,0.0,90196.0,5123.0,45.0,131.228,2488121695.0
189.798,0.0,90196.0,5123.0,45.0,131.229,2488134783.0
189.899,0.0,90196.0,5123.0,45.0,131.211,2488147905.0
189.999,0.0,90196.0,5123.0,45.0,131.225,2488161023.0
190.098,0.0,90196.0,5123.0,45.0,131.202,2488174138.0
190.198,0.0,90196.0,5123.0,45.0,131.199,2488187254.0
190.299,0.0,90196.0,5123.0,45.0,131.205,2488200361.0
190.399,0.0,90196.0,5123.0,45.0,131.2,2488213480.0
190.498,0.0,90196.0,5123.0,45.0,131.174,2488226582.0
190.599,0.0,90196.0,5123.0,45.0,131.182,2488239701.0
190.699,0.0,90196.0,5123.0,45.0,131.185,2488252811.0
190.798,0.0,90196.0,5123.0,45.0,131.206,2488265927.0
190.899,0.0,90196.0,5123.0,45.0,131.2,2488279043.0
190.999,0.0,90196.0,5123.0,45.0,131.224,2488292166.0
191.099,0.0,90196.0,5123.0,45.0,131.193,2488305261.0
191.199,0.0,90196.0,5123.0,45.0,131.182,2488318344.0
191.299,0.0,90196.0,5123.0,45.0,131.167,2488331450.0
191.398,0.0,90196.0,5123.0,45.0,131.167,2488344561.0
191.498,0.0,90196.0,5123.0,45.0,131.165,2488344561.0
191.599,0.0,90196.0,5123.0,45.0,131.168,2488357663.0
191.699,0.0,90196.0,5123.0,45.0,131.174,2488370773.0
191.798,0.0,90196.0,5123.0,45.0,131.167,2488397007.0
191.899,0.0,90196.0,5123.0,45.0,131.165,2488410121.0
191.999,0.0,90196.0,5123.0,45.0,131.159,2488423234.0
192.098,0.0,90196.0,5123.0,45.0,131.15,2488436343.0
192.197,0.0,90196.0,5123.0,45.0,131.18,2488449463.0
192.299,0.0,90196.0,5123.0,45.0,131.201,2488462578.0
192.399,0.0,90196.0,5123.0,45.0,131.218,2488475698.0
192.497,0.0,90196.0,5123.0,45.0,131.212,2488488803.0
192.598,0.0,90196.0,5123.0,45.0,131.235,2488501938.0
192.699,0.0,90196.0,5123.0,45.0,131.223,2488515038.0
192.799,0.0,90196.0,5123.0,45.0,131.224,2488528154.0
192.899,0.0,90196.0,5123.0,45.0,131.224,2488541259.0
192.999,0.0,90196.0,5123.0,45.0,131.221,2488554385.0
193.098,0.0,90196.0,5123.0,45.0,131.224,2488567486.0
193.198,0.0,90196.0,5123.0,45.0,131.212,2488580603.0
193.298,0.0,90196.0,5123.0,45.0,131.21,2488593723.0
193.399,0.0,90196.0,5123.0,45.0,131.198,2488606821.0
193.498,0.0,90196.0,5123.0,45.0,131.193,2488619932.0
193.599,0.0,90196.0,5123.0,45.0,131.104,2488633022.0
193.699,0.0,90196.0,5123.0,45.0,131.112,2488646083.0
193.798,0.0,90196.0,5123.0,45.0,131.11,2488659181.0
193.898,0.0,90196.0,5123.0,45.0,131.128,2488672303.0
193.999,0.0,90196.0,5123.0,45.0,131.122,2488685415.0
194.099,0.0,90196.0,5123.0,45.0,131.122,2488698535.0
194.199,0.0,90196.0,5123.0,45.0,131.101,2488711629.0
194.299,0.0,90196.0,5123.0,45.0,131.11,2488724738.0
194.398,0.0,90196.0,5123.0,45.0,131.114,2488724738.0
194.498,0.0,90196.0,5123.0,45.0,131.137,2488737834.0
194.598,0.0,90196.0,5123.0,45.0,131.189,2488750955.0
194.698,0.0,90196.0,5123.0,45.0,131.218,2488777187.0
194.799,0.0,90196.0,5123.0,45.0,131.214,2488790296.0
194.899,0.0,90196.0,5123.0,45.0,131.206,2488803408.0
194.999,0.0,90196.0,5123.0,45.0,131.211,2488816537.0
195.099,0.0,90196.0,5123.0,45.0,131.196,2488829651.0
195.198,0.0,90196.0,5123.0,45.0,131.202,2488842757.0
195.297,0.0,90196.0,5123.0,45.0,131.196,2488855856.0
195.397,0.0,90196.0,5123.0,45.0,131.189,2488868969.0
195.499,0.0,90196.0,5123.0,45.0,131.177,2488882075.0
195.597,0.0,90196.0,5123.0,45.0,131.189,2488895185.0
195.698,0.0,90196.0,5123.0,45.0,131.195,2488908295.0
195.798,0.0,90196.0,5123.0,45.0,131.185,2488921413.0
195.899,0.0,90196.0,5123.0,45.0,131.176,2488934525.0
195.999,0.0,90196.0,5123.0,45.0,131.173,2488947634.0
196.099,0.0,90196.0,5123.0,45.0,131.187,2488960737.0
196.198,0.0,90196.0,5123.0,45.0,131.203,2488973859.0
196.299,0.0,90196.0,5123.0,45.0,131.212,2488986978.0
196.398,0.0,90196.0,5123.0,45.0,131.231,2489000099.0
196.498,0.0,90196.0,5123.0,45.0,131.23,2489013215.0
196.599,0.0,90196.0,5123.0,45.0,131.218,2489026324.0
196.699,0.0,90196.0,5123.0,45.0,131.214,2489039438.0
196.798,0.0,90196.0,5123.0,45.0,131.2,2489052556.0
196.899,0.0,90196.0,5123.0,45.0,131.212,2489065650.0
196.999,0.0,90196.0,5123.0,45.0,131.212,2489078757.0
197.099,0.0,90196.0,5123.0,45.0,131.197,2489091881.0
197.199,0.0,90196.0,5123.0,45.0,131.199,2489104995.0
197.299,0.0,90196.0,5123.0,45.0,131.19,2489118104.0
197.399,0.0,90196.0,5123.0,45.0,131.184,2489131209.0
197.499,0.0,90196.0,5123.0,45.0,131.184,2489144312.0
197.598,0.0,90196.0,5123.0,45.0,131.175,2489144312.0
197.699,0.0,90196.0,5123.0,45.0,131.196,2489157430.0
197.799,0.0,90196.0,5123.0,45.0,131.196,2489170538.0
197.898,0.0,90196.0,5123.0,45.0,131.215,2489196761.0
197.997,0.0,90196.0,5123.0,45.0,131.205,2489209873.0
198.098,0.0,90196.0,5123.0,45.0,131.222,2489222990.0
198.198,0.0,90196.0,5123.0,45.0,131.213,2489236108.0
198.297,0.0,90196.0,5123.0,45.0,131.214,2489249213.0
198.399,0.0,90196.0,5123.0,45.0,131.232,2489262337.0
198.498,0.0,90196.0,5123.0,45.0,131.224,2489275448.0
198.599,0.0,90196.0,5123.0,45.0,131.239,2489288560.0
198.697,0.0,90196.0,5123.0,45.0,131.236,2489301668.0
198.798,0.0,90196.0,5123.0,45.0,131.223,2489314774.0
198.898,0.0,90196.0,5123.0,45.0,131.229,2489327884.0
198.999,0.0,90196.0,5123.0,45.0,131.238,2489340994.0
199.099,0.0,90196.0,5123.0,45.0,131.215,2489354107.0
199.199,0.0,90196.0,5123.0,45.0,131.227,2489367222.0
199.299,0.0,90196.0,5123.0,45.0,131.23,2489380336.0
199.399,0.0,90196.0,5123.0,45.0,131.227,2489393463.0
199.498,0.0,90196.0,5123.0,45.0,131.227,2489406577.0
199.598,0.0,90196.0,5123.0,45.0,131.219,2489419692.0
199.698,0.0,90196.0,5123.0,45.0,131.221,2489432797.0
199.799,0.0,90196.0,5123.0,45.0,131.216,2489445916.0
199.898,0.0,90196.0,5123.0,45.0,131.216,2489459041.0
199.999,0.0,90196.0,5123.0,45.0,131.234,2489472134.0
200.099,0.0,90196.0,5123.0,45.0,131.198,2489485245.0
200.199,0.0,90196.0,5123.0,45.0,131.2,2489498363.0
200.299,0.0,90196.0,5123.0,45.0,131.197,2489511474.0
200.399,0.0,90196.0,5123.0,45.0,131.191,2489524580.0
200.498,0.0,90196.0,5123.0,45.0,131.191,2489537685.0
200.598,0.0,90196.0,5123.0,45.0,131.18,2489537685.0
200.698,0.0,90196.0,5123.0,45.0,131.176,2489550797.0
200.798,0.0,90196.0,5123.0,45.0,131.162,2489563909.0
200.898,0.0,90196.0,5123.0,45.0,131.171,2489590120.0
200.998,0.0,90196.0,5123.0,45.0,131.185,2489603248.0
201.098,0.0,90196.0,5123.0,45.0,131.183,2489616370.0
201.198,0.0,90196.0,5123.0,45.0,131.198,2489629482.0
201.298,0.0,90196.0,5123.0,45.0,131.21,2489642604.0
201.398,0.0,90196.0,5123.0,45.0,131.219,2489655713.0
201.498,0.0,90196.0,5123.0,45.0,131.21,2489668837.0
201.599,0.0,90196.0,5123.0,45.0,131.226,2489681948.0
201.698,0.0,90196.0,5123.0,45.0,131.229,2489695057.0
201.799,0.0,90196.0,5123.0,45.0,131.229,2489695057.0
201.898,0.0,90196.0,5123.0,45.0,131.229,2489695057.0
201.997,0.0,90196.0,5123.0,45.0,131.253,2489734432.0
202.099,0.0,90196.0,5123.0,45.0,131.264,2489747543.0
202.198,0.0,90196.0,5123.0,45.0,131.264,2489747543.0
202.298,0.0,90196.0,5123.0,45.0,131.271,2489760660.0
202.398,0.0,90196.0,5123.0,45.0,131.272,2489786911.0
202.499,0.0,90196.0,5123.0,45.0,131.493,2489800375.0
202.599,0.0,90196.0,5123.0,45.0,131.94,2489813937.0
202.699,0.0,90196.0,5123.0,45.0,132.394,2489827498.0
202.798,0.0,90196.0,5123.0,45.0,132.831,2489841064.0
202.898,0.0,90196.0,5123.0,45.0,133.243,2489854622.0
202.999,0.0,90196.0,5123.0,45.0,133.664,2489868182.0
203.099,0.0,90196.0,5123.0,45.0,134.605,2489881743.0
203.199,0.0,90196.0,5123.0,45.0,134.605,2489895320.0
203.299,0.0,90196.0,5123.0,45.0,135.06,2489908893.0
203.399,0.0,90196.0,5123.0,45.0,135.426,2489922468.0
203.498,0.0,90196.0,5123.0,45.0,135.747,2489936035.0
203.599,0.0,90196.0,5123.0,45.0,135.75,2489949598.0
203.699,0.0,90196.0,5123.0,45.0,135.759,2489949598.0
203.799,0.0,90196.0,5123.0,45.0,135.766,2489963180.0
203.899,0.0,90196.0,5123.0,45.0,135.774,2489976745.0
203.998,0.0,90196.0,5123.0,45.0,135.797,2490003904.0
204.099,0.0,90196.0,5123.0,45.0,135.784,2490017490.0
204.199,0.0,90196.0,5123.0,45.0,135.811,2490031075.0
204.299,0.0,90196.0,5123.0,45.0,135.805,2490044653.0
204.399,0.0,90196.0,5123.0,45.0,135.813,2490058233.0
204.498,0.0,90196.0,5123.0,45.0,135.82,2490071810.0
204.599,0.0,90196.0,5123.0,45.0,135.829,2490085391.0
204.698,0.0,90196.0,5123.0,45.0,135.836,2490098958.0
204.798,0.0,90196.0,5123.0,45.0,135.824,2490112529.0
204.898,0.0,90196.0,5123.0,45.0,135.83,2490126086.0
204.999,0.0,90196.0,5123.0,45.0,135.818,2490139660.0
205.098,0.0,90196.0,5123.0,45.0,135.828,2490153224.0
205.199,0.0,90196.0,5123.0,45.0,135.809,2490166808.0
205.299,0.0,90196.0,5123.0,45.0,135.807,2490180365.0
205.399,0.0,90196.0,5123.0,45.0,135.801,2490193954.0
205.498,0.0,90196.0,5123.0,45.0,135.795,2490207521.0
205.599,0.0,90196.0,5123.0,45.0,135.788,2490221096.0
205.698,0.0,90196.0,5123.0,45.0,135.809,2490234687.0
205.798,0.0,90196.0,5123.0,45.0,135.815,2490248267.0
205.898,0.0,90196.0,5123.0,45.0,135.827,2490261837.0
205.998,0.0,90196.0,5123.0,45.0,135.849,2490275414.0
206.098,0.0,90196.0,5123.0,45.0,135.862,2490288991.0
206.198,0.0,90196.0,5123.0,45.0,135.861,2490302579.0
206.299,0.0,90196.0,5123.0,45.0,135.874,2490316164.0
206.399,0.0,90196.0,5123.0,45.0,135.855,2490329733.0
206.499,0.0,90196.0,5123.0,45.0,135.874,2490343306.0
206.598,0.0,90196.0,5123.0,45.0,135.874,2490356875.0
206.699,0.0,90196.0,5123.0,45.0,135.848,2490356875.0
206.799,0.0,90196.0,5123.0,45.0,135.86,2490370460.0
206.899,0.0,90196.0,5123.0,45.0,135.873,2490384035.0
206.999,0.0,90196.0,5123.0,45.0,135.885,2490411220.0
207.099,0.0,90196.0,5123.0,45.0,135.874,2490424805.0
207.199,0.0,90196.0,5123.0,45.0,135.874,2490438387.0
207.298,0.0,90196.0,5123.0,45.0,135.875,2490451950.0
207.399,0.0,90196.0,5123.0,45.0,135.875,2490465549.0
207.499,0.0,90196.0,5123.0,45.0,135.887,2490479122.0
207.599,0.0,90196.0,5123.0,45.0,135.881,2490492710.0
207.699,0.0,90196.0,5123.0,45.0,135.892,2490506276.0
207.798,0.0,90196.0,5123.0,45.0,135.886,2490519864.0
207.899,0.0,90196.0,5123.0,45.0,135.875,2490533443.0
207.999,0.0,90196.0,5123.0,45.0,135.857,2490547022.0
208.098,0.0,90196.0,5123.0,45.0,135.869,2490560607.0
208.198,0.0,90196.0,5123.0,45.0,135.869,2490574202.0
208.298,0.0,90196.0,5123.0,45.0,135.881,2490587782.0
208.399,0.0,90196.0,5123.0,45.0,135.874,2490601367.0
208.499,0.0,90196.0,5123.0,45.0,135.881,2490614943.0
208.598,0.0,90196.0,5123.0,45.0,135.886,2490628525.0
208.698,0.0,90196.0,5123.0,45.0,135.906,2490642120.0
208.798,0.0,90196.0,5123.0,45.0,135.906,2490655712.0
208.898,0.0,90196.0,5123.0,45.0,135.912,2490669303.0
208.998,0.0,90196.0,5123.0,45.0,135.92,2490682884.0
209.096,0.0,90196.0,5123.0,45.0,135.927,2490696466.0
209.196,0.0,90196.0,5123.0,45.0,135.908,2490710051.0
209.298,0.0,90196.0,5123.0,45.0,135.914,2490723626.0
209.398,0.0,90196.0,5123.0,45.0,135.902,2490737189.0
209.499,0.0,90196.0,5123.0,45.0,135.896,2490750770.0
209.598,0.0,90196.0,5123.0,45.0,135.879,2490764331.0
209.699,0.0,90196.0,5123.0,45.0,135.879,2490777923.0
209.798,0.0,90196.0,5123.0,45.0,135.879,2490777923.0
209.898,0.0,90196.0,5123.0,45.0,135.879,2490791505.0
209.999,0.0,90196.0,5123.0,45.0,135.894,2490805103.0
210.099,0.0,90196.0,5123.0,45.0,135.907,2490832283.0
210.198,0.0,90196.0,5123.0,45.0,135.887,2490845866.0
210.299,0.0,90196.0,5123.0,45.0,135.899,2490859440.0
210.398,0.0,90196.0,5123.0,45.0,135.905,2490873039.0
210.498,0.0,90196.0,5123.0,45.0,135.917,2490886621.0
210.598,0.0,90196.0,5123.0,45.0,135.919,2490900211.0
210.696,0.0,90196.0,5123.0,45.0,135.929,2490913786.0
210.798,0.0,90196.0,5123.0,45.0,135.93,2490927379.0
210.898,0.0,90196.0,5123.0,45.0,135.94,2490940962.0
210.998,0.0,90196.0,5123.0,45.0,135.917,2490954551.0
211.098,0.0,90196.0,5123.0,45.0,135.917,2490968133.0
211.198,0.0,90196.0,5123.0,45.0,135.914,2490981709.0
211.298,0.0,90196.0,5123.0,45.0,135.913,2490995291.0
211.398,0.0,90196.0,5123.0,45.0,135.901,2491008875.0
211.499,0.0,90196.0,5123.0,45.0,135.894,2491022465.0
211.598,0.0,90196.0,5123.0,45.0,135.905,2491036053.0
211.697,0.0,90196.0,5123.0,45.0,135.918,2491049655.0
211.798,0.0,90196.0,5123.0,45.0,135.929,2491063248.0
211.899,0.0,90196.0,5123.0,45.0,135.905,2491076835.0
211.998,0.0,90196.0,5123.0,45.0,135.923,2491090421.0
212.099,0.0,90196.0,5123.0,45.0,135.946,2491104014.0
212.199,0.0,90196.0,5123.0,45.0,135.941,2491117609.0
212.299,0.0,90196.0,5123.0,45.0,135.962,2491131195.0
212.399,0.0,90196.0,5123.0,45.0,135.963,2491144786.0
212.498,0.0,90196.0,5123.0,45.0,135.963,2491158368.0
212.599,0.0,90196.0,5123.0,45.0,135.97,2491171970.0
212.698,0.0,90196.0,5123.0,45.0,135.952,2491185573.0
212.798,0.0,90196.0,5123.0,45.0,135.952,2491199154.0
212.898,0.0,90196.0,5123.0,45.0,135.956,2491199154.0
212.996,0.0,90196.0,5123.0,45.0,135.955,2491212726.0
213.098,0.0,90196.0,5123.0,45.0,135.954,2491226304.0
213.198,0.0,90196.0,5123.0,45.0,135.948,2491253507.0
213.298,0.0,90196.0,5123.0,45.0,135.96,2491267089.0
213.398,0.0,90196.0,5123.0,45.0,135.966,2491280688.0
213.498,0.0,90196.0,5123.0,45.0,135.98,2491294271.0
213.598,0.0,90196.0,5123.0,45.0,135.965,2491307867.0
213.699,0.0,90196.0,5123.0,45.0,135.961,2491321449.0
213.798,0.0,90196.0,5123.0,45.0,135.962,2491335046.0
213.898,0.0,90196.0,5123.0,45.0,135.981,2491348635.0
213.996,0.0,90196.0,5123.0,45.0,135.974,2491362228.0
214.098,0.0,90196.0,5123.0,45.0,135.981,2491375829.0
214.198,0.0,90196.0,5123.0,45.0,135.981,2491389417.0
214.298,0.0,90196.0,5123.0,45.0,135.975,2491403012.0
214.397,0.0,90196.0,5123.0,45.0,135.978,2491416608.0
214.498,0.0,90196.0,5123.0,45.0,135.972,2491430210.0
214.599,0.0,90196.0,5123.0,45.0,135.996,2491443800.0
214.699,0.0,90196.0,5123.0,45.0,135.996,2491457386.0
214.798,0.0,90196.0,5123.0,45.0,136.002,2491470994.0
214.897,0.0,90196.0,5123.0,45.0,135.999,2491484598.0
214.999,0.0,90196.0,5123.0,45.0,136.017,2491498183.0
215.098,0.0,90196.0,5123.0,45.0,136.003,2491511781.0
215.198,0.0,90196.0,5123.0,45.0,136.023,2491525383.0
215.298,0.0,90196.0,5123.0,45.0,136.02,2491538971.0
215.399,0.0,90196.0,5123.0,45.0,136.017,2491552559.0
215.499,0.0,90196.0,5123.0,45.0,136.01,2491566142.0
215.598,0.0,90196.0,5123.0,45.0,135.992,2491579739.0
215.699,0.0,90196.0,5123.0,45.0,135.992,2491593317.0
215.799,0.0,90196.0,5123.0,45.0,135.98,2491606916.0
215.898,0.0,90196.0,5123.0,45.0,135.983,2491606916.0
215.997,0.0,90196.0,5123.0,45.0,135.979,2491620500.0
216.099,0.0,90196.0,5123.0,45.0,135.992,2491634098.0
216.198,0.0,90196.0,5123.0,45.0,135.978,2491661314.0
216.299,0.0,90196.0,5123.0,45.0,135.982,2491674903.0
216.398,0.0,90196.0,5123.0,45.0,135.979,2491688502.0
216.498,0.0,90196.0,5123.0,45.0,136.009,2491702100.0
216.598,0.0,90196.0,5123.0,45.0,136.003,2491715695.0
216.698,0.0,90196.0,5123.0,45.0,136.012,2491729290.0
216.798,0.0,90196.0,5123.0,45.0,136.014,2491742872.0
216.899,0.0,90196.0,5123.0,45.0,136.016,2491756467.0
216.999,0.0,90196.0,5123.0,45.0,136.022,2491770067.0
217.099,0.0,90196.0,5123.0,45.0,136.016,2491783671.0
217.198,0.0,90196.0,5123.0,45.0,136.007,2491797257.0
217.299,0.0,90196.0,5123.0,45.0,135.997,2491810846.0
217.398,0.0,90196.0,5123.0,45.0,136.006,2491824457.0
217.498,0.0,90196.0,5123.0,45.0,135.989,2491838053.0
217.599,0.0,90196.0,5123.0,45.0,136.007,2491851652.0
217.697,0.0,90196.0,5123.0,45.0,136.012,2491865248.0
217.799,0.0,90196.0,5123.0,45.0,136.041,2491878871.0
217.898,0.0,90196.0,5123.0,45.0,136.039,2491892474.0
217.998,0.0,90196.0,5123.0,45.0,136.052,2491906074.0
218.098,0.0,90196.0,5123.0,45.0,136.05,2491919673.0
218.199,0.0,90196.0,5123.0,45.0,136.07,2491933279.0
218.298,0.0,90196.0,5123.0,45.0,136.081,2491946871.0
218.399,0.0,90196.0,5123.0,45.0,136.099,2491960470.0
218.498,0.0,90196.0,5123.0,45.0,136.081,2491974061.0
218.599,0.0,90196.0,5123.0,45.0,136.081,2491987664.0
218.698,0.0,90196.0,5123.0,45.0,136.064,2492001256.0
218.799,0.0,90196.0,5123.0,45.0,136.064,2492014861.0
218.898,0.0,90196.0,5123.0,45.0,136.078,2492014861.0
218.999,0.0,90196.0,5123.0,45.0,136.071,2492028463.0
219.098,0.0,90196.0,5123.0,45.0,136.09,2492042057.0
219.197,0.0,90196.0,5123.0,45.0,136.078,2492069291.0
219.298,0.0,90196.0,5123.0,45.0,136.089,2492082887.0
219.398,0.0,90196.0,5123.0,45.0,136.095,2492096494.0
219.498,0.0,90196.0,5123.0,45.0,136.096,2492110097.0
219.598,0.0,90196.0,5123.0,45.0,136.084,2492123688.0
219.698,0.0,90196.0,5123.0,45.0,136.089,2492137294.0
219.798,0.0,90196.0,5123.0,45.0,136.094,2492150889.0
219.898,0.0,90196.0,5123.0,45.0,136.094,2492164502.0
219.996,0.0,90196.0,5123.0,45.0,136.096,2492178101.0
220.098,0.0,90196.0,5123.0,45.0,136.077,2492191706.0
220.199,0.0,90196.0,5123.0,45.0,136.076,2492205314.0
220.299,0.0,90196.0,5123.0,45.0,136.072,2492218915.0
220.398,0.0,90196.0,5123.0,45.0,136.076,2492232515.0
220.498,0.0,90196.0,5123.0,45.0,136.072,2492246120.0
220.599,0.0,90196.0,5123.0,45.0,136.089,2492259732.0
220.698,0.0,90196.0,5123.0,45.0,136.089,2492273328.0
220.798,0.0,90196.0,5123.0,45.0,136.1,2492286937.0
220.899,0.0,90196.0,5123.0,45.0,136.088,2492300543.0
220.998,0.0,90196.0,5123.0,45.0,136.082,2492314143.0
221.099,0.0,90196.0,5123.0,45.0,136.093,2492327742.0
221.198,0.0,90196.0,5123.0,45.0,136.095,2492341339.0
221.298,0.0,90196.0,5123.0,45.0,136.09,2492354945.0
221.398,0.0,90196.0,5123.0,45.0,136.094,2492368547.0
221.499,0.0,90196.0,5123.0,45.0,136.107,2492382147.0
221.599,0.0,90196.0,5123.0,45.0,136.1,2492395757.0
221.699,0.0,90196.0,5123.0,45.0,136.1,2492409352.0
221.798,0.0,90196.0,5123.0,45.0,136.107,2492409352.0
221.899,0.0,90196.0,5123.0,45.0,136.117,2492422959.0
221.999,0.0,90196.0,5123.0,45.0,136.123,2492436569.0
222.099,0.0,90196.0,5123.0,45.0,136.123,2492463799.0
222.198,0.0,90196.0,5123.0,45.0,136.135,2492477398.0
222.299,0.0,90196.0,5123.0,45.0,136.129,2492491013.0
222.398,0.0,90196.0,5123.0,45.0,136.129,2492504612.0
222.498,0.0,90196.0,5123.0,45.0,136.124,2492518216.0
222.598,0.0,90196.0,5123.0,45.0,136.124,2492531814.0
222.698,0.0,90196.0,5123.0,45.0,143.132,2492553687.0
222.798,37.0,90196.0,5123.0,52.0,176.085,2492607500.0
222.898,37.0,90196.0,5123.0,55.0,233.948,2492678120.0
222.999,90.0,90196.0,5123.0,56.0,279.581,2492738623.0
223.098,90.0,90196.0,5123.0,57.0,328.958,2492800403.0
223.197,93.0,90196.0,5123.0,58.0,376.339,2492862243.0
223.299,93.0,90196.0,5123.0,59.0,426.977,2492926869.0
223.397,93.0,90196.0,5123.0,59.0,466.3,2492987192.0
223.498,93.0,90196.0,5123.0,60.0,522.941,2493050366.0
223.599,99.0,90196.0,5123.0,60.0,559.601,2493109133.0
223.699,99.0,90196.0,5123.0,61.0,608.954,2493173887.0
223.798,98.0,90196.0,5123.0,58.0,606.701,2493207161.0
223.898,98.0,90196.0,5123.0,56.0,566.931,2493236206.0
223.998,65.0,90196.0,5123.0,55.0,503.741,2493264267.0
224.098,65.0,90196.0,5123.0,55.0,503.741,2493294173.0
224.198,65.0,90196.0,5123.0,54.0,466.681,2493294173.0
224.297,65.0,90196.0,5123.0,53.0,432.684,2493320806.0
224.398,65.0,90196.0,5123.0,53.0,400.322,2493349975.0
224.498,65.0,90196.0,5123.0,53.0,364.758,2493405241.0
224.598,65.0,90196.0,5123.0,53.0,334.694,2493434425.0
224.699,65.0,90196.0,5123.0,52.0,295.03,2493460521.0
224.798,64.0,90196.0,5123.0,52.0,283.595,2493488849.0
224.898,64.0,90196.0,5123.0,52.0,283.255,2493517315.0
224.998,65.0,90196.0,5123.0,52.0,282.291,2493546646.0
225.098,65.0,90196.0,5123.0,52.0,280.585,2493574634.0
225.197,64.0,90196.0,5123.0,52.0,282.561,2493602037.0
225.298,64.0,90196.0,5123.0,52.0,279.135,2493629907.0
225.397,64.0,90196.0,5123.0,52.0,279.307,2493657437.0
225.498,64.0,90196.0,5123.0,52.0,279.832,2493687001.0
225.599,64.0,90196.0,5123.0,52.0,280.245,2493714458.0
225.697,64.0,90196.0,5123.0,52.0,281.748,2493743723.0
225.797,65.0,90196.0,5123.0,52.0,281.974,2493773827.0
225.898,65.0,90196.0,5123.0,52.0,283.94,2493802422.0
225.997,65.0,90196.0,5123.0,52.0,283.183,2493831592.0
226.098,65.0,90196.0,5123.0,52.0,285.107,2493859788.0
226.198,65.0,90196.0,5123.0,52.0,283.358,2493887243.0
226.297,65.0,90196.0,5123.0,52.0,283.597,2493915290.0
226.398,65.0,90196.0,5123.0,52.0,284.018,2493942991.0
226.499,65.0,90196.0,5123.0,51.0,281.896,2493970135.0
226.599,64.0,90196.0,5123.0,52.0,283.052,2493999724.0
226.698,64.0,90196.0,5123.0,52.0,283.052,2494028538.0
226.798,65.0,90196.0,5123.0,52.0,280.893,2494028538.0
226.898,65.0,90196.0,5123.0,52.0,283.514,2494055374.0
226.999,65.0,90196.0,5123.0,52.0,278.82,2494085506.0
227.099,65.0,90196.0,5123.0,52.0,277.398,2494139977.0
227.198,65.0,90196.0,5123.0,52.0,279.516,2494168243.0
227.299,65.0,90196.0,5123.0,52.0,279.664,2494195723.0
227.398,65.0,90196.0,5123.0,52.0,279.407,2494223020.0
227.498,65.0,90196.0,5123.0,52.0,280.482,2494251372.0
227.599,65.0,90196.0,5123.0,52.0,280.776,2494280205.0
227.698,65.0,90196.0,5123.0,52.0,278.839,2494307277.0
227.798,63.0,90196.0,5123.0,51.0,277.549,2494333766.0
227.897,63.0,90196.0,5123.0,51.0,278.165,2494362617.0
227.997,65.0,90196.0,5123.0,52.0,278.397,2494389720.0
228.098,65.0,90196.0,5123.0,51.0,279.257,2494417928.0
228.198,65.0,90196.0,5123.0,52.0,277.614,2494444121.0
228.296,65.0,90196.0,5123.0,51.0,276.658,2494471271.0
228.398,65.0,90196.0,5123.0,51.0,275.641,2494499047.0
228.497,65.0,90196.0,5123.0,51.0,276.177,2494528161.0
228.598,65.0,90196.0,5123.0,51.0,276.544,2494557450.0
228.699,65.0,90196.0,5123.0,51.0,276.668,2494584754.0
228.798,64.0,90196.0,5123.0,51.0,280.702,2494613697.0
228.898,64.0,90196.0,5123.0,51.0,277.717,2494641527.0
228.998,65.0,90196.0,5123.0,51.0,278.356,2494669739.0
229.098,65.0,90196.0,5123.0,51.0,277.898,2494696301.0
229.198,64.0,90196.0,5123.0,51.0,278.68,2494724320.0
229.298,64.0,90196.0,5123.0,51.0,281.397,2494753068.0
229.398,65.0,90196.0,5123.0,51.0,281.825,2494753068.0
229.498,65.0,90196.0,5123.0,51.0,280.96,2494779150.0
229.598,65.0,90196.0,5123.0,51.0,277.23,2494805892.0
229.697,65.0,90196.0,5123.0,51.0,275.905,2494859936.0
229.798,65.0,90196.0,5123.0,51.0,272.158,2494886609.0
229.898,65.0,90196.0,5123.0,51.0,273.253,2494914083.0
229.998,63.0,90196.0,5123.0,51.0,272.237,2494941163.0
230.098,63.0,90196.0,5123.0,51.0,270.673,2494966731.0
230.198,61.0,90196.0,5123.0,51.0,267.318,2494991742.0
230.298,61.0,90196.0,5123.0,51.0,264.725,2495018019.0
230.399,61.0,90196.0,5123.0,51.0,264.204,2495044354.0
230.499,61.0,90196.0,5123.0,51.0,266.247,2495072645.0
230.598,60.0,90196.0,5123.0,51.0,265.632,2495098054.0
230.698,60.0,90196.0,5123.0,51.0,261.778,2495121823.0
230.798,61.0,90196.0,5123.0,51.0,261.412,2495146866.0
230.898,61.0,90196.0,5123.0,51.0,255.846,2495169968.0
230.998,61.0,90196.0,5123.0,50.0,256.028,2495196441.0
231.099,61.0,90196.0,5123.0,50.0,255.934,2495221473.0
231.198,61.0,90196.0,5123.0,50.0,255.525,2495245463.0
231.299,61.0,90196.0,5123.0,50.0,252.427,2495269266.0
231.399,61.0,90196.0,5123.0,50.0,252.099,2495294946.0
231.499,61.0,90196.0,5123.0,50.0,245.907,2495317441.0
231.598,61.0,90196.0,5123.0,50.0,245.026,2495342220.0
231.697,61.0,90196.0,5123.0,50.0,244.456,2495365038.0
231.799,61.0,90196.0,5123.0,50.0,240.927,2495388525.0
231.899,61.0,90196.0,5123.0,50.0,244.408,2495414080.0
231.999,61.0,90196.0,5123.0,50.0,244.408,2495437275.0
232.099,61.0,90196.0,5123.0,50.0,241.452,2495437275.0
232.198,61.0,90196.0,5123.0,50.0,240.345,2495462949.0
232.299,58.0,90196.0,5123.0,50.0,239.011,2495486270.0
232.399,58.0,90196.0,5123.0,50.0,234.329,2495530195.0
232.499,58.0,90196.0,5123.0,50.0,234.917,2495553281.0
232.598,58.0,90196.0,5123.0,50.0,233.658,2495575954.0
232.698,58.0,90196.0,5123.0,49.0,233.297,2495599055.0
232.798,58.0,90196.0,5123.0,49.0,232.476,2495620015.0
232.898,58.0,90196.0,5123.0,49.0,228.943,2495642211.0
232.998,57.0,90196.0,5123.0,49.0,226.148,2495663557.0
233.097,57.0,90196.0,5123.0,49.0,223.782,2495685162.0
233.199,57.0,90196.0,5123.0,49.0,220.702,2495706564.0
233.299,57.0,90196.0,5123.0,48.0,215.705,2495722215.0
233.398,12.0,90196.0,5123.0,48.0,207.771,2495735642.0
233.498,12.0,90196.0,5123.0,47.0,198.962,2495749067.0
233.598,0.0,90196.0,5123.0,47.0,188.694,2495762523.0
233.699,0.0,90196.0,5123.0,47.0,179.395,2495775968.0
233.796,0.0,90196.0,5123.0,47.0,171.832,2495789371.0
233.898,0.0,90196.0,5123.0,47.0,163.777,2495802765.0
233.998,0.0,90196.0,5123.0,47.0,155.489,2495816163.0
234.097,0.0,90196.0,5123.0,47.0,146.912,2495829533.0
234.196,0.0,90196.0,5123.0,46.0,138.649,2495842890.0
234.297,0.0,90196.0,5123.0,46.0,134.252,2495856241.0
234.398,0.0,90196.0,5123.0,46.0,134.049,2495869612.0
234.497,0.0,90196.0,5123.0,46.0,133.976,2495882959.0
234.599,0.0,90196.0,5123.0,46.0,133.872,2495896307.0
234.698,0.0,90196.0,5123.0,48.0,153.268,2495936080.0
234.798,86.0,90196.0,5123.0,55.0,199.201,2495936080.0
234.898,86.0,90196.0,5123.0,54.0,248.616,2495996203.0
234.998,92.0,90196.0,5123.0,57.0,308.693,2496121486.0
235.099,92.0,90196.0,5123.0,57.0,344.746,2496180759.0
235.198,92.0,90196.0,5123.0,59.0,395.254,2496244472.0
235.299,92.0,90196.0,5123.0,60.0,442.967,2496305508.0
235.398,92.0,90196.0,5123.0,61.0,492.875,2496368929.0
235.498,92.0,90196.0,5123.0,61.0,537.846,2496427492.0
235.598,93.0,90196.0,5123.0,61.0,578.148,2496484327.0
235.697,93.0,90196.0,5123.0,57.0,582.868,2496513071.0
235.798,65.0,90196.0,5123.0,56.0,553.47,2496539998.0
235.898,65.0,90196.0,5123.0,55.0,515.538,2496567649.0
235.998,65.0,90196.0,5123.0,54.0,482.041,2496596485.0
236.098,65.0,90196.0,5123.0,54.0,452.713,2496624891.0
236.199,63.0,90196.0,5123.0,54.0,414.952,2496652983.0
236.298,63.0,90196.0,5123.0,53.0,385.73,2496680849.0
236.398,64.0,90196.0,5123.0,53.0,353.205,2496708931.0
236.497,64.0,90196.0,5123.0,53.0,321.572,2496737625.0
236.598,65.0,90196.0,5123.0,53.0,286.48,2496765252.0
236.698,65.0,90196.0,5123.0,52.0,280.595,2496793329.0
236.798,65.0,90196.0,5123.0,52.0,282.439,2496822059.0
236.898,65.0,90196.0,5123.0,52.0,282.771,2496849863.0
236.998,65.0,90196.0,5123.0,52.0,282.771,2496849863.0
237.098,65.0,90196.0,5123.0,52.0,282.212,2496878735.0
237.198,65.0,90196.0,5123.0,52.0,279.573,2496905197.0
237.298,63.0,90196.0,5123.0,52.0,280.145,2496960993.0
237.398,64.0,90196.0,5123.0,52.0,279.603,2496988146.0
237.498,64.0,90196.0,5123.0,52.0,277.66,2497014828.0
237.597,65.0,90196.0,5123.0,52.0,278.325,2497041858.0
237.698,65.0,90196.0,5123.0,52.0,277.843,2497069920.0
237.799,65.0,90196.0,5123.0,52.0,277.483,2497097974.0
237.898,65.0,90196.0,5123.0,52.0,278.812,2497126535.0
237.998,63.0,90196.0,5123.0,52.0,274.917,2497152104.0
238.099,63.0,90196.0,5123.0,52.0,276.652,2497180631.0
238.198,65.0,90196.0,5123.0,52.0,276.693,2497207508.0
238.298,65.0,90196.0,5123.0,52.0,275.324,2497234675.0
238.398,65.0,90196.0,5123.0,52.0,274.497,2497261742.0
238.498,65.0,90196.0,5123.0,52.0,275.414,2497289473.0
238.598,65.0,90196.0,5123.0,52.0,275.621,2497316891.0
238.698,65.0,90196.0,5123.0,52.0,274.775,2497344410.0
238.798,64.0,90196.0,5123.0,52.0,276.129,2497374279.0
238.898,64.0,90196.0,5123.0,52.0,274.94,2497402621.0
238.998,65.0,90196.0,5123.0,52.0,277.615,2497402621.0
239.098,65.0,90196.0,5123.0,52.0,276.58,2497457251.0
239.199,65.0,90196.0,5123.0,52.0,276.58,2497484567.0
239.297,65.0,90196.0,5123.0,52.0,278.377,2497484567.0
239.398,65.0,90196.0,5123.0,52.0,278.377,2497540036.0
239.498,65.0,90196.0,5123.0,52.0,277.617,2497540036.0
239.598,64.0,90196.0,5123.0,52.0,277.028,2497593876.0
239.697,64.0,90196.0,5123.0,52.0,279.721,2497624299.0
239.799,65.0,90196.0,5123.0,52.0,277.073,2497650917.0
239.897,65.0,90196.0,5123.0,52.0,276.147,2497678380.0
239.999,65.0,90196.0,5123.0,52.0,277.406,2497706664.0
240.098,65.0,90196.0,5123.0,51.0,278.059,2497733448.0
240.198,65.0,90196.0,5123.0,51.0,276.653,2497759493.0
240.298,65.0,90196.0,5123.0,51.0,273.264,2497784704.0
240.397,64.0,90196.0,5123.0,51.0,273.32,2497812156.0
240.499,64.0,90196.0,5123.0,51.0,272.581,2497838924.0
240.598,65.0,90196.0,5123.0,51.0,271.692,2497864607.0
240.697,65.0,90196.0,5123.0,51.0,269.795,2497892057.0
240.798,62.0,90196.0,5123.0,51.0,268.127,2497917931.0
240.898,62.0,90196.0,5123.0,51.0,266.881,2497917931.0
240.998,60.0,90196.0,5123.0,51.0,263.814,2497944851.0
241.098,60.0,90196.0,5123.0,51.0,261.453,2497971290.0
241.197,61.0,90196.0,5123.0,51.0,261.66,2498023718.0
241.299,61.0,90196.0,5123.0,51.0,262.291,2498049398.0
241.398,61.0,90196.0,5123.0,51.0,261.82,2498075624.0
241.498,61.0,90196.0,5123.0,51.0,261.426,2498102446.0
241.598,61.0,90196.0,5123.0,51.0,259.04,2498126075.0
241.698,61.0,90196.0,5123.0,51.0,258.603,2498152424.0
241.799,61.0,90196.0,5123.0,51.0,257.913,2498178198.0
241.897,61.0,90196.0,5123.0,51.0,257.694,2498203757.0
241.998,61.0,90196.0,5123.0,51.0,257.018,2498229179.0
242.098,61.0,90196.0,5123.0,51.0,257.783,2498254219.0
242.198,61.0,90196.0,5123.0,51.0,257.002,2498279848.0
242.299,61.0,90196.0,5123.0,51.0,256.322,2498304856.0
242.398,61.0,90196.0,5123.0,51.0,256.628,2498331032.0
242.498,61.0,90196.0,5123.0,51.0,255.159,2498356784.0
242.598,60.0,90196.0,5123.0,51.0,256.361,2498381514.0
242.698,60.0,90196.0,5123.0,50.0,250.982,2498403318.0
242.798,61.0,90196.0,5123.0,50.0,248.726,2498426339.0
242.898,61.0,90196.0,5123.0,50.0,248.729,2498451919.0
242.998,61.0,90196.0,5123.0,50.0,247.913,2498477337.0
243.098,61.0,90196.0,5123.0,50.0,248.818,2498502387.0
243.198,61.0,90196.0,5123.0,50.0,249.75,2498528252.0
243.299,61.0,90196.0,5123.0,50.0,250.758,2498553868.0
243.398,59.0,90196.0,5123.0,50.0,247.011,2498576848.0
243.498,59.0,90196.0,5123.0,50.0,246.455,2498576848.0
243.598,58.0,90196.0,5123.0,50.0,244.571,2498601505.0
243.698,58.0,90196.0,5123.0,50.0,243.576,2498624846.0
243.798,58.0,90196.0,5123.0,50.0,243.867,2498668882.0
243.898,58.0,90196.0,5123.0,50.0,241.344,2498691690.0
243.997,58.0,90196.0,5123.0,50.0,238.93,2498714413.0
244.097,58.0,90196.0,5123.0,50.0,234.571,2498737270.0
244.197,57.0,90196.0,5123.0,50.0,231.555,2498759756.0
244.297,57.0,90196.0,5123.0,50.0,227.138,2498781222.0
244.398,58.0,90196.0,5123.0,49.0,227.577,2498803520.0
244.497,58.0,90196.0,5123.0,49.0,224.954,2498825985.0
244.599,56.0,90196.0,5123.0,49.0,224.487,2498848647.0
244.698,56.0,90196.0,5123.0,49.0,225.834,2498871053.0
244.799,57.0,90196.0,5123.0,49.0,224.636,2498892163.0
244.899,57.0,90196.0,5123.0,49.0,221.784,2498913754.0
244.998,55.0,90196.0,5123.0,49.0,220.09,2498934010.0
245.098,55.0,90196.0,5123.0,49.0,213.028,2498951866.0
245.198,0.0,90196.0,5123.0,48.0,203.818,2498965163.0
245.298,0.0,90196.0,5123.0,48.0,195.555,2498978426.0
245.398,0.0,90196.0,5123.0,47.0,186.909,2498991724.0
245.498,0.0,90196.0,5123.0,47.0,176.166,2499004978.0
245.598,0.0,90196.0,5123.0,47.0,170.339,2499018240.0
245.698,0.0,90196.0,5123.0,51.0,193.553,2499055672.0
245.798,100.0,90196.0,5123.0,55.0,229.181,2499112935.0
245.898,100.0,90196.0,5123.0,57.0,262.069,2499167278.0
245.999,100.0,90196.0,5123.0,57.0,262.069,2499231463.0
246.099,100.0,90196.0,5123.0,58.0,307.775,2499231463.0
246.199,100.0,90196.0,5123.0,59.0,352.108,2499290414.0
246.299,100.0,90196.0,5123.0,60.0,397.299,2499413080.0
246.398,100.0,90196.0,5123.0,61.0,442.791,2499476751.0
246.497,100.0,90196.0,5123.0,61.0,536.115,2499535587.0
246.597,100.0,90196.0,5123.0,61.0,593.771,2499599728.0
246.698,100.0,90196.0,5123.0,62.0,590.65,2499651345.0
246.799,65.0,90196.0,5123.0,57.0,561.731,2499679524.0
246.898,65.0,90196.0,5123.0,56.0,535.359,2499707992.0
246.998,64.0,90196.0,5123.0,56.0,496.035,2499736698.0
247.099,64.0,90196.0,5123.0,55.0,464.602,2499764116.0
247.199,63.0,90196.0,5123.0,54.0,429.161,2499792943.0
247.299,63.0,90196.0,5123.0,54.0,402.651,2499820439.0
247.398,65.0,90196.0,5123.0,54.0,361.085,2499847841.0
247.499,65.0,90196.0,5123.0,53.0,329.264,2499875608.0
247.599,65.0,90196.0,5123.0,53.0,299.448,2499903119.0
247.699,65.0,90196.0,5123.0,53.0,278.349,2499930091.0
247.798,64.0,90196.0,5123.0,53.0,277.355,2499958124.0
247.899,64.0,90196.0,5123.0,53.0,278.182,2499987219.0
247.999,65.0,90196.0,5123.0,53.0,277.383,2500014765.0
248.099,65.0,90196.0,5123.0,53.0,277.375,2500042004.0
248.198,65.0,90196.0,5123.0,53.0,276.125,2500069018.0
248.299,65.0,90196.0,5123.0,52.0,275.317,2500096895.0
248.398,65.0,90196.0,5123.0,52.0,277.203,2500124502.0
248.498,65.0,90196.0,5123.0,52.0,278.201,2500124502.0
248.598,64.0,90196.0,5123.0,52.0,277.501,2500153257.0
248.697,64.0,90196.0,5123.0,52.0,276.278,2500206482.0
248.798,65.0,90196.0,5123.0,52.0,277.097,2500234561.0
248.898,65.0,90196.0,5123.0,52.0,275.201,2500263480.0
248.998,65.0,90196.0,5123.0,52.0,276.454,2500290419.0
249.099,65.0,90196.0,5123.0,52.0,278.585,2500319225.0
249.199,64.0,90196.0,5123.0,52.0,279.037,2500347777.0
249.298,64.0,90196.0,5123.0,52.0,280.548,2500376518.0
249.397,65.0,90196.0,5123.0,52.0,281.014,2500404513.0
249.498,65.0,90196.0,5123.0,52.0,280.837,2500433076.0
249.598,64.0,90196.0,5123.0,52.0,280.954,2500462456.0
249.699,64.0,90196.0,5123.0,52.0,283.516,2500489052.0
249.798,65.0,90196.0,5123.0,52.0,285.847,2500519475.0
249.898,65.0,90196.0,5123.0,52.0,285.783,2500547934.0
249.999,65.0,90196.0,5123.0,52.0,285.074,2500576845.0
250.099,65.0,90196.0,5123.0,52.0,285.921,2500605475.0
250.199,65.0,90196.0,5123.0,52.0,284.187,2500632939.0
250.299,65.0,90196.0,5123.0,52.0,282.32,2500659791.0
250.397,65.0,90196.0,5123.0,52.0,281.211,2500685956.0
250.498,65.0,90196.0,5123.0,52.0,280.773,2500713726.0
250.598,65.0,90196.0,5123.0,52.0,279.107,2500741535.0
250.697,65.0,90196.0,5123.0,52.0,278.581,2500768515.0
250.798,65.0,90196.0,5123.0,52.0,276.349,2500796622.0
250.899,65.0,90196.0,5123.0,52.0,275.378,2500823997.0
250.998,65.0,90196.0,5123.0,52.0,275.378,2500850764.0
251.098,64.0,90196.0,5123.0,52.0,275.16,2500850764.0
251.199,64.0,90196.0,5123.0,52.0,271.793,2500877506.0
251.299,65.0,90196.0,5123.0,52.0,272.585,2500905257.0
251.398,65.0,90196.0,5123.0,52.0,273.171,2500961293.0
251.499,65.0,90196.0,5123.0,52.0,273.565,2500987690.0
251.598,65.0,90196.0,5123.0,52.0,272.708,2501014361.0
251.697,65.0,90196.0,5123.0,52.0,272.489,2501042994.0
251.797,65.0,90196.0,5123.0,52.0,272.553,2501068663.0
251.898,65.0,90196.0,5123.0,52.0,271.372,2501096374.0
252.005,65.0,90196.0,5123.0,52.0,271.184,2501123983.0
252.099,65.0,90196.0,5123.0,52.0,271.143,2501150340.0
252.198,65.0,90196.0,5123.0,51.0,268.964,2501175912.0
252.299,65.0,90196.0,5123.0,51.0,268.7,2501203900.0
252.399,63.0,90196.0,5123.0,51.0,265.864,2501229765.0
252.498,63.0,90196.0,5123.0,51.0,266.169,2501255697.0
252.599,61.0,90196.0,5123.0,51.0,264.265,2501281237.0
252.698,61.0,90196.0,5123.0,51.0,260.986,2501305947.0
252.799,61.0,90196.0,5123.0,51.0,260.325,2501331003.0
252.898,61.0,90196.0,5123.0,51.0,259.542,2501357629.0
252.999,61.0,90196.0,5123.0,51.0,257.288,2501383253.0
253.098,61.0,90196.0,5123.0,51.0,258.676,2501408161.0
253.199,61.0,90196.0,5123.0,51.0,258.812,2501434560.0
253.299,61.0,90196.0,5123.0,51.0,256.761,2501460756.0
253.399,61.0,90196.0,5123.0,51.0,258.305,2501486185.0
253.499,61.0,90196.0,5123.0,51.0,256.169,2501510600.0
253.598,61.0,90196.0,5123.0,51.0,255.567,2501536108.0
253.698,61.0,90196.0,5123.0,51.0,256.018,2501561615.0
253.799,61.0,90196.0,5123.0,51.0,256.018,2501561615.0
253.898,61.0,90196.0,5123.0,51.0,256.236,2501585939.0
253.998,61.0,90196.0,5123.0,51.0,254.852,2501634148.0
254.097,61.0,90196.0,5123.0,51.0,251.698,2501658452.0
254.199,61.0,90196.0,5123.0,51.0,251.231,2501683475.0
254.298,61.0,90196.0,5123.0,51.0,249.808,2501706440.0
254.399,61.0,90196.0,5123.0,51.0,246.764,2501732209.0
254.499,62.0,90196.0,5123.0,51.0,247.287,2501755274.0
254.599,62.0,90196.0,5123.0,51.0,245.774,2501779551.0
254.697,61.0,90196.0,5123.0,50.0,244.614,2501801497.0
254.799,61.0,90196.0,5123.0,50.0,241.254,2501824022.0
254.898,59.0,90196.0,5123.0,50.0,238.366,2501846850.0
254.998,59.0,90196.0,5123.0,50.0,235.38,2501869417.0
255.098,58.0,90196.0,5123.0,50.0,236.191,2501892709.0
255.199,58.0,90196.0,5123.0,50.0,234.998,2501914670.0
255.299,57.0,90196.0,5123.0,50.0,231.735,2501938121.0
255.398,57.0,90196.0,5123.0,50.0,232.662,2501959752.0
255.499,58.0,90196.0,5123.0,50.0,228.346,2501983093.0
255.599,58.0,90196.0,5123.0,50.0,227.767,2502006129.0
255.698,58.0,90196.0,5123.0,50.0,226.736,2502028925.0
255.798,58.0,90196.0,5123.0,50.0,226.785,2502050684.0
255.899,58.0,90196.0,5123.0,50.0,226.048,2502074497.0
255.999,58.0,90196.0,5123.0,50.0,227.419,2502096768.0
256.098,57.0,90196.0,5123.0,49.0,225.756,2502116801.0
256.198,57.0,90196.0,5123.0,49.0,222.206,2502134727.0
256.299,18.0,90196.0,5123.0,49.0,216.882,2502148147.0
256.398,18.0,90196.0,5123.0,48.0,206.149,2502148147.0
256.498,0.0,90196.0,5123.0,48.0,197.055,2502161490.0
256.599,0.0,90196.0,5123.0,48.0,188.829,2502174812.0
256.698,0.0,90196.0,5123.0,47.0,178.22,2502209443.0
256.797,0.0,90196.0,5123.0,47.0,184.392,2502261843.0
256.899,100.0,90196.0,5123.0,53.0,222.737,2502332928.0
256.998,100.0,90196.0,5123.0,57.0,314.097,2502389413.0
257.098,93.0,90196.0,5123.0,59.0,353.832,2502453349.0
257.199,92.0,90196.0,5123.0,58.0,396.456,2502512211.0
257.298,92.0,90196.0,5123.0,60.0,446.448,2502576609.0
257.397,99.0,90196.0,5123.0,60.0,497.009,2502636357.0
257.499,99.0,90196.0,5123.0,61.0,535.82,2502700426.0
257.599,91.0,90196.0,5123.0,61.0,594.576,2502760299.0
257.699,91.0,90196.0,5123.0,62.0,615.408,2502825281.0
257.798,64.0,90196.0,5123.0,59.0,583.572,2502861496.0
257.898,64.0,90196.0,5123.0,57.0,550.061,2502890583.0
257.998,64.0,90196.0,5123.0,57.0,550.061,2502918688.0
258.098,65.0,90196.0,5123.0,56.0,517.075,2502947315.0
258.199,65.0,90196.0,5123.0,55.0,483.18,2502947315.0
258.299,65.0,90196.0,5123.0,55.0,448.633,2502975555.0
258.399,65.0,90196.0,5123.0,54.0,419.96,2503032192.0
258.498,65.0,90196.0,5123.0,54.0,388.424,2503060116.0
258.599,65.0,90196.0,5123.0,54.0,350.783,2503087767.0
258.698,65.0,90196.0,5123.0,54.0,321.568,2503116880.0
258.799,65.0,90196.0,5123.0,53.0,283.642,2503142596.0
258.897,64.0,90196.0,5123.0,53.0,282.589,2503171158.0
258.999,64.0,90196.0,5123.0,53.0,281.816,2503198568.0
259.099,65.0,90196.0,5123.0,53.0,280.583,2503226189.0
259.198,65.0,90196.0,5123.0,53.0,279.11,2503254299.0
259.298,65.0,90196.0,5123.0,53.0,278.286,2503283574.0
259.399,65.0,90196.0,5123.0,53.0,280.705,2503312614.0
259.498,65.0,90196.0,5123.0,53.0,282.287,2503341163.0
259.598,65.0,90196.0,5123.0,53.0,282.816,2503369011.0
259.699,65.0,90196.0,5123.0,52.0,281.364,2503395271.0
259.799,65.0,90196.0,5123.0,52.0,279.527,2503422142.0
259.898,64.0,90196.0,5123.0,52.0,279.734,2503448420.0
259.998,64.0,90196.0,5123.0,52.0,278.959,2503475930.0
260.099,65.0,90196.0,5123.0,52.0,277.629,2503501884.0
260.199,65.0,90196.0,5123.0,52.0,276.375,2503528296.0
260.298,65.0,90196.0,5123.0,52.0,275.739,2503557492.0
260.399,65.0,90196.0,5123.0,52.0,272.896,2503584209.0
260.498,64.0,90196.0,5123.0,52.0,272.251,2503584209.0
260.599,64.0,90196.0,5123.0,52.0,272.363,2503613099.0
260.698,65.0,90196.0,5123.0,52.0,272.677,2503639983.0
260.797,65.0,90196.0,5123.0,52.0,273.551,2503695002.0
260.897,65.0,90196.0,5123.0,52.0,275.335,2503723344.0
260.998,65.0,90196.0,5123.0,52.0,275.248,2503752115.0
261.098,65.0,90196.0,5123.0,52.0,277.415,2503780810.0
261.197,65.0,90196.0,5123.0,52.0,280.485,2503810216.0
261.298,64.0,90196.0,5123.0,52.0,281.748,2503838129.0
261.398,64.0,90196.0,5123.0,52.0,280.949,2503866485.0
261.499,65.0,90196.0,5123.0,52.0,283.246,2503894009.0
261.598,65.0,90196.0,5123.0,52.0,282.345,2503921755.0
261.699,65.0,90196.0,5123.0,52.0,281.992,2503948699.0
261.798,65.0,90196.0,5123.0,52.0,280.509,2503976397.0
261.899,65.0,90196.0,5123.0,52.0,280.885,2504004567.0
261.998,65.0,90196.0,5123.0,52.0,282.263,2504032454.0
262.099,64.0,90196.0,5123.0,52.0,280.42,2504058925.0
262.198,64.0,90196.0,5123.0,52.0,280.807,2504087865.0
262.298,64.0,90196.0,5123.0,52.0,279.995,2504115046.0
262.399,64.0,90196.0,5123.0,52.0,279.645,2504143909.0
262.498,64.0,90196.0,5123.0,52.0,279.446,2504172827.0
262.598,64.0,90196.0,5123.0,52.0,279.537,2504200821.0
262.698,63.0,90196.0,5123.0,52.0,280.412,2504229339.0
262.798,63.0,90196.0,5123.0,52.0,283.127,2504257484.0
262.898,65.0,90196.0,5123.0,52.0,284.127,2504285300.0
262.999,65.0,90196.0,5123.0,52.0,282.21,2504312713.0
263.098,65.0,90196.0,5123.0,52.0,281.838,2504312713.0
263.199,65.0,90196.0,5123.0,52.0,280.647,2504340664.0
263.298,65.0,90196.0,5123.0,52.0,278.065,2504366270.0
263.398,65.0,90196.0,5123.0,52.0,277.516,2504419657.0
263.498,65.0,90196.0,5123.0,52.0,276.802,2504446059.0
263.598,65.0,90196.0,5123.0,52.0,275.287,2504472047.0
263.698,65.0,90196.0,5123.0,52.0,272.303,2504498149.0
263.798,65.0,90196.0,5123.0,52.0,269.306,2504524228.0
263.898,65.0,90196.0,5123.0,52.0,268.018,2504552238.0
263.999,65.0,90196.0,5123.0,52.0,269.153,2504578103.0
264.099,62.0,90196.0,5123.0,51.0,267.572,2504603226.0
264.198,62.0,90196.0,5123.0,51.0,265.565,2504630954.0
264.298,62.0,90196.0,5123.0,52.0,265.85,2504655702.0
264.398,62.0,90196.0,5123.0,51.0,265.387,2504681952.0
264.498,61.0,90196.0,5123.0,51.0,262.625,2504709612.0
264.599,61.0,90196.0,5123.0,51.0,265.151,2504738254.0
264.699,62.0,90196.0,5123.0,51.0,269.153,2504764677.0
264.799,60.0,90196.0,5123.0,51.0,266.9,2504790384.0
264.897,60.0,90196.0,5123.0,51.0,264.633,2504814762.0
264.998,61.0,90196.0,5123.0,51.0,263.279,2504841092.0
265.099,61.0,90196.0,5123.0,51.0,262.507,2504865592.0
265.198,61.0,90196.0,5123.0,51.0,262.37,2504892710.0
265.298,61.0,90196.0,5123.0,51.0,262.473,2504916627.0
265.399,61.0,90196.0,5123.0,51.0,259.593,2504940420.0
265.498,61.0,90196.0,5123.0,51.0,258.855,2504967526.0
265.598,61.0,90196.0,5123.0,51.0,257.447,2504994221.0
265.698,61.0,90196.0,5123.0,51.0,253.409,2505018863.0
265.798,61.0,90196.0,5123.0,51.0,253.409,2505018863.0
265.898,61.0,90196.0,5123.0,51.0,253.025,2505042901.0
265.998,61.0,90196.0,5123.0,51.0,250.835,2505066630.0
266.099,61.0,90196.0,5123.0,51.0,249.814,2505112579.0
266.198,61.0,90196.0,5123.0,51.0,247.26,2505137637.0
266.298,61.0,90196.0,5123.0,51.0,245.73,2505160664.0
266.399,61.0,90196.0,5123.0,51.0,243.662,2505183907.0
266.498,59.0,90196.0,5123.0,50.0,242.856,2505206320.0
266.597,59.0,90196.0,5123.0,50.0,237.522,2505229253.0
266.699,57.0,90196.0,5123.0,50.0,233.26,2505251021.0
266.799,57.0,90196.0,5123.0,50.0,231.606,2505273153.0
266.898,58.0,90196.0,5123.0,50.0,229.594,2505295180.0
266.999,58.0,90196.0,5123.0,50.0,229.103,2505317487.0
267.097,58.0,90196.0,5123.0,50.0,227.734,2505341010.0
267.198,58.0,90196.0,5123.0,50.0,227.599,2505361482.0
267.298,54.0,90196.0,5123.0,49.0,221.935,2505378014.0
267.398,54.0,90196.0,5123.0,48.0,212.721,2505391528.0
267.498,0.0,90196.0,5123.0,48.0,195.28,2505405071.0
267.599,0.0,90196.0,5123.0,48.0,185.503,2505418580.0
267.698,0.0,90196.0,5123.0,47.0,177.758,2505432020.0
267.798,0.0,90196.0,5123.0,47.0,209.229,2505454309.0
267.899,37.0,90196.0,5123.0,54.0,253.616,2505521827.0
267.998,91.0,90196.0,5123.0,57.0,291.664,2505584965.0
268.097,91.0,90196.0,5123.0,58.0,329.056,2505646939.0
268.199,92.0,90196.0,5123.0,59.0,369.93,2505646939.0
268.297,92.0,90196.0,5123.0,61.0,424.126,2505709872.0
268.398,98.0,90196.0,5123.0,61.0,466.954,2505832440.0
268.498,98.0,90196.0,5123.0,60.0,518.191,2505889489.0
268.597,100.0,90196.0,5123.0,62.0,565.227,2505954044.0
268.698,100.0,90196.0,5123.0,61.0,616.218,2506014656.0
268.798,99.0,90196.0,5123.0,59.0,609.556,2506079262.0
268.898,99.0,90196.0,5123.0,57.0,570.03,2506114582.0
268.998,65.0,90196.0,5123.0,56.0,541.012,2506142824.0
269.099,65.0,90196.0,5123.0,55.0,507.439,2506173351.0
269.197,65.0,90196.0,5123.0,55.0,477.073,2506200664.0
269.297,65.0,90196.0,5123.0,55.0,442.79,2506229962.0
269.398,65.0,90196.0,5123.0,54.0,411.365,2506257836.0
269.499,65.0,90196.0,5123.0,54.0,380.753,2506287044.0
269.598,65.0,90196.0,5123.0,54.0,348.632,2506314564.0
269.698,65.0,90196.0,5123.0,54.0,315.85,2506344446.0
269.798,65.0,90196.0,5123.0,53.0,287.426,2506371675.0
269.898,65.0,90196.0,5123.0,53.0,286.088,2506398959.0
269.998,65.0,90196.0,5123.0,53.0,282.907,2506425979.0
270.099,65.0,90196.0,5123.0,53.0,283.369,2506454416.0
270.198,63.0,90196.0,5123.0,53.0,280.914,2506483158.0
270.299,63.0,90196.0,5123.0,53.0,280.914,2506510279.0
270.398,63.0,90196.0,5123.0,53.0,279.98,2506510279.0
270.499,65.0,90196.0,5123.0,53.0,279.832,2506538901.0
270.598,65.0,90196.0,5123.0,53.0,278.472,2506568687.0
270.698,64.0,90196.0,5123.0,53.0,279.866,2506624196.0
270.798,64.0,90196.0,5123.0,53.0,276.169,2506651010.0
270.898,65.0,90196.0,5123.0,52.0,279.29,2506679431.0
270.997,65.0,90196.0,5123.0,52.0,281.395,2506707732.0
271.097,64.0,90196.0,5123.0,52.0,279.874,2506734478.0
271.198,64.0,90196.0,5123.0,52.0,279.645,2506762336.0
271.298,65.0,90196.0,5123.0,52.0,279.75,2506789288.0
271.397,65.0,90196.0,5123.0,52.0,278.827,2506816254.0
271.498,64.0,90196.0,5123.0,52.0,276.732,2506844772.0
271.599,64.0,90196.0,5123.0,52.0,278.001,2506872936.0
271.697,65.0,90196.0,5123.0,52.0,276.888,2506899795.0
271.798,65.0,90196.0,5123.0,52.0,278.535,2506928377.0
271.899,65.0,90196.0,5123.0,52.0,279.161,2506956927.0
271.997,65.0,90196.0,5123.0,52.0,279.052,2506985447.0
272.099,65.0,90196.0,5123.0,52.0,280.738,2507013640.0
272.198,65.0,90196.0,5123.0,52.0,279.865,2507040763.0
272.298,65.0,90196.0,5123.0,52.0,281.695,2507067791.0
272.398,65.0,90196.0,5123.0,52.0,282.069,2507096089.0
272.499,65.0,90196.0,5123.0,52.0,280.884,2507122974.0
272.599,65.0,90196.0,5123.0,52.0,281.939,2507151253.0
272.698,65.0,90196.0,5123.0,52.0,280.839,2507179608.0
272.798,65.0,90196.0,5123.0,52.0,281.496,2507209061.0
272.899,65.0,90196.0,5123.0,52.0,279.311,2507235688.0
272.998,65.0,90196.0,5123.0,52.0,277.84,2507235688.0
273.099,64.0,90196.0,5123.0,52.0,278.667,2507263703.0
273.199,64.0,90196.0,5123.0,52.0,278.624,2507291648.0
273.299,65.0,90196.0,5123.0,52.0,279.604,2507350623.0
273.397,65.0,90196.0,5123.0,52.0,279.675,2507378113.0
273.497,65.0,90196.0,5123.0,52.0,282.697,2507406502.0
273.599,65.0,90196.0,5123.0,52.0,280.981,2507433074.0
273.699,65.0,90196.0,5123.0,52.0,281.206,2507461390.0
273.798,65.0,90196.0,5123.0,52.0,277.971,2507487641.0
273.899,64.0,90196.0,5123.0,52.0,277.982,2507513746.0
273.998,64.0,90196.0,5123.0,52.0,278.911,2507542801.0
274.099,65.0,90196.0,5123.0,52.0,276.875,2507570346.0
274.198,65.0,90196.0,5123.0,52.0,277.849,2507597678.0
274.299,65.0,90196.0,5123.0,52.0,275.268,2507624598.0
274.399,65.0,90196.0,5123.0,52.0,275.966,2507653251.0
274.498,65.0,90196.0,5123.0,52.0,274.034,2507680691.0
274.598,65.0,90196.0,5123.0,52.0,273.482,2507705705.0
274.698,65.0,90196.0,5123.0,52.0,272.961,2507731713.0
274.798,65.0,90196.0,5123.0,52.0,273.475,2507760385.0
274.899,62.0,90196.0,5123.0,52.0,272.036,2507787306.0
274.999,62.0,90196.0,5123.0,52.0,272.63,2507812942.0
275.099,62.0,90196.0,5123.0,52.0,271.472,2507840777.0
275.199,61.0,90196.0,5123.0,52.0,271.623,2507866688.0
275.298,61.0,90196.0,5123.0,52.0,270.161,2507893862.0
275.398,61.0,90196.0,5123.0,51.0,270.478,2507893862.0
275.498,61.0,90196.0,5123.0,51.0,268.063,2507921261.0
275.598,61.0,90196.0,5123.0,51.0,269.499,2507948105.0
275.698,61.0,90196.0,5123.0,51.0,269.427,2508000155.0
275.798,61.0,90196.0,5123.0,51.0,264.777,2508024360.0
275.898,61.0,90196.0,5123.0,51.0,264.1,2508049905.0
275.998,61.0,90196.0,5123.0,51.0,260.408,2508075567.0
276.098,61.0,90196.0,5123.0,51.0,258.608,2508099188.0
276.199,60.0,90196.0,5123.0,51.0,258.65,2508124724.0
276.298,60.0,90196.0,5123.0,51.0,256.328,2508150797.0
276.398,61.0,90196.0,5123.0,51.0,254.681,2508176100.0
276.498,61.0,90196.0,5123.0,51.0,256.895,2508201193.0
276.599,61.0,90196.0,5123.0,51.0,254.129,2508227678.0
276.698,61.0,90196.0,5123.0,51.0,252.472,2508252997.0
276.798,61.0,90196.0,5123.0,51.0,250.725,2508277305.0
276.898,61.0,90196.0,5123.0,50.0,248.06,2508299102.0
276.998,57.0,90196.0,5123.0,50.0,248.302,2508322427.0
277.098,57.0,90196.0,5123.0,50.0,247.398,2508346488.0
277.198,58.0,90196.0,5123.0,50.0,244.554,2508369440.0
277.298,58.0,90196.0,5123.0,50.0,240.319,2508392226.0
277.398,58.0,90196.0,5123.0,50.0,237.509,2508413873.0
277.499,58.0,90196.0,5123.0,50.0,232.879,2508437179.0
277.599,58.0,90196.0,5123.0,50.0,230.991,2508459074.0
277.699,58.0,90196.0,5123.0,50.0,229.202,2508482942.0
277.798,58.0,90196.0,5123.0,50.0,228.658,2508505507.0
277.899,58.0,90196.0,5123.0,50.0,227.554,2508527552.0
277.999,57.0,90196.0,5123.0,50.0,224.615,2508548982.0
278.099,57.0,90196.0,5123.0,50.0,224.615,2508548982.0
278.198,57.0,90196.0,5123.0,50.0,223.205,2508570608.0
278.298,57.0,90196.0,5123.0,49.0,220.328,2508592203.0
278.396,57.0,90196.0,5123.0,49.0,215.847,2508626712.0
278.499,3.0,90196.0,5123.0,48.0,206.011,2508640175.0
278.598,3.0,90196.0,5123.0,48.0,197.168,2508653625.0
278.698,0.0,90196.0,5123.0,48.0,188.286,2508667146.0
278.798,0.0,90196.0,5123.0,47.0,179.403,2508680628.0
278.898,0.0,90196.0,5123.0,49.0,176.42,2508711907.0
278.998,0.0,90196.0,5123.0,55.0,210.649,2508773465.0
279.099,100.0,90196.0,5123.0,57.0,250.665,2508832789.0
279.198,100.0,90196.0,5123.0,58.0,288.867,2508897332.0
279.299,100.0,90196.0,5123.0,59.0,329.762,2508955594.0
279.399,100.0,90196.0,5123.0,60.0,374.527,2509016351.0
279.499,100.0,90196.0,5123.0,61.0,425.248,2509077931.0
279.598,100.0,90196.0,5123.0,61.0,463.594,2509140301.0
279.699,100.0,90196.0,5123.0,62.0,512.916,2509204992.0
279.798,100.0,90196.0,5123.0,62.0,561.018,2509268588.0
279.899,100.0,90196.0,5123.0,63.0,614.773,2509332930.0
279.998,100.0,90196.0,5123.0,59.0,605.902,2509366400.0
280.099,65.0,90196.0,5123.0,56.0,543.831,2509394481.0
280.199,65.0,90196.0,5123.0,56.0,508.876,2509424505.0
280.298,65.0,90196.0,5123.0,55.0,479.669,2509453073.0
280.399,65.0,90196.0,5123.0,55.0,443.698,2509480849.0
280.498,65.0,90196.0,5123.0,54.0,408.647,2509507229.0
280.598,65.0,90196.0,5123.0,54.0,408.647,2509507229.0
280.698,64.0,90196.0,5123.0,54.0,372.973,2509535914.0
280.798,64.0,90196.0,5123.0,54.0,335.677,2509589908.0
280.899,65.0,90196.0,5123.0,54.0,305.759,2509618288.0
280.998,65.0,90196.0,5123.0,53.0,282.21,2509645900.0
281.099,65.0,90196.0,5123.0,53.0,279.538,2509672232.0
281.199,65.0,90196.0,5123.0,53.0,277.809,2509700843.0
281.298,65.0,90196.0,5123.0,53.0,277.459,2509729586.0
281.398,65.0,90196.0,5123.0,53.0,276.373,2509755663.0
281.498,64.0,90196.0,5123.0,53.0,275.513,2509783831.0
281.598,64.0,90196.0,5123.0,53.0,273.354,2509811218.0
281.698,65.0,90196.0,5123.0,53.0,273.517,2509839046.0
281.799,65.0,90196.0,5123.0,53.0,276.264,2509867288.0
281.899,65.0,90196.0,5123.0,53.0,274.467,2509894280.0
281.998,65.0,90196.0,5123.0,53.0,273.779,2509922418.0
282.099,65.0,90196.0,5123.0,53.0,275.741,2509949909.0
282.198,65.0,90196.0,5123.0,53.0,272.991,2509976344.0
282.299,64.0,90196.0,5123.0,52.0,273.043,2510006050.0
282.398,64.0,90196.0,5123.0,52.0,273.787,2510033331.0
282.498,65.0,90196.0,5123.0,52.0,273.977,2510059567.0
282.598,65.0,90196.0,5123.0,52.0,274.345,2510087348.0
282.698,65.0,90196.0,5123.0,52.0,273.707,2510114815.0
282.798,65.0,90196.0,5123.0,52.0,273.642,2510143387.0
282.898,65.0,90196.0,5123.0,52.0,277.167,2510171559.0
282.998,65.0,90196.0,5123.0,52.0,274.925,2510199180.0
283.099,65.0,90196.0,5123.0,52.0,276.234,2510227642.0
283.199,65.0,90196.0,5123.0,52.0,278.013,2510255194.0
283.299,65.0,90196.0,5123.0,52.0,279.244,2510255194.0
283.397,65.0,90196.0,5123.0,52.0,276.889,2510309843.0
283.499,65.0,90196.0,5123.0,52.0,279.375,2510338704.0
283.599,65.0,90196.0,5123.0,52.0,278.863,2510366634.0
283.698,65.0,90196.0,5123.0,52.0,282.338,2510395944.0
283.798,65.0,90196.0,5123.0,52.0,279.319,2510422696.0
283.899,65.0,90196.0,5123.0,52.0,278.367,2510449486.0
283.999,65.0,90196.0,5123.0,52.0,279.667,2510478555.0
284.098,64.0,90196.0,5123.0,52.0,278.687,2510505200.0
284.198,64.0,90196.0,5123.0,52.0,277.464,2510533487.0
284.297,65.0,90196.0,5123.0,52.0,276.897,2510562701.0
284.398,65.0,90196.0,5123.0,52.0,277.546,2510589273.0
284.498,65.0,90196.0,5123.0,52.0,277.447,2510616752.0
284.597,65.0,90196.0,5123.0,52.0,280.651,2510646125.0
284.698,65.0,90196.0,5123.0,52.0,278.127,2510673853.0
284.799,65.0,90196.0,5123.0,52.0,278.982,2510702310.0
284.898,65.0,90196.0,5123.0,52.0,277.292,2510728165.0
284.998,65.0,90196.0,5123.0,52.0,276.119,2510755116.0
285.098,65.0,90196.0,5123.0,52.0,276.445,2510782972.0
285.198,65.0,90196.0,5123.0,52.0,278.338,2510810736.0
285.297,65.0,90196.0,5123.0,52.0,274.798,2510837010.0
285.398,65.0,90196.0,5123.0,52.0,274.946,2510863714.0
285.498,65.0,90196.0,5123.0,52.0,273.881,2510889520.0
285.598,65.0,90196.0,5123.0,52.0,271.391,2510916907.0
285.698,65.0,90196.0,5123.0,52.0,270.445,2510944819.0
285.798,65.0,90196.0,5123.0,52.0,269.344,2510944819.0
285.899,65.0,90196.0,5123.0,52.0,269.929,2510998888.0
285.998,65.0,90196.0,5123.0,52.0,269.467,2511026113.0
286.098,65.0,90196.0,5123.0,52.0,269.467,2511052678.0
286.199,63.0,90196.0,5123.0,52.0,268.262,2511052678.0
286.299,63.0,90196.0,5123.0,52.0,268.262,2511102696.0
286.399,62.0,90196.0,5123.0,52.0,265.202,2511102696.0
286.498,61.0,90196.0,5123.0,52.0,265.792,2511156822.0
286.598,61.0,90196.0,5123.0,52.0,265.162,2511182901.0
286.698,62.0,90196.0,5123.0,52.0,264.474,2511210804.0
286.798,62.0,90196.0,5123.0,52.0,263.646,2511236454.0
286.898,61.0,90196.0,5123.0,51.0,261.776,2511261400.0
286.998,61.0,90196.0,5123.0,51.0,262.743,2511289303.0
287.099,61.0,90196.0,5123.0,52.0,263.193,2511316980.0
287.198,61.0,90196.0,5123.0,51.0,262.574,2511343203.0
287.298,61.0,90196.0,5123.0,51.0,265.376,2511369803.0
287.398,61.0,90196.0,5123.0,51.0,264.073,2511393839.0
287.498,61.0,90196.0,5123.0,51.0,258.903,2511416651.0
287.598,61.0,90196.0,5123.0,51.0,257.553,2511440567.0
287.697,61.0,90196.0,5123.0,51.0,253.051,2511463670.0
287.798,61.0,90196.0,5123.0,51.0,251.387,2511487725.0
287.898,61.0,90196.0,5123.0,51.0,249.106,2511511217.0
287.998,61.0,90196.0,5123.0,51.0,246.033,2511535106.0
288.098,61.0,90196.0,5123.0,51.0,242.657,2511558356.0
288.198,61.0,90196.0,5123.0,51.0,239.646,2511582229.0
288.298,60.0,90196.0,5123.0,51.0,237.738,2511606304.0
288.398,60.0,90196.0,5123.0,51.0,235.929,2511629980.0
288.498,61.0,90196.0,5123.0,51.0,238.192,2511654902.0
288.598,59.0,90196.0,5123.0,51.0,240.464,2511679899.0
288.698,59.0,90196.0,5123.0,51.0,240.464,2511704747.0
288.798,59.0,90196.0,5123.0,50.0,241.068,2511704747.0
288.898,58.0,90196.0,5123.0,50.0,243.066,2511729588.0
288.999,58.0,90196.0,5123.0,50.0,242.479,2511753216.0
289.098,57.0,90196.0,5123.0,50.0,240.658,2511798262.0
289.198,57.0,90196.0,5123.0,50.0,240.715,2511821536.0
289.298,57.0,90196.0,5123.0,50.0,239.75,2511844437.0
289.399,57.0,90196.0,5123.0,50.0,237.727,2511866106.0
289.498,54.0,90196.0,5123.0,49.0,230.384,2511882623.0
289.597,54.0,90196.0,5123.0,48.0,218.846,2511896138.0
289.698,0.0,90196.0,5123.0,48.0,208.386,2511909696.0
289.798,0.0,90196.0,5123.0,48.0,196.891,2511923244.0
289.898,0.0,90196.0,5123.0,48.0,186.271,2511936722.0
289.998,0.0,90196.0,5123.0,48.0,177.627,2511956459.0
290.098,26.0,90196.0,5123.0,53.0,208.989,2512013737.0
290.198,26.0,90196.0,5123.0,56.0,257.438,2512086804.0
290.298,100.0,90196.0,5123.0,57.0,292.201,2512144601.0
290.398,100.0,90196.0,5123.0,59.0,331.332,2512207250.0
290.499,100.0,90196.0,5123.0,55.0,353.307,2512236724.0
290.598,100.0,90196.0,5123.0,52.0,353.685,2512250242.0
290.699,0.0,90196.0,5123.0,51.0,354.71,2512275488.0
290.799,0.0,90196.0,5123.0,51.0,354.71,2512339182.0
290.898,100.0,90196.0,5123.0,58.0,456.024,2512399120.0
290.998,100.0,90196.0,5123.0,59.0,497.147,2512399120.0
291.098,100.0,90196.0,5123.0,61.0,514.175,2512462943.0
291.198,100.0,90196.0,5123.0,61.0,504.878,2512584738.0
291.298,100.0,90196.0,5123.0,62.0,504.187,2512638970.0
291.398,100.0,90196.0,5123.0,57.0,466.26,2512667167.0
291.498,65.0,90196.0,5123.0,56.0,454.045,2512696614.0
291.598,65.0,90196.0,5123.0,56.0,467.631,2512725214.0
291.699,65.0,90196.0,5123.0,55.0,484.26,2512754025.0
291.798,65.0,90196.0,5123.0,55.0,448.591,2512779772.0
291.898,63.0,90196.0,5123.0,54.0,413.587,2512806930.0
291.998,63.0,90196.0,5123.0,54.0,381.024,2512836862.0
292.098,65.0,90196.0,5123.0,54.0,349.489,2512863522.0
292.198,65.0,90196.0,5123.0,54.0,320.464,2512893077.0
292.299,65.0,90196.0,5123.0,53.0,282.771,2512919908.0
292.399,65.0,90196.0,5123.0,53.0,279.43,2512947029.0
292.499,65.0,90196.0,5123.0,53.0,277.604,2512975086.0
292.598,65.0,90196.0,5123.0,53.0,275.611,2513001404.0
292.699,65.0,90196.0,5123.0,53.0,275.43,2513030652.0
292.799,65.0,90196.0,5123.0,53.0,276.849,2513056756.0
292.897,65.0,90196.0,5123.0,53.0,275.053,2513084371.0
292.998,65.0,90196.0,5123.0,53.0,274.944,2513113447.0
293.099,65.0,90196.0,5123.0,53.0,274.091,2513139897.0
293.198,65.0,90196.0,5123.0,53.0,274.566,2513167909.0
293.298,65.0,90196.0,5123.0,53.0,275.371,2513195525.0
293.397,65.0,90196.0,5123.0,53.0,277.152,2513223815.0
293.498,65.0,90196.0,5123.0,53.0,279.574,2513254130.0
293.598,65.0,90196.0,5123.0,53.0,283.922,2513254130.0
293.698,64.0,90196.0,5123.0,52.0,284.7,2513283705.0
293.799,64.0,90196.0,5123.0,53.0,288.122,2513342682.0
293.898,65.0,90196.0,5123.0,53.0,290.636,2513372093.0
293.998,65.0,90196.0,5123.0,53.0,289.679,2513398887.0
294.098,65.0,90196.0,5123.0,53.0,289.066,2513425474.0
294.198,65.0,90196.0,5123.0,52.0,290.035,2513454942.0
294.298,65.0,90196.0,5123.0,52.0,290.874,2513483137.0
294.397,65.0,90196.0,5123.0,53.0,293.325,2513513692.0
294.499,64.0,90196.0,5123.0,52.0,288.75,2513538973.0
294.598,64.0,90196.0,5123.0,52.0,286.335,2513567760.0
294.699,65.0,90196.0,5123.0,52.0,284.529,2513595342.0
294.799,65.0,90196.0,5123.0,52.0,284.005,2513625498.0
294.898,65.0,90196.0,5123.0,52.0,282.672,2513652965.0
294.998,65.0,90196.0,5123.0,52.0,280.694,2513679942.0
295.098,65.0,90196.0,5123.0,52.0,282.148,2513707858.0
295.197,65.0,90196.0,5123.0,52.0,280.396,2513736256.0
295.297,65.0,90196.0,5123.0,52.0,278.695,2513763178.0
295.398,65.0,90196.0,5123.0,52.0,275.05,2513790518.0
295.498,65.0,90196.0,5123.0,52.0,277.444,2513819519.0
295.598,65.0,90196.0,5123.0,52.0,278.939,2513848038.0
295.698,64.0,90196.0,5123.0,52.0,277.744,2513874599.0
295.797,64.0,90196.0,5123.0,52.0,275.944,2513903213.0
295.898,65.0,90196.0,5123.0,52.0,274.727,2513930665.0
295.998,65.0,90196.0,5123.0,52.0,276.474,2513958115.0
296.098,65.0,90196.0,5123.0,52.0,276.474,2513985899.0
296.199,65.0,90196.0,5123.0,52.0,277.989,2513985899.0
296.298,64.0,90196.0,5123.0,52.0,276.991,2514013228.0
296.398,64.0,90196.0,5123.0,52.0,275.781,2514040385.0
296.498,65.0,90196.0,5123.0,52.0,274.635,2514094587.0
296.598,65.0,90196.0,5123.0,52.0,273.805,2514120887.0
296.697,65.0,90196.0,5123.0,52.0,273.451,2514147340.0
296.798,65.0,90196.0,5123.0,52.0,273.067,2514175029.0
296.898,65.0,90196.0,5123.0,52.0,273.45,2514202364.0
296.998,65.0,90196.0,5123.0,52.0,273.143,2514228446.0
297.099,65.0,90196.0,5123.0,52.0,271.969,2514255437.0
297.198,65.0,90196.0,5123.0,52.0,271.153,2514282571.0
297.299,65.0,90196.0,5123.0,52.0,271.644,2514310569.0
297.399,65.0,90196.0,5123.0,52.0,269.969,2514335766.0
297.498,65.0,90196.0,5123.0,52.0,269.66,2514362126.0
297.599,65.0,90196.0,5123.0,52.0,269.808,2514388355.0
297.699,64.0,90196.0,5123.0,52.0,271.198,2514417717.0
297.798,64.0,90196.0,5123.0,52.0,268.58,2514443190.0
297.898,65.0,90196.0,5123.0,52.0,268.387,2514469990.0
297.997,65.0,90196.0,5123.0,52.0,266.306,2514495184.0
298.099,62.0,90196.0,5123.0,52.0,264.947,2514520921.0
298.198,62.0,90196.0,5123.0,52.0,263.976,2514545562.0
298.298,60.0,90196.0,5123.0,52.0,259.264,2514569139.0
298.398,60.0,90196.0,5123.0,51.0,259.043,2514594494.0
298.499,61.0,90196.0,5123.0,51.0,257.731,2514619473.0
298.599,61.0,90196.0,5123.0,51.0,257.753,2514646077.0
298.699,61.0,90196.0,5123.0,51.0,254.234,2514671329.0
298.798,61.0,90196.0,5123.0,51.0,253.947,2514671329.0
298.898,60.0,90196.0,5123.0,51.0,249.74,2514696092.0
298.998,60.0,90196.0,5123.0,51.0,251.403,2514719318.0
299.098,60.0,90196.0,5123.0,51.0,247.169,2514767949.0
299.198,60.0,90196.0,5123.0,51.0,247.338,2514792008.0
299.298,61.0,90196.0,5123.0,51.0,247.21,2514815611.0
299.399,61.0,90196.0,5123.0,51.0,244.406,2514838570.0
299.498,59.0,90196.0,5123.0,51.0,243.865,2514863867.0
299.598,59.0,90196.0,5123.0,51.0,242.61,2514888639.0
299.699,61.0,90196.0,5123.0,51.0,242.039,2514912352.0
299.798,61.0,90196.0,5123.0,50.0,240.381,2514936649.0
299.897,58.0,90196.0,5123.0,50.0,239.715,2514959236.0
299.998,58.0,90196.0,5123.0,50.0,236.357,2514982472.0
300.098,57.0,90196.0,5123.0,50.0,235.827,2515004885.0
300.199,57.0,90196.0,5123.0,50.0,235.49,2515027991.0
300.297,58.0,90196.0,5123.0,50.0,234.664,2515050088.0
300.398,58.0,90196.0,5123.0,50.0,231.867,2515071713.0
300.498,57.0,90196.0,5123.0,50.0,229.853,2515093514.0
300.598,57.0,90196.0,5123.0,50.0,227.15,2515115623.0
300.698,57.0,90196.0,5123.0,50.0,224.823,2515137649.0
300.798,57.0,90196.0,5123.0,49.0,219.829,2515156183.0
300.898,38.0,90196.0,5123.0,49.0,211.182,2515169812.0
300.999,38.0,90196.0,5123.0,48.0,202.465,2515183066.0
301.098,0.0,90196.0,5123.0,48.0,192.608,2515196344.0
301.198,0.0,90196.0,5123.0,48.0,183.538,2515209704.0
301.298,0.0,90196.0,5123.0,48.0,174.514,2515209704.0
301.398,0.0,90196.0,5123.0,53.0,201.493,2515226372.0
301.498,100.0,90196.0,5123.0,56.0,240.902,2515280482.0
301.597,100.0,90196.0,5123.0,57.0,289.194,2515403110.0
301.698,99.0,90196.0,5123.0,59.0,328.998,2515465301.0
301.798,99.0,90196.0,5123.0,59.0,366.556,2515523822.0
301.898,95.0,90196.0,5123.0,60.0,406.349,2515588398.0
301.998,95.0,90196.0,5123.0,60.0,455.681,2515646382.0
302.098,90.0,90196.0,5123.0,62.0,505.851,2515711506.0
302.198,90.0,90196.0,5123.0,59.0,532.849,2515748840.0
302.298,62.0,90196.0,5123.0,56.0,537.443,2515775520.0
302.398,62.0,90196.0,5123.0,55.0,525.321,2515801855.0
302.497,61.0,90196.0,5123.0,55.0,490.279,2515827823.0
302.599,61.0,90196.0,5123.0,54.0,451.608,2515855717.0
302.697,62.0,90196.0,5123.0,54.0,413.615,2515880995.0
302.798,62.0,90196.0,5123.0,53.0,383.216,2515905181.0
302.898,62.0,90196.0,5123.0,53.0,346.864,2515931472.0
302.998,62.0,90196.0,5123.0,53.0,308.569,2515958061.0
303.098,62.0,90196.0,5123.0,53.0,269.66,2515984074.0
303.198,62.0,90196.0,5123.0,53.0,259.832,2516010261.0
303.299,61.0,90196.0,5123.0,52.0,259.322,2516035574.0
303.398,61.0,90196.0,5123.0,52.0,259.745,2516063383.0
303.498,62.0,90196.0,5123.0,52.0,260.823,2516090494.0
303.598,62.0,90196.0,5123.0,52.0,261.326,2516118899.0
303.698,62.0,90196.0,5123.0,52.0,262.202,2516144954.0
303.797,62.0,90196.0,5123.0,52.0,263.319,2516144954.0
303.898,62.0,90196.0,5123.0,52.0,263.469,2516170972.0
303.997,62.0,90196.0,5123.0,52.0,265.892,2516224973.0
304.098,62.0,90196.0,5123.0,52.0,266.802,2516251411.0
304.198,62.0,90196.0,5123.0,52.0,266.576,2516275908.0
304.298,61.0,90196.0,5123.0,52.0,266.029,2516300954.0
304.398,61.0,90196.0,5123.0,52.0,265.404,2516327153.0
304.498,62.0,90196.0,5123.0,52.0,266.039,2516354394.0
304.598,62.0,90196.0,5123.0,52.0,262.991,2516380255.0
304.698,61.0,90196.0,5123.0,52.0,263.963,2516406865.0
304.799,61.0,90196.0,5123.0,52.0,263.949,2516432902.0
304.898,61.0,90196.0,5123.0,52.0,265.184,2516459749.0
304.998,61.0,90196.0,5123.0,52.0,263.824,2516486393.0
305.098,62.0,90196.0,5123.0,52.0,262.07,2516511844.0
305.198,62.0,90196.0,5123.0,52.0,263.27,2516537723.0
305.298,61.0,90196.0,5123.0,52.0,263.054,2516563518.0
305.398,61.0,90196.0,5123.0,52.0,262.397,2516589590.0
305.499,62.0,90196.0,5123.0,52.0,261.92,2516616700.0
305.599,62.0,90196.0,5123.0,52.0,262.466,2516642868.0
305.698,62.0,90196.0,5123.0,52.0,261.425,2516669023.0
305.799,62.0,90196.0,5123.0,52.0,261.703,2516694709.0
305.898,62.0,90196.0,5123.0,52.0,261.431,2516720928.0
305.999,62.0,90196.0,5123.0,52.0,260.756,2516746962.0
306.099,61.0,90196.0,5123.0,52.0,261.22,2516773788.0
306.199,61.0,90196.0,5123.0,52.0,259.448,2516798149.0
306.298,61.0,90196.0,5123.0,52.0,259.583,2516823188.0
306.398,61.0,90196.0,5123.0,52.0,259.583,2516823188.0
306.499,61.0,90196.0,5123.0,51.0,257.951,2516848518.0
306.598,61.0,90196.0,5123.0,51.0,256.663,2516874001.0
306.698,61.0,90196.0,5123.0,51.0,254.34,2516923257.0
306.798,61.0,90196.0,5123.0,52.0,253.557,2516948707.0
306.899,61.0,90196.0,5123.0,51.0,251.371,2516972594.0
306.999,61.0,90196.0,5123.0,51.0,252.307,2516998595.0
307.099,61.0,90196.0,5123.0,51.0,251.46,2517024776.0
307.198,61.0,90196.0,5123.0,51.0,252.983,2517051357.0
307.299,60.0,90196.0,5123.0,51.0,253.959,2517077027.0
307.398,60.0,90196.0,5123.0,51.0,251.934,2517101120.0
307.499,61.0,90196.0,5123.0,51.0,251.742,2517126227.0
307.599,61.0,90196.0,5123.0,51.0,252.866,2517152214.0
307.698,61.0,90196.0,5123.0,51.0,252.357,2517176718.0
307.798,61.0,90196.0,5123.0,51.0,252.558,2517202497.0
307.898,60.0,90196.0,5123.0,51.0,252.815,2517227202.0
307.998,60.0,90196.0,5123.0,51.0,254.089,2517254632.0
308.099,61.0,90196.0,5123.0,51.0,254.5,2517279551.0
308.198,61.0,90196.0,5123.0,51.0,252.69,2517303856.0
308.298,61.0,90196.0,5123.0,51.0,251.328,2517327551.0
308.398,61.0,90196.0,5123.0,51.0,252.185,2517352448.0
308.497,60.0,90196.0,5123.0,51.0,251.941,2517376602.0
308.597,60.0,90196.0,5123.0,51.0,251.577,2517402626.0
308.697,61.0,90196.0,5123.0,51.0,252.948,2517428593.0
308.798,61.0,90196.0,5123.0,51.0,251.61,2517453039.0
308.898,61.0,90196.0,5123.0,51.0,252.491,2517478242.0
308.998,61.0,90196.0,5123.0,51.0,249.307,2517502093.0
309.099,61.0,90196.0,5123.0,51.0,249.199,2517502093.0
309.199,61.0,90196.0,5123.0,51.0,247.241,2517526479.0
309.298,61.0,90196.0,5123.0,51.0,250.15,2517576809.0
309.398,61.0,90196.0,5123.0,51.0,250.634,2517601897.0
309.499,61.0,90196.0,5123.0,51.0,251.833,2517627338.0
309.598,61.0,90196.0,5123.0,51.0,248.637,2517651397.0
309.698,61.0,90196.0,5123.0,51.0,247.229,2517674326.0
309.798,61.0,90196.0,5123.0,51.0,246.486,2517698400.0
309.898,60.0,90196.0,5123.0,51.0,243.615,2517721952.0
309.998,60.0,90196.0,5123.0,51.0,242.374,2517744295.0
310.098,58.0,90196.0,5123.0,51.0,242.018,2517767425.0
310.198,58.0,90196.0,5123.0,50.0,240.112,2517790009.0
310.298,57.0,90196.0,5123.0,50.0,238.67,2517814262.0
310.399,57.0,90196.0,5123.0,50.0,236.83,2517837706.0
310.499,57.0,90196.0,5123.0,50.0,234.832,2517860783.0
310.597,57.0,90196.0,5123.0,50.0,233.769,2517883736.0
310.698,57.0,90196.0,5123.0,50.0,231.006,2517904835.0
310.798,57.0,90196.0,5123.0,50.0,229.084,2517927149.0
310.898,57.0,90196.0,5123.0,50.0,228.27,2517949640.0
310.998,57.0,90196.0,5123.0,50.0,226.841,2517969497.0
311.098,57.0,90196.0,5123.0,50.0,223.122,2517991167.0
311.198,57.0,90196.0,5123.0,50.0,223.256,2518013268.0
311.298,57.0,90196.0,5123.0,50.0,218.552,2518034647.0
311.398,57.0,90196.0,5123.0,49.0,216.198,2518055283.0
311.498,57.0,90196.0,5123.0,49.0,216.198,2518055283.0
311.597,56.0,90196.0,5123.0,49.0,213.7,2518076000.0
311.697,56.0,90196.0,5123.0,49.0,207.377,2518094094.0
311.798,0.0,90196.0,5123.0,48.0,199.792,2518107512.0
311.898,0.0,90196.0,5123.0,48.0,192.554,2518134123.0
311.999,0.0,90196.0,5123.0,48.0,182.909,2518147391.0
312.099,0.0,90196.0,5123.0,48.0,176.142,2518160707.0
312.199,0.0,90196.0,5123.0,47.0,158.421,2518174029.0
312.298,0.0,90196.0,5123.0,47.0,151.604,2518187333.0
312.413,0.0,90196.0,5123.0,47.0,144.78,2518200565.0
312.505,0.0,90196.0,5123.0,47.0,136.34,2518213760.0
312.598,0.0,90196.0,5123.0,47.0,132.964,2518227032.0
312.699,0.0,90196.0,5123.0,47.0,132.887,2518240320.0
312.798,0.0,90196.0,5123.0,47.0,132.792,2518253554.0
312.899,0.0,90196.0,5123.0,47.0,132.668,2518266790.0
312.999,0.0,90196.0,5123.0,47.0,132.67,2518279983.0
313.098,0.0,90196.0,5123.0,47.0,132.557,2518293190.0
313.199,0.0,90196.0,5123.0,46.0,132.461,2518306379.0
313.299,0.0,90196.0,5123.0,46.0,132.31,2518319588.0
313.398,0.0,90196.0,5123.0,46.0,132.306,2518332767.0
313.498,0.0,90196.0,5123.0,46.0,132.301,2518345999.0
313.598,0.0,90196.0,5123.0,46.0,132.226,2518359217.0
313.699,0.0,90196.0,5123.0,46.0,132.094,2518372381.0
313.799,0.0,90196.0,5123.0,46.0,132.099,2518385598.0
313.899,0.0,90196.0,5123.0,46.0,132.07,2518398770.0
313.999,0.0,90196.0,5123.0,46.0,132.04,2518411993.0
314.099,0.0,90196.0,5123.0,46.0,131.944,2518425146.0
314.198,0.0,90196.0,5123.0,46.0,131.866,2518438214.0
314.299,0.0,90196.0,5123.0,46.0,131.869,2518451381.0
314.399,0.0,90196.0,5123.0,46.0,131.869,2518464656.0
314.498,0.0,90196.0,5123.0,46.0,131.93,2518464656.0
314.598,0.0,90196.0,5123.0,46.0,131.874,2518477814.0
314.698,0.0,90196.0,5123.0,46.0,131.828,2518491042.0
314.798,0.0,90196.0,5123.0,46.0,131.786,2518517339.0
314.898,0.0,90196.0,5123.0,46.0,131.784,2518530538.0
314.999,0.0,90196.0,5123.0,46.0,131.844,2518543745.0
315.099,0.0,90196.0,5123.0,46.0,131.748,2518556827.0
315.199,0.0,90196.0,5123.0,46.0,131.776,2518569952.0
315.299,0.0,90196.0,5123.0,46.0,131.699,2518583059.0
315.398,0.0,90196.0,5123.0,46.0,131.628,2518596219.0
315.499,0.0,90196.0,5123.0,46.0,131.622,2518609379.0
315.599,0.0,90196.0,5123.0,46.0,131.594,2518622520.0
315.698,0.0,90196.0,5123.0,46.0,131.659,2518635713.0
315.798,0.0,90196.0,5123.0,46.0,131.579,2518648872.0
315.899,0.0,90196.0,5123.0,46.0,131.515,2518662044.0
315.998,0.0,90196.0,5123.0,46.0,131.467,2518675210.0
316.098,0.0,90196.0,5123.0,46.0,131.592,2518688371.0
316.198,0.0,90196.0,5123.0,46.0,131.602,2518701576.0
316.300,0.0,90196.0,5123.0,46.0,131.665,2518714715.0
316.398,0.0,90196.0,5123.0,46.0,131.652,2518727849.0
316.499,0.0,90196.0,5123.0,46.0,131.681,2518741011.0
316.599,0.0,90196.0,5123.0,46.0,131.68,2518754165.0
316.698,0.0,90196.0,5123.0,46.0,131.67,2518767297.0
316.798,0.0,90196.0,5123.0,46.0,131.728,2518780519.0
316.899,0.0,90196.0,5123.0,46.0,131.631,2518793646.0
316.999,0.0,90196.0,5123.0,46.0,131.637,2518806758.0
317.098,0.0,90196.0,5123.0,46.0,131.624,2518819926.0
317.199,0.0,90196.0,5123.0,46.0,131.696,2518833138.0
317.298,0.0,90196.0,5123.0,46.0,131.727,2518846326.0
317.399,0.0,90196.0,5123.0,46.0,131.689,2518859473.0
317.498,0.0,90196.0,5123.0,46.0,131.629,2518859473.0
317.598,0.0,90196.0,5123.0,46.0,131.625,2518872571.0
317.699,0.0,90196.0,5123.0,46.0,131.586,2518885714.0
317.798,0.0,90196.0,5123.0,46.0,131.518,2518911949.0
317.898,0.0,90196.0,5123.0,46.0,131.517,2518925045.0
317.998,0.0,90196.0,5123.0,46.0,131.565,2518938230.0
318.099,0.0,90196.0,5123.0,46.0,131.543,2518951379.0
318.198,0.0,90196.0,5123.0,46.0,131.449,2518964516.0
318.299,0.0,90196.0,5123.0,46.0,131.396,2518977647.0
318.398,0.0,90196.0,5123.0,46.0,131.373,2518990772.0
318.498,0.0,90196.0,5123.0,46.0,131.397,2519003904.0
318.598,0.0,90196.0,5123.0,46.0,131.383,2519017068.0
318.698,0.0,90196.0,5123.0,46.0,131.385,2519030180.0
318.799,0.0,90196.0,5123.0,46.0,131.372,2519043283.0
318.899,0.0,90196.0,5123.0,46.0,131.393,2519056415.0
318.999,0.0,90196.0,5123.0,46.0,131.35,2519069542.0
319.098,0.0,90196.0,5123.0,46.0,131.397,2519082702.0
319.198,0.0,90196.0,5123.0,46.0,131.374,2519095809.0
319.299,0.0,90196.0,5123.0,46.0,131.324,2519108943.0
319.398,0.0,90196.0,5123.0,46.0,131.321,2519122020.0
319.499,0.0,90196.0,5123.0,46.0,131.356,2519135188.0
319.599,0.0,90196.0,5123.0,46.0,131.315,2519148300.0
319.698,0.0,90196.0,5123.0,46.0,131.285,2519161407.0
319.799,0.0,90196.0,5123.0,46.0,131.315,2519174523.0
319.899,0.0,90196.0,5123.0,46.0,131.278,2519187622.0
319.999,0.0,90196.0,5123.0,46.0,131.307,2519200786.0
320.099,0.0,90196.0,5123.0,46.0,131.275,2519213964.0
320.199,0.0,90196.0,5123.0,46.0,131.314,2519227111.0
320.298,0.0,90196.0,5123.0,46.0,131.362,2519240253.0
320.398,0.0,90196.0,5123.0,46.0,131.385,2519253379.0
320.499,0.0,90196.0,5123.0,46.0,131.385,2519266524.0
320.598,0.0,90196.0,5123.0,46.0,131.358,2519266524.0
320.698,0.0,90196.0,5123.0,46.0,131.392,2519279634.0
320.798,0.0,90196.0,5123.0,46.0,131.372,2519292729.0
320.898,0.0,90196.0,5123.0,46.0,131.369,2519318942.0
320.998,0.0,90196.0,5123.0,46.0,131.358,2519332073.0
321.099,0.0,90196.0,5123.0,46.0,131.342,2519345174.0
321.199,0.0,90196.0,5123.0,46.0,131.279,2519358290.0
321.299,0.0,90196.0,5123.0,46.0,131.261,2519371375.0
321.398,0.0,90196.0,5123.0,46.0,131.193,2519384501.0
321.499,0.0,90196.0,5123.0,46.0,131.11,2519397568.0
321.599,0.0,90196.0,5123.0,46.0,131.126,2519410674.0
321.698,0.0,90196.0,5123.0,46.0,131.129,2519423790.0
321.799,0.0,90196.0,5123.0,46.0,131.155,2519436928.0
321.898,0.0,90196.0,5123.0,46.0,131.187,2519450035.0
321.998,0.0,90196.0,5123.0,46.0,131.148,2519463375.0
322.098,0.0,90196.0,5123.0,46.0,131.057,2519476186.0
322.198,0.0,90196.0,5123.0,46.0,130.924,2519489159.0
322.299,0.0,90196.0,5123.0,46.0,130.842,2519502155.0
322.399,0.0,90196.0,5123.0,46.0,130.739,2519515164.0
322.499,0.0,90196.0,5123.0,46.0,130.667,2519528158.0
322.599,0.0,90196.0,5123.0,46.0,130.519,2519541163.0
322.699,0.0,90196.0,5123.0,46.0,130.428,2519554139.0
322.799,0.0,90196.0,5123.0,46.0,130.301,2519567154.0
322.898,0.0,90196.0,5123.0,46.0,130.197,2519580173.0
322.998,0.0,90196.0,5123.0,46.0,130.1,2519593173.0
323.098,0.0,90196.0,5123.0,46.0,130.062,2519606160.0
323.198,0.0,90196.0,5123.0,46.0,130.083,2519619173.0
323.298,0.0,90196.0,5123.0,46.0,130.051,2519632150.0
323.398,0.0,90196.0,5123.0,46.0,130.028,2519645138.0
323.498,0.0,90196.0,5123.0,46.0,130.004,2519658115.0
323.599,0.0,90196.0,5123.0,46.0,129.991,2519671096.0
323.699,0.0,90196.0,5123.0,46.0,129.974,2519671096.0
323.800,0.0,90196.0,5123.0,45.0,129.934,2519684077.0
323.899,0.0,90196.0,5123.0,45.0,129.905,2519697042.0
323.999,0.0,90196.0,5123.0,45.0,129.923,2519723046.0
324.099,0.0,90196.0,5123.0,45.0,129.905,2519736027.0
324.199,0.0,90196.0,5123.0,45.0,129.894,2519749015.0
324.298,0.0,90196.0,5123.0,45.0,129.911,2519761998.0
324.398,0.0,90196.0,5123.0,45.0,129.904,2519774988.0
324.498,0.0,90196.0,5123.0,45.0,129.921,2519787987.0
324.599,0.0,90196.0,5123.0,45.0,129.898,2519800962.0
324.699,0.0,90196.0,5123.0,45.0,129.909,2519813952.0
324.798,0.0,90196.0,5123.0,45.0,129.933,2519826930.0
324.899,0.0,90196.0,5123.0,45.0,129.945,2519839934.0
324.999,0.0,90196.0,5123.0,45.0,129.933,2519852928.0
325.098,0.0,90196.0,5123.0,45.0,129.938,2519865918.0
325.198,0.0,90196.0,5123.0,45.0,129.938,2519878910.0
325.299,0.0,90196.0,5123.0,45.0,129.932,2519891888.0
325.399,0.0,90196.0,5123.0,45.0,129.927,2519904879.0
325.499,0.0,90196.0,5123.0,45.0,129.939,2519917861.0
325.599,0.0,90196.0,5123.0,45.0,129.956,2519930860.0
325.699,0.0,90196.0,5123.0,45.0,129.968,2519943849.0
325.798,0.0,90196.0,5123.0,45.0,129.951,2519956808.0
325.898,0.0,90196.0,5123.0,45.0,129.962,2519969802.0
325.999,0.0,90196.0,5123.0,45.0,129.956,2519982799.0
326.098,0.0,90196.0,5123.0,45.0,129.951,2519995781.0
326.198,0.0,90196.0,5123.0,45.0,129.945,2520008752.0
326.298,0.0,90196.0,5123.0,45.0,129.903,2520021702.0
326.398,0.0,90196.0,5123.0,45.0,129.916,2520034682.0
326.498,0.0,90196.0,5123.0,45.0,129.91,2520047657.0
326.599,0.0,90196.0,5123.0,45.0,129.91,2520060634.0
326.698,0.0,90196.0,5123.0,45.0,129.893,2520060634.0
326.799,0.0,90196.0,5123.0,45.0,129.869,2520073595.0
326.899,0.0,90196.0,5123.0,45.0,129.874,2520086584.0
326.999,0.0,90196.0,5123.0,45.0,129.856,2520112567.0
327.099,0.0,90196.0,5123.0,45.0,129.845,2520125537.0
327.198,0.0,90196.0,5123.0,45.0,129.847,2520138525.0
327.298,0.0,90196.0,5123.0,45.0,129.859,2520151512.0
327.399,0.0,90196.0,5123.0,45.0,129.899,2520164488.0
327.498,0.0,90196.0,5123.0,45.0,129.887,2520177467.0
327.599,0.0,90196.0,5123.0,45.0,129.877,2520190443.0
327.698,0.0,90196.0,5123.0,45.0,129.881,2520203414.0
327.799,0.0,90196.0,5123.0,45.0,129.888,2520216400.0
327.898,0.0,90196.0,5123.0,45.0,129.888,2520229399.0
327.998,0.0,90196.0,5123.0,45.0,129.883,2520242362.0
328.098,0.0,90196.0,5123.0,45.0,129.864,2520255318.0
328.199,0.0,90196.0,5123.0,45.0,129.846,2520268297.0
328.299,0.0,90196.0,5123.0,45.0,129.849,2520281280.0
328.399,0.0,90196.0,5123.0,45.0,129.849,2520294256.0
328.498,0.0,90196.0,5123.0,45.0,129.852,2520307234.0
328.598,0.0,90196.0,5123.0,45.0,129.855,2520320225.0
328.698,0.0,90196.0,5123.0,45.0,129.866,2520333203.0
328.798,0.0,90196.0,5123.0,45.0,129.855,2520346177.0
328.899,0.0,90196.0,5123.0,45.0,129.849,2520359164.0
328.998,0.0,90196.0,5123.0,45.0,129.852,2520372151.0
329.099,0.0,90196.0,5123.0,45.0,129.857,2520385136.0
329.198,0.0,90196.0,5123.0,45.0,129.865,2520398112.0
329.299,0.0,90196.0,5123.0,45.0,129.855,2520411104.0
329.398,0.0,90196.0,5123.0,45.0,129.86,2520424076.0
329.498,0.0,90196.0,5123.0,45.0,129.86,2520437044.0
329.599,0.0,90196.0,5123.0,45.0,129.851,2520450014.0
329.699,0.0,90196.0,5123.0,45.0,129.828,2520450014.0
329.798,0.0,90196.0,5123.0,45.0,129.834,2520462986.0
329.899,0.0,90196.0,5123.0,45.0,129.825,2520475971.0
329.998,0.0,90196.0,5123.0,45.0,129.825,2520501926.0
330.098,0.0,90196.0,5123.0,45.0,129.825,2520514911.0
330.199,0.0,90196.0,5123.0,45.0,129.842,2520527894.0
330.299,0.0,90196.0,5123.0,45.0,129.836,2520540876.0
330.399,0.0,90196.0,5123.0,45.0,129.839,2520553852.0
330.499,0.0,90196.0,5123.0,45.0,129.827,2520566830.0
330.599,0.0,90196.0,5123.0,45.0,129.828,2520579792.0
330.699,0.0,90196.0,5123.0,45.0,129.837,2520592771.0
330.798,0.0,90196.0,5123.0,45.0,129.842,2520605756.0
330.898,0.0,90196.0,5123.0,45.0,129.846,2520618734.0
330.998,0.0,90196.0,5123.0,45.0,129.84,2520631703.0
331.098,0.0,90196.0,5123.0,45.0,129.834,2520644682.0
331.198,0.0,90196.0,5123.0,45.0,129.823,2520657661.0
331.298,0.0,90196.0,5123.0,45.0,129.811,2520670619.0
331.399,0.0,90196.0,5123.0,45.0,129.797,2520683595.0
331.498,0.0,90196.0,5123.0,45.0,129.791,2520696551.0
331.598,0.0,90196.0,5123.0,45.0,129.803,2520709534.0
331.698,0.0,90196.0,5123.0,45.0,129.808,2520722517.0
331.799,0.0,90196.0,5123.0,45.0,129.786,2520735475.0
331.898,0.0,90196.0,5123.0,45.0,129.788,2520748446.0
331.998,0.0,90196.0,5123.0,45.0,129.786,2520761421.0
332.099,0.0,90196.0,5123.0,45.0,129.791,2520774406.0
332.198,0.0,90196.0,5123.0,45.0,129.794,2520787371.0
332.298,0.0,90196.0,5123.0,45.0,129.78,2520800321.0
332.398,0.0,90196.0,5123.0,45.0,129.776,2520813283.0
332.498,0.0,90196.0,5123.0,45.0,129.782,2520826263.0
332.598,0.0,90196.0,5123.0,45.0,129.793,2520839235.0
332.698,0.0,90196.0,5123.0,45.0,129.78,2520852203.0
332.798,0.0,90196.0,5123.0,45.0,129.793,2520852203.0
332.899,0.0,90196.0,5123.0,45.0,129.808,2520865187.0
332.999,0.0,90196.0,5123.0,45.0,129.808,2520878162.0
333.099,0.0,90196.0,5123.0,45.0,129.799,2520904113.0
333.199,0.0,90196.0,5123.0,45.0,129.788,2520917080.0
333.298,0.0,90196.0,5123.0,45.0,129.803,2520930046.0
333.399,0.0,90196.0,5123.0,45.0,129.809,2520943017.0
333.499,0.0,90196.0,5123.0,45.0,129.817,2520955978.0
333.598,0.0,90196.0,5123.0,45.0,129.797,2520968943.0
333.699,0.0,90196.0,5123.0,45.0,129.794,2520981921.0
333.799,0.0,90196.0,5123.0,45.0,129.8,2520994894.0
333.899,0.0,90196.0,5123.0,45.0,129.782,2521007864.0
333.998,0.0,90196.0,5123.0,45.0,129.777,2521020828.0
334.098,0.0,90196.0,5123.0,45.0,129.763,2521033793.0
334.199,0.0,90196.0,5123.0,45.0,129.774,2521046764.0
334.298,0.0,90196.0,5123.0,45.0,129.77,2521059730.0
334.399,0.0,90196.0,5123.0,45.0,129.739,2521072682.0
334.499,0.0,90196.0,5123.0,45.0,129.708,2521085613.0
334.599,0.0,90196.0,5123.0,45.0,129.736,2521098600.0
334.699,0.0,90196.0,5123.0,45.0,129.712,2521111572.0
334.799,0.0,90196.0,5123.0,45.0,129.707,2521124509.0
334.899,0.0,90196.0,5123.0,45.0,129.715,2521137490.0
334.998,0.0,90196.0,5123.0,45.0,129.693,2521150456.0
335.098,0.0,90196.0,5123.0,45.0,129.621,2521163375.0
335.199,0.0,90196.0,5123.0,45.0,129.622,2521176316.0
335.299,0.0,90196.0,5123.0,45.0,129.62,2521189277.0
335.399,0.0,90196.0,5123.0,45.0,129.658,2521202247.0
335.499,0.0,90196.0,5123.0,45.0,129.688,2521215222.0
335.598,0.0,90196.0,5123.0,45.0,129.671,2521228198.0
335.698,0.0,90196.0,5123.0,45.0,129.677,2521241175.0
335.799,0.0,90196.0,5123.0,45.0,129.677,2521254140.0
335.899,0.0,90196.0,5123.0,45.0,129.684,2521254140.0
335.998,0.0,90196.0,5123.0,45.0,129.688,2521267100.0
336.099,0.0,90196.0,5123.0,45.0,129.704,2521280081.0
336.198,0.0,90196.0,5123.0,45.0,129.771,2521306029.0
336.299,0.0,90196.0,5123.0,45.0,129.788,2521318984.0
336.399,0.0,90196.0,5123.0,45.0,129.783,2521331949.0
336.498,0.0,90196.0,5123.0,45.0,129.763,2521344910.0
336.599,0.0,90196.0,5123.0,45.0,129.742,2521357879.0
336.699,0.0,90196.0,5123.0,45.0,129.735,2521370832.0
336.798,0.0,90196.0,5123.0,45.0,129.718,2521383803.0
336.899,0.0,90196.0,5123.0,45.0,129.724,2521396766.0
336.999,0.0,90196.0,5123.0,45.0,129.718,2521409721.0
337.099,0.0,90196.0,5123.0,45.0,129.718,2521422705.0
337.199,0.0,90196.0,5123.0,45.0,129.723,2521435684.0
337.299,0.0,90196.0,5123.0,45.0,129.722,2521448641.0
337.399,0.0,90196.0,5123.0,45.0,129.74,2521461610.0
337.498,0.0,90196.0,5123.0,45.0,129.75,2521474573.0
337.599,0.0,90196.0,5123.0,45.0,129.734,2521487530.0
337.699,0.0,90196.0,5123.0,45.0,129.758,2521500493.0
337.798,0.0,90196.0,5123.0,45.0,129.734,2521513459.0
337.899,0.0,90196.0,5123.0,45.0,129.735,2521526413.0
337.999,0.0,90196.0,5123.0,45.0,129.754,2521539387.0
338.099,0.0,90196.0,5123.0,45.0,129.724,2521552350.0
338.199,0.0,90196.0,5123.0,45.0,129.702,2521565300.0
338.299,0.0,90196.0,5123.0,45.0,129.69,2521578257.0
338.397,0.0,90196.0,5123.0,45.0,129.678,2521591209.0
338.497,0.0,90196.0,5123.0,45.0,129.684,2521604181.0
338.598,0.0,90196.0,5123.0,45.0,129.695,2521617152.0
338.697,0.0,90196.0,5123.0,45.0,129.672,2521630085.0
338.797,0.0,90196.0,5123.0,45.0,129.672,2521643039.0
338.898,0.0,90196.0,5123.0,45.0,129.672,2521643039.0
338.997,0.0,90196.0,5123.0,45.0,129.671,2521656008.0
339.099,0.0,90196.0,5123.0,45.0,129.66,2521668967.0
339.198,0.0,90196.0,5123.0,45.0,129.671,2521694906.0
339.299,0.0,90196.0,5123.0,45.0,129.683,2521707863.0
339.398,0.0,90196.0,5123.0,45.0,129.682,2521720831.0
339.499,0.0,90196.0,5123.0,45.0,129.694,2521733782.0
339.599,0.0,90196.0,5123.0,45.0,129.695,2521746745.0
339.698,0.0,90196.0,5123.0,45.0,129.683,2521759708.0
339.798,0.0,90196.0,5123.0,45.0,129.7,2521772651.0
339.898,0.0,90196.0,5123.0,45.0,129.706,2521785618.0
339.998,0.0,90196.0,5123.0,45.0,129.7,2521798569.0
340.097,0.0,90196.0,5123.0,45.0,129.706,2521811543.0
340.198,0.0,90196.0,5123.0,45.0,129.713,2521824516.0
340.298,0.0,90196.0,5123.0,45.0,129.706,2521837474.0
340.398,0.0,90196.0,5123.0,45.0,129.712,2521850436.0
340.498,0.0,90196.0,5123.0,45.0,129.699,2521863388.0
340.598,0.0,90196.0,5123.0,45.0,129.694,2521876359.0
340.698,0.0,90196.0,5123.0,45.0,129.694,2521889331.0
340.798,0.0,90196.0,5123.0,45.0,129.7,2521902294.0
340.898,0.0,90196.0,5123.0,45.0,129.7,2521915234.0
340.997,0.0,90196.0,5123.0,45.0,129.695,2521928204.0
341.099,0.0,90196.0,5123.0,45.0,129.683,2521941160.0
341.199,0.0,90196.0,5123.0,45.0,129.683,2521954117.0
341.299,0.0,90196.0,5123.0,45.0,129.666,2521967080.0
341.398,0.0,90196.0,5123.0,45.0,129.666,2521980026.0
341.497,0.0,90196.0,5123.0,45.0,129.679,2521992995.0
341.598,0.0,90196.0,5123.0,45.0,129.685,2522005963.0
341.698,0.0,90196.0,5123.0,45.0,129.696,2522018927.0
341.798,0.0,90196.0,5123.0,45.0,129.696,2522031881.0
341.899,0.0,90196.0,5123.0,45.0,129.685,2522031881.0
341.998,0.0,90196.0,5123.0,45.0,129.689,2522044839.0
342.098,0.0,90196.0,5123.0,45.0,129.69,2522057798.0
342.198,0.0,90196.0,5123.0,45.0,129.701,2522083732.0
342.298,0.0,90196.0,5123.0,45.0,129.712,2522096678.0
342.399,0.0,90196.0,5123.0,45.0,129.729,2522109646.0
342.497,0.0,90196.0,5123.0,45.0,129.724,2522122598.0
342.616,0.0,90196.0,5123.0,45.0,129.713,2522135572.0
342.699,0.0,90196.0,5123.0,45.0,129.706,2522148524.0
342.800,0.0,90196.0,5123.0,45.0,129.695,2522161492.0
342.897,0.0,90196.0,5123.0,45.0,129.695,2522174437.0
342.999,0.0,90196.0,5123.0,45.0,129.695,2522187407.0
343.098,0.0,90196.0,5123.0,45.0,129.672,2522200369.0
343.197,0.0,90196.0,5123.0,45.0,129.683,2522213338.0
343.298,0.0,90196.0,5123.0,45.0,129.665,2522226308.0
343.398,0.0,90196.0,5123.0,45.0,129.654,2522239254.0
343.499,0.0,90196.0,5123.0,45.0,129.654,2522252213.0
343.598,0.0,90196.0,5123.0,45.0,129.659,2522265170.0
343.698,0.0,90196.0,5123.0,45.0,129.648,2522278128.0
343.797,0.0,90196.0,5123.0,45.0,129.637,2522291079.0
343.898,0.0,90196.0,5123.0,45.0,129.654,2522304044.0
343.999,0.0,90196.0,5123.0,45.0,129.648,2522317002.0
344.099,0.0,90196.0,5123.0,45.0,129.636,2522329958.0
344.198,0.0,90196.0,5123.0,45.0,129.619,2522342933.0
344.298,0.0,90196.0,5123.0,45.0,129.631,2522355883.0
344.398,0.0,90196.0,5123.0,45.0,129.648,2522368843.0
344.498,0.0,90196.0,5123.0,45.0,129.648,2522381801.0
344.599,0.0,90196.0,5123.0,45.0,129.647,2522394756.0
344.698,0.0,90196.0,5123.0,45.0,129.647,2522407699.0
344.798,0.0,90196.0,5123.0,45.0,129.642,2522407699.0
344.898,0.0,90196.0,5123.0,45.0,129.641,2522420662.0
344.998,0.0,90196.0,5123.0,45.0,129.646,2522433617.0
345.098,0.0,90196.0,5123.0,45.0,129.669,2522459549.0
345.198,0.0,90196.0,5123.0,45.0,129.67,2522472510.0
345.299,0.0,90196.0,5123.0,45.0,129.676,2522485463.0
345.397,0.0,90196.0,5123.0,45.0,129.67,2522498405.0
345.496,0.0,90196.0,5123.0,45.0,129.669,2522511371.0
345.599,0.0,90196.0,5123.0,45.0,129.658,2522524317.0
345.698,0.0,90196.0,5123.0,45.0,129.641,2522537271.0
345.798,0.0,90196.0,5123.0,45.0,129.647,2522550236.0
345.898,0.0,90196.0,5123.0,45.0,129.653,2522563186.0
345.997,0.0,90196.0,5123.0,45.0,129.659,2522576145.0
346.098,0.0,90196.0,5123.0,45.0,129.623,2522589088.0
346.196,0.0,90196.0,5123.0,45.0,129.623,2522602058.0
346.299,0.0,90196.0,5123.0,45.0,129.612,2522615007.0
346.399,0.0,90196.0,5123.0,45.0,129.63,2522627966.0
346.497,0.0,90196.0,5123.0,45.0,129.613,2522640920.0
346.598,0.0,90196.0,5123.0,45.0,129.642,2522653880.0
346.698,0.0,90196.0,5123.0,45.0,129.636,2522666840.0
346.798,0.0,90196.0,5123.0,45.0,129.63,2522679788.0
346.898,0.0,90196.0,5123.0,45.0,129.619,2522692740.0
346.998,0.0,90196.0,5123.0,45.0,129.632,2522705693.0
347.098,0.0,90196.0,5123.0,45.0,129.636,2522718660.0
347.198,0.0,90196.0,5123.0,45.0,129.624,2522731608.0
347.298,0.0,90196.0,5123.0,45.0,129.613,2522744549.0
347.398,0.0,90196.0,5123.0,45.0,129.602,2522757508.0
347.497,0.0,90196.0,5123.0,45.0,129.613,2522770454.0
347.599,0.0,90196.0,5123.0,45.0,129.587,2522783404.0
347.698,0.0,90196.0,5123.0,45.0,129.587,2522796347.0
347.798,0.0,90196.0,5123.0,45.0,129.595,2522796347.0
347.898,0.0,90196.0,5123.0,45.0,129.594,2522809295.0
347.998,0.0,90196.0,5123.0,45.0,129.6,2522822254.0
348.098,0.0,90196.0,5123.0,45.0,129.593,2522848152.0
348.198,0.0,90196.0,5123.0,45.0,129.583,2522861101.0
348.298,0.0,90196.0,5123.0,45.0,129.588,2522874054.0
348.398,0.0,90196.0,5123.0,45.0,129.595,2522887015.0
348.496,0.0,90196.0,5123.0,45.0,129.617,2522899974.0
348.598,0.0,90196.0,5123.0,45.0,129.605,2522912925.0
348.699,0.0,90196.0,5123.0,45.0,129.606,2522925878.0
348.798,0.0,90196.0,5123.0,45.0,129.613,2522938829.0
348.898,0.0,90196.0,5123.0,45.0,129.613,2522951775.0
348.997,0.0,90196.0,5123.0,45.0,129.596,2522964724.0
349.098,0.0,90196.0,5123.0,45.0,129.586,2522977683.0
349.198,0.0,90196.0,5123.0,45.0,129.619,2522990641.0
349.298,0.0,90196.0,5123.0,45.0,129.607,2523003605.0
349.398,0.0,90196.0,5123.0,45.0,129.601,2523016559.0
349.497,0.0,90196.0,5123.0,45.0,129.585,2523029498.0
349.598,0.0,90196.0,5123.0,45.0,129.6,2523042458.0
349.698,0.0,90196.0,5123.0,45.0,129.6,2523055424.0
349.798,0.0,90196.0,5123.0,45.0,129.599,2523068379.0
349.898,0.0,90196.0,5123.0,45.0,129.599,2523081317.0
349.998,0.0,90196.0,5123.0,45.0,129.642,2523094283.0
350.098,0.0,90196.0,5123.0,45.0,129.586,2523107227.0
350.198,0.0,90196.0,5123.0,45.0,129.571,2523120161.0
350.298,0.0,90196.0,5123.0,45.0,129.559,2523133096.0
350.399,0.0,90196.0,5123.0,45.0,129.566,2523146043.0
350.499,0.0,90196.0,5123.0,45.0,129.572,2523159002.0
350.598,0.0,90196.0,5123.0,45.0,129.539,2523171949.0
350.698,0.0,90196.0,5123.0,45.0,129.485,2523184867.0
350.799,0.0,90196.0,5123.0,45.0,129.485,2523197805.0
350.898,0.0,90196.0,5123.0,45.0,129.485,2523197805.0
350.998,0.0,90196.0,5123.0,45.0,129.499,2523210749.0
351.098,0.0,90196.0,5123.0,45.0,129.466,2523223704.0
351.198,0.0,90196.0,5123.0,45.0,129.524,2523249630.0
351.298,0.0,90196.0,5123.0,45.0,129.551,2523262581.0
351.397,0.0,90196.0,5123.0,45.0,129.564,2523275539.0
351.497,0.0,90196.0,5123.0,45.0,129.538,2523288492.0
351.598,0.0,90196.0,5123.0,45.0,129.547,2523301459.0
351.698,0.0,90196.0,5123.0,45.0,129.564,2523314406.0
351.797,0.0,90196.0,5123.0,45.0,129.641,2523327381.0
351.898,0.0,90196.0,5123.0,45.0,129.639,2523340330.0
351.997,0.0,90196.0,5123.0,45.0,129.64,2523353275.0
352.099,0.0,90196.0,5123.0,45.0,129.624,2523366220.0
352.199,0.0,90196.0,5123.0,45.0,129.605,2523379163.0
352.299,0.0,90196.0,5123.0,45.0,129.601,2523392118.0
352.398,0.0,90196.0,5123.0,45.0,129.588,2523405047.0
352.498,0.0,90196.0,5123.0,45.0,129.574,2523418003.0
352.599,0.0,90196.0,5123.0,45.0,129.581,2523430965.0
352.698,0.0,90196.0,5123.0,45.0,129.588,2523443926.0
352.798,0.0,90196.0,5123.0,45.0,129.569,2523456888.0
352.899,0.0,90196.0,5123.0,45.0,129.556,2523469833.0
352.998,0.0,90196.0,5123.0,45.0,129.556,2523482788.0
353.099,0.0,90196.0,5123.0,45.0,129.555,2523495721.0
353.198,0.0,90196.0,5123.0,47.0,131.665,2523527991.0
353.298,0.0,90196.0,5123.0,53.0,171.549,2523592132.0
353.399,100.0,90196.0,5123.0,55.0,224.25,2523653426.0
353.498,100.0,90196.0,5123.0,56.0,271.832,2523712771.0
353.599,100.0,90196.0,5123.0,58.0,318.654,2523777670.0
353.699,100.0,90196.0,5123.0,58.0,368.833,2523777670.0
353.798,100.0,90196.0,5123.0,59.0,412.063,2523834845.0
353.898,100.0,90196.0,5123.0,60.0,457.284,2523948560.0
353.998,100.0,90196.0,5123.0,60.0,506.365,2524010342.0
354.098,100.0,90196.0,5123.0,61.0,563.223,2524074190.0
354.198,100.0,90196.0,5123.0,61.0,602.454,2524127691.0
354.299,100.0,90196.0,5123.0,56.0,586.03,2524155126.0
354.398,62.0,90196.0,5123.0,55.0,550.209,2524182453.0
354.498,62.0,90196.0,5123.0,54.0,515.983,2524208121.0
354.599,62.0,90196.0,5123.0,54.0,475.757,2524234791.0
354.698,62.0,90196.0,5123.0,53.0,443.175,2524262335.0
354.799,61.0,90196.0,5123.0,53.0,416.949,2524289024.0
354.898,61.0,90196.0,5123.0,52.0,386.743,2524315163.0
354.999,62.0,90196.0,5123.0,52.0,346.339,2524340804.0
355.097,62.0,90196.0,5123.0,52.0,282.364,2524367223.0
355.198,62.0,90196.0,5123.0,52.0,264.805,2524393859.0
355.298,62.0,90196.0,5123.0,52.0,264.106,2524420052.0
355.399,62.0,90196.0,5123.0,51.0,266.565,2524447909.0
355.497,62.0,90196.0,5123.0,51.0,269.346,2524476044.0
355.598,62.0,90196.0,5123.0,51.0,270.818,2524504111.0
355.698,62.0,90196.0,5123.0,51.0,271.565,2524531885.0
355.797,62.0,90196.0,5123.0,51.0,272.527,2524559121.0
355.897,62.0,90196.0,5123.0,51.0,274.967,2524586921.0
355.998,62.0,90196.0,5123.0,51.0,274.967,2524614543.0
356.098,62.0,90196.0,5123.0,51.0,276.332,2524614543.0
356.198,62.0,90196.0,5123.0,51.0,278.439,2524642617.0
356.298,62.0,90196.0,5123.0,51.0,278.796,2524696640.0
356.398,62.0,90196.0,5123.0,51.0,276.894,2524722781.0
356.498,62.0,90196.0,5123.0,51.0,274.629,2524749357.0
356.597,60.0,90196.0,5123.0,51.0,274.26,2524775856.0
356.698,60.0,90196.0,5123.0,51.0,272.425,2524801956.0
356.798,61.0,90196.0,5123.0,51.0,271.319,2524829311.0
356.898,61.0,90196.0,5123.0,51.0,271.583,2524856660.0
356.998,62.0,90196.0,5123.0,51.0,269.269,2524881993.0
357.098,62.0,90196.0,5123.0,51.0,268.654,2524908633.0
357.198,62.0,90196.0,5123.0,51.0,264.977,2524933392.0
357.298,62.0,90196.0,5123.0,51.0,263.779,2524959289.0
357.399,63.0,90196.0,5123.0,51.0,262.748,2524985121.0
357.499,63.0,90196.0,5123.0,51.0,263.13,2525011298.0
357.599,63.0,90196.0,5123.0,51.0,262.363,2525039266.0
357.698,63.0,90196.0,5123.0,51.0,264.394,2525066751.0
357.798,62.0,90196.0,5123.0,51.0,260.396,2525092403.0
357.898,63.0,90196.0,5123.0,51.0,261.031,2525116943.0
357.998,63.0,90196.0,5123.0,51.0,262.978,2525144072.0
358.098,63.0,90196.0,5123.0,51.0,265.631,2525171360.0
358.198,63.0,90196.0,5123.0,51.0,267.676,2525199188.0
358.298,63.0,90196.0,5123.0,51.0,270.655,2525226435.0
358.398,63.0,90196.0,5123.0,51.0,273.469,2525254894.0
358.498,63.0,90196.0,5123.0,51.0,274.469,2525283774.0
358.598,63.0,90196.0,5123.0,51.0,274.469,2525311712.0
358.698,63.0,90196.0,5123.0,51.0,272.97,2525311712.0
358.798,63.0,90196.0,5123.0,51.0,272.601,2525337729.0
358.898,63.0,90196.0,5123.0,51.0,275.143,2525365985.0
358.998,62.0,90196.0,5123.0,51.0,277.372,2525420565.0
359.099,62.0,90196.0,5123.0,51.0,275.003,2525445981.0
359.199,62.0,90196.0,5123.0,51.0,272.84,2525471809.0
359.298,62.0,90196.0,5123.0,51.0,270.679,2525497880.0
359.398,63.0,90196.0,5123.0,51.0,268.694,2525523324.0
359.498,63.0,90196.0,5123.0,51.0,265.128,2525549629.0
359.598,62.0,90196.0,5123.0,51.0,262.684,2525575169.0
359.698,62.0,90196.0,5123.0,51.0,261.638,2525602370.0
359.798,61.0,90196.0,5123.0,51.0,262.269,2525627763.0
359.898,61.0,90196.0,5123.0,51.0,260.775,2525652541.0
359.998,63.0,90196.0,5123.0,51.0,257.369,2525677172.0
360.097,63.0,90196.0,5123.0,51.0,255.581,2525702716.0
360.198,63.0,90196.0,5123.0,51.0,258.923,2525729478.0
360.299,63.0,90196.0,5123.0,51.0,258.073,2525755316.0
360.399,62.0,90196.0,5123.0,51.0,258.389,2525782002.0
360.498,62.0,90196.0,5123.0,51.0,259.12,2525807856.0
360.598,62.0,90196.0,5123.0,51.0,259.929,2525834680.0
360.698,62.0,90196.0,5123.0,51.0,259.778,2525859465.0
360.798,62.0,90196.0,5123.0,51.0,258.182,2525885235.0
360.898,62.0,90196.0,5123.0,51.0,258.495,2525910918.0
360.998,61.0,90196.0,5123.0,51.0,260.572,2525936805.0
361.098,61.0,90196.0,5123.0,51.0,260.914,2525962477.0
361.199,60.0,90196.0,5123.0,51.0,260.022,2525988075.0
361.298,60.0,90196.0,5123.0,51.0,258.062,2525988075.0
361.398,60.0,90196.0,5123.0,50.0,257.027,2526012666.0
361.498,60.0,90196.0,5123.0,50.0,255.79,2526038074.0
361.598,60.0,90196.0,5123.0,50.0,257.707,2526091234.0
361.699,60.0,90196.0,5123.0,50.0,256.748,2526116205.0
361.799,61.0,90196.0,5123.0,50.0,256.683,2526140888.0
361.898,61.0,90196.0,5123.0,50.0,256.065,2526165383.0
361.998,61.0,90196.0,5123.0,50.0,255.293,2526190518.0
362.098,61.0,90196.0,5123.0,50.0,254.515,2526215427.0
362.198,61.0,90196.0,5123.0,50.0,251.762,2526238602.0
362.299,61.0,90196.0,5123.0,50.0,251.024,2526263559.0
362.399,60.0,90196.0,5123.0,50.0,252.236,2526289099.0
362.498,60.0,90196.0,5123.0,50.0,250.13,2526312825.0
362.598,61.0,90196.0,5123.0,50.0,248.628,2526338609.0
362.697,61.0,90196.0,5123.0,50.0,245.955,2526362043.0
362.798,61.0,90196.0,5123.0,50.0,244.55,2526385962.0
362.898,61.0,90196.0,5123.0,50.0,243.167,2526409952.0
362.999,60.0,90196.0,5123.0,50.0,241.839,2526432768.0
363.099,60.0,90196.0,5123.0,50.0,238.674,2526454222.0
363.198,57.0,90196.0,5123.0,50.0,237.329,2526477855.0
363.298,57.0,90196.0,5123.0,49.0,233.862,2526500193.0
363.398,57.0,90196.0,5123.0,49.0,232.603,2526523502.0
363.498,57.0,90196.0,5123.0,49.0,230.856,2526545933.0
363.598,57.0,90196.0,5123.0,49.0,228.175,2526569096.0
363.699,54.0,90196.0,5123.0,48.0,223.133,2526589184.0
363.799,54.0,90196.0,5123.0,48.0,211.928,2526589184.0
363.898,0.0,90196.0,5123.0,47.0,202.358,2526604862.0
363.998,0.0,90196.0,5123.0,47.0,194.317,2526618131.0
364.098,0.0,90196.0,5123.0,47.0,185.992,2526644695.0
364.199,0.0,90196.0,5123.0,47.0,174.965,2526657967.0
364.299,0.0,90196.0,5123.0,47.0,165.905,2526671193.0
364.397,0.0,90196.0,5123.0,46.0,157.715,2526684407.0
364.498,0.0,90196.0,5123.0,46.0,147.196,2526697613.0
364.598,0.0,90196.0,5123.0,46.0,138.686,2526710804.0
364.698,0.0,90196.0,5123.0,46.0,132.727,2526723983.0
364.798,0.0,90196.0,5123.0,46.0,132.345,2526737155.0
364.898,0.0,90196.0,5123.0,46.0,132.183,2526750324.0
364.997,0.0,90196.0,5123.0,46.0,132.049,2526763483.0
365.098,5.0,90196.0,5123.0,49.0,148.229,2526776633.0
365.199,5.0,90196.0,5123.0,54.0,197.855,2526822178.0
365.299,100.0,90196.0,5123.0,55.0,244.571,2526885252.0
365.398,100.0,90196.0,5123.0,57.0,287.578,2526946905.0
365.498,100.0,90196.0,5123.0,58.0,337.929,2527006593.0
365.599,100.0,90196.0,5123.0,59.0,385.883,2527069624.0
365.699,100.0,90196.0,5123.0,60.0,425.34,2527125094.0
365.799,100.0,90196.0,5123.0,60.0,476.378,2527181955.0
365.898,100.0,90196.0,5123.0,61.0,521.467,2527244431.0
365.997,100.0,90196.0,5123.0,61.0,571.941,2527302608.0
366.099,78.0,90196.0,5123.0,56.0,571.643,2527356114.0
366.199,78.0,90196.0,5123.0,55.0,537.65,2527383223.0
366.299,78.0,90196.0,5123.0,55.0,537.65,2527409157.0
366.398,60.0,90196.0,5123.0,54.0,502.459,2527409157.0
366.498,60.0,90196.0,5123.0,54.0,468.828,2527435823.0
366.597,61.0,90196.0,5123.0,53.0,431.206,2527489689.0
366.698,61.0,90196.0,5123.0,53.0,405.458,2527515176.0
366.798,62.0,90196.0,5123.0,52.0,375.991,2527542388.0
366.898,62.0,90196.0,5123.0,52.0,340.515,2527568344.0
366.998,62.0,90196.0,5123.0,52.0,307.708,2527595692.0
367.098,62.0,90196.0,5123.0,52.0,276.201,2527622336.0
367.199,62.0,90196.0,5123.0,52.0,266.708,2527650036.0
367.298,62.0,90196.0,5123.0,51.0,267.538,2527675812.0
367.399,61.0,90196.0,5123.0,51.0,265.86,2527701827.0
367.499,61.0,90196.0,5123.0,51.0,265.989,2527729461.0
367.598,62.0,90196.0,5123.0,51.0,267.394,2527755285.0
367.698,62.0,90196.0,5123.0,51.0,263.533,2527780935.0
367.798,62.0,90196.0,5123.0,51.0,265.827,2527807007.0
367.898,62.0,90196.0,5123.0,51.0,264.868,2527833054.0
367.998,62.0,90196.0,5123.0,51.0,265.557,2527859573.0
368.098,62.0,90196.0,5123.0,51.0,264.567,2527885113.0
368.198,62.0,90196.0,5123.0,51.0,262.106,2527910018.0
368.298,62.0,90196.0,5123.0,51.0,261.22,2527936569.0
368.398,60.0,90196.0,5123.0,51.0,260.608,2527961527.0
368.497,60.0,90196.0,5123.0,51.0,260.177,2527988585.0
368.598,62.0,90196.0,5123.0,51.0,258.84,2528014204.0
368.698,62.0,90196.0,5123.0,51.0,261.425,2528041700.0
368.798,62.0,90196.0,5123.0,51.0,259.034,2528066989.0
368.898,62.0,90196.0,5123.0,51.0,262.118,2528066989.0
368.998,62.0,90196.0,5123.0,51.0,260.53,2528094962.0
369.098,62.0,90196.0,5123.0,51.0,260.557,2528120787.0
369.198,62.0,90196.0,5123.0,51.0,263.095,2528174043.0
369.298,62.0,90196.0,5123.0,51.0,263.983,2528201874.0
369.398,62.0,90196.0,5123.0,51.0,265.963,2528227525.0
369.498,62.0,90196.0,5123.0,51.0,265.598,2528255332.0
369.599,63.0,90196.0,5123.0,51.0,267.422,2528282160.0
369.698,63.0,90196.0,5123.0,51.0,266.78,2528308970.0
369.798,63.0,90196.0,5123.0,51.0,267.224,2528335295.0
369.898,63.0,90196.0,5123.0,51.0,265.728,2528361028.0
369.999,62.0,90196.0,5123.0,51.0,267.606,2528388082.0
370.098,62.0,90196.0,5123.0,51.0,267.497,2528414916.0
370.199,63.0,90196.0,5123.0,51.0,266.95,2528440693.0
370.297,63.0,90196.0,5123.0,51.0,266.468,2528467421.0
370.399,63.0,90196.0,5123.0,51.0,266.079,2528493687.0
370.499,63.0,90196.0,5123.0,51.0,265.228,2528519525.0
370.598,63.0,90196.0,5123.0,51.0,264.659,2528546476.0
370.698,63.0,90196.0,5123.0,51.0,265.443,2528574168.0
370.798,61.0,90196.0,5123.0,51.0,265.496,2528600078.0
370.897,61.0,90196.0,5123.0,51.0,264.137,2528625297.0
370.998,62.0,90196.0,5123.0,51.0,261.581,2528649895.0
371.098,62.0,90196.0,5123.0,51.0,260.709,2528675844.0
371.198,62.0,90196.0,5123.0,51.0,260.254,2528702201.0
371.298,62.0,90196.0,5123.0,51.0,260.1,2528728780.0
371.398,63.0,90196.0,5123.0,51.0,258.943,2528754335.0
371.499,63.0,90196.0,5123.0,51.0,259.626,2528754335.0
371.598,63.0,90196.0,5123.0,51.0,259.761,2528780581.0
371.699,63.0,90196.0,5123.0,51.0,257.882,2528806960.0
371.798,63.0,90196.0,5123.0,51.0,257.597,2528859034.0
371.899,63.0,90196.0,5123.0,51.0,259.884,2528886121.0
371.999,61.0,90196.0,5123.0,51.0,261.579,2528912552.0
372.098,61.0,90196.0,5123.0,51.0,261.664,2528937899.0
372.198,60.0,90196.0,5123.0,51.0,259.488,2528962617.0
372.298,60.0,90196.0,5123.0,50.0,257.34,2528986887.0
372.397,60.0,90196.0,5123.0,51.0,257.398,2529011907.0
372.497,60.0,90196.0,5123.0,50.0,256.923,2529036679.0
372.598,60.0,90196.0,5123.0,50.0,254.533,2529061075.0
372.698,60.0,90196.0,5123.0,50.0,254.266,2529086325.0
372.798,60.0,90196.0,5123.0,50.0,251.091,2529110055.0
372.899,60.0,90196.0,5123.0,50.0,249.975,2529136398.0
373.013,60.0,90196.0,5123.0,50.0,251.055,2529162119.0
373.098,60.0,90196.0,5123.0,50.0,248.81,2529186207.0
373.199,60.0,90196.0,5123.0,50.0,249.258,2529210482.0
373.298,60.0,90196.0,5123.0,50.0,248.837,2529235590.0
373.399,61.0,90196.0,5123.0,50.0,248.391,2529260719.0
373.498,61.0,90196.0,5123.0,50.0,248.006,2529286320.0
373.598,60.0,90196.0,5123.0,50.0,248.398,2529310203.0
373.698,60.0,90196.0,5123.0,50.0,248.269,2529335925.0
373.798,60.0,90196.0,5123.0,50.0,249.109,2529359738.0
373.898,60.0,90196.0,5123.0,50.0,246.663,2529382082.0
373.998,61.0,90196.0,5123.0,50.0,242.45,2529405257.0
374.098,61.0,90196.0,5123.0,50.0,243.103,2529405257.0
374.199,61.0,90196.0,5123.0,50.0,241.979,2529429766.0
374.298,61.0,90196.0,5123.0,50.0,240.552,2529453102.0
374.397,60.0,90196.0,5123.0,50.0,239.27,2529500595.0
374.498,60.0,90196.0,5123.0,50.0,240.059,2529526005.0
374.598,59.0,90196.0,5123.0,50.0,239.767,2529550083.0
374.697,59.0,90196.0,5123.0,49.0,236.454,2529571393.0
374.798,57.0,90196.0,5123.0,49.0,233.171,2529592968.0
374.898,57.0,90196.0,5123.0,49.0,232.807,2529615437.0
374.998,57.0,90196.0,5123.0,49.0,232.948,2529637529.0
375.098,57.0,90196.0,5123.0,49.0,231.016,2529659842.0
375.198,57.0,90196.0,5123.0,49.0,232.438,2529684114.0
375.298,57.0,90196.0,5123.0,49.0,231.492,2529706437.0
375.398,57.0,90196.0,5123.0,49.0,229.073,2529727578.0
375.498,57.0,90196.0,5123.0,49.0,226.164,2529749592.0
375.598,56.0,90196.0,5123.0,49.0,220.025,2529767997.0
375.698,56.0,90196.0,5123.0,48.0,211.951,2529781345.0
375.798,0.0,90196.0,5123.0,47.0,204.219,2529794571.0
375.898,0.0,90196.0,5123.0,47.0,195.728,2529807801.0
375.999,0.0,90196.0,5123.0,47.0,186.484,2529821069.0
376.097,0.0,90196.0,5123.0,47.0,177.581,2529834318.0
376.198,0.0,90196.0,5123.0,47.0,166.854,2529849536.0
376.297,0.0,90196.0,5123.0,52.0,186.816,2529899006.0
376.398,93.0,90196.0,5123.0,56.0,264.605,2529963635.0
376.499,93.0,90196.0,5123.0,56.0,264.605,2530022563.0
376.597,93.0,90196.0,5123.0,58.0,307.518,2530022563.0
376.698,93.0,90196.0,5123.0,58.0,352.248,2530085517.0
376.798,89.0,90196.0,5123.0,59.0,398.647,2530146129.0
376.898,89.0,90196.0,5123.0,59.0,447.439,2530263442.0
376.999,91.0,90196.0,5123.0,61.0,501.6,2530332143.0
377.098,91.0,90196.0,5123.0,60.0,547.143,2530393162.0
377.199,90.0,90196.0,5123.0,62.0,595.316,2530454025.0
377.298,90.0,90196.0,5123.0,61.0,610.875,2530509645.0
377.399,83.0,90196.0,5123.0,57.0,576.522,2530537528.0
377.499,83.0,90196.0,5123.0,56.0,546.506,2530566722.0
377.599,62.0,90196.0,5123.0,55.0,515.51,2530592852.0
377.698,62.0,90196.0,5123.0,54.0,476.188,2530619623.0
377.798,62.0,90196.0,5123.0,54.0,442.533,2530647797.0
377.898,62.0,90196.0,5123.0,53.0,417.706,2530674968.0
377.998,62.0,90196.0,5123.0,53.0,371.183,2530701445.0
378.097,62.0,90196.0,5123.0,53.0,347.001,2530727898.0
378.197,62.0,90196.0,5123.0,52.0,313.56,2530756609.0
378.297,62.0,90196.0,5123.0,52.0,282.145,2530785069.0
378.398,61.0,90196.0,5123.0,52.0,274.92,2530812534.0
378.499,61.0,90196.0,5123.0,52.0,272.852,2530839059.0
378.599,61.0,90196.0,5123.0,52.0,272.852,2530866397.0
378.698,60.0,90196.0,5123.0,52.0,273.56,2530866397.0
378.798,62.0,90196.0,5123.0,52.0,274.432,2530893507.0
378.898,62.0,90196.0,5123.0,52.0,274.028,2530921410.0
378.998,62.0,90196.0,5123.0,52.0,273.87,2530973995.0
379.098,62.0,90196.0,5123.0,52.0,273.941,2531000776.0
379.198,63.0,90196.0,5123.0,51.0,273.029,2531028124.0
379.298,63.0,90196.0,5123.0,51.0,272.901,2531056974.0
379.398,61.0,90196.0,5123.0,51.0,271.87,2531083969.0
379.498,61.0,90196.0,5123.0,51.0,272.729,2531111487.0
379.598,62.0,90196.0,5123.0,51.0,274.054,2531138904.0
379.698,62.0,90196.0,5123.0,51.0,271.425,2531164570.0
379.798,62.0,90196.0,5123.0,51.0,272.078,2531191776.0
379.898,62.0,90196.0,5123.0,51.0,269.453,2531217350.0
379.998,63.0,90196.0,5123.0,51.0,270.485,2531244070.0
380.098,63.0,90196.0,5123.0,51.0,269.021,2531269691.0
380.199,63.0,90196.0,5123.0,51.0,268.929,2531296883.0
380.297,63.0,90196.0,5123.0,51.0,270.639,2531325996.0
380.398,63.0,90196.0,5123.0,51.0,270.143,2531352537.0
380.497,63.0,90196.0,5123.0,51.0,269.612,2531380183.0
380.598,63.0,90196.0,5123.0,51.0,270.78,2531408392.0
380.703,63.0,90196.0,5123.0,51.0,274.507,2531436813.0
380.798,63.0,90196.0,5123.0,51.0,275.286,2531465761.0
380.898,63.0,90196.0,5123.0,51.0,277.718,2531493403.0
380.999,63.0,90196.0,5123.0,51.0,278.65,2531521189.0
381.098,63.0,90196.0,5123.0,51.0,280.978,2531547465.0
381.198,63.0,90196.0,5123.0,51.0,278.543,2531572865.0
381.298,63.0,90196.0,5123.0,51.0,275.335,2531598918.0
381.398,63.0,90196.0,5123.0,51.0,275.335,2531598918.0
381.498,62.0,90196.0,5123.0,51.0,272.212,2531626284.0
381.598,63.0,90196.0,5123.0,51.0,271.791,2531651883.0
381.698,63.0,90196.0,5123.0,51.0,267.989,2531704718.0
381.798,62.0,90196.0,5123.0,51.0,266.675,2531732349.0
381.897,62.0,90196.0,5123.0,51.0,266.19,2531758872.0
381.998,62.0,90196.0,5123.0,51.0,265.331,2531786156.0
382.098,62.0,90196.0,5123.0,51.0,266.079,2531813338.0
382.198,63.0,90196.0,5123.0,51.0,268.137,2531840324.0
382.299,63.0,90196.0,5123.0,51.0,268.996,2531867541.0
382.399,63.0,90196.0,5123.0,51.0,271.217,2531896259.0
382.499,63.0,90196.0,5123.0,51.0,270.029,2531921780.0
382.598,62.0,90196.0,5123.0,51.0,270.259,2531949814.0
382.698,62.0,90196.0,5123.0,51.0,272.014,2531976886.0
382.799,63.0,90196.0,5123.0,51.0,271.443,2532004096.0
382.899,63.0,90196.0,5123.0,51.0,269.757,2532030640.0
382.998,63.0,90196.0,5123.0,51.0,269.363,2532056644.0
383.098,63.0,90196.0,5123.0,51.0,267.627,2532083137.0
383.199,63.0,90196.0,5123.0,51.0,269.402,2532111349.0
383.299,63.0,90196.0,5123.0,51.0,269.406,2532137565.0
383.398,63.0,90196.0,5123.0,51.0,266.334,2532163756.0
383.498,63.0,90196.0,5123.0,51.0,268.102,2532190804.0
383.598,63.0,90196.0,5123.0,51.0,267.422,2532216925.0
383.698,63.0,90196.0,5123.0,51.0,267.06,2532243681.0
383.799,63.0,90196.0,5123.0,51.0,264.447,2532268629.0
383.899,63.0,90196.0,5123.0,51.0,267.166,2532295784.0
383.998,63.0,90196.0,5123.0,51.0,267.166,2532295784.0
384.098,61.0,90196.0,5123.0,51.0,264.522,2532320654.0
384.198,61.0,90196.0,5123.0,51.0,259.615,2532346514.0
384.299,61.0,90196.0,5123.0,51.0,259.194,2532395661.0
384.398,60.0,90196.0,5123.0,51.0,258.174,2532420273.0
384.498,60.0,90196.0,5123.0,51.0,255.796,2532445938.0
384.598,60.0,90196.0,5123.0,50.0,255.041,2532470797.0
384.698,60.0,90196.0,5123.0,50.0,251.869,2532495294.0
384.798,60.0,90196.0,5123.0,50.0,252.774,2532520319.0
384.897,60.0,90196.0,5123.0,50.0,250.688,2532545157.0
384.997,60.0,90196.0,5123.0,50.0,250.361,2532569379.0
385.098,60.0,90196.0,5123.0,50.0,249.201,2532595459.0
385.199,61.0,90196.0,5123.0,50.0,248.552,2532618312.0
385.298,61.0,90196.0,5123.0,50.0,249.765,2532645243.0
385.399,61.0,90196.0,5123.0,50.0,250.592,2532670358.0
385.499,61.0,90196.0,5123.0,50.0,249.917,2532693902.0
385.598,60.0,90196.0,5123.0,50.0,249.162,2532719086.0
385.698,60.0,90196.0,5123.0,50.0,251.442,2532745258.0
385.798,61.0,90196.0,5123.0,50.0,250.455,2532771002.0
385.899,61.0,90196.0,5123.0,50.0,251.236,2532796620.0
385.998,61.0,90196.0,5123.0,50.0,250.432,2532819812.0
386.099,61.0,90196.0,5123.0,50.0,249.523,2532845298.0
386.198,61.0,90196.0,5123.0,50.0,253.187,2532871377.0
386.298,61.0,90196.0,5123.0,50.0,253.187,2532871377.0
386.398,61.0,90196.0,5123.0,50.0,250.043,2532894660.0
386.498,61.0,90196.0,5123.0,50.0,248.38,2532918551.0
386.598,60.0,90196.0,5123.0,50.0,249.105,2532968467.0
386.698,60.0,90196.0,5123.0,50.0,247.025,2532992561.0
386.798,58.0,90196.0,5123.0,49.0,242.739,2533013677.0
386.899,58.0,90196.0,5123.0,49.0,234.123,2533030743.0
386.998,25.0,90196.0,5123.0,48.0,223.967,2533044029.0
387.098,25.0,90196.0,5123.0,48.0,212.823,2533057242.0
387.198,0.0,90196.0,5123.0,47.0,198.303,2533070514.0
387.297,0.0,90196.0,5123.0,47.0,189.345,2533083770.0
387.399,0.0,90196.0,5123.0,47.0,178.224,2533096973.0
387.498,0.0,90196.0,5123.0,49.0,196.485,2533138478.0
387.598,81.0,90196.0,5123.0,55.0,235.108,2533201701.0
387.698,81.0,90196.0,5123.0,56.0,259.672,2533253589.0
387.798,87.0,90196.0,5123.0,57.0,295.326,2533319983.0
387.898,87.0,90196.0,5123.0,59.0,354.27,2533382643.0
387.999,92.0,90196.0,5123.0,59.0,401.581,2533449311.0
388.098,92.0,90196.0,5123.0,60.0,451.69,2533506373.0
388.198,90.0,90196.0,5123.0,61.0,500.422,2533568812.0
388.298,90.0,90196.0,5123.0,61.0,500.422,2533628578.0
388.398,90.0,90196.0,5123.0,61.0,547.559,2533628578.0
388.498,91.0,90196.0,5123.0,61.0,590.274,2533693685.0
388.598,91.0,90196.0,5123.0,62.0,610.599,2533748271.0
388.698,80.0,90196.0,5123.0,57.0,548.982,2533801278.0
388.798,61.0,90196.0,5123.0,56.0,512.728,2533826772.0
388.898,61.0,90196.0,5123.0,54.0,476.327,2533854700.0
388.998,62.0,90196.0,5123.0,54.0,436.398,2533882799.0
389.098,62.0,90196.0,5123.0,53.0,409.144,2533910542.0
389.198,61.0,90196.0,5123.0,53.0,373.734,2533938123.0
389.298,61.0,90196.0,5123.0,53.0,341.39,2533965762.0
389.398,62.0,90196.0,5123.0,52.0,303.458,2533991886.0
389.498,62.0,90196.0,5123.0,52.0,269.489,2534016867.0
389.597,62.0,90196.0,5123.0,52.0,266.328,2534042030.0
389.699,62.0,90196.0,5123.0,52.0,267.485,2534068442.0
389.798,62.0,90196.0,5123.0,52.0,266.641,2534094348.0
389.898,62.0,90196.0,5123.0,52.0,263.369,2534119324.0
389.998,62.0,90196.0,5123.0,52.0,264.465,2534147576.0
390.098,62.0,90196.0,5123.0,52.0,263.799,2534175125.0
390.198,61.0,90196.0,5123.0,52.0,261.555,2534201112.0
390.299,61.0,90196.0,5123.0,51.0,260.049,2534227067.0
390.398,62.0,90196.0,5123.0,51.0,261.48,2534254096.0
390.499,62.0,90196.0,5123.0,51.0,264.881,2534282675.0
390.598,62.0,90196.0,5123.0,51.0,264.881,2534282675.0
390.698,62.0,90196.0,5123.0,51.0,266.258,2534308724.0
390.799,62.0,90196.0,5123.0,51.0,266.001,2534361612.0
390.898,62.0,90196.0,5123.0,51.0,267.264,2534387643.0
390.998,62.0,90196.0,5123.0,51.0,268.578,2534413502.0
391.098,62.0,90196.0,5123.0,51.0,265.986,2534438727.0
391.199,62.0,90196.0,5123.0,51.0,263.817,2534463428.0
391.298,63.0,90196.0,5123.0,51.0,262.733,2534488057.0
391.398,63.0,90196.0,5123.0,51.0,261.533,2534513009.0
391.499,62.0,90196.0,5123.0,51.0,259.332,2534539056.0
391.598,62.0,90196.0,5123.0,51.0,257.036,2534567773.0
391.698,63.0,90196.0,5123.0,51.0,260.036,2534596166.0
391.799,63.0,90196.0,5123.0,51.0,261.739,2534625117.0
391.897,63.0,90196.0,5123.0,51.0,264.592,2534653744.0
391.997,63.0,90196.0,5123.0,51.0,267.133,2534681706.0
392.099,63.0,90196.0,5123.0,51.0,268.624,2534708886.0
392.198,63.0,90196.0,5123.0,51.0,270.424,2534735672.0
392.298,62.0,90196.0,5123.0,51.0,272.168,2534762380.0
392.398,62.0,90196.0,5123.0,51.0,274.183,2534789172.0
392.497,63.0,90196.0,5123.0,51.0,276.204,2534816438.0
392.597,63.0,90196.0,5123.0,51.0,276.756,2534844397.0
392.698,63.0,90196.0,5123.0,51.0,276.397,2534872034.0
392.797,63.0,90196.0,5123.0,51.0,274.858,2534898707.0
392.899,63.0,90196.0,5123.0,51.0,272.094,2534924071.0
392.999,63.0,90196.0,5123.0,51.0,268.701,2534952714.0
393.098,63.0,90196.0,5123.0,51.0,269.342,2534978224.0
393.198,63.0,90196.0,5123.0,51.0,268.087,2534978224.0
393.298,62.0,90196.0,5123.0,51.0,267.842,2535005404.0
393.399,62.0,90196.0,5123.0,51.0,265.494,2535029842.0
393.498,63.0,90196.0,5123.0,51.0,264.237,2535080296.0
393.598,63.0,90196.0,5123.0,51.0,262.561,2535106332.0
393.699,63.0,90196.0,5123.0,51.0,260.188,2535131811.0
393.799,63.0,90196.0,5123.0,51.0,260.16,2535159237.0
393.899,63.0,90196.0,5123.0,51.0,262.197,2535185316.0
393.999,63.0,90196.0,5123.0,51.0,260.527,2535212925.0
394.098,63.0,90196.0,5123.0,51.0,260.223,2535238239.0
394.198,63.0,90196.0,5123.0,51.0,262.36,2535266646.0
394.298,63.0,90196.0,5123.0,51.0,265.948,2535294047.0
394.398,63.0,90196.0,5123.0,51.0,270.156,2535322958.0
394.498,63.0,90196.0,5123.0,51.0,270.573,2535348827.0
394.598,63.0,90196.0,5123.0,51.0,270.945,2535375107.0
394.698,63.0,90196.0,5123.0,51.0,271.574,2535401462.0
394.798,63.0,90196.0,5123.0,51.0,269.572,2535426826.0
394.898,63.0,90196.0,5123.0,51.0,272.174,2535455063.0
394.998,62.0,90196.0,5123.0,51.0,269.82,2535480514.0
395.098,62.0,90196.0,5123.0,51.0,271.03,2535507306.0
395.198,63.0,90196.0,5123.0,51.0,269.822,2535534654.0
395.298,63.0,90196.0,5123.0,51.0,268.279,2535560698.0
395.398,64.0,90196.0,5123.0,51.0,267.223,2535587994.0
395.499,64.0,90196.0,5123.0,51.0,267.908,2535614562.0
395.597,64.0,90196.0,5123.0,51.0,267.908,2535639312.0
395.698,63.0,90196.0,5123.0,51.0,266.423,2535639312.0
395.799,63.0,90196.0,5123.0,51.0,268.356,2535666485.0
395.898,62.0,90196.0,5123.0,51.0,269.55,2535693591.0
395.999,62.0,90196.0,5123.0,51.0,268.297,2535746968.0
396.098,61.0,90196.0,5123.0,51.0,266.973,2535770896.0
396.198,61.0,90196.0,5123.0,51.0,263.163,2535797453.0
396.299,61.0,90196.0,5123.0,51.0,262.307,2535822803.0
396.399,61.0,90196.0,5123.0,51.0,259.031,2535847835.0
396.499,61.0,90196.0,5123.0,51.0,257.041,2535871808.0
396.598,61.0,90196.0,5123.0,50.0,258.002,2535896155.0
396.698,61.0,90196.0,5123.0,50.0,254.951,2535921137.0
396.798,60.0,90196.0,5123.0,50.0,252.709,2535945823.0
396.899,60.0,90196.0,5123.0,50.0,248.482,2535970146.0
396.999,61.0,90196.0,5123.0,50.0,247.172,2535993675.0
397.098,61.0,90196.0,5123.0,50.0,247.969,2536017666.0
397.199,59.0,90196.0,5123.0,50.0,247.617,2536042861.0
397.298,59.0,90196.0,5123.0,50.0,246.049,2536068288.0
397.399,61.0,90196.0,5123.0,50.0,243.524,2536090109.0
397.499,61.0,90196.0,5123.0,50.0,243.669,2536114936.0
397.598,60.0,90196.0,5123.0,50.0,238.661,2536136440.0
397.698,60.0,90196.0,5123.0,50.0,238.634,2536160532.0
397.797,58.0,90196.0,5123.0,50.0,236.156,2536182835.0
397.898,58.0,90196.0,5123.0,50.0,234.318,2536205549.0
397.998,55.0,90196.0,5123.0,49.0,231.24,2536226898.0
398.099,55.0,90196.0,5123.0,49.0,223.248,2536244403.0
398.199,0.0,90196.0,5123.0,48.0,210.496,2536257787.0
398.299,0.0,90196.0,5123.0,48.0,200.157,2536271072.0
398.399,0.0,90196.0,5123.0,47.0,191.527,2536271072.0
398.498,0.0,90196.0,5123.0,47.0,180.302,2536284321.0
398.598,11.0,90196.0,5123.0,47.0,178.934,2536297637.0
398.698,11.0,90196.0,5123.0,51.0,210.036,2536358887.0
398.799,100.0,90196.0,5123.0,55.0,250.484,2536423300.0
398.898,100.0,90196.0,5123.0,57.0,283.191,2536482455.0
398.998,100.0,90196.0,5123.0,58.0,323.761,2536540128.0
399.099,100.0,90196.0,5123.0,59.0,372.628,2536606040.0
399.198,100.0,90196.0,5123.0,60.0,415.707,2536668764.0
399.299,100.0,90196.0,5123.0,60.0,468.603,2536729202.0
399.399,100.0,90196.0,5123.0,61.0,506.341,2536790311.0
399.499,100.0,90196.0,5123.0,61.0,561.835,2536849413.0
399.599,100.0,90196.0,5123.0,61.0,603.273,2536912917.0
399.699,100.0,90196.0,5123.0,62.0,590.139,2536963618.0
399.799,61.0,90196.0,5123.0,57.0,554.571,2536990200.0
399.899,61.0,90196.0,5123.0,56.0,524.798,2537016906.0
399.998,61.0,90196.0,5123.0,55.0,496.197,2537042784.0
400.099,61.0,90196.0,5123.0,54.0,456.943,2537070001.0
400.198,62.0,90196.0,5123.0,54.0,416.737,2537094933.0
400.299,62.0,90196.0,5123.0,53.0,387.623,2537121244.0
400.398,62.0,90196.0,5123.0,53.0,354.497,2537149283.0
400.499,62.0,90196.0,5123.0,53.0,324.712,2537176819.0
400.599,60.0,90196.0,5123.0,52.0,289.893,2537205066.0
400.697,60.0,90196.0,5123.0,52.0,270.263,2537233031.0
400.798,60.0,90196.0,5123.0,52.0,270.263,2537233031.0
400.898,62.0,90196.0,5123.0,52.0,271.457,2537261047.0
400.998,62.0,90196.0,5123.0,52.0,270.787,2537288335.0
401.099,61.0,90196.0,5123.0,52.0,269.467,2537337609.0
401.199,61.0,90196.0,5123.0,52.0,267.516,2537363480.0
401.298,62.0,90196.0,5123.0,52.0,268.438,2537388677.0
401.398,62.0,90196.0,5123.0,52.0,267.905,2537414218.0
401.499,62.0,90196.0,5123.0,52.0,265.415,2537440351.0
401.598,62.0,90196.0,5123.0,52.0,262.782,2537466775.0
401.698,62.0,90196.0,5123.0,52.0,261.299,2537494785.0
401.798,62.0,90196.0,5123.0,51.0,261.479,2537520389.0
401.899,62.0,90196.0,5123.0,51.0,259.197,2537546909.0
401.999,62.0,90196.0,5123.0,51.0,258.562,2537574874.0
402.098,61.0,90196.0,5123.0,51.0,261.65,2537601608.0
402.198,61.0,90196.0,5123.0,51.0,262.96,2537628739.0
402.299,63.0,90196.0,5123.0,51.0,264.391,2537655194.0
402.398,63.0,90196.0,5123.0,51.0,264.386,2537680349.0
402.498,62.0,90196.0,5123.0,51.0,264.413,2537708641.0
402.599,62.0,90196.0,5123.0,51.0,267.388,2537736472.0
402.698,63.0,90196.0,5123.0,51.0,268.493,2537764056.0
402.798,63.0,90196.0,5123.0,51.0,266.941,2537790070.0
402.899,61.0,90196.0,5123.0,51.0,266.459,2537815953.0
402.998,61.0,90196.0,5123.0,51.0,266.261,2537841483.0
403.099,61.0,90196.0,5123.0,51.0,264.101,2537867852.0
403.199,61.0,90196.0,5123.0,51.0,263.984,2537893097.0
403.298,63.0,90196.0,5123.0,51.0,263.346,2537920113.0
403.399,63.0,90196.0,5123.0,51.0,265.192,2537920113.0
403.498,63.0,90196.0,5123.0,51.0,268.32,2537947984.0
403.599,63.0,90196.0,5123.0,51.0,266.348,2537975815.0
403.698,63.0,90196.0,5123.0,51.0,266.022,2538029331.0
403.798,63.0,90196.0,5123.0,51.0,264.742,2538055737.0
403.899,63.0,90196.0,5123.0,51.0,266.325,2538081632.0
403.998,63.0,90196.0,5123.0,51.0,266.734,2538106519.0
404.097,62.0,90196.0,5123.0,51.0,265.601,2538132219.0
404.198,62.0,90196.0,5123.0,51.0,264.577,2538158571.0
404.298,63.0,90196.0,5123.0,51.0,266.165,2538187025.0
404.398,63.0,90196.0,5123.0,51.0,263.758,2538213235.0
404.498,63.0,90196.0,5123.0,51.0,265.469,2538240984.0
404.599,63.0,90196.0,5123.0,51.0,263.977,2538266485.0
404.698,63.0,90196.0,5123.0,51.0,267.113,2538294686.0
404.799,63.0,90196.0,5123.0,51.0,267.305,2538322119.0
404.902,63.0,90196.0,5123.0,51.0,269.166,2538349955.0
404.997,63.0,90196.0,5123.0,51.0,272.736,2538378846.0
405.098,63.0,90196.0,5123.0,51.0,271.842,2538404748.0
405.198,63.0,90196.0,5123.0,51.0,273.589,2538432621.0
405.302,63.0,90196.0,5123.0,51.0,272.354,2538460739.0
405.399,64.0,90196.0,5123.0,51.0,272.961,2538486649.0
405.498,64.0,90196.0,5123.0,51.0,270.607,2538512381.0
405.598,63.0,90196.0,5123.0,51.0,271.782,2538538731.0
405.698,63.0,90196.0,5123.0,51.0,268.253,2538564088.0
405.798,63.0,90196.0,5123.0,51.0,267.625,2538590671.0
405.898,63.0,90196.0,5123.0,51.0,266.314,2538617321.0
405.998,63.0,90196.0,5123.0,51.0,264.933,2538643449.0
406.098,63.0,90196.0,5123.0,51.0,265.085,2538643449.0
406.199,63.0,90196.0,5123.0,51.0,263.724,2538670695.0
406.299,63.0,90196.0,5123.0,51.0,263.339,2538723597.0
406.399,62.0,90196.0,5123.0,51.0,263.158,2538749917.0
406.499,62.0,90196.0,5123.0,51.0,263.556,2538776575.0
406.598,61.0,90196.0,5123.0,51.0,263.192,2538803395.0
406.699,61.0,90196.0,5123.0,51.0,262.931,2538827601.0
406.798,61.0,90196.0,5123.0,51.0,262.056,2538853541.0
406.898,61.0,90196.0,5123.0,51.0,261.671,2538880267.0
406.999,61.0,90196.0,5123.0,51.0,264.273,2538908348.0
407.098,61.0,90196.0,5123.0,51.0,262.191,2538933489.0
407.198,61.0,90196.0,5123.0,51.0,262.138,2538958946.0
407.299,61.0,90196.0,5123.0,51.0,262.366,2538985695.0
407.398,61.0,90196.0,5123.0,51.0,263.836,2539013281.0
407.499,61.0,90196.0,5123.0,51.0,264.157,2539039695.0
407.597,61.0,90196.0,5123.0,51.0,260.226,2539064528.0
407.698,61.0,90196.0,5123.0,51.0,261.01,2539088719.0
407.798,61.0,90196.0,5123.0,50.0,261.591,2539114611.0
407.898,61.0,90196.0,5123.0,50.0,261.005,2539140463.0
407.999,61.0,90196.0,5123.0,50.0,259.029,2539166868.0
408.098,61.0,90196.0,5123.0,50.0,257.149,2539191866.0
408.198,61.0,90196.0,5123.0,50.0,256.236,2539216050.0
408.299,61.0,90196.0,5123.0,50.0,252.925,2539239634.0
408.398,60.0,90196.0,5123.0,50.0,250.403,2539263852.0
408.502,60.0,90196.0,5123.0,50.0,249.103,2539289192.0
408.598,61.0,90196.0,5123.0,50.0,251.552,2539289192.0
408.698,61.0,90196.0,5123.0,50.0,249.619,2539313678.0
408.799,61.0,90196.0,5123.0,50.0,246.35,2539336927.0
408.898,61.0,90196.0,5123.0,50.0,244.297,2539384157.0
408.998,59.0,90196.0,5123.0,50.0,241.222,2539407474.0
409.096,59.0,90196.0,5123.0,50.0,239.034,2539429995.0
409.198,55.0,90196.0,5123.0,50.0,235.873,2539452279.0
409.298,55.0,90196.0,5123.0,49.0,226.201,2539467545.0
409.398,0.0,90196.0,5123.0,48.0,215.181,2539480947.0
409.498,0.0,90196.0,5123.0,48.0,203.332,2539494355.0
409.599,0.0,90196.0,5123.0,47.0,191.381,2539507718.0
409.698,0.0,90196.0,5123.0,47.0,181.884,2539521000.0
409.799,20.0,90196.0,5123.0,47.0,181.485,2539535699.0
409.899,20.0,90196.0,5123.0,51.0,221.386,2539586829.0
409.998,100.0,90196.0,5123.0,56.0,258.026,2539650722.0
410.097,100.0,90196.0,5123.0,56.0,304.099,2539711811.0
410.198,100.0,90196.0,5123.0,58.0,338.879,2539776295.0
410.297,100.0,90196.0,5123.0,57.0,391.341,2539830448.0
410.399,100.0,90196.0,5123.0,60.0,438.94,2539897026.0
410.498,100.0,90196.0,5123.0,59.0,490.904,2539958870.0
410.599,100.0,90196.0,5123.0,61.0,537.584,2540020850.0
410.698,100.0,90196.0,5123.0,59.0,585.072,2540079883.0
410.799,100.0,90196.0,5123.0,62.0,625.217,2540144356.0
410.899,100.0,90196.0,5123.0,62.0,605.754,2540202506.0
410.999,62.0,90196.0,5123.0,58.0,575.661,2540232086.0
411.097,62.0,90196.0,5123.0,56.0,530.509,2540257638.0
411.197,62.0,90196.0,5123.0,56.0,530.509,2540282602.0
411.298,62.0,90196.0,5123.0,55.0,497.462,2540282602.0
411.397,62.0,90196.0,5123.0,55.0,466.429,2540310511.0
411.499,62.0,90196.0,5123.0,54.0,426.977,2540361875.0
411.598,62.0,90196.0,5123.0,54.0,392.146,2540389265.0
411.697,62.0,90196.0,5123.0,53.0,360.445,2540417348.0
411.799,62.0,90196.0,5123.0,53.0,323.557,2540444448.0
411.897,62.0,90196.0,5123.0,53.0,292.328,2540471851.0
411.997,62.0,90196.0,5123.0,52.0,267.521,2540496616.0
412.097,62.0,90196.0,5123.0,52.0,264.664,2540521268.0
412.198,62.0,90196.0,5123.0,52.0,266.839,2540549497.0
412.299,61.0,90196.0,5123.0,52.0,267.871,2540575053.0
412.399,61.0,90196.0,5123.0,52.0,265.489,2540600405.0
412.499,62.0,90196.0,5123.0,52.0,265.879,2540626954.0
412.598,62.0,90196.0,5123.0,52.0,266.259,2540654663.0
412.698,62.0,90196.0,5123.0,52.0,266.012,2540682369.0
412.798,62.0,90196.0,5123.0,52.0,264.566,2540708215.0
412.898,63.0,90196.0,5123.0,52.0,262.298,2540734407.0
412.998,63.0,90196.0,5123.0,52.0,262.697,2540760636.0
413.099,62.0,90196.0,5123.0,52.0,265.722,2540787059.0
413.198,62.0,90196.0,5123.0,52.0,263.783,2540813282.0
413.298,62.0,90196.0,5123.0,51.0,262.878,2540839455.0
413.398,62.0,90196.0,5123.0,51.0,263.482,2540864714.0
413.498,62.0,90196.0,5123.0,51.0,262.882,2540889973.0
413.599,62.0,90196.0,5123.0,51.0,262.47,2540917968.0
413.697,63.0,90196.0,5123.0,51.0,263.314,2540917968.0
413.799,63.0,90196.0,5123.0,51.0,262.48,2540944889.0
413.898,63.0,90196.0,5123.0,51.0,266.006,2540972909.0
413.998,63.0,90196.0,5123.0,51.0,267.679,2541029130.0
414.099,63.0,90196.0,5123.0,51.0,267.715,2541055499.0
414.198,63.0,90196.0,5123.0,51.0,268.807,2541081062.0
414.298,62.0,90196.0,5123.0,51.0,268.578,2541108395.0
414.399,62.0,90196.0,5123.0,51.0,269.699,2541136547.0
414.499,63.0,90196.0,5123.0,51.0,272.122,2541163389.0
414.598,63.0,90196.0,5123.0,51.0,272.37,2541190706.0
414.698,63.0,90196.0,5123.0,51.0,270.068,2541216085.0
414.799,63.0,90196.0,5123.0,51.0,270.201,2541243234.0
414.898,63.0,90196.0,5123.0,51.0,266.268,2541268968.0
414.998,63.0,90196.0,5123.0,51.0,267.124,2541295802.0
415.099,63.0,90196.0,5123.0,51.0,269.677,2541324391.0
415.198,62.0,90196.0,5123.0,51.0,271.66,2541352380.0
415.299,62.0,90196.0,5123.0,51.0,273.998,2541381044.0
415.397,63.0,90196.0,5123.0,51.0,273.463,2541410313.0
415.499,63.0,90196.0,5123.0,51.0,272.543,2541435248.0
415.598,63.0,90196.0,5123.0,51.0,274.258,2541462230.0
415.698,63.0,90196.0,5123.0,51.0,272.34,2541487851.0
415.799,63.0,90196.0,5123.0,51.0,272.727,2541515238.0
415.898,63.0,90196.0,5123.0,51.0,272.715,2541541268.0
415.998,63.0,90196.0,5123.0,51.0,272.097,2541565999.0
416.098,63.0,90196.0,5123.0,51.0,270.34,2541593839.0
416.198,63.0,90196.0,5123.0,51.0,269.82,2541621277.0
416.298,63.0,90196.0,5123.0,51.0,266.313,2541648185.0
416.398,63.0,90196.0,5123.0,51.0,266.313,2541675123.0
416.498,64.0,90196.0,5123.0,51.0,266.041,2541675123.0
416.598,64.0,90196.0,5123.0,51.0,268.08,2541702655.0
416.698,64.0,90196.0,5123.0,51.0,266.824,2541754261.0
416.799,64.0,90196.0,5123.0,51.0,268.058,2541781171.0
416.898,63.0,90196.0,5123.0,51.0,266.847,2541806858.0
416.998,63.0,90196.0,5123.0,51.0,269.054,2541834746.0
417.098,63.0,90196.0,5123.0,51.0,267.641,2541861177.0
417.197,63.0,90196.0,5123.0,51.0,268.954,2541887546.0
417.297,63.0,90196.0,5123.0,51.0,267.05,2541913333.0
417.397,63.0,90196.0,5123.0,51.0,265.925,2541940063.0
417.498,63.0,90196.0,5123.0,51.0,265.402,2541966615.0
417.599,63.0,90196.0,5123.0,51.0,264.326,2541993652.0
417.699,63.0,90196.0,5123.0,51.0,265.966,2542020868.0
417.799,63.0,90196.0,5123.0,51.0,266.971,2542047619.0
417.899,63.0,90196.0,5123.0,51.0,265.705,2542073404.0
417.999,63.0,90196.0,5123.0,51.0,265.234,2542099663.0
418.099,63.0,90196.0,5123.0,51.0,266.201,2542125557.0
418.198,63.0,90196.0,5123.0,51.0,264.665,2542152803.0
418.298,61.0,90196.0,5123.0,51.0,266.778,2542179625.0
418.399,61.0,90196.0,5123.0,51.0,267.722,2542207432.0
418.497,61.0,90196.0,5123.0,51.0,266.064,2542232115.0
418.598,61.0,90196.0,5123.0,51.0,264.88,2542257060.0
418.697,61.0,90196.0,5123.0,51.0,261.404,2542283098.0
418.798,61.0,90196.0,5123.0,51.0,260.138,2542307916.0
418.899,61.0,90196.0,5123.0,51.0,258.421,2542333392.0
418.998,61.0,90196.0,5123.0,51.0,259.592,2542358480.0
419.098,61.0,90196.0,5123.0,51.0,257.703,2542358480.0
419.198,61.0,90196.0,5123.0,51.0,257.761,2542385388.0
419.298,61.0,90196.0,5123.0,51.0,256.977,2542437187.0
419.399,61.0,90196.0,5123.0,51.0,255.275,2542462269.0
419.498,61.0,90196.0,5123.0,51.0,253.943,2542486005.0
419.598,61.0,90196.0,5123.0,51.0,253.92,2542509663.0
419.698,61.0,90196.0,5123.0,50.0,251.199,2542533250.0
419.799,61.0,90196.0,5123.0,50.0,251.185,2542559183.0
419.898,61.0,90196.0,5123.0,50.0,251.516,2542583378.0
419.998,61.0,90196.0,5123.0,50.0,247.681,2542606327.0
420.098,61.0,90196.0,5123.0,50.0,245.612,2542630369.0
420.198,61.0,90196.0,5123.0,50.0,243.22,2542654557.0
420.298,61.0,90196.0,5123.0,50.0,240.979,2542677268.0
420.399,61.0,90196.0,5123.0,50.0,238.933,2542699672.0
420.498,55.0,90196.0,5123.0,49.0,235.011,2542718596.0
420.598,55.0,90196.0,5123.0,48.0,226.473,2542732076.0
420.698,0.0,90196.0,5123.0,48.0,217.597,2542745468.0
420.799,0.0,90196.0,5123.0,48.0,205.506,2542758832.0
420.897,0.0,90196.0,5123.0,47.0,193.813,2542772127.0
420.998,0.0,90196.0,5123.0,47.0,183.826,2542785472.0
421.098,0.0,90196.0,5123.0,48.0,175.973,2542808474.0
421.198,0.0,90196.0,5123.0,54.0,195.217,2542870352.0
421.299,100.0,90196.0,5123.0,57.0,235.762,2542929224.0
421.397,100.0,90196.0,5123.0,57.0,270.181,2542929224.0
421.499,100.0,90196.0,5123.0,59.0,312.914,2542995065.0
421.597,100.0,90196.0,5123.0,59.0,350.894,2543051582.0
421.698,100.0,90196.0,5123.0,60.0,406.021,2543177983.0
421.799,100.0,90196.0,5123.0,61.0,452.853,2543241297.0
421.899,100.0,90196.0,5123.0,61.0,505.955,2543302765.0
421.999,100.0,90196.0,5123.0,61.0,543.287,2543365262.0
422.099,100.0,90196.0,5123.0,62.0,593.425,2543426173.0
422.199,100.0,90196.0,5123.0,58.0,605.949,2543455105.0
422.298,62.0,90196.0,5123.0,56.0,566.558,2543483732.0
422.399,62.0,90196.0,5123.0,55.0,498.773,2543509829.0
422.499,62.0,90196.0,5123.0,54.0,469.206,2543536534.0
422.598,61.0,90196.0,5123.0,54.0,435.992,2543563307.0
422.699,61.0,90196.0,5123.0,53.0,402.773,2543590089.0
422.798,62.0,90196.0,5123.0,53.0,362.482,2543615869.0
422.899,62.0,90196.0,5123.0,53.0,327.173,2543642502.0
422.999,62.0,90196.0,5123.0,53.0,290.158,2543669474.0
423.099,62.0,90196.0,5123.0,52.0,270.134,2543695665.0
423.199,61.0,90196.0,5123.0,52.0,269.083,2543721755.0
423.299,61.0,90196.0,5123.0,52.0,265.37,2543748017.0
423.398,62.0,90196.0,5123.0,52.0,265.448,2543772868.0
423.499,62.0,90196.0,5123.0,52.0,266.785,2543772868.0
423.598,62.0,90196.0,5123.0,52.0,264.103,2543800527.0
423.698,62.0,90196.0,5123.0,52.0,264.774,2543826348.0
423.798,62.0,90196.0,5123.0,52.0,265.924,2543879014.0
423.898,62.0,90196.0,5123.0,52.0,266.517,2543906526.0
423.998,62.0,90196.0,5123.0,52.0,263.209,2543932367.0
424.099,62.0,90196.0,5123.0,52.0,262.125,2543956870.0
424.197,62.0,90196.0,5123.0,52.0,262.729,2543983723.0
424.298,62.0,90196.0,5123.0,51.0,263.656,2544008808.0
424.398,62.0,90196.0,5123.0,51.0,264.405,2544036178.0
424.498,62.0,90196.0,5123.0,51.0,262.762,2544062539.0
424.598,62.0,90196.0,5123.0,51.0,263.378,2544088314.0
424.699,62.0,90196.0,5123.0,51.0,264.453,2544115315.0
424.799,63.0,90196.0,5123.0,51.0,263.002,2544141774.0
424.898,63.0,90196.0,5123.0,51.0,258.735,2544167528.0
424.999,63.0,90196.0,5123.0,51.0,258.741,2544192142.0
425.098,63.0,90196.0,5123.0,51.0,261.147,2544218153.0
425.198,63.0,90196.0,5123.0,51.0,259.377,2544243925.0
425.298,63.0,90196.0,5123.0,51.0,257.221,2544268469.0
425.399,63.0,90196.0,5123.0,51.0,258.992,2544294571.0
425.502,63.0,90196.0,5123.0,51.0,258.094,2544321600.0
425.598,63.0,90196.0,5123.0,51.0,259.342,2544348047.0
425.698,63.0,90196.0,5123.0,51.0,260.562,2544374661.0
425.799,63.0,90196.0,5123.0,51.0,261.01,2544403996.0
425.899,63.0,90196.0,5123.0,51.0,264.451,2544430154.0
425.998,62.0,90196.0,5123.0,51.0,267.923,2544458521.0
426.098,62.0,90196.0,5123.0,51.0,269.001,2544486592.0
426.198,63.0,90196.0,5123.0,51.0,268.198,2544486592.0
426.298,63.0,90196.0,5123.0,51.0,270.092,2544512104.0
426.398,63.0,90196.0,5123.0,51.0,270.801,2544564440.0
426.498,63.0,90196.0,5123.0,51.0,269.972,2544591859.0
426.598,63.0,90196.0,5123.0,51.0,269.982,2544618585.0
426.698,63.0,90196.0,5123.0,51.0,266.925,2544644631.0
426.799,63.0,90196.0,5123.0,51.0,263.944,2544668903.0
426.898,63.0,90196.0,5123.0,51.0,262.568,2544695512.0
426.998,62.0,90196.0,5123.0,51.0,261.991,2544721495.0
427.099,62.0,90196.0,5123.0,51.0,261.039,2544748014.0
427.198,63.0,90196.0,5123.0,51.0,263.702,2544775386.0
427.298,63.0,90196.0,5123.0,51.0,265.626,2544803628.0
427.398,63.0,90196.0,5123.0,51.0,266.527,2544831525.0
427.498,63.0,90196.0,5123.0,51.0,265.655,2544857262.0
427.598,63.0,90196.0,5123.0,51.0,267.593,2544883911.0
427.699,63.0,90196.0,5123.0,51.0,269.685,2544912466.0
427.798,63.0,90196.0,5123.0,51.0,271.57,2544938709.0
427.898,63.0,90196.0,5123.0,51.0,272.727,2544965379.0
427.998,62.0,90196.0,5123.0,51.0,273.533,2544992576.0
428.098,62.0,90196.0,5123.0,51.0,272.42,2545019273.0
428.198,63.0,90196.0,5123.0,51.0,271.34,2545045623.0
428.298,63.0,90196.0,5123.0,51.0,268.296,2545072255.0
428.398,63.0,90196.0,5123.0,51.0,268.129,2545098356.0
428.498,63.0,90196.0,5123.0,51.0,267.644,2545125045.0
428.599,63.0,90196.0,5123.0,51.0,265.786,2545151357.0
428.699,63.0,90196.0,5123.0,51.0,263.804,2545177773.0
428.799,63.0,90196.0,5123.0,51.0,263.804,2545177773.0
428.898,63.0,90196.0,5123.0,51.0,262.712,2545201533.0
428.998,63.0,90196.0,5123.0,51.0,261.869,2545227866.0
429.098,61.0,90196.0,5123.0,51.0,260.009,2545279325.0
429.198,61.0,90196.0,5123.0,51.0,259.916,2545305489.0
429.298,61.0,90196.0,5123.0,51.0,259.496,2545330355.0
429.398,61.0,90196.0,5123.0,51.0,258.047,2545356364.0
429.499,60.0,90196.0,5123.0,51.0,256.316,2545380215.0
429.598,60.0,90196.0,5123.0,51.0,256.211,2545406507.0
429.698,59.0,90196.0,5123.0,51.0,256.329,2545431462.0
429.799,59.0,90196.0,5123.0,51.0,254.303,2545455347.0
429.899,60.0,90196.0,5123.0,51.0,253.866,2545479558.0
429.998,60.0,90196.0,5123.0,51.0,251.412,2545503792.0
430.098,61.0,90196.0,5123.0,51.0,250.366,2545527969.0
430.199,61.0,90196.0,5123.0,51.0,249.468,2545552881.0
430.298,60.0,90196.0,5123.0,51.0,247.945,2545579201.0
430.398,60.0,90196.0,5123.0,51.0,248.068,2545603326.0
430.498,61.0,90196.0,5123.0,51.0,248.905,2545629209.0
430.598,61.0,90196.0,5123.0,51.0,248.123,2545651799.0
430.698,61.0,90196.0,5123.0,50.0,248.441,2545677565.0
430.798,61.0,90196.0,5123.0,50.0,249.509,2545702137.0
430.899,61.0,90196.0,5123.0,50.0,251.622,2545728996.0
430.998,61.0,90196.0,5123.0,50.0,251.14,2545753790.0
431.098,61.0,90196.0,5123.0,50.0,250.802,2545778932.0
431.198,60.0,90196.0,5123.0,50.0,246.58,2545801654.0
431.298,60.0,90196.0,5123.0,50.0,245.987,2545824746.0
431.398,59.0,90196.0,5123.0,50.0,244.318,2545847976.0
431.498,59.0,90196.0,5123.0,50.0,244.318,2545872916.0
431.598,59.0,90196.0,5123.0,50.0,243.718,2545872916.0
431.699,56.0,90196.0,5123.0,49.0,239.877,2545894719.0
431.798,56.0,90196.0,5123.0,48.0,228.093,2545925728.0
431.898,0.0,90196.0,5123.0,48.0,215.569,2545939105.0
431.998,0.0,90196.0,5123.0,48.0,202.81,2545952377.0
432.097,0.0,90196.0,5123.0,47.0,193.331,2545965640.0
432.198,0.0,90196.0,5123.0,47.0,181.516,2545982144.0
432.298,37.0,90196.0,5123.0,54.0,204.889,2546043083.0
432.398,37.0,90196.0,5123.0,57.0,246.466,2546105336.0
432.499,90.0,90196.0,5123.0,57.0,281.945,2546170437.0
432.598,90.0,90196.0,5123.0,59.0,321.883,2546230708.0
432.699,88.0,90196.0,5123.0,59.0,360.125,2546290214.0
432.799,88.0,90196.0,5123.0,60.0,407.833,2546359506.0
432.898,92.0,90196.0,5123.0,60.0,512.374,2546418889.0
432.998,96.0,90196.0,5123.0,59.0,549.522,2546480864.0
433.099,96.0,90196.0,5123.0,56.0,561.215,2546519445.0
433.199,60.0,90196.0,5123.0,55.0,543.234,2546544266.0
433.298,60.0,90196.0,5123.0,54.0,505.348,2546569618.0
433.399,61.0,90196.0,5123.0,54.0,466.279,2546594365.0
433.498,61.0,90196.0,5123.0,53.0,426.501,2546619072.0
433.598,61.0,90196.0,5123.0,53.0,399.346,2546644225.0
433.698,61.0,90196.0,5123.0,52.0,352.836,2546669124.0
433.798,61.0,90196.0,5123.0,52.0,352.836,2546693659.0
433.899,61.0,90196.0,5123.0,52.0,319.65,2546693659.0
433.998,61.0,90196.0,5123.0,52.0,283.779,2546718978.0
434.098,61.0,90196.0,5123.0,52.0,252.649,2546769299.0
434.198,61.0,90196.0,5123.0,52.0,250.462,2546793779.0
434.298,61.0,90196.0,5123.0,52.0,250.621,2546818346.0
434.399,61.0,90196.0,5123.0,51.0,250.599,2546843800.0
434.498,61.0,90196.0,5123.0,51.0,250.002,2546868447.0
434.598,61.0,90196.0,5123.0,51.0,249.781,2546892806.0
434.698,61.0,90196.0,5123.0,51.0,249.339,2546918297.0
434.798,61.0,90196.0,5123.0,51.0,250.535,2546943517.0
434.899,61.0,90196.0,5123.0,51.0,249.558,2546967902.0
434.999,61.0,90196.0,5123.0,51.0,249.951,2546992142.0
435.098,61.0,90196.0,5123.0,51.0,249.97,2547017591.0
435.198,61.0,90196.0,5123.0,51.0,249.817,2547042844.0
435.298,60.0,90196.0,5123.0,51.0,250.189,2547068056.0
435.398,60.0,90196.0,5123.0,51.0,251.585,2547093654.0
435.499,61.0,90196.0,5123.0,51.0,251.499,2547117814.0
435.597,61.0,90196.0,5123.0,51.0,253.031,2547143272.0
435.699,61.0,90196.0,5123.0,51.0,252.425,2547168880.0
435.799,62.0,90196.0,5123.0,51.0,254.783,2547194399.0
435.898,62.0,90196.0,5123.0,51.0,255.657,2547220927.0
435.998,61.0,90196.0,5123.0,51.0,257.499,2547246249.0
436.098,61.0,90196.0,5123.0,51.0,258.69,2547272053.0
436.198,62.0,90196.0,5123.0,51.0,258.736,2547298413.0
436.298,62.0,90196.0,5123.0,51.0,256.243,2547323946.0
436.398,62.0,90196.0,5123.0,51.0,257.392,2547349347.0
436.498,62.0,90196.0,5123.0,51.0,258.294,2547349347.0
436.598,62.0,90196.0,5123.0,51.0,258.379,2547375004.0
436.698,62.0,90196.0,5123.0,51.0,258.165,2547401110.0
436.798,61.0,90196.0,5123.0,51.0,257.426,2547452616.0
436.898,61.0,90196.0,5123.0,51.0,255.825,2547478564.0
436.999,62.0,90196.0,5123.0,51.0,255.289,2547504209.0
437.098,62.0,90196.0,5123.0,51.0,255.973,2547528512.0
437.198,62.0,90196.0,5123.0,51.0,255.519,2547554926.0
437.299,62.0,90196.0,5123.0,51.0,255.563,2547580586.0
437.398,62.0,90196.0,5123.0,51.0,255.805,2547605578.0
437.498,62.0,90196.0,5123.0,51.0,254.293,2547630918.0
437.598,60.0,90196.0,5123.0,51.0,254.755,2547655495.0
437.698,60.0,90196.0,5123.0,51.0,255.449,2547681885.0
437.799,60.0,90196.0,5123.0,51.0,254.229,2547707981.0
437.899,60.0,90196.0,5123.0,51.0,252.172,2547731141.0
437.998,60.0,90196.0,5123.0,51.0,250.753,2547755087.0
438.099,60.0,90196.0,5123.0,51.0,250.348,2547779235.0
438.198,61.0,90196.0,5123.0,51.0,249.961,2547804157.0
438.298,61.0,90196.0,5123.0,51.0,251.62,2547830224.0
438.398,61.0,90196.0,5123.0,51.0,251.834,2547856572.0
438.497,61.0,90196.0,5123.0,51.0,253.105,2547881947.0
438.598,59.0,90196.0,5123.0,51.0,252.609,2547907912.0
438.699,59.0,90196.0,5123.0,51.0,251.415,2547933844.0
438.798,60.0,90196.0,5123.0,51.0,252.652,2547958664.0
438.897,60.0,90196.0,5123.0,51.0,252.911,2547983203.0
438.998,61.0,90196.0,5123.0,51.0,254.376,2548007201.0
439.098,61.0,90196.0,5123.0,51.0,254.376,2548033834.0
439.198,61.0,90196.0,5123.0,51.0,256.734,2548033834.0
439.298,59.0,90196.0,5123.0,51.0,256.241,2548060451.0
439.398,59.0,90196.0,5123.0,51.0,254.799,2548085454.0
439.499,60.0,90196.0,5123.0,51.0,253.027,2548133722.0
439.598,60.0,90196.0,5123.0,51.0,250.469,2548158089.0
439.698,60.0,90196.0,5123.0,51.0,248.909,2548181558.0
439.798,60.0,90196.0,5123.0,51.0,247.323,2548205901.0
439.898,60.0,90196.0,5123.0,51.0,247.895,2548232090.0
439.998,60.0,90196.0,5123.0,50.0,249.374,2548257696.0
440.097,60.0,90196.0,5123.0,50.0,248.994,2548283079.0
440.198,60.0,90196.0,5123.0,50.0,246.076,2548306240.0
440.297,59.0,90196.0,5123.0,50.0,245.722,2548330883.0
440.398,59.0,90196.0,5123.0,50.0,243.689,2548353197.0
440.498,59.0,90196.0,5123.0,50.0,243.128,2548378410.0
440.598,59.0,90196.0,5123.0,50.0,243.075,2548401619.0
440.698,60.0,90196.0,5123.0,50.0,243.12,2548425281.0
440.798,60.0,90196.0,5123.0,50.0,243.216,2548448191.0
440.898,60.0,90196.0,5123.0,50.0,241.595,2548472920.0
440.998,60.0,90196.0,5123.0,50.0,239.602,2548496790.0
441.097,60.0,90196.0,5123.0,50.0,238.631,2548521365.0
441.199,58.0,90196.0,5123.0,50.0,236.727,2548544270.0
441.298,58.0,90196.0,5123.0,50.0,238.406,2548567850.0
441.398,58.0,90196.0,5123.0,50.0,237.769,2548592398.0
441.498,58.0,90196.0,5123.0,50.0,235.261,2548614150.0
441.598,57.0,90196.0,5123.0,50.0,234.487,2548637304.0
441.698,57.0,90196.0,5123.0,50.0,234.039,2548660991.0
441.798,57.0,90196.0,5123.0,50.0,233.662,2548683344.0
441.898,57.0,90196.0,5123.0,50.0,233.662,2548683344.0
441.999,57.0,90196.0,5123.0,50.0,233.574,2548706227.0
442.098,57.0,90196.0,5123.0,50.0,233.512,2548729993.0
442.198,57.0,90196.0,5123.0,49.0,232.056,2548774944.0
442.298,57.0,90196.0,5123.0,49.0,229.47,2548796069.0
442.398,57.0,90196.0,5123.0,49.0,228.476,2548818664.0
442.498,57.0,90196.0,5123.0,49.0,226.588,2548838175.0
442.598,57.0,90196.0,5123.0,49.0,223.418,2548855003.0
442.699,18.0,90196.0,5123.0,48.0,213.735,2548868335.0
442.798,18.0,90196.0,5123.0,48.0,203.892,2548881653.0
442.898,0.0,90196.0,5123.0,47.0,194.618,2548894858.0
442.998,0.0,90196.0,5123.0,47.0,184.213,2548908145.0
443.099,0.0,90196.0,5123.0,47.0,173.584,2548921423.0
443.199,0.0,90196.0,5123.0,47.0,164.065,2548934539.0
443.298,0.0,90196.0,5123.0,47.0,156.754,2548947795.0
443.399,0.0,90196.0,5123.0,47.0,147.107,2548961070.0
443.498,0.0,90196.0,5123.0,47.0,139.418,2548974357.0
443.598,0.0,90196.0,5123.0,47.0,133.344,2548987530.0
443.699,0.0,90196.0,5123.0,46.0,132.601,2549000768.0
443.798,0.0,90196.0,5123.0,46.0,132.395,2549013910.0
443.899,0.0,90196.0,5123.0,46.0,132.323,2549027098.0
443.998,0.0,90196.0,5123.0,46.0,132.259,2549040298.0
444.098,0.0,90196.0,5123.0,46.0,132.2,2549053488.0
444.199,0.0,90196.0,5123.0,46.0,132.189,2549066703.0
444.298,0.0,90196.0,5123.0,46.0,132.235,2549079919.0
444.398,0.0,90196.0,5123.0,46.0,132.15,2549093083.0
444.497,0.0,90196.0,5123.0,46.0,132.071,2549106322.0
444.599,0.0,90196.0,5123.0,46.0,132.108,2549119549.0
444.699,0.0,90196.0,5123.0,46.0,131.976,2549132689.0
444.799,0.0,90196.0,5123.0,46.0,132.007,2549132689.0
444.898,0.0,90196.0,5123.0,46.0,131.989,2549145829.0
444.998,0.0,90196.0,5123.0,46.0,132.061,2549159051.0
445.098,0.0,90196.0,5123.0,46.0,132.024,2549185421.0
445.198,0.0,90196.0,5123.0,46.0,131.963,2549198581.0
445.298,0.0,90196.0,5123.0,46.0,131.946,2549211720.0
445.398,0.0,90196.0,5123.0,46.0,131.817,2549224809.0
445.499,0.0,90196.0,5123.0,46.0,131.769,2549237999.0
445.598,0.0,90196.0,5123.0,46.0,131.781,2549251235.0
445.698,0.0,90196.0,5123.0,46.0,131.745,2549264419.0
445.798,0.0,90196.0,5123.0,46.0,131.818,2549277540.0
445.898,0.0,90196.0,5123.0,46.0,131.763,2549290736.0
445.998,0.0,90196.0,5123.0,46.0,131.734,2549303894.0
446.099,0.0,90196.0,5123.0,46.0,131.763,2549317073.0
446.198,0.0,90196.0,5123.0,46.0,131.728,2549330220.0
446.298,0.0,90196.0,5123.0,46.0,131.717,2549343359.0
446.398,0.0,90196.0,5123.0,46.0,131.77,2549356529.0
446.498,0.0,90196.0,5123.0,46.0,131.711,2549369626.0
446.599,0.0,90196.0,5123.0,46.0,131.64,2549382716.0
446.699,0.0,90196.0,5123.0,46.0,131.54,2549395830.0
446.798,0.0,90196.0,5123.0,46.0,131.44,2549408937.0
446.899,0.0,90196.0,5123.0,46.0,131.464,2549422071.0
446.998,0.0,90196.0,5123.0,46.0,131.283,2549435222.0
447.099,0.0,90196.0,5123.0,46.0,131.358,2549448350.0
447.198,0.0,90196.0,5123.0,46.0,131.337,2549461544.0
447.298,0.0,90196.0,5123.0,46.0,131.282,2549474649.0
447.398,0.0,90196.0,5123.0,46.0,131.316,2549487781.0
447.499,0.0,90196.0,5123.0,46.0,131.28,2549500867.0
447.599,0.0,90196.0,5123.0,46.0,131.347,2549514006.0
447.699,0.0,90196.0,5123.0,46.0,131.347,2549527101.0
447.798,0.0,90196.0,5123.0,46.0,131.355,2549527101.0
447.899,0.0,90196.0,5123.0,46.0,131.312,2549540237.0
447.999,0.0,90196.0,5123.0,46.0,131.248,2549553319.0
448.099,0.0,90196.0,5123.0,46.0,131.335,2549579619.0
448.197,0.0,90196.0,5123.0,46.0,131.305,2549592746.0
448.299,0.0,90196.0,5123.0,46.0,131.306,2549605904.0
448.397,0.0,90196.0,5123.0,46.0,131.36,2549619049.0
448.497,0.0,90196.0,5123.0,46.0,131.349,2549632168.0
448.598,0.0,90196.0,5123.0,46.0,131.393,2549645300.0
448.698,0.0,90196.0,5123.0,46.0,131.367,2549658417.0
448.799,0.0,90196.0,5123.0,46.0,131.386,2549671555.0
448.898,0.0,90196.0,5123.0,46.0,131.404,2549684642.0
448.999,0.0,90196.0,5123.0,46.0,131.482,2549697773.0
449.099,0.0,90196.0,5123.0,46.0,131.414,2549710880.0
449.198,0.0,90196.0,5123.0,46.0,131.374,2549724028.0
449.299,0.0,90196.0,5123.0,46.0,131.404,2549737185.0
449.398,0.0,90196.0,5123.0,46.0,131.369,2549750292.0
449.499,0.0,90196.0,5123.0,46.0,131.374,2549763441.0
449.599,0.0,90196.0,5123.0,46.0,131.379,2549776565.0
449.697,0.0,90196.0,5123.0,46.0,131.396,2549789710.0
449.799,0.0,90196.0,5123.0,46.0,131.374,2549802833.0
449.898,0.0,90196.0,5123.0,46.0,131.369,2549815906.0
449.998,0.0,90196.0,5123.0,46.0,131.35,2549829011.0
450.099,0.0,90196.0,5123.0,46.0,131.314,2549842157.0
450.199,0.0,90196.0,5123.0,46.0,131.29,2549855261.0
450.299,0.0,90196.0,5123.0,46.0,131.25,2549868391.0
450.399,0.0,90196.0,5123.0,46.0,131.274,2549881486.0
450.498,0.0,90196.0,5123.0,46.0,131.274,2549894647.0
450.599,0.0,90196.0,5123.0,46.0,131.281,2549894647.0
450.699,0.0,90196.0,5123.0,46.0,131.244,2549907769.0
450.799,0.0,90196.0,5123.0,46.0,131.222,2549920857.0
450.899,0.0,90196.0,5123.0,46.0,131.246,2549947094.0
450.999,0.0,90196.0,5123.0,46.0,131.283,2549960229.0
451.098,0.0,90196.0,5123.0,46.0,131.281,2549973335.0
451.199,0.0,90196.0,5123.0,46.0,131.304,2549986439.0
451.298,0.0,90196.0,5123.0,46.0,131.257,2549999523.0
451.399,0.0,90196.0,5123.0,46.0,131.263,2550012649.0
451.498,0.0,90196.0,5123.0,46.0,131.221,2550025738.0
451.598,0.0,90196.0,5123.0,46.0,131.18,2550038868.0
451.698,0.0,90196.0,5123.0,46.0,131.221,2550051959.0
451.798,0.0,90196.0,5123.0,46.0,131.208,2550065085.0
451.898,0.0,90196.0,5123.0,46.0,131.237,2550078247.0
451.997,0.0,90196.0,5123.0,46.0,131.236,2550091368.0
452.099,0.0,90196.0,5123.0,46.0,131.217,2550104481.0
452.199,0.0,90196.0,5123.0,46.0,131.193,2550117602.0
452.298,0.0,90196.0,5123.0,46.0,131.258,2550130727.0
452.398,0.0,90196.0,5123.0,46.0,131.27,2550143849.0
452.498,0.0,90196.0,5123.0,46.0,131.287,2550156972.0
452.598,0.0,90196.0,5123.0,46.0,131.287,2550170090.0
452.699,0.0,90196.0,5123.0,46.0,131.274,2550183200.0
452.799,0.0,90196.0,5123.0,46.0,131.303,2550196328.0
452.898,0.0,90196.0,5123.0,46.0,131.253,2550209445.0
452.999,0.0,90196.0,5123.0,46.0,131.237,2550222591.0
453.099,0.0,90196.0,5123.0,46.0,131.298,2550235716.0
453.199,0.0,90196.0,5123.0,46.0,131.279,2550248825.0
453.299,0.0,90196.0,5123.0,46.0,131.257,2550261948.0
453.399,0.0,90196.0,5123.0,46.0,131.257,2550275038.0
453.499,0.0,90196.0,5123.0,46.0,131.25,2550275038.0
453.599,0.0,90196.0,5123.0,46.0,131.297,2550288152.0
453.699,0.0,90196.0,5123.0,46.0,131.292,2550301305.0
453.799,0.0,90196.0,5123.0,46.0,131.258,2550327530.0
453.899,0.0,90196.0,5123.0,46.0,131.212,2550340584.0
453.999,0.0,90196.0,5123.0,46.0,131.176,2550353695.0
454.099,0.0,90196.0,5123.0,46.0,131.154,2550366792.0
454.199,0.0,90196.0,5123.0,46.0,131.135,2550379904.0
454.299,0.0,90196.0,5123.0,46.0,131.109,2550392984.0
454.398,0.0,90196.0,5123.0,46.0,131.098,2550406070.0
454.499,0.0,90196.0,5123.0,46.0,131.054,2550419146.0
454.598,0.0,90196.0,5123.0,46.0,131.03,2550432282.0
454.698,0.0,90196.0,5123.0,46.0,131.02,2550445405.0
454.798,0.0,90196.0,5123.0,46.0,131.059,2550458535.0
454.898,0.0,90196.0,5123.0,45.0,131.096,2550471650.0
454.999,0.0,90196.0,5123.0,46.0,131.12,2550484757.0
455.099,0.0,90196.0,5123.0,45.0,131.121,2550497864.0
455.199,0.0,90196.0,5123.0,46.0,131.17,2550511004.0
455.299,0.0,90196.0,5123.0,46.0,131.199,2550524108.0
455.399,0.0,90196.0,5123.0,46.0,131.218,2550537235.0
455.499,0.0,90196.0,5123.0,45.0,131.259,2550550354.0
455.599,0.0,90196.0,5123.0,45.0,131.276,2550563468.0
455.699,0.0,90196.0,5123.0,45.0,131.241,2550576554.0
455.799,0.0,90196.0,5123.0,45.0,131.213,2550589660.0
455.899,0.0,90196.0,5123.0,45.0,131.202,2550602789.0
455.999,0.0,90196.0,5123.0,46.0,131.185,2550615880.0
456.099,0.0,90196.0,5123.0,45.0,131.151,2550628958.0
456.199,0.0,90196.0,5123.0,45.0,131.151,2550642060.0
456.299,0.0,90196.0,5123.0,45.0,131.111,2550642060.0
456.398,0.0,90196.0,5123.0,45.0,131.099,2550655153.0
456.499,0.0,90196.0,5123.0,45.0,131.085,2550668270.0
456.599,0.0,90196.0,5123.0,45.0,131.068,2550694467.0
456.698,0.0,90196.0,5123.0,45.0,131.093,2550707570.0
456.799,0.0,90196.0,5123.0,45.0,131.087,2550720687.0
456.899,0.0,90196.0,5123.0,45.0,131.093,2550733783.0
456.998,0.0,90196.0,5123.0,45.0,131.095,2550746900.0
457.099,0.0,90196.0,5123.0,45.0,131.121,2550760019.0
457.199,0.0,90196.0,5123.0,45.0,131.133,2550773133.0
457.299,0.0,90196.0,5123.0,45.0,131.146,2550786245.0
457.398,0.0,90196.0,5123.0,45.0,131.163,2550799362.0
457.499,0.0,90196.0,5123.0,45.0,131.17,2550812464.0
457.598,0.0,90196.0,5123.0,45.0,131.198,2550825591.0
457.699,0.0,90196.0,5123.0,45.0,131.198,2550838699.0
457.798,0.0,90196.0,5123.0,45.0,131.192,2550851792.0
457.898,0.0,90196.0,5123.0,45.0,131.186,2550864896.0
457.999,0.0,90196.0,5123.0,45.0,131.175,2550878009.0
458.098,0.0,90196.0,5123.0,45.0,131.165,2550891115.0
458.198,0.0,90196.0,5123.0,45.0,131.176,2550904243.0
458.299,0.0,90196.0,5123.0,45.0,131.169,2550917330.0
458.398,0.0,90196.0,5123.0,45.0,131.152,2550930437.0
458.499,0.0,90196.0,5123.0,45.0,131.141,2550943548.0
458.598,0.0,90196.0,5123.0,45.0,131.124,2550956651.0
458.700,0.0,90196.0,5123.0,45.0,131.118,2550969754.0
458.799,0.0,90196.0,5123.0,45.0,131.13,2550982862.0
458.898,0.0,90196.0,5123.0,45.0,131.135,2550995972.0
458.998,0.0,90196.0,5123.0,45.0,131.136,2551009089.0
459.098,0.0,90196.0,5123.0,45.0,131.135,2551022192.0
459.202,0.0,90196.0,5123.0,45.0,131.135,2551035304.0
459.299,0.0,90196.0,5123.0,45.0,131.137,2551035304.0
459.399,0.0,90196.0,5123.0,45.0,131.129,2551048411.0
459.499,0.0,90196.0,5123.0,45.0,131.147,2551061507.0
459.600,0.0,90196.0,5123.0,45.0,131.152,2551087747.0
459.699,0.0,90196.0,5123.0,45.0,131.159,2551100855.0
459.799,0.0,90196.0,5123.0,45.0,131.159,2551113970.0
459.899,0.0,90196.0,5123.0,45.0,131.159,2551127077.0
459.999,0.0,90196.0,5123.0,45.0,131.165,2551140189.0
460.098,0.0,90196.0,5123.0,45.0,131.165,2551153281.0
460.198,0.0,90196.0,5123.0,45.0,131.154,2551166387.0
460.299,0.0,90196.0,5123.0,45.0,131.154,2551179499.0
460.398,0.0,90196.0,5123.0,45.0,131.178,2551192602.0
460.499,0.0,90196.0,5123.0,45.0,131.143,2551205672.0
460.599,0.0,90196.0,5123.0,45.0,131.081,2551218739.0
460.698,0.0,90196.0,5123.0,45.0,131.071,2551231845.0
460.799,0.0,90196.0,5123.0,45.0,131.075,2551244950.0
460.899,0.0,90196.0,5123.0,45.0,131.077,2551258054.0
460.998,0.0,90196.0,5123.0,45.0,131.088,2551271180.0
461.098,0.0,90196.0,5123.0,45.0,131.086,2551284284.0
461.199,0.0,90196.0,5123.0,45.0,131.098,2551297403.0
461.299,0.0,90196.0,5123.0,45.0,131.121,2551310510.0
461.399,0.0,90196.0,5123.0,45.0,131.111,2551323622.0
461.499,0.0,90196.0,5123.0,45.0,131.117,2551336743.0
461.599,0.0,90196.0,5123.0,45.0,131.182,2551349838.0
461.699,0.0,90196.0,5123.0,45.0,131.171,2551362933.0
461.799,0.0,90196.0,5123.0,45.0,131.177,2551376050.0
461.898,0.0,90196.0,5123.0,45.0,131.159,2551389147.0
461.999,0.0,90196.0,5123.0,45.0,131.13,2551402241.0
462.098,0.0,90196.0,5123.0,45.0,131.13,2551415333.0
462.199,0.0,90196.0,5123.0,45.0,131.124,2551415333.0
462.299,0.0,90196.0,5123.0,45.0,131.1,2551428434.0
462.399,0.0,90196.0,5123.0,45.0,131.105,2551441532.0
462.499,0.0,90196.0,5123.0,45.0,131.098,2551467734.0
462.599,0.0,90196.0,5123.0,45.0,131.087,2551480837.0
462.699,0.0,90196.0,5123.0,45.0,131.111,2551493951.0
462.798,0.0,90196.0,5123.0,45.0,131.105,2551507068.0
462.898,0.0,90196.0,5123.0,45.0,131.112,2551520159.0
462.998,0.0,90196.0,5123.0,45.0,131.129,2551533260.0
463.099,0.0,90196.0,5123.0,45.0,131.137,2551546354.0
463.199,0.0,90196.0,5123.0,45.0,131.131,2551559462.0
463.299,0.0,90196.0,5123.0,45.0,131.131,2551572555.0
463.399,0.0,90196.0,5123.0,45.0,131.125,2551585647.0
463.499,0.0,90196.0,5123.0,45.0,131.127,2551598761.0
463.599,0.0,90196.0,5123.0,45.0,131.127,2551611861.0
463.699,0.0,90196.0,5123.0,45.0,131.114,2551624953.0
463.806,0.0,90196.0,5123.0,45.0,131.09,2551638053.0
463.899,0.0,90196.0,5123.0,45.0,131.085,2551651152.0
463.999,0.0,90196.0,5123.0,45.0,131.065,2551664261.0
464.099,0.0,90196.0,5123.0,45.0,131.065,2551677366.0
464.199,0.0,90196.0,5123.0,45.0,131.058,2551690473.0
464.299,0.0,90196.0,5123.0,45.0,131.066,2551703580.0
464.399,0.0,90196.0,5123.0,45.0,131.072,2551716686.0
464.498,0.0,90196.0,5123.0,45.0,131.078,2551729787.0
464.599,0.0,90196.0,5123.0,45.0,131.072,2551742894.0
464.699,0.0,90196.0,5123.0,45.0,131.084,2551755994.0
464.798,0.0,90196.0,5123.0,45.0,131.099,2551769087.0
464.898,0.0,90196.0,5123.0,45.0,131.113,2551782198.0
464.998,0.0,90196.0,5123.0,45.0,131.113,2551795297.0
465.098,0.0,90196.0,5123.0,45.0,131.114,2551795297.0
465.199,0.0,90196.0,5123.0,45.0,131.119,2551808406.0
465.297,0.0,90196.0,5123.0,45.0,131.108,2551821503.0
465.399,0.0,90196.0,5123.0,45.0,131.095,2551847710.0
465.499,0.0,90196.0,5123.0,45.0,131.094,2551860793.0
465.598,0.0,90196.0,5123.0,45.0,131.082,2551873902.0
465.698,0.0,90196.0,5123.0,45.0,131.082,2551887005.0
465.798,0.0,90196.0,5123.0,45.0,131.084,2551900113.0
465.899,0.0,90196.0,5123.0,45.0,131.072,2551913215.0
465.998,0.0,90196.0,5123.0,45.0,131.081,2551926332.0
466.099,0.0,90196.0,5123.0,45.0,131.081,2551939437.0
466.198,0.0,90196.0,5123.0,45.0,131.093,2551952546.0
466.299,0.0,90196.0,5123.0,45.0,131.093,2551965652.0
466.398,0.0,90196.0,5123.0,45.0,131.117,2551978756.0
466.499,0.0,90196.0,5123.0,45.0,131.131,2551991873.0
466.599,0.0,90196.0,5123.0,45.0,131.143,2552004976.0
466.699,0.0,90196.0,5123.0,45.0,131.135,2552018077.0
466.799,0.0,90196.0,5123.0,45.0,131.124,2552031169.0
466.899,0.0,90196.0,5123.0,45.0,131.128,2552044270.0
466.999,0.0,90196.0,5123.0,45.0,131.112,2552057371.0
467.098,0.0,90196.0,5123.0,45.0,131.094,2552070467.0
467.199,0.0,90196.0,5123.0,45.0,131.1,2552083567.0
467.299,0.0,90196.0,5123.0,45.0,131.112,2552096672.0
467.399,0.0,90196.0,5123.0,45.0,131.094,2552109780.0
467.499,0.0,90196.0,5123.0,45.0,131.082,2552122882.0
467.599,0.0,90196.0,5123.0,45.0,131.086,2552135993.0
467.698,0.0,90196.0,5123.0,45.0,131.083,2552149076.0
467.799,0.0,90196.0,5123.0,45.0,131.083,2552162185.0
467.898,0.0,90196.0,5123.0,45.0,131.09,2552162185.0
467.998,0.0,90196.0,5123.0,45.0,131.1,2552175301.0
468.099,0.0,90196.0,5123.0,45.0,131.101,2552188392.0
468.199,0.0,90196.0,5123.0,45.0,131.095,2552214598.0
468.297,0.0,90196.0,5123.0,45.0,131.077,2552227695.0
468.399,0.0,90196.0,5123.0,45.0,131.089,2552240791.0
468.498,0.0,90196.0,5123.0,45.0,131.101,2552253889.0
468.599,0.0,90196.0,5123.0,45.0,131.091,2552266991.0
468.699,0.0,90196.0,5123.0,45.0,131.083,2552280104.0
468.799,0.0,90196.0,5123.0,45.0,131.071,2552293194.0
468.899,0.0,90196.0,5123.0,45.0,131.067,2552306279.0
468.999,0.0,90196.0,5123.0,45.0,131.067,2552319383.0
469.099,0.0,90196.0,5123.0,45.0,131.072,2552332470.0
469.199,0.0,90196.0,5123.0,45.0,131.048,2552345563.0
469.299,0.0,90196.0,5123.0,45.0,131.051,2552358665.0
469.399,0.0,90196.0,5123.0,45.0,131.041,2552371759.0
469.498,0.0,90196.0,5123.0,45.0,131.04,2552384850.0
469.598,0.0,90196.0,5123.0,45.0,131.042,2552397938.0
469.698,0.0,90196.0,5123.0,45.0,131.007,2552411030.0
469.799,0.0,90196.0,5123.0,45.0,131.024,2552424124.0
469.898,0.0,90196.0,5123.0,45.0,131.035,2552437239.0
469.998,0.0,90196.0,5123.0,45.0,131.046,2552450341.0
470.098,0.0,90196.0,5123.0,45.0,131.019,2552463417.0
470.199,0.0,90196.0,5123.0,45.0,131.019,2552476494.0
470.298,0.0,90196.0,5123.0,45.0,131.043,2552489620.0
470.398,0.0,90196.0,5123.0,45.0,131.066,2552502726.0
470.497,0.0,90196.0,5123.0,45.0,131.058,2552515818.0
470.598,0.0,90196.0,5123.0,45.0,131.063,2552528912.0
470.697,0.0,90196.0,5123.0,45.0,131.099,2552542012.0
470.798,0.0,90196.0,5123.0,45.0,131.101,2552542012.0
470.898,0.0,90196.0,5123.0,45.0,131.081,2552555118.0
470.999,0.0,90196.0,5123.0,45.0,131.078,2552568215.0
471.098,0.0,90196.0,5123.0,45.0,131.106,2552594411.0
471.198,0.0,90196.0,5123.0,45.0,131.098,2552607508.0
471.299,0.0,90196.0,5123.0,45.0,131.072,2552620606.0
471.399,0.0,90196.0,5123.0,45.0,131.047,2552633692.0
471.499,0.0,90196.0,5123.0,45.0,131.067,2552646800.0
471.599,0.0,90196.0,5123.0,45.0,131.053,2552659896.0
471.698,0.0,90196.0,5123.0,45.0,131.049,2552672980.0
471.799,0.0,90196.0,5123.0,45.0,131.069,2552686116.0
471.899,0.0,90196.0,5123.0,45.0,131.077,2552699207.0
471.998,0.0,90196.0,5123.0,45.0,131.076,2552712311.0
472.098,0.0,90196.0,5123.0,45.0,131.072,2552725403.0
472.198,0.0,90196.0,5123.0,45.0,131.084,2552738520.0
472.298,0.0,90196.0,5123.0,45.0,131.091,2552751618.0
472.398,0.0,90196.0,5123.0,45.0,131.108,2552764728.0
472.498,0.0,90196.0,5123.0,45.0,131.088,2552777816.0
472.598,0.0,90196.0,5123.0,45.0,131.096,2552790918.0
472.698,0.0,90196.0,5123.0,45.0,131.118,2552804015.0
472.798,0.0,90196.0,5123.0,45.0,131.097,2552817125.0
472.899,0.0,90196.0,5123.0,45.0,131.094,2552830230.0
472.999,0.0,90196.0,5123.0,45.0,131.085,2552843329.0
473.098,0.0,90196.0,5123.0,45.0,131.106,2552856441.0
473.198,0.0,90196.0,5123.0,45.0,131.094,2552869536.0
473.299,0.0,90196.0,5123.0,45.0,131.094,2552882631.0
473.399,0.0,90196.0,5123.0,45.0,131.083,2552895735.0
473.499,0.0,90196.0,5123.0,45.0,131.086,2552908830.0
473.599,0.0,90196.0,5123.0,45.0,131.086,2552921927.0
473.699,0.0,90196.0,5123.0,45.0,131.086,2552935037.0
473.799,0.0,90196.0,5123.0,45.0,131.103,2552935037.0
473.899,0.0,90196.0,5123.0,45.0,131.097,2552948150.0
473.998,0.0,90196.0,5123.0,45.0,131.103,2552961257.0
474.098,0.0,90196.0,5123.0,45.0,131.089,2552987452.0
474.198,0.0,90196.0,5123.0,45.0,131.096,2553000559.0
474.299,0.0,90196.0,5123.0,45.0,131.088,2553013652.0
474.397,0.0,90196.0,5123.0,45.0,131.095,2553026752.0
474.497,0.0,90196.0,5123.0,45.0,131.111,2553039843.0
474.599,0.0,90196.0,5123.0,45.0,131.092,2553052952.0
474.698,0.0,90196.0,5123.0,45.0,131.094,2553066060.0
474.798,0.0,90196.0,5123.0,45.0,131.089,2553079160.0
474.899,0.0,90196.0,5123.0,45.0,131.08,2553092253.0
474.998,0.0,90196.0,5123.0,45.0,131.088,2553105354.0
475.099,0.0,90196.0,5123.0,45.0,131.1,2553118461.0
475.197,0.0,90196.0,5123.0,45.0,131.092,2553131571.0
475.298,0.0,90196.0,5123.0,45.0,131.101,2553144659.0
475.399,0.0,90196.0,5123.0,45.0,131.093,2553157761.0
475.499,0.0,90196.0,5123.0,45.0,131.094,2553170847.0
475.597,0.0,90196.0,5123.0,45.0,131.093,2553183961.0
475.698,0.0,90196.0,5123.0,45.0,131.083,2553197049.0
475.798,0.0,90196.0,5123.0,45.0,131.069,2553210148.0
475.898,0.0,90196.0,5123.0,45.0,131.061,2553223240.0
475.998,0.0,90196.0,5123.0,45.0,131.043,2553236340.0
476.098,0.0,90196.0,5123.0,45.0,131.052,2553249446.0
476.199,0.0,90196.0,5123.0,45.0,131.072,2553262563.0
476.299,0.0,90196.0,5123.0,45.0,131.057,2553275659.0
476.398,0.0,90196.0,5123.0,45.0,131.071,2553288767.0
476.498,0.0,90196.0,5123.0,45.0,131.065,2553301864.0
476.598,0.0,90196.0,5123.0,45.0,131.066,2553314938.0
476.699,0.0,90196.0,5123.0,45.0,131.066,2553328032.0
476.799,0.0,90196.0,5123.0,45.0,131.046,2553328032.0
476.899,0.0,90196.0,5123.0,45.0,131.069,2553341152.0
476.999,0.0,90196.0,5123.0,45.0,131.071,2553354245.0
477.098,0.0,90196.0,5123.0,45.0,131.105,2553380452.0
477.198,0.0,90196.0,5123.0,45.0,131.073,2553393554.0
477.298,0.0,90196.0,5123.0,45.0,131.068,2553406648.0
477.397,0.0,90196.0,5123.0,45.0,131.077,2553419761.0
477.498,0.0,90196.0,5123.0,45.0,131.062,2553432838.0
477.598,0.0,90196.0,5123.0,45.0,131.073,2553445942.0
477.698,0.0,90196.0,5123.0,45.0,131.084,2553459041.0
477.798,0.0,90196.0,5123.0,45.0,131.069,2553472151.0
477.898,0.0,90196.0,5123.0,45.0,131.102,2553485253.0
477.998,0.0,90196.0,5123.0,45.0,131.103,2553498368.0
478.099,0.0,90196.0,5123.0,45.0,131.103,2553511464.0
478.199,0.0,90196.0,5123.0,45.0,131.113,2553524569.0
478.298,0.0,90196.0,5123.0,45.0,131.132,2553537682.0
478.398,0.0,90196.0,5123.0,45.0,131.125,2553550785.0
478.498,0.0,90196.0,5123.0,45.0,131.143,2553563886.0
478.598,0.0,90196.0,5123.0,45.0,131.137,2553576981.0
478.698,0.0,90196.0,5123.0,45.0,131.142,2553590092.0
478.798,0.0,90196.0,5123.0,45.0,131.142,2553603201.0
478.898,0.0,90196.0,5123.0,45.0,131.111,2553616297.0
478.998,0.0,90196.0,5123.0,45.0,131.106,2553629392.0
479.099,0.0,90196.0,5123.0,45.0,131.083,2553642484.0
479.199,0.0,90196.0,5123.0,45.0,131.082,2553655589.0
479.299,0.0,90196.0,5123.0,45.0,131.077,2553668688.0
479.399,0.0,90196.0,5123.0,45.0,131.065,2553681791.0
479.498,0.0,90196.0,5123.0,45.0,131.058,2553694899.0
479.598,0.0,90196.0,5123.0,45.0,131.037,2553707975.0
479.699,0.0,90196.0,5123.0,45.0,131.043,2553721080.0
479.798,0.0,90196.0,5123.0,45.0,131.043,2553734187.0
479.899,0.0,90196.0,5123.0,45.0,131.044,2553734187.0
479.998,0.0,90196.0,5123.0,45.0,131.04,2553747287.0
480.098,0.0,90196.0,5123.0,45.0,131.059,2553760384.0
480.198,0.0,90196.0,5123.0,45.0,131.074,2553786594.0
480.298,0.0,90196.0,5123.0,45.0,131.052,2553799687.0
480.399,0.0,90196.0,5123.0,45.0,131.057,2553812787.0
480.498,0.0,90196.0,5123.0,45.0,131.044,2553825877.0
480.599,0.0,90196.0,5123.0,45.0,131.059,2553838971.0
480.698,0.0,90196.0,5123.0,45.0,131.041,2553852051.0
480.798,0.0,90196.0,5123.0,45.0,131.04,2553865165.0
480.897,0.0,90196.0,5123.0,45.0,131.058,2553878263.0
480.998,0.0,90196.0,5123.0,45.0,131.055,2553891370.0
481.099,0.0,90196.0,5123.0,45.0,131.04,2553904466.0
481.199,0.0,90196.0,5123.0,45.0,131.063,2553917586.0
481.299,0.0,90196.0,5123.0,45.0,131.077,2553930680.0
481.399,0.0,90196.0,5123.0,45.0,131.08,2553943780.0
481.498,0.0,90196.0,5123.0,45.0,131.078,2553956894.0
481.597,0.0,90196.0,5123.0,45.0,131.085,2553969978.0
481.698,0.0,90196.0,5123.0,45.0,131.11,2553983075.0
481.798,0.0,90196.0,5123.0,45.0,131.098,2553996166.0
481.898,0.0,90196.0,5123.0,45.0,131.087,2554009275.0
481.999,0.0,90196.0,5123.0,45.0,131.077,2554022379.0
482.099,0.0,90196.0,5123.0,45.0,131.083,2554035479.0
482.198,0.0,90196.0,5123.0,45.0,131.075,2554048568.0
482.299,0.0,90196.0,5123.0,45.0,131.07,2554061674.0
482.399,0.0,90196.0,5123.0,45.0,131.07,2554074790.0
482.499,0.0,90196.0,5123.0,45.0,131.058,2554087880.0
482.599,0.0,90196.0,5123.0,45.0,131.072,2554100991.0
482.699,0.0,90196.0,5123.0,45.0,131.078,2554114085.0
482.798,0.0,90196.0,5123.0,45.0,131.096,2554127199.0
482.898,0.0,90196.0,5123.0,45.0,131.106,2554127199.0
482.998,0.0,90196.0,5123.0,45.0,131.088,2554140305.0
483.099,0.0,90196.0,5123.0,45.0,131.094,2554153397.0
483.199,0.0,90196.0,5123.0,48.0,161.715,2554197973.0
483.297,100.0,90196.0,5123.0,53.0,214.958,2554262836.0
483.397,100.0,90196.0,5123.0,56.0,258.745,2554320317.0
483.498,100.0,90196.0,5123.0,56.0,306.282,2554384993.0
483.598,100.0,90196.0,5123.0,58.0,358.655,2554447381.0
483.697,100.0,90196.0,5123.0,59.0,400.104,2554511970.0
483.799,100.0,90196.0,5123.0,59.0,458.915,2554572922.0
483.898,100.0,90196.0,5123.0,60.0,509.343,2554637177.0
483.998,100.0,90196.0,5123.0,61.0,555.012,2554696579.0
484.099,100.0,90196.0,5123.0,61.0,606.136,2554759661.0
484.198,100.0,90196.0,5123.0,62.0,610.986,2554817587.0
484.297,65.0,90196.0,5123.0,57.0,574.746,2554845588.0
484.398,65.0,90196.0,5123.0,56.0,544.343,2554874867.0
484.499,65.0,90196.0,5123.0,55.0,507.06,2554901870.0
484.598,65.0,90196.0,5123.0,54.0,477.388,2554929804.0
484.698,65.0,90196.0,5123.0,54.0,442.277,2554958129.0
484.798,65.0,90196.0,5123.0,54.0,404.695,2554985164.0
484.898,65.0,90196.0,5123.0,53.0,373.39,2555013083.0
484.998,65.0,90196.0,5123.0,53.0,341.557,2555039999.0
485.098,64.0,90196.0,5123.0,53.0,307.196,2555067407.0
485.198,64.0,90196.0,5123.0,53.0,307.196,2555097315.0
485.299,64.0,90196.0,5123.0,53.0,281.413,2555097315.0
485.398,65.0,90196.0,5123.0,53.0,282.532,2555125034.0
485.499,65.0,90196.0,5123.0,52.0,279.011,2555178971.0
485.601,65.0,90196.0,5123.0,52.0,281.091,2555208768.0
485.698,65.0,90196.0,5123.0,52.0,281.099,2555235087.0
485.798,65.0,90196.0,5123.0,52.0,278.413,2555261224.0
485.897,64.0,90196.0,5123.0,52.0,279.345,2555291221.0
485.999,64.0,90196.0,5123.0,52.0,278.704,2555318060.0
486.098,65.0,90196.0,5123.0,52.0,278.132,2555345136.0
486.198,65.0,90196.0,5123.0,52.0,273.488,2555371684.0
486.298,65.0,90196.0,5123.0,52.0,272.318,2555398430.0
486.399,65.0,90196.0,5123.0,52.0,276.593,2555427271.0
486.497,64.0,90196.0,5123.0,52.0,275.101,2555453910.0
486.598,64.0,90196.0,5123.0,52.0,270.33,2555480006.0
486.698,65.0,90196.0,5123.0,52.0,271.963,2555506473.0
486.798,65.0,90196.0,5123.0,52.0,272.125,2555534707.0
486.898,65.0,90196.0,5123.0,52.0,271.378,2555561960.0
486.999,65.0,90196.0,5123.0,52.0,274.969,2555592318.0
487.098,65.0,90196.0,5123.0,52.0,274.494,2555620141.0
487.198,65.0,90196.0,5123.0,52.0,277.06,2555648148.0
487.299,64.0,90196.0,5123.0,52.0,278.278,2555675239.0
487.398,64.0,90196.0,5123.0,52.0,273.713,2555702162.0
487.498,65.0,90196.0,5123.0,52.0,276.255,2555730213.0
487.598,65.0,90196.0,5123.0,52.0,279.125,2555759054.0
487.698,65.0,90196.0,5123.0,52.0,279.125,2555759054.0
487.799,64.0,90196.0,5123.0,52.0,278.942,2555786379.0
487.898,64.0,90196.0,5123.0,52.0,277.225,2555813695.0
487.998,65.0,90196.0,5123.0,52.0,277.042,2555866761.0
488.098,65.0,90196.0,5123.0,52.0,271.471,2555894176.0
488.198,65.0,90196.0,5123.0,52.0,271.968,2555923110.0
488.299,65.0,90196.0,5123.0,52.0,274.754,2555951618.0
488.399,65.0,90196.0,5123.0,52.0,273.927,2555979352.0
488.499,65.0,90196.0,5123.0,52.0,272.079,2556005292.0
488.598,65.0,90196.0,5123.0,52.0,273.512,2556034584.0
488.699,65.0,90196.0,5123.0,52.0,277.17,2556062614.0
488.798,65.0,90196.0,5123.0,52.0,281.128,2556094425.0
488.898,65.0,90196.0,5123.0,52.0,279.943,2556121099.0
488.998,65.0,90196.0,5123.0,52.0,281.922,2556148411.0
489.098,64.0,90196.0,5123.0,52.0,284.863,2556178294.0
489.199,64.0,90196.0,5123.0,52.0,284.814,2556206555.0
489.298,65.0,90196.0,5123.0,52.0,283.968,2556236483.0
489.399,65.0,90196.0,5123.0,52.0,285.411,2556263806.0
489.498,64.0,90196.0,5123.0,52.0,285.744,2556291154.0
489.599,64.0,90196.0,5123.0,51.0,283.328,2556317290.0
489.698,65.0,90196.0,5123.0,52.0,281.128,2556345104.0
489.798,65.0,90196.0,5123.0,52.0,276.022,2556372354.0
489.897,65.0,90196.0,5123.0,51.0,275.954,2556398881.0
489.998,65.0,90196.0,5123.0,51.0,276.217,2556425375.0
490.098,65.0,90196.0,5123.0,51.0,271.87,2556452436.0
490.199,65.0,90196.0,5123.0,51.0,270.47,2556479418.0
490.298,64.0,90196.0,5123.0,51.0,268.452,2556479418.0
490.398,64.0,90196.0,5123.0,51.0,268.452,2556506845.0
490.499,64.0,90196.0,5123.0,51.0,268.398,2556559299.0
490.598,62.0,90196.0,5123.0,51.0,266.51,2556585411.0
490.698,62.0,90196.0,5123.0,51.0,267.372,2556610620.0
490.799,61.0,90196.0,5123.0,51.0,264.996,2556636662.0
490.898,61.0,90196.0,5123.0,51.0,264.708,2556663598.0
490.998,61.0,90196.0,5123.0,51.0,265.387,2556689201.0
491.098,61.0,90196.0,5123.0,51.0,262.254,2556713224.0
491.198,61.0,90196.0,5123.0,51.0,260.178,2556737325.0
491.299,61.0,90196.0,5123.0,51.0,256.962,2556763286.0
491.399,60.0,90196.0,5123.0,51.0,256.532,2556788320.0
491.498,60.0,90196.0,5123.0,51.0,255.345,2556812854.0
491.597,61.0,90196.0,5123.0,51.0,253.722,2556837674.0
491.699,61.0,90196.0,5123.0,51.0,251.025,2556862225.0
491.799,61.0,90196.0,5123.0,50.0,249.23,2556885673.0
491.898,61.0,90196.0,5123.0,50.0,247.672,2556911170.0
491.997,61.0,90196.0,5123.0,50.0,246.186,2556936682.0
492.099,61.0,90196.0,5123.0,50.0,246.414,2556961164.0
492.197,61.0,90196.0,5123.0,50.0,246.28,2556984720.0
492.298,61.0,90196.0,5123.0,50.0,245.625,2557009831.0
492.399,61.0,90196.0,5123.0,50.0,246.412,2557033292.0
492.498,61.0,90196.0,5123.0,50.0,245.221,2557056329.0
492.598,59.0,90196.0,5123.0,50.0,243.243,2557078610.0
492.698,59.0,90196.0,5123.0,50.0,241.157,2557101235.0
492.798,56.0,90196.0,5123.0,50.0,240.293,2557122796.0
492.899,56.0,90196.0,5123.0,50.0,237.926,2557145236.0
492.998,58.0,90196.0,5123.0,50.0,233.624,2557145236.0
493.098,58.0,90196.0,5123.0,50.0,230.832,2557168680.0
493.198,58.0,90196.0,5123.0,50.0,230.423,2557213085.0
493.299,58.0,90196.0,5123.0,50.0,229.029,2557234848.0
493.398,58.0,90196.0,5123.0,50.0,225.106,2557255622.0
493.498,58.0,90196.0,5123.0,49.0,220.745,2557277712.0
493.597,58.0,90196.0,5123.0,49.0,221.384,2557301033.0
493.698,58.0,90196.0,5123.0,49.0,221.308,2557322927.0
493.798,49.0,90196.0,5123.0,48.0,211.781,2557337670.0
493.898,0.0,90196.0,5123.0,48.0,204.065,2557351110.0
493.998,0.0,90196.0,5123.0,47.0,193.984,2557364550.0
494.109,0.0,90196.0,5123.0,47.0,184.457,2557378004.0
494.198,0.0,90196.0,5123.0,47.0,175.858,2557391462.0
494.298,0.0,90196.0,5123.0,47.0,167.313,2557404892.0
494.399,0.0,90196.0,5123.0,47.0,161.042,2557418294.0
494.498,0.0,90196.0,5123.0,47.0,153.183,2557431669.0
494.598,0.0,90196.0,5123.0,47.0,143.602,2557444979.0
494.699,0.0,90196.0,5123.0,47.0,134.883,2557458264.0
494.798,0.0,90196.0,5123.0,46.0,133.919,2557471543.0
494.898,0.0,90196.0,5123.0,46.0,133.757,2557484829.0
494.998,0.0,90196.0,5123.0,46.0,133.606,2557498097.0
495.098,30.0,90196.0,5123.0,46.0,146.442,2557517942.0
495.198,30.0,90196.0,5123.0,52.0,189.247,2557570744.0
495.298,30.0,90196.0,5123.0,52.0,189.247,2557633857.0
495.398,96.0,90196.0,5123.0,56.0,235.443,2557633857.0
495.499,96.0,90196.0,5123.0,56.0,287.355,2557691430.0
495.597,100.0,90196.0,5123.0,58.0,329.455,2557754030.0
495.699,100.0,90196.0,5123.0,58.0,381.242,2557877615.0
495.798,100.0,90196.0,5123.0,60.0,424.964,2557935926.0
495.897,100.0,90196.0,5123.0,59.0,469.752,2557999178.0
495.998,100.0,90196.0,5123.0,61.0,527.978,2558057422.0
496.098,100.0,90196.0,5123.0,60.0,563.386,2558099776.0
496.199,71.0,90196.0,5123.0,60.0,549.211,2558128093.0
496.298,64.0,90196.0,5123.0,55.0,512.062,2558156715.0
496.399,64.0,90196.0,5123.0,55.0,478.297,2558184996.0
496.498,65.0,90196.0,5123.0,54.0,446.556,2558212235.0
496.598,65.0,90196.0,5123.0,54.0,413.96,2558240056.0
496.699,64.0,90196.0,5123.0,54.0,378.734,2558266794.0
496.798,64.0,90196.0,5123.0,53.0,342.559,2558293611.0
496.899,65.0,90196.0,5123.0,53.0,310.357,2558322813.0
496.998,65.0,90196.0,5123.0,53.0,277.871,2558350102.0
497.098,64.0,90196.0,5123.0,53.0,277.503,2558377105.0
497.198,64.0,90196.0,5123.0,53.0,275.693,2558404528.0
497.298,64.0,90196.0,5123.0,52.0,273.113,2558430458.0
497.398,64.0,90196.0,5123.0,52.0,274.084,2558457610.0
497.498,64.0,90196.0,5123.0,52.0,274.206,2558486305.0
497.598,64.0,90196.0,5123.0,52.0,272.637,2558486305.0
497.698,64.0,90196.0,5123.0,52.0,271.54,2558513761.0
497.798,64.0,90196.0,5123.0,52.0,271.588,2558567383.0
497.897,65.0,90196.0,5123.0,52.0,269.472,2558594529.0
497.997,65.0,90196.0,5123.0,52.0,271.725,2558621429.0
498.099,64.0,90196.0,5123.0,52.0,272.245,2558650122.0
498.199,64.0,90196.0,5123.0,52.0,275.746,2558680240.0
498.298,64.0,90196.0,5123.0,52.0,275.057,2558707025.0
498.399,64.0,90196.0,5123.0,52.0,273.889,2558731840.0
498.498,64.0,90196.0,5123.0,52.0,275.58,2558759966.0
498.598,64.0,90196.0,5123.0,52.0,276.026,2558789309.0
498.698,65.0,90196.0,5123.0,52.0,276.481,2558815566.0
498.799,65.0,90196.0,5123.0,52.0,276.713,2558843053.0
498.898,65.0,90196.0,5123.0,52.0,276.389,2558869183.0
498.999,65.0,90196.0,5123.0,52.0,276.975,2558897630.0
499.099,65.0,90196.0,5123.0,52.0,273.711,2558924685.0
499.199,65.0,90196.0,5123.0,52.0,272.973,2558952592.0
499.298,65.0,90196.0,5123.0,52.0,276.638,2558980646.0
499.399,65.0,90196.0,5123.0,52.0,277.041,2559007532.0
499.498,65.0,90196.0,5123.0,52.0,275.907,2559036672.0
499.597,65.0,90196.0,5123.0,52.0,275.805,2559063250.0
499.699,65.0,90196.0,5123.0,52.0,277.047,2559091176.0
499.799,65.0,90196.0,5123.0,52.0,275.086,2559118139.0
499.899,65.0,90196.0,5123.0,52.0,277.436,2559144363.0
499.999,65.0,90196.0,5123.0,52.0,275.505,2559171741.0
500.099,65.0,90196.0,5123.0,52.0,274.727,2559199884.0
500.199,65.0,90196.0,5123.0,52.0,274.727,2559226141.0
500.298,65.0,90196.0,5123.0,52.0,274.432,2559226141.0
500.399,64.0,90196.0,5123.0,52.0,271.912,2559253519.0
500.498,64.0,90196.0,5123.0,52.0,272.279,2559307713.0
500.598,65.0,90196.0,5123.0,52.0,271.169,2559335103.0
500.698,65.0,90196.0,5123.0,52.0,270.306,2559360317.0
500.798,64.0,90196.0,5123.0,51.0,268.852,2559386362.0
500.898,64.0,90196.0,5123.0,51.0,266.075,2559412214.0
500.998,62.0,90196.0,5123.0,51.0,265.133,2559438142.0
501.098,62.0,90196.0,5123.0,51.0,265.129,2559465537.0
501.198,61.0,90196.0,5123.0,51.0,265.069,2559492110.0
501.299,61.0,90196.0,5123.0,51.0,264.013,2559517199.0
501.398,61.0,90196.0,5123.0,51.0,262.183,2559541612.0
501.499,61.0,90196.0,5123.0,51.0,261.121,2559567109.0
501.597,61.0,90196.0,5123.0,51.0,257.403,2559590586.0
501.698,61.0,90196.0,5123.0,51.0,255.381,2559615770.0
501.798,60.0,90196.0,5123.0,51.0,255.61,2559642164.0
501.898,60.0,90196.0,5123.0,51.0,256.375,2559667862.0
501.998,61.0,90196.0,5123.0,51.0,254.725,2559693973.0
502.099,61.0,90196.0,5123.0,51.0,255.762,2559719582.0
502.199,60.0,90196.0,5123.0,51.0,254.161,2559745094.0
502.297,60.0,90196.0,5123.0,51.0,252.596,2559771291.0
502.397,60.0,90196.0,5123.0,51.0,253.759,2559796463.0
502.499,60.0,90196.0,5123.0,51.0,256.322,2559821804.0
502.599,61.0,90196.0,5123.0,51.0,255.927,2559847762.0
502.699,61.0,90196.0,5123.0,51.0,257.634,2559871895.0
502.799,61.0,90196.0,5123.0,51.0,257.069,2559897661.0
502.898,61.0,90196.0,5123.0,51.0,254.96,2559897661.0
502.999,60.0,90196.0,5123.0,51.0,254.625,2559920424.0
503.097,60.0,90196.0,5123.0,51.0,253.021,2559970664.0
503.198,61.0,90196.0,5123.0,51.0,251.827,2559997353.0
503.299,61.0,90196.0,5123.0,51.0,253.717,2560021839.0
503.399,61.0,90196.0,5123.0,51.0,251.58,2560045072.0
503.499,61.0,90196.0,5123.0,50.0,247.898,2560067970.0
503.598,59.0,90196.0,5123.0,50.0,244.791,2560091233.0
503.698,59.0,90196.0,5123.0,50.0,243.333,2560114474.0
503.799,61.0,90196.0,5123.0,50.0,241.868,2560138668.0
503.898,61.0,90196.0,5123.0,50.0,241.323,2560163330.0
503.998,59.0,90196.0,5123.0,50.0,242.977,2560188513.0
504.098,58.0,90196.0,5123.0,50.0,241.559,2560212278.0
504.198,58.0,90196.0,5123.0,50.0,239.476,2560236863.0
504.299,58.0,90196.0,5123.0,50.0,238.47,2560260257.0
504.399,58.0,90196.0,5123.0,50.0,236.731,2560281899.0
504.498,57.0,90196.0,5123.0,50.0,238.378,2560304699.0
504.599,57.0,90196.0,5123.0,50.0,237.045,2560327739.0
504.699,58.0,90196.0,5123.0,50.0,235.652,2560350855.0
504.799,58.0,90196.0,5123.0,50.0,234.88,2560372633.0
504.898,57.0,90196.0,5123.0,50.0,232.867,2560396729.0
504.999,57.0,90196.0,5123.0,49.0,228.691,2560417192.0
505.099,57.0,90196.0,5123.0,49.0,228.803,2560440148.0
505.198,57.0,90196.0,5123.0,49.0,225.512,2560462430.0
505.299,57.0,90196.0,5123.0,49.0,223.845,2560484628.0
505.398,57.0,90196.0,5123.0,49.0,223.845,2560505112.0
505.499,57.0,90196.0,5123.0,49.0,222.787,2560505112.0
505.597,53.0,90196.0,5123.0,49.0,218.973,2560525600.0
505.699,53.0,90196.0,5123.0,48.0,210.666,2560555163.0
505.799,0.0,90196.0,5123.0,48.0,201.426,2560568631.0
505.898,0.0,90196.0,5123.0,47.0,192.268,2560582062.0
505.998,0.0,90196.0,5123.0,47.0,182.017,2560595549.0
506.098,0.0,90196.0,5123.0,47.0,175.39,2560609024.0
506.198,12.0,90196.0,5123.0,49.0,171.838,2560653198.0
506.298,12.0,90196.0,5123.0,55.0,210.052,2560715252.0
506.398,100.0,90196.0,5123.0,55.0,293.23,2560776878.0
506.499,100.0,90196.0,5123.0,58.0,334.252,2560839540.0
506.599,100.0,90196.0,5123.0,60.0,374.755,2560893634.0
506.699,100.0,90196.0,5123.0,60.0,420.076,2560958200.0
506.798,100.0,90196.0,5123.0,61.0,465.194,2561016929.0
506.899,100.0,90196.0,5123.0,62.0,515.17,2561079868.0
506.998,100.0,90196.0,5123.0,62.0,567.022,2561138991.0
507.099,100.0,90196.0,5123.0,62.0,611.778,2561202033.0
507.199,100.0,90196.0,5123.0,58.0,593.551,2561259422.0
507.299,65.0,90196.0,5123.0,56.0,559.451,2561288186.0
507.399,65.0,90196.0,5123.0,56.0,559.451,2561288186.0
507.499,65.0,90196.0,5123.0,56.0,522.56,2561315451.0
507.599,65.0,90196.0,5123.0,55.0,488.612,2561341539.0
507.699,65.0,90196.0,5123.0,55.0,466.847,2561399414.0
507.798,64.0,90196.0,5123.0,54.0,426.346,2561429146.0
507.899,64.0,90196.0,5123.0,54.0,396.783,2561456692.0
507.998,64.0,90196.0,5123.0,54.0,358.472,2561482110.0
508.098,64.0,90196.0,5123.0,53.0,327.596,2561511112.0
508.198,65.0,90196.0,5123.0,53.0,300.032,2561540196.0
508.297,65.0,90196.0,5123.0,53.0,279.857,2561568653.0
508.399,65.0,90196.0,5123.0,53.0,280.134,2561596651.0
508.498,65.0,90196.0,5123.0,53.0,281.612,2561624337.0
508.598,65.0,90196.0,5123.0,53.0,282.349,2561651998.0
508.699,65.0,90196.0,5123.0,53.0,281.929,2561680534.0
508.799,65.0,90196.0,5123.0,53.0,280.955,2561707331.0
508.899,65.0,90196.0,5123.0,53.0,276.87,2561732972.0
508.998,64.0,90196.0,5123.0,52.0,276.415,2561761724.0
509.098,64.0,90196.0,5123.0,52.0,279.283,2561791133.0
509.199,65.0,90196.0,5123.0,52.0,277.816,2561817958.0
509.298,65.0,90196.0,5123.0,52.0,276.731,2561844971.0
509.399,64.0,90196.0,5123.0,52.0,273.266,2561872321.0
509.498,64.0,90196.0,5123.0,52.0,274.767,2561899876.0
509.598,64.0,90196.0,5123.0,52.0,275.574,2561929022.0
509.698,64.0,90196.0,5123.0,52.0,273.841,2561955962.0
509.798,64.0,90196.0,5123.0,52.0,274.993,2561985414.0
509.899,64.0,90196.0,5123.0,52.0,278.271,2562014341.0
509.998,65.0,90196.0,5123.0,52.0,280.727,2562040669.0
510.098,65.0,90196.0,5123.0,52.0,277.654,2562040669.0
510.198,65.0,90196.0,5123.0,52.0,274.494,2562066347.0
510.299,65.0,90196.0,5123.0,52.0,275.672,2562122035.0
510.398,65.0,90196.0,5123.0,52.0,278.472,2562149652.0
510.498,65.0,90196.0,5123.0,52.0,277.899,2562177573.0
510.599,65.0,90196.0,5123.0,52.0,277.153,2562204477.0
510.699,65.0,90196.0,5123.0,52.0,277.649,2562233521.0
510.798,63.0,90196.0,5123.0,52.0,278.197,2562260133.0
510.898,63.0,90196.0,5123.0,52.0,276.507,2562289428.0
510.998,65.0,90196.0,5123.0,52.0,276.509,2562317470.0
511.098,65.0,90196.0,5123.0,52.0,278.659,2562345383.0
511.198,65.0,90196.0,5123.0,52.0,280.739,2562373854.0
511.299,65.0,90196.0,5123.0,52.0,281.281,2562401695.0
511.399,65.0,90196.0,5123.0,52.0,281.055,2562430208.0
511.499,65.0,90196.0,5123.0,52.0,280.683,2562457049.0
511.598,64.0,90196.0,5123.0,52.0,280.175,2562485285.0
511.698,64.0,90196.0,5123.0,52.0,277.634,2562511137.0
511.798,64.0,90196.0,5123.0,52.0,276.909,2562538429.0
511.899,64.0,90196.0,5123.0,52.0,275.883,2562564037.0
511.999,64.0,90196.0,5123.0,52.0,277.241,2562593426.0
512.098,64.0,90196.0,5123.0,52.0,276.115,2562621215.0
512.198,64.0,90196.0,5123.0,52.0,274.603,2562649133.0
512.298,65.0,90196.0,5123.0,52.0,272.735,2562675530.0
512.398,65.0,90196.0,5123.0,52.0,270.636,2562701645.0
512.498,64.0,90196.0,5123.0,52.0,270.636,2562728907.0
512.598,64.0,90196.0,5123.0,52.0,271.872,2562757170.0
512.698,64.0,90196.0,5123.0,52.0,271.872,2562757170.0
512.799,64.0,90196.0,5123.0,52.0,269.972,2562783667.0
512.899,64.0,90196.0,5123.0,51.0,271.272,2562809521.0
512.999,63.0,90196.0,5123.0,51.0,269.168,2562862492.0
513.099,63.0,90196.0,5123.0,51.0,265.235,2562887135.0
513.198,61.0,90196.0,5123.0,51.0,263.811,2562912183.0
513.298,61.0,90196.0,5123.0,51.0,262.546,2562939154.0
513.397,60.0,90196.0,5123.0,51.0,261.619,2562963231.0
513.498,60.0,90196.0,5123.0,51.0,260.993,2562987458.0
513.598,61.0,90196.0,5123.0,51.0,258.465,2563014441.0
513.697,61.0,90196.0,5123.0,51.0,258.003,2563040740.0
513.798,61.0,90196.0,5123.0,51.0,258.218,2563064749.0
513.898,61.0,90196.0,5123.0,51.0,255.178,2563091075.0
513.999,60.0,90196.0,5123.0,51.0,254.637,2563114792.0
514.099,60.0,90196.0,5123.0,51.0,253.107,2563140587.0
514.199,61.0,90196.0,5123.0,51.0,253.812,2563165062.0
514.299,61.0,90196.0,5123.0,51.0,253.13,2563189799.0
514.398,61.0,90196.0,5123.0,51.0,252.49,2563214293.0
514.498,61.0,90196.0,5123.0,51.0,250.626,2563237774.0
514.599,60.0,90196.0,5123.0,51.0,250.108,2563262547.0
514.698,60.0,90196.0,5123.0,51.0,247.604,2563286704.0
514.799,61.0,90196.0,5123.0,51.0,246.351,2563311723.0
514.899,61.0,90196.0,5123.0,51.0,247.676,2563336491.0
514.998,61.0,90196.0,5123.0,51.0,245.544,2563359597.0
515.098,61.0,90196.0,5123.0,51.0,244.373,2563383351.0
515.198,59.0,90196.0,5123.0,50.0,241.426,2563406273.0
515.298,59.0,90196.0,5123.0,50.0,242.442,2563406273.0
515.399,59.0,90196.0,5123.0,50.0,241.499,2563431330.0
515.499,59.0,90196.0,5123.0,50.0,239.199,2563454580.0
515.597,58.0,90196.0,5123.0,50.0,235.122,2563497560.0
515.697,58.0,90196.0,5123.0,50.0,235.36,2563521660.0
515.799,57.0,90196.0,5123.0,50.0,235.427,2563545461.0
515.898,57.0,90196.0,5123.0,50.0,233.74,2563569524.0
515.998,56.0,90196.0,5123.0,50.0,232.413,2563590905.0
516.099,56.0,90196.0,5123.0,50.0,231.304,2563613371.0
516.198,58.0,90196.0,5123.0,50.0,230.8,2563636005.0
516.299,58.0,90196.0,5123.0,50.0,227.689,2563656968.0
516.398,57.0,90196.0,5123.0,50.0,223.813,2563677628.0
516.499,57.0,90196.0,5123.0,49.0,222.992,2563699297.0
516.598,57.0,90196.0,5123.0,49.0,224.518,2563721446.0
516.699,57.0,90196.0,5123.0,49.0,222.073,2563741716.0
516.798,41.0,90196.0,5123.0,48.0,214.22,2563756329.0
516.899,41.0,90196.0,5123.0,48.0,203.65,2563769573.0
516.998,0.0,90196.0,5123.0,48.0,186.155,2563782848.0
517.097,17.0,90196.0,5123.0,47.0,183.601,2563797395.0
517.198,17.0,90196.0,5123.0,48.0,185.31,2563818407.0
517.299,81.0,90196.0,5123.0,55.0,223.277,2563858177.0
517.398,81.0,90196.0,5123.0,57.0,260.259,2563909976.0
517.499,100.0,90196.0,5123.0,58.0,294.424,2563973690.0
517.599,100.0,90196.0,5123.0,59.0,327.786,2564027397.0
517.699,100.0,90196.0,5123.0,60.0,377.487,2564088619.0
517.798,100.0,90196.0,5123.0,60.0,377.487,2564088619.0
517.898,100.0,90196.0,5123.0,61.0,420.253,2564149756.0
517.998,100.0,90196.0,5123.0,61.0,471.674,2564211419.0
518.099,100.0,90196.0,5123.0,61.0,515.281,2564335913.0
518.199,100.0,90196.0,5123.0,62.0,553.605,2564399763.0
518.299,100.0,90196.0,5123.0,62.0,594.024,2564456818.0
518.398,88.0,90196.0,5123.0,58.0,575.038,2564486050.0
518.498,88.0,90196.0,5123.0,56.0,545.965,2564513390.0
518.599,65.0,90196.0,5123.0,56.0,518.102,2564542211.0
518.698,65.0,90196.0,5123.0,55.0,487.155,2564569114.0
518.799,63.0,90196.0,5123.0,55.0,452.99,2564596902.0
518.899,63.0,90196.0,5123.0,54.0,427.249,2564625598.0
518.998,65.0,90196.0,5123.0,54.0,390.371,2564652178.0
519.099,65.0,90196.0,5123.0,54.0,320.577,2564681050.0
519.198,65.0,90196.0,5123.0,54.0,295.089,2564709615.0
519.299,64.0,90196.0,5123.0,53.0,276.728,2564737104.0
519.398,64.0,90196.0,5123.0,53.0,274.976,2564762332.0
519.498,65.0,90196.0,5123.0,53.0,273.906,2564789474.0
519.598,65.0,90196.0,5123.0,53.0,271.886,2564816296.0
519.698,65.0,90196.0,5123.0,53.0,271.915,2564842147.0
519.799,65.0,90196.0,5123.0,53.0,269.364,2564869378.0
519.898,65.0,90196.0,5123.0,53.0,271.867,2564896533.0
519.998,65.0,90196.0,5123.0,53.0,271.867,2564926560.0
520.098,65.0,90196.0,5123.0,53.0,272.207,2564926560.0
520.198,65.0,90196.0,5123.0,53.0,271.287,2564954350.0
520.299,65.0,90196.0,5123.0,53.0,269.889,2565009671.0
520.398,64.0,90196.0,5123.0,52.0,271.94,2565038431.0
520.498,64.0,90196.0,5123.0,52.0,273.311,2565064875.0
520.598,64.0,90196.0,5123.0,52.0,274.969,2565093781.0
520.699,64.0,90196.0,5123.0,52.0,277.775,2565121465.0
520.798,64.0,90196.0,5123.0,52.0,279.622,2565149127.0
520.899,64.0,90196.0,5123.0,52.0,279.485,2565177355.0
520.998,64.0,90196.0,5123.0,52.0,279.642,2565205108.0
521.098,64.0,90196.0,5123.0,52.0,279.687,2565234108.0
521.198,64.0,90196.0,5123.0,52.0,278.767,2565260372.0
521.298,64.0,90196.0,5123.0,52.0,278.658,2565287301.0
521.398,64.0,90196.0,5123.0,52.0,279.554,2565316837.0
521.498,64.0,90196.0,5123.0,52.0,280.798,2565345834.0
521.598,65.0,90196.0,5123.0,52.0,280.254,2565372527.0
521.698,65.0,90196.0,5123.0,52.0,279.683,2565401145.0
521.798,65.0,90196.0,5123.0,52.0,280.432,2565428852.0
521.898,65.0,90196.0,5123.0,52.0,280.623,2565456604.0
521.998,65.0,90196.0,5123.0,52.0,279.199,2565485636.0
522.098,64.0,90196.0,5123.0,52.0,280.882,2565512979.0
522.198,64.0,90196.0,5123.0,52.0,284.876,2565543056.0
522.298,65.0,90196.0,5123.0,52.0,285.781,2565573635.0
522.399,65.0,90196.0,5123.0,52.0,285.41,2565602972.0
522.498,63.0,90196.0,5123.0,52.0,285.848,2565630902.0
522.598,63.0,90196.0,5123.0,52.0,285.848,2565659820.0
522.697,63.0,90196.0,5123.0,52.0,286.766,2565659820.0
522.798,65.0,90196.0,5123.0,52.0,283.957,2565687277.0
522.899,65.0,90196.0,5123.0,52.0,283.534,2565740014.0
522.998,64.0,90196.0,5123.0,52.0,284.243,2565769041.0
523.098,64.0,90196.0,5123.0,52.0,284.696,2565798250.0
523.199,64.0,90196.0,5123.0,52.0,286.441,2565827303.0
523.299,64.0,90196.0,5123.0,52.0,282.244,2565855169.0
523.398,64.0,90196.0,5123.0,52.0,282.483,2565884935.0
523.498,64.0,90196.0,5123.0,52.0,282.236,2565911452.0
523.596,64.0,90196.0,5123.0,52.0,279.962,2565939097.0
523.697,64.0,90196.0,5123.0,52.0,280.338,2565966766.0
523.798,65.0,90196.0,5123.0,52.0,280.127,2565994359.0
523.898,65.0,90196.0,5123.0,52.0,280.944,2566020590.0
523.997,65.0,90196.0,5123.0,52.0,280.127,2566047865.0
524.099,65.0,90196.0,5123.0,52.0,277.435,2566074511.0
524.198,65.0,90196.0,5123.0,52.0,274.409,2566100693.0
524.298,65.0,90196.0,5123.0,52.0,273.52,2566126480.0
524.399,65.0,90196.0,5123.0,52.0,271.954,2566153662.0
524.499,65.0,90196.0,5123.0,51.0,268.835,2566179044.0
524.598,62.0,90196.0,5123.0,51.0,267.226,2566204563.0
524.698,62.0,90196.0,5123.0,51.0,264.747,2566231506.0
524.798,62.0,90196.0,5123.0,51.0,263.166,2566256939.0
524.898,61.0,90196.0,5123.0,51.0,262.13,2566282728.0
524.998,61.0,90196.0,5123.0,51.0,261.752,2566308915.0
525.097,61.0,90196.0,5123.0,51.0,261.494,2566334079.0
525.198,61.0,90196.0,5123.0,51.0,261.494,2566361712.0
525.298,61.0,90196.0,5123.0,51.0,261.82,2566361712.0
525.398,60.0,90196.0,5123.0,51.0,260.802,2566388083.0
525.498,60.0,90196.0,5123.0,51.0,260.106,2566439801.0
525.598,61.0,90196.0,5123.0,51.0,260.477,2566464929.0
525.698,61.0,90196.0,5123.0,51.0,257.024,2566489444.0
525.798,61.0,90196.0,5123.0,51.0,256.963,2566513722.0
525.898,61.0,90196.0,5123.0,51.0,256.81,2566540105.0
525.998,61.0,90196.0,5123.0,51.0,257.899,2566565459.0
526.098,61.0,90196.0,5123.0,51.0,256.411,2566591366.0
526.198,61.0,90196.0,5123.0,51.0,256.704,2566616001.0
526.298,61.0,90196.0,5123.0,51.0,251.518,2566639338.0
526.398,60.0,90196.0,5123.0,51.0,251.216,2566665154.0
526.498,60.0,90196.0,5123.0,51.0,252.412,2566690819.0
526.598,61.0,90196.0,5123.0,51.0,248.206,2566713630.0
526.698,61.0,90196.0,5123.0,51.0,248.496,2566737680.0
526.798,60.0,90196.0,5123.0,51.0,247.048,2566760270.0
526.898,60.0,90196.0,5123.0,51.0,244.138,2566783006.0
526.998,60.0,90196.0,5123.0,50.0,239.677,2566805372.0
527.099,60.0,90196.0,5123.0,50.0,232.861,2566828417.0
527.198,57.0,90196.0,5123.0,50.0,233.271,2566850456.0
527.298,58.0,90196.0,5123.0,50.0,227.825,2566872830.0
527.399,58.0,90196.0,5123.0,50.0,224.802,2566893670.0
527.498,57.0,90196.0,5123.0,50.0,223.727,2566916510.0
527.599,57.0,90196.0,5123.0,50.0,222.587,2566938153.0
527.697,57.0,90196.0,5123.0,50.0,222.587,2566938153.0
527.799,57.0,90196.0,5123.0,50.0,221.389,2566960487.0
527.898,57.0,90196.0,5123.0,49.0,217.673,2566998421.0
527.998,19.0,90196.0,5123.0,48.0,208.393,2567011876.0
528.097,19.0,90196.0,5123.0,48.0,200.202,2567025309.0
528.198,0.0,90196.0,5123.0,48.0,192.486,2567038733.0
528.297,0.0,90196.0,5123.0,47.0,183.059,2567051999.0
528.398,0.0,90196.0,5123.0,47.0,174.957,2567065286.0
528.499,0.0,90196.0,5123.0,49.0,178.408,2567107242.0
528.599,77.0,90196.0,5123.0,55.0,224.25,2567178880.0
528.699,77.0,90196.0,5123.0,57.0,266.534,2567241190.0
528.798,90.0,90196.0,5123.0,58.0,305.229,2567304706.0
528.899,90.0,90196.0,5123.0,60.0,348.148,2567364982.0
528.999,91.0,90196.0,5123.0,60.0,394.14,2567428704.0
529.098,91.0,90196.0,5123.0,61.0,450.33,2567487641.0
529.199,91.0,90196.0,5123.0,61.0,488.508,2567552260.0
529.299,91.0,90196.0,5123.0,62.0,545.896,2567611108.0
529.399,89.0,90196.0,5123.0,62.0,590.358,2567674764.0
529.498,89.0,90196.0,5123.0,62.0,621.686,2567727835.0
529.599,79.0,90196.0,5123.0,58.0,583.639,2567754989.0
529.699,79.0,90196.0,5123.0,56.0,549.528,2567783582.0
529.799,65.0,90196.0,5123.0,56.0,518.837,2567810463.0
529.898,65.0,90196.0,5123.0,55.0,481.267,2567810463.0
529.998,63.0,90196.0,5123.0,55.0,448.707,2567867757.0
530.099,63.0,90196.0,5123.0,54.0,419.894,2567897588.0
530.199,65.0,90196.0,5123.0,54.0,384.711,2567926655.0
530.297,65.0,90196.0,5123.0,54.0,355.135,2567955160.0
530.398,65.0,90196.0,5123.0,53.0,327.917,2567983831.0
530.499,65.0,90196.0,5123.0,53.0,288.691,2568009967.0
530.598,65.0,90196.0,5123.0,53.0,281.8,2568039168.0
530.699,65.0,90196.0,5123.0,53.0,283.233,2568067469.0
530.798,64.0,90196.0,5123.0,53.0,283.923,2568096778.0
530.899,64.0,90196.0,5123.0,53.0,285.437,2568122684.0
530.999,65.0,90196.0,5123.0,53.0,282.885,2568150815.0
531.099,65.0,90196.0,5123.0,53.0,283.245,2568180859.0
531.197,65.0,90196.0,5123.0,53.0,283.066,2568208180.0
531.298,65.0,90196.0,5123.0,53.0,281.004,2568235230.0
531.399,65.0,90196.0,5123.0,53.0,281.038,2568264037.0
531.499,65.0,90196.0,5123.0,53.0,282.259,2568290904.0
531.599,65.0,90196.0,5123.0,52.0,280.995,2568318836.0
531.698,65.0,90196.0,5123.0,52.0,280.482,2568346790.0
531.797,63.0,90196.0,5123.0,52.0,279.237,2568374819.0
531.899,63.0,90196.0,5123.0,52.0,278.229,2568401133.0
531.999,64.0,90196.0,5123.0,52.0,280.425,2568430816.0
532.099,64.0,90196.0,5123.0,52.0,281.125,2568460977.0
532.198,65.0,90196.0,5123.0,52.0,283.476,2568488893.0
532.299,65.0,90196.0,5123.0,52.0,282.519,2568517984.0
532.399,65.0,90196.0,5123.0,52.0,282.519,2568517984.0
532.499,65.0,90196.0,5123.0,52.0,282.818,2568545764.0
532.598,65.0,90196.0,5123.0,52.0,281.714,2568572703.0
532.698,65.0,90196.0,5123.0,52.0,280.334,2568626989.0
532.798,64.0,90196.0,5123.0,52.0,279.607,2568653634.0
532.897,64.0,90196.0,5123.0,52.0,280.804,2568681307.0
532.997,65.0,90196.0,5123.0,52.0,280.81,2568710900.0
533.099,65.0,90196.0,5123.0,52.0,278.093,2568739679.0
533.198,65.0,90196.0,5123.0,52.0,279.757,2568769708.0
533.299,65.0,90196.0,5123.0,52.0,280.16,2568798410.0
533.399,65.0,90196.0,5123.0,52.0,278.403,2568826361.0
533.499,65.0,90196.0,5123.0,52.0,280.297,2568854097.0
533.597,64.0,90196.0,5123.0,52.0,281.318,2568882259.0
533.698,64.0,90196.0,5123.0,52.0,283.359,2568910629.0
533.798,65.0,90196.0,5123.0,52.0,283.963,2568937349.0
533.898,65.0,90196.0,5123.0,52.0,282.211,2568963162.0
533.998,65.0,90196.0,5123.0,52.0,282.119,2568991854.0
534.099,65.0,90196.0,5123.0,52.0,283.147,2569021835.0
534.198,64.0,90196.0,5123.0,52.0,280.562,2569048580.0
534.298,64.0,90196.0,5123.0,52.0,276.55,2569074800.0
534.399,64.0,90196.0,5123.0,52.0,278.679,2569103572.0
534.499,64.0,90196.0,5123.0,52.0,276.918,2569130377.0
534.597,64.0,90196.0,5123.0,52.0,273.861,2569157766.0
534.698,65.0,90196.0,5123.0,52.0,273.355,2569184269.0
534.799,65.0,90196.0,5123.0,52.0,273.355,2569210997.0
534.898,65.0,90196.0,5123.0,52.0,274.715,2569237697.0
534.998,65.0,90196.0,5123.0,52.0,272.861,2569237697.0
535.098,65.0,90196.0,5123.0,52.0,269.701,2569265317.0
535.199,65.0,90196.0,5123.0,52.0,268.061,2569318463.0
535.298,65.0,90196.0,5123.0,52.0,268.78,2569343796.0
535.399,64.0,90196.0,5123.0,51.0,266.222,2569370231.0
535.499,64.0,90196.0,5123.0,52.0,265.511,2569396679.0
535.598,62.0,90196.0,5123.0,52.0,264.183,2569422746.0
535.699,62.0,90196.0,5123.0,52.0,264.864,2569449440.0
535.799,62.0,90196.0,5123.0,52.0,265.988,2569476417.0
535.899,62.0,90196.0,5123.0,51.0,262.358,2569499656.0
535.998,62.0,90196.0,5123.0,51.0,262.077,2569525998.0
536.097,62.0,90196.0,5123.0,51.0,262.077,2569550692.0
536.199,61.0,90196.0,5123.0,51.0,260.0,2569576756.0
536.298,61.0,90196.0,5123.0,51.0,259.109,2569602720.0
536.399,60.0,90196.0,5123.0,51.0,259.076,2569628908.0
536.499,60.0,90196.0,5123.0,51.0,258.747,2569654613.0
536.598,61.0,90196.0,5123.0,51.0,258.868,2569679431.0
536.699,61.0,90196.0,5123.0,51.0,257.615,2569705126.0
536.798,61.0,90196.0,5123.0,51.0,253.852,2569729188.0
536.898,61.0,90196.0,5123.0,51.0,254.763,2569754693.0
536.998,61.0,90196.0,5123.0,51.0,255.393,2569780997.0
537.098,61.0,90196.0,5123.0,51.0,257.336,2569807234.0
537.198,61.0,90196.0,5123.0,51.0,253.709,2569807234.0
537.298,61.0,90196.0,5123.0,51.0,253.338,2569830682.0
537.399,61.0,90196.0,5123.0,51.0,252.493,2569881161.0
537.499,61.0,90196.0,5123.0,51.0,249.283,2569904198.0
537.599,59.0,90196.0,5123.0,51.0,246.968,2569926379.0
537.697,59.0,90196.0,5123.0,50.0,243.292,2569948868.0
537.798,57.0,90196.0,5123.0,50.0,241.806,2569972110.0
537.898,57.0,90196.0,5123.0,50.0,239.653,2569994464.0
537.998,58.0,90196.0,5123.0,50.0,236.926,2570017274.0
538.099,58.0,90196.0,5123.0,50.0,231.605,2570039184.0
538.198,58.0,90196.0,5123.0,50.0,231.926,2570061849.0
538.299,58.0,90196.0,5123.0,50.0,228.24,2570082853.0
538.399,57.0,90196.0,5123.0,50.0,225.013,2570105334.0
538.498,57.0,90196.0,5123.0,50.0,222.9,2570127593.0
538.598,58.0,90196.0,5123.0,50.0,223.037,2570149548.0
538.698,58.0,90196.0,5123.0,50.0,222.669,2570171249.0
538.798,57.0,90196.0,5123.0,50.0,220.682,2570192176.0
538.898,57.0,90196.0,5123.0,50.0,218.886,2570213462.0
538.998,56.0,90196.0,5123.0,49.0,216.925,2570233092.0
539.098,56.0,90196.0,5123.0,48.0,209.633,2570246901.0
539.198,0.0,90196.0,5123.0,48.0,200.415,2570260226.0
539.298,0.0,90196.0,5123.0,48.0,192.228,2570273447.0
539.399,0.0,90196.0,5123.0,47.0,174.327,2570286704.0
539.498,0.0,90196.0,5123.0,47.0,174.327,2570300010.0
539.599,7.0,90196.0,5123.0,51.0,192.132,2570300010.0
539.699,7.0,90196.0,5123.0,56.0,232.632,2570347921.0
539.799,100.0,90196.0,5123.0,57.0,267.623,2570465539.0
539.898,100.0,90196.0,5123.0,58.0,306.877,2570528691.0
539.999,100.0,90196.0,5123.0,60.0,348.952,2570588274.0
540.099,100.0,90196.0,5123.0,60.0,398.0,2570652165.0
540.198,100.0,90196.0,5123.0,61.0,445.619,2570712630.0
540.298,100.0,90196.0,5123.0,61.0,495.034,2570776962.0
540.399,100.0,90196.0,5123.0,62.0,541.632,2570834252.0
540.499,100.0,90196.0,5123.0,62.0,590.823,2570897927.0
540.599,100.0,90196.0,5123.0,62.0,614.842,2570956573.0
540.699,100.0,90196.0,5123.0,56.0,570.593,2570971804.0
540.798,0.0,90196.0,5123.0,54.0,529.108,2570985665.0
540.898,0.0,90196.0,5123.0,53.0,488.323,2571005116.0
540.998,43.0,90196.0,5123.0,54.0,450.501,2571030500.0
541.098,43.0,90196.0,5123.0,54.0,416.42,2571058112.0
541.199,65.0,90196.0,5123.0,54.0,379.148,2571083778.0
541.298,65.0,90196.0,5123.0,54.0,348.129,2571111633.0
541.399,65.0,90196.0,5123.0,53.0,313.674,2571142536.0
541.499,65.0,90196.0,5123.0,53.0,288.923,2571172026.0
541.598,65.0,90196.0,5123.0,53.0,252.9,2571199952.0
541.698,65.0,90196.0,5123.0,53.0,255.355,2571229321.0
541.799,64.0,90196.0,5123.0,53.0,269.016,2571229321.0
541.898,64.0,90196.0,5123.0,53.0,278.648,2571254999.0
541.999,65.0,90196.0,5123.0,53.0,282.228,2571312256.0
542.098,65.0,90196.0,5123.0,53.0,284.087,2571342274.0
542.199,65.0,90196.0,5123.0,53.0,287.026,2571370982.0
542.298,65.0,90196.0,5123.0,53.0,286.373,2571398333.0
542.399,65.0,90196.0,5123.0,52.0,282.671,2571425806.0
542.498,65.0,90196.0,5123.0,53.0,278.641,2571452902.0
542.599,65.0,90196.0,5123.0,52.0,276.988,2571478661.0
542.699,65.0,90196.0,5123.0,52.0,275.239,2571506974.0
542.798,64.0,90196.0,5123.0,52.0,278.357,2571535781.0
542.899,64.0,90196.0,5123.0,52.0,282.728,2571565425.0
542.999,65.0,90196.0,5123.0,52.0,278.835,2571591263.0
543.098,65.0,90196.0,5123.0,52.0,278.431,2571619102.0
543.198,64.0,90196.0,5123.0,52.0,277.237,2571647714.0
543.298,64.0,90196.0,5123.0,52.0,278.056,2571675634.0
543.399,64.0,90196.0,5123.0,52.0,279.709,2571703959.0
543.499,64.0,90196.0,5123.0,52.0,282.483,2571733337.0
543.599,65.0,90196.0,5123.0,52.0,286.369,2571763032.0
543.699,65.0,90196.0,5123.0,52.0,287.404,2571791375.0
543.798,63.0,90196.0,5123.0,52.0,285.808,2571818812.0
543.898,63.0,90196.0,5123.0,52.0,283.919,2571847076.0
543.998,65.0,90196.0,5123.0,52.0,284.126,2571873462.0
544.098,65.0,90196.0,5123.0,52.0,281.394,2571899412.0
544.198,65.0,90196.0,5123.0,52.0,281.394,2571899412.0
544.298,65.0,90196.0,5123.0,52.0,282.684,2571927671.0
544.398,65.0,90196.0,5123.0,52.0,281.874,2571956631.0
544.498,65.0,90196.0,5123.0,52.0,281.19,2572014589.0
544.597,65.0,90196.0,5123.0,52.0,278.682,2572042055.0
544.698,65.0,90196.0,5123.0,52.0,276.206,2572068478.0
544.799,64.0,90196.0,5123.0,52.0,276.347,2572096894.0
544.899,64.0,90196.0,5123.0,52.0,276.971,2572123674.0
544.998,65.0,90196.0,5123.0,52.0,277.579,2572151553.0
545.098,65.0,90196.0,5123.0,52.0,282.707,2572182036.0
545.199,65.0,90196.0,5123.0,52.0,281.414,2572209081.0
545.299,65.0,90196.0,5123.0,52.0,279.693,2572236897.0
545.398,65.0,90196.0,5123.0,52.0,280.783,2572265222.0
545.498,65.0,90196.0,5123.0,52.0,280.141,2572293702.0
545.598,65.0,90196.0,5123.0,52.0,279.229,2572320625.0
545.714,65.0,90196.0,5123.0,52.0,280.184,2572346421.0
545.801,64.0,90196.0,5123.0,52.0,277.424,2572372262.0
545.899,64.0,90196.0,5123.0,52.0,275.73,2572398664.0
545.998,64.0,90196.0,5123.0,52.0,275.159,2572425641.0
546.098,64.0,90196.0,5123.0,52.0,272.682,2572452951.0
546.199,65.0,90196.0,5123.0,52.0,270.898,2572479359.0
546.299,65.0,90196.0,5123.0,52.0,271.558,2572506327.0
546.399,64.0,90196.0,5123.0,52.0,270.751,2572534329.0
546.498,64.0,90196.0,5123.0,52.0,270.199,2572562256.0
546.599,64.0,90196.0,5123.0,52.0,268.989,2572587579.0
546.699,64.0,90196.0,5123.0,52.0,268.63,2572614489.0
546.798,65.0,90196.0,5123.0,52.0,270.025,2572614489.0
546.898,65.0,90196.0,5123.0,52.0,271.729,2572641437.0
546.999,64.0,90196.0,5123.0,52.0,270.181,2572694688.0
547.099,64.0,90196.0,5123.0,52.0,269.951,2572722208.0
547.198,62.0,90196.0,5123.0,52.0,271.414,2572749045.0
547.298,62.0,90196.0,5123.0,52.0,269.78,2572775732.0
547.399,61.0,90196.0,5123.0,51.0,267.968,2572801844.0
547.499,61.0,90196.0,5123.0,51.0,267.973,2572828148.0
547.599,62.0,90196.0,5123.0,51.0,267.962,2572854352.0
547.698,62.0,90196.0,5123.0,51.0,267.504,2572881482.0
547.799,61.0,90196.0,5123.0,51.0,265.307,2572906719.0
547.899,61.0,90196.0,5123.0,51.0,264.727,2572934949.0
547.998,61.0,90196.0,5123.0,51.0,265.676,2572961082.0
548.098,61.0,90196.0,5123.0,51.0,264.301,2572986893.0
548.198,61.0,90196.0,5123.0,51.0,265.812,2573015114.0
548.299,61.0,90196.0,5123.0,51.0,264.138,2573040136.0
548.398,59.0,90196.0,5123.0,51.0,263.609,2573066128.0
548.499,59.0,90196.0,5123.0,51.0,260.235,2573089911.0
548.599,61.0,90196.0,5123.0,51.0,258.562,2573115415.0
548.699,61.0,90196.0,5123.0,51.0,257.746,2573140252.0
548.799,60.0,90196.0,5123.0,51.0,256.882,2573163828.0
548.899,60.0,90196.0,5123.0,51.0,255.298,2573189913.0
548.998,61.0,90196.0,5123.0,51.0,255.456,2573216083.0
549.099,61.0,90196.0,5123.0,51.0,254.668,2573240504.0
549.197,61.0,90196.0,5123.0,51.0,254.668,2573264548.0
549.298,61.0,90196.0,5123.0,51.0,249.898,2573264548.0
549.399,61.0,90196.0,5123.0,51.0,245.113,2573288116.0
549.499,60.0,90196.0,5123.0,51.0,244.282,2573334152.0
549.598,59.0,90196.0,5123.0,50.0,242.671,2573358204.0
549.698,59.0,90196.0,5123.0,50.0,239.945,2573380622.0
549.797,58.0,90196.0,5123.0,50.0,239.344,2573403276.0
549.899,58.0,90196.0,5123.0,50.0,236.595,2573427428.0
549.999,57.0,90196.0,5123.0,50.0,234.329,2573451601.0
550.099,57.0,90196.0,5123.0,50.0,233.507,2573474279.0
550.199,58.0,90196.0,5123.0,50.0,232.907,2573497354.0
550.298,58.0,90196.0,5123.0,50.0,230.352,2573519018.0
550.399,57.0,90196.0,5123.0,50.0,228.75,2573538876.0
550.498,57.0,90196.0,5123.0,49.0,219.941,2573553450.0
550.599,0.0,90196.0,5123.0,48.0,209.273,2573566927.0
550.699,0.0,90196.0,5123.0,48.0,200.316,2573580416.0
550.798,0.0,90196.0,5123.0,48.0,190.529,2573593945.0
550.899,0.0,90196.0,5123.0,48.0,181.132,2573607463.0
550.998,0.0,90196.0,5123.0,49.0,186.646,2573635695.0
551.098,0.0,90196.0,5123.0,55.0,224.69,2573696443.0
551.199,100.0,90196.0,5123.0,57.0,259.921,2573756073.0
551.299,100.0,90196.0,5123.0,58.0,302.756,2573819705.0
551.399,100.0,90196.0,5123.0,59.0,343.474,2573819705.0
551.499,100.0,90196.0,5123.0,60.0,387.546,2573882479.0
551.599,100.0,90196.0,5123.0,61.0,433.532,2573944777.0
551.699,100.0,90196.0,5123.0,61.0,487.8,2574068765.0
551.798,91.0,90196.0,5123.0,62.0,539.137,2574132702.0
551.898,91.0,90196.0,5123.0,62.0,597.25,2574193137.0
551.999,90.0,90196.0,5123.0,62.0,610.796,2574254877.0
552.099,90.0,90196.0,5123.0,58.0,576.801,2574283410.0
552.198,65.0,90196.0,5123.0,57.0,544.561,2574312027.0
552.299,65.0,90196.0,5123.0,56.0,513.077,2574341284.0
552.398,64.0,90196.0,5123.0,55.0,480.686,2574370433.0
552.498,64.0,90196.0,5123.0,55.0,441.076,2574397057.0
552.599,65.0,90196.0,5123.0,54.0,410.837,2574424813.0
552.699,65.0,90196.0,5123.0,54.0,376.857,2574453751.0
552.799,65.0,90196.0,5123.0,54.0,344.082,2574481394.0
552.899,65.0,90196.0,5123.0,54.0,314.043,2574510418.0
552.998,65.0,90196.0,5123.0,53.0,281.008,2574538525.0
553.098,65.0,90196.0,5123.0,53.0,282.639,2574566217.0
553.197,64.0,90196.0,5123.0,53.0,285.155,2574596943.0
553.299,64.0,90196.0,5123.0,53.0,284.975,2574624410.0
553.399,63.0,90196.0,5123.0,53.0,282.675,2574651710.0
553.498,63.0,90196.0,5123.0,53.0,282.537,2574677865.0
553.598,65.0,90196.0,5123.0,53.0,283.595,2574705575.0
553.699,65.0,90196.0,5123.0,53.0,280.274,2574705575.0
553.799,65.0,90196.0,5123.0,53.0,281.177,2574732658.0
553.897,65.0,90196.0,5123.0,53.0,279.732,2574788947.0
553.999,65.0,90196.0,5123.0,53.0,282.076,2574818790.0
554.099,65.0,90196.0,5123.0,53.0,281.144,2574846185.0
554.199,64.0,90196.0,5123.0,53.0,278.794,2574873681.0
554.298,64.0,90196.0,5123.0,52.0,278.436,2574900843.0
554.399,64.0,90196.0,5123.0,52.0,278.377,2574928118.0
554.498,64.0,90196.0,5123.0,52.0,279.012,2574955286.0
554.613,65.0,90196.0,5123.0,52.0,277.032,2574982040.0
554.699,65.0,90196.0,5123.0,52.0,276.107,2575008892.0
554.798,65.0,90196.0,5123.0,52.0,273.169,2575034424.0
554.898,65.0,90196.0,5123.0,52.0,271.686,2575060346.0
554.998,65.0,90196.0,5123.0,52.0,270.618,2575089574.0
555.098,65.0,90196.0,5123.0,52.0,270.986,2575116366.0
555.198,64.0,90196.0,5123.0,52.0,271.203,2575144829.0
555.298,64.0,90196.0,5123.0,52.0,270.899,2575173394.0
555.398,65.0,90196.0,5123.0,52.0,270.291,2575200273.0
555.499,65.0,90196.0,5123.0,52.0,271.123,2575228245.0
555.598,65.0,90196.0,5123.0,52.0,270.945,2575255392.0
555.698,65.0,90196.0,5123.0,52.0,275.171,2575283443.0
555.798,65.0,90196.0,5123.0,52.0,278.585,2575312771.0
555.898,65.0,90196.0,5123.0,52.0,278.297,2575339980.0
555.998,65.0,90196.0,5123.0,52.0,276.293,2575366855.0
556.098,65.0,90196.0,5123.0,52.0,277.872,2575394649.0
556.198,65.0,90196.0,5123.0,52.0,276.218,2575423499.0
556.298,65.0,90196.0,5123.0,52.0,276.218,2575449996.0
556.398,65.0,90196.0,5123.0,52.0,276.044,2575449996.0
556.498,65.0,90196.0,5123.0,52.0,277.964,2575477407.0
556.598,65.0,90196.0,5123.0,52.0,275.393,2575531017.0
556.698,64.0,90196.0,5123.0,52.0,275.117,2575558920.0
556.798,64.0,90196.0,5123.0,52.0,275.129,2575587624.0
556.899,64.0,90196.0,5123.0,52.0,274.153,2575613731.0
556.998,64.0,90196.0,5123.0,52.0,273.155,2575642049.0
557.099,64.0,90196.0,5123.0,52.0,273.261,2575668577.0
557.203,65.0,90196.0,5123.0,52.0,272.809,2575695148.0
557.299,65.0,90196.0,5123.0,52.0,272.068,2575721212.0
557.398,65.0,90196.0,5123.0,52.0,271.708,2575748468.0
557.499,65.0,90196.0,5123.0,52.0,270.354,2575774645.0
557.599,65.0,90196.0,5123.0,52.0,272.52,2575802004.0
557.698,65.0,90196.0,5123.0,52.0,270.406,2575828701.0
557.799,65.0,90196.0,5123.0,52.0,269.214,2575856307.0
557.898,65.0,90196.0,5123.0,52.0,269.085,2575883061.0
557.997,63.0,90196.0,5123.0,52.0,265.665,2575908968.0
558.097,63.0,90196.0,5123.0,52.0,266.463,2575935279.0
558.199,65.0,90196.0,5123.0,52.0,265.133,2575960926.0
558.298,65.0,90196.0,5123.0,52.0,265.983,2575986307.0
558.398,65.0,90196.0,5123.0,52.0,264.848,2576013206.0
558.499,65.0,90196.0,5123.0,52.0,265.733,2576040119.0
558.599,64.0,90196.0,5123.0,51.0,263.993,2576066882.0
558.699,64.0,90196.0,5123.0,52.0,263.587,2576092564.0
558.799,61.0,90196.0,5123.0,51.0,263.881,2576119106.0
558.898,61.0,90196.0,5123.0,51.0,263.881,2576146012.0
558.998,61.0,90196.0,5123.0,51.0,263.177,2576146012.0
559.099,61.0,90196.0,5123.0,51.0,261.233,2576170443.0
559.198,61.0,90196.0,5123.0,51.0,262.513,2576221611.0
559.299,60.0,90196.0,5123.0,51.0,261.763,2576246578.0
559.399,60.0,90196.0,5123.0,51.0,260.139,2576272081.0
559.499,60.0,90196.0,5123.0,51.0,258.288,2576295763.0
559.598,60.0,90196.0,5123.0,51.0,255.996,2576321018.0
559.698,61.0,90196.0,5123.0,51.0,256.623,2576346906.0
559.799,61.0,90196.0,5123.0,51.0,256.585,2576373200.0
559.897,61.0,90196.0,5123.0,51.0,255.346,2576398932.0
559.998,61.0,90196.0,5123.0,51.0,255.916,2576423850.0
560.098,61.0,90196.0,5123.0,51.0,251.56,2576447552.0
560.198,61.0,90196.0,5123.0,51.0,250.181,2576470914.0
560.298,61.0,90196.0,5123.0,51.0,247.069,2576492665.0
560.398,60.0,90196.0,5123.0,51.0,244.719,2576515871.0
560.499,60.0,90196.0,5123.0,51.0,243.756,2576538610.0
560.598,58.0,90196.0,5123.0,50.0,241.752,2576561991.0
560.698,58.0,90196.0,5123.0,50.0,237.464,2576584852.0
560.799,58.0,90196.0,5123.0,50.0,234.12,2576608481.0
560.898,58.0,90196.0,5123.0,50.0,229.59,2576630016.0
560.998,57.0,90196.0,5123.0,50.0,228.046,2576652769.0
561.097,57.0,90196.0,5123.0,50.0,225.427,2576674613.0
561.198,58.0,90196.0,5123.0,50.0,224.462,2576695872.0
561.297,58.0,90196.0,5123.0,50.0,224.948,2576718573.0
561.399,58.0,90196.0,5123.0,50.0,224.948,2576718573.0
561.499,57.0,90196.0,5123.0,50.0,224.169,2576739869.0
561.599,57.0,90196.0,5123.0,49.0,221.288,2576761186.0
561.697,15.0,90196.0,5123.0,49.0,212.485,2576790072.0
561.798,15.0,90196.0,5123.0,48.0,203.513,2576803610.0
561.898,0.0,90196.0,5123.0,48.0,193.264,2576816997.0
561.998,0.0,90196.0,5123.0,48.0,185.957,2576830509.0
562.098,0.0,90196.0,5123.0,47.0,176.311,2576864828.0
562.199,0.0,90196.0,5123.0,50.0,201.299,2576931386.0
562.298,100.0,90196.0,5123.0,55.0,246.746,2576992263.0
562.399,100.0,90196.0,5123.0,57.0,324.586,2577058438.0
562.499,100.0,90196.0,5123.0,59.0,367.869,2577114202.0
562.599,100.0,90196.0,5123.0,60.0,407.15,2577177788.0
562.699,100.0,90196.0,5123.0,61.0,461.294,2577239207.0
562.799,100.0,90196.0,5123.0,61.0,512.676,2577302855.0
562.900,100.0,90196.0,5123.0,62.0,545.967,2577359184.0
562.999,62.0,90196.0,5123.0,57.0,558.3,2577384656.0
563.099,62.0,90196.0,5123.0,56.0,538.851,2577412542.0
563.198,62.0,90196.0,5123.0,55.0,500.573,2577438835.0
563.299,62.0,90196.0,5123.0,54.0,467.386,2577465381.0
563.399,61.0,90196.0,5123.0,54.0,425.421,2577491755.0
563.499,61.0,90196.0,5123.0,53.0,393.379,2577517056.0
563.599,62.0,90196.0,5123.0,53.0,355.555,2577542242.0
563.699,62.0,90196.0,5123.0,53.0,324.882,2577566769.0
563.798,61.0,90196.0,5123.0,53.0,280.32,2577593305.0
563.898,61.0,90196.0,5123.0,53.0,258.669,2577619198.0
563.999,61.0,90196.0,5123.0,53.0,258.669,2577645963.0
564.099,61.0,90196.0,5123.0,52.0,260.324,2577645963.0
564.199,61.0,90196.0,5123.0,52.0,259.336,2577673303.0
564.299,62.0,90196.0,5123.0,52.0,260.146,2577725024.0
564.398,62.0,90196.0,5123.0,52.0,259.737,2577750368.0
564.498,62.0,90196.0,5123.0,52.0,258.99,2577776446.0
564.598,62.0,90196.0,5123.0,52.0,260.503,2577802108.0
564.699,62.0,90196.0,5123.0,52.0,258.677,2577828401.0
564.798,62.0,90196.0,5123.0,52.0,261.484,2577855141.0
564.899,62.0,90196.0,5123.0,52.0,261.367,2577881417.0
564.998,61.0,90196.0,5123.0,52.0,259.548,2577907148.0
565.098,61.0,90196.0,5123.0,52.0,259.1,2577933900.0
565.198,60.0,90196.0,5123.0,52.0,257.28,2577957998.0
565.298,60.0,90196.0,5123.0,51.0,256.807,2577982238.0
565.398,61.0,90196.0,5123.0,51.0,255.679,2578006982.0
565.499,61.0,90196.0,5123.0,51.0,256.441,2578033352.0
565.598,62.0,90196.0,5123.0,51.0,257.654,2578060468.0
565.699,62.0,90196.0,5123.0,51.0,258.154,2578085839.0
565.798,62.0,90196.0,5123.0,51.0,257.672,2578112216.0
565.898,62.0,90196.0,5123.0,51.0,257.677,2578137932.0
565.999,61.0,90196.0,5123.0,51.0,258.44,2578164924.0
566.098,61.0,90196.0,5123.0,51.0,258.379,2578191264.0
566.199,62.0,90196.0,5123.0,51.0,258.636,2578215554.0
566.298,62.0,90196.0,5123.0,51.0,260.683,2578242020.0
566.398,62.0,90196.0,5123.0,51.0,262.168,2578268574.0
566.498,62.0,90196.0,5123.0,51.0,261.392,2578295036.0
566.598,62.0,90196.0,5123.0,51.0,260.013,2578320753.0
566.698,62.0,90196.0,5123.0,51.0,260.013,2578347125.0
566.799,62.0,90196.0,5123.0,51.0,260.367,2578347125.0
566.897,62.0,90196.0,5123.0,51.0,259.73,2578373931.0
566.999,62.0,90196.0,5123.0,51.0,259.885,2578425296.0
567.098,61.0,90196.0,5123.0,51.0,258.674,2578450366.0
567.198,61.0,90196.0,5123.0,51.0,257.61,2578477006.0
567.299,61.0,90196.0,5123.0,51.0,258.802,2578501286.0
567.399,61.0,90196.0,5123.0,51.0,256.423,2578525430.0
567.498,60.0,90196.0,5123.0,51.0,255.088,2578550339.0
567.597,60.0,90196.0,5123.0,51.0,254.274,2578575412.0
567.699,61.0,90196.0,5123.0,51.0,254.232,2578601715.0
567.799,61.0,90196.0,5123.0,51.0,253.902,2578626807.0
567.899,61.0,90196.0,5123.0,51.0,253.438,2578652852.0
567.999,61.0,90196.0,5123.0,51.0,253.745,2578677744.0
568.098,61.0,90196.0,5123.0,51.0,253.881,2578703576.0
568.199,61.0,90196.0,5123.0,51.0,254.43,2578729575.0
568.299,61.0,90196.0,5123.0,51.0,256.849,2578755749.0
568.398,61.0,90196.0,5123.0,51.0,257.688,2578780867.0
568.498,61.0,90196.0,5123.0,51.0,256.427,2578805160.0
568.599,61.0,90196.0,5123.0,51.0,254.832,2578830767.0
568.698,61.0,90196.0,5123.0,51.0,254.741,2578856131.0
568.798,60.0,90196.0,5123.0,51.0,256.168,2578882668.0
568.898,60.0,90196.0,5123.0,51.0,256.239,2578908206.0
568.999,61.0,90196.0,5123.0,51.0,256.511,2578934024.0
569.098,61.0,90196.0,5123.0,51.0,255.97,2578959495.0
569.198,61.0,90196.0,5123.0,51.0,255.108,2578984920.0
569.299,61.0,90196.0,5123.0,51.0,255.64,2579011023.0
569.399,61.0,90196.0,5123.0,51.0,255.64,2579037459.0
569.499,60.0,90196.0,5123.0,51.0,256.033,2579037459.0
569.599,60.0,90196.0,5123.0,51.0,254.133,2579060208.0
569.699,61.0,90196.0,5123.0,51.0,255.013,2579110637.0
569.799,61.0,90196.0,5123.0,51.0,255.478,2579135408.0
569.898,61.0,90196.0,5123.0,51.0,253.105,2579161159.0
569.998,61.0,90196.0,5123.0,51.0,252.353,2579186238.0
570.098,60.0,90196.0,5123.0,51.0,252.98,2579210511.0
570.198,60.0,90196.0,5123.0,51.0,253.111,2579234679.0
570.298,61.0,90196.0,5123.0,51.0,250.165,2579257038.0
570.399,61.0,90196.0,5123.0,51.0,247.315,2579282812.0
570.499,60.0,90196.0,5123.0,51.0,246.893,2579307181.0
570.599,60.0,90196.0,5123.0,50.0,247.884,2579330993.0
570.698,60.0,90196.0,5123.0,50.0,245.581,2579354796.0
570.799,60.0,90196.0,5123.0,50.0,244.153,2579378581.0
570.898,61.0,90196.0,5123.0,50.0,243.02,2579401324.0
570.999,61.0,90196.0,5123.0,50.0,239.002,2579423480.0
571.098,58.0,90196.0,5123.0,50.0,236.47,2579447431.0
571.198,58.0,90196.0,5123.0,50.0,234.407,2579469583.0
571.298,57.0,90196.0,5123.0,50.0,233.703,2579491594.0
571.398,57.0,90196.0,5123.0,50.0,231.304,2579513699.0
571.499,57.0,90196.0,5123.0,50.0,229.341,2579536340.0
571.598,57.0,90196.0,5123.0,50.0,228.217,2579557585.0
571.699,58.0,90196.0,5123.0,50.0,225.057,2579578996.0
571.799,58.0,90196.0,5123.0,50.0,221.807,2579599728.0
571.898,57.0,90196.0,5123.0,50.0,219.914,2579621433.0
571.998,57.0,90196.0,5123.0,49.0,220.683,2579621433.0
572.098,57.0,90196.0,5123.0,49.0,220.538,2579643874.0
572.199,57.0,90196.0,5123.0,49.0,217.628,2579686656.0
572.299,57.0,90196.0,5123.0,49.0,217.669,2579708096.0
572.399,57.0,90196.0,5123.0,49.0,216.913,2579725942.0
572.498,27.0,90196.0,5123.0,49.0,209.036,2579739355.0
572.598,27.0,90196.0,5123.0,48.0,199.353,2579752616.0
572.698,0.0,90196.0,5123.0,48.0,192.877,2579765855.0
572.799,0.0,90196.0,5123.0,47.0,185.218,2579779207.0
572.897,0.0,90196.0,5123.0,47.0,177.974,2579792515.0
572.999,0.0,90196.0,5123.0,47.0,167.522,2579805791.0
573.099,0.0,90196.0,5123.0,47.0,159.421,2579819008.0
573.199,0.0,90196.0,5123.0,47.0,144.149,2579832239.0
573.299,0.0,90196.0,5123.0,47.0,135.652,2579845497.0
573.399,0.0,90196.0,5123.0,47.0,132.794,2579858724.0
573.499,0.0,90196.0,5123.0,46.0,132.616,2579871997.0
573.599,0.0,90196.0,5123.0,46.0,132.561,2579885143.0
573.699,0.0,90196.0,5123.0,46.0,132.488,2579898337.0
573.798,0.0,90196.0,5123.0,46.0,132.397,2579911563.0
573.898,0.0,90196.0,5123.0,46.0,132.267,2579924759.0
573.999,0.0,90196.0,5123.0,46.0,132.247,2579937940.0
574.099,0.0,90196.0,5123.0,46.0,132.185,2579951162.0
574.199,0.0,90196.0,5123.0,46.0,132.112,2579964302.0
574.299,0.0,90196.0,5123.0,46.0,132.102,2579977463.0
574.399,0.0,90196.0,5123.0,46.0,132.007,2579990662.0
574.499,0.0,90196.0,5123.0,46.0,132.078,2580003883.0
574.598,0.0,90196.0,5123.0,46.0,132.078,2580017082.0
574.699,0.0,90196.0,5123.0,46.0,132.091,2580017082.0
574.799,0.0,90196.0,5123.0,46.0,131.994,2580030213.0
574.898,0.0,90196.0,5123.0,46.0,131.952,2580043407.0
574.999,0.0,90196.0,5123.0,46.0,131.967,2580069753.0
575.098,0.0,90196.0,5123.0,46.0,131.919,2580082954.0
575.198,0.0,90196.0,5123.0,46.0,131.861,2580096068.0
575.299,0.0,90196.0,5123.0,46.0,131.843,2580109247.0
575.398,0.0,90196.0,5123.0,46.0,131.863,2580122401.0
575.499,0.0,90196.0,5123.0,46.0,131.829,2580135470.0
575.599,0.0,90196.0,5123.0,46.0,131.556,2580148550.0
575.699,0.0,90196.0,5123.0,46.0,131.515,2580161659.0
575.798,0.0,90196.0,5123.0,46.0,131.474,2580174777.0
575.899,0.0,90196.0,5123.0,46.0,131.422,2580187935.0
575.998,0.0,90196.0,5123.0,46.0,131.505,2580201175.0
576.099,0.0,90196.0,5123.0,46.0,131.542,2580214381.0
576.199,0.0,90196.0,5123.0,46.0,131.591,2580227547.0
576.299,0.0,90196.0,5123.0,46.0,131.541,2580240709.0
576.399,0.0,90196.0,5123.0,46.0,131.501,2580253843.0
576.499,0.0,90196.0,5123.0,46.0,131.587,2580266903.0
576.599,0.0,90196.0,5123.0,46.0,131.587,2580280061.0
576.698,0.0,90196.0,5123.0,46.0,131.635,2580293229.0
576.799,0.0,90196.0,5123.0,46.0,131.635,2580306321.0
576.899,0.0,90196.0,5123.0,46.0,131.473,2580319471.0
576.999,0.0,90196.0,5123.0,46.0,131.373,2580332544.0
577.099,0.0,90196.0,5123.0,46.0,131.346,2580345678.0
577.199,0.0,90196.0,5123.0,46.0,131.316,2580358858.0
577.299,0.0,90196.0,5123.0,46.0,131.4,2580372031.0
577.399,0.0,90196.0,5123.0,46.0,131.4,2580385210.0
577.499,0.0,90196.0,5123.0,46.0,131.419,2580385210.0
577.599,0.0,90196.0,5123.0,46.0,131.519,2580398354.0
577.698,0.0,90196.0,5123.0,46.0,131.56,2580411547.0
577.799,0.0,90196.0,5123.0,46.0,131.554,2580437861.0
577.899,0.0,90196.0,5123.0,46.0,131.602,2580451040.0
577.997,0.0,90196.0,5123.0,46.0,131.699,2580464154.0
578.099,0.0,90196.0,5123.0,46.0,131.691,2580477272.0
578.200,0.0,90196.0,5123.0,46.0,131.617,2580490384.0
578.299,0.0,90196.0,5123.0,46.0,131.593,2580503518.0
578.399,0.0,90196.0,5123.0,46.0,131.547,2580516626.0
578.499,0.0,90196.0,5123.0,46.0,131.505,2580529760.0
578.598,0.0,90196.0,5123.0,46.0,131.44,2580542893.0
578.699,0.0,90196.0,5123.0,46.0,131.381,2580555989.0
578.799,0.0,90196.0,5123.0,46.0,131.335,2580569068.0
578.898,0.0,90196.0,5123.0,46.0,131.277,2580582151.0
578.998,0.0,90196.0,5123.0,46.0,131.433,2580595441.0
579.099,0.0,90196.0,5123.0,46.0,131.437,2580608613.0
579.199,0.0,90196.0,5123.0,46.0,131.393,2580621748.0
579.299,0.0,90196.0,5123.0,46.0,131.393,2580634852.0
579.399,0.0,90196.0,5123.0,46.0,131.366,2580647945.0
579.499,0.0,90196.0,5123.0,46.0,131.471,2580661174.0
579.599,0.0,90196.0,5123.0,46.0,131.477,2580674290.0
579.699,0.0,90196.0,5123.0,46.0,131.457,2580687401.0
579.799,0.0,90196.0,5123.0,46.0,131.43,2580700467.0
579.899,0.0,90196.0,5123.0,46.0,131.4,2580713570.0
579.999,0.0,90196.0,5123.0,46.0,131.331,2580726739.0
580.099,0.0,90196.0,5123.0,46.0,131.343,2580739899.0
580.199,0.0,90196.0,5123.0,46.0,131.391,2580753033.0
580.299,0.0,90196.0,5123.0,46.0,131.391,2580766163.0
580.399,0.0,90196.0,5123.0,46.0,131.343,2580766163.0
580.499,0.0,90196.0,5123.0,46.0,131.378,2580779245.0
580.599,0.0,90196.0,5123.0,46.0,131.313,2580792381.0
580.699,0.0,90196.0,5123.0,46.0,131.328,2580818672.0
580.799,0.0,90196.0,5123.0,46.0,131.369,2580831783.0
580.900,0.0,90196.0,5123.0,46.0,131.405,2580844844.0
580.999,0.0,90196.0,5123.0,46.0,131.346,2580857922.0
581.099,0.0,90196.0,5123.0,46.0,131.265,2580871042.0
581.199,0.0,90196.0,5123.0,46.0,131.223,2580884196.0
581.298,0.0,90196.0,5123.0,46.0,131.188,2580897285.0
581.398,0.0,90196.0,5123.0,46.0,131.271,2580910474.0
581.499,0.0,90196.0,5123.0,46.0,131.347,2580923568.0
581.599,0.0,90196.0,5123.0,46.0,131.314,2580936697.0
581.699,0.0,90196.0,5123.0,46.0,131.23,2580949783.0
581.799,0.0,90196.0,5123.0,46.0,131.222,2580962957.0
581.899,0.0,90196.0,5123.0,46.0,131.286,2580976084.0
581.999,0.0,90196.0,5123.0,46.0,131.338,2580989185.0
582.099,0.0,90196.0,5123.0,46.0,131.355,2581002326.0
582.198,0.0,90196.0,5123.0,46.0,131.372,2581015471.0
582.299,0.0,90196.0,5123.0,46.0,131.415,2581028597.0
582.399,0.0,90196.0,5123.0,46.0,131.313,2581041676.0
582.499,0.0,90196.0,5123.0,46.0,131.252,2581054784.0
582.599,0.0,90196.0,5123.0,46.0,131.288,2581067958.0
582.699,0.0,90196.0,5123.0,46.0,131.381,2581081066.0
582.799,0.0,90196.0,5123.0,46.0,131.348,2581094130.0
582.899,0.0,90196.0,5123.0,46.0,131.241,2581107238.0
582.999,0.0,90196.0,5123.0,46.0,131.246,2581120354.0
583.098,0.0,90196.0,5123.0,46.0,131.279,2581133491.0
583.199,0.0,90196.0,5123.0,46.0,131.26,2581146609.0
583.299,0.0,90196.0,5123.0,46.0,131.253,2581146609.0
583.399,0.0,90196.0,5123.0,46.0,131.263,2581159730.0
583.499,0.0,90196.0,5123.0,46.0,131.271,2581172853.0
583.599,0.0,90196.0,5123.0,46.0,131.241,2581199073.0
583.698,0.0,90196.0,5123.0,46.0,131.189,2581212190.0
583.798,0.0,90196.0,5123.0,46.0,131.248,2581225337.0
583.899,0.0,90196.0,5123.0,46.0,131.306,2581238478.0
583.999,0.0,90196.0,5123.0,46.0,131.317,2581251573.0
584.098,0.0,90196.0,5123.0,46.0,131.298,2581264700.0
584.198,0.0,90196.0,5123.0,46.0,131.328,2581277839.0
584.298,0.0,90196.0,5123.0,46.0,131.323,2581290995.0
584.398,0.0,90196.0,5123.0,46.0,131.352,2581304132.0
584.499,0.0,90196.0,5123.0,46.0,131.364,2581317223.0
584.599,0.0,90196.0,5123.0,46.0,131.351,2581330337.0
584.698,0.0,90196.0,5123.0,46.0,131.357,2581343465.0
584.799,0.0,90196.0,5123.0,46.0,131.337,2581356592.0
584.899,0.0,90196.0,5123.0,46.0,131.36,2581369732.0
584.999,0.0,90196.0,5123.0,46.0,131.362,2581382869.0
585.099,0.0,90196.0,5123.0,46.0,131.368,2581396015.0
585.199,0.0,90196.0,5123.0,46.0,131.363,2581409132.0
585.299,0.0,90196.0,5123.0,46.0,131.339,2581422259.0
585.399,0.0,90196.0,5123.0,46.0,131.351,2581435414.0
585.499,0.0,90196.0,5123.0,46.0,131.382,2581448536.0
585.599,0.0,90196.0,5123.0,46.0,131.37,2581461649.0
585.699,0.0,90196.0,5123.0,46.0,131.361,2581474777.0
585.799,0.0,90196.0,5123.0,46.0,131.321,2581487879.0
585.899,0.0,90196.0,5123.0,46.0,131.295,2581501002.0
585.998,0.0,90196.0,5123.0,46.0,131.312,2581514122.0
586.098,0.0,90196.0,5123.0,46.0,131.275,2581527239.0
586.199,0.0,90196.0,5123.0,46.0,131.275,2581540362.0
586.298,0.0,90196.0,5123.0,46.0,131.275,2581553493.0
586.399,0.0,90196.0,5123.0,46.0,131.269,2581553493.0
586.498,0.0,90196.0,5123.0,46.0,131.258,2581566607.0
586.598,0.0,90196.0,5123.0,46.0,131.294,2581579726.0
586.699,0.0,90196.0,5123.0,46.0,131.262,2581605935.0
586.798,0.0,90196.0,5123.0,46.0,131.244,2581619060.0
586.898,0.0,90196.0,5123.0,46.0,131.25,2581632165.0
586.999,0.0,90196.0,5123.0,46.0,131.255,2581645282.0
587.099,0.0,90196.0,5123.0,46.0,131.239,2581658378.0
587.199,0.0,90196.0,5123.0,46.0,131.228,2581671487.0
587.298,0.0,90196.0,5123.0,46.0,131.198,2581684617.0
587.399,0.0,90196.0,5123.0,46.0,131.221,2581697753.0
587.498,0.0,90196.0,5123.0,46.0,131.244,2581710879.0
587.599,0.0,90196.0,5123.0,46.0,131.209,2581723997.0
587.698,0.0,90196.0,5123.0,46.0,131.239,2581737109.0
587.799,0.0,90196.0,5123.0,46.0,131.244,2581750231.0
587.899,0.0,90196.0,5123.0,46.0,131.263,2581763341.0
587.999,0.0,90196.0,5123.0,46.0,131.247,2581776451.0
588.099,0.0,90196.0,5123.0,46.0,131.251,2581789568.0
588.199,0.0,90196.0,5123.0,46.0,131.282,2581802682.0
588.299,0.0,90196.0,5123.0,46.0,131.252,2581815808.0
588.399,0.0,90196.0,5123.0,46.0,131.222,2581828931.0
588.498,0.0,90196.0,5123.0,46.0,131.216,2581842022.0
588.598,0.0,90196.0,5123.0,46.0,131.185,2581855143.0
588.699,0.0,90196.0,5123.0,46.0,131.192,2581868245.0
588.799,0.0,90196.0,5123.0,46.0,131.174,2581881359.0
588.899,0.0,90196.0,5123.0,46.0,131.18,2581894458.0
588.999,0.0,90196.0,5123.0,46.0,131.168,2581907568.0
589.099,0.0,90196.0,5123.0,46.0,131.15,2581920674.0
589.200,0.0,90196.0,5123.0,46.0,131.157,2581933782.0
589.299,0.0,90196.0,5123.0,46.0,131.157,2581946886.0
589.398,0.0,90196.0,5123.0,46.0,131.138,2581946886.0
589.498,0.0,90196.0,5123.0,46.0,131.126,2581959997.0
589.599,0.0,90196.0,5123.0,46.0,131.139,2581973090.0
589.698,0.0,90196.0,5123.0,45.0,131.157,2581999335.0
589.799,0.0,90196.0,5123.0,46.0,131.158,2582012445.0
589.899,0.0,90196.0,5123.0,46.0,131.169,2582025549.0
589.998,0.0,90196.0,5123.0,46.0,131.158,2582038654.0
590.099,0.0,90196.0,5123.0,46.0,131.147,2582051758.0
590.198,0.0,90196.0,5123.0,46.0,131.153,2582064845.0
590.298,0.0,90196.0,5123.0,46.0,131.129,2582077957.0
590.398,0.0,90196.0,5123.0,45.0,131.141,2582091065.0
590.499,0.0,90196.0,5123.0,46.0,131.136,2582104177.0
590.599,0.0,90196.0,5123.0,46.0,131.142,2582117284.0
590.699,0.0,90196.0,5123.0,45.0,131.13,2582130387.0
590.799,0.0,90196.0,5123.0,45.0,131.129,2582143500.0
590.899,0.0,90196.0,5123.0,45.0,131.114,2582156600.0
590.999,0.0,90196.0,5123.0,45.0,131.125,2582169724.0
591.099,0.0,90196.0,5123.0,45.0,131.134,2582182814.0
591.199,0.0,90196.0,5123.0,45.0,131.151,2582195919.0
591.299,0.0,90196.0,5123.0,45.0,131.133,2582209025.0
591.399,0.0,90196.0,5123.0,45.0,131.127,2582222117.0
591.498,0.0,90196.0,5123.0,45.0,131.145,2582235241.0
591.599,0.0,90196.0,5123.0,45.0,131.139,2582248348.0
591.699,0.0,90196.0,5123.0,45.0,131.128,2582261462.0
591.799,0.0,90196.0,5123.0,45.0,131.14,2582274562.0
591.899,0.0,90196.0,5123.0,45.0,131.134,2582287675.0
591.999,0.0,90196.0,5123.0,45.0,131.152,2582300790.0
592.099,0.0,90196.0,5123.0,45.0,131.141,2582313871.0
592.199,0.0,90196.0,5123.0,45.0,131.141,2582326984.0
592.298,0.0,90196.0,5123.0,45.0,131.147,2582326984.0
592.399,0.0,90196.0,5123.0,45.0,131.155,2582340070.0
592.499,0.0,90196.0,5123.0,45.0,131.155,2582353174.0
592.599,0.0,90196.0,5123.0,45.0,131.131,2582379385.0
592.699,0.0,90196.0,5123.0,45.0,131.132,2582392488.0
592.799,0.0,90196.0,5123.0,45.0,131.155,2582405606.0
592.899,0.0,90196.0,5123.0,45.0,131.137,2582418703.0
592.999,0.0,90196.0,5123.0,45.0,131.114,2582431793.0
593.099,0.0,90196.0,5123.0,45.0,131.099,2582444891.0
593.198,0.0,90196.0,5123.0,45.0,131.087,2582457987.0
593.299,0.0,90196.0,5123.0,45.0,131.091,2582471093.0
593.399,0.0,90196.0,5123.0,45.0,131.1,2582484202.0
593.499,0.0,90196.0,5123.0,45.0,131.098,2582497287.0
593.599,0.0,90196.0,5123.0,45.0,131.092,2582510392.0
593.699,0.0,90196.0,5123.0,45.0,131.097,2582523489.0
593.798,0.0,90196.0,5123.0,45.0,131.081,2582536594.0
593.898,0.0,90196.0,5123.0,45.0,131.075,2582549689.0
593.999,0.0,90196.0,5123.0,45.0,131.065,2582562767.0
594.099,0.0,90196.0,5123.0,45.0,131.065,2582575875.0
594.199,0.0,90196.0,5123.0,45.0,131.075,2582588973.0
594.299,0.0,90196.0,5123.0,45.0,131.062,2582602076.0
594.399,0.0,90196.0,5123.0,45.0,131.042,2582615165.0
594.499,0.0,90196.0,5123.0,45.0,131.053,2582628272.0
594.598,0.0,90196.0,5123.0,45.0,131.075,2582641381.0
594.698,0.0,90196.0,5123.0,45.0,131.062,2582654481.0
594.798,0.0,90196.0,5123.0,45.0,131.086,2582667588.0
594.899,0.0,90196.0,5123.0,45.0,131.088,2582680683.0
594.999,0.0,90196.0,5123.0,45.0,131.104,2582693790.0
595.099,0.0,90196.0,5123.0,45.0,131.101,2582706878.0
595.198,0.0,90196.0,5123.0,45.0,131.097,2582719989.0
595.299,0.0,90196.0,5123.0,45.0,131.102,2582719989.0
595.399,0.0,90196.0,5123.0,45.0,131.101,2582733078.0
595.499,0.0,90196.0,5123.0,45.0,131.113,2582746190.0
595.597,0.0,90196.0,5123.0,45.0,131.103,2582772416.0
595.698,0.0,90196.0,5123.0,45.0,131.095,2582785516.0
595.799,0.0,90196.0,5123.0,45.0,131.095,2582798626.0
595.899,0.0,90196.0,5123.0,45.0,131.108,2582811747.0
595.998,0.0,90196.0,5123.0,45.0,131.136,2582824863.0
596.098,0.0,90196.0,5123.0,45.0,131.13,2582837971.0
596.199,0.0,90196.0,5123.0,45.0,131.147,2582851069.0
596.298,0.0,90196.0,5123.0,45.0,131.136,2582864164.0
596.399,0.0,90196.0,5123.0,45.0,131.148,2582877269.0
596.499,0.0,90196.0,5123.0,45.0,131.124,2582890370.0
596.599,0.0,90196.0,5123.0,45.0,131.114,2582903478.0
596.699,0.0,90196.0,5123.0,45.0,131.137,2582916595.0
596.799,0.0,90196.0,5123.0,45.0,131.132,2582929694.0
596.899,0.0,90196.0,5123.0,45.0,131.103,2582942777.0
596.999,0.0,90196.0,5123.0,45.0,131.08,2582955878.0
597.099,0.0,90196.0,5123.0,45.0,131.08,2582968986.0
597.199,0.0,90196.0,5123.0,45.0,131.087,2582982090.0
597.298,0.0,90196.0,5123.0,45.0,131.075,2582995192.0
597.398,0.0,90196.0,5123.0,45.0,131.072,2583008281.0
597.499,0.0,90196.0,5123.0,45.0,131.078,2583021381.0
597.599,0.0,90196.0,5123.0,45.0,131.054,2583034473.0
597.699,0.0,90196.0,5123.0,45.0,131.04,2583047583.0
597.799,0.0,90196.0,5123.0,45.0,131.033,2583060661.0
597.899,0.0,90196.0,5123.0,45.0,131.033,2583073749.0
597.998,0.0,90196.0,5123.0,45.0,131.039,2583086840.0
598.099,0.0,90196.0,5123.0,45.0,131.039,2583099943.0
598.198,0.0,90196.0,5123.0,45.0,131.0,2583099943.0
598.299,0.0,90196.0,5123.0,45.0,130.981,2583113026.0
598.398,0.0,90196.0,5123.0,45.0,130.992,2583126098.0
598.498,0.0,90196.0,5123.0,45.0,130.969,2583152274.0
598.598,0.0,90196.0,5123.0,45.0,130.953,2583165358.0
598.698,0.0,90196.0,5123.0,45.0,130.926,2583178426.0
598.798,0.0,90196.0,5123.0,45.0,130.939,2583191528.0
598.898,0.0,90196.0,5123.0,45.0,130.957,2583204635.0
598.997,0.0,90196.0,5123.0,45.0,130.962,2583217742.0
599.098,0.0,90196.0,5123.0,45.0,130.957,2583230839.0
599.198,0.0,90196.0,5123.0,45.0,130.983,2583243939.0
599.298,0.0,90196.0,5123.0,45.0,131.019,2583257055.0
599.398,0.0,90196.0,5123.0,45.0,130.993,2583270143.0
599.498,0.0,90196.0,5123.0,45.0,131.027,2583283231.0
599.598,0.0,90196.0,5123.0,45.0,131.038,2583296325.0
599.699,0.0,90196.0,5123.0,45.0,131.058,2583309415.0
599.798,0.0,90196.0,5123.0,45.0,131.064,2583322517.0
599.898,0.0,90196.0,5123.0,45.0,131.051,2583335600.0
599.998,0.0,90196.0,5123.0,45.0,131.037,2583348689.0
600.098,0.0,90196.0,5123.0,45.0,131.035,2583361804.0
600.198,0.0,90196.0,5123.0,45.0,131.052,2583374898.0
600.299,0.0,90196.0,5123.0,45.0,131.032,2583388000.0
600.398,0.0,90196.0,5123.0,45.0,131.04,2583401103.0
600.498,0.0,90196.0,5123.0,45.0,131.05,2583414195.0
600.598,0.0,90196.0,5123.0,45.0,131.049,2583427284.0
600.698,0.0,90196.0,5123.0,45.0,131.074,2583440388.0
600.798,0.0,90196.0,5123.0,45.0,131.068,2583453486.0
600.899,0.0,90196.0,5123.0,45.0,131.068,2583466569.0
600.998,0.0,90196.0,5123.0,45.0,131.074,2583479681.0
601.099,0.0,90196.0,5123.0,45.0,131.064,2583492773.0
601.197,0.0,90196.0,5123.0,45.0,131.064,2583505871.0
601.298,0.0,90196.0,5123.0,45.0,131.064,2583505871.0
601.397,0.0,90196.0,5123.0,45.0,131.057,2583518957.0
601.498,0.0,90196.0,5123.0,45.0,131.064,2583532065.0
601.598,0.0,90196.0,5123.0,45.0,131.046,2583558260.0
601.698,0.0,90196.0,5123.0,45.0,131.047,2583571352.0
601.799,0.0,90196.0,5123.0,45.0,131.03,2583584450.0
601.897,0.0,90196.0,5123.0,45.0,131.044,2583597549.0
601.999,0.0,90196.0,5123.0,45.0,131.049,2583610644.0
602.098,0.0,90196.0,5123.0,45.0,131.039,2583623747.0
602.199,0.0,90196.0,5123.0,45.0,131.036,2583636846.0
602.297,0.0,90196.0,5123.0,45.0,131.028,2583649931.0
602.398,0.0,90196.0,5123.0,45.0,131.043,2583663032.0
602.497,0.0,90196.0,5123.0,45.0,131.03,2583676131.0
602.598,0.0,90196.0,5123.0,45.0,131.058,2583689252.0
602.698,0.0,90196.0,5123.0,45.0,131.064,2583702336.0
602.798,0.0,90196.0,5123.0,45.0,131.079,2583715441.0
602.897,0.0,90196.0,5123.0,45.0,131.063,2583728529.0
602.997,0.0,90196.0,5123.0,45.0,131.063,2583741649.0
603.098,0.0,90196.0,5123.0,45.0,131.067,2583754746.0
603.198,0.0,90196.0,5123.0,45.0,131.078,2583767842.0
603.299,0.0,90196.0,5123.0,45.0,131.081,2583780925.0
603.398,0.0,90196.0,5123.0,45.0,131.068,2583794023.0
603.499,0.0,90196.0,5123.0,45.0,131.072,2583807132.0
603.598,0.0,90196.0,5123.0,45.0,131.051,2583820224.0
603.697,0.0,90196.0,5123.0,45.0,131.051,2583833321.0
603.798,0.0,90196.0,5123.0,45.0,131.045,2583846408.0
603.898,0.0,90196.0,5123.0,45.0,131.039,2583859507.0
603.998,0.0,90196.0,5123.0,45.0,131.033,2583872598.0
604.099,0.0,90196.0,5123.0,45.0,131.021,2583885687.0
604.198,0.0,90196.0,5123.0,45.0,131.023,2583898779.0
604.299,0.0,90196.0,5123.0,45.0,131.039,2583898779.0
604.397,0.0,90196.0,5123.0,45.0,131.032,2583911876.0
604.498,0.0,90196.0,5123.0,45.0,131.013,2583924967.0
604.598,0.0,90196.0,5123.0,45.0,131.029,2583951171.0
604.699,0.0,90196.0,5123.0,45.0,131.023,2583964267.0
604.798,0.0,90196.0,5123.0,45.0,131.044,2583977369.0
604.899,0.0,90196.0,5123.0,45.0,131.029,2583990458.0
604.999,0.0,90196.0,5123.0,45.0,131.033,2584003552.0
605.098,0.0,90196.0,5123.0,45.0,131.035,2584016655.0
605.197,0.0,90196.0,5123.0,45.0,131.043,2584029750.0
605.297,0.0,90196.0,5123.0,45.0,131.037,2584042853.0
605.398,0.0,90196.0,5123.0,45.0,131.049,2584055939.0
605.498,0.0,90196.0,5123.0,45.0,131.032,2584069039.0
605.597,0.0,90196.0,5123.0,45.0,131.038,2584082137.0
605.698,0.0,90196.0,5123.0,45.0,131.032,2584095222.0
605.798,0.0,90196.0,5123.0,45.0,131.015,2584108329.0
605.898,0.0,90196.0,5123.0,45.0,131.027,2584121420.0
605.998,0.0,90196.0,5123.0,45.0,131.031,2584134516.0
606.098,0.0,90196.0,5123.0,45.0,131.014,2584147605.0
606.198,0.0,90196.0,5123.0,45.0,131.01,2584160697.0
606.298,0.0,90196.0,5123.0,45.0,131.003,2584173779.0
606.399,0.0,90196.0,5123.0,45.0,131.015,2584186877.0
606.499,0.0,90196.0,5123.0,45.0,131.016,2584199976.0
606.599,0.0,90196.0,5123.0,45.0,131.01,2584213071.0
606.698,0.0,90196.0,5123.0,45.0,131.022,2584226167.0
606.798,0.0,90196.0,5123.0,45.0,131.022,2584239262.0
606.898,0.0,90196.0,5123.0,45.0,131.034,2584252349.0
606.998,0.0,90196.0,5123.0,45.0,131.018,2584265441.0
607.098,0.0,90196.0,5123.0,45.0,131.036,2584278535.0
607.199,0.0,90196.0,5123.0,45.0,131.039,2584291630.0
607.298,0.0,90196.0,5123.0,45.0,131.039,2584304733.0
607.398,0.0,90196.0,5123.0,45.0,131.054,2584304733.0
607.498,0.0,90196.0,5123.0,45.0,131.034,2584317838.0
607.598,0.0,90196.0,5123.0,45.0,131.039,2584330928.0
607.697,0.0,90196.0,5123.0,45.0,131.028,2584357108.0
607.798,0.0,90196.0,5123.0,45.0,131.019,2584370204.0
607.898,0.0,90196.0,5123.0,45.0,131.02,2584383281.0
607.998,0.0,90196.0,5123.0,45.0,131.005,2584396394.0
608.097,0.0,90196.0,5123.0,45.0,130.998,2584409476.0
608.198,0.0,90196.0,5123.0,45.0,131.01,2584422575.0
608.298,0.0,90196.0,5123.0,45.0,131.011,2584435676.0
608.397,0.0,90196.0,5123.0,45.0,131.003,2584448755.0
608.498,0.0,90196.0,5123.0,45.0,130.999,2584461849.0
608.597,0.0,90196.0,5123.0,45.0,130.997,2584474940.0
608.698,0.0,90196.0,5123.0,45.0,131.005,2584488030.0
608.797,0.0,90196.0,5123.0,45.0,131.026,2584501142.0
608.899,0.0,90196.0,5123.0,45.0,131.017,2584514234.0
608.998,0.0,90196.0,5123.0,45.0,131.025,2584527328.0
609.098,0.0,90196.0,5123.0,45.0,131.019,2584540415.0
609.198,0.0,90196.0,5123.0,45.0,131.018,2584553508.0
609.298,0.0,90196.0,5123.0,45.0,131.007,2584566610.0
609.398,0.0,90196.0,5123.0,45.0,131.016,2584579728.0
609.498,0.0,90196.0,5123.0,45.0,131.03,2584592841.0
609.598,0.0,90196.0,5123.0,45.0,131.033,2584605926.0
609.698,0.0,90196.0,5123.0,45.0,131.037,2584619019.0
609.798,0.0,90196.0,5123.0,45.0,131.037,2584632114.0
609.899,0.0,90196.0,5123.0,45.0,131.036,2584645199.0
609.999,0.0,90196.0,5123.0,45.0,131.043,2584658290.0
610.097,0.0,90196.0,5123.0,45.0,131.031,2584671381.0
610.198,0.0,90196.0,5123.0,45.0,131.031,2584684457.0
610.298,0.0,90196.0,5123.0,45.0,131.007,2584684457.0
610.399,0.0,90196.0,5123.0,45.0,131.009,2584697557.0
610.498,0.0,90196.0,5123.0,45.0,130.983,2584710626.0
610.598,0.0,90196.0,5123.0,45.0,130.969,2584736823.0
610.698,0.0,90196.0,5123.0,45.0,130.957,2584749905.0
610.799,0.0,90196.0,5123.0,45.0,130.964,2584763012.0
610.899,0.0,90196.0,5123.0,45.0,130.964,2584776102.0
610.998,0.0,90196.0,5123.0,45.0,130.96,2584789213.0
611.098,0.0,90196.0,5123.0,45.0,130.977,2584802300.0
611.198,0.0,90196.0,5123.0,45.0,130.975,2584815403.0
611.298,0.0,90196.0,5123.0,45.0,130.993,2584828488.0
611.399,0.0,90196.0,5123.0,45.0,130.989,2584841579.0
611.498,0.0,90196.0,5123.0,45.0,130.996,2584854672.0
611.597,0.0,90196.0,5123.0,45.0,131.008,2584867773.0
611.698,0.0,90196.0,5123.0,45.0,131.024,2584880871.0
611.799,0.0,90196.0,5123.0,45.0,131.012,2584893953.0
611.897,0.0,90196.0,5123.0,45.0,130.993,2584907031.0
611.998,0.0,90196.0,5123.0,45.0,130.969,2584924310.0
612.098,30.0,90196.0,5123.0,48.0,162.012,2584971503.0
612.198,30.0,90196.0,5123.0,54.0,214.666,2585038629.0
612.299,100.0,90196.0,5123.0,54.0,260.38,2585097664.0
612.398,100.0,90196.0,5123.0,57.0,309.679,2585161321.0
612.498,100.0,90196.0,5123.0,58.0,353.819,2585219308.0
612.598,100.0,90196.0,5123.0,59.0,454.509,2585283942.0
612.698,100.0,90196.0,5123.0,60.0,504.773,2585341623.0
612.798,100.0,90196.0,5123.0,60.0,504.773,2585405363.0
612.898,100.0,90196.0,5123.0,61.0,549.914,2585405363.0
612.998,100.0,90196.0,5123.0,61.0,599.737,2585462715.0
613.098,100.0,90196.0,5123.0,62.0,616.737,2585526196.0
613.198,100.0,90196.0,5123.0,57.0,584.099,2585615144.0
613.298,65.0,90196.0,5123.0,56.0,552.857,2585646043.0
613.398,65.0,90196.0,5123.0,55.0,521.278,2585676363.0
613.499,65.0,90196.0,5123.0,54.0,490.815,2585704460.0
613.597,65.0,90196.0,5123.0,54.0,457.211,2585731615.0
613.698,65.0,90196.0,5123.0,54.0,426.689,2585760214.0
613.798,65.0,90196.0,5123.0,53.0,392.463,2585786454.0
613.898,64.0,90196.0,5123.0,53.0,356.125,2585813602.0
613.998,64.0,90196.0,5123.0,53.0,325.706,2585839850.0
614.098,64.0,90196.0,5123.0,53.0,291.496,2585870769.0
614.198,64.0,90196.0,5123.0,53.0,283.378,2585898174.0
614.298,66.0,90196.0,5123.0,53.0,284.082,2585928248.0
614.398,66.0,90196.0,5123.0,52.0,281.198,2585956447.0
614.498,65.0,90196.0,5123.0,52.0,278.255,2585983293.0
614.598,65.0,90196.0,5123.0,52.0,280.138,2586012010.0
614.698,65.0,90196.0,5123.0,52.0,279.622,2586039850.0
614.798,65.0,90196.0,5123.0,52.0,282.624,2586069803.0
614.898,64.0,90196.0,5123.0,52.0,290.238,2586100719.0
614.998,65.0,90196.0,5123.0,52.0,290.802,2586130526.0
615.103,65.0,90196.0,5123.0,52.0,291.77,2586159620.0
615.198,65.0,90196.0,5123.0,52.0,291.77,2586188195.0
615.297,65.0,90196.0,5123.0,52.0,289.465,2586188195.0
615.398,65.0,90196.0,5123.0,52.0,288.627,2586216422.0
615.498,65.0,90196.0,5123.0,52.0,292.473,2586274416.0
615.599,65.0,90196.0,5123.0,52.0,293.695,2586304255.0
615.699,65.0,90196.0,5123.0,52.0,296.753,2586333809.0
615.798,65.0,90196.0,5123.0,52.0,294.348,2586362150.0
615.898,66.0,90196.0,5123.0,52.0,291.991,2586392294.0
615.998,66.0,90196.0,5123.0,52.0,290.564,2586419450.0
616.098,64.0,90196.0,5123.0,52.0,287.134,2586446494.0
616.198,64.0,90196.0,5123.0,52.0,285.659,2586474035.0
616.298,65.0,90196.0,5123.0,52.0,283.587,2586501314.0
616.399,65.0,90196.0,5123.0,52.0,283.37,2586530132.0
616.498,65.0,90196.0,5123.0,52.0,282.79,2586557997.0
616.598,65.0,90196.0,5123.0,52.0,280.589,2586585451.0
616.697,66.0,90196.0,5123.0,52.0,276.999,2586612605.0
616.798,66.0,90196.0,5123.0,52.0,277.234,2586640299.0
616.898,65.0,90196.0,5123.0,52.0,274.963,2586667420.0
616.998,65.0,90196.0,5123.0,52.0,274.833,2586696430.0
617.098,65.0,90196.0,5123.0,52.0,279.707,2586725232.0
617.199,65.0,90196.0,5123.0,52.0,277.804,2586752817.0
617.298,65.0,90196.0,5123.0,52.0,280.671,2586781912.0
617.398,65.0,90196.0,5123.0,52.0,282.809,2586811240.0
617.498,66.0,90196.0,5123.0,52.0,282.298,2586840097.0
617.598,66.0,90196.0,5123.0,52.0,284.047,2586868070.0
617.698,66.0,90196.0,5123.0,52.0,285.809,2586895249.0
617.798,66.0,90196.0,5123.0,52.0,285.809,2586924832.0
617.898,65.0,90196.0,5123.0,52.0,289.563,2586954326.0
617.997,65.0,90196.0,5123.0,52.0,287.558,2586954326.0
618.098,65.0,90196.0,5123.0,52.0,284.986,2586982314.0
618.197,65.0,90196.0,5123.0,52.0,289.143,2587039245.0
618.298,66.0,90196.0,5123.0,52.0,287.543,2587065929.0
618.398,66.0,90196.0,5123.0,52.0,283.948,2587093207.0
618.498,66.0,90196.0,5123.0,52.0,283.178,2587121745.0
618.598,66.0,90196.0,5123.0,52.0,281.177,2587149035.0
618.698,65.0,90196.0,5123.0,52.0,283.505,2587177401.0
618.799,65.0,90196.0,5123.0,52.0,286.234,2587207912.0
618.898,65.0,90196.0,5123.0,52.0,285.021,2587236906.0
618.998,65.0,90196.0,5123.0,52.0,283.358,2587262174.0
619.098,65.0,90196.0,5123.0,52.0,285.606,2587292128.0
619.198,65.0,90196.0,5123.0,52.0,283.194,2587319457.0
619.298,66.0,90196.0,5123.0,52.0,284.15,2587345931.0
619.398,66.0,90196.0,5123.0,52.0,282.719,2587372097.0
619.498,65.0,90196.0,5123.0,52.0,284.111,2587399943.0
619.598,65.0,90196.0,5123.0,52.0,281.894,2587426559.0
619.697,65.0,90196.0,5123.0,52.0,281.823,2587454807.0
619.798,65.0,90196.0,5123.0,52.0,279.972,2587483970.0
619.898,65.0,90196.0,5123.0,51.0,279.648,2587512471.0
619.998,65.0,90196.0,5123.0,51.0,278.246,2587537393.0
620.098,65.0,90196.0,5123.0,51.0,274.835,2587563147.0
620.199,65.0,90196.0,5123.0,51.0,275.228,2587590749.0
620.298,64.0,90196.0,5123.0,51.0,275.107,2587618272.0
620.399,64.0,90196.0,5123.0,51.0,272.281,2587645538.0
620.498,64.0,90196.0,5123.0,51.0,272.281,2587670576.0
620.598,62.0,90196.0,5123.0,51.0,271.601,2587696159.0
620.698,61.0,90196.0,5123.0,51.0,271.191,2587696159.0
620.798,61.0,90196.0,5123.0,51.0,268.351,2587723424.0
620.898,62.0,90196.0,5123.0,51.0,263.348,2587773375.0
620.998,62.0,90196.0,5123.0,51.0,262.507,2587798928.0
621.098,60.0,90196.0,5123.0,51.0,264.423,2587825486.0
621.198,60.0,90196.0,5123.0,51.0,260.752,2587851391.0
621.298,61.0,90196.0,5123.0,51.0,258.123,2587875307.0
621.398,61.0,90196.0,5123.0,51.0,255.779,2587900216.0
621.498,62.0,90196.0,5123.0,51.0,256.008,2587925441.0
621.598,62.0,90196.0,5123.0,51.0,257.932,2587951773.0
621.698,62.0,90196.0,5123.0,51.0,254.469,2587976428.0
621.798,62.0,90196.0,5123.0,51.0,252.597,2588001200.0
621.898,62.0,90196.0,5123.0,51.0,251.943,2588024275.0
621.998,62.0,90196.0,5123.0,50.0,250.53,2588048284.0
622.098,61.0,90196.0,5123.0,50.0,247.737,2588073105.0
622.198,61.0,90196.0,5123.0,50.0,247.755,2588097292.0
622.298,58.0,90196.0,5123.0,50.0,246.679,2588120298.0
622.398,58.0,90196.0,5123.0,50.0,246.533,2588145014.0
622.497,57.0,90196.0,5123.0,50.0,242.85,2588166987.0
622.599,57.0,90196.0,5123.0,50.0,239.224,2588189616.0
622.699,55.0,90196.0,5123.0,49.0,234.918,2588208498.0
622.798,55.0,90196.0,5123.0,48.0,222.395,2588221866.0
622.898,0.0,90196.0,5123.0,48.0,213.322,2588235179.0
622.998,0.0,90196.0,5123.0,48.0,202.416,2588248493.0
623.098,0.0,90196.0,5123.0,47.0,191.246,2588261797.0
623.198,0.0,90196.0,5123.0,47.0,180.661,2588261797.0
623.298,0.0,90196.0,5123.0,47.0,171.487,2588275090.0
623.398,0.0,90196.0,5123.0,47.0,158.487,2588288377.0
623.498,0.0,90196.0,5123.0,47.0,148.929,2588314843.0
623.597,0.0,90196.0,5123.0,47.0,139.666,2588328089.0
623.698,0.0,90196.0,5123.0,47.0,133.099,2588341313.0
623.798,0.0,90196.0,5123.0,46.0,132.74,2588354519.0
623.898,0.0,90196.0,5123.0,46.0,132.632,2588367705.0
623.998,0.0,90196.0,5123.0,46.0,132.525,2588380923.0
624.098,0.0,90196.0,5123.0,46.0,135.07,2588397945.0
624.198,0.0,90196.0,5123.0,53.0,172.055,2588454324.0
624.298,100.0,90196.0,5123.0,56.0,221.56,2588517709.0
624.398,100.0,90196.0,5123.0,56.0,264.942,2588574525.0
624.498,100.0,90196.0,5123.0,58.0,319.576,2588641790.0
624.598,100.0,90196.0,5123.0,58.0,360.638,2588697239.0
624.698,92.0,90196.0,5123.0,60.0,411.774,2588760670.0
624.798,92.0,90196.0,5123.0,60.0,458.713,2588821200.0
624.897,90.0,90196.0,5123.0,61.0,509.823,2588885505.0
624.998,90.0,90196.0,5123.0,60.0,544.774,2588942723.0
625.098,90.0,90196.0,5123.0,62.0,600.054,2589007665.0
625.198,90.0,90196.0,5123.0,58.0,590.993,2589041330.0
625.298,65.0,90196.0,5123.0,56.0,556.477,2589068580.0
625.399,65.0,90196.0,5123.0,56.0,526.393,2589097411.0
625.499,65.0,90196.0,5123.0,55.0,492.276,2589126380.0
625.599,65.0,90196.0,5123.0,54.0,460.949,2589126380.0
625.699,65.0,90196.0,5123.0,54.0,430.873,2589153762.0
625.799,65.0,90196.0,5123.0,54.0,402.112,2589213293.0
625.899,65.0,90196.0,5123.0,54.0,365.907,2589240113.0
625.999,65.0,90196.0,5123.0,53.0,338.368,2589270584.0
626.098,65.0,90196.0,5123.0,53.0,305.623,2589298105.0
626.198,65.0,90196.0,5123.0,53.0,286.911,2589326307.0
626.298,65.0,90196.0,5123.0,53.0,285.328,2589353013.0
626.398,65.0,90196.0,5123.0,53.0,285.049,2589381552.0
626.498,65.0,90196.0,5123.0,53.0,286.585,2589410547.0
626.598,65.0,90196.0,5123.0,53.0,286.393,2589438519.0
626.697,65.0,90196.0,5123.0,53.0,285.028,2589466850.0
626.798,65.0,90196.0,5123.0,53.0,283.811,2589496010.0
626.899,64.0,90196.0,5123.0,52.0,284.29,2589523851.0
626.998,64.0,90196.0,5123.0,52.0,281.55,2589551191.0
627.098,65.0,90196.0,5123.0,52.0,280.302,2589579209.0
627.198,65.0,90196.0,5123.0,52.0,279.895,2589606984.0
627.298,65.0,90196.0,5123.0,52.0,281.798,2589634358.0
627.399,65.0,90196.0,5123.0,52.0,281.926,2589663544.0
627.498,65.0,90196.0,5123.0,52.0,279.907,2589691793.0
627.598,65.0,90196.0,5123.0,52.0,278.864,2589717769.0
627.698,65.0,90196.0,5123.0,52.0,280.405,2589747814.0
627.799,65.0,90196.0,5123.0,52.0,279.145,2589774579.0
627.898,64.0,90196.0,5123.0,52.0,277.018,2589801945.0
627.998,64.0,90196.0,5123.0,52.0,279.978,2589832061.0
628.099,65.0,90196.0,5123.0,52.0,282.109,2589861806.0
628.198,65.0,90196.0,5123.0,52.0,282.109,2589891443.0
628.298,65.0,90196.0,5123.0,52.0,285.15,2589891443.0
628.398,65.0,90196.0,5123.0,52.0,281.416,2589917851.0
628.498,65.0,90196.0,5123.0,52.0,278.175,2589970880.0
628.598,65.0,90196.0,5123.0,52.0,276.304,2589996007.0
628.698,65.0,90196.0,5123.0,52.0,273.428,2590022954.0
628.798,65.0,90196.0,5123.0,52.0,273.057,2590050052.0
628.899,65.0,90196.0,5123.0,52.0,274.37,2590079331.0
628.998,65.0,90196.0,5123.0,52.0,275.777,2590109307.0
629.098,65.0,90196.0,5123.0,52.0,274.218,2590137399.0
629.199,65.0,90196.0,5123.0,52.0,271.558,2590165421.0
629.298,63.0,90196.0,5123.0,52.0,274.032,2590193949.0
629.398,63.0,90196.0,5123.0,52.0,275.434,2590222062.0
629.498,65.0,90196.0,5123.0,52.0,277.495,2590249906.0
629.599,65.0,90196.0,5123.0,52.0,280.745,2590276806.0
629.698,64.0,90196.0,5123.0,52.0,279.747,2590303012.0
629.798,64.0,90196.0,5123.0,52.0,281.316,2590330803.0
629.898,65.0,90196.0,5123.0,52.0,279.899,2590358466.0
629.998,65.0,90196.0,5123.0,52.0,278.612,2590388258.0
630.097,64.0,90196.0,5123.0,52.0,276.572,2590414407.0
630.198,64.0,90196.0,5123.0,52.0,279.82,2590445086.0
630.298,65.0,90196.0,5123.0,52.0,280.496,2590473936.0
630.397,65.0,90196.0,5123.0,52.0,279.672,2590501068.0
630.498,66.0,90196.0,5123.0,52.0,279.037,2590528335.0
630.598,66.0,90196.0,5123.0,52.0,281.552,2590557627.0
630.699,65.0,90196.0,5123.0,52.0,284.467,2590585673.0
630.798,65.0,90196.0,5123.0,52.0,284.121,2590614179.0
630.898,64.0,90196.0,5123.0,52.0,284.821,2590614179.0
630.998,64.0,90196.0,5123.0,52.0,282.645,2590642544.0
631.098,64.0,90196.0,5123.0,52.0,282.161,2590695818.0
631.198,64.0,90196.0,5123.0,52.0,281.116,2590724341.0
631.298,66.0,90196.0,5123.0,52.0,279.122,2590753022.0
631.399,66.0,90196.0,5123.0,52.0,277.802,2590780087.0
631.498,65.0,90196.0,5123.0,52.0,276.783,2590805533.0
631.597,65.0,90196.0,5123.0,52.0,273.658,2590831762.0
631.698,66.0,90196.0,5123.0,52.0,272.265,2590859480.0
631.799,66.0,90196.0,5123.0,52.0,273.129,2590888184.0
631.899,65.0,90196.0,5123.0,52.0,271.005,2590914398.0
631.998,65.0,90196.0,5123.0,52.0,271.682,2590941631.0
632.098,65.0,90196.0,5123.0,52.0,271.291,2590968353.0
632.198,65.0,90196.0,5123.0,51.0,271.241,2590995639.0
632.299,63.0,90196.0,5123.0,51.0,270.686,2591022582.0
632.398,63.0,90196.0,5123.0,51.0,270.261,2591049887.0
632.499,61.0,90196.0,5123.0,51.0,271.022,2591076010.0
632.598,61.0,90196.0,5123.0,51.0,268.991,2591101314.0
632.699,60.0,90196.0,5123.0,51.0,268.118,2591127575.0
632.798,60.0,90196.0,5123.0,51.0,265.451,2591154345.0
632.898,61.0,90196.0,5123.0,51.0,266.927,2591182386.0
632.998,61.0,90196.0,5123.0,51.0,266.92,2591209668.0
633.098,61.0,90196.0,5123.0,51.0,266.133,2591235520.0
633.198,61.0,90196.0,5123.0,51.0,264.02,2591260674.0
633.299,61.0,90196.0,5123.0,51.0,264.02,2591286864.0
633.399,61.0,90196.0,5123.0,51.0,262.048,2591286864.0
633.499,61.0,90196.0,5123.0,51.0,260.036,2591312078.0
633.599,61.0,90196.0,5123.0,51.0,259.543,2591362169.0
633.698,61.0,90196.0,5123.0,51.0,255.915,2591384832.0
633.798,61.0,90196.0,5123.0,51.0,255.711,2591411171.0
633.898,61.0,90196.0,5123.0,51.0,250.858,2591433887.0
633.998,61.0,90196.0,5123.0,51.0,246.751,2591457147.0
634.099,61.0,90196.0,5123.0,50.0,245.191,2591481499.0
634.199,61.0,90196.0,5123.0,50.0,242.427,2591504714.0
634.299,58.0,90196.0,5123.0,50.0,239.897,2591527707.0
634.399,58.0,90196.0,5123.0,50.0,236.946,2591550125.0
634.498,58.0,90196.0,5123.0,50.0,235.355,2591574227.0
634.598,58.0,90196.0,5123.0,50.0,232.404,2591595432.0
634.698,45.0,90196.0,5123.0,50.0,230.663,2591616532.0
634.798,45.0,90196.0,5123.0,49.0,219.347,2591630620.0
634.897,0.0,90196.0,5123.0,48.0,209.095,2591643940.0
634.998,0.0,90196.0,5123.0,48.0,199.275,2591657163.0
635.098,0.0,90196.0,5123.0,48.0,189.439,2591670431.0
635.198,0.0,90196.0,5123.0,47.0,178.495,2591683668.0
635.299,0.0,90196.0,5123.0,47.0,168.813,2591696951.0
635.398,0.0,90196.0,5123.0,47.0,168.135,2591716728.0
635.499,41.0,90196.0,5123.0,54.0,203.318,2591774158.0
635.599,41.0,90196.0,5123.0,54.0,203.318,2591774158.0
635.698,100.0,90196.0,5123.0,57.0,280.191,2591835325.0
635.799,100.0,90196.0,5123.0,59.0,328.242,2591959590.0
635.899,100.0,90196.0,5123.0,59.0,371.016,2592019661.0
635.998,100.0,90196.0,5123.0,60.0,434.72,2592085005.0
636.097,99.0,90196.0,5123.0,61.0,477.601,2592144248.0
636.199,99.0,90196.0,5123.0,61.0,523.343,2592208231.0
636.297,92.0,90196.0,5123.0,61.0,580.418,2592265973.0
636.398,92.0,90196.0,5123.0,61.0,580.418,2592330882.0
636.498,79.0,90196.0,5123.0,62.0,599.029,2592382455.0
636.599,79.0,90196.0,5123.0,62.0,599.029,2592410370.0
636.699,65.0,90196.0,5123.0,57.0,537.687,2592439601.0
636.798,65.0,90196.0,5123.0,56.0,504.329,2592467090.0
636.897,65.0,90196.0,5123.0,56.0,504.329,2592495102.0
636.998,65.0,90196.0,5123.0,55.0,466.73,2592523634.0
637.098,64.0,90196.0,5123.0,54.0,402.251,2592553834.0
637.197,64.0,90196.0,5123.0,54.0,370.323,2592581751.0
637.299,64.0,90196.0,5123.0,54.0,370.323,2592610062.0
637.398,65.0,90196.0,5123.0,54.0,342.59,2592637238.0
637.498,65.0,90196.0,5123.0,54.0,307.301,2592663777.0
637.598,65.0,90196.0,5123.0,53.0,282.229,2592691104.0
637.698,65.0,90196.0,5123.0,53.0,281.203,2592717749.0
637.798,65.0,90196.0,5123.0,53.0,278.687,2592717749.0
637.898,65.0,90196.0,5123.0,53.0,277.875,2592744925.0
637.999,65.0,90196.0,5123.0,53.0,279.649,2592773463.0
638.098,65.0,90196.0,5123.0,53.0,279.367,2592832755.0
638.198,65.0,90196.0,5123.0,53.0,277.517,2592860124.0
638.299,65.0,90196.0,5123.0,53.0,277.226,2592887249.0
638.398,65.0,90196.0,5123.0,53.0,274.547,2592914070.0
638.498,65.0,90196.0,5123.0,53.0,272.712,2592943969.0
638.599,65.0,90196.0,5123.0,53.0,277.461,2592972474.0
638.698,65.0,90196.0,5123.0,52.0,281.576,2593000823.0
638.799,65.0,90196.0,5123.0,52.0,282.894,2593029193.0
638.898,65.0,90196.0,5123.0,52.0,282.559,2593056706.0
638.999,65.0,90196.0,5123.0,52.0,281.686,2593084996.0
639.097,65.0,90196.0,5123.0,52.0,283.272,2593114389.0
639.198,65.0,90196.0,5123.0,52.0,282.243,2593141080.0
639.299,65.0,90196.0,5123.0,52.0,285.963,2593170485.0
639.397,65.0,90196.0,5123.0,52.0,287.706,2593199404.0
639.498,65.0,90196.0,5123.0,52.0,285.502,2593226378.0
639.597,65.0,90196.0,5123.0,52.0,284.714,2593256152.0
639.699,65.0,90196.0,5123.0,52.0,285.407,2593284839.0
639.799,65.0,90196.0,5123.0,52.0,284.157,2593311070.0
639.898,65.0,90196.0,5123.0,52.0,283.507,2593340679.0
639.999,65.0,90196.0,5123.0,52.0,286.863,2593369248.0
640.098,64.0,90196.0,5123.0,52.0,286.754,2593399168.0
640.198,64.0,90196.0,5123.0,52.0,287.255,2593426883.0
640.298,65.0,90196.0,5123.0,52.0,287.854,2593456554.0
640.398,65.0,90196.0,5123.0,52.0,288.455,2593486509.0
640.498,64.0,90196.0,5123.0,52.0,287.445,2593512903.0
640.598,64.0,90196.0,5123.0,52.0,285.417,2593539818.0
640.699,65.0,90196.0,5123.0,52.0,283.003,2593539818.0
640.799,65.0,90196.0,5123.0,52.0,286.163,2593566361.0
640.898,65.0,90196.0,5123.0,52.0,287.509,2593624964.0
640.998,65.0,90196.0,5123.0,52.0,286.826,2593655579.0
641.099,63.0,90196.0,5123.0,52.0,283.654,2593683829.0
641.198,63.0,90196.0,5123.0,52.0,282.378,2593710628.0
641.299,64.0,90196.0,5123.0,52.0,282.453,2593739928.0
641.398,64.0,90196.0,5123.0,52.0,278.96,2593766473.0
641.499,65.0,90196.0,5123.0,52.0,279.842,2593793184.0
641.598,65.0,90196.0,5123.0,52.0,281.436,2593821751.0
641.698,65.0,90196.0,5123.0,52.0,282.951,2593849851.0
641.798,65.0,90196.0,5123.0,52.0,279.371,2593876648.0
641.898,65.0,90196.0,5123.0,52.0,279.078,2593905128.0
641.998,65.0,90196.0,5123.0,52.0,277.281,2593933433.0
642.099,66.0,90196.0,5123.0,52.0,276.775,2593961774.0
642.199,66.0,90196.0,5123.0,52.0,278.221,2593989792.0
642.298,65.0,90196.0,5123.0,52.0,277.619,2594018530.0
642.398,65.0,90196.0,5123.0,52.0,280.928,2594047629.0
642.498,66.0,90196.0,5123.0,52.0,283.164,2594076057.0
642.598,66.0,90196.0,5123.0,52.0,282.165,2594104696.0
642.698,65.0,90196.0,5123.0,52.0,284.76,2594133187.0
642.798,65.0,90196.0,5123.0,52.0,286.337,2594163085.0
642.898,65.0,90196.0,5123.0,52.0,286.3,2594191243.0
642.998,65.0,90196.0,5123.0,52.0,286.58,2594219433.0
643.098,65.0,90196.0,5123.0,52.0,286.401,2594246566.0
643.199,65.0,90196.0,5123.0,52.0,287.142,2594246566.0
643.299,66.0,90196.0,5123.0,52.0,285.117,2594275712.0
643.398,66.0,90196.0,5123.0,52.0,282.792,2594329135.0
643.499,65.0,90196.0,5123.0,52.0,281.647,2594357598.0
643.599,65.0,90196.0,5123.0,52.0,280.403,2594384177.0
643.698,65.0,90196.0,5123.0,52.0,276.33,2594411367.0
643.798,65.0,90196.0,5123.0,52.0,273.601,2594436974.0
643.898,65.0,90196.0,5123.0,52.0,271.265,2594463257.0
643.998,65.0,90196.0,5123.0,52.0,269.798,2594491139.0
644.099,65.0,90196.0,5123.0,52.0,271.626,2594519519.0
644.198,65.0,90196.0,5123.0,51.0,268.176,2594545625.0
644.299,62.0,90196.0,5123.0,51.0,267.373,2594571806.0
644.399,62.0,90196.0,5123.0,51.0,267.137,2594597944.0
644.499,62.0,90196.0,5123.0,51.0,265.05,2594624181.0
644.598,62.0,90196.0,5123.0,51.0,264.86,2594651270.0
644.697,62.0,90196.0,5123.0,51.0,266.599,2594678777.0
644.797,62.0,90196.0,5123.0,51.0,266.897,2594706946.0
644.898,62.0,90196.0,5123.0,51.0,267.155,2594733545.0
644.997,62.0,90196.0,5123.0,51.0,266.508,2594759941.0
645.098,60.0,90196.0,5123.0,51.0,262.607,2594785234.0
645.198,60.0,90196.0,5123.0,51.0,262.291,2594809852.0
645.298,60.0,90196.0,5123.0,51.0,261.718,2594836593.0
645.399,60.0,90196.0,5123.0,51.0,260.806,2594862918.0
645.498,62.0,90196.0,5123.0,51.0,260.001,2594887355.0
645.598,62.0,90196.0,5123.0,51.0,261.376,2594914463.0
645.699,61.0,90196.0,5123.0,51.0,259.618,2594939725.0
645.797,61.0,90196.0,5123.0,51.0,254.342,2594939725.0
645.897,58.0,90196.0,5123.0,51.0,251.462,2594962871.0
645.998,58.0,90196.0,5123.0,50.0,245.009,2595006804.0
646.098,23.0,90196.0,5123.0,49.0,235.076,2595024342.0
646.197,23.0,90196.0,5123.0,49.0,223.834,2595037470.0
646.299,0.0,90196.0,5123.0,48.0,211.846,2595050843.0
646.399,0.0,90196.0,5123.0,48.0,199.718,2595064195.0
646.498,0.0,90196.0,5123.0,48.0,189.176,2595077548.0
646.598,0.0,90196.0,5123.0,47.0,172.788,2595090829.0
646.698,0.0,90196.0,5123.0,51.0,188.283,2595119923.0
646.798,0.0,90196.0,5123.0,55.0,227.407,2595180164.0
646.898,89.0,90196.0,5123.0,57.0,267.529,2595241727.0
646.998,89.0,90196.0,5123.0,58.0,308.433,2595305312.0
647.098,89.0,90196.0,5123.0,59.0,351.792,2595364488.0
647.198,89.0,90196.0,5123.0,60.0,399.065,2595427799.0
647.298,89.0,90196.0,5123.0,61.0,449.603,2595489177.0
647.399,89.0,90196.0,5123.0,61.0,499.773,2595550299.0
647.499,90.0,90196.0,5123.0,62.0,546.936,2595616375.0
647.598,90.0,90196.0,5123.0,62.0,596.623,2595675171.0
647.698,90.0,90196.0,5123.0,62.0,596.623,2595739230.0
647.799,96.0,90196.0,5123.0,62.0,614.852,2595739230.0
647.899,96.0,90196.0,5123.0,60.0,587.165,2595774636.0
647.999,65.0,90196.0,5123.0,57.0,552.851,2595802834.0
648.099,65.0,90196.0,5123.0,56.0,519.55,2595861544.0
648.198,66.0,90196.0,5123.0,56.0,486.445,2595892863.0
648.299,66.0,90196.0,5123.0,55.0,453.23,2595922215.0
648.399,65.0,90196.0,5123.0,55.0,426.548,2595950819.0
648.499,65.0,90196.0,5123.0,54.0,359.331,2595978093.0
648.599,65.0,90196.0,5123.0,54.0,327.166,2596004403.0
648.698,65.0,90196.0,5123.0,53.0,293.315,2596033704.0
648.799,65.0,90196.0,5123.0,53.0,285.44,2596061022.0
648.899,66.0,90196.0,5123.0,53.0,287.264,2596090516.0
648.998,66.0,90196.0,5123.0,53.0,282.568,2596118494.0
649.098,65.0,90196.0,5123.0,53.0,283.963,2596146289.0
649.199,65.0,90196.0,5123.0,53.0,284.811,2596175687.0
649.298,66.0,90196.0,5123.0,53.0,282.421,2596204290.0
649.398,66.0,90196.0,5123.0,53.0,282.509,2596230863.0
649.498,65.0,90196.0,5123.0,53.0,284.399,2596260939.0
649.598,65.0,90196.0,5123.0,53.0,285.328,2596289614.0
649.697,65.0,90196.0,5123.0,53.0,281.866,2596316387.0
649.798,65.0,90196.0,5123.0,53.0,284.557,2596343964.0
649.897,65.0,90196.0,5123.0,53.0,283.124,2596373557.0
649.998,65.0,90196.0,5123.0,53.0,285.243,2596403276.0
650.099,65.0,90196.0,5123.0,53.0,285.243,2596433172.0
650.199,64.0,90196.0,5123.0,52.0,286.897,2596433172.0
650.298,64.0,90196.0,5123.0,52.0,284.849,2596462695.0
650.398,66.0,90196.0,5123.0,52.0,284.066,2596517966.0
650.498,66.0,90196.0,5123.0,52.0,287.268,2596547423.0
650.597,64.0,90196.0,5123.0,52.0,286.468,2596574815.0
650.699,64.0,90196.0,5123.0,52.0,284.381,2596601707.0
650.797,66.0,90196.0,5123.0,52.0,284.818,2596632404.0
650.899,66.0,90196.0,5123.0,52.0,287.275,2596659052.0
650.997,66.0,90196.0,5123.0,52.0,283.59,2596686485.0
651.098,66.0,90196.0,5123.0,52.0,283.033,2596714973.0
651.198,66.0,90196.0,5123.0,52.0,281.458,2596741424.0
651.297,66.0,90196.0,5123.0,52.0,277.825,2596770475.0
651.398,64.0,90196.0,5123.0,52.0,280.676,2596800306.0
651.499,64.0,90196.0,5123.0,52.0,279.865,2596827227.0
651.598,65.0,90196.0,5123.0,52.0,277.964,2596857275.0
651.698,65.0,90196.0,5123.0,52.0,280.825,2596883965.0
651.798,65.0,90196.0,5123.0,52.0,281.542,2596911489.0
651.898,65.0,90196.0,5123.0,52.0,278.792,2596937349.0
651.999,66.0,90196.0,5123.0,52.0,278.456,2596963769.0
652.099,66.0,90196.0,5123.0,52.0,275.921,2596990043.0
652.199,66.0,90196.0,5123.0,52.0,273.65,2597017243.0
652.299,66.0,90196.0,5123.0,52.0,275.334,2597044813.0
652.399,66.0,90196.0,5123.0,52.0,272.194,2597071742.0
652.499,66.0,90196.0,5123.0,52.0,270.074,2597099829.0
652.599,65.0,90196.0,5123.0,52.0,272.106,2597126418.0
652.699,65.0,90196.0,5123.0,52.0,269.246,2597154340.0
652.798,65.0,90196.0,5123.0,52.0,269.91,2597182589.0
652.898,65.0,90196.0,5123.0,52.0,270.167,2597182589.0
652.998,65.0,90196.0,5123.0,52.0,271.784,2597211295.0
653.098,65.0,90196.0,5123.0,52.0,272.566,2597266287.0
653.199,65.0,90196.0,5123.0,52.0,275.329,2597293618.0
653.299,65.0,90196.0,5123.0,52.0,274.057,2597320182.0
653.398,65.0,90196.0,5123.0,52.0,272.965,2597347198.0
653.498,65.0,90196.0,5123.0,52.0,275.159,2597375818.0
653.598,65.0,90196.0,5123.0,52.0,273.956,2597401919.0
653.697,65.0,90196.0,5123.0,52.0,273.698,2597430435.0
653.797,66.0,90196.0,5123.0,52.0,274.642,2597458013.0
653.897,66.0,90196.0,5123.0,52.0,272.534,2597485627.0
653.998,66.0,90196.0,5123.0,52.0,273.917,2597512547.0
654.097,65.0,90196.0,5123.0,52.0,271.564,2597540056.0
654.198,65.0,90196.0,5123.0,52.0,273.985,2597566750.0
654.298,64.0,90196.0,5123.0,52.0,277.432,2597595342.0
654.399,64.0,90196.0,5123.0,52.0,276.146,2597622739.0
654.498,65.0,90196.0,5123.0,52.0,275.944,2597648841.0
654.598,65.0,90196.0,5123.0,52.0,276.833,2597677734.0
654.699,66.0,90196.0,5123.0,52.0,275.89,2597703970.0
654.799,66.0,90196.0,5123.0,52.0,273.702,2597730878.0
654.898,65.0,90196.0,5123.0,52.0,269.965,2597756535.0
654.998,65.0,90196.0,5123.0,52.0,270.005,2597782696.0
655.099,64.0,90196.0,5123.0,52.0,272.155,2597810758.0
655.198,64.0,90196.0,5123.0,52.0,270.119,2597838998.0
655.298,62.0,90196.0,5123.0,51.0,267.837,2597863445.0
655.398,62.0,90196.0,5123.0,51.0,265.792,2597889079.0
655.499,62.0,90196.0,5123.0,51.0,266.489,2597915985.0
655.599,62.0,90196.0,5123.0,51.0,264.336,2597915985.0
655.699,62.0,90196.0,5123.0,51.0,264.556,2597942695.0
655.799,62.0,90196.0,5123.0,51.0,265.336,2597997591.0
655.898,61.0,90196.0,5123.0,51.0,269.059,2598025199.0
655.998,61.0,90196.0,5123.0,51.0,269.753,2598053519.0
656.098,61.0,90196.0,5123.0,51.0,266.189,2598077885.0
656.198,61.0,90196.0,5123.0,51.0,265.487,2598103491.0
656.299,61.0,90196.0,5123.0,51.0,267.098,2598130607.0
656.399,61.0,90196.0,5123.0,51.0,267.284,2598156403.0
656.498,61.0,90196.0,5123.0,51.0,263.304,2598180126.0
656.598,61.0,90196.0,5123.0,51.0,260.593,2598205870.0
656.699,62.0,90196.0,5123.0,51.0,257.374,2598228700.0
656.799,62.0,90196.0,5123.0,51.0,255.865,2598253774.0
656.899,61.0,90196.0,5123.0,51.0,251.029,2598278224.0
656.999,61.0,90196.0,5123.0,51.0,247.336,2598302087.0
657.098,57.0,90196.0,5123.0,50.0,244.597,2598323902.0
657.197,57.0,90196.0,5123.0,50.0,240.441,2598345859.0
657.298,53.0,90196.0,5123.0,50.0,232.148,2598367072.0
657.398,53.0,90196.0,5123.0,49.0,219.979,2598381929.0
657.498,0.0,90196.0,5123.0,48.0,210.095,2598395451.0
657.598,0.0,90196.0,5123.0,48.0,198.959,2598408990.0
657.698,0.0,90196.0,5123.0,48.0,189.102,2598422485.0
657.798,0.0,90196.0,5123.0,48.0,178.706,2598435889.0
657.898,2.0,90196.0,5123.0,47.0,179.76,2598449324.0
657.999,2.0,90196.0,5123.0,52.0,208.26,2598492072.0
658.099,100.0,90196.0,5123.0,56.0,250.956,2598553981.0
658.198,100.0,90196.0,5123.0,56.0,250.956,2598612402.0
658.299,100.0,90196.0,5123.0,58.0,287.943,2598612402.0
658.398,100.0,90196.0,5123.0,58.0,333.592,2598676604.0
658.498,100.0,90196.0,5123.0,59.0,377.407,2598734492.0
658.599,100.0,90196.0,5123.0,60.0,429.831,2598857850.0
658.698,100.0,90196.0,5123.0,61.0,467.654,2598921235.0
658.798,100.0,90196.0,5123.0,61.0,517.725,2598983001.0
658.898,100.0,90196.0,5123.0,62.0,570.647,2599042054.0
658.998,100.0,90196.0,5123.0,62.0,606.645,2599105877.0
659.098,100.0,90196.0,5123.0,63.0,603.676,2599133932.0
659.199,65.0,90196.0,5123.0,58.0,569.149,2599162272.0
659.298,65.0,90196.0,5123.0,57.0,538.888,2599193570.0
659.399,65.0,90196.0,5123.0,55.0,476.219,2599222034.0
659.499,65.0,90196.0,5123.0,54.0,435.603,2599249434.0
659.599,65.0,90196.0,5123.0,54.0,410.059,2599278274.0
659.699,66.0,90196.0,5123.0,54.0,368.829,2599304996.0
659.799,66.0,90196.0,5123.0,54.0,346.156,2599334684.0
659.898,65.0,90196.0,5123.0,53.0,305.783,2599363776.0
659.998,65.0,90196.0,5123.0,53.0,287.218,2599392103.0
660.099,64.0,90196.0,5123.0,53.0,289.879,2599422024.0
660.199,64.0,90196.0,5123.0,53.0,288.19,2599451068.0
660.299,66.0,90196.0,5123.0,53.0,287.902,2599479792.0
660.399,66.0,90196.0,5123.0,53.0,288.355,2599508752.0
660.499,66.0,90196.0,5123.0,53.0,288.757,2599535963.0
660.599,66.0,90196.0,5123.0,53.0,290.104,2599564810.0
660.699,66.0,90196.0,5123.0,53.0,290.344,2599594677.0
660.799,66.0,90196.0,5123.0,53.0,290.344,2599622217.0
660.899,66.0,90196.0,5123.0,53.0,285.764,2599622217.0
660.998,65.0,90196.0,5123.0,53.0,283.785,2599648997.0
661.098,65.0,90196.0,5123.0,53.0,282.837,2599705672.0
661.198,64.0,90196.0,5123.0,52.0,280.858,2599733624.0
661.298,64.0,90196.0,5123.0,52.0,279.575,2599760377.0
661.399,63.0,90196.0,5123.0,52.0,277.423,2599788586.0
661.499,63.0,90196.0,5123.0,52.0,276.507,2599818084.0
661.599,65.0,90196.0,5123.0,52.0,277.795,2599844546.0
661.697,65.0,90196.0,5123.0,52.0,276.298,2599873190.0
661.799,65.0,90196.0,5123.0,52.0,274.836,2599901144.0
661.915,65.0,90196.0,5123.0,52.0,275.471,2599929559.0
661.999,65.0,90196.0,5123.0,52.0,279.529,2599957745.0
662.099,65.0,90196.0,5123.0,52.0,280.157,2599987695.0
662.199,65.0,90196.0,5123.0,52.0,281.707,2600015728.0
662.299,65.0,90196.0,5123.0,52.0,282.88,2600044520.0
662.398,65.0,90196.0,5123.0,52.0,281.887,2600071883.0
662.498,65.0,90196.0,5123.0,52.0,283.753,2600100636.0
662.598,65.0,90196.0,5123.0,52.0,284.239,2600130437.0
662.698,65.0,90196.0,5123.0,52.0,287.52,2600160262.0
662.798,65.0,90196.0,5123.0,52.0,288.367,2600189919.0
662.899,64.0,90196.0,5123.0,52.0,287.699,2600217602.0
662.999,64.0,90196.0,5123.0,52.0,288.457,2600247106.0
663.099,65.0,90196.0,5123.0,52.0,286.95,2600272972.0
663.199,65.0,90196.0,5123.0,52.0,289.694,2600303273.0
663.299,65.0,90196.0,5123.0,52.0,288.919,2600333173.0
663.398,65.0,90196.0,5123.0,52.0,288.829,2600359797.0
663.497,65.0,90196.0,5123.0,52.0,285.923,2600359797.0
663.599,65.0,90196.0,5123.0,52.0,285.678,2600385483.0
663.698,65.0,90196.0,5123.0,52.0,284.585,2600441081.0
663.798,65.0,90196.0,5123.0,52.0,282.626,2600470755.0
663.897,65.0,90196.0,5123.0,52.0,280.557,2600497290.0
663.999,65.0,90196.0,5123.0,52.0,279.855,2600525930.0
664.098,64.0,90196.0,5123.0,52.0,280.059,2600552632.0
664.198,64.0,90196.0,5123.0,52.0,276.647,2600579746.0
664.299,66.0,90196.0,5123.0,52.0,277.638,2600608235.0
664.398,66.0,90196.0,5123.0,52.0,278.652,2600636121.0
664.499,66.0,90196.0,5123.0,52.0,281.249,2600665477.0
664.598,66.0,90196.0,5123.0,52.0,276.941,2600691462.0
664.698,66.0,90196.0,5123.0,52.0,278.604,2600718760.0
664.799,66.0,90196.0,5123.0,52.0,277.745,2600748061.0
664.898,65.0,90196.0,5123.0,52.0,279.578,2600775366.0
664.999,65.0,90196.0,5123.0,52.0,277.113,2600803607.0
665.099,66.0,90196.0,5123.0,52.0,277.458,2600830444.0
665.198,66.0,90196.0,5123.0,52.0,279.007,2600858082.0
665.298,65.0,90196.0,5123.0,52.0,275.576,2600885629.0
665.399,65.0,90196.0,5123.0,52.0,276.666,2600913241.0
665.498,65.0,90196.0,5123.0,52.0,275.863,2600940897.0
665.597,65.0,90196.0,5123.0,52.0,276.81,2600967117.0
665.698,64.0,90196.0,5123.0,52.0,273.269,2600994854.0
665.799,64.0,90196.0,5123.0,52.0,272.636,2601020498.0
665.898,65.0,90196.0,5123.0,52.0,272.684,2601048403.0
665.999,65.0,90196.0,5123.0,52.0,273.452,2601075170.0
666.098,65.0,90196.0,5123.0,52.0,273.452,2601102350.0
666.198,65.0,90196.0,5123.0,52.0,273.286,2601102350.0
666.298,65.0,90196.0,5123.0,52.0,272.804,2601131240.0
666.399,65.0,90196.0,5123.0,52.0,273.637,2601184244.0
666.498,65.0,90196.0,5123.0,52.0,270.157,2601211693.0
666.598,65.0,90196.0,5123.0,52.0,269.992,2601236705.0
666.698,65.0,90196.0,5123.0,52.0,270.614,2601263111.0
666.798,64.0,90196.0,5123.0,51.0,269.754,2601289545.0
666.898,64.0,90196.0,5123.0,51.0,268.937,2601315841.0
666.998,62.0,90196.0,5123.0,51.0,266.109,2601341397.0
667.099,62.0,90196.0,5123.0,51.0,264.584,2601366531.0
667.198,62.0,90196.0,5123.0,51.0,264.608,2601395447.0
667.298,62.0,90196.0,5123.0,51.0,263.041,2601422866.0
667.398,62.0,90196.0,5123.0,51.0,264.474,2601448981.0
667.499,62.0,90196.0,5123.0,51.0,266.195,2601475748.0
667.599,62.0,90196.0,5123.0,51.0,263.972,2601503637.0
667.699,61.0,90196.0,5123.0,51.0,263.663,2601528484.0
667.799,61.0,90196.0,5123.0,51.0,263.345,2601554066.0
667.899,61.0,90196.0,5123.0,51.0,264.559,2601580335.0
667.998,61.0,90196.0,5123.0,51.0,263.274,2601605221.0
668.099,62.0,90196.0,5123.0,51.0,260.879,2601629648.0
668.198,62.0,90196.0,5123.0,51.0,258.674,2601655586.0
668.298,60.0,90196.0,5123.0,51.0,255.6,2601679478.0
668.399,60.0,90196.0,5123.0,51.0,255.6,2601704998.0
668.498,60.0,90196.0,5123.0,51.0,255.476,2601704998.0
668.599,58.0,90196.0,5123.0,50.0,249.021,2601728648.0
668.698,58.0,90196.0,5123.0,49.0,239.242,2601761353.0
668.798,0.0,90196.0,5123.0,48.0,227.181,2601774642.0
668.899,0.0,90196.0,5123.0,48.0,215.399,2601788042.0
668.999,0.0,90196.0,5123.0,48.0,203.208,2601801424.0
669.098,0.0,90196.0,5123.0,48.0,191.078,2601814819.0
669.198,0.0,90196.0,5123.0,47.0,180.756,2601833035.0
669.297,0.0,90196.0,5123.0,53.0,186.147,2601884024.0
669.398,87.0,90196.0,5123.0,56.0,223.496,2601949103.0
669.499,87.0,90196.0,5123.0,56.0,265.08,2602007173.0
669.599,85.0,90196.0,5123.0,59.0,306.659,2602072539.0
669.698,85.0,90196.0,5123.0,57.0,349.569,2602130554.0
669.799,91.0,90196.0,5123.0,60.0,399.974,2602194415.0
669.899,90.0,90196.0,5123.0,59.0,502.763,2602254890.0
669.998,90.0,90196.0,5123.0,62.0,549.615,2602318166.0
670.099,91.0,90196.0,5123.0,62.0,599.679,2602376727.0
670.197,91.0,90196.0,5123.0,63.0,621.643,2602441199.0
670.298,90.0,90196.0,5123.0,59.0,602.857,2602501108.0
670.398,90.0,90196.0,5123.0,57.0,570.842,2602533696.0
670.498,65.0,90196.0,5123.0,56.0,537.614,2602562730.0
670.598,65.0,90196.0,5123.0,56.0,505.247,2602592673.0
670.699,65.0,90196.0,5123.0,55.0,473.148,2602592673.0
670.798,65.0,90196.0,5123.0,55.0,436.645,2602620501.0
670.898,65.0,90196.0,5123.0,54.0,405.844,2602649759.0
670.998,65.0,90196.0,5123.0,54.0,369.134,2602704626.0
671.098,64.0,90196.0,5123.0,54.0,337.436,2602731046.0
671.199,64.0,90196.0,5123.0,53.0,299.537,2602757019.0
671.299,65.0,90196.0,5123.0,53.0,279.206,2602784959.0
671.399,65.0,90196.0,5123.0,53.0,280.891,2602813507.0
671.499,65.0,90196.0,5123.0,53.0,281.708,2602843936.0
671.599,65.0,90196.0,5123.0,53.0,284.127,2602874075.0
671.699,66.0,90196.0,5123.0,53.0,285.51,2602903524.0
671.798,66.0,90196.0,5123.0,53.0,283.559,2602932222.0
671.898,65.0,90196.0,5123.0,53.0,286.876,2602961170.0
671.998,65.0,90196.0,5123.0,53.0,289.038,2602990688.0
672.097,65.0,90196.0,5123.0,53.0,293.278,2603020216.0
672.198,65.0,90196.0,5123.0,53.0,296.218,2603050116.0
672.296,65.0,90196.0,5123.0,53.0,296.411,2603079288.0
672.399,65.0,90196.0,5123.0,53.0,294.501,2603106060.0
672.498,65.0,90196.0,5123.0,52.0,291.744,2603134957.0
672.598,65.0,90196.0,5123.0,53.0,291.109,2603161749.0
672.699,65.0,90196.0,5123.0,52.0,287.916,2603192193.0
672.798,65.0,90196.0,5123.0,52.0,286.555,2603218901.0
672.899,66.0,90196.0,5123.0,52.0,283.09,2603246221.0
672.998,66.0,90196.0,5123.0,52.0,280.609,2603272087.0
673.098,65.0,90196.0,5123.0,52.0,276.095,2603298153.0
673.197,65.0,90196.0,5123.0,52.0,273.546,2603324526.0
673.298,65.0,90196.0,5123.0,52.0,276.33,2603351873.0
673.398,65.0,90196.0,5123.0,52.0,276.33,2603382357.0
673.498,65.0,90196.0,5123.0,52.0,278.485,2603382357.0
673.597,66.0,90196.0,5123.0,52.0,281.871,2603412242.0
673.698,66.0,90196.0,5123.0,52.0,281.76,2603471661.0
673.799,66.0,90196.0,5123.0,52.0,282.723,2603500532.0
673.899,66.0,90196.0,5123.0,52.0,283.937,2603528088.0
673.998,65.0,90196.0,5123.0,52.0,284.485,2603555832.0
674.098,65.0,90196.0,5123.0,52.0,285.909,2603585125.0
674.198,65.0,90196.0,5123.0,52.0,291.08,2603615422.0
674.298,65.0,90196.0,5123.0,52.0,295.643,2603646143.0
674.399,66.0,90196.0,5123.0,52.0,294.389,2603674493.0
674.498,66.0,90196.0,5123.0,52.0,291.024,2603701939.0
674.599,65.0,90196.0,5123.0,52.0,289.89,2603732569.0
674.699,65.0,90196.0,5123.0,52.0,291.885,2603763152.0
674.799,65.0,90196.0,5123.0,52.0,289.63,2603789599.0
674.899,65.0,90196.0,5123.0,52.0,288.798,2603817058.0
674.999,65.0,90196.0,5123.0,52.0,289.301,2603845152.0
675.098,65.0,90196.0,5123.0,52.0,289.54,2603871559.0
675.198,65.0,90196.0,5123.0,52.0,285.95,2603901132.0
675.298,65.0,90196.0,5123.0,52.0,282.202,2603929371.0
675.398,65.0,90196.0,5123.0,52.0,282.379,2603958396.0
675.511,65.0,90196.0,5123.0,52.0,284.307,2603986064.0
675.609,65.0,90196.0,5123.0,52.0,281.8,2604013112.0
675.702,65.0,90196.0,5123.0,52.0,278.002,2604041110.0
675.799,65.0,90196.0,5123.0,52.0,277.295,2604066872.0
675.898,65.0,90196.0,5123.0,52.0,275.931,2604094905.0
675.998,65.0,90196.0,5123.0,52.0,277.688,2604124102.0
676.098,65.0,90196.0,5123.0,52.0,276.701,2604124102.0
676.199,65.0,90196.0,5123.0,52.0,277.799,2604150921.0
676.297,65.0,90196.0,5123.0,52.0,277.328,2604178961.0
676.399,66.0,90196.0,5123.0,52.0,275.959,2604234569.0
676.497,66.0,90196.0,5123.0,52.0,273.713,2604261077.0
676.599,66.0,90196.0,5123.0,52.0,274.884,2604289349.0
676.698,66.0,90196.0,5123.0,52.0,274.212,2604316495.0
676.799,66.0,90196.0,5123.0,52.0,274.624,2604342900.0
676.899,66.0,90196.0,5123.0,52.0,274.67,2604368864.0
676.998,64.0,90196.0,5123.0,52.0,272.801,2604397626.0
677.097,64.0,90196.0,5123.0,52.0,274.221,2604426717.0
677.199,65.0,90196.0,5123.0,52.0,272.553,2604454151.0
677.299,65.0,90196.0,5123.0,52.0,273.373,2604481230.0
677.398,65.0,90196.0,5123.0,52.0,273.054,2604508087.0
677.499,65.0,90196.0,5123.0,52.0,273.19,2604536195.0
677.599,65.0,90196.0,5123.0,52.0,273.803,2604563643.0
677.698,65.0,90196.0,5123.0,52.0,273.935,2604590984.0
677.799,61.0,90196.0,5123.0,52.0,272.776,2604617299.0
677.898,61.0,90196.0,5123.0,51.0,273.092,2604641658.0
677.999,61.0,90196.0,5123.0,51.0,271.153,2604668832.0
678.099,61.0,90196.0,5123.0,51.0,270.317,2604694974.0
678.199,62.0,90196.0,5123.0,51.0,268.836,2604721544.0
678.299,62.0,90196.0,5123.0,51.0,267.111,2604745771.0
678.399,62.0,90196.0,5123.0,51.0,264.178,2604769811.0
678.499,62.0,90196.0,5123.0,51.0,261.001,2604796013.0
678.599,61.0,90196.0,5123.0,51.0,258.733,2604820036.0
678.697,61.0,90196.0,5123.0,51.0,256.044,2604820036.0
678.799,62.0,90196.0,5123.0,51.0,254.733,2604844413.0
678.898,62.0,90196.0,5123.0,51.0,255.772,2604895891.0
678.999,62.0,90196.0,5123.0,51.0,253.51,2604919105.0
679.099,62.0,90196.0,5123.0,51.0,251.687,2604944797.0
679.199,61.0,90196.0,5123.0,51.0,251.624,2604970905.0
679.298,61.0,90196.0,5123.0,51.0,251.069,2604994655.0
679.399,61.0,90196.0,5123.0,51.0,252.676,2605021378.0
679.498,61.0,90196.0,5123.0,51.0,252.286,2605045464.0
679.599,61.0,90196.0,5123.0,51.0,252.621,2605071370.0
679.699,61.0,90196.0,5123.0,50.0,252.867,2605094290.0
679.798,61.0,90196.0,5123.0,50.0,249.523,2605117614.0
679.898,61.0,90196.0,5123.0,50.0,244.417,2605138079.0
679.998,44.0,90196.0,5123.0,49.0,237.462,2605151997.0
680.098,44.0,90196.0,5123.0,48.0,225.324,2605165484.0
680.199,0.0,90196.0,5123.0,48.0,214.028,2605178858.0
680.298,0.0,90196.0,5123.0,48.0,201.35,2605192228.0
680.398,0.0,90196.0,5123.0,47.0,187.863,2605205675.0
680.498,0.0,90196.0,5123.0,47.0,177.607,2605224081.0
680.597,30.0,90196.0,5123.0,53.0,234.622,2605276730.0
680.698,100.0,90196.0,5123.0,56.0,266.273,2605345572.0
680.797,100.0,90196.0,5123.0,59.0,309.21,2605398955.0
680.898,100.0,90196.0,5123.0,57.0,348.12,2605463255.0
680.999,100.0,90196.0,5123.0,60.0,402.143,2605522427.0
681.098,100.0,90196.0,5123.0,60.0,402.143,2605586149.0
681.199,100.0,90196.0,5123.0,59.0,450.58,2605586149.0
681.299,100.0,90196.0,5123.0,61.0,501.382,2605647641.0
681.399,100.0,90196.0,5123.0,62.0,538.749,2605712576.0
681.498,100.0,90196.0,5123.0,62.0,587.438,2605834968.0
681.598,100.0,90196.0,5123.0,63.0,619.515,2605885466.0
681.698,100.0,90196.0,5123.0,58.0,586.836,2605915440.0
681.798,65.0,90196.0,5123.0,57.0,557.303,2605945072.0
681.899,65.0,90196.0,5123.0,56.0,524.444,2605972605.0
681.998,65.0,90196.0,5123.0,55.0,491.231,2605999653.0
682.099,65.0,90196.0,5123.0,55.0,457.914,2606030593.0
682.198,65.0,90196.0,5123.0,54.0,423.348,2606060958.0
682.299,65.0,90196.0,5123.0,54.0,394.452,2606091376.0
682.399,65.0,90196.0,5123.0,54.0,362.261,2606121674.0
682.499,65.0,90196.0,5123.0,54.0,335.236,2606151259.0
682.599,65.0,90196.0,5123.0,53.0,300.181,2606179526.0
682.699,65.0,90196.0,5123.0,53.0,291.183,2606207395.0
682.798,66.0,90196.0,5123.0,53.0,288.605,2606234694.0
682.898,66.0,90196.0,5123.0,53.0,288.724,2606263998.0
682.998,64.0,90196.0,5123.0,53.0,291.694,2606292739.0
683.098,65.0,90196.0,5123.0,53.0,287.097,2606320574.0
683.198,65.0,90196.0,5123.0,53.0,285.652,2606348310.0
683.298,66.0,90196.0,5123.0,53.0,282.181,2606375160.0
683.398,66.0,90196.0,5123.0,53.0,279.586,2606403699.0
683.498,66.0,90196.0,5123.0,53.0,280.122,2606432576.0
683.599,66.0,90196.0,5123.0,53.0,278.412,2606460296.0
683.698,64.0,90196.0,5123.0,53.0,280.724,2606460296.0
683.799,64.0,90196.0,5123.0,52.0,280.231,2606486250.0
683.898,64.0,90196.0,5123.0,52.0,280.118,2606547069.0
683.999,64.0,90196.0,5123.0,52.0,280.026,2606572949.0
684.098,65.0,90196.0,5123.0,52.0,281.261,2606602192.0
684.199,65.0,90196.0,5123.0,52.0,282.734,2606629870.0
684.298,65.0,90196.0,5123.0,52.0,283.098,2606659548.0
684.399,65.0,90196.0,5123.0,52.0,283.568,2606686319.0
684.498,65.0,90196.0,5123.0,52.0,286.237,2606716866.0
684.598,65.0,90196.0,5123.0,52.0,289.967,2606746572.0
684.699,65.0,90196.0,5123.0,52.0,289.333,2606776107.0
684.798,65.0,90196.0,5123.0,52.0,287.892,2606803140.0
684.897,65.0,90196.0,5123.0,52.0,286.725,2606829872.0
684.997,65.0,90196.0,5123.0,52.0,284.678,2606857225.0
685.097,66.0,90196.0,5123.0,52.0,285.809,2606884210.0
685.198,66.0,90196.0,5123.0,52.0,282.791,2606913062.0
685.299,66.0,90196.0,5123.0,52.0,283.18,2606940187.0
685.399,66.0,90196.0,5123.0,52.0,280.977,2606967855.0
685.499,66.0,90196.0,5123.0,52.0,276.754,2606994836.0
685.599,66.0,90196.0,5123.0,52.0,272.932,2607022606.0
685.699,66.0,90196.0,5123.0,52.0,271.009,2607048143.0
685.799,66.0,90196.0,5123.0,52.0,271.154,2607074422.0
685.897,65.0,90196.0,5123.0,52.0,270.655,2607101525.0
685.998,65.0,90196.0,5123.0,52.0,272.781,2607128334.0
686.097,66.0,90196.0,5123.0,52.0,271.832,2607156081.0
686.198,66.0,90196.0,5123.0,52.0,275.518,2607185816.0
686.298,66.0,90196.0,5123.0,52.0,275.518,2607215721.0
686.399,65.0,90196.0,5123.0,52.0,275.26,2607215721.0
686.499,65.0,90196.0,5123.0,52.0,274.967,2607243287.0
686.598,65.0,90196.0,5123.0,52.0,276.904,2607298575.0
686.699,65.0,90196.0,5123.0,52.0,279.588,2607325978.0
686.798,65.0,90196.0,5123.0,52.0,279.941,2607352080.0
686.898,65.0,90196.0,5123.0,52.0,278.717,2607379217.0
686.998,65.0,90196.0,5123.0,52.0,280.334,2607408271.0
687.098,65.0,90196.0,5123.0,52.0,281.495,2607436393.0
687.198,66.0,90196.0,5123.0,52.0,282.523,2607466111.0
687.298,66.0,90196.0,5123.0,52.0,280.783,2607494016.0
687.399,65.0,90196.0,5123.0,52.0,278.344,2607520552.0
687.498,65.0,90196.0,5123.0,52.0,276.78,2607547093.0
687.598,65.0,90196.0,5123.0,52.0,275.42,2607573919.0
687.698,65.0,90196.0,5123.0,52.0,272.947,2607600242.0
687.798,65.0,90196.0,5123.0,52.0,276.24,2607629682.0
687.898,65.0,90196.0,5123.0,52.0,278.606,2607658712.0
687.999,64.0,90196.0,5123.0,52.0,279.752,2607687641.0
688.098,64.0,90196.0,5123.0,52.0,278.605,2607714169.0
688.199,65.0,90196.0,5123.0,52.0,275.723,2607741210.0
688.298,65.0,90196.0,5123.0,52.0,274.609,2607769145.0
688.398,65.0,90196.0,5123.0,52.0,274.754,2607796263.0
688.499,65.0,90196.0,5123.0,52.0,277.318,2607823599.0
688.599,65.0,90196.0,5123.0,52.0,279.249,2607852025.0
688.698,65.0,90196.0,5123.0,52.0,278.078,2607879691.0
688.798,65.0,90196.0,5123.0,52.0,277.981,2607907776.0
688.898,65.0,90196.0,5123.0,52.0,276.621,2607935703.0
688.998,65.0,90196.0,5123.0,52.0,276.621,2607963755.0
689.098,65.0,90196.0,5123.0,52.0,276.767,2607963755.0
689.198,62.0,90196.0,5123.0,52.0,276.341,2608019193.0
689.299,62.0,90196.0,5123.0,52.0,276.811,2608046820.0
689.399,62.0,90196.0,5123.0,51.0,278.281,2608073476.0
689.499,62.0,90196.0,5123.0,51.0,276.436,2608098202.0
689.597,62.0,90196.0,5123.0,51.0,270.588,2608123427.0
689.697,62.0,90196.0,5123.0,51.0,269.793,2608148994.0
689.798,60.0,90196.0,5123.0,51.0,268.504,2608176018.0
689.898,60.0,90196.0,5123.0,51.0,266.554,2608201788.0
689.998,61.0,90196.0,5123.0,51.0,262.545,2608226993.0
690.098,61.0,90196.0,5123.0,51.0,259.494,2608253414.0
690.198,61.0,90196.0,5123.0,51.0,259.31,2608278538.0
690.299,61.0,90196.0,5123.0,51.0,254.213,2608301188.0
690.399,60.0,90196.0,5123.0,51.0,250.314,2608324946.0
690.499,60.0,90196.0,5123.0,51.0,248.563,2608348831.0
690.599,62.0,90196.0,5123.0,51.0,247.575,2608372517.0
690.698,62.0,90196.0,5123.0,51.0,245.107,2608396380.0
690.799,61.0,90196.0,5123.0,51.0,242.603,2608419961.0
690.899,61.0,90196.0,5123.0,51.0,241.184,2608445404.0
690.998,59.0,90196.0,5123.0,50.0,240.499,2608468073.0
691.099,59.0,90196.0,5123.0,50.0,236.295,2608489576.0
691.199,55.0,90196.0,5123.0,50.0,230.655,2608509416.0
691.298,55.0,90196.0,5123.0,49.0,221.585,2608522791.0
691.398,0.0,90196.0,5123.0,48.0,211.401,2608536155.0
691.498,0.0,90196.0,5123.0,48.0,201.959,2608549557.0
691.597,0.0,90196.0,5123.0,48.0,191.831,2608562895.0
691.698,0.0,90196.0,5123.0,47.0,181.607,2608562895.0
691.797,22.0,90196.0,5123.0,52.0,202.431,2608578069.0
691.899,22.0,90196.0,5123.0,56.0,242.552,2608628144.0
691.998,100.0,90196.0,5123.0,56.0,273.172,2608748225.0
692.098,100.0,90196.0,5123.0,58.0,315.367,2608810793.0
692.199,100.0,90196.0,5123.0,57.0,353.317,2608870118.0
692.298,100.0,90196.0,5123.0,60.0,402.166,2608932781.0
692.398,100.0,90196.0,5123.0,60.0,448.995,2608993729.0
692.498,100.0,90196.0,5123.0,61.0,498.451,2609057189.0
692.598,100.0,90196.0,5123.0,62.0,536.072,2609113335.0
692.699,100.0,90196.0,5123.0,57.0,553.703,2609143282.0
692.797,64.0,90196.0,5123.0,56.0,544.201,2609169591.0
692.898,64.0,90196.0,5123.0,55.0,507.395,2609197170.0
692.999,63.0,90196.0,5123.0,54.0,483.408,2609224481.0
693.099,63.0,90196.0,5123.0,54.0,443.692,2609253452.0
693.199,65.0,90196.0,5123.0,54.0,415.26,2609278301.0
693.299,65.0,90196.0,5123.0,53.0,379.955,2609305404.0
693.399,65.0,90196.0,5123.0,53.0,342.448,2609333011.0
693.498,65.0,90196.0,5123.0,53.0,313.755,2609359529.0
693.599,65.0,90196.0,5123.0,53.0,279.226,2609385287.0
693.699,65.0,90196.0,5123.0,52.0,268.975,2609411139.0
693.799,64.0,90196.0,5123.0,52.0,267.652,2609436091.0
693.898,65.0,90196.0,5123.0,52.0,264.211,2609461948.0
693.998,65.0,90196.0,5123.0,52.0,264.189,2609488679.0
694.098,65.0,90196.0,5123.0,52.0,265.965,2609515133.0
694.198,65.0,90196.0,5123.0,52.0,265.965,2609541510.0
694.299,65.0,90196.0,5123.0,52.0,263.472,2609541510.0
694.399,65.0,90196.0,5123.0,52.0,261.272,2609567554.0
694.499,65.0,90196.0,5123.0,52.0,261.323,2609620700.0
694.599,65.0,90196.0,5123.0,52.0,259.943,2609645621.0
694.699,65.0,90196.0,5123.0,52.0,260.145,2609671874.0
694.799,64.0,90196.0,5123.0,52.0,260.929,2609698711.0
694.898,64.0,90196.0,5123.0,52.0,260.243,2609723944.0
694.999,64.0,90196.0,5123.0,52.0,260.701,2609750724.0
695.099,64.0,90196.0,5123.0,52.0,260.959,2609777897.0
695.199,64.0,90196.0,5123.0,52.0,259.229,2609803317.0
695.298,64.0,90196.0,5123.0,52.0,259.778,2609829601.0
695.398,62.0,90196.0,5123.0,52.0,261.392,2609855409.0
695.498,62.0,90196.0,5123.0,52.0,261.181,2609881980.0
695.599,65.0,90196.0,5123.0,52.0,262.851,2609908735.0
695.698,65.0,90196.0,5123.0,51.0,264.206,2609935821.0
695.799,64.0,90196.0,5123.0,52.0,264.418,2609962071.0
695.899,64.0,90196.0,5123.0,52.0,265.617,2609989486.0
695.997,65.0,90196.0,5123.0,51.0,265.997,2610015725.0
696.099,65.0,90196.0,5123.0,52.0,266.244,2610043563.0
696.199,63.0,90196.0,5123.0,52.0,266.667,2610069915.0
696.297,63.0,90196.0,5123.0,51.0,268.099,2610097007.0
696.399,65.0,90196.0,5123.0,51.0,267.284,2610122962.0
696.498,65.0,90196.0,5123.0,51.0,266.963,2610149132.0
696.599,65.0,90196.0,5123.0,51.0,265.992,2610175318.0
696.699,65.0,90196.0,5123.0,51.0,264.127,2610201010.0
696.799,65.0,90196.0,5123.0,51.0,264.916,2610227384.0
696.898,65.0,90196.0,5123.0,51.0,264.916,2610255382.0
696.998,64.0,90196.0,5123.0,51.0,266.772,2610255382.0
697.098,64.0,90196.0,5123.0,51.0,265.869,2610283142.0
697.198,62.0,90196.0,5123.0,51.0,266.052,2610336395.0
697.299,62.0,90196.0,5123.0,51.0,266.537,2610364075.0
697.398,62.0,90196.0,5123.0,51.0,267.142,2610391273.0
697.498,62.0,90196.0,5123.0,51.0,266.418,2610416837.0
697.599,62.0,90196.0,5123.0,51.0,267.636,2610444381.0
697.698,62.0,90196.0,5123.0,51.0,268.392,2610470709.0
697.799,61.0,90196.0,5123.0,51.0,267.973,2610496785.0
697.898,61.0,90196.0,5123.0,51.0,266.075,2610522720.0
697.998,62.0,90196.0,5123.0,51.0,264.802,2610549873.0
698.098,62.0,90196.0,5123.0,51.0,265.765,2610576742.0
698.199,62.0,90196.0,5123.0,51.0,265.518,2610603382.0
698.298,62.0,90196.0,5123.0,51.0,264.209,2610629114.0
698.398,62.0,90196.0,5123.0,51.0,264.254,2610656587.0
698.498,62.0,90196.0,5123.0,51.0,267.433,2610684283.0
698.598,60.0,90196.0,5123.0,51.0,266.411,2610711221.0
698.698,60.0,90196.0,5123.0,51.0,264.549,2610734675.0
698.799,60.0,90196.0,5123.0,51.0,266.872,2610763343.0
698.899,60.0,90196.0,5123.0,51.0,269.057,2610791147.0
698.999,62.0,90196.0,5123.0,51.0,267.745,2610817208.0
699.099,62.0,90196.0,5123.0,51.0,267.233,2610844004.0
699.198,62.0,90196.0,5123.0,51.0,269.197,2610871959.0
699.299,62.0,90196.0,5123.0,51.0,268.897,2610896222.0
699.398,61.0,90196.0,5123.0,51.0,268.069,2610922885.0
699.499,61.0,90196.0,5123.0,51.0,268.069,2610950143.0
699.599,62.0,90196.0,5123.0,51.0,268.945,2610950143.0
699.698,62.0,90196.0,5123.0,51.0,270.162,2610977543.0
699.798,62.0,90196.0,5123.0,51.0,265.304,2611026936.0
699.899,62.0,90196.0,5123.0,51.0,264.093,2611051934.0
699.999,60.0,90196.0,5123.0,51.0,263.583,2611079067.0
700.099,60.0,90196.0,5123.0,51.0,263.585,2611104635.0
700.198,61.0,90196.0,5123.0,51.0,259.766,2611129100.0
700.299,61.0,90196.0,5123.0,51.0,258.028,2611152832.0
700.399,61.0,90196.0,5123.0,51.0,258.094,2611179130.0
700.498,61.0,90196.0,5123.0,51.0,255.606,2611204579.0
700.598,61.0,90196.0,5123.0,51.0,253.39,2611230228.0
700.698,61.0,90196.0,5123.0,51.0,254.039,2611257610.0
700.798,62.0,90196.0,5123.0,51.0,256.232,2611283686.0
700.899,62.0,90196.0,5123.0,51.0,253.923,2611306692.0
700.998,61.0,90196.0,5123.0,51.0,251.983,2611330256.0
701.098,61.0,90196.0,5123.0,51.0,250.047,2611355703.0
701.197,61.0,90196.0,5123.0,50.0,250.159,2611380184.0
701.299,61.0,90196.0,5123.0,50.0,248.598,2611401959.0
701.398,59.0,90196.0,5123.0,50.0,243.73,2611424125.0
701.499,59.0,90196.0,5123.0,50.0,241.325,2611446368.0
701.599,59.0,90196.0,5123.0,50.0,240.485,2611470201.0
701.698,59.0,90196.0,5123.0,50.0,237.692,2611493859.0
701.799,57.0,90196.0,5123.0,50.0,234.155,2611516705.0
701.899,57.0,90196.0,5123.0,50.0,233.539,2611539179.0
701.998,58.0,90196.0,5123.0,50.0,233.085,2611562672.0
702.099,58.0,90196.0,5123.0,50.0,229.57,2611582178.0
702.198,52.0,90196.0,5123.0,49.0,218.348,2611596342.0
702.298,52.0,90196.0,5123.0,48.0,210.398,2611596342.0
702.398,0.0,90196.0,5123.0,48.0,202.179,2611609820.0
702.499,0.0,90196.0,5123.0,48.0,193.316,2611623342.0
702.597,0.0,90196.0,5123.0,47.0,182.552,2611650323.0
702.699,0.0,90196.0,5123.0,47.0,171.71,2611663808.0
702.799,0.0,90196.0,5123.0,47.0,162.566,2611677216.0
702.898,0.0,90196.0,5123.0,47.0,153.97,2611690513.0
702.999,0.0,90196.0,5123.0,47.0,144.216,2611703857.0
703.099,0.0,90196.0,5123.0,47.0,135.746,2611717208.0
703.199,0.0,90196.0,5123.0,47.0,134.276,2611730528.0
703.298,0.0,90196.0,5123.0,47.0,134.092,2611743789.0
703.399,0.0,90196.0,5123.0,47.0,133.795,2611757017.0
703.499,0.0,90196.0,5123.0,46.0,133.583,2611770347.0
703.599,0.0,90196.0,5123.0,46.0,133.411,2611783656.0
703.699,0.0,90196.0,5123.0,46.0,133.26,2611796964.0
703.798,0.0,90196.0,5123.0,46.0,133.096,2611810225.0
703.898,0.0,90196.0,5123.0,46.0,133.03,2611823466.0
703.998,0.0,90196.0,5123.0,46.0,132.989,2611836743.0
704.099,0.0,90196.0,5123.0,46.0,132.877,2611849977.0
704.199,0.0,90196.0,5123.0,46.0,132.778,2611863221.0
704.299,0.0,90196.0,5123.0,46.0,132.714,2611876467.0
704.398,0.0,90196.0,5123.0,46.0,132.706,2611889663.0
704.499,0.0,90196.0,5123.0,46.0,132.678,2611902957.0
704.599,0.0,90196.0,5123.0,46.0,132.594,2611916158.0
704.699,0.0,90196.0,5123.0,46.0,132.458,2611929369.0
704.799,0.0,90196.0,5123.0,46.0,132.419,2611942645.0
704.899,0.0,90196.0,5123.0,46.0,132.546,2611955953.0
704.999,0.0,90196.0,5123.0,46.0,132.546,2611969206.0
705.098,0.0,90196.0,5123.0,46.0,132.496,2611969206.0
705.199,0.0,90196.0,5123.0,46.0,132.441,2611982384.0
705.299,0.0,90196.0,5123.0,46.0,132.447,2611995618.0
705.398,0.0,90196.0,5123.0,46.0,132.496,2612022079.0
705.499,0.0,90196.0,5123.0,46.0,132.43,2612035326.0
705.599,0.0,90196.0,5123.0,46.0,132.49,2612048577.0
705.699,0.0,90196.0,5123.0,46.0,132.526,2612061821.0
705.799,0.0,90196.0,5123.0,46.0,132.552,2612075105.0
705.899,0.0,90196.0,5123.0,46.0,132.409,2612088273.0
705.999,0.0,90196.0,5123.0,46.0,132.359,2612101480.0
706.098,0.0,90196.0,5123.0,46.0,132.37,2612114677.0
706.199,0.0,90196.0,5123.0,46.0,132.38,2612127891.0
706.299,0.0,90196.0,5123.0,46.0,132.374,2612141155.0
706.398,0.0,90196.0,5123.0,46.0,132.381,2612154383.0
706.498,0.0,90196.0,5123.0,46.0,132.361,2612167573.0
706.598,0.0,90196.0,5123.0,46.0,132.268,2612180729.0
706.699,0.0,90196.0,5123.0,46.0,132.255,2612193928.0
706.799,0.0,90196.0,5123.0,46.0,132.286,2612207241.0
706.899,0.0,90196.0,5123.0,46.0,132.36,2612220517.0
706.999,0.0,90196.0,5123.0,46.0,132.434,2612233792.0
707.099,0.0,90196.0,5123.0,46.0,132.462,2612247003.0
707.198,0.0,90196.0,5123.0,46.0,132.488,2612260246.0
707.298,0.0,90196.0,5123.0,46.0,132.521,2612273506.0
707.399,0.0,90196.0,5123.0,46.0,132.474,2612286750.0
707.499,0.0,90196.0,5123.0,46.0,132.504,2612299942.0
707.599,0.0,90196.0,5123.0,46.0,132.519,2612313155.0
707.699,0.0,90196.0,5123.0,46.0,132.526,2612326391.0
707.799,0.0,90196.0,5123.0,46.0,132.452,2612339597.0
707.899,0.0,90196.0,5123.0,46.0,132.436,2612352861.0
707.998,0.0,90196.0,5123.0,46.0,132.383,2612366042.0
708.099,0.0,90196.0,5123.0,46.0,132.383,2612379271.0
708.199,0.0,90196.0,5123.0,46.0,132.341,2612379271.0
708.299,0.0,90196.0,5123.0,46.0,132.348,2612392505.0
708.399,0.0,90196.0,5123.0,46.0,132.293,2612405685.0
708.499,0.0,90196.0,5123.0,46.0,132.281,2612432145.0
708.598,0.0,90196.0,5123.0,46.0,132.257,2612445297.0
708.699,0.0,90196.0,5123.0,46.0,132.25,2612458494.0
708.798,0.0,90196.0,5123.0,46.0,132.224,2612471674.0
708.898,0.0,90196.0,5123.0,46.0,132.162,2612484876.0
708.999,0.0,90196.0,5123.0,46.0,132.204,2612498156.0
709.098,0.0,90196.0,5123.0,46.0,132.179,2612511359.0
709.199,0.0,90196.0,5123.0,46.0,132.171,2612524602.0
709.299,0.0,90196.0,5123.0,46.0,132.194,2612537805.0
709.399,0.0,90196.0,5123.0,46.0,132.263,2612551056.0
709.499,0.0,90196.0,5123.0,46.0,132.166,2612564225.0
709.599,0.0,90196.0,5123.0,46.0,132.199,2612577413.0
709.699,0.0,90196.0,5123.0,46.0,132.218,2612590627.0
709.799,0.0,90196.0,5123.0,46.0,132.306,2612603889.0
709.899,0.0,90196.0,5123.0,46.0,132.366,2612617161.0
709.998,0.0,90196.0,5123.0,46.0,132.372,2612630392.0
710.099,0.0,90196.0,5123.0,46.0,132.366,2612643559.0
710.199,0.0,90196.0,5123.0,46.0,132.288,2612656763.0
710.299,0.0,90196.0,5123.0,46.0,132.178,2612669941.0
710.399,0.0,90196.0,5123.0,46.0,132.137,2612683100.0
710.499,0.0,90196.0,5123.0,46.0,132.143,2612696300.0
710.598,0.0,90196.0,5123.0,46.0,132.194,2612709533.0
710.698,0.0,90196.0,5123.0,46.0,132.217,2612722783.0
710.799,0.0,90196.0,5123.0,46.0,132.201,2612736035.0
710.899,0.0,90196.0,5123.0,46.0,132.152,2612749255.0
710.998,0.0,90196.0,5123.0,46.0,132.152,2612762434.0
711.098,0.0,90196.0,5123.0,46.0,132.075,2612762434.0
711.198,0.0,90196.0,5123.0,46.0,132.086,2612775609.0
711.299,0.0,90196.0,5123.0,46.0,132.2,2612788855.0
711.399,0.0,90196.0,5123.0,46.0,132.217,2612815241.0
711.498,0.0,90196.0,5123.0,46.0,132.215,2612828441.0
711.598,0.0,90196.0,5123.0,46.0,132.223,2612841672.0
711.699,0.0,90196.0,5123.0,46.0,132.17,2612854846.0
711.799,0.0,90196.0,5123.0,46.0,132.145,2612868046.0
711.898,0.0,90196.0,5123.0,46.0,132.075,2612881223.0
711.999,0.0,90196.0,5123.0,46.0,132.015,2612894337.0
712.099,0.0,90196.0,5123.0,46.0,131.998,2612907472.0
712.198,0.0,90196.0,5123.0,46.0,131.945,2612920623.0
712.299,0.0,90196.0,5123.0,46.0,131.906,2612933806.0
712.399,0.0,90196.0,5123.0,46.0,131.904,2612947027.0
712.499,0.0,90196.0,5123.0,46.0,131.86,2612960188.0
712.599,0.0,90196.0,5123.0,46.0,131.806,2612973358.0
712.699,0.0,90196.0,5123.0,46.0,131.84,2612986545.0
712.799,0.0,90196.0,5123.0,46.0,131.817,2612999747.0
712.899,0.0,90196.0,5123.0,46.0,131.87,2613012979.0
712.999,0.0,90196.0,5123.0,46.0,131.934,2613026179.0
713.098,0.0,90196.0,5123.0,46.0,132.005,2613039369.0
713.199,0.0,90196.0,5123.0,46.0,132.034,2613052578.0
713.299,0.0,90196.0,5123.0,46.0,132.039,2613065778.0
713.399,0.0,90196.0,5123.0,46.0,132.041,2613078975.0
713.499,0.0,90196.0,5123.0,46.0,132.054,2613092156.0
713.599,0.0,90196.0,5123.0,46.0,132.064,2613105328.0
713.699,0.0,90196.0,5123.0,46.0,132.102,2613118567.0
713.799,0.0,90196.0,5123.0,46.0,132.072,2613131729.0
713.899,0.0,90196.0,5123.0,46.0,132.019,2613144890.0
713.999,0.0,90196.0,5123.0,46.0,132.072,2613144890.0
714.099,0.0,90196.0,5123.0,46.0,132.085,2613158129.0
714.198,0.0,90196.0,5123.0,46.0,132.085,2613171335.0
714.298,0.0,90196.0,5123.0,46.0,132.08,2613197722.0
714.398,0.0,90196.0,5123.0,46.0,132.016,2613210869.0
714.499,0.0,90196.0,5123.0,46.0,132.001,2613224036.0
714.598,0.0,90196.0,5123.0,46.0,131.951,2613237189.0
714.698,0.0,90196.0,5123.0,46.0,131.938,2613250391.0
714.798,0.0,90196.0,5123.0,46.0,131.886,2613263539.0
714.898,0.0,90196.0,5123.0,46.0,131.911,2613276743.0
714.999,0.0,90196.0,5123.0,46.0,131.921,2613289976.0
715.099,0.0,90196.0,5123.0,46.0,131.857,2613303150.0
715.199,0.0,90196.0,5123.0,46.0,131.856,2613316343.0
715.299,0.0,90196.0,5123.0,46.0,131.836,2613329500.0
715.398,0.0,90196.0,5123.0,46.0,131.845,2613342687.0
715.498,0.0,90196.0,5123.0,46.0,131.918,2613355911.0
715.599,0.0,90196.0,5123.0,46.0,131.977,2613369111.0
715.699,0.0,90196.0,5123.0,46.0,131.95,2613382298.0
715.798,0.0,90196.0,5123.0,46.0,131.971,2613395462.0
715.898,0.0,90196.0,5123.0,46.0,131.995,2613408681.0
715.998,0.0,90196.0,5123.0,46.0,131.944,2613421871.0
716.099,0.0,90196.0,5123.0,46.0,131.956,2613435063.0
716.199,0.0,90196.0,5123.0,46.0,131.941,2613448236.0
716.299,0.0,90196.0,5123.0,46.0,131.997,2613461438.0
716.398,0.0,90196.0,5123.0,46.0,132.028,2613474651.0
716.498,0.0,90196.0,5123.0,46.0,131.975,2613487822.0
716.599,0.0,90196.0,5123.0,46.0,131.986,2613501051.0
716.698,0.0,90196.0,5123.0,46.0,132.07,2613514310.0
716.799,0.0,90196.0,5123.0,46.0,132.072,2613527480.0
716.899,0.0,90196.0,5123.0,46.0,132.004,2613540608.0
716.998,0.0,90196.0,5123.0,46.0,132.004,2613553791.0
717.099,0.0,90196.0,5123.0,46.0,132.006,2613553791.0
717.199,0.0,90196.0,5123.0,46.0,132.015,2613567011.0
717.299,0.0,90196.0,5123.0,46.0,132.033,2613580204.0
717.398,0.0,90196.0,5123.0,46.0,131.99,2613606537.0
717.499,0.0,90196.0,5123.0,46.0,131.968,2613619707.0
717.599,0.0,90196.0,5123.0,46.0,131.956,2613632915.0
717.698,0.0,90196.0,5123.0,46.0,131.89,2613646098.0
717.798,0.0,90196.0,5123.0,46.0,131.907,2613659264.0
717.898,0.0,90196.0,5123.0,46.0,131.938,2613672445.0
717.999,0.0,90196.0,5123.0,46.0,131.952,2613685646.0
718.099,0.0,90196.0,5123.0,46.0,131.929,2613698819.0
718.199,0.0,90196.0,5123.0,46.0,131.919,2613712006.0
718.299,0.0,90196.0,5123.0,46.0,131.933,2613725184.0
718.399,0.0,90196.0,5123.0,46.0,131.974,2613738385.0
718.499,0.0,90196.0,5123.0,46.0,131.991,2613751576.0
718.599,0.0,90196.0,5123.0,46.0,131.961,2613764746.0
718.699,0.0,90196.0,5123.0,46.0,131.962,2613777947.0
718.799,0.0,90196.0,5123.0,46.0,131.973,2613791145.0
718.899,0.0,90196.0,5123.0,46.0,132.002,2613804343.0
718.999,0.0,90196.0,5123.0,46.0,131.996,2613817520.0
719.099,0.0,90196.0,5123.0,46.0,131.972,2613830697.0
719.199,0.0,90196.0,5123.0,46.0,131.967,2613843889.0
719.299,0.0,90196.0,5123.0,46.0,132.002,2613857104.0
719.399,0.0,90196.0,5123.0,46.0,131.986,2613870310.0
719.499,0.0,90196.0,5123.0,46.0,131.996,2613883508.0
719.599,0.0,90196.0,5123.0,46.0,132.006,2613896704.0
719.699,0.0,90196.0,5123.0,46.0,131.988,2613909876.0
719.799,0.0,90196.0,5123.0,46.0,131.951,2613923046.0
719.899,0.0,90196.0,5123.0,46.0,131.923,2613936219.0
719.999,0.0,90196.0,5123.0,46.0,131.923,2613949403.0
720.099,0.0,90196.0,5123.0,46.0,131.947,2613949403.0
720.199,0.0,90196.0,5123.0,46.0,131.947,2613962597.0
720.299,0.0,90196.0,5123.0,46.0,131.978,2613975792.0
720.399,0.0,90196.0,5123.0,46.0,131.946,2614002200.0
720.498,0.0,90196.0,5123.0,46.0,131.94,2614015388.0
720.598,0.0,90196.0,5123.0,46.0,131.938,2614028577.0
720.699,0.0,90196.0,5123.0,46.0,131.936,2614041733.0
720.799,0.0,90196.0,5123.0,46.0,131.958,2614054927.0
720.899,0.0,90196.0,5123.0,46.0,131.969,2614068121.0
720.999,0.0,90196.0,5123.0,46.0,131.957,2614081313.0
721.099,0.0,90196.0,5123.0,46.0,131.952,2614094490.0
721.199,0.0,90196.0,5123.0,46.0,131.947,2614107677.0
721.299,0.0,90196.0,5123.0,46.0,131.942,2614120875.0
721.399,0.0,90196.0,5123.0,46.0,131.93,2614134067.0
721.499,0.0,90196.0,5123.0,46.0,131.906,2614147240.0
721.599,0.0,90196.0,5123.0,46.0,131.927,2614160435.0
721.699,0.0,90196.0,5123.0,46.0,131.947,2614173623.0
721.799,0.0,90196.0,5123.0,46.0,131.942,2614186804.0
721.899,0.0,90196.0,5123.0,46.0,131.934,2614199984.0
721.999,0.0,90196.0,5123.0,46.0,131.937,2614213170.0
722.099,0.0,90196.0,5123.0,46.0,131.921,2614226338.0
722.199,0.0,90196.0,5123.0,46.0,131.914,2614239523.0
722.299,0.0,90196.0,5123.0,46.0,131.899,2614252704.0
722.399,0.0,90196.0,5123.0,46.0,131.904,2614265890.0
722.499,0.0,90196.0,5123.0,46.0,131.912,2614279068.0
722.599,0.0,90196.0,5123.0,46.0,131.891,2614292243.0
722.699,0.0,90196.0,5123.0,46.0,131.893,2614305442.0
722.799,0.0,90196.0,5123.0,46.0,131.903,2614318625.0
722.899,0.0,90196.0,5123.0,46.0,131.874,2614331783.0
722.998,0.0,90196.0,5123.0,46.0,131.875,2614344963.0
723.099,0.0,90196.0,5123.0,46.0,131.891,2614344963.0
723.199,0.0,90196.0,5123.0,46.0,131.885,2614358143.0
723.299,0.0,90196.0,5123.0,46.0,131.893,2614371332.0
723.399,0.0,90196.0,5123.0,46.0,131.887,2614397689.0
723.499,0.0,90196.0,5123.0,46.0,131.898,2614410884.0
723.600,0.0,90196.0,5123.0,46.0,131.9,2614424055.0
723.699,0.0,90196.0,5123.0,46.0,131.877,2614437218.0
723.799,0.0,90196.0,5123.0,46.0,131.857,2614450394.0
723.899,0.0,90196.0,5123.0,46.0,131.884,2614463587.0
723.999,0.0,90196.0,5123.0,46.0,131.882,2614476765.0
724.099,0.0,90196.0,5123.0,46.0,131.888,2614489959.0
724.198,0.0,90196.0,5123.0,45.0,131.863,2614503121.0
724.299,0.0,90196.0,5123.0,46.0,131.871,2614516302.0
724.399,0.0,90196.0,5123.0,46.0,131.881,2614529489.0
724.499,0.0,90196.0,5123.0,46.0,131.889,2614542670.0
724.599,0.0,90196.0,5123.0,46.0,131.895,2614555872.0
724.699,0.0,90196.0,5123.0,46.0,131.901,2614569045.0
724.799,0.0,90196.0,5123.0,46.0,131.899,2614582216.0
724.899,0.0,90196.0,5123.0,46.0,131.909,2614595402.0
724.999,0.0,90196.0,5123.0,45.0,131.914,2614608598.0
725.099,0.0,90196.0,5123.0,46.0,131.899,2614621781.0
725.199,0.0,90196.0,5123.0,46.0,131.922,2614634974.0
725.299,0.0,90196.0,5123.0,45.0,131.922,2614648160.0
725.399,0.0,90196.0,5123.0,46.0,131.906,2614661330.0
725.499,0.0,90196.0,5123.0,46.0,131.877,2614674509.0
725.599,0.0,90196.0,5123.0,46.0,131.865,2614687676.0
725.699,0.0,90196.0,5123.0,46.0,131.865,2614700858.0
725.799,0.0,90196.0,5123.0,45.0,131.864,2614714045.0
725.899,0.0,90196.0,5123.0,46.0,131.833,2614727204.0
725.999,0.0,90196.0,5123.0,46.0,131.833,2614740388.0
726.099,0.0,90196.0,5123.0,45.0,131.82,2614740388.0
726.199,0.0,90196.0,5123.0,45.0,131.847,2614753566.0
726.298,0.0,90196.0,5123.0,46.0,131.847,2614766754.0
726.399,0.0,90196.0,5123.0,45.0,131.847,2614793119.0
726.498,0.0,90196.0,5123.0,45.0,131.852,2614806299.0
726.598,0.0,90196.0,5123.0,45.0,131.851,2614819478.0
726.699,0.0,90196.0,5123.0,45.0,131.865,2614832653.0
726.799,0.0,90196.0,5123.0,45.0,131.878,2614845828.0
726.899,0.0,90196.0,5123.0,45.0,131.881,2614859000.0
726.998,0.0,90196.0,5123.0,45.0,131.895,2614872173.0
727.099,0.0,90196.0,5123.0,45.0,131.823,2614885324.0
727.199,0.0,90196.0,5123.0,45.0,131.789,2614898444.0
727.299,0.0,90196.0,5123.0,45.0,131.778,2614911623.0
727.399,0.0,90196.0,5123.0,45.0,131.777,2614924808.0
727.499,0.0,90196.0,5123.0,45.0,131.778,2614937986.0
727.599,0.0,90196.0,5123.0,45.0,131.765,2614951158.0
727.698,0.0,90196.0,5123.0,45.0,131.777,2614964339.0
727.798,0.0,90196.0,5123.0,45.0,131.778,2614977525.0
727.898,0.0,90196.0,5123.0,45.0,131.784,2614990703.0
727.999,0.0,90196.0,5123.0,45.0,131.771,2615003875.0
728.098,0.0,90196.0,5123.0,45.0,131.816,2615017049.0
728.198,0.0,90196.0,5123.0,45.0,131.876,2615030238.0
728.298,0.0,90196.0,5123.0,45.0,131.875,2615043426.0
728.398,0.0,90196.0,5123.0,45.0,131.88,2615056602.0
728.497,0.0,90196.0,5123.0,45.0,131.87,2615069779.0
728.599,0.0,90196.0,5123.0,45.0,131.88,2615082950.0
728.698,0.0,90196.0,5123.0,45.0,131.871,2615096128.0
728.798,0.0,90196.0,5123.0,45.0,131.864,2615109303.0
728.898,0.0,90196.0,5123.0,45.0,131.863,2615122467.0
728.998,0.0,90196.0,5123.0,45.0,131.863,2615122467.0
729.098,0.0,90196.0,5123.0,45.0,131.869,2615135638.0
729.199,0.0,90196.0,5123.0,45.0,131.875,2615148824.0
729.298,0.0,90196.0,5123.0,45.0,131.863,2615175183.0
729.399,0.0,90196.0,5123.0,45.0,131.857,2615188355.0
729.498,0.0,90196.0,5123.0,45.0,131.845,2615201539.0
729.598,0.0,90196.0,5123.0,45.0,131.85,2615214715.0
729.699,0.0,90196.0,5123.0,45.0,131.857,2615227885.0
729.798,0.0,90196.0,5123.0,45.0,131.845,2615241056.0
729.898,0.0,90196.0,5123.0,45.0,131.834,2615254223.0
729.998,0.0,90196.0,5123.0,45.0,131.828,2615267398.0
730.099,0.0,90196.0,5123.0,45.0,131.833,2615280587.0
730.198,0.0,90196.0,5123.0,45.0,131.816,2615293774.0
730.298,0.0,90196.0,5123.0,45.0,131.821,2615306958.0
730.399,0.0,90196.0,5123.0,45.0,131.84,2615320136.0
730.498,0.0,90196.0,5123.0,45.0,131.84,2615333328.0
730.598,0.0,90196.0,5123.0,45.0,131.827,2615346490.0
730.698,0.0,90196.0,5123.0,45.0,131.839,2615359683.0
730.799,0.0,90196.0,5123.0,45.0,131.855,2615372862.0
730.897,0.0,90196.0,5123.0,45.0,131.874,2615386022.0
730.998,0.0,90196.0,5123.0,45.0,131.862,2615399201.0
731.098,0.0,90196.0,5123.0,45.0,131.86,2615412384.0
731.198,0.0,90196.0,5123.0,45.0,131.896,2615425569.0
731.299,0.0,90196.0,5123.0,45.0,131.883,2615438765.0
731.398,0.0,90196.0,5123.0,45.0,131.906,2615451947.0
731.498,0.0,90196.0,5123.0,45.0,131.879,2615465127.0
731.599,0.0,90196.0,5123.0,45.0,131.854,2615478276.0
731.698,0.0,90196.0,5123.0,45.0,131.881,2615491482.0
731.798,0.0,90196.0,5123.0,45.0,131.881,2615504668.0
731.899,0.0,90196.0,5123.0,45.0,131.892,2615504668.0
731.998,0.0,90196.0,5123.0,45.0,131.863,2615517842.0
732.097,0.0,90196.0,5123.0,45.0,131.876,2615531003.0
732.199,0.0,90196.0,5123.0,45.0,131.861,2615557364.0
732.299,0.0,90196.0,5123.0,45.0,131.853,2615570529.0
732.398,0.0,90196.0,5123.0,45.0,131.843,2615583706.0
732.498,0.0,90196.0,5123.0,45.0,131.833,2615596879.0
732.598,0.0,90196.0,5123.0,45.0,131.836,2615610067.0
732.699,0.0,90196.0,5123.0,45.0,131.826,2615623240.0
732.798,0.0,90196.0,5123.0,45.0,131.819,2615636411.0
732.898,0.0,90196.0,5123.0,45.0,131.83,2615649602.0
732.998,0.0,90196.0,5123.0,45.0,131.846,2615662761.0
733.099,0.0,90196.0,5123.0,45.0,131.833,2615675931.0
733.198,0.0,90196.0,5123.0,45.0,131.834,2615689092.0
733.299,0.0,90196.0,5123.0,45.0,131.817,2615702264.0
733.398,0.0,90196.0,5123.0,45.0,131.822,2615715446.0
733.498,0.0,90196.0,5123.0,45.0,131.84,2615728633.0
733.598,0.0,90196.0,5123.0,45.0,131.835,2615741820.0
733.698,0.0,90196.0,5123.0,45.0,131.822,2615754980.0
733.798,0.0,90196.0,5123.0,45.0,131.822,2615768150.0
733.899,0.0,90196.0,5123.0,45.0,131.823,2615781347.0
733.998,0.0,90196.0,5123.0,45.0,131.835,2615794523.0
734.098,0.0,90196.0,5123.0,45.0,131.849,2615807713.0
734.199,0.0,90196.0,5123.0,45.0,131.85,2615820880.0
734.298,0.0,90196.0,5123.0,45.0,131.862,2615834066.0
734.399,0.0,90196.0,5123.0,45.0,131.86,2615847247.0
734.499,0.0,90196.0,5123.0,45.0,131.837,2615860436.0
734.599,0.0,90196.0,5123.0,45.0,131.843,2615873597.0
734.698,0.0,90196.0,5123.0,45.0,131.843,2615886777.0
734.798,0.0,90196.0,5123.0,45.0,131.849,2615886777.0
734.898,0.0,90196.0,5123.0,45.0,131.853,2615899951.0
734.998,0.0,90196.0,5123.0,45.0,131.842,2615913124.0
735.098,0.0,90196.0,5123.0,45.0,131.835,2615939488.0
735.198,0.0,90196.0,5123.0,45.0,131.828,2615952653.0
735.298,0.0,90196.0,5123.0,45.0,131.834,2615965816.0
735.398,0.0,90196.0,5123.0,45.0,131.816,2615978997.0
735.499,0.0,90196.0,5123.0,45.0,131.822,2615992178.0
735.599,0.0,90196.0,5123.0,45.0,131.816,2616005353.0
735.699,0.0,90196.0,5123.0,45.0,131.81,2616018525.0
735.798,0.0,90196.0,5123.0,45.0,131.816,2616031701.0
735.899,0.0,90196.0,5123.0,45.0,131.81,2616044869.0
735.998,0.0,90196.0,5123.0,45.0,131.803,2616058051.0
736.099,0.0,90196.0,5123.0,45.0,131.828,2616071218.0
736.199,0.0,90196.0,5123.0,45.0,131.821,2616084395.0
736.299,0.0,90196.0,5123.0,45.0,131.827,2616097563.0
736.399,0.0,90196.0,5123.0,45.0,131.81,2616110735.0
736.499,0.0,90196.0,5123.0,45.0,131.809,2616123902.0
736.599,0.0,90196.0,5123.0,45.0,131.804,2616137068.0
736.699,0.0,90196.0,5123.0,45.0,131.803,2616150244.0
736.798,0.0,90196.0,5123.0,45.0,131.816,2616163421.0
736.899,0.0,90196.0,5123.0,45.0,131.829,2616176598.0
736.999,0.0,90196.0,5123.0,45.0,131.836,2616189780.0
737.099,0.0,90196.0,5123.0,45.0,131.813,2616202943.0
737.199,0.0,90196.0,5123.0,45.0,131.825,2616216124.0
737.298,0.0,90196.0,5123.0,45.0,131.842,2616229309.0
737.399,0.0,90196.0,5123.0,45.0,131.843,2616242487.0
737.499,0.0,90196.0,5123.0,45.0,131.836,2616255665.0
737.599,0.0,90196.0,5123.0,45.0,131.849,2616268823.0
737.699,0.0,90196.0,5123.0,45.0,131.849,2616282003.0
737.798,0.0,90196.0,5123.0,45.0,131.854,2616282003.0
737.899,0.0,90196.0,5123.0,45.0,131.829,2616295162.0
737.998,0.0,90196.0,5123.0,45.0,131.821,2616308352.0
738.099,0.0,90196.0,5123.0,45.0,131.815,2616334701.0
738.198,0.0,90196.0,5123.0,45.0,131.808,2616347890.0
738.298,0.0,90196.0,5123.0,45.0,131.815,2616361066.0
738.399,0.0,90196.0,5123.0,45.0,131.808,2616374267.0
738.498,0.0,90196.0,5123.0,45.0,131.822,2616387431.0
738.599,0.0,90196.0,5123.0,45.0,131.827,2616400611.0
738.698,0.0,90196.0,5123.0,45.0,131.827,2616413781.0
738.798,0.0,90196.0,5123.0,45.0,131.84,2616426974.0
738.898,0.0,90196.0,5123.0,45.0,131.834,2616440139.0
738.999,0.0,90196.0,5123.0,45.0,131.839,2616453305.0
739.099,0.0,90196.0,5123.0,45.0,131.841,2616466483.0
739.199,0.0,90196.0,5123.0,45.0,131.829,2616479651.0
739.298,0.0,90196.0,5123.0,45.0,131.817,2616492815.0
739.399,0.0,90196.0,5123.0,45.0,131.81,2616505999.0
739.499,0.0,90196.0,5123.0,45.0,131.823,2616519158.0
739.598,0.0,90196.0,5123.0,45.0,131.8,2616532330.0
739.699,0.0,90196.0,5123.0,45.0,131.788,2616545492.0
739.799,0.0,90196.0,5123.0,45.0,131.77,2616558661.0
739.899,0.0,90196.0,5123.0,45.0,131.777,2616571824.0
739.998,0.0,90196.0,5123.0,45.0,131.771,2616585003.0
740.098,0.0,90196.0,5123.0,45.0,131.77,2616598171.0
740.199,0.0,90196.0,5123.0,45.0,131.77,2616611350.0
740.299,0.0,90196.0,5123.0,45.0,131.776,2616624526.0
740.399,0.0,90196.0,5123.0,45.0,131.763,2616637689.0
740.499,0.0,90196.0,5123.0,45.0,131.769,2616650866.0
740.599,0.0,90196.0,5123.0,45.0,131.774,2616664027.0
740.699,0.0,90196.0,5123.0,45.0,131.774,2616677195.0
740.799,0.0,90196.0,5123.0,45.0,131.762,2616677195.0
740.899,0.0,90196.0,5123.0,45.0,131.785,2616690375.0
740.998,0.0,90196.0,5123.0,45.0,131.779,2616703546.0
741.097,0.0,90196.0,5123.0,45.0,131.785,2616729902.0
741.198,0.0,90196.0,5123.0,45.0,131.784,2616743085.0
741.297,0.0,90196.0,5123.0,45.0,131.784,2616756251.0
741.398,0.0,90196.0,5123.0,45.0,131.796,2616769424.0
741.498,0.0,90196.0,5123.0,45.0,131.803,2616782962.0
741.598,0.0,90196.0,5123.0,45.0,133.15,2616805673.0
741.697,44.0,90196.0,5123.0,46.0,146.476,2616835211.0
741.797,65.0,90196.0,5123.0,48.0,176.328,2616862883.0
741.898,65.0,90196.0,5123.0,49.0,195.369,2616892428.0
741.998,65.0,90196.0,5123.0,49.0,208.11,2616921418.0
742.099,65.0,90196.0,5123.0,50.0,221.243,2616947975.0
742.198,65.0,90196.0,5123.0,50.0,237.215,2616975881.0
742.298,65.0,90196.0,5123.0,50.0,253.462,2617004580.0
742.398,64.0,90196.0,5123.0,50.0,266.311,2617033263.0
742.498,64.0,90196.0,5123.0,50.0,281.502,2617062342.0
742.598,65.0,90196.0,5123.0,50.0,285.321,2617089967.0
742.698,65.0,90196.0,5123.0,51.0,283.824,2617116135.0
742.798,65.0,90196.0,5123.0,51.0,281.386,2617145313.0
742.898,65.0,90196.0,5123.0,51.0,283.288,2617172433.0
742.998,64.0,90196.0,5123.0,51.0,279.722,2617199766.0
743.098,64.0,90196.0,5123.0,51.0,283.048,2617227690.0
743.198,66.0,90196.0,5123.0,51.0,280.616,2617254660.0
743.298,66.0,90196.0,5123.0,51.0,278.963,2617281710.0
743.398,65.0,90196.0,5123.0,51.0,278.575,2617310638.0
743.498,65.0,90196.0,5123.0,51.0,278.003,2617310638.0
743.598,66.0,90196.0,5123.0,51.0,279.351,2617339268.0
743.698,66.0,90196.0,5123.0,51.0,279.793,2617395748.0
743.798,65.0,90196.0,5123.0,51.0,281.406,2617426559.0
743.898,65.0,90196.0,5123.0,51.0,280.237,2617453161.0
743.998,65.0,90196.0,5123.0,51.0,282.696,2617482241.0
744.098,65.0,90196.0,5123.0,51.0,281.662,2617511643.0
744.198,65.0,90196.0,5123.0,51.0,283.457,2617539615.0
744.298,65.0,90196.0,5123.0,51.0,285.102,2617568555.0
744.398,64.0,90196.0,5123.0,51.0,284.137,2617595982.0
744.497,64.0,90196.0,5123.0,51.0,282.954,2617623909.0
744.598,65.0,90196.0,5123.0,51.0,280.246,2617650506.0
744.698,65.0,90196.0,5123.0,51.0,280.831,2617676851.0
744.798,65.0,90196.0,5123.0,51.0,282.358,2617706195.0
744.898,65.0,90196.0,5123.0,51.0,282.933,2617736158.0
744.999,65.0,90196.0,5123.0,51.0,281.284,2617762864.0
745.099,65.0,90196.0,5123.0,51.0,277.491,2617789562.0
745.198,66.0,90196.0,5123.0,51.0,279.835,2617817378.0
745.297,66.0,90196.0,5123.0,52.0,280.133,2617847938.0
745.398,65.0,90196.0,5123.0,51.0,281.144,2617875882.0
745.498,65.0,90196.0,5123.0,51.0,281.305,2617904949.0
745.599,66.0,90196.0,5123.0,51.0,284.814,2617932102.0
745.699,66.0,90196.0,5123.0,52.0,285.04,2617961269.0
745.798,66.0,90196.0,5123.0,51.0,283.869,2617990654.0
745.897,66.0,90196.0,5123.0,52.0,282.357,2618018662.0
745.997,66.0,90196.0,5123.0,52.0,282.183,2618046152.0
746.098,66.0,90196.0,5123.0,52.0,284.808,2618046152.0
746.198,65.0,90196.0,5123.0,52.0,281.59,2618073677.0
746.297,65.0,90196.0,5123.0,52.0,279.904,2618127528.0
746.398,65.0,90196.0,5123.0,51.0,277.899,2618155944.0
746.498,65.0,90196.0,5123.0,52.0,279.044,2618183182.0
746.598,66.0,90196.0,5123.0,52.0,281.423,2618213594.0
746.699,66.0,90196.0,5123.0,52.0,279.134,2618240959.0
746.797,65.0,90196.0,5123.0,52.0,279.273,2618270847.0
746.898,65.0,90196.0,5123.0,52.0,278.037,2618298057.0
746.998,66.0,90196.0,5123.0,52.0,276.502,2618324555.0
747.098,66.0,90196.0,5123.0,52.0,279.403,2618352726.0
747.198,65.0,90196.0,5123.0,52.0,283.597,2618383775.0
747.299,65.0,90196.0,5123.0,52.0,285.407,2618414041.0
747.398,66.0,90196.0,5123.0,52.0,287.357,2618443876.0
747.497,66.0,90196.0,5123.0,52.0,287.069,2618471500.0
747.598,66.0,90196.0,5123.0,52.0,285.732,2618500495.0
747.699,66.0,90196.0,5123.0,52.0,284.898,2618529304.0
747.798,65.0,90196.0,5123.0,52.0,283.095,2618556105.0
747.898,65.0,90196.0,5123.0,52.0,285.376,2618583849.0
747.999,65.0,90196.0,5123.0,51.0,287.211,2618612334.0
748.098,65.0,90196.0,5123.0,52.0,284.565,2618639884.0
748.199,65.0,90196.0,5123.0,51.0,283.449,2618666976.0
748.299,65.0,90196.0,5123.0,51.0,279.864,2618696200.0
748.398,65.0,90196.0,5123.0,51.0,277.275,2618722205.0
748.498,65.0,90196.0,5123.0,51.0,275.401,2618749485.0
748.599,65.0,90196.0,5123.0,51.0,275.401,2618774198.0
748.698,65.0,90196.0,5123.0,51.0,272.015,2618774198.0
748.798,65.0,90196.0,5123.0,51.0,271.365,2618799596.0
748.898,63.0,90196.0,5123.0,51.0,269.662,2618852401.0
748.997,63.0,90196.0,5123.0,51.0,268.649,2618880238.0
749.097,61.0,90196.0,5123.0,51.0,266.604,2618904675.0
749.198,61.0,90196.0,5123.0,51.0,264.525,2618931052.0
749.297,61.0,90196.0,5123.0,51.0,260.725,2618955484.0
749.397,61.0,90196.0,5123.0,51.0,257.264,2618980037.0
749.498,62.0,90196.0,5123.0,51.0,256.087,2619006898.0
749.597,62.0,90196.0,5123.0,51.0,257.416,2619031189.0
749.697,61.0,90196.0,5123.0,51.0,254.86,2619055518.0
749.799,61.0,90196.0,5123.0,51.0,252.134,2619080801.0
749.898,62.0,90196.0,5123.0,51.0,250.36,2619104986.0
749.999,61.0,90196.0,5123.0,51.0,248.922,2619130914.0
750.099,61.0,90196.0,5123.0,51.0,250.045,2619156252.0
750.199,61.0,90196.0,5123.0,50.0,251.457,2619180700.0
750.297,61.0,90196.0,5123.0,50.0,249.52,2619205573.0
750.398,62.0,90196.0,5123.0,50.0,249.168,2619228829.0
750.498,62.0,90196.0,5123.0,50.0,247.987,2619254449.0
750.598,61.0,90196.0,5123.0,50.0,248.068,2619279481.0
750.698,61.0,90196.0,5123.0,50.0,248.872,2619302700.0
750.797,58.0,90196.0,5123.0,50.0,245.494,2619327468.0
750.897,58.0,90196.0,5123.0,50.0,245.413,2619350369.0
750.998,58.0,90196.0,5123.0,50.0,244.484,2619374483.0
751.099,58.0,90196.0,5123.0,50.0,243.479,2619397951.0
751.199,55.0,90196.0,5123.0,49.0,238.228,2619420359.0
751.299,55.0,90196.0,5123.0,49.0,238.228,2619438574.0
751.398,55.0,90196.0,5123.0,48.0,229.8,2619438574.0
751.498,0.0,90196.0,5123.0,48.0,218.598,2619451976.0
751.599,0.0,90196.0,5123.0,47.0,207.125,2619465154.0
751.698,0.0,90196.0,5123.0,47.0,195.179,2619491479.0
751.798,0.0,90196.0,5123.0,47.0,184.303,2619504587.0
751.899,0.0,90196.0,5123.0,47.0,175.14,2619517695.0
751.998,0.0,90196.0,5123.0,47.0,164.698,2619530769.0
752.098,0.0,90196.0,5123.0,47.0,152.24,2619543841.0
752.198,0.0,90196.0,5123.0,47.0,140.848,2619556905.0
752.298,0.0,90196.0,5123.0,46.0,135.061,2619569959.0
752.398,0.0,90196.0,5123.0,46.0,131.311,2619583016.0
752.498,0.0,90196.0,5123.0,46.0,131.056,2619596041.0
752.598,0.0,90196.0,5123.0,46.0,130.908,2619609078.0
752.699,0.0,90196.0,5123.0,46.0,130.775,2619622821.0
752.798,0.0,90196.0,5123.0,48.0,145.764,2619648465.0
752.898,46.0,90196.0,5123.0,47.0,146.139,2619663669.0
752.998,0.0,90196.0,5123.0,46.0,145.837,2619676732.0
753.098,0.0,90196.0,5123.0,46.0,155.441,2619691872.0
753.198,0.0,90196.0,5123.0,49.0,171.959,2619721569.0
753.298,66.0,90196.0,5123.0,50.0,185.346,2619749039.0
753.397,65.0,90196.0,5123.0,50.0,201.058,2619777338.0
753.499,65.0,90196.0,5123.0,50.0,215.137,2619803883.0
753.599,65.0,90196.0,5123.0,50.0,227.674,2619832209.0
753.698,65.0,90196.0,5123.0,50.0,237.547,2619858815.0
753.798,65.0,90196.0,5123.0,50.0,244.07,2619886342.0
753.899,65.0,90196.0,5123.0,51.0,259.395,2619915832.0
753.998,65.0,90196.0,5123.0,51.0,269.201,2619942209.0
754.098,64.0,90196.0,5123.0,51.0,276.104,2619942209.0
754.198,64.0,90196.0,5123.0,51.0,273.327,2619968623.0
754.299,65.0,90196.0,5123.0,51.0,273.9,2620022866.0
754.398,65.0,90196.0,5123.0,51.0,274.119,2620051296.0
754.499,65.0,90196.0,5123.0,51.0,274.119,2620078215.0
754.598,65.0,90196.0,5123.0,51.0,273.948,2620104374.0
754.698,65.0,90196.0,5123.0,51.0,271.758,2620131759.0
754.799,65.0,90196.0,5123.0,51.0,273.212,2620159999.0
754.897,65.0,90196.0,5123.0,51.0,273.212,2620187078.0
754.997,65.0,90196.0,5123.0,51.0,269.242,2620215923.0
755.098,64.0,90196.0,5123.0,51.0,273.376,2620246844.0
755.198,64.0,90196.0,5123.0,51.0,278.259,2620278935.0
755.297,65.0,90196.0,5123.0,51.0,282.038,2620305108.0
755.398,65.0,90196.0,5123.0,51.0,279.092,2620333170.0
755.498,65.0,90196.0,5123.0,51.0,280.8,2620360081.0
755.599,65.0,90196.0,5123.0,51.0,284.365,2620390031.0
755.698,65.0,90196.0,5123.0,51.0,284.126,2620416161.0
755.799,65.0,90196.0,5123.0,52.0,280.722,2620443335.0
755.898,65.0,90196.0,5123.0,52.0,281.173,2620468839.0
755.998,63.0,90196.0,5123.0,52.0,280.85,2620496816.0
756.099,63.0,90196.0,5123.0,51.0,277.554,2620524642.0
756.198,65.0,90196.0,5123.0,51.0,275.591,2620552870.0
756.299,65.0,90196.0,5123.0,51.0,274.282,2620580038.0
756.397,65.0,90196.0,5123.0,51.0,275.755,2620606634.0
756.499,65.0,90196.0,5123.0,52.0,275.936,2620636374.0
756.598,65.0,90196.0,5123.0,51.0,276.25,2620664281.0
756.698,65.0,90196.0,5123.0,52.0,277.305,2620664281.0
756.798,65.0,90196.0,5123.0,52.0,279.086,2620693618.0
756.898,65.0,90196.0,5123.0,52.0,282.37,2620748663.0
756.998,64.0,90196.0,5123.0,52.0,280.056,2620776947.0
757.098,64.0,90196.0,5123.0,51.0,279.203,2620803394.0
757.198,65.0,90196.0,5123.0,52.0,278.185,2620831514.0
757.298,65.0,90196.0,5123.0,52.0,277.289,2620858210.0
757.399,65.0,90196.0,5123.0,52.0,278.97,2620884982.0
757.498,65.0,90196.0,5123.0,52.0,280.359,2620916196.0
757.599,65.0,90196.0,5123.0,52.0,280.857,2620945078.0
757.699,65.0,90196.0,5123.0,52.0,279.623,2620972415.0
757.798,65.0,90196.0,5123.0,52.0,279.251,2621001017.0
757.898,65.0,90196.0,5123.0,52.0,278.433,2621027907.0
757.998,65.0,90196.0,5123.0,52.0,277.313,2621054659.0
758.098,65.0,90196.0,5123.0,52.0,278.177,2621082258.0
758.198,65.0,90196.0,5123.0,51.0,276.601,2621107929.0
758.299,65.0,90196.0,5123.0,51.0,279.375,2621135229.0
758.398,65.0,90196.0,5123.0,52.0,279.13,2621164386.0
758.498,65.0,90196.0,5123.0,52.0,276.831,2621192952.0
758.598,65.0,90196.0,5123.0,52.0,275.933,2621221176.0
758.698,65.0,90196.0,5123.0,52.0,278.574,2621250046.0
758.798,65.0,90196.0,5123.0,51.0,276.579,2621277368.0
758.898,65.0,90196.0,5123.0,52.0,276.737,2621303252.0
758.998,65.0,90196.0,5123.0,52.0,277.833,2621331585.0
759.099,65.0,90196.0,5123.0,51.0,280.296,2621359711.0
759.197,65.0,90196.0,5123.0,51.0,280.296,2621386343.0
759.299,65.0,90196.0,5123.0,51.0,280.341,2621386343.0
759.398,65.0,90196.0,5123.0,51.0,279.203,2621413090.0
759.498,65.0,90196.0,5123.0,51.0,278.058,2621467826.0
759.599,65.0,90196.0,5123.0,51.0,275.8,2621493498.0
759.698,65.0,90196.0,5123.0,51.0,274.258,2621519670.0
759.798,65.0,90196.0,5123.0,51.0,270.284,2621546076.0
759.897,65.0,90196.0,5123.0,51.0,271.9,2621573588.0
759.998,65.0,90196.0,5123.0,51.0,271.711,2621601692.0
760.098,65.0,90196.0,5123.0,51.0,270.934,2621626605.0
760.198,65.0,90196.0,5123.0,51.0,266.726,2621652141.0
760.298,65.0,90196.0,5123.0,51.0,265.93,2621677694.0
760.398,65.0,90196.0,5123.0,51.0,264.263,2621704503.0
760.498,61.0,90196.0,5123.0,51.0,262.324,2621730683.0
760.598,61.0,90196.0,5123.0,51.0,263.898,2621756215.0
760.698,61.0,90196.0,5123.0,51.0,261.07,2621781743.0
760.798,61.0,90196.0,5123.0,51.0,260.582,2621808710.0
760.898,61.0,90196.0,5123.0,51.0,258.087,2621832216.0
760.999,61.0,90196.0,5123.0,51.0,255.038,2621856676.0
761.098,61.0,90196.0,5123.0,51.0,253.37,2621881818.0
761.198,61.0,90196.0,5123.0,51.0,254.875,2621907575.0
761.298,62.0,90196.0,5123.0,51.0,254.508,2621933680.0
761.398,62.0,90196.0,5123.0,51.0,254.534,2621960244.0
761.498,61.0,90196.0,5123.0,51.0,254.27,2621985284.0
761.599,61.0,90196.0,5123.0,51.0,253.605,2622009693.0
761.698,62.0,90196.0,5123.0,51.0,253.075,2622034947.0
761.799,62.0,90196.0,5123.0,51.0,252.913,2622059944.0
761.897,61.0,90196.0,5123.0,50.0,252.376,2622059944.0
761.998,61.0,90196.0,5123.0,50.0,254.06,2622084335.0
762.098,60.0,90196.0,5123.0,50.0,254.336,2622134879.0
762.199,60.0,90196.0,5123.0,50.0,251.625,2622159428.0
762.298,59.0,90196.0,5123.0,50.0,251.078,2622183037.0
762.397,59.0,90196.0,5123.0,50.0,246.743,2622204541.0
762.498,58.0,90196.0,5123.0,50.0,242.963,2622228651.0
762.598,58.0,90196.0,5123.0,50.0,240.807,2622251119.0
762.699,58.0,90196.0,5123.0,50.0,239.715,2622272695.0
762.798,58.0,90196.0,5123.0,49.0,233.886,2622289719.0
762.899,11.0,90196.0,5123.0,48.0,223.03,2622303099.0
762.998,11.0,90196.0,5123.0,48.0,209.842,2622316486.0
763.098,0.0,90196.0,5123.0,48.0,198.473,2622329852.0
763.198,0.0,90196.0,5123.0,47.0,189.305,2622343194.0
763.298,0.0,90196.0,5123.0,47.0,178.608,2622356521.0
763.397,0.0,90196.0,5123.0,47.0,169.82,2622370622.0
763.499,16.0,90196.0,5123.0,49.0,167.883,2622394929.0
763.598,62.0,90196.0,5123.0,50.0,177.265,2622423242.0
763.698,62.0,90196.0,5123.0,50.0,185.037,2622451451.0
763.798,65.0,90196.0,5123.0,50.0,199.917,2622480570.0
763.898,65.0,90196.0,5123.0,50.0,216.043,2622509596.0
763.999,65.0,90196.0,5123.0,51.0,231.456,2622538768.0
764.098,65.0,90196.0,5123.0,51.0,246.166,2622565387.0
764.198,65.0,90196.0,5123.0,51.0,261.473,2622594015.0
764.298,65.0,90196.0,5123.0,51.0,274.836,2622622178.0
764.398,65.0,90196.0,5123.0,51.0,282.638,2622649520.0
764.497,65.0,90196.0,5123.0,51.0,282.638,2622678274.0
764.598,65.0,90196.0,5123.0,51.0,284.993,2622678274.0
764.697,65.0,90196.0,5123.0,51.0,282.524,2622707171.0
764.798,65.0,90196.0,5123.0,51.0,281.99,2622762217.0
764.897,65.0,90196.0,5123.0,51.0,281.161,2622788279.0
764.997,65.0,90196.0,5123.0,51.0,277.296,2622814659.0
765.098,65.0,90196.0,5123.0,51.0,276.227,2622841622.0
765.198,65.0,90196.0,5123.0,51.0,275.227,2622868581.0
765.298,65.0,90196.0,5123.0,51.0,277.123,2622897799.0
765.398,65.0,90196.0,5123.0,52.0,277.713,2622925492.0
765.498,65.0,90196.0,5123.0,52.0,277.376,2622953620.0
765.598,65.0,90196.0,5123.0,52.0,278.032,2622982550.0
765.698,65.0,90196.0,5123.0,52.0,276.32,2623009930.0
765.797,65.0,90196.0,5123.0,52.0,276.373,2623037590.0
765.897,65.0,90196.0,5123.0,52.0,275.055,2623063626.0
765.999,65.0,90196.0,5123.0,52.0,277.093,2623091324.0
766.098,65.0,90196.0,5123.0,51.0,278.686,2623119506.0
766.198,65.0,90196.0,5123.0,52.0,277.901,2623145770.0
766.298,65.0,90196.0,5123.0,52.0,274.841,2623173312.0
766.411,65.0,90196.0,5123.0,52.0,276.75,2623200766.0
766.506,65.0,90196.0,5123.0,52.0,275.436,2623228079.0
766.598,65.0,90196.0,5123.0,52.0,277.564,2623256525.0
766.698,65.0,90196.0,5123.0,52.0,277.27,2623285267.0
766.799,64.0,90196.0,5123.0,52.0,276.557,2623311149.0
766.898,64.0,90196.0,5123.0,52.0,277.078,2623339454.0
766.998,65.0,90196.0,5123.0,52.0,277.3,2623365752.0
767.099,65.0,90196.0,5123.0,52.0,277.3,2623365752.0
767.198,65.0,90196.0,5123.0,52.0,280.707,2623395152.0
767.299,65.0,90196.0,5123.0,52.0,279.466,2623424876.0
767.398,65.0,90196.0,5123.0,52.0,281.961,2623481384.0
767.496,65.0,90196.0,5123.0,52.0,282.179,2623509673.0
767.598,65.0,90196.0,5123.0,52.0,282.242,2623538797.0
767.698,65.0,90196.0,5123.0,52.0,282.703,2623567725.0
767.798,65.0,90196.0,5123.0,52.0,285.003,2623596056.0
767.898,64.0,90196.0,5123.0,52.0,285.197,2623624082.0
767.999,64.0,90196.0,5123.0,52.0,285.558,2623653678.0
768.098,65.0,90196.0,5123.0,52.0,289.746,2623683345.0
768.198,65.0,90196.0,5123.0,52.0,288.765,2623711765.0
768.299,65.0,90196.0,5123.0,52.0,286.631,2623739155.0
768.398,65.0,90196.0,5123.0,52.0,288.467,2623768873.0
768.498,65.0,90196.0,5123.0,52.0,289.797,2623797402.0
768.598,65.0,90196.0,5123.0,52.0,287.55,2623823525.0
768.698,65.0,90196.0,5123.0,52.0,285.068,2623850628.0
768.798,65.0,90196.0,5123.0,52.0,283.306,2623878899.0
768.898,66.0,90196.0,5123.0,52.0,283.98,2623908183.0
768.998,66.0,90196.0,5123.0,52.0,282.041,2623935030.0
769.097,66.0,90196.0,5123.0,52.0,281.756,2623964100.0
769.199,66.0,90196.0,5123.0,51.0,278.451,2623990821.0
769.299,64.0,90196.0,5123.0,52.0,279.879,2624019055.0
769.399,64.0,90196.0,5123.0,52.0,279.253,2624047604.0
769.498,66.0,90196.0,5123.0,52.0,275.455,2624072759.0
769.599,66.0,90196.0,5123.0,52.0,276.481,2624100562.0
769.699,66.0,90196.0,5123.0,52.0,276.915,2624127998.0
769.798,66.0,90196.0,5123.0,52.0,276.935,2624127998.0
769.898,64.0,90196.0,5123.0,52.0,278.718,2624156916.0
769.997,64.0,90196.0,5123.0,52.0,279.351,2624211829.0
770.098,65.0,90196.0,5123.0,52.0,275.375,2624237139.0
770.198,65.0,90196.0,5123.0,52.0,274.244,2624261928.0
770.298,65.0,90196.0,5123.0,52.0,272.739,2624289215.0
770.399,65.0,90196.0,5123.0,52.0,269.984,2624314957.0
770.498,66.0,90196.0,5123.0,52.0,271.766,2624343233.0
770.599,66.0,90196.0,5123.0,52.0,271.018,2624369630.0
770.697,64.0,90196.0,5123.0,51.0,272.894,2624397457.0
770.805,64.0,90196.0,5123.0,51.0,269.932,2624423868.0
770.897,65.0,90196.0,5123.0,51.0,266.952,2624449915.0
770.998,65.0,90196.0,5123.0,51.0,263.86,2624475689.0
771.098,65.0,90196.0,5123.0,51.0,265.593,2624502676.0
771.198,65.0,90196.0,5123.0,51.0,267.236,2624529499.0
771.298,65.0,90196.0,5123.0,51.0,267.323,2624555044.0
771.398,65.0,90196.0,5123.0,51.0,266.737,2624581147.0
771.498,61.0,90196.0,5123.0,51.0,264.999,2624605861.0
771.598,61.0,90196.0,5123.0,51.0,262.727,2624631359.0
771.699,62.0,90196.0,5123.0,51.0,260.417,2624658254.0
771.799,62.0,90196.0,5123.0,51.0,262.603,2624685896.0
771.899,62.0,90196.0,5123.0,51.0,265.071,2624713493.0
771.998,61.0,90196.0,5123.0,51.0,262.386,2624739825.0
772.098,61.0,90196.0,5123.0,51.0,260.213,2624764967.0
772.198,61.0,90196.0,5123.0,51.0,261.634,2624790127.0
772.298,61.0,90196.0,5123.0,51.0,262.342,2624790127.0
772.398,62.0,90196.0,5123.0,51.0,262.346,2624817068.0
772.499,62.0,90196.0,5123.0,51.0,264.588,2624870321.0
772.598,61.0,90196.0,5123.0,51.0,263.408,2624896724.0
772.698,61.0,90196.0,5123.0,51.0,259.641,2624920677.0
772.798,61.0,90196.0,5123.0,50.0,258.082,2624944246.0
772.898,61.0,90196.0,5123.0,50.0,252.661,2624970111.0
772.998,61.0,90196.0,5123.0,50.0,251.838,2624992556.0
773.098,61.0,90196.0,5123.0,50.0,246.731,2625015496.0
773.198,51.0,90196.0,5123.0,49.0,234.336,2625033654.0
773.298,51.0,90196.0,5123.0,48.0,220.828,2625047497.0
773.398,0.0,90196.0,5123.0,48.0,208.516,2625060892.0
773.497,0.0,90196.0,5123.0,48.0,196.4,2625074287.0
773.598,0.0,90196.0,5123.0,47.0,184.818,2625087667.0
773.697,0.0,90196.0,5123.0,47.0,175.605,2625101066.0
773.797,13.0,90196.0,5123.0,48.0,169.119,2625114946.0
773.898,13.0,90196.0,5123.0,50.0,172.936,2625137288.0
773.999,55.0,90196.0,5123.0,50.0,175.989,2625166546.0
774.098,55.0,90196.0,5123.0,50.0,180.824,2625192277.0
774.198,65.0,90196.0,5123.0,51.0,191.99,2625217904.0
774.298,65.0,90196.0,5123.0,51.0,203.111,2625245605.0
774.398,64.0,90196.0,5123.0,51.0,218.81,2625271001.0
774.498,64.0,90196.0,5123.0,51.0,239.463,2625300059.0
774.598,65.0,90196.0,5123.0,51.0,251.66,2625329547.0
774.698,65.0,90196.0,5123.0,51.0,266.419,2625358320.0
774.798,65.0,90196.0,5123.0,51.0,275.896,2625385915.0
774.898,65.0,90196.0,5123.0,51.0,275.896,2625414992.0
774.999,65.0,90196.0,5123.0,51.0,276.572,2625414992.0
775.098,65.0,90196.0,5123.0,51.0,275.097,2625441938.0
775.198,65.0,90196.0,5123.0,51.0,276.649,2625495177.0
775.298,65.0,90196.0,5123.0,52.0,275.589,2625521251.0
775.399,65.0,90196.0,5123.0,52.0,276.528,2625548867.0
775.498,65.0,90196.0,5123.0,52.0,275.356,2625575596.0
775.598,65.0,90196.0,5123.0,52.0,272.983,2625603474.0
775.698,64.0,90196.0,5123.0,51.0,272.882,2625630101.0
775.797,64.0,90196.0,5123.0,52.0,271.047,2625656967.0
775.899,65.0,90196.0,5123.0,52.0,268.495,2625682501.0
775.999,65.0,90196.0,5123.0,52.0,268.123,2625711369.0
776.098,65.0,90196.0,5123.0,52.0,271.21,2625741480.0
776.198,65.0,90196.0,5123.0,52.0,273.525,2625769877.0
776.298,65.0,90196.0,5123.0,52.0,273.769,2625797350.0
776.398,65.0,90196.0,5123.0,52.0,275.616,2625824320.0
776.498,65.0,90196.0,5123.0,52.0,276.905,2625852379.0
776.598,65.0,90196.0,5123.0,52.0,278.957,2625881075.0
776.698,65.0,90196.0,5123.0,52.0,276.037,2625907396.0
776.798,65.0,90196.0,5123.0,52.0,275.614,2625934233.0
776.897,65.0,90196.0,5123.0,52.0,277.81,2625960960.0
776.998,65.0,90196.0,5123.0,52.0,277.738,2625989399.0
777.098,65.0,90196.0,5123.0,52.0,275.462,2626015994.0
777.198,65.0,90196.0,5123.0,52.0,275.205,2626045014.0
777.299,65.0,90196.0,5123.0,52.0,276.494,2626072426.0
777.398,65.0,90196.0,5123.0,52.0,276.905,2626100926.0
777.498,65.0,90196.0,5123.0,52.0,278.189,2626130058.0
777.599,65.0,90196.0,5123.0,52.0,276.671,2626130058.0
777.699,65.0,90196.0,5123.0,52.0,281.898,2626156487.0
777.798,65.0,90196.0,5123.0,52.0,283.374,2626215479.0
777.898,65.0,90196.0,5123.0,52.0,285.539,2626243100.0
777.997,65.0,90196.0,5123.0,52.0,283.752,2626272574.0
778.097,65.0,90196.0,5123.0,52.0,284.514,2626298725.0
778.198,65.0,90196.0,5123.0,52.0,284.38,2626328618.0
778.298,65.0,90196.0,5123.0,52.0,283.311,2626354335.0
778.398,65.0,90196.0,5123.0,52.0,282.646,2626383173.0
778.498,65.0,90196.0,5123.0,52.0,283.68,2626413093.0
778.598,65.0,90196.0,5123.0,52.0,284.576,2626441680.0
778.698,65.0,90196.0,5123.0,52.0,280.846,2626468102.0
778.799,65.0,90196.0,5123.0,52.0,281.326,2626495819.0
778.898,65.0,90196.0,5123.0,52.0,280.355,2626523447.0
778.998,65.0,90196.0,5123.0,52.0,280.815,2626551009.0
779.099,64.0,90196.0,5123.0,52.0,280.515,2626578220.0
779.198,64.0,90196.0,5123.0,52.0,278.457,2626604085.0
779.297,66.0,90196.0,5123.0,52.0,277.85,2626630781.0
779.398,66.0,90196.0,5123.0,52.0,276.484,2626656896.0
779.499,65.0,90196.0,5123.0,52.0,274.192,2626684958.0
779.599,65.0,90196.0,5123.0,52.0,273.762,2626712661.0
779.698,65.0,90196.0,5123.0,52.0,270.629,2626738631.0
779.797,65.0,90196.0,5123.0,52.0,268.749,2626765475.0
779.897,65.0,90196.0,5123.0,52.0,270.654,2626792081.0
779.999,65.0,90196.0,5123.0,52.0,270.654,2626821459.0
780.098,65.0,90196.0,5123.0,52.0,270.084,2626821459.0
780.199,65.0,90196.0,5123.0,52.0,271.884,2626849077.0
780.299,65.0,90196.0,5123.0,52.0,272.659,2626905428.0
780.398,65.0,90196.0,5123.0,52.0,274.877,2626933306.0
780.498,65.0,90196.0,5123.0,52.0,276.237,2626961899.0
780.598,65.0,90196.0,5123.0,52.0,275.335,2626988936.0
780.698,64.0,90196.0,5123.0,52.0,277.399,2627016285.0
780.798,64.0,90196.0,5123.0,52.0,277.326,2627043462.0
780.897,64.0,90196.0,5123.0,52.0,279.301,2627070048.0
780.998,64.0,90196.0,5123.0,51.0,277.471,2627099189.0
781.098,65.0,90196.0,5123.0,51.0,276.859,2627124523.0
781.198,65.0,90196.0,5123.0,51.0,275.048,2627151778.0
781.298,65.0,90196.0,5123.0,51.0,275.666,2627178992.0
781.398,65.0,90196.0,5123.0,51.0,272.199,2627204884.0
781.498,64.0,90196.0,5123.0,51.0,269.199,2627231156.0
781.598,64.0,90196.0,5123.0,51.0,269.68,2627258645.0
781.698,62.0,90196.0,5123.0,51.0,267.106,2627283770.0
781.797,62.0,90196.0,5123.0,51.0,266.092,2627310214.0
781.898,61.0,90196.0,5123.0,51.0,264.8,2627336247.0
781.998,61.0,90196.0,5123.0,51.0,263.505,2627362771.0
782.098,62.0,90196.0,5123.0,51.0,263.072,2627388789.0
782.197,62.0,90196.0,5123.0,51.0,262.901,2627415851.0
782.298,62.0,90196.0,5123.0,51.0,261.55,2627441452.0
782.399,62.0,90196.0,5123.0,51.0,260.681,2627466443.0
782.497,62.0,90196.0,5123.0,51.0,260.404,2627491306.0
782.598,62.0,90196.0,5123.0,51.0,257.198,2627491306.0
782.698,61.0,90196.0,5123.0,51.0,256.907,2627516185.0
782.798,61.0,90196.0,5123.0,51.0,256.612,2627566627.0
782.898,61.0,90196.0,5123.0,51.0,256.1,2627591789.0
782.999,61.0,90196.0,5123.0,51.0,255.428,2627616857.0
783.098,62.0,90196.0,5123.0,51.0,252.8,2627640289.0
783.198,62.0,90196.0,5123.0,51.0,249.424,2627663206.0
783.298,61.0,90196.0,5123.0,50.0,247.955,2627688379.0
783.398,61.0,90196.0,5123.0,50.0,247.687,2627712704.0
783.498,58.0,90196.0,5123.0,50.0,244.939,2627735923.0
783.598,58.0,90196.0,5123.0,50.0,242.962,2627757911.0
783.698,53.0,90196.0,5123.0,49.0,233.614,2627772565.0
783.798,53.0,90196.0,5123.0,48.0,220.835,2627785963.0
783.899,0.0,90196.0,5123.0,48.0,210.105,2627799391.0
783.999,0.0,90196.0,5123.0,48.0,198.547,2627812798.0
784.098,0.0,90196.0,5123.0,47.0,186.989,2627826202.0
784.197,0.0,90196.0,5123.0,47.0,177.002,2627839550.0
784.299,4.0,90196.0,5123.0,47.0,171.352,2627859956.0
784.398,4.0,90196.0,5123.0,49.0,173.176,2627886003.0
784.498,58.0,90196.0,5123.0,50.0,179.882,2627915459.0
784.598,58.0,90196.0,5123.0,50.0,184.058,2627942174.0
784.697,64.0,90196.0,5123.0,51.0,192.205,2627967799.0
784.797,64.0,90196.0,5123.0,51.0,204.006,2627994093.0
784.898,65.0,90196.0,5123.0,51.0,218.824,2628020445.0
784.998,65.0,90196.0,5123.0,51.0,232.366,2628047105.0
785.098,65.0,90196.0,5123.0,51.0,232.366,2628073622.0
785.199,65.0,90196.0,5123.0,51.0,260.47,2628101812.0
785.298,65.0,90196.0,5123.0,51.0,271.895,2628101812.0
785.397,65.0,90196.0,5123.0,51.0,270.671,2628130766.0
785.497,65.0,90196.0,5123.0,51.0,269.034,2628184624.0
785.598,65.0,90196.0,5123.0,51.0,270.868,2628213991.0
785.698,65.0,90196.0,5123.0,51.0,274.589,2628243010.0
785.798,65.0,90196.0,5123.0,51.0,277.793,2628271052.0
785.899,65.0,90196.0,5123.0,52.0,278.286,2628298639.0
785.998,65.0,90196.0,5123.0,51.0,279.981,2628327546.0
786.099,65.0,90196.0,5123.0,52.0,284.348,2628356207.0
786.198,65.0,90196.0,5123.0,52.0,280.905,2628381899.0
786.298,65.0,90196.0,5123.0,52.0,277.902,2628408240.0
786.399,65.0,90196.0,5123.0,52.0,278.603,2628434710.0
786.498,64.0,90196.0,5123.0,52.0,278.698,2628461240.0
786.598,64.0,90196.0,5123.0,52.0,278.904,2628489027.0
786.698,65.0,90196.0,5123.0,52.0,276.3,2628516967.0
786.798,65.0,90196.0,5123.0,52.0,274.509,2628542772.0
786.897,65.0,90196.0,5123.0,52.0,274.192,2628571150.0
786.999,65.0,90196.0,5123.0,52.0,273.185,2628598922.0
787.097,64.0,90196.0,5123.0,52.0,271.467,2628626999.0
787.198,64.0,90196.0,5123.0,52.0,273.652,2628655526.0
787.298,65.0,90196.0,5123.0,52.0,275.019,2628682344.0
787.399,65.0,90196.0,5123.0,52.0,276.767,2628710229.0
787.498,65.0,90196.0,5123.0,52.0,277.682,2628738572.0
787.598,65.0,90196.0,5123.0,52.0,275.859,2628765255.0
787.698,64.0,90196.0,5123.0,52.0,276.957,2628793002.0
787.797,64.0,90196.0,5123.0,52.0,277.544,2628820723.0
787.899,65.0,90196.0,5123.0,52.0,280.058,2628820723.0
787.998,65.0,90196.0,5123.0,52.0,278.19,2628850603.0
788.098,65.0,90196.0,5123.0,52.0,277.314,2628904512.0
788.198,65.0,90196.0,5123.0,52.0,278.728,2628934386.0
788.297,65.0,90196.0,5123.0,52.0,281.635,2628963504.0
788.397,65.0,90196.0,5123.0,52.0,280.058,2628989978.0
788.499,65.0,90196.0,5123.0,52.0,279.409,2629017631.0
788.598,65.0,90196.0,5123.0,52.0,281.809,2629047070.0
788.698,64.0,90196.0,5123.0,52.0,283.346,2629077349.0
788.798,64.0,90196.0,5123.0,52.0,285.539,2629107030.0
788.899,65.0,90196.0,5123.0,52.0,283.795,2629134260.0
788.998,65.0,90196.0,5123.0,52.0,284.673,2629162168.0
789.097,65.0,90196.0,5123.0,52.0,285.731,2629190955.0
789.198,65.0,90196.0,5123.0,52.0,285.874,2629219112.0
789.298,65.0,90196.0,5123.0,52.0,282.335,2629245783.0
789.398,65.0,90196.0,5123.0,52.0,285.096,2629275264.0
789.498,65.0,90196.0,5123.0,52.0,281.968,2629301260.0
789.598,65.0,90196.0,5123.0,52.0,280.927,2629328435.0
789.699,65.0,90196.0,5123.0,52.0,278.304,2629355817.0
789.799,65.0,90196.0,5123.0,52.0,275.411,2629383944.0
789.897,66.0,90196.0,5123.0,52.0,278.495,2629413447.0
789.999,66.0,90196.0,5123.0,52.0,280.36,2629442698.0
790.098,66.0,90196.0,5123.0,52.0,282.046,2629472488.0
790.198,66.0,90196.0,5123.0,52.0,279.878,2629499842.0
790.298,66.0,90196.0,5123.0,52.0,281.765,2629527934.0
790.398,66.0,90196.0,5123.0,52.0,280.877,2629527934.0
790.498,66.0,90196.0,5123.0,52.0,281.074,2629556156.0
790.598,66.0,90196.0,5123.0,52.0,281.966,2629609212.0
790.698,65.0,90196.0,5123.0,52.0,280.317,2629634410.0
790.798,65.0,90196.0,5123.0,52.0,279.436,2629662071.0
790.898,66.0,90196.0,5123.0,52.0,277.365,2629689283.0
790.999,66.0,90196.0,5123.0,52.0,275.046,2629717224.0
791.098,65.0,90196.0,5123.0,52.0,272.721,2629745238.0
791.198,65.0,90196.0,5123.0,52.0,273.684,2629771724.0
791.298,64.0,90196.0,5123.0,51.0,271.295,2629798647.0
791.398,64.0,90196.0,5123.0,51.0,269.725,2629824976.0
791.498,65.0,90196.0,5123.0,51.0,270.379,2629852038.0
791.599,65.0,90196.0,5123.0,51.0,269.571,2629879077.0
791.698,65.0,90196.0,5123.0,51.0,269.478,2629904228.0
791.798,65.0,90196.0,5123.0,51.0,270.873,2629931843.0
791.899,65.0,90196.0,5123.0,51.0,270.884,2629960298.0
791.999,65.0,90196.0,5123.0,51.0,271.787,2629986952.0
792.098,65.0,90196.0,5123.0,51.0,268.358,2630012243.0
792.198,65.0,90196.0,5123.0,51.0,267.51,2630039405.0
792.298,66.0,90196.0,5123.0,51.0,266.905,2630064245.0
792.397,66.0,90196.0,5123.0,51.0,267.532,2630092168.0
792.497,62.0,90196.0,5123.0,51.0,266.478,2630118787.0
792.598,62.0,90196.0,5123.0,51.0,266.414,2630144848.0
792.698,62.0,90196.0,5123.0,51.0,266.508,2630170237.0
792.797,62.0,90196.0,5123.0,51.0,265.815,2630196398.0
792.898,62.0,90196.0,5123.0,51.0,265.815,2630222625.0
792.999,62.0,90196.0,5123.0,51.0,263.916,2630222625.0
793.099,62.0,90196.0,5123.0,51.0,259.56,2630247321.0
793.198,60.0,90196.0,5123.0,51.0,257.062,2630295992.0
793.298,61.0,90196.0,5123.0,51.0,259.548,2630323195.0
793.398,61.0,90196.0,5123.0,51.0,256.654,2630349901.0
793.498,62.0,90196.0,5123.0,51.0,255.741,2630374434.0
793.597,62.0,90196.0,5123.0,51.0,255.293,2630401018.0
793.700,61.0,90196.0,5123.0,51.0,255.15,2630426320.0
793.797,61.0,90196.0,5123.0,51.0,254.792,2630450934.0
793.898,62.0,90196.0,5123.0,50.0,254.983,2630477667.0
793.999,62.0,90196.0,5123.0,50.0,251.217,2630498502.0
794.097,53.0,90196.0,5123.0,49.0,241.14,2630512868.0
794.198,53.0,90196.0,5123.0,48.0,230.082,2630526265.0
794.298,0.0,90196.0,5123.0,48.0,216.395,2630539649.0
794.399,0.0,90196.0,5123.0,48.0,203.648,2630552989.0
794.499,0.0,90196.0,5123.0,47.0,193.466,2630566312.0
794.597,0.0,90196.0,5123.0,47.0,178.617,2630579741.0
794.697,3.0,90196.0,5123.0,48.0,174.567,2630601005.0
794.798,3.0,90196.0,5123.0,49.0,178.625,2630628574.0
794.898,58.0,90196.0,5123.0,50.0,183.128,2630659605.0
794.998,58.0,90196.0,5123.0,50.0,190.018,2630687879.0
795.098,65.0,90196.0,5123.0,51.0,201.301,2630714416.0
795.198,65.0,90196.0,5123.0,51.0,215.5,2630741366.0
795.298,64.0,90196.0,5123.0,51.0,227.38,2630766861.0
795.398,64.0,90196.0,5123.0,51.0,237.646,2630792531.0
795.498,65.0,90196.0,5123.0,51.0,252.562,2630820276.0
795.598,65.0,90196.0,5123.0,51.0,252.562,2630851125.0
795.698,65.0,90196.0,5123.0,51.0,272.466,2630851125.0
795.799,65.0,90196.0,5123.0,51.0,280.274,2630880710.0
795.899,65.0,90196.0,5123.0,51.0,276.785,2630936280.0
795.999,65.0,90196.0,5123.0,51.0,274.756,2630963163.0
796.099,65.0,90196.0,5123.0,51.0,276.709,2630991381.0
796.198,65.0,90196.0,5123.0,51.0,279.589,2631020726.0
796.298,65.0,90196.0,5123.0,51.0,283.324,2631049670.0
796.398,65.0,90196.0,5123.0,52.0,288.497,2631079676.0
796.498,66.0,90196.0,5123.0,52.0,291.077,2631109758.0
796.598,66.0,90196.0,5123.0,52.0,285.288,2631136671.0
796.698,66.0,90196.0,5123.0,52.0,283.933,2631165013.0
796.799,66.0,90196.0,5123.0,52.0,281.808,2631193198.0
796.898,65.0,90196.0,5123.0,52.0,284.014,2631221310.0
796.999,65.0,90196.0,5123.0,52.0,286.619,2631250675.0
797.098,65.0,90196.0,5123.0,52.0,286.808,2631278829.0
797.198,65.0,90196.0,5123.0,52.0,284.577,2631306652.0
797.298,65.0,90196.0,5123.0,52.0,284.529,2631336037.0
797.398,65.0,90196.0,5123.0,52.0,279.251,2631361663.0
797.498,65.0,90196.0,5123.0,52.0,278.142,2631389633.0
797.599,65.0,90196.0,5123.0,52.0,281.295,2631418013.0
797.698,66.0,90196.0,5123.0,52.0,282.75,2631446423.0
797.797,66.0,90196.0,5123.0,52.0,285.55,2631477139.0
797.897,65.0,90196.0,5123.0,52.0,285.582,2631504952.0
797.998,65.0,90196.0,5123.0,52.0,283.188,2631533056.0
798.098,65.0,90196.0,5123.0,52.0,285.344,2631533056.0
798.198,65.0,90196.0,5123.0,52.0,285.369,2631561562.0
798.299,65.0,90196.0,5123.0,52.0,282.383,2631615584.0
798.397,65.0,90196.0,5123.0,52.0,285.319,2631644526.0
798.497,65.0,90196.0,5123.0,52.0,287.357,2631673928.0
798.598,65.0,90196.0,5123.0,52.0,284.088,2631700872.0
798.699,65.0,90196.0,5123.0,52.0,281.593,2631727808.0
798.799,65.0,90196.0,5123.0,52.0,281.47,2631758070.0
798.899,65.0,90196.0,5123.0,52.0,282.825,2631786951.0
798.998,65.0,90196.0,5123.0,52.0,283.948,2631815816.0
799.098,65.0,90196.0,5123.0,52.0,280.691,2631842001.0
799.199,65.0,90196.0,5123.0,52.0,280.215,2631869456.0
799.298,66.0,90196.0,5123.0,52.0,285.687,2631900485.0
799.399,66.0,90196.0,5123.0,52.0,284.352,2631928200.0
799.498,65.0,90196.0,5123.0,52.0,280.351,2631954861.0
799.598,65.0,90196.0,5123.0,52.0,283.395,2631984503.0
799.698,66.0,90196.0,5123.0,52.0,281.728,2632009616.0
799.799,66.0,90196.0,5123.0,52.0,279.64,2632036992.0
799.898,65.0,90196.0,5123.0,52.0,277.342,2632064078.0
799.998,65.0,90196.0,5123.0,52.0,276.47,2632092474.0
800.099,65.0,90196.0,5123.0,52.0,278.26,2632119570.0
800.198,65.0,90196.0,5123.0,52.0,278.024,2632147141.0
800.299,66.0,90196.0,5123.0,52.0,275.866,2632176337.0
800.398,66.0,90196.0,5123.0,52.0,275.507,2632203168.0
800.499,64.0,90196.0,5123.0,52.0,275.086,2632230639.0
800.598,64.0,90196.0,5123.0,52.0,275.086,2632230639.0
800.699,64.0,90196.0,5123.0,52.0,276.43,2632258736.0
800.798,66.0,90196.0,5123.0,52.0,276.765,2632313538.0
800.898,66.0,90196.0,5123.0,52.0,276.69,2632341952.0
800.998,65.0,90196.0,5123.0,52.0,277.66,2632369348.0
801.097,65.0,90196.0,5123.0,52.0,276.041,2632398566.0
801.198,65.0,90196.0,5123.0,52.0,277.525,2632425918.0
801.298,65.0,90196.0,5123.0,51.0,273.844,2632452338.0
801.399,65.0,90196.0,5123.0,52.0,275.288,2632479884.0
801.499,65.0,90196.0,5123.0,52.0,274.909,2632506775.0
801.598,65.0,90196.0,5123.0,51.0,272.179,2632532561.0
801.699,64.0,90196.0,5123.0,51.0,272.636,2632561609.0
801.798,64.0,90196.0,5123.0,51.0,271.697,2632587625.0
801.898,65.0,90196.0,5123.0,51.0,270.389,2632614282.0
801.999,65.0,90196.0,5123.0,51.0,271.282,2632642274.0
802.098,65.0,90196.0,5123.0,51.0,269.595,2632668073.0
802.197,65.0,90196.0,5123.0,51.0,270.197,2632696205.0
802.298,61.0,90196.0,5123.0,51.0,271.13,2632723988.0
802.398,61.0,90196.0,5123.0,51.0,269.842,2632749957.0
802.498,62.0,90196.0,5123.0,51.0,267.798,2632775726.0
802.597,62.0,90196.0,5123.0,51.0,267.439,2632800688.0
802.698,61.0,90196.0,5123.0,51.0,264.863,2632827057.0
802.798,61.0,90196.0,5123.0,51.0,264.353,2632851847.0
802.898,62.0,90196.0,5123.0,51.0,262.157,2632876311.0
802.999,62.0,90196.0,5123.0,51.0,260.0,2632902769.0
803.098,62.0,90196.0,5123.0,51.0,260.0,2632927996.0
803.198,61.0,90196.0,5123.0,51.0,259.831,2632927996.0
803.298,61.0,90196.0,5123.0,51.0,255.175,2632953269.0
803.397,61.0,90196.0,5123.0,51.0,255.293,2633005486.0
803.499,61.0,90196.0,5123.0,51.0,253.614,2633031537.0
803.598,62.0,90196.0,5123.0,51.0,255.744,2633055771.0
803.699,62.0,90196.0,5123.0,51.0,255.034,2633083121.0
803.797,62.0,90196.0,5123.0,51.0,257.186,2633109778.0
803.897,61.0,90196.0,5123.0,51.0,256.061,2633132976.0
803.999,61.0,90196.0,5123.0,50.0,254.369,2633157702.0
804.098,61.0,90196.0,5123.0,50.0,252.861,2633181926.0
804.198,61.0,90196.0,5123.0,50.0,253.305,2633205823.0
804.298,60.0,90196.0,5123.0,50.0,252.033,2633231627.0
804.398,60.0,90196.0,5123.0,50.0,245.073,2633252277.0
804.498,1.0,90196.0,5123.0,49.0,231.962,2633266654.0
804.598,1.0,90196.0,5123.0,48.0,221.176,2633280080.0
804.698,0.0,90196.0,5123.0,48.0,206.791,2633293469.0
804.798,0.0,90196.0,5123.0,48.0,195.389,2633306836.0
804.897,0.0,90196.0,5123.0,47.0,185.869,2633320188.0
804.997,0.0,90196.0,5123.0,47.0,175.023,2633333612.0
805.099,43.0,90196.0,5123.0,47.0,173.611,2633353239.0
805.197,43.0,90196.0,5123.0,49.0,179.219,2633383727.0
805.298,64.0,90196.0,5123.0,50.0,183.135,2633414261.0
805.398,64.0,90196.0,5123.0,50.0,190.101,2633440465.0
805.499,65.0,90196.0,5123.0,50.0,202.927,2633465856.0
805.598,65.0,90196.0,5123.0,51.0,216.09,2633492048.0
805.699,65.0,90196.0,5123.0,51.0,228.552,2633520658.0
805.798,65.0,90196.0,5123.0,51.0,243.407,2633520658.0
805.899,65.0,90196.0,5123.0,51.0,254.336,2633547411.0
805.998,65.0,90196.0,5123.0,51.0,272.257,2633602553.0
806.098,65.0,90196.0,5123.0,51.0,278.859,2633630856.0
806.198,65.0,90196.0,5123.0,51.0,275.816,2633659622.0
806.298,64.0,90196.0,5123.0,51.0,271.267,2633685090.0
806.398,64.0,90196.0,5123.0,51.0,272.348,2633711698.0
806.498,65.0,90196.0,5123.0,51.0,274.114,2633738985.0
806.598,65.0,90196.0,5123.0,51.0,276.13,2633766864.0
806.698,65.0,90196.0,5123.0,51.0,277.065,2633796906.0
806.798,65.0,90196.0,5123.0,51.0,280.409,2633825229.0
806.899,64.0,90196.0,5123.0,52.0,280.96,2633852499.0
806.998,64.0,90196.0,5123.0,52.0,280.734,2633881483.0
807.099,65.0,90196.0,5123.0,52.0,281.98,2633911267.0
807.198,65.0,90196.0,5123.0,52.0,282.55,2633940754.0
807.298,64.0,90196.0,5123.0,52.0,285.541,2633968305.0
807.398,64.0,90196.0,5123.0,52.0,286.559,2633996300.0
807.498,65.0,90196.0,5123.0,51.0,287.884,2634024075.0
807.598,65.0,90196.0,5123.0,52.0,289.59,2634053233.0
807.697,65.0,90196.0,5123.0,52.0,288.078,2634081600.0
807.797,65.0,90196.0,5123.0,52.0,288.976,2634110280.0
807.899,65.0,90196.0,5123.0,52.0,289.986,2634138467.0
807.998,65.0,90196.0,5123.0,52.0,290.944,2634168538.0
808.099,65.0,90196.0,5123.0,52.0,289.57,2634198312.0
808.198,65.0,90196.0,5123.0,52.0,285.909,2634224119.0
808.298,64.0,90196.0,5123.0,52.0,287.189,2634224119.0
808.399,64.0,90196.0,5123.0,52.0,288.749,2634252421.0
808.497,65.0,90196.0,5123.0,52.0,288.714,2634309841.0
808.597,65.0,90196.0,5123.0,52.0,287.553,2634338363.0
808.697,65.0,90196.0,5123.0,52.0,287.335,2634366559.0
808.798,65.0,90196.0,5123.0,52.0,285.343,2634394899.0
808.899,66.0,90196.0,5123.0,52.0,284.3,2634421503.0
808.999,66.0,90196.0,5123.0,52.0,279.6,2634447401.0
809.098,65.0,90196.0,5123.0,52.0,280.002,2634476459.0
809.198,65.0,90196.0,5123.0,52.0,282.17,2634504317.0
809.298,65.0,90196.0,5123.0,52.0,278.797,2634531509.0
809.399,65.0,90196.0,5123.0,52.0,278.723,2634559615.0
809.498,65.0,90196.0,5123.0,52.0,276.225,2634585976.0
809.597,65.0,90196.0,5123.0,52.0,278.289,2634616046.0
809.697,65.0,90196.0,5123.0,52.0,277.489,2634643504.0
809.797,65.0,90196.0,5123.0,52.0,278.191,2634672432.0
809.898,65.0,90196.0,5123.0,52.0,281.629,2634701834.0
809.999,65.0,90196.0,5123.0,52.0,282.968,2634730021.0
810.098,65.0,90196.0,5123.0,52.0,281.761,2634758730.0
810.198,65.0,90196.0,5123.0,52.0,281.764,2634785409.0
810.298,65.0,90196.0,5123.0,52.0,282.382,2634813279.0
810.399,65.0,90196.0,5123.0,52.0,279.402,2634840846.0
810.498,65.0,90196.0,5123.0,52.0,280.024,2634867235.0
810.598,65.0,90196.0,5123.0,52.0,275.445,2634892622.0
810.698,66.0,90196.0,5123.0,52.0,274.532,2634918733.0
810.799,66.0,90196.0,5123.0,52.0,274.532,2634947481.0
810.898,66.0,90196.0,5123.0,52.0,273.687,2634947481.0
810.998,65.0,90196.0,5123.0,52.0,273.093,2634973721.0
811.098,65.0,90196.0,5123.0,52.0,276.231,2635033111.0
811.198,66.0,90196.0,5123.0,52.0,276.196,2635060319.0
811.298,66.0,90196.0,5123.0,52.0,274.078,2635088497.0
811.399,66.0,90196.0,5123.0,52.0,275.525,2635117951.0
811.497,66.0,90196.0,5123.0,52.0,278.013,2635146278.0
811.598,64.0,90196.0,5123.0,52.0,279.008,2635172690.0
811.698,64.0,90196.0,5123.0,51.0,280.314,2635200984.0
811.798,66.0,90196.0,5123.0,52.0,281.874,2635228503.0
811.898,66.0,90196.0,5123.0,52.0,282.108,2635257914.0
811.998,64.0,90196.0,5123.0,52.0,281.738,2635284216.0
812.098,64.0,90196.0,5123.0,51.0,276.631,2635310673.0
812.198,65.0,90196.0,5123.0,51.0,273.98,2635337557.0
812.297,65.0,90196.0,5123.0,51.0,275.244,2635364395.0
812.398,65.0,90196.0,5123.0,51.0,274.216,2635391709.0
812.498,65.0,90196.0,5123.0,51.0,271.851,2635419155.0
812.598,65.0,90196.0,5123.0,51.0,270.897,2635444431.0
812.698,65.0,90196.0,5123.0,51.0,268.812,2635468960.0
812.799,62.0,90196.0,5123.0,51.0,267.513,2635496944.0
812.899,62.0,90196.0,5123.0,51.0,266.666,2635522284.0
812.999,61.0,90196.0,5123.0,51.0,263.05,2635548969.0
813.098,61.0,90196.0,5123.0,51.0,263.755,2635575327.0
813.199,62.0,90196.0,5123.0,51.0,264.138,2635600175.0
813.298,62.0,90196.0,5123.0,51.0,262.658,2635627598.0
813.399,62.0,90196.0,5123.0,51.0,261.174,2635627598.0
813.498,62.0,90196.0,5123.0,51.0,261.114,2635654305.0
813.598,62.0,90196.0,5123.0,51.0,258.142,2635706226.0
813.698,62.0,90196.0,5123.0,51.0,261.482,2635733429.0
813.798,62.0,90196.0,5123.0,51.0,263.392,2635757274.0
813.899,62.0,90196.0,5123.0,51.0,260.559,2635782604.0
813.998,61.0,90196.0,5123.0,51.0,260.875,2635808641.0
814.098,61.0,90196.0,5123.0,51.0,260.098,2635833141.0
814.198,60.0,90196.0,5123.0,51.0,257.913,2635857770.0
814.299,60.0,90196.0,5123.0,50.0,257.054,2635882234.0
814.398,61.0,90196.0,5123.0,50.0,251.111,2635906322.0
814.499,60.0,90196.0,5123.0,50.0,248.287,2635928767.0
814.598,60.0,90196.0,5123.0,50.0,244.676,2635951347.0
814.698,58.0,90196.0,5123.0,50.0,239.355,2635974220.0
814.798,58.0,90196.0,5123.0,50.0,232.996,2635994908.0
814.898,5.0,90196.0,5123.0,49.0,222.04,2636009819.0
814.998,5.0,90196.0,5123.0,48.0,209.443,2636023169.0
815.098,0.0,90196.0,5123.0,48.0,198.964,2636036536.0
815.197,0.0,90196.0,5123.0,48.0,187.696,2636049887.0
815.298,0.0,90196.0,5123.0,47.0,176.401,2636063331.0
815.399,0.0,90196.0,5123.0,47.0,174.575,2636078745.0
815.499,55.0,90196.0,5123.0,49.0,177.26,2636104587.0
815.599,55.0,90196.0,5123.0,50.0,180.342,2636129905.0
815.699,65.0,90196.0,5123.0,50.0,183.761,2636156793.0
815.798,65.0,90196.0,5123.0,50.0,191.559,2636182711.0
815.899,65.0,90196.0,5123.0,50.0,204.753,2636209205.0
815.999,65.0,90196.0,5123.0,50.0,204.753,2636209205.0
816.099,65.0,90196.0,5123.0,50.0,216.811,2636234731.0
816.198,65.0,90196.0,5123.0,50.0,229.197,2636287605.0
816.298,65.0,90196.0,5123.0,50.0,243.974,2636315074.0
816.398,65.0,90196.0,5123.0,51.0,253.951,2636342496.0
816.498,65.0,90196.0,5123.0,50.0,261.569,2636368055.0
816.598,65.0,90196.0,5123.0,51.0,263.074,2636394082.0
816.698,65.0,90196.0,5123.0,51.0,262.523,2636420383.0
816.799,65.0,90196.0,5123.0,51.0,262.538,2636446019.0
816.898,65.0,90196.0,5123.0,51.0,261.568,2636472616.0
816.998,64.0,90196.0,5123.0,51.0,262.764,2636498496.0
817.098,64.0,90196.0,5123.0,51.0,263.728,2636525507.0
817.198,63.0,90196.0,5123.0,51.0,263.431,2636550120.0
817.298,63.0,90196.0,5123.0,51.0,262.042,2636575784.0
817.398,65.0,90196.0,5123.0,51.0,260.74,2636602095.0
817.499,64.0,90196.0,5123.0,51.0,260.448,2636627961.0
817.598,64.0,90196.0,5123.0,51.0,259.876,2636653885.0
817.698,65.0,90196.0,5123.0,51.0,259.686,2636679112.0
817.798,65.0,90196.0,5123.0,51.0,259.304,2636705625.0
817.899,64.0,90196.0,5123.0,51.0,257.782,2636732300.0
817.999,64.0,90196.0,5123.0,51.0,256.608,2636757120.0
818.099,65.0,90196.0,5123.0,51.0,256.947,2636783190.0
818.198,65.0,90196.0,5123.0,51.0,258.059,2636809193.0
818.298,65.0,90196.0,5123.0,51.0,258.344,2636835044.0
818.398,65.0,90196.0,5123.0,51.0,257.715,2636861560.0
818.499,65.0,90196.0,5123.0,51.0,259.815,2636886947.0
818.598,65.0,90196.0,5123.0,51.0,259.815,2636915107.0
818.699,65.0,90196.0,5123.0,51.0,260.392,2636915107.0
818.798,64.0,90196.0,5123.0,51.0,259.714,2636939738.0
818.898,64.0,90196.0,5123.0,51.0,261.295,2636994017.0
818.998,65.0,90196.0,5123.0,51.0,261.036,2637019785.0
819.098,65.0,90196.0,5123.0,51.0,261.927,2637046441.0
819.198,63.0,90196.0,5123.0,51.0,262.677,2637071907.0
819.299,63.0,90196.0,5123.0,51.0,262.821,2637098689.0
819.398,65.0,90196.0,5123.0,51.0,263.727,2637123921.0
819.498,65.0,90196.0,5123.0,51.0,263.459,2637150330.0
819.598,64.0,90196.0,5123.0,51.0,263.256,2637176773.0
819.698,64.0,90196.0,5123.0,51.0,261.152,2637202043.0
819.798,65.0,90196.0,5123.0,51.0,262.257,2637228557.0
819.899,65.0,90196.0,5123.0,51.0,261.985,2637254110.0
819.998,65.0,90196.0,5123.0,51.0,260.478,2637280318.0
820.098,65.0,90196.0,5123.0,51.0,261.651,2637306532.0
820.198,62.0,90196.0,5123.0,51.0,260.574,2637332547.0
820.298,62.0,90196.0,5123.0,51.0,259.22,2637357536.0
820.398,62.0,90196.0,5123.0,51.0,258.467,2637383090.0
820.499,62.0,90196.0,5123.0,51.0,257.103,2637407897.0
820.601,62.0,90196.0,5123.0,51.0,256.179,2637433775.0
820.697,62.0,90196.0,5123.0,51.0,255.54,2637458991.0
820.799,62.0,90196.0,5123.0,51.0,255.657,2637485973.0
820.899,62.0,90196.0,5123.0,51.0,255.317,2637512232.0
820.998,62.0,90196.0,5123.0,51.0,255.13,2637538276.0
821.098,62.0,90196.0,5123.0,51.0,255.508,2637538276.0
821.198,62.0,90196.0,5123.0,51.0,256.611,2637564873.0
821.298,62.0,90196.0,5123.0,51.0,257.184,2637591851.0
821.398,62.0,90196.0,5123.0,51.0,258.481,2637643041.0
821.498,62.0,90196.0,5123.0,51.0,259.118,2637669043.0
821.598,62.0,90196.0,5123.0,51.0,260.537,2637694500.0
821.698,62.0,90196.0,5123.0,51.0,259.945,2637718291.0
821.798,62.0,90196.0,5123.0,51.0,257.95,2637745087.0
821.899,62.0,90196.0,5123.0,51.0,259.529,2637769351.0
821.998,61.0,90196.0,5123.0,51.0,257.275,2637795325.0
822.098,61.0,90196.0,5123.0,51.0,258.985,2637822654.0
822.197,61.0,90196.0,5123.0,51.0,258.259,2637849924.0
822.298,61.0,90196.0,5123.0,51.0,260.794,2637875774.0
822.398,61.0,90196.0,5123.0,51.0,260.101,2637901142.0
822.498,61.0,90196.0,5123.0,51.0,258.137,2637926451.0
822.598,61.0,90196.0,5123.0,51.0,258.524,2637952168.0
822.698,61.0,90196.0,5123.0,51.0,262.045,2637977658.0
822.798,61.0,90196.0,5123.0,51.0,260.543,2638002735.0
822.898,61.0,90196.0,5123.0,51.0,261.874,2638028380.0
822.998,61.0,90196.0,5123.0,51.0,260.779,2638054430.0
823.098,61.0,90196.0,5123.0,51.0,260.202,2638080823.0
823.198,61.0,90196.0,5123.0,50.0,257.437,2638106456.0
823.299,61.0,90196.0,5123.0,50.0,256.396,2638131559.0
823.399,61.0,90196.0,5123.0,50.0,256.049,2638156130.0
823.498,62.0,90196.0,5123.0,50.0,253.422,2638179474.0
823.599,62.0,90196.0,5123.0,50.0,251.195,2638202560.0
823.698,62.0,90196.0,5123.0,50.0,249.368,2638202560.0
823.798,62.0,90196.0,5123.0,50.0,245.837,2638227087.0
823.898,60.0,90196.0,5123.0,50.0,245.702,2638274498.0
823.998,60.0,90196.0,5123.0,50.0,245.832,2638301047.0
824.099,61.0,90196.0,5123.0,50.0,242.298,2638324403.0
824.198,61.0,90196.0,5123.0,50.0,241.084,2638348884.0
824.298,59.0,90196.0,5123.0,50.0,238.501,2638370484.0
824.398,59.0,90196.0,5123.0,50.0,237.897,2638395962.0
824.498,57.0,90196.0,5123.0,50.0,239.395,2638419337.0
824.598,57.0,90196.0,5123.0,50.0,239.977,2638443526.0
824.698,58.0,90196.0,5123.0,50.0,238.912,2638466747.0
824.798,58.0,90196.0,5123.0,50.0,239.231,2638490915.0
824.899,58.0,90196.0,5123.0,50.0,236.927,2638512754.0
824.998,58.0,90196.0,5123.0,49.0,230.603,2638535116.0
825.097,17.0,90196.0,5123.0,48.0,220.739,2638550315.0
825.198,17.0,90196.0,5123.0,48.0,210.216,2638563515.0
825.298,0.0,90196.0,5123.0,47.0,200.861,2638576711.0
825.398,0.0,90196.0,5123.0,47.0,190.242,2638589891.0
825.498,0.0,90196.0,5123.0,47.0,179.137,2638603054.0
825.598,0.0,90196.0,5123.0,47.0,169.189,2638616052.0
825.698,0.0,90196.0,5123.0,47.0,158.004,2638629163.0
825.799,0.0,90196.0,5123.0,47.0,149.415,2638642229.0
825.899,0.0,90196.0,5123.0,46.0,140.064,2638655271.0
825.999,0.0,90196.0,5123.0,46.0,131.859,2638668330.0
826.099,0.0,90196.0,5123.0,46.0,131.036,2638681347.0
826.198,0.0,90196.0,5123.0,46.0,130.883,2638694379.0
826.299,0.0,90196.0,5123.0,46.0,130.72,2638707406.0
826.397,0.0,90196.0,5123.0,46.0,130.559,2638707406.0
826.499,0.0,90196.0,5123.0,46.0,130.501,2638720431.0
826.599,0.0,90196.0,5123.0,46.0,130.425,2638733495.0
826.699,0.0,90196.0,5123.0,46.0,130.266,2638759427.0
826.798,0.0,90196.0,5123.0,46.0,130.237,2638772442.0
826.899,0.0,90196.0,5123.0,46.0,130.151,2638785436.0
826.998,0.0,90196.0,5123.0,46.0,130.164,2638798483.0
827.099,0.0,90196.0,5123.0,46.0,130.13,2638811482.0
827.198,0.0,90196.0,5123.0,46.0,130.101,2638824445.0
827.299,0.0,90196.0,5123.0,46.0,130.048,2638837434.0
827.399,0.0,90196.0,5123.0,46.0,130.001,2638850436.0
827.498,0.0,90196.0,5123.0,46.0,129.994,2638863425.0
827.599,0.0,90196.0,5123.0,46.0,130.095,2638876499.0
827.698,0.0,90196.0,5123.0,46.0,130.047,2638889490.0
827.799,0.0,90196.0,5123.0,46.0,129.988,2638902441.0
827.899,0.0,90196.0,5123.0,46.0,130.012,2638915413.0
827.999,0.0,90196.0,5123.0,46.0,129.965,2638928456.0
828.098,0.0,90196.0,5123.0,46.0,129.947,2638941399.0
828.198,0.0,90196.0,5123.0,46.0,129.922,2638954399.0
828.299,0.0,90196.0,5123.0,46.0,129.952,2638967363.0
828.398,0.0,90196.0,5123.0,46.0,129.947,2638980343.0
828.498,0.0,90196.0,5123.0,46.0,129.895,2638993309.0
828.598,0.0,90196.0,5123.0,46.0,129.793,2639006288.0
828.699,0.0,90196.0,5123.0,46.0,129.785,2639019240.0
828.798,0.0,90196.0,5123.0,46.0,129.787,2639032189.0
828.899,0.0,90196.0,5123.0,46.0,129.734,2639045138.0
828.999,0.0,90196.0,5123.0,46.0,129.752,2639058116.0
829.099,0.0,90196.0,5123.0,46.0,129.804,2639071090.0
829.199,0.0,90196.0,5123.0,46.0,129.84,2639084138.0
829.299,0.0,90196.0,5123.0,46.0,129.807,2639097132.0
829.399,0.0,90196.0,5123.0,46.0,129.807,2639097132.0
829.499,0.0,90196.0,5123.0,46.0,129.782,2639110136.0
829.598,0.0,90196.0,5123.0,46.0,129.774,2639123087.0
829.698,0.0,90196.0,5123.0,46.0,129.738,2639149002.0
829.799,0.0,90196.0,5123.0,46.0,129.792,2639161956.0
829.898,0.0,90196.0,5123.0,46.0,129.799,2639174887.0
829.999,0.0,90196.0,5123.0,46.0,129.787,2639187863.0
830.099,0.0,90196.0,5123.0,46.0,129.804,2639200870.0
830.199,0.0,90196.0,5123.0,46.0,129.765,2639213862.0
830.299,0.0,90196.0,5123.0,45.0,129.742,2639226817.0
830.399,0.0,90196.0,5123.0,46.0,129.694,2639239755.0
830.499,0.0,90196.0,5123.0,45.0,129.676,2639252697.0
830.599,0.0,90196.0,5123.0,45.0,129.67,2639265625.0
830.699,0.0,90196.0,5123.0,45.0,129.663,2639278560.0
830.798,0.0,90196.0,5123.0,45.0,129.627,2639291533.0
830.899,0.0,90196.0,5123.0,45.0,129.658,2639304506.0
830.999,0.0,90196.0,5123.0,45.0,129.699,2639317486.0
831.098,0.0,90196.0,5123.0,45.0,129.699,2639330475.0
831.198,0.0,90196.0,5123.0,45.0,129.68,2639343438.0
831.298,0.0,90196.0,5123.0,45.0,129.776,2639356441.0
831.398,0.0,90196.0,5123.0,45.0,129.795,2639369436.0
831.499,0.0,90196.0,5123.0,45.0,129.765,2639382361.0
831.598,0.0,90196.0,5123.0,45.0,129.76,2639395307.0
831.699,0.0,90196.0,5123.0,45.0,129.758,2639408233.0
831.798,0.0,90196.0,5123.0,45.0,129.758,2639421199.0
831.899,0.0,90196.0,5123.0,45.0,129.733,2639434160.0
831.998,0.0,90196.0,5123.0,45.0,129.721,2639447126.0
832.098,0.0,90196.0,5123.0,45.0,129.638,2639460064.0
832.198,0.0,90196.0,5123.0,45.0,129.609,2639472981.0
832.298,0.0,90196.0,5123.0,45.0,129.609,2639485940.0
832.398,0.0,90196.0,5123.0,45.0,129.555,2639485940.0
832.499,0.0,90196.0,5123.0,45.0,129.52,2639498889.0
832.599,0.0,90196.0,5123.0,45.0,129.542,2639511828.0
832.699,0.0,90196.0,5123.0,45.0,129.602,2639537760.0
832.799,0.0,90196.0,5123.0,45.0,129.609,2639550713.0
832.899,0.0,90196.0,5123.0,45.0,129.604,2639563675.0
832.998,0.0,90196.0,5123.0,45.0,129.616,2639576620.0
833.098,0.0,90196.0,5123.0,45.0,129.581,2639589553.0
833.198,0.0,90196.0,5123.0,45.0,129.583,2639602508.0
833.298,0.0,90196.0,5123.0,45.0,129.625,2639615448.0
833.398,0.0,90196.0,5123.0,45.0,129.613,2639628423.0
833.498,0.0,90196.0,5123.0,45.0,129.626,2639641381.0
833.599,0.0,90196.0,5123.0,45.0,129.644,2639654356.0
833.698,0.0,90196.0,5123.0,45.0,129.656,2639667314.0
833.798,0.0,90196.0,5123.0,45.0,129.667,2639680279.0
833.898,0.0,90196.0,5123.0,45.0,129.662,2639693235.0
833.999,0.0,90196.0,5123.0,45.0,129.657,2639706193.0
834.098,0.0,90196.0,5123.0,45.0,129.663,2639719141.0
834.198,0.0,90196.0,5123.0,45.0,129.675,2639732090.0
834.298,0.0,90196.0,5123.0,45.0,129.65,2639745043.0
834.399,0.0,90196.0,5123.0,45.0,129.62,2639757982.0
834.499,0.0,90196.0,5123.0,45.0,129.596,2639770912.0
834.599,0.0,90196.0,5123.0,45.0,129.577,2639783866.0
834.699,0.0,90196.0,5123.0,45.0,129.556,2639796800.0
834.799,0.0,90196.0,5123.0,45.0,129.537,2639809755.0
834.899,0.0,90196.0,5123.0,45.0,129.535,2639822688.0
834.998,0.0,90196.0,5123.0,45.0,129.517,2639835643.0
835.098,0.0,90196.0,5123.0,45.0,129.5,2639848561.0
835.198,0.0,90196.0,5123.0,45.0,129.51,2639861509.0
835.299,0.0,90196.0,5123.0,45.0,129.51,2639874473.0
835.398,0.0,90196.0,5123.0,45.0,129.529,2639874473.0
835.498,0.0,90196.0,5123.0,45.0,129.556,2639887421.0
835.598,0.0,90196.0,5123.0,45.0,129.536,2639900373.0
835.699,0.0,90196.0,5123.0,45.0,129.568,2639926277.0
835.799,0.0,90196.0,5123.0,45.0,129.564,2639939230.0
835.899,0.0,90196.0,5123.0,45.0,129.571,2639952187.0
835.999,0.0,90196.0,5123.0,45.0,129.577,2639965134.0
836.098,0.0,90196.0,5123.0,45.0,129.568,2639978082.0
836.198,0.0,90196.0,5123.0,45.0,129.587,2639991033.0
836.298,0.0,90196.0,5123.0,45.0,129.576,2640003966.0
836.399,0.0,90196.0,5123.0,45.0,129.57,2640016939.0
836.498,0.0,90196.0,5123.0,45.0,129.546,2640029870.0
836.598,0.0,90196.0,5123.0,45.0,129.56,2640042815.0
836.698,0.0,90196.0,5123.0,45.0,129.542,2640055764.0
836.799,0.0,90196.0,5123.0,45.0,129.531,2640068713.0
836.899,0.0,90196.0,5123.0,45.0,129.536,2640081662.0
836.999,0.0,90196.0,5123.0,45.0,129.533,2640094608.0
837.099,0.0,90196.0,5123.0,45.0,129.547,2640107565.0
837.199,0.0,90196.0,5123.0,45.0,129.567,2640120511.0
837.299,0.0,90196.0,5123.0,45.0,129.57,2640133470.0
837.399,0.0,90196.0,5123.0,45.0,129.57,2640146416.0
837.499,0.0,90196.0,5123.0,45.0,129.568,2640159372.0
837.598,0.0,90196.0,5123.0,45.0,129.573,2640172315.0
837.698,0.0,90196.0,5123.0,45.0,129.573,2640185255.0
837.798,0.0,90196.0,5123.0,45.0,129.584,2640198226.0
837.899,0.0,90196.0,5123.0,45.0,129.577,2640211175.0
837.998,0.0,90196.0,5123.0,45.0,129.577,2640224120.0
838.098,0.0,90196.0,5123.0,45.0,129.577,2640237069.0
838.198,0.0,90196.0,5123.0,45.0,129.583,2640237069.0
838.299,0.0,90196.0,5123.0,45.0,129.592,2640250019.0
838.399,0.0,90196.0,5123.0,45.0,129.571,2640262962.0
838.499,0.0,90196.0,5123.0,45.0,129.589,2640288865.0
838.598,0.0,90196.0,5123.0,45.0,129.567,2640301794.0
838.698,0.0,90196.0,5123.0,45.0,129.577,2640314755.0
838.798,0.0,90196.0,5123.0,45.0,129.583,2640327711.0
838.898,0.0,90196.0,5123.0,45.0,129.566,2640340669.0
838.999,0.0,90196.0,5123.0,45.0,129.566,2640353598.0
839.099,0.0,90196.0,5123.0,45.0,129.556,2640366533.0
839.198,0.0,90196.0,5123.0,45.0,129.543,2640379481.0
839.299,0.0,90196.0,5123.0,45.0,129.526,2640392416.0
839.399,0.0,90196.0,5123.0,45.0,129.523,2640405369.0
839.499,0.0,90196.0,5123.0,45.0,129.535,2640418324.0
839.599,0.0,90196.0,5123.0,45.0,129.546,2640431272.0
839.699,0.0,90196.0,5123.0,45.0,129.527,2640444232.0
839.799,0.0,90196.0,5123.0,45.0,129.524,2640457165.0
839.899,0.0,90196.0,5123.0,45.0,129.507,2640470123.0
839.998,0.0,90196.0,5123.0,45.0,129.52,2640483056.0
840.099,0.0,90196.0,5123.0,45.0,129.532,2640496011.0
840.199,0.0,90196.0,5123.0,45.0,129.547,2640508957.0
840.298,0.0,90196.0,5123.0,45.0,129.542,2640521898.0
840.398,0.0,90196.0,5123.0,45.0,129.516,2640534839.0
840.499,0.0,90196.0,5123.0,45.0,129.497,2640547769.0
840.599,0.0,90196.0,5123.0,45.0,129.462,2640560669.0
840.698,0.0,90196.0,5123.0,45.0,129.431,2640573593.0
840.799,0.0,90196.0,5123.0,45.0,129.452,2640586526.0
840.898,0.0,90196.0,5123.0,45.0,129.434,2640599478.0
840.999,0.0,90196.0,5123.0,45.0,129.429,2640612424.0
841.099,0.0,90196.0,5123.0,45.0,129.401,2640625350.0
841.198,0.0,90196.0,5123.0,45.0,129.401,2640638272.0
841.299,0.0,90196.0,5123.0,45.0,129.4,2640638272.0
841.398,0.0,90196.0,5123.0,45.0,129.397,2640651195.0
841.499,0.0,90196.0,5123.0,45.0,129.415,2640664148.0
841.598,0.0,90196.0,5123.0,45.0,129.443,2640690039.0
841.699,0.0,90196.0,5123.0,45.0,129.462,2640702970.0
841.799,0.0,90196.0,5123.0,45.0,129.479,2640715910.0
841.899,0.0,90196.0,5123.0,45.0,129.467,2640728853.0
841.999,0.0,90196.0,5123.0,45.0,129.463,2640741802.0
842.099,0.0,90196.0,5123.0,45.0,129.467,2640754729.0
842.198,0.0,90196.0,5123.0,45.0,129.476,2640767670.0
842.299,0.0,90196.0,5123.0,45.0,129.464,2640780601.0
842.399,0.0,90196.0,5123.0,45.0,129.467,2640793556.0
842.499,0.0,90196.0,5123.0,45.0,129.449,2640806483.0
842.599,0.0,90196.0,5123.0,45.0,129.444,2640819421.0
842.699,0.0,90196.0,5123.0,45.0,129.444,2640832343.0
842.798,0.0,90196.0,5123.0,45.0,129.436,2640845285.0
842.898,0.0,90196.0,5123.0,45.0,129.436,2640858225.0
842.998,0.0,90196.0,5123.0,45.0,129.43,2640871161.0
843.098,0.0,90196.0,5123.0,45.0,129.449,2640884108.0
843.199,0.0,90196.0,5123.0,45.0,129.455,2640897046.0
843.299,0.0,90196.0,5123.0,45.0,129.472,2640910001.0
843.399,0.0,90196.0,5123.0,45.0,129.484,2640922946.0
843.499,0.0,90196.0,5123.0,45.0,129.49,2640935887.0
843.599,0.0,90196.0,5123.0,45.0,129.477,2640948826.0
843.699,0.0,90196.0,5123.0,45.0,129.492,2640961756.0
843.799,0.0,90196.0,5123.0,45.0,129.497,2640974707.0
843.899,0.0,90196.0,5123.0,45.0,129.485,2640987640.0
843.999,0.0,90196.0,5123.0,45.0,129.49,2641000585.0
844.098,0.0,90196.0,5123.0,45.0,129.483,2641013533.0
844.198,0.0,90196.0,5123.0,45.0,129.478,2641026462.0
844.298,0.0,90196.0,5123.0,45.0,129.478,2641039408.0
844.399,0.0,90196.0,5123.0,45.0,129.463,2641039408.0
844.498,0.0,90196.0,5123.0,45.0,129.457,2641052338.0
844.599,0.0,90196.0,5123.0,45.0,129.467,2641065294.0
844.698,0.0,90196.0,5123.0,45.0,129.482,2641091178.0
844.799,0.0,90196.0,5123.0,45.0,129.473,2641104122.0
844.899,0.0,90196.0,5123.0,45.0,129.485,2641117065.0
844.998,0.0,90196.0,5123.0,45.0,129.486,2641130004.0
845.099,0.0,90196.0,5123.0,45.0,129.499,2641142956.0
845.199,0.0,90196.0,5123.0,45.0,129.486,2641155894.0
845.299,0.0,90196.0,5123.0,45.0,129.483,2641168822.0
845.398,0.0,90196.0,5123.0,45.0,129.476,2641181744.0
845.499,0.0,90196.0,5123.0,45.0,129.472,2641194670.0
845.598,0.0,90196.0,5123.0,45.0,129.451,2641207617.0
845.699,0.0,90196.0,5123.0,45.0,129.433,2641220560.0
845.799,0.0,90196.0,5123.0,45.0,129.434,2641233501.0
845.899,0.0,90196.0,5123.0,45.0,129.421,2641246438.0
845.999,0.0,90196.0,5123.0,45.0,129.421,2641259371.0
846.099,0.0,90196.0,5123.0,45.0,129.413,2641272318.0
846.199,0.0,90196.0,5123.0,45.0,129.414,2641285246.0
846.299,0.0,90196.0,5123.0,45.0,129.42,2641298188.0
846.399,0.0,90196.0,5123.0,45.0,129.44,2641311125.0
846.499,0.0,90196.0,5123.0,45.0,129.434,2641324067.0
846.599,0.0,90196.0,5123.0,45.0,129.436,2641336983.0
846.698,0.0,90196.0,5123.0,45.0,129.424,2641349909.0
846.798,0.0,90196.0,5123.0,45.0,129.423,2641362838.0
846.899,0.0,90196.0,5123.0,45.0,129.411,2641375773.0
846.999,0.0,90196.0,5123.0,45.0,129.41,2641388714.0
847.099,0.0,90196.0,5123.0,45.0,129.417,2641401640.0
847.198,0.0,90196.0,5123.0,45.0,129.416,2641414576.0
847.299,0.0,90196.0,5123.0,45.0,129.416,2641427513.0
847.398,0.0,90196.0,5123.0,45.0,129.41,2641427513.0
847.498,0.0,90196.0,5123.0,45.0,129.403,2641440452.0
847.598,0.0,90196.0,5123.0,45.0,129.416,2641453388.0
847.699,0.0,90196.0,5123.0,45.0,129.421,2641479282.0
847.798,0.0,90196.0,5123.0,45.0,129.421,2641492208.0
847.898,0.0,90196.0,5123.0,45.0,129.408,2641505140.0
847.998,0.0,90196.0,5123.0,45.0,129.42,2641518085.0
848.099,0.0,90196.0,5123.0,45.0,129.423,2641531016.0
848.199,0.0,90196.0,5123.0,45.0,129.422,2641543962.0
848.299,0.0,90196.0,5123.0,45.0,129.398,2641556898.0
848.398,0.0,90196.0,5123.0,45.0,129.402,2641569829.0
848.499,0.0,90196.0,5123.0,45.0,129.39,2641582743.0
848.599,0.0,90196.0,5123.0,45.0,129.389,2641595676.0
848.698,0.0,90196.0,5123.0,45.0,129.384,2641608600.0
848.799,0.0,90196.0,5123.0,45.0,129.377,2641621542.0
848.899,0.0,90196.0,5123.0,45.0,129.402,2641634485.0
848.998,0.0,90196.0,5123.0,45.0,129.414,2641647429.0
849.099,0.0,90196.0,5123.0,45.0,129.431,2641660365.0
849.198,0.0,90196.0,5123.0,45.0,129.407,2641673284.0
849.299,0.0,90196.0,5123.0,45.0,129.413,2641686229.0
849.398,0.0,90196.0,5123.0,45.0,129.427,2641699156.0
849.499,0.0,90196.0,5123.0,45.0,129.433,2641712102.0
849.599,0.0,90196.0,5123.0,45.0,129.428,2641725014.0
849.699,0.0,90196.0,5123.0,45.0,129.427,2641737950.0
849.799,0.0,90196.0,5123.0,45.0,129.402,2641750876.0
849.899,0.0,90196.0,5123.0,45.0,129.401,2641763815.0
849.998,0.0,90196.0,5123.0,45.0,129.384,2641776767.0
850.098,0.0,90196.0,5123.0,45.0,129.397,2641789690.0
850.199,0.0,90196.0,5123.0,45.0,129.409,2641802645.0
850.299,0.0,90196.0,5123.0,45.0,129.407,2641815556.0
850.398,0.0,90196.0,5123.0,45.0,129.418,2641828515.0
850.499,0.0,90196.0,5123.0,45.0,129.418,2641828515.0
850.598,0.0,90196.0,5123.0,45.0,129.401,2641841442.0
850.698,0.0,90196.0,5123.0,45.0,129.427,2641854363.0
850.799,0.0,90196.0,5123.0,45.0,129.421,2641880249.0
850.899,0.0,90196.0,5123.0,45.0,129.427,2641893176.0
850.998,0.0,90196.0,5123.0,45.0,129.414,2641906106.0
851.099,0.0,90196.0,5123.0,45.0,129.395,2641919031.0
851.198,0.0,90196.0,5123.0,45.0,129.388,2641931959.0
851.299,0.0,90196.0,5123.0,45.0,129.381,2641944901.0
851.399,0.0,90196.0,5123.0,45.0,129.388,2641957838.0
851.498,0.0,90196.0,5123.0,45.0,129.376,2641970759.0
851.598,0.0,90196.0,5123.0,45.0,129.393,2641983701.0
851.696,0.0,90196.0,5123.0,45.0,129.381,2641996619.0
851.798,0.0,90196.0,5123.0,45.0,129.369,2642009552.0
851.898,0.0,90196.0,5123.0,45.0,129.363,2642022485.0
851.998,0.0,90196.0,5123.0,45.0,129.383,2642035431.0
852.098,0.0,90196.0,5123.0,45.0,129.395,2642048369.0
852.198,0.0,90196.0,5123.0,45.0,129.415,2642061310.0
852.298,0.0,90196.0,5123.0,45.0,129.422,2642074242.0
852.398,0.0,90196.0,5123.0,45.0,129.434,2642087169.0
852.498,0.0,90196.0,5123.0,45.0,129.417,2642100093.0
852.599,0.0,90196.0,5123.0,45.0,129.424,2642113032.0
852.698,0.0,90196.0,5123.0,45.0,129.417,2642125965.0
852.798,0.0,90196.0,5123.0,45.0,129.435,2642138880.0
852.898,0.0,90196.0,5123.0,45.0,129.403,2642151799.0
852.999,0.0,90196.0,5123.0,45.0,129.403,2642164735.0
853.099,0.0,90196.0,5123.0,45.0,129.383,2642177652.0
853.198,0.0,90196.0,5123.0,45.0,129.365,2642190568.0
853.298,0.0,90196.0,5123.0,45.0,129.347,2642203492.0
853.398,0.0,90196.0,5123.0,45.0,129.347,2642216421.0
853.498,0.0,90196.0,5123.0,45.0,129.354,2642216421.0
853.598,0.0,90196.0,5123.0,45.0,129.337,2642229332.0
853.698,0.0,90196.0,5123.0,45.0,129.354,2642242270.0
853.799,0.0,90196.0,5123.0,45.0,129.348,2642268136.0
853.898,0.0,90196.0,5123.0,45.0,129.354,2642281056.0
853.998,0.0,90196.0,5123.0,45.0,129.342,2642293976.0
854.098,0.0,90196.0,5123.0,45.0,129.317,2642306906.0
854.198,0.0,90196.0,5123.0,45.0,129.323,2642319825.0
854.298,0.0,90196.0,5123.0,45.0,129.322,2642332757.0
854.398,0.0,90196.0,5123.0,45.0,129.321,2642345676.0
854.497,0.0,90196.0,5123.0,45.0,129.321,2642358607.0
854.598,0.0,90196.0,5123.0,45.0,129.338,2642371541.0
854.698,0.0,90196.0,5123.0,45.0,129.331,2642384466.0
854.798,0.0,90196.0,5123.0,45.0,129.338,2642397396.0
854.899,0.0,90196.0,5123.0,45.0,129.352,2642410334.0
854.997,0.0,90196.0,5123.0,45.0,129.364,2642423258.0
855.099,0.0,90196.0,5123.0,45.0,129.37,2642436170.0
855.199,0.0,90196.0,5123.0,45.0,129.364,2642449095.0
855.298,0.0,90196.0,5123.0,45.0,129.377,2642462026.0
855.398,0.0,90196.0,5123.0,45.0,129.377,2642474959.0
855.499,0.0,90196.0,5123.0,45.0,129.391,2642487888.0
855.598,0.0,90196.0,5123.0,45.0,129.359,2642500819.0
855.698,0.0,90196.0,5123.0,45.0,129.366,2642513741.0
855.797,0.0,90196.0,5123.0,45.0,129.352,2642526663.0
855.898,0.0,90196.0,5123.0,45.0,129.323,2642539570.0
855.998,0.0,90196.0,5123.0,45.0,129.293,2642552469.0
856.098,0.0,90196.0,5123.0,45.0,129.289,2642565382.0
856.198,0.0,90196.0,5123.0,45.0,129.236,2642578264.0
856.298,0.0,90196.0,5123.0,45.0,129.239,2642578264.0
856.398,0.0,90196.0,5123.0,45.0,129.255,2642591204.0
856.498,0.0,90196.0,5123.0,45.0,129.251,2642604137.0
856.598,0.0,90196.0,5123.0,45.0,129.25,2642629995.0
856.699,0.0,90196.0,5123.0,45.0,129.259,2642642919.0
856.798,0.0,90196.0,5123.0,45.0,129.265,2642655867.0
856.898,0.0,90196.0,5123.0,45.0,129.277,2642668792.0
856.998,0.0,90196.0,5123.0,45.0,129.335,2642681730.0
857.097,0.0,90196.0,5123.0,45.0,129.311,2642694648.0
857.199,0.0,90196.0,5123.0,45.0,129.375,2642707589.0
857.298,0.0,90196.0,5123.0,45.0,129.376,2642720520.0
857.399,0.0,90196.0,5123.0,45.0,129.381,2642733470.0
857.499,0.0,90196.0,5123.0,45.0,129.392,2642746402.0
857.598,0.0,90196.0,5123.0,45.0,129.382,2642759309.0
857.699,0.0,90196.0,5123.0,45.0,129.367,2642772239.0
857.798,0.0,90196.0,5123.0,45.0,129.373,2642785164.0
857.898,0.0,90196.0,5123.0,45.0,129.371,2642798091.0
857.998,0.0,90196.0,5123.0,45.0,129.358,2642811019.0
858.099,0.0,90196.0,5123.0,45.0,129.373,2642823956.0
858.199,0.0,90196.0,5123.0,45.0,129.372,2642836885.0
858.298,0.0,90196.0,5123.0,45.0,129.359,2642849797.0
858.398,0.0,90196.0,5123.0,45.0,129.316,2642862705.0
858.498,0.0,90196.0,5123.0,45.0,129.279,2642875619.0
858.598,0.0,90196.0,5123.0,45.0,129.278,2642888548.0
858.699,0.0,90196.0,5123.0,45.0,129.295,2642901456.0
858.797,0.0,90196.0,5123.0,45.0,129.29,2642914389.0
858.899,0.0,90196.0,5123.0,45.0,129.272,2642927309.0
858.998,0.0,90196.0,5123.0,45.0,129.269,2642940226.0
859.098,0.0,90196.0,5123.0,45.0,129.276,2642953137.0
859.199,0.0,90196.0,5123.0,45.0,129.276,2642966071.0
859.299,0.0,90196.0,5123.0,45.0,129.255,2642966071.0
859.399,0.0,90196.0,5123.0,45.0,129.269,2642978984.0
859.499,0.0,90196.0,5123.0,45.0,129.281,2642991879.0
859.598,0.0,90196.0,5123.0,45.0,129.3,2643017732.0
859.698,0.0,90196.0,5123.0,45.0,129.296,2643030662.0
859.798,0.0,90196.0,5123.0,45.0,129.289,2643043586.0
859.898,0.0,90196.0,5123.0,45.0,129.278,2643056502.0
859.998,0.0,90196.0,5123.0,45.0,129.279,2643069415.0
860.096,0.0,90196.0,5123.0,45.0,129.278,2643082327.0
860.198,0.0,90196.0,5123.0,45.0,129.252,2643095259.0
860.299,0.0,90196.0,5123.0,45.0,129.279,2643108168.0
860.397,0.0,90196.0,5123.0,45.0,129.273,2643121089.0
860.496,0.0,90196.0,5123.0,45.0,129.297,2643134014.0
860.598,0.0,90196.0,5123.0,45.0,129.285,2643146939.0
860.699,0.0,90196.0,5123.0,45.0,129.266,2643159850.0
860.798,0.0,90196.0,5123.0,45.0,129.271,2643172778.0
860.898,0.0,90196.0,5123.0,45.0,129.268,2643185690.0
860.998,0.0,90196.0,5123.0,45.0,129.259,2643198611.0
861.098,0.0,90196.0,5123.0,45.0,129.263,2643211537.0
861.198,0.0,90196.0,5123.0,45.0,129.263,2643224445.0
861.299,0.0,90196.0,5123.0,45.0,129.265,2643237372.0
861.398,0.0,90196.0,5123.0,45.0,129.284,2643250300.0
861.498,0.0,90196.0,5123.0,45.0,129.247,2643263210.0
861.598,0.0,90196.0,5123.0,45.0,129.24,2643276116.0
861.698,0.0,90196.0,5123.0,45.0,129.233,2643289025.0
861.799,0.0,90196.0,5123.0,45.0,129.246,2643301943.0
861.899,0.0,90196.0,5123.0,45.0,129.243,2643314863.0
861.999,0.0,90196.0,5123.0,45.0,129.238,2643327775.0
862.098,0.0,90196.0,5123.0,45.0,129.221,2643340666.0
862.196,0.0,90196.0,5123.0,45.0,129.216,2643353585.0
862.298,0.0,90196.0,5123.0,45.0,129.219,2643353585.0
862.398,0.0,90196.0,5123.0,45.0,129.206,2643366504.0
862.499,0.0,90196.0,5123.0,45.0,129.225,2643379440.0
862.599,0.0,90196.0,5123.0,45.0,129.231,2643405266.0
862.698,0.0,90196.0,5123.0,45.0,129.245,2643418185.0
862.796,0.0,90196.0,5123.0,45.0,129.245,2643431116.0
862.898,0.0,90196.0,5123.0,45.0,129.253,2643444033.0
862.998,0.0,90196.0,5123.0,45.0,129.258,2643456958.0
863.098,0.0,90196.0,5123.0,45.0,129.278,2643469877.0
863.198,0.0,90196.0,5123.0,45.0,129.284,2643482797.0
863.298,0.0,90196.0,5123.0,45.0,129.268,2643495713.0
863.398,0.0,90196.0,5123.0,45.0,129.265,2643508630.0
863.497,0.0,90196.0,5123.0,45.0,129.262,2643521556.0
863.598,0.0,90196.0,5123.0,45.0,129.259,2643534452.0
863.698,0.0,90196.0,5123.0,45.0,129.256,2643547373.0
863.798,0.0,90196.0,5123.0,45.0,129.264,2643560303.0
863.899,0.0,90196.0,5123.0,45.0,129.255,2643573209.0
863.998,0.0,90196.0,5123.0,45.0,129.264,2643586142.0
864.098,0.0,90196.0,5123.0,45.0,129.26,2643599072.0
864.198,0.0,90196.0,5123.0,45.0,129.267,2643612002.0
864.299,0.0,90196.0,5123.0,45.0,129.273,2643624913.0
864.398,0.0,90196.0,5123.0,45.0,129.275,2643637833.0
864.498,0.0,90196.0,5123.0,45.0,129.282,2643650761.0
864.599,0.0,90196.0,5123.0,45.0,129.269,2643663676.0
864.697,0.0,90196.0,5123.0,45.0,129.275,2643676583.0
864.798,0.0,90196.0,5123.0,45.0,129.267,2643689495.0
864.898,0.0,90196.0,5123.0,45.0,129.267,2643718165.0
864.998,60.0,90196.0,5123.0,53.0,187.756,2643718165.0
865.098,60.0,90196.0,5123.0,53.0,235.193,2643781484.0
865.198,90.0,90196.0,5123.0,56.0,282.451,2643905853.0
865.298,90.0,90196.0,5123.0,57.0,343.893,2643972583.0
865.398,90.0,90196.0,5123.0,58.0,390.898,2644036288.0
865.498,90.0,90196.0,5123.0,59.0,447.61,2644101455.0
865.598,90.0,90196.0,5123.0,60.0,496.178,2644166729.0
865.698,90.0,90196.0,5123.0,60.0,544.231,2644223677.0
865.798,89.0,90196.0,5123.0,61.0,588.744,2644284129.0
865.898,89.0,90196.0,5123.0,61.0,623.189,2644342631.0
865.997,85.0,90196.0,5123.0,56.0,597.275,2644370666.0
866.098,85.0,90196.0,5123.0,55.0,560.95,2644398038.0
866.196,60.0,90196.0,5123.0,54.0,530.607,2644425143.0
866.297,60.0,90196.0,5123.0,54.0,485.921,2644451647.0
866.398,62.0,90196.0,5123.0,53.0,453.431,2644478213.0
866.498,62.0,90196.0,5123.0,53.0,414.244,2644505977.0
866.598,62.0,90196.0,5123.0,52.0,382.462,2644534466.0
866.698,62.0,90196.0,5123.0,52.0,347.961,2644561831.0
866.798,62.0,90196.0,5123.0,52.0,317.386,2644587845.0
866.897,62.0,90196.0,5123.0,52.0,278.522,2644613108.0
866.997,62.0,90196.0,5123.0,52.0,270.631,2644640639.0
867.099,62.0,90196.0,5123.0,51.0,268.516,2644665309.0
867.198,62.0,90196.0,5123.0,51.0,267.586,2644692003.0
867.298,62.0,90196.0,5123.0,51.0,268.151,2644692003.0
867.398,62.0,90196.0,5123.0,51.0,268.295,2644718834.0
867.498,62.0,90196.0,5123.0,51.0,268.17,2644773709.0
867.598,62.0,90196.0,5123.0,51.0,266.593,2644801146.0
867.698,62.0,90196.0,5123.0,51.0,266.274,2644828310.0
867.799,62.0,90196.0,5123.0,51.0,269.178,2644855990.0
867.898,62.0,90196.0,5123.0,51.0,271.396,2644881752.0
867.997,61.0,90196.0,5123.0,51.0,269.988,2644908584.0
868.097,61.0,90196.0,5123.0,51.0,271.681,2644934531.0
868.197,62.0,90196.0,5123.0,51.0,271.128,2644959962.0
868.298,62.0,90196.0,5123.0,51.0,272.484,2644987550.0
868.398,62.0,90196.0,5123.0,51.0,270.036,2645014168.0
868.497,62.0,90196.0,5123.0,51.0,271.75,2645042570.0
868.598,63.0,90196.0,5123.0,51.0,271.601,2645069845.0
868.698,63.0,90196.0,5123.0,51.0,271.851,2645097824.0
868.798,63.0,90196.0,5123.0,51.0,271.264,2645124754.0
868.898,63.0,90196.0,5123.0,51.0,269.454,2645150368.0
868.998,62.0,90196.0,5123.0,51.0,268.825,2645175043.0
869.098,62.0,90196.0,5123.0,51.0,267.265,2645199911.0
869.197,63.0,90196.0,5123.0,51.0,267.956,2645226154.0
869.299,63.0,90196.0,5123.0,51.0,266.518,2645252669.0
869.398,63.0,90196.0,5123.0,51.0,268.64,2645280315.0
869.498,63.0,90196.0,5123.0,51.0,268.15,2645307874.0
869.598,63.0,90196.0,5123.0,51.0,268.485,2645334661.0
869.698,63.0,90196.0,5123.0,51.0,266.032,2645360828.0
869.798,61.0,90196.0,5123.0,51.0,264.056,2645386870.0
869.898,61.0,90196.0,5123.0,51.0,266.77,2645414443.0
869.997,62.0,90196.0,5123.0,51.0,267.158,2645414443.0
870.098,62.0,90196.0,5123.0,51.0,267.74,2645440488.0
870.198,63.0,90196.0,5123.0,51.0,267.449,2645491003.0
870.298,63.0,90196.0,5123.0,51.0,268.105,2645517769.0
870.398,63.0,90196.0,5123.0,51.0,265.657,2645543751.0
870.498,63.0,90196.0,5123.0,51.0,263.304,2645569777.0
870.598,63.0,90196.0,5123.0,51.0,261.735,2645595731.0
870.698,63.0,90196.0,5123.0,51.0,262.939,2645622957.0
870.799,63.0,90196.0,5123.0,51.0,262.574,2645649203.0
870.898,63.0,90196.0,5123.0,51.0,263.384,2645676473.0
870.998,62.0,90196.0,5123.0,51.0,265.761,2645704543.0
871.098,62.0,90196.0,5123.0,51.0,267.275,2645732786.0
871.197,63.0,90196.0,5123.0,51.0,270.044,2645760514.0
871.299,63.0,90196.0,5123.0,51.0,270.608,2645788556.0
871.397,63.0,90196.0,5123.0,51.0,272.521,2645815805.0
871.498,63.0,90196.0,5123.0,51.0,272.668,2645842214.0
871.597,63.0,90196.0,5123.0,51.0,273.665,2645869337.0
871.698,63.0,90196.0,5123.0,51.0,271.78,2645894881.0
871.799,62.0,90196.0,5123.0,51.0,270.061,2645920280.0
871.898,62.0,90196.0,5123.0,51.0,268.262,2645945940.0
871.998,62.0,90196.0,5123.0,51.0,264.949,2645971292.0
872.098,62.0,90196.0,5123.0,51.0,264.722,2645998894.0
872.199,63.0,90196.0,5123.0,51.0,262.957,2646024836.0
872.298,63.0,90196.0,5123.0,51.0,261.786,2646051210.0
872.398,63.0,90196.0,5123.0,51.0,259.126,2646076015.0
872.499,63.0,90196.0,5123.0,51.0,259.717,2646102041.0
872.598,62.0,90196.0,5123.0,51.0,258.267,2646128124.0
872.698,62.0,90196.0,5123.0,51.0,258.575,2646128124.0
872.798,61.0,90196.0,5123.0,50.0,259.821,2646153933.0
872.898,61.0,90196.0,5123.0,51.0,260.859,2646205508.0
872.998,61.0,90196.0,5123.0,50.0,260.437,2646230508.0
873.098,61.0,90196.0,5123.0,51.0,260.305,2646258201.0
873.198,60.0,90196.0,5123.0,50.0,260.108,2646283930.0
873.298,60.0,90196.0,5123.0,50.0,257.545,2646308886.0
873.397,59.0,90196.0,5123.0,50.0,258.892,2646334800.0
873.496,59.0,90196.0,5123.0,50.0,256.635,2646359368.0
873.598,61.0,90196.0,5123.0,50.0,256.672,2646384924.0
873.697,61.0,90196.0,5123.0,50.0,256.811,2646410101.0
873.799,61.0,90196.0,5123.0,50.0,254.871,2646434173.0
873.899,61.0,90196.0,5123.0,50.0,254.692,2646460254.0
873.998,60.0,90196.0,5123.0,50.0,254.402,2646485594.0
874.099,60.0,90196.0,5123.0,50.0,250.109,2646508355.0
874.199,61.0,90196.0,5123.0,50.0,249.861,2646532754.0
874.298,61.0,90196.0,5123.0,50.0,249.631,2646557124.0
874.398,61.0,90196.0,5123.0,50.0,247.855,2646581987.0
874.498,61.0,90196.0,5123.0,50.0,247.879,2646606080.0
874.599,59.0,90196.0,5123.0,50.0,246.424,2646630626.0
874.699,59.0,90196.0,5123.0,50.0,242.261,2646652767.0
874.799,58.0,90196.0,5123.0,50.0,241.238,2646675640.0
874.899,58.0,90196.0,5123.0,50.0,238.471,2646698461.0
874.998,58.0,90196.0,5123.0,49.0,236.328,2646721047.0
875.098,58.0,90196.0,5123.0,49.0,235.166,2646742948.0
875.199,57.0,90196.0,5123.0,49.0,233.887,2646766425.0
875.298,57.0,90196.0,5123.0,49.0,233.887,2646789573.0
875.398,57.0,90196.0,5123.0,49.0,232.778,2646789573.0
875.499,55.0,90196.0,5123.0,49.0,227.597,2646809794.0
875.599,55.0,90196.0,5123.0,49.0,221.244,2646840230.0
875.698,0.0,90196.0,5123.0,48.0,209.768,2646853498.0
875.799,0.0,90196.0,5123.0,47.0,201.72,2646866777.0
875.899,0.0,90196.0,5123.0,47.0,182.328,2646880043.0
875.998,0.0,90196.0,5123.0,47.0,173.275,2646893274.0
876.098,0.0,90196.0,5123.0,47.0,163.08,2646906507.0
876.198,0.0,90196.0,5123.0,46.0,154.16,2646919730.0
876.298,0.0,90196.0,5123.0,46.0,143.054,2646932914.0
876.396,0.0,90196.0,5123.0,46.0,136.03,2646946117.0
876.499,0.0,90196.0,5123.0,46.0,132.403,2646959272.0
876.597,0.0,90196.0,5123.0,46.0,132.296,2646972454.0
876.697,0.0,90196.0,5123.0,46.0,132.179,2646985600.0
876.798,0.0,90196.0,5123.0,46.0,132.051,2646998761.0
876.898,0.0,90196.0,5123.0,47.0,144.243,2647021808.0
876.998,100.0,90196.0,5123.0,53.0,193.115,2647082261.0
877.098,100.0,90196.0,5123.0,56.0,252.44,2647142992.0
877.198,100.0,90196.0,5123.0,57.0,293.53,2647209060.0
877.298,100.0,90196.0,5123.0,58.0,347.062,2647268022.0
877.398,100.0,90196.0,5123.0,59.0,408.269,2647339123.0
877.498,100.0,90196.0,5123.0,60.0,455.23,2647402246.0
877.598,100.0,90196.0,5123.0,60.0,500.546,2647402246.0
877.698,100.0,90196.0,5123.0,61.0,550.748,2647468336.0
877.798,96.0,90196.0,5123.0,61.0,587.822,2647586239.0
877.898,96.0,90196.0,5123.0,57.0,590.056,2647617200.0
877.998,60.0,90196.0,5123.0,55.0,555.361,2647642414.0
878.098,60.0,90196.0,5123.0,55.0,515.251,2647668746.0
878.198,62.0,90196.0,5123.0,54.0,475.78,2647693924.0
878.297,62.0,90196.0,5123.0,53.0,445.234,2647721069.0
878.398,62.0,90196.0,5123.0,53.0,399.156,2647746887.0
878.498,62.0,90196.0,5123.0,53.0,363.472,2647772478.0
878.598,62.0,90196.0,5123.0,52.0,319.474,2647798437.0
878.698,62.0,90196.0,5123.0,52.0,297.838,2647826177.0
878.799,62.0,90196.0,5123.0,52.0,261.502,2647852811.0
878.898,62.0,90196.0,5123.0,52.0,258.976,2647878324.0
878.997,62.0,90196.0,5123.0,52.0,260.93,2647905228.0
879.098,62.0,90196.0,5123.0,51.0,260.145,2647930404.0
879.198,62.0,90196.0,5123.0,51.0,260.971,2647956097.0
879.298,62.0,90196.0,5123.0,51.0,259.494,2647982624.0
879.398,62.0,90196.0,5123.0,51.0,259.441,2648008023.0
879.499,62.0,90196.0,5123.0,51.0,260.636,2648033496.0
879.598,61.0,90196.0,5123.0,51.0,260.853,2648059816.0
879.698,61.0,90196.0,5123.0,51.0,259.187,2648086396.0
879.799,62.0,90196.0,5123.0,51.0,259.225,2648112388.0
879.898,62.0,90196.0,5123.0,51.0,262.75,2648140092.0
879.998,62.0,90196.0,5123.0,51.0,262.326,2648167354.0
880.098,62.0,90196.0,5123.0,51.0,262.326,2648193556.0
880.198,62.0,90196.0,5123.0,51.0,264.006,2648193556.0
880.298,62.0,90196.0,5123.0,51.0,262.781,2648219417.0
880.398,62.0,90196.0,5123.0,51.0,262.09,2648271115.0
880.499,62.0,90196.0,5123.0,51.0,263.934,2648298369.0
880.597,62.0,90196.0,5123.0,51.0,264.923,2648323781.0
880.698,62.0,90196.0,5123.0,51.0,264.204,2648348657.0
880.797,62.0,90196.0,5123.0,51.0,262.346,2648374327.0
880.898,62.0,90196.0,5123.0,51.0,259.989,2648399652.0
880.999,61.0,90196.0,5123.0,51.0,258.261,2648425015.0
881.098,61.0,90196.0,5123.0,51.0,257.222,2648451203.0
881.198,62.0,90196.0,5123.0,51.0,258.524,2648477189.0
881.298,62.0,90196.0,5123.0,51.0,258.883,2648502523.0
881.398,62.0,90196.0,5123.0,51.0,256.846,2648528803.0
881.499,62.0,90196.0,5123.0,51.0,255.455,2648554045.0
881.598,61.0,90196.0,5123.0,51.0,255.303,2648579598.0
881.699,61.0,90196.0,5123.0,51.0,257.187,2648606046.0
881.799,62.0,90196.0,5123.0,51.0,258.977,2648633378.0
881.897,62.0,90196.0,5123.0,51.0,260.538,2648660226.0
881.998,63.0,90196.0,5123.0,51.0,260.645,2648686163.0
882.098,63.0,90196.0,5123.0,51.0,260.619,2648711795.0
882.199,63.0,90196.0,5123.0,51.0,262.074,2648738220.0
882.298,63.0,90196.0,5123.0,51.0,264.579,2648765861.0
882.398,63.0,90196.0,5123.0,51.0,261.969,2648790327.0
882.498,63.0,90196.0,5123.0,51.0,262.791,2648814751.0
882.598,62.0,90196.0,5123.0,51.0,263.508,2648841232.0
882.698,62.0,90196.0,5123.0,51.0,262.748,2648867852.0
882.798,62.0,90196.0,5123.0,51.0,259.169,2648867852.0
882.898,62.0,90196.0,5123.0,51.0,257.96,2648891743.0
882.998,62.0,90196.0,5123.0,51.0,257.24,2648942283.0
883.099,62.0,90196.0,5123.0,51.0,258.594,2648969126.0
883.198,63.0,90196.0,5123.0,51.0,257.672,2648993830.0
883.297,63.0,90196.0,5123.0,51.0,253.505,2649019682.0
883.398,63.0,90196.0,5123.0,51.0,255.989,2649044984.0
883.498,63.0,90196.0,5123.0,51.0,255.502,2649069678.0
883.598,63.0,90196.0,5123.0,51.0,253.865,2649094251.0
883.698,63.0,90196.0,5123.0,51.0,252.408,2649120278.0
883.798,61.0,90196.0,5123.0,51.0,252.891,2649145185.0
883.898,61.0,90196.0,5123.0,51.0,251.877,2649170566.0
883.999,60.0,90196.0,5123.0,50.0,253.851,2649196085.0
884.098,60.0,90196.0,5123.0,51.0,251.908,2649222000.0
884.198,60.0,90196.0,5123.0,50.0,250.494,2649246829.0
884.298,60.0,90196.0,5123.0,50.0,250.584,2649270766.0
884.399,60.0,90196.0,5123.0,50.0,249.738,2649296017.0
884.498,60.0,90196.0,5123.0,50.0,249.524,2649320252.0
884.598,60.0,90196.0,5123.0,50.0,248.086,2649343937.0
884.697,60.0,90196.0,5123.0,50.0,247.187,2649368025.0
884.798,60.0,90196.0,5123.0,50.0,248.084,2649393723.0
884.898,60.0,90196.0,5123.0,50.0,246.252,2649417296.0
884.998,60.0,90196.0,5123.0,50.0,244.333,2649440634.0
885.098,60.0,90196.0,5123.0,50.0,241.903,2649463857.0
885.198,60.0,90196.0,5123.0,50.0,241.707,2649489296.0
885.298,60.0,90196.0,5123.0,50.0,243.625,2649514987.0
885.399,60.0,90196.0,5123.0,50.0,243.625,2649540289.0
885.498,60.0,90196.0,5123.0,50.0,244.887,2649540289.0
885.598,60.0,90196.0,5123.0,50.0,244.021,2649563854.0
885.698,59.0,90196.0,5123.0,50.0,245.409,2649611694.0
885.798,59.0,90196.0,5123.0,50.0,244.269,2649636136.0
885.897,60.0,90196.0,5123.0,50.0,243.813,2649660070.0
885.997,60.0,90196.0,5123.0,50.0,243.664,2649684214.0
886.097,60.0,90196.0,5123.0,50.0,244.185,2649706613.0
886.199,60.0,90196.0,5123.0,50.0,243.328,2649731046.0
886.299,57.0,90196.0,5123.0,50.0,243.373,2649754691.0
886.398,57.0,90196.0,5123.0,50.0,240.149,2649777306.0
886.498,57.0,90196.0,5123.0,50.0,236.407,2649799804.0
886.598,57.0,90196.0,5123.0,49.0,235.734,2649822247.0
886.699,57.0,90196.0,5123.0,49.0,233.959,2649845622.0
886.799,57.0,90196.0,5123.0,49.0,233.971,2649867106.0
886.897,57.0,90196.0,5123.0,49.0,230.142,2649890204.0
886.998,57.0,90196.0,5123.0,49.0,230.749,2649914313.0
887.098,57.0,90196.0,5123.0,49.0,230.673,2649937967.0
887.198,57.0,90196.0,5123.0,49.0,231.423,2649961623.0
887.298,57.0,90196.0,5123.0,49.0,229.704,2649982583.0
887.399,57.0,90196.0,5123.0,49.0,228.068,2650000527.0
887.498,31.0,90196.0,5123.0,49.0,221.174,2650013828.0
887.598,31.0,90196.0,5123.0,48.0,212.25,2650027068.0
887.699,0.0,90196.0,5123.0,47.0,203.18,2650040371.0
887.798,0.0,90196.0,5123.0,47.0,192.656,2650053608.0
887.898,0.0,90196.0,5123.0,47.0,184.319,2650066832.0
887.998,0.0,90196.0,5123.0,47.0,173.694,2650066832.0
888.098,31.0,90196.0,5123.0,47.0,175.604,2650086013.0
888.198,31.0,90196.0,5123.0,53.0,213.691,2650206403.0
888.298,95.0,90196.0,5123.0,56.0,249.302,2650261457.0
888.399,95.0,90196.0,5123.0,56.0,284.794,2650325080.0
888.498,99.0,90196.0,5123.0,58.0,328.998,2650383435.0
888.598,99.0,90196.0,5123.0,58.0,379.66,2650445662.0
888.698,100.0,90196.0,5123.0,60.0,428.383,2650502921.0
888.798,100.0,90196.0,5123.0,59.0,522.185,2650570774.0
888.898,100.0,90196.0,5123.0,60.0,563.622,2650628495.0
888.997,100.0,90196.0,5123.0,62.0,607.464,2650691736.0
889.097,100.0,90196.0,5123.0,60.0,581.605,2650733384.0
889.199,62.0,90196.0,5123.0,56.0,548.849,2650760483.0
889.298,62.0,90196.0,5123.0,55.0,518.414,2650787363.0
889.399,62.0,90196.0,5123.0,55.0,483.509,2650814881.0
889.498,62.0,90196.0,5123.0,54.0,451.735,2650842196.0
889.598,62.0,90196.0,5123.0,54.0,417.715,2650870267.0
889.698,62.0,90196.0,5123.0,53.0,387.196,2650897903.0
889.799,62.0,90196.0,5123.0,53.0,343.071,2650923845.0
889.899,62.0,90196.0,5123.0,53.0,319.22,2650949616.0
889.998,62.0,90196.0,5123.0,52.0,283.084,2650975520.0
890.098,62.0,90196.0,5123.0,52.0,270.076,2651002462.0
890.198,62.0,90196.0,5123.0,52.0,271.487,2651030076.0
890.298,62.0,90196.0,5123.0,52.0,271.487,2651030076.0
890.398,62.0,90196.0,5123.0,52.0,271.72,2651057557.0
890.498,62.0,90196.0,5123.0,52.0,270.823,2651111203.0
890.598,62.0,90196.0,5123.0,52.0,269.125,2651136994.0
890.698,62.0,90196.0,5123.0,52.0,267.35,2651164818.0
890.797,62.0,90196.0,5123.0,52.0,267.577,2651191420.0
890.898,62.0,90196.0,5123.0,52.0,268.069,2651218963.0
890.998,62.0,90196.0,5123.0,51.0,270.55,2651244098.0
891.098,62.0,90196.0,5123.0,51.0,268.563,2651269901.0
891.198,62.0,90196.0,5123.0,51.0,264.806,2651296446.0
891.297,62.0,90196.0,5123.0,51.0,264.526,2651321861.0
891.398,62.0,90196.0,5123.0,51.0,267.353,2651351394.0
891.498,62.0,90196.0,5123.0,51.0,270.639,2651380567.0
891.598,63.0,90196.0,5123.0,51.0,271.052,2651408550.0
891.699,63.0,90196.0,5123.0,51.0,270.541,2651436371.0
891.798,62.0,90196.0,5123.0,51.0,268.46,2651462544.0
891.899,62.0,90196.0,5123.0,51.0,266.539,2651486969.0
891.998,63.0,90196.0,5123.0,51.0,269.188,2651512974.0
892.098,63.0,90196.0,5123.0,51.0,271.775,2651541880.0
892.198,63.0,90196.0,5123.0,51.0,273.422,2651570110.0
892.298,63.0,90196.0,5123.0,51.0,274.66,2651597194.0
892.398,61.0,90196.0,5123.0,51.0,271.598,2651622754.0
892.498,61.0,90196.0,5123.0,51.0,269.068,2651650072.0
892.598,61.0,90196.0,5123.0,51.0,270.499,2651677719.0
892.698,61.0,90196.0,5123.0,51.0,272.208,2651706968.0
892.798,61.0,90196.0,5123.0,51.0,272.208,2651734488.0
892.898,63.0,90196.0,5123.0,51.0,273.824,2651734488.0
892.998,63.0,90196.0,5123.0,51.0,272.394,2651759313.0
893.098,63.0,90196.0,5123.0,51.0,271.786,2651809744.0
893.198,63.0,90196.0,5123.0,51.0,268.665,2651835778.0
893.298,63.0,90196.0,5123.0,51.0,267.647,2651863429.0
893.399,63.0,90196.0,5123.0,51.0,266.541,2651888301.0
893.498,63.0,90196.0,5123.0,51.0,265.392,2651913127.0
893.599,63.0,90196.0,5123.0,51.0,262.632,2651937999.0
893.698,63.0,90196.0,5123.0,51.0,260.092,2651966251.0
893.797,63.0,90196.0,5123.0,51.0,259.266,2651991839.0
893.897,63.0,90196.0,5123.0,51.0,260.861,2652018881.0
893.998,63.0,90196.0,5123.0,51.0,258.624,2652044871.0
894.097,63.0,90196.0,5123.0,51.0,258.152,2652069957.0
894.199,61.0,90196.0,5123.0,51.0,258.754,2652094893.0
894.298,61.0,90196.0,5123.0,51.0,259.168,2652122057.0
894.399,63.0,90196.0,5123.0,51.0,259.404,2652150039.0
894.498,63.0,90196.0,5123.0,51.0,262.539,2652175884.0
894.598,63.0,90196.0,5123.0,51.0,262.471,2652201683.0
894.698,63.0,90196.0,5123.0,51.0,261.811,2652229078.0
894.798,63.0,90196.0,5123.0,51.0,262.387,2652256198.0
894.898,63.0,90196.0,5123.0,51.0,262.581,2652283608.0
894.998,63.0,90196.0,5123.0,51.0,265.475,2652309994.0
895.098,63.0,90196.0,5123.0,51.0,267.437,2652337214.0
895.198,64.0,90196.0,5123.0,51.0,266.466,2652363529.0
895.298,64.0,90196.0,5123.0,51.0,267.238,2652389930.0
895.398,64.0,90196.0,5123.0,51.0,267.238,2652415781.0
895.498,63.0,90196.0,5123.0,51.0,266.638,2652415781.0
895.597,63.0,90196.0,5123.0,51.0,267.422,2652443840.0
895.698,62.0,90196.0,5123.0,51.0,268.101,2652495404.0
895.798,62.0,90196.0,5123.0,51.0,265.316,2652519999.0
895.898,61.0,90196.0,5123.0,51.0,262.526,2652544301.0
895.998,61.0,90196.0,5123.0,51.0,261.253,2652570102.0
896.099,61.0,90196.0,5123.0,51.0,260.799,2652593852.0
896.199,61.0,90196.0,5123.0,51.0,258.239,2652619053.0
896.298,61.0,90196.0,5123.0,50.0,257.893,2652645199.0
896.398,61.0,90196.0,5123.0,51.0,257.195,2652671632.0
896.498,60.0,90196.0,5123.0,51.0,257.186,2652698168.0
896.598,60.0,90196.0,5123.0,50.0,254.819,2652722560.0
896.698,60.0,90196.0,5123.0,50.0,253.807,2652747731.0
896.799,60.0,90196.0,5123.0,50.0,254.664,2652772683.0
896.898,61.0,90196.0,5123.0,50.0,254.989,2652798025.0
896.998,61.0,90196.0,5123.0,50.0,253.458,2652822477.0
897.098,61.0,90196.0,5123.0,50.0,251.671,2652845721.0
897.198,61.0,90196.0,5123.0,50.0,252.405,2652871083.0
897.298,61.0,90196.0,5123.0,50.0,251.619,2652896597.0
897.398,61.0,90196.0,5123.0,50.0,250.34,2652921309.0
897.497,60.0,90196.0,5123.0,50.0,247.611,2652944686.0
897.598,60.0,90196.0,5123.0,50.0,247.317,2652970714.0
897.698,61.0,90196.0,5123.0,50.0,248.878,2652996786.0
897.798,61.0,90196.0,5123.0,50.0,247.542,2653018958.0
897.898,61.0,90196.0,5123.0,50.0,244.616,2653042663.0
897.998,61.0,90196.0,5123.0,50.0,245.482,2653042663.0
898.098,61.0,90196.0,5123.0,50.0,245.431,2653067718.0
898.199,61.0,90196.0,5123.0,50.0,245.494,2653115108.0
898.299,61.0,90196.0,5123.0,50.0,244.386,2653138691.0
898.397,61.0,90196.0,5123.0,50.0,242.641,2653163005.0
898.498,59.0,90196.0,5123.0,50.0,242.973,2653184440.0
898.598,59.0,90196.0,5123.0,49.0,237.756,2653204872.0
898.698,52.0,90196.0,5123.0,49.0,232.512,2653221991.0
898.799,52.0,90196.0,5123.0,48.0,221.536,2653235718.0
898.898,0.0,90196.0,5123.0,48.0,213.277,2653248915.0
898.998,0.0,90196.0,5123.0,47.0,202.117,2653262418.0
899.098,0.0,90196.0,5123.0,47.0,191.353,2653275841.0
899.198,0.0,90196.0,5123.0,47.0,185.059,2653293478.0
899.297,26.0,90196.0,5123.0,52.0,235.175,2653345722.0
899.398,100.0,90196.0,5123.0,56.0,267.82,2653409822.0
899.498,100.0,90196.0,5123.0,58.0,305.83,2653464221.0
899.599,100.0,90196.0,5123.0,58.0,350.499,2653523732.0
899.697,100.0,90196.0,5123.0,60.0,398.047,2653588935.0
899.798,100.0,90196.0,5123.0,59.0,438.352,2653652049.0
899.897,100.0,90196.0,5123.0,61.0,501.034,2653709088.0
899.999,100.0,90196.0,5123.0,61.0,501.034,2653780993.0
900.098,100.0,90196.0,5123.0,59.0,550.333,2653780993.0
900.198,100.0,90196.0,5123.0,62.0,602.379,2653839019.0
900.298,100.0,90196.0,5123.0,60.0,619.394,2653904208.0
900.399,100.0,90196.0,5123.0,57.0,584.124,2653974455.0
900.498,62.0,90196.0,5123.0,55.0,551.221,2654001621.0
900.598,62.0,90196.0,5123.0,55.0,519.054,2654029603.0
900.698,62.0,90196.0,5123.0,54.0,489.715,2654057960.0
900.799,62.0,90196.0,5123.0,54.0,447.99,2654085871.0
900.898,62.0,90196.0,5123.0,53.0,425.475,2654114738.0
900.998,62.0,90196.0,5123.0,53.0,386.798,2654140364.0
901.097,61.0,90196.0,5123.0,53.0,345.817,2654167907.0
901.198,61.0,90196.0,5123.0,52.0,314.288,2654196382.0
901.298,62.0,90196.0,5123.0,52.0,279.125,2654221198.0
901.397,62.0,90196.0,5123.0,52.0,274.824,2654245602.0
901.499,62.0,90196.0,5123.0,52.0,272.372,2654270314.0
901.598,62.0,90196.0,5123.0,52.0,268.363,2654295362.0
901.698,62.0,90196.0,5123.0,52.0,265.877,2654322152.0
901.798,62.0,90196.0,5123.0,52.0,265.255,2654350487.0
901.899,61.0,90196.0,5123.0,52.0,263.01,2654376579.0
901.998,61.0,90196.0,5123.0,52.0,262.976,2654404136.0
902.098,61.0,90196.0,5123.0,52.0,264.796,2654429900.0
902.197,61.0,90196.0,5123.0,52.0,261.187,2654455993.0
902.299,62.0,90196.0,5123.0,51.0,260.513,2654483911.0
902.399,62.0,90196.0,5123.0,51.0,264.01,2654510607.0
902.498,62.0,90196.0,5123.0,51.0,263.618,2654534968.0
902.598,62.0,90196.0,5123.0,51.0,263.913,2654560841.0
902.698,62.0,90196.0,5123.0,51.0,263.923,2654586772.0
902.798,62.0,90196.0,5123.0,51.0,263.532,2654586772.0
902.898,62.0,90196.0,5123.0,51.0,263.472,2654613405.0
902.998,62.0,90196.0,5123.0,51.0,265.767,2654670383.0
903.097,61.0,90196.0,5123.0,51.0,266.887,2654696767.0
903.198,61.0,90196.0,5123.0,51.0,268.275,2654724920.0
903.298,62.0,90196.0,5123.0,51.0,269.89,2654752005.0
903.398,62.0,90196.0,5123.0,51.0,269.874,2654780841.0
903.497,63.0,90196.0,5123.0,51.0,273.254,2654807782.0
903.598,63.0,90196.0,5123.0,51.0,275.259,2654834222.0
903.698,63.0,90196.0,5123.0,51.0,274.389,2654858991.0
903.798,63.0,90196.0,5123.0,51.0,273.973,2654886746.0
903.898,63.0,90196.0,5123.0,51.0,274.963,2654915588.0
903.998,63.0,90196.0,5123.0,51.0,274.601,2654944059.0
904.098,62.0,90196.0,5123.0,51.0,275.476,2654972950.0
904.198,62.0,90196.0,5123.0,51.0,276.557,2655000318.0
904.299,63.0,90196.0,5123.0,51.0,275.785,2655028458.0
904.398,63.0,90196.0,5123.0,51.0,277.573,2655057393.0
904.499,63.0,90196.0,5123.0,51.0,276.945,2655085884.0
904.598,63.0,90196.0,5123.0,51.0,276.261,2655111303.0
904.698,63.0,90196.0,5123.0,51.0,279.482,2655138631.0
904.798,63.0,90196.0,5123.0,51.0,277.031,2655164705.0
904.898,63.0,90196.0,5123.0,51.0,276.25,2655190842.0
904.998,61.0,90196.0,5123.0,51.0,272.747,2655217604.0
905.097,61.0,90196.0,5123.0,51.0,272.366,2655244648.0
905.198,63.0,90196.0,5123.0,51.0,271.181,2655271168.0
905.298,63.0,90196.0,5123.0,51.0,267.399,2655271168.0
905.398,63.0,90196.0,5123.0,51.0,265.873,2655297453.0
905.498,63.0,90196.0,5123.0,51.0,267.882,2655323077.0
905.598,63.0,90196.0,5123.0,51.0,267.6,2655378877.0
905.698,63.0,90196.0,5123.0,51.0,269.152,2655405817.0
905.798,63.0,90196.0,5123.0,51.0,268.912,2655433336.0
905.898,63.0,90196.0,5123.0,51.0,267.357,2655459419.0
905.998,63.0,90196.0,5123.0,51.0,267.721,2655485341.0
906.098,63.0,90196.0,5123.0,51.0,267.012,2655511605.0
906.198,64.0,90196.0,5123.0,51.0,266.102,2655538773.0
906.298,64.0,90196.0,5123.0,51.0,268.574,2655565523.0
906.398,64.0,90196.0,5123.0,51.0,267.991,2655592830.0
906.498,64.0,90196.0,5123.0,51.0,265.889,2655618316.0
906.598,63.0,90196.0,5123.0,51.0,265.647,2655644657.0
906.707,63.0,90196.0,5123.0,51.0,264.275,2655671020.0
906.798,62.0,90196.0,5123.0,51.0,264.114,2655698025.0
906.898,62.0,90196.0,5123.0,51.0,262.538,2655724416.0
906.997,63.0,90196.0,5123.0,51.0,263.612,2655751130.0
907.097,63.0,90196.0,5123.0,51.0,262.804,2655776620.0
907.198,63.0,90196.0,5123.0,51.0,261.772,2655802900.0
907.298,63.0,90196.0,5123.0,51.0,259.358,2655827846.0
907.398,63.0,90196.0,5123.0,51.0,259.073,2655853558.0
907.498,63.0,90196.0,5123.0,51.0,260.283,2655879292.0
907.598,63.0,90196.0,5123.0,51.0,260.115,2655907138.0
907.698,63.0,90196.0,5123.0,51.0,258.413,2655932611.0
907.798,61.0,90196.0,5123.0,51.0,257.419,2655957362.0
907.898,61.0,90196.0,5123.0,51.0,256.768,2655982872.0
907.998,61.0,90196.0,5123.0,51.0,256.768,2656006843.0
908.098,59.0,90196.0,5123.0,51.0,254.672,2656006843.0
908.198,59.0,90196.0,5123.0,51.0,256.05,2656033490.0
908.298,60.0,90196.0,5123.0,51.0,255.746,2656085024.0
908.397,60.0,90196.0,5123.0,51.0,256.495,2656109547.0
908.498,61.0,90196.0,5123.0,51.0,255.543,2656135150.0
908.598,61.0,90196.0,5123.0,50.0,253.421,2656160122.0
908.698,59.0,90196.0,5123.0,50.0,252.501,2656184146.0
908.798,59.0,90196.0,5123.0,50.0,252.255,2656210067.0
908.897,59.0,90196.0,5123.0,50.0,253.322,2656236408.0
908.998,59.0,90196.0,5123.0,50.0,252.888,2656260728.0
909.098,61.0,90196.0,5123.0,50.0,253.711,2656284865.0
909.198,61.0,90196.0,5123.0,50.0,249.301,2656308548.0
909.298,60.0,90196.0,5123.0,50.0,248.916,2656333875.0
909.398,60.0,90196.0,5123.0,50.0,246.113,2656356217.0
909.498,61.0,90196.0,5123.0,50.0,244.299,2656379016.0
909.598,61.0,90196.0,5123.0,50.0,241.708,2656401925.0
909.699,58.0,90196.0,5123.0,50.0,240.443,2656425737.0
909.797,58.0,90196.0,5123.0,50.0,236.877,2656446410.0
909.898,54.0,90196.0,5123.0,49.0,229.925,2656463801.0
909.998,54.0,90196.0,5123.0,48.0,219.092,2656477109.0
910.098,0.0,90196.0,5123.0,48.0,207.688,2656490385.0
910.198,0.0,90196.0,5123.0,47.0,198.358,2656503721.0
910.298,0.0,90196.0,5123.0,47.0,186.325,2656517010.0
910.398,0.0,90196.0,5123.0,47.0,176.069,2656530244.0
910.498,0.0,90196.0,5123.0,48.0,171.084,2656530244.0
910.598,0.0,90196.0,5123.0,55.0,205.528,2656559697.0
910.698,100.0,90196.0,5123.0,57.0,245.024,2656623541.0
910.798,100.0,90196.0,5123.0,57.0,279.274,2656739529.0
910.898,100.0,90196.0,5123.0,59.0,321.326,2656799715.0
910.998,100.0,90196.0,5123.0,59.0,369.745,2656864447.0
911.098,100.0,90196.0,5123.0,60.0,422.082,2656924631.0
911.198,100.0,90196.0,5123.0,60.0,466.763,2656989760.0
911.298,100.0,90196.0,5123.0,61.0,518.229,2657047902.0
911.398,100.0,90196.0,5123.0,61.0,564.236,2657110442.0
911.498,100.0,90196.0,5123.0,62.0,609.223,2657172825.0
911.598,100.0,90196.0,5123.0,58.0,594.332,2657203753.0
911.698,62.0,90196.0,5123.0,56.0,559.657,2657230910.0
911.798,62.0,90196.0,5123.0,55.0,529.555,2657256324.0
911.897,61.0,90196.0,5123.0,54.0,495.583,2657283379.0
911.998,61.0,90196.0,5123.0,54.0,463.906,2657310030.0
912.098,61.0,90196.0,5123.0,54.0,424.883,2657338113.0
912.198,61.0,90196.0,5123.0,53.0,396.641,2657365550.0
912.298,62.0,90196.0,5123.0,53.0,357.495,2657392740.0
912.398,62.0,90196.0,5123.0,53.0,322.193,2657419579.0
912.498,62.0,90196.0,5123.0,52.0,292.627,2657445649.0
912.598,62.0,90196.0,5123.0,52.0,270.245,2657471838.0
912.698,62.0,90196.0,5123.0,52.0,269.425,2657471838.0
912.798,62.0,90196.0,5123.0,52.0,271.029,2657499590.0
912.898,61.0,90196.0,5123.0,52.0,270.245,2657550631.0
912.998,61.0,90196.0,5123.0,52.0,267.157,2657575240.0
913.098,62.0,90196.0,5123.0,52.0,264.586,2657599389.0
913.198,62.0,90196.0,5123.0,52.0,261.589,2657624480.0
913.297,62.0,90196.0,5123.0,52.0,259.291,2657650048.0
913.398,62.0,90196.0,5123.0,52.0,257.423,2657677048.0
913.498,63.0,90196.0,5123.0,52.0,260.443,2657704638.0
913.598,63.0,90196.0,5123.0,52.0,259.594,2657730311.0
913.698,62.0,90196.0,5123.0,52.0,258.602,2657758481.0
913.798,62.0,90196.0,5123.0,52.0,258.15,2657784829.0
913.897,62.0,90196.0,5123.0,51.0,258.934,2657809847.0
913.999,62.0,90196.0,5123.0,51.0,261.249,2657837084.0
914.098,62.0,90196.0,5123.0,51.0,261.904,2657862015.0
914.198,62.0,90196.0,5123.0,51.0,263.185,2657887560.0
914.298,62.0,90196.0,5123.0,51.0,263.028,2657912797.0
914.398,62.0,90196.0,5123.0,51.0,264.28,2657940626.0
914.498,63.0,90196.0,5123.0,51.0,264.591,2657969372.0
914.598,63.0,90196.0,5123.0,51.0,268.472,2657997967.0
914.698,63.0,90196.0,5123.0,51.0,267.684,2658023714.0
914.798,63.0,90196.0,5123.0,51.0,266.879,2658049366.0
914.898,63.0,90196.0,5123.0,51.0,266.398,2658074933.0
914.998,63.0,90196.0,5123.0,51.0,266.122,2658103174.0
915.098,63.0,90196.0,5123.0,51.0,267.816,2658128735.0
915.198,63.0,90196.0,5123.0,51.0,268.586,2658155846.0
915.298,63.0,90196.0,5123.0,51.0,270.328,2658155846.0
915.398,63.0,90196.0,5123.0,51.0,272.054,2658182472.0
915.498,63.0,90196.0,5123.0,51.0,269.8,2658236062.0
915.598,63.0,90196.0,5123.0,51.0,267.049,2658263077.0
915.698,62.0,90196.0,5123.0,51.0,270.098,2658292557.0
915.798,62.0,90196.0,5123.0,51.0,271.255,2658317590.0
915.898,63.0,90196.0,5123.0,51.0,269.424,2658342718.0
915.998,63.0,90196.0,5123.0,51.0,267.362,2658367932.0
916.098,63.0,90196.0,5123.0,51.0,266.23,2658392846.0
916.198,63.0,90196.0,5123.0,51.0,266.163,2658420640.0
916.298,63.0,90196.0,5123.0,51.0,266.732,2658447491.0
916.398,63.0,90196.0,5123.0,51.0,264.317,2658473411.0
916.499,63.0,90196.0,5123.0,51.0,263.366,2658499775.0
916.597,63.0,90196.0,5123.0,51.0,264.272,2658527102.0
916.698,62.0,90196.0,5123.0,51.0,263.702,2658555252.0
916.798,62.0,90196.0,5123.0,51.0,263.215,2658583582.0
916.899,62.0,90196.0,5123.0,51.0,265.216,2658608704.0
916.998,62.0,90196.0,5123.0,51.0,264.611,2658633623.0
917.098,63.0,90196.0,5123.0,51.0,264.858,2658659357.0
917.198,63.0,90196.0,5123.0,51.0,266.755,2658685975.0
917.298,63.0,90196.0,5123.0,51.0,263.502,2658711169.0
917.399,63.0,90196.0,5123.0,51.0,264.172,2658737917.0
917.498,63.0,90196.0,5123.0,51.0,263.216,2658764585.0
917.599,63.0,90196.0,5123.0,51.0,258.941,2658789279.0
917.699,63.0,90196.0,5123.0,51.0,256.412,2658815016.0
917.798,63.0,90196.0,5123.0,51.0,257.928,2658840156.0
917.898,63.0,90196.0,5123.0,51.0,260.24,2658867894.0
917.998,63.0,90196.0,5123.0,51.0,260.24,2658894630.0
918.098,63.0,90196.0,5123.0,51.0,258.527,2658894630.0
918.198,63.0,90196.0,5123.0,51.0,257.513,2658918992.0
918.298,63.0,90196.0,5123.0,51.0,259.36,2658971541.0
918.398,63.0,90196.0,5123.0,51.0,259.812,2658998188.0
918.498,62.0,90196.0,5123.0,51.0,259.327,2659023926.0
918.597,62.0,90196.0,5123.0,51.0,260.824,2659051205.0
918.698,60.0,90196.0,5123.0,51.0,260.442,2659077086.0
918.798,60.0,90196.0,5123.0,51.0,260.452,2659102623.0
918.898,61.0,90196.0,5123.0,51.0,258.862,2659128436.0
918.998,61.0,90196.0,5123.0,51.0,257.315,2659153319.0
919.097,60.0,90196.0,5123.0,51.0,258.857,2659179058.0
919.198,60.0,90196.0,5123.0,51.0,258.853,2659205718.0
919.297,61.0,90196.0,5123.0,51.0,259.287,2659232650.0
919.398,61.0,90196.0,5123.0,51.0,257.993,2659257062.0
919.499,61.0,90196.0,5123.0,51.0,258.947,2659282550.0
919.598,61.0,90196.0,5123.0,51.0,254.9,2659306738.0
919.698,61.0,90196.0,5123.0,50.0,255.393,2659331373.0
919.798,61.0,90196.0,5123.0,50.0,253.349,2659355948.0
919.898,61.0,90196.0,5123.0,50.0,253.003,2659379861.0
919.998,61.0,90196.0,5123.0,50.0,250.884,2659403627.0
920.098,61.0,90196.0,5123.0,50.0,249.684,2659426891.0
920.198,61.0,90196.0,5123.0,50.0,248.476,2659452607.0
920.297,61.0,90196.0,5123.0,50.0,245.402,2659475679.0
920.397,61.0,90196.0,5123.0,50.0,244.663,2659501765.0
920.498,61.0,90196.0,5123.0,50.0,245.368,2659526355.0
920.599,61.0,90196.0,5123.0,50.0,243.784,2659551087.0
920.698,61.0,90196.0,5123.0,50.0,243.784,2659573766.0
920.798,61.0,90196.0,5123.0,50.0,244.362,2659573766.0
920.898,60.0,90196.0,5123.0,50.0,243.174,2659598847.0
920.998,60.0,90196.0,5123.0,50.0,243.543,2659645946.0
921.098,56.0,90196.0,5123.0,49.0,240.847,2659665014.0
921.198,56.0,90196.0,5123.0,48.0,229.05,2659678680.0
921.298,0.0,90196.0,5123.0,48.0,218.968,2659691982.0
921.398,0.0,90196.0,5123.0,48.0,207.378,2659705303.0
921.498,0.0,90196.0,5123.0,47.0,194.486,2659718630.0
921.597,0.0,90196.0,5123.0,47.0,183.86,2659731933.0
921.698,0.0,90196.0,5123.0,47.0,187.011,2659764484.0
921.799,0.0,90196.0,5123.0,54.0,215.455,2659819776.0
921.898,100.0,90196.0,5123.0,56.0,254.721,2659884441.0
921.998,100.0,90196.0,5123.0,57.0,285.481,2659938882.0
922.098,100.0,90196.0,5123.0,59.0,336.248,2660009470.0
922.198,100.0,90196.0,5123.0,59.0,379.967,2660073521.0
922.298,97.0,90196.0,5123.0,60.0,433.684,2660132630.0
922.398,97.0,90196.0,5123.0,60.0,475.455,2660189269.0
922.498,94.0,90196.0,5123.0,61.0,519.836,2660252873.0
922.598,94.0,90196.0,5123.0,61.0,569.74,2660310175.0
922.698,90.0,90196.0,5123.0,62.0,607.547,2660372549.0
922.799,90.0,90196.0,5123.0,61.0,603.195,2660414024.0
922.898,70.0,90196.0,5123.0,57.0,568.398,2660440216.0
922.998,70.0,90196.0,5123.0,56.0,536.993,2660467792.0
923.098,62.0,90196.0,5123.0,55.0,497.945,2660467792.0
923.198,62.0,90196.0,5123.0,54.0,464.792,2660494572.0
923.297,62.0,90196.0,5123.0,54.0,426.099,2660550754.0
923.398,62.0,90196.0,5123.0,53.0,403.142,2660578532.0
923.499,62.0,90196.0,5123.0,53.0,361.432,2660606434.0
923.598,62.0,90196.0,5123.0,53.0,339.733,2660634312.0
923.699,62.0,90196.0,5123.0,53.0,296.469,2660662363.0
923.798,62.0,90196.0,5123.0,53.0,276.922,2660689260.0
923.898,62.0,90196.0,5123.0,52.0,277.971,2660716651.0
923.998,62.0,90196.0,5123.0,52.0,279.38,2660744942.0
924.097,61.0,90196.0,5123.0,52.0,280.881,2660773759.0
924.199,61.0,90196.0,5123.0,52.0,280.779,2660801748.0
924.298,62.0,90196.0,5123.0,52.0,280.497,2660830562.0
924.397,62.0,90196.0,5123.0,52.0,281.529,2660858398.0
924.498,63.0,90196.0,5123.0,52.0,278.526,2660884149.0
924.599,63.0,90196.0,5123.0,52.0,279.13,2660912080.0
924.698,63.0,90196.0,5123.0,52.0,280.522,2660941323.0
924.799,63.0,90196.0,5123.0,52.0,280.628,2660968141.0
924.898,62.0,90196.0,5123.0,52.0,279.278,2660994461.0
924.998,62.0,90196.0,5123.0,52.0,278.339,2661021032.0
925.098,61.0,90196.0,5123.0,52.0,275.085,2661047220.0
925.198,61.0,90196.0,5123.0,52.0,275.865,2661076359.0
925.297,63.0,90196.0,5123.0,52.0,275.289,2661102778.0
925.399,63.0,90196.0,5123.0,52.0,272.491,2661128272.0
925.498,62.0,90196.0,5123.0,52.0,271.274,2661154250.0
925.598,62.0,90196.0,5123.0,52.0,271.395,2661181515.0
925.698,63.0,90196.0,5123.0,52.0,271.174,2661181515.0
925.797,63.0,90196.0,5123.0,52.0,268.637,2661210095.0
925.897,63.0,90196.0,5123.0,52.0,269.375,2661264272.0
925.999,63.0,90196.0,5123.0,52.0,267.447,2661289009.0
926.098,62.0,90196.0,5123.0,52.0,267.207,2661314855.0
926.198,62.0,90196.0,5123.0,51.0,263.133,2661340192.0
926.298,63.0,90196.0,5123.0,52.0,261.6,2661366127.0
926.399,63.0,90196.0,5123.0,51.0,261.402,2661391727.0
926.499,63.0,90196.0,5123.0,52.0,262.629,2661418414.0
926.598,63.0,90196.0,5123.0,52.0,263.837,2661446801.0
926.698,63.0,90196.0,5123.0,52.0,262.398,2661473460.0
926.798,63.0,90196.0,5123.0,52.0,262.066,2661499450.0
926.898,63.0,90196.0,5123.0,51.0,265.024,2661528843.0
926.998,63.0,90196.0,5123.0,52.0,266.776,2661555635.0
927.098,62.0,90196.0,5123.0,51.0,266.807,2661580711.0
927.198,62.0,90196.0,5123.0,51.0,266.556,2661605756.0
927.299,63.0,90196.0,5123.0,51.0,267.758,2661632757.0
927.397,63.0,90196.0,5123.0,51.0,270.778,2661661739.0
927.498,63.0,90196.0,5123.0,51.0,273.021,2661689617.0
927.599,63.0,90196.0,5123.0,51.0,270.538,2661715948.0
927.698,63.0,90196.0,5123.0,51.0,268.973,2661741676.0
927.798,63.0,90196.0,5123.0,51.0,270.292,2661769952.0
927.897,63.0,90196.0,5123.0,51.0,269.871,2661797909.0
927.998,63.0,90196.0,5123.0,51.0,273.463,2661827974.0
928.098,63.0,90196.0,5123.0,52.0,274.101,2661853882.0
928.198,63.0,90196.0,5123.0,51.0,277.909,2661882082.0
928.298,63.0,90196.0,5123.0,51.0,277.909,2661909660.0
928.398,63.0,90196.0,5123.0,51.0,276.742,2661909660.0
928.498,64.0,90196.0,5123.0,51.0,276.027,2661937138.0
928.599,64.0,90196.0,5123.0,51.0,275.299,2661990040.0
928.698,63.0,90196.0,5123.0,51.0,276.186,2662016935.0
928.799,63.0,90196.0,5123.0,51.0,273.717,2662042899.0
928.899,63.0,90196.0,5123.0,51.0,274.227,2662071358.0
928.997,63.0,90196.0,5123.0,51.0,270.343,2662097729.0
929.098,62.0,90196.0,5123.0,51.0,269.977,2662124428.0
929.198,62.0,90196.0,5123.0,51.0,269.551,2662151089.0
929.298,63.0,90196.0,5123.0,51.0,266.997,2662176716.0
929.398,63.0,90196.0,5123.0,51.0,267.99,2662204873.0
929.498,63.0,90196.0,5123.0,51.0,266.08,2662231017.0
929.599,63.0,90196.0,5123.0,51.0,265.073,2662256070.0
929.699,63.0,90196.0,5123.0,51.0,263.89,2662281966.0
929.798,63.0,90196.0,5123.0,51.0,265.28,2662307619.0
929.898,63.0,90196.0,5123.0,51.0,261.55,2662332998.0
929.998,63.0,90196.0,5123.0,51.0,260.622,2662358885.0
930.097,63.0,90196.0,5123.0,51.0,259.683,2662384053.0
930.198,63.0,90196.0,5123.0,51.0,256.757,2662409438.0
930.298,62.0,90196.0,5123.0,51.0,258.905,2662436709.0
930.398,62.0,90196.0,5123.0,51.0,257.357,2662462666.0
930.498,62.0,90196.0,5123.0,51.0,256.485,2662489141.0
930.598,62.0,90196.0,5123.0,51.0,259.693,2662517251.0
930.698,61.0,90196.0,5123.0,51.0,259.444,2662542697.0
930.798,61.0,90196.0,5123.0,51.0,260.762,2662569982.0
930.898,61.0,90196.0,5123.0,51.0,262.739,2662569982.0
930.999,61.0,90196.0,5123.0,51.0,263.072,2662596695.0
931.099,61.0,90196.0,5123.0,51.0,262.952,2662622434.0
931.198,61.0,90196.0,5123.0,51.0,264.284,2662674688.0
931.298,61.0,90196.0,5123.0,51.0,264.05,2662701748.0
931.398,61.0,90196.0,5123.0,51.0,263.116,2662725737.0
931.498,59.0,90196.0,5123.0,51.0,261.669,2662749805.0
931.599,59.0,90196.0,5123.0,51.0,257.634,2662773203.0
931.699,61.0,90196.0,5123.0,51.0,255.694,2662798280.0
931.798,61.0,90196.0,5123.0,50.0,253.097,2662822612.0
931.899,61.0,90196.0,5123.0,50.0,251.399,2662848104.0
931.998,61.0,90196.0,5123.0,50.0,249.494,2662872007.0
932.097,60.0,90196.0,5123.0,50.0,248.864,2662896932.0
932.198,60.0,90196.0,5123.0,50.0,246.309,2662920130.0
932.298,59.0,90196.0,5123.0,50.0,239.513,2662940493.0
932.399,59.0,90196.0,5123.0,49.0,232.337,2662957416.0
932.498,20.0,90196.0,5123.0,48.0,221.788,2662970860.0
932.599,20.0,90196.0,5123.0,48.0,211.44,2662984296.0
932.698,0.0,90196.0,5123.0,48.0,201.236,2662997828.0
932.797,0.0,90196.0,5123.0,47.0,191.16,2663011340.0
932.898,0.0,90196.0,5123.0,47.0,177.834,2663024872.0
932.998,0.0,90196.0,5123.0,47.0,177.834,2663024872.0
933.098,76.0,90196.0,5123.0,55.0,220.229,2663057908.0
933.198,76.0,90196.0,5123.0,55.0,263.138,2663181188.0
933.298,90.0,90196.0,5123.0,58.0,301.713,2663240895.0
933.398,90.0,90196.0,5123.0,59.0,352.167,2663304937.0
933.498,92.0,90196.0,5123.0,60.0,396.931,2663363723.0
933.598,92.0,90196.0,5123.0,61.0,436.591,2663416756.0
933.698,91.0,90196.0,5123.0,61.0,479.573,2663479160.0
933.798,91.0,90196.0,5123.0,62.0,526.322,2663540640.0
933.898,88.0,90196.0,5123.0,62.0,583.03,2663603019.0
933.998,88.0,90196.0,5123.0,62.0,597.989,2663654810.0
934.097,77.0,90196.0,5123.0,57.0,559.501,2663680369.0
934.198,77.0,90196.0,5123.0,56.0,525.096,2663707049.0
934.298,62.0,90196.0,5123.0,55.0,493.304,2663734036.0
934.398,62.0,90196.0,5123.0,54.0,459.229,2663761773.0
934.499,61.0,90196.0,5123.0,54.0,425.184,2663788990.0
934.599,61.0,90196.0,5123.0,54.0,397.862,2663815207.0
934.698,62.0,90196.0,5123.0,53.0,368.827,2663842914.0
934.798,62.0,90196.0,5123.0,53.0,326.961,2663868509.0
934.898,62.0,90196.0,5123.0,53.0,297.952,2663895126.0
934.998,62.0,90196.0,5123.0,53.0,266.582,2663920063.0
935.098,62.0,90196.0,5123.0,52.0,265.714,2663945139.0
935.198,62.0,90196.0,5123.0,52.0,265.089,2663970281.0
935.298,62.0,90196.0,5123.0,52.0,264.024,2663970281.0
935.398,62.0,90196.0,5123.0,52.0,263.121,2663997529.0
935.498,62.0,90196.0,5123.0,52.0,262.639,2664050854.0
935.599,62.0,90196.0,5123.0,52.0,261.94,2664076722.0
935.698,62.0,90196.0,5123.0,52.0,258.842,2664102639.0
935.798,62.0,90196.0,5123.0,52.0,258.678,2664128249.0
935.899,62.0,90196.0,5123.0,52.0,255.919,2664152649.0
935.998,62.0,90196.0,5123.0,52.0,257.195,2664178899.0
936.098,61.0,90196.0,5123.0,52.0,258.229,2664204358.0
936.198,61.0,90196.0,5123.0,52.0,258.943,2664230669.0
936.298,62.0,90196.0,5123.0,52.0,259.462,2664257118.0
936.398,62.0,90196.0,5123.0,52.0,258.569,2664283496.0
936.497,62.0,90196.0,5123.0,52.0,258.892,2664310696.0
936.598,62.0,90196.0,5123.0,52.0,260.882,2664338467.0
936.697,62.0,90196.0,5123.0,51.0,263.58,2664365599.0
936.798,62.0,90196.0,5123.0,51.0,267.468,2664393414.0
936.899,62.0,90196.0,5123.0,51.0,269.278,2664420314.0
936.998,62.0,90196.0,5123.0,51.0,268.609,2664446068.0
937.099,63.0,90196.0,5123.0,51.0,267.896,2664470964.0
937.198,63.0,90196.0,5123.0,51.0,265.967,2664495898.0
937.298,62.0,90196.0,5123.0,51.0,265.979,2664522804.0
937.398,62.0,90196.0,5123.0,51.0,267.412,2664550602.0
937.498,63.0,90196.0,5123.0,51.0,266.616,2664576690.0
937.598,63.0,90196.0,5123.0,51.0,264.696,2664602505.0
937.698,63.0,90196.0,5123.0,51.0,264.963,2664630445.0
937.798,63.0,90196.0,5123.0,51.0,262.314,2664657339.0
937.897,63.0,90196.0,5123.0,51.0,261.642,2664657339.0
937.998,63.0,90196.0,5123.0,51.0,260.808,2664683480.0
938.099,63.0,90196.0,5123.0,51.0,263.917,2664736588.0
938.198,63.0,90196.0,5123.0,51.0,264.811,2664762512.0
938.298,63.0,90196.0,5123.0,51.0,264.814,2664789073.0
938.398,63.0,90196.0,5123.0,51.0,262.598,2664815442.0
938.498,61.0,90196.0,5123.0,51.0,263.009,2664841994.0
938.597,61.0,90196.0,5123.0,51.0,263.856,2664868094.0
938.699,62.0,90196.0,5123.0,51.0,260.304,2664892778.0
938.798,62.0,90196.0,5123.0,51.0,260.99,2664921017.0
938.898,62.0,90196.0,5123.0,51.0,263.582,2664948952.0
938.998,62.0,90196.0,5123.0,51.0,266.404,2664976031.0
939.098,63.0,90196.0,5123.0,51.0,266.182,2665003579.0
939.198,63.0,90196.0,5123.0,51.0,267.042,2665030590.0
939.298,62.0,90196.0,5123.0,51.0,267.2,2665057308.0
939.398,62.0,90196.0,5123.0,51.0,269.377,2665085245.0
939.498,63.0,90196.0,5123.0,51.0,269.277,2665111935.0
939.599,63.0,90196.0,5123.0,51.0,269.359,2665138348.0
939.698,63.0,90196.0,5123.0,51.0,271.713,2665165065.0
939.798,63.0,90196.0,5123.0,51.0,270.604,2665192065.0
939.898,63.0,90196.0,5123.0,51.0,266.815,2665217385.0
939.998,63.0,90196.0,5123.0,51.0,265.219,2665242241.0
940.098,63.0,90196.0,5123.0,51.0,264.017,2665268359.0
940.198,63.0,90196.0,5123.0,51.0,262.312,2665294771.0
940.298,62.0,90196.0,5123.0,51.0,263.137,2665321341.0
940.398,62.0,90196.0,5123.0,51.0,260.474,2665346651.0
940.498,62.0,90196.0,5123.0,51.0,260.474,2665374116.0
940.599,64.0,90196.0,5123.0,51.0,262.699,2665374116.0
940.697,64.0,90196.0,5123.0,51.0,260.957,2665400139.0
940.798,63.0,90196.0,5123.0,51.0,260.893,2665451827.0
940.898,63.0,90196.0,5123.0,51.0,260.392,2665478464.0
940.997,61.0,90196.0,5123.0,51.0,262.59,2665504755.0
941.097,61.0,90196.0,5123.0,51.0,261.234,2665529674.0
941.198,61.0,90196.0,5123.0,51.0,260.794,2665555812.0
941.298,60.0,90196.0,5123.0,51.0,261.161,2665582402.0
941.398,60.0,90196.0,5123.0,51.0,261.029,2665607898.0
941.498,61.0,90196.0,5123.0,51.0,257.975,2665631994.0
941.599,61.0,90196.0,5123.0,51.0,258.862,2665658644.0
941.697,60.0,90196.0,5123.0,51.0,256.191,2665681914.0
941.798,60.0,90196.0,5123.0,51.0,255.435,2665705702.0
941.899,61.0,90196.0,5123.0,51.0,253.448,2665731670.0
941.998,61.0,90196.0,5123.0,51.0,251.307,2665756173.0
942.099,61.0,90196.0,5123.0,51.0,251.713,2665780513.0
942.198,61.0,90196.0,5123.0,51.0,250.179,2665803926.0
942.297,60.0,90196.0,5123.0,51.0,246.432,2665827223.0
942.398,60.0,90196.0,5123.0,51.0,246.375,2665853424.0
942.497,60.0,90196.0,5123.0,50.0,244.443,2665876525.0
942.599,60.0,90196.0,5123.0,50.0,240.903,2665899347.0
942.697,61.0,90196.0,5123.0,50.0,244.953,2665926179.0
942.798,61.0,90196.0,5123.0,50.0,244.46,2665950727.0
942.896,60.0,90196.0,5123.0,50.0,242.02,2665973091.0
942.998,60.0,90196.0,5123.0,50.0,242.182,2665997433.0
943.098,60.0,90196.0,5123.0,50.0,242.279,2666022335.0
943.198,60.0,90196.0,5123.0,50.0,243.234,2666022335.0
943.298,61.0,90196.0,5123.0,50.0,246.076,2666047823.0
943.397,61.0,90196.0,5123.0,50.0,245.314,2666098967.0
943.497,54.0,90196.0,5123.0,50.0,242.159,2666120281.0
943.599,54.0,90196.0,5123.0,49.0,236.184,2666137611.0
943.699,0.0,90196.0,5123.0,48.0,221.83,2666151036.0
943.796,0.0,90196.0,5123.0,48.0,211.583,2666164403.0
943.898,27.0,90196.0,5123.0,48.0,207.705,2666181916.0
943.998,27.0,90196.0,5123.0,48.0,199.006,2666199167.0
944.098,61.0,90196.0,5123.0,48.0,211.464,2666226653.0
944.198,61.0,90196.0,5123.0,55.0,249.476,2666289534.0
944.298,92.0,90196.0,5123.0,57.0,282.927,2666350540.0
944.397,92.0,90196.0,5123.0,58.0,319.496,2666410440.0
944.498,90.0,90196.0,5123.0,59.0,355.422,2666468529.0
944.598,90.0,90196.0,5123.0,60.0,400.185,2666526884.0
944.699,88.0,90196.0,5123.0,61.0,439.242,2666589586.0
944.797,88.0,90196.0,5123.0,61.0,486.953,2666648072.0
944.898,95.0,90196.0,5123.0,61.0,537.818,2666716059.0
944.997,95.0,90196.0,5123.0,58.0,547.655,2666747414.0
945.098,61.0,90196.0,5123.0,56.0,538.162,2666772522.0
945.198,61.0,90196.0,5123.0,55.0,501.411,2666798650.0
945.299,61.0,90196.0,5123.0,54.0,467.298,2666824738.0
945.398,61.0,90196.0,5123.0,54.0,467.298,2666849032.0
945.498,61.0,90196.0,5123.0,53.0,432.605,2666849032.0
945.598,61.0,90196.0,5123.0,53.0,402.057,2666875002.0
945.699,61.0,90196.0,5123.0,53.0,362.599,2666926198.0
945.798,60.0,90196.0,5123.0,52.0,328.511,2666949870.0
945.898,60.0,90196.0,5123.0,52.0,297.889,2666975017.0
945.998,61.0,90196.0,5123.0,52.0,256.632,2666999146.0
946.098,61.0,90196.0,5123.0,52.0,250.462,2667024124.0
946.198,61.0,90196.0,5123.0,52.0,250.556,2667050080.0
946.298,61.0,90196.0,5123.0,51.0,250.409,2667074587.0
946.398,61.0,90196.0,5123.0,51.0,248.708,2667099893.0
946.498,60.0,90196.0,5123.0,51.0,249.663,2667125015.0
946.597,60.0,90196.0,5123.0,51.0,249.573,2667150029.0
946.698,61.0,90196.0,5123.0,51.0,249.152,2667175127.0
946.798,61.0,90196.0,5123.0,51.0,249.713,2667199760.0
946.898,61.0,90196.0,5123.0,51.0,250.097,2667225043.0
946.998,61.0,90196.0,5123.0,51.0,250.669,2667249648.0
947.098,61.0,90196.0,5123.0,51.0,252.58,2667274777.0
947.198,61.0,90196.0,5123.0,51.0,251.816,2667301642.0
947.298,61.0,90196.0,5123.0,51.0,251.746,2667325263.0
947.398,61.0,90196.0,5123.0,51.0,252.619,2667350867.0
947.498,61.0,90196.0,5123.0,51.0,252.355,2667377005.0
947.598,61.0,90196.0,5123.0,51.0,252.466,2667401917.0
947.698,61.0,90196.0,5123.0,51.0,252.792,2667426643.0
947.798,61.0,90196.0,5123.0,51.0,252.774,2667452529.0
947.898,61.0,90196.0,5123.0,51.0,252.457,2667477026.0
947.998,61.0,90196.0,5123.0,51.0,252.357,2667502133.0
948.098,62.0,90196.0,5123.0,51.0,251.053,2667502133.0
948.198,62.0,90196.0,5123.0,51.0,250.714,2667526283.0
948.298,60.0,90196.0,5123.0,51.0,251.126,2667577107.0
948.399,60.0,90196.0,5123.0,51.0,251.292,2667601828.0
948.498,61.0,90196.0,5123.0,51.0,252.265,2667628449.0
948.599,61.0,90196.0,5123.0,51.0,251.491,2667653337.0
948.698,62.0,90196.0,5123.0,51.0,253.355,2667679013.0
948.798,62.0,90196.0,5123.0,51.0,253.222,2667705240.0
948.898,62.0,90196.0,5123.0,51.0,253.379,2667729984.0
948.999,62.0,90196.0,5123.0,51.0,254.968,2667756281.0
949.097,61.0,90196.0,5123.0,51.0,255.255,2667782125.0
949.197,61.0,90196.0,5123.0,51.0,254.457,2667806979.0
949.298,62.0,90196.0,5123.0,51.0,255.82,2667831916.0
949.399,62.0,90196.0,5123.0,51.0,255.109,2667857392.0
949.498,61.0,90196.0,5123.0,51.0,252.783,2667882159.0
949.599,61.0,90196.0,5123.0,51.0,254.443,2667907039.0
949.699,60.0,90196.0,5123.0,51.0,254.056,2667932942.0
949.798,60.0,90196.0,5123.0,51.0,253.458,2667958350.0
949.899,60.0,90196.0,5123.0,51.0,254.332,2667984307.0
949.999,60.0,90196.0,5123.0,51.0,252.455,2668009172.0
950.098,59.0,90196.0,5123.0,51.0,251.643,2668034062.0
950.198,59.0,90196.0,5123.0,51.0,251.912,2668058742.0
950.299,60.0,90196.0,5123.0,51.0,252.97,2668084929.0
950.398,60.0,90196.0,5123.0,51.0,252.336,2668110382.0
950.498,60.0,90196.0,5123.0,51.0,253.403,2668135964.0
950.598,60.0,90196.0,5123.0,51.0,252.657,2668159596.0
950.698,60.0,90196.0,5123.0,51.0,252.575,2668185532.0
950.798,60.0,90196.0,5123.0,51.0,252.575,2668210515.0
950.898,60.0,90196.0,5123.0,51.0,251.747,2668210515.0
950.997,59.0,90196.0,5123.0,50.0,251.903,2668236010.0
951.098,59.0,90196.0,5123.0,51.0,251.335,2668284860.0
951.198,60.0,90196.0,5123.0,51.0,250.092,2668310117.0
951.298,60.0,90196.0,5123.0,51.0,250.358,2668335228.0
951.398,60.0,90196.0,5123.0,51.0,249.48,2668359309.0
951.499,60.0,90196.0,5123.0,51.0,248.003,2668383649.0
951.599,60.0,90196.0,5123.0,51.0,246.607,2668407776.0
951.698,60.0,90196.0,5123.0,50.0,247.072,2668432037.0
951.798,60.0,90196.0,5123.0,51.0,245.966,2668457857.0
951.898,60.0,90196.0,5123.0,50.0,246.105,2668483054.0
951.998,60.0,90196.0,5123.0,50.0,246.729,2668507573.0
952.097,59.0,90196.0,5123.0,50.0,247.02,2668531366.0
952.198,59.0,90196.0,5123.0,50.0,247.125,2668556258.0
952.297,59.0,90196.0,5123.0,50.0,246.985,2668581749.0
952.397,59.0,90196.0,5123.0,50.0,247.268,2668605038.0
952.498,60.0,90196.0,5123.0,50.0,245.992,2668629216.0
952.599,60.0,90196.0,5123.0,50.0,246.348,2668654227.0
952.698,60.0,90196.0,5123.0,50.0,244.433,2668676392.0
952.798,60.0,90196.0,5123.0,50.0,243.641,2668701111.0
952.898,60.0,90196.0,5123.0,50.0,242.375,2668724964.0
952.998,60.0,90196.0,5123.0,50.0,241.286,2668747966.0
953.098,58.0,90196.0,5123.0,50.0,241.292,2668772600.0
953.198,58.0,90196.0,5123.0,50.0,239.103,2668794615.0
953.298,58.0,90196.0,5123.0,50.0,236.571,2668817826.0
953.398,58.0,90196.0,5123.0,50.0,235.862,2668840023.0
953.499,57.0,90196.0,5123.0,50.0,235.064,2668840023.0
953.599,57.0,90196.0,5123.0,50.0,234.0,2668862895.0
953.699,57.0,90196.0,5123.0,50.0,234.548,2668909391.0
953.798,57.0,90196.0,5123.0,50.0,233.48,2668933418.0
953.898,57.0,90196.0,5123.0,49.0,232.089,2668955870.0
953.998,57.0,90196.0,5123.0,50.0,230.704,2668978802.0
954.098,57.0,90196.0,5123.0,49.0,226.395,2668999590.0
954.198,57.0,90196.0,5123.0,49.0,226.716,2669021904.0
954.299,57.0,90196.0,5123.0,49.0,226.487,2669044880.0
954.398,57.0,90196.0,5123.0,49.0,224.123,2669065519.0
954.498,19.0,90196.0,5123.0,49.0,217.392,2669082839.0
954.598,19.0,90196.0,5123.0,48.0,207.435,2669096250.0
954.697,0.0,90196.0,5123.0,48.0,198.036,2669109582.0
954.799,0.0,90196.0,5123.0,47.0,186.925,2669122944.0
954.899,0.0,90196.0,5123.0,47.0,177.582,2669136216.0
954.998,0.0,90196.0,5123.0,47.0,169.42,2669149415.0
955.099,0.0,90196.0,5123.0,47.0,162.205,2669162756.0
955.199,0.0,90196.0,5123.0,47.0,153.156,2669175906.0
955.299,0.0,90196.0,5123.0,47.0,143.683,2669189117.0
955.398,0.0,90196.0,5123.0,47.0,136.456,2669202364.0
955.499,0.0,90196.0,5123.0,46.0,132.796,2669215602.0
955.599,0.0,90196.0,5123.0,46.0,132.65,2669228856.0
955.698,0.0,90196.0,5123.0,46.0,132.473,2669242049.0
955.798,0.0,90196.0,5123.0,46.0,132.295,2669255234.0
955.899,0.0,90196.0,5123.0,46.0,132.112,2669268353.0
955.998,0.0,90196.0,5123.0,46.0,132.137,2669281545.0
956.098,0.0,90196.0,5123.0,46.0,132.028,2669294732.0
956.199,0.0,90196.0,5123.0,46.0,132.095,2669307945.0
956.299,0.0,90196.0,5123.0,46.0,132.095,2669307945.0
956.398,0.0,90196.0,5123.0,46.0,132.105,2669321174.0
956.498,0.0,90196.0,5123.0,46.0,132.05,2669334376.0
956.598,0.0,90196.0,5123.0,46.0,132.013,2669360799.0
956.699,0.0,90196.0,5123.0,46.0,131.981,2669373997.0
956.798,0.0,90196.0,5123.0,46.0,131.987,2669387161.0
956.898,0.0,90196.0,5123.0,46.0,131.951,2669400334.0
956.998,0.0,90196.0,5123.0,46.0,132.033,2669413461.0
957.098,0.0,90196.0,5123.0,46.0,131.91,2669426597.0
957.199,0.0,90196.0,5123.0,46.0,131.897,2669439778.0
957.299,0.0,90196.0,5123.0,46.0,131.836,2669452910.0
957.398,0.0,90196.0,5123.0,46.0,131.685,2669466069.0
957.498,0.0,90196.0,5123.0,46.0,131.612,2669479191.0
957.599,0.0,90196.0,5123.0,46.0,131.577,2669492391.0
957.699,0.0,90196.0,5123.0,46.0,131.546,2669505550.0
957.798,0.0,90196.0,5123.0,46.0,131.46,2669518631.0
957.899,0.0,90196.0,5123.0,46.0,131.406,2669531750.0
957.999,0.0,90196.0,5123.0,46.0,131.393,2669544831.0
958.099,0.0,90196.0,5123.0,46.0,131.312,2669557948.0
958.199,0.0,90196.0,5123.0,46.0,131.422,2669571103.0
958.298,0.0,90196.0,5123.0,46.0,131.519,2669584354.0
958.399,0.0,90196.0,5123.0,46.0,131.476,2669597470.0
958.499,0.0,90196.0,5123.0,46.0,131.528,2669610627.0
958.599,0.0,90196.0,5123.0,46.0,131.463,2669623786.0
958.698,0.0,90196.0,5123.0,46.0,131.475,2669636910.0
958.798,0.0,90196.0,5123.0,46.0,131.656,2669650108.0
958.899,0.0,90196.0,5123.0,46.0,131.663,2669663280.0
958.999,0.0,90196.0,5123.0,46.0,131.642,2669676411.0
959.099,0.0,90196.0,5123.0,46.0,131.731,2669689539.0
959.199,0.0,90196.0,5123.0,46.0,131.731,2669702715.0
959.299,0.0,90196.0,5123.0,46.0,131.604,2669702715.0
959.398,0.0,90196.0,5123.0,46.0,131.415,2669715729.0
959.499,0.0,90196.0,5123.0,46.0,131.293,2669741817.0
959.599,0.0,90196.0,5123.0,46.0,131.213,2669754889.0
959.698,0.0,90196.0,5123.0,46.0,131.194,2669767871.0
959.799,0.0,90196.0,5123.0,46.0,131.034,2669780945.0
959.899,0.0,90196.0,5123.0,46.0,130.804,2669793998.0
959.998,0.0,90196.0,5123.0,46.0,130.779,2669807075.0
960.098,0.0,90196.0,5123.0,46.0,130.708,2669820102.0
960.198,0.0,90196.0,5123.0,46.0,130.595,2669833181.0
960.298,0.0,90196.0,5123.0,46.0,130.552,2669846191.0
960.398,0.0,90196.0,5123.0,46.0,130.487,2669859177.0
960.498,0.0,90196.0,5123.0,46.0,130.467,2669872228.0
960.599,0.0,90196.0,5123.0,46.0,130.432,2669885304.0
960.698,0.0,90196.0,5123.0,46.0,130.521,2669898326.0
960.799,0.0,90196.0,5123.0,46.0,130.569,2669911443.0
960.899,0.0,90196.0,5123.0,46.0,130.54,2669924501.0
960.999,0.0,90196.0,5123.0,46.0,130.546,2669937533.0
961.098,0.0,90196.0,5123.0,46.0,130.59,2669950591.0
961.198,0.0,90196.0,5123.0,46.0,130.549,2669963630.0
961.298,0.0,90196.0,5123.0,46.0,130.592,2669976660.0
961.398,0.0,90196.0,5123.0,46.0,130.646,2669989700.0
961.499,0.0,90196.0,5123.0,46.0,130.604,2670002752.0
961.599,0.0,90196.0,5123.0,46.0,130.573,2670015782.0
961.699,0.0,90196.0,5123.0,45.0,130.525,2670028754.0
961.799,0.0,90196.0,5123.0,46.0,130.429,2670041777.0
961.899,0.0,90196.0,5123.0,45.0,130.407,2670054771.0
961.998,0.0,90196.0,5123.0,45.0,130.407,2670067849.0
962.099,0.0,90196.0,5123.0,45.0,130.398,2670067849.0
962.199,0.0,90196.0,5123.0,45.0,130.432,2670080870.0
962.299,0.0,90196.0,5123.0,46.0,130.389,2670093942.0
962.399,0.0,90196.0,5123.0,45.0,130.421,2670120032.0
962.498,0.0,90196.0,5123.0,45.0,130.361,2670133052.0
962.599,0.0,90196.0,5123.0,45.0,130.394,2670146070.0
962.699,0.0,90196.0,5123.0,45.0,130.468,2670159133.0
962.799,0.0,90196.0,5123.0,45.0,130.506,2670172203.0
962.899,0.0,90196.0,5123.0,45.0,130.495,2670185217.0
962.998,0.0,90196.0,5123.0,45.0,130.412,2670198204.0
963.099,0.0,90196.0,5123.0,45.0,130.388,2670211200.0
963.199,0.0,90196.0,5123.0,45.0,130.334,2670224212.0
963.299,0.0,90196.0,5123.0,45.0,130.268,2670237204.0
963.399,0.0,90196.0,5123.0,45.0,130.25,2670250220.0
963.498,0.0,90196.0,5123.0,45.0,130.263,2670263217.0
963.599,0.0,90196.0,5123.0,45.0,130.27,2670276251.0
963.699,0.0,90196.0,5123.0,45.0,130.229,2670289298.0
963.798,0.0,90196.0,5123.0,45.0,130.194,2670302320.0
963.899,0.0,90196.0,5123.0,45.0,130.214,2670315327.0
963.999,0.0,90196.0,5123.0,45.0,130.226,2670328355.0
964.098,0.0,90196.0,5123.0,45.0,130.239,2670341352.0
964.198,0.0,90196.0,5123.0,45.0,130.282,2670354408.0
964.299,0.0,90196.0,5123.0,45.0,130.324,2670367424.0
964.399,0.0,90196.0,5123.0,45.0,130.298,2670380427.0
964.499,0.0,90196.0,5123.0,45.0,130.315,2670393472.0
964.598,0.0,90196.0,5123.0,45.0,130.307,2670406491.0
964.698,0.0,90196.0,5123.0,45.0,130.306,2670419531.0
964.799,0.0,90196.0,5123.0,45.0,130.287,2670432562.0
964.899,0.0,90196.0,5123.0,45.0,130.28,2670445585.0
964.999,0.0,90196.0,5123.0,45.0,130.311,2670458575.0
965.098,0.0,90196.0,5123.0,45.0,130.311,2670471599.0
965.198,0.0,90196.0,5123.0,45.0,130.292,2670471599.0
965.298,0.0,90196.0,5123.0,45.0,130.243,2670484607.0
965.398,0.0,90196.0,5123.0,45.0,130.274,2670497649.0
965.498,0.0,90196.0,5123.0,45.0,130.31,2670523687.0
965.598,0.0,90196.0,5123.0,45.0,130.291,2670536724.0
965.699,0.0,90196.0,5123.0,45.0,130.273,2670549753.0
965.798,0.0,90196.0,5123.0,45.0,130.255,2670562774.0
965.899,0.0,90196.0,5123.0,45.0,130.274,2670575784.0
965.999,0.0,90196.0,5123.0,45.0,130.28,2670588826.0
966.099,0.0,90196.0,5123.0,45.0,130.302,2670601843.0
966.198,0.0,90196.0,5123.0,45.0,130.308,2670614865.0
966.299,0.0,90196.0,5123.0,45.0,130.309,2670627885.0
966.399,0.0,90196.0,5123.0,45.0,130.285,2670640864.0
966.499,0.0,90196.0,5123.0,45.0,130.25,2670653911.0
966.599,0.0,90196.0,5123.0,45.0,130.265,2670666889.0
966.699,0.0,90196.0,5123.0,45.0,130.235,2670679889.0
966.798,0.0,90196.0,5123.0,45.0,130.264,2670692947.0
966.898,0.0,90196.0,5123.0,45.0,130.28,2670705975.0
966.998,0.0,90196.0,5123.0,45.0,130.233,2670718992.0
967.098,0.0,90196.0,5123.0,45.0,130.221,2670731970.0
967.198,0.0,90196.0,5123.0,45.0,130.244,2670745000.0
967.298,0.0,90196.0,5123.0,45.0,130.256,2670758033.0
967.398,0.0,90196.0,5123.0,45.0,130.28,2670771055.0
967.498,0.0,90196.0,5123.0,45.0,130.287,2670784103.0
967.599,0.0,90196.0,5123.0,45.0,130.323,2670797126.0
967.699,0.0,90196.0,5123.0,45.0,130.297,2670810126.0
967.798,0.0,90196.0,5123.0,45.0,130.226,2670823133.0
967.898,0.0,90196.0,5123.0,45.0,130.215,2670836141.0
967.999,0.0,90196.0,5123.0,45.0,130.233,2670849138.0
968.098,0.0,90196.0,5123.0,45.0,130.233,2670849138.0
968.199,0.0,90196.0,5123.0,45.0,130.27,2670862176.0
968.299,0.0,90196.0,5123.0,45.0,130.254,2670875191.0
968.399,0.0,90196.0,5123.0,45.0,130.265,2670901263.0
968.499,0.0,90196.0,5123.0,45.0,130.259,2670914275.0
968.599,0.0,90196.0,5123.0,45.0,130.229,2670927307.0
968.699,0.0,90196.0,5123.0,45.0,130.242,2670940321.0
968.798,0.0,90196.0,5123.0,45.0,130.271,2670953359.0
968.899,0.0,90196.0,5123.0,45.0,130.283,2670966374.0
968.998,0.0,90196.0,5123.0,45.0,130.306,2670979395.0
969.099,0.0,90196.0,5123.0,45.0,130.306,2670992401.0
969.198,0.0,90196.0,5123.0,45.0,130.289,2671005383.0
969.299,0.0,90196.0,5123.0,45.0,130.235,2671018389.0
969.398,0.0,90196.0,5123.0,45.0,130.222,2671031411.0
969.499,0.0,90196.0,5123.0,45.0,130.229,2671044442.0
969.598,0.0,90196.0,5123.0,45.0,130.245,2671057462.0
969.699,0.0,90196.0,5123.0,45.0,130.245,2671070481.0
969.798,0.0,90196.0,5123.0,45.0,130.233,2671083502.0
969.899,0.0,90196.0,5123.0,45.0,130.227,2671096527.0
969.999,0.0,90196.0,5123.0,45.0,130.239,2671109548.0
970.099,0.0,90196.0,5123.0,45.0,130.233,2671122559.0
970.198,0.0,90196.0,5123.0,45.0,130.286,2671135581.0
970.298,0.0,90196.0,5123.0,45.0,130.276,2671148609.0
970.398,0.0,90196.0,5123.0,45.0,130.264,2671161628.0
970.498,0.0,90196.0,5123.0,45.0,130.235,2671174631.0
970.599,0.0,90196.0,5123.0,45.0,130.235,2671187650.0
970.699,0.0,90196.0,5123.0,45.0,130.237,2671200678.0
970.799,0.0,90196.0,5123.0,45.0,130.26,2671213698.0
970.898,0.0,90196.0,5123.0,45.0,130.242,2671226725.0
970.999,0.0,90196.0,5123.0,45.0,130.248,2671239727.0
971.099,0.0,90196.0,5123.0,45.0,130.248,2671239727.0
971.198,0.0,90196.0,5123.0,45.0,130.277,2671252753.0
971.299,0.0,90196.0,5123.0,45.0,130.247,2671265770.0
971.399,0.0,90196.0,5123.0,45.0,130.251,2671291831.0
971.498,0.0,90196.0,5123.0,45.0,130.288,2671304841.0
971.599,0.0,90196.0,5123.0,45.0,130.311,2671317877.0
971.699,0.0,90196.0,5123.0,45.0,130.316,2671330902.0
971.799,0.0,90196.0,5123.0,45.0,130.316,2671343918.0
971.899,0.0,90196.0,5123.0,45.0,130.291,2671356933.0
971.998,0.0,90196.0,5123.0,45.0,130.296,2671369955.0
972.098,0.0,90196.0,5123.0,45.0,130.309,2671382974.0
972.198,0.0,90196.0,5123.0,45.0,130.28,2671395980.0
972.299,0.0,90196.0,5123.0,45.0,130.291,2671408998.0
972.399,0.0,90196.0,5123.0,45.0,130.275,2671422021.0
972.499,0.0,90196.0,5123.0,45.0,130.255,2671435029.0
972.599,0.0,90196.0,5123.0,45.0,130.248,2671448047.0
972.698,0.0,90196.0,5123.0,45.0,130.231,2671461063.0
972.798,0.0,90196.0,5123.0,45.0,130.249,2671474088.0
972.898,0.0,90196.0,5123.0,45.0,130.238,2671487093.0
972.998,0.0,90196.0,5123.0,45.0,130.206,2671500094.0
973.099,0.0,90196.0,5123.0,45.0,130.212,2671513102.0
973.199,0.0,90196.0,5123.0,45.0,130.225,2671526119.0
973.299,0.0,90196.0,5123.0,45.0,130.237,2671539144.0
973.398,0.0,90196.0,5123.0,45.0,130.232,2671552159.0
973.498,0.0,90196.0,5123.0,45.0,130.22,2671565160.0
973.599,0.0,90196.0,5123.0,45.0,130.22,2671578176.0
973.699,0.0,90196.0,5123.0,45.0,130.202,2671591182.0
973.798,0.0,90196.0,5123.0,45.0,130.186,2671604183.0
973.898,0.0,90196.0,5123.0,45.0,130.184,2671617176.0
973.999,0.0,90196.0,5123.0,45.0,130.185,2671630183.0
974.099,0.0,90196.0,5123.0,45.0,130.185,2671630183.0
974.199,0.0,90196.0,5123.0,45.0,130.197,2671643197.0
974.299,0.0,90196.0,5123.0,45.0,130.167,2671656200.0
974.399,0.0,90196.0,5123.0,45.0,130.161,2671682221.0
974.499,0.0,90196.0,5123.0,45.0,130.161,2671695234.0
974.598,0.0,90196.0,5123.0,45.0,130.167,2671708251.0
974.699,0.0,90196.0,5123.0,45.0,130.163,2671721245.0
974.798,0.0,90196.0,5123.0,45.0,130.163,2671734253.0
974.898,0.0,90196.0,5123.0,45.0,130.156,2671747271.0
974.998,0.0,90196.0,5123.0,45.0,130.173,2671760283.0
975.098,0.0,90196.0,5123.0,45.0,130.173,2671773302.0
975.199,0.0,90196.0,5123.0,45.0,130.179,2671786311.0
975.299,0.0,90196.0,5123.0,45.0,130.179,2671799344.0
975.399,0.0,90196.0,5123.0,45.0,130.201,2671812358.0
975.499,0.0,90196.0,5123.0,45.0,130.195,2671825368.0
975.598,0.0,90196.0,5123.0,45.0,130.191,2671838372.0
975.699,0.0,90196.0,5123.0,45.0,130.184,2671851374.0
975.798,0.0,90196.0,5123.0,45.0,130.191,2671864392.0
975.899,0.0,90196.0,5123.0,45.0,130.196,2671877399.0
975.998,0.0,90196.0,5123.0,45.0,130.184,2671890411.0
976.099,0.0,90196.0,5123.0,45.0,130.189,2671903415.0
976.198,0.0,90196.0,5123.0,45.0,130.189,2671916444.0
976.299,0.0,90196.0,5123.0,45.0,130.16,2671929448.0
976.399,0.0,90196.0,5123.0,45.0,130.16,2671942451.0
976.499,0.0,90196.0,5123.0,45.0,130.171,2671955468.0
976.599,0.0,90196.0,5123.0,45.0,130.148,2671968469.0
976.699,0.0,90196.0,5123.0,45.0,130.148,2671981481.0
976.799,0.0,90196.0,5123.0,45.0,130.124,2671994480.0
976.898,0.0,90196.0,5123.0,45.0,130.129,2672007474.0
976.998,0.0,90196.0,5123.0,45.0,130.129,2672020489.0
977.099,0.0,90196.0,5123.0,45.0,130.144,2672020489.0
977.198,0.0,90196.0,5123.0,45.0,130.125,2672033492.0
977.298,0.0,90196.0,5123.0,45.0,130.125,2672046509.0
977.399,0.0,90196.0,5123.0,45.0,130.142,2672072550.0
977.499,0.0,90196.0,5123.0,45.0,130.161,2672085556.0
977.599,0.0,90196.0,5123.0,45.0,130.155,2672098569.0
977.699,0.0,90196.0,5123.0,45.0,130.167,2672111562.0
977.798,0.0,90196.0,5123.0,45.0,130.169,2672124573.0
977.899,0.0,90196.0,5123.0,45.0,130.181,2672137579.0
977.999,0.0,90196.0,5123.0,45.0,130.203,2672150599.0
978.099,0.0,90196.0,5123.0,45.0,130.192,2672163617.0
978.199,0.0,90196.0,5123.0,45.0,130.199,2672176624.0
978.299,0.0,90196.0,5123.0,45.0,130.21,2672189635.0
978.399,0.0,90196.0,5123.0,45.0,130.215,2672202659.0
978.498,0.0,90196.0,5123.0,45.0,130.192,2672215652.0
978.598,0.0,90196.0,5123.0,45.0,130.192,2672228657.0
978.698,0.0,90196.0,5123.0,45.0,130.187,2672241658.0
978.799,0.0,90196.0,5123.0,45.0,130.174,2672254664.0
978.899,0.0,90196.0,5123.0,45.0,130.178,2672267667.0
978.998,0.0,90196.0,5123.0,45.0,130.174,2672280673.0
979.098,0.0,90196.0,5123.0,45.0,130.148,2672293667.0
979.198,0.0,90196.0,5123.0,45.0,130.137,2672306684.0
979.298,0.0,90196.0,5123.0,45.0,130.122,2672319689.0
979.399,0.0,90196.0,5123.0,45.0,130.119,2672332691.0
979.499,0.0,90196.0,5123.0,45.0,130.113,2672345688.0
979.598,0.0,90196.0,5123.0,45.0,130.095,2672358692.0
979.698,0.0,90196.0,5123.0,45.0,130.119,2672371707.0
979.799,0.0,90196.0,5123.0,45.0,130.112,2672384708.0
979.898,0.0,90196.0,5123.0,45.0,130.118,2672397702.0
979.998,0.0,90196.0,5123.0,45.0,130.118,2672410707.0
980.098,0.0,90196.0,5123.0,45.0,130.118,2672410707.0
980.198,0.0,90196.0,5123.0,45.0,130.112,2672423718.0
980.298,0.0,90196.0,5123.0,45.0,130.121,2672436724.0
980.398,0.0,90196.0,5123.0,45.0,130.121,2672462745.0
980.498,0.0,90196.0,5123.0,45.0,130.15,2672475763.0
980.598,0.0,90196.0,5123.0,45.0,130.162,2672488782.0
980.698,0.0,90196.0,5123.0,45.0,130.177,2672501802.0
980.798,0.0,90196.0,5123.0,45.0,130.156,2672514785.0
980.898,0.0,90196.0,5123.0,45.0,130.168,2672527799.0
980.998,0.0,90196.0,5123.0,45.0,130.162,2672540802.0
981.098,0.0,90196.0,5123.0,45.0,130.166,2672553811.0
981.198,0.0,90196.0,5123.0,45.0,130.171,2672566814.0
981.298,0.0,90196.0,5123.0,45.0,130.165,2672579820.0
981.398,0.0,90196.0,5123.0,45.0,130.177,2672592830.0
981.498,0.0,90196.0,5123.0,45.0,130.142,2672605838.0
981.598,0.0,90196.0,5123.0,45.0,130.15,2672618849.0
981.698,0.0,90196.0,5123.0,45.0,130.161,2672631851.0
981.798,0.0,90196.0,5123.0,45.0,130.173,2672644863.0
981.898,0.0,90196.0,5123.0,45.0,130.173,2672657875.0
981.998,0.0,90196.0,5123.0,45.0,130.179,2672670906.0
982.098,0.0,90196.0,5123.0,45.0,130.189,2672683904.0
982.198,0.0,90196.0,5123.0,45.0,130.202,2672696930.0
982.298,0.0,90196.0,5123.0,45.0,130.208,2672709948.0
982.398,0.0,90196.0,5123.0,45.0,130.225,2672722965.0
982.498,0.0,90196.0,5123.0,45.0,130.218,2672735990.0
982.598,0.0,90196.0,5123.0,45.0,130.218,2672748993.0
982.698,0.0,90196.0,5123.0,45.0,130.227,2672762012.0
982.798,0.0,90196.0,5123.0,45.0,130.255,2672775027.0
982.899,0.0,90196.0,5123.0,45.0,130.253,2672788077.0
982.997,0.0,90196.0,5123.0,45.0,130.253,2672801075.0
983.098,0.0,90196.0,5123.0,45.0,130.262,2672801075.0
983.198,0.0,90196.0,5123.0,45.0,130.277,2672814095.0
983.299,0.0,90196.0,5123.0,45.0,130.24,2672827118.0
983.399,0.0,90196.0,5123.0,45.0,130.224,2672853128.0
983.498,0.0,90196.0,5123.0,45.0,130.225,2672866117.0
983.598,0.0,90196.0,5123.0,45.0,130.216,2672879127.0
983.697,0.0,90196.0,5123.0,45.0,130.193,2672892134.0
983.798,0.0,90196.0,5123.0,45.0,130.195,2672905152.0
983.898,0.0,90196.0,5123.0,45.0,130.184,2672918155.0
983.999,0.0,90196.0,5123.0,45.0,130.172,2672931160.0
984.099,0.0,90196.0,5123.0,45.0,130.165,2672944170.0
984.198,0.0,90196.0,5123.0,45.0,130.139,2672957187.0
984.299,0.0,90196.0,5123.0,45.0,130.154,2672970207.0
984.397,0.0,90196.0,5123.0,45.0,130.167,2672983222.0
984.499,0.0,90196.0,5123.0,45.0,130.167,2672996233.0
984.599,0.0,90196.0,5123.0,45.0,130.196,2673009238.0
984.697,0.0,90196.0,5123.0,45.0,130.201,2673022261.0
984.798,0.0,90196.0,5123.0,45.0,130.19,2673035271.0
984.898,0.0,90196.0,5123.0,45.0,130.195,2673048280.0
984.998,0.0,90196.0,5123.0,45.0,130.19,2673061288.0
985.098,0.0,90196.0,5123.0,45.0,130.188,2673074285.0
985.198,0.0,90196.0,5123.0,45.0,130.184,2673087294.0
985.298,0.0,90196.0,5123.0,45.0,130.19,2673100316.0
985.399,0.0,90196.0,5123.0,45.0,130.189,2673113328.0
985.499,0.0,90196.0,5123.0,45.0,130.189,2673126334.0
985.598,0.0,90196.0,5123.0,45.0,130.191,2673139359.0
985.699,0.0,90196.0,5123.0,45.0,130.191,2673152362.0
985.798,0.0,90196.0,5123.0,45.0,130.179,2673165371.0
985.899,0.0,90196.0,5123.0,45.0,130.181,2673178369.0
985.998,0.0,90196.0,5123.0,45.0,130.181,2673178369.0
986.098,0.0,90196.0,5123.0,45.0,130.191,2673191368.0
986.199,0.0,90196.0,5123.0,45.0,130.185,2673204381.0
986.298,0.0,90196.0,5123.0,45.0,130.191,2673230402.0
986.398,0.0,90196.0,5123.0,45.0,130.198,2673243420.0
986.499,0.0,90196.0,5123.0,45.0,130.203,2673256439.0
986.598,0.0,90196.0,5123.0,45.0,130.203,2673269459.0
986.698,0.0,90196.0,5123.0,45.0,130.185,2673282455.0
986.798,0.0,90196.0,5123.0,45.0,130.185,2673295461.0
986.898,0.0,90196.0,5123.0,45.0,130.201,2673308441.0
986.999,0.0,90196.0,5123.0,45.0,130.131,2673321422.0
987.097,0.0,90196.0,5123.0,45.0,130.137,2673334433.0
987.198,0.0,90196.0,5123.0,45.0,130.134,2673347431.0
987.298,0.0,90196.0,5123.0,45.0,130.133,2673360441.0
987.398,0.0,90196.0,5123.0,45.0,130.108,2673373445.0
987.498,0.0,90196.0,5123.0,45.0,130.105,2673386449.0
987.599,0.0,90196.0,5123.0,45.0,130.082,2673399449.0
987.698,0.0,90196.0,5123.0,45.0,130.09,2673412470.0
987.799,0.0,90196.0,5123.0,45.0,130.093,2673425481.0
987.898,0.0,90196.0,5123.0,45.0,130.088,2673438486.0
987.998,0.0,90196.0,5123.0,45.0,130.142,2673451499.0
988.098,0.0,90196.0,5123.0,45.0,130.139,2673464496.0
988.199,0.0,90196.0,5123.0,45.0,130.136,2673477513.0
988.298,0.0,90196.0,5123.0,45.0,130.142,2673490519.0
988.399,0.0,90196.0,5123.0,45.0,130.177,2673503537.0
988.498,0.0,90196.0,5123.0,45.0,130.183,2673516554.0
988.599,0.0,90196.0,5123.0,45.0,130.185,2673529569.0
988.698,0.0,90196.0,5123.0,45.0,130.166,2673542581.0
988.799,0.0,90196.0,5123.0,45.0,130.183,2673555586.0
988.899,0.0,90196.0,5123.0,45.0,130.167,2673568578.0
988.999,0.0,90196.0,5123.0,45.0,130.167,2673581582.0
989.098,0.0,90196.0,5123.0,45.0,130.165,2673581582.0
989.199,0.0,90196.0,5123.0,45.0,130.156,2673594585.0
989.298,0.0,90196.0,5123.0,45.0,130.148,2673607590.0
989.398,0.0,90196.0,5123.0,45.0,130.151,2673633610.0
989.497,0.0,90196.0,5123.0,45.0,130.131,2673646616.0
989.598,0.0,90196.0,5123.0,45.0,130.137,2673659634.0
989.698,0.0,90196.0,5123.0,45.0,130.128,2673672641.0
989.798,0.0,90196.0,5123.0,45.0,130.128,2673685658.0
989.898,0.0,90196.0,5123.0,45.0,130.139,2673698664.0
989.997,0.0,90196.0,5123.0,45.0,130.157,2673711688.0
990.098,0.0,90196.0,5123.0,45.0,130.168,2673724711.0
990.198,0.0,90196.0,5123.0,45.0,130.18,2673737734.0
990.299,0.0,90196.0,5123.0,45.0,130.185,2673750733.0
990.399,0.0,90196.0,5123.0,45.0,130.183,2673763754.0
990.498,0.0,90196.0,5123.0,45.0,130.168,2673776749.0
990.598,0.0,90196.0,5123.0,45.0,130.168,2673789769.0
990.698,0.0,90196.0,5123.0,45.0,130.179,2673802788.0
990.798,0.0,90196.0,5123.0,45.0,130.202,2673815791.0
990.898,0.0,90196.0,5123.0,45.0,130.191,2673828814.0
990.998,0.0,90196.0,5123.0,45.0,130.189,2673841813.0
991.098,0.0,90196.0,5123.0,45.0,130.185,2673854845.0
991.198,0.0,90196.0,5123.0,45.0,130.19,2673867844.0
991.299,0.0,90196.0,5123.0,45.0,130.192,2673880859.0
991.398,0.0,90196.0,5123.0,45.0,130.202,2673893867.0
991.499,0.0,90196.0,5123.0,45.0,130.196,2673906871.0
991.599,0.0,90196.0,5123.0,45.0,130.197,2673919888.0
991.699,0.0,90196.0,5123.0,45.0,130.173,2673932896.0
991.799,0.0,90196.0,5123.0,45.0,130.167,2673945896.0
991.899,0.0,90196.0,5123.0,45.0,130.163,2673958892.0
991.998,0.0,90196.0,5123.0,45.0,130.163,2673958892.0
992.098,0.0,90196.0,5123.0,45.0,130.149,2673971903.0
992.198,0.0,90196.0,5123.0,45.0,130.134,2673984895.0
992.298,0.0,90196.0,5123.0,45.0,130.143,2674010918.0
992.398,0.0,90196.0,5123.0,45.0,130.137,2674023923.0
992.499,0.0,90196.0,5123.0,45.0,130.145,2674036943.0
992.599,0.0,90196.0,5123.0,45.0,130.149,2674049950.0
992.699,0.0,90196.0,5123.0,45.0,130.141,2674062959.0
992.798,0.0,90196.0,5123.0,45.0,130.156,2674075969.0
992.898,0.0,90196.0,5123.0,45.0,130.156,2674088967.0
992.999,0.0,90196.0,5123.0,45.0,130.15,2674101971.0
993.098,0.0,90196.0,5123.0,45.0,130.157,2674114981.0
993.198,0.0,90196.0,5123.0,45.0,130.159,2674127989.0
993.298,0.0,90196.0,5123.0,45.0,130.159,2674140999.0
993.398,0.0,90196.0,5123.0,45.0,130.141,2674153998.0
993.498,0.0,90196.0,5123.0,45.0,130.124,2674167002.0
993.599,0.0,90196.0,5123.0,45.0,130.098,2674179990.0
993.698,0.0,90196.0,5123.0,45.0,130.108,2674192981.0
993.798,0.0,90196.0,5123.0,45.0,130.096,2674205995.0
993.899,0.0,90196.0,5123.0,45.0,130.108,2674219011.0
993.999,0.0,90196.0,5123.0,45.0,130.117,2674232019.0
994.098,0.0,90196.0,5123.0,45.0,130.107,2674245008.0
994.198,0.0,90196.0,5123.0,45.0,130.105,2674258029.0
994.299,0.0,90196.0,5123.0,45.0,130.111,2674271020.0
994.399,0.0,90196.0,5123.0,45.0,130.105,2674284021.0
994.499,0.0,90196.0,5123.0,45.0,130.126,2674297002.0
994.599,0.0,90196.0,5123.0,45.0,130.114,2674310014.0
994.699,0.0,90196.0,5123.0,45.0,130.131,2674323037.0
994.798,0.0,90196.0,5123.0,45.0,130.12,2674323037.0
994.898,0.0,90196.0,5123.0,45.0,130.126,2674336048.0
994.998,0.0,90196.0,5123.0,45.0,130.129,2674362072.0
995.098,0.0,90196.0,5123.0,45.0,130.14,2674375065.0
995.198,0.0,90196.0,5123.0,45.0,130.126,2674388075.0
995.298,16.0,90196.0,5123.0,48.0,138.492,2674402068.0
995.398,16.0,90196.0,5123.0,46.0,139.568,2674423458.0
995.498,0.0,90196.0,5123.0,46.0,139.794,2674436777.0
995.598,0.0,90196.0,5123.0,46.0,143.586,2674450063.0
995.699,47.0,90196.0,5123.0,48.0,159.498,2674473299.0
995.797,47.0,90196.0,5123.0,48.0,170.86,2674499254.0
995.899,61.0,90196.0,5123.0,49.0,183.765,2674525300.0
995.998,61.0,90196.0,5123.0,49.0,196.417,2674550372.0
996.098,62.0,90196.0,5123.0,49.0,208.554,2674575766.0
996.198,62.0,90196.0,5123.0,49.0,223.128,2674602057.0
996.298,62.0,90196.0,5123.0,49.0,227.682,2674629086.0
996.398,62.0,90196.0,5123.0,50.0,237.343,2674653398.0
996.499,62.0,90196.0,5123.0,50.0,252.109,2674680120.0
996.598,62.0,90196.0,5123.0,50.0,262.322,2674706534.0
996.699,61.0,90196.0,5123.0,50.0,255.729,2674731876.0
996.798,61.0,90196.0,5123.0,50.0,254.863,2674755668.0
996.899,62.0,90196.0,5123.0,50.0,254.488,2674779947.0
996.998,62.0,90196.0,5123.0,50.0,255.044,2674805466.0
997.099,62.0,90196.0,5123.0,50.0,256.122,2674831539.0
997.198,62.0,90196.0,5123.0,50.0,254.874,2674858000.0
997.299,62.0,90196.0,5123.0,50.0,255.108,2674884978.0
997.398,62.0,90196.0,5123.0,50.0,255.108,2674909468.0
997.499,62.0,90196.0,5123.0,50.0,255.376,2674909468.0
997.598,62.0,90196.0,5123.0,50.0,256.828,2674936615.0
997.698,62.0,90196.0,5123.0,50.0,258.707,2674991270.0
997.798,61.0,90196.0,5123.0,50.0,260.487,2675017070.0
997.898,61.0,90196.0,5123.0,50.0,262.052,2675042374.0
997.998,62.0,90196.0,5123.0,50.0,264.064,2675069847.0
998.098,62.0,90196.0,5123.0,50.0,263.844,2675095738.0
998.198,62.0,90196.0,5123.0,50.0,264.409,2675122999.0
998.299,62.0,90196.0,5123.0,50.0,265.633,2675149993.0
998.398,62.0,90196.0,5123.0,50.0,270.327,2675178878.0
998.499,62.0,90196.0,5123.0,51.0,270.668,2675205801.0
998.598,62.0,90196.0,5123.0,51.0,269.408,2675230883.0
998.699,62.0,90196.0,5123.0,51.0,268.52,2675258932.0
998.798,62.0,90196.0,5123.0,51.0,269.208,2675284952.0
998.898,62.0,90196.0,5123.0,51.0,271.353,2675311772.0
998.998,61.0,90196.0,5123.0,51.0,270.319,2675337180.0
999.098,61.0,90196.0,5123.0,51.0,270.888,2675364962.0
999.198,62.0,90196.0,5123.0,51.0,270.907,2675391392.0
999.299,62.0,90196.0,5123.0,51.0,268.889,2675417038.0
999.398,63.0,90196.0,5123.0,51.0,266.762,2675443982.0
999.499,63.0,90196.0,5123.0,51.0,264.974,2675470462.0
999.599,63.0,90196.0,5123.0,51.0,265.866,2675495883.0
999.698,63.0,90196.0,5123.0,51.0,267.113,2675523602.0
999.798,63.0,90196.0,5123.0,51.0,266.87,2675551270.0
999.898,62.0,90196.0,5123.0,51.0,265.038,2675577417.0
999.998,62.0,90196.0,5123.0,51.0,265.038,2675603096.0
1000.098,62.0,90196.0,5123.0,51.0,266.378,2675603096.0
1000.198,63.0,90196.0,5123.0,51.0,265.304,2675631207.0
1000.298,63.0,90196.0,5123.0,51.0,269.159,2675685874.0
1000.398,63.0,90196.0,5123.0,51.0,269.008,2675713142.0
1000.498,63.0,90196.0,5123.0,51.0,269.368,2675740187.0
1000.598,62.0,90196.0,5123.0,51.0,271.616,2675767443.0
1000.697,62.0,90196.0,5123.0,51.0,269.13,2675792796.0
1000.798,63.0,90196.0,5123.0,51.0,268.181,2675818791.0
1000.899,63.0,90196.0,5123.0,51.0,269.896,2675846836.0
1000.998,63.0,90196.0,5123.0,51.0,271.549,2675872993.0
1001.098,63.0,90196.0,5123.0,51.0,270.756,2675900382.0
1001.198,63.0,90196.0,5123.0,51.0,269.637,2675925746.0
1001.298,63.0,90196.0,5123.0,51.0,268.318,2675953239.0
1001.398,63.0,90196.0,5123.0,51.0,267.154,2675978553.0
1001.498,63.0,90196.0,5123.0,51.0,265.068,2676003914.0
1001.599,63.0,90196.0,5123.0,51.0,263.78,2676030615.0
1001.698,63.0,90196.0,5123.0,51.0,264.821,2676057327.0
1001.798,63.0,90196.0,5123.0,51.0,263.605,2676083369.0
1001.898,63.0,90196.0,5123.0,51.0,262.543,2676109145.0
1001.998,62.0,90196.0,5123.0,51.0,261.734,2676134987.0
1002.098,62.0,90196.0,5123.0,51.0,260.405,2676160930.0
1002.198,63.0,90196.0,5123.0,51.0,260.425,2676187043.0
1002.299,63.0,90196.0,5123.0,51.0,257.893,2676211879.0
1002.399,62.0,90196.0,5123.0,51.0,258.43,2676238511.0
1002.497,62.0,90196.0,5123.0,51.0,259.907,2676264292.0
1002.598,61.0,90196.0,5123.0,51.0,258.475,2676289737.0
1002.699,61.0,90196.0,5123.0,51.0,259.225,2676317105.0
1002.798,61.0,90196.0,5123.0,51.0,259.529,2676317105.0
1002.898,61.0,90196.0,5123.0,51.0,260.314,2676343877.0
1002.998,61.0,90196.0,5123.0,51.0,259.728,2676396237.0
1003.098,61.0,90196.0,5123.0,51.0,261.139,2676421987.0
1003.198,60.0,90196.0,5123.0,51.0,258.857,2676446326.0
1003.298,60.0,90196.0,5123.0,50.0,258.749,2676471574.0
1003.398,60.0,90196.0,5123.0,50.0,258.172,2676497530.0
1003.499,60.0,90196.0,5123.0,50.0,256.914,2676522235.0
1003.598,61.0,90196.0,5123.0,50.0,256.895,2676547161.0
1003.698,61.0,90196.0,5123.0,50.0,254.816,2676571836.0
1003.798,61.0,90196.0,5123.0,50.0,252.965,2676595202.0
1003.898,61.0,90196.0,5123.0,50.0,248.597,2676618025.0
1003.998,61.0,90196.0,5123.0,50.0,246.302,2676642307.0
1004.098,61.0,90196.0,5123.0,50.0,245.076,2676666038.0
1004.198,61.0,90196.0,5123.0,50.0,244.748,2676690687.0
1004.299,61.0,90196.0,5123.0,50.0,243.517,2676714099.0
1004.398,60.0,90196.0,5123.0,50.0,244.467,2676741079.0
1004.498,60.0,90196.0,5123.0,50.0,244.36,2676765304.0
1004.598,60.0,90196.0,5123.0,50.0,243.51,2676788844.0
1004.699,60.0,90196.0,5123.0,50.0,241.957,2676811602.0
1004.798,58.0,90196.0,5123.0,50.0,241.557,2676835125.0
1004.898,58.0,90196.0,5123.0,50.0,240.781,2676856994.0
1004.998,58.0,90196.0,5123.0,50.0,239.348,2676879479.0
1005.098,58.0,90196.0,5123.0,50.0,236.555,2676900642.0
1005.198,57.0,90196.0,5123.0,49.0,231.186,2676921830.0
1005.298,57.0,90196.0,5123.0,49.0,231.186,2676921830.0
1005.398,45.0,90196.0,5123.0,48.0,220.223,2676942770.0
1005.499,45.0,90196.0,5123.0,48.0,207.626,2676970036.0
1005.597,0.0,90196.0,5123.0,47.0,197.006,2676983396.0
1005.698,0.0,90196.0,5123.0,47.0,187.294,2676996775.0
1005.798,0.0,90196.0,5123.0,47.0,177.109,2677010151.0
1005.898,0.0,90196.0,5123.0,47.0,167.872,2677023502.0
1005.998,0.0,90196.0,5123.0,47.0,160.988,2677036837.0
1006.098,0.0,90196.0,5123.0,47.0,151.664,2677050141.0
1006.198,0.0,90196.0,5123.0,47.0,144.252,2677063457.0
1006.298,0.0,90196.0,5123.0,46.0,135.912,2677076771.0
1006.398,0.0,90196.0,5123.0,46.0,133.531,2677090060.0
1006.498,0.0,90196.0,5123.0,46.0,133.402,2677103353.0
1006.598,0.0,90196.0,5123.0,46.0,133.343,2677116640.0
1006.699,0.0,90196.0,5123.0,46.0,134.135,2677131083.0
1006.798,28.0,90196.0,5123.0,48.0,147.376,2677160033.0
1006.898,28.0,90196.0,5123.0,49.0,161.365,2677186195.0
1006.999,61.0,90196.0,5123.0,49.0,174.06,2677212443.0
1007.098,61.0,90196.0,5123.0,49.0,185.865,2677237624.0
1007.198,61.0,90196.0,5123.0,49.0,195.947,2677262572.0
1007.298,61.0,90196.0,5123.0,50.0,208.966,2677287990.0
1007.398,61.0,90196.0,5123.0,50.0,220.792,2677314108.0
1007.498,61.0,90196.0,5123.0,50.0,231.837,2677339044.0
1007.598,62.0,90196.0,5123.0,50.0,243.448,2677364141.0
1007.698,62.0,90196.0,5123.0,50.0,254.308,2677389509.0
1007.798,61.0,90196.0,5123.0,50.0,258.013,2677416725.0
1007.897,61.0,90196.0,5123.0,50.0,255.696,2677442778.0
1007.998,62.0,90196.0,5123.0,50.0,255.692,2677467791.0
1008.098,62.0,90196.0,5123.0,50.0,255.692,2677494517.0
1008.198,61.0,90196.0,5123.0,50.0,257.701,2677494517.0
1008.299,61.0,90196.0,5123.0,50.0,258.278,2677519506.0
1008.398,62.0,90196.0,5123.0,50.0,258.491,2677572131.0
1008.498,62.0,90196.0,5123.0,50.0,259.02,2677597550.0
1008.598,61.0,90196.0,5123.0,51.0,260.906,2677624432.0
1008.698,61.0,90196.0,5123.0,50.0,261.172,2677649481.0
1008.798,62.0,90196.0,5123.0,51.0,259.626,2677675511.0
1008.897,62.0,90196.0,5123.0,51.0,258.172,2677701594.0
1008.997,62.0,90196.0,5123.0,51.0,260.424,2677728265.0
1009.098,62.0,90196.0,5123.0,51.0,258.939,2677753330.0
1009.199,61.0,90196.0,5123.0,51.0,259.152,2677778714.0
1009.298,61.0,90196.0,5123.0,51.0,259.564,2677805408.0
1009.398,62.0,90196.0,5123.0,51.0,256.722,2677829620.0
1009.499,62.0,90196.0,5123.0,51.0,256.961,2677855573.0
1009.598,61.0,90196.0,5123.0,51.0,257.473,2677883036.0
1009.698,61.0,90196.0,5123.0,51.0,258.808,2677908200.0
1009.798,62.0,90196.0,5123.0,51.0,259.241,2677934050.0
1009.898,62.0,90196.0,5123.0,51.0,259.44,2677960420.0
1009.998,63.0,90196.0,5123.0,51.0,260.719,2677987650.0
1010.098,63.0,90196.0,5123.0,51.0,262.118,2678014823.0
1010.198,62.0,90196.0,5123.0,51.0,265.945,2678042402.0
1010.299,62.0,90196.0,5123.0,51.0,265.039,2678068379.0
1010.398,62.0,90196.0,5123.0,51.0,268.764,2678096469.0
1010.499,62.0,90196.0,5123.0,51.0,271.033,2678122732.0
1010.598,63.0,90196.0,5123.0,51.0,267.724,2678147363.0
1010.698,63.0,90196.0,5123.0,51.0,268.364,2678174902.0
1010.799,63.0,90196.0,5123.0,51.0,268.003,2678174902.0
1010.898,63.0,90196.0,5123.0,51.0,269.045,2678200623.0
1010.998,63.0,90196.0,5123.0,51.0,267.039,2678253247.0
1011.099,63.0,90196.0,5123.0,51.0,265.017,2678278913.0
1011.199,62.0,90196.0,5123.0,51.0,262.349,2678304775.0
1011.298,62.0,90196.0,5123.0,51.0,262.26,2678331370.0
1011.398,62.0,90196.0,5123.0,51.0,260.943,2678357324.0
1011.499,62.0,90196.0,5123.0,51.0,260.379,2678384712.0
1011.598,62.0,90196.0,5123.0,51.0,261.976,2678409984.0
1011.698,62.0,90196.0,5123.0,51.0,260.991,2678436673.0
1011.798,62.0,90196.0,5123.0,51.0,261.731,2678462395.0
1011.898,62.0,90196.0,5123.0,51.0,261.834,2678489293.0
1011.998,62.0,90196.0,5123.0,51.0,261.754,2678514526.0
1012.098,62.0,90196.0,5123.0,51.0,261.031,2678539579.0
1012.198,62.0,90196.0,5123.0,51.0,259.657,2678563898.0
1012.298,62.0,90196.0,5123.0,51.0,260.437,2678590256.0
1012.397,63.0,90196.0,5123.0,51.0,259.299,2678615701.0
1012.498,63.0,90196.0,5123.0,51.0,258.971,2678641133.0
1012.598,63.0,90196.0,5123.0,51.0,258.661,2678667246.0
1012.698,63.0,90196.0,5123.0,51.0,261.282,2678694680.0
1012.798,61.0,90196.0,5123.0,51.0,258.525,2678719099.0
1012.898,61.0,90196.0,5123.0,51.0,253.491,2678741814.0
1012.998,59.0,90196.0,5123.0,51.0,253.089,2678767031.0
1013.097,59.0,90196.0,5123.0,51.0,252.875,2678791488.0
1013.199,60.0,90196.0,5123.0,51.0,251.951,2678815521.0
1013.298,60.0,90196.0,5123.0,51.0,250.088,2678839470.0
1013.398,60.0,90196.0,5123.0,51.0,250.088,2678864651.0
1013.498,61.0,90196.0,5123.0,51.0,249.253,2678864651.0
1013.598,61.0,90196.0,5123.0,51.0,249.551,2678889628.0
1013.699,59.0,90196.0,5123.0,50.0,245.906,2678940721.0
1013.798,60.0,90196.0,5123.0,50.0,246.016,2678964862.0
1013.898,60.0,90196.0,5123.0,50.0,248.774,2678989372.0
1013.997,60.0,90196.0,5123.0,50.0,248.152,2679014312.0
1014.098,60.0,90196.0,5123.0,50.0,249.951,2679040664.0
1014.198,60.0,90196.0,5123.0,50.0,250.057,2679065079.0
1014.299,60.0,90196.0,5123.0,50.0,251.785,2679090089.0
1014.397,60.0,90196.0,5123.0,50.0,248.963,2679113524.0
1014.499,60.0,90196.0,5123.0,50.0,247.68,2679137360.0
1014.598,60.0,90196.0,5123.0,50.0,248.838,2679162157.0
1014.697,60.0,90196.0,5123.0,50.0,247.982,2679187570.0
1014.798,60.0,90196.0,5123.0,50.0,246.767,2679210871.0
1014.897,60.0,90196.0,5123.0,50.0,247.456,2679236231.0
1014.998,60.0,90196.0,5123.0,50.0,245.331,2679259160.0
1015.098,60.0,90196.0,5123.0,50.0,243.188,2679282368.0
1015.198,58.0,90196.0,5123.0,50.0,241.736,2679305919.0
1015.298,58.0,90196.0,5123.0,50.0,239.402,2679329236.0
1015.399,57.0,90196.0,5123.0,50.0,237.539,2679351110.0
1015.498,57.0,90196.0,5123.0,50.0,236.33,2679373337.0
1015.598,57.0,90196.0,5123.0,50.0,232.755,2679394883.0
1015.699,57.0,90196.0,5123.0,50.0,231.179,2679418882.0
1015.798,58.0,90196.0,5123.0,49.0,229.116,2679440550.0
1015.898,58.0,90196.0,5123.0,49.0,224.921,2679461826.0
1015.998,57.0,90196.0,5123.0,49.0,222.047,2679482110.0
1016.099,57.0,90196.0,5123.0,49.0,220.037,2679482110.0
1016.198,57.0,90196.0,5123.0,49.0,219.131,2679503217.0
1016.298,57.0,90196.0,5123.0,49.0,220.036,2679526028.0
1016.398,54.0,90196.0,5123.0,49.0,214.549,2679566742.0
1016.498,54.0,90196.0,5123.0,48.0,206.308,2679580119.0
1016.599,0.0,90196.0,5123.0,48.0,198.787,2679593435.0
1016.698,0.0,90196.0,5123.0,47.0,187.125,2679606720.0
1016.797,0.0,90196.0,5123.0,47.0,179.41,2679619996.0
1016.898,0.0,90196.0,5123.0,47.0,171.681,2679633265.0
1016.998,0.0,90196.0,5123.0,48.0,173.592,2679655476.0
1017.099,0.0,90196.0,5123.0,49.0,180.288,2679682930.0
1017.198,54.0,90196.0,5123.0,50.0,184.393,2679710474.0
1017.299,54.0,90196.0,5123.0,50.0,185.407,2679734920.0
1017.399,62.0,90196.0,5123.0,50.0,193.37,2679760809.0
1017.499,62.0,90196.0,5123.0,50.0,208.619,2679789209.0
1017.598,62.0,90196.0,5123.0,50.0,223.467,2679817129.0
1017.699,62.0,90196.0,5123.0,50.0,238.291,2679844901.0
1017.799,62.0,90196.0,5123.0,50.0,255.931,2679873371.0
1017.898,62.0,90196.0,5123.0,50.0,269.04,2679900236.0
1017.998,61.0,90196.0,5123.0,51.0,271.65,2679925592.0
1018.099,61.0,90196.0,5123.0,51.0,269.948,2679951968.0
1018.199,62.0,90196.0,5123.0,51.0,270.825,2679980118.0
1018.299,62.0,90196.0,5123.0,51.0,271.764,2680005389.0
1018.399,62.0,90196.0,5123.0,51.0,275.041,2680033253.0
1018.499,62.0,90196.0,5123.0,51.0,274.297,2680061672.0
1018.599,62.0,90196.0,5123.0,51.0,272.015,2680087805.0
1018.699,62.0,90196.0,5123.0,51.0,269.169,2680113770.0
1018.798,62.0,90196.0,5123.0,51.0,269.169,2680141148.0
1018.899,62.0,90196.0,5123.0,51.0,268.265,2680141148.0
1018.999,62.0,90196.0,5123.0,51.0,267.178,2680167374.0
1019.099,62.0,90196.0,5123.0,51.0,267.814,2680219806.0
1019.199,62.0,90196.0,5123.0,51.0,266.115,2680245839.0
1019.298,62.0,90196.0,5123.0,51.0,267.72,2680272161.0
1019.398,62.0,90196.0,5123.0,51.0,264.769,2680298255.0
1019.498,62.0,90196.0,5123.0,51.0,262.701,2680324055.0
1019.598,62.0,90196.0,5123.0,51.0,261.798,2680349997.0
1019.698,62.0,90196.0,5123.0,51.0,261.092,2680375257.0
1019.798,63.0,90196.0,5123.0,51.0,262.254,2680403038.0
1019.898,63.0,90196.0,5123.0,51.0,261.474,2680428333.0
1019.999,61.0,90196.0,5123.0,51.0,264.182,2680456690.0
1020.098,61.0,90196.0,5123.0,51.0,264.638,2680483181.0
1020.197,63.0,90196.0,5123.0,51.0,263.229,2680508932.0
1020.297,63.0,90196.0,5123.0,51.0,263.827,2680536072.0
1020.398,63.0,90196.0,5123.0,51.0,265.559,2680562506.0
1020.499,63.0,90196.0,5123.0,51.0,268.209,2680591242.0
1020.598,63.0,90196.0,5123.0,51.0,269.211,2680616954.0
1020.698,63.0,90196.0,5123.0,51.0,273.041,2680645688.0
1020.799,63.0,90196.0,5123.0,51.0,272.242,2680672896.0
1020.898,63.0,90196.0,5123.0,51.0,273.04,2680699685.0
1020.997,61.0,90196.0,5123.0,51.0,270.678,2680725310.0
1021.098,61.0,90196.0,5123.0,51.0,271.389,2680753644.0
1021.198,63.0,90196.0,5123.0,51.0,271.27,2680779927.0
1021.299,63.0,90196.0,5123.0,51.0,269.963,2680806116.0
1021.398,62.0,90196.0,5123.0,51.0,270.033,2680832331.0
1021.499,62.0,90196.0,5123.0,51.0,267.289,2680832331.0
1021.599,63.0,90196.0,5123.0,51.0,269.772,2680858717.0
1021.698,63.0,90196.0,5123.0,51.0,269.123,2680915016.0
1021.799,63.0,90196.0,5123.0,51.0,269.802,2680942361.0
1021.899,63.0,90196.0,5123.0,51.0,269.833,2680968764.0
1021.998,63.0,90196.0,5123.0,51.0,269.653,2680994343.0
1022.097,63.0,90196.0,5123.0,51.0,269.34,2681020901.0
1022.197,63.0,90196.0,5123.0,51.0,272.905,2681049537.0
1022.297,63.0,90196.0,5123.0,51.0,273.442,2681077199.0
1022.397,63.0,90196.0,5123.0,51.0,274.543,2681104129.0
1022.498,63.0,90196.0,5123.0,51.0,275.305,2681132182.0
1022.597,63.0,90196.0,5123.0,51.0,271.88,2681156973.0
1022.698,63.0,90196.0,5123.0,51.0,269.037,2681182373.0
1022.798,63.0,90196.0,5123.0,51.0,269.037,2681207109.0
1022.898,61.0,90196.0,5123.0,51.0,265.222,2681232734.0
1022.998,61.0,90196.0,5123.0,51.0,264.354,2681259465.0
1023.098,62.0,90196.0,5123.0,51.0,266.359,2681285272.0
1023.198,62.0,90196.0,5123.0,51.0,265.116,2681311907.0
1023.298,63.0,90196.0,5123.0,51.0,264.049,2681339150.0
1023.398,63.0,90196.0,5123.0,51.0,262.084,2681363500.0
1023.498,62.0,90196.0,5123.0,51.0,257.226,2681388854.0
1023.597,63.0,90196.0,5123.0,51.0,258.392,2681415814.0
1023.699,63.0,90196.0,5123.0,51.0,258.392,2681441565.0
1023.798,63.0,90196.0,5123.0,51.0,257.592,2681465721.0
1023.899,61.0,90196.0,5123.0,51.0,257.879,2681491226.0
1023.998,61.0,90196.0,5123.0,51.0,258.291,2681516887.0
1024.098,60.0,90196.0,5123.0,51.0,255.924,2681541295.0
1024.198,60.0,90196.0,5123.0,51.0,254.764,2681541295.0
1024.299,60.0,90196.0,5123.0,51.0,254.533,2681568140.0
1024.398,60.0,90196.0,5123.0,51.0,252.336,2681617206.0
1024.499,60.0,90196.0,5123.0,51.0,252.297,2681640952.0
1024.598,60.0,90196.0,5123.0,51.0,251.032,2681664553.0
1024.698,60.0,90196.0,5123.0,51.0,247.779,2681690018.0
1024.798,60.0,90196.0,5123.0,51.0,247.147,2681713472.0
1024.898,60.0,90196.0,5123.0,51.0,245.734,2681737706.0
1024.998,61.0,90196.0,5123.0,51.0,246.177,2681762180.0
1025.098,61.0,90196.0,5123.0,51.0,246.958,2681788413.0
1025.198,61.0,90196.0,5123.0,51.0,243.34,2681812038.0
1025.298,61.0,90196.0,5123.0,51.0,242.703,2681835897.0
1025.398,59.0,90196.0,5123.0,51.0,243.133,2681860523.0
1025.499,59.0,90196.0,5123.0,50.0,242.584,2681883349.0
1025.598,61.0,90196.0,5123.0,50.0,244.807,2681909210.0
1025.698,61.0,90196.0,5123.0,50.0,244.429,2681934063.0
1025.798,61.0,90196.0,5123.0,50.0,246.294,2681959353.0
1025.899,61.0,90196.0,5123.0,50.0,246.121,2681982663.0
1025.998,61.0,90196.0,5123.0,50.0,247.415,2682008658.0
1026.098,61.0,90196.0,5123.0,50.0,244.599,2682032434.0
1026.198,61.0,90196.0,5123.0,50.0,245.823,2682056152.0
1026.298,61.0,90196.0,5123.0,50.0,246.943,2682081416.0
1026.398,60.0,90196.0,5123.0,50.0,246.57,2682104481.0
1026.498,60.0,90196.0,5123.0,50.0,247.456,2682128321.0
1026.598,58.0,90196.0,5123.0,50.0,243.825,2682151766.0
1026.698,58.0,90196.0,5123.0,50.0,240.702,2682174440.0
1026.798,15.0,90196.0,5123.0,49.0,230.922,2682174440.0
1026.898,15.0,90196.0,5123.0,48.0,221.267,2682191189.0
1026.999,0.0,90196.0,5123.0,48.0,207.42,2682204600.0
1027.099,0.0,90196.0,5123.0,48.0,198.183,2682231300.0
1027.198,0.0,90196.0,5123.0,47.0,187.755,2682244611.0
1027.299,0.0,90196.0,5123.0,47.0,176.249,2682257948.0
1027.399,48.0,90196.0,5123.0,48.0,178.325,2682280951.0
1027.498,48.0,90196.0,5123.0,50.0,185.059,2682310407.0
1027.598,61.0,90196.0,5123.0,50.0,187.947,2682338298.0
1027.698,61.0,90196.0,5123.0,50.0,189.75,2682363109.0
1027.798,58.0,90196.0,5123.0,50.0,197.915,2682387609.0
1027.898,58.0,90196.0,5123.0,50.0,211.591,2682412762.0
1027.998,62.0,90196.0,5123.0,50.0,223.029,2682438605.0
1028.098,62.0,90196.0,5123.0,51.0,235.521,2682463947.0
1028.197,60.0,90196.0,5123.0,51.0,248.079,2682489901.0
1028.298,60.0,90196.0,5123.0,51.0,261.556,2682516074.0
1028.399,62.0,90196.0,5123.0,51.0,261.703,2682542366.0
1028.499,62.0,90196.0,5123.0,51.0,256.878,2682567674.0
1028.598,62.0,90196.0,5123.0,51.0,254.684,2682592531.0
1028.698,62.0,90196.0,5123.0,51.0,256.403,2682617523.0
1028.798,62.0,90196.0,5123.0,51.0,256.188,2682643009.0
1028.899,62.0,90196.0,5123.0,51.0,256.141,2682669135.0
1028.998,62.0,90196.0,5123.0,51.0,258.709,2682695393.0
1029.098,62.0,90196.0,5123.0,51.0,261.716,2682723683.0
1029.198,61.0,90196.0,5123.0,51.0,263.233,2682751871.0
1029.299,61.0,90196.0,5123.0,51.0,264.29,2682779787.0
1029.398,62.0,90196.0,5123.0,51.0,268.081,2682808815.0
1029.499,62.0,90196.0,5123.0,51.0,268.081,2682836039.0
1029.598,62.0,90196.0,5123.0,51.0,269.287,2682836039.0
1029.699,61.0,90196.0,5123.0,51.0,269.168,2682861017.0
1029.798,61.0,90196.0,5123.0,51.0,269.087,2682914461.0
1029.898,62.0,90196.0,5123.0,51.0,271.594,2682940978.0
1029.999,62.0,90196.0,5123.0,51.0,271.447,2682967759.0
1030.098,62.0,90196.0,5123.0,51.0,271.908,2682995105.0
1030.198,62.0,90196.0,5123.0,51.0,269.143,2683022036.0
1030.298,62.0,90196.0,5123.0,51.0,269.849,2683049736.0
1030.398,62.0,90196.0,5123.0,51.0,266.583,2683076353.0
1030.498,62.0,90196.0,5123.0,51.0,267.248,2683102817.0
1030.598,62.0,90196.0,5123.0,51.0,268.822,2683130092.0
1030.697,62.0,90196.0,5123.0,51.0,268.499,2683156042.0
1030.798,63.0,90196.0,5123.0,51.0,267.887,2683182349.0
1030.898,63.0,90196.0,5123.0,51.0,269.495,2683209400.0
1030.998,63.0,90196.0,5123.0,51.0,271.642,2683238167.0
1031.099,63.0,90196.0,5123.0,51.0,270.518,2683265954.0
1031.198,62.0,90196.0,5123.0,51.0,268.35,2683291241.0
1031.298,62.0,90196.0,5123.0,51.0,268.374,2683317994.0
1031.398,63.0,90196.0,5123.0,51.0,269.699,2683345794.0
1031.498,63.0,90196.0,5123.0,51.0,269.344,2683373458.0
1031.598,63.0,90196.0,5123.0,51.0,270.497,2683399553.0
1031.699,63.0,90196.0,5123.0,51.0,271.74,2683427267.0
1031.798,63.0,90196.0,5123.0,51.0,271.431,2683453963.0
1031.897,63.0,90196.0,5123.0,51.0,272.951,2683481519.0
1031.998,63.0,90196.0,5123.0,51.0,271.369,2683509873.0
1032.098,63.0,90196.0,5123.0,51.0,269.937,2683536436.0
1032.198,62.0,90196.0,5123.0,51.0,273.071,2683536436.0
1032.298,62.0,90196.0,5123.0,51.0,273.855,2683564622.0
1032.398,63.0,90196.0,5123.0,51.0,276.19,2683621529.0
1032.498,63.0,90196.0,5123.0,51.0,275.014,2683649042.0
1032.598,63.0,90196.0,5123.0,51.0,274.099,2683674878.0
1032.698,63.0,90196.0,5123.0,51.0,271.671,2683700929.0
1032.798,63.0,90196.0,5123.0,51.0,273.274,2683727289.0
1032.898,63.0,90196.0,5123.0,51.0,272.071,2683753947.0
1032.998,63.0,90196.0,5123.0,51.0,269.499,2683779946.0
1033.098,63.0,90196.0,5123.0,51.0,270.487,2683807865.0
1033.199,63.0,90196.0,5123.0,51.0,271.111,2683836087.0
1033.299,63.0,90196.0,5123.0,51.0,268.878,2683862026.0
1033.399,64.0,90196.0,5123.0,51.0,265.814,2683887614.0
1033.499,64.0,90196.0,5123.0,51.0,267.308,2683914638.0
1033.598,64.0,90196.0,5123.0,51.0,267.92,2683941118.0
1033.698,64.0,90196.0,5123.0,51.0,269.302,2683966894.0
1033.798,64.0,90196.0,5123.0,51.0,267.378,2683993838.0
1033.898,64.0,90196.0,5123.0,51.0,268.559,2684021908.0
1033.998,64.0,90196.0,5123.0,51.0,270.015,2684047501.0
1034.099,64.0,90196.0,5123.0,51.0,269.199,2684074930.0
1034.198,64.0,90196.0,5123.0,51.0,269.66,2684102792.0
1034.298,64.0,90196.0,5123.0,51.0,268.055,2684129894.0
1034.398,64.0,90196.0,5123.0,51.0,268.11,2684154669.0
1034.498,64.0,90196.0,5123.0,51.0,267.711,2684180871.0
1034.598,63.0,90196.0,5123.0,51.0,267.542,2684207744.0
1034.698,63.0,90196.0,5123.0,51.0,267.937,2684235157.0
1034.798,63.0,90196.0,5123.0,51.0,267.937,2684261471.0
1034.898,63.0,90196.0,5123.0,51.0,267.327,2684261471.0
1034.998,63.0,90196.0,5123.0,51.0,263.528,2684285777.0
1035.098,61.0,90196.0,5123.0,51.0,263.589,2684336370.0
1035.198,61.0,90196.0,5123.0,51.0,261.48,2684362753.0
1035.298,61.0,90196.0,5123.0,51.0,260.039,2684389095.0
1035.398,61.0,90196.0,5123.0,51.0,260.561,2684415099.0
1035.498,61.0,90196.0,5123.0,51.0,261.141,2684442128.0
1035.598,61.0,90196.0,5123.0,51.0,261.361,2684467082.0
1035.698,61.0,90196.0,5123.0,51.0,257.621,2684492230.0
1035.798,61.0,90196.0,5123.0,51.0,256.268,2684518260.0
1035.898,61.0,90196.0,5123.0,51.0,255.961,2684543435.0
1035.998,61.0,90196.0,5123.0,51.0,256.192,2684568611.0
1036.098,61.0,90196.0,5123.0,51.0,257.726,2684594613.0
1036.198,59.0,90196.0,5123.0,51.0,254.414,2684619895.0
1036.298,59.0,90196.0,5123.0,51.0,254.263,2684643538.0
1036.399,61.0,90196.0,5123.0,51.0,254.333,2684669810.0
1036.499,61.0,90196.0,5123.0,51.0,251.142,2684693523.0
1036.599,60.0,90196.0,5123.0,50.0,250.57,2684717950.0
1036.698,60.0,90196.0,5123.0,50.0,248.842,2684741410.0
1036.799,58.0,90196.0,5123.0,50.0,246.054,2684764925.0
1036.898,58.0,90196.0,5123.0,50.0,243.881,2684788423.0
1036.998,56.0,90196.0,5123.0,50.0,240.606,2684810902.0
1037.098,56.0,90196.0,5123.0,49.0,229.822,2684828176.0
1037.198,0.0,90196.0,5123.0,48.0,219.14,2684841518.0
1037.298,0.0,90196.0,5123.0,48.0,206.337,2684854852.0
1037.398,0.0,90196.0,5123.0,48.0,194.085,2684854852.0
1037.497,0.0,90196.0,5123.0,48.0,185.092,2684868202.0
1037.598,2.0,90196.0,5123.0,47.0,173.915,2684881500.0
1037.698,2.0,90196.0,5123.0,49.0,177.852,2684918275.0
1037.799,63.0,90196.0,5123.0,49.0,182.742,2684947361.0
1037.897,63.0,90196.0,5123.0,50.0,187.879,2684974925.0
1037.999,62.0,90196.0,5123.0,50.0,193.645,2685002716.0
1038.097,62.0,90196.0,5123.0,50.0,205.139,2685030693.0
1038.198,62.0,90196.0,5123.0,50.0,218.922,2685058587.0
1038.298,62.0,90196.0,5123.0,51.0,230.05,2685083837.0
1038.399,62.0,90196.0,5123.0,51.0,244.059,2685110143.0
1038.499,62.0,90196.0,5123.0,51.0,256.029,2685135776.0
1038.599,62.0,90196.0,5123.0,51.0,266.161,2685161167.0
1038.698,62.0,90196.0,5123.0,51.0,264.671,2685185836.0
1038.798,62.0,90196.0,5123.0,51.0,264.107,2685212684.0
1038.898,62.0,90196.0,5123.0,51.0,259.547,2685237649.0
1038.998,62.0,90196.0,5123.0,51.0,256.981,2685262076.0
1039.098,62.0,90196.0,5123.0,51.0,254.649,2685288255.0
1039.198,62.0,90196.0,5123.0,51.0,252.53,2685313704.0
1039.299,62.0,90196.0,5123.0,51.0,252.445,2685338975.0
1039.398,62.0,90196.0,5123.0,51.0,254.538,2685365627.0
1039.498,62.0,90196.0,5123.0,51.0,254.498,2685391478.0
1039.598,61.0,90196.0,5123.0,51.0,254.507,2685417179.0
1039.698,61.0,90196.0,5123.0,51.0,254.835,2685442366.0
1039.798,62.0,90196.0,5123.0,51.0,255.484,2685468076.0
1039.898,62.0,90196.0,5123.0,51.0,257.485,2685495560.0
1039.998,62.0,90196.0,5123.0,51.0,258.901,2685521324.0
1040.098,62.0,90196.0,5123.0,51.0,258.901,2685548353.0
1040.198,62.0,90196.0,5123.0,51.0,259.086,2685548353.0
1040.298,62.0,90196.0,5123.0,51.0,260.324,2685574620.0
1040.398,62.0,90196.0,5123.0,51.0,261.421,2685626478.0
1040.498,62.0,90196.0,5123.0,51.0,261.431,2685653652.0
1040.598,62.0,90196.0,5123.0,51.0,261.544,2685678441.0
1040.698,62.0,90196.0,5123.0,51.0,262.407,2685706032.0
1040.798,62.0,90196.0,5123.0,51.0,263.681,2685731463.0
1040.898,61.0,90196.0,5123.0,51.0,263.063,2685757137.0
1040.998,61.0,90196.0,5123.0,51.0,261.212,2685782768.0
1041.098,63.0,90196.0,5123.0,51.0,262.164,2685810838.0
1041.198,63.0,90196.0,5123.0,51.0,264.349,2685837028.0
1041.298,61.0,90196.0,5123.0,51.0,262.54,2685863989.0
1041.398,63.0,90196.0,5123.0,51.0,261.179,2685888732.0
1041.498,63.0,90196.0,5123.0,51.0,263.815,2685915929.0
1041.598,63.0,90196.0,5123.0,51.0,266.971,2685943603.0
1041.698,63.0,90196.0,5123.0,51.0,265.717,2685971826.0
1041.798,61.0,90196.0,5123.0,51.0,267.259,2685997297.0
1041.898,61.0,90196.0,5123.0,51.0,268.507,2686025174.0
1041.998,62.0,90196.0,5123.0,51.0,266.658,2686050922.0
1042.098,62.0,90196.0,5123.0,51.0,266.03,2686076433.0
1042.198,63.0,90196.0,5123.0,51.0,266.116,2686104820.0
1042.298,63.0,90196.0,5123.0,51.0,269.964,2686131967.0
1042.398,63.0,90196.0,5123.0,51.0,270.497,2686160146.0
1042.498,63.0,90196.0,5123.0,51.0,270.126,2686186629.0
1042.598,63.0,90196.0,5123.0,51.0,268.424,2686213343.0
1042.698,63.0,90196.0,5123.0,51.0,268.593,2686240316.0
1042.798,63.0,90196.0,5123.0,51.0,269.261,2686240316.0
1042.898,63.0,90196.0,5123.0,51.0,270.085,2686267706.0
1042.998,62.0,90196.0,5123.0,51.0,272.957,2686321725.0
1043.098,62.0,90196.0,5123.0,51.0,275.895,2686351136.0
1043.199,63.0,90196.0,5123.0,51.0,276.874,2686380667.0
1043.298,63.0,90196.0,5123.0,51.0,275.758,2686408358.0
1043.398,63.0,90196.0,5123.0,51.0,275.544,2686434719.0
1043.498,63.0,90196.0,5123.0,51.0,274.277,2686460498.0
1043.598,63.0,90196.0,5123.0,51.0,275.66,2686488022.0
1043.698,63.0,90196.0,5123.0,51.0,277.562,2686515436.0
1043.799,63.0,90196.0,5123.0,51.0,275.864,2686542356.0
1043.898,63.0,90196.0,5123.0,51.0,273.307,2686567526.0
1043.998,63.0,90196.0,5123.0,51.0,271.372,2686592842.0
1044.098,63.0,90196.0,5123.0,51.0,270.601,2686620456.0
1044.198,63.0,90196.0,5123.0,51.0,266.66,2686646699.0
1044.298,63.0,90196.0,5123.0,51.0,266.711,2686672480.0
1044.398,63.0,90196.0,5123.0,51.0,266.822,2686700700.0
1044.498,63.0,90196.0,5123.0,51.0,266.275,2686727081.0
1044.598,63.0,90196.0,5123.0,51.0,264.248,2686751635.0
1044.699,63.0,90196.0,5123.0,51.0,259.69,2686778117.0
1044.798,62.0,90196.0,5123.0,51.0,260.798,2686804287.0
1044.897,62.0,90196.0,5123.0,51.0,263.609,2686831301.0
1044.998,61.0,90196.0,5123.0,51.0,264.631,2686857890.0
1045.099,61.0,90196.0,5123.0,51.0,261.895,2686884342.0
1045.199,60.0,90196.0,5123.0,51.0,261.792,2686909007.0
1045.298,60.0,90196.0,5123.0,51.0,260.838,2686933969.0
1045.397,60.0,90196.0,5123.0,51.0,260.838,2686959173.0
1045.498,60.0,90196.0,5123.0,51.0,259.371,2686959173.0
1045.598,60.0,90196.0,5123.0,51.0,258.627,2686985052.0
1045.698,59.0,90196.0,5123.0,51.0,257.469,2687034492.0
1045.798,59.0,90196.0,5123.0,51.0,259.163,2687058744.0
1045.898,61.0,90196.0,5123.0,51.0,257.468,2687083185.0
1045.998,61.0,90196.0,5123.0,51.0,255.893,2687109326.0
1046.097,61.0,90196.0,5123.0,51.0,254.335,2687133727.0
1046.199,61.0,90196.0,5123.0,51.0,253.915,2687158275.0
1046.298,60.0,90196.0,5123.0,51.0,252.225,2687183915.0
1046.398,60.0,90196.0,5123.0,51.0,251.165,2687207163.0
1046.498,61.0,90196.0,5123.0,51.0,249.52,2687232378.0
1046.599,61.0,90196.0,5123.0,51.0,251.166,2687257499.0
1046.698,61.0,90196.0,5123.0,51.0,248.031,2687280862.0
1046.798,60.0,90196.0,5123.0,51.0,247.859,2687307115.0
1046.898,60.0,90196.0,5123.0,50.0,248.164,2687330275.0
1046.998,61.0,90196.0,5123.0,50.0,245.243,2687354964.0
1047.098,61.0,90196.0,5123.0,50.0,245.003,2687380072.0
1047.198,60.0,90196.0,5123.0,50.0,244.238,2687404426.0
1047.298,60.0,90196.0,5123.0,50.0,242.856,2687426436.0
1047.399,36.0,90196.0,5123.0,49.0,234.91,2687446493.0
1047.498,36.0,90196.0,5123.0,48.0,222.364,2687460010.0
1047.598,0.0,90196.0,5123.0,48.0,211.515,2687473436.0
1047.699,0.0,90196.0,5123.0,48.0,201.84,2687486808.0
1047.797,0.0,90196.0,5123.0,47.0,189.641,2687500180.0
1047.898,0.0,90196.0,5123.0,47.0,179.08,2687513469.0
1047.998,31.0,90196.0,5123.0,49.0,177.691,2687529100.0
1048.098,31.0,90196.0,5123.0,49.0,177.691,2687557917.0
1048.198,31.0,90196.0,5123.0,50.0,180.913,2687557917.0
1048.299,61.0,90196.0,5123.0,50.0,183.503,2687584972.0
1048.398,61.0,90196.0,5123.0,50.0,188.304,2687637693.0
1048.498,62.0,90196.0,5123.0,50.0,196.538,2687662955.0
1048.598,62.0,90196.0,5123.0,50.0,208.715,2687689050.0
1048.698,62.0,90196.0,5123.0,51.0,219.851,2687716319.0
1048.798,62.0,90196.0,5123.0,51.0,234.067,2687741005.0
1048.899,62.0,90196.0,5123.0,51.0,245.568,2687768571.0
1048.998,62.0,90196.0,5123.0,51.0,258.98,2687794316.0
1049.098,62.0,90196.0,5123.0,51.0,263.392,2687820115.0
1049.198,62.0,90196.0,5123.0,51.0,261.319,2687847158.0
1049.298,61.0,90196.0,5123.0,51.0,264.716,2687873733.0
1049.398,61.0,90196.0,5123.0,51.0,262.295,2687899020.0
1049.498,62.0,90196.0,5123.0,51.0,263.524,2687927715.0
1049.598,62.0,90196.0,5123.0,51.0,266.42,2687955134.0
1049.698,62.0,90196.0,5123.0,51.0,266.261,2687980673.0
1049.798,62.0,90196.0,5123.0,51.0,265.468,2688008797.0
1049.899,62.0,90196.0,5123.0,51.0,267.852,2688035164.0
1049.998,62.0,90196.0,5123.0,51.0,266.043,2688059787.0
1050.099,63.0,90196.0,5123.0,51.0,264.851,2688085500.0
1050.198,63.0,90196.0,5123.0,51.0,264.097,2688111244.0
1050.299,62.0,90196.0,5123.0,51.0,262.658,2688137970.0
1050.399,62.0,90196.0,5123.0,51.0,262.827,2688163679.0
1050.496,62.0,90196.0,5123.0,51.0,263.66,2688190714.0
1050.599,62.0,90196.0,5123.0,51.0,260.134,2688216076.0
1050.698,62.0,90196.0,5123.0,51.0,261.921,2688242585.0
1050.798,62.0,90196.0,5123.0,51.0,259.87,2688242585.0
1050.898,62.0,90196.0,5123.0,51.0,261.606,2688269960.0
1050.997,62.0,90196.0,5123.0,51.0,261.237,2688322523.0
1051.099,63.0,90196.0,5123.0,51.0,264.417,2688350266.0
1051.198,63.0,90196.0,5123.0,51.0,264.625,2688375914.0
1051.298,63.0,90196.0,5123.0,51.0,263.787,2688403120.0
1051.398,63.0,90196.0,5123.0,51.0,266.341,2688431733.0
1051.499,63.0,90196.0,5123.0,51.0,267.258,2688457022.0
1051.598,63.0,90196.0,5123.0,51.0,266.976,2688484735.0
1051.698,63.0,90196.0,5123.0,51.0,267.362,2688510965.0
1051.798,63.0,90196.0,5123.0,51.0,268.28,2688537589.0
1051.898,63.0,90196.0,5123.0,51.0,266.085,2688565288.0
1051.999,63.0,90196.0,5123.0,51.0,268.703,2688591254.0
1052.098,63.0,90196.0,5123.0,51.0,267.568,2688616412.0
1052.198,63.0,90196.0,5123.0,51.0,269.321,2688645151.0
1052.298,63.0,90196.0,5123.0,52.0,269.529,2688671734.0
1052.399,62.0,90196.0,5123.0,51.0,267.658,2688698449.0
1052.498,62.0,90196.0,5123.0,51.0,269.338,2688726019.0
1052.598,63.0,90196.0,5123.0,51.0,270.533,2688754038.0
1052.698,63.0,90196.0,5123.0,51.0,270.145,2688779212.0
1052.798,63.0,90196.0,5123.0,51.0,271.052,2688806452.0
1052.898,63.0,90196.0,5123.0,51.0,270.349,2688834311.0
1052.998,63.0,90196.0,5123.0,51.0,272.827,2688862292.0
1053.098,63.0,90196.0,5123.0,51.0,271.152,2688888128.0
1053.198,62.0,90196.0,5123.0,51.0,270.516,2688914288.0
1053.298,62.0,90196.0,5123.0,51.0,270.561,2688941562.0
1053.398,62.0,90196.0,5123.0,51.0,270.561,2688969196.0
1053.498,63.0,90196.0,5123.0,51.0,272.595,2688969196.0
1053.598,63.0,90196.0,5123.0,51.0,268.486,2688995544.0
1053.698,63.0,90196.0,5123.0,52.0,267.299,2689049450.0
1053.798,63.0,90196.0,5123.0,51.0,269.731,2689076072.0
1053.898,64.0,90196.0,5123.0,51.0,268.06,2689102855.0
1053.998,64.0,90196.0,5123.0,51.0,265.731,2689129604.0
1054.098,63.0,90196.0,5123.0,51.0,264.574,2689156085.0
1054.198,63.0,90196.0,5123.0,51.0,265.336,2689183572.0
1054.298,63.0,90196.0,5123.0,51.0,267.056,2689210257.0
1054.399,63.0,90196.0,5123.0,51.0,265.493,2689237825.0
1054.498,63.0,90196.0,5123.0,51.0,265.775,2689263128.0
1054.598,63.0,90196.0,5123.0,51.0,265.884,2689288937.0
1054.698,63.0,90196.0,5123.0,51.0,266.615,2689315866.0
1054.798,63.0,90196.0,5123.0,51.0,264.219,2689341710.0
1054.899,63.0,90196.0,5123.0,51.0,263.738,2689367947.0
1054.998,63.0,90196.0,5123.0,51.0,264.597,2689393953.0
1055.098,64.0,90196.0,5123.0,51.0,264.194,2689421345.0
1055.198,64.0,90196.0,5123.0,51.0,262.814,2689448237.0
1055.298,64.0,90196.0,5123.0,51.0,261.995,2689473837.0
1055.397,64.0,90196.0,5123.0,51.0,260.589,2689499361.0
1055.497,61.0,90196.0,5123.0,51.0,261.373,2689525940.0
1055.597,61.0,90196.0,5123.0,51.0,263.676,2689552066.0
1055.698,61.0,90196.0,5123.0,51.0,260.725,2689576673.0
1055.798,61.0,90196.0,5123.0,51.0,260.029,2689602686.0
1055.898,61.0,90196.0,5123.0,51.0,260.762,2689628182.0
1055.998,61.0,90196.0,5123.0,51.0,258.455,2689652066.0
1056.098,61.0,90196.0,5123.0,51.0,256.736,2689652066.0
1056.198,61.0,90196.0,5123.0,51.0,259.04,2689678600.0
1056.297,61.0,90196.0,5123.0,51.0,259.526,2689733495.0
1056.398,61.0,90196.0,5123.0,51.0,259.849,2689758056.0
1056.498,61.0,90196.0,5123.0,51.0,255.997,2689781730.0
1056.598,61.0,90196.0,5123.0,51.0,253.946,2689807692.0
1056.698,61.0,90196.0,5123.0,51.0,255.489,2689834604.0
1056.798,61.0,90196.0,5123.0,51.0,256.138,2689859753.0
1056.898,60.0,90196.0,5123.0,51.0,255.935,2689885659.0
1056.998,60.0,90196.0,5123.0,51.0,255.549,2689910493.0
1057.098,61.0,90196.0,5123.0,51.0,256.409,2689935011.0
1057.199,61.0,90196.0,5123.0,51.0,252.993,2689958254.0
1057.297,61.0,90196.0,5123.0,51.0,249.78,2689983388.0
1057.397,61.0,90196.0,5123.0,51.0,248.488,2690006301.0
1057.498,60.0,90196.0,5123.0,50.0,248.698,2690031321.0
1057.596,60.0,90196.0,5123.0,50.0,248.387,2690054220.0
1057.698,61.0,90196.0,5123.0,50.0,244.754,2690076460.0
1057.798,6.0,90196.0,5123.0,48.0,225.37,2690093054.0
1057.898,6.0,90196.0,5123.0,48.0,214.04,2690106481.0
1057.997,0.0,90196.0,5123.0,48.0,203.469,2690119865.0
1058.098,0.0,90196.0,5123.0,48.0,192.505,2690133252.0
1058.197,0.0,90196.0,5123.0,47.0,180.948,2690146611.0
1058.298,0.0,90196.0,5123.0,48.0,174.701,2690160130.0
1058.398,50.0,90196.0,5123.0,50.0,178.088,2690182739.0
1058.498,50.0,90196.0,5123.0,50.0,182.682,2690211073.0
1058.598,62.0,90196.0,5123.0,50.0,187.811,2690238130.0
1058.698,62.0,90196.0,5123.0,50.0,195.195,2690266158.0
1058.798,62.0,90196.0,5123.0,50.0,209.659,2690266158.0
1058.898,62.0,90196.0,5123.0,50.0,223.853,2690293951.0
1058.997,62.0,90196.0,5123.0,51.0,239.645,2690349231.0
1059.097,62.0,90196.0,5123.0,51.0,250.809,2690375719.0
1059.198,62.0,90196.0,5123.0,51.0,260.443,2690400859.0
1059.298,62.0,90196.0,5123.0,51.0,271.274,2690426333.0
1059.398,62.0,90196.0,5123.0,51.0,268.696,2690453162.0
1059.498,62.0,90196.0,5123.0,51.0,266.123,2690478961.0
1059.598,61.0,90196.0,5123.0,51.0,265.763,2690504355.0
1059.698,61.0,90196.0,5123.0,51.0,264.142,2690530330.0
1059.798,62.0,90196.0,5123.0,51.0,263.375,2690557896.0
1059.897,62.0,90196.0,5123.0,51.0,262.863,2690585640.0
1059.998,62.0,90196.0,5123.0,51.0,262.211,2690613104.0
1060.098,62.0,90196.0,5123.0,51.0,267.065,2690640909.0
1060.198,62.0,90196.0,5123.0,51.0,268.078,2690668737.0
1060.298,62.0,90196.0,5123.0,51.0,266.918,2690694522.0
1060.398,62.0,90196.0,5123.0,51.0,265.323,2690720191.0
1060.498,62.0,90196.0,5123.0,51.0,267.636,2690745059.0
1060.598,61.0,90196.0,5123.0,51.0,266.27,2690771157.0
1060.698,61.0,90196.0,5123.0,51.0,265.881,2690796487.0
1060.798,62.0,90196.0,5123.0,51.0,265.383,2690823165.0
1060.897,62.0,90196.0,5123.0,51.0,265.062,2690850086.0
1060.998,62.0,90196.0,5123.0,51.0,264.431,2690876890.0
1061.099,62.0,90196.0,5123.0,51.0,262.463,2690903465.0
1061.197,62.0,90196.0,5123.0,51.0,263.144,2690930604.0
1061.299,62.0,90196.0,5123.0,51.0,264.135,2690957949.0
1061.398,62.0,90196.0,5123.0,51.0,264.135,2690983067.0
1061.498,62.0,90196.0,5123.0,51.0,265.423,2690983067.0
1061.598,62.0,90196.0,5123.0,51.0,265.329,2691009520.0
1061.698,62.0,90196.0,5123.0,51.0,268.36,2691064233.0
1061.798,62.0,90196.0,5123.0,51.0,268.381,2691091219.0
1061.898,63.0,90196.0,5123.0,51.0,268.478,2691116588.0
1061.998,63.0,90196.0,5123.0,51.0,265.91,2691141559.0
1062.099,63.0,90196.0,5123.0,51.0,265.626,2691167342.0
1062.198,63.0,90196.0,5123.0,51.0,264.769,2691193802.0
1062.298,63.0,90196.0,5123.0,51.0,264.011,2691219954.0
1062.397,63.0,90196.0,5123.0,51.0,265.049,2691247990.0
1062.499,63.0,90196.0,5123.0,51.0,263.628,2691272997.0
1062.598,63.0,90196.0,5123.0,51.0,262.152,2691298444.0
1062.698,62.0,90196.0,5123.0,52.0,261.779,2691325101.0
1062.798,62.0,90196.0,5123.0,51.0,262.181,2691352593.0
1062.898,62.0,90196.0,5123.0,51.0,261.904,2691378192.0
1062.998,62.0,90196.0,5123.0,51.0,265.359,2691406779.0
1063.098,63.0,90196.0,5123.0,51.0,267.0,2691435217.0
1063.198,63.0,90196.0,5123.0,51.0,270.389,2691462541.0
1063.297,62.0,90196.0,5123.0,51.0,267.929,2691488246.0
1063.398,62.0,90196.0,5123.0,51.0,268.433,2691514499.0
1063.498,62.0,90196.0,5123.0,51.0,267.609,2691540456.0
1063.599,63.0,90196.0,5123.0,51.0,267.243,2691565070.0
1063.698,63.0,90196.0,5123.0,51.0,265.2,2691592185.0
1063.799,63.0,90196.0,5123.0,52.0,263.972,2691616825.0
1063.897,63.0,90196.0,5123.0,51.0,263.533,2691642813.0
1063.998,63.0,90196.0,5123.0,51.0,263.533,2691669587.0
1064.098,63.0,90196.0,5123.0,51.0,261.049,2691669587.0
1064.198,63.0,90196.0,5123.0,51.0,259.554,2691694926.0
1064.298,63.0,90196.0,5123.0,51.0,259.636,2691748980.0
1064.398,63.0,90196.0,5123.0,51.0,259.942,2691773809.0
1064.498,63.0,90196.0,5123.0,51.0,258.205,2691799865.0
1064.598,63.0,90196.0,5123.0,51.0,260.875,2691827203.0
1064.698,63.0,90196.0,5123.0,51.0,260.545,2691853300.0
1064.798,63.0,90196.0,5123.0,51.0,261.264,2691880446.0
1064.898,62.0,90196.0,5123.0,51.0,263.969,2691906543.0
1064.998,62.0,90196.0,5123.0,51.0,263.969,2691932286.0
1065.098,63.0,90196.0,5123.0,51.0,262.442,2691956923.0
1065.197,63.0,90196.0,5123.0,51.0,260.373,2691982003.0
1065.298,63.0,90196.0,5123.0,51.0,259.413,2692008290.0
1065.398,63.0,90196.0,5123.0,51.0,260.352,2692034203.0
1065.498,62.0,90196.0,5123.0,51.0,260.603,2692059751.0
1065.598,62.0,90196.0,5123.0,51.0,260.524,2692087143.0
1065.699,61.0,90196.0,5123.0,51.0,260.229,2692113361.0
1065.797,61.0,90196.0,5123.0,51.0,261.392,2692139043.0
1065.898,60.0,90196.0,5123.0,51.0,257.682,2692163525.0
1065.998,60.0,90196.0,5123.0,51.0,255.644,2692188013.0
1066.098,60.0,90196.0,5123.0,51.0,256.627,2692212681.0
1066.198,60.0,90196.0,5123.0,51.0,257.108,2692238509.0
1066.298,60.0,90196.0,5123.0,51.0,255.836,2692264827.0
1066.399,60.0,90196.0,5123.0,51.0,256.552,2692290318.0
1066.498,60.0,90196.0,5123.0,51.0,253.889,2692315709.0
1066.598,61.0,90196.0,5123.0,51.0,251.667,2692339733.0
1066.698,61.0,90196.0,5123.0,51.0,251.667,2692364727.0
1066.798,61.0,90196.0,5123.0,51.0,249.578,2692364727.0
1066.898,61.0,90196.0,5123.0,51.0,248.764,2692388112.0
1066.998,61.0,90196.0,5123.0,51.0,247.719,2692437306.0
1067.098,60.0,90196.0,5123.0,51.0,248.05,2692461079.0
1067.198,60.0,90196.0,5123.0,51.0,248.824,2692486283.0
1067.298,61.0,90196.0,5123.0,51.0,244.427,2692509718.0
1067.398,61.0,90196.0,5123.0,51.0,245.45,2692536313.0
1067.498,61.0,90196.0,5123.0,51.0,244.229,2692560710.0
1067.598,61.0,90196.0,5123.0,50.0,245.535,2692585517.0
1067.698,60.0,90196.0,5123.0,50.0,245.184,2692608963.0
1067.798,60.0,90196.0,5123.0,50.0,245.722,2692633939.0
1067.897,61.0,90196.0,5123.0,50.0,247.174,2692659540.0
1067.998,61.0,90196.0,5123.0,50.0,248.533,2692683731.0
1068.098,57.0,90196.0,5123.0,49.0,243.83,2692701097.0
1068.198,57.0,90196.0,5123.0,49.0,231.912,2692714488.0
1068.298,0.0,90196.0,5123.0,48.0,222.438,2692727894.0
1068.398,0.0,90196.0,5123.0,48.0,211.47,2692741239.0
1068.498,0.0,90196.0,5123.0,48.0,199.84,2692754557.0
1068.598,0.0,90196.0,5123.0,47.0,186.955,2692769008.0
1068.699,22.0,90196.0,5123.0,49.0,189.852,2692801374.0
1068.802,22.0,90196.0,5123.0,50.0,191.591,2692826278.0
1068.899,61.0,90196.0,5123.0,50.0,189.62,2692850604.0
1068.999,61.0,90196.0,5123.0,50.0,197.801,2692874841.0
1069.099,61.0,90196.0,5123.0,50.0,205.173,2692900211.0
1069.199,61.0,90196.0,5123.0,50.0,216.916,2692924885.0
1069.298,61.0,90196.0,5123.0,50.0,228.583,2692948549.0
1069.398,60.0,90196.0,5123.0,50.0,240.555,2692948549.0
1069.498,60.0,90196.0,5123.0,50.0,252.102,2692973369.0
1069.598,61.0,90196.0,5123.0,50.0,251.043,2692998560.0
1069.698,61.0,90196.0,5123.0,50.0,248.406,2693048448.0
1069.798,60.0,90196.0,5123.0,50.0,249.199,2693073399.0
1069.898,60.0,90196.0,5123.0,51.0,249.264,2693098207.0
1069.999,61.0,90196.0,5123.0,51.0,248.343,2693123193.0
1070.098,61.0,90196.0,5123.0,51.0,248.869,2693147210.0
1070.198,61.0,90196.0,5123.0,51.0,248.843,2693172475.0
1070.299,61.0,90196.0,5123.0,51.0,248.325,2693196787.0
1070.398,61.0,90196.0,5123.0,51.0,247.09,2693221268.0
1070.498,61.0,90196.0,5123.0,51.0,248.678,2693245441.0
1070.598,61.0,90196.0,5123.0,51.0,248.603,2693270756.0
1070.698,61.0,90196.0,5123.0,51.0,247.881,2693296146.0
1070.798,61.0,90196.0,5123.0,51.0,249.36,2693320755.0
1070.897,61.0,90196.0,5123.0,51.0,249.987,2693346541.0
1070.998,60.0,90196.0,5123.0,51.0,250.907,2693372293.0
1071.098,60.0,90196.0,5123.0,51.0,249.618,2693397846.0
1071.198,61.0,90196.0,5123.0,51.0,252.01,2693423593.0
1071.299,61.0,90196.0,5123.0,51.0,252.302,2693447953.0
1071.398,62.0,90196.0,5123.0,51.0,253.728,2693473507.0
1071.498,62.0,90196.0,5123.0,51.0,252.834,2693498793.0
1071.598,61.0,90196.0,5123.0,51.0,251.828,2693523201.0
1071.698,61.0,90196.0,5123.0,51.0,252.907,2693547811.0
1071.798,61.0,90196.0,5123.0,51.0,252.292,2693573694.0
1071.898,61.0,90196.0,5123.0,51.0,252.164,2693598778.0
1071.998,61.0,90196.0,5123.0,51.0,253.392,2693624769.0
1072.098,61.0,90196.0,5123.0,51.0,253.392,2693650635.0
1072.197,61.0,90196.0,5123.0,51.0,253.363,2693650635.0
1072.297,62.0,90196.0,5123.0,51.0,252.329,2693675452.0
1072.399,62.0,90196.0,5123.0,51.0,253.568,2693725835.0
1072.499,62.0,90196.0,5123.0,51.0,252.604,2693750717.0
1072.598,62.0,90196.0,5123.0,51.0,252.788,2693775463.0
1072.698,62.0,90196.0,5123.0,51.0,254.936,2693801658.0
1072.798,62.0,90196.0,5123.0,51.0,253.696,2693826966.0
1072.898,62.0,90196.0,5123.0,51.0,253.367,2693852649.0
1072.998,62.0,90196.0,5123.0,51.0,254.869,2693877635.0
1073.098,62.0,90196.0,5123.0,51.0,253.691,2693903599.0
1073.198,62.0,90196.0,5123.0,51.0,253.877,2693928025.0
1073.298,61.0,90196.0,5123.0,51.0,254.224,2693953700.0
1073.398,61.0,90196.0,5123.0,51.0,254.895,2693979927.0
1073.498,61.0,90196.0,5123.0,51.0,255.566,2694004935.0
1073.598,61.0,90196.0,5123.0,51.0,255.585,2694030028.0
1073.698,61.0,90196.0,5123.0,51.0,254.111,2694055273.0
1073.798,61.0,90196.0,5123.0,51.0,254.634,2694080209.0
1073.899,61.0,90196.0,5123.0,51.0,254.675,2694105322.0
1073.999,61.0,90196.0,5123.0,51.0,254.011,2694131758.0
1074.098,61.0,90196.0,5123.0,51.0,253.476,2694157315.0
1074.198,61.0,90196.0,5123.0,51.0,253.823,2694182300.0
1074.298,61.0,90196.0,5123.0,51.0,251.539,2694206631.0
1074.398,60.0,90196.0,5123.0,51.0,249.931,2694230938.0
1074.499,60.0,90196.0,5123.0,51.0,249.933,2694255022.0
1074.597,60.0,90196.0,5123.0,51.0,249.933,2694279743.0
1074.698,60.0,90196.0,5123.0,51.0,250.406,2694279743.0
1074.798,60.0,90196.0,5123.0,51.0,249.013,2694305605.0
1074.897,60.0,90196.0,5123.0,51.0,248.111,2694354535.0
1074.998,60.0,90196.0,5123.0,51.0,248.045,2694379849.0
1075.098,60.0,90196.0,5123.0,51.0,246.144,2694404323.0
1075.198,60.0,90196.0,5123.0,51.0,245.606,2694428846.0
1075.298,60.0,90196.0,5123.0,51.0,245.414,2694453928.0
1075.399,60.0,90196.0,5123.0,51.0,246.984,2694478505.0
1075.498,61.0,90196.0,5123.0,51.0,246.23,2694502190.0
1075.598,61.0,90196.0,5123.0,51.0,245.765,2694526947.0
1075.698,61.0,90196.0,5123.0,51.0,244.13,2694551055.0
1075.798,61.0,90196.0,5123.0,51.0,247.235,2694577284.0
1075.898,61.0,90196.0,5123.0,51.0,246.101,2694600776.0
1075.998,61.0,90196.0,5123.0,51.0,245.578,2694624547.0
1076.098,60.0,90196.0,5123.0,51.0,245.863,2694648649.0
1076.198,60.0,90196.0,5123.0,50.0,245.887,2694673724.0
1076.298,60.0,90196.0,5123.0,50.0,245.932,2694697915.0
1076.398,60.0,90196.0,5123.0,50.0,245.801,2694723163.0
1076.497,60.0,90196.0,5123.0,50.0,247.262,2694748615.0
1076.598,60.0,90196.0,5123.0,50.0,247.253,2694772132.0
1076.698,60.0,90196.0,5123.0,50.0,245.831,2694794671.0
1076.797,60.0,90196.0,5123.0,50.0,243.362,2694819361.0
1076.898,59.0,90196.0,5123.0,50.0,242.345,2694843139.0
1076.998,59.0,90196.0,5123.0,50.0,240.485,2694865323.0
1077.097,58.0,90196.0,5123.0,50.0,238.694,2694888956.0
1077.198,57.0,90196.0,5123.0,50.0,234.724,2694911856.0
1077.299,57.0,90196.0,5123.0,50.0,234.724,2694933015.0
1077.398,57.0,90196.0,5123.0,50.0,230.846,2694933015.0
1077.499,58.0,90196.0,5123.0,50.0,227.303,2694976549.0
1077.598,58.0,90196.0,5123.0,50.0,225.51,2694998122.0
1077.698,57.0,90196.0,5123.0,50.0,225.174,2695020862.0
1077.798,57.0,90196.0,5123.0,50.0,223.115,2695041694.0
1077.898,58.0,90196.0,5123.0,50.0,221.679,2695064586.0
1077.998,58.0,90196.0,5123.0,50.0,221.452,2695086522.0
1078.097,57.0,90196.0,5123.0,50.0,222.197,2695110200.0
1078.197,57.0,90196.0,5123.0,49.0,220.182,2695130621.0
1078.298,37.0,90196.0,5123.0,48.0,213.038,2695144290.0
1078.399,37.0,90196.0,5123.0,48.0,206.181,2695157663.0
1078.499,0.0,90196.0,5123.0,48.0,196.613,2695171068.0
1078.598,0.0,90196.0,5123.0,48.0,188.454,2695184437.0
1078.698,0.0,90196.0,5123.0,47.0,180.519,2695197721.0
1078.799,0.0,90196.0,5123.0,47.0,171.039,2695211031.0
1078.898,0.0,90196.0,5123.0,47.0,161.489,2695224277.0
1078.999,0.0,90196.0,5123.0,47.0,152.571,2695237540.0
1079.099,0.0,90196.0,5123.0,47.0,143.382,2695250811.0
1079.198,0.0,90196.0,5123.0,47.0,134.982,2695264061.0
1079.298,0.0,90196.0,5123.0,47.0,133.089,2695277286.0
1079.398,0.0,90196.0,5123.0,47.0,132.891,2695290449.0
1079.498,0.0,90196.0,5123.0,47.0,132.72,2695303685.0
1079.598,0.0,90196.0,5123.0,47.0,132.589,2695316932.0
1079.698,0.0,90196.0,5123.0,47.0,132.469,2695330122.0
1079.799,0.0,90196.0,5123.0,46.0,132.416,2695343388.0
1079.899,0.0,90196.0,5123.0,46.0,132.379,2695356594.0
1079.999,0.0,90196.0,5123.0,46.0,132.368,2695369848.0
1080.099,0.0,90196.0,5123.0,46.0,132.308,2695383033.0
1080.199,0.0,90196.0,5123.0,46.0,132.219,2695396151.0
1080.299,0.0,90196.0,5123.0,46.0,132.078,2695396151.0
1080.398,0.0,90196.0,5123.0,46.0,132.051,2695409283.0
1080.498,0.0,90196.0,5123.0,46.0,131.942,2695435579.0
1080.598,0.0,90196.0,5123.0,46.0,131.924,2695448808.0
1080.698,0.0,90196.0,5123.0,46.0,131.97,2695462037.0
1080.798,0.0,90196.0,5123.0,46.0,131.953,2695475244.0
1080.898,0.0,90196.0,5123.0,46.0,131.883,2695488383.0
1080.999,0.0,90196.0,5123.0,46.0,131.811,2695501592.0
1081.099,0.0,90196.0,5123.0,46.0,131.808,2695514768.0
1081.199,0.0,90196.0,5123.0,46.0,131.86,2695527968.0
1081.298,0.0,90196.0,5123.0,46.0,131.913,2695541125.0
1081.398,0.0,90196.0,5123.0,46.0,131.886,2695554242.0
1081.498,0.0,90196.0,5123.0,46.0,131.936,2695567417.0
1081.598,0.0,90196.0,5123.0,46.0,131.942,2695580650.0
1081.699,0.0,90196.0,5123.0,46.0,131.864,2695593787.0
1081.798,0.0,90196.0,5123.0,46.0,131.835,2695606984.0
1081.898,0.0,90196.0,5123.0,46.0,131.836,2695620129.0
1081.998,0.0,90196.0,5123.0,46.0,131.771,2695633282.0
1082.098,0.0,90196.0,5123.0,46.0,131.741,2695646442.0
1082.198,0.0,90196.0,5123.0,46.0,131.688,2695659561.0
1082.299,0.0,90196.0,5123.0,46.0,131.59,2695672666.0
1082.398,0.0,90196.0,5123.0,46.0,131.619,2695685808.0
1082.498,0.0,90196.0,5123.0,46.0,131.608,2695698993.0
1082.598,0.0,90196.0,5123.0,46.0,131.587,2695712192.0
1082.698,0.0,90196.0,5123.0,46.0,131.565,2695725278.0
1082.799,0.0,90196.0,5123.0,46.0,131.496,2695738441.0
1082.898,0.0,90196.0,5123.0,46.0,131.499,2695751602.0
1082.998,0.0,90196.0,5123.0,46.0,131.54,2695764766.0
1083.099,0.0,90196.0,5123.0,46.0,131.54,2695777925.0
1083.198,0.0,90196.0,5123.0,46.0,131.583,2695777925.0
1083.299,0.0,90196.0,5123.0,46.0,131.635,2695791083.0
1083.398,0.0,90196.0,5123.0,46.0,131.685,2695804251.0
1083.499,0.0,90196.0,5123.0,46.0,131.66,2695830586.0
1083.598,0.0,90196.0,5123.0,46.0,131.621,2695843733.0
1083.698,0.0,90196.0,5123.0,46.0,131.649,2695856896.0
1083.798,0.0,90196.0,5123.0,46.0,131.684,2695870059.0
1083.899,0.0,90196.0,5123.0,46.0,131.682,2695883221.0
1083.999,0.0,90196.0,5123.0,46.0,131.679,2695896393.0
1084.099,0.0,90196.0,5123.0,46.0,131.679,2695909546.0
1084.199,0.0,90196.0,5123.0,46.0,131.685,2695922711.0
1084.298,0.0,90196.0,5123.0,46.0,131.691,2695935868.0
1084.399,0.0,90196.0,5123.0,46.0,131.689,2695949043.0
1084.499,0.0,90196.0,5123.0,46.0,131.686,2695962173.0
1084.598,0.0,90196.0,5123.0,46.0,131.671,2695975334.0
1084.699,0.0,90196.0,5123.0,46.0,131.708,2695988523.0
1084.798,0.0,90196.0,5123.0,46.0,131.698,2696001691.0
1084.898,0.0,90196.0,5123.0,46.0,131.656,2696014806.0
1084.999,0.0,90196.0,5123.0,46.0,131.637,2696027939.0
1085.098,0.0,90196.0,5123.0,46.0,131.619,2696041087.0
1085.199,0.0,90196.0,5123.0,46.0,131.616,2696054243.0
1085.299,0.0,90196.0,5123.0,46.0,131.608,2696067401.0
1085.398,0.0,90196.0,5123.0,46.0,131.602,2696080560.0
1085.498,0.0,90196.0,5123.0,46.0,131.608,2696093720.0
1085.599,0.0,90196.0,5123.0,46.0,131.608,2696106877.0
1085.698,0.0,90196.0,5123.0,46.0,131.578,2696120030.0
1085.798,0.0,90196.0,5123.0,46.0,131.578,2696133182.0
1085.899,0.0,90196.0,5123.0,46.0,131.581,2696146315.0
1085.999,0.0,90196.0,5123.0,46.0,131.586,2696159453.0
1086.098,0.0,90196.0,5123.0,46.0,131.581,2696172586.0
1086.198,0.0,90196.0,5123.0,46.0,131.601,2696185750.0
1086.299,0.0,90196.0,5123.0,46.0,131.571,2696185750.0
1086.399,0.0,90196.0,5123.0,46.0,131.565,2696198900.0
1086.498,0.0,90196.0,5123.0,46.0,131.56,2696225202.0
1086.598,0.0,90196.0,5123.0,46.0,131.561,2696238345.0
1086.698,0.0,90196.0,5123.0,46.0,131.561,2696251493.0
1086.798,0.0,90196.0,5123.0,46.0,131.547,2696264641.0
1086.898,0.0,90196.0,5123.0,46.0,131.559,2696277782.0
1087.008,0.0,90196.0,5123.0,46.0,131.594,2696290952.0
1087.098,0.0,90196.0,5123.0,46.0,131.629,2696304106.0
1087.198,0.0,90196.0,5123.0,46.0,131.588,2696317256.0
1087.298,0.0,90196.0,5123.0,46.0,131.597,2696330387.0
1087.398,0.0,90196.0,5123.0,46.0,131.603,2696343541.0
1087.498,0.0,90196.0,5123.0,46.0,131.579,2696356689.0
1087.598,0.0,90196.0,5123.0,46.0,131.589,2696369852.0
1087.698,0.0,90196.0,5123.0,46.0,131.572,2696382992.0
1087.799,0.0,90196.0,5123.0,46.0,131.562,2696396114.0
1087.898,0.0,90196.0,5123.0,46.0,131.543,2696409239.0
1087.998,0.0,90196.0,5123.0,46.0,131.536,2696422400.0
1088.098,0.0,90196.0,5123.0,46.0,131.519,2696435559.0
1088.199,0.0,90196.0,5123.0,46.0,131.525,2696448712.0
1088.299,0.0,90196.0,5123.0,46.0,131.52,2696461849.0
1088.399,0.0,90196.0,5123.0,46.0,131.537,2696475004.0
1088.499,0.0,90196.0,5123.0,46.0,131.514,2696488131.0
1088.598,0.0,90196.0,5123.0,46.0,131.503,2696501282.0
1088.698,0.0,90196.0,5123.0,46.0,131.509,2696514416.0
1088.798,0.0,90196.0,5123.0,46.0,131.52,2696527557.0
1088.899,0.0,90196.0,5123.0,46.0,131.533,2696540702.0
1088.998,0.0,90196.0,5123.0,46.0,131.523,2696553842.0
1089.098,0.0,90196.0,5123.0,46.0,131.523,2696566990.0
1089.198,0.0,90196.0,5123.0,46.0,131.523,2696566990.0
1089.299,0.0,90196.0,5123.0,46.0,131.499,2696580124.0
1089.399,0.0,90196.0,5123.0,46.0,131.482,2696593255.0
1089.499,0.0,90196.0,5123.0,46.0,131.482,2696619532.0
1089.599,0.0,90196.0,5123.0,46.0,131.476,2696632668.0
1089.699,0.0,90196.0,5123.0,46.0,131.488,2696645814.0
1089.798,0.0,90196.0,5123.0,46.0,131.476,2696658963.0
1089.899,0.0,90196.0,5123.0,46.0,131.477,2696672103.0
1089.998,0.0,90196.0,5123.0,46.0,131.469,2696685250.0
1090.098,0.0,90196.0,5123.0,46.0,131.457,2696698376.0
1090.198,0.0,90196.0,5123.0,46.0,131.439,2696711506.0
1090.299,0.0,90196.0,5123.0,46.0,131.451,2696724655.0
1090.399,0.0,90196.0,5123.0,46.0,131.469,2696737808.0
1090.499,0.0,90196.0,5123.0,46.0,131.469,2696750943.0
1090.598,0.0,90196.0,5123.0,46.0,131.472,2696764078.0
1090.699,0.0,90196.0,5123.0,46.0,131.449,2696777223.0
1090.798,0.0,90196.0,5123.0,46.0,131.443,2696790355.0
1090.898,0.0,90196.0,5123.0,46.0,131.454,2696803506.0
1090.998,0.0,90196.0,5123.0,46.0,131.436,2696816644.0
1091.098,0.0,90196.0,5123.0,46.0,131.448,2696829777.0
1091.198,0.0,90196.0,5123.0,46.0,131.451,2696842921.0
1091.298,0.0,90196.0,5123.0,46.0,131.463,2696856055.0
1091.398,0.0,90196.0,5123.0,46.0,131.452,2696869201.0
1091.498,0.0,90196.0,5123.0,46.0,131.468,2696882341.0
1091.599,0.0,90196.0,5123.0,46.0,131.454,2696895476.0
1091.699,0.0,90196.0,5123.0,46.0,131.448,2696908602.0
1091.798,0.0,90196.0,5123.0,46.0,131.46,2696921732.0
1091.898,0.0,90196.0,5123.0,46.0,131.46,2696934881.0
1091.999,0.0,90196.0,5123.0,46.0,131.432,2696947980.0
1092.098,0.0,90196.0,5123.0,46.0,131.419,2696961112.0
1092.198,0.0,90196.0,5123.0,46.0,131.419,2696961112.0
1092.298,0.0,90196.0,5123.0,46.0,131.434,2696974245.0
1092.398,0.0,90196.0,5123.0,46.0,131.428,2696987399.0
1092.498,0.0,90196.0,5123.0,46.0,131.422,2697013665.0
1092.599,0.0,90196.0,5123.0,46.0,131.417,2697026796.0
1092.698,0.0,90196.0,5123.0,46.0,131.428,2697039924.0
1092.799,0.0,90196.0,5123.0,46.0,131.412,2697053057.0
1092.899,0.0,90196.0,5123.0,46.0,131.409,2697066182.0
1092.998,0.0,90196.0,5123.0,46.0,131.427,2697079317.0
1093.099,0.0,90196.0,5123.0,46.0,131.439,2697092445.0
1093.198,0.0,90196.0,5123.0,46.0,131.423,2697105576.0
1093.297,0.0,90196.0,5123.0,46.0,131.424,2697118706.0
1093.398,0.0,90196.0,5123.0,46.0,131.417,2697131841.0
1093.499,0.0,90196.0,5123.0,46.0,131.4,2697144968.0
1093.598,0.0,90196.0,5123.0,46.0,131.405,2697158096.0
1093.699,0.0,90196.0,5123.0,46.0,131.401,2697171233.0
1093.798,0.0,90196.0,5123.0,46.0,131.389,2697184357.0
1093.898,0.0,90196.0,5123.0,46.0,131.402,2697197482.0
1093.998,0.0,90196.0,5123.0,46.0,131.397,2697210607.0
1094.098,0.0,90196.0,5123.0,46.0,131.397,2697223749.0
1094.197,0.0,90196.0,5123.0,46.0,131.406,2697236883.0
