elapsed_s,gpu_util,fb_used,fb_free,temperature,power_usage,energy_consumption
0.000,0.0,90246.0,5073.0,46.0,124.601,194677863784.0
0.098,0.0,90246.0,5073.0,46.0,124.599,194677876252.0
0.198,0.0,90246.0,5073.0,46.0,124.613,194677888681.0
0.298,0.0,90246.0,5073.0,46.0,124.569,194677913587.0
0.411,0.0,90246.0,5073.0,46.0,124.602,194677926047.0
0.498,0.0,90246.0,5073.0,46.0,124.553,194677938496.0
0.598,0.0,90246.0,5073.0,46.0,124.618,194677950960.0
0.698,0.0,90246.0,5073.0,46.0,124.601,194677963396.0
0.809,0.0,90246.0,5073.0,46.0,124.623,194677975870.0
0.898,0.0,90246.0,5073.0,46.0,124.606,194677988314.0
0.998,0.0,90246.0,5073.0,46.0,124.626,194678000806.0
1.117,0.0,90246.0,5073.0,46.0,124.642,194678013258.0
1.204,0.0,90246.0,5073.0,46.0,124.651,194678025721.0
1.298,0.0,90246.0,5073.0,46.0,124.645,194678038168.0
1.413,0.0,90246.0,5073.0,46.0,124.664,194678050626.0
1.502,0.0,90246.0,5073.0,46.0,124.624,194678063063.0
1.596,0.0,90246.0,5073.0,46.0,124.583,194678075502.0
1.698,0.0,90246.0,5073.0,46.0,124.625,194678087944.0
1.814,0.0,90246.0,5073.0,46.0,124.587,194678100411.0
1.901,0.0,90246.0,5073.0,46.0,124.582,194678112833.0
1.998,0.0,90246.0,5073.0,46.0,124.554,194678125298.0
2.114,0.0,90246.0,5073.0,46.0,124.51,194678137736.0
2.201,0.0,90246.0,5073.0,46.0,124.477,194678150166.0
2.301,0.0,90246.0,5073.0,46.0,124.499,194678162603.0
2.405,0.0,90246.0,5073.0,46.0,124.465,194678175056.0
2.498,0.0,90246.0,5073.0,46.0,124.487,194678175056.0
2.604,0.0,90246.0,5073.0,46.0,124.466,194678187499.0
2.698,0.0,90246.0,5073.0,46.0,124.498,194678199942.0
2.798,0.0,90246.0,5073.0,46.0,124.478,194678212370.0
2.904,0.0,90246.0,5073.0,46.0,124.512,194678224837.0
2.997,0.0,90246.0,5073.0,46.0,124.495,194678249743.0
3.098,0.0,90246.0,5073.0,46.0,124.531,194678262169.0
3.197,0.0,90246.0,5073.0,46.0,124.539,194678274632.0
3.311,0.0,90246.0,5073.0,46.0,124.509,194678287051.0
3.398,0.0,90246.0,5073.0,46.0,124.504,194678299487.0
3.498,0.0,90246.0,5073.0,46.0,124.531,194678311951.0
3.598,0.0,90246.0,5073.0,46.0,124.554,194678324415.0
3.710,0.0,90246.0,5073.0,46.0,124.527,194678336843.0
3.798,0.0,90246.0,5073.0,46.0,124.542,194678349305.0
3.898,0.0,90246.0,5073.0,46.0,124.522,194678361755.0
4.004,0.0,90246.0,5073.0,46.0,124.494,194678374196.0
4.098,0.0,90246.0,5073.0,46.0,124.489,194678386624.0
4.198,0.0,90246.0,5073.0,46.0,124.469,194678399062.0
4.312,0.0,90246.0,5073.0,46.0,124.507,194678411502.0
4.398,0.0,90246.0,5073.0,46.0,124.474,194678423940.0
4.498,0.0,90246.0,5073.0,46.0,124.448,194678436353.0
4.616,0.0,90246.0,5073.0,46.0,124.408,194678448763.0
4.698,0.0,90246.0,5073.0,46.0,124.388,194678461185.0
4.798,0.0,90246.0,5073.0,46.0,124.343,194678473616.0
4.896,0.0,90246.0,5073.0,46.0,124.347,194678486044.0
5.009,0.0,90246.0,5073.0,46.0,124.347,194678498490.0
5.100,0.0,90246.0,5073.0,46.0,124.332,194678498490.0
5.198,0.0,90246.0,5073.0,46.0,124.356,194678510928.0
5.309,0.0,90246.0,5073.0,46.0,124.366,194678523371.0
5.405,0.0,90246.0,5073.0,46.0,124.381,194678535803.0
5.501,0.0,90246.0,5073.0,46.0,124.401,194678548270.0
5.598,0.0,90246.0,5073.0,46.0,124.439,194678573145.0
5.715,0.0,90246.0,5073.0,46.0,124.45,194678585588.0
5.799,0.0,90246.0,5073.0,46.0,124.477,194678598015.0
5.898,0.0,90246.0,5073.0,46.0,124.452,194678610479.0
6.011,0.0,90246.0,5073.0,46.0,124.512,194678622907.0
6.098,0.0,90246.0,5073.0,46.0,124.496,194678635365.0
6.198,0.0,90246.0,5073.0,46.0,124.518,194678647802.0
6.311,0.0,90246.0,5073.0,46.0,124.496,194678660242.0
6.398,0.0,90246.0,5073.0,46.0,124.482,194678672650.0
6.498,0.0,90246.0,5073.0,46.0,124.467,194678685109.0
6.615,0.0,90246.0,5073.0,46.0,124.462,194678697553.0
6.699,0.0,90246.0,5073.0,46.0,124.483,194678710010.0
6.797,0.0,90246.0,5073.0,46.0,124.493,194678722434.0
6.900,0.0,90246.0,5073.0,46.0,124.483,194678734893.0
7.006,0.0,90246.0,5073.0,46.0,124.494,194678747322.0
7.097,0.0,90246.0,5073.0,46.0,124.456,194678759763.0
7.198,0.0,90246.0,5073.0,46.0,124.463,194678772193.0
7.314,0.0,90246.0,5073.0,46.0,124.47,194678784633.0
7.398,0.0,90246.0,5073.0,46.0,124.478,194678797066.0
7.498,0.0,90246.0,5073.0,46.0,124.474,194678809508.0
7.598,0.0,90246.0,5073.0,46.0,124.461,194678821950.0
7.703,0.0,90246.0,5073.0,46.0,124.449,194678834392.0
7.812,0.0,90246.0,5073.0,46.0,124.449,194678846826.0
7.915,0.0,90246.0,5073.0,46.0,124.462,194678846826.0
7.998,0.0,90246.0,5073.0,46.0,124.482,194678859284.0
8.098,0.0,90246.0,5073.0,46.0,124.499,194678871723.0
8.214,0.0,90246.0,5073.0,46.0,124.502,194678884188.0
8.298,0.0,90246.0,5073.0,46.0,124.505,194678896606.0
8.398,0.0,90246.0,5073.0,46.0,124.475,194678921441.0
8.510,0.0,90246.0,5073.0,46.0,124.461,194678933919.0
8.598,0.0,90246.0,5073.0,46.0,124.473,194678946334.0
8.698,0.0,90246.0,5073.0,46.0,124.464,194678958753.0
8.798,0.0,90246.0,5073.0,46.0,124.427,194678971146.0
8.908,0.0,90246.0,5073.0,46.0,124.388,194678983602.0
8.998,0.0,90246.0,5073.0,46.0,124.392,194678996019.0
9.098,0.0,90246.0,5073.0,46.0,124.356,194679008450.0
9.214,0.0,90246.0,5073.0,46.0,124.335,194679020849.0
9.298,0.0,90246.0,5073.0,46.0,124.341,194679033294.0
9.398,0.0,90246.0,5073.0,46.0,124.352,194679045711.0
9.507,0.0,90246.0,5073.0,46.0,124.332,194679058157.0
9.599,0.0,90246.0,5073.0,46.0,124.329,194679070577.0
9.698,0.0,90246.0,5073.0,46.0,124.342,194679083039.0
9.811,0.0,90246.0,5073.0,46.0,124.349,194679095429.0
9.898,0.0,90246.0,5073.0,46.0,124.316,194679107862.0
10.020,0.0,90246.0,5073.0,46.0,124.329,194679120263.0
10.106,0.0,90246.0,5073.0,46.0,124.34,194679132720.0
10.198,0.0,90246.0,5073.0,46.0,124.336,194679145120.0
10.298,0.0,90246.0,5073.0,46.0,124.349,194679157591.0
10.410,0.0,90246.0,5073.0,46.0,124.328,194679170001.0
10.498,0.0,90246.0,5073.0,46.0,124.324,194679182430.0
10.600,0.0,90246.0,5073.0,46.0,124.324,194679194838.0
10.698,0.0,90246.0,5073.0,46.0,124.309,194679194838.0
10.798,0.0,90246.0,5073.0,46.0,124.316,194679207305.0
10.900,0.0,90246.0,5073.0,46.0,124.342,194679219707.0
10.998,0.0,90246.0,5073.0,46.0,124.315,194679232128.0
11.099,0.0,90246.0,5073.0,46.0,124.292,194679244520.0
11.205,0.0,90246.0,5073.0,46.0,124.266,194679269332.0
11.298,0.0,90246.0,5073.0,46.0,124.262,194679281778.0
11.400,0.0,90246.0,5073.0,46.0,124.23,194679294168.0
11.514,0.0,90246.0,5073.0,46.0,124.257,194679306644.0
11.599,0.0,90246.0,5073.0,46.0,124.269,194679319049.0
11.698,0.0,90246.0,5073.0,46.0,124.306,194679331509.0
11.810,0.0,90246.0,5073.0,46.0,124.281,194679343882.0
11.898,0.0,90246.0,5073.0,46.0,124.275,194679356333.0
11.998,0.0,90246.0,5073.0,46.0,124.293,194679368729.0
12.104,0.0,90246.0,5073.0,46.0,124.343,194679381173.0
12.198,0.0,90246.0,5073.0,46.0,124.339,194679393563.0
12.314,0.0,90246.0,5073.0,46.0,124.338,194679406013.0
12.398,0.0,90246.0,5073.0,46.0,124.339,194679418393.0
12.498,0.0,90246.0,5073.0,46.0,124.301,194679430847.0
12.614,0.0,90246.0,5073.0,46.0,124.269,194679443233.0
12.698,0.0,90246.0,5073.0,46.0,124.273,194679455701.0
12.798,0.0,90246.0,5073.0,46.0,124.271,194679468070.0
12.913,0.0,90246.0,5073.0,46.0,124.254,194679480523.0
12.998,0.0,90246.0,5073.0,46.0,124.27,194679492917.0
13.098,0.0,90246.0,5073.0,46.0,124.266,194679505383.0
13.217,0.0,90246.0,5073.0,46.0,124.275,194679517752.0
13.308,0.0,90246.0,5073.0,46.0,124.257,194679530220.0
13.398,0.0,90246.0,5073.0,46.0,124.266,194679542603.0
13.498,0.0,90246.0,5073.0,46.0,124.233,194679542603.0
13.612,0.0,90246.0,5073.0,46.0,124.26,194679555051.0
13.701,0.0,90246.0,5073.0,46.0,124.255,194679567413.0
13.798,0.0,90246.0,5073.0,46.0,124.317,194679579898.0
13.898,0.0,90246.0,5073.0,46.0,124.299,194679592289.0
14.005,0.0,90246.0,5073.0,46.0,124.289,194679617149.0
14.098,0.0,90246.0,5073.0,46.0,124.265,194679629586.0
14.198,0.0,90246.0,5073.0,46.0,124.301,194679641982.0
14.298,0.0,90246.0,5073.0,46.0,124.266,194679654449.0
14.407,0.0,90246.0,5073.0,46.0,124.298,194679666825.0
14.498,0.0,90246.0,5073.0,46.0,124.279,194679679292.0
14.660,0.0,90246.0,5073.0,46.0,124.265,194679704149.0
14.769,0.0,90246.0,5073.0,46.0,124.293,194679716529.0
14.884,0.0,90246.0,5073.0,46.0,124.273,194679729006.0
14.967,0.0,90246.0,5073.0,46.0,124.299,194679741383.0
14.998,0.0,90246.0,5073.0,46.0,124.299,194679741383.0
15.098,0.0,90246.0,5073.0,46.0,124.296,194679753846.0
15.205,0.0,90246.0,5073.0,46.0,124.29,194679766232.0
15.298,0.0,90246.0,5073.0,46.0,124.312,194679778685.0
15.412,0.0,90246.0,5073.0,46.0,124.345,194679791087.0
15.499,0.0,90246.0,5073.0,46.0,124.347,194679803554.0
15.598,0.0,90246.0,5073.0,46.0,124.336,194679815937.0
15.697,0.0,90246.0,5073.0,46.0,124.35,194679828413.0
15.812,0.0,90246.0,5073.0,46.0,124.346,194679840801.0
15.900,0.0,90246.0,5073.0,46.0,124.301,194679853256.0
15.998,0.0,90246.0,5073.0,46.0,124.328,194679865638.0
16.097,0.0,90246.0,5073.0,46.0,124.297,194679878087.0
16.198,0.0,90246.0,5073.0,46.0,124.297,194679890447.0
16.298,0.0,90246.0,5073.0,46.0,124.308,194679890447.0
16.398,0.0,90246.0,5073.0,46.0,124.254,194679902878.0
16.513,0.0,90246.0,5073.0,46.0,124.227,194679915242.0
16.598,0.0,90246.0,5073.0,46.0,124.236,194679927707.0
16.699,0.0,90246.0,5073.0,46.0,124.242,194679940101.0
16.816,0.0,90246.0,5073.0,46.0,124.226,194679964946.0
16.901,0.0,90246.0,5073.0,46.0,124.232,194679977383.0
16.998,0.0,90246.0,5073.0,46.0,124.252,194679989795.0
17.101,0.0,90246.0,5073.0,46.0,124.285,194680002236.0
17.198,0.0,90246.0,5073.0,46.0,124.249,194680014620.0
17.297,0.0,90246.0,5073.0,46.0,124.287,194680027062.0
17.397,0.0,90246.0,5073.0,46.0,124.238,194680039437.0
17.512,0.0,90246.0,5073.0,46.0,124.284,194680051872.0
17.598,0.0,90246.0,5073.0,46.0,124.197,194680064257.0
17.698,4.0,90248.0,5071.0,49.0,125.261,194680107188.0
17.808,4.0,90248.0,5071.0,56.0,182.165,194680176554.0
17.898,100.0,90248.0,5071.0,59.0,234.889,194680243294.0
18.012,100.0,90248.0,5071.0,60.0,292.821,194680314920.0
18.100,100.0,90248.0,5071.0,61.0,349.882,194680381503.0
18.196,100.0,90248.0,5071.0,60.0,403.895,194680421222.0
18.314,21.0,90248.0,5071.0,53.0,407.179,194680434271.0
18.400,21.0,90248.0,5071.0,52.0,407.979,194680447112.0
18.497,0.0,90248.0,5071.0,50.0,408.373,194680459941.0
18.596,0.0,90248.0,5071.0,50.0,408.768,194680472669.0
18.715,0.0,90248.0,5071.0,49.0,407.727,194680472669.0
18.798,0.0,90248.0,5071.0,49.0,358.616,194680485379.0
18.897,0.0,90248.0,5071.0,48.0,305.615,194680498075.0
18.996,0.0,90248.0,5071.0,48.0,251.318,194680510641.0
19.106,0.0,90248.0,5071.0,48.0,188.307,194680535848.0
19.196,0.0,90248.0,5071.0,48.0,140.815,194680548396.0
19.316,0.0,90248.0,5071.0,47.0,127.021,194680560923.0
19.402,0.0,90248.0,5071.0,47.0,126.57,194680573434.0
19.497,0.0,90248.0,5071.0,47.0,126.236,194680585953.0
19.597,0.0,90248.0,5071.0,47.0,125.953,194680598428.0
19.698,0.0,90248.0,5071.0,47.0,125.746,194680610910.0
19.797,0.0,90248.0,5071.0,47.0,125.527,194680623383.0
19.896,0.0,90248.0,5071.0,47.0,125.389,194680635881.0
20.004,0.0,90248.0,5071.0,47.0,125.246,194680648348.0
20.098,0.0,90248.0,5071.0,47.0,125.142,194680660833.0
20.198,0.0,90248.0,5071.0,47.0,125.009,194680673293.0
20.312,0.0,90248.0,5071.0,47.0,124.961,194680685781.0
20.398,0.0,90248.0,5071.0,46.0,124.921,194680698250.0
20.498,0.0,90248.0,5071.0,55.0,156.472,194680719716.0
20.610,100.0,90248.0,5071.0,59.0,224.068,194680786034.0
20.699,100.0,90248.0,5071.0,60.0,267.516,194680852468.0
20.797,100.0,90248.0,5071.0,61.0,325.906,194680921749.0
20.908,100.0,90248.0,5071.0,63.0,378.719,194680989995.0
20.998,92.0,90248.0,5071.0,63.0,434.988,194681057007.0
21.098,92.0,90248.0,5071.0,63.0,434.988,194681057007.0
21.198,92.0,90248.0,5071.0,64.0,492.498,194681126160.0
21.309,100.0,90248.0,5071.0,64.0,548.527,194681193035.0
21.398,100.0,90248.0,5071.0,66.0,603.462,194681261334.0
21.497,100.0,90248.0,5071.0,65.0,663.547,194681399030.0
21.605,100.0,90252.0,5067.0,63.0,674.746,194681440541.0
21.697,72.0,90252.0,5067.0,59.0,641.313,194681474169.0
21.811,72.0,90252.0,5067.0,58.0,606.265,194681505719.0
21.898,74.0,90252.0,5067.0,57.0,566.618,194681534748.0
21.997,74.0,90252.0,5067.0,56.0,535.451,194681562656.0
22.105,74.0,90252.0,5067.0,56.0,489.444,194681594118.0
22.198,74.0,90252.0,5067.0,56.0,451.829,194681628645.0
22.312,73.0,90252.0,5067.0,56.0,420.273,194681660830.0
22.398,73.0,90252.0,5067.0,55.0,387.702,194681689170.0
22.497,70.0,90252.0,5067.0,55.0,342.338,194681721700.0
22.608,70.0,90252.0,5067.0,54.0,318.778,194681758700.0
22.698,72.0,90252.0,5067.0,54.0,308.417,194681786524.0
22.798,69.0,90252.0,5067.0,54.0,310.199,194681811044.0
22.898,69.0,90252.0,5067.0,53.0,305.046,194681846394.0
22.998,70.0,90252.0,5067.0,53.0,304.472,194681867970.0
23.100,70.0,90252.0,5067.0,52.0,288.129,194681888705.0
23.196,68.0,90252.0,5067.0,52.0,282.201,194681907433.0
23.296,68.0,90252.0,5067.0,52.0,282.201,194681933697.0
23.401,68.0,90252.0,5067.0,52.0,268.465,194681933697.0
23.498,62.0,90252.0,5067.0,51.0,258.166,194681951402.0
23.609,62.0,90252.0,5067.0,51.0,253.353,194681975496.0
23.698,66.0,90252.0,5067.0,51.0,246.751,194682003845.0
23.798,66.0,90252.0,5067.0,51.0,236.756,194682045995.0
23.898,65.0,90252.0,5067.0,51.0,230.984,194682066750.0
24.001,65.0,90252.0,5067.0,50.0,221.858,194682088666.0
24.097,64.0,90252.0,5067.0,50.0,221.341,194682110369.0
24.214,64.0,90252.0,5067.0,50.0,223.035,194682128931.0
24.298,37.0,90252.0,5067.0,49.0,215.17,194682141801.0
24.396,37.0,90252.0,5067.0,49.0,205.13,194682154612.0
24.502,0.0,90252.0,5067.0,49.0,201.643,194682167427.0
24.598,0.0,90252.0,5067.0,48.0,184.51,194682180278.0
24.713,0.0,90252.0,5067.0,48.0,171.496,194682193073.0
24.798,0.0,90252.0,5067.0,48.0,164.986,194682205899.0
24.916,0.0,90252.0,5067.0,48.0,154.741,194682218671.0
24.999,0.0,90252.0,5067.0,48.0,147.793,194682231499.0
25.098,0.0,90252.0,5067.0,48.0,139.069,194682244231.0
25.210,0.0,90252.0,5067.0,47.0,128.025,194682257031.0
25.298,0.0,90252.0,5067.0,47.0,128.005,194682269755.0
25.398,0.0,90252.0,5067.0,47.0,127.96,194682282539.0
25.509,0.0,90252.0,5067.0,51.0,153.135,194682297939.0
25.598,87.0,90252.0,5067.0,58.0,211.666,194682352363.0
25.714,87.0,90252.0,5067.0,60.0,265.312,194682422846.0
25.798,100.0,90252.0,5067.0,61.0,320.068,194682489348.0
25.898,100.0,90252.0,5067.0,61.0,320.068,194682489348.0
26.002,100.0,90252.0,5067.0,63.0,375.247,194682556275.0
26.098,100.0,90252.0,5067.0,63.0,417.226,194682627204.0
26.209,100.0,90252.0,5067.0,64.0,481.579,194682690107.0
26.298,100.0,90252.0,5067.0,65.0,531.516,194682827217.0
26.397,100.0,90252.0,5067.0,65.0,592.88,194682894164.0
26.514,100.0,90252.0,5067.0,66.0,650.934,194682964064.0
26.598,100.0,90252.0,5067.0,66.0,679.456,194683026738.0
26.698,92.0,90252.0,5067.0,66.0,672.814,194683095577.0
26.806,92.0,90252.0,5067.0,67.0,674.338,194683162922.0
26.898,100.0,90252.0,5067.0,67.0,674.577,194683232169.0
27.001,100.0,90252.0,5067.0,67.0,676.4,194683289715.0
27.110,87.0,90252.0,5067.0,62.0,643.079,194683324066.0
27.198,87.0,90252.0,5067.0,60.0,607.576,194683346688.0
27.298,71.0,90252.0,5067.0,59.0,565.677,194683382697.0
27.398,71.0,90252.0,5067.0,58.0,532.176,194683412344.0
27.498,74.0,90252.0,5067.0,57.0,462.155,194683446913.0
27.598,74.0,90252.0,5067.0,57.0,435.612,194683479708.0
27.701,74.0,90252.0,5067.0,56.0,397.085,194683509747.0
27.798,69.0,90252.0,5067.0,56.0,362.14,194683541568.0
27.909,69.0,90252.0,5067.0,56.0,323.193,194683571542.0
27.998,69.0,90252.0,5067.0,56.0,323.193,194683571542.0
28.098,72.0,90252.0,5067.0,55.0,306.535,194683598345.0
28.198,72.0,90252.0,5067.0,55.0,307.382,194683623955.0
28.298,72.0,90252.0,5067.0,55.0,317.148,194683653518.0
28.405,72.0,90252.0,5067.0,54.0,304.168,194683709197.0
28.498,71.0,90252.0,5067.0,54.0,295.307,194683734358.0
28.615,71.0,90252.0,5067.0,53.0,284.732,194683758063.0
28.698,67.0,90252.0,5067.0,53.0,279.795,194683784160.0
28.798,67.0,90252.0,5067.0,52.0,276.603,194683809968.0
28.900,68.0,90252.0,5067.0,52.0,262.397,194683829243.0
28.998,68.0,90252.0,5067.0,52.0,253.261,194683847722.0
29.107,67.0,90252.0,5067.0,51.0,245.824,194683864191.0
29.198,67.0,90252.0,5067.0,50.0,230.716,194683877104.0
29.298,0.0,90252.0,5067.0,50.0,210.767,194683889987.0
29.404,0.0,90252.0,5067.0,49.0,186.967,194683902922.0
29.497,0.0,90252.0,5067.0,49.0,176.867,194683915813.0
29.611,52.0,90252.0,5067.0,56.0,204.092,194683942362.0
29.698,52.0,90252.0,5067.0,60.0,246.632,194684002422.0
29.798,52.0,90252.0,5067.0,60.0,246.632,194684002422.0
29.898,100.0,90252.0,5067.0,62.0,291.3,194684071245.0
30.015,100.0,90252.0,5067.0,63.0,339.063,194684137989.0
30.098,100.0,90252.0,5067.0,64.0,390.005,194684206795.0
30.214,100.0,90252.0,5067.0,62.0,441.374,194684338023.0
30.298,93.0,90252.0,5067.0,65.0,497.679,194684405157.0
30.398,93.0,90252.0,5067.0,66.0,542.554,194684474857.0
30.505,100.0,90252.0,5067.0,66.0,598.426,194684542775.0
30.598,100.0,90252.0,5067.0,67.0,662.424,194684612550.0
30.704,100.0,90252.0,5067.0,67.0,671.845,194684676503.0
30.798,100.0,90252.0,5067.0,67.0,670.701,194684745591.0
30.909,100.0,90252.0,5067.0,68.0,672.989,194684815250.0
30.998,100.0,90252.0,5067.0,68.0,673.82,194684885076.0
31.111,100.0,90252.0,5067.0,68.0,677.634,194684945403.0
31.198,100.0,90252.0,5067.0,62.0,645.234,194684969646.0
31.300,71.0,90252.0,5067.0,61.0,605.797,194685005741.0
31.398,74.0,90252.0,5067.0,59.0,534.63,194685038091.0
31.498,74.0,90252.0,5067.0,58.0,502.078,194685069467.0
31.608,74.0,90252.0,5067.0,58.0,463.347,194685098154.0
31.698,74.0,90252.0,5067.0,57.0,433.467,194685129905.0
31.798,69.0,90252.0,5067.0,57.0,396.072,194685160684.0
31.902,69.0,90252.0,5067.0,57.0,396.072,194685194705.0
31.998,69.0,90252.0,5067.0,57.0,359.528,194685194705.0
32.112,73.0,90252.0,5067.0,56.0,322.776,194685225871.0
32.198,73.0,90252.0,5067.0,56.0,307.832,194685255651.0
32.298,73.0,90252.0,5067.0,56.0,308.44,194685282120.0
32.404,73.0,90252.0,5067.0,55.0,299.779,194685332133.0
32.498,71.0,90252.0,5067.0,54.0,288.919,194685354421.0
32.608,71.0,90252.0,5067.0,54.0,279.536,194685378116.0
32.698,69.0,90252.0,5067.0,53.0,279.961,194685405805.0
32.798,69.0,90252.0,5067.0,53.0,276.332,194685438280.0
32.913,68.0,90252.0,5067.0,53.0,271.679,194685463628.0
33.000,68.0,90252.0,5067.0,52.0,268.667,194685489513.0
33.098,66.0,90252.0,5067.0,52.0,253.689,194685510530.0
33.216,66.0,90252.0,5067.0,52.0,251.107,194685531856.0
33.298,65.0,90252.0,5067.0,51.0,243.944,194685552689.0
33.398,65.0,90252.0,5067.0,51.0,241.917,194685573695.0
33.515,64.0,90252.0,5067.0,51.0,242.595,194685596871.0
33.598,64.0,90252.0,5067.0,51.0,245.053,194685619033.0
33.698,58.0,90252.0,5067.0,50.0,231.7,194685632960.0
33.813,58.0,90252.0,5067.0,50.0,213.536,194685645716.0
33.904,0.0,90252.0,5067.0,49.0,200.94,194685658503.0
33.996,0.0,90252.0,5067.0,49.0,186.792,194685671282.0
34.101,0.0,90252.0,5067.0,49.0,179.34,194685684023.0
34.200,0.0,90252.0,5067.0,51.0,178.205,194685716413.0
34.298,72.0,90252.0,5067.0,58.0,216.181,194685716413.0
34.398,72.0,90252.0,5067.0,60.0,263.141,194685784025.0
34.503,100.0,90252.0,5067.0,62.0,308.003,194685920516.0
34.598,100.0,90252.0,5067.0,63.0,354.863,194685990768.0
34.698,100.0,90252.0,5067.0,64.0,410.027,194686056488.0
34.804,100.0,90252.0,5067.0,65.0,463.04,194686124978.0
34.898,100.0,90252.0,5067.0,65.0,519.372,194686193554.0
34.998,100.0,90252.0,5067.0,66.0,574.91,194686263536.0
35.097,100.0,90252.0,5067.0,66.0,635.206,194686333464.0
35.215,100.0,90252.0,5067.0,67.0,681.251,194686399889.0
35.298,88.0,90252.0,5067.0,67.0,689.625,194686471610.0
35.398,88.0,90252.0,5067.0,67.0,688.82,194686536711.0
35.512,100.0,90252.0,5067.0,67.0,687.112,194686605382.0
35.601,100.0,90252.0,5067.0,68.0,687.269,194686674399.0
35.698,100.0,90252.0,5067.0,65.0,672.155,194686715336.0
35.815,74.0,90252.0,5067.0,60.0,593.728,194686744963.0
35.903,74.0,90252.0,5067.0,59.0,560.641,194686772010.0
35.998,71.0,90252.0,5067.0,59.0,512.21,194686800847.0
36.100,71.0,90252.0,5067.0,59.0,512.21,194686828591.0
36.201,71.0,90252.0,5067.0,58.0,479.698,194686828591.0
36.298,75.0,90252.0,5067.0,57.0,442.735,194686862963.0
36.415,75.0,90252.0,5067.0,57.0,408.849,194686901429.0
36.502,73.0,90252.0,5067.0,57.0,381.583,194686964302.0
36.599,73.0,90252.0,5067.0,56.0,345.112,194687001142.0
36.712,69.0,90252.0,5067.0,56.0,313.912,194687034530.0
36.799,69.0,90252.0,5067.0,56.0,318.426,194687066946.0
36.899,72.0,90252.0,5067.0,55.0,329.028,194687107136.0
36.998,72.0,90252.0,5067.0,55.0,332.348,194687134401.0
37.116,68.0,90252.0,5067.0,54.0,329.205,194687161559.0
37.204,68.0,90252.0,5067.0,54.0,325.25,194687187345.0
37.298,69.0,90252.0,5067.0,54.0,314.225,194687211675.0
37.398,69.0,90252.0,5067.0,53.0,304.047,194687237887.0
37.504,68.0,90252.0,5067.0,53.0,305.206,194687269047.0
37.598,68.0,90252.0,5067.0,52.0,292.149,194687286742.0
37.698,65.0,90252.0,5067.0,52.0,279.527,194687310772.0
37.798,65.0,90252.0,5067.0,52.0,271.076,194687336297.0
37.909,66.0,90252.0,5067.0,52.0,263.702,194687366654.0
37.998,66.0,90252.0,5067.0,51.0,251.988,194687388862.0
38.098,66.0,90252.0,5067.0,51.0,250.712,194687407748.0
38.198,66.0,90252.0,5067.0,51.0,244.81,194687428974.0
38.306,64.0,90252.0,5067.0,51.0,239.976,194687448929.0
38.400,64.0,90252.0,5067.0,51.0,237.743,194687466988.0
38.506,17.0,90252.0,5067.0,50.0,218.778,194687479784.0
38.598,17.0,90252.0,5067.0,49.0,210.217,194687479784.0
38.715,0.0,90252.0,5067.0,49.0,203.748,194687492436.0
38.804,0.0,90252.0,5067.0,49.0,186.495,194687505167.0
38.898,0.0,90252.0,5067.0,53.0,187.506,194687517793.0
39.012,0.0,90252.0,5067.0,59.0,223.819,194687624230.0
39.098,100.0,90252.0,5067.0,60.0,270.371,194687693907.0
39.198,100.0,90252.0,5067.0,63.0,317.621,194687761110.0
39.298,100.0,90252.0,5067.0,63.0,360.985,194687828386.0
39.400,100.0,90252.0,5067.0,65.0,411.66,194687897321.0
39.498,92.0,90252.0,5067.0,64.0,467.181,194687966249.0
39.609,92.0,90252.0,5067.0,66.0,512.302,194688034816.0
39.698,100.0,90252.0,5067.0,66.0,577.468,194688103035.0
39.815,100.0,90252.0,5067.0,67.0,621.409,194688171978.0
39.902,100.0,90252.0,5067.0,67.0,669.924,194688239701.0
39.998,100.0,90252.0,5067.0,66.0,678.235,194688305271.0
40.098,100.0,90252.0,5067.0,67.0,678.461,194688374879.0
40.203,100.0,90252.0,5067.0,68.0,679.562,194688444676.0
40.298,100.0,90252.0,5067.0,68.0,681.472,194688508992.0
40.398,100.0,90252.0,5067.0,62.0,654.238,194688541683.0
40.498,70.0,90252.0,5067.0,61.0,622.898,194688581153.0
40.611,70.0,90252.0,5067.0,60.0,590.482,194688615165.0
40.698,71.0,90252.0,5067.0,59.0,546.209,194688643242.0
40.798,71.0,90252.0,5067.0,59.0,546.209,194688643242.0
40.898,72.0,90252.0,5067.0,57.0,476.062,194688674776.0
41.011,72.0,90252.0,5067.0,57.0,446.895,194688708403.0
41.103,73.0,90252.0,5067.0,57.0,406.913,194688741732.0
41.198,73.0,90252.0,5067.0,57.0,374.902,194688807290.0
41.298,70.0,90252.0,5067.0,57.0,337.381,194688838649.0
41.398,70.0,90252.0,5067.0,56.0,328.597,194688871515.0
41.508,71.0,90252.0,5067.0,56.0,321.854,194688899028.0
41.608,71.0,90252.0,5067.0,56.0,311.197,194688925960.0
41.698,72.0,90252.0,5067.0,55.0,307.567,194688950434.0
41.798,72.0,90252.0,5067.0,54.0,302.675,194688976153.0
41.902,69.0,90252.0,5067.0,54.0,292.94,194688997291.0
41.998,69.0,90252.0,5067.0,53.0,286.968,194689025596.0
42.100,66.0,90252.0,5067.0,53.0,279.861,194689050923.0
42.205,66.0,90252.0,5067.0,53.0,276.165,194689081206.0
42.298,69.0,90252.0,5067.0,52.0,265.642,194689100013.0
42.398,69.0,90252.0,5067.0,52.0,253.293,194689118941.0
42.516,66.0,90252.0,5067.0,52.0,243.896,194689143684.0
42.604,66.0,90252.0,5067.0,52.0,245.014,194689167264.0
42.699,47.0,90252.0,5067.0,51.0,231.54,194689180605.0
42.798,47.0,90252.0,5067.0,50.0,222.355,194689193537.0
42.898,0.0,90252.0,5067.0,50.0,211.782,194689206446.0
43.012,0.0,90252.0,5067.0,49.0,197.631,194689219475.0
43.102,0.0,90252.0,5067.0,49.0,208.489,194689237731.0
43.203,0.0,90252.0,5067.0,49.0,208.489,194689237731.0
43.298,94.0,90252.0,5067.0,55.0,257.914,194689296362.0
43.398,94.0,90252.0,5067.0,61.0,306.903,194689364982.0
43.497,100.0,90252.0,5067.0,63.0,351.341,194689433111.0
43.613,100.0,90252.0,5067.0,64.0,393.53,194689570374.0
43.706,100.0,90252.0,5067.0,63.0,444.009,194689634275.0
43.798,100.0,90252.0,5067.0,66.0,500.408,194689702973.0
43.899,100.0,90252.0,5067.0,66.0,555.579,194689771017.0
44.010,100.0,90252.0,5067.0,67.0,614.161,194689841335.0
44.102,100.0,90252.0,5067.0,67.0,664.609,194689908489.0
44.199,100.0,90252.0,5067.0,65.0,680.028,194689976111.0
44.298,92.0,90252.0,5067.0,68.0,679.363,194690045289.0
44.398,92.0,90252.0,5067.0,69.0,679.338,194690113436.0
44.501,100.0,90252.0,5067.0,66.0,666.437,194690158763.0
44.610,100.0,90252.0,5067.0,62.0,632.293,194690196254.0
44.698,74.0,90252.0,5067.0,60.0,607.454,194690234482.0
44.798,74.0,90252.0,5067.0,60.0,575.118,194690268494.0
44.898,71.0,90252.0,5067.0,59.0,535.137,194690301629.0
45.021,71.0,90252.0,5067.0,59.0,502.919,194690337569.0
45.100,73.0,90252.0,5067.0,58.0,474.46,194690337569.0
45.199,73.0,90252.0,5067.0,57.0,439.602,194690372727.0
45.298,72.0,90252.0,5067.0,57.0,402.635,194690405161.0
45.400,72.0,90252.0,5067.0,57.0,369.826,194690434201.0
45.498,72.0,90252.0,5067.0,57.0,339.396,194690500752.0
45.598,72.0,90252.0,5067.0,56.0,332.533,194690527700.0
45.710,72.0,90252.0,5067.0,56.0,316.927,194690549879.0
45.799,72.0,90252.0,5067.0,55.0,306.535,194690575883.0
45.898,70.0,90252.0,5067.0,55.0,300.554,194690601242.0
46.014,70.0,90252.0,5067.0,54.0,295.129,194690631886.0
46.098,69.0,90252.0,5067.0,54.0,282.212,194690655482.0
46.197,69.0,90252.0,5067.0,53.0,274.989,194690679503.0
46.311,67.0,90252.0,5067.0,53.0,263.814,194690700499.0
46.398,67.0,90252.0,5067.0,53.0,255.838,194690723826.0
46.499,66.0,90252.0,5067.0,52.0,245.067,194690745377.0
46.598,66.0,90252.0,5067.0,52.0,241.658,194690769094.0
46.705,63.0,90252.0,5067.0,52.0,241.572,194690790205.0
46.798,63.0,90252.0,5067.0,52.0,235.86,194690810081.0
46.915,63.0,90252.0,5067.0,51.0,227.531,194690824862.0
47.000,63.0,90252.0,5067.0,50.0,214.216,194690837665.0
47.098,0.0,90252.0,5067.0,50.0,197.809,194690850406.0
47.197,0.0,90252.0,5067.0,50.0,190.59,194690867826.0
47.310,40.0,90252.0,5067.0,51.0,191.08,194690890102.0
47.398,40.0,90252.0,5067.0,54.0,203.549,194690890102.0
47.498,40.0,90252.0,5067.0,54.0,203.549,194690935403.0
47.613,85.0,90252.0,5067.0,60.0,252.124,194691003307.0
47.698,100.0,90252.0,5067.0,63.0,335.535,194691135303.0
47.797,100.0,90252.0,5067.0,63.0,335.535,194691201157.0
47.906,100.0,90252.0,5067.0,64.0,379.914,194691264894.0
47.998,100.0,90252.0,5067.0,62.0,432.47,194691333009.0
48.101,100.0,90252.0,5067.0,66.0,486.603,194691401615.0
48.200,100.0,90252.0,5067.0,66.0,542.944,194691470493.0
48.299,100.0,90252.0,5067.0,67.0,595.841,194691541280.0
48.399,100.0,90252.0,5067.0,68.0,646.242,194691604813.0
48.506,100.0,90252.0,5067.0,68.0,670.924,194691675114.0
48.598,91.0,90252.0,5067.0,68.0,673.713,194691740295.0
48.714,91.0,90252.0,5067.0,69.0,676.041,194691774890.0
48.799,90.0,90252.0,5067.0,63.0,644.872,194691803543.0
48.898,90.0,90252.0,5067.0,61.0,609.203,194691831870.0
48.998,71.0,90252.0,5067.0,60.0,569.957,194691868148.0
49.117,71.0,90252.0,5067.0,59.0,542.053,194691899167.0
49.203,71.0,90252.0,5067.0,59.0,499.475,194691933648.0
49.313,71.0,90252.0,5067.0,58.0,471.62,194691963928.0
49.402,73.0,90252.0,5067.0,58.0,431.466,194691995895.0
49.498,73.0,90252.0,5067.0,57.0,397.975,194692022262.0
49.608,73.0,90252.0,5067.0,57.0,359.542,194692022262.0
49.698,73.0,90252.0,5067.0,57.0,322.756,194692053768.0
49.798,72.0,90252.0,5067.0,57.0,299.474,194692082163.0
49.899,71.0,90252.0,5067.0,56.0,300.414,194692105018.0
49.998,71.0,90252.0,5067.0,55.0,297.079,194692164486.0
50.098,72.0,90252.0,5067.0,55.0,290.634,194692190018.0
50.198,72.0,90252.0,5067.0,54.0,279.133,194692213258.0
50.298,68.0,90252.0,5067.0,54.0,273.705,194692237890.0
50.407,68.0,90252.0,5067.0,54.0,263.0,194692258849.0
50.498,67.0,90252.0,5067.0,53.0,254.86,194692279216.0
50.598,67.0,90252.0,5067.0,53.0,246.075,194692299422.0
50.698,67.0,90252.0,5067.0,53.0,236.83,194692316469.0
50.810,67.0,90252.0,5067.0,52.0,228.938,194692333839.0
50.902,65.0,90252.0,5067.0,52.0,228.175,194692357014.0
50.998,65.0,90252.0,5067.0,52.0,216.668,194692378494.0
51.098,65.0,90252.0,5067.0,52.0,214.053,194692400632.0
51.197,65.0,90252.0,5067.0,52.0,210.083,194692422268.0
51.298,65.0,90252.0,5067.0,51.0,209.487,194692445001.0
51.398,65.0,90252.0,5067.0,51.0,204.246,194692460203.0
51.504,0.0,90252.0,5067.0,50.0,201.49,194692480671.0
51.598,0.0,90252.0,5067.0,58.0,243.286,194692552447.0
51.698,100.0,90252.0,5067.0,61.0,296.598,194692619451.0
51.813,100.0,90252.0,5067.0,61.0,296.598,194692689561.0
51.898,100.0,90252.0,5067.0,63.0,343.958,194692689561.0
52.003,95.0,90252.0,5067.0,58.0,359.455,194692715836.0
52.098,95.0,90252.0,5067.0,56.0,359.917,194692738082.0
52.198,69.0,90252.0,5067.0,55.0,363.026,194692762829.0
52.298,69.0,90252.0,5067.0,54.0,362.574,194692785131.0
52.398,69.0,90252.0,5067.0,54.0,372.849,194692831999.0
52.498,67.0,90252.0,5067.0,53.0,378.011,194692857035.0
52.598,67.0,90252.0,5067.0,53.0,334.951,194692877808.0
52.711,68.0,90252.0,5067.0,53.0,287.768,194692902194.0
52.798,68.0,90252.0,5067.0,53.0,235.191,194692926229.0
52.896,68.0,90252.0,5067.0,53.0,232.036,194692948152.0
52.998,68.0,90252.0,5067.0,52.0,233.792,194692970887.0
53.098,68.0,90252.0,5067.0,52.0,238.985,194693002127.0
53.198,68.0,90252.0,5067.0,52.0,238.03,194693023787.0
53.309,67.0,90252.0,5067.0,52.0,241.138,194693049021.0
53.398,67.0,90252.0,5067.0,52.0,236.122,194693069082.0
53.498,67.0,90252.0,5067.0,51.0,229.17,194693086863.0
53.610,67.0,90252.0,5067.0,51.0,234.862,194693114135.0
53.698,66.0,90252.0,5067.0,51.0,230.783,194693133408.0
53.798,66.0,90252.0,5067.0,51.0,227.964,194693155278.0
53.901,66.0,90252.0,5067.0,51.0,231.635,194693179903.0
53.998,66.0,90252.0,5067.0,51.0,230.895,194693201916.0
54.113,63.0,90252.0,5067.0,51.0,223.668,194693223640.0
54.199,63.0,90252.0,5067.0,51.0,219.075,194693242011.0
54.298,16.0,90252.0,5067.0,50.0,205.912,194693254668.0
54.414,16.0,90252.0,5067.0,49.0,197.841,194693254668.0
54.502,0.0,90252.0,5067.0,49.0,193.141,194693267406.0
54.598,0.0,90252.0,5067.0,49.0,178.497,194693280080.0
54.698,0.0,90252.0,5067.0,49.0,173.85,194693292800.0
54.799,0.0,90252.0,5067.0,49.0,162.941,194693305412.0
54.898,0.0,90252.0,5067.0,48.0,150.468,194693330681.0
54.998,0.0,90252.0,5067.0,48.0,141.167,194693343323.0
55.112,0.0,90252.0,5067.0,48.0,133.808,194693355908.0
55.212,0.0,90252.0,5067.0,48.0,126.632,194693368522.0
55.302,0.0,90252.0,5067.0,48.0,126.486,194693381128.0
55.398,0.0,90252.0,5067.0,48.0,126.369,194693393745.0
55.514,0.0,90252.0,5067.0,48.0,126.285,194693406340.0
55.602,0.0,90252.0,5067.0,48.0,126.151,194693418913.0
55.699,0.0,90252.0,5067.0,48.0,126.135,194693431500.0
55.798,0.0,90252.0,5067.0,48.0,126.05,194693444051.0
55.911,0.0,90252.0,5067.0,48.0,126.004,194693456635.0
55.998,0.0,90252.0,5067.0,48.0,125.919,194693469174.0
56.099,0.0,90252.0,5067.0,48.0,125.891,194693481745.0
56.198,0.0,90252.0,5067.0,48.0,125.83,194693494263.0
56.310,0.0,90252.0,5067.0,48.0,125.762,194693506818.0
56.398,0.0,90252.0,5067.0,48.0,125.677,194693519327.0
56.499,0.0,90252.0,5067.0,48.0,125.635,194693531904.0
56.598,0.0,90252.0,5067.0,47.0,125.602,194693544420.0
56.708,0.0,90252.0,5067.0,47.0,125.539,194693556983.0
56.798,0.0,90252.0,5067.0,47.0,125.498,194693569472.0
56.898,0.0,90252.0,5067.0,47.0,125.487,194693582046.0
57.007,0.0,90252.0,5067.0,47.0,125.422,194693594535.0
57.104,0.0,90252.0,5067.0,47.0,125.422,194693607090.0
57.198,0.0,90252.0,5067.0,47.0,125.419,194693607090.0
57.298,0.0,90252.0,5067.0,47.0,125.372,194693619624.0
57.407,0.0,90252.0,5067.0,47.0,125.385,194693632130.0
57.498,0.0,90252.0,5067.0,47.0,125.356,194693644623.0
57.599,0.0,90252.0,5067.0,47.0,125.374,194693657206.0
57.705,0.0,90252.0,5067.0,47.0,125.366,194693682286.0
57.798,0.0,90252.0,5067.0,47.0,125.368,194693694776.0
57.898,0.0,90252.0,5067.0,47.0,125.388,194693707373.0
58.005,0.0,90252.0,5067.0,47.0,125.398,194693719847.0
58.098,0.0,90252.0,5067.0,47.0,125.422,194693732419.0
58.198,0.0,90252.0,5067.0,47.0,125.426,194693744925.0
58.303,0.0,90252.0,5067.0,47.0,125.453,194693757500.0
58.406,0.0,90252.0,5067.0,47.0,125.436,194693769992.0
58.498,0.0,90252.0,5067.0,47.0,125.425,194693782560.0
58.604,0.0,90252.0,5067.0,47.0,125.392,194693795031.0
58.698,0.0,90252.0,5067.0,47.0,125.422,194693807618.0
58.814,0.0,90252.0,5067.0,47.0,125.437,194693820122.0
58.898,0.0,90252.0,5067.0,47.0,125.373,194693832664.0
58.998,0.0,90252.0,5067.0,47.0,125.362,194693845154.0
59.110,0.0,90252.0,5067.0,47.0,125.359,194693857722.0
59.198,0.0,90252.0,5067.0,47.0,125.344,194693870207.0
59.297,0.0,90252.0,5067.0,47.0,125.322,194693882761.0
59.403,0.0,90252.0,5067.0,47.0,125.341,194693895265.0
59.498,0.0,90252.0,5067.0,47.0,125.3,194693907800.0
59.598,0.0,90252.0,5067.0,47.0,125.302,194693920292.0
59.710,0.0,90252.0,5067.0,47.0,125.25,194693932828.0
59.798,0.0,90252.0,5067.0,47.0,125.242,194693945336.0
59.899,0.0,90252.0,5067.0,47.0,125.211,194693957841.0
60.010,0.0,90252.0,5067.0,47.0,125.227,194693957841.0
60.100,0.0,90252.0,5067.0,47.0,125.188,194693970343.0
60.198,0.0,90252.0,5067.0,47.0,125.2,194693982862.0
60.311,0.0,90252.0,5067.0,47.0,125.199,194693995388.0
60.398,0.0,90252.0,5067.0,47.0,125.179,194694007892.0
60.498,0.0,90252.0,5067.0,47.0,125.147,194694032903.0
60.611,0.0,90252.0,5067.0,47.0,125.171,194694045408.0
60.698,0.0,90252.0,5067.0,47.0,125.15,194694057889.0
60.798,0.0,90252.0,5067.0,47.0,125.15,194694070410.0
60.906,0.0,90252.0,5067.0,47.0,125.14,194694082902.0
60.998,0.0,90252.0,5067.0,47.0,125.162,194694095430.0
61.098,0.0,90252.0,5067.0,47.0,125.157,194694107923.0
61.209,0.0,90252.0,5067.0,47.0,125.157,194694120468.0
61.298,0.0,90252.0,5067.0,47.0,125.153,194694132946.0
61.398,0.0,90252.0,5067.0,47.0,125.125,194694145449.0
61.512,0.0,90252.0,5067.0,47.0,125.147,194694157940.0
61.598,0.0,90252.0,5067.0,47.0,125.165,194694170466.0
61.698,0.0,90252.0,5067.0,47.0,125.12,194694182924.0
61.807,0.0,90252.0,5067.0,47.0,125.116,194694195448.0
61.898,0.0,90252.0,5067.0,47.0,125.128,194694207943.0
61.998,0.0,90252.0,5067.0,47.0,125.131,194694220482.0
62.107,0.0,90252.0,5067.0,47.0,125.08,194694232915.0
62.198,0.0,90252.0,5067.0,47.0,125.059,194694245461.0
62.299,0.0,90252.0,5067.0,47.0,125.039,194694257938.0
62.402,0.0,90252.0,5067.0,47.0,125.074,194694270485.0
62.498,0.0,90252.0,5067.0,47.0,125.052,194694282949.0
62.598,0.0,90252.0,5067.0,47.0,125.081,194694295527.0
62.698,0.0,90252.0,5067.0,47.0,125.092,194694307975.0
62.798,0.0,90252.0,5067.0,47.0,125.111,194694307975.0
62.901,0.0,90252.0,5067.0,47.0,125.095,194694320504.0
62.998,0.0,90252.0,5067.0,47.0,125.059,194694332966.0
63.098,0.0,90252.0,5067.0,47.0,125.082,194694345499.0
63.198,0.0,90252.0,5067.0,47.0,125.098,194694357937.0
63.298,0.0,90252.0,5067.0,47.0,125.078,194694382962.0
63.407,0.0,90252.0,5067.0,47.0,125.07,194694395509.0
63.498,0.0,90252.0,5067.0,47.0,125.095,194694407990.0
63.598,0.0,90252.0,5067.0,47.0,125.076,194694420529.0
63.711,0.0,90252.0,5067.0,47.0,125.068,194694432994.0
63.800,0.0,90252.0,5067.0,47.0,125.055,194694445521.0
63.898,0.0,90252.0,5067.0,47.0,125.042,194694457977.0
63.998,0.0,90252.0,5067.0,47.0,125.075,194694470505.0
64.098,0.0,90252.0,5067.0,47.0,125.081,194694482970.0
64.198,0.0,90252.0,5067.0,47.0,125.057,194694495500.0
64.298,0.0,90252.0,5067.0,47.0,125.051,194694507956.0
64.415,0.0,90252.0,5067.0,47.0,125.042,194694520479.0
64.508,0.0,90252.0,5067.0,47.0,125.004,194694532935.0
64.598,0.0,90252.0,5067.0,47.0,125.016,194694545479.0
64.698,0.0,90252.0,5067.0,47.0,125.031,194694557946.0
64.815,0.0,90252.0,5067.0,47.0,125.043,194694570464.0
64.906,0.0,90252.0,5067.0,47.0,125.009,194694582907.0
64.998,0.0,90252.0,5067.0,47.0,125.017,194694595432.0
65.098,0.0,90252.0,5067.0,47.0,125.04,194694607913.0
65.200,0.0,90252.0,5067.0,47.0,125.048,194694620441.0
65.320,0.0,90252.0,5067.0,47.0,125.063,194694632940.0
65.422,0.0,90252.0,5067.0,47.0,125.08,194694645455.0
65.497,0.0,90252.0,5067.0,47.0,125.08,194694657962.0
65.597,0.0,90252.0,5067.0,47.0,125.125,194694657962.0
65.712,0.0,90252.0,5067.0,47.0,125.087,194694670448.0
65.798,0.0,90252.0,5067.0,47.0,125.117,194694682949.0
65.898,0.0,90252.0,5067.0,47.0,125.105,194694695467.0
66.017,0.0,90252.0,5067.0,47.0,125.145,194694707947.0
66.112,0.0,90252.0,5067.0,47.0,125.161,194694732967.0
66.200,0.0,90252.0,5067.0,47.0,125.11,194694745462.0
66.298,0.0,90252.0,5067.0,47.0,125.105,194694757976.0
66.398,0.0,90252.0,5067.0,47.0,125.064,194694770451.0
66.514,0.0,90252.0,5067.0,47.0,125.031,194694782946.0
66.600,0.0,90252.0,5067.0,47.0,125.052,194694795443.0
66.697,0.0,90252.0,5067.0,47.0,125.021,194694807940.0
66.798,0.0,90252.0,5067.0,47.0,125.044,194694820436.0
66.906,0.0,90252.0,5067.0,47.0,125.032,194694832949.0
66.998,0.0,90252.0,5067.0,47.0,125.001,194694845424.0
67.098,0.0,90252.0,5067.0,47.0,125.061,194694857962.0
67.198,0.0,90252.0,5067.0,47.0,125.073,194694870483.0
67.308,0.0,90252.0,5067.0,47.0,125.043,194694882977.0
67.397,0.0,90252.0,5067.0,47.0,125.087,194694895463.0
67.498,0.0,90252.0,5067.0,47.0,125.129,194694908008.0
67.598,0.0,90252.0,5067.0,47.0,125.115,194694920462.0
67.698,0.0,90252.0,5067.0,47.0,125.157,194694933008.0
67.798,0.0,90252.0,5067.0,47.0,125.175,194694945520.0
67.898,0.0,90252.0,5067.0,47.0,125.192,194694958051.0
67.998,0.0,90252.0,5067.0,47.0,125.206,194694970527.0
68.105,0.0,90252.0,5067.0,47.0,125.168,194694983042.0
68.199,0.0,90252.0,5067.0,47.0,125.143,194694995517.0
68.298,0.0,90252.0,5067.0,47.0,125.143,194695008033.0
68.398,0.0,90252.0,5067.0,47.0,125.17,194695008033.0
68.498,0.0,90252.0,5067.0,47.0,125.148,194695020528.0
68.599,0.0,90252.0,5067.0,47.0,125.153,194695033057.0
68.704,0.0,90252.0,5067.0,47.0,125.189,194695045558.0
68.813,0.0,90252.0,5067.0,47.0,125.178,194695058106.0
68.904,0.0,90252.0,5067.0,47.0,125.116,194695083092.0
68.998,0.0,90252.0,5067.0,47.0,125.101,194695095530.0
69.099,0.0,90252.0,5067.0,47.0,125.101,194695108103.0
69.215,0.0,90252.0,5067.0,47.0,125.129,194695120562.0
69.305,0.0,90252.0,5067.0,47.0,125.118,194695133077.0
69.398,0.0,90252.0,5067.0,47.0,125.099,194695145524.0
69.498,0.0,90252.0,5067.0,47.0,125.065,194695158057.0
69.614,0.0,90252.0,5067.0,47.0,125.041,194695170509.0
69.702,0.0,90252.0,5067.0,47.0,125.023,194695183049.0
69.798,0.0,90252.0,5067.0,47.0,125.028,194695195530.0
69.898,0.0,90252.0,5067.0,47.0,125.049,194695208032.0
70.014,0.0,90252.0,5067.0,47.0,125.025,194695220487.0
70.100,0.0,90252.0,5067.0,47.0,125.018,194695233031.0
70.198,0.0,90252.0,5067.0,47.0,124.996,194695245487.0
70.298,0.0,90252.0,5067.0,47.0,124.969,194695258037.0
70.398,0.0,90252.0,5067.0,47.0,125.02,194695270494.0
70.500,0.0,90252.0,5067.0,47.0,125.057,194695283063.0
70.602,0.0,90252.0,5067.0,47.0,125.058,194695295508.0
70.698,0.0,90252.0,5067.0,47.0,125.059,194695308064.0
70.798,0.0,90252.0,5067.0,47.0,125.043,194695320521.0
70.915,0.0,90252.0,5067.0,47.0,125.017,194695333023.0
71.002,0.0,90252.0,5067.0,47.0,125.023,194695345495.0
71.099,0.0,90252.0,5067.0,47.0,125.041,194695358023.0
71.197,0.0,90252.0,5067.0,47.0,125.037,194695358023.0
71.298,0.0,90252.0,5067.0,47.0,125.073,194695370492.0
71.408,0.0,90252.0,5067.0,47.0,125.061,194695383024.0
71.502,0.0,90252.0,5067.0,47.0,125.032,194695395464.0
71.598,0.0,90252.0,5067.0,47.0,125.012,194695407996.0
71.698,0.0,90252.0,5067.0,47.0,125.031,194695433009.0
71.814,0.0,90252.0,5067.0,47.0,125.033,194695445471.0
71.900,0.0,90252.0,5067.0,47.0,125.021,194695458014.0
71.998,0.0,90252.0,5067.0,47.0,125.063,194695470478.0
72.098,0.0,90252.0,5067.0,47.0,125.043,194695483020.0
72.208,0.0,90252.0,5067.0,47.0,125.036,194695495472.0
72.298,0.0,90252.0,5067.0,47.0,125.054,194695508016.0
72.398,0.0,90252.0,5067.0,47.0,125.094,194695520509.0
72.498,0.0,90252.0,5067.0,47.0,125.069,194695533018.0
72.608,0.0,90252.0,5067.0,47.0,125.048,194695545454.0
72.699,0.0,90252.0,5067.0,47.0,125.03,194695557991.0
72.799,0.0,90252.0,5067.0,47.0,125.039,194695570451.0
72.898,0.0,90252.0,5067.0,47.0,125.026,194695582983.0
73.007,0.0,90252.0,5067.0,47.0,125.029,194695595454.0
73.099,0.0,90252.0,5067.0,47.0,125.046,194695608019.0
73.198,0.0,90252.0,5067.0,47.0,125.05,194695620461.0
73.298,0.0,90252.0,5067.0,47.0,125.025,194695632994.0
73.399,0.0,90252.0,5067.0,47.0,125.002,194695645456.0
73.511,0.0,90252.0,5067.0,47.0,125.055,194695658011.0
73.598,0.0,90252.0,5067.0,47.0,125.043,194695670473.0
73.698,0.0,90252.0,5067.0,47.0,125.066,194695683005.0
73.816,0.0,90252.0,5067.0,47.0,125.038,194695695458.0
73.904,0.0,90252.0,5067.0,47.0,125.038,194695707995.0
73.999,0.0,90252.0,5067.0,47.0,125.048,194695707995.0
74.098,0.0,90252.0,5067.0,47.0,125.038,194695720450.0
74.205,0.0,90252.0,5067.0,47.0,125.023,194695732982.0
74.299,0.0,90252.0,5067.0,47.0,125.009,194695745446.0
74.398,0.0,90252.0,5067.0,47.0,125.019,194695757959.0
74.509,0.0,90252.0,5067.0,47.0,125.002,194695782974.0
74.599,0.0,90252.0,5067.0,47.0,124.976,194695795433.0
74.698,0.0,90252.0,5067.0,47.0,124.985,194695807930.0
74.812,0.0,90252.0,5067.0,47.0,124.967,194695820381.0
74.899,0.0,90252.0,5067.0,47.0,124.962,194695832888.0
74.999,0.0,90252.0,5067.0,47.0,124.946,194695845367.0
75.110,0.0,90252.0,5067.0,47.0,124.958,194695857899.0
75.199,0.0,90252.0,5067.0,47.0,124.948,194695870380.0
75.299,0.0,90252.0,5067.0,47.0,124.949,194695882886.0
75.404,0.0,90252.0,5067.0,47.0,124.963,194695895343.0
75.499,0.0,90252.0,5067.0,47.0,124.976,194695907856.0
75.599,0.0,90252.0,5067.0,47.0,124.939,194695920333.0
75.703,0.0,90252.0,5067.0,47.0,124.968,194695932817.0
75.799,0.0,90252.0,5067.0,47.0,124.997,194695945316.0
75.899,0.0,90252.0,5067.0,47.0,125.005,194695957827.0
75.998,0.0,90252.0,5067.0,47.0,124.999,194695970306.0
76.098,0.0,90252.0,5067.0,47.0,125.005,194695982814.0
76.207,0.0,90252.0,5067.0,47.0,125.038,194695995302.0
76.299,0.0,90252.0,5067.0,47.0,125.041,194696007848.0
76.398,0.0,90252.0,5067.0,47.0,125.07,194696020354.0
76.506,0.0,90252.0,5067.0,47.0,125.083,194696032878.0
76.599,0.0,90252.0,5067.0,47.0,125.118,194696045381.0
76.699,0.0,90252.0,5067.0,47.0,125.118,194696057876.0
76.799,0.0,90252.0,5067.0,47.0,125.122,194696057876.0
76.899,0.0,90252.0,5067.0,47.0,125.138,194696070384.0
77.010,0.0,90252.0,5067.0,47.0,125.116,194696082854.0
77.099,0.0,90252.0,5067.0,47.0,125.099,194696095352.0
77.199,0.0,90252.0,5067.0,47.0,125.095,194696120325.0
77.314,0.0,90252.0,5067.0,47.0,125.078,194696132829.0
77.400,0.0,90252.0,5067.0,47.0,125.076,194696145316.0
77.499,0.0,90252.0,5067.0,47.0,125.03,194696157814.0
77.599,0.0,90252.0,5067.0,47.0,125.019,194696170330.0
77.707,0.0,90252.0,5067.0,47.0,125.009,194696182863.0
77.799,0.0,90252.0,5067.0,47.0,125.061,194696195341.0
77.899,0.0,90252.0,5067.0,47.0,125.019,194696207831.0
78.012,0.0,90252.0,5067.0,47.0,125.057,194696220328.0
78.098,0.0,90252.0,5067.0,47.0,125.061,194696232840.0
78.198,0.0,90252.0,5067.0,47.0,125.078,194696245345.0
78.299,0.0,90252.0,5067.0,47.0,125.103,194696257865.0
78.407,0.0,90252.0,5067.0,47.0,125.096,194696270358.0
78.498,0.0,90252.0,5067.0,47.0,125.102,194696282836.0
78.598,0.0,90252.0,5067.0,47.0,125.114,194696295404.0
78.698,0.0,90252.0,5067.0,47.0,125.136,194696307873.0
78.798,0.0,90252.0,5067.0,47.0,125.097,194696320387.0
78.915,0.0,90252.0,5067.0,47.0,125.105,194696332889.0
79.012,0.0,90252.0,5067.0,47.0,125.142,194696345425.0
79.098,0.0,90252.0,5067.0,47.0,125.174,194696357918.0
79.200,0.0,90252.0,5067.0,47.0,125.168,194696370432.0
79.298,0.0,90252.0,5067.0,47.0,125.148,194696382897.0
79.398,0.0,90252.0,5067.0,47.0,125.143,194696395403.0
79.515,0.0,90252.0,5067.0,47.0,125.129,194696407896.0
79.608,0.0,90252.0,5067.0,47.0,125.165,194696407896.0
79.698,0.0,90252.0,5067.0,47.0,125.105,194696420412.0
79.799,0.0,90252.0,5067.0,47.0,125.124,194696432889.0
79.898,0.0,90252.0,5067.0,47.0,125.115,194696445389.0
79.998,0.0,90252.0,5067.0,47.0,125.089,194696457875.0
80.117,0.0,90252.0,5067.0,47.0,125.052,194696482868.0
80.210,0.0,90252.0,5067.0,47.0,125.057,194696495383.0
80.298,0.0,90252.0,5067.0,47.0,125.023,194696507872.0
80.399,0.0,90252.0,5067.0,47.0,125.071,194696520407.0
80.499,0.0,90252.0,5067.0,47.0,125.065,194696532866.0
80.599,0.0,90252.0,5067.0,47.0,125.055,194696545387.0
80.698,0.0,90252.0,5067.0,47.0,125.022,194696557859.0
80.811,0.0,90252.0,5067.0,47.0,125.043,194696570381.0
80.908,0.0,90252.0,5067.0,47.0,125.05,194696582860.0
81.000,0.0,90252.0,5067.0,47.0,125.053,194696595394.0
81.099,0.0,90252.0,5067.0,47.0,125.062,194696607866.0
81.199,0.0,90252.0,5067.0,47.0,125.082,194696620400.0
81.299,0.0,90252.0,5067.0,47.0,125.069,194696632870.0
81.398,0.0,90252.0,5067.0,47.0,125.086,194696645401.0
81.515,0.0,90252.0,5067.0,47.0,125.066,194696657852.0
81.603,0.0,90252.0,5067.0,47.0,125.078,194696670379.0
81.698,0.0,90252.0,5067.0,47.0,125.057,194696682844.0
81.799,0.0,90252.0,5067.0,47.0,125.048,194696695355.0
81.899,0.0,90252.0,5067.0,47.0,125.066,194696707816.0
81.998,0.0,90252.0,5067.0,47.0,125.059,194696720369.0
82.105,0.0,90252.0,5067.0,47.0,125.069,194696732839.0
82.199,0.0,90252.0,5067.0,47.0,125.065,194696745374.0
82.298,0.0,90252.0,5067.0,47.0,125.065,194696757821.0
82.398,0.0,90252.0,5067.0,47.0,125.057,194696757821.0
82.498,0.0,90252.0,5067.0,47.0,125.022,194696770347.0
82.606,0.0,90252.0,5067.0,47.0,125.053,194696782805.0
82.699,0.0,90252.0,5067.0,47.0,125.079,194696795363.0
82.799,0.0,90252.0,5067.0,47.0,125.115,194696807833.0
82.899,0.0,90252.0,5067.0,47.0,125.114,194696832864.0
83.016,0.0,90252.0,5067.0,47.0,125.125,194696845412.0
83.110,0.0,90252.0,5067.0,47.0,125.119,194696857905.0
83.207,0.0,90252.0,5067.0,47.0,125.148,194696870441.0
83.302,0.0,90252.0,5067.0,47.0,125.122,194696882912.0
83.399,0.0,90252.0,5067.0,47.0,125.152,194696895455.0
83.499,0.0,90252.0,5067.0,47.0,125.187,194696907912.0
83.604,0.0,90252.0,5067.0,47.0,125.188,194696920469.0
83.699,0.0,90252.0,5067.0,47.0,125.18,194696932971.0
83.798,0.0,90252.0,5067.0,47.0,125.168,194696945499.0
83.914,0.0,90252.0,5067.0,47.0,125.148,194696957951.0
84.002,0.0,90252.0,5067.0,47.0,125.15,194696970489.0
84.099,0.0,90252.0,5067.0,47.0,125.114,194696982974.0
84.198,0.0,90252.0,5067.0,47.0,125.132,194696995504.0
84.298,0.0,90252.0,5067.0,47.0,125.144,194697007969.0
84.403,0.0,90252.0,5067.0,47.0,125.129,194697020513.0
84.499,0.0,90252.0,5067.0,47.0,125.15,194697032984.0
84.599,0.0,90252.0,5067.0,47.0,125.149,194697045528.0
84.699,0.0,90252.0,5067.0,47.0,125.142,194697058018.0
84.803,0.0,90252.0,5067.0,47.0,125.155,194697070573.0
84.898,0.0,90252.0,5067.0,47.0,125.186,194697083022.0
84.998,0.0,90252.0,5067.0,47.0,125.189,194697095578.0
85.099,0.0,90252.0,5067.0,47.0,125.189,194697108080.0
85.199,0.0,90252.0,5067.0,47.0,125.21,194697108080.0
85.308,0.0,90252.0,5067.0,47.0,125.202,194697120646.0
85.402,0.0,90252.0,5067.0,47.0,125.219,194697133092.0
85.499,0.0,90252.0,5067.0,47.0,125.197,194697145620.0
85.598,0.0,90252.0,5067.0,47.0,125.209,194697158096.0
85.698,0.0,90252.0,5067.0,47.0,125.166,194697183095.0
85.799,0.0,90252.0,5067.0,47.0,125.195,194697195665.0
85.903,0.0,90252.0,5067.0,47.0,125.198,194697208157.0
85.999,0.0,90252.0,5067.0,47.0,125.216,194697220710.0
86.098,0.0,90252.0,5067.0,47.0,125.187,194697233186.0
86.198,0.0,90252.0,5067.0,47.0,125.186,194697245720.0
86.304,0.0,90252.0,5067.0,47.0,125.142,194697258185.0
86.402,0.0,90252.0,5067.0,47.0,125.199,194697270718.0
86.498,0.0,90252.0,5067.0,47.0,125.155,194697283189.0
86.598,0.0,90252.0,5067.0,47.0,125.162,194697295767.0
86.714,0.0,90252.0,5067.0,47.0,125.194,194697308222.0
86.805,0.0,90252.0,5067.0,47.0,125.15,194697320748.0
86.900,0.0,90252.0,5067.0,47.0,125.133,194697333246.0
86.997,0.0,90252.0,5067.0,47.0,125.147,194697345788.0
87.099,0.0,90252.0,5067.0,47.0,125.142,194697358283.0
87.198,0.0,90252.0,5067.0,47.0,125.167,194697370845.0
87.299,0.0,90252.0,5067.0,47.0,125.203,194697383328.0
87.414,0.0,90252.0,5067.0,47.0,125.175,194697395855.0
87.504,0.0,90252.0,5067.0,47.0,125.199,194697408328.0
87.599,0.0,90252.0,5067.0,47.0,125.215,194697420877.0
87.699,0.0,90252.0,5067.0,47.0,125.158,194697433349.0
87.799,0.0,90252.0,5067.0,47.0,125.22,194697445938.0
87.898,0.0,90252.0,5067.0,47.0,125.235,194697458406.0
88.012,0.0,90252.0,5067.0,47.0,125.2,194697458406.0
88.101,0.0,90252.0,5067.0,47.0,125.177,194697470912.0
88.199,0.0,90252.0,5067.0,47.0,125.129,194697483347.0
88.298,0.0,90252.0,5067.0,47.0,125.148,194697495900.0
88.399,0.0,90252.0,5067.0,47.0,125.146,194697508387.0
88.516,0.0,90252.0,5067.0,47.0,125.132,194697533375.0
88.600,0.0,90252.0,5067.0,47.0,125.132,194697545922.0
88.703,0.0,90252.0,5067.0,47.0,125.142,194697558416.0
88.801,0.0,90252.0,5067.0,47.0,125.166,194697570985.0
88.898,0.0,90252.0,5067.0,47.0,125.144,194697583434.0
88.998,0.0,90252.0,5067.0,47.0,125.139,194697595963.0
89.098,0.0,90252.0,5067.0,47.0,125.141,194697608439.0
89.198,0.0,90252.0,5067.0,47.0,125.2,194697620973.0
89.312,0.0,90252.0,5067.0,47.0,125.132,194697633445.0
89.406,0.0,90252.0,5067.0,47.0,125.15,194697645983.0
89.498,0.0,90252.0,5067.0,47.0,125.203,194697658477.0
89.598,0.0,90252.0,5067.0,47.0,125.189,194697671031.0
89.699,0.0,90252.0,5067.0,47.0,125.184,194697683508.0
89.810,0.0,90252.0,5067.0,47.0,125.156,194697696061.0
89.900,0.0,90252.0,5067.0,47.0,125.192,194697708533.0
89.997,0.0,90252.0,5067.0,47.0,125.163,194697721063.0
90.098,0.0,90252.0,5067.0,47.0,125.162,194697733525.0
90.198,0.0,90252.0,5067.0,47.0,125.194,194697746083.0
90.313,0.0,90252.0,5067.0,47.0,125.186,194697758560.0
90.398,0.0,90252.0,5067.0,47.0,125.177,194697771096.0
90.498,0.0,90252.0,5067.0,47.0,125.158,194697783569.0
90.598,0.0,90252.0,5067.0,47.0,125.132,194697796125.0
90.711,0.0,90252.0,5067.0,47.0,125.132,194697808569.0
90.798,0.0,90252.0,5067.0,47.0,125.121,194697808569.0
90.898,0.0,90252.0,5067.0,47.0,125.125,194697821117.0
90.998,0.0,90252.0,5067.0,47.0,125.18,194697833618.0
91.099,0.0,90252.0,5067.0,47.0,125.168,194697846149.0
91.198,0.0,90252.0,5067.0,47.0,125.185,194697858630.0
91.311,0.0,90252.0,5067.0,47.0,125.173,194697883671.0
91.411,0.0,90252.0,5067.0,47.0,125.181,194697896240.0
91.501,0.0,90252.0,5067.0,47.0,125.222,194697908725.0
91.598,0.0,90252.0,5067.0,47.0,125.235,194697921266.0
91.698,0.0,90252.0,5067.0,47.0,125.246,194697933743.0
91.814,0.0,90252.0,5067.0,47.0,125.27,194697946295.0
91.902,0.0,90252.0,5067.0,47.0,125.258,194697958791.0
91.998,0.0,90252.0,5067.0,47.0,125.233,194697971313.0
92.099,0.0,90252.0,5067.0,47.0,125.198,194697983777.0
92.213,0.0,90252.0,5067.0,47.0,125.208,194697996337.0
92.301,0.0,90252.0,5067.0,47.0,125.218,194698008836.0
92.398,0.0,90252.0,5067.0,47.0,125.157,194698021364.0
92.498,0.0,90252.0,5067.0,47.0,125.174,194698033835.0
92.609,0.0,90252.0,5067.0,47.0,125.197,194698046402.0
92.705,0.0,90252.0,5067.0,47.0,125.185,194698058896.0
92.798,0.0,90252.0,5067.0,47.0,125.168,194698071430.0
92.898,0.0,90252.0,5067.0,47.0,125.164,194698083905.0
92.998,0.0,90252.0,5067.0,47.0,125.197,194698096449.0
93.098,0.0,90252.0,5067.0,47.0,125.217,194698108940.0
93.211,0.0,90252.0,5067.0,47.0,125.142,194698121474.0
93.301,0.0,90252.0,5067.0,47.0,125.19,194698133937.0
93.398,0.0,90252.0,5067.0,47.0,125.21,194698146522.0
93.498,0.0,90252.0,5067.0,47.0,125.21,194698158987.0
93.610,0.0,90252.0,5067.0,47.0,125.194,194698158987.0
93.700,0.0,90252.0,5067.0,47.0,125.173,194698171519.0
93.798,0.0,90252.0,5067.0,47.0,125.204,194698184020.0
93.899,0.0,90252.0,5067.0,47.0,125.217,194698196596.0
93.998,0.0,90252.0,5067.0,47.0,125.236,194698209055.0
94.105,0.0,90252.0,5067.0,47.0,125.232,194698234077.0
94.198,0.0,90252.0,5067.0,47.0,125.237,194698246655.0
94.298,0.0,90252.0,5067.0,47.0,125.243,194698259135.0
94.416,0.0,90252.0,5067.0,47.0,125.255,194698271671.0
94.498,0.0,90252.0,5067.0,47.0,125.208,194698284162.0
94.603,0.0,90252.0,5067.0,47.0,125.256,194698296723.0
94.698,0.0,90252.0,5067.0,47.0,125.233,194698309189.0
94.798,0.0,90252.0,5067.0,47.0,125.227,194698321735.0
94.913,0.0,90252.0,5067.0,47.0,125.191,194698334211.0
94.999,0.0,90252.0,5067.0,47.0,125.203,194698346749.0
95.099,0.0,90252.0,5067.0,47.0,125.172,194698359241.0
95.198,0.0,90252.0,5067.0,47.0,125.204,194698371798.0
95.304,0.0,90252.0,5067.0,47.0,125.227,194698384297.0
95.399,0.0,90252.0,5067.0,47.0,125.249,194698396850.0
95.500,0.0,90252.0,5067.0,47.0,125.235,194698409356.0
95.602,0.0,90252.0,5067.0,47.0,125.257,194698421893.0
95.697,0.0,90252.0,5067.0,47.0,125.251,194698434382.0
95.808,0.0,90252.0,5067.0,47.0,125.28,194698446932.0
95.898,0.0,90252.0,5067.0,47.0,125.325,194698459441.0
95.998,0.0,90252.0,5067.0,47.0,125.349,194698472026.0
96.098,0.0,90252.0,5067.0,47.0,125.31,194698484509.0
96.202,0.0,90252.0,5067.0,47.0,125.33,194698497052.0
96.298,0.0,90252.0,5067.0,47.0,125.33,194698509540.0
96.399,0.0,90252.0,5067.0,47.0,125.325,194698509540.0
96.509,0.0,90252.0,5067.0,47.0,125.31,194698522091.0
96.598,0.0,90252.0,5067.0,47.0,125.28,194698534560.0
96.698,0.0,90252.0,5067.0,47.0,125.257,194698547072.0
96.810,0.0,90252.0,5067.0,47.0,125.269,194698559547.0
96.901,0.0,90252.0,5067.0,47.0,125.243,194698584617.0
96.998,0.0,90252.0,5067.0,47.0,125.235,194698597154.0
97.098,0.0,90252.0,5067.0,47.0,125.233,194698609653.0
97.209,0.0,90252.0,5067.0,47.0,125.243,194698622182.0
97.300,0.0,90252.0,5067.0,47.0,125.191,194698634656.0
97.398,0.0,90252.0,5067.0,47.0,125.203,194698647198.0
97.499,0.0,90252.0,5067.0,47.0,125.162,194698659653.0
97.598,0.0,90252.0,5067.0,47.0,125.218,194698672198.0
97.705,0.0,90252.0,5067.0,47.0,125.195,194698684683.0
97.799,0.0,90252.0,5067.0,47.0,125.24,194698697238.0
97.899,0.0,90252.0,5067.0,47.0,125.203,194698709718.0
97.998,0.0,90252.0,5067.0,47.0,125.203,194698722277.0
98.108,0.0,90252.0,5067.0,47.0,125.195,194698734754.0
98.199,0.0,90252.0,5067.0,47.0,125.223,194698747296.0
98.298,0.0,90252.0,5067.0,47.0,125.215,194698759776.0
98.398,0.0,90252.0,5067.0,47.0,125.257,194698772327.0
98.498,0.0,90252.0,5067.0,47.0,125.271,194698784825.0
98.598,0.0,90252.0,5067.0,47.0,125.294,194698797387.0
98.698,0.0,90252.0,5067.0,47.0,125.261,194698809862.0
98.798,0.0,90252.0,5067.0,47.0,125.232,194698822405.0
98.897,0.0,90252.0,5067.0,47.0,125.231,194698834857.0
98.999,0.0,90252.0,5067.0,47.0,125.231,194698847430.0
99.102,0.0,90252.0,5067.0,47.0,125.231,194698859906.0
99.198,0.0,90252.0,5067.0,47.0,125.23,194698859906.0
99.298,0.0,90252.0,5067.0,47.0,125.193,194698872450.0
99.408,0.0,90252.0,5067.0,47.0,125.211,194698884925.0
99.498,0.0,90252.0,5067.0,47.0,125.196,194698897478.0
99.599,0.0,90252.0,5067.0,47.0,125.201,194698909967.0
99.714,0.0,90252.0,5067.0,47.0,125.172,194698934978.0
99.810,0.0,90252.0,5067.0,47.0,125.203,194698947536.0
99.900,0.0,90252.0,5067.0,47.0,125.213,194698960041.0
99.999,0.0,90252.0,5067.0,47.0,125.252,194698972597.0
100.106,0.0,90252.0,5067.0,47.0,125.225,194698985082.0
100.199,0.0,90252.0,5067.0,47.0,125.27,194698997640.0
100.299,0.0,90252.0,5067.0,47.0,125.264,194699010124.0
100.424,0.0,90252.0,5067.0,47.0,125.285,194699022698.0
100.516,0.0,90252.0,5067.0,47.0,125.318,194699035194.0
100.603,0.0,90252.0,5067.0,47.0,125.329,194699047772.0
100.699,0.0,90252.0,5067.0,47.0,125.362,194699060266.0
100.799,0.0,90252.0,5067.0,47.0,125.378,194699072828.0
100.899,0.0,90252.0,5067.0,47.0,125.371,194699085329.0
100.999,0.0,90252.0,5067.0,47.0,125.4,194699097911.0
101.099,0.0,90252.0,5067.0,47.0,125.402,194699110398.0
101.213,0.0,90252.0,5067.0,47.0,125.363,194699122951.0
101.306,0.0,90252.0,5067.0,47.0,125.383,194699135436.0
101.398,0.0,90252.0,5067.0,47.0,125.311,194699147996.0
101.498,0.0,90252.0,5067.0,47.0,125.284,194699160460.0
101.597,0.0,90252.0,5067.0,47.0,125.241,194699172991.0
101.712,0.0,90252.0,5067.0,47.0,125.26,194699185479.0
101.799,0.0,90252.0,5067.0,47.0,125.279,194699198064.0
101.898,0.0,90252.0,5067.0,47.0,125.279,194699224832.0
101.998,52.0,90252.0,5067.0,54.0,157.14,194699224832.0
102.100,52.0,90252.0,5067.0,60.0,210.674,194699283756.0
102.203,100.0,90252.0,5067.0,60.0,270.757,194699353721.0
102.298,100.0,90252.0,5067.0,63.0,330.949,194699422195.0
102.399,100.0,90252.0,5067.0,63.0,375.478,194699560375.0
102.499,100.0,90252.0,5067.0,61.0,445.241,194699625815.0
102.599,92.0,90252.0,5067.0,64.0,484.419,194699695687.0
102.706,92.0,90252.0,5067.0,66.0,558.193,194699764808.0
102.798,100.0,90252.0,5067.0,66.0,595.702,194699833979.0
102.907,100.0,90252.0,5067.0,67.0,671.563,194699902700.0
102.999,100.0,90252.0,5067.0,67.0,684.739,194699966948.0
103.099,100.0,90252.0,5067.0,68.0,683.418,194700036974.0
103.198,100.0,90252.0,5067.0,68.0,681.793,194700105583.0
103.298,100.0,90252.0,5067.0,69.0,685.363,194700174849.0
103.398,100.0,90252.0,5067.0,68.0,683.239,194700243026.0
103.511,100.0,90252.0,5067.0,69.0,688.152,194700307072.0
103.597,93.0,90252.0,5067.0,64.0,664.043,194700345665.0
103.699,93.0,90252.0,5067.0,62.0,630.716,194700377974.0
103.798,81.0,90252.0,5067.0,61.0,585.183,194700406812.0
103.898,81.0,90252.0,5067.0,61.0,552.62,194700446563.0
104.015,73.0,90252.0,5067.0,60.0,523.038,194700446563.0
104.100,73.0,90252.0,5067.0,60.0,486.712,194700477468.0
104.199,75.0,90252.0,5067.0,58.0,451.636,194700507079.0
104.311,75.0,90252.0,5067.0,58.0,421.75,194700546244.0
104.405,76.0,90252.0,5067.0,58.0,389.978,194700613423.0
104.498,76.0,90252.0,5067.0,58.0,353.42,194700648577.0
104.598,70.0,90252.0,5067.0,57.0,336.75,194700679671.0
104.715,70.0,90252.0,5067.0,56.0,323.425,194700701519.0
104.802,72.0,90252.0,5067.0,56.0,322.502,194700726413.0
104.899,72.0,90252.0,5067.0,55.0,317.089,194700758120.0
105.009,70.0,90252.0,5067.0,55.0,306.934,194700782948.0
105.098,70.0,90252.0,5067.0,55.0,300.821,194700808900.0
105.199,67.0,90252.0,5067.0,54.0,298.359,194700837653.0
105.299,67.0,90252.0,5067.0,54.0,278.153,194700856973.0
105.414,69.0,90252.0,5067.0,54.0,270.302,194700882730.0
105.499,69.0,90252.0,5067.0,53.0,262.362,194700906858.0
105.614,65.0,90252.0,5067.0,53.0,253.862,194700931092.0
105.699,64.0,90252.0,5067.0,52.0,249.862,194700954411.0
105.798,64.0,90252.0,5067.0,52.0,243.697,194700974456.0
105.915,25.0,90252.0,5067.0,51.0,226.529,194700993380.0
105.999,25.0,90252.0,5067.0,51.0,216.439,194701006314.0
106.099,0.0,90252.0,5067.0,50.0,199.719,194701019060.0
106.198,0.0,90252.0,5067.0,50.0,188.67,194701031881.0
106.298,0.0,90252.0,5067.0,50.0,181.136,194701044626.0
106.398,0.0,90252.0,5067.0,50.0,181.136,194701057433.0
106.512,0.0,90252.0,5067.0,50.0,168.666,194701057433.0
106.600,0.0,90252.0,5067.0,50.0,153.824,194701070119.0
106.699,0.0,90252.0,5067.0,49.0,145.08,194701082889.0
106.813,0.0,90252.0,5067.0,49.0,137.386,194701095565.0
106.902,0.0,90252.0,5067.0,49.0,128.194,194701120978.0
106.998,0.0,90252.0,5067.0,49.0,127.51,194701133712.0
107.097,0.0,90252.0,5067.0,49.0,127.408,194701146320.0
107.199,0.0,90252.0,5067.0,49.0,127.274,194701163026.0
107.321,0.0,90252.0,5067.0,54.0,148.881,194701213963.0
107.398,86.0,90252.0,5067.0,59.0,209.744,194701284787.0
107.509,86.0,90252.0,5067.0,62.0,263.928,194701353265.0
107.598,100.0,90252.0,5067.0,63.0,320.129,194701423051.0
107.698,100.0,90252.0,5067.0,65.0,373.128,194701491396.0
107.817,100.0,90252.0,5067.0,63.0,429.863,194701559922.0
107.898,100.0,90252.0,5067.0,66.0,476.951,194701628526.0
108.015,100.0,90252.0,5067.0,66.0,534.006,194701698085.0
108.099,100.0,90252.0,5067.0,67.0,587.13,194701766179.0
108.198,100.0,90252.0,5067.0,67.0,655.184,194701836555.0
108.312,100.0,90252.0,5067.0,68.0,687.643,194701900726.0
108.672,100.0,90252.0,5067.0,69.0,687.945,194702111483.0
108.678,100.0,90252.0,5067.0,69.0,687.945,194702111483.0
108.778,100.0,90252.0,5067.0,66.0,670.952,194702179588.0
108.890,100.0,90252.0,5067.0,63.0,643.026,194702223712.0
109.003,76.0,90252.0,5067.0,62.0,607.753,194702294960.0
109.077,76.0,90252.0,5067.0,61.0,571.647,194702327501.0
109.178,78.0,90252.0,5067.0,60.0,542.782,194702364638.0
109.284,78.0,90252.0,5067.0,60.0,506.965,194702393060.0
109.391,80.0,90252.0,5067.0,60.0,472.358,194702424343.0
109.475,80.0,90252.0,5067.0,59.0,433.839,194702458262.0
109.577,73.0,90252.0,5067.0,59.0,405.428,194702495670.0
109.677,73.0,90252.0,5067.0,58.0,368.634,194702524156.0
109.777,74.0,90252.0,5067.0,58.0,332.02,194702548396.0
109.877,74.0,90252.0,5067.0,57.0,321.707,194702574438.0
109.978,72.0,90252.0,5067.0,56.0,309.657,194702601262.0
110.077,72.0,90252.0,5067.0,56.0,305.341,194702622770.0
110.195,70.0,90252.0,5067.0,55.0,286.849,194702643866.0
110.284,70.0,90252.0,5067.0,55.0,280.134,194702668366.0
110.379,67.0,90252.0,5067.0,55.0,270.219,194702689617.0
110.490,67.0,90252.0,5067.0,54.0,259.632,194702706098.0
110.581,69.0,90252.0,5067.0,54.0,224.923,194702727865.0
110.676,66.0,90252.0,5067.0,53.0,218.579,194702744356.0
110.796,66.0,90252.0,5067.0,53.0,215.57,194702765971.0
110.877,66.0,90252.0,5067.0,53.0,215.57,194702765971.0
110.978,64.0,90252.0,5067.0,53.0,214.055,194702787865.0
111.095,64.0,90252.0,5067.0,53.0,207.869,194702810234.0
111.179,63.0,90252.0,5067.0,53.0,211.485,194702832005.0
111.276,63.0,90252.0,5067.0,52.0,213.367,194702879368.0
111.382,63.0,90252.0,5067.0,52.0,214.082,194702899915.0
111.477,63.0,90252.0,5067.0,51.0,208.836,194702912864.0
111.578,0.0,90252.0,5067.0,51.0,202.794,194702925693.0
111.678,0.0,90252.0,5067.0,51.0,194.523,194702938482.0
111.789,0.0,90252.0,5067.0,50.0,191.718,194702951280.0
111.881,0.0,90252.0,5067.0,50.0,183.352,194702981990.0
111.978,58.0,90252.0,5067.0,58.0,215.373,194703039244.0
112.077,58.0,90252.0,5067.0,62.0,262.709,194703109649.0
112.180,100.0,90252.0,5067.0,63.0,305.391,194703176020.0
112.286,100.0,90252.0,5067.0,65.0,350.033,194703246169.0
112.377,100.0,90252.0,5067.0,65.0,395.781,194703314623.0
112.478,100.0,90252.0,5067.0,64.0,444.063,194703375445.0
112.578,90.0,90252.0,5067.0,67.0,498.929,194703444889.0
112.676,90.0,90252.0,5067.0,67.0,557.534,194703514800.0
112.790,100.0,90252.0,5067.0,68.0,612.533,194703583899.0
112.878,100.0,90252.0,5067.0,68.0,667.409,194703652638.0
112.977,100.0,90252.0,5067.0,69.0,673.173,194703652638.0
113.078,100.0,90252.0,5067.0,69.0,672.459,194703712710.0
113.183,100.0,90252.0,5067.0,69.0,674.36,194703781163.0
113.277,100.0,90252.0,5067.0,69.0,671.429,194703851460.0
113.377,100.0,90252.0,5067.0,70.0,674.617,194703987840.0
113.496,100.0,90252.0,5067.0,66.0,664.578,194704029625.0
113.577,72.0,90252.0,5067.0,64.0,636.006,194704069089.0
113.678,72.0,90252.0,5067.0,62.0,604.562,194704108444.0
113.778,77.0,90252.0,5067.0,62.0,574.47,194704141112.0
113.888,77.0,90252.0,5067.0,61.0,538.799,194704180642.0
113.977,77.0,90252.0,5067.0,60.0,514.188,194704216256.0
114.077,77.0,90252.0,5067.0,60.0,481.793,194704249657.0
114.184,77.0,90252.0,5067.0,60.0,453.791,194704285182.0
114.308,77.0,90252.0,5067.0,59.0,416.603,194704318214.0
114.382,74.0,90252.0,5067.0,59.0,380.633,194704349778.0
114.477,74.0,90252.0,5067.0,58.0,353.632,194704379552.0
114.577,74.0,90252.0,5067.0,58.0,347.946,194704408913.0
114.679,74.0,90252.0,5067.0,57.0,330.983,194704436327.0
114.783,69.0,90252.0,5067.0,56.0,309.676,194704461341.0
114.888,70.0,90252.0,5067.0,55.0,295.126,194704484316.0
114.977,70.0,90252.0,5067.0,55.0,284.633,194704507166.0
115.077,70.0,90252.0,5067.0,55.0,284.633,194704535635.0
115.178,69.0,90252.0,5067.0,55.0,280.561,194704535635.0
115.277,69.0,90252.0,5067.0,54.0,275.025,194704563282.0
115.392,68.0,90252.0,5067.0,54.0,263.449,194704587329.0
115.481,68.0,90252.0,5067.0,54.0,256.459,194704632037.0
115.577,64.0,90252.0,5067.0,53.0,251.658,194704655421.0
115.678,64.0,90252.0,5067.0,53.0,245.448,194704678438.0
115.777,63.0,90252.0,5067.0,53.0,239.147,194704701553.0
115.877,63.0,90252.0,5067.0,52.0,237.166,194704718356.0
115.977,6.0,90252.0,5067.0,52.0,228.386,194704731242.0
116.078,6.0,90252.0,5067.0,51.0,218.158,194704744164.0
116.193,0.0,90252.0,5067.0,51.0,197.964,194704756970.0
116.277,0.0,90252.0,5067.0,51.0,186.841,194704769849.0
116.408,0.0,90252.0,5067.0,52.0,183.327,194704798018.0
116.479,0.0,90252.0,5067.0,59.0,215.875,194704864652.0
116.577,100.0,90252.0,5067.0,62.0,259.259,194704933782.0
116.693,100.0,90252.0,5067.0,64.0,306.634,194705001716.0
116.779,100.0,90252.0,5067.0,65.0,350.579,194705071681.0
116.878,100.0,90252.0,5067.0,66.0,396.437,194705137681.0
116.980,91.0,90252.0,5067.0,66.0,451.283,194705203844.0
117.081,91.0,90252.0,5067.0,67.0,506.388,194705271708.0
117.179,100.0,90252.0,5067.0,68.0,560.751,194705338477.0
117.278,100.0,90252.0,5067.0,68.0,619.241,194705408784.0
117.380,100.0,90252.0,5067.0,69.0,667.166,194705477527.0
117.486,100.0,90252.0,5067.0,67.0,673.079,194705477527.0
117.577,92.0,90252.0,5067.0,69.0,674.131,194705539883.0
117.678,92.0,90252.0,5067.0,69.0,673.23,194705607708.0
117.778,100.0,90252.0,5067.0,70.0,673.514,194705677555.0
117.878,100.0,90252.0,5067.0,70.0,674.673,194705808818.0
117.976,89.0,90252.0,5067.0,65.0,652.423,194705842542.0
118.089,89.0,90252.0,5067.0,63.0,624.117,194705884731.0
118.178,75.0,90252.0,5067.0,62.0,588.135,194705917082.0
118.277,75.0,90252.0,5067.0,62.0,554.804,194705955860.0
118.387,78.0,90252.0,5067.0,61.0,526.415,194705990520.0
118.480,78.0,90252.0,5067.0,60.0,499.729,194706025508.0
118.578,76.0,90252.0,5067.0,60.0,463.727,194706055154.0
118.678,76.0,90252.0,5067.0,59.0,433.965,194706092439.0
118.795,76.0,90252.0,5067.0,59.0,400.48,194706124292.0
118.878,76.0,90252.0,5067.0,59.0,361.307,194706155395.0
118.982,74.0,90252.0,5067.0,58.0,345.581,194706188707.0
119.078,74.0,90252.0,5067.0,57.0,336.042,194706218123.0
119.179,71.0,90252.0,5067.0,57.0,316.122,194706242598.0
119.278,70.0,90252.0,5067.0,56.0,298.865,194706266610.0
119.411,70.0,90252.0,5067.0,56.0,298.865,194706287671.0
119.483,70.0,90252.0,5067.0,55.0,291.533,194706287671.0
119.578,68.0,90252.0,5067.0,55.0,280.438,194706312918.0
119.677,68.0,90252.0,5067.0,54.0,269.076,194706333409.0
119.784,67.0,90252.0,5067.0,54.0,254.09,194706359375.0
119.877,67.0,90252.0,5067.0,54.0,246.548,194706400091.0
119.977,65.0,90252.0,5067.0,54.0,235.102,194706423688.0
120.077,65.0,90252.0,5067.0,53.0,228.847,194706446444.0
120.177,65.0,90252.0,5067.0,53.0,225.908,194706467406.0
120.279,65.0,90252.0,5067.0,53.0,222.444,194706489777.0
120.394,41.0,90252.0,5067.0,52.0,217.437,194706502988.0
120.486,41.0,90252.0,5067.0,52.0,204.128,194706516295.0
120.577,0.0,90252.0,5067.0,51.0,196.291,194706529132.0
120.678,0.0,90252.0,5067.0,51.0,183.508,194706542166.0
120.777,0.0,90252.0,5067.0,51.0,179.448,194706560218.0
120.890,0.0,90252.0,5067.0,55.0,200.707,194706610649.0
120.977,83.0,90252.0,5067.0,61.0,250.873,194706679881.0
121.076,83.0,90252.0,5067.0,63.0,294.549,194706748386.0
121.178,100.0,90252.0,5067.0,65.0,345.938,194706821033.0
121.296,100.0,90252.0,5067.0,65.0,386.859,194706887143.0
121.383,100.0,90252.0,5067.0,64.0,440.119,194706954914.0
121.478,100.0,90252.0,5067.0,67.0,493.515,194707023100.0
121.580,100.0,90252.0,5067.0,68.0,550.507,194707092642.0
121.678,100.0,90252.0,5067.0,68.0,602.917,194707161635.0
121.778,100.0,90252.0,5067.0,68.0,602.917,194707231095.0
121.890,100.0,90252.0,5067.0,69.0,667.29,194707231095.0
121.983,88.0,90252.0,5067.0,69.0,684.963,194707294157.0
122.077,88.0,90252.0,5067.0,69.0,684.802,194707364890.0
122.177,100.0,90252.0,5067.0,69.0,683.124,194707500221.0
122.293,100.0,90252.0,5067.0,70.0,682.514,194707564756.0
122.380,89.0,90252.0,5067.0,65.0,647.041,194707598321.0
122.479,89.0,90252.0,5067.0,63.0,620.128,194707639526.0
122.591,77.0,90252.0,5067.0,62.0,590.815,194707680793.0
122.677,77.0,90252.0,5067.0,62.0,561.474,194707717849.0
122.791,77.0,90252.0,5067.0,61.0,526.318,194707747016.0
122.881,77.0,90252.0,5067.0,60.0,492.697,194707779502.0
122.977,75.0,90252.0,5067.0,59.0,459.851,194707810871.0
123.077,75.0,90252.0,5067.0,59.0,424.557,194707842612.0
123.182,75.0,90252.0,5067.0,59.0,387.205,194707874682.0
123.289,75.0,90252.0,5067.0,59.0,350.663,194707905359.0
123.379,71.0,90252.0,5067.0,59.0,337.006,194707933557.0
123.477,71.0,90252.0,5067.0,58.0,324.279,194707959176.0
123.577,72.0,90252.0,5067.0,57.0,307.892,194707984721.0
123.691,72.0,90252.0,5067.0,56.0,294.99,194708009556.0
123.781,68.0,90252.0,5067.0,56.0,285.905,194708033392.0
123.877,68.0,90252.0,5067.0,55.0,276.471,194708057413.0
123.977,68.0,90252.0,5067.0,55.0,274.622,194708085277.0
124.094,68.0,90252.0,5067.0,55.0,266.418,194708085277.0
124.182,67.0,90252.0,5067.0,54.0,263.754,194708109278.0
124.278,67.0,90252.0,5067.0,54.0,258.083,194708138675.0
124.376,67.0,90252.0,5067.0,54.0,258.328,194708162705.0
124.477,67.0,90252.0,5067.0,53.0,251.388,194708209599.0
124.578,49.0,90252.0,5067.0,52.0,239.722,194708223003.0
124.678,49.0,90252.0,5067.0,52.0,227.753,194708236107.0
124.795,0.0,90252.0,5067.0,51.0,218.11,194708249190.0
124.878,0.0,90252.0,5067.0,51.0,208.588,194708262340.0
124.978,0.0,90252.0,5067.0,51.0,192.665,194708280076.0
125.094,0.0,90252.0,5067.0,56.0,215.865,194708333769.0
125.190,86.0,90252.0,5067.0,61.0,255.129,194708401422.0
125.287,86.0,90252.0,5067.0,64.0,299.856,194708470691.0
125.377,100.0,90252.0,5067.0,64.0,341.229,194708540313.0
125.478,100.0,90252.0,5067.0,66.0,389.853,194708608187.0
125.590,100.0,90252.0,5067.0,65.0,439.294,194708671182.0
125.679,100.0,90252.0,5067.0,67.0,496.196,194708741028.0
125.778,100.0,90252.0,5067.0,68.0,541.785,194708808251.0
125.892,100.0,90252.0,5067.0,68.0,597.813,194708878242.0
125.980,100.0,90252.0,5067.0,69.0,652.75,194708947672.0
126.077,100.0,90252.0,5067.0,69.0,680.344,194709011836.0
126.177,89.0,90252.0,5067.0,69.0,683.066,194709083406.0
126.294,89.0,90252.0,5067.0,69.0,683.066,194709083406.0
126.385,89.0,90252.0,5067.0,70.0,679.074,194709148104.0
126.480,100.0,90252.0,5067.0,70.0,653.136,194709217810.0
126.578,100.0,90252.0,5067.0,65.0,626.984,194709254600.0
126.693,78.0,90252.0,5067.0,63.0,595.801,194709331216.0
126.779,78.0,90252.0,5067.0,62.0,565.728,194709365386.0
126.878,76.0,90252.0,5067.0,61.0,526.561,194709399117.0
126.979,76.0,90252.0,5067.0,61.0,493.843,194709434535.0
127.084,77.0,90252.0,5067.0,59.0,462.05,194709466604.0
127.180,76.0,90252.0,5067.0,59.0,432.393,194709503828.0
127.277,76.0,90252.0,5067.0,59.0,397.927,194709533759.0
127.377,75.0,90252.0,5067.0,59.0,364.369,194709573938.0
127.488,75.0,90252.0,5067.0,58.0,362.241,194709609261.0
127.579,74.0,90252.0,5067.0,57.0,346.128,194709635696.0
127.693,74.0,90252.0,5067.0,57.0,337.77,194709662271.0
127.780,69.0,90252.0,5067.0,56.0,325.031,194709688708.0
127.878,69.0,90252.0,5067.0,56.0,321.53,194709717074.0
127.993,70.0,90252.0,5067.0,55.0,307.878,194709741258.0
128.078,70.0,90252.0,5067.0,55.0,300.009,194709766328.0
128.178,68.0,90252.0,5067.0,54.0,289.091,194709786268.0
128.277,68.0,90252.0,5067.0,54.0,275.375,194709808357.0
128.403,65.0,90252.0,5067.0,54.0,262.836,194709830244.0
128.478,65.0,90252.0,5067.0,53.0,244.194,194709852917.0
128.578,54.0,90252.0,5067.0,52.0,233.42,194709866774.0
128.688,54.0,90252.0,5067.0,52.0,219.859,194709866774.0
128.778,54.0,90252.0,5067.0,52.0,206.63,194709879723.0
128.877,0.0,90252.0,5067.0,51.0,193.338,194709892873.0
128.980,0.0,90252.0,5067.0,51.0,182.659,194709905928.0
129.081,0.0,90252.0,5067.0,53.0,200.073,194709971301.0
129.177,84.0,90252.0,5067.0,61.0,248.526,194710040047.0
129.284,84.0,90252.0,5067.0,63.0,296.675,194710110093.0
129.406,100.0,90252.0,5067.0,64.0,343.225,194710177507.0
129.477,100.0,90252.0,5067.0,66.0,386.24,194710247166.0
129.578,100.0,90252.0,5067.0,66.0,438.008,194710310832.0
129.690,100.0,90252.0,5067.0,67.0,495.845,194710379825.0
129.778,100.0,90252.0,5067.0,68.0,550.759,194710449172.0
129.878,100.0,90252.0,5067.0,68.0,608.193,194710518486.0
129.977,100.0,90252.0,5067.0,69.0,662.479,194710587520.0
130.094,100.0,90252.0,5067.0,69.0,684.929,194710651567.0
130.181,90.0,90252.0,5067.0,69.0,680.421,194710719096.0
130.277,90.0,90252.0,5067.0,70.0,679.96,194710788646.0
130.377,100.0,90252.0,5067.0,67.0,665.636,194710837105.0
130.490,100.0,90252.0,5067.0,63.0,633.742,194710873434.0
130.581,81.0,90252.0,5067.0,62.0,597.257,194710902922.0
130.678,81.0,90252.0,5067.0,62.0,566.807,194710902922.0
130.778,76.0,90252.0,5067.0,61.0,532.176,194710938685.0
130.877,76.0,90252.0,5067.0,60.0,496.026,194710969715.0
130.989,77.0,90252.0,5067.0,60.0,462.87,194711003779.0
131.086,77.0,90252.0,5067.0,59.0,427.59,194711071955.0
131.181,76.0,90252.0,5067.0,59.0,399.141,194711105538.0
131.282,76.0,90252.0,5067.0,59.0,361.496,194711137695.0
131.378,71.0,90252.0,5067.0,59.0,336.498,194711173618.0
131.477,71.0,90252.0,5067.0,58.0,324.465,194711194961.0
131.578,73.0,90252.0,5067.0,57.0,325.343,194711225240.0
131.678,73.0,90252.0,5067.0,56.0,314.561,194711249556.0
131.785,68.0,90252.0,5067.0,56.0,301.022,194711271170.0
131.878,68.0,90252.0,5067.0,55.0,289.711,194711291169.0
131.977,69.0,90252.0,5067.0,55.0,277.377,194711313747.0
132.075,69.0,90252.0,5067.0,55.0,271.999,194711345136.0
132.197,69.0,90252.0,5067.0,54.0,268.065,194711371448.0
132.287,69.0,90252.0,5067.0,54.0,257.545,194711391725.0
132.377,64.0,90252.0,5067.0,54.0,250.935,194711423505.0
132.478,64.0,90252.0,5067.0,53.0,248.007,194711443810.0
132.577,64.0,90252.0,5067.0,53.0,243.902,194711468767.0
132.692,64.0,90252.0,5067.0,53.0,241.228,194711491375.0
132.780,63.0,90252.0,5067.0,53.0,241.077,194711512605.0
132.878,63.0,90252.0,5067.0,52.0,239.221,194711528530.0
132.977,63.0,90252.0,5067.0,52.0,239.221,194711543074.0
133.077,6.0,90252.0,5067.0,51.0,230.034,194711543074.0
133.193,6.0,90252.0,5067.0,54.0,229.299,194711569840.0
133.292,20.0,90252.0,5067.0,51.0,221.478,194711582678.0
133.378,69.0,90252.0,5067.0,61.0,264.051,194711621231.0
133.477,69.0,90252.0,5067.0,63.0,308.022,194711759095.0
133.579,100.0,90252.0,5067.0,65.0,341.974,194711810500.0
133.690,100.0,90252.0,5067.0,57.0,344.722,194711835785.0
133.778,70.0,90252.0,5067.0,56.0,346.226,194711859398.0
133.877,70.0,90252.0,5067.0,56.0,351.93,194711887419.0
133.977,70.0,90252.0,5067.0,55.0,364.23,194711911285.0
134.078,70.0,90252.0,5067.0,55.0,360.01,194711930956.0
134.176,69.0,90252.0,5067.0,55.0,365.341,194711954178.0
134.283,69.0,90252.0,5067.0,54.0,370.868,194711979245.0
134.377,70.0,90252.0,5067.0,54.0,320.876,194712004104.0
134.495,70.0,90252.0,5067.0,54.0,282.019,194712024989.0
134.579,69.0,90252.0,5067.0,54.0,239.269,194712047950.0
134.677,69.0,90252.0,5067.0,53.0,244.196,194712079292.0
134.791,69.0,90252.0,5067.0,53.0,237.739,194712096785.0
134.879,69.0,90252.0,5067.0,53.0,228.619,194712113417.0
134.976,67.0,90252.0,5067.0,53.0,227.175,194712139753.0
135.087,67.0,90252.0,5067.0,53.0,226.522,194712158917.0
135.178,66.0,90252.0,5067.0,52.0,220.544,194712176759.0
135.278,66.0,90252.0,5067.0,52.0,219.084,194712176759.0
135.395,65.0,90252.0,5067.0,52.0,217.482,194712201557.0
135.477,65.0,90252.0,5067.0,52.0,219.337,194712223155.0
135.578,64.0,90252.0,5067.0,52.0,216.981,194712245069.0
135.690,64.0,90252.0,5067.0,51.0,202.187,194712276574.0
135.779,0.0,90252.0,5067.0,50.0,192.471,194712289403.0
135.878,0.0,90252.0,5067.0,50.0,188.79,194712302130.0
136.001,0.0,90252.0,5067.0,50.0,177.033,194712314904.0
136.078,0.0,90252.0,5067.0,50.0,169.415,194712327591.0
136.181,0.0,90252.0,5067.0,50.0,165.3,194712340358.0
136.277,0.0,90252.0,5067.0,49.0,154.484,194712353041.0
136.378,0.0,90252.0,5067.0,49.0,146.62,194712365768.0
136.477,0.0,90252.0,5067.0,49.0,136.878,194712378421.0
136.588,0.0,90252.0,5067.0,49.0,127.451,194712391111.0
136.695,0.0,90252.0,5067.0,49.0,127.328,194712403735.0
136.778,0.0,90252.0,5067.0,49.0,127.113,194712416399.0
136.877,0.0,90252.0,5067.0,49.0,127.056,194712429052.0
136.980,0.0,90252.0,5067.0,49.0,126.923,194712441667.0
137.087,0.0,90252.0,5067.0,49.0,126.799,194712454288.0
137.182,0.0,90252.0,5067.0,49.0,126.677,194712466918.0
137.283,0.0,90252.0,5067.0,49.0,126.641,194712479565.0
137.380,0.0,90252.0,5067.0,48.0,126.514,194712492122.0
137.477,0.0,90252.0,5067.0,48.0,126.42,194712504745.0
137.578,0.0,90252.0,5067.0,48.0,126.305,194712517289.0
137.677,0.0,90252.0,5067.0,48.0,126.285,194712529918.0
137.789,0.0,90252.0,5067.0,48.0,126.23,194712542482.0
137.883,0.0,90252.0,5067.0,48.0,126.16,194712555069.0
137.977,0.0,90252.0,5067.0,48.0,126.16,194712567570.0
138.078,0.0,90252.0,5067.0,48.0,126.059,194712567570.0
138.177,0.0,90252.0,5067.0,48.0,126.071,194712580199.0
138.293,0.0,90252.0,5067.0,48.0,125.994,194712592735.0
138.400,0.0,90252.0,5067.0,48.0,125.977,194712605392.0
138.478,0.0,90252.0,5067.0,48.0,125.955,194712617927.0
138.578,0.0,90252.0,5067.0,48.0,125.883,194712643056.0
138.692,0.0,90252.0,5067.0,48.0,125.843,194712655635.0
138.783,0.0,90252.0,5067.0,48.0,125.842,194712668174.0
138.878,0.0,90252.0,5067.0,48.0,125.788,194712680781.0
138.978,0.0,90252.0,5067.0,48.0,125.788,194712693288.0
139.079,0.0,90252.0,5067.0,48.0,125.775,194712705898.0
139.191,0.0,90252.0,5067.0,48.0,125.785,194712718455.0
139.294,0.0,90252.0,5067.0,48.0,125.688,194712731041.0
139.382,0.0,90252.0,5067.0,48.0,125.683,194712743572.0
139.479,0.0,90252.0,5067.0,48.0,125.689,194712756191.0
139.577,0.0,90252.0,5067.0,48.0,125.745,194712768745.0
139.679,0.0,90252.0,5067.0,48.0,125.714,194712781312.0
139.793,0.0,90252.0,5067.0,48.0,125.751,194712793862.0
139.880,0.0,90252.0,5067.0,48.0,125.721,194712806431.0
139.978,0.0,90252.0,5067.0,48.0,125.767,194712818970.0
140.078,0.0,90252.0,5067.0,48.0,125.69,194712831694.0
140.178,0.0,90252.0,5067.0,48.0,125.709,194712844064.0
140.291,0.0,90252.0,5067.0,48.0,125.702,194712856631.0
140.379,0.0,90252.0,5067.0,48.0,125.747,194712869214.0
140.478,0.0,90252.0,5067.0,48.0,125.711,194712881755.0
140.578,0.0,90252.0,5067.0,48.0,125.631,194712894290.0
140.677,0.0,90252.0,5067.0,48.0,125.635,194712906808.0
140.786,0.0,90252.0,5067.0,48.0,125.635,194712919372.0
140.878,0.0,90252.0,5067.0,48.0,125.609,194712919372.0
140.978,0.0,90252.0,5067.0,48.0,125.59,194712931892.0
141.089,0.0,90252.0,5067.0,47.0,125.601,194712944457.0
141.178,0.0,90252.0,5067.0,47.0,125.597,194712956986.0
141.279,0.0,90252.0,5067.0,47.0,125.57,194712969596.0
141.379,0.0,90252.0,5067.0,47.0,125.496,194712994630.0
141.495,0.0,90252.0,5067.0,47.0,125.492,194713007161.0
141.583,0.0,90252.0,5067.0,47.0,125.529,194713019733.0
141.679,0.0,90252.0,5067.0,47.0,125.484,194713032238.0
141.778,0.0,90252.0,5067.0,47.0,125.495,194713044801.0
141.894,0.0,90252.0,5067.0,47.0,125.467,194713057315.0
141.979,0.0,90252.0,5067.0,47.0,125.473,194713069886.0
142.079,0.0,90252.0,5067.0,47.0,125.448,194713082377.0
142.190,0.0,90252.0,5067.0,47.0,125.387,194713094933.0
142.279,0.0,90252.0,5067.0,47.0,125.386,194713107430.0
142.378,0.0,90252.0,5067.0,47.0,125.388,194713119994.0
142.490,0.0,90252.0,5067.0,47.0,125.34,194713132460.0
142.578,0.0,90252.0,5067.0,47.0,125.309,194713145030.0
142.678,0.0,90252.0,5067.0,47.0,125.293,194713157474.0
142.788,0.0,90252.0,5067.0,47.0,125.29,194713170033.0
142.878,0.0,90252.0,5067.0,47.0,125.282,194713182526.0
142.977,0.0,90252.0,5067.0,47.0,125.245,194713195070.0
143.079,0.0,90252.0,5067.0,47.0,125.258,194713207572.0
143.178,0.0,90252.0,5067.0,47.0,125.23,194713220084.0
143.277,0.0,90252.0,5067.0,47.0,125.247,194713232598.0
143.382,0.0,90252.0,5067.0,47.0,125.254,194713245129.0
143.479,0.0,90252.0,5067.0,47.0,125.277,194713257647.0
143.579,0.0,90252.0,5067.0,47.0,125.277,194713270181.0
143.693,0.0,90252.0,5067.0,47.0,125.265,194713270181.0
143.777,0.0,90252.0,5067.0,47.0,125.299,194713282701.0
143.888,0.0,90252.0,5067.0,47.0,125.291,194713295237.0
143.978,0.0,90252.0,5067.0,47.0,125.31,194713307749.0
144.077,0.0,90252.0,5067.0,47.0,125.249,194713320231.0
144.188,0.0,90252.0,5067.0,47.0,125.255,194713345261.0
144.278,0.0,90252.0,5067.0,47.0,125.259,194713357798.0
144.381,0.0,90252.0,5067.0,47.0,125.232,194713370280.0
144.477,0.0,90252.0,5067.0,47.0,125.29,194713382841.0
144.580,0.0,90252.0,5067.0,47.0,125.272,194713395355.0
144.677,0.0,90252.0,5067.0,47.0,125.309,194713407910.0
144.778,0.0,90252.0,5067.0,47.0,125.272,194713420398.0
144.878,0.0,90252.0,5067.0,47.0,125.29,194713432931.0
144.978,0.0,90252.0,5067.0,47.0,125.29,194713445416.0
145.081,0.0,90252.0,5067.0,47.0,125.296,194713457959.0
145.178,0.0,90252.0,5067.0,47.0,125.291,194713470447.0
145.279,0.0,90252.0,5067.0,47.0,125.256,194713482972.0
145.384,0.0,90252.0,5067.0,47.0,125.281,194713495463.0
145.478,0.0,90252.0,5067.0,47.0,125.222,194713507980.0
145.578,0.0,90252.0,5067.0,47.0,125.121,194713520443.0
145.681,0.0,90252.0,5067.0,47.0,125.17,194713533030.0
145.777,0.0,90252.0,5067.0,47.0,125.159,194713545531.0
145.890,0.0,90252.0,5067.0,47.0,125.202,194713558106.0
145.978,0.0,90252.0,5067.0,47.0,125.202,194713570568.0
146.078,0.0,90252.0,5067.0,47.0,125.149,194713583082.0
146.187,0.0,90252.0,5067.0,47.0,125.143,194713595562.0
146.279,0.0,90252.0,5067.0,47.0,125.164,194713608112.0
146.379,0.0,90252.0,5067.0,47.0,125.153,194713620600.0
146.492,0.0,90252.0,5067.0,47.0,125.213,194713620600.0
146.580,0.0,90252.0,5067.0,47.0,125.243,194713633162.0
146.678,0.0,90252.0,5067.0,47.0,125.215,194713645649.0
146.789,0.0,90252.0,5067.0,47.0,125.168,194713658190.0
146.877,0.0,90252.0,5067.0,47.0,125.127,194713670657.0
146.978,0.0,90252.0,5067.0,47.0,125.153,194713695671.0
147.079,0.0,90252.0,5067.0,47.0,125.218,194713708228.0
147.179,0.0,90252.0,5067.0,47.0,125.191,194713720719.0
147.292,0.0,90252.0,5067.0,47.0,125.211,194713733255.0
147.382,0.0,90252.0,5067.0,47.0,125.184,194713745744.0
147.479,0.0,90252.0,5067.0,47.0,125.169,194713758290.0
147.578,0.0,90252.0,5067.0,47.0,125.136,194713770744.0
147.691,0.0,90252.0,5067.0,47.0,125.11,194713783249.0
147.780,0.0,90252.0,5067.0,47.0,125.105,194713795747.0
147.878,0.0,90252.0,5067.0,47.0,125.126,194713808266.0
147.979,0.0,90252.0,5067.0,47.0,125.119,194713820763.0
148.080,0.0,90252.0,5067.0,47.0,125.102,194713833287.0
148.177,0.0,90252.0,5067.0,47.0,125.139,194713845815.0
148.277,0.0,90252.0,5067.0,47.0,125.129,194713858322.0
148.379,0.0,90252.0,5067.0,47.0,125.125,194713870823.0
148.478,0.0,90252.0,5067.0,47.0,125.071,194713883303.0
148.578,0.0,90252.0,5067.0,47.0,125.103,194713895811.0
148.693,0.0,90252.0,5067.0,47.0,125.072,194713908252.0
148.777,0.0,90252.0,5067.0,47.0,125.086,194713920744.0
148.876,0.0,90252.0,5067.0,47.0,125.014,194713933195.0
148.993,0.0,90252.0,5067.0,47.0,125.042,194713945704.0
149.077,0.0,90252.0,5067.0,47.0,125.005,194713958202.0
149.177,0.0,90252.0,5067.0,47.0,125.022,194713970737.0
149.277,0.0,90252.0,5067.0,47.0,125.022,194713970737.0
149.400,0.0,90252.0,5067.0,47.0,124.995,194713983192.0
149.479,0.0,90252.0,5067.0,47.0,125.0,194713995691.0
149.578,0.0,90252.0,5067.0,47.0,125.0,194714008148.0
149.679,0.0,90252.0,5067.0,47.0,124.98,194714020655.0
149.780,0.0,90252.0,5067.0,47.0,125.002,194714045660.0
149.877,0.0,90252.0,5067.0,47.0,125.022,194714058111.0
149.993,0.0,90252.0,5067.0,47.0,125.023,194714070648.0
150.084,0.0,90252.0,5067.0,47.0,125.015,194714083106.0
150.177,0.0,90252.0,5067.0,47.0,124.992,194714095625.0
150.289,0.0,90252.0,5067.0,47.0,124.974,194714108078.0
150.377,0.0,90252.0,5067.0,47.0,124.991,194714120589.0
150.477,0.0,90252.0,5067.0,47.0,124.973,194714133041.0
150.587,0.0,90252.0,5067.0,47.0,125.006,194714145584.0
150.677,0.0,90252.0,5067.0,47.0,124.982,194714158024.0
150.778,0.0,90252.0,5067.0,47.0,124.985,194714170569.0
150.879,0.0,90252.0,5067.0,47.0,124.993,194714183015.0
150.978,0.0,90252.0,5067.0,47.0,125.012,194714195586.0
151.078,0.0,90252.0,5067.0,47.0,125.018,194714208057.0
151.187,0.0,90252.0,5067.0,47.0,124.994,194714220537.0
151.277,0.0,90252.0,5067.0,47.0,124.984,194714232982.0
151.377,0.0,90252.0,5067.0,47.0,124.959,194714245467.0
151.495,0.0,90252.0,5067.0,47.0,124.959,194714257928.0
151.579,0.0,90252.0,5067.0,47.0,124.919,194714270428.0
151.676,0.0,90252.0,5067.0,47.0,124.943,194714282904.0
151.777,0.0,90252.0,5067.0,47.0,124.927,194714295438.0
151.884,0.0,90252.0,5067.0,47.0,124.92,194714307881.0
151.977,0.0,90252.0,5067.0,47.0,124.92,194714320397.0
152.079,0.0,90252.0,5067.0,47.0,124.893,194714320397.0
152.183,0.0,90252.0,5067.0,47.0,124.855,194714332833.0
152.277,0.0,90252.0,5067.0,47.0,124.867,194714345335.0
152.377,0.0,90252.0,5067.0,47.0,124.872,194714357786.0
152.486,0.0,90252.0,5067.0,47.0,124.882,194714370276.0
152.577,0.0,90252.0,5067.0,47.0,124.879,194714395221.0
152.678,0.0,90252.0,5067.0,47.0,124.864,194714407663.0
152.778,0.0,90252.0,5067.0,47.0,124.802,194714420167.0
152.877,0.0,90252.0,5067.0,47.0,124.815,194714432630.0
152.980,0.0,90252.0,5067.0,47.0,124.782,194714445103.0
153.077,0.0,90252.0,5067.0,47.0,124.797,194714457573.0
153.190,0.0,90252.0,5067.0,47.0,124.772,194714470035.0
153.277,0.0,90252.0,5067.0,47.0,124.783,194714482516.0
153.377,0.0,90252.0,5067.0,47.0,124.795,194714494992.0
153.491,0.0,90252.0,5067.0,47.0,124.815,194714507477.0
153.577,0.0,90252.0,5067.0,47.0,124.827,194714519947.0
153.677,0.0,90252.0,5067.0,47.0,124.886,194714532460.0
153.789,0.0,90252.0,5067.0,47.0,124.86,194714544908.0
153.877,0.0,90252.0,5067.0,47.0,124.857,194714557393.0
153.977,0.0,90252.0,5067.0,47.0,124.849,194714569842.0
154.085,0.0,90252.0,5067.0,47.0,124.88,194714582343.0
154.176,0.0,90252.0,5067.0,47.0,124.862,194714594777.0
154.277,0.0,90252.0,5067.0,47.0,124.858,194714607275.0
154.383,0.0,90252.0,5067.0,47.0,124.793,194714619670.0
154.477,0.0,90252.0,5067.0,47.0,124.782,194714632146.0
154.591,0.0,90252.0,5067.0,47.0,124.766,194714644588.0
154.678,0.0,90252.0,5067.0,47.0,124.734,194714657105.0
154.778,0.0,90252.0,5067.0,47.0,124.734,194714669516.0
154.890,0.0,90252.0,5067.0,47.0,124.719,194714669516.0
154.977,0.0,90252.0,5067.0,47.0,124.741,194714682023.0
155.077,0.0,90252.0,5067.0,47.0,124.776,194714694497.0
155.183,0.0,90252.0,5067.0,47.0,124.777,194714707010.0
155.277,0.0,90252.0,5067.0,47.0,124.786,194714719460.0
155.377,0.0,90252.0,5067.0,47.0,124.813,194714744406.0
155.490,0.0,90252.0,5067.0,47.0,124.829,194714756917.0
155.582,0.0,90252.0,5067.0,47.0,124.865,194714769338.0
155.677,0.0,90252.0,5067.0,47.0,124.809,194714781808.0
155.776,0.0,90252.0,5067.0,47.0,124.806,194714794242.0
155.880,0.0,90252.0,5067.0,47.0,124.804,194714806733.0
155.977,0.0,90252.0,5067.0,47.0,124.777,194714819188.0
156.083,0.0,90252.0,5067.0,47.0,124.743,194714831678.0
156.194,0.0,90252.0,5067.0,47.0,124.752,194714844108.0
156.277,0.0,90252.0,5067.0,47.0,124.705,194714856594.0
156.377,0.0,90252.0,5067.0,47.0,124.656,194714868998.0
156.494,0.0,90252.0,5067.0,47.0,124.669,194714881506.0
156.580,0.0,90252.0,5067.0,47.0,124.644,194714893910.0
156.677,0.0,90252.0,5067.0,47.0,124.683,194714906412.0
156.792,0.0,90252.0,5067.0,47.0,124.703,194714918850.0
156.880,0.0,90252.0,5067.0,47.0,124.688,194714931371.0
156.977,0.0,90252.0,5067.0,47.0,124.662,194714943790.0
157.077,0.0,90252.0,5067.0,47.0,124.692,194714956293.0
157.181,0.0,90252.0,5067.0,47.0,124.642,194714968697.0
157.277,0.0,90252.0,5067.0,47.0,124.681,194714981196.0
157.377,0.0,90252.0,5067.0,47.0,124.683,194714993639.0
157.495,0.0,90252.0,5067.0,47.0,124.696,194715006138.0
157.581,0.0,90252.0,5067.0,47.0,124.734,194715018589.0
157.677,0.0,90252.0,5067.0,47.0,124.766,194715018589.0
157.777,0.0,90252.0,5067.0,47.0,124.774,194715031127.0
157.880,0.0,90252.0,5067.0,47.0,124.758,194715043594.0
157.980,0.0,90252.0,5067.0,47.0,124.761,194715056098.0
158.076,0.0,90252.0,5067.0,47.0,124.754,194715068522.0
158.192,0.0,90252.0,5067.0,47.0,124.775,194715093445.0
158.283,0.0,90252.0,5067.0,47.0,124.766,194715105947.0
158.380,0.0,90252.0,5067.0,47.0,124.734,194715118351.0
158.477,0.0,90252.0,5067.0,47.0,124.722,194715130843.0
158.584,0.0,90252.0,5067.0,47.0,124.702,194715143280.0
158.677,0.0,90252.0,5067.0,47.0,124.627,194715155740.0
158.777,0.0,90252.0,5067.0,47.0,124.571,194715168142.0
158.884,0.0,90252.0,5067.0,47.0,124.574,194715180638.0
158.978,0.0,90252.0,5067.0,47.0,124.581,194715193072.0
159.078,0.0,90252.0,5067.0,47.0,124.607,194715205544.0
159.181,0.0,90252.0,5067.0,47.0,124.594,194715217983.0
159.277,0.0,90252.0,5067.0,47.0,124.638,194715230482.0
159.377,0.0,90252.0,5067.0,47.0,124.688,194715242945.0
159.487,0.0,90252.0,5067.0,46.0,124.704,194715255414.0
159.577,0.0,90252.0,5067.0,46.0,124.757,194715267895.0
159.690,0.0,90252.0,5067.0,47.0,124.751,194715280370.0
159.776,0.0,90252.0,5067.0,47.0,124.76,194715292809.0
159.878,0.0,90252.0,5067.0,46.0,124.794,194715305307.0
159.987,0.0,90252.0,5067.0,46.0,124.781,194715317755.0
160.078,0.0,90252.0,5067.0,46.0,124.802,194715330227.0
160.188,0.0,90252.0,5067.0,46.0,124.813,194715342703.0
160.277,0.0,90252.0,5067.0,46.0,124.768,194715355168.0
160.377,0.0,90252.0,5067.0,46.0,124.768,194715367630.0
160.482,0.0,90252.0,5067.0,46.0,124.751,194715367630.0
160.578,0.0,90252.0,5067.0,46.0,124.748,194715380071.0
160.693,0.0,90252.0,5067.0,46.0,124.722,194715392577.0
160.777,0.0,90252.0,5067.0,46.0,124.7,194715405006.0
160.877,0.0,90252.0,5067.0,46.0,124.73,194715417486.0
160.988,0.0,90252.0,5067.0,46.0,124.693,194715442370.0
161.077,0.0,90252.0,5067.0,46.0,124.675,194715454828.0
161.179,0.0,90252.0,5067.0,46.0,124.667,194715467295.0
161.278,0.0,90252.0,5067.0,46.0,124.618,194715479715.0
161.395,0.0,90252.0,5067.0,46.0,124.634,194715492187.0
161.487,0.0,90252.0,5067.0,46.0,124.619,194715504643.0
161.578,0.0,90252.0,5067.0,46.0,124.618,194715517131.0
161.678,0.0,90252.0,5067.0,46.0,124.666,194715529586.0
161.790,0.0,90252.0,5067.0,46.0,124.617,194715542035.0
161.877,0.0,90252.0,5067.0,46.0,124.619,194715554493.0
161.976,0.0,90252.0,5067.0,46.0,124.633,194715566980.0
162.084,0.0,90252.0,5067.0,46.0,124.595,194715579374.0
162.177,0.0,90252.0,5067.0,46.0,124.631,194715591858.0
162.278,0.0,90252.0,5067.0,46.0,124.646,194715604286.0
162.404,0.0,90252.0,5067.0,46.0,124.615,194715616747.0
162.478,0.0,90252.0,5067.0,46.0,124.583,194715629170.0
162.578,0.0,90252.0,5067.0,46.0,124.606,194715641652.0
162.684,0.0,90252.0,5067.0,46.0,124.587,194715654097.0
162.777,0.0,90252.0,5067.0,46.0,124.651,194715666596.0
162.877,0.0,90252.0,5067.0,46.0,124.666,194715679032.0
162.985,0.0,90252.0,5067.0,46.0,124.682,194715691504.0
163.078,0.0,90252.0,5067.0,46.0,124.725,194715703932.0
163.177,0.0,90252.0,5067.0,46.0,124.725,194715716403.0
163.292,0.0,90252.0,5067.0,46.0,124.69,194715716403.0
163.378,0.0,90252.0,5067.0,46.0,124.688,194715728818.0
163.478,0.0,90252.0,5067.0,46.0,124.667,194715741277.0
163.596,0.0,90252.0,5067.0,46.0,124.659,194715753676.0
163.692,0.0,90252.0,5067.0,46.0,124.643,194715766167.0
163.784,0.0,90252.0,5067.0,46.0,124.603,194715791058.0
163.879,0.0,90252.0,5067.0,46.0,124.573,194715803464.0
163.979,0.0,90252.0,5067.0,46.0,124.541,194715815912.0
164.078,0.0,90252.0,5067.0,46.0,124.513,194715828358.0
164.178,0.0,90252.0,5067.0,46.0,124.517,194715840827.0
164.296,0.0,90252.0,5067.0,46.0,124.498,194715853238.0
164.392,0.0,90252.0,5067.0,46.0,124.574,194715865743.0
164.483,0.0,90252.0,5067.0,46.0,124.583,194715878152.0
164.579,0.0,90252.0,5067.0,46.0,124.579,194715890635.0
164.678,0.0,90252.0,5067.0,46.0,124.604,194715903046.0
164.777,0.0,90252.0,5067.0,46.0,124.613,194715915541.0
164.877,0.0,90252.0,5067.0,46.0,124.592,194715927962.0
164.978,0.0,90252.0,5067.0,46.0,124.634,194715940442.0
165.077,0.0,90252.0,5067.0,46.0,124.616,194715952856.0
165.194,0.0,90252.0,5067.0,46.0,124.606,194715965337.0
165.294,0.0,90252.0,5067.0,46.0,124.567,194715977717.0
165.377,0.0,90252.0,5067.0,46.0,124.567,194715990203.0
165.479,0.0,90252.0,5067.0,46.0,124.599,194716002648.0
165.586,0.0,90252.0,5067.0,46.0,124.583,194716015117.0
165.677,0.0,90252.0,5067.0,46.0,124.573,194716027545.0
165.777,0.0,90252.0,5067.0,46.0,124.569,194716040025.0
165.892,0.0,90252.0,5067.0,46.0,124.567,194716052427.0
165.978,0.0,90252.0,5067.0,46.0,124.571,194716052427.0
166.077,0.0,90252.0,5067.0,46.0,124.574,194716064914.0
166.192,0.0,90252.0,5067.0,46.0,124.554,194716077343.0
166.278,0.0,90252.0,5067.0,46.0,124.592,194716089790.0
166.377,0.0,90252.0,5067.0,46.0,124.569,194716102209.0
166.490,0.0,90252.0,5067.0,46.0,124.499,194716127078.0
166.577,0.0,90252.0,5067.0,46.0,124.506,194716139555.0
166.677,0.0,90252.0,5067.0,46.0,124.462,194716151943.0
166.795,0.0,90252.0,5067.0,46.0,124.467,194716164403.0
166.882,0.0,90252.0,5067.0,46.0,124.481,194716176826.0
166.979,0.0,90252.0,5067.0,46.0,124.445,194716189303.0
167.094,0.0,90252.0,5067.0,46.0,124.412,194716201703.0
167.180,0.0,90252.0,5067.0,46.0,124.452,194716214158.0
167.278,0.0,90252.0,5067.0,46.0,124.449,194716226577.0
167.377,0.0,90252.0,5067.0,46.0,124.449,194716239048.0
167.477,0.0,90252.0,5067.0,46.0,124.473,194716251460.0
167.583,0.0,90252.0,5067.0,46.0,124.431,194716263887.0
167.677,0.0,90252.0,5067.0,46.0,124.439,194716276270.0
167.777,0.0,90252.0,5067.0,46.0,124.43,194716288734.0
167.886,0.0,90252.0,5067.0,46.0,124.408,194716301144.0
167.978,0.0,90252.0,5067.0,46.0,124.42,194716313593.0
168.077,0.0,90252.0,5067.0,46.0,124.447,194716326037.0
168.188,0.0,90252.0,5067.0,46.0,124.419,194716338500.0
168.278,0.0,90252.0,5067.0,46.0,124.393,194716350915.0
168.379,0.0,90252.0,5067.0,46.0,124.416,194716363376.0
168.495,0.0,90252.0,5067.0,46.0,124.453,194716375850.0
168.581,0.0,90252.0,5067.0,46.0,124.511,194716388316.0
168.678,0.0,90252.0,5067.0,46.0,124.528,194716388316.0
168.793,0.0,90252.0,5067.0,46.0,124.531,194716400711.0
168.881,0.0,90252.0,5067.0,46.0,124.536,194716413178.0
168.976,0.0,90252.0,5067.0,46.0,124.546,194716425598.0
169.093,0.0,90252.0,5067.0,46.0,124.514,194716438058.0
169.178,0.0,90252.0,5067.0,46.0,124.515,194716462922.0
169.277,0.0,90252.0,5067.0,46.0,124.51,194716475358.0
169.377,0.0,90252.0,5067.0,46.0,124.525,194716487787.0
169.477,0.0,90252.0,5067.0,46.0,124.488,194716500255.0
169.585,0.0,90252.0,5067.0,46.0,124.498,194716512722.0
169.683,0.0,90252.0,5067.0,46.0,124.476,194716525159.0
169.777,0.0,90252.0,5067.0,46.0,124.457,194716537575.0
169.877,0.0,90252.0,5067.0,46.0,124.434,194716550004.0
169.977,0.0,90252.0,5067.0,46.0,124.403,194716562421.0
170.091,0.0,90252.0,5067.0,46.0,124.403,194716574834.0
170.177,0.0,90252.0,5067.0,46.0,124.423,194716587300.0
170.277,0.0,90252.0,5067.0,46.0,124.433,194716599730.0
170.377,0.0,90252.0,5067.0,46.0,124.425,194716612188.0
170.477,0.0,90252.0,5067.0,46.0,124.397,194716624601.0
170.578,0.0,90252.0,5067.0,46.0,124.389,194716637055.0
170.693,0.0,90252.0,5067.0,46.0,124.435,194716649489.0
170.777,0.0,90252.0,5067.0,46.0,124.447,194716661952.0
170.877,0.0,90252.0,5067.0,46.0,124.462,194716674400.0
170.982,0.0,90252.0,5067.0,46.0,124.488,194716686809.0
171.077,0.0,90252.0,5067.0,46.0,124.468,194716699232.0
171.193,0.0,90252.0,5067.0,46.0,124.436,194716711645.0
171.278,0.0,90252.0,5067.0,46.0,124.445,194716724063.0
171.377,0.0,90252.0,5067.0,46.0,124.445,194716736533.0
171.477,0.0,90252.0,5067.0,46.0,124.464,194716736533.0
171.578,0.0,90252.0,5067.0,46.0,124.451,194716748949.0
171.678,0.0,90252.0,5067.0,46.0,124.468,194716761392.0
171.777,0.0,90252.0,5067.0,46.0,124.434,194716773828.0
171.887,0.0,90252.0,5067.0,46.0,124.449,194716786275.0
171.976,0.0,90252.0,5067.0,46.0,124.443,194716811170.0
172.077,0.0,90252.0,5067.0,46.0,124.461,194716823612.0
172.177,0.0,90252.0,5067.0,46.0,124.453,194716836032.0
172.277,0.0,90252.0,5067.0,46.0,124.492,194716848481.0
172.376,0.0,90252.0,5067.0,46.0,124.495,194716860901.0
172.477,0.0,90252.0,5067.0,46.0,124.477,194716873354.0
172.577,0.0,90252.0,5067.0,46.0,124.477,194716885737.0
172.675,0.0,90252.0,5067.0,46.0,124.436,194716898171.0
172.777,0.0,90252.0,5067.0,46.0,124.44,194716910615.0
172.878,0.0,90252.0,5067.0,46.0,124.389,194716923054.0
172.977,0.0,90252.0,5067.0,46.0,124.374,194716935456.0
173.097,0.0,90252.0,5067.0,46.0,124.377,194716947900.0
173.177,0.0,90252.0,5067.0,46.0,124.343,194716960298.0
173.298,0.0,90252.0,5067.0,46.0,124.327,194716972751.0
173.377,0.0,90252.0,5067.0,46.0,124.298,194716985165.0
173.493,0.0,90252.0,5067.0,46.0,124.313,194716997625.0
173.583,0.0,90252.0,5067.0,46.0,124.331,194717010036.0
173.682,0.0,90252.0,5067.0,46.0,124.324,194717022470.0
173.779,0.0,90252.0,5067.0,46.0,124.324,194717034885.0
173.876,0.0,90252.0,5067.0,46.0,124.297,194717047314.0
173.977,0.0,90252.0,5067.0,46.0,124.32,194717059717.0
174.077,0.0,90252.0,5067.0,46.0,124.34,194717072201.0
174.175,0.0,90252.0,5067.0,46.0,124.34,194717084581.0
174.277,0.0,90252.0,5067.0,46.0,124.33,194717084581.0
174.379,0.0,90252.0,5067.0,46.0,124.34,194717097017.0
174.476,0.0,90252.0,5067.0,46.0,124.368,194717109433.0
174.578,0.0,90252.0,5067.0,46.0,124.332,194717121884.0
174.679,0.0,90252.0,5067.0,46.0,124.364,194717134302.0
174.786,0.0,90252.0,5067.0,46.0,124.385,194717159179.0
174.878,0.0,90252.0,5067.0,46.0,124.396,194717171661.0
174.977,0.0,90252.0,5067.0,46.0,124.435,194717184079.0
175.077,0.0,90252.0,5067.0,46.0,124.491,194717196554.0
175.177,0.0,90252.0,5067.0,46.0,124.478,194717208958.0
175.277,0.0,90252.0,5067.0,46.0,124.51,194717221397.0
175.377,0.0,90252.0,5067.0,46.0,124.487,194717233792.0
175.477,0.0,90252.0,5067.0,46.0,124.472,194717246287.0
175.586,0.0,90252.0,5067.0,46.0,124.473,194717258675.0
175.678,0.0,90252.0,5067.0,46.0,124.454,194717271152.0
175.776,0.0,90252.0,5067.0,46.0,124.444,194717283501.0
175.875,0.0,90252.0,5067.0,46.0,124.447,194717296020.0
175.990,0.0,90252.0,5067.0,46.0,124.394,194717308405.0
176.077,0.0,90252.0,5067.0,46.0,124.364,194717320834.0
176.177,0.0,90252.0,5067.0,46.0,124.353,194717333252.0
176.277,0.0,90252.0,5067.0,46.0,124.368,194717345712.0
176.377,0.0,90252.0,5067.0,46.0,124.432,194717358105.0
176.477,0.0,90252.0,5067.0,46.0,124.412,194717370566.0
176.587,0.0,90252.0,5067.0,46.0,124.363,194717382964.0
176.676,0.0,90252.0,5067.0,46.0,124.352,194717395403.0
176.777,0.0,90252.0,5067.0,46.0,124.416,194717407816.0
176.892,0.0,90252.0,5067.0,46.0,124.372,194717420268.0
176.981,0.0,90252.0,5067.0,46.0,124.4,194717432673.0
177.077,0.0,90252.0,5067.0,46.0,124.403,194717432673.0
177.177,0.0,90252.0,5067.0,46.0,124.433,194717445132.0
177.278,0.0,90252.0,5067.0,46.0,124.411,194717457536.0
177.375,0.0,90252.0,5067.0,46.0,124.424,194717469979.0
177.477,0.0,90252.0,5067.0,46.0,124.394,194717482403.0
177.590,0.0,90252.0,5067.0,46.0,124.409,194717507250.0
177.683,0.0,90252.0,5067.0,46.0,124.41,194717519704.0
177.777,0.0,90252.0,5067.0,46.0,124.421,194717532112.0
177.877,0.0,90252.0,5067.0,46.0,124.409,194717544614.0
177.989,0.0,90252.0,5067.0,46.0,124.412,194717556979.0
178.076,0.0,90252.0,5067.0,46.0,124.381,194717569460.0
178.177,0.0,90252.0,5067.0,46.0,124.399,194717581829.0
178.293,0.0,90252.0,5067.0,46.0,124.408,194717594310.0
178.378,0.0,90252.0,5067.0,46.0,124.344,194717606717.0
178.477,0.0,90252.0,5067.0,46.0,124.34,194717619152.0
178.577,0.0,90252.0,5067.0,46.0,124.328,194717631533.0
178.687,0.0,90252.0,5067.0,46.0,124.353,194717643999.0
178.776,0.0,90252.0,5067.0,46.0,124.285,194717656403.0
178.877,0.0,90252.0,5067.0,46.0,124.302,194717668850.0
178.977,0.0,90252.0,5067.0,46.0,124.342,194717681281.0
179.092,0.0,90252.0,5067.0,46.0,124.333,194717693746.0
179.185,0.0,90252.0,5067.0,46.0,124.306,194717706120.0
179.276,0.0,90252.0,5067.0,46.0,124.275,194717718580.0
179.377,0.0,90252.0,5067.0,46.0,124.289,194717730940.0
179.477,0.0,90252.0,5067.0,46.0,124.283,194717743395.0
179.577,0.0,90252.0,5067.0,46.0,124.298,194717755786.0
179.678,0.0,90252.0,5067.0,46.0,124.275,194717768240.0
179.790,0.0,90252.0,5067.0,46.0,124.275,194717780595.0
179.882,0.0,90252.0,5067.0,46.0,124.21,194717780595.0
179.976,0.0,90252.0,5067.0,46.0,124.21,194717793033.0
180.077,0.0,90252.0,5067.0,46.0,124.184,194717805404.0
180.175,0.0,90252.0,5067.0,46.0,124.197,194717817875.0
180.289,0.0,90252.0,5067.0,46.0,124.217,194717842722.0
180.382,0.0,90252.0,5067.0,46.0,124.196,194717855101.0
180.477,0.0,90252.0,5067.0,46.0,124.226,194717867559.0
180.578,0.0,90252.0,5067.0,46.0,124.232,194717879956.0
180.677,0.0,90252.0,5067.0,46.0,124.27,194717892430.0
180.778,0.0,90252.0,5067.0,46.0,124.245,194717904772.0
180.877,0.0,90252.0,5067.0,46.0,124.276,194717917233.0
180.977,0.0,90252.0,5067.0,46.0,124.286,194717929645.0
181.093,0.0,90252.0,5067.0,46.0,124.328,194717942116.0
181.182,0.0,90252.0,5067.0,46.0,124.294,194717954502.0
181.277,0.0,90252.0,5067.0,46.0,124.359,194717966964.0
181.386,0.0,90252.0,5067.0,46.0,124.357,194717979360.0
181.484,0.0,90252.0,5067.0,46.0,124.341,194717991812.0
181.576,0.0,90252.0,5067.0,46.0,124.352,194718004215.0
181.676,0.0,90252.0,5067.0,46.0,124.338,194718016671.0
181.777,0.0,90252.0,5067.0,46.0,124.329,194718029058.0
181.885,0.0,90252.0,5067.0,46.0,124.355,194718041523.0
181.979,0.0,90252.0,5067.0,46.0,124.333,194718053889.0
182.077,0.0,90252.0,5067.0,46.0,124.318,194718066376.0
182.177,0.0,90252.0,5067.0,46.0,124.312,194718078739.0
182.277,0.0,90252.0,5067.0,46.0,124.283,194718091210.0
182.377,0.0,90252.0,5067.0,46.0,124.271,194718103595.0
182.486,0.0,90252.0,5067.0,46.0,124.297,194718116065.0
182.577,0.0,90252.0,5067.0,46.0,124.268,194718128408.0
182.678,0.0,90252.0,5067.0,46.0,124.241,194718128408.0
182.777,0.0,90252.0,5067.0,46.0,124.244,194718140882.0
182.876,0.0,90252.0,5067.0,46.0,124.263,194718153246.0
182.992,0.0,90252.0,5067.0,46.0,124.258,194718165703.0
183.084,0.0,90252.0,5067.0,46.0,124.314,194718178111.0
183.177,0.0,90252.0,5067.0,46.0,124.308,194718202965.0
183.278,0.0,90252.0,5067.0,46.0,124.304,194718215427.0
183.377,0.0,90252.0,5067.0,46.0,124.343,194718227833.0
183.477,0.0,90252.0,5067.0,46.0,124.374,194718240292.0
183.577,0.0,90252.0,5067.0,46.0,124.35,194718252649.0
183.692,0.0,90252.0,5067.0,46.0,124.361,194718265125.0
183.786,0.0,90252.0,5067.0,46.0,124.323,194718277503.0
183.878,0.0,90252.0,5067.0,46.0,124.344,194718289945.0
183.978,0.0,90252.0,5067.0,46.0,124.28,194718302302.0
184.078,0.0,90252.0,5067.0,46.0,124.263,194718314766.0
184.179,0.0,90252.0,5067.0,46.0,124.256,194718327146.0
184.276,0.0,90252.0,5067.0,46.0,124.253,194718339635.0
184.396,0.0,90252.0,5067.0,46.0,124.274,194718352035.0
184.491,0.0,90252.0,5067.0,46.0,124.277,194718364510.0
184.587,0.0,90252.0,5067.0,46.0,124.284,194718376882.0
184.679,0.0,90252.0,5067.0,46.0,124.238,194718389328.0
184.777,0.0,90252.0,5067.0,46.0,124.261,194718401708.0
184.895,0.0,90252.0,5067.0,46.0,124.264,194718414176.0
184.983,0.0,90252.0,5067.0,46.0,124.298,194718426532.0
185.077,0.0,90252.0,5067.0,46.0,124.292,194718438989.0
185.177,0.0,90252.0,5067.0,46.0,124.251,194718451360.0
185.292,0.0,90252.0,5067.0,46.0,124.267,194718463842.0
185.392,0.0,90252.0,5067.0,46.0,124.234,194718476217.0
185.484,0.0,90252.0,5067.0,46.0,124.187,194718488707.0
185.578,0.0,90252.0,5067.0,46.0,124.241,194718488707.0
185.678,0.0,90252.0,5067.0,46.0,124.304,194718501105.0
185.784,0.0,90252.0,5067.0,46.0,124.316,194718513572.0
185.878,0.0,90252.0,5067.0,46.0,124.32,194718525952.0
185.977,0.0,90252.0,5067.0,46.0,124.317,194718538418.0
186.077,0.0,90252.0,5067.0,46.0,124.341,194718563308.0
186.182,0.0,90252.0,5067.0,46.0,124.394,194718575694.0
186.277,0.0,90252.0,5067.0,46.0,124.412,194718588158.0
186.377,0.0,90252.0,5067.0,46.0,124.354,194718600518.0
186.491,0.0,90252.0,5067.0,46.0,124.364,194718612960.0
186.578,0.0,90252.0,5067.0,46.0,124.309,194718625335.0
186.678,0.0,90252.0,5067.0,46.0,124.297,194718637777.0
186.777,0.0,90252.0,5067.0,46.0,124.265,194718650159.0
186.884,0.0,90252.0,5067.0,46.0,124.26,194718662614.0
186.976,0.0,90252.0,5067.0,46.0,124.26,194718674981.0
187.077,0.0,90252.0,5067.0,46.0,124.215,194718687444.0
187.191,0.0,90252.0,5067.0,46.0,124.192,194718699844.0
187.280,0.0,90252.0,5067.0,46.0,124.241,194718712334.0
187.377,0.0,90252.0,5067.0,46.0,124.234,194718724701.0
187.478,0.0,90252.0,5067.0,46.0,124.24,194718737166.0
187.590,0.0,90252.0,5067.0,46.0,124.253,194718749501.0
187.677,0.0,90252.0,5067.0,46.0,124.257,194718761974.0
187.777,0.0,90252.0,5067.0,46.0,124.262,194718774370.0
187.877,0.0,90252.0,5067.0,46.0,124.25,194718786823.0
187.986,0.0,90252.0,5067.0,46.0,124.274,194718799199.0
188.077,0.0,90252.0,5067.0,46.0,124.28,194718811661.0
188.178,0.0,90252.0,5067.0,46.0,124.251,194718824076.0
188.278,0.0,90252.0,5067.0,46.0,124.272,194718824076.0
188.378,0.0,90252.0,5067.0,46.0,124.336,194718836552.0
188.484,0.0,90252.0,5067.0,46.0,124.365,194718848973.0
188.577,0.0,90252.0,5067.0,46.0,124.454,194718861458.0
188.677,0.0,90252.0,5067.0,46.0,124.457,194718873876.0
188.790,0.0,90252.0,5067.0,46.0,124.47,194718898758.0
188.877,0.0,90252.0,5067.0,46.0,124.461,194718911226.0
188.977,0.0,90252.0,5067.0,46.0,124.54,194718923619.0
189.076,0.0,90252.0,5067.0,46.0,124.503,194718936064.0
189.191,0.0,90252.0,5067.0,46.0,124.492,194718948451.0
189.280,0.0,90252.0,5067.0,46.0,124.478,194718960934.0
189.381,0.0,90252.0,5067.0,46.0,124.48,194718973315.0
189.481,0.0,90252.0,5067.0,46.0,124.442,194718985798.0
189.576,0.0,90252.0,5067.0,46.0,124.385,194718998160.0
189.677,0.0,90252.0,5067.0,46.0,124.361,194719010645.0
189.790,0.0,90252.0,5067.0,46.0,124.34,194719023002.0
189.881,0.0,90252.0,5067.0,46.0,124.343,194719035460.0
189.976,0.0,90252.0,5067.0,46.0,124.355,194719047853.0
190.077,0.0,90252.0,5067.0,46.0,124.402,194719060349.0
190.187,0.0,90252.0,5067.0,46.0,124.419,194719072744.0
190.276,0.0,90252.0,5067.0,46.0,124.384,194719085222.0
190.392,0.0,90252.0,5067.0,46.0,124.363,194719097568.0
190.477,0.0,90252.0,5067.0,46.0,124.388,194719110055.0
190.591,0.0,90252.0,5067.0,46.0,124.4,194719122462.0
190.677,0.0,90252.0,5067.0,46.0,124.4,194719134937.0
190.776,0.0,90252.0,5067.0,46.0,124.441,194719147333.0
190.887,0.0,90252.0,5067.0,46.0,124.484,194719159821.0
190.977,0.0,90252.0,5067.0,46.0,124.484,194719172266.0
191.077,0.0,90252.0,5067.0,46.0,124.535,194719172266.0
191.177,0.0,90252.0,5067.0,46.0,124.461,194719184736.0
191.285,0.0,90252.0,5067.0,46.0,124.465,194719197118.0
191.377,0.0,90252.0,5067.0,46.0,124.462,194719209595.0
191.477,0.0,90252.0,5067.0,46.0,124.52,194719221984.0
191.577,0.0,90252.0,5067.0,46.0,124.506,194719246899.0
191.677,0.0,90252.0,5067.0,46.0,124.549,194719259393.0
191.793,0.0,90252.0,5067.0,46.0,124.532,194719271778.0
191.883,0.0,90252.0,5067.0,46.0,124.557,194719284245.0
191.976,0.0,90252.0,5067.0,46.0,124.492,194719296637.0
192.077,0.0,90252.0,5067.0,46.0,124.462,194719309073.0
192.176,0.0,90252.0,5067.0,46.0,124.444,194719321490.0
192.288,0.0,90252.0,5067.0,46.0,124.498,194719333996.0
192.395,0.0,90252.0,5067.0,46.0,124.461,194719346328.0
192.477,0.0,90252.0,5067.0,46.0,124.429,194719358823.0
192.595,0.0,90252.0,5067.0,46.0,124.418,194719371186.0
192.686,0.0,90252.0,5067.0,46.0,124.394,194719383667.0
192.777,0.0,90252.0,5067.0,46.0,124.369,194719396056.0
192.877,0.0,90252.0,5067.0,46.0,124.343,194719408523.0
192.992,0.0,90252.0,5067.0,46.0,124.354,194719420915.0
193.077,0.0,90252.0,5067.0,46.0,124.357,194719433427.0
193.177,0.0,90252.0,5067.0,46.0,124.407,194719445791.0
193.277,0.0,90252.0,5067.0,46.0,124.357,194719458297.0
193.377,0.0,90252.0,5067.0,46.0,124.4,194719470695.0
193.478,0.0,90252.0,5067.0,46.0,124.44,194719483173.0
193.589,0.0,90252.0,5067.0,46.0,124.396,194719495567.0
193.696,0.0,90252.0,5067.0,46.0,124.422,194719508040.0
193.776,0.0,90252.0,5067.0,46.0,124.412,194719520449.0
193.876,0.0,90252.0,5067.0,46.0,124.399,194719532886.0
193.981,0.0,90252.0,5067.0,46.0,124.419,194719532886.0
194.077,0.0,90252.0,5067.0,46.0,124.397,194719545267.0
194.176,0.0,90252.0,5067.0,46.0,124.378,194719557740.0
194.277,0.0,90252.0,5067.0,46.0,124.43,194719570146.0
194.390,0.0,90252.0,5067.0,46.0,124.359,194719582627.0
194.480,0.0,90252.0,5067.0,46.0,124.372,194719607485.0
194.577,0.0,90252.0,5067.0,46.0,124.354,194719619888.0
194.677,0.0,90252.0,5067.0,46.0,124.359,194719632359.0
194.777,0.0,90252.0,5067.0,46.0,124.37,194719644764.0
194.885,0.0,90252.0,5067.0,46.0,124.406,194719657229.0
194.977,0.0,90252.0,5067.0,46.0,124.412,194719669647.0
195.077,0.0,90252.0,5067.0,46.0,124.44,194719682107.0
195.191,0.0,90252.0,5067.0,46.0,124.428,194719694496.0
195.281,0.0,90252.0,5067.0,46.0,124.413,194719706970.0
195.377,0.0,90252.0,5067.0,46.0,124.457,194719719405.0
195.476,0.0,90252.0,5067.0,46.0,124.456,194719731887.0
195.577,0.0,90252.0,5067.0,46.0,124.479,194719744301.0
195.677,0.0,90252.0,5067.0,46.0,124.549,194719756807.0
195.777,0.0,90252.0,5067.0,46.0,124.515,194719769197.0
195.890,0.0,90252.0,5067.0,46.0,124.538,194719781670.0
195.977,0.0,90252.0,5067.0,46.0,124.502,194719794062.0
196.077,0.0,90252.0,5067.0,46.0,124.522,194719806540.0
196.188,0.0,90252.0,5067.0,46.0,124.5,194719818938.0
196.281,0.0,90252.0,5067.0,46.0,124.524,194719831422.0
196.377,0.0,90252.0,5067.0,46.0,124.442,194719843789.0
196.476,0.0,90252.0,5067.0,46.0,124.417,194719856271.0
196.590,0.0,90252.0,5067.0,46.0,124.416,194719868695.0
196.676,0.0,90252.0,5067.0,46.0,124.434,194719868695.0
196.777,0.0,90252.0,5067.0,46.0,124.427,194719881215.0
196.891,0.0,90252.0,5067.0,46.0,124.419,194719893586.0
196.976,0.0,90252.0,5067.0,46.0,124.451,194719906081.0
197.077,0.0,90252.0,5067.0,46.0,124.463,194719918492.0
197.188,0.0,90252.0,5067.0,46.0,124.467,194719943386.0
197.277,0.0,90252.0,5067.0,46.0,124.48,194719955880.0
197.377,0.0,90252.0,5067.0,46.0,124.503,194719968272.0
197.478,0.0,90252.0,5067.0,46.0,124.56,194719980755.0
197.579,0.0,90252.0,5067.0,46.0,124.526,194719993123.0
197.677,0.0,90252.0,5067.0,46.0,124.472,194720005625.0
197.794,0.0,90252.0,5067.0,46.0,124.5,194720018024.0
197.877,0.0,90252.0,5067.0,46.0,124.527,194720030494.0
197.977,0.0,90252.0,5067.0,46.0,124.424,194720042855.0
198.076,0.0,90252.0,5067.0,46.0,124.446,194720055328.0
198.180,0.0,90252.0,5067.0,46.0,124.441,194720067771.0
198.277,0.0,90252.0,5067.0,46.0,124.462,194720080265.0
198.395,0.0,90252.0,5067.0,46.0,124.45,194720092658.0
198.488,0.0,90252.0,5067.0,46.0,124.483,194720105162.0
198.577,0.0,90252.0,5067.0,46.0,124.464,194720117560.0
198.677,0.0,90252.0,5067.0,46.0,124.51,194720130063.0
198.777,0.0,90252.0,5067.0,46.0,124.5,194720142473.0
198.877,0.0,90252.0,5067.0,46.0,124.59,194720154983.0
198.977,0.0,90252.0,5067.0,46.0,124.592,194720167397.0
199.083,0.0,90252.0,5067.0,46.0,124.547,194720179866.0
199.177,0.0,90252.0,5067.0,46.0,124.508,194720192253.0
199.276,0.0,90252.0,5067.0,46.0,124.485,194720204708.0
199.394,0.0,90252.0,5067.0,46.0,124.475,194720217110.0
199.479,0.0,90252.0,5067.0,46.0,124.475,194720217110.0
199.584,0.0,90252.0,5067.0,46.0,124.453,194720229568.0
199.677,0.0,90252.0,5067.0,46.0,124.454,194720241959.0
199.777,0.0,90252.0,5067.0,46.0,124.463,194720254461.0
199.893,0.0,90252.0,5067.0,46.0,124.446,194720266887.0
199.977,0.0,90252.0,5067.0,46.0,124.403,194720291763.0
200.076,0.0,90252.0,5067.0,46.0,124.429,194720304260.0
200.176,0.0,90252.0,5067.0,46.0,124.467,194720316677.0
200.290,0.0,90252.0,5067.0,46.0,124.541,194720329178.0
200.377,0.0,90252.0,5067.0,46.0,124.543,194720341578.0
200.477,0.0,90252.0,5067.0,46.0,124.593,194720354093.0
200.587,0.0,90252.0,5067.0,46.0,124.642,194720366524.0
200.677,0.0,90252.0,5067.0,46.0,124.686,194720379029.0
200.777,0.0,90252.0,5067.0,46.0,124.626,194720391418.0
200.893,0.0,90252.0,5067.0,46.0,124.683,194720403913.0
200.977,0.0,90252.0,5067.0,46.0,124.576,194720416269.0
201.077,0.0,90252.0,5067.0,46.0,124.638,194720428776.0
201.190,0.0,90252.0,5067.0,46.0,124.572,194720441163.0
201.278,0.0,90252.0,5067.0,46.0,124.542,194720453626.0
201.376,0.0,90252.0,5067.0,46.0,124.485,194720466030.0
201.495,0.0,90252.0,5067.0,46.0,124.526,194720478540.0
201.577,0.0,90252.0,5067.0,46.0,124.467,194720490937.0
201.677,0.0,90252.0,5067.0,46.0,124.446,194720503408.0
201.776,0.0,90252.0,5067.0,46.0,124.447,194720515839.0
201.888,0.0,90252.0,5067.0,46.0,124.484,194720528310.0
201.977,0.0,90252.0,5067.0,46.0,124.477,194720540727.0
202.077,0.0,90252.0,5067.0,46.0,124.467,194720553212.0
202.188,0.0,90252.0,5067.0,46.0,124.507,194720553212.0
202.277,0.0,90252.0,5067.0,46.0,124.534,194720565575.0
202.377,0.0,90252.0,5067.0,46.0,124.521,194720578060.0
202.487,0.0,90252.0,5067.0,46.0,124.523,194720590472.0
202.579,0.0,90252.0,5067.0,46.0,124.526,194720602966.0
202.676,0.0,90252.0,5067.0,46.0,124.512,194720627861.0
202.780,0.0,90252.0,5067.0,46.0,124.524,194720640303.0
202.885,0.0,90252.0,5067.0,46.0,124.537,194720652769.0
202.977,0.0,90252.0,5067.0,46.0,124.538,194720665197.0
203.085,0.0,90252.0,5067.0,46.0,124.562,194720677696.0
203.176,0.0,90252.0,5067.0,46.0,124.585,194720690122.0
203.277,0.0,90252.0,5067.0,46.0,124.62,194720702626.0
203.408,0.0,90252.0,5067.0,46.0,124.65,194720715044.0
203.479,0.0,90252.0,5067.0,46.0,124.628,194720727522.0
203.580,0.0,90252.0,5067.0,46.0,124.705,194720739938.0
203.676,0.0,90252.0,5067.0,47.0,124.657,194720752446.0
203.776,0.0,90252.0,5067.0,46.0,124.691,194720764874.0
203.879,0.0,90252.0,5067.0,46.0,124.672,194720777374.0
203.977,0.0,90252.0,5067.0,47.0,124.722,194720789814.0
204.085,0.0,90252.0,5067.0,47.0,124.724,194720802321.0
204.177,0.0,90252.0,5067.0,47.0,124.733,194720814758.0
204.277,0.0,90252.0,5067.0,47.0,124.684,194720827243.0
204.399,0.0,90252.0,5067.0,46.0,124.734,194720839670.0
204.477,0.0,90252.0,5067.0,46.0,124.702,194720852184.0
204.577,0.0,90252.0,5067.0,47.0,124.661,194720864592.0
204.688,0.0,90252.0,5067.0,47.0,124.688,194720877076.0
204.777,0.0,90252.0,5067.0,47.0,124.687,194720889505.0
204.877,0.0,90252.0,5067.0,47.0,124.687,194720901980.0
204.994,0.0,90252.0,5067.0,47.0,124.663,194720901980.0
205.084,0.0,90252.0,5067.0,47.0,124.601,194720914361.0
205.178,0.0,90252.0,5067.0,47.0,124.581,194720926822.0
205.277,0.0,90252.0,5067.0,47.0,124.602,194720939246.0
205.386,0.0,90252.0,5067.0,47.0,124.612,194720951725.0
205.477,0.0,90252.0,5067.0,47.0,124.563,194720976625.0
205.577,0.0,90252.0,5067.0,47.0,124.519,194720989025.0
205.686,0.0,90252.0,5067.0,47.0,124.545,194721001509.0
205.777,0.0,90252.0,5067.0,47.0,124.502,194721013940.0
205.878,0.0,90252.0,5067.0,47.0,124.518,194721026451.0
205.977,0.0,90252.0,5067.0,47.0,124.542,194721038879.0
206.077,0.0,90252.0,5067.0,47.0,124.592,194721051363.0
206.192,0.0,90252.0,5067.0,47.0,124.536,194721063777.0
206.278,0.0,90252.0,5067.0,47.0,124.545,194721076271.0
206.378,0.0,90252.0,5067.0,47.0,124.543,194721088710.0
206.492,0.0,90252.0,5067.0,47.0,124.573,194721101185.0
206.578,0.0,90252.0,5067.0,47.0,124.563,194721113600.0
206.681,0.0,90252.0,5067.0,47.0,124.562,194721126057.0
206.777,0.0,90252.0,5067.0,47.0,124.58,194721138491.0
206.877,0.0,90252.0,5067.0,47.0,124.574,194721150937.0
206.978,0.0,90252.0,5067.0,47.0,124.551,194721163389.0
207.076,0.0,90252.0,5067.0,47.0,124.574,194721175857.0
207.177,0.0,90252.0,5067.0,47.0,124.576,194721188268.0
207.287,0.0,90252.0,5067.0,47.0,124.564,194721200752.0
207.381,0.0,90252.0,5067.0,47.0,124.545,194721213189.0
207.477,0.0,90252.0,5067.0,47.0,124.567,194721225685.0
207.577,0.0,90252.0,5067.0,47.0,124.648,194721238146.0
207.690,0.0,90252.0,5067.0,47.0,124.68,194721250657.0
207.777,0.0,90252.0,5067.0,47.0,124.686,194721250657.0
207.877,0.0,90252.0,5067.0,47.0,124.689,194721263083.0
207.989,0.0,90252.0,5067.0,47.0,124.694,194721275571.0
208.079,0.0,90252.0,5067.0,47.0,124.697,194721287997.0
208.175,0.0,90252.0,5067.0,47.0,124.759,194721300499.0
208.277,0.0,90252.0,5067.0,47.0,124.772,194721325436.0
208.391,0.0,90252.0,5067.0,47.0,124.698,194721337852.0
208.479,0.0,90252.0,5067.0,47.0,124.748,194721350340.0
208.575,0.0,90252.0,5067.0,47.0,124.696,194721362783.0
208.677,0.0,90252.0,5067.0,47.0,124.681,194721375232.0
208.784,0.0,90252.0,5067.0,47.0,124.656,194721387698.0
208.877,0.0,90252.0,5067.0,47.0,124.667,194721400190.0
208.977,0.0,90252.0,5067.0,47.0,124.66,194721412619.0
209.081,0.0,90252.0,5067.0,47.0,124.667,194721425130.0
209.177,0.0,90252.0,5067.0,47.0,124.639,194721437571.0
209.277,0.0,90252.0,5067.0,47.0,124.67,194721450069.0
209.388,0.0,90252.0,5067.0,47.0,124.678,194721462515.0
209.493,0.0,90252.0,5067.0,47.0,124.667,194721474970.0
209.577,0.0,90252.0,5067.0,47.0,124.673,194721487416.0
209.686,0.0,90252.0,5067.0,47.0,124.692,194721499856.0
209.776,0.0,90252.0,5067.0,47.0,124.685,194721512322.0
209.877,0.0,90252.0,5067.0,47.0,124.708,194721524799.0
209.984,0.0,90252.0,5067.0,47.0,124.724,194721537246.0
210.077,0.0,90252.0,5067.0,47.0,124.712,194721549715.0
210.191,0.0,90252.0,5067.0,47.0,124.661,194721562174.0
210.276,0.0,90252.0,5067.0,47.0,124.686,194721574611.0
210.377,0.0,90252.0,5067.0,47.0,124.703,194721587087.0
210.492,0.0,90252.0,5067.0,47.0,124.703,194721599563.0
210.577,0.0,90252.0,5067.0,47.0,124.719,194721599563.0
210.680,0.0,90252.0,5067.0,47.0,124.686,194721612022.0
210.791,0.0,90252.0,5067.0,47.0,124.746,194721624483.0
210.877,0.0,90252.0,5067.0,47.0,124.729,194721636954.0
210.975,0.0,90252.0,5067.0,47.0,124.724,194721649426.0
211.090,0.0,90252.0,5067.0,47.0,124.739,194721674400.0
211.177,0.0,90252.0,5067.0,47.0,124.791,194721686880.0
211.277,0.0,90252.0,5067.0,47.0,124.799,194721699365.0
211.389,0.0,90252.0,5067.0,47.0,124.767,194721711781.0
211.477,0.0,90252.0,5067.0,47.0,124.749,194721724253.0
211.576,0.0,90252.0,5067.0,47.0,124.728,194721736702.0
211.688,0.0,90252.0,5067.0,47.0,124.751,194721749201.0
211.776,0.0,90252.0,5067.0,47.0,124.77,194721761700.0
211.878,0.0,90252.0,5067.0,47.0,124.751,194721774164.0
211.979,0.0,90252.0,5067.0,47.0,124.757,194721786629.0
212.076,0.0,90252.0,5067.0,47.0,124.745,194721799094.0
212.189,0.0,90252.0,5067.0,47.0,124.722,194721811571.0
212.277,0.0,90252.0,5067.0,47.0,124.705,194721824040.0
212.377,0.0,90252.0,5067.0,47.0,124.741,194721836518.0
212.487,0.0,90252.0,5067.0,47.0,124.784,194721848968.0
212.577,0.0,90252.0,5067.0,47.0,124.779,194721861434.0
212.677,0.0,90252.0,5067.0,47.0,124.767,194721873899.0
212.775,0.0,90252.0,5067.0,47.0,124.74,194721886363.0
212.877,0.0,90252.0,5067.0,47.0,124.748,194721898847.0
212.979,0.0,90252.0,5067.0,47.0,124.771,194721911327.0
213.076,0.0,90252.0,5067.0,47.0,124.784,194721923789.0
213.177,0.0,90252.0,5067.0,47.0,124.818,194721936260.0
213.283,0.0,90252.0,5067.0,47.0,124.806,194721948739.0
213.377,0.0,90252.0,5067.0,47.0,124.835,194721948739.0
213.477,0.0,90252.0,5067.0,47.0,124.815,194721961230.0
213.578,0.0,90252.0,5067.0,47.0,124.858,194721973703.0
213.683,0.0,90252.0,5067.0,47.0,124.839,194721986181.0
213.777,0.0,90252.0,5067.0,47.0,124.849,194721998623.0
213.877,0.0,90252.0,5067.0,47.0,124.829,194722023564.0
213.980,0.0,90252.0,5067.0,47.0,124.794,194722036035.0
214.077,0.0,90252.0,5067.0,47.0,124.779,194722048496.0
214.177,0.0,90252.0,5067.0,47.0,124.78,194722060995.0
214.283,0.0,90252.0,5067.0,47.0,124.811,194722073483.0
214.377,0.0,90252.0,5067.0,47.0,124.798,194722085973.0
214.477,0.0,90252.0,5067.0,47.0,124.813,194722098443.0
214.577,0.0,90252.0,5067.0,47.0,124.838,194722110948.0
214.679,0.0,90252.0,5067.0,47.0,124.811,194722123388.0
214.777,0.0,90252.0,5067.0,47.0,124.829,194722135864.0
214.878,0.0,90252.0,5067.0,47.0,124.815,194722148327.0
214.980,0.0,90252.0,5067.0,47.0,124.843,194722160800.0
215.075,0.0,90252.0,5067.0,47.0,124.828,194722173250.0
215.176,0.0,90252.0,5067.0,47.0,124.815,194722185731.0
215.282,0.0,90252.0,5067.0,47.0,124.742,194722198185.0
215.377,0.0,90252.0,5067.0,47.0,124.771,194722210680.0
215.476,0.0,90252.0,5067.0,47.0,124.722,194722223125.0
215.577,0.0,90252.0,5067.0,47.0,124.718,194722235649.0
215.679,0.0,90252.0,5067.0,47.0,124.754,194722248118.0
215.777,0.0,90252.0,5067.0,47.0,124.804,194722260648.0
215.877,0.0,90252.0,5067.0,47.0,124.826,194722273097.0
215.982,0.0,90252.0,5067.0,47.0,124.823,194722285590.0
216.075,0.0,90252.0,5067.0,47.0,124.823,194722298054.0
216.195,0.0,90252.0,5067.0,47.0,124.874,194722298054.0
216.279,0.0,90252.0,5067.0,47.0,124.886,194722310536.0
216.377,0.0,90252.0,5067.0,47.0,124.884,194722323000.0
216.495,0.0,90252.0,5067.0,47.0,124.866,194722335486.0
216.578,0.0,90252.0,5067.0,47.0,124.845,194722347935.0
216.677,0.0,90252.0,5067.0,47.0,124.833,194722372894.0
216.789,0.0,90252.0,5067.0,47.0,124.787,194722385378.0
216.878,0.0,90252.0,5067.0,47.0,124.769,194722397820.0
216.977,0.0,90252.0,5067.0,47.0,124.792,194722410332.0
217.082,0.0,90252.0,5067.0,47.0,124.834,194722422830.0
217.176,0.0,90252.0,5067.0,47.0,124.847,194722435317.0
217.277,0.0,90252.0,5067.0,47.0,124.789,194722447736.0
217.398,0.0,90252.0,5067.0,47.0,124.771,194722460204.0
217.477,0.0,90252.0,5067.0,47.0,124.75,194722472656.0
217.576,0.0,90252.0,5067.0,47.0,124.83,194722485201.0
217.681,0.0,90252.0,5067.0,47.0,124.794,194722497646.0
217.777,0.0,90252.0,5067.0,47.0,124.829,194722510158.0
217.878,0.0,90252.0,5067.0,47.0,124.802,194722522594.0
217.980,0.0,90252.0,5067.0,47.0,124.877,194722535116.0
218.077,0.0,90252.0,5067.0,47.0,124.803,194722547552.0
218.189,0.0,90252.0,5067.0,47.0,124.85,194722560076.0
218.277,0.0,90252.0,5067.0,47.0,124.873,194722572538.0
218.378,0.0,90252.0,5067.0,47.0,124.904,194722585037.0
218.488,0.0,90252.0,5067.0,47.0,124.904,194722597485.0
218.577,0.0,90252.0,5067.0,47.0,124.903,194722610003.0
218.677,0.0,90252.0,5067.0,47.0,124.9,194722622466.0
218.782,0.0,90252.0,5067.0,47.0,124.932,194722635002.0
218.877,0.0,90252.0,5067.0,47.0,124.932,194722647441.0
218.976,0.0,90252.0,5067.0,47.0,124.922,194722647441.0
219.076,0.0,90252.0,5067.0,47.0,124.931,194722659952.0
219.177,0.0,90252.0,5067.0,47.0,124.92,194722672421.0
219.276,0.0,90252.0,5067.0,47.0,124.869,194722684927.0
219.386,0.0,90252.0,5067.0,47.0,124.915,194722697351.0
219.478,0.0,90252.0,5067.0,47.0,124.855,194722722272.0
219.577,0.0,90252.0,5067.0,47.0,124.847,194722734790.0
219.693,0.0,90252.0,5067.0,47.0,124.827,194722747234.0
219.779,0.0,90252.0,5067.0,47.0,124.87,194722759761.0
219.877,0.0,90252.0,5067.0,47.0,124.841,194722772214.0
219.992,0.0,90252.0,5067.0,47.0,124.856,194722784728.0
220.079,0.0,90252.0,5067.0,47.0,124.815,194722797172.0
220.182,0.0,90252.0,5067.0,47.0,124.853,194722809681.0
220.293,0.0,90252.0,5067.0,47.0,124.838,194722822117.0
220.378,0.0,90252.0,5067.0,47.0,124.802,194722834614.0
220.477,0.0,90252.0,5067.0,47.0,124.846,194722847046.0
220.577,0.0,90252.0,5067.0,47.0,124.839,194722859541.0
220.692,0.0,90252.0,5067.0,47.0,124.806,194722871987.0
220.776,0.0,90252.0,5067.0,47.0,124.783,194722884507.0
220.877,0.0,90252.0,5067.0,47.0,124.807,194722896989.0
220.990,0.0,90252.0,5067.0,47.0,124.852,194722909525.0
221.077,0.0,90252.0,5067.0,47.0,124.844,194722921971.0
221.177,0.0,90252.0,5067.0,47.0,124.865,194722934513.0
221.289,0.0,90252.0,5067.0,47.0,124.873,194722946954.0
221.377,0.0,90252.0,5067.0,47.0,124.931,194722959480.0
221.477,0.0,90252.0,5067.0,47.0,124.921,194722971936.0
221.577,0.0,90252.0,5067.0,47.0,124.969,194722984454.0
221.682,0.0,90252.0,5067.0,47.0,124.969,194722996937.0
221.777,0.0,90252.0,5067.0,47.0,125.055,194722996937.0
221.890,0.0,90252.0,5067.0,47.0,125.016,194723009475.0
221.977,0.0,90252.0,5067.0,47.0,124.996,194723021923.0
222.081,0.0,90252.0,5067.0,47.0,124.972,194723034432.0
222.193,0.0,90252.0,5067.0,47.0,124.938,194723046858.0
222.277,0.0,90252.0,5067.0,47.0,124.915,194723071798.0
222.377,0.0,90252.0,5067.0,47.0,124.861,194723084271.0
222.478,0.0,90252.0,5067.0,47.0,124.852,194723096722.0
222.583,0.0,90252.0,5067.0,47.0,124.858,194723109247.0
222.678,0.0,90252.0,5067.0,47.0,124.811,194723121686.0
222.792,0.0,90252.0,5067.0,47.0,124.803,194723134209.0
222.877,0.0,90252.0,5067.0,47.0,124.762,194723146658.0
222.977,0.0,90252.0,5067.0,47.0,124.792,194723159181.0
223.086,0.0,90252.0,5067.0,47.0,124.774,194723171631.0
223.177,0.0,90252.0,5067.0,47.0,124.84,194723184157.0
223.277,0.0,90252.0,5067.0,47.0,124.876,194723196618.0
223.385,0.0,90252.0,5067.0,47.0,124.873,194723209138.0
223.477,0.0,90252.0,5067.0,47.0,124.903,194723221582.0
223.577,0.0,90252.0,5067.0,47.0,124.918,194723234115.0
223.682,0.0,90252.0,5067.0,47.0,124.941,194723246576.0
223.777,0.0,90252.0,5067.0,47.0,124.952,194723259098.0
223.877,0.0,90252.0,5067.0,47.0,124.972,194723271545.0
223.986,0.0,90252.0,5067.0,47.0,124.959,194723284078.0
224.077,0.0,90252.0,5067.0,47.0,124.954,194723296530.0
224.177,0.0,90252.0,5067.0,47.0,124.946,194723309019.0
224.290,0.0,90252.0,5067.0,47.0,124.913,194723321467.0
224.376,0.0,90252.0,5067.0,47.0,124.926,194723333964.0
224.477,0.0,90252.0,5067.0,47.0,124.929,194723346411.0
224.577,0.0,90252.0,5067.0,47.0,124.929,194723346411.0
224.680,0.0,90252.0,5067.0,47.0,124.907,194723358921.0
224.776,0.0,90252.0,5067.0,47.0,135.629,194723371372.0
224.879,57.0,90252.0,5067.0,55.0,181.46,194723401639.0
224.979,57.0,90252.0,5067.0,59.0,235.276,194723529151.0
225.077,100.0,90252.0,5067.0,60.0,292.253,194723599492.0
225.176,100.0,90252.0,5067.0,62.0,345.961,194723666617.0
225.290,100.0,90252.0,5067.0,63.0,403.868,194723735762.0
225.377,100.0,90252.0,5067.0,63.0,454.602,194723800305.0
225.478,92.0,90252.0,5067.0,65.0,504.271,194723869605.0
225.577,92.0,90252.0,5067.0,65.0,566.157,194723937607.0
225.678,100.0,90252.0,5067.0,66.0,622.314,194724006927.0
225.777,100.0,90252.0,5067.0,66.0,664.473,194724075149.0
225.877,100.0,90252.0,5067.0,65.0,670.385,194724137550.0
225.993,100.0,90252.0,5067.0,67.0,673.79,194724206664.0
226.087,100.0,90252.0,5067.0,68.0,675.45,194724275967.0
226.189,100.0,90252.0,5067.0,68.0,679.348,194724346963.0
226.277,100.0,90252.0,5067.0,68.0,679.817,194724416922.0
226.376,100.0,90252.0,5067.0,68.0,669.762,194724463999.0
226.477,79.0,90252.0,5067.0,62.0,626.682,194724488740.0
226.581,79.0,90252.0,5067.0,61.0,593.89,194724525357.0
226.676,79.0,90252.0,5067.0,61.0,593.89,194724558008.0
226.777,73.0,90252.0,5067.0,60.0,554.48,194724558008.0
226.876,73.0,90252.0,5067.0,59.0,520.601,194724588392.0
226.980,71.0,90252.0,5067.0,58.0,454.42,194724620922.0
227.075,72.0,90252.0,5067.0,57.0,410.984,194724650647.0
227.176,72.0,90252.0,5067.0,57.0,360.69,194724704058.0
227.278,71.0,90252.0,5067.0,56.0,329.908,194724737858.0
227.376,71.0,90252.0,5067.0,55.0,298.343,194724767569.0
227.483,70.0,90252.0,5067.0,55.0,305.284,194724797599.0
227.576,70.0,90252.0,5067.0,54.0,293.097,194724821678.0
227.677,67.0,90252.0,5067.0,54.0,286.597,194724845980.0
227.777,67.0,90252.0,5067.0,54.0,277.174,194724864506.0
227.883,67.0,90252.0,5067.0,53.0,264.063,194724882328.0
227.977,67.0,90252.0,5067.0,53.0,252.435,194724902428.0
228.076,65.0,90252.0,5067.0,53.0,251.536,194724927523.0
228.175,65.0,90252.0,5067.0,52.0,247.025,194724948209.0
228.283,40.0,90252.0,5067.0,51.0,228.725,194724961323.0
228.380,40.0,90252.0,5067.0,51.0,214.538,194724974340.0
228.476,0.0,90252.0,5067.0,51.0,193.448,194724987390.0
228.577,0.0,90252.0,5067.0,50.0,182.148,194725000351.0
228.677,0.0,90252.0,5067.0,50.0,170.622,194725013402.0
228.777,0.0,90252.0,5067.0,50.0,162.958,194725026299.0
228.877,0.0,90252.0,5067.0,50.0,158.64,194725039268.0
228.982,0.0,90252.0,5067.0,49.0,151.242,194725052182.0
229.076,0.0,90252.0,5067.0,49.0,139.64,194725065086.0
229.189,0.0,90252.0,5067.0,49.0,131.782,194725077979.0
229.277,0.0,90252.0,5067.0,49.0,129.657,194725090892.0
229.389,0.0,90252.0,5067.0,49.0,129.657,194725090892.0
229.489,0.0,90252.0,5067.0,49.0,129.516,194725103762.0
229.576,0.0,90252.0,5067.0,49.0,129.434,194725116646.0
229.677,72.0,90252.0,5067.0,58.0,196.689,194725146107.0
229.777,72.0,90252.0,5067.0,61.0,263.633,194725286542.0
229.876,100.0,90252.0,5067.0,62.0,320.358,194725355296.0
229.975,100.0,90252.0,5067.0,63.0,376.325,194725424910.0
230.081,100.0,90252.0,5067.0,65.0,427.831,194725490440.0
230.176,100.0,90252.0,5067.0,65.0,474.6,194725556016.0
230.292,100.0,90252.0,5067.0,66.0,532.99,194725626303.0
230.384,100.0,90252.0,5067.0,67.0,595.296,194725694021.0
230.476,100.0,90252.0,5067.0,67.0,652.31,194725762483.0
230.576,100.0,90252.0,5067.0,68.0,685.733,194725829557.0
230.694,92.0,90252.0,5067.0,67.0,679.103,194725893720.0
230.777,92.0,90252.0,5067.0,68.0,679.411,194725963738.0
230.882,100.0,90252.0,5067.0,69.0,677.489,194726031296.0
230.976,100.0,90252.0,5067.0,69.0,677.863,194726100652.0
231.076,94.0,90252.0,5067.0,66.0,654.893,194726143553.0
231.176,94.0,90252.0,5067.0,63.0,622.317,194726178364.0
231.276,94.0,90252.0,5067.0,63.0,622.317,194726212348.0
231.377,74.0,90252.0,5067.0,62.0,583.074,194726212348.0
231.475,74.0,90252.0,5067.0,61.0,550.634,194726243613.0
231.577,75.0,90252.0,5067.0,60.0,508.771,194726275476.0
231.676,75.0,90252.0,5067.0,59.0,476.91,194726306010.0
231.776,74.0,90252.0,5067.0,59.0,439.906,194726357173.0
231.885,74.0,90252.0,5067.0,58.0,388.692,194726385916.0
231.983,68.0,90252.0,5067.0,57.0,350.463,194726414540.0
232.077,70.0,90252.0,5067.0,56.0,301.609,194726445946.0
232.177,70.0,90252.0,5067.0,55.0,287.855,194726469177.0
232.278,68.0,90252.0,5067.0,55.0,276.919,194726491027.0
232.375,68.0,90252.0,5067.0,55.0,265.283,194726511949.0
232.494,69.0,90252.0,5067.0,54.0,256.341,194726533469.0
232.593,69.0,90252.0,5067.0,54.0,252.619,194726559647.0
232.692,66.0,90252.0,5067.0,54.0,247.718,194726582545.0
232.782,66.0,90252.0,5067.0,53.0,249.416,194726607503.0
232.875,64.0,90252.0,5067.0,53.0,243.705,194726628182.0
232.975,64.0,90252.0,5067.0,53.0,231.944,194726647197.0
233.076,63.0,90252.0,5067.0,53.0,223.823,194726670099.0
233.175,63.0,90252.0,5067.0,52.0,221.252,194726691983.0
233.277,63.0,90252.0,5067.0,52.0,222.678,194726714539.0
233.376,63.0,90252.0,5067.0,52.0,222.868,194726736621.0
233.492,63.0,90252.0,5067.0,52.0,222.092,194726756500.0
233.590,63.0,90252.0,5067.0,52.0,222.092,194726756500.0
233.681,63.0,90252.0,5067.0,52.0,216.976,194726778268.0
233.777,0.0,90252.0,5067.0,51.0,207.355,194726791468.0
233.877,0.0,90252.0,5067.0,51.0,195.161,194726804425.0
233.976,0.0,90252.0,5067.0,50.0,187.788,194726817450.0
234.076,0.0,90252.0,5067.0,50.0,181.824,194726856900.0
234.193,41.0,90252.0,5067.0,50.0,224.291,194726915231.0
234.300,41.0,90252.0,5067.0,58.0,224.291,194726985431.0
234.377,100.0,90252.0,5067.0,61.0,330.238,194727053414.0
234.476,100.0,90252.0,5067.0,64.0,375.352,194727121511.0
234.576,100.0,90252.0,5067.0,65.0,425.915,194727188556.0
234.694,88.0,90252.0,5067.0,64.0,476.854,194727252982.0
234.787,88.0,90252.0,5067.0,67.0,534.496,194727322071.0
234.877,100.0,90252.0,5067.0,67.0,588.211,194727390500.0
234.976,100.0,90252.0,5067.0,68.0,645.459,194727459660.0
235.077,100.0,90252.0,5067.0,68.0,681.404,194727529510.0
235.176,100.0,90252.0,5067.0,65.0,678.576,194727591520.0
235.276,100.0,90252.0,5067.0,69.0,677.996,194727661106.0
235.395,100.0,90252.0,5067.0,70.0,678.972,194727730650.0
235.491,100.0,90252.0,5067.0,70.0,678.972,194727799324.0
235.578,100.0,90252.0,5067.0,70.0,680.258,194727799324.0
235.677,100.0,90252.0,5067.0,70.0,669.275,194727864885.0
235.777,76.0,90252.0,5067.0,64.0,629.831,194727895055.0
235.882,76.0,90252.0,5067.0,63.0,605.102,194727967401.0
235.977,71.0,90252.0,5067.0,62.0,567.804,194728002846.0
236.089,71.0,90252.0,5067.0,61.0,540.263,194728035046.0
236.177,74.0,90252.0,5067.0,60.0,504.793,194728069910.0
236.277,74.0,90252.0,5067.0,59.0,478.529,194728102334.0
236.383,73.0,90252.0,5067.0,59.0,435.604,194728126865.0
236.476,71.0,90252.0,5067.0,58.0,352.872,194728154346.0
236.574,71.0,90252.0,5067.0,57.0,318.375,194728181788.0
236.675,67.0,90252.0,5067.0,56.0,313.451,194728208463.0
236.780,67.0,90252.0,5067.0,55.0,297.737,194728230834.0
236.877,67.0,90252.0,5067.0,55.0,279.902,194728248809.0
236.977,67.0,90252.0,5067.0,54.0,265.68,194728268825.0
237.084,67.0,90252.0,5067.0,54.0,254.733,194728294791.0
237.177,67.0,90252.0,5067.0,54.0,240.318,194728316247.0
237.290,63.0,90252.0,5067.0,54.0,234.982,194728337909.0
237.376,63.0,90252.0,5067.0,53.0,231.655,194728360398.0
237.476,18.0,90252.0,5067.0,53.0,219.638,194728379324.0
237.589,18.0,90252.0,5067.0,52.0,207.75,194728392288.0
237.677,0.0,90252.0,5067.0,51.0,192.838,194728405141.0
237.776,0.0,90252.0,5067.0,51.0,185.247,194728418053.0
237.886,0.0,90252.0,5067.0,51.0,180.466,194728418053.0
237.976,0.0,90252.0,5067.0,53.0,197.637,194728430839.0
238.077,100.0,90252.0,5067.0,60.0,251.031,194728458695.0
238.183,100.0,90252.0,5067.0,62.0,293.535,194728597953.0
238.276,100.0,90252.0,5067.0,64.0,343.364,194728666428.0
238.377,100.0,90252.0,5067.0,64.0,385.477,194728735986.0
238.482,92.0,90252.0,5067.0,66.0,429.008,194728800281.0
238.577,92.0,90252.0,5067.0,66.0,494.256,194728867187.0
238.691,100.0,90252.0,5067.0,68.0,560.303,194728937309.0
238.776,100.0,90252.0,5067.0,68.0,615.035,194729008190.0
238.876,100.0,90252.0,5067.0,69.0,669.931,194729076577.0
238.976,100.0,90252.0,5067.0,68.0,682.179,194729146594.0
239.091,99.0,90252.0,5067.0,68.0,677.487,194729212227.0
239.177,99.0,90252.0,5067.0,69.0,683.636,194729278651.0
239.277,100.0,90252.0,5067.0,70.0,678.247,194729348823.0
239.393,100.0,90252.0,5067.0,70.0,679.075,194729418872.0
239.480,79.0,90252.0,5067.0,69.0,648.547,194729465235.0
239.578,79.0,90252.0,5067.0,63.0,617.713,194729500658.0
239.689,79.0,90252.0,5067.0,63.0,617.713,194729536614.0
239.776,75.0,90252.0,5067.0,62.0,582.435,194729536614.0
239.877,75.0,90252.0,5067.0,61.0,548.826,194729568980.0
239.980,71.0,90252.0,5067.0,61.0,509.242,194729603932.0
240.076,71.0,90252.0,5067.0,60.0,476.233,194729665640.0
240.191,72.0,90252.0,5067.0,60.0,444.239,194729690700.0
240.277,72.0,90252.0,5067.0,59.0,397.252,194729716378.0
240.376,71.0,90252.0,5067.0,58.0,353.417,194729737434.0
240.491,71.0,90252.0,5067.0,57.0,304.51,194729763505.0
240.578,69.0,90252.0,5067.0,57.0,295.103,194729790948.0
240.677,69.0,90252.0,5067.0,56.0,282.779,194729809892.0
240.789,67.0,90252.0,5067.0,56.0,267.894,194729833332.0
240.877,66.0,90252.0,5067.0,55.0,252.88,194729860586.0
240.977,66.0,90252.0,5067.0,54.0,241.597,194729877692.0
241.092,65.0,90252.0,5067.0,54.0,225.005,194729895089.0
241.179,65.0,90252.0,5067.0,54.0,220.004,194729914447.0
241.276,66.0,90252.0,5067.0,53.0,218.61,194729936756.0
241.393,66.0,90252.0,5067.0,53.0,220.549,194729958654.0
241.477,64.0,90252.0,5067.0,53.0,211.473,194729976837.0
241.577,64.0,90252.0,5067.0,53.0,205.995,194729998645.0
241.682,0.0,90252.0,5067.0,52.0,200.409,194730012905.0
241.777,0.0,90252.0,5067.0,52.0,185.288,194730025930.0
241.876,0.0,90252.0,5067.0,51.0,177.034,194730039003.0
241.981,0.0,90252.0,5067.0,51.0,171.928,194730052066.0
242.077,0.0,90252.0,5067.0,51.0,171.928,194730067731.0
242.191,19.0,90252.0,5067.0,54.0,179.724,194730067731.0
242.281,19.0,90252.0,5067.0,62.0,225.735,194730116406.0
242.377,100.0,90252.0,5067.0,63.0,273.888,194730189510.0
242.477,100.0,90252.0,5067.0,65.0,319.268,194730255766.0
242.581,100.0,90252.0,5067.0,65.0,371.505,194730395745.0
242.685,100.0,90252.0,5067.0,67.0,419.379,194730456953.0
242.777,89.0,90252.0,5067.0,67.0,469.914,194730526350.0
242.885,89.0,90252.0,5067.0,68.0,518.678,194730595820.0
242.977,100.0,90252.0,5067.0,68.0,572.572,194730663764.0
243.076,100.0,90252.0,5067.0,69.0,680.993,194730733072.0
243.189,100.0,90252.0,5067.0,69.0,678.436,194730794110.0
243.277,100.0,90252.0,5067.0,69.0,673.48,194730862647.0
243.377,100.0,90252.0,5067.0,70.0,676.844,194730931094.0
243.492,100.0,90252.0,5067.0,70.0,673.831,194731000449.0
243.576,100.0,90252.0,5067.0,64.0,653.194,194731059413.0
243.676,72.0,90252.0,5067.0,63.0,622.438,194731095086.0
243.785,72.0,90252.0,5067.0,61.0,594.781,194731134887.0
243.878,74.0,90252.0,5067.0,61.0,557.965,194731171715.0
243.991,74.0,90252.0,5067.0,61.0,557.965,194731202851.0
244.080,74.0,90252.0,5067.0,60.0,525.779,194731202851.0
244.175,74.0,90252.0,5067.0,60.0,493.383,194731235431.0
244.277,74.0,90252.0,5067.0,59.0,453.974,194731264847.0
244.402,70.0,90252.0,5067.0,59.0,418.059,194731292388.0
244.479,70.0,90252.0,5067.0,57.0,375.783,194731344894.0
244.577,70.0,90252.0,5067.0,57.0,330.462,194731365369.0
244.677,70.0,90252.0,5067.0,56.0,302.285,194731392498.0
244.787,68.0,90252.0,5067.0,56.0,292.482,194731413120.0
244.876,68.0,90252.0,5067.0,55.0,271.69,194731436635.0
244.992,67.0,90252.0,5067.0,55.0,261.693,194731455008.0
245.083,67.0,90252.0,5067.0,54.0,246.132,194731471721.0
245.177,64.0,90252.0,5067.0,54.0,229.966,194731493107.0
245.277,64.0,90252.0,5067.0,54.0,221.376,194731517215.0
245.376,64.0,90252.0,5067.0,53.0,219.845,194731539874.0
245.478,36.0,90252.0,5067.0,52.0,212.021,194731562001.0
245.577,36.0,90252.0,5067.0,52.0,202.726,194731575032.0
245.677,0.0,90252.0,5067.0,51.0,190.299,194731587987.0
245.788,0.0,90252.0,5067.0,51.0,181.855,194731601150.0
245.877,25.0,90252.0,5067.0,53.0,182.23,194731617480.0
245.977,25.0,90252.0,5067.0,60.0,210.988,194731617480.0
246.077,100.0,90252.0,5067.0,60.0,260.655,194731644482.0
246.176,100.0,90252.0,5067.0,64.0,306.092,194731712093.0
246.289,100.0,90252.0,5067.0,64.0,355.497,194731782818.0
246.376,100.0,90252.0,5067.0,67.0,398.407,194731919303.0
246.477,100.0,90252.0,5067.0,67.0,445.491,194731984032.0
246.589,90.0,90252.0,5067.0,68.0,500.924,194732049530.0
246.676,100.0,90252.0,5067.0,68.0,557.211,194732119328.0
246.777,100.0,90252.0,5067.0,69.0,612.802,194732188208.0
246.883,100.0,90252.0,5067.0,69.0,652.885,194732257555.0
246.977,100.0,90252.0,5067.0,69.0,677.914,194732325628.0
247.076,98.0,90252.0,5067.0,70.0,678.269,194732390128.0
247.186,98.0,90252.0,5067.0,70.0,679.34,194732459650.0
247.277,94.0,90252.0,5067.0,66.0,665.722,194732529480.0
247.377,94.0,90252.0,5067.0,64.0,626.268,194732562847.0
247.482,74.0,90252.0,5067.0,62.0,593.771,194732596601.0
247.576,74.0,90252.0,5067.0,61.0,560.689,194732624378.0
247.691,73.0,90252.0,5067.0,60.0,522.544,194732659956.0
247.777,73.0,90252.0,5067.0,60.0,484.877,194732689580.0
247.877,72.0,90252.0,5067.0,60.0,439.716,194732716150.0
247.988,72.0,90252.0,5067.0,60.0,439.716,194732748783.0
248.076,72.0,90252.0,5067.0,58.0,416.555,194732748783.0
248.176,71.0,90252.0,5067.0,58.0,378.08,194732778592.0
248.281,71.0,90252.0,5067.0,57.0,333.569,194732811110.0
248.377,68.0,90252.0,5067.0,57.0,302.012,194732862620.0
248.476,68.0,90252.0,5067.0,56.0,293.541,194732887708.0
248.580,69.0,90252.0,5067.0,56.0,287.606,194732906305.0
248.681,69.0,90252.0,5067.0,55.0,277.181,194732926430.0
248.777,69.0,90252.0,5067.0,55.0,262.985,194732950666.0
248.877,69.0,90252.0,5067.0,54.0,260.259,194732969988.0
248.979,67.0,90252.0,5067.0,54.0,253.264,194732994964.0
249.089,67.0,90252.0,5067.0,54.0,241.949,194733017117.0
249.177,63.0,90252.0,5067.0,54.0,232.148,194733039675.0
249.277,63.0,90252.0,5067.0,53.0,227.248,194733063889.0
249.382,63.0,90252.0,5067.0,53.0,223.558,194733086039.0
249.476,63.0,90252.0,5067.0,53.0,224.997,194733105504.0
249.577,28.0,90252.0,5067.0,52.0,216.047,194733118527.0
249.686,28.0,90252.0,5067.0,52.0,207.351,194733131304.0
249.776,0.0,90252.0,5067.0,51.0,200.741,194733144271.0
249.876,0.0,90252.0,5067.0,51.0,189.549,194733161399.0
249.977,34.0,90252.0,5067.0,52.0,193.181,194733197946.0
250.077,34.0,90252.0,5067.0,60.0,229.444,194733270954.0
250.187,100.0,90252.0,5067.0,63.0,284.214,194733270954.0
250.277,100.0,90252.0,5067.0,64.0,321.409,194733336867.0
250.376,100.0,90252.0,5067.0,65.0,376.198,194733408183.0
250.488,100.0,90252.0,5067.0,67.0,424.15,194733474638.0
250.577,89.0,90252.0,5067.0,67.0,464.482,194733606617.0
250.677,89.0,90252.0,5067.0,67.0,529.08,194733676325.0
250.791,100.0,90252.0,5067.0,68.0,583.749,194733744248.0
250.877,100.0,90252.0,5067.0,69.0,642.058,194733814036.0
250.977,100.0,90252.0,5067.0,69.0,672.546,194733879781.0
251.085,100.0,90252.0,5067.0,69.0,677.074,194733946592.0
251.192,100.0,90252.0,5067.0,70.0,677.569,194734015395.0
251.276,100.0,90252.0,5067.0,67.0,665.981,194734061783.0
251.389,76.0,90252.0,5067.0,64.0,634.087,194734100240.0
251.477,76.0,90252.0,5067.0,62.0,602.7,194734136520.0
251.576,71.0,90252.0,5067.0,61.0,545.062,194734169390.0
251.681,73.0,90252.0,5067.0,60.0,503.197,194734201692.0
251.776,73.0,90252.0,5067.0,59.0,465.648,194734235669.0
251.893,72.0,90252.0,5067.0,59.0,421.694,194734266641.0
251.979,72.0,90252.0,5067.0,58.0,387.545,194734292712.0
252.077,69.0,90252.0,5067.0,57.0,351.848,194734323191.0
252.177,69.0,90252.0,5067.0,57.0,351.848,194734353691.0
252.287,69.0,90252.0,5067.0,57.0,322.05,194734353691.0
252.376,69.0,90252.0,5067.0,56.0,312.2,194734382087.0
252.498,69.0,90252.0,5067.0,56.0,299.201,194734403855.0
252.583,67.0,90252.0,5067.0,55.0,289.292,194734430286.0
252.677,67.0,90252.0,5067.0,55.0,282.624,194734479927.0
252.793,67.0,90252.0,5067.0,55.0,275.19,194734505318.0
252.877,67.0,90252.0,5067.0,54.0,261.244,194734522700.0
252.976,67.0,90252.0,5067.0,54.0,250.709,194734545759.0
253.085,67.0,90252.0,5067.0,54.0,246.916,194734564806.0
253.176,65.0,90252.0,5067.0,54.0,238.379,194734590833.0
253.276,65.0,90252.0,5067.0,53.0,234.494,194734617040.0
253.377,66.0,90252.0,5067.0,53.0,234.661,194734640560.0
253.476,66.0,90252.0,5067.0,53.0,231.058,194734664434.0
253.589,65.0,90252.0,5067.0,53.0,232.812,194734684694.0
253.677,65.0,90252.0,5067.0,53.0,224.876,194734707212.0
253.776,64.0,90252.0,5067.0,53.0,223.979,194734729204.0
253.881,64.0,90252.0,5067.0,53.0,225.209,194734752127.0
253.977,64.0,90252.0,5067.0,53.0,230.071,194734774409.0
254.095,43.0,90252.0,5067.0,52.0,219.642,194734794590.0
254.177,43.0,90252.0,5067.0,53.0,214.714,194734807687.0
254.276,78.0,90252.0,5067.0,61.0,256.709,194734839816.0
254.390,78.0,90252.0,5067.0,63.0,300.684,194734914751.0
254.476,100.0,90252.0,5067.0,64.0,355.947,194734981561.0
254.576,100.0,90252.0,5067.0,64.0,355.947,194735049514.0
254.686,100.0,90252.0,5067.0,58.0,368.696,194735049514.0
254.776,69.0,90252.0,5067.0,57.0,366.316,194735070230.0
254.877,69.0,90252.0,5067.0,56.0,365.928,194735093719.0
254.976,71.0,90252.0,5067.0,56.0,361.932,194735113703.0
255.077,71.0,90252.0,5067.0,55.0,368.086,194735164908.0
255.186,69.0,90252.0,5067.0,55.0,382.809,194735193743.0
255.277,69.0,90252.0,5067.0,54.0,389.781,194735221659.0
255.376,68.0,90252.0,5067.0,54.0,355.418,194735246546.0
255.482,68.0,90252.0,5067.0,54.0,314.948,194735269908.0
255.576,68.0,90252.0,5067.0,54.0,264.919,194735290804.0
255.693,68.0,90252.0,5067.0,54.0,239.564,194735308756.0
255.780,67.0,90252.0,5067.0,53.0,237.477,194735325857.0
255.876,67.0,90252.0,5067.0,53.0,228.572,194735343020.0
255.983,67.0,90252.0,5067.0,53.0,229.289,194735360721.0
256.077,67.0,90252.0,5067.0,53.0,219.217,194735381908.0
256.193,66.0,90252.0,5067.0,53.0,216.287,194735408615.0
256.277,66.0,90252.0,5067.0,53.0,212.285,194735427787.0
256.376,65.0,90252.0,5067.0,52.0,208.077,194735449102.0
256.487,65.0,90252.0,5067.0,52.0,202.9,194735471769.0
256.577,62.0,90252.0,5067.0,52.0,203.646,194735494042.0
256.677,62.0,90252.0,5067.0,52.0,205.175,194735513295.0
256.783,24.0,90252.0,5067.0,51.0,201.098,194735526182.0
256.877,24.0,90252.0,5067.0,51.0,197.216,194735538929.0
256.990,0.0,90252.0,5067.0,51.0,192.521,194735538929.0
257.079,0.0,90252.0,5067.0,50.0,183.725,194735551770.0
257.176,0.0,90252.0,5067.0,50.0,173.923,194735564508.0
257.291,0.0,90252.0,5067.0,50.0,165.837,194735577345.0
257.377,0.0,90252.0,5067.0,50.0,155.705,194735590086.0
257.476,0.0,90252.0,5067.0,50.0,146.461,194735615568.0
257.592,0.0,90252.0,5067.0,50.0,140.055,194735628329.0
257.676,0.0,90252.0,5067.0,50.0,128.959,194735641027.0
257.776,0.0,90252.0,5067.0,49.0,127.767,194735653762.0
257.888,0.0,90252.0,5067.0,49.0,127.658,194735666491.0
257.977,0.0,90252.0,5067.0,49.0,127.523,194735679192.0
258.076,0.0,90252.0,5067.0,49.0,127.469,194735691859.0
258.187,0.0,90252.0,5067.0,49.0,127.305,194735704524.0
258.277,0.0,90252.0,5067.0,49.0,127.231,194735717219.0
258.377,0.0,90252.0,5067.0,49.0,127.08,194735729905.0
258.477,0.0,90252.0,5067.0,49.0,127.038,194735742566.0
258.591,0.0,90252.0,5067.0,49.0,127.002,194735755212.0
258.678,0.0,90252.0,5067.0,49.0,126.919,194735767859.0
258.777,0.0,90252.0,5067.0,49.0,126.845,194735780486.0
258.876,0.0,90252.0,5067.0,49.0,126.812,194735793172.0
258.985,0.0,90252.0,5067.0,49.0,126.77,194735805819.0
259.077,0.0,90252.0,5067.0,49.0,126.694,194735818478.0
259.176,0.0,90252.0,5067.0,49.0,126.653,194735831078.0
259.292,0.0,90252.0,5067.0,49.0,126.608,194735843768.0
259.380,0.0,90252.0,5067.0,49.0,126.577,194735856356.0
259.477,0.0,90252.0,5067.0,49.0,126.572,194735869052.0
259.576,0.0,90252.0,5067.0,49.0,126.562,194735881643.0
259.677,0.0,90252.0,5067.0,49.0,126.562,194735894314.0
259.777,0.0,90252.0,5067.0,49.0,126.561,194735894314.0
259.878,0.0,90252.0,5067.0,49.0,126.48,194735906894.0
259.977,0.0,90252.0,5067.0,49.0,126.48,194735919551.0
260.077,0.0,90252.0,5067.0,49.0,126.47,194735932160.0
260.186,0.0,90252.0,5067.0,49.0,126.507,194735944858.0
260.277,0.0,90252.0,5067.0,49.0,126.485,194735970124.0
260.390,0.0,90252.0,5067.0,49.0,126.469,194735982693.0
260.478,0.0,90252.0,5067.0,49.0,126.398,194735995363.0
260.576,0.0,90252.0,5067.0,48.0,126.422,194736007948.0
260.677,0.0,90252.0,5067.0,48.0,126.342,194736020615.0
260.776,0.0,90252.0,5067.0,48.0,126.382,194736033225.0
260.877,0.0,90252.0,5067.0,48.0,126.347,194736045869.0
260.985,0.0,90252.0,5067.0,48.0,126.318,194736058446.0
261.076,0.0,90252.0,5067.0,48.0,126.241,194736071091.0
261.177,0.0,90252.0,5067.0,48.0,126.215,194736083663.0
261.282,0.0,90252.0,5067.0,48.0,126.162,194736096307.0
261.377,0.0,90252.0,5067.0,48.0,126.207,194736108903.0
261.491,0.0,90252.0,5067.0,48.0,126.183,194736121514.0
261.577,0.0,90252.0,5067.0,48.0,126.174,194736134134.0
261.676,0.0,90252.0,5067.0,48.0,126.215,194736146740.0
261.785,0.0,90252.0,5067.0,48.0,126.141,194736159336.0
261.877,0.0,90252.0,5067.0,48.0,126.118,194736171925.0
261.992,0.0,90252.0,5067.0,48.0,126.158,194736184538.0
262.077,0.0,90252.0,5067.0,48.0,126.157,194736197170.0
262.176,0.0,90252.0,5067.0,48.0,126.202,194736209774.0
262.290,0.0,90252.0,5067.0,48.0,126.17,194736222369.0
262.377,0.0,90252.0,5067.0,48.0,126.187,194736235007.0
262.476,0.0,90252.0,5067.0,48.0,126.229,194736247629.0
262.579,0.0,90252.0,5067.0,48.0,126.236,194736247629.0
262.678,0.0,90252.0,5067.0,48.0,126.223,194736260264.0
262.777,0.0,90252.0,5067.0,48.0,126.29,194736272855.0
262.881,0.0,90252.0,5067.0,48.0,126.276,194736285496.0
262.977,0.0,90252.0,5067.0,48.0,126.312,194736298069.0
263.077,0.0,90252.0,5067.0,48.0,126.3,194736323305.0
263.178,0.0,90252.0,5067.0,48.0,126.254,194736335919.0
263.277,0.0,90252.0,5067.0,48.0,126.306,194736348492.0
263.390,0.0,90252.0,5067.0,48.0,126.237,194736361121.0
263.481,0.0,90252.0,5067.0,48.0,126.227,194736373719.0
263.577,0.0,90252.0,5067.0,48.0,126.205,194736386334.0
263.691,0.0,90252.0,5067.0,48.0,126.189,194736398904.0
263.777,0.0,90252.0,5067.0,48.0,126.105,194736411517.0
263.877,0.0,90252.0,5067.0,48.0,126.147,194736424080.0
263.984,0.0,90252.0,5067.0,48.0,126.088,194736436731.0
264.077,0.0,90252.0,5067.0,48.0,126.095,194736449283.0
264.175,0.0,90252.0,5067.0,48.0,126.07,194736461914.0
264.286,0.0,90252.0,5067.0,48.0,126.063,194736474484.0
264.375,0.0,90252.0,5067.0,48.0,126.057,194736487118.0
264.478,0.0,90252.0,5067.0,48.0,126.06,194736499693.0
264.582,0.0,90252.0,5067.0,48.0,126.045,194736512362.0
264.676,0.0,90252.0,5067.0,48.0,126.113,194736524930.0
264.776,0.0,90252.0,5067.0,48.0,126.089,194736537534.0
264.880,0.0,90252.0,5067.0,48.0,126.096,194736550127.0
264.976,0.0,90252.0,5067.0,48.0,126.108,194736562752.0
265.076,0.0,90252.0,5067.0,48.0,126.119,194736575351.0
265.178,0.0,90252.0,5067.0,48.0,126.158,194736588000.0
265.278,0.0,90252.0,5067.0,48.0,126.171,194736600579.0
265.377,0.0,90252.0,5067.0,48.0,126.171,194736600579.0
265.485,0.0,90252.0,5067.0,48.0,126.224,194736613248.0
265.577,0.0,90252.0,5067.0,48.0,126.201,194736625839.0
265.677,0.0,90252.0,5067.0,48.0,126.157,194736638466.0
265.788,0.0,90252.0,5067.0,48.0,126.174,194736651021.0
265.877,0.0,90252.0,5067.0,48.0,126.17,194736676212.0
265.977,0.0,90252.0,5067.0,48.0,126.149,194736688832.0
266.082,0.0,90252.0,5067.0,48.0,126.17,194736701456.0
266.176,0.0,90252.0,5067.0,48.0,126.129,194736714037.0
266.292,0.0,90252.0,5067.0,48.0,126.12,194736726626.0
266.393,0.0,90252.0,5067.0,48.0,126.028,194736739210.0
266.477,0.0,90252.0,5067.0,48.0,126.024,194736751811.0
266.591,0.0,90252.0,5067.0,48.0,126.015,194736764416.0
266.677,0.0,90252.0,5067.0,48.0,126.045,194736777038.0
266.776,0.0,90252.0,5067.0,48.0,126.046,194736789656.0
266.886,0.0,90252.0,5067.0,48.0,126.089,194736802297.0
266.977,0.0,90252.0,5067.0,48.0,126.112,194736814870.0
267.092,0.0,90252.0,5067.0,48.0,126.099,194736827521.0
267.178,0.0,90252.0,5067.0,48.0,126.09,194736840048.0
267.278,0.0,90252.0,5067.0,48.0,126.093,194736852666.0
267.390,0.0,90252.0,5067.0,48.0,126.105,194736865237.0
267.478,0.0,90252.0,5067.0,48.0,126.09,194736877859.0
267.577,0.0,90252.0,5067.0,48.0,126.079,194736890372.0
267.678,0.0,90252.0,5067.0,48.0,125.997,194736902969.0
267.783,0.0,90252.0,5067.0,48.0,125.91,194736915468.0
267.878,0.0,90252.0,5067.0,48.0,125.854,194736928094.0
267.977,0.0,90252.0,5067.0,48.0,125.837,194736940609.0
268.086,0.0,90252.0,5067.0,48.0,125.87,194736953262.0
268.177,0.0,90252.0,5067.0,48.0,125.87,194736953262.0
268.276,0.0,90252.0,5067.0,48.0,125.884,194736965809.0
268.389,0.0,90252.0,5067.0,48.0,125.893,194736978452.0
268.479,0.0,90252.0,5067.0,48.0,125.923,194736991025.0
268.577,0.0,90252.0,5067.0,48.0,125.913,194737003676.0
268.691,0.0,90252.0,5067.0,48.0,126.002,194737028899.0
268.777,0.0,90252.0,5067.0,48.0,126.077,194737041469.0
268.876,0.0,90252.0,5067.0,48.0,126.056,194737054080.0
268.977,0.0,90252.0,5067.0,48.0,126.109,194737066621.0
269.087,0.0,90252.0,5067.0,48.0,126.058,194737079230.0
269.177,0.0,90252.0,5067.0,48.0,126.042,194737091741.0
269.277,0.0,90252.0,5067.0,48.0,125.954,194737104339.0
269.399,0.0,90252.0,5067.0,48.0,125.943,194737116891.0
269.477,0.0,90252.0,5067.0,48.0,125.886,194737129493.0
269.576,0.0,90252.0,5067.0,48.0,125.875,194737142013.0
269.679,0.0,90252.0,5067.0,48.0,125.79,194737154606.0
269.777,0.0,90252.0,5067.0,48.0,125.793,194737167180.0
269.894,0.0,90252.0,5067.0,48.0,125.801,194737179803.0
269.977,0.0,90252.0,5067.0,48.0,125.799,194737192347.0
270.076,0.0,90252.0,5067.0,48.0,125.788,194737204942.0
270.187,0.0,90252.0,5067.0,48.0,125.789,194737217464.0
270.277,0.0,90252.0,5067.0,48.0,125.796,194737230078.0
270.377,0.0,90252.0,5067.0,48.0,125.843,194737242656.0
270.489,0.0,90252.0,5067.0,48.0,125.828,194737255241.0
270.577,0.0,90252.0,5067.0,48.0,125.873,194737267837.0
270.677,0.0,90252.0,5067.0,48.0,125.845,194737280412.0
270.776,0.0,90252.0,5067.0,48.0,125.776,194737292939.0
270.877,0.0,90252.0,5067.0,48.0,125.763,194737292939.0
270.985,0.0,90252.0,5067.0,48.0,125.775,194737305495.0
271.077,0.0,90252.0,5067.0,48.0,125.822,194737318028.0
271.177,0.0,90252.0,5067.0,48.0,125.839,194737330642.0
271.276,0.0,90252.0,5067.0,48.0,125.82,194737343237.0
271.377,0.0,90252.0,5067.0,48.0,125.795,194737368402.0
271.477,0.0,90252.0,5067.0,48.0,125.758,194737380958.0
271.576,0.0,90252.0,5067.0,48.0,125.749,194737393497.0
271.680,0.0,90252.0,5067.0,48.0,125.797,194737406059.0
271.777,0.0,90252.0,5067.0,48.0,125.788,194737418658.0
271.887,0.0,90252.0,5067.0,48.0,125.82,194737431205.0
271.976,0.0,90252.0,5067.0,48.0,125.832,194737443797.0
272.077,0.0,90252.0,5067.0,48.0,125.778,194737456359.0
272.180,0.0,90252.0,5067.0,48.0,125.778,194737468930.0
272.276,0.0,90252.0,5067.0,48.0,125.761,194737481499.0
272.401,0.0,90252.0,5067.0,48.0,125.758,194737494062.0
272.476,0.0,90252.0,5067.0,48.0,125.793,194737506608.0
272.577,0.0,90252.0,5067.0,48.0,125.79,194737519206.0
272.679,0.0,90252.0,5067.0,48.0,125.764,194737531736.0
272.786,0.0,90252.0,5067.0,48.0,125.763,194737544319.0
272.876,0.0,90252.0,5067.0,48.0,125.807,194737556845.0
272.977,0.0,90252.0,5067.0,48.0,125.777,194737569476.0
273.085,0.0,90252.0,5067.0,48.0,125.774,194737581990.0
273.177,0.0,90252.0,5067.0,48.0,125.717,194737594584.0
273.277,0.0,90252.0,5067.0,48.0,125.752,194737607094.0
273.379,0.0,90252.0,5067.0,48.0,125.713,194737619699.0
273.477,0.0,90252.0,5067.0,48.0,125.719,194737632197.0
273.577,0.0,90252.0,5067.0,48.0,125.719,194737644830.0
273.676,0.0,90252.0,5067.0,48.0,125.741,194737644830.0
273.790,0.0,90252.0,5067.0,48.0,125.769,194737657356.0
273.876,0.0,90252.0,5067.0,48.0,125.718,194737669978.0
273.990,0.0,90252.0,5067.0,48.0,125.63,194737682461.0
274.077,0.0,90252.0,5067.0,48.0,125.64,194737695029.0
274.177,0.0,90252.0,5067.0,48.0,125.629,194737720166.0
274.278,0.0,90252.0,5067.0,48.0,125.653,194737732687.0
274.376,0.0,90252.0,5067.0,48.0,125.618,194737745277.0
274.477,0.0,90252.0,5067.0,48.0,125.678,194737757810.0
274.579,0.0,90252.0,5067.0,48.0,125.647,194737770423.0
274.677,0.0,90252.0,5067.0,48.0,125.617,194737782930.0
274.793,0.0,90252.0,5067.0,48.0,125.594,194737795518.0
274.882,0.0,90252.0,5067.0,48.0,125.617,194737808032.0
274.977,0.0,90252.0,5067.0,48.0,125.662,194737820634.0
275.077,0.0,90252.0,5067.0,48.0,125.674,194737833164.0
275.180,0.0,90252.0,5067.0,48.0,125.607,194737845704.0
275.275,0.0,90252.0,5067.0,48.0,125.581,194737858210.0
275.383,0.0,90252.0,5067.0,48.0,125.628,194737870814.0
275.477,0.0,90252.0,5067.0,48.0,125.618,194737883350.0
275.587,0.0,90252.0,5067.0,48.0,125.584,194737895944.0
275.676,0.0,90252.0,5067.0,48.0,125.598,194737908445.0
275.777,0.0,90252.0,5067.0,48.0,125.613,194737921074.0
275.877,0.0,90252.0,5067.0,48.0,125.64,194737933606.0
275.978,0.0,90252.0,5067.0,48.0,125.626,194737946178.0
276.090,0.0,90252.0,5067.0,48.0,125.582,194737958717.0
276.176,0.0,90252.0,5067.0,48.0,125.656,194737971291.0
276.276,0.0,90252.0,5067.0,48.0,125.729,194737983841.0
276.388,0.0,90252.0,5067.0,48.0,125.664,194737983841.0
276.477,0.0,90252.0,5067.0,48.0,125.637,194737996397.0
276.577,0.0,90252.0,5067.0,48.0,125.613,194738008917.0
276.694,0.0,90252.0,5067.0,48.0,125.623,194738021469.0
276.781,0.0,90252.0,5067.0,48.0,125.575,194738034012.0
276.877,0.0,90252.0,5067.0,48.0,125.568,194738059097.0
276.976,0.0,90252.0,5067.0,48.0,125.561,194738071653.0
277.086,0.0,90252.0,5067.0,48.0,125.589,194738084206.0
277.177,0.0,90252.0,5067.0,48.0,125.555,194738096775.0
277.277,0.0,90252.0,5067.0,48.0,125.589,194738109343.0
277.388,0.0,90252.0,5067.0,48.0,125.62,194738121935.0
277.476,0.0,90252.0,5067.0,48.0,125.653,194738134477.0
277.576,0.0,90252.0,5067.0,48.0,125.648,194738147039.0
277.689,0.0,90252.0,5067.0,48.0,125.657,194738159605.0
277.776,0.0,90252.0,5067.0,48.0,125.652,194738172146.0
277.877,0.0,90252.0,5067.0,48.0,125.608,194738184659.0
277.977,0.0,90252.0,5067.0,48.0,125.597,194738197193.0
278.085,0.0,90252.0,5067.0,48.0,125.615,194738209759.0
278.177,0.0,90252.0,5067.0,48.0,125.556,194738222236.0
278.278,0.0,90252.0,5067.0,48.0,125.499,194738234787.0
278.376,0.0,90252.0,5067.0,48.0,125.438,194738247323.0
278.485,0.0,90252.0,5067.0,48.0,125.453,194738259878.0
278.576,0.0,90252.0,5067.0,48.0,125.394,194738272360.0
278.676,0.0,90252.0,5067.0,48.0,125.443,194738284980.0
278.777,0.0,90252.0,5067.0,48.0,125.421,194738297472.0
278.890,0.0,90252.0,5067.0,48.0,125.443,194738310033.0
278.977,0.0,90252.0,5067.0,47.0,125.438,194738322523.0
279.077,0.0,90252.0,5067.0,47.0,125.415,194738335119.0
279.180,0.0,90252.0,5067.0,47.0,125.461,194738335119.0
279.277,0.0,90252.0,5067.0,47.0,125.484,194738347613.0
279.389,0.0,90252.0,5067.0,47.0,125.436,194738360165.0
279.485,0.0,90252.0,5067.0,47.0,125.435,194738372670.0
279.578,0.0,90252.0,5067.0,47.0,125.472,194738385237.0
279.676,0.0,90252.0,5067.0,47.0,125.454,194738410328.0
279.777,0.0,90252.0,5067.0,47.0,125.431,194738422817.0
279.876,0.0,90252.0,5067.0,47.0,125.439,194738435384.0
279.976,0.0,90252.0,5067.0,47.0,125.44,194738447872.0
280.077,0.0,90252.0,5067.0,47.0,125.406,194738460432.0
280.181,0.0,90252.0,5067.0,47.0,125.383,194738472910.0
280.277,0.0,90252.0,5067.0,47.0,125.373,194738485491.0
280.377,0.0,90252.0,5067.0,47.0,125.394,194738497982.0
280.481,0.0,90252.0,5067.0,47.0,125.352,194738510541.0
280.577,0.0,90252.0,5067.0,47.0,125.359,194738523036.0
280.678,0.0,90252.0,5067.0,47.0,125.323,194738535579.0
280.785,0.0,90252.0,5067.0,47.0,125.302,194738548047.0
280.876,0.0,90252.0,5067.0,47.0,125.32,194738560639.0
280.977,0.0,90252.0,5067.0,47.0,125.362,194738573150.0
281.090,0.0,90252.0,5067.0,47.0,125.319,194738585681.0
281.177,0.0,90252.0,5067.0,47.0,125.332,194738598186.0
281.277,0.0,90252.0,5067.0,47.0,125.36,194738610752.0
281.378,0.0,90252.0,5067.0,47.0,125.318,194738623220.0
281.486,0.0,90252.0,5067.0,47.0,125.375,194738635826.0
281.590,0.0,90252.0,5067.0,47.0,125.407,194738648355.0
281.677,0.0,90252.0,5067.0,47.0,125.387,194738660926.0
281.786,0.0,90252.0,5067.0,47.0,125.411,194738673397.0
281.876,0.0,90252.0,5067.0,47.0,125.43,194738673397.0
281.977,0.0,90252.0,5067.0,47.0,125.383,194738686002.0
282.078,0.0,90252.0,5067.0,47.0,125.384,194738698460.0
282.182,0.0,90252.0,5067.0,47.0,125.393,194738711023.0
282.277,0.0,90252.0,5067.0,47.0,125.393,194738723495.0
282.376,0.0,90252.0,5067.0,47.0,125.408,194738748563.0
282.477,0.0,90252.0,5067.0,47.0,125.389,194738761121.0
282.577,0.0,90252.0,5067.0,47.0,125.316,194738773597.0
282.678,0.0,90252.0,5067.0,47.0,125.339,194738786161.0
282.794,0.0,90252.0,5067.0,47.0,125.333,194738798641.0
282.876,0.0,90252.0,5067.0,47.0,125.279,194738811203.0
282.976,0.0,90252.0,5067.0,47.0,125.292,194738823691.0
283.077,0.0,90252.0,5067.0,47.0,125.319,194738836239.0
283.177,0.0,90252.0,5067.0,47.0,125.32,194738848725.0
283.278,0.0,90252.0,5067.0,47.0,125.275,194738861265.0
283.382,0.0,90252.0,5067.0,47.0,125.235,194738873730.0
283.477,0.0,90252.0,5067.0,47.0,125.219,194738886260.0
283.577,0.0,90252.0,5067.0,47.0,125.241,194738898758.0
283.677,0.0,90252.0,5067.0,47.0,125.24,194738911300.0
283.789,0.0,90252.0,5067.0,47.0,125.23,194738923793.0
283.878,0.0,90252.0,5067.0,47.0,125.25,194738936338.0
283.978,0.0,90252.0,5067.0,47.0,125.209,194738948831.0
284.075,0.0,90252.0,5067.0,47.0,125.198,194738961332.0
284.192,0.0,90252.0,5067.0,47.0,125.17,194738973833.0
284.282,0.0,90252.0,5067.0,47.0,125.171,194738986367.0
284.381,0.0,90252.0,5067.0,47.0,125.217,194738998882.0
284.476,0.0,90252.0,5067.0,47.0,125.258,194739011433.0
284.577,0.0,90252.0,5067.0,47.0,125.258,194739023913.0
284.678,0.0,90252.0,5067.0,47.0,125.212,194739036435.0
284.787,0.0,90252.0,5067.0,47.0,125.182,194739036435.0
284.880,0.0,90252.0,5067.0,47.0,125.186,194739048937.0
284.977,0.0,90252.0,5067.0,47.0,125.21,194739061465.0
285.078,0.0,90252.0,5067.0,47.0,125.186,194739073984.0
285.178,0.0,90252.0,5067.0,47.0,125.187,194739098972.0
285.278,0.0,90252.0,5067.0,47.0,125.187,194739111516.0
285.400,0.0,90252.0,5067.0,47.0,125.198,194739124033.0
285.477,0.0,90252.0,5067.0,47.0,125.166,194739136525.0
285.577,0.0,90252.0,5067.0,47.0,125.199,194739149055.0
285.693,0.0,90252.0,5067.0,47.0,125.175,194739161540.0
285.780,0.0,90252.0,5067.0,47.0,125.174,194739174057.0
285.877,0.0,90252.0,5067.0,47.0,125.152,194739186548.0
285.992,0.0,90252.0,5067.0,47.0,125.157,194739199093.0
286.080,0.0,90252.0,5067.0,47.0,125.184,194739211614.0
286.184,0.0,90252.0,5067.0,47.0,125.208,194739224125.0
286.277,0.0,90252.0,5067.0,47.0,125.166,194739236601.0
286.382,0.0,90252.0,5067.0,47.0,125.165,194739249146.0
286.477,0.0,90252.0,5067.0,47.0,125.204,194739261669.0
286.578,0.0,90252.0,5067.0,47.0,125.147,194739274150.0
286.692,0.0,90252.0,5067.0,47.0,125.107,194739286589.0
286.777,0.0,90252.0,5067.0,47.0,125.104,194739299128.0
286.877,0.0,90252.0,5067.0,47.0,125.113,194739311589.0
286.986,0.0,90252.0,5067.0,47.0,125.096,194739324133.0
287.077,0.0,90252.0,5067.0,47.0,125.102,194739336633.0
287.178,0.0,90252.0,5067.0,47.0,125.151,194739349207.0
287.289,0.0,90252.0,5067.0,47.0,125.18,194739361695.0
287.377,0.0,90252.0,5067.0,47.0,125.147,194739374231.0
287.477,0.0,90252.0,5067.0,47.0,125.147,194739374231.0
287.586,0.0,90252.0,5067.0,47.0,125.154,194739386743.0
287.676,0.0,90252.0,5067.0,47.0,125.21,194739399291.0
287.789,0.0,90252.0,5067.0,47.0,125.277,194739411759.0
287.877,0.0,90252.0,5067.0,47.0,125.309,194739424335.0
287.977,0.0,90252.0,5067.0,47.0,125.286,194739449324.0
288.080,0.0,90252.0,5067.0,47.0,125.266,194739461797.0
288.178,0.0,90252.0,5067.0,47.0,125.208,194739474339.0
288.290,0.0,90252.0,5067.0,47.0,125.178,194739486781.0
288.377,0.0,90252.0,5067.0,47.0,125.191,194739499334.0
288.477,0.0,90252.0,5067.0,47.0,125.167,194739511817.0
288.577,0.0,90252.0,5067.0,47.0,125.133,194739524325.0
288.677,0.0,90252.0,5067.0,47.0,125.157,194739536826.0
288.788,0.0,90252.0,5067.0,47.0,125.179,194739549398.0
288.876,0.0,90252.0,5067.0,47.0,125.193,194739561884.0
288.985,0.0,90252.0,5067.0,47.0,125.198,194739574418.0
289.077,0.0,90252.0,5067.0,47.0,125.166,194739586851.0
289.176,0.0,90252.0,5067.0,47.0,125.189,194739599401.0
289.277,0.0,90252.0,5067.0,47.0,125.163,194739611847.0
289.377,0.0,90252.0,5067.0,47.0,125.189,194739624417.0
289.477,0.0,90252.0,5067.0,47.0,125.141,194739636858.0
289.576,0.0,90252.0,5067.0,47.0,125.191,194739649441.0
289.676,0.0,90252.0,5067.0,47.0,125.165,194739661902.0
289.776,0.0,90252.0,5067.0,47.0,125.13,194739674454.0
289.877,0.0,90252.0,5067.0,47.0,125.108,194739686931.0
289.977,0.0,90252.0,5067.0,47.0,125.111,194739699476.0
290.077,0.0,90252.0,5067.0,47.0,125.067,194739711870.0
290.176,0.0,90252.0,5067.0,47.0,125.07,194739724385.0
290.276,0.0,90252.0,5067.0,47.0,125.034,194739724385.0
290.379,0.0,90252.0,5067.0,47.0,125.054,194739736811.0
290.477,0.0,90252.0,5067.0,47.0,125.096,194739749384.0
290.588,0.0,90252.0,5067.0,47.0,125.109,194739761853.0
290.679,0.0,90252.0,5067.0,47.0,125.121,194739774431.0
290.776,0.0,90252.0,5067.0,47.0,125.073,194739799428.0
290.877,0.0,90252.0,5067.0,47.0,125.061,194739811882.0
290.976,0.0,90252.0,5067.0,47.0,125.057,194739824414.0
291.077,0.0,90252.0,5067.0,47.0,125.107,194739836869.0
291.189,0.0,90252.0,5067.0,47.0,125.104,194739849400.0
291.277,0.0,90252.0,5067.0,47.0,125.11,194739861838.0
291.391,0.0,90252.0,5067.0,47.0,125.056,194739874367.0
291.477,0.0,90252.0,5067.0,47.0,124.99,194739886809.0
291.579,0.0,90252.0,5067.0,47.0,124.913,194739899326.0
291.692,0.0,90252.0,5067.0,47.0,124.883,194739911773.0
291.778,0.0,90252.0,5067.0,47.0,124.923,194739924294.0
291.877,0.0,90252.0,5067.0,47.0,124.941,194739936788.0
291.976,0.0,90252.0,5067.0,47.0,124.869,194739949266.0
292.076,0.0,90252.0,5067.0,47.0,124.892,194739961733.0
292.176,0.0,90252.0,5067.0,47.0,124.864,194739974228.0
292.276,0.0,90252.0,5067.0,47.0,124.848,194739986661.0
292.376,0.0,90252.0,5067.0,47.0,124.877,194739999207.0
292.476,0.0,90252.0,5067.0,47.0,124.882,194740011654.0
292.577,0.0,90252.0,5067.0,47.0,124.919,194740024154.0
292.684,0.0,90252.0,5067.0,47.0,124.928,194740036619.0
292.777,0.0,90252.0,5067.0,47.0,124.905,194740049098.0
292.876,0.0,90252.0,5067.0,47.0,124.836,194740061556.0
292.979,0.0,90252.0,5067.0,47.0,124.834,194740061556.0
293.077,0.0,90252.0,5067.0,47.0,124.853,194740074034.0
293.190,0.0,90252.0,5067.0,47.0,124.899,194740086497.0
293.275,0.0,90252.0,5067.0,47.0,124.905,194740099035.0
293.376,0.0,90252.0,5067.0,47.0,124.906,194740111484.0
293.486,0.0,90252.0,5067.0,47.0,124.894,194740136486.0
293.576,0.0,90252.0,5067.0,47.0,124.825,194740148934.0
293.677,0.0,90252.0,5067.0,47.0,124.778,194740161381.0
293.780,0.0,90252.0,5067.0,47.0,124.778,194740173854.0
293.877,0.0,90252.0,5067.0,47.0,124.79,194740186328.0
293.977,0.0,90252.0,5067.0,47.0,124.782,194740198782.0
294.083,0.0,90252.0,5067.0,47.0,124.77,194740211273.0
294.177,0.0,90252.0,5067.0,47.0,124.74,194740223758.0
294.277,0.0,90252.0,5067.0,47.0,124.77,194740236259.0
294.382,0.0,90252.0,5067.0,47.0,124.703,194740248721.0
294.477,0.0,90252.0,5067.0,47.0,124.68,194740261155.0
294.575,0.0,90252.0,5067.0,47.0,124.712,194740273619.0
294.680,0.0,90252.0,5067.0,47.0,124.742,194740286100.0
294.776,0.0,90252.0,5067.0,47.0,124.815,194740298607.0
294.890,0.0,90252.0,5067.0,47.0,124.846,194740311115.0
294.976,0.0,90252.0,5067.0,47.0,124.892,194740323598.0
295.077,0.0,90252.0,5067.0,47.0,124.89,194740336081.0
295.186,0.0,90252.0,5067.0,47.0,124.902,194740348561.0
295.277,0.0,90252.0,5067.0,47.0,124.89,194740361061.0
295.377,0.0,90252.0,5067.0,47.0,124.919,194740373532.0
295.477,0.0,90252.0,5067.0,47.0,124.932,194740386000.0
295.577,0.0,90252.0,5067.0,47.0,124.91,194740398429.0
295.677,0.0,90252.0,5067.0,47.0,124.866,194740410881.0
295.785,0.0,90252.0,5067.0,47.0,124.866,194740410881.0
295.877,0.0,90252.0,5067.0,47.0,124.832,194740423330.0
295.977,0.0,90252.0,5067.0,47.0,124.779,194740435817.0
296.092,0.0,90252.0,5067.0,47.0,124.773,194740448283.0
296.178,0.0,90252.0,5067.0,47.0,124.764,194740460757.0
296.278,0.0,90252.0,5067.0,47.0,124.76,194740485748.0
296.388,0.0,90252.0,5067.0,47.0,124.744,194740498210.0
296.478,0.0,90252.0,5067.0,47.0,124.781,194740510698.0
296.576,0.0,90252.0,5067.0,47.0,124.846,194740523173.0
296.677,0.0,90252.0,5067.0,47.0,124.865,194740535657.0
296.779,0.0,90252.0,5067.0,47.0,124.866,194740548090.0
296.877,0.0,90252.0,5067.0,47.0,124.836,194740560576.0
296.977,0.0,90252.0,5067.0,47.0,124.819,194740573028.0
297.077,0.0,90252.0,5067.0,47.0,124.87,194740585547.0
297.189,0.0,90252.0,5067.0,47.0,124.896,194740598017.0
297.277,0.0,90252.0,5067.0,47.0,124.869,194740610542.0
297.377,0.0,90252.0,5067.0,47.0,124.889,194740623003.0
297.479,0.0,90252.0,5067.0,47.0,124.893,194740635520.0
297.577,0.0,90252.0,5067.0,47.0,124.793,194740647903.0
297.693,0.0,90252.0,5067.0,47.0,124.806,194740660394.0
297.782,0.0,90252.0,5067.0,47.0,124.792,194740672824.0
297.877,0.0,90252.0,5067.0,47.0,124.786,194740685300.0
297.977,0.0,90252.0,5067.0,47.0,124.772,194740697731.0
298.079,0.0,90252.0,5067.0,47.0,124.74,194740710222.0
298.177,0.0,90252.0,5067.0,47.0,124.7,194740722657.0
298.287,0.0,90252.0,5067.0,47.0,124.703,194740735159.0
298.378,0.0,90252.0,5067.0,47.0,124.668,194740747570.0
298.477,0.0,90252.0,5067.0,47.0,124.605,194740760039.0
298.587,0.0,90252.0,5067.0,47.0,124.605,194740760039.0
298.677,0.0,90252.0,5067.0,47.0,124.658,194740772456.0
298.777,0.0,90252.0,5067.0,47.0,124.677,194740784969.0
298.877,0.0,90252.0,5067.0,47.0,124.723,194740797412.0
298.979,0.0,90252.0,5067.0,47.0,124.728,194740809879.0
299.077,0.0,90252.0,5067.0,47.0,124.678,194740834747.0
299.176,0.0,90252.0,5067.0,47.0,124.629,194740847150.0
299.280,0.0,90252.0,5067.0,47.0,124.559,194740859640.0
299.377,0.0,90252.0,5067.0,47.0,124.544,194740872041.0
299.478,0.0,90252.0,5067.0,47.0,124.596,194740884539.0
299.587,0.0,90252.0,5067.0,47.0,124.62,194740896993.0
299.687,0.0,90252.0,5067.0,47.0,124.604,194740909499.0
299.776,0.0,90252.0,5067.0,47.0,124.602,194740921919.0
299.878,0.0,90252.0,5067.0,47.0,124.588,194740934435.0
299.977,0.0,90252.0,5067.0,47.0,124.623,194740946840.0
300.091,0.0,90252.0,5067.0,47.0,124.668,194740959329.0
300.176,0.0,90252.0,5067.0,47.0,124.731,194740971781.0
300.278,0.0,90252.0,5067.0,47.0,124.691,194740984247.0
300.389,0.0,90252.0,5067.0,47.0,124.686,194740996637.0
300.477,0.0,90252.0,5067.0,47.0,124.67,194741009143.0
300.578,0.0,90252.0,5067.0,46.0,124.665,194741021556.0
300.677,0.0,90252.0,5067.0,46.0,124.621,194741034056.0
300.778,0.0,90252.0,5067.0,46.0,124.574,194741046446.0
300.875,0.0,90252.0,5067.0,47.0,124.569,194741058911.0
300.977,0.0,90252.0,5067.0,46.0,124.61,194741071346.0
301.087,0.0,90252.0,5067.0,46.0,124.613,194741083867.0
301.180,0.0,90252.0,5067.0,46.0,124.571,194741096274.0
301.277,0.0,90252.0,5067.0,46.0,124.581,194741108746.0
301.391,0.0,90252.0,5067.0,46.0,124.581,194741108746.0
301.480,0.0,90252.0,5067.0,46.0,124.57,194741121114.0
301.577,0.0,90252.0,5067.0,46.0,124.555,194741133598.0
301.694,0.0,90252.0,5067.0,46.0,124.525,194741146015.0
301.775,0.0,90252.0,5067.0,46.0,124.538,194741158482.0
301.878,0.0,90252.0,5067.0,46.0,124.542,194741183394.0
301.985,0.0,90252.0,5067.0,46.0,124.578,194741195788.0
302.076,0.0,90252.0,5067.0,46.0,124.521,194741208288.0
302.176,0.0,90252.0,5067.0,46.0,124.452,194741220659.0
302.281,0.0,90252.0,5067.0,46.0,124.483,194741233147.0
302.377,0.0,90252.0,5067.0,46.0,124.521,194741245574.0
302.478,0.0,90252.0,5067.0,46.0,124.477,194741258012.0
302.581,0.0,90252.0,5067.0,46.0,124.462,194741270396.0
302.675,0.0,90252.0,5067.0,46.0,124.481,194741282879.0
302.791,0.0,90252.0,5067.0,46.0,124.503,194741295300.0
302.878,0.0,90252.0,5067.0,46.0,124.541,194741307811.0
302.975,0.0,90252.0,5067.0,46.0,124.589,194741320259.0
303.092,0.0,90252.0,5067.0,46.0,124.6,194741332750.0
303.180,0.0,90252.0,5067.0,46.0,124.603,194741345125.0
303.276,0.0,90252.0,5067.0,46.0,124.622,194741357647.0
303.387,0.0,90252.0,5067.0,46.0,124.62,194741370055.0
303.475,0.0,90252.0,5067.0,46.0,124.69,194741382576.0
303.577,0.0,90252.0,5067.0,46.0,124.705,194741394993.0
303.680,0.0,90252.0,5067.0,46.0,124.7,194741407489.0
303.777,0.0,90252.0,5067.0,46.0,124.652,194741419911.0
303.884,0.0,90252.0,5067.0,46.0,124.613,194741432383.0
303.978,0.0,90252.0,5067.0,46.0,124.548,194741444777.0
304.075,0.0,90252.0,5067.0,46.0,124.548,194741457259.0
304.178,0.0,90252.0,5067.0,46.0,124.559,194741457259.0
304.275,0.0,90252.0,5067.0,46.0,124.6,194741469704.0
304.386,0.0,90252.0,5067.0,46.0,124.534,194741482159.0
304.478,0.0,90252.0,5067.0,46.0,124.513,194741494542.0
304.575,0.0,90252.0,5067.0,46.0,124.471,194741506999.0
304.685,0.0,90252.0,5067.0,46.0,124.457,194741531873.0
304.776,0.0,90252.0,5067.0,46.0,124.443,194741544289.0
304.876,0.0,90252.0,5067.0,46.0,124.447,194741556813.0
304.981,0.0,90252.0,5067.0,46.0,124.495,194741569229.0
305.077,0.0,90252.0,5067.0,46.0,124.525,194741581702.0
305.176,0.0,90252.0,5067.0,46.0,124.493,194741594106.0
305.282,0.0,90252.0,5067.0,46.0,124.61,194741606602.0
305.378,75.0,90252.0,5067.0,50.0,159.229,194741639643.0
305.477,75.0,90252.0,5067.0,55.0,215.793,194741707545.0
305.581,100.0,90252.0,5067.0,59.0,271.109,194741775584.0
305.677,100.0,90252.0,5067.0,60.0,326.761,194741845467.0
305.775,100.0,90252.0,5067.0,62.0,383.922,194741913604.0
305.882,100.0,90252.0,5067.0,62.0,434.554,194741982932.0
305.977,100.0,90252.0,5067.0,62.0,481.351,194742046799.0
306.090,100.0,90252.0,5067.0,64.0,545.963,194742115526.0
306.175,100.0,90252.0,5067.0,64.0,545.963,194742183846.0
306.276,100.0,90252.0,5067.0,64.0,600.778,194742183846.0
306.407,100.0,90252.0,5067.0,66.0,658.902,194742254004.0
306.483,100.0,90252.0,5067.0,66.0,680.724,194742321891.0
306.577,100.0,90252.0,5067.0,64.0,677.046,194742456326.0
306.677,89.0,90252.0,5067.0,67.0,677.976,194742525487.0
306.787,89.0,90252.0,5067.0,67.0,677.571,194742595281.0
306.877,100.0,90252.0,5067.0,68.0,684.881,194742664515.0
306.977,92.0,90252.0,5067.0,66.0,677.087,194742727558.0
307.080,92.0,90252.0,5067.0,64.0,645.358,194742769134.0
307.175,79.0,90252.0,5067.0,62.0,621.106,194742810663.0
307.292,79.0,90252.0,5067.0,61.0,583.914,194742842126.0
307.376,77.0,90252.0,5067.0,59.0,545.531,194742873816.0
307.476,77.0,90252.0,5067.0,59.0,515.801,194742907299.0
307.591,75.0,90252.0,5067.0,58.0,482.4,194742940900.0
307.677,75.0,90252.0,5067.0,58.0,447.736,194742973911.0
307.777,73.0,90252.0,5067.0,57.0,410.894,194743006842.0
307.884,73.0,90252.0,5067.0,56.0,364.798,194743030831.0
307.977,69.0,90252.0,5067.0,55.0,324.207,194743055218.0
308.078,69.0,90252.0,5067.0,55.0,311.992,194743080665.0
308.181,69.0,90252.0,5067.0,54.0,294.706,194743106180.0
308.278,69.0,90252.0,5067.0,54.0,282.695,194743106180.0
308.377,69.0,90252.0,5067.0,53.0,272.582,194743125394.0
308.478,69.0,90252.0,5067.0,53.0,254.729,194743148100.0
308.577,65.0,90252.0,5067.0,52.0,243.549,194743164652.0
308.689,65.0,90252.0,5067.0,52.0,236.227,194743212427.0
308.776,64.0,90252.0,5067.0,52.0,225.47,194743235123.0
308.878,64.0,90252.0,5067.0,52.0,223.159,194743256640.0
308.982,63.0,90252.0,5067.0,52.0,220.605,194743278257.0
309.077,63.0,90252.0,5067.0,51.0,217.358,194743299684.0
309.176,29.0,90252.0,5067.0,51.0,208.169,194743317314.0
309.283,29.0,90252.0,5067.0,50.0,201.916,194743330114.0
309.376,0.0,90252.0,5067.0,50.0,192.584,194743342847.0
309.477,0.0,90252.0,5067.0,49.0,189.108,194743355553.0
309.577,0.0,90252.0,5067.0,49.0,180.008,194743368243.0
309.683,0.0,90252.0,5067.0,49.0,167.304,194743380935.0
309.777,0.0,90252.0,5067.0,49.0,157.938,194743393541.0
309.889,0.0,90252.0,5067.0,48.0,149.706,194743406174.0
309.975,0.0,90252.0,5067.0,48.0,140.333,194743418797.0
310.077,0.0,90252.0,5067.0,48.0,131.218,194743431391.0
310.185,0.0,90252.0,5067.0,48.0,126.707,194743443991.0
310.276,0.0,90252.0,5067.0,48.0,126.509,194743456572.0
310.389,0.0,90252.0,5067.0,48.0,126.354,194743469152.0
310.480,0.0,90252.0,5067.0,48.0,135.856,194743485176.0
310.577,84.0,90252.0,5067.0,52.0,186.628,194743532034.0
310.692,84.0,90252.0,5067.0,52.0,186.628,194743532034.0
310.776,84.0,90252.0,5067.0,58.0,236.458,194743601714.0
310.877,100.0,90252.0,5067.0,60.0,294.185,194743670939.0
310.981,100.0,90252.0,5067.0,62.0,349.778,194743807465.0
311.077,100.0,90252.0,5067.0,63.0,400.222,194743870904.0
311.193,100.0,90252.0,5067.0,64.0,456.566,194743940640.0
311.281,100.0,90252.0,5067.0,64.0,512.237,194744010224.0
311.375,100.0,90252.0,5067.0,66.0,625.369,194744078528.0
311.476,100.0,90252.0,5067.0,67.0,673.13,194744148480.0
311.579,90.0,90252.0,5067.0,67.0,678.585,194744211485.0
311.681,90.0,90252.0,5067.0,67.0,678.625,194744281401.0
311.777,100.0,90252.0,5067.0,68.0,677.591,194744349581.0
311.891,100.0,90252.0,5067.0,69.0,679.178,194744418240.0
311.976,100.0,90252.0,5067.0,69.0,678.134,194744489045.0
312.077,100.0,90252.0,5067.0,65.0,655.026,194744535468.0
312.176,77.0,90252.0,5067.0,62.0,622.797,194744571998.0
312.276,77.0,90252.0,5067.0,61.0,576.826,194744602264.0
312.376,77.0,90252.0,5067.0,60.0,550.625,194744636498.0
312.476,77.0,90252.0,5067.0,60.0,512.313,194744671695.0
312.576,77.0,90252.0,5067.0,60.0,512.313,194744671695.0
312.679,77.0,90252.0,5067.0,58.0,492.432,194744707026.0
312.775,77.0,90252.0,5067.0,58.0,448.865,194744737100.0
312.888,74.0,90252.0,5067.0,58.0,411.959,194744766763.0
312.976,74.0,90252.0,5067.0,57.0,372.157,194744827097.0
313.077,72.0,90252.0,5067.0,57.0,338.566,194744856462.0
313.178,72.0,90252.0,5067.0,56.0,318.715,194744878026.0
313.278,68.0,90252.0,5067.0,55.0,305.126,194744903032.0
313.376,68.0,90252.0,5067.0,55.0,299.206,194744919861.0
313.478,69.0,90252.0,5067.0,54.0,281.583,194744945655.0
313.576,69.0,90252.0,5067.0,53.0,276.446,194744968209.0
313.676,67.0,90252.0,5067.0,53.0,259.484,194744993255.0
313.778,65.0,90252.0,5067.0,52.0,250.064,194745019942.0
313.876,65.0,90252.0,5067.0,52.0,245.382,194745042161.0
313.990,64.0,90252.0,5067.0,52.0,232.724,194745063406.0
314.078,64.0,90252.0,5067.0,52.0,227.516,194745084894.0
314.177,0.0,90252.0,5067.0,51.0,217.849,194745099016.0
314.277,0.0,90252.0,5067.0,50.0,207.121,194745112018.0
314.379,0.0,90252.0,5067.0,50.0,200.872,194745125069.0
314.477,0.0,90252.0,5067.0,50.0,186.424,194745138075.0
314.577,29.0,90252.0,5067.0,49.0,191.791,194745154939.0
314.681,29.0,90252.0,5067.0,53.0,234.543,194745208073.0
314.777,29.0,90252.0,5067.0,53.0,234.543,194745208073.0
314.876,100.0,90252.0,5067.0,61.0,281.318,194745277077.0
314.991,100.0,90252.0,5067.0,61.0,328.101,194745346348.0
315.077,100.0,90252.0,5067.0,64.0,376.525,194745485823.0
315.177,100.0,90252.0,5067.0,64.0,424.641,194745545944.0
315.277,90.0,90252.0,5067.0,66.0,474.264,194745613673.0
315.377,90.0,90252.0,5067.0,65.0,527.965,194745682926.0
315.476,100.0,90252.0,5067.0,67.0,575.671,194745751326.0
315.576,100.0,90252.0,5067.0,67.0,630.9,194745821752.0
315.678,100.0,90252.0,5067.0,67.0,673.476,194745882807.0
315.776,100.0,90252.0,5067.0,68.0,677.472,194745951086.0
315.877,100.0,90252.0,5067.0,68.0,674.684,194746018035.0
315.977,100.0,90252.0,5067.0,68.0,674.391,194746087294.0
316.075,100.0,90252.0,5067.0,69.0,676.378,194746157598.0
316.177,82.0,90252.0,5067.0,69.0,653.323,194746212525.0
316.281,82.0,90252.0,5067.0,63.0,620.234,194746248240.0
316.376,79.0,90252.0,5067.0,62.0,585.438,194746286523.0
316.476,79.0,90252.0,5067.0,61.0,553.763,194746320300.0
316.595,77.0,90252.0,5067.0,60.0,520.448,194746358661.0
316.677,77.0,90252.0,5067.0,60.0,494.818,194746394494.0
316.789,77.0,90252.0,5067.0,60.0,494.818,194746429023.0
316.877,77.0,90252.0,5067.0,59.0,468.722,194746429023.0
316.977,77.0,90252.0,5067.0,58.0,425.076,194746465036.0
317.078,75.0,90252.0,5067.0,58.0,385.94,194746487111.0
317.177,75.0,90252.0,5067.0,57.0,344.568,194746516099.0
317.277,71.0,90252.0,5067.0,56.0,323.776,194746569265.0
317.377,71.0,90252.0,5067.0,56.0,313.817,194746589752.0
317.476,68.0,90252.0,5067.0,55.0,298.796,194746611169.0
317.592,68.0,90252.0,5067.0,54.0,283.476,194746633587.0
317.677,68.0,90252.0,5067.0,54.0,268.096,194746651986.0
317.776,68.0,90252.0,5067.0,54.0,255.199,194746677573.0
317.883,66.0,90252.0,5067.0,53.0,244.24,194746704046.0
317.977,66.0,90252.0,5067.0,53.0,235.877,194746724840.0
318.076,65.0,90252.0,5067.0,52.0,227.497,194746747504.0
318.177,19.0,90252.0,5067.0,51.0,213.965,194746764441.0
318.276,19.0,90252.0,5067.0,51.0,204.592,194746777331.0
318.393,0.0,90252.0,5067.0,50.0,195.957,194746790067.0
318.481,0.0,90252.0,5067.0,50.0,187.286,194746802903.0
318.576,0.0,90252.0,5067.0,50.0,179.205,194746815582.0
318.691,0.0,90252.0,5067.0,57.0,196.651,194746838245.0
318.777,100.0,90252.0,5067.0,61.0,244.876,194746902356.0
318.876,100.0,90252.0,5067.0,62.0,288.29,194746970323.0
318.979,100.0,90252.0,5067.0,63.0,334.199,194746970323.0
319.077,100.0,90252.0,5067.0,65.0,380.534,194747038761.0
319.192,99.0,90252.0,5067.0,64.0,424.156,194747106009.0
319.277,99.0,90252.0,5067.0,66.0,485.137,194747236755.0
319.377,100.0,90252.0,5067.0,67.0,540.059,194747305927.0
319.477,100.0,90252.0,5067.0,67.0,596.045,194747374194.0
319.577,100.0,90252.0,5067.0,68.0,640.964,194747444339.0
319.677,100.0,90252.0,5067.0,65.0,676.058,194747514230.0
319.779,90.0,90252.0,5067.0,68.0,673.024,194747579164.0
319.877,90.0,90252.0,5067.0,68.0,673.932,194747648780.0
319.977,100.0,90252.0,5067.0,69.0,674.117,194747716213.0
320.079,100.0,90252.0,5067.0,68.0,675.364,194747784747.0
320.177,92.0,90252.0,5067.0,65.0,667.684,194747854596.0
320.290,92.0,90252.0,5067.0,62.0,633.909,194747885624.0
320.377,79.0,90252.0,5067.0,61.0,594.584,194747918776.0
320.477,79.0,90252.0,5067.0,61.0,560.815,194747953814.0
320.576,78.0,90252.0,5067.0,60.0,522.387,194747985913.0
320.678,78.0,90252.0,5067.0,59.0,496.564,194748020828.0
320.777,76.0,90252.0,5067.0,59.0,453.46,194748052325.0
320.890,76.0,90252.0,5067.0,58.0,427.75,194748052325.0
320.977,73.0,90252.0,5067.0,57.0,383.776,194748082732.0
321.077,73.0,90252.0,5067.0,56.0,336.839,194748112626.0
321.189,71.0,90252.0,5067.0,55.0,307.687,194748134793.0
321.278,71.0,90252.0,5067.0,55.0,299.136,194748191951.0
321.376,69.0,90252.0,5067.0,54.0,291.252,194748214567.0
321.477,69.0,90252.0,5067.0,54.0,278.912,194748237409.0
321.595,68.0,90252.0,5067.0,53.0,273.969,194748263553.0
321.678,68.0,90252.0,5067.0,53.0,261.123,194748284688.0
321.791,67.0,90252.0,5067.0,53.0,256.956,194748309438.0
321.875,67.0,90252.0,5067.0,53.0,244.474,194748332871.0
321.977,67.0,90252.0,5067.0,52.0,238.287,194748353916.0
322.092,67.0,90252.0,5067.0,52.0,241.692,194748377113.0
322.179,63.0,90252.0,5067.0,51.0,229.916,194748397705.0
322.277,63.0,90252.0,5067.0,51.0,215.859,194748412648.0
322.394,0.0,90252.0,5067.0,50.0,207.996,194748425538.0
322.488,0.0,90252.0,5067.0,50.0,198.506,194748438289.0
322.576,0.0,90252.0,5067.0,50.0,184.982,194748451090.0
322.677,0.0,90252.0,5067.0,55.0,184.399,194748463789.0
322.788,81.0,90252.0,5067.0,60.0,221.226,194748511878.0
322.877,81.0,90252.0,5067.0,61.0,270.1,194748580943.0
322.977,100.0,90252.0,5067.0,64.0,314.89,194748648942.0
323.077,100.0,90252.0,5067.0,64.0,359.098,194748717761.0
323.177,100.0,90252.0,5067.0,66.0,410.188,194748787221.0
323.290,100.0,90252.0,5067.0,66.0,410.188,194748848120.0
323.377,100.0,90252.0,5067.0,66.0,455.6,194748848120.0
323.476,100.0,90252.0,5067.0,66.0,506.367,194748915730.0
323.577,100.0,90252.0,5067.0,67.0,570.429,194749055194.0
323.680,100.0,90252.0,5067.0,67.0,628.451,194749123884.0
323.777,100.0,90252.0,5067.0,68.0,670.393,194749191114.0
323.877,90.0,90252.0,5067.0,68.0,675.275,194749255944.0
323.977,90.0,90252.0,5067.0,68.0,672.532,194749325267.0
324.075,100.0,90252.0,5067.0,69.0,675.544,194749394315.0
324.187,100.0,90252.0,5067.0,69.0,672.794,194749462947.0
324.277,93.0,90252.0,5067.0,65.0,640.91,194749503403.0
324.377,78.0,90252.0,5067.0,61.0,599.836,194749537017.0
324.487,78.0,90252.0,5067.0,61.0,559.924,194749567654.0
324.577,79.0,90252.0,5067.0,60.0,535.355,194749605863.0
324.677,79.0,90252.0,5067.0,60.0,501.157,194749638532.0
324.784,76.0,90252.0,5067.0,59.0,465.744,194749671328.0
324.877,76.0,90252.0,5067.0,59.0,430.517,194749703931.0
324.993,75.0,90252.0,5067.0,58.0,386.91,194749731860.0
325.077,75.0,90252.0,5067.0,57.0,352.155,194749731860.0
325.177,70.0,90252.0,5067.0,56.0,314.393,194749758949.0
325.291,70.0,90252.0,5067.0,55.0,308.58,194749789683.0
325.394,69.0,90252.0,5067.0,55.0,304.043,194749814543.0
325.476,69.0,90252.0,5067.0,54.0,292.76,194749866464.0
325.576,66.0,90252.0,5067.0,54.0,278.633,194749891111.0
325.687,66.0,90252.0,5067.0,53.0,265.89,194749911543.0
325.778,65.0,90252.0,5067.0,53.0,258.833,194749936273.0
325.877,65.0,90252.0,5067.0,53.0,243.921,194749954015.0
325.978,63.0,90252.0,5067.0,52.0,238.959,194749971695.0
326.084,63.0,90252.0,5067.0,51.0,226.559,194749995400.0
326.177,0.0,90252.0,5067.0,51.0,213.042,194750008706.0
326.277,0.0,90252.0,5067.0,51.0,198.08,194750021904.0
326.378,0.0,90252.0,5067.0,50.0,184.67,194750034728.0
326.476,0.0,90252.0,5067.0,50.0,175.204,194750047802.0
326.577,28.0,90252.0,5067.0,55.0,174.635,194750063749.0
326.677,28.0,90252.0,5067.0,60.0,226.556,194750114139.0
326.777,100.0,90252.0,5067.0,62.0,268.335,194750184066.0
326.877,100.0,90252.0,5067.0,63.0,333.313,194750251778.0
326.978,100.0,90252.0,5067.0,65.0,375.031,194750321103.0
327.077,100.0,90252.0,5067.0,64.0,421.688,194750389559.0
327.178,89.0,90252.0,5067.0,66.0,475.603,194750454131.0
327.277,89.0,90252.0,5067.0,66.0,537.227,194750523831.0
327.384,89.0,90252.0,5067.0,66.0,537.227,194750591078.0
327.478,100.0,90252.0,5067.0,67.0,594.66,194750591078.0
327.577,100.0,90252.0,5067.0,68.0,649.036,194750661133.0
327.685,100.0,90252.0,5067.0,68.0,687.178,194750729261.0
327.780,100.0,90252.0,5067.0,68.0,676.135,194750861116.0
327.877,100.0,90252.0,5067.0,69.0,679.946,194750931284.0
327.977,100.0,90252.0,5067.0,69.0,679.195,194750998264.0
328.085,91.0,90252.0,5067.0,64.0,654.921,194751031807.0
328.178,91.0,90252.0,5067.0,62.0,616.108,194751062951.0
328.277,79.0,90252.0,5067.0,61.0,592.785,194751102877.0
328.392,79.0,90252.0,5067.0,61.0,560.457,194751135380.0
328.488,74.0,90252.0,5067.0,60.0,524.649,194751170134.0
328.577,74.0,90252.0,5067.0,59.0,492.884,194751207811.0
328.677,77.0,90252.0,5067.0,59.0,457.293,194751238604.0
328.777,71.0,90252.0,5067.0,58.0,378.974,194751265788.0
328.887,71.0,90252.0,5067.0,57.0,348.713,194751299106.0
328.980,72.0,90252.0,5067.0,56.0,322.966,194751328848.0
329.077,72.0,90252.0,5067.0,55.0,316.276,194751351421.0
329.177,69.0,90252.0,5067.0,55.0,297.589,194751377588.0
329.277,69.0,90252.0,5067.0,54.0,285.821,194751397721.0
329.388,69.0,90252.0,5067.0,54.0,285.821,194751420201.0
329.478,69.0,90252.0,5067.0,54.0,274.904,194751420201.0
329.577,69.0,90252.0,5067.0,53.0,271.007,194751444764.0
329.677,66.0,90252.0,5067.0,53.0,262.3,194751472676.0
329.786,66.0,90252.0,5067.0,53.0,258.529,194751523023.0
329.877,63.0,90252.0,5067.0,52.0,252.648,194751544557.0
329.977,63.0,90252.0,5067.0,51.0,232.135,194751557550.0
330.077,0.0,90252.0,5067.0,51.0,220.354,194751570344.0
330.180,0.0,90252.0,5067.0,50.0,211.726,194751583139.0
330.276,0.0,90252.0,5067.0,50.0,200.707,194751595946.0
330.377,0.0,90252.0,5067.0,50.0,195.302,194751619426.0
330.477,40.0,90252.0,5067.0,57.0,219.808,194751679645.0
330.591,40.0,90252.0,5067.0,61.0,258.832,194751748233.0
330.678,100.0,90252.0,5067.0,63.0,299.125,194751815530.0
330.777,100.0,90252.0,5067.0,64.0,347.839,194751885513.0
330.876,100.0,90252.0,5067.0,65.0,392.385,194751954484.0
330.984,100.0,90252.0,5067.0,64.0,435.246,194752016989.0
331.077,88.0,90252.0,5067.0,66.0,490.92,194752086402.0
331.175,88.0,90252.0,5067.0,67.0,553.073,194752155222.0
331.276,100.0,90252.0,5067.0,67.0,610.664,194752225414.0
331.377,100.0,90252.0,5067.0,68.0,662.755,194752293782.0
331.477,100.0,90252.0,5067.0,67.0,683.173,194752359083.0
331.577,100.0,90252.0,5067.0,69.0,681.705,194752429018.0
331.688,100.0,90252.0,5067.0,69.0,682.685,194752498210.0
331.777,100.0,90252.0,5067.0,65.0,664.416,194752498210.0
331.876,82.0,90252.0,5067.0,62.0,633.627,194752541741.0
331.988,82.0,90252.0,5067.0,61.0,606.031,194752579646.0
332.077,78.0,90252.0,5067.0,61.0,573.856,194752610710.0
332.176,78.0,90252.0,5067.0,60.0,542.511,194752684714.0
332.277,74.0,90252.0,5067.0,60.0,505.257,194752719013.0
332.394,74.0,90252.0,5067.0,59.0,470.634,194752748366.0
332.493,76.0,90252.0,5067.0,58.0,431.459,194752778067.0
332.583,76.0,90252.0,5067.0,57.0,384.937,194752801405.0
332.677,72.0,90252.0,5067.0,56.0,344.253,194752828076.0
332.776,72.0,90252.0,5067.0,56.0,323.364,194752860867.0
332.895,70.0,90252.0,5067.0,55.0,312.222,194752882067.0
332.977,70.0,90252.0,5067.0,55.0,301.459,194752912868.0
333.076,68.0,90252.0,5067.0,54.0,290.996,194752935552.0
333.176,68.0,90252.0,5067.0,54.0,272.968,194752951285.0
333.277,66.0,90252.0,5067.0,53.0,257.945,194752970120.0
333.387,66.0,90252.0,5067.0,53.0,247.309,194752992535.0
333.479,63.0,90252.0,5067.0,53.0,239.897,194753012920.0
333.577,63.0,90252.0,5067.0,52.0,229.749,194753026246.0
333.677,0.0,90252.0,5067.0,53.0,252.685,194753058002.0
333.777,100.0,90252.0,5067.0,63.0,295.803,194753125940.0
333.893,100.0,90252.0,5067.0,64.0,334.807,194753193747.0
333.981,100.0,90252.0,5067.0,64.0,334.807,194753262462.0
334.077,94.0,90252.0,5067.0,59.0,353.627,194753262462.0
334.177,94.0,90252.0,5067.0,57.0,353.327,194753288510.0
334.277,69.0,90252.0,5067.0,56.0,365.901,194753309294.0
334.378,69.0,90252.0,5067.0,55.0,367.638,194753333061.0
334.491,70.0,90252.0,5067.0,55.0,366.037,194753382581.0
334.599,70.0,90252.0,5067.0,54.0,374.07,194753405777.0
334.677,69.0,90252.0,5067.0,54.0,385.355,194753434532.0
334.776,69.0,90252.0,5067.0,54.0,357.596,194753458941.0
334.890,68.0,90252.0,5067.0,53.0,313.772,194753483621.0
334.978,68.0,90252.0,5067.0,53.0,261.85,194753505386.0
335.075,69.0,90252.0,5067.0,53.0,239.672,194753526018.0
335.177,69.0,90252.0,5067.0,53.0,237.847,194753545581.0
335.278,66.0,90252.0,5067.0,52.0,236.951,194753569619.0
335.394,66.0,90252.0,5067.0,52.0,235.559,194753591279.0
335.482,66.0,90252.0,5067.0,52.0,234.423,194753611690.0
335.577,66.0,90252.0,5067.0,52.0,234.821,194753639930.0
335.677,64.0,90252.0,5067.0,52.0,230.773,194753661758.0
335.778,64.0,90252.0,5067.0,52.0,224.107,194753682565.0
335.883,64.0,90252.0,5067.0,51.0,222.523,194753705358.0
335.976,64.0,90252.0,5067.0,51.0,217.332,194753719826.0
336.076,0.0,90252.0,5067.0,50.0,208.567,194753732771.0
336.190,0.0,90252.0,5067.0,50.0,201.735,194753745708.0
336.279,0.0,90252.0,5067.0,50.0,195.398,194753758771.0
336.377,0.0,90252.0,5067.0,49.0,183.085,194753758771.0
336.478,0.0,90252.0,5067.0,49.0,176.219,194753771599.0
336.611,0.0,90252.0,5067.0,49.0,162.043,194753784584.0
336.688,0.0,90252.0,5067.0,49.0,152.791,194753797426.0
336.778,0.0,90252.0,5067.0,49.0,144.693,194753810359.0
336.876,0.0,90252.0,5067.0,49.0,135.666,194753836079.0
336.976,0.0,90252.0,5067.0,49.0,129.152,194753848869.0
337.087,0.0,90252.0,5067.0,48.0,129.074,194753861781.0
337.177,0.0,90252.0,5067.0,48.0,129.051,194753874616.0
337.277,0.0,90252.0,5067.0,48.0,128.857,194753887506.0
337.377,0.0,90252.0,5067.0,48.0,128.862,194753900364.0
337.477,0.0,90252.0,5067.0,48.0,128.671,194753913144.0
337.577,0.0,90252.0,5067.0,48.0,128.583,194753925943.0
337.684,0.0,90252.0,5067.0,48.0,128.478,194753938746.0
337.777,0.0,90252.0,5067.0,48.0,128.445,194753951613.0
337.891,0.0,90252.0,5067.0,48.0,128.349,194753964356.0
337.977,0.0,90252.0,5067.0,48.0,128.346,194753977178.0
338.077,0.0,90252.0,5067.0,48.0,128.33,194753989947.0
338.183,0.0,90252.0,5067.0,48.0,128.237,194754002761.0
338.276,0.0,90252.0,5067.0,48.0,128.134,194754015505.0
338.377,0.0,90252.0,5067.0,48.0,128.025,194754028293.0
338.485,0.0,90252.0,5067.0,48.0,127.959,194754041034.0
338.577,0.0,90252.0,5067.0,48.0,127.995,194754053880.0
338.677,0.0,90252.0,5067.0,48.0,127.992,194754066585.0
338.784,0.0,90252.0,5067.0,48.0,127.891,194754079409.0
338.877,0.0,90252.0,5067.0,48.0,127.951,194754092182.0
338.977,0.0,90252.0,5067.0,48.0,127.914,194754104993.0
339.082,0.0,90252.0,5067.0,47.0,127.933,194754117751.0
339.177,0.0,90252.0,5067.0,48.0,127.896,194754117751.0
339.277,0.0,90252.0,5067.0,47.0,127.988,194754130589.0
339.389,0.0,90252.0,5067.0,47.0,127.933,194754143353.0
339.477,0.0,90252.0,5067.0,47.0,127.972,194754156140.0
339.578,0.0,90252.0,5067.0,47.0,127.897,194754168876.0
339.692,0.0,90252.0,5067.0,47.0,127.891,194754194451.0
339.777,0.0,90252.0,5067.0,47.0,127.887,194754207243.0
339.877,0.0,90252.0,5067.0,47.0,127.878,194754219983.0
339.981,0.0,90252.0,5067.0,47.0,127.821,194754232740.0
340.077,0.0,90252.0,5067.0,47.0,127.837,194754245531.0
340.189,0.0,90252.0,5067.0,47.0,127.758,194754258242.0
340.277,0.0,90252.0,5067.0,47.0,127.708,194754271019.0
340.377,0.0,90252.0,5067.0,47.0,127.682,194754283755.0
340.484,0.0,90252.0,5067.0,47.0,127.701,194754296577.0
340.577,0.0,90252.0,5067.0,47.0,127.688,194754309310.0
340.677,0.0,90252.0,5067.0,47.0,127.675,194754322062.0
340.784,0.0,90252.0,5067.0,47.0,127.643,194754334760.0
340.877,0.0,90252.0,5067.0,47.0,127.616,194754347533.0
340.976,0.0,90252.0,5067.0,47.0,127.619,194754360223.0
341.082,0.0,90252.0,5067.0,47.0,127.596,194754373025.0
341.176,0.0,90252.0,5067.0,47.0,127.581,194754385697.0
341.277,0.0,90252.0,5067.0,47.0,127.527,194754398467.0
341.385,0.0,90252.0,5067.0,47.0,127.545,194754411184.0
341.477,0.0,90252.0,5067.0,47.0,127.474,194754423971.0
341.577,0.0,90252.0,5067.0,47.0,127.5,194754436702.0
341.682,0.0,90252.0,5067.0,47.0,127.515,194754449513.0
341.777,0.0,90252.0,5067.0,47.0,127.447,194754462196.0
341.877,0.0,90252.0,5067.0,47.0,127.485,194754474949.0
341.979,0.0,90252.0,5067.0,47.0,127.485,194754474949.0
342.078,0.0,90252.0,5067.0,47.0,127.417,194754487652.0
342.177,0.0,90252.0,5067.0,47.0,127.49,194754500421.0
342.277,0.0,90252.0,5067.0,47.0,127.484,194754513120.0
342.388,0.0,90252.0,5067.0,47.0,127.539,194754525885.0
342.477,0.0,90252.0,5067.0,47.0,127.497,194754551387.0
342.577,0.0,90252.0,5067.0,47.0,127.517,194754564148.0
342.677,0.0,90252.0,5067.0,47.0,127.445,194754576859.0
342.779,0.0,90252.0,5067.0,47.0,127.481,194754589600.0
342.877,0.0,90252.0,5067.0,47.0,127.465,194754602315.0
342.977,0.0,90252.0,5067.0,47.0,127.464,194754615026.0
343.082,0.0,90252.0,5067.0,47.0,127.448,194754627759.0
343.187,0.0,90252.0,5067.0,47.0,127.407,194754640492.0
343.277,0.0,90252.0,5067.0,47.0,127.383,194754653157.0
343.377,0.0,90252.0,5067.0,47.0,127.33,194754665902.0
343.485,0.0,90252.0,5067.0,47.0,127.293,194754678578.0
343.577,0.0,90252.0,5067.0,47.0,127.255,194754691354.0
343.677,0.0,90252.0,5067.0,47.0,127.234,194754704031.0
343.792,0.0,90252.0,5067.0,47.0,127.214,194754716774.0
343.881,0.0,90252.0,5067.0,47.0,127.221,194754729479.0
343.977,0.0,90252.0,5067.0,47.0,127.239,194754742241.0
344.091,0.0,90252.0,5067.0,47.0,127.25,194754754931.0
344.177,0.0,90252.0,5067.0,47.0,127.216,194754767714.0
344.280,0.0,90252.0,5067.0,47.0,127.282,194754780450.0
344.406,0.0,90252.0,5067.0,47.0,127.326,194754793211.0
344.477,0.0,90252.0,5067.0,47.0,127.33,194754805903.0
344.577,0.0,90252.0,5067.0,47.0,127.367,194754818645.0
344.677,0.0,90252.0,5067.0,47.0,127.346,194754818645.0
344.777,0.0,90252.0,5067.0,47.0,127.402,194754831328.0
344.893,0.0,90252.0,5067.0,47.0,127.318,194754844074.0
344.977,0.0,90252.0,5067.0,47.0,127.416,194754856793.0
345.077,0.0,90252.0,5067.0,47.0,127.364,194754869529.0
345.176,0.0,90252.0,5067.0,47.0,127.362,194754894999.0
345.277,0.0,90252.0,5067.0,47.0,127.303,194754907735.0
345.378,0.0,90252.0,5067.0,47.0,127.321,194754920435.0
345.477,0.0,90252.0,5067.0,47.0,127.302,194754933141.0
345.578,0.0,90252.0,5067.0,47.0,127.356,194754945865.0
345.678,0.0,90252.0,5067.0,47.0,127.316,194754958585.0
345.777,0.0,90252.0,5067.0,47.0,127.334,194754971301.0
345.889,0.0,90252.0,5067.0,47.0,127.312,194754984045.0
345.977,0.0,90252.0,5067.0,47.0,127.294,194754996741.0
346.077,0.0,90252.0,5067.0,47.0,127.276,194755009472.0
346.178,0.0,90252.0,5067.0,47.0,127.295,194755022186.0
346.285,0.0,90252.0,5067.0,47.0,127.298,194755034947.0
346.377,0.0,90252.0,5067.0,47.0,127.344,194755047632.0
346.477,0.0,90252.0,5067.0,47.0,127.33,194755060404.0
346.590,0.0,90252.0,5067.0,47.0,127.358,194755073101.0
346.681,0.0,90252.0,5067.0,47.0,127.365,194755085894.0
346.777,0.0,90252.0,5067.0,47.0,127.357,194755098597.0
346.877,0.0,90252.0,5067.0,47.0,127.375,194755111355.0
346.977,0.0,90252.0,5067.0,47.0,127.402,194755124035.0
347.085,0.0,90252.0,5067.0,47.0,127.436,194755136839.0
347.176,0.0,90252.0,5067.0,47.0,127.421,194755149507.0
347.277,0.0,90252.0,5067.0,47.0,127.415,194755162280.0
347.376,0.0,90252.0,5067.0,47.0,127.415,194755174965.0
347.491,0.0,90252.0,5067.0,47.0,127.383,194755174965.0
347.577,0.0,90252.0,5067.0,47.0,127.386,194755187691.0
347.678,0.0,90252.0,5067.0,47.0,127.337,194755200368.0
347.777,0.0,90252.0,5067.0,47.0,127.345,194755213119.0
347.877,0.0,90252.0,5067.0,47.0,127.352,194755225811.0
347.977,0.0,90252.0,5067.0,47.0,127.428,194755251337.0
348.078,0.0,90252.0,5067.0,47.0,127.327,194755264043.0
348.177,0.0,90252.0,5067.0,47.0,127.342,194755276737.0
348.291,0.0,90252.0,5067.0,47.0,127.304,194755289466.0
348.377,0.0,90252.0,5067.0,47.0,127.312,194755302207.0
348.476,0.0,90252.0,5067.0,47.0,127.347,194755314948.0
348.577,0.0,90252.0,5067.0,47.0,127.378,194755327654.0
348.677,0.0,90252.0,5067.0,47.0,127.339,194755340364.0
348.777,0.0,90252.0,5067.0,47.0,127.377,194755353091.0
348.877,0.0,90252.0,5067.0,47.0,127.34,194755365831.0
348.986,0.0,90252.0,5067.0,47.0,127.336,194755378555.0
349.078,0.0,90252.0,5067.0,47.0,127.37,194755391306.0
349.177,0.0,90252.0,5067.0,47.0,127.428,194755404063.0
349.277,0.0,90252.0,5067.0,47.0,127.369,194755416751.0
349.377,0.0,90252.0,5067.0,47.0,127.397,194755429491.0
349.477,0.0,90252.0,5067.0,47.0,127.398,194755442228.0
349.577,0.0,90252.0,5067.0,47.0,127.359,194755454925.0
349.677,0.0,90252.0,5067.0,47.0,127.353,194755467593.0
349.779,0.0,90252.0,5067.0,47.0,127.305,194755480304.0
349.877,0.0,90252.0,5067.0,47.0,127.283,194755493004.0
349.976,0.0,90252.0,5067.0,47.0,127.303,194755505772.0
350.077,0.0,90252.0,5067.0,47.0,127.256,194755518465.0
350.195,0.0,90252.0,5067.0,47.0,127.256,194755531245.0
350.284,0.0,90252.0,5067.0,47.0,127.251,194755543895.0
350.390,0.0,90252.0,5067.0,47.0,127.263,194755543895.0
350.477,0.0,90252.0,5067.0,47.0,127.184,194755556664.0
350.576,0.0,90252.0,5067.0,47.0,127.245,194755569320.0
350.692,0.0,90252.0,5067.0,47.0,127.263,194755582089.0
350.776,0.0,90252.0,5067.0,47.0,127.303,194755607511.0
350.876,0.0,90252.0,5067.0,47.0,127.298,194755620178.0
350.976,0.0,90252.0,5067.0,47.0,127.274,194755632934.0
351.090,0.0,90252.0,5067.0,47.0,127.3,194755645621.0
351.182,0.0,90252.0,5067.0,47.0,127.292,194755658394.0
351.276,0.0,90252.0,5067.0,47.0,127.296,194755671044.0
351.376,0.0,90252.0,5067.0,47.0,127.253,194755683790.0
351.476,0.0,90252.0,5067.0,47.0,127.263,194755696452.0
351.577,0.0,90252.0,5067.0,47.0,127.244,194755709214.0
351.677,0.0,90252.0,5067.0,47.0,127.262,194755721901.0
351.777,0.0,90252.0,5067.0,47.0,127.259,194755734674.0
351.877,0.0,90252.0,5067.0,47.0,127.274,194755747371.0
351.977,0.0,90252.0,5067.0,47.0,127.26,194755760133.0
352.078,0.0,90252.0,5067.0,47.0,127.301,194755772860.0
352.186,0.0,90252.0,5067.0,47.0,127.265,194755785609.0
352.277,0.0,90252.0,5067.0,47.0,127.253,194755798298.0
352.377,0.0,90252.0,5067.0,47.0,127.285,194755811061.0
352.480,0.0,90252.0,5067.0,47.0,127.36,194755823789.0
352.576,0.0,90252.0,5067.0,47.0,127.335,194755836513.0
352.687,0.0,90252.0,5067.0,47.0,127.349,194755849239.0
352.776,0.0,90252.0,5067.0,47.0,127.357,194755861977.0
352.876,0.0,90252.0,5067.0,47.0,127.362,194755874691.0
352.989,0.0,90252.0,5067.0,47.0,127.362,194755887399.0
353.077,0.0,90252.0,5067.0,47.0,127.3,194755887399.0
353.182,0.0,90252.0,5067.0,47.0,127.308,194755900103.0
353.277,0.0,90252.0,5067.0,47.0,127.398,194755912855.0
353.392,0.0,90252.0,5067.0,47.0,127.369,194755925595.0
353.478,0.0,90252.0,5067.0,47.0,127.348,194755938286.0
353.576,0.0,90252.0,5067.0,47.0,127.308,194755963722.0
353.677,0.0,90252.0,5067.0,47.0,127.318,194755976456.0
353.780,0.0,90252.0,5067.0,47.0,127.29,194755989176.0
353.877,0.0,90252.0,5067.0,47.0,127.355,194756001964.0
353.977,0.0,90252.0,5067.0,47.0,127.334,194756014645.0
354.081,0.0,90252.0,5067.0,47.0,127.371,194756027411.0
354.177,0.0,90252.0,5067.0,47.0,127.366,194756040118.0
354.284,0.0,90252.0,5067.0,47.0,127.344,194756052883.0
354.377,0.0,90252.0,5067.0,47.0,127.376,194756065589.0
354.477,0.0,90252.0,5067.0,47.0,127.38,194756078367.0
354.581,0.0,90252.0,5067.0,47.0,127.432,194756091072.0
354.677,0.0,90252.0,5067.0,47.0,127.431,194756103817.0
354.789,0.0,90252.0,5067.0,47.0,127.422,194756116502.0
354.877,0.0,90252.0,5067.0,47.0,127.33,194756129246.0
354.977,0.0,90252.0,5067.0,47.0,127.355,194756141938.0
355.085,0.0,90252.0,5067.0,47.0,127.379,194756154733.0
355.177,0.0,90252.0,5067.0,47.0,127.363,194756167412.0
355.276,0.0,90252.0,5067.0,47.0,127.346,194756180170.0
355.401,0.0,90252.0,5067.0,47.0,127.307,194756192852.0
355.477,0.0,90252.0,5067.0,47.0,127.322,194756205635.0
355.577,0.0,90252.0,5067.0,47.0,127.286,194756218302.0
355.678,0.0,90252.0,5067.0,47.0,127.28,194756231057.0
355.777,0.0,90252.0,5067.0,47.0,127.309,194756243754.0
355.877,0.0,90252.0,5067.0,47.0,127.309,194756243754.0
355.979,0.0,90252.0,5067.0,47.0,127.39,194756256552.0
356.077,0.0,90252.0,5067.0,47.0,127.337,194756269247.0
356.177,0.0,90252.0,5067.0,47.0,127.34,194756294689.0
356.277,0.0,90252.0,5067.0,47.0,127.355,194756307475.0
356.377,0.0,90252.0,5067.0,47.0,127.404,194756320165.0
356.481,0.0,90252.0,5067.0,47.0,127.345,194756332903.0
356.577,0.0,90252.0,5067.0,47.0,127.378,194756345616.0
356.688,0.0,90252.0,5067.0,47.0,127.348,194756358340.0
356.777,0.0,90252.0,5067.0,47.0,127.383,194756371069.0
356.877,0.0,90252.0,5067.0,47.0,127.344,194756383842.0
356.976,0.0,90252.0,5067.0,47.0,127.368,194756396573.0
357.077,0.0,90252.0,5067.0,47.0,127.392,194756409333.0
357.177,0.0,90252.0,5067.0,47.0,127.446,194756422055.0
357.281,0.0,90252.0,5067.0,47.0,127.363,194756434733.0
357.376,0.0,90252.0,5067.0,47.0,127.342,194756447461.0
357.477,0.0,90252.0,5067.0,47.0,127.366,194756460192.0
357.576,0.0,90252.0,5067.0,47.0,127.385,194756472927.0
357.676,0.0,90252.0,5067.0,47.0,127.409,194756485636.0
357.783,0.0,90252.0,5067.0,47.0,127.45,194756498416.0
357.876,0.0,90252.0,5067.0,47.0,127.394,194756511147.0
357.977,0.0,90252.0,5067.0,47.0,127.384,194756523907.0
358.077,0.0,90252.0,5067.0,47.0,127.382,194756536630.0
358.177,0.0,90252.0,5067.0,47.0,127.418,194756549422.0
358.289,0.0,90252.0,5067.0,47.0,127.472,194756562148.0
358.377,0.0,90252.0,5067.0,47.0,127.51,194756574891.0
358.477,0.0,90252.0,5067.0,47.0,127.471,194756587595.0
358.577,0.0,90252.0,5067.0,47.0,127.493,194756587595.0
358.678,0.0,90252.0,5067.0,47.0,127.46,194756600371.0
358.776,0.0,90252.0,5067.0,47.0,127.464,194756613042.0
358.886,0.0,90252.0,5067.0,47.0,127.468,194756625816.0
358.977,0.0,90252.0,5067.0,47.0,127.479,194756638533.0
359.077,0.0,90252.0,5067.0,47.0,127.474,194756664013.0
359.188,0.0,90252.0,5067.0,47.0,127.468,194756676799.0
359.277,0.0,90252.0,5067.0,47.0,127.478,194756689505.0
359.377,0.0,90252.0,5067.0,47.0,127.501,194756702282.0
359.489,0.0,90252.0,5067.0,47.0,127.515,194756714998.0
359.577,0.0,90252.0,5067.0,47.0,127.533,194756727802.0
359.677,0.0,90252.0,5067.0,47.0,127.557,194756740472.0
359.779,0.0,90252.0,5067.0,47.0,127.534,194756753249.0
359.877,0.0,90252.0,5067.0,47.0,127.51,194756765936.0
359.992,0.0,90252.0,5067.0,47.0,127.449,194756778670.0
360.078,0.0,90252.0,5067.0,47.0,127.451,194756791365.0
360.177,0.0,90252.0,5067.0,47.0,127.454,194756804183.0
360.277,0.0,90252.0,5067.0,47.0,127.477,194756816918.0
360.376,0.0,90252.0,5067.0,47.0,127.487,194756829707.0
360.476,0.0,90252.0,5067.0,47.0,127.447,194756842396.0
360.576,0.0,90252.0,5067.0,47.0,127.423,194756855155.0
360.679,0.0,90252.0,5067.0,47.0,127.448,194756867866.0
360.777,0.0,90252.0,5067.0,47.0,127.419,194756880635.0
360.882,0.0,90252.0,5067.0,47.0,127.431,194756893324.0
360.977,0.0,90252.0,5067.0,47.0,127.494,194756906121.0
361.094,0.0,90252.0,5067.0,47.0,127.51,194756918843.0
361.177,0.0,90252.0,5067.0,47.0,127.548,194756931644.0
361.277,0.0,90252.0,5067.0,47.0,127.502,194756944359.0
361.377,0.0,90252.0,5067.0,47.0,127.502,194756957084.0
361.485,0.0,90252.0,5067.0,47.0,127.436,194756957084.0
361.577,0.0,90252.0,5067.0,47.0,127.489,194756969827.0
361.677,0.0,90252.0,5067.0,47.0,127.48,194756982575.0
361.780,0.0,90252.0,5067.0,47.0,127.485,194756995289.0
361.877,0.0,90252.0,5067.0,47.0,127.485,194757020760.0
361.989,0.0,90252.0,5067.0,47.0,127.439,194757033500.0
362.077,0.0,90252.0,5067.0,47.0,127.454,194757046253.0
362.177,0.0,90252.0,5067.0,47.0,127.347,194757058973.0
362.278,0.0,90252.0,5067.0,47.0,127.419,194757071745.0
362.378,0.0,90252.0,5067.0,47.0,127.455,194757084493.0
362.478,0.0,90252.0,5067.0,47.0,127.467,194757097262.0
362.589,0.0,90252.0,5067.0,47.0,127.468,194757109995.0
362.676,0.0,90252.0,5067.0,47.0,127.525,194757122778.0
362.791,0.0,90252.0,5067.0,47.0,127.534,194757135527.0
362.877,0.0,90252.0,5067.0,47.0,127.617,194757148312.0
362.977,0.0,90252.0,5067.0,47.0,127.601,194757161028.0
363.077,0.0,90252.0,5067.0,47.0,127.585,194757173760.0
363.178,0.0,90252.0,5067.0,47.0,127.598,194757186496.0
363.286,0.0,90252.0,5067.0,47.0,127.565,194757199246.0
363.378,0.0,90252.0,5067.0,47.0,127.522,194757211963.0
363.477,0.0,90252.0,5067.0,47.0,127.561,194757224757.0
363.579,0.0,90252.0,5067.0,47.0,127.61,194757237519.0
363.678,0.0,90252.0,5067.0,47.0,127.57,194757250259.0
363.777,0.0,90252.0,5067.0,47.0,127.544,194757262967.0
363.882,0.0,90252.0,5067.0,47.0,127.52,194757275755.0
363.977,0.0,90252.0,5067.0,47.0,127.538,194757288464.0
364.077,0.0,90252.0,5067.0,47.0,127.586,194757301251.0
364.183,0.0,90252.0,5067.0,47.0,127.586,194757301251.0
364.277,0.0,90252.0,5067.0,47.0,127.532,194757313912.0
364.405,0.0,90252.0,5067.0,47.0,127.552,194757326708.0
364.477,0.0,90252.0,5067.0,47.0,127.565,194757339426.0
364.577,0.0,90252.0,5067.0,47.0,127.513,194757352193.0
364.686,0.0,90252.0,5067.0,47.0,127.53,194757377685.0
364.777,0.0,90252.0,5067.0,47.0,127.519,194757390386.0
364.890,0.0,90252.0,5067.0,47.0,127.526,194757403159.0
364.977,0.0,90252.0,5067.0,47.0,127.481,194757415822.0
365.077,0.0,90252.0,5067.0,47.0,127.409,194757428593.0
365.180,0.0,90252.0,5067.0,47.0,127.489,194757441310.0
365.277,0.0,90252.0,5067.0,47.0,127.467,194757454071.0
365.377,0.0,90252.0,5067.0,47.0,127.387,194757466739.0
365.481,0.0,90252.0,5067.0,47.0,127.343,194757479479.0
365.577,0.0,90252.0,5067.0,47.0,127.332,194757492159.0
365.677,0.0,90252.0,5067.0,47.0,127.322,194757504959.0
365.777,0.0,90252.0,5067.0,47.0,127.348,194757517668.0
365.877,0.0,90252.0,5067.0,47.0,127.314,194757530424.0
365.977,0.0,90252.0,5067.0,47.0,127.392,194757543156.0
366.077,0.0,90252.0,5067.0,47.0,127.401,194757555914.0
366.187,0.0,90252.0,5067.0,47.0,127.407,194757568642.0
366.276,0.0,90252.0,5067.0,47.0,127.388,194757581400.0
366.377,0.0,90252.0,5067.0,47.0,127.426,194757594108.0
366.477,0.0,90252.0,5067.0,47.0,127.48,194757606887.0
366.577,0.0,90252.0,5067.0,47.0,127.477,194757619582.0
366.677,0.0,90252.0,5067.0,47.0,127.453,194757632329.0
366.777,0.0,90252.0,5067.0,47.0,127.395,194757645021.0
366.888,0.0,90252.0,5067.0,47.0,127.42,194757657790.0
366.977,0.0,90252.0,5067.0,47.0,127.42,194757670472.0
367.078,0.0,90252.0,5067.0,47.0,127.382,194757670472.0
367.180,0.0,90252.0,5067.0,47.0,127.374,194757683233.0
367.277,0.0,90252.0,5067.0,47.0,127.37,194757695954.0
367.404,0.0,90252.0,5067.0,47.0,127.361,194757708675.0
367.476,0.0,90252.0,5067.0,47.0,127.325,194757734176.0
367.577,0.0,90252.0,5067.0,47.0,127.356,194757746891.0
367.684,0.0,90252.0,5067.0,47.0,127.335,194757759626.0
367.777,0.0,90252.0,5067.0,47.0,127.382,194757772361.0
367.877,0.0,90252.0,5067.0,47.0,127.319,194757785044.0
367.984,0.0,90252.0,5067.0,47.0,127.32,194757797758.0
368.077,0.0,90252.0,5067.0,47.0,127.302,194757810505.0
368.189,0.0,90252.0,5067.0,47.0,127.307,194757823247.0
368.278,0.0,90252.0,5067.0,47.0,127.35,194757836010.0
368.376,0.0,90252.0,5067.0,47.0,127.347,194757848772.0
368.480,0.0,90252.0,5067.0,47.0,127.394,194757861531.0
368.576,0.0,90252.0,5067.0,47.0,127.445,194757874325.0
368.679,0.0,90252.0,5067.0,47.0,127.468,194757887055.0
368.777,0.0,90252.0,5067.0,47.0,127.467,194757899804.0
368.886,0.0,90252.0,5067.0,47.0,127.5,194757912496.0
368.977,0.0,90252.0,5067.0,47.0,127.503,194757925215.0
369.077,0.0,90252.0,5067.0,47.0,127.434,194757937867.0
369.179,0.0,90252.0,5067.0,47.0,127.362,194757950534.0
369.276,0.0,90252.0,5067.0,47.0,127.225,194757963145.0
369.377,0.0,90252.0,5067.0,47.0,127.148,194757975814.0
369.476,0.0,90252.0,5067.0,47.0,127.016,194757988448.0
369.576,0.0,90252.0,5067.0,47.0,126.939,194758001156.0
369.677,0.0,90252.0,5067.0,47.0,126.79,194758013742.0
369.777,0.0,90252.0,5067.0,47.0,126.79,194758026436.0
369.877,0.0,90252.0,5067.0,47.0,126.738,194758026436.0
369.984,0.0,90252.0,5067.0,47.0,126.711,194758039077.0
370.077,0.0,90252.0,5067.0,47.0,126.654,194758051757.0
370.177,0.0,90252.0,5067.0,47.0,126.619,194758064335.0
370.279,0.0,90252.0,5067.0,47.0,126.589,194758089645.0
370.377,0.0,90252.0,5067.0,47.0,126.599,194758102331.0
370.476,0.0,90252.0,5067.0,47.0,126.568,194758114919.0
370.576,0.0,90252.0,5067.0,47.0,126.51,194758127590.0
370.677,0.0,90252.0,5067.0,47.0,126.512,194758140184.0
370.777,0.0,90252.0,5067.0,47.0,126.498,194758152874.0
370.877,0.0,90252.0,5067.0,47.0,126.451,194758165464.0
370.976,0.0,90252.0,5067.0,47.0,126.452,194758178170.0
371.079,0.0,90252.0,5067.0,47.0,126.5,194758190799.0
371.176,0.0,90252.0,5067.0,47.0,126.509,194758203462.0
371.277,0.0,90252.0,5067.0,47.0,126.504,194758216086.0
371.376,0.0,90252.0,5067.0,47.0,126.512,194758228789.0
371.477,0.0,90252.0,5067.0,47.0,126.572,194758241443.0
371.586,0.0,90252.0,5067.0,47.0,126.623,194758254146.0
371.676,0.0,90252.0,5067.0,47.0,126.651,194758266785.0
371.776,0.0,90252.0,5067.0,47.0,126.621,194758279427.0
371.886,0.0,90252.0,5067.0,47.0,126.653,194758292040.0
371.977,0.0,90252.0,5067.0,47.0,126.672,194758304767.0
372.076,0.0,90252.0,5067.0,47.0,126.677,194758317396.0
372.184,0.0,90252.0,5067.0,47.0,126.717,194758330105.0
372.277,0.0,90252.0,5067.0,47.0,126.725,194758342726.0
372.377,0.0,90252.0,5067.0,47.0,126.718,194758355422.0
372.478,0.0,90252.0,5067.0,47.0,126.691,194758368058.0
372.577,0.0,90252.0,5067.0,47.0,126.691,194758368058.0
372.677,0.0,90252.0,5067.0,47.0,126.687,194758380751.0
372.777,0.0,90252.0,5067.0,47.0,126.715,194758393401.0
372.877,0.0,90252.0,5067.0,47.0,126.737,194758406087.0
372.977,0.0,90252.0,5067.0,47.0,126.771,194758431409.0
373.077,0.0,90252.0,5067.0,47.0,126.707,194758444018.0
373.192,0.0,90252.0,5067.0,47.0,126.637,194758456680.0
373.277,0.0,90252.0,5067.0,47.0,126.635,194758469296.0
373.376,0.0,90252.0,5067.0,47.0,126.65,194758481985.0
373.476,0.0,90252.0,5067.0,47.0,126.635,194758494607.0
373.582,0.0,90252.0,5067.0,47.0,126.612,194758507268.0
373.677,0.0,90252.0,5067.0,47.0,126.604,194758519924.0
373.776,0.0,90252.0,5067.0,47.0,126.612,194758532600.0
373.888,0.0,90252.0,5067.0,47.0,126.598,194758545230.0
373.976,0.0,90252.0,5067.0,47.0,126.656,194758557930.0
374.076,0.0,90252.0,5067.0,47.0,126.629,194758570573.0
374.190,0.0,90252.0,5067.0,47.0,126.667,194758583229.0
374.277,0.0,90252.0,5067.0,47.0,126.696,194758595882.0
374.377,0.0,90252.0,5067.0,47.0,126.654,194758608530.0
374.490,0.0,90252.0,5067.0,47.0,126.674,194758621192.0
374.577,0.0,90252.0,5067.0,47.0,126.715,194758633886.0
374.677,0.0,90252.0,5067.0,47.0,126.702,194758646551.0
374.783,0.0,90252.0,5067.0,47.0,126.703,194758659212.0
374.876,0.0,90252.0,5067.0,47.0,126.733,194758671907.0
374.976,0.0,90252.0,5067.0,47.0,126.647,194758684511.0
375.101,0.0,90252.0,5067.0,47.0,126.663,194758697162.0
375.184,0.0,90252.0,5067.0,47.0,126.692,194758709829.0
375.277,0.0,90252.0,5067.0,47.0,126.664,194758722469.0
375.386,0.0,90252.0,5067.0,47.0,126.645,194758722469.0
375.477,0.0,90252.0,5067.0,47.0,126.684,194758735098.0
375.577,0.0,90252.0,5067.0,47.0,126.635,194758747790.0
375.677,0.0,90252.0,5067.0,47.0,126.695,194758760431.0
375.776,0.0,90252.0,5067.0,47.0,126.66,194758785795.0
375.877,0.0,90252.0,5067.0,47.0,126.687,194758798508.0
375.977,0.0,90252.0,5067.0,47.0,126.737,194758811158.0
376.078,0.0,90252.0,5067.0,47.0,126.754,194758823840.0
376.188,0.0,90252.0,5067.0,47.0,126.675,194758836433.0
376.276,0.0,90252.0,5067.0,47.0,126.729,194758849136.0
376.377,0.0,90252.0,5067.0,47.0,126.745,194758861754.0
376.485,0.0,90252.0,5067.0,47.0,126.695,194758874430.0
376.577,0.0,90252.0,5067.0,47.0,126.687,194758887045.0
376.677,0.0,90252.0,5067.0,47.0,126.671,194758899748.0
376.789,0.0,90252.0,5067.0,47.0,126.663,194758912367.0
376.877,0.0,90252.0,5067.0,47.0,126.589,194758925025.0
376.977,0.0,90252.0,5067.0,47.0,126.575,194758937656.0
377.077,0.0,90252.0,5067.0,47.0,126.598,194758950365.0
377.183,0.0,90252.0,5067.0,47.0,126.614,194758963002.0
377.278,0.0,90252.0,5067.0,47.0,126.641,194758975722.0
377.377,0.0,90252.0,5067.0,47.0,126.674,194758988349.0
377.477,0.0,90252.0,5067.0,47.0,126.709,194759001060.0
377.579,0.0,90252.0,5067.0,47.0,126.688,194759013661.0
377.677,0.0,90252.0,5067.0,47.0,126.654,194759026330.0
377.790,0.0,90252.0,5067.0,47.0,126.669,194759038978.0
377.877,0.0,90252.0,5067.0,47.0,126.758,194759051715.0
377.976,0.0,90252.0,5067.0,47.0,126.728,194759064309.0
378.077,0.0,90252.0,5067.0,47.0,126.729,194759077008.0
378.188,0.0,90252.0,5067.0,47.0,126.729,194759077008.0
378.280,0.0,90252.0,5067.0,47.0,126.68,194759089572.0
378.377,0.0,90252.0,5067.0,47.0,126.637,194759102251.0
378.477,0.0,90252.0,5067.0,47.0,126.601,194759114862.0
378.577,0.0,90252.0,5067.0,47.0,126.596,194759127555.0
378.677,0.0,90252.0,5067.0,47.0,126.597,194759152836.0
378.782,0.0,90252.0,5067.0,47.0,126.594,194759165429.0
378.878,0.0,90252.0,5067.0,47.0,126.492,194759178124.0
378.977,0.0,90252.0,5067.0,47.0,126.496,194759190748.0
379.076,0.0,90252.0,5067.0,47.0,126.499,194759203457.0
379.185,0.0,90252.0,5067.0,47.0,126.542,194759216079.0
379.279,0.0,90252.0,5067.0,47.0,126.56,194759228760.0
379.376,0.0,90252.0,5067.0,47.0,126.591,194759241408.0
379.477,0.0,90252.0,5067.0,47.0,126.56,194759254070.0
379.577,0.0,90252.0,5067.0,47.0,126.523,194759266665.0
379.677,0.0,90252.0,5067.0,47.0,126.552,194759279343.0
379.790,0.0,90252.0,5067.0,47.0,126.543,194759291946.0
379.878,0.0,90252.0,5067.0,47.0,126.595,194759304637.0
379.977,0.0,90252.0,5067.0,47.0,126.601,194759317264.0
380.076,0.0,90252.0,5067.0,47.0,126.569,194759329948.0
380.188,0.0,90252.0,5067.0,47.0,126.545,194759342553.0
380.278,0.0,90252.0,5067.0,47.0,126.533,194759355225.0
380.377,0.0,90252.0,5067.0,47.0,126.533,194759367867.0
380.476,0.0,90252.0,5067.0,47.0,126.582,194759380570.0
380.576,0.0,90252.0,5067.0,47.0,126.615,194759393211.0
380.684,0.0,90252.0,5067.0,47.0,126.658,194759405906.0
380.783,0.0,90252.0,5067.0,47.0,126.682,194759418535.0
380.877,0.0,90252.0,5067.0,47.0,126.683,194759431216.0
380.977,0.0,90252.0,5067.0,47.0,126.683,194759443877.0
381.077,0.0,90252.0,5067.0,47.0,126.701,194759443877.0
381.177,0.0,90252.0,5067.0,47.0,126.719,194759456558.0
381.290,0.0,90252.0,5067.0,47.0,126.742,194759469203.0
381.384,0.0,90252.0,5067.0,47.0,126.774,194759481874.0
381.477,0.0,90252.0,5067.0,47.0,126.766,194759507164.0
381.577,0.0,90252.0,5067.0,47.0,126.694,194759519818.0
381.677,0.0,90252.0,5067.0,47.0,126.702,194759532483.0
381.782,0.0,90252.0,5067.0,47.0,126.757,194759545215.0
381.877,0.0,90252.0,5067.0,47.0,126.744,194759557889.0
381.977,0.0,90252.0,5067.0,47.0,126.746,194759570543.0
382.084,0.0,90252.0,5067.0,47.0,126.763,194759583235.0
382.177,0.0,90252.0,5067.0,47.0,126.771,194759595901.0
382.276,0.0,90252.0,5067.0,47.0,126.771,194759608592.0
382.380,0.0,90252.0,5067.0,47.0,126.807,194759621287.0
382.476,0.0,90252.0,5067.0,47.0,126.867,194759633950.0
382.577,0.0,90252.0,5067.0,47.0,126.838,194759646613.0
382.679,0.0,90252.0,5067.0,47.0,126.809,194759659255.0
382.777,0.0,90252.0,5067.0,47.0,126.754,194759671926.0
382.877,0.0,90252.0,5067.0,47.0,126.77,194759684587.0
382.981,0.0,90252.0,5067.0,47.0,126.761,194759697266.0
383.078,0.0,90252.0,5067.0,47.0,126.726,194759709902.0
383.177,0.0,90252.0,5067.0,47.0,126.737,194759722602.0
383.288,0.0,90252.0,5067.0,47.0,126.732,194759735248.0
383.377,0.0,90252.0,5067.0,47.0,126.736,194759747944.0
383.477,0.0,90252.0,5067.0,47.0,126.785,194759760612.0
383.577,0.0,90252.0,5067.0,47.0,126.814,194759773327.0
383.677,0.0,90252.0,5067.0,47.0,126.839,194759785969.0
383.778,0.0,90252.0,5067.0,47.0,126.839,194759785969.0
383.877,0.0,90252.0,5067.0,47.0,126.86,194759798682.0
383.990,0.0,90252.0,5067.0,47.0,126.792,194759811263.0
384.082,0.0,90252.0,5067.0,47.0,126.764,194759823934.0
384.177,0.0,90252.0,5067.0,47.0,126.799,194759836592.0
384.277,0.0,90252.0,5067.0,47.0,126.8,194759861933.0
384.378,0.0,90252.0,5067.0,47.0,126.793,194759874662.0
384.477,0.0,90252.0,5067.0,47.0,126.809,194759887301.0
384.590,0.0,90252.0,5067.0,47.0,126.75,194759899998.0
384.678,0.0,90252.0,5067.0,47.0,126.724,194759912635.0
384.777,0.0,90252.0,5067.0,47.0,126.758,194759925344.0
384.877,0.0,90252.0,5067.0,47.0,126.819,194759937980.0
384.985,0.0,90252.0,5067.0,47.0,137.981,194759953553.0
385.077,83.0,90252.0,5067.0,53.0,179.081,194760002447.0
385.176,83.0,90252.0,5067.0,58.0,235.4,194760070927.0
385.277,100.0,90252.0,5067.0,60.0,292.43,194760140766.0
385.391,100.0,90252.0,5067.0,62.0,348.696,194760209443.0
385.483,100.0,90252.0,5067.0,63.0,394.395,194760279424.0
385.577,100.0,90252.0,5067.0,65.0,447.02,194760339528.0
385.677,100.0,90252.0,5067.0,64.0,509.104,194760407131.0
385.776,100.0,90252.0,5067.0,65.0,566.146,194760477311.0
385.885,100.0,90252.0,5067.0,66.0,623.84,194760545432.0
385.977,100.0,90252.0,5067.0,66.0,666.225,194760615332.0
386.077,100.0,90252.0,5067.0,66.0,666.225,194760680297.0
386.193,88.0,90252.0,5067.0,68.0,674.082,194760680297.0
386.279,88.0,90252.0,5067.0,67.0,675.974,194760745367.0
386.377,100.0,90252.0,5067.0,67.0,674.582,194760816252.0
386.477,100.0,90252.0,5067.0,69.0,674.314,194760955991.0
386.588,100.0,90252.0,5067.0,68.0,676.169,194761024294.0
386.691,100.0,90252.0,5067.0,69.0,650.351,194761071342.0
386.776,83.0,90252.0,5067.0,64.0,623.684,194761109291.0
386.878,82.0,90252.0,5067.0,62.0,588.157,194761148519.0
386.986,82.0,90252.0,5067.0,61.0,560.42,194761184663.0
387.076,79.0,90252.0,5067.0,61.0,533.599,194761219802.0
387.176,79.0,90252.0,5067.0,60.0,502.599,194761261315.0
387.277,76.0,90252.0,5067.0,59.0,475.95,194761299443.0
387.377,76.0,90252.0,5067.0,59.0,426.72,194761324466.0
387.477,73.0,90252.0,5067.0,57.0,389.534,194761351228.0
387.585,73.0,90252.0,5067.0,57.0,347.83,194761379504.0
387.677,72.0,90252.0,5067.0,56.0,330.171,194761406228.0
387.776,72.0,90252.0,5067.0,56.0,316.057,194761431245.0
387.876,69.0,90252.0,5067.0,55.0,303.339,194761454262.0
387.990,69.0,90252.0,5067.0,55.0,289.493,194761478112.0
388.083,67.0,90252.0,5067.0,54.0,284.095,194761504517.0
388.178,67.0,90252.0,5067.0,54.0,284.095,194761524972.0
388.278,67.0,90252.0,5067.0,54.0,260.634,194761524972.0
388.377,66.0,90252.0,5067.0,53.0,246.091,194761549466.0
388.488,66.0,90252.0,5067.0,53.0,243.582,194761569870.0
388.578,64.0,90252.0,5067.0,53.0,237.061,194761589692.0
388.678,64.0,90252.0,5067.0,53.0,230.093,194761625976.0
388.777,0.0,90252.0,5067.0,52.0,217.03,194761639047.0
388.889,0.0,90252.0,5067.0,51.0,205.426,194761652053.0
388.981,0.0,90252.0,5067.0,51.0,195.853,194761665138.0
389.077,0.0,90252.0,5067.0,51.0,184.418,194761678177.0
389.176,0.0,90252.0,5067.0,50.0,169.616,194761691200.0
389.293,0.0,90252.0,5067.0,50.0,153.665,194761704164.0
389.399,0.0,90252.0,5067.0,50.0,146.91,194761717189.0
389.477,0.0,90252.0,5067.0,50.0,139.451,194761730163.0
389.576,0.0,90252.0,5067.0,49.0,130.746,194761743135.0
389.677,0.0,90252.0,5067.0,49.0,130.15,194761756081.0
389.775,0.0,90252.0,5067.0,49.0,130.06,194761769035.0
389.886,5.0,90252.0,5067.0,49.0,133.328,194761781908.0
389.977,5.0,90252.0,5067.0,53.0,169.193,194761822723.0
390.077,100.0,90252.0,5067.0,59.0,225.5,194761891700.0
390.177,100.0,90252.0,5067.0,61.0,281.804,194761961627.0
390.276,100.0,90252.0,5067.0,63.0,338.381,194762030397.0
390.376,100.0,90252.0,5067.0,64.0,395.964,194762099843.0
390.482,85.0,90252.0,5067.0,66.0,442.863,194762163283.0
390.576,85.0,90252.0,5067.0,66.0,499.977,194762230088.0
390.676,85.0,90252.0,5067.0,66.0,499.977,194762230088.0
390.781,100.0,90252.0,5067.0,66.0,554.035,194762297774.0
390.876,100.0,90252.0,5067.0,67.0,610.157,194762367105.0
390.977,100.0,90252.0,5067.0,68.0,655.18,194762503683.0
391.080,100.0,90252.0,5067.0,68.0,673.69,194762563973.0
391.177,95.0,90252.0,5067.0,67.0,671.372,194762633419.0
391.276,95.0,90252.0,5067.0,68.0,671.143,194762702098.0
391.384,100.0,90252.0,5067.0,69.0,671.805,194762772259.0
391.477,82.0,90252.0,5067.0,66.0,647.884,194762818073.0
391.577,82.0,90252.0,5067.0,64.0,621.446,194762860930.0
391.687,82.0,90252.0,5067.0,63.0,586.576,194762893350.0
391.776,82.0,90252.0,5067.0,62.0,556.922,194762931210.0
391.876,80.0,90252.0,5067.0,61.0,525.111,194762970876.0
391.983,80.0,90252.0,5067.0,61.0,497.368,194763007950.0
392.076,81.0,90252.0,5067.0,60.0,464.941,194763039430.0
392.176,81.0,90252.0,5067.0,60.0,423.839,194763065381.0
392.285,73.0,90252.0,5067.0,59.0,374.783,194763085278.0
392.376,73.0,90252.0,5067.0,58.0,329.803,194763107010.0
392.475,69.0,90252.0,5067.0,57.0,312.655,194763107010.0
392.577,69.0,90252.0,5067.0,56.0,295.053,194763133434.0
392.677,70.0,90252.0,5067.0,56.0,289.765,194763157445.0
392.777,70.0,90252.0,5067.0,55.0,281.383,194763185766.0
392.876,66.0,90252.0,5067.0,55.0,261.582,194763238002.0
392.976,66.0,90252.0,5067.0,54.0,248.764,194763257404.0
393.089,20.0,90252.0,5067.0,54.0,235.337,194763277094.0
393.176,20.0,90252.0,5067.0,52.0,222.486,194763289994.0
393.277,0.0,90252.0,5067.0,52.0,216.683,194763302963.0
393.403,0.0,90252.0,5067.0,52.0,207.155,194763315843.0
393.478,0.0,90252.0,5067.0,51.0,193.419,194763328737.0
393.576,0.0,90252.0,5067.0,52.0,203.584,194763358105.0
393.677,100.0,90252.0,5067.0,59.0,254.673,194763422238.0
393.790,100.0,90252.0,5067.0,62.0,295.464,194763490291.0
393.882,100.0,90252.0,5067.0,64.0,343.129,194763559934.0
393.976,100.0,90252.0,5067.0,65.0,391.617,194763627332.0
394.076,100.0,90252.0,5067.0,66.0,439.737,194763697700.0
394.181,100.0,90252.0,5067.0,65.0,494.34,194763759376.0
394.276,100.0,90252.0,5067.0,68.0,551.923,194763828979.0
394.377,100.0,90252.0,5067.0,67.0,605.943,194763897351.0
394.490,100.0,90252.0,5067.0,67.0,605.943,194763966672.0
394.578,100.0,90252.0,5067.0,69.0,661.62,194763966672.0
394.676,100.0,90252.0,5067.0,69.0,683.344,194764034203.0
394.776,85.0,90252.0,5067.0,68.0,673.376,194764095922.0
394.879,85.0,90252.0,5067.0,69.0,673.523,194764232343.0
394.977,100.0,90252.0,5067.0,70.0,672.926,194764300355.0
395.092,100.0,90252.0,5067.0,70.0,672.053,194764366056.0
395.179,92.0,90252.0,5067.0,70.0,662.304,194764399858.0
395.276,92.0,90252.0,5067.0,65.0,629.381,194764435620.0
395.377,83.0,90252.0,5067.0,64.0,591.765,194764475347.0
395.490,83.0,90252.0,5067.0,63.0,568.768,194764512616.0
395.577,76.0,90252.0,5067.0,62.0,508.307,194764551813.0
395.677,79.0,90252.0,5067.0,60.0,487.488,194764591120.0
395.790,79.0,90252.0,5067.0,60.0,453.636,194764630204.0
395.876,75.0,90252.0,5067.0,59.0,420.168,194764664146.0
395.977,75.0,90252.0,5067.0,59.0,379.381,194764692116.0
396.090,72.0,90252.0,5067.0,58.0,346.375,194764718889.0
396.177,72.0,90252.0,5067.0,57.0,337.498,194764748194.0
396.276,68.0,90252.0,5067.0,56.0,336.351,194764774400.0
396.381,68.0,90252.0,5067.0,56.0,319.394,194764798725.0
396.477,68.0,90252.0,5067.0,56.0,319.394,194764827603.0
396.576,66.0,90252.0,5067.0,55.0,306.074,194764827603.0
396.682,66.0,90252.0,5067.0,55.0,296.492,194764850844.0
396.776,61.0,90252.0,5067.0,54.0,276.173,194764876664.0
396.877,61.0,90252.0,5067.0,53.0,253.556,194764891109.0
396.982,0.0,90252.0,5067.0,53.0,234.373,194764917617.0
397.077,0.0,90252.0,5067.0,52.0,220.03,194764930823.0
397.177,0.0,90252.0,5067.0,52.0,206.174,194764944005.0
397.278,0.0,90252.0,5067.0,51.0,211.299,194764997571.0
397.376,85.0,90252.0,5067.0,59.0,242.489,194765068117.0
397.476,85.0,90252.0,5067.0,62.0,283.985,194765135320.0
397.578,100.0,90252.0,5067.0,64.0,370.554,194765205018.0
397.677,100.0,90252.0,5067.0,65.0,421.123,194765273681.0
397.789,100.0,90252.0,5067.0,67.0,470.262,194765337092.0
397.877,100.0,90252.0,5067.0,67.0,525.05,194765404199.0
397.977,100.0,90252.0,5067.0,68.0,581.906,194765472774.0
398.081,100.0,90252.0,5067.0,68.0,637.993,194765541975.0
398.176,100.0,90252.0,5067.0,68.0,675.053,194765611942.0
398.276,96.0,90252.0,5067.0,69.0,676.793,194765680064.0
398.377,96.0,90252.0,5067.0,69.0,676.003,194765741075.0
398.477,100.0,90252.0,5067.0,70.0,675.409,194765809882.0
398.586,100.0,90252.0,5067.0,70.0,676.994,194765809882.0
398.677,93.0,90252.0,5067.0,70.0,665.459,194765878709.0
398.777,93.0,90252.0,5067.0,67.0,641.095,194765948915.0
398.876,82.0,90252.0,5067.0,65.0,599.796,194766020812.0
398.976,82.0,90252.0,5067.0,63.0,567.929,194766054158.0
399.077,80.0,90252.0,5067.0,62.0,531.501,194766086421.0
399.181,80.0,90252.0,5067.0,62.0,496.42,194766119951.0
399.277,74.0,90252.0,5067.0,62.0,474.062,194766159167.0
399.377,74.0,90252.0,5067.0,61.0,432.24,194766194976.0
399.487,74.0,90252.0,5067.0,59.0,398.886,194766218021.0
399.577,74.0,90252.0,5067.0,59.0,356.564,194766251652.0
399.676,70.0,90252.0,5067.0,57.0,312.621,194766271095.0
399.779,70.0,90252.0,5067.0,57.0,295.854,194766292170.0
399.877,69.0,90252.0,5067.0,56.0,291.653,194766311661.0
399.976,69.0,90252.0,5067.0,55.0,278.357,194766335556.0
400.077,68.0,90252.0,5067.0,55.0,269.82,194766359371.0
400.177,68.0,90252.0,5067.0,55.0,261.618,194766385342.0
400.288,66.0,90252.0,5067.0,55.0,241.034,194766407899.0
400.377,66.0,90252.0,5067.0,54.0,241.226,194766430928.0
400.476,65.0,90252.0,5067.0,54.0,235.9,194766457866.0
400.585,65.0,90252.0,5067.0,54.0,233.815,194766482371.0
400.677,20.0,90252.0,5067.0,52.0,228.331,194766501159.0
400.777,20.0,90252.0,5067.0,52.0,228.331,194766514081.0
400.878,20.0,90252.0,5067.0,52.0,218.891,194766514081.0
400.976,0.0,90252.0,5067.0,52.0,209.639,194766527050.0
401.089,0.0,90252.0,5067.0,51.0,199.605,194766539891.0
401.178,2.0,90252.0,5067.0,55.0,199.803,194766552790.0
401.277,2.0,90252.0,5067.0,60.0,227.34,194766661442.0
401.377,100.0,90252.0,5067.0,63.0,272.324,194766729699.0
401.484,100.0,90252.0,5067.0,64.0,315.302,194766798501.0
401.577,100.0,90252.0,5067.0,66.0,358.666,194766868493.0
401.677,100.0,90252.0,5067.0,66.0,406.219,194766931160.0
401.778,87.0,90252.0,5067.0,66.0,507.496,194766998382.0
401.877,100.0,90252.0,5067.0,68.0,565.334,194767067417.0
401.990,100.0,90252.0,5067.0,69.0,620.816,194767136481.0
402.077,100.0,90252.0,5067.0,69.0,663.119,194767206106.0
402.176,100.0,90252.0,5067.0,69.0,676.412,194767275404.0
402.288,92.0,90252.0,5067.0,70.0,676.46,194767337146.0
402.377,92.0,90252.0,5067.0,70.0,675.434,194767406773.0
402.477,100.0,90252.0,5067.0,70.0,677.505,194767475655.0
402.576,100.0,90252.0,5067.0,65.0,659.851,194767542258.0
402.677,100.0,90252.0,5067.0,65.0,659.851,194767542258.0
402.777,83.0,90252.0,5067.0,64.0,641.702,194767583226.0
402.890,83.0,90252.0,5067.0,63.0,611.442,194767623869.0
402.976,81.0,90252.0,5067.0,63.0,573.831,194767658883.0
403.077,81.0,90252.0,5067.0,62.0,540.581,194767728972.0
403.179,78.0,90252.0,5067.0,61.0,506.484,194767756803.0
403.288,78.0,90252.0,5067.0,60.0,469.38,194767779629.0
403.376,74.0,90252.0,5067.0,60.0,427.411,194767801084.0
403.477,74.0,90252.0,5067.0,59.0,387.715,194767831061.0
403.576,70.0,90252.0,5067.0,58.0,345.776,194767860244.0
403.677,70.0,90252.0,5067.0,57.0,316.203,194767884471.0
403.789,71.0,90252.0,5067.0,57.0,296.294,194767906264.0
403.876,71.0,90252.0,5067.0,56.0,283.73,194767934162.0
403.977,70.0,90252.0,5067.0,56.0,273.909,194767957737.0
404.091,67.0,90252.0,5067.0,55.0,253.489,194767983442.0
404.177,67.0,90252.0,5067.0,54.0,250.117,194768007880.0
404.276,65.0,90252.0,5067.0,54.0,251.302,194768028076.0
404.376,65.0,90252.0,5067.0,54.0,246.634,194768052028.0
404.478,64.0,90252.0,5067.0,54.0,242.71,194768075698.0
404.576,64.0,90252.0,5067.0,53.0,238.119,194768099229.0
404.676,63.0,90252.0,5067.0,53.0,238.512,194768122625.0
404.785,63.0,90252.0,5067.0,52.0,225.986,194768140236.0
404.877,0.0,90252.0,5067.0,52.0,215.041,194768153182.0
404.977,0.0,90252.0,5067.0,52.0,215.041,194768166100.0
405.088,0.0,90252.0,5067.0,51.0,203.924,194768166100.0
405.175,0.0,90252.0,5067.0,51.0,188.305,194768179016.0
405.277,0.0,90252.0,5067.0,54.0,185.116,194768191832.0
405.376,66.0,90252.0,5067.0,58.0,201.165,194768280889.0
405.486,66.0,90252.0,5067.0,62.0,245.283,194768348249.0
405.577,100.0,90252.0,5067.0,63.0,293.8,194768416905.0
405.681,100.0,90252.0,5067.0,65.0,335.62,194768485793.0
405.777,100.0,90252.0,5067.0,66.0,384.588,194768554461.0
405.879,100.0,90252.0,5067.0,63.0,426.126,194768615569.0
405.988,84.0,90252.0,5067.0,67.0,479.378,194768684974.0
406.077,84.0,90252.0,5067.0,68.0,541.899,194768753333.0
406.177,100.0,90252.0,5067.0,68.0,597.502,194768821250.0
406.277,100.0,90252.0,5067.0,69.0,649.245,194768891470.0
406.378,100.0,90252.0,5067.0,70.0,680.082,194768956749.0
406.477,100.0,90252.0,5067.0,70.0,676.578,194769025747.0
406.576,100.0,90252.0,5067.0,70.0,673.869,194769094024.0
406.680,100.0,90252.0,5067.0,68.0,673.476,194769141777.0
406.776,82.0,90252.0,5067.0,64.0,640.299,194769187595.0
406.889,82.0,90252.0,5067.0,64.0,621.824,194769219349.0
406.977,82.0,90252.0,5067.0,63.0,586.236,194769257038.0
407.077,82.0,90252.0,5067.0,62.0,558.846,194769257038.0
407.176,80.0,90252.0,5067.0,62.0,526.232,194769295194.0
407.276,80.0,90252.0,5067.0,60.0,501.706,194769337017.0
407.376,76.0,90252.0,5067.0,60.0,464.065,194769374521.0
407.476,76.0,90252.0,5067.0,59.0,428.859,194769428715.0
407.577,70.0,90252.0,5067.0,58.0,391.093,194769457987.0
407.679,70.0,90252.0,5067.0,57.0,346.052,194769484107.0
407.777,71.0,90252.0,5067.0,57.0,335.22,194769511377.0
407.885,71.0,90252.0,5067.0,56.0,316.247,194769534598.0
407.977,70.0,90252.0,5067.0,56.0,309.034,194769556998.0
408.077,70.0,90252.0,5067.0,55.0,293.94,194769576790.0
408.182,67.0,90252.0,5067.0,55.0,276.124,194769597340.0
408.277,67.0,90252.0,5067.0,54.0,253.502,194769615965.0
408.376,64.0,90252.0,5067.0,54.0,243.041,194769638183.0
408.485,64.0,90252.0,5067.0,54.0,234.918,194769662511.0
408.578,58.0,90252.0,5067.0,52.0,216.277,194769677094.0
408.677,0.0,90252.0,5067.0,52.0,199.176,194769690152.0
408.776,0.0,90252.0,5067.0,52.0,188.475,194769703275.0
408.876,0.0,90252.0,5067.0,51.0,179.169,194769716343.0
408.987,0.0,90252.0,5067.0,53.0,180.056,194769731069.0
409.077,81.0,90252.0,5067.0,62.0,224.059,194769777442.0
409.187,81.0,90252.0,5067.0,63.0,273.029,194769777442.0
409.277,100.0,90252.0,5067.0,65.0,320.468,194769846331.0
409.387,100.0,90252.0,5067.0,65.0,367.886,194769915577.0
409.478,100.0,90252.0,5067.0,67.0,413.98,194770050769.0
409.576,100.0,90252.0,5067.0,67.0,463.296,194770113499.0
409.689,100.0,90252.0,5067.0,68.0,518.782,194770183470.0
409.776,100.0,90252.0,5067.0,68.0,566.263,194770251758.0
409.877,100.0,90252.0,5067.0,69.0,619.728,194770320929.0
409.977,100.0,90252.0,5067.0,70.0,674.484,194770390634.0
410.077,90.0,90252.0,5067.0,69.0,674.007,194770455990.0
410.176,90.0,90252.0,5067.0,70.0,672.998,194770522387.0
410.276,93.0,90252.0,5067.0,66.0,662.617,194770591281.0
410.376,93.0,90252.0,5067.0,65.0,630.746,194770627943.0
410.480,79.0,90252.0,5067.0,63.0,598.157,194770669247.0
410.576,79.0,90252.0,5067.0,62.0,584.073,194770710509.0
410.676,79.0,90252.0,5067.0,62.0,546.342,194770744550.0
410.777,79.0,90252.0,5067.0,61.0,514.928,194770782753.0
410.882,75.0,90252.0,5067.0,61.0,481.744,194770819105.0
410.976,75.0,90252.0,5067.0,59.0,445.673,194770847411.0
411.093,75.0,90252.0,5067.0,59.0,445.673,194770884273.0
411.185,75.0,90252.0,5067.0,59.0,415.528,194770884273.0
411.277,75.0,90252.0,5067.0,58.0,381.46,194770917055.0
411.386,70.0,90252.0,5067.0,57.0,341.448,194770942100.0
411.477,70.0,90252.0,5067.0,57.0,337.756,194770970210.0
411.575,69.0,90252.0,5067.0,56.0,318.602,194771025033.0
411.687,69.0,90252.0,5067.0,56.0,306.954,194771046851.0
411.776,67.0,90252.0,5067.0,55.0,298.892,194771071195.0
411.876,67.0,90252.0,5067.0,55.0,284.055,194771097178.0
411.976,65.0,90252.0,5067.0,54.0,275.065,194771121681.0
412.087,65.0,90252.0,5067.0,54.0,269.093,194771144498.0
412.184,64.0,90252.0,5067.0,54.0,256.183,194771166257.0
412.276,64.0,90252.0,5067.0,54.0,245.351,194771188539.0
412.377,64.0,90252.0,5067.0,54.0,246.446,194771209442.0
412.476,64.0,90252.0,5067.0,53.0,236.951,194771232770.0
412.576,64.0,90252.0,5067.0,53.0,234.022,194771255199.0
412.676,64.0,90252.0,5067.0,53.0,231.791,194771279819.0
412.789,63.0,90252.0,5067.0,53.0,224.518,194771302064.0
412.879,20.0,90252.0,5067.0,52.0,213.298,194771318932.0
412.977,20.0,90252.0,5067.0,56.0,223.66,194771333628.0
413.090,89.0,90252.0,5067.0,62.0,263.802,194771383517.0
413.176,89.0,90252.0,5067.0,64.0,314.953,194771446554.0
413.277,100.0,90252.0,5067.0,63.0,351.378,194771519375.0
413.378,100.0,90252.0,5067.0,63.0,351.378,194771570220.0
413.476,100.0,90252.0,5067.0,58.0,362.915,194771570220.0
413.595,71.0,90252.0,5067.0,57.0,363.116,194771598217.0
413.677,71.0,90252.0,5067.0,56.0,370.514,194771620294.0
413.777,72.0,90252.0,5067.0,56.0,381.771,194771684100.0
413.885,72.0,90252.0,5067.0,56.0,381.367,194771713545.0
413.976,70.0,90252.0,5067.0,55.0,395.366,194771737484.0
414.076,70.0,90252.0,5067.0,55.0,398.267,194771766085.0
414.178,69.0,90252.0,5067.0,55.0,355.525,194771786580.0
414.276,69.0,90252.0,5067.0,54.0,313.609,194771809632.0
414.387,69.0,90252.0,5067.0,54.0,269.334,194771833327.0
414.476,69.0,90252.0,5067.0,54.0,262.252,194771859523.0
414.590,68.0,90252.0,5067.0,53.0,265.105,194771883928.0
414.678,68.0,90252.0,5067.0,53.0,256.99,194771904393.0
414.776,65.0,90252.0,5067.0,53.0,242.367,194771926430.0
414.885,65.0,90252.0,5067.0,53.0,241.235,194771949134.0
414.977,64.0,90252.0,5067.0,52.0,232.412,194771965369.0
415.077,64.0,90252.0,5067.0,52.0,217.915,194771978295.0
415.176,0.0,90252.0,5067.0,51.0,207.528,194771991154.0
415.276,0.0,90252.0,5067.0,51.0,200.354,194772004023.0
415.411,0.0,90252.0,5067.0,51.0,187.563,194772016755.0
415.484,0.0,90252.0,5067.0,50.0,177.442,194772029579.0
415.576,0.0,90252.0,5067.0,50.0,163.377,194772042285.0
415.689,0.0,90252.0,5067.0,50.0,153.22,194772055121.0
415.777,0.0,90252.0,5067.0,50.0,144.737,194772055121.0
415.876,0.0,90252.0,5067.0,50.0,136.805,194772067833.0
415.981,0.0,90252.0,5067.0,50.0,128.262,194772080598.0
416.077,0.0,90252.0,5067.0,50.0,127.875,194772093279.0
416.185,0.0,90252.0,5067.0,50.0,127.75,194772118770.0
416.276,0.0,90252.0,5067.0,49.0,127.563,194772131479.0
416.377,0.0,90252.0,5067.0,49.0,127.521,194772144188.0
416.477,0.0,90252.0,5067.0,49.0,127.436,194772156878.0
416.577,0.0,90252.0,5067.0,49.0,127.401,194772169567.0
416.691,0.0,90252.0,5067.0,49.0,127.264,194772182275.0
416.777,0.0,90252.0,5067.0,49.0,127.234,194772194943.0
416.876,0.0,90252.0,5067.0,49.0,127.098,194772207590.0
416.980,0.0,90252.0,5067.0,49.0,127.039,194772220280.0
417.086,0.0,90252.0,5067.0,49.0,127.007,194772232907.0
417.177,0.0,90252.0,5067.0,49.0,126.883,194772245580.0
417.276,0.0,90252.0,5067.0,49.0,126.812,194772258157.0
417.376,0.0,90252.0,5067.0,49.0,126.756,194772270828.0
417.477,0.0,90252.0,5067.0,49.0,126.676,194772283420.0
417.577,0.0,90252.0,5067.0,49.0,126.607,194772296093.0
417.681,0.0,90252.0,5067.0,49.0,126.546,194772308709.0
417.777,0.0,90252.0,5067.0,49.0,126.502,194772321390.0
417.883,0.0,90252.0,5067.0,49.0,126.503,194772333992.0
417.976,0.0,90252.0,5067.0,49.0,126.522,194772346722.0
418.108,0.0,90252.0,5067.0,49.0,126.533,194772359361.0
418.177,0.0,90252.0,5067.0,49.0,126.477,194772372006.0
418.276,0.0,90252.0,5067.0,49.0,126.546,194772384610.0
418.376,0.0,90252.0,5067.0,48.0,126.467,194772397261.0
418.477,0.0,90252.0,5067.0,48.0,126.494,194772397261.0
418.577,0.0,90252.0,5067.0,48.0,126.415,194772409840.0
418.677,0.0,90252.0,5067.0,48.0,126.473,194772422482.0
418.776,0.0,90252.0,5067.0,48.0,126.389,194772435095.0
418.885,0.0,90252.0,5067.0,48.0,126.427,194772447746.0
418.977,0.0,90252.0,5067.0,48.0,126.358,194772472998.0
419.077,0.0,90252.0,5067.0,48.0,126.29,194772485578.0
419.180,0.0,90252.0,5067.0,48.0,126.293,194772498204.0
419.277,0.0,90252.0,5067.0,48.0,126.302,194772510877.0
419.377,0.0,90252.0,5067.0,48.0,126.288,194772523439.0
419.481,0.0,90252.0,5067.0,48.0,126.284,194772536083.0
419.577,0.0,90252.0,5067.0,48.0,126.298,194772548671.0
419.692,0.0,90252.0,5067.0,48.0,126.288,194772561318.0
419.779,0.0,90252.0,5067.0,48.0,126.292,194772573886.0
419.877,0.0,90252.0,5067.0,48.0,126.243,194772586549.0
419.990,0.0,90252.0,5067.0,48.0,126.233,194772599106.0
420.077,0.0,90252.0,5067.0,48.0,126.241,194772611773.0
420.177,0.0,90252.0,5067.0,48.0,126.265,194772624328.0
420.285,0.0,90252.0,5067.0,48.0,126.225,194772636995.0
420.377,0.0,90252.0,5067.0,48.0,126.224,194772649575.0
420.476,0.0,90252.0,5067.0,48.0,126.241,194772662238.0
420.580,0.0,90252.0,5067.0,48.0,126.281,194772674823.0
420.677,0.0,90252.0,5067.0,48.0,126.192,194772687423.0
420.788,0.0,90252.0,5067.0,48.0,126.129,194772699995.0
420.877,0.0,90252.0,5067.0,48.0,126.14,194772712600.0
420.977,0.0,90252.0,5067.0,48.0,126.04,194772725158.0
421.094,0.0,90252.0,5067.0,48.0,126.065,194772737731.0
421.177,0.0,90252.0,5067.0,48.0,126.035,194772750352.0
421.277,0.0,90252.0,5067.0,48.0,126.035,194772762958.0
421.404,0.0,90252.0,5067.0,48.0,126.035,194772762958.0
421.476,0.0,90252.0,5067.0,48.0,125.935,194772775527.0
421.576,0.0,90252.0,5067.0,48.0,125.928,194772788074.0
421.679,0.0,90252.0,5067.0,48.0,125.972,194772800696.0
421.777,0.0,90252.0,5067.0,48.0,125.988,194772825915.0
421.888,0.0,90252.0,5067.0,48.0,125.987,194772838444.0
421.977,0.0,90252.0,5067.0,48.0,125.949,194772851033.0
422.078,0.0,90252.0,5067.0,48.0,125.956,194772863546.0
422.177,0.0,90252.0,5067.0,48.0,125.938,194772876162.0
422.277,0.0,90252.0,5067.0,48.0,125.902,194772888722.0
422.377,0.0,90252.0,5067.0,48.0,125.902,194772901314.0
422.479,0.0,90252.0,5067.0,48.0,125.913,194772913834.0
422.576,0.0,90252.0,5067.0,48.0,125.866,194772926458.0
422.676,0.0,90252.0,5067.0,48.0,125.846,194772938998.0
422.779,0.0,90252.0,5067.0,48.0,125.787,194772951598.0
422.877,0.0,90252.0,5067.0,48.0,125.79,194772964135.0
422.989,0.0,90252.0,5067.0,48.0,125.79,194772976749.0
423.077,0.0,90252.0,5067.0,48.0,125.832,194772989316.0
423.176,0.0,90252.0,5067.0,48.0,125.845,194773001935.0
423.282,0.0,90252.0,5067.0,48.0,125.857,194773014487.0
423.377,0.0,90252.0,5067.0,48.0,125.883,194773027093.0
423.477,0.0,90252.0,5067.0,48.0,125.886,194773039673.0
423.584,0.0,90252.0,5067.0,48.0,125.871,194773052257.0
423.680,0.0,90252.0,5067.0,48.0,125.837,194773064813.0
423.788,0.0,90252.0,5067.0,48.0,125.837,194773077343.0
423.876,0.0,90252.0,5067.0,48.0,125.771,194773089886.0
423.977,0.0,90252.0,5067.0,48.0,125.784,194773102419.0
424.080,0.0,90252.0,5067.0,48.0,125.784,194773114964.0
424.177,0.0,90252.0,5067.0,48.0,125.69,194773114964.0
424.283,0.0,90252.0,5067.0,48.0,125.698,194773127504.0
424.377,0.0,90252.0,5067.0,48.0,125.678,194773140084.0
424.477,0.0,90252.0,5067.0,48.0,125.679,194773152618.0
424.579,0.0,90252.0,5067.0,48.0,125.654,194773177776.0
424.676,0.0,90252.0,5067.0,48.0,125.681,194773190388.0
424.789,0.0,90252.0,5067.0,48.0,125.684,194773202900.0
424.877,0.0,90252.0,5067.0,48.0,125.707,194773215498.0
424.976,0.0,90252.0,5067.0,48.0,125.743,194773228017.0
425.076,0.0,90252.0,5067.0,48.0,125.741,194773240636.0
425.180,0.0,90252.0,5067.0,48.0,125.776,194773253148.0
425.277,0.0,90252.0,5067.0,48.0,125.736,194773265737.0
425.376,0.0,90252.0,5067.0,48.0,125.785,194773278263.0
425.487,0.0,90252.0,5067.0,48.0,125.721,194773290854.0
425.576,0.0,90252.0,5067.0,48.0,125.703,194773303333.0
425.676,0.0,90252.0,5067.0,48.0,125.645,194773315950.0
425.787,0.0,90252.0,5067.0,48.0,125.679,194773328489.0
425.877,0.0,90252.0,5067.0,48.0,125.664,194773341095.0
425.976,0.0,90252.0,5067.0,48.0,125.699,194773353647.0
426.080,0.0,90252.0,5067.0,48.0,125.714,194773366285.0
426.178,0.0,90252.0,5067.0,48.0,125.768,194773378818.0
426.288,0.0,90252.0,5067.0,48.0,125.739,194773391375.0
426.377,0.0,90252.0,5067.0,48.0,125.748,194773403929.0
426.477,0.0,90252.0,5067.0,48.0,125.7,194773416485.0
426.577,0.0,90252.0,5067.0,48.0,125.714,194773428988.0
426.677,0.0,90252.0,5067.0,48.0,125.671,194773441515.0
426.781,0.0,90252.0,5067.0,48.0,125.692,194773454101.0
426.877,0.0,90252.0,5067.0,48.0,125.654,194773454101.0
426.977,0.0,90252.0,5067.0,48.0,125.587,194773466620.0
427.077,0.0,90252.0,5067.0,48.0,125.529,194773479140.0
427.176,0.0,90252.0,5067.0,48.0,125.435,194773491640.0
427.277,0.0,90252.0,5067.0,48.0,125.422,194773516731.0
427.377,0.0,90252.0,5067.0,48.0,125.472,194773529313.0
427.490,0.0,90252.0,5067.0,48.0,125.461,194773541844.0
427.577,0.0,90252.0,5067.0,48.0,125.497,194773554410.0
427.677,0.0,90252.0,5067.0,48.0,125.505,194773566927.0
427.785,0.0,90252.0,5067.0,48.0,125.475,194773579512.0
427.877,0.0,90252.0,5067.0,48.0,125.49,194773592023.0
427.988,0.0,90252.0,5067.0,48.0,125.543,194773604591.0
428.077,0.0,90252.0,5067.0,48.0,125.563,194773617087.0
428.176,0.0,90252.0,5067.0,48.0,125.552,194773629660.0
428.278,0.0,90252.0,5067.0,48.0,125.566,194773642157.0
428.377,0.0,90252.0,5067.0,48.0,125.525,194773654759.0
428.477,0.0,90252.0,5067.0,47.0,125.529,194773667249.0
428.578,0.0,90252.0,5067.0,47.0,125.44,194773679809.0
428.679,0.0,90252.0,5067.0,47.0,125.481,194773692319.0
428.787,0.0,90252.0,5067.0,47.0,125.437,194773704906.0
428.876,0.0,90252.0,5067.0,47.0,125.472,194773717400.0
428.977,0.0,90252.0,5067.0,47.0,125.384,194773729944.0
429.084,0.0,90252.0,5067.0,47.0,125.419,194773742467.0
429.177,0.0,90252.0,5067.0,47.0,125.429,194773755011.0
429.286,0.0,90252.0,5067.0,47.0,125.342,194773767538.0
429.376,0.0,90252.0,5067.0,47.0,125.372,194773780066.0
429.476,0.0,90252.0,5067.0,47.0,125.341,194773792563.0
429.575,0.0,90252.0,5067.0,47.0,125.341,194773805079.0
429.676,0.0,90252.0,5067.0,47.0,125.36,194773805079.0
429.785,0.0,90252.0,5067.0,47.0,125.32,194773817622.0
429.877,0.0,90252.0,5067.0,47.0,125.327,194773830164.0
429.989,0.0,90252.0,5067.0,47.0,125.317,194773842690.0
430.077,0.0,90252.0,5067.0,47.0,125.356,194773867793.0
430.176,0.0,90252.0,5067.0,47.0,125.33,194773880295.0
430.286,0.0,90252.0,5067.0,47.0,125.346,194773892846.0
430.376,0.0,90252.0,5067.0,47.0,125.344,194773905345.0
430.476,0.0,90252.0,5067.0,47.0,125.382,194773917916.0
430.579,0.0,90252.0,5067.0,47.0,125.41,194773930405.0
430.681,0.0,90252.0,5067.0,47.0,125.443,194773943021.0
430.777,0.0,90252.0,5067.0,47.0,125.434,194773955517.0
430.875,0.0,90252.0,5067.0,47.0,125.446,194773968092.0
430.977,0.0,90252.0,5067.0,47.0,125.476,194773980578.0
431.085,0.0,90252.0,5067.0,47.0,125.424,194773993124.0
431.176,0.0,90252.0,5067.0,47.0,125.457,194774005613.0
431.276,0.0,90252.0,5067.0,47.0,125.419,194774018153.0
431.398,0.0,90252.0,5067.0,47.0,125.422,194774030620.0
431.476,0.0,90252.0,5067.0,47.0,125.399,194774043221.0
431.576,0.0,90252.0,5067.0,47.0,125.442,194774055731.0
431.676,0.0,90252.0,5067.0,47.0,125.426,194774068290.0
431.776,0.0,90252.0,5067.0,47.0,125.413,194774080773.0
431.883,0.0,90252.0,5067.0,47.0,125.373,194774093347.0
431.976,0.0,90252.0,5067.0,47.0,125.374,194774105820.0
432.091,0.0,90252.0,5067.0,47.0,125.415,194774118416.0
432.176,0.0,90252.0,5067.0,47.0,125.376,194774130905.0
432.276,0.0,90252.0,5067.0,47.0,125.402,194774143466.0
432.377,0.0,90252.0,5067.0,47.0,125.402,194774155950.0
432.477,0.0,90252.0,5067.0,47.0,125.408,194774155950.0
432.588,0.0,90252.0,5067.0,47.0,125.39,194774168535.0
432.677,0.0,90252.0,5067.0,47.0,125.306,194774181018.0
432.777,0.0,90252.0,5067.0,47.0,125.312,194774193512.0
432.877,0.0,90252.0,5067.0,47.0,125.318,194774218538.0
432.977,0.0,90252.0,5067.0,47.0,125.306,194774231043.0
433.086,0.0,90252.0,5067.0,47.0,125.244,194774243565.0
433.176,0.0,90252.0,5067.0,47.0,125.255,194774256089.0
433.276,0.0,90252.0,5067.0,47.0,125.249,194774268594.0
433.378,0.0,90252.0,5067.0,47.0,125.271,194774281119.0
433.480,0.0,90252.0,5067.0,47.0,125.182,194774293592.0
433.577,0.0,90252.0,5067.0,47.0,125.171,194774306127.0
433.676,0.0,90252.0,5067.0,47.0,125.201,194774318664.0
433.776,0.0,90252.0,5067.0,47.0,125.266,194774331223.0
433.901,0.0,90252.0,5067.0,47.0,125.224,194774343682.0
433.976,0.0,90252.0,5067.0,47.0,125.233,194774356224.0
434.077,0.0,90252.0,5067.0,47.0,125.232,194774368717.0
434.177,0.0,90252.0,5067.0,47.0,125.237,194774381267.0
434.276,0.0,90252.0,5067.0,47.0,125.181,194774393727.0
434.386,0.0,90252.0,5067.0,47.0,125.153,194774406246.0
434.477,0.0,90252.0,5067.0,47.0,125.183,194774418726.0
434.577,0.0,90252.0,5067.0,47.0,125.16,194774431256.0
434.690,0.0,90252.0,5067.0,47.0,125.149,194774443728.0
434.776,0.0,90252.0,5067.0,47.0,125.087,194774456249.0
434.876,0.0,90252.0,5067.0,47.0,125.112,194774468727.0
434.976,0.0,90252.0,5067.0,47.0,125.06,194774481258.0
435.077,0.0,90252.0,5067.0,47.0,125.118,194774493776.0
435.189,0.0,90252.0,5067.0,47.0,125.093,194774493776.0
435.276,0.0,90252.0,5067.0,47.0,125.153,194774506309.0
435.377,0.0,90252.0,5067.0,47.0,125.142,194774518771.0
435.484,0.0,90252.0,5067.0,47.0,125.174,194774531328.0
435.576,0.0,90252.0,5067.0,47.0,125.147,194774543771.0
435.676,0.0,90252.0,5067.0,47.0,125.202,194774568816.0
435.777,0.0,90252.0,5067.0,47.0,125.194,194774581376.0
435.876,0.0,90252.0,5067.0,47.0,125.215,194774593871.0
435.987,0.0,90252.0,5067.0,47.0,125.23,194774606391.0
436.077,0.0,90252.0,5067.0,47.0,125.183,194774618880.0
436.177,0.0,90252.0,5067.0,47.0,125.137,194774631396.0
436.279,0.0,90252.0,5067.0,47.0,125.151,194774643858.0
436.376,0.0,90252.0,5067.0,47.0,125.132,194774656391.0
436.476,0.0,90252.0,5067.0,47.0,125.173,194774668901.0
436.582,0.0,90252.0,5067.0,47.0,125.157,194774681408.0
436.676,0.0,90252.0,5067.0,47.0,125.177,194774693913.0
436.776,0.0,90252.0,5067.0,47.0,125.146,194774706426.0
436.887,0.0,90252.0,5067.0,47.0,125.184,194774718961.0
436.977,0.0,90252.0,5067.0,47.0,125.21,194774731494.0
437.076,0.0,90252.0,5067.0,47.0,125.244,194774744004.0
437.177,0.0,90252.0,5067.0,47.0,125.238,194774756491.0
437.276,0.0,90252.0,5067.0,47.0,125.227,194774768984.0
437.377,0.0,90252.0,5067.0,47.0,125.238,194774781479.0
437.477,0.0,90252.0,5067.0,47.0,125.202,194774794011.0
437.577,0.0,90252.0,5067.0,47.0,125.143,194774806426.0
437.677,0.0,90252.0,5067.0,47.0,125.134,194774818957.0
437.777,0.0,90252.0,5067.0,47.0,125.105,194774831434.0
437.877,0.0,90252.0,5067.0,47.0,125.048,194774843981.0
437.978,0.0,90252.0,5067.0,47.0,125.048,194774856414.0
438.076,0.0,90252.0,5067.0,47.0,125.029,194774856414.0
438.190,0.0,90252.0,5067.0,47.0,125.017,194774868950.0
438.277,0.0,90252.0,5067.0,47.0,125.031,194774881411.0
438.377,0.0,90252.0,5067.0,47.0,124.974,194774893937.0
438.486,0.0,90252.0,5067.0,47.0,124.976,194774918897.0
438.577,0.0,90252.0,5067.0,47.0,125.055,194774931383.0
438.676,0.0,90252.0,5067.0,47.0,125.028,194774943926.0
438.791,0.0,90252.0,5067.0,47.0,125.04,194774956376.0
438.876,0.0,90252.0,5067.0,47.0,124.971,194774968877.0
438.977,0.0,90252.0,5067.0,47.0,124.991,194774981331.0
439.086,0.0,90252.0,5067.0,47.0,125.02,194774993897.0
439.177,0.0,90252.0,5067.0,47.0,124.982,194775006330.0
439.277,0.0,90252.0,5067.0,47.0,124.945,194775018851.0
439.377,0.0,90252.0,5067.0,47.0,125.006,194775031299.0
439.477,0.0,90252.0,5067.0,47.0,125.014,194775043838.0
439.586,0.0,90252.0,5067.0,47.0,125.002,194775056321.0
439.676,0.0,90252.0,5067.0,47.0,125.005,194775068868.0
439.777,0.0,90252.0,5067.0,47.0,125.058,194775081350.0
439.881,0.0,90252.0,5067.0,47.0,125.072,194775093882.0
439.977,0.0,90252.0,5067.0,47.0,125.097,194775106358.0
440.092,0.0,90252.0,5067.0,47.0,124.996,194775118841.0
440.176,0.0,90252.0,5067.0,47.0,125.046,194775131324.0
440.276,0.0,90252.0,5067.0,47.0,125.055,194775143842.0
440.387,0.0,90252.0,5067.0,47.0,125.096,194775156348.0
440.477,0.0,90252.0,5067.0,47.0,125.098,194775168846.0
440.577,0.0,90252.0,5067.0,47.0,125.076,194775181319.0
440.685,0.0,90252.0,5067.0,47.0,125.017,194775193789.0
440.777,0.0,90252.0,5067.0,47.0,124.992,194775193789.0
440.876,0.0,90252.0,5067.0,47.0,124.977,194775206285.0
440.979,0.0,90252.0,5067.0,47.0,125.023,194775218790.0
441.077,0.0,90252.0,5067.0,47.0,125.033,194775231323.0
441.189,0.0,90252.0,5067.0,47.0,125.045,194775256298.0
441.276,0.0,90252.0,5067.0,47.0,125.045,194775268826.0
441.377,0.0,90252.0,5067.0,47.0,125.024,194775281332.0
441.476,0.0,90252.0,5067.0,47.0,125.007,194775293818.0
441.577,0.0,90252.0,5067.0,47.0,125.06,194775306344.0
441.677,0.0,90252.0,5067.0,47.0,125.049,194775318802.0
441.791,0.0,90252.0,5067.0,47.0,125.088,194775331337.0
441.877,0.0,90252.0,5067.0,47.0,125.037,194775343759.0
441.977,0.0,90252.0,5067.0,47.0,124.989,194775356270.0
442.086,0.0,90252.0,5067.0,47.0,124.929,194775368678.0
442.177,0.0,90252.0,5067.0,47.0,124.921,194775381189.0
442.277,0.0,90252.0,5067.0,47.0,124.897,194775393649.0
442.391,0.0,90252.0,5067.0,47.0,124.921,194775406190.0
442.476,0.0,90252.0,5067.0,47.0,124.891,194775418619.0
442.576,0.0,90252.0,5067.0,47.0,124.847,194775431147.0
442.686,0.0,90252.0,5067.0,47.0,124.846,194775443594.0
442.778,0.0,90252.0,5067.0,47.0,124.802,194775456103.0
442.876,0.0,90252.0,5067.0,47.0,124.786,194775468540.0
442.985,0.0,90252.0,5067.0,47.0,124.795,194775481037.0
443.076,0.0,90252.0,5067.0,47.0,124.79,194775493463.0
443.177,0.0,90252.0,5067.0,47.0,124.828,194775505992.0
443.280,0.0,90252.0,5067.0,47.0,124.823,194775518450.0
443.377,0.0,90252.0,5067.0,47.0,124.818,194775530943.0
443.476,0.0,90252.0,5067.0,47.0,124.818,194775530943.0
443.583,0.0,90252.0,5067.0,47.0,124.797,194775543397.0
443.684,0.0,90252.0,5067.0,47.0,124.795,194775555908.0
443.777,0.0,90252.0,5067.0,47.0,124.777,194775568320.0
443.887,0.0,90252.0,5067.0,47.0,124.826,194775580821.0
443.977,0.0,90252.0,5067.0,47.0,124.836,194775605804.0
444.077,0.0,90252.0,5067.0,47.0,124.926,194775618291.0
444.177,0.0,90252.0,5067.0,47.0,124.833,194775630734.0
444.277,0.0,90252.0,5067.0,47.0,124.836,194775643199.0
444.389,0.0,90252.0,5067.0,47.0,124.818,194775655701.0
444.477,0.0,90252.0,5067.0,47.0,124.869,194775668207.0
444.576,0.0,90252.0,5067.0,47.0,124.837,194775680675.0
444.684,0.0,90252.0,5067.0,47.0,124.883,194775693184.0
444.777,0.0,90252.0,5067.0,47.0,124.897,194775705664.0
444.877,0.0,90252.0,5067.0,47.0,124.862,194775718094.0
444.977,0.0,90252.0,5067.0,47.0,124.794,194775730551.0
445.077,0.0,90252.0,5067.0,47.0,124.772,194775743026.0
445.180,0.0,90252.0,5067.0,47.0,124.756,194775755437.0
445.277,0.0,90252.0,5067.0,47.0,124.767,194775767920.0
445.377,0.0,90252.0,5067.0,47.0,124.795,194775780403.0
445.477,0.0,90252.0,5067.0,47.0,124.772,194775792918.0
445.583,0.0,90252.0,5067.0,47.0,124.769,194775805371.0
445.677,0.0,90252.0,5067.0,47.0,124.765,194775817860.0
445.803,0.0,90252.0,5067.0,47.0,124.704,194775830257.0
445.876,0.0,90252.0,5067.0,47.0,124.706,194775842745.0
445.977,0.0,90252.0,5067.0,47.0,124.781,194775855225.0
446.077,0.0,90252.0,5067.0,47.0,124.781,194775867731.0
446.176,0.0,90252.0,5067.0,47.0,124.793,194775880149.0
446.276,0.0,90252.0,5067.0,47.0,124.793,194775892612.0
446.383,0.0,90252.0,5067.0,47.0,124.724,194775892612.0
446.476,0.0,90252.0,5067.0,47.0,124.723,194775905049.0
446.577,0.0,90252.0,5067.0,47.0,124.739,194775917548.0
446.682,0.0,90252.0,5067.0,47.0,124.712,194775930001.0
446.776,0.0,90252.0,5067.0,47.0,124.766,194775954927.0
446.876,0.0,90252.0,5067.0,47.0,124.789,194775967449.0
446.978,0.0,90252.0,5067.0,47.0,124.737,194775979876.0
447.077,0.0,90252.0,5067.0,47.0,124.754,194775992393.0
447.188,0.0,90252.0,5067.0,47.0,124.774,194776004834.0
447.277,0.0,90252.0,5067.0,47.0,124.85,194776017376.0
447.376,0.0,90252.0,5067.0,47.0,124.848,194776029776.0
447.487,0.0,90252.0,5067.0,47.0,124.792,194776042244.0
447.577,0.0,90252.0,5067.0,47.0,124.779,194776054694.0
447.677,0.0,90252.0,5067.0,47.0,124.824,194776067232.0
447.777,0.0,90252.0,5067.0,47.0,124.817,194776079644.0
447.877,0.0,90252.0,5067.0,47.0,124.782,194776092148.0
447.982,0.0,90252.0,5067.0,47.0,124.812,194776104592.0
448.077,0.0,90252.0,5067.0,47.0,124.798,194776117115.0
448.185,0.0,90252.0,5067.0,47.0,124.782,194776129542.0
448.277,0.0,90252.0,5067.0,47.0,124.743,194776142038.0
448.377,0.0,90252.0,5067.0,47.0,124.702,194776154430.0
448.476,0.0,90252.0,5067.0,47.0,124.714,194776166931.0
448.577,0.0,90252.0,5067.0,47.0,124.71,194776179352.0
448.676,0.0,90252.0,5067.0,47.0,124.641,194776191835.0
448.776,0.0,90252.0,5067.0,47.0,124.625,194776204258.0
448.876,0.0,90252.0,5067.0,47.0,124.66,194776216771.0
448.977,0.0,90252.0,5067.0,47.0,124.658,194776229251.0
449.077,0.0,90252.0,5067.0,47.0,124.658,194776241748.0
449.187,0.0,90252.0,5067.0,47.0,124.659,194776241748.0
449.276,0.0,90252.0,5067.0,47.0,124.613,194776254158.0
449.376,0.0,90252.0,5067.0,47.0,124.657,194776266612.0
449.476,0.0,90252.0,5067.0,47.0,124.654,194776279062.0
449.583,0.0,90252.0,5067.0,47.0,124.676,194776303981.0
449.675,0.0,90252.0,5067.0,47.0,124.659,194776316455.0
449.790,0.0,90252.0,5067.0,47.0,124.717,194776328946.0
449.876,0.0,90252.0,5067.0,47.0,124.662,194776341376.0
449.977,0.0,90252.0,5067.0,47.0,124.628,194776353843.0
450.081,0.0,90252.0,5067.0,47.0,124.637,194776366327.0
450.176,0.0,90252.0,5067.0,47.0,124.683,194776378833.0
450.285,0.0,90252.0,5067.0,47.0,124.714,194776391288.0
450.376,0.0,90252.0,5067.0,47.0,124.738,194776403759.0
450.476,0.0,90252.0,5067.0,47.0,124.721,194776416195.0
450.582,0.0,90252.0,5067.0,47.0,124.777,194776428731.0
450.676,0.0,90252.0,5067.0,47.0,124.769,194776441158.0
450.789,0.0,90252.0,5067.0,47.0,124.793,194776453680.0
450.876,0.0,90252.0,5067.0,47.0,124.782,194776466096.0
450.988,0.0,90252.0,5067.0,47.0,124.832,194776478598.0
451.077,0.0,90252.0,5067.0,47.0,124.793,194776491017.0
451.190,0.0,90252.0,5067.0,47.0,124.764,194776503511.0
451.277,0.0,90252.0,5067.0,47.0,124.705,194776515916.0
451.377,0.0,90252.0,5067.0,47.0,124.669,194776528362.0
451.485,0.0,90252.0,5067.0,47.0,124.672,194776540773.0
451.576,0.0,90252.0,5067.0,47.0,124.634,194776553255.0
451.676,0.0,90252.0,5067.0,47.0,124.614,194776565664.0
451.777,0.0,90252.0,5067.0,47.0,124.593,194776578153.0
451.876,0.0,90252.0,5067.0,47.0,124.593,194776590587.0
451.984,0.0,90252.0,5067.0,47.0,124.621,194776590587.0
452.076,0.0,90252.0,5067.0,47.0,124.596,194776603081.0
452.177,0.0,90252.0,5067.0,47.0,124.626,194776615525.0
452.277,0.0,90252.0,5067.0,46.0,124.654,194776628033.0
452.376,0.0,90252.0,5067.0,47.0,124.678,194776652941.0
452.491,0.0,90252.0,5067.0,47.0,124.719,194776665388.0
452.578,0.0,90252.0,5067.0,47.0,124.71,194776677881.0
452.677,0.0,90252.0,5067.0,47.0,124.757,194776690322.0
452.788,0.0,90252.0,5067.0,46.0,124.731,194776702780.0
452.877,0.0,90252.0,5067.0,46.0,124.709,194776715241.0
452.986,0.0,90252.0,5067.0,46.0,124.721,194776727723.0
453.076,0.0,90252.0,5067.0,47.0,124.682,194776740128.0
453.176,0.0,90252.0,5067.0,46.0,124.657,194776752585.0
453.280,0.0,90252.0,5067.0,46.0,124.658,194776765019.0
453.376,0.0,90252.0,5067.0,46.0,124.682,194776777551.0
453.476,0.0,90252.0,5067.0,46.0,124.666,194776789964.0
453.577,0.0,90252.0,5067.0,46.0,124.627,194776802422.0
453.677,0.0,90252.0,5067.0,46.0,124.623,194776814878.0
453.777,0.0,90252.0,5067.0,46.0,124.649,194776827360.0
453.877,0.0,90252.0,5067.0,46.0,124.628,194776839765.0
453.986,0.0,90252.0,5067.0,46.0,124.603,194776852231.0
454.076,0.0,90252.0,5067.0,46.0,124.664,194776864720.0
454.191,0.0,90252.0,5067.0,46.0,124.673,194776877162.0
454.277,0.0,90252.0,5067.0,46.0,124.684,194776889607.0
454.376,0.0,90252.0,5067.0,46.0,124.644,194776902077.0
454.475,0.0,90252.0,5067.0,46.0,124.623,194776914510.0
454.577,0.0,90252.0,5067.0,46.0,124.599,194776926933.0
454.683,0.0,90252.0,5067.0,46.0,124.599,194776939370.0
454.777,0.0,90252.0,5067.0,46.0,124.595,194776939370.0
454.877,0.0,90252.0,5067.0,46.0,124.559,194776951832.0
454.978,0.0,90252.0,5067.0,46.0,124.586,194776964293.0
455.077,0.0,90252.0,5067.0,46.0,124.582,194776976744.0
455.190,0.0,90252.0,5067.0,46.0,124.583,194777001676.0
455.277,0.0,90252.0,5067.0,46.0,124.589,194777014136.0
455.377,0.0,90252.0,5067.0,46.0,124.522,194777026546.0
455.477,0.0,90252.0,5067.0,46.0,124.571,194777039016.0
455.576,0.0,90252.0,5067.0,46.0,124.562,194777051407.0
455.677,0.0,90252.0,5067.0,46.0,124.552,194777063857.0
455.776,0.0,90252.0,5067.0,46.0,124.538,194777076275.0
455.885,0.0,90252.0,5067.0,46.0,124.526,194777088727.0
455.977,0.0,90252.0,5067.0,46.0,124.497,194777101122.0
456.077,0.0,90252.0,5067.0,46.0,124.443,194777113568.0
456.186,0.0,90252.0,5067.0,46.0,124.455,194777126012.0
456.276,0.0,90252.0,5067.0,46.0,124.498,194777138531.0
456.376,0.0,90252.0,5067.0,46.0,124.498,194777150942.0
456.489,0.0,90252.0,5067.0,46.0,124.53,194777163437.0
456.577,0.0,90252.0,5067.0,46.0,124.5,194777175821.0
456.677,0.0,90252.0,5067.0,46.0,124.525,194777188295.0
456.777,0.0,90252.0,5067.0,46.0,124.523,194777200694.0
456.877,0.0,90252.0,5067.0,46.0,124.492,194777213158.0
456.977,0.0,90252.0,5067.0,46.0,124.502,194777225573.0
457.076,0.0,90252.0,5067.0,46.0,124.535,194777238058.0
457.184,0.0,90252.0,5067.0,46.0,124.486,194777250470.0
457.276,0.0,90252.0,5067.0,46.0,124.412,194777262923.0
457.376,0.0,90252.0,5067.0,46.0,124.456,194777275373.0
457.480,0.0,90252.0,5067.0,46.0,124.456,194777287848.0
457.577,0.0,90252.0,5067.0,46.0,124.418,194777287848.0
457.677,0.0,90252.0,5067.0,46.0,124.44,194777300250.0
457.778,0.0,90252.0,5067.0,46.0,124.428,194777312731.0
457.877,0.0,90252.0,5067.0,46.0,124.422,194777325115.0
457.991,0.0,90252.0,5067.0,46.0,124.464,194777350013.0
458.077,0.0,90252.0,5067.0,46.0,124.477,194777362515.0
458.177,0.0,90252.0,5067.0,46.0,124.477,194777374904.0
458.285,0.0,90252.0,5067.0,46.0,124.54,194777387402.0
458.376,0.0,90252.0,5067.0,46.0,124.478,194777399785.0
458.476,0.0,90252.0,5067.0,46.0,124.491,194777412263.0
458.577,0.0,90252.0,5067.0,46.0,124.515,194777424692.0
458.677,0.0,90252.0,5067.0,46.0,124.475,194777437138.0
458.782,0.0,90252.0,5067.0,46.0,124.499,194777449553.0
458.877,0.0,90252.0,5067.0,46.0,124.499,194777462026.0
458.976,0.0,90252.0,5067.0,46.0,124.515,194777474443.0
459.080,0.0,90252.0,5067.0,46.0,124.501,194777486934.0
459.177,0.0,90252.0,5067.0,46.0,124.554,194777499363.0
459.286,0.0,90252.0,5067.0,46.0,124.514,194777511843.0
459.377,0.0,90252.0,5067.0,46.0,124.514,194777524253.0
459.477,0.0,90252.0,5067.0,46.0,124.52,194777536708.0
459.578,0.0,90252.0,5067.0,46.0,124.53,194777549134.0
459.676,0.0,90252.0,5067.0,46.0,124.518,194777561568.0
459.785,0.0,90252.0,5067.0,46.0,124.484,194777573977.0
459.877,0.0,90252.0,5067.0,46.0,124.481,194777586447.0
459.976,0.0,90252.0,5067.0,46.0,124.429,194777598851.0
460.077,0.0,90252.0,5067.0,46.0,124.388,194777611288.0
460.177,0.0,90252.0,5067.0,46.0,124.346,194777623722.0
460.288,0.0,90252.0,5067.0,46.0,124.346,194777623722.0
460.377,0.0,90252.0,5067.0,46.0,124.341,194777636142.0
460.477,0.0,90252.0,5067.0,46.0,124.375,194777648596.0
460.587,0.0,90252.0,5067.0,46.0,124.357,194777661046.0
460.677,0.0,90252.0,5067.0,46.0,124.364,194777673486.0
460.777,0.0,90252.0,5067.0,46.0,124.353,194777698360.0
460.883,0.0,90252.0,5067.0,46.0,124.423,194777710781.0
460.977,0.0,90252.0,5067.0,46.0,124.428,194777723257.0
461.077,0.0,90252.0,5067.0,46.0,124.414,194777735656.0
461.176,0.0,90252.0,5067.0,46.0,124.442,194777748099.0
461.276,0.0,90252.0,5067.0,46.0,124.388,194777760495.0
461.401,0.0,90252.0,5067.0,46.0,124.47,194777773011.0
461.477,0.0,90252.0,5067.0,46.0,124.466,194777785446.0
461.577,0.0,90252.0,5067.0,46.0,124.418,194777797873.0
461.683,0.0,90252.0,5067.0,46.0,124.439,194777810279.0
461.776,0.0,90252.0,5067.0,46.0,124.436,194777822743.0
461.877,0.0,90252.0,5067.0,46.0,124.417,194777835137.0
461.985,0.0,90252.0,5067.0,46.0,124.414,194777847621.0
462.076,0.0,90252.0,5067.0,46.0,124.394,194777859988.0
462.191,0.0,90252.0,5067.0,46.0,124.398,194777872439.0
462.277,0.0,90252.0,5067.0,46.0,124.377,194777884806.0
462.377,0.0,90252.0,5067.0,46.0,124.386,194777897318.0
462.488,0.0,90252.0,5067.0,46.0,124.359,194777909732.0
462.577,0.0,90252.0,5067.0,46.0,124.367,194777922191.0
462.677,0.0,90252.0,5067.0,46.0,124.316,194777934540.0
462.787,62.0,90252.0,5067.0,49.0,146.977,194777968637.0
462.877,62.0,90252.0,5067.0,49.0,146.977,194778032456.0
462.977,62.0,90252.0,5067.0,55.0,200.56,194778032456.0
463.083,100.0,90252.0,5067.0,59.0,255.596,194778099706.0
463.177,100.0,90252.0,5067.0,60.0,309.114,194778169436.0
463.277,100.0,90252.0,5067.0,62.0,365.102,194778305681.0
463.379,100.0,90252.0,5067.0,61.0,474.406,194778368871.0
463.477,100.0,90252.0,5067.0,64.0,542.811,194778437613.0
463.577,100.0,90252.0,5067.0,65.0,586.408,194778505798.0
463.677,100.0,90252.0,5067.0,65.0,644.3,194778575213.0
463.776,100.0,90252.0,5067.0,66.0,673.639,194778643517.0
463.877,100.0,90252.0,5067.0,65.0,674.671,194778706284.0
463.977,100.0,90252.0,5067.0,67.0,678.331,194778777193.0
464.082,100.0,90252.0,5067.0,66.0,675.581,194778844242.0
464.190,100.0,90252.0,5067.0,68.0,675.56,194778914069.0
464.277,100.0,90252.0,5067.0,68.0,679.838,194778984930.0
464.377,85.0,90252.0,5067.0,68.0,667.743,194779037269.0
464.478,85.0,90252.0,5067.0,68.0,667.743,194779064191.0
464.577,85.0,90252.0,5067.0,63.0,626.568,194779064191.0
464.677,83.0,90252.0,5067.0,61.0,597.328,194779101979.0
464.776,83.0,90252.0,5067.0,60.0,557.972,194779132855.0
464.877,81.0,90252.0,5067.0,60.0,519.702,194779197268.0
464.985,81.0,90252.0,5067.0,59.0,486.324,194779218355.0
465.077,78.0,90252.0,5067.0,59.0,434.345,194779246824.0
465.177,78.0,90252.0,5067.0,57.0,397.385,194779277875.0
465.278,74.0,90252.0,5067.0,57.0,357.584,194779303721.0
465.377,74.0,90252.0,5067.0,56.0,306.901,194779327771.0
465.477,73.0,90252.0,5067.0,55.0,286.985,194779350119.0
465.589,73.0,90252.0,5067.0,55.0,284.356,194779377868.0
465.677,71.0,90252.0,5067.0,54.0,274.948,194779406776.0
465.777,71.0,90252.0,5067.0,54.0,271.563,194779425910.0
465.877,66.0,90252.0,5067.0,53.0,259.793,194779448566.0
465.977,66.0,90252.0,5067.0,53.0,252.465,194779471575.0
466.077,63.0,90252.0,5067.0,52.0,255.206,194779494661.0
466.177,63.0,90252.0,5067.0,52.0,246.636,194779517733.0
466.277,63.0,90252.0,5067.0,52.0,241.273,194779540387.0
466.377,63.0,90252.0,5067.0,52.0,236.757,194779556096.0
466.479,10.0,90252.0,5067.0,51.0,227.136,194779568948.0
466.577,10.0,90252.0,5067.0,50.0,219.143,194779581596.0
466.688,0.0,90252.0,5067.0,50.0,202.741,194779594309.0
466.777,0.0,90252.0,5067.0,49.0,187.385,194779607075.0
466.877,0.0,90252.0,5067.0,49.0,179.25,194779619685.0
466.982,0.0,90252.0,5067.0,49.0,167.965,194779632322.0
467.076,0.0,90252.0,5067.0,49.0,156.957,194779632322.0
467.175,0.0,90252.0,5067.0,49.0,149.945,194779644993.0
467.277,0.0,90252.0,5067.0,48.0,139.255,194779657562.0
467.377,0.0,90252.0,5067.0,48.0,129.577,194779670221.0
467.475,0.0,90252.0,5067.0,48.0,126.696,194779695396.0
467.581,0.0,90252.0,5067.0,48.0,126.56,194779707984.0
467.677,0.0,90252.0,5067.0,48.0,142.383,194779729509.0
467.777,100.0,90252.0,5067.0,55.0,195.86,194779789177.0
467.877,100.0,90252.0,5067.0,60.0,253.567,194779858589.0
467.977,100.0,90252.0,5067.0,61.0,307.433,194779926588.0
468.076,100.0,90252.0,5067.0,63.0,365.42,194779995142.0
468.177,100.0,90252.0,5067.0,63.0,419.269,194780062894.0
468.277,100.0,90252.0,5067.0,62.0,461.552,194780124795.0
468.376,100.0,90252.0,5067.0,65.0,524.605,194780194937.0
468.481,100.0,90252.0,5067.0,66.0,580.466,194780262746.0
468.577,100.0,90252.0,5067.0,66.0,636.487,194780331689.0
468.677,100.0,90252.0,5067.0,67.0,673.128,194780401063.0
468.777,88.0,90252.0,5067.0,66.0,671.182,194780460367.0
468.877,88.0,90252.0,5067.0,67.0,668.637,194780529089.0
468.979,100.0,90252.0,5067.0,68.0,671.055,194780597982.0
469.077,100.0,90252.0,5067.0,68.0,670.443,194780597982.0
469.176,85.0,90252.0,5067.0,68.0,651.593,194780666994.0
469.276,85.0,90252.0,5067.0,63.0,628.053,194780722823.0
469.377,82.0,90252.0,5067.0,61.0,590.963,194780761622.0
469.490,82.0,90252.0,5067.0,60.0,559.618,194780829439.0
469.577,82.0,90252.0,5067.0,60.0,532.054,194780866607.0
469.676,82.0,90252.0,5067.0,60.0,498.319,194780905377.0
469.776,77.0,90252.0,5067.0,59.0,461.673,194780932268.0
469.892,77.0,90252.0,5067.0,59.0,428.178,194780959544.0
469.987,75.0,90252.0,5067.0,57.0,388.625,194780994716.0
470.081,75.0,90252.0,5067.0,57.0,346.863,194781024294.0
470.177,72.0,90252.0,5067.0,56.0,321.105,194781046832.0
470.276,72.0,90252.0,5067.0,55.0,307.265,194781069231.0
470.377,68.0,90252.0,5067.0,55.0,302.894,194781097696.0
470.481,68.0,90252.0,5067.0,54.0,285.548,194781118126.0
470.579,66.0,90252.0,5067.0,53.0,263.356,194781134095.0
470.675,66.0,90252.0,5067.0,53.0,254.667,194781161596.0
470.776,13.0,90252.0,5067.0,52.0,243.258,194781178696.0
470.876,13.0,90252.0,5067.0,51.0,225.354,194781191540.0
470.978,0.0,90252.0,5067.0,51.0,204.718,194781204412.0
471.075,0.0,90252.0,5067.0,50.0,191.024,194781217160.0
471.176,0.0,90252.0,5067.0,50.0,181.574,194781229941.0
471.290,0.0,90252.0,5067.0,53.0,203.721,194781264788.0
471.397,100.0,90252.0,5067.0,59.0,246.03,194781264788.0
471.476,100.0,90252.0,5067.0,61.0,295.545,194781332650.0
471.577,100.0,90252.0,5067.0,63.0,348.383,194781400687.0
471.677,100.0,90252.0,5067.0,64.0,388.506,194781470719.0
471.776,79.0,90252.0,5067.0,65.0,431.323,194781607844.0
471.876,79.0,90252.0,5067.0,58.0,430.448,194781624934.0
471.976,0.0,90252.0,5067.0,55.0,426.662,194781637858.0
472.076,0.0,90252.0,5067.0,59.0,486.624,194781687924.0
472.176,100.0,90252.0,5067.0,63.0,541.338,194781756785.0
472.277,100.0,90252.0,5067.0,65.0,565.814,194781826086.0
472.397,100.0,90252.0,5067.0,66.0,563.424,194781894346.0
472.482,100.0,90252.0,5067.0,66.0,566.115,194781963082.0
472.577,89.0,90252.0,5067.0,64.0,560.274,194782025534.0
472.677,89.0,90252.0,5067.0,67.0,559.016,194782095816.0
472.776,100.0,90252.0,5067.0,67.0,563.028,194782163769.0
472.876,100.0,90252.0,5067.0,68.0,616.216,194782232827.0
472.977,91.0,90252.0,5067.0,68.0,652.664,194782293650.0
473.076,91.0,90252.0,5067.0,64.0,640.031,194782336096.0
473.178,82.0,90252.0,5067.0,63.0,611.845,194782377438.0
473.276,82.0,90252.0,5067.0,63.0,611.845,194782415025.0
473.387,82.0,90252.0,5067.0,62.0,580.651,194782415025.0
473.476,82.0,90252.0,5067.0,61.0,548.551,194782453788.0
473.576,82.0,90252.0,5067.0,60.0,518.635,194782489315.0
473.686,79.0,90252.0,5067.0,60.0,492.693,194782528215.0
473.776,79.0,90252.0,5067.0,59.0,452.008,194782585632.0
473.876,75.0,90252.0,5067.0,58.0,409.702,194782606698.0
473.976,75.0,90252.0,5067.0,57.0,362.576,194782636159.0
474.076,70.0,90252.0,5067.0,56.0,335.59,194782659825.0
474.176,70.0,90252.0,5067.0,56.0,315.539,194782681112.0
474.276,69.0,90252.0,5067.0,55.0,302.034,194782707792.0
474.376,69.0,90252.0,5067.0,54.0,288.401,194782733596.0
474.491,67.0,90252.0,5067.0,54.0,273.151,194782755150.0
474.577,67.0,90252.0,5067.0,53.0,255.921,194782771883.0
474.676,24.0,90252.0,5067.0,53.0,235.428,194782784753.0
474.780,24.0,90252.0,5067.0,52.0,220.983,194782797595.0
474.877,0.0,90252.0,5067.0,51.0,208.538,194782810421.0
474.976,0.0,90252.0,5067.0,51.0,200.915,194782823189.0
475.076,0.0,90252.0,5067.0,50.0,183.293,194782840716.0
475.176,0.0,90252.0,5067.0,50.0,184.241,194782891899.0
475.280,83.0,90252.0,5067.0,55.0,217.997,194782961453.0
475.376,83.0,90252.0,5067.0,60.0,261.45,194783032480.0
475.476,100.0,90252.0,5067.0,63.0,307.031,194783097320.0
475.577,100.0,90252.0,5067.0,63.0,354.06,194783097320.0
475.676,100.0,90252.0,5067.0,65.0,408.837,194783166597.0
475.776,100.0,90252.0,5067.0,64.0,450.656,194783228146.0
475.876,100.0,90252.0,5067.0,66.0,513.058,194783366849.0
475.976,100.0,90252.0,5067.0,67.0,570.497,194783435465.0
476.084,100.0,90252.0,5067.0,67.0,628.074,194783504293.0
476.176,100.0,90252.0,5067.0,67.0,672.639,194783566463.0
476.277,87.0,90252.0,5067.0,68.0,674.783,194783633912.0
476.376,87.0,90252.0,5067.0,68.0,674.399,194783703510.0
476.475,100.0,90252.0,5067.0,68.0,676.854,194783771595.0
476.579,93.0,90252.0,5067.0,69.0,663.568,194783839882.0
476.676,93.0,90252.0,5067.0,65.0,650.319,194783882527.0
476.782,84.0,90252.0,5067.0,63.0,621.261,194783929279.0
476.876,84.0,90252.0,5067.0,62.0,587.681,194783967929.0
476.976,82.0,90252.0,5067.0,61.0,544.457,194784000898.0
477.077,82.0,90252.0,5067.0,61.0,518.113,194784030027.0
477.176,78.0,90252.0,5067.0,60.0,476.235,194784059549.0
477.275,78.0,90252.0,5067.0,59.0,433.596,194784086470.0
477.376,75.0,90252.0,5067.0,58.0,404.111,194784122563.0
477.484,75.0,90252.0,5067.0,58.0,404.111,194784156131.0
477.576,75.0,90252.0,5067.0,57.0,370.969,194784185992.0
477.676,72.0,90252.0,5067.0,57.0,337.609,194784185992.0
477.776,72.0,90252.0,5067.0,56.0,317.811,194784206436.0
477.888,69.0,90252.0,5067.0,55.0,304.119,194784242632.0
477.976,69.0,90252.0,5067.0,55.0,297.106,194784297491.0
478.076,67.0,90252.0,5067.0,54.0,299.265,194784327494.0
478.180,67.0,90252.0,5067.0,54.0,291.811,194784348453.0
478.276,65.0,90252.0,5067.0,53.0,282.174,194784369374.0
478.377,65.0,90252.0,5067.0,53.0,279.35,194784392951.0
478.476,65.0,90252.0,5067.0,53.0,264.655,194784414363.0
478.585,65.0,90252.0,5067.0,52.0,255.192,194784431562.0
478.676,15.0,90252.0,5067.0,52.0,241.494,194784444374.0
478.776,15.0,90252.0,5067.0,51.0,232.578,194784457250.0
478.880,0.0,90252.0,5067.0,50.0,196.351,194784470232.0
478.975,4.0,90252.0,5067.0,54.0,189.521,194784482804.0
479.075,4.0,90252.0,5067.0,54.0,218.718,194784524066.0
479.191,100.0,90252.0,5067.0,60.0,266.737,194784593094.0
479.276,100.0,90252.0,5067.0,62.0,311.049,194784661111.0
479.376,100.0,90252.0,5067.0,63.0,356.675,194784730447.0
479.476,100.0,90252.0,5067.0,65.0,405.48,194784798889.0
479.579,88.0,90252.0,5067.0,65.0,453.273,194784863695.0
479.676,88.0,90252.0,5067.0,65.0,508.425,194784930762.0
479.787,88.0,90252.0,5067.0,65.0,508.425,194784999875.0
479.876,100.0,90252.0,5067.0,67.0,565.936,194785068592.0
479.976,100.0,90252.0,5067.0,67.0,621.953,194785068592.0
480.086,100.0,90252.0,5067.0,68.0,666.98,194785138884.0
480.176,100.0,90252.0,5067.0,68.0,674.382,194785207118.0
480.276,90.0,90252.0,5067.0,67.0,673.484,194785336155.0
480.387,90.0,90252.0,5067.0,68.0,673.645,194785404685.0
480.476,100.0,90252.0,5067.0,69.0,673.862,194785467737.0
480.576,100.0,90252.0,5067.0,68.0,653.072,194785504231.0
480.677,84.0,90252.0,5067.0,64.0,629.278,194785537684.0
480.776,84.0,90252.0,5067.0,63.0,592.674,194785570843.0
480.877,77.0,90252.0,5067.0,62.0,557.357,194785604721.0
480.976,77.0,90252.0,5067.0,61.0,488.449,194785639311.0
481.076,80.0,90252.0,5067.0,59.0,454.337,194785671395.0
481.176,79.0,90252.0,5067.0,59.0,422.4,194785700574.0
481.288,79.0,90252.0,5067.0,59.0,384.453,194785734359.0
481.376,74.0,90252.0,5067.0,57.0,336.784,194785755616.0
481.476,74.0,90252.0,5067.0,56.0,305.476,194785776431.0
481.575,68.0,90252.0,5067.0,55.0,296.397,194785804911.0
481.684,68.0,90252.0,5067.0,55.0,289.433,194785831385.0
481.776,69.0,90252.0,5067.0,54.0,276.081,194785855343.0
481.876,69.0,90252.0,5067.0,54.0,267.55,194785873261.0
481.976,65.0,90252.0,5067.0,53.0,255.166,194785899916.0
482.076,65.0,90252.0,5067.0,53.0,255.166,194785921674.0
482.192,65.0,90252.0,5067.0,53.0,250.267,194785921674.0
482.278,66.0,90252.0,5067.0,53.0,238.749,194785941325.0
482.377,66.0,90252.0,5067.0,53.0,231.898,194785965657.0
482.475,64.0,90252.0,5067.0,52.0,233.199,194785986912.0
482.584,64.0,90252.0,5067.0,52.0,234.145,194786032782.0
482.676,63.0,90252.0,5067.0,52.0,229.122,194786050296.0
482.788,63.0,90252.0,5067.0,51.0,216.313,194786063049.0
482.876,0.0,90252.0,5067.0,50.0,207.681,194786075854.0
482.976,0.0,90252.0,5067.0,50.0,197.783,194786088558.0
483.075,0.0,90252.0,5067.0,50.0,185.784,194786101330.0
483.177,0.0,90252.0,5067.0,50.0,178.052,194786122466.0
483.290,34.0,90252.0,5067.0,57.0,191.659,194786181761.0
483.391,34.0,90252.0,5067.0,61.0,236.962,194786251844.0
483.477,100.0,90252.0,5067.0,62.0,283.694,194786318988.0
483.577,100.0,90252.0,5067.0,63.0,374.756,194786388614.0
483.679,100.0,90252.0,5067.0,65.0,425.085,194786456920.0
483.777,86.0,90252.0,5067.0,66.0,479.15,194786518086.0
483.876,86.0,90252.0,5067.0,66.0,528.715,194786585910.0
483.977,86.0,90252.0,5067.0,66.0,590.573,194786655315.0
484.077,100.0,90252.0,5067.0,67.0,647.91,194786724381.0
484.175,100.0,90252.0,5067.0,68.0,680.812,194786724381.0
484.282,100.0,90252.0,5067.0,68.0,670.427,194786792797.0
484.375,100.0,90252.0,5067.0,68.0,671.762,194786854323.0
484.476,100.0,90252.0,5067.0,66.0,668.159,194786992410.0
484.583,82.0,90252.0,5067.0,63.0,639.157,194787039694.0
484.684,82.0,90252.0,5067.0,62.0,605.417,194787077584.0
484.777,83.0,90252.0,5067.0,62.0,582.374,194787111881.0
484.876,83.0,90252.0,5067.0,62.0,556.528,194787153889.0
484.976,80.0,90252.0,5067.0,60.0,529.726,194787190991.0
485.085,80.0,90252.0,5067.0,59.0,496.424,194787234850.0
485.175,77.0,90252.0,5067.0,58.0,462.531,194787270089.0
485.275,77.0,90252.0,5067.0,58.0,427.173,194787294783.0
485.376,71.0,90252.0,5067.0,57.0,384.301,194787318922.0
485.476,71.0,90252.0,5067.0,56.0,353.243,194787351764.0
485.576,71.0,90252.0,5067.0,55.0,334.58,194787378210.0
485.682,71.0,90252.0,5067.0,55.0,323.734,194787404888.0
485.776,70.0,90252.0,5067.0,54.0,307.418,194787426999.0
485.877,70.0,90252.0,5067.0,54.0,285.986,194787447911.0
485.978,67.0,90252.0,5067.0,54.0,265.065,194787467776.0
486.076,67.0,90252.0,5067.0,53.0,257.18,194787495468.0
486.184,67.0,90252.0,5067.0,53.0,257.18,194787516220.0
486.276,65.0,90252.0,5067.0,53.0,245.312,194787516220.0
486.375,65.0,90252.0,5067.0,53.0,242.222,194787537201.0
486.485,28.0,90252.0,5067.0,51.0,230.933,194787556086.0
486.576,28.0,90252.0,5067.0,51.0,210.669,194787569011.0
486.676,0.0,90252.0,5067.0,51.0,199.404,194787581791.0
486.775,0.0,90252.0,5067.0,50.0,186.965,194787607407.0
486.876,0.0,90252.0,5067.0,50.0,178.594,194787630097.0
486.984,0.0,90252.0,5067.0,57.0,191.782,194787687427.0
487.076,96.0,90252.0,5067.0,61.0,241.106,194787756054.0
487.177,96.0,90252.0,5067.0,62.0,279.886,194787824725.0
487.290,100.0,90252.0,5067.0,65.0,329.502,194787895794.0
487.376,100.0,90252.0,5067.0,65.0,424.322,194787961788.0
487.477,100.0,90252.0,5067.0,66.0,478.726,194788021293.0
487.589,100.0,90252.0,5067.0,67.0,545.932,194788091051.0
487.677,100.0,90252.0,5067.0,67.0,591.92,194788160580.0
487.776,100.0,90252.0,5067.0,68.0,646.9,194788229835.0
487.889,100.0,90252.0,5067.0,68.0,679.688,194788299428.0
487.977,91.0,90252.0,5067.0,68.0,676.96,194788362888.0
488.075,91.0,90252.0,5067.0,69.0,675.531,194788432977.0
488.190,91.0,90252.0,5067.0,69.0,675.531,194788432977.0
488.276,91.0,90252.0,5067.0,64.0,654.032,194788493358.0
488.376,91.0,90252.0,5067.0,63.0,613.029,194788526154.0
488.476,78.0,90252.0,5067.0,62.0,582.201,194788557851.0
488.577,78.0,90252.0,5067.0,61.0,552.803,194788628449.0
488.676,82.0,90252.0,5067.0,60.0,527.519,194788671134.0
488.783,82.0,90252.0,5067.0,60.0,498.766,194788702303.0
488.876,79.0,90252.0,5067.0,59.0,461.495,194788731346.0
488.976,79.0,90252.0,5067.0,58.0,423.447,194788765727.0
489.080,74.0,90252.0,5067.0,57.0,393.021,194788798129.0
489.175,74.0,90252.0,5067.0,56.0,353.858,194788823618.0
489.291,69.0,90252.0,5067.0,56.0,324.946,194788845834.0
489.377,69.0,90252.0,5067.0,55.0,315.626,194788868291.0
489.476,69.0,90252.0,5067.0,55.0,296.793,194788893252.0
489.576,67.0,90252.0,5067.0,54.0,278.165,194788915745.0
489.678,67.0,90252.0,5067.0,53.0,263.201,194788939019.0
489.776,66.0,90252.0,5067.0,53.0,258.604,194788964657.0
489.876,66.0,90252.0,5067.0,53.0,249.594,194788985483.0
489.980,63.0,90252.0,5067.0,53.0,236.8,194789008638.0
490.077,63.0,90252.0,5067.0,52.0,236.725,194789032143.0
490.187,63.0,90252.0,5067.0,52.0,236.725,194789058036.0
490.277,64.0,90252.0,5067.0,52.0,234.513,194789058036.0
490.376,64.0,90252.0,5067.0,52.0,235.82,194789080813.0
490.484,64.0,90252.0,5067.0,52.0,234.647,194789102566.0
490.576,64.0,90252.0,5067.0,52.0,231.062,194789124737.0
490.696,64.0,90252.0,5067.0,52.0,232.742,194789169996.0
490.778,64.0,90252.0,5067.0,52.0,228.547,194789192376.0
490.876,64.0,90252.0,5067.0,52.0,228.787,194789214569.0
490.983,64.0,90252.0,5067.0,52.0,227.999,194789237015.0
491.075,64.0,90252.0,5067.0,52.0,228.554,194789257315.0
491.175,64.0,90252.0,5067.0,51.0,216.276,194789270222.0
491.277,0.0,90252.0,5067.0,51.0,210.814,194789295191.0
491.376,0.0,90252.0,5067.0,59.0,248.164,194789363272.0
491.491,100.0,90252.0,5067.0,61.0,293.78,194789432008.0
491.576,100.0,90252.0,5067.0,63.0,336.102,194789499328.0
491.676,92.0,90252.0,5067.0,58.0,353.705,194789528542.0
491.777,92.0,90252.0,5067.0,56.0,357.058,194789548401.0
491.876,71.0,90252.0,5067.0,55.0,356.262,194789578813.0
491.989,71.0,90252.0,5067.0,55.0,363.11,194789602823.0
492.076,72.0,90252.0,5067.0,54.0,367.729,194789628535.0
492.176,72.0,90252.0,5067.0,54.0,377.44,194789652170.0
492.277,71.0,90252.0,5067.0,54.0,391.418,194789681844.0
492.376,71.0,90252.0,5067.0,53.0,365.861,194789710167.0
492.476,71.0,90252.0,5067.0,53.0,323.151,194789710167.0
492.575,71.0,90252.0,5067.0,53.0,276.211,194789736146.0
492.676,68.0,90252.0,5067.0,53.0,263.33,194789761285.0
492.776,68.0,90252.0,5067.0,52.0,269.921,194789791682.0
492.877,66.0,90252.0,5067.0,52.0,271.675,194789845690.0
492.976,66.0,90252.0,5067.0,52.0,267.409,194789868904.0
493.076,64.0,90252.0,5067.0,52.0,265.42,194789890816.0
493.177,64.0,90252.0,5067.0,52.0,262.84,194789912221.0
493.277,60.0,90252.0,5067.0,51.0,251.936,194789926457.0
493.376,60.0,90252.0,5067.0,50.0,238.126,194789939460.0
493.476,0.0,90252.0,5067.0,50.0,225.852,194789952416.0
493.583,0.0,90252.0,5067.0,50.0,211.604,194789965323.0
493.676,0.0,90252.0,5067.0,49.0,196.356,194789978176.0
493.776,0.0,90252.0,5067.0,49.0,177.442,194789991083.0
493.886,0.0,90252.0,5067.0,49.0,164.834,194790003871.0
493.976,0.0,90252.0,5067.0,49.0,155.272,194790016730.0
494.076,0.0,90252.0,5067.0,49.0,142.554,194790029513.0
494.175,0.0,90252.0,5067.0,49.0,134.682,194790042321.0
494.285,0.0,90252.0,5067.0,49.0,128.925,194790055078.0
494.376,0.0,90252.0,5067.0,48.0,128.335,194790067855.0
494.477,0.0,90252.0,5067.0,48.0,128.123,194790080602.0
494.577,0.0,90252.0,5067.0,48.0,128.03,194790093349.0
494.685,0.0,90252.0,5067.0,48.0,127.851,194790106093.0
494.776,0.0,90252.0,5067.0,48.0,127.842,194790118835.0
494.876,0.0,90252.0,5067.0,48.0,127.723,194790131597.0
494.976,0.0,90252.0,5067.0,48.0,127.723,194790131597.0
495.076,0.0,90252.0,5067.0,48.0,127.662,194790144363.0
495.179,0.0,90252.0,5067.0,48.0,127.551,194790157116.0
495.275,0.0,90252.0,5067.0,48.0,127.521,194790169806.0
495.389,0.0,90252.0,5067.0,48.0,127.44,194790182518.0
495.480,0.0,90252.0,5067.0,48.0,127.374,194790207894.0
495.576,0.0,90252.0,5067.0,48.0,127.322,194790220570.0
495.685,0.0,90252.0,5067.0,48.0,127.282,194790233307.0
495.776,0.0,90252.0,5067.0,48.0,127.224,194790245950.0
495.876,0.0,90252.0,5067.0,48.0,127.144,194790258702.0
495.978,0.0,90252.0,5067.0,48.0,127.088,194790271379.0
496.076,0.0,90252.0,5067.0,48.0,127.076,194790284153.0
496.176,0.0,90252.0,5067.0,48.0,127.084,194790296806.0
496.276,0.0,90252.0,5067.0,48.0,127.067,194790309596.0
496.376,0.0,90252.0,5067.0,48.0,127.16,194790322284.0
496.481,0.0,90252.0,5067.0,48.0,127.154,194790335002.0
496.576,0.0,90252.0,5067.0,48.0,127.187,194790347689.0
496.676,0.0,90252.0,5067.0,48.0,127.135,194790360419.0
496.789,0.0,90252.0,5067.0,48.0,127.156,194790373038.0
496.876,0.0,90252.0,5067.0,48.0,127.08,194790385737.0
496.977,0.0,90252.0,5067.0,48.0,127.091,194790398390.0
497.082,0.0,90252.0,5067.0,48.0,126.988,194790411060.0
497.176,0.0,90252.0,5067.0,48.0,126.959,194790423737.0
497.277,0.0,90252.0,5067.0,47.0,126.892,194790436439.0
497.377,0.0,90252.0,5067.0,47.0,126.842,194790449105.0
497.487,0.0,90252.0,5067.0,47.0,126.876,194790461774.0
497.577,0.0,90252.0,5067.0,47.0,126.793,194790474465.0
497.676,0.0,90252.0,5067.0,47.0,126.802,194790487110.0
497.776,0.0,90252.0,5067.0,47.0,126.827,194790487110.0
497.883,0.0,90252.0,5067.0,47.0,126.881,194790499787.0
497.976,0.0,90252.0,5067.0,47.0,126.902,194790512473.0
498.076,0.0,90252.0,5067.0,47.0,126.902,194790525173.0
498.187,0.0,90252.0,5067.0,47.0,126.912,194790550577.0
498.277,0.0,90252.0,5067.0,47.0,126.933,194790563231.0
498.376,0.0,90252.0,5067.0,47.0,126.953,194790575966.0
498.477,0.0,90252.0,5067.0,47.0,126.907,194790588598.0
498.586,0.0,90252.0,5067.0,47.0,126.929,194790601314.0
498.677,0.0,90252.0,5067.0,47.0,126.931,194790613932.0
498.776,0.0,90252.0,5067.0,47.0,126.926,194790626630.0
498.876,0.0,90252.0,5067.0,47.0,126.889,194790639283.0
498.984,0.0,90252.0,5067.0,47.0,126.909,194790652003.0
499.077,0.0,90252.0,5067.0,47.0,126.859,194790664670.0
499.187,0.0,90252.0,5067.0,47.0,126.861,194790677376.0
499.276,0.0,90252.0,5067.0,47.0,126.787,194790690006.0
499.378,0.0,90252.0,5067.0,47.0,126.73,194790702628.0
499.477,0.0,90252.0,5067.0,47.0,126.694,194790715278.0
499.577,0.0,90252.0,5067.0,47.0,126.717,194790727934.0
499.690,0.0,90252.0,5067.0,47.0,126.663,194790740595.0
499.778,0.0,90252.0,5067.0,47.0,126.701,194790753256.0
499.876,0.0,90252.0,5067.0,47.0,126.626,194790765904.0
499.976,0.0,90252.0,5067.0,47.0,126.628,194790778566.0
500.076,0.0,90252.0,5067.0,47.0,126.581,194790791226.0
500.186,0.0,90252.0,5067.0,47.0,126.549,194790803823.0
500.284,0.0,90252.0,5067.0,47.0,126.591,194790816474.0
500.376,0.0,90252.0,5067.0,47.0,126.617,194790829126.0
500.476,0.0,90252.0,5067.0,47.0,126.617,194790841787.0
500.576,0.0,90252.0,5067.0,47.0,126.655,194790841787.0
500.691,0.0,90252.0,5067.0,47.0,126.655,194790854431.0
500.780,0.0,90252.0,5067.0,47.0,126.691,194790867146.0
500.876,0.0,90252.0,5067.0,47.0,126.675,194790879771.0
500.976,0.0,90252.0,5067.0,47.0,126.674,194790905067.0
501.076,0.0,90252.0,5067.0,47.0,126.616,194790917752.0
501.177,0.0,90252.0,5067.0,47.0,126.636,194790930361.0
501.276,0.0,90252.0,5067.0,47.0,126.683,194790943044.0
501.377,0.0,90252.0,5067.0,47.0,126.664,194790955641.0
501.492,0.0,90252.0,5067.0,47.0,126.663,194790968353.0
501.580,0.0,90252.0,5067.0,47.0,126.666,194790980966.0
501.676,0.0,90252.0,5067.0,47.0,126.612,194790993645.0
501.789,0.0,90252.0,5067.0,47.0,126.591,194791006233.0
501.876,0.0,90252.0,5067.0,47.0,126.543,194791018911.0
501.976,0.0,90252.0,5067.0,47.0,126.544,194791031552.0
502.086,0.0,90252.0,5067.0,47.0,126.6,194791044245.0
502.177,0.0,90252.0,5067.0,47.0,126.634,194791056900.0
502.277,0.0,90252.0,5067.0,47.0,126.633,194791069583.0
502.381,0.0,90252.0,5067.0,47.0,126.635,194791082218.0
502.476,0.0,90252.0,5067.0,47.0,126.595,194791094889.0
502.576,0.0,90252.0,5067.0,47.0,126.652,194791107528.0
502.675,0.0,90252.0,5067.0,47.0,126.63,194791120190.0
502.776,0.0,90252.0,5067.0,47.0,126.687,194791132838.0
502.876,0.0,90252.0,5067.0,47.0,126.692,194791145484.0
502.980,0.0,90252.0,5067.0,47.0,126.731,194791158157.0
503.075,0.0,90252.0,5067.0,47.0,126.67,194791170764.0
503.175,0.0,90252.0,5067.0,47.0,126.658,194791183445.0
503.275,0.0,90252.0,5067.0,47.0,126.637,194791183445.0
503.399,0.0,90252.0,5067.0,47.0,126.672,194791196043.0
503.483,0.0,90252.0,5067.0,47.0,126.648,194791208769.0
503.576,0.0,90252.0,5067.0,47.0,126.654,194791221399.0
503.677,0.0,90252.0,5067.0,47.0,126.659,194791246703.0
503.777,0.0,90252.0,5067.0,47.0,126.641,194791259410.0
503.887,0.0,90252.0,5067.0,47.0,126.674,194791272025.0
503.976,0.0,90252.0,5067.0,47.0,126.636,194791284719.0
504.077,0.0,90252.0,5067.0,47.0,126.683,194791297355.0
504.176,0.0,90252.0,5067.0,47.0,126.633,194791310023.0
504.276,0.0,90252.0,5067.0,47.0,126.7,194791322660.0
504.385,0.0,90252.0,5067.0,47.0,126.644,194791335369.0
504.477,0.0,90252.0,5067.0,47.0,126.687,194791347992.0
504.577,0.0,90252.0,5067.0,47.0,126.647,194791360710.0
504.675,0.0,90252.0,5067.0,47.0,126.674,194791373336.0
504.785,0.0,90252.0,5067.0,47.0,126.661,194791386000.0
504.877,0.0,90252.0,5067.0,47.0,126.654,194791398607.0
504.976,0.0,90252.0,5067.0,47.0,126.61,194791411277.0
505.076,0.0,90252.0,5067.0,47.0,126.642,194791423951.0
505.184,0.0,90252.0,5067.0,47.0,126.686,194791436642.0
505.277,0.0,90252.0,5067.0,47.0,126.666,194791449278.0
505.377,0.0,90252.0,5067.0,47.0,126.641,194791461934.0
505.475,0.0,90252.0,5067.0,47.0,126.631,194791474570.0
505.575,0.0,90252.0,5067.0,47.0,126.578,194791487193.0
505.682,0.0,90252.0,5067.0,47.0,126.586,194791499849.0
505.775,0.0,90252.0,5067.0,47.0,126.607,194791512503.0
505.875,0.0,90252.0,5067.0,47.0,126.627,194791525167.0
505.975,0.0,90252.0,5067.0,47.0,126.627,194791537811.0
506.084,0.0,90252.0,5067.0,47.0,126.579,194791537811.0
506.175,0.0,90252.0,5067.0,47.0,126.508,194791550452.0
506.276,0.0,90252.0,5067.0,47.0,126.496,194791563069.0
506.377,0.0,90252.0,5067.0,47.0,126.533,194791575725.0
506.489,0.0,90252.0,5067.0,47.0,126.581,194791601070.0
506.576,0.0,90252.0,5067.0,47.0,126.585,194791613666.0
506.677,0.0,90252.0,5067.0,47.0,126.556,194791626351.0
506.776,0.0,90252.0,5067.0,47.0,126.534,194791638967.0
506.875,0.0,90252.0,5067.0,47.0,126.546,194791651662.0
506.981,0.0,90252.0,5067.0,47.0,126.558,194791664284.0
507.077,0.0,90252.0,5067.0,47.0,126.542,194791676925.0
507.176,0.0,90252.0,5067.0,47.0,126.542,194791689546.0
507.276,0.0,90252.0,5067.0,47.0,126.547,194791702228.0
507.376,0.0,90252.0,5067.0,47.0,126.566,194791714841.0
507.483,0.0,90252.0,5067.0,47.0,126.497,194791727518.0
507.576,0.0,90252.0,5067.0,47.0,126.537,194791740151.0
507.676,0.0,90252.0,5067.0,47.0,126.554,194791752847.0
507.777,0.0,90252.0,5067.0,47.0,126.599,194791765475.0
507.891,0.0,90252.0,5067.0,47.0,126.546,194791778119.0
507.977,0.0,90252.0,5067.0,47.0,126.553,194791790724.0
508.076,0.0,90252.0,5067.0,47.0,126.507,194791803394.0
508.177,0.0,90252.0,5067.0,47.0,126.602,194791816058.0
508.284,0.0,90252.0,5067.0,47.0,126.56,194791828709.0
508.375,0.0,90252.0,5067.0,47.0,126.567,194791841352.0
508.476,0.0,90252.0,5067.0,47.0,126.573,194791854029.0
508.590,0.0,90252.0,5067.0,47.0,126.559,194791866652.0
508.677,0.0,90252.0,5067.0,47.0,126.519,194791879310.0
508.776,0.0,90252.0,5067.0,47.0,126.507,194791891934.0
508.877,0.0,90252.0,5067.0,47.0,126.523,194791891934.0
508.976,0.0,90252.0,5067.0,47.0,126.553,194791904581.0
509.077,0.0,90252.0,5067.0,47.0,126.549,194791917226.0
509.175,0.0,90252.0,5067.0,47.0,126.53,194791929851.0
509.276,0.0,90252.0,5067.0,47.0,126.494,194791955125.0
509.379,0.0,90252.0,5067.0,47.0,126.514,194791967790.0
509.477,0.0,90252.0,5067.0,47.0,126.496,194791980416.0
509.577,0.0,90252.0,5067.0,47.0,126.515,194791993106.0
509.679,0.0,90252.0,5067.0,47.0,126.539,194792005724.0
509.776,0.0,90252.0,5067.0,47.0,126.595,194792018438.0
509.876,0.0,90252.0,5067.0,47.0,126.559,194792031040.0
509.975,0.0,90252.0,5067.0,47.0,126.517,194792043701.0
510.077,0.0,90252.0,5067.0,47.0,126.547,194792056294.0
510.177,0.0,90252.0,5067.0,47.0,126.529,194792068959.0
510.277,0.0,90252.0,5067.0,47.0,126.57,194792081593.0
510.376,0.0,90252.0,5067.0,47.0,126.547,194792094270.0
510.479,0.0,90252.0,5067.0,47.0,126.569,194792106914.0
510.576,0.0,90252.0,5067.0,47.0,126.604,194792119594.0
510.676,0.0,90252.0,5067.0,47.0,126.572,194792132210.0
510.779,0.0,90252.0,5067.0,47.0,126.568,194792144890.0
510.877,0.0,90252.0,5067.0,47.0,126.563,194792157496.0
510.978,0.0,90252.0,5067.0,47.0,126.581,194792170215.0
511.076,0.0,90252.0,5067.0,47.0,126.676,194792182855.0
511.176,0.0,90252.0,5067.0,47.0,126.586,194792195504.0
511.280,0.0,90252.0,5067.0,47.0,126.551,194792208136.0
511.376,0.0,90252.0,5067.0,47.0,126.585,194792220789.0
511.477,0.0,90252.0,5067.0,47.0,126.546,194792233450.0
511.589,0.0,90252.0,5067.0,47.0,126.546,194792246125.0
511.677,0.0,90252.0,5067.0,47.0,126.61,194792246125.0
511.777,0.0,90252.0,5067.0,47.0,126.588,194792258773.0
511.888,0.0,90252.0,5067.0,47.0,126.629,194792271447.0
511.979,0.0,90252.0,5067.0,47.0,126.554,194792284089.0
512.076,0.0,90252.0,5067.0,47.0,126.561,194792309404.0
512.176,0.0,90252.0,5067.0,47.0,126.609,194792322056.0
512.277,0.0,90252.0,5067.0,47.0,126.68,194792334736.0
512.377,0.0,90252.0,5067.0,47.0,126.674,194792347377.0
512.476,0.0,90252.0,5067.0,47.0,126.653,194792360003.0
512.576,0.0,90252.0,5067.0,47.0,126.636,194792372646.0
512.676,0.0,90252.0,5067.0,47.0,126.605,194792385287.0
512.789,0.0,90252.0,5067.0,47.0,126.524,194792397872.0
512.876,0.0,90252.0,5067.0,47.0,126.503,194792410512.0
512.976,0.0,90252.0,5067.0,47.0,126.478,194792423100.0
513.076,0.0,90252.0,5067.0,47.0,126.499,194792435793.0
513.176,0.0,90252.0,5067.0,47.0,126.471,194792448431.0
513.289,0.0,90252.0,5067.0,47.0,126.42,194792461101.0
513.376,0.0,90252.0,5067.0,47.0,126.4,194792473715.0
513.477,0.0,90252.0,5067.0,47.0,126.42,194792486385.0
513.576,0.0,90252.0,5067.0,47.0,126.392,194792498997.0
513.687,0.0,90252.0,5067.0,47.0,126.434,194792511668.0
513.777,0.0,90252.0,5067.0,47.0,126.481,194792524290.0
513.877,0.0,90252.0,5067.0,47.0,126.528,194792536984.0
513.985,0.0,90252.0,5067.0,47.0,126.577,194792549584.0
514.075,0.0,90252.0,5067.0,47.0,126.568,194792562280.0
514.176,0.0,90252.0,5067.0,47.0,126.569,194792574904.0
514.285,0.0,90252.0,5067.0,47.0,126.569,194792587562.0
514.376,0.0,90252.0,5067.0,47.0,126.57,194792587562.0
514.475,0.0,90252.0,5067.0,47.0,126.555,194792600173.0
514.588,0.0,90252.0,5067.0,47.0,126.541,194792612848.0
514.676,0.0,90252.0,5067.0,47.0,126.526,194792625415.0
514.788,0.0,90252.0,5067.0,47.0,126.593,194792650781.0
514.875,0.0,90252.0,5067.0,47.0,126.521,194792663430.0
514.976,0.0,90252.0,5067.0,47.0,126.521,194792676045.0
515.082,0.0,90252.0,5067.0,47.0,126.505,194792688729.0
515.177,0.0,90252.0,5067.0,47.0,126.525,194792701373.0
515.282,0.0,90252.0,5067.0,47.0,126.544,194792714060.0
515.377,0.0,90252.0,5067.0,47.0,126.513,194792726655.0
515.477,0.0,90252.0,5067.0,47.0,126.521,194792739315.0
515.577,0.0,90252.0,5067.0,47.0,126.509,194792751910.0
515.676,0.0,90252.0,5067.0,47.0,126.462,194792764508.0
515.776,0.0,90252.0,5067.0,47.0,126.407,194792777107.0
515.876,0.0,90252.0,5067.0,47.0,126.4,194792789746.0
515.978,0.0,90252.0,5067.0,47.0,126.429,194792802397.0
516.077,0.0,90252.0,5067.0,47.0,126.405,194792815050.0
516.189,0.0,90252.0,5067.0,47.0,126.367,194792827685.0
516.276,0.0,90252.0,5067.0,47.0,126.373,194792840347.0
516.376,0.0,90252.0,5067.0,47.0,126.391,194792852981.0
516.483,0.0,90252.0,5067.0,47.0,126.387,194792865618.0
516.575,0.0,90252.0,5067.0,47.0,126.431,194792878268.0
516.687,0.0,90252.0,5067.0,47.0,126.486,194792890920.0
516.777,0.0,90252.0,5067.0,47.0,126.543,194792903590.0
516.876,0.0,90252.0,5067.0,47.0,126.551,194792916229.0
516.984,0.0,90252.0,5067.0,47.0,126.595,194792928927.0
517.076,0.0,90252.0,5067.0,47.0,126.595,194792928927.0
517.177,0.0,90252.0,5067.0,47.0,126.634,194792941575.0
517.276,0.0,90252.0,5067.0,47.0,126.586,194792954237.0
517.377,0.0,90252.0,5067.0,47.0,126.61,194792979541.0
517.480,0.0,90252.0,5067.0,47.0,126.578,194792992137.0
517.577,0.0,90252.0,5067.0,47.0,126.603,194793004815.0
517.676,0.0,90252.0,5067.0,47.0,126.533,194793017406.0
517.777,0.0,90252.0,5067.0,47.0,126.551,194793030092.0
517.877,0.0,90252.0,5067.0,47.0,126.57,194793042724.0
517.977,0.0,90252.0,5067.0,47.0,126.514,194793055372.0
518.088,0.0,90252.0,5067.0,47.0,126.432,194793067933.0
518.177,0.0,90252.0,5067.0,47.0,126.463,194793080655.0
518.277,0.0,90252.0,5067.0,47.0,126.471,194793093261.0
518.385,0.0,90252.0,5067.0,47.0,126.451,194793105927.0
518.476,0.0,90252.0,5067.0,47.0,126.478,194793118562.0
518.576,0.0,90252.0,5067.0,47.0,126.468,194793131223.0
518.683,0.0,90252.0,5067.0,47.0,126.53,194793143860.0
518.776,0.0,90252.0,5067.0,47.0,126.512,194793156542.0
518.876,0.0,90252.0,5067.0,47.0,126.542,194793169192.0
518.981,0.0,90252.0,5067.0,47.0,126.546,194793181880.0
519.077,0.0,90252.0,5067.0,47.0,126.642,194793194523.0
519.177,0.0,90252.0,5067.0,47.0,126.636,194793207220.0
519.277,0.0,90252.0,5067.0,47.0,126.632,194793219850.0
519.376,0.0,90252.0,5067.0,47.0,126.657,194793232515.0
519.476,0.0,90252.0,5067.0,47.0,126.658,194793245164.0
519.576,0.0,90252.0,5067.0,47.0,126.669,194793257836.0
519.681,0.0,90252.0,5067.0,47.0,126.651,194793270463.0
519.777,0.0,90252.0,5067.0,47.0,126.631,194793283127.0
519.877,0.0,90252.0,5067.0,47.0,126.604,194793283127.0
519.977,0.0,90252.0,5067.0,47.0,126.62,194793295736.0
520.077,0.0,90252.0,5067.0,47.0,126.592,194793308412.0
520.183,0.0,90252.0,5067.0,47.0,126.505,194793321056.0
520.276,0.0,90252.0,5067.0,47.0,126.514,194793346319.0
520.390,0.0,90252.0,5067.0,47.0,126.503,194793358998.0
520.476,0.0,90252.0,5067.0,47.0,126.527,194793371647.0
520.576,0.0,90252.0,5067.0,47.0,126.497,194793384297.0
520.677,0.0,90252.0,5067.0,47.0,126.545,194793396952.0
520.789,0.0,90252.0,5067.0,47.0,126.547,194793409619.0
520.876,0.0,90252.0,5067.0,47.0,126.603,194793422283.0
520.976,0.0,90252.0,5067.0,47.0,126.599,194793434950.0
521.083,0.0,90252.0,5067.0,47.0,126.603,194793447621.0
521.183,0.0,90252.0,5067.0,47.0,126.633,194793460258.0
521.276,0.0,90252.0,5067.0,47.0,126.679,194793472939.0
521.401,0.0,90252.0,5067.0,47.0,126.664,194793485584.0
521.476,0.0,90252.0,5067.0,47.0,126.688,194793498242.0
521.577,0.0,90252.0,5067.0,47.0,126.701,194793510890.0
521.688,0.0,90252.0,5067.0,47.0,126.716,194793523578.0
521.777,0.0,90252.0,5067.0,47.0,126.619,194793536149.0
521.877,0.0,90252.0,5067.0,47.0,126.644,194793548845.0
521.983,0.0,90252.0,5067.0,47.0,126.668,194793561486.0
522.077,0.0,90252.0,5067.0,47.0,126.626,194793574158.0
522.176,0.0,90252.0,5067.0,47.0,126.586,194793586736.0
522.280,0.0,90252.0,5067.0,47.0,126.627,194793599450.0
522.376,0.0,90252.0,5067.0,47.0,126.571,194793612060.0
522.476,0.0,90252.0,5067.0,47.0,126.554,194793624743.0
522.576,0.0,90252.0,5067.0,47.0,126.554,194793637337.0
522.676,0.0,90252.0,5067.0,47.0,126.532,194793637337.0
522.780,0.0,90252.0,5067.0,47.0,126.584,194793650035.0
522.877,0.0,90252.0,5067.0,47.0,126.573,194793662627.0
522.985,0.0,90252.0,5067.0,47.0,126.504,194793675307.0
523.076,0.0,90252.0,5067.0,47.0,126.554,194793700614.0
523.176,0.0,90252.0,5067.0,47.0,126.599,194793713210.0
523.276,0.0,90252.0,5067.0,47.0,126.527,194793725891.0
523.377,0.0,90252.0,5067.0,47.0,126.552,194793738519.0
523.487,0.0,90252.0,5067.0,47.0,126.564,194793751205.0
523.576,0.0,90252.0,5067.0,47.0,126.567,194793763835.0
523.676,0.0,90252.0,5067.0,47.0,126.556,194793776520.0
523.779,0.0,90252.0,5067.0,47.0,126.544,194793789134.0
523.876,0.0,90252.0,5067.0,47.0,126.567,194793801839.0
523.989,0.0,90252.0,5067.0,47.0,126.631,194793814453.0
524.076,0.0,90252.0,5067.0,47.0,126.602,194793827157.0
524.177,0.0,90252.0,5067.0,47.0,126.616,194793839769.0
524.277,0.0,90252.0,5067.0,47.0,126.627,194793852443.0
524.376,0.0,90252.0,5067.0,47.0,126.601,194793865074.0
524.486,0.0,90252.0,5067.0,47.0,126.602,194793877772.0
524.577,0.0,90252.0,5067.0,47.0,126.632,194793890414.0
524.688,0.0,90252.0,5067.0,47.0,126.612,194793903086.0
524.777,0.0,90252.0,5067.0,47.0,126.621,194793915713.0
524.876,0.0,90252.0,5067.0,47.0,126.611,194793928388.0
524.976,0.0,90252.0,5067.0,47.0,126.613,194793941029.0
525.077,0.0,90252.0,5067.0,47.0,126.589,194793953677.0
525.176,0.0,90252.0,5067.0,47.0,126.616,194793966328.0
525.287,0.0,90252.0,5067.0,47.0,126.609,194793979013.0
525.376,0.0,90252.0,5067.0,47.0,126.609,194793991682.0
525.476,0.0,90252.0,5067.0,47.0,126.639,194793991682.0
525.583,0.0,90252.0,5067.0,47.0,126.703,194794004374.0
525.676,0.0,90252.0,5067.0,47.0,126.699,194794017045.0
525.776,0.0,90252.0,5067.0,47.0,126.75,194794029688.0
525.878,0.0,90252.0,5067.0,47.0,126.695,194794054994.0
525.976,0.0,90252.0,5067.0,47.0,126.722,194794067658.0
526.085,0.0,90252.0,5067.0,47.0,126.71,194794080299.0
526.177,0.0,90252.0,5067.0,47.0,126.745,194794092967.0
526.276,0.0,90252.0,5067.0,47.0,126.68,194794105594.0
526.377,0.0,90252.0,5067.0,47.0,126.706,194794118293.0
526.475,0.0,90252.0,5067.0,47.0,126.676,194794130915.0
526.577,0.0,90252.0,5067.0,47.0,126.649,194794143614.0
526.675,0.0,90252.0,5067.0,47.0,126.639,194794156213.0
526.776,0.0,90252.0,5067.0,47.0,126.621,194794168890.0
526.883,0.0,90252.0,5067.0,47.0,126.666,194794181553.0
526.976,0.0,90252.0,5067.0,47.0,126.716,194794194263.0
527.076,0.0,90252.0,5067.0,47.0,126.714,194794206900.0
527.187,0.0,90252.0,5067.0,47.0,126.671,194794219554.0
527.276,0.0,90252.0,5067.0,47.0,126.692,194794232166.0
527.376,0.0,90252.0,5067.0,47.0,126.694,194794244862.0
527.746,0.0,90252.0,5067.0,47.0,126.664,194794295471.0
527.748,0.0,90252.0,5067.0,47.0,126.664,194794295471.0
527.855,0.0,90252.0,5067.0,47.0,126.618,194794308049.0
527.950,0.0,90252.0,5067.0,47.0,126.611,194794320771.0
528.050,0.0,90252.0,5067.0,47.0,126.589,194794333394.0
528.151,0.0,90252.0,5067.0,47.0,126.589,194794346108.0
528.251,0.0,90252.0,5067.0,47.0,126.641,194794346108.0
528.350,0.0,90252.0,5067.0,47.0,126.687,194794358737.0
528.458,0.0,90252.0,5067.0,47.0,126.692,194794371456.0
528.551,0.0,90252.0,5067.0,47.0,126.702,194794396762.0
528.650,0.0,90252.0,5067.0,47.0,126.758,194794409390.0
528.759,0.0,90252.0,5067.0,47.0,126.699,194794422065.0
528.854,0.0,90252.0,5067.0,47.0,126.767,194794434707.0
528.950,0.0,90252.0,5067.0,47.0,126.741,194794447430.0
529.050,0.0,90252.0,5067.0,47.0,126.794,194794460077.0
529.151,0.0,90252.0,5067.0,47.0,126.767,194794472785.0
529.251,0.0,90252.0,5067.0,47.0,126.742,194794485400.0
529.351,0.0,90252.0,5067.0,47.0,126.674,194794498038.0
529.450,0.0,90252.0,5067.0,47.0,126.712,194794510698.0
529.550,0.0,90252.0,5067.0,47.0,126.693,194794523379.0
529.650,0.0,90252.0,5067.0,47.0,126.655,194794535976.0
529.750,0.0,90252.0,5067.0,47.0,126.667,194794548641.0
529.850,0.0,90252.0,5067.0,47.0,126.679,194794561293.0
529.959,0.0,90252.0,5067.0,47.0,126.634,194794573968.0
530.050,0.0,90252.0,5067.0,47.0,126.651,194794586637.0
530.150,0.0,90252.0,5067.0,47.0,126.625,194794599288.0
530.263,0.0,90252.0,5067.0,47.0,126.608,194794611930.0
530.352,0.0,90252.0,5067.0,47.0,126.609,194794624575.0
530.458,0.0,90252.0,5067.0,47.0,126.614,194794637250.0
530.550,0.0,90252.0,5067.0,47.0,126.614,194794649911.0
530.650,0.0,90252.0,5067.0,47.0,126.641,194794662586.0
530.750,0.0,90252.0,5067.0,47.0,126.671,194794675232.0
530.862,0.0,90252.0,5067.0,47.0,126.697,194794687915.0
530.950,0.0,90252.0,5067.0,47.0,126.707,194794700544.0
531.057,0.0,90252.0,5067.0,47.0,126.633,194794700544.0
531.150,0.0,90252.0,5067.0,47.0,126.634,194794713189.0
531.250,0.0,90252.0,5067.0,47.0,126.641,194794725821.0
531.358,0.0,90252.0,5067.0,47.0,126.663,194794738492.0
531.454,0.0,90252.0,5067.0,47.0,126.704,194794763866.0
531.551,0.0,90252.0,5067.0,47.0,126.692,194794776499.0
531.651,0.0,90252.0,5067.0,47.0,126.75,194794789262.0
531.751,0.0,90252.0,5067.0,47.0,126.772,194794801924.0
531.851,0.0,90252.0,5067.0,47.0,126.776,194794814606.0
531.959,0.0,90252.0,5067.0,47.0,126.761,194794827242.0
532.055,0.0,90252.0,5067.0,47.0,126.81,194794839930.0
532.151,0.0,90252.0,5067.0,47.0,126.819,194794852591.0
532.251,0.0,90252.0,5067.0,47.0,126.881,194794865306.0
532.350,0.0,90252.0,5067.0,47.0,126.863,194794877953.0
532.451,0.0,90252.0,5067.0,47.0,126.875,194794890687.0
532.550,0.0,90252.0,5067.0,47.0,126.849,194794903304.0
532.650,0.0,90252.0,5067.0,47.0,126.767,194794915972.0
532.750,0.0,90252.0,5067.0,47.0,126.736,194794928602.0
532.857,0.0,90252.0,5067.0,47.0,126.75,194794941321.0
532.951,0.0,90252.0,5067.0,47.0,126.808,194794953992.0
533.051,0.0,90252.0,5067.0,47.0,126.819,194794966687.0
533.150,0.0,90252.0,5067.0,47.0,126.819,194794979332.0
533.259,0.0,90252.0,5067.0,47.0,126.842,194794992069.0
533.350,0.0,90252.0,5067.0,47.0,126.83,194795004692.0
533.450,0.0,90252.0,5067.0,47.0,126.771,194795017374.0
533.550,0.0,90252.0,5067.0,47.0,126.76,194795029975.0
533.650,0.0,90252.0,5067.0,47.0,126.797,194795042677.0
533.772,0.0,90252.0,5067.0,47.0,126.797,194795055288.0
533.862,0.0,90252.0,5067.0,47.0,126.798,194795055288.0
533.950,0.0,90252.0,5067.0,47.0,126.74,194795067965.0
534.061,0.0,90252.0,5067.0,47.0,126.709,194795080578.0
534.154,0.0,90252.0,5067.0,47.0,126.704,194795093265.0
534.261,0.0,90252.0,5067.0,47.0,126.651,194795118610.0
534.350,0.0,90252.0,5067.0,47.0,126.658,194795131264.0
534.449,0.0,90252.0,5067.0,47.0,126.714,194795144006.0
534.556,0.0,90252.0,5067.0,47.0,126.716,194795156608.0
534.650,0.0,90252.0,5067.0,47.0,126.693,194795169290.0
534.751,0.0,90252.0,5067.0,47.0,126.709,194795181922.0
534.861,0.0,90252.0,5067.0,47.0,126.718,194795194609.0
534.951,0.0,90252.0,5067.0,47.0,126.745,194795207262.0
535.050,0.0,90252.0,5067.0,47.0,126.746,194795219945.0
535.151,0.0,90252.0,5067.0,47.0,126.69,194795232573.0
535.251,0.0,90252.0,5067.0,47.0,126.696,194795245235.0
535.358,0.0,90252.0,5067.0,47.0,126.71,194795257912.0
535.450,0.0,90252.0,5067.0,47.0,126.66,194795270585.0
535.550,0.0,90252.0,5067.0,47.0,126.69,194795283231.0
535.650,0.0,90252.0,5067.0,47.0,126.71,194795295903.0
535.751,0.0,90252.0,5067.0,47.0,126.693,194795308541.0
535.859,0.0,90252.0,5067.0,47.0,126.687,194795321203.0
535.951,0.0,90252.0,5067.0,47.0,126.676,194795333855.0
536.059,0.0,90252.0,5067.0,47.0,126.638,194795346488.0
536.149,0.0,90252.0,5067.0,47.0,126.646,194795359127.0
536.259,0.0,90252.0,5067.0,47.0,126.689,194795371799.0
536.350,0.0,90252.0,5067.0,47.0,126.648,194795384440.0
536.450,0.0,90252.0,5067.0,47.0,126.638,194795397111.0
536.551,0.0,90252.0,5067.0,47.0,126.638,194795409756.0
536.650,0.0,90252.0,5067.0,47.0,126.65,194795409756.0
536.751,0.0,90252.0,5067.0,47.0,126.682,194795422446.0
536.851,0.0,90252.0,5067.0,47.0,126.707,194795435133.0
536.951,0.0,90252.0,5067.0,47.0,126.742,194795447829.0
537.051,0.0,90252.0,5067.0,47.0,126.787,194795473172.0
537.151,0.0,90252.0,5067.0,47.0,126.787,194795485861.0
537.251,0.0,90252.0,5067.0,47.0,126.847,194795498531.0
537.351,0.0,90252.0,5067.0,47.0,126.853,194795511221.0
537.451,0.0,90252.0,5067.0,47.0,126.85,194795523854.0
537.551,0.0,90252.0,5067.0,47.0,126.833,194795536505.0
537.676,0.0,90252.0,5067.0,47.0,126.787,194795549154.0
537.750,0.0,90252.0,5067.0,47.0,126.777,194795561823.0
537.851,0.0,90252.0,5067.0,47.0,126.775,194795574475.0
537.951,0.0,90252.0,5067.0,47.0,126.79,194795587188.0
538.050,0.0,90252.0,5067.0,47.0,126.766,194795599824.0
538.149,0.0,90252.0,5067.0,47.0,126.759,194795612500.0
538.251,0.0,90252.0,5067.0,47.0,126.693,194795625128.0
538.350,0.0,90252.0,5067.0,47.0,126.701,194795637829.0
538.456,0.0,90252.0,5067.0,47.0,126.709,194795650466.0
538.551,0.0,90252.0,5067.0,47.0,126.753,194795663156.0
538.651,0.0,90252.0,5067.0,47.0,126.717,194795675766.0
538.754,0.0,90252.0,5067.0,47.0,126.715,194795688450.0
538.850,0.0,90252.0,5067.0,47.0,126.666,194795701078.0
538.951,0.0,90252.0,5067.0,47.0,126.66,194795713770.0
539.052,0.0,90252.0,5067.0,47.0,126.642,194795726383.0
539.152,0.0,90252.0,5067.0,47.0,126.679,194795739094.0
539.251,0.0,90252.0,5067.0,47.0,126.644,194795751694.0
539.360,0.0,90252.0,5067.0,47.0,126.644,194795764398.0
539.455,0.0,90252.0,5067.0,47.0,126.662,194795764398.0
539.551,0.0,90252.0,5067.0,47.0,126.632,194795777001.0
539.651,0.0,90252.0,5067.0,47.0,126.618,194795789692.0
539.770,0.0,90252.0,5067.0,47.0,126.662,194795802329.0
539.859,0.0,90252.0,5067.0,47.0,126.684,194795827638.0
539.951,0.0,90252.0,5067.0,47.0,126.643,194795840309.0
540.051,0.0,90252.0,5067.0,47.0,126.69,194795852975.0
540.150,0.0,90252.0,5067.0,47.0,126.651,194795865649.0
540.256,0.0,90252.0,5067.0,47.0,126.67,194795878267.0
540.351,0.0,90252.0,5067.0,47.0,126.687,194795890982.0
540.450,0.0,90252.0,5067.0,47.0,126.68,194795903592.0
540.551,0.0,90252.0,5067.0,47.0,126.71,194795916289.0
540.651,0.0,90252.0,5067.0,47.0,126.733,194795928958.0
540.755,0.0,90252.0,5067.0,47.0,126.725,194795941644.0
540.849,0.0,90252.0,5067.0,47.0,126.731,194795954271.0
540.951,0.0,90252.0,5067.0,47.0,130.084,194795969741.0
541.071,86.0,90252.0,5067.0,52.0,170.563,194796019905.0
541.160,86.0,90252.0,5067.0,58.0,222.954,194796088131.0
541.251,100.0,90252.0,5067.0,61.0,280.795,194796156250.0
541.350,100.0,90252.0,5067.0,62.0,334.607,194796223991.0
541.451,100.0,90252.0,5067.0,64.0,394.511,194796295620.0
541.551,100.0,90252.0,5067.0,62.0,443.244,194796363222.0
541.651,100.0,90252.0,5067.0,62.0,443.244,194796430781.0
541.755,100.0,90252.0,5067.0,65.0,496.428,194796430781.0
541.850,100.0,90252.0,5067.0,65.0,554.104,194796502223.0
541.951,100.0,90252.0,5067.0,67.0,661.362,194796637000.0
542.051,85.0,90252.0,5067.0,67.0,675.253,194796697080.0
542.157,85.0,90252.0,5067.0,67.0,674.576,194796764212.0
542.253,100.0,90252.0,5067.0,68.0,675.237,194796832993.0
542.351,100.0,90252.0,5067.0,69.0,679.96,194796902768.0
542.451,100.0,90252.0,5067.0,68.0,679.924,194796972839.0
542.559,100.0,90252.0,5067.0,68.0,667.598,194797031366.0
542.651,75.0,90252.0,5067.0,63.0,636.293,194797066369.0
542.758,75.0,90252.0,5067.0,61.0,594.638,194797096084.0
542.855,75.0,90252.0,5067.0,60.0,556.016,194797121732.0
542.959,75.0,90252.0,5067.0,59.0,517.706,194797154303.0
543.051,74.0,90252.0,5067.0,59.0,486.789,194797184566.0
543.151,74.0,90252.0,5067.0,58.0,460.11,194797219154.0
543.251,72.0,90252.0,5067.0,58.0,422.881,194797248487.0
543.355,72.0,90252.0,5067.0,58.0,378.552,194797280361.0
543.450,73.0,90252.0,5067.0,58.0,345.731,194797311464.0
543.551,73.0,90252.0,5067.0,57.0,307.9,194797336359.0
543.651,73.0,90252.0,5067.0,57.0,295.318,194797336359.0
543.768,73.0,90252.0,5067.0,57.0,302.838,194797362940.0
543.857,71.0,90252.0,5067.0,56.0,300.143,194797395641.0
543.950,71.0,90252.0,5067.0,56.0,288.73,194797419948.0
544.051,70.0,90252.0,5067.0,55.0,280.035,194797467631.0
544.151,70.0,90252.0,5067.0,55.0,270.32,194797487765.0
544.250,70.0,90252.0,5067.0,55.0,266.396,194797514886.0
544.351,70.0,90252.0,5067.0,54.0,256.467,194797536962.0
544.451,68.0,90252.0,5067.0,54.0,243.307,194797556318.0
544.550,68.0,90252.0,5067.0,54.0,248.386,194797585192.0
544.650,69.0,90252.0,5067.0,53.0,245.805,194797607914.0
544.750,69.0,90252.0,5067.0,53.0,230.115,194797626574.0
544.856,69.0,90252.0,5067.0,53.0,232.818,194797651059.0
544.950,69.0,90252.0,5067.0,53.0,228.777,194797672303.0
545.051,66.0,90252.0,5067.0,53.0,221.896,194797689774.0
545.151,66.0,90252.0,5067.0,52.0,217.587,194797706950.0
545.251,64.0,90252.0,5067.0,52.0,210.808,194797726673.0
545.350,64.0,90252.0,5067.0,52.0,209.875,194797746733.0
545.459,64.0,90252.0,5067.0,52.0,212.055,194797767462.0
545.551,64.0,90252.0,5067.0,52.0,198.719,194797785703.0
545.650,0.0,90252.0,5067.0,51.0,189.682,194797798522.0
545.749,0.0,90252.0,5067.0,50.0,184.029,194797811318.0
545.857,0.0,90252.0,5067.0,50.0,170.116,194797811318.0
545.951,0.0,90252.0,5067.0,50.0,164.563,194797824079.0
546.051,0.0,90252.0,5067.0,50.0,159.466,194797836785.0
546.159,0.0,90252.0,5067.0,49.0,155.194,194797849522.0
546.251,0.0,90252.0,5067.0,49.0,148.16,194797874925.0
546.350,0.0,90252.0,5067.0,49.0,140.902,194797887543.0
546.451,0.0,90252.0,5067.0,49.0,132.574,194797900244.0
546.549,0.0,90252.0,5067.0,49.0,127.202,194797912868.0
546.650,0.0,90252.0,5067.0,49.0,127.144,194797925577.0
546.764,0.0,90252.0,5067.0,49.0,126.907,194797938189.0
546.851,0.0,90252.0,5067.0,49.0,126.808,194797950851.0
546.951,0.0,90252.0,5067.0,50.0,146.174,194797972195.0
547.051,100.0,90252.0,5067.0,56.0,206.638,194798042383.0
547.151,100.0,90252.0,5067.0,60.0,261.383,194798109742.0
547.263,100.0,90252.0,5067.0,62.0,319.883,194798179952.0
547.350,100.0,90252.0,5067.0,63.0,374.908,194798247625.0
547.451,92.0,90252.0,5067.0,65.0,429.311,194798316769.0
547.570,92.0,90252.0,5067.0,64.0,484.116,194798382840.0
547.656,100.0,90252.0,5067.0,66.0,543.358,194798453003.0
547.751,100.0,90252.0,5067.0,66.0,543.358,194798521097.0
547.851,100.0,90252.0,5067.0,66.0,597.892,194798521097.0
547.951,100.0,90252.0,5067.0,68.0,654.606,194798589796.0
548.051,100.0,90252.0,5067.0,67.0,688.862,194798657461.0
548.165,91.0,90252.0,5067.0,66.0,682.306,194798791618.0
548.251,91.0,90252.0,5067.0,68.0,684.244,194798861075.0
548.351,100.0,90252.0,5067.0,68.0,680.018,194798929981.0
548.451,74.0,90252.0,5067.0,65.0,648.613,194798971624.0
548.553,74.0,90252.0,5067.0,62.0,617.683,194799007033.0
548.651,75.0,90252.0,5067.0,61.0,571.057,194799032722.0
548.762,75.0,90252.0,5067.0,60.0,535.547,194799061605.0
548.851,76.0,90252.0,5067.0,59.0,487.51,194799087167.0
548.965,76.0,90252.0,5067.0,59.0,448.159,194799113289.0
549.049,73.0,90252.0,5067.0,59.0,420.721,194799146595.0
549.155,73.0,90252.0,5067.0,59.0,384.119,194799184154.0
549.252,74.0,90252.0,5067.0,58.0,351.025,194799214023.0
549.351,74.0,90252.0,5067.0,58.0,310.228,194799242680.0
549.458,74.0,90252.0,5067.0,57.0,303.946,194799273561.0
549.557,74.0,90252.0,5067.0,57.0,298.617,194799302860.0
549.650,72.0,90252.0,5067.0,57.0,309.645,194799338163.0
549.750,72.0,90252.0,5067.0,57.0,312.759,194799371424.0
549.850,74.0,90252.0,5067.0,56.0,316.294,194799403623.0
549.954,74.0,90252.0,5067.0,56.0,316.294,194799403623.0
550.051,74.0,90252.0,5067.0,56.0,317.483,194799429692.0
550.150,69.0,90252.0,5067.0,56.0,307.661,194799454390.0
550.251,69.0,90252.0,5067.0,55.0,291.16,194799475417.0
550.350,70.0,90252.0,5067.0,55.0,283.57,194799519778.0
550.450,70.0,90252.0,5067.0,55.0,279.406,194799543220.0
550.556,69.0,90252.0,5067.0,54.0,272.743,194799572043.0
550.650,69.0,90252.0,5067.0,54.0,270.312,194799594798.0
550.750,68.0,90252.0,5067.0,54.0,248.001,194799619423.0
550.850,66.0,90252.0,5067.0,53.0,252.929,194799651722.0
550.957,66.0,90252.0,5067.0,53.0,246.414,194799678734.0
551.061,64.0,90252.0,5067.0,53.0,250.672,194799700603.0
551.150,64.0,90252.0,5067.0,53.0,249.311,194799725017.0
551.251,64.0,90252.0,5067.0,52.0,253.257,194799749095.0
551.350,64.0,90252.0,5067.0,52.0,252.945,194799769377.0
551.451,64.0,90252.0,5067.0,52.0,247.226,194799795725.0
551.554,64.0,90252.0,5067.0,52.0,246.05,194799818274.0
551.650,63.0,90252.0,5067.0,52.0,244.175,194799839530.0
551.751,63.0,90252.0,5067.0,52.0,239.259,194799862692.0
551.860,63.0,90252.0,5067.0,52.0,229.875,194799885647.0
551.950,63.0,90252.0,5067.0,52.0,231.292,194799907083.0
552.050,63.0,90252.0,5067.0,52.0,231.292,194799907083.0
552.150,63.0,90252.0,5067.0,52.0,226.137,194799929883.0
552.259,63.0,90252.0,5067.0,52.0,225.21,194799951461.0
552.350,64.0,90252.0,5067.0,52.0,224.464,194799972633.0
552.450,64.0,90252.0,5067.0,52.0,222.006,194800017094.0
552.550,64.0,90252.0,5067.0,52.0,220.269,194800031923.0
552.654,64.0,90252.0,5067.0,51.0,209.391,194800044741.0
552.750,0.0,90252.0,5067.0,50.0,200.514,194800057462.0
552.851,0.0,90252.0,5067.0,50.0,191.312,194800070195.0
552.952,0.0,90252.0,5067.0,50.0,181.543,194800090025.0
553.051,0.0,90252.0,5067.0,50.0,184.934,194800124543.0
553.150,68.0,90252.0,5067.0,51.0,216.365,194800192926.0
553.250,100.0,90252.0,5067.0,62.0,310.235,194800260576.0
553.350,100.0,90252.0,5067.0,64.0,358.067,194800331221.0
553.450,100.0,90252.0,5067.0,64.0,406.516,194800398210.0
553.570,100.0,90252.0,5067.0,66.0,449.573,194800461530.0
553.656,100.0,90252.0,5067.0,66.0,512.505,194800528637.0
553.753,100.0,90252.0,5067.0,67.0,569.108,194800597695.0
553.861,100.0,90252.0,5067.0,67.0,624.944,194800666773.0
553.953,100.0,90252.0,5067.0,68.0,670.294,194800737263.0
554.050,90.0,90252.0,5067.0,68.0,675.718,194800799904.0
554.152,90.0,90252.0,5067.0,68.0,678.121,194800799904.0
554.250,100.0,90252.0,5067.0,69.0,675.68,194800865790.0
554.350,100.0,90252.0,5067.0,69.0,675.538,194800935112.0
554.449,100.0,90252.0,5067.0,70.0,672.79,194801071742.0
554.559,100.0,90252.0,5067.0,66.0,643.459,194801114456.0
554.650,78.0,90252.0,5067.0,63.0,605.486,194801150134.0
554.751,78.0,90252.0,5067.0,62.0,572.923,194801183099.0
554.850,75.0,90252.0,5067.0,61.0,535.512,194801215632.0
554.950,75.0,90252.0,5067.0,60.0,499.06,194801249409.0
555.049,76.0,90252.0,5067.0,59.0,462.816,194801280398.0
555.149,76.0,90252.0,5067.0,59.0,433.947,194801312619.0
555.266,74.0,90252.0,5067.0,59.0,402.149,194801346150.0
555.353,74.0,90252.0,5067.0,58.0,365.831,194801379027.0
555.457,74.0,90252.0,5067.0,58.0,328.277,194801408289.0
555.549,74.0,90252.0,5067.0,58.0,330.523,194801442884.0
555.651,75.0,90252.0,5067.0,57.0,324.273,194801476517.0
555.758,75.0,90252.0,5067.0,57.0,322.311,194801510470.0
555.851,73.0,90252.0,5067.0,57.0,325.712,194801538340.0
555.970,73.0,90252.0,5067.0,57.0,318.155,194801570434.0
556.051,73.0,90252.0,5067.0,56.0,316.19,194801598747.0
556.150,73.0,90252.0,5067.0,56.0,303.986,194801621552.0
556.250,69.0,90252.0,5067.0,55.0,295.08,194801621552.0
556.359,69.0,90252.0,5067.0,55.0,286.6,194801645713.0
556.451,69.0,90252.0,5067.0,55.0,286.6,194801668909.0
556.550,70.0,90252.0,5067.0,55.0,282.193,194801721060.0
556.651,70.0,90252.0,5067.0,54.0,274.276,194801742191.0
556.751,69.0,90252.0,5067.0,54.0,263.664,194801766176.0
556.850,69.0,90252.0,5067.0,54.0,255.145,194801788339.0
556.955,66.0,90252.0,5067.0,53.0,247.454,194801814166.0
557.050,66.0,90252.0,5067.0,53.0,242.034,194801835756.0
557.151,63.0,90252.0,5067.0,53.0,237.382,194801857295.0
557.253,63.0,90252.0,5067.0,53.0,237.452,194801880237.0
557.349,63.0,90252.0,5067.0,53.0,232.053,194801901967.0
557.450,63.0,90252.0,5067.0,52.0,230.339,194801916115.0
557.559,5.0,90252.0,5067.0,51.0,214.357,194801929008.0
557.651,5.0,90252.0,5067.0,51.0,203.748,194801941768.0
557.750,0.0,90252.0,5067.0,51.0,195.483,194801954608.0
557.850,0.0,90252.0,5067.0,50.0,183.339,194801967335.0
557.951,7.0,90252.0,5067.0,55.0,181.511,194802010639.0
558.052,7.0,90252.0,5067.0,59.0,218.132,194802081089.0
558.168,100.0,90252.0,5067.0,63.0,263.564,194802147579.0
558.252,100.0,90252.0,5067.0,63.0,309.898,194802215252.0
558.351,100.0,90252.0,5067.0,65.0,354.229,194802282490.0
558.469,100.0,90252.0,5067.0,66.0,400.291,194802347125.0
558.554,90.0,90252.0,5067.0,67.0,454.235,194802347125.0
558.651,90.0,90252.0,5067.0,67.0,511.231,194802414790.0
558.754,100.0,90252.0,5067.0,68.0,565.576,194802484242.0
558.859,100.0,90252.0,5067.0,68.0,622.997,194802552852.0
558.950,100.0,90252.0,5067.0,69.0,668.539,194802687401.0
559.050,100.0,90252.0,5067.0,68.0,670.282,194802752673.0
559.149,100.0,90252.0,5067.0,69.0,671.887,194802821903.0
559.252,100.0,90252.0,5067.0,69.0,672.969,194802890356.0
559.351,100.0,90252.0,5067.0,70.0,676.901,194802959451.0
559.469,100.0,90252.0,5067.0,65.0,661.582,194802992811.0
559.553,75.0,90252.0,5067.0,62.0,627.739,194803024919.0
559.652,75.0,90252.0,5067.0,61.0,556.645,194803058264.0
559.751,75.0,90252.0,5067.0,60.0,518.932,194803091575.0
559.857,76.0,90252.0,5067.0,60.0,493.994,194803128548.0
559.951,76.0,90252.0,5067.0,59.0,469.454,194803164031.0
560.051,73.0,90252.0,5067.0,59.0,434.772,194803199129.0
560.166,73.0,90252.0,5067.0,58.0,399.801,194803230983.0
560.252,75.0,90252.0,5067.0,58.0,359.729,194803265619.0
560.351,75.0,90252.0,5067.0,58.0,342.603,194803300676.0
560.462,71.0,90252.0,5067.0,58.0,341.243,194803333152.0
560.551,71.0,90252.0,5067.0,58.0,339.197,194803333152.0
560.651,73.0,90252.0,5067.0,57.0,335.826,194803365327.0
560.754,73.0,90252.0,5067.0,57.0,331.103,194803396404.0
560.851,70.0,90252.0,5067.0,56.0,321.766,194803424128.0
560.951,70.0,90252.0,5067.0,56.0,306.938,194803475821.0
561.051,71.0,90252.0,5067.0,55.0,295.595,194803498861.0
561.168,71.0,90252.0,5067.0,55.0,289.901,194803525129.0
561.251,69.0,90252.0,5067.0,55.0,282.006,194803548913.0
561.350,69.0,90252.0,5067.0,54.0,271.232,194803578259.0
561.451,69.0,90252.0,5067.0,54.0,261.807,194803601625.0
561.556,69.0,90252.0,5067.0,54.0,255.266,194803623602.0
561.652,69.0,90252.0,5067.0,54.0,251.299,194803650077.0
561.751,69.0,90252.0,5067.0,53.0,244.211,194803670189.0
561.861,65.0,90252.0,5067.0,53.0,240.684,194803691266.0
561.951,65.0,90252.0,5067.0,53.0,248.888,194803721532.0
562.065,65.0,90252.0,5067.0,53.0,246.226,194803742524.0
562.150,65.0,90252.0,5067.0,53.0,248.285,194803771137.0
562.252,63.0,90252.0,5067.0,52.0,243.034,194803794881.0
562.350,63.0,90252.0,5067.0,52.0,236.759,194803817907.0
562.453,1.0,90252.0,5067.0,51.0,227.726,194803832903.0
562.550,1.0,90252.0,5067.0,51.0,216.619,194803845766.0
562.661,1.0,90252.0,5067.0,51.0,216.619,194803858536.0
562.751,0.0,90252.0,5067.0,51.0,206.973,194803858536.0
562.851,0.0,90252.0,5067.0,50.0,198.377,194803871363.0
562.962,6.0,90252.0,5067.0,52.0,191.397,194803920119.0
563.051,6.0,90252.0,5067.0,59.0,220.879,194803990979.0
563.151,100.0,90252.0,5067.0,62.0,265.404,194804059574.0
563.259,100.0,90252.0,5067.0,63.0,308.337,194804130472.0
563.350,100.0,90252.0,5067.0,65.0,352.855,194804197640.0
563.450,100.0,90252.0,5067.0,66.0,399.275,194804261435.0
563.567,92.0,90252.0,5067.0,66.0,454.908,194804329974.0
563.655,92.0,90252.0,5067.0,67.0,505.672,194804400415.0
563.752,100.0,90252.0,5067.0,68.0,614.611,194804468423.0
563.850,100.0,90252.0,5067.0,68.0,674.689,194804538291.0
563.956,100.0,90252.0,5067.0,69.0,679.438,194804602274.0
564.051,100.0,90252.0,5067.0,69.0,678.417,194804667531.0
564.150,100.0,90252.0,5067.0,69.0,675.742,194804736200.0
564.262,100.0,90252.0,5067.0,69.0,675.518,194804805152.0
564.351,100.0,90252.0,5067.0,69.0,675.518,194804864441.0
564.450,100.0,90252.0,5067.0,64.0,650.379,194804864441.0
564.568,72.0,90252.0,5067.0,62.0,626.172,194804902583.0
564.651,72.0,90252.0,5067.0,61.0,595.435,194804937458.0
564.752,75.0,90252.0,5067.0,60.0,560.636,194805004642.0
564.867,75.0,90252.0,5067.0,60.0,520.303,194805039511.0
564.952,76.0,90252.0,5067.0,59.0,488.202,194805068236.0
565.051,76.0,90252.0,5067.0,59.0,460.547,194805102571.0
565.151,74.0,90252.0,5067.0,59.0,428.032,194805136073.0
565.251,74.0,90252.0,5067.0,58.0,392.827,194805170115.0
565.351,74.0,90252.0,5067.0,58.0,356.882,194805197887.0
565.462,74.0,90252.0,5067.0,57.0,333.669,194805230507.0
565.551,73.0,90252.0,5067.0,58.0,330.865,194805265831.0
565.651,73.0,90252.0,5067.0,57.0,324.323,194805293508.0
565.751,73.0,90252.0,5067.0,57.0,322.665,194805329464.0
565.851,73.0,90252.0,5067.0,57.0,320.924,194805355088.0
565.955,72.0,90252.0,5067.0,56.0,300.788,194805375224.0
566.051,66.0,90252.0,5067.0,55.0,295.238,194805400579.0
566.151,66.0,90252.0,5067.0,55.0,298.75,194805432281.0
566.251,69.0,90252.0,5067.0,55.0,292.436,194805466681.0
566.351,69.0,90252.0,5067.0,54.0,289.312,194805492185.0
566.451,69.0,90252.0,5067.0,54.0,276.779,194805514099.0
566.551,69.0,90252.0,5067.0,54.0,264.859,194805536060.0
566.663,69.0,90252.0,5067.0,54.0,264.859,194805556712.0
566.752,66.0,90252.0,5067.0,53.0,256.648,194805556712.0
566.851,66.0,90252.0,5067.0,53.0,249.081,194805579551.0
566.968,64.0,90252.0,5067.0,53.0,248.793,194805601604.0
567.052,64.0,90252.0,5067.0,53.0,244.73,194805623700.0
567.151,63.0,90252.0,5067.0,53.0,242.925,194805668311.0
567.263,63.0,90252.0,5067.0,52.0,230.529,194805690937.0
567.352,63.0,90252.0,5067.0,52.0,223.63,194805709401.0
567.451,63.0,90252.0,5067.0,51.0,209.791,194805722284.0
567.559,0.0,90252.0,5067.0,51.0,202.553,194805735142.0
567.652,0.0,90252.0,5067.0,51.0,194.118,194805747945.0
567.750,0.0,90252.0,5067.0,50.0,183.447,194805760740.0
567.858,0.0,90252.0,5067.0,52.0,181.248,194805791005.0
567.951,71.0,90252.0,5067.0,59.0,220.545,194805858757.0
568.051,71.0,90252.0,5067.0,62.0,265.659,194805925659.0
568.152,100.0,90252.0,5067.0,64.0,308.437,194805995180.0
568.250,100.0,90252.0,5067.0,64.0,355.104,194806064180.0
568.367,100.0,90252.0,5067.0,66.0,453.502,194806128557.0
568.461,100.0,90252.0,5067.0,67.0,510.263,194806195927.0
568.551,100.0,90252.0,5067.0,67.0,558.022,194806265422.0
568.651,100.0,90252.0,5067.0,68.0,612.834,194806332987.0
568.767,100.0,90252.0,5067.0,68.0,671.001,194806402310.0
568.856,93.0,90252.0,5067.0,68.0,676.935,194806470228.0
568.952,93.0,90252.0,5067.0,68.0,676.935,194806535179.0
569.051,93.0,90252.0,5067.0,69.0,678.159,194806535179.0
569.164,100.0,90252.0,5067.0,69.0,679.607,194806603691.0
569.250,100.0,90252.0,5067.0,64.0,643.976,194806664238.0
569.351,73.0,90252.0,5067.0,62.0,612.448,194806731285.0
569.469,73.0,90252.0,5067.0,61.0,583.474,194806769419.0
569.560,75.0,90252.0,5067.0,60.0,557.014,194806806354.0
569.657,75.0,90252.0,5067.0,59.0,518.674,194806834156.0
569.753,75.0,90252.0,5067.0,59.0,478.322,194806867040.0
569.851,75.0,90252.0,5067.0,59.0,447.432,194806900427.0
569.952,74.0,90252.0,5067.0,59.0,417.071,194806934754.0
570.051,74.0,90252.0,5067.0,58.0,379.209,194806963479.0
570.156,72.0,90252.0,5067.0,58.0,343.127,194806995686.0
570.251,72.0,90252.0,5067.0,57.0,331.097,194807028360.0
570.351,74.0,90252.0,5067.0,57.0,334.186,194807059908.0
570.451,74.0,90252.0,5067.0,57.0,326.188,194807090896.0
570.566,71.0,90252.0,5067.0,57.0,312.173,194807113359.0
570.651,71.0,90252.0,5067.0,56.0,302.149,194807134186.0
570.751,72.0,90252.0,5067.0,56.0,295.099,194807159254.0
570.854,72.0,90252.0,5067.0,55.0,283.986,194807179804.0
570.956,68.0,90252.0,5067.0,55.0,280.649,194807210483.0
571.051,68.0,90252.0,5067.0,55.0,276.344,194807239228.0
571.150,69.0,90252.0,5067.0,54.0,275.079,194807265562.0
571.264,69.0,90252.0,5067.0,54.0,265.654,194807287261.0
571.354,69.0,90252.0,5067.0,54.0,255.223,194807311470.0
571.451,69.0,90252.0,5067.0,53.0,244.973,194807311470.0
571.551,68.0,90252.0,5067.0,53.0,239.433,194807331938.0
571.651,68.0,90252.0,5067.0,53.0,237.675,194807352352.0
571.763,63.0,90252.0,5067.0,53.0,241.649,194807397833.0
571.854,63.0,90252.0,5067.0,52.0,237.489,194807420371.0
571.951,63.0,90252.0,5067.0,52.0,230.642,194807440258.0
572.050,63.0,90252.0,5067.0,51.0,219.157,194807453388.0
572.151,0.0,90252.0,5067.0,51.0,202.134,194807466378.0
572.261,0.0,90252.0,5067.0,51.0,192.406,194807479389.0
572.351,0.0,90252.0,5067.0,50.0,184.547,194807492482.0
572.451,0.0,90252.0,5067.0,50.0,176.208,194807509058.0
572.550,36.0,90252.0,5067.0,56.0,194.336,194807562219.0
572.661,36.0,90252.0,5067.0,60.0,242.415,194807631276.0
572.753,100.0,90252.0,5067.0,63.0,284.449,194807701002.0
572.851,100.0,90252.0,5067.0,64.0,330.437,194807769995.0
572.952,100.0,90252.0,5067.0,65.0,375.769,194807837779.0
573.052,100.0,90252.0,5067.0,63.0,421.001,194807899277.0
573.151,90.0,90252.0,5067.0,67.0,539.752,194807968571.0
573.255,100.0,90252.0,5067.0,68.0,593.669,194808037672.0
573.360,100.0,90252.0,5067.0,68.0,650.757,194808106163.0
573.451,100.0,90252.0,5067.0,68.0,650.757,194808106163.0
573.551,100.0,90252.0,5067.0,69.0,673.683,194808174974.0
573.651,100.0,90252.0,5067.0,69.0,669.055,194808235306.0
573.783,100.0,90252.0,5067.0,69.0,672.441,194808363711.0
573.855,100.0,90252.0,5067.0,63.0,640.819,194808398190.0
573.951,72.0,90252.0,5067.0,62.0,603.993,194808426273.0
574.051,72.0,90252.0,5067.0,61.0,570.249,194808458409.0
574.169,75.0,90252.0,5067.0,60.0,533.534,194808485191.0
574.253,75.0,90252.0,5067.0,59.0,494.928,194808523949.0
574.352,75.0,90252.0,5067.0,59.0,457.894,194808551131.0
574.466,75.0,90252.0,5067.0,59.0,424.58,194808586212.0
574.553,75.0,90252.0,5067.0,58.0,394.644,194808619706.0
574.651,75.0,90252.0,5067.0,58.0,363.534,194808651396.0
574.761,74.0,90252.0,5067.0,58.0,327.999,194808683484.0
574.851,74.0,90252.0,5067.0,57.0,315.655,194808716975.0
574.950,73.0,90252.0,5067.0,57.0,318.261,194808746834.0
575.056,73.0,90252.0,5067.0,57.0,320.109,194808779179.0
575.150,72.0,90252.0,5067.0,57.0,318.877,194808812211.0
575.267,72.0,90252.0,5067.0,56.0,329.494,194808851680.0
575.351,73.0,90252.0,5067.0,56.0,323.481,194808876477.0
575.451,73.0,90252.0,5067.0,56.0,322.181,194808904386.0
575.550,69.0,90252.0,5067.0,55.0,311.353,194808929474.0
575.662,69.0,90252.0,5067.0,55.0,309.322,194808929474.0
575.750,70.0,90252.0,5067.0,54.0,295.107,194808955226.0
575.850,70.0,90252.0,5067.0,54.0,282.221,194808974251.0
575.958,68.0,90252.0,5067.0,54.0,276.467,194809022236.0
576.050,68.0,90252.0,5067.0,53.0,268.167,194809046871.0
576.163,67.0,90252.0,5067.0,53.0,266.664,194809071968.0
576.250,67.0,90252.0,5067.0,53.0,242.964,194809088181.0
576.351,65.0,90252.0,5067.0,53.0,235.501,194809110436.0
576.459,65.0,90252.0,5067.0,52.0,229.107,194809131569.0
576.551,65.0,90252.0,5067.0,52.0,223.29,194809154168.0
576.651,65.0,90252.0,5067.0,52.0,217.083,194809173587.0
576.752,64.0,90252.0,5067.0,52.0,220.063,194809196747.0
576.851,64.0,90252.0,5067.0,52.0,223.333,194809220646.0
576.951,63.0,90252.0,5067.0,52.0,218.547,194809241162.0
577.052,63.0,90252.0,5067.0,52.0,220.192,194809264650.0
577.151,64.0,90252.0,5067.0,52.0,213.439,194809286266.0
577.267,64.0,90252.0,5067.0,52.0,216.739,194809308463.0
577.352,64.0,90252.0,5067.0,52.0,222.519,194809333923.0
577.451,64.0,90252.0,5067.0,51.0,219.875,194809348004.0
577.551,0.0,90252.0,5067.0,50.0,217.606,194809375882.0
577.651,100.0,90252.0,5067.0,59.0,296.982,194809441445.0
577.751,100.0,90252.0,5067.0,63.0,351.996,194809509654.0
577.860,94.0,90252.0,5067.0,58.0,360.385,194809578505.0
577.952,94.0,90252.0,5067.0,58.0,360.385,194809578505.0
578.051,94.0,90252.0,5067.0,56.0,363.959,194809604133.0
578.151,68.0,90252.0,5067.0,55.0,359.62,194809625636.0
578.265,68.0,90252.0,5067.0,55.0,365.702,194809676294.0
578.357,70.0,90252.0,5067.0,54.0,369.114,194809700613.0
578.451,70.0,90252.0,5067.0,54.0,367.519,194809718875.0
578.552,70.0,90252.0,5067.0,54.0,377.075,194809747010.0
578.651,70.0,90252.0,5067.0,54.0,356.186,194809774088.0
578.765,68.0,90252.0,5067.0,53.0,304.468,194809802482.0
578.854,68.0,90252.0,5067.0,53.0,262.655,194809825089.0
578.951,69.0,90252.0,5067.0,53.0,241.126,194809845858.0
579.051,69.0,90252.0,5067.0,53.0,239.527,194809866327.0
579.168,69.0,90252.0,5067.0,53.0,245.479,194809891034.0
579.252,69.0,90252.0,5067.0,53.0,236.868,194809907905.0
579.351,69.0,90252.0,5067.0,52.0,224.47,194809926899.0
579.451,69.0,90252.0,5067.0,52.0,227.706,194809946406.0
579.569,68.0,90252.0,5067.0,52.0,222.804,194809967972.0
579.651,68.0,90252.0,5067.0,52.0,222.288,194809995134.0
579.756,66.0,90252.0,5067.0,52.0,224.615,194810020330.0
579.860,66.0,90252.0,5067.0,52.0,215.997,194810038103.0
579.951,68.0,90252.0,5067.0,52.0,213.172,194810058076.0
580.054,65.0,90252.0,5067.0,51.0,214.094,194810082696.0
580.155,65.0,90252.0,5067.0,51.0,217.292,194810106153.0
580.251,65.0,90252.0,5067.0,51.0,217.292,194810106153.0
580.351,64.0,90252.0,5067.0,51.0,223.717,194810126991.0
580.451,64.0,90252.0,5067.0,51.0,223.717,194810148435.0
580.550,64.0,90252.0,5067.0,51.0,223.285,194810191328.0
580.659,64.0,90252.0,5067.0,51.0,222.395,194810213130.0
580.752,40.0,90252.0,5067.0,50.0,210.532,194810226170.0
580.851,40.0,90252.0,5067.0,50.0,201.672,194810239093.0
580.952,0.0,90252.0,5067.0,50.0,198.629,194810252024.0
581.062,0.0,90252.0,5067.0,49.0,188.105,194810264943.0
581.151,0.0,90252.0,5067.0,49.0,176.838,194810277866.0
581.250,0.0,90252.0,5067.0,49.0,167.483,194810290759.0
581.350,0.0,90252.0,5067.0,49.0,160.175,194810303679.0
581.450,0.0,90252.0,5067.0,49.0,150.549,194810316529.0
581.559,0.0,90252.0,5067.0,49.0,142.478,194810329418.0
581.652,0.0,90252.0,5067.0,49.0,133.805,194810342274.0
581.752,0.0,90252.0,5067.0,49.0,129.088,194810355169.0
581.851,0.0,90252.0,5067.0,48.0,129.084,194810367999.0
581.949,0.0,90252.0,5067.0,48.0,128.967,194810380872.0
582.063,0.0,90252.0,5067.0,48.0,128.927,194810393678.0
582.151,0.0,90252.0,5067.0,48.0,128.808,194810406535.0
582.251,0.0,90252.0,5067.0,48.0,128.686,194810419300.0
582.370,0.0,90252.0,5067.0,48.0,128.556,194810432161.0
582.457,0.0,90252.0,5067.0,48.0,128.491,194810444919.0
582.551,0.0,90252.0,5067.0,48.0,128.41,194810457757.0
582.651,0.0,90252.0,5067.0,48.0,128.373,194810470559.0
582.753,0.0,90252.0,5067.0,48.0,128.289,194810483431.0
582.851,0.0,90252.0,5067.0,48.0,128.339,194810496278.0
582.963,0.0,90252.0,5067.0,48.0,128.28,194810496278.0
583.052,0.0,90252.0,5067.0,48.0,128.243,194810509114.0
583.151,0.0,90252.0,5067.0,48.0,128.196,194810521884.0
583.260,0.0,90252.0,5067.0,48.0,128.222,194810534682.0
583.349,0.0,90252.0,5067.0,48.0,128.137,194810560229.0
583.451,0.0,90252.0,5067.0,48.0,128.199,194810573039.0
583.551,0.0,90252.0,5067.0,48.0,128.168,194810585855.0
583.651,0.0,90252.0,5067.0,48.0,128.147,194810598614.0
583.751,0.0,90252.0,5067.0,48.0,128.064,194810611400.0
583.849,0.0,90252.0,5067.0,48.0,128.058,194810624243.0
583.951,0.0,90252.0,5067.0,48.0,127.997,194810636984.0
584.065,0.0,90252.0,5067.0,48.0,127.968,194810649788.0
584.151,0.0,90252.0,5067.0,48.0,127.943,194810662532.0
584.268,0.0,90252.0,5067.0,48.0,127.949,194810675338.0
584.351,0.0,90252.0,5067.0,48.0,127.905,194810688065.0
584.452,0.0,90252.0,5067.0,48.0,127.889,194810700876.0
584.561,0.0,90252.0,5067.0,48.0,127.811,194810713602.0
584.651,0.0,90252.0,5067.0,48.0,127.865,194810726428.0
584.770,0.0,90252.0,5067.0,48.0,127.818,194810739172.0
584.856,0.0,90252.0,5067.0,48.0,127.786,194810751989.0
584.951,0.0,90252.0,5067.0,48.0,127.802,194810764751.0
585.058,0.0,90252.0,5067.0,47.0,127.771,194810777539.0
585.152,0.0,90252.0,5067.0,47.0,127.754,194810790274.0
585.262,0.0,90252.0,5067.0,47.0,127.713,194810803038.0
585.351,0.0,90252.0,5067.0,47.0,127.739,194810815776.0
585.452,0.0,90252.0,5067.0,47.0,127.732,194810828551.0
585.552,0.0,90252.0,5067.0,47.0,127.629,194810841306.0
585.651,0.0,90252.0,5067.0,47.0,127.657,194810841306.0
585.749,0.0,90252.0,5067.0,47.0,127.573,194810854048.0
585.851,0.0,90252.0,5067.0,47.0,127.612,194810866796.0
585.951,0.0,90252.0,5067.0,47.0,127.572,194810879549.0
586.056,0.0,90252.0,5067.0,47.0,127.63,194810905072.0
586.151,0.0,90252.0,5067.0,47.0,127.597,194810917865.0
586.251,0.0,90252.0,5067.0,47.0,127.672,194810930598.0
586.351,0.0,90252.0,5067.0,47.0,127.664,194810943414.0
586.471,0.0,90252.0,5067.0,47.0,127.672,194810956145.0
586.558,0.0,90252.0,5067.0,47.0,127.665,194810968934.0
586.652,0.0,90252.0,5067.0,47.0,127.676,194810981635.0
586.751,0.0,90252.0,5067.0,47.0,127.69,194810994420.0
586.865,0.0,90252.0,5067.0,47.0,127.704,194811007136.0
586.951,0.0,90252.0,5067.0,47.0,127.722,194811019958.0
587.051,0.0,90252.0,5067.0,47.0,127.71,194811032691.0
587.154,0.0,90252.0,5067.0,47.0,127.719,194811045501.0
587.250,0.0,90252.0,5067.0,47.0,127.669,194811058230.0
587.358,0.0,90252.0,5067.0,47.0,127.671,194811071018.0
587.449,0.0,90252.0,5067.0,47.0,127.646,194811083695.0
587.550,0.0,90252.0,5067.0,47.0,127.713,194811096563.0
587.659,0.0,90252.0,5067.0,47.0,127.653,194811109212.0
587.751,0.0,90252.0,5067.0,47.0,127.653,194811121958.0
588.140,0.0,90252.0,5067.0,47.0,127.519,194811160179.0
588.145,0.0,90252.0,5067.0,47.0,127.522,194811172903.0
588.255,0.0,90252.0,5067.0,47.0,127.491,194811185645.0
588.346,0.0,90252.0,5067.0,47.0,127.548,194811198390.0
588.445,0.0,90252.0,5067.0,47.0,127.548,194811211128.0
588.545,0.0,90252.0,5067.0,47.0,127.445,194811211128.0
588.646,0.0,90252.0,5067.0,47.0,127.49,194811223839.0
588.745,0.0,90252.0,5067.0,47.0,127.45,194811236629.0
588.845,0.0,90252.0,5067.0,47.0,127.486,194811249331.0
588.958,0.0,90252.0,5067.0,47.0,127.445,194811274804.0
589.046,0.0,90252.0,5067.0,47.0,127.47,194811287594.0
589.146,0.0,90252.0,5067.0,47.0,127.469,194811300280.0
589.247,0.0,90252.0,5067.0,47.0,127.468,194811313028.0
589.348,0.0,90252.0,5067.0,47.0,127.396,194811325659.0
589.446,0.0,90252.0,5067.0,47.0,127.384,194811338423.0
589.546,0.0,90252.0,5067.0,47.0,127.38,194811351096.0
589.644,0.0,90252.0,5067.0,47.0,127.38,194811351096.0
589.745,0.0,90252.0,5067.0,47.0,127.278,194811376495.0
589.845,0.0,90252.0,5067.0,47.0,127.268,194811389286.0
589.947,0.0,90252.0,5067.0,47.0,127.275,194811401971.0
590.045,0.0,90252.0,5067.0,47.0,127.201,194811414701.0
590.146,0.0,90252.0,5067.0,47.0,127.205,194811427404.0
590.250,0.0,90252.0,5067.0,47.0,127.167,194811440139.0
590.345,0.0,90252.0,5067.0,47.0,127.221,194811452826.0
590.445,0.0,90252.0,5067.0,47.0,127.183,194811465588.0
590.546,0.0,90252.0,5067.0,47.0,127.257,194811478335.0
590.645,0.0,90252.0,5067.0,47.0,127.239,194811491055.0
590.752,0.0,90252.0,5067.0,47.0,127.325,194811503794.0
590.844,0.0,90252.0,5067.0,47.0,127.271,194811516509.0
590.945,0.0,90252.0,5067.0,47.0,127.277,194811529247.0
591.045,0.0,90252.0,5067.0,47.0,127.332,194811541986.0
591.143,0.0,90252.0,5067.0,47.0,127.332,194811541986.0
591.256,0.0,90252.0,5067.0,47.0,127.309,194811554679.0
591.344,0.0,90252.0,5067.0,47.0,127.283,194811567370.0
591.444,0.0,90252.0,5067.0,47.0,127.271,194811580074.0
591.545,0.0,90252.0,5067.0,47.0,127.311,194811592776.0
591.647,0.0,90252.0,5067.0,47.0,127.297,194811618246.0
591.745,0.0,90252.0,5067.0,47.0,127.301,194811630998.0
591.845,0.0,90252.0,5067.0,47.0,127.306,194811643686.0
591.947,0.0,90252.0,5067.0,47.0,127.306,194811656442.0
592.044,0.0,90252.0,5067.0,47.0,127.306,194811656442.0
592.150,0.0,90252.0,5067.0,47.0,127.342,194811681897.0
592.245,0.0,90252.0,5067.0,47.0,127.322,194811694552.0
592.345,0.0,90252.0,5067.0,47.0,127.337,194811707297.0
592.445,0.0,90252.0,5067.0,47.0,127.299,194811719963.0
592.545,0.0,90252.0,5067.0,47.0,127.299,194811732729.0
592.660,0.0,90252.0,5067.0,47.0,127.281,194811745398.0
592.750,0.0,90252.0,5067.0,47.0,127.298,194811758178.0
592.846,0.0,90252.0,5067.0,47.0,127.239,194811770850.0
592.946,0.0,90252.0,5067.0,47.0,127.182,194811783567.0
593.045,0.0,90252.0,5067.0,47.0,127.173,194811796212.0
593.145,0.0,90252.0,5067.0,47.0,127.173,194811808965.0
593.248,0.0,90252.0,5067.0,47.0,127.167,194811821615.0
593.345,0.0,90252.0,5067.0,47.0,127.137,194811834339.0
593.458,0.0,90252.0,5067.0,47.0,127.138,194811847030.0
593.545,0.0,90252.0,5067.0,47.0,127.085,194811859737.0
593.645,0.0,90252.0,5067.0,47.0,127.099,194811872447.0
593.745,0.0,90252.0,5067.0,47.0,127.075,194811885196.0
593.851,0.0,90252.0,5067.0,47.0,127.082,194811897914.0
593.946,0.0,90252.0,5067.0,47.0,127.111,194811910610.0
594.045,0.0,90252.0,5067.0,47.0,127.107,194811910610.0
594.145,0.0,90252.0,5067.0,47.0,127.031,194811923286.0
594.245,0.0,90252.0,5067.0,47.0,127.06,194811935947.0
594.356,0.0,90252.0,5067.0,47.0,127.061,194811948631.0
594.445,0.0,90252.0,5067.0,47.0,127.097,194811974049.0
594.545,0.0,90252.0,5067.0,47.0,127.067,194811986716.0
594.648,0.0,90252.0,5067.0,47.0,127.075,194811999428.0
594.745,0.0,90252.0,5067.0,47.0,126.967,194812012063.0
594.860,0.0,90252.0,5067.0,47.0,126.969,194812024786.0
594.945,0.0,90252.0,5067.0,47.0,126.937,194812037437.0
595.046,0.0,90252.0,5067.0,47.0,126.996,194812050209.0
595.145,0.0,90252.0,5067.0,47.0,127.022,194812062852.0
595.246,0.0,90252.0,5067.0,47.0,127.044,194812075601.0
595.346,0.0,90252.0,5067.0,47.0,126.973,194812088209.0
595.445,0.0,90252.0,5067.0,47.0,126.996,194812100983.0
595.545,0.0,90252.0,5067.0,47.0,127.019,194812113662.0
595.646,0.0,90252.0,5067.0,47.0,127.018,194812126387.0
595.745,0.0,90252.0,5067.0,47.0,127.055,194812139048.0
595.861,0.0,90252.0,5067.0,47.0,127.105,194812151820.0
595.946,0.0,90252.0,5067.0,47.0,127.135,194812164513.0
596.054,0.0,90252.0,5067.0,47.0,127.117,194812177242.0
596.145,0.0,90252.0,5067.0,47.0,127.106,194812189901.0
596.259,0.0,90252.0,5067.0,47.0,127.087,194812202647.0
596.344,0.0,90252.0,5067.0,47.0,127.087,194812202647.0
596.446,0.0,90252.0,5067.0,47.0,127.145,194812228085.0
596.545,0.0,90252.0,5067.0,47.0,127.164,194812240772.0
596.646,0.0,90252.0,5067.0,47.0,127.098,194812253461.0
596.744,0.0,90252.0,5067.0,47.0,127.131,194812253461.0
596.855,0.0,90252.0,5067.0,47.0,127.061,194812266132.0
596.945,0.0,90252.0,5067.0,47.0,127.077,194812278839.0
597.053,0.0,90252.0,5067.0,47.0,127.027,194812291546.0
597.145,0.0,90252.0,5067.0,47.0,127.06,194812316939.0
597.256,0.0,90252.0,5067.0,47.0,127.013,194812329618.0
597.345,0.0,90252.0,5067.0,47.0,127.072,194812342341.0
597.445,0.0,90252.0,5067.0,47.0,126.962,194812354989.0
597.546,0.0,90252.0,5067.0,47.0,126.969,194812367705.0
597.655,0.0,90252.0,5067.0,47.0,126.939,194812380350.0
597.745,0.0,90252.0,5067.0,47.0,126.979,194812393073.0
597.852,0.0,90252.0,5067.0,47.0,126.942,194812405731.0
597.945,0.0,90252.0,5067.0,47.0,126.965,194812418469.0
598.046,0.0,90252.0,5067.0,47.0,126.949,194812431151.0
598.146,0.0,90252.0,5067.0,47.0,126.962,194812443865.0
598.245,0.0,90252.0,5067.0,47.0,126.968,194812456550.0
598.345,0.0,90252.0,5067.0,47.0,126.983,194812469301.0
598.459,0.0,90252.0,5067.0,47.0,127.003,194812481953.0
598.545,0.0,90252.0,5067.0,47.0,126.999,194812494680.0
598.645,0.0,90252.0,5067.0,47.0,127.038,194812507334.0
598.745,0.0,90252.0,5067.0,47.0,126.985,194812520019.0
598.846,0.0,90252.0,5067.0,47.0,126.996,194812532687.0
598.952,0.0,90252.0,5067.0,47.0,126.977,194812545415.0
599.045,0.0,90252.0,5067.0,47.0,126.955,194812558044.0
599.158,0.0,90252.0,5067.0,47.0,126.943,194812570780.0
599.246,0.0,90252.0,5067.0,47.0,126.932,194812583409.0
599.357,0.0,90252.0,5067.0,47.0,126.898,194812596113.0
599.445,0.0,90252.0,5067.0,47.0,126.898,194812608795.0
599.545,0.0,90252.0,5067.0,47.0,126.9,194812608795.0
599.650,0.0,90252.0,5067.0,47.0,126.93,194812621506.0
599.745,0.0,90252.0,5067.0,47.0,126.947,194812646925.0
599.857,0.0,90252.0,5067.0,47.0,126.976,194812659591.0
599.946,0.0,90252.0,5067.0,47.0,126.898,194812672259.0
600.046,0.0,90252.0,5067.0,47.0,126.958,194812684956.0
600.146,0.0,90252.0,5067.0,47.0,126.928,194812697648.0
600.245,0.0,90252.0,5067.0,47.0,126.953,194812710305.0
600.346,0.0,90252.0,5067.0,47.0,126.934,194812722998.0
600.445,0.0,90252.0,5067.0,47.0,126.918,194812735651.0
600.553,0.0,90252.0,5067.0,47.0,126.881,194812748357.0
600.646,0.0,90252.0,5067.0,47.0,126.9,194812761061.0
600.758,0.0,90252.0,5067.0,47.0,126.916,194812773749.0
600.845,0.0,90252.0,5067.0,47.0,126.869,194812786399.0
600.945,0.0,90252.0,5067.0,47.0,126.859,194812799044.0
601.054,0.0,90252.0,5067.0,47.0,126.853,194812811746.0
601.146,0.0,90252.0,5067.0,47.0,126.788,194812824348.0
601.257,0.0,90252.0,5067.0,46.0,126.763,194812836983.0
601.345,0.0,90252.0,5067.0,46.0,126.666,194812849560.0
601.445,0.0,90252.0,5067.0,46.0,126.625,194812862208.0
601.556,0.0,90252.0,5067.0,46.0,126.563,194812874784.0
601.646,0.0,90252.0,5067.0,46.0,126.427,194812887390.0
601.746,0.0,90252.0,5067.0,46.0,126.274,194812899922.0
601.851,0.0,90252.0,5067.0,46.0,126.208,194812912532.0
601.946,0.0,90252.0,5067.0,46.0,126.118,194812925092.0
602.055,0.0,90252.0,5067.0,46.0,126.029,194812937718.0
602.146,0.0,90252.0,5067.0,46.0,125.944,194812950221.0
602.245,0.0,90252.0,5067.0,46.0,125.888,194812950221.0
602.347,0.0,90252.0,5067.0,46.0,125.913,194812962840.0
602.446,0.0,90252.0,5067.0,46.0,125.865,194812975428.0
602.556,0.0,90252.0,5067.0,46.0,125.823,194812988022.0
602.645,0.0,90252.0,5067.0,46.0,125.82,194813013172.0
602.745,0.0,90252.0,5067.0,46.0,125.872,194813025711.0
602.848,0.0,90252.0,5067.0,46.0,125.853,194813038342.0
602.945,0.0,90252.0,5067.0,46.0,125.882,194813050891.0
603.045,0.0,90252.0,5067.0,46.0,125.828,194813063497.0
603.146,0.0,90252.0,5067.0,46.0,125.907,194813076079.0
603.246,0.0,90252.0,5067.0,46.0,125.933,194813088729.0
603.352,0.0,90252.0,5067.0,46.0,125.945,194813101320.0
603.445,0.0,90252.0,5067.0,46.0,125.921,194813113900.0
603.545,0.0,90252.0,5067.0,46.0,125.956,194813126458.0
603.646,0.0,90252.0,5067.0,46.0,125.981,194813139090.0
603.746,0.0,90252.0,5067.0,46.0,125.991,194813151654.0
603.858,0.0,90252.0,5067.0,46.0,125.953,194813164212.0
603.950,0.0,90252.0,5067.0,46.0,125.977,194813176797.0
604.046,0.0,90252.0,5067.0,46.0,125.984,194813189390.0
604.146,0.0,90252.0,5067.0,46.0,125.975,194813201959.0
604.245,0.0,90252.0,5067.0,46.0,125.906,194813214571.0
604.346,0.0,90252.0,5067.0,46.0,125.883,194813227132.0
604.451,0.0,90252.0,5067.0,46.0,125.901,194813239733.0
604.546,0.0,90252.0,5067.0,46.0,125.949,194813252366.0
604.655,0.0,90252.0,5067.0,46.0,125.943,194813264943.0
604.746,0.0,90252.0,5067.0,46.0,125.978,194813277561.0
604.855,0.0,90252.0,5067.0,46.0,126.012,194813290166.0
604.946,0.0,90252.0,5067.0,46.0,126.012,194813302744.0
605.045,0.0,90252.0,5067.0,46.0,126.018,194813302744.0
605.146,0.0,90252.0,5067.0,46.0,125.997,194813315296.0
605.246,0.0,90252.0,5067.0,46.0,126.013,194813327899.0
605.346,0.0,90252.0,5067.0,46.0,126.041,194813340458.0
605.446,0.0,90252.0,5067.0,46.0,126.021,194813365637.0
605.545,0.0,90252.0,5067.0,46.0,125.989,194813378221.0
605.653,0.0,90252.0,5067.0,46.0,125.945,194813390773.0
605.745,0.0,90252.0,5067.0,46.0,125.942,194813403391.0
605.855,0.0,90252.0,5067.0,46.0,125.916,194813415949.0
605.946,0.0,90252.0,5067.0,46.0,125.901,194813428547.0
606.046,0.0,90252.0,5067.0,46.0,125.909,194813441069.0
606.158,0.0,90252.0,5067.0,46.0,125.857,194813453664.0
606.246,0.0,90252.0,5067.0,46.0,125.828,194813466189.0
606.346,0.0,90252.0,5067.0,46.0,125.789,194813478778.0
606.445,0.0,90252.0,5067.0,46.0,125.79,194813491361.0
606.554,0.0,90252.0,5067.0,46.0,125.799,194813503972.0
606.646,0.0,90252.0,5067.0,46.0,125.828,194813516532.0
606.746,0.0,90252.0,5067.0,46.0,125.809,194813529147.0
606.856,0.0,90252.0,5067.0,46.0,125.783,194813541693.0
606.950,0.0,90252.0,5067.0,46.0,125.85,194813554355.0
607.046,0.0,90252.0,5067.0,46.0,125.884,194813566907.0
607.146,0.0,90252.0,5067.0,46.0,125.903,194813579535.0
607.258,0.0,90252.0,5067.0,46.0,125.909,194813592066.0
607.346,0.0,90252.0,5067.0,46.0,125.911,194813604649.0
607.446,0.0,90252.0,5067.0,46.0,125.87,194813617175.0
607.546,0.0,90252.0,5067.0,46.0,125.858,194813629763.0
607.662,0.0,90252.0,5067.0,46.0,125.854,194813642326.0
607.753,0.0,90252.0,5067.0,46.0,125.854,194813654937.0
607.846,0.0,90252.0,5067.0,46.0,125.852,194813654937.0
607.945,0.0,90252.0,5067.0,46.0,125.848,194813667491.0
608.045,0.0,90252.0,5067.0,46.0,125.764,194813680050.0
608.149,0.0,90252.0,5067.0,46.0,125.698,194813692617.0
608.247,0.0,90252.0,5067.0,46.0,125.766,194813717756.0
608.346,0.0,90252.0,5067.0,46.0,125.805,194813730342.0
608.446,0.0,90252.0,5067.0,46.0,125.845,194813742933.0
608.549,0.0,90252.0,5067.0,46.0,125.85,194813755515.0
608.646,0.0,90252.0,5067.0,46.0,125.866,194813768105.0
608.746,0.0,90252.0,5067.0,46.0,125.852,194813780682.0
608.853,0.0,90252.0,5067.0,46.0,125.882,194813793298.0
608.946,0.0,90252.0,5067.0,46.0,125.91,194813805857.0
609.046,0.0,90252.0,5067.0,46.0,125.949,194813818482.0
609.146,0.0,90252.0,5067.0,46.0,125.945,194813831041.0
609.254,0.0,90252.0,5067.0,46.0,125.941,194813843629.0
609.347,0.0,90252.0,5067.0,46.0,125.935,194813856190.0
609.446,0.0,90252.0,5067.0,46.0,125.93,194813868802.0
609.544,0.0,90252.0,5067.0,46.0,125.885,194813881312.0
609.646,0.0,90252.0,5067.0,46.0,125.922,194813893950.0
609.752,0.0,90252.0,5067.0,46.0,125.856,194813906465.0
609.845,0.0,90252.0,5067.0,46.0,125.814,194813919032.0
609.945,0.0,90252.0,5067.0,46.0,125.811,194813931593.0
610.046,0.0,90252.0,5067.0,46.0,125.824,194813944225.0
610.155,0.0,90252.0,5067.0,46.0,125.819,194813956766.0
610.245,0.0,90252.0,5067.0,46.0,125.853,194813969386.0
610.345,0.0,90252.0,5067.0,46.0,125.792,194813981890.0
610.444,0.0,90252.0,5067.0,46.0,125.792,194813981890.0
610.552,0.0,90252.0,5067.0,46.0,125.766,194813994480.0
610.645,0.0,90252.0,5067.0,46.0,125.757,194814006990.0
610.754,0.0,90252.0,5067.0,46.0,125.736,194814019608.0
610.845,0.0,90252.0,5067.0,46.0,125.836,194814032131.0
610.945,0.0,90252.0,5067.0,46.0,125.813,194814057351.0
611.044,0.0,90252.0,5067.0,46.0,125.813,194814057351.0
611.145,0.0,90252.0,5067.0,46.0,125.765,194814082482.0
611.249,0.0,90252.0,5067.0,46.0,125.754,194814095090.0
611.346,0.0,90252.0,5067.0,46.0,125.763,194814107618.0
611.458,0.0,90252.0,5067.0,46.0,125.776,194814120196.0
611.546,0.0,90252.0,5067.0,46.0,125.779,194814132706.0
611.646,0.0,90252.0,5067.0,46.0,125.765,194814145316.0
611.752,0.0,90252.0,5067.0,46.0,125.786,194814157877.0
611.846,0.0,90252.0,5067.0,46.0,125.789,194814170524.0
611.945,0.0,90252.0,5067.0,46.0,125.794,194814183088.0
612.045,0.0,90252.0,5067.0,46.0,125.734,194814195635.0
612.145,0.0,90252.0,5067.0,46.0,125.751,194814208165.0
612.261,0.0,90252.0,5067.0,46.0,125.725,194814220751.0
612.348,0.0,90252.0,5067.0,46.0,125.778,194814233321.0
612.446,0.0,90252.0,5067.0,46.0,125.762,194814245922.0
612.545,0.0,90252.0,5067.0,46.0,125.797,194814258464.0
612.645,0.0,90252.0,5067.0,46.0,125.811,194814271067.0
612.749,0.0,90252.0,5067.0,46.0,125.806,194814283627.0
612.845,0.0,90252.0,5067.0,46.0,125.775,194814296208.0
612.945,0.0,90252.0,5067.0,46.0,125.709,194814308758.0
613.055,0.0,90252.0,5067.0,46.0,125.718,194814321321.0
613.145,0.0,90252.0,5067.0,46.0,125.718,194814321321.0
613.244,0.0,90252.0,5067.0,46.0,125.688,194814346368.0
613.345,0.0,90252.0,5067.0,46.0,125.633,194814346368.0
613.456,0.0,90252.0,5067.0,46.0,125.606,194814358919.0
613.545,0.0,90252.0,5067.0,46.0,125.634,194814371474.0
613.645,0.0,90252.0,5067.0,46.0,125.609,194814384053.0
613.746,0.0,90252.0,5067.0,46.0,125.623,194814409214.0
613.846,0.0,90252.0,5067.0,46.0,125.633,194814421771.0
613.945,0.0,90252.0,5067.0,46.0,125.71,194814434381.0
614.052,0.0,90252.0,5067.0,46.0,125.696,194814446945.0
614.144,0.0,90252.0,5067.0,46.0,125.736,194814459505.0
614.245,0.0,90252.0,5067.0,46.0,125.793,194814472066.0
614.345,0.0,90252.0,5067.0,46.0,125.823,194814484682.0
614.451,0.0,90252.0,5067.0,46.0,125.814,194814497211.0
614.545,0.0,90252.0,5067.0,46.0,125.808,194814509801.0
614.646,0.0,90252.0,5067.0,46.0,125.81,194814522328.0
614.745,0.0,90252.0,5067.0,46.0,125.816,194814534927.0
614.853,0.0,90252.0,5067.0,46.0,125.778,194814547454.0
614.944,0.0,90252.0,5067.0,46.0,125.778,194814547454.0
615.046,0.0,90252.0,5067.0,46.0,125.792,194814572606.0
615.160,0.0,90252.0,5067.0,46.0,125.819,194814585197.0
615.246,0.0,90252.0,5067.0,46.0,125.825,194814597727.0
615.345,0.0,90252.0,5067.0,46.0,125.796,194814610326.0
615.446,0.0,90252.0,5067.0,46.0,125.823,194814622906.0
615.545,0.0,90252.0,5067.0,46.0,125.841,194814635504.0
615.650,0.0,90252.0,5067.0,46.0,125.829,194814648049.0
615.746,0.0,90252.0,5067.0,46.0,125.88,194814660705.0
615.844,0.0,90252.0,5067.0,46.0,125.88,194814660705.0
615.946,0.0,90252.0,5067.0,46.0,125.838,194814685831.0
616.053,0.0,90252.0,5067.0,46.0,125.838,194814698364.0
616.145,0.0,90252.0,5067.0,46.0,125.855,194814698364.0
616.260,0.0,90252.0,5067.0,46.0,125.883,194814711011.0
616.345,0.0,90252.0,5067.0,46.0,125.857,194814723509.0
616.459,0.0,90252.0,5067.0,46.0,125.884,194814736122.0
616.548,0.0,90252.0,5067.0,46.0,125.846,194814761258.0
616.645,0.0,90252.0,5067.0,46.0,125.843,194814773801.0
616.744,0.0,90252.0,5067.0,46.0,125.816,194814786398.0
616.845,0.0,90252.0,5067.0,46.0,125.819,194814798944.0
616.948,0.0,90252.0,5067.0,46.0,125.812,194814811543.0
617.043,0.0,90252.0,5067.0,46.0,125.812,194814811543.0
617.146,0.0,90252.0,5067.0,46.0,125.79,194814836659.0
617.258,0.0,90252.0,5067.0,46.0,125.818,194814849226.0
617.348,0.0,90252.0,5067.0,46.0,125.801,194814861803.0
617.444,0.0,90252.0,5067.0,46.0,125.779,194814874372.0
617.544,0.0,90252.0,5067.0,46.0,125.801,194814886959.0
617.658,0.0,90252.0,5067.0,46.0,125.781,194814899522.0
617.755,0.0,90252.0,5067.0,46.0,125.732,194814912066.0
617.844,0.0,90252.0,5067.0,46.0,125.735,194814924624.0
617.945,0.0,90252.0,5067.0,46.0,125.697,194814937176.0
618.059,0.0,90252.0,5067.0,46.0,125.733,194814949735.0
618.144,0.0,90252.0,5067.0,46.0,125.733,194814949735.0
618.248,0.0,90252.0,5067.0,46.0,125.688,194814974858.0
618.345,0.0,90252.0,5067.0,46.0,125.683,194814987418.0
618.446,0.0,90252.0,5067.0,46.0,125.716,194815000004.0
618.545,0.0,90252.0,5067.0,46.0,125.705,194815012566.0
618.645,0.0,90252.0,5067.0,46.0,125.696,194815025143.0
618.745,0.0,90252.0,5067.0,46.0,125.693,194815037652.0
618.845,0.0,90252.0,5067.0,46.0,125.659,194815037652.0
618.953,0.0,90252.0,5067.0,46.0,125.633,194815050216.0
619.045,0.0,90252.0,5067.0,46.0,125.669,194815062732.0
619.146,0.0,90252.0,5067.0,46.0,125.652,194815075330.0
619.246,0.0,90252.0,5067.0,46.0,125.685,194815100480.0
619.344,0.0,90252.0,5067.0,46.0,125.685,194815100480.0
619.445,0.0,90252.0,5067.0,46.0,125.651,194815125588.0
619.546,0.0,90252.0,5067.0,46.0,125.583,194815138093.0
619.645,0.0,90252.0,5067.0,46.0,125.623,194815150681.0
619.757,0.0,90252.0,5067.0,46.0,125.582,194815163156.0
619.861,0.0,90252.0,5067.0,46.0,125.643,194815175736.0
619.944,0.0,90252.0,5067.0,46.0,125.663,194815188298.0
620.052,0.0,90252.0,5067.0,46.0,125.646,194815200908.0
620.145,0.0,90252.0,5067.0,46.0,125.638,194815213438.0
620.244,0.0,90252.0,5067.0,46.0,125.67,194815226064.0
620.345,0.0,90252.0,5067.0,46.0,125.649,194815238597.0
620.445,0.0,90252.0,5067.0,46.0,125.688,194815251191.0
620.545,0.0,90252.0,5067.0,46.0,125.723,194815263732.0
620.645,0.0,90252.0,5067.0,46.0,125.764,194815276368.0
620.745,0.0,90252.0,5067.0,46.0,125.772,194815288904.0
620.846,0.0,90252.0,5067.0,46.0,125.798,194815301523.0
620.946,0.0,90252.0,5067.0,46.0,125.746,194815314023.0
621.052,0.0,90252.0,5067.0,46.0,125.776,194815326633.0
621.145,0.0,90252.0,5067.0,46.0,125.769,194815339152.0
621.256,0.0,90252.0,5067.0,46.0,125.764,194815351754.0
621.346,0.0,90252.0,5067.0,46.0,125.756,194815364275.0
621.445,0.0,90252.0,5067.0,46.0,125.765,194815376869.0
621.555,0.0,90252.0,5067.0,46.0,125.765,194815389376.0
621.645,0.0,90252.0,5067.0,46.0,125.724,194815389376.0
621.746,0.0,90252.0,5067.0,46.0,125.697,194815401962.0
621.846,0.0,90252.0,5067.0,46.0,125.715,194815414502.0
621.946,0.0,90252.0,5067.0,46.0,125.684,194815427096.0
622.062,0.0,90252.0,5067.0,46.0,125.73,194815452228.0
622.145,0.0,90252.0,5067.0,46.0,125.7,194815464766.0
622.264,0.0,90252.0,5067.0,46.0,125.701,194815477333.0
622.348,0.0,90252.0,5067.0,46.0,125.656,194815489877.0
622.459,0.0,90252.0,5067.0,46.0,125.647,194815502455.0
622.546,0.0,90252.0,5067.0,46.0,125.697,194815515023.0
622.646,0.0,90252.0,5067.0,46.0,125.722,194815527628.0
622.744,0.0,90252.0,5067.0,46.0,125.722,194815527628.0
622.859,0.0,90252.0,5067.0,46.0,125.722,194815552722.0
622.944,0.0,90252.0,5067.0,46.0,125.695,194815565259.0
623.056,0.0,90252.0,5067.0,46.0,125.712,194815577849.0
623.145,0.0,90252.0,5067.0,46.0,125.734,194815590415.0
623.245,0.0,90252.0,5067.0,46.0,125.746,194815602980.0
623.349,0.0,90252.0,5067.0,46.0,125.734,194815615538.0
623.446,0.0,90252.0,5067.0,46.0,125.756,194815628104.0
623.546,0.0,90252.0,5067.0,46.0,125.741,194815640653.0
623.646,0.0,90252.0,5067.0,46.0,125.689,194815653212.0
623.745,0.0,90252.0,5067.0,46.0,125.694,194815665770.0
623.851,0.0,90252.0,5067.0,46.0,125.702,194815678319.0
623.946,0.0,90252.0,5067.0,46.0,125.708,194815690902.0
624.045,0.0,90252.0,5067.0,46.0,125.69,194815703421.0
624.153,0.0,90252.0,5067.0,46.0,125.692,194815716015.0
624.245,0.0,90252.0,5067.0,46.0,125.715,194815728581.0
624.345,0.0,90252.0,5067.0,46.0,125.742,194815741176.0
624.446,0.0,90252.0,5067.0,46.0,125.742,194815741176.0
624.546,0.0,90252.0,5067.0,46.0,125.725,194815753723.0
624.646,0.0,90252.0,5067.0,46.0,125.712,194815766259.0
624.759,0.0,90252.0,5067.0,46.0,125.71,194815778814.0
624.846,0.0,90252.0,5067.0,46.0,125.706,194815803914.0
624.946,0.0,90252.0,5067.0,46.0,125.674,194815816506.0
625.056,0.0,90252.0,5067.0,46.0,125.65,194815829015.0
625.154,0.0,90252.0,5067.0,46.0,125.656,194815841598.0
625.245,0.0,90252.0,5067.0,46.0,125.633,194815854126.0
625.347,0.0,90252.0,5067.0,46.0,125.607,194815866704.0
625.445,0.0,90252.0,5067.0,46.0,125.571,194815879192.0
625.558,0.0,90252.0,5067.0,46.0,125.504,194815891744.0
625.645,0.0,90252.0,5067.0,46.0,125.512,194815904250.0
625.746,0.0,90252.0,5067.0,46.0,125.464,194815916865.0
625.859,0.0,90252.0,5067.0,46.0,125.511,194815929349.0
625.946,0.0,90252.0,5067.0,46.0,125.495,194815941946.0
626.046,0.0,90252.0,5067.0,46.0,125.525,194815979169.0
626.146,0.0,90252.0,5067.0,50.0,159.902,194816043810.0
626.246,100.0,90252.0,5067.0,56.0,214.676,194816110499.0
626.346,100.0,90252.0,5067.0,58.0,270.982,194816179576.0
626.446,100.0,90252.0,5067.0,61.0,328.021,194816248528.0
626.546,100.0,90252.0,5067.0,61.0,382.59,194816317307.0
626.646,97.0,90252.0,5067.0,63.0,428.565,194816379304.0
626.745,97.0,90252.0,5067.0,62.0,487.647,194816448835.0
626.845,100.0,90252.0,5067.0,64.0,535.811,194816448835.0
626.946,100.0,90252.0,5067.0,64.0,598.733,194816517174.0
627.046,100.0,90252.0,5067.0,66.0,656.971,194816586841.0
627.152,100.0,90252.0,5067.0,65.0,675.422,194816716805.0
627.245,90.0,90252.0,5067.0,63.0,669.772,194816784320.0
627.358,90.0,90252.0,5067.0,66.0,669.486,194816853594.0
627.445,100.0,90252.0,5067.0,67.0,670.513,194816923150.0
627.545,100.0,90252.0,5067.0,67.0,674.639,194816990894.0
627.644,100.0,90252.0,5067.0,67.0,674.639,194816990894.0
627.750,78.0,90252.0,5067.0,61.0,620.547,194817077445.0
627.845,78.0,90252.0,5067.0,60.0,587.182,194817109066.0
627.956,76.0,90252.0,5067.0,59.0,550.823,194817142890.0
628.046,76.0,90252.0,5067.0,59.0,515.933,194817178571.0
628.145,76.0,90252.0,5067.0,58.0,490.388,194817211330.0
628.249,76.0,90252.0,5067.0,57.0,460.791,194817248764.0
628.346,73.0,90252.0,5067.0,57.0,421.399,194817275901.0
628.456,73.0,90252.0,5067.0,56.0,385.415,194817309931.0
628.546,71.0,90252.0,5067.0,55.0,343.371,194817336978.0
628.646,71.0,90252.0,5067.0,54.0,324.411,194817363794.0
628.746,68.0,90252.0,5067.0,54.0,308.266,194817387902.0
628.845,68.0,90252.0,5067.0,54.0,308.266,194817387902.0
628.946,68.0,90252.0,5067.0,53.0,302.015,194817415354.0
629.046,69.0,90252.0,5067.0,53.0,288.291,194817435577.0
629.161,69.0,90252.0,5067.0,53.0,280.267,194817482443.0
629.246,68.0,90252.0,5067.0,52.0,269.17,194817499300.0
629.350,68.0,90252.0,5067.0,52.0,248.41,194817527722.0
629.446,67.0,90252.0,5067.0,52.0,247.309,194817547682.0
629.546,67.0,90252.0,5067.0,52.0,236.687,194817570441.0
629.654,64.0,90252.0,5067.0,51.0,234.484,194817593806.0
629.744,64.0,90252.0,5067.0,51.0,225.865,194817614868.0
629.844,64.0,90252.0,5067.0,51.0,225.865,194817614868.0
629.948,62.0,90252.0,5067.0,51.0,214.935,194817645554.0
630.044,0.0,90252.0,5067.0,49.0,194.985,194817658276.0
630.150,0.0,90252.0,5067.0,49.0,187.176,194817670953.0
630.244,0.0,90252.0,5067.0,49.0,187.176,194817670953.0
630.345,0.0,90252.0,5067.0,49.0,167.297,194817696224.0
630.444,0.0,90252.0,5067.0,48.0,158.756,194817708913.0
630.544,0.0,90252.0,5067.0,48.0,146.974,194817721455.0
630.654,0.0,90252.0,5067.0,48.0,139.469,194817734078.0
630.746,0.0,90252.0,5067.0,48.0,131.12,194817746605.0
630.845,0.0,90252.0,5067.0,48.0,131.12,194817746605.0
630.951,0.0,90252.0,5067.0,48.0,126.294,194817771782.0
631.044,0.0,90252.0,5067.0,48.0,126.294,194817771782.0
631.145,27.0,90252.0,5067.0,48.0,137.815,194817800868.0
631.245,27.0,90252.0,5067.0,48.0,137.815,194817853241.0
631.345,27.0,90252.0,5067.0,51.0,182.801,194817853241.0
631.444,27.0,90252.0,5067.0,51.0,182.801,194817853241.0
631.545,100.0,90252.0,5067.0,60.0,291.956,194817991467.0
631.656,100.0,90252.0,5067.0,62.0,352.129,194818128708.0
631.745,100.0,90252.0,5067.0,63.0,405.877,194818189836.0
631.845,90.0,90252.0,5067.0,64.0,447.266,194818259807.0
631.945,90.0,90252.0,5067.0,65.0,512.248,194818329713.0
632.044,90.0,90252.0,5067.0,65.0,512.248,194818329713.0
632.143,100.0,90252.0,5067.0,65.0,568.008,194818398730.0
632.245,100.0,90252.0,5067.0,66.0,671.582,194818529573.0
632.344,100.0,90252.0,5067.0,67.0,669.637,194818597957.0
632.445,100.0,90252.0,5067.0,67.0,671.947,194818667473.0
632.545,100.0,90252.0,5067.0,68.0,671.134,194818737133.0
632.645,100.0,90252.0,5067.0,68.0,660.865,194818801192.0
632.745,78.0,90252.0,5067.0,63.0,627.4,194818832620.0
632.845,78.0,90252.0,5067.0,61.0,592.034,194818869722.0
632.947,73.0,90252.0,5067.0,60.0,564.875,194818907135.0
633.045,73.0,90252.0,5067.0,60.0,523.304,194818940676.0
633.144,76.0,90252.0,5067.0,59.0,489.781,194818974232.0
633.244,76.0,90252.0,5067.0,59.0,489.781,194818974232.0
633.349,76.0,90252.0,5067.0,58.0,460.345,194819007410.0
633.445,75.0,90252.0,5067.0,58.0,433.03,194819044562.0
633.545,75.0,90252.0,5067.0,57.0,393.555,194819074974.0
633.645,70.0,90252.0,5067.0,57.0,349.052,194819123005.0
633.745,70.0,90252.0,5067.0,57.0,349.052,194819123005.0
633.854,71.0,90252.0,5067.0,55.0,305.9,194819172593.0
633.945,71.0,90252.0,5067.0,55.0,299.313,194819195113.0
634.044,71.0,90252.0,5067.0,55.0,299.313,194819195113.0
634.148,70.0,90252.0,5067.0,54.0,277.576,194819245577.0
634.245,68.0,90252.0,5067.0,53.0,273.845,194819274404.0
634.347,68.0,90252.0,5067.0,53.0,268.383,194819301612.0
634.445,68.0,90252.0,5067.0,53.0,268.383,194819301612.0
634.545,66.0,90252.0,5067.0,52.0,240.97,194819343547.0
634.644,66.0,90252.0,5067.0,52.0,240.97,194819343547.0
634.745,65.0,90252.0,5067.0,52.0,241.423,194819386704.0
634.845,64.0,90252.0,5067.0,52.0,241.667,194819409371.0
634.944,64.0,90252.0,5067.0,52.0,241.667,194819409371.0
635.055,64.0,90252.0,5067.0,51.0,235.067,194819454981.0
635.145,64.0,90252.0,5067.0,51.0,235.067,194819454981.0
635.246,13.0,90252.0,5067.0,51.0,219.03,194819484679.0
635.346,13.0,90252.0,5067.0,50.0,200.95,194819497438.0
635.445,0.0,90252.0,5067.0,50.0,191.999,194819510121.0
635.543,0.0,90252.0,5067.0,50.0,191.999,194819510121.0
635.645,19.0,90252.0,5067.0,49.0,185.949,194819522870.0
635.744,19.0,90252.0,5067.0,55.0,219.804,194819628084.0
635.855,100.0,90252.0,5067.0,58.0,265.122,194819697521.0
635.944,100.0,90252.0,5067.0,61.0,313.586,194819765906.0
636.057,100.0,90252.0,5067.0,62.0,355.648,194819835714.0
636.144,100.0,90252.0,5067.0,62.0,355.648,194819835714.0
636.244,91.0,90252.0,5067.0,64.0,450.799,194819969901.0
636.349,100.0,90252.0,5067.0,67.0,568.32,194820037448.0
636.444,100.0,90252.0,5067.0,67.0,568.32,194820037448.0
636.558,100.0,90252.0,5067.0,67.0,668.5,194820175648.0
636.645,100.0,90252.0,5067.0,66.0,679.63,194820245634.0
636.744,90.0,90252.0,5067.0,67.0,681.566,194820311078.0
636.845,90.0,90252.0,5067.0,68.0,682.28,194820379172.0
636.944,100.0,90252.0,5067.0,69.0,683.434,194820447416.0
637.066,100.0,90252.0,5067.0,68.0,679.372,194820517071.0
637.144,83.0,90252.0,5067.0,63.0,655.949,194820571044.0
637.252,83.0,90252.0,5067.0,61.0,625.249,194820571044.0
637.346,77.0,90252.0,5067.0,60.0,592.278,194820608920.0
637.445,77.0,90252.0,5067.0,60.0,592.278,194820608920.0
637.545,77.0,90252.0,5067.0,59.0,517.786,194820713797.0
637.646,77.0,90252.0,5067.0,59.0,486.822,194820747218.0
637.751,73.0,90252.0,5067.0,58.0,448.542,194820774647.0
637.844,73.0,90252.0,5067.0,57.0,412.364,194820804062.0
637.959,74.0,90252.0,5067.0,57.0,377.921,194820839412.0
638.062,74.0,90252.0,5067.0,56.0,341.495,194820868887.0
638.145,70.0,90252.0,5067.0,55.0,323.244,194820902401.0
638.257,70.0,90252.0,5067.0,55.0,309.334,194820924104.0
638.345,69.0,90252.0,5067.0,54.0,298.654,194820949441.0
638.444,69.0,90252.0,5067.0,54.0,298.654,194820949441.0
638.544,69.0,90252.0,5067.0,54.0,278.078,194820992859.0
638.645,69.0,90252.0,5067.0,53.0,268.492,194821015040.0
638.758,68.0,90252.0,5067.0,53.0,261.957,194821037321.0
638.845,68.0,90252.0,5067.0,53.0,251.717,194821059598.0
638.944,68.0,90252.0,5067.0,53.0,251.717,194821059598.0
639.043,65.0,90252.0,5067.0,52.0,240.84,194821082630.0
639.145,0.0,90252.0,5067.0,51.0,210.961,194821118202.0
639.250,0.0,90252.0,5067.0,50.0,203.637,194821131211.0
639.345,0.0,90252.0,5067.0,50.0,190.77,194821144132.0
639.454,0.0,90252.0,5067.0,50.0,190.77,194821157130.0
639.545,0.0,90252.0,5067.0,50.0,183.163,194821157130.0
639.645,34.0,90252.0,5067.0,56.0,192.982,194821177321.0
639.752,34.0,90252.0,5067.0,56.0,235.83,194821301612.0
639.845,100.0,90252.0,5067.0,62.0,282.955,194821372329.0
639.944,100.0,90252.0,5067.0,62.0,282.955,194821372329.0
640.052,100.0,90252.0,5067.0,64.0,374.029,194821507645.0
640.145,100.0,90252.0,5067.0,64.0,415.832,194821571996.0
640.245,90.0,90252.0,5067.0,66.0,471.391,194821641507.0
640.346,90.0,90252.0,5067.0,67.0,526.357,194821711289.0
640.445,100.0,90252.0,5067.0,67.0,590.771,194821778796.0
640.555,100.0,90252.0,5067.0,68.0,645.234,194821850825.0
640.644,100.0,90252.0,5067.0,68.0,680.705,194821914842.0
640.744,100.0,90252.0,5067.0,68.0,681.727,194821984605.0
640.854,100.0,90252.0,5067.0,68.0,682.552,194822052725.0
640.946,100.0,90252.0,5067.0,69.0,682.306,194822122125.0
641.056,100.0,90252.0,5067.0,64.0,666.263,194822186492.0
641.145,76.0,90252.0,5067.0,62.0,630.421,194822216371.0
641.244,76.0,90252.0,5067.0,61.0,591.042,194822250657.0
641.345,76.0,90252.0,5067.0,61.0,591.042,194822283079.0
641.448,77.0,90252.0,5067.0,60.0,557.536,194822283079.0
641.544,77.0,90252.0,5067.0,60.0,557.536,194822283079.0
641.644,76.0,90252.0,5067.0,59.0,488.467,194822353492.0
641.744,76.0,90252.0,5067.0,59.0,488.467,194822353492.0
641.853,74.0,90252.0,5067.0,58.0,410.929,194822441545.0
641.944,74.0,90252.0,5067.0,58.0,410.929,194822441545.0
642.063,70.0,90252.0,5067.0,56.0,329.876,194822488698.0
642.149,70.0,90252.0,5067.0,56.0,299.015,194822519867.0
642.245,69.0,90252.0,5067.0,55.0,298.405,194822547071.0
642.345,69.0,90252.0,5067.0,55.0,290.088,194822570521.0
642.449,70.0,90252.0,5067.0,54.0,281.772,194822592182.0
642.545,70.0,90252.0,5067.0,54.0,271.349,194822617429.0
642.645,67.0,90252.0,5067.0,53.0,260.736,194822640564.0
642.756,67.0,90252.0,5067.0,53.0,249.151,194822670750.0
642.845,66.0,90252.0,5067.0,53.0,255.522,194822694299.0
642.945,66.0,90252.0,5067.0,53.0,249.565,194822717172.0
643.057,63.0,90252.0,5067.0,52.0,246.404,194822739902.0
643.145,63.0,90252.0,5067.0,52.0,235.995,194822761370.0
643.245,63.0,90252.0,5067.0,52.0,233.653,194822781497.0
643.354,63.0,90252.0,5067.0,52.0,234.015,194822802953.0
643.445,63.0,90252.0,5067.0,52.0,232.133,194822825174.0
643.546,63.0,90252.0,5067.0,52.0,230.551,194822848442.0
643.645,63.0,90252.0,5067.0,51.0,230.688,194822872012.0
643.752,63.0,90252.0,5067.0,51.0,230.688,194822872012.0
643.849,60.0,90252.0,5067.0,51.0,217.884,194822895457.0
643.943,60.0,90252.0,5067.0,51.0,217.884,194822895457.0
644.046,0.0,90252.0,5067.0,50.0,199.614,194822935351.0
644.155,0.0,90252.0,5067.0,50.0,191.019,194822948309.0
644.245,0.0,90252.0,5067.0,49.0,183.204,194822964403.0
644.346,0.0,90252.0,5067.0,54.0,196.343,194823014510.0
644.446,85.0,90252.0,5067.0,60.0,244.522,194823084610.0
644.546,85.0,90252.0,5067.0,62.0,287.536,194823152475.0
644.645,100.0,90252.0,5067.0,63.0,334.289,194823220935.0
644.744,100.0,90252.0,5067.0,65.0,375.706,194823288887.0
644.852,100.0,90252.0,5067.0,64.0,427.466,194823352993.0
644.945,100.0,90252.0,5067.0,66.0,481.429,194823423686.0
645.045,100.0,90252.0,5067.0,66.0,538.372,194823491651.0
645.145,100.0,90252.0,5067.0,67.0,585.417,194823560890.0
645.244,100.0,90252.0,5067.0,67.0,585.417,194823560890.0
645.345,100.0,90252.0,5067.0,68.0,683.261,194823694317.0
645.445,90.0,90252.0,5067.0,68.0,678.158,194823763306.0
645.545,90.0,90252.0,5067.0,68.0,678.158,194823763306.0
645.653,100.0,90252.0,5067.0,69.0,679.136,194823898273.0
645.751,100.0,90252.0,5067.0,69.0,679.961,194823957195.0
645.845,87.0,90252.0,5067.0,64.0,648.019,194823991786.0
645.945,87.0,90252.0,5067.0,62.0,617.347,194823991786.0
646.045,77.0,90252.0,5067.0,61.0,582.089,194824025024.0
646.145,77.0,90252.0,5067.0,60.0,550.405,194824062803.0
646.245,77.0,90252.0,5067.0,59.0,513.662,194824095035.0
646.344,77.0,90252.0,5067.0,59.0,480.977,194824161766.0
646.445,75.0,90252.0,5067.0,59.0,444.009,194824187694.0
646.545,75.0,90252.0,5067.0,58.0,406.413,194824218393.0
646.648,72.0,90252.0,5067.0,57.0,369.841,194824247502.0
646.745,72.0,90252.0,5067.0,56.0,328.631,194824275772.0
646.845,71.0,90252.0,5067.0,56.0,314.383,194824304720.0
646.946,71.0,90252.0,5067.0,55.0,309.468,194824332391.0
647.053,69.0,90252.0,5067.0,55.0,301.687,194824357308.0
647.145,69.0,90252.0,5067.0,55.0,301.687,194824357308.0
647.245,68.0,90252.0,5067.0,54.0,292.765,194824413810.0
647.345,68.0,90252.0,5067.0,53.0,278.224,194824430988.0
647.446,66.0,90252.0,5067.0,53.0,266.642,194824452658.0
647.546,66.0,90252.0,5067.0,53.0,261.064,194824473808.0
647.644,63.0,90252.0,5067.0,53.0,250.303,194824494485.0
647.746,63.0,90252.0,5067.0,52.0,240.88,194824516000.0
647.844,63.0,90252.0,5067.0,52.0,231.588,194824538829.0
647.944,63.0,90252.0,5067.0,52.0,231.588,194824538829.0
648.048,34.0,90252.0,5067.0,51.0,204.215,194824570658.0
648.146,34.0,90252.0,5067.0,51.0,204.215,194824570658.0
648.245,0.0,90252.0,5067.0,50.0,185.159,194824583444.0
648.356,0.0,90252.0,5067.0,50.0,179.559,194824610591.0
648.446,28.0,90252.0,5067.0,51.0,184.391,194824639626.0
648.545,28.0,90252.0,5067.0,59.0,216.555,194824707025.0
648.646,100.0,90252.0,5067.0,62.0,266.688,194824777238.0
648.752,100.0,90252.0,5067.0,63.0,312.245,194824844966.0
648.845,100.0,90252.0,5067.0,64.0,361.824,194824914848.0
648.953,100.0,90252.0,5067.0,65.0,406.911,194824979006.0
649.047,87.0,90252.0,5067.0,65.0,453.84,194825044889.0
649.145,87.0,90252.0,5067.0,66.0,504.012,194825115133.0
649.245,100.0,90252.0,5067.0,67.0,557.263,194825183271.0
649.346,100.0,90252.0,5067.0,68.0,668.317,194825252615.0
649.445,100.0,90252.0,5067.0,67.0,676.116,194825322051.0
649.544,100.0,90252.0,5067.0,67.0,676.116,194825322051.0
649.662,90.0,90252.0,5067.0,69.0,676.794,194825452641.0
649.762,100.0,90252.0,5067.0,66.0,663.227,194825452641.0
649.844,100.0,90252.0,5067.0,66.0,663.227,194825452641.0
649.944,72.0,90252.0,5067.0,62.0,606.241,194825568929.0
650.044,72.0,90252.0,5067.0,61.0,572.518,194825642441.0
650.145,72.0,90252.0,5067.0,61.0,572.518,194825642441.0
650.257,77.0,90252.0,5067.0,59.0,502.353,194825704751.0
650.344,77.0,90252.0,5067.0,59.0,502.353,194825704751.0
650.452,76.0,90252.0,5067.0,58.0,438.901,194825769460.0
650.551,70.0,90252.0,5067.0,57.0,398.409,194825802936.0
650.646,70.0,90252.0,5067.0,57.0,351.101,194825829136.0
650.746,71.0,90252.0,5067.0,56.0,311.12,194825851666.0
650.856,71.0,90252.0,5067.0,56.0,300.114,194825879772.0
650.944,70.0,90252.0,5067.0,55.0,291.383,194825902983.0
651.045,70.0,90252.0,5067.0,55.0,281.836,194825927000.0
651.144,68.0,90252.0,5067.0,54.0,270.71,194825953788.0
651.244,68.0,90252.0,5067.0,54.0,270.71,194825953788.0
651.345,69.0,90252.0,5067.0,53.0,255.2,194825997522.0
651.444,69.0,90252.0,5067.0,53.0,255.2,194825997522.0
651.545,67.0,90252.0,5067.0,53.0,236.63,194826042781.0
651.645,67.0,90252.0,5067.0,53.0,237.587,194826065031.0
651.744,67.0,90252.0,5067.0,53.0,237.587,194826065031.0
651.845,64.0,90252.0,5067.0,51.0,223.34,194826108194.0
651.944,64.0,90252.0,5067.0,51.0,223.34,194826108194.0
652.044,0.0,90252.0,5067.0,51.0,214.121,194826121073.0
652.145,0.0,90252.0,5067.0,50.0,197.282,194826133910.0
652.245,0.0,90252.0,5067.0,50.0,188.982,194826146683.0
652.344,0.0,90252.0,5067.0,51.0,183.214,194826159538.0
652.445,51.0,90252.0,5067.0,58.0,210.073,194826180163.0
652.545,51.0,90252.0,5067.0,58.0,210.073,194826180163.0
652.644,51.0,90252.0,5067.0,61.0,261.392,194826315190.0
652.745,100.0,90252.0,5067.0,64.0,345.521,194826450695.0
652.847,100.0,90252.0,5067.0,66.0,391.605,194826519844.0
652.945,100.0,90252.0,5067.0,66.0,391.605,194826519844.0
653.046,100.0,90252.0,5067.0,66.0,498.53,194826652076.0
653.144,100.0,90252.0,5067.0,66.0,498.53,194826652076.0
653.244,100.0,90252.0,5067.0,67.0,600.819,194826788938.0
653.360,100.0,90252.0,5067.0,68.0,660.302,194826857741.0
653.445,100.0,90252.0,5067.0,67.0,675.933,194826923205.0
653.546,100.0,90252.0,5067.0,69.0,676.939,194826993548.0
653.645,100.0,90252.0,5067.0,69.0,676.939,194826993548.0
653.744,100.0,90252.0,5067.0,64.0,641.814,194827085450.0
653.844,78.0,90252.0,5067.0,62.0,612.433,194827124080.0
653.944,78.0,90252.0,5067.0,62.0,612.433,194827124080.0
654.044,77.0,90252.0,5067.0,60.0,548.723,194827156333.0
654.158,77.0,90252.0,5067.0,60.0,519.709,194827194357.0
654.249,76.0,90252.0,5067.0,59.0,483.407,194827229275.0
654.353,76.0,90252.0,5067.0,59.0,452.866,194827260111.0
654.460,75.0,90252.0,5067.0,58.0,415.165,194827319071.0
654.544,75.0,90252.0,5067.0,57.0,374.755,194827346608.0
654.645,72.0,90252.0,5067.0,56.0,333.51,194827375253.0
654.745,72.0,90252.0,5067.0,56.0,323.139,194827401740.0
654.845,71.0,90252.0,5067.0,55.0,315.832,194827434083.0
654.945,71.0,90252.0,5067.0,55.0,304.783,194827456145.0
655.044,71.0,90252.0,5067.0,55.0,304.783,194827456145.0
655.144,69.0,90252.0,5067.0,55.0,295.891,194827481712.0
655.245,69.0,90252.0,5067.0,54.0,279.938,194827536522.0
655.344,69.0,90252.0,5067.0,54.0,267.455,194827560032.0
655.702,67.0,90252.0,5067.0,53.0,243.603,194827614527.0
655.704,67.0,90252.0,5067.0,53.0,243.603,194827614527.0
655.807,67.0,90252.0,5067.0,53.0,239.252,194827639564.0
655.906,65.0,90252.0,5067.0,52.0,235.415,194827660413.0
656.006,65.0,90252.0,5067.0,52.0,225.486,194827683933.0
656.107,65.0,90252.0,5067.0,52.0,219.237,194827705664.0
656.206,65.0,90252.0,5067.0,52.0,216.611,194827731834.0
656.337,65.0,90252.0,5067.0,52.0,216.611,194827752931.0
656.415,65.0,90252.0,5067.0,52.0,218.099,194827752931.0
656.514,65.0,90252.0,5067.0,52.0,216.193,194827775173.0
656.613,65.0,90252.0,5067.0,52.0,217.843,194827797915.0
656.707,65.0,90252.0,5067.0,52.0,225.655,194827819929.0
656.807,65.0,90252.0,5067.0,52.0,220.997,194827861469.0
656.907,63.0,90252.0,5067.0,52.0,220.951,194827881906.0
657.007,63.0,90252.0,5067.0,52.0,219.987,194827903794.0
657.112,63.0,90252.0,5067.0,51.0,220.764,194827926513.0
657.206,63.0,90252.0,5067.0,51.0,220.68,194827948774.0
657.307,62.0,90252.0,5067.0,51.0,216.735,194827966654.0
657.407,62.0,90252.0,5067.0,50.0,208.533,194827979651.0
657.506,3.0,90252.0,5067.0,52.0,207.807,194828014807.0
657.606,3.0,90252.0,5067.0,60.0,247.26,194828080697.0
657.706,100.0,90252.0,5067.0,62.0,288.628,194828144548.0
657.807,100.0,90252.0,5067.0,64.0,331.63,194828200371.0
657.907,87.0,90252.0,5067.0,57.0,340.522,194828224376.0
658.006,87.0,90252.0,5067.0,56.0,339.993,194828244102.0
658.106,70.0,90252.0,5067.0,55.0,342.648,194828268935.0
658.217,70.0,90252.0,5067.0,55.0,345.168,194828293069.0
658.306,69.0,90252.0,5067.0,54.0,343.695,194828316097.0
658.407,69.0,90252.0,5067.0,54.0,350.14,194828337881.0
658.507,68.0,90252.0,5067.0,54.0,349.917,194828358378.0
658.615,68.0,90252.0,5067.0,54.0,349.917,194828358378.0
658.707,69.0,90252.0,5067.0,53.0,236.207,194828386760.0
658.807,69.0,90252.0,5067.0,53.0,236.207,194828415785.0
658.907,69.0,90252.0,5067.0,53.0,237.32,194828436110.0
659.009,69.0,90252.0,5067.0,52.0,242.823,194828487790.0
659.107,66.0,90252.0,5067.0,52.0,245.124,194828511109.0
659.214,66.0,90252.0,5067.0,52.0,243.088,194828532943.0
659.307,65.0,90252.0,5067.0,52.0,240.433,194828554171.0
659.407,65.0,90252.0,5067.0,52.0,243.922,194828577562.0
659.506,63.0,90252.0,5067.0,52.0,241.402,194828598899.0
659.606,63.0,90252.0,5067.0,52.0,235.321,194828620956.0
659.707,63.0,90252.0,5067.0,51.0,229.169,194828642208.0
659.807,63.0,90252.0,5067.0,51.0,221.586,194828655186.0
659.907,0.0,90252.0,5067.0,50.0,208.728,194828668166.0
660.007,0.0,90252.0,5067.0,50.0,195.315,194828681043.0
660.117,0.0,90252.0,5067.0,50.0,184.51,194828693995.0
660.207,0.0,90252.0,5067.0,49.0,176.441,194828706869.0
660.307,0.0,90252.0,5067.0,49.0,167.25,194828719859.0
660.413,0.0,90252.0,5067.0,49.0,157.134,194828732752.0
660.506,0.0,90252.0,5067.0,49.0,148.542,194828745700.0
660.607,0.0,90252.0,5067.0,49.0,139.182,194828758525.0
660.713,0.0,90252.0,5067.0,49.0,129.532,194828771454.0
660.807,0.0,90252.0,5067.0,49.0,129.157,194828771454.0
660.906,0.0,90252.0,5067.0,49.0,129.108,194828784284.0
661.007,0.0,90252.0,5067.0,49.0,129.071,194828797208.0
661.107,0.0,90252.0,5067.0,49.0,128.945,194828810042.0
661.207,0.0,90252.0,5067.0,48.0,128.881,194828835720.0
661.318,0.0,90252.0,5067.0,48.0,128.731,194828848551.0
661.407,0.0,90252.0,5067.0,48.0,128.67,194828861372.0
661.506,0.0,90252.0,5067.0,48.0,128.53,194828874231.0
661.607,0.0,90252.0,5067.0,48.0,128.581,194828887083.0
661.707,0.0,90252.0,5067.0,48.0,128.45,194828899882.0
661.806,0.0,90252.0,5067.0,48.0,128.47,194828912722.0
661.906,0.0,90252.0,5067.0,48.0,128.35,194828925520.0
662.009,0.0,90252.0,5067.0,48.0,128.367,194828938335.0
662.106,0.0,90252.0,5067.0,48.0,128.267,194828951098.0
662.212,0.0,90252.0,5067.0,48.0,128.284,194828963937.0
662.307,0.0,90252.0,5067.0,48.0,128.247,194828976684.0
662.406,0.0,90252.0,5067.0,48.0,128.247,194828989538.0
662.507,0.0,90252.0,5067.0,48.0,128.264,194829002308.0
662.607,0.0,90252.0,5067.0,48.0,128.169,194829015152.0
662.707,0.0,90252.0,5067.0,48.0,128.184,194829027928.0
662.807,0.0,90252.0,5067.0,48.0,128.124,194829040750.0
662.906,0.0,90252.0,5067.0,48.0,128.103,194829053523.0
663.008,0.0,90252.0,5067.0,48.0,128.086,194829066383.0
663.107,0.0,90252.0,5067.0,48.0,128.133,194829079164.0
663.207,0.0,90252.0,5067.0,48.0,128.064,194829091961.0
663.307,0.0,90252.0,5067.0,48.0,128.034,194829104699.0
663.407,0.0,90252.0,5067.0,48.0,128.005,194829117501.0
663.507,0.0,90252.0,5067.0,48.0,128.005,194829130239.0
663.607,0.0,90252.0,5067.0,48.0,127.966,194829130239.0
663.707,0.0,90252.0,5067.0,48.0,127.921,194829143040.0
663.807,0.0,90252.0,5067.0,48.0,127.921,194829155771.0
663.907,0.0,90252.0,5067.0,48.0,127.977,194829168580.0
664.007,0.0,90252.0,5067.0,48.0,127.876,194829194169.0
664.118,0.0,90252.0,5067.0,48.0,127.856,194829206941.0
664.207,0.0,90252.0,5067.0,48.0,127.797,194829219662.0
664.307,0.0,90252.0,5067.0,48.0,127.865,194829232492.0
664.407,0.0,90252.0,5067.0,48.0,127.825,194829245211.0
664.514,0.0,90252.0,5067.0,48.0,127.872,194829258066.0
664.607,0.0,90252.0,5067.0,48.0,127.82,194829270785.0
664.707,0.0,90252.0,5067.0,48.0,127.895,194829283616.0
664.806,0.0,90252.0,5067.0,48.0,127.825,194829296329.0
664.906,0.0,90252.0,5067.0,48.0,127.829,194829309149.0
665.007,0.0,90252.0,5067.0,48.0,127.834,194829321898.0
665.107,0.0,90252.0,5067.0,48.0,127.876,194829334746.0
665.210,0.0,90252.0,5067.0,48.0,127.906,194829347472.0
665.306,0.0,90252.0,5067.0,48.0,127.885,194829360295.0
665.407,0.0,90252.0,5067.0,48.0,127.937,194829373046.0
665.511,0.0,90252.0,5067.0,48.0,127.882,194829385878.0
665.607,0.0,90252.0,5067.0,48.0,127.884,194829398608.0
665.707,0.0,90252.0,5067.0,48.0,127.873,194829411402.0
665.811,0.0,90252.0,5067.0,48.0,127.856,194829424121.0
665.907,0.0,90252.0,5067.0,48.0,127.825,194829436937.0
666.013,0.0,90252.0,5067.0,48.0,127.814,194829449687.0
666.106,0.0,90252.0,5067.0,48.0,127.758,194829462466.0
666.216,0.0,90252.0,5067.0,48.0,127.765,194829475228.0
666.306,0.0,90252.0,5067.0,48.0,127.765,194829488020.0
666.406,0.0,90252.0,5067.0,48.0,127.769,194829488020.0
666.508,0.0,90252.0,5067.0,48.0,127.736,194829500765.0
666.607,0.0,90252.0,5067.0,48.0,127.787,194829513561.0
666.713,0.0,90252.0,5067.0,48.0,127.759,194829526339.0
666.807,0.0,90252.0,5067.0,48.0,127.866,194829551943.0
666.912,0.0,90252.0,5067.0,48.0,127.846,194829564729.0
667.007,0.0,90252.0,5067.0,48.0,127.918,194829577555.0
667.111,0.0,90252.0,5067.0,48.0,127.864,194829590261.0
667.207,0.0,90252.0,5067.0,48.0,127.895,194829603063.0
667.316,0.0,90252.0,5067.0,48.0,127.855,194829615826.0
667.407,0.0,90252.0,5067.0,48.0,127.882,194829628634.0
667.507,0.0,90252.0,5067.0,48.0,127.852,194829641363.0
667.607,0.0,90252.0,5067.0,48.0,127.865,194829654153.0
667.707,0.0,90252.0,5067.0,48.0,127.806,194829666845.0
667.812,0.0,90252.0,5067.0,48.0,127.753,194829679645.0
667.906,0.0,90252.0,5067.0,48.0,127.759,194829692384.0
668.013,0.0,90252.0,5067.0,48.0,127.714,194829705185.0
668.107,0.0,90252.0,5067.0,48.0,127.714,194829717899.0
668.207,0.0,90252.0,5067.0,48.0,127.723,194829730721.0
668.307,0.0,90252.0,5067.0,47.0,127.723,194829743478.0
668.407,0.0,90252.0,5067.0,48.0,127.728,194829756323.0
668.507,0.0,90252.0,5067.0,47.0,127.735,194829768997.0
668.607,0.0,90252.0,5067.0,48.0,127.717,194829781802.0
668.716,0.0,90252.0,5067.0,48.0,127.752,194829794556.0
668.807,0.0,90252.0,5067.0,47.0,127.776,194829807358.0
668.913,0.0,90252.0,5067.0,47.0,127.763,194829820111.0
669.007,0.0,90252.0,5067.0,47.0,127.755,194829832899.0
669.106,0.0,90252.0,5067.0,47.0,127.787,194829832899.0
669.207,0.0,90252.0,5067.0,47.0,127.729,194829845636.0
669.306,0.0,90252.0,5067.0,47.0,127.782,194829858398.0
669.407,0.0,90252.0,5067.0,47.0,127.757,194829871200.0
669.507,0.0,90252.0,5067.0,47.0,127.816,194829896781.0
669.615,0.0,90252.0,5067.0,47.0,127.783,194829909532.0
669.707,0.0,90252.0,5067.0,47.0,127.844,194829922347.0
669.806,0.0,90252.0,5067.0,47.0,127.806,194829935115.0
669.908,0.0,90252.0,5067.0,47.0,127.891,194829947950.0
670.007,0.0,90252.0,5067.0,47.0,127.873,194829960686.0
670.107,0.0,90252.0,5067.0,47.0,127.912,194829973486.0
670.207,0.0,90252.0,5067.0,47.0,127.89,194829986214.0
670.307,0.0,90252.0,5067.0,47.0,127.905,194829999037.0
670.413,0.0,90252.0,5067.0,47.0,127.891,194830011774.0
670.506,0.0,90252.0,5067.0,47.0,127.884,194830024587.0
670.607,0.0,90252.0,5067.0,47.0,127.866,194830037294.0
670.707,0.0,90252.0,5067.0,47.0,127.841,194830050114.0
670.806,0.0,90252.0,5067.0,47.0,127.814,194830062835.0
670.909,0.0,90252.0,5067.0,47.0,127.765,194830075637.0
671.007,0.0,90252.0,5067.0,47.0,127.784,194830088368.0
671.113,0.0,90252.0,5067.0,47.0,127.734,194830101163.0
671.207,0.0,90252.0,5067.0,47.0,127.759,194830113878.0
671.307,0.0,90252.0,5067.0,47.0,127.735,194830126697.0
671.406,0.0,90252.0,5067.0,47.0,127.713,194830139421.0
671.507,0.0,90252.0,5067.0,47.0,127.708,194830152233.0
671.606,0.0,90252.0,5067.0,47.0,127.718,194830164964.0
671.710,0.0,90252.0,5067.0,47.0,127.686,194830177752.0
671.807,0.0,90252.0,5067.0,47.0,127.73,194830190512.0
671.907,0.0,90252.0,5067.0,47.0,127.73,194830203302.0
672.013,0.0,90252.0,5067.0,47.0,127.726,194830203302.0
672.107,0.0,90252.0,5067.0,47.0,127.745,194830216039.0
672.206,0.0,90252.0,5067.0,47.0,127.752,194830228818.0
672.306,0.0,90252.0,5067.0,47.0,127.705,194830241572.0
672.407,0.0,90252.0,5067.0,47.0,127.762,194830267123.0
672.506,0.0,90252.0,5067.0,47.0,127.734,194830279875.0
672.606,0.0,90252.0,5067.0,47.0,127.751,194830292644.0
672.707,0.0,90252.0,5067.0,47.0,127.701,194830305391.0
672.806,0.0,90252.0,5067.0,47.0,127.7,194830318127.0
672.907,0.0,90252.0,5067.0,47.0,127.629,194830330868.0
673.014,0.0,90252.0,5067.0,47.0,127.645,194830343653.0
673.106,0.0,90252.0,5067.0,47.0,127.637,194830356381.0
673.207,0.0,90252.0,5067.0,47.0,127.667,194830369213.0
673.306,0.0,90252.0,5067.0,47.0,127.642,194830381952.0
673.407,0.0,90252.0,5067.0,47.0,127.672,194830394762.0
673.516,0.0,90252.0,5067.0,47.0,127.607,194830407438.0
673.613,0.0,90252.0,5067.0,47.0,127.567,194830420206.0
673.707,0.0,90252.0,5067.0,47.0,127.601,194830432936.0
673.808,0.0,90252.0,5067.0,47.0,127.598,194830445704.0
673.907,0.0,90252.0,5067.0,47.0,127.595,194830458430.0
674.007,0.0,90252.0,5067.0,47.0,127.619,194830471242.0
674.110,0.0,90252.0,5067.0,47.0,127.654,194830483975.0
674.207,0.0,90252.0,5067.0,47.0,127.603,194830496767.0
674.306,0.0,90252.0,5067.0,47.0,127.608,194830509471.0
674.415,0.0,90252.0,5067.0,47.0,127.551,194830522256.0
674.507,0.0,90252.0,5067.0,47.0,127.548,194830534960.0
674.606,0.0,90252.0,5067.0,47.0,127.592,194830547734.0
674.706,0.0,90252.0,5067.0,47.0,127.592,194830560417.0
674.809,0.0,90252.0,5067.0,47.0,127.562,194830560417.0
674.907,0.0,90252.0,5067.0,47.0,127.633,194830573255.0
675.006,0.0,90252.0,5067.0,47.0,127.596,194830585985.0
675.114,0.0,90252.0,5067.0,47.0,127.587,194830598783.0
675.207,0.0,90252.0,5067.0,47.0,127.556,194830624289.0
675.307,0.0,90252.0,5067.0,47.0,127.591,194830637041.0
675.419,0.0,90252.0,5067.0,47.0,127.569,194830649809.0
675.506,0.0,90252.0,5067.0,47.0,127.635,194830662562.0
675.607,0.0,90252.0,5067.0,47.0,127.626,194830675338.0
675.707,0.0,90252.0,5067.0,47.0,127.739,194830688135.0
675.807,0.0,90252.0,5067.0,47.0,127.643,194830700887.0
675.915,0.0,90252.0,5067.0,47.0,127.682,194830713670.0
676.007,0.0,90252.0,5067.0,47.0,127.667,194830726415.0
676.106,0.0,90252.0,5067.0,47.0,127.68,194830739171.0
676.215,0.0,90252.0,5067.0,47.0,127.686,194830751890.0
676.307,0.0,90252.0,5067.0,47.0,127.652,194830764634.0
676.407,0.0,90252.0,5067.0,47.0,127.649,194830777352.0
676.513,0.0,90252.0,5067.0,47.0,127.646,194830790152.0
676.607,0.0,90252.0,5067.0,47.0,127.608,194830802868.0
676.706,0.0,90252.0,5067.0,47.0,127.599,194830815679.0
676.807,0.0,90252.0,5067.0,47.0,127.594,194830828387.0
676.907,0.0,90252.0,5067.0,47.0,127.594,194830841169.0
677.011,0.0,90252.0,5067.0,47.0,127.567,194830853875.0
677.107,0.0,90252.0,5067.0,47.0,127.554,194830866652.0
677.214,0.0,90252.0,5067.0,47.0,127.558,194830879353.0
677.306,0.0,90252.0,5067.0,47.0,127.602,194830892151.0
677.407,0.0,90252.0,5067.0,47.0,127.605,194830904839.0
677.506,0.0,90252.0,5067.0,47.0,127.605,194830917629.0
677.619,0.0,90252.0,5067.0,47.0,127.601,194830917629.0
677.707,0.0,90252.0,5067.0,47.0,127.598,194830930321.0
677.807,0.0,90252.0,5067.0,47.0,127.556,194830943102.0
677.907,0.0,90252.0,5067.0,47.0,127.535,194830955812.0
678.005,0.0,90252.0,5067.0,47.0,127.569,194830981343.0
678.107,0.0,90252.0,5067.0,47.0,127.608,194830994164.0
678.215,0.0,90252.0,5067.0,47.0,127.628,194831006889.0
678.307,0.0,90252.0,5067.0,47.0,127.596,194831019684.0
678.406,0.0,90252.0,5067.0,47.0,127.61,194831032424.0
678.507,0.0,90252.0,5067.0,47.0,127.633,194831045225.0
678.617,0.0,90252.0,5067.0,47.0,127.694,194831057960.0
678.714,0.0,90252.0,5067.0,47.0,127.69,194831070730.0
678.806,0.0,90252.0,5067.0,47.0,127.705,194831083458.0
678.907,0.0,90252.0,5067.0,47.0,127.714,194831096209.0
679.006,0.0,90252.0,5067.0,47.0,127.701,194831108934.0
679.119,0.0,90252.0,5067.0,47.0,127.677,194831121731.0
679.211,0.0,90252.0,5067.0,47.0,127.716,194831134470.0
679.307,0.0,90252.0,5067.0,47.0,127.682,194831147241.0
679.407,0.0,90252.0,5067.0,47.0,127.676,194831159981.0
679.507,0.0,90252.0,5067.0,47.0,127.613,194831172719.0
679.606,0.0,90252.0,5067.0,47.0,127.627,194831185508.0
679.708,0.0,90252.0,5067.0,47.0,127.647,194831198262.0
679.807,0.0,90252.0,5067.0,47.0,127.618,194831211004.0
679.907,0.0,90252.0,5067.0,47.0,127.611,194831223721.0
680.007,0.0,90252.0,5067.0,47.0,127.63,194831236500.0
680.118,0.0,90252.0,5067.0,47.0,127.609,194831249252.0
680.207,0.0,90252.0,5067.0,47.0,127.605,194831262013.0
680.307,0.0,90252.0,5067.0,47.0,127.573,194831262013.0
680.413,0.0,90252.0,5067.0,47.0,127.639,194831274723.0
680.507,0.0,90252.0,5067.0,47.0,127.619,194831287537.0
680.606,0.0,90252.0,5067.0,47.0,127.644,194831300246.0
680.708,0.0,90252.0,5067.0,47.0,127.581,194831325756.0
680.807,0.0,90252.0,5067.0,47.0,127.621,194831338557.0
680.907,0.0,90252.0,5067.0,47.0,127.634,194831351278.0
681.014,0.0,90252.0,5067.0,47.0,127.66,194831364106.0
681.107,0.0,90252.0,5067.0,47.0,127.641,194831376827.0
681.207,0.0,90252.0,5067.0,47.0,127.635,194831389584.0
681.334,0.0,90252.0,5067.0,47.0,127.591,194831402264.0
681.406,0.0,90252.0,5067.0,47.0,127.604,194831415078.0
681.507,0.0,90252.0,5067.0,47.0,127.607,194831427785.0
