elapsed_s,gpu_util,fb_used,fb_free,temperature,power_usage,energy_consumption
0.000,0.0,89904.0,5415.0,45.0,126.345,9493659385.0
0.098,0.0,89904.0,5415.0,45.0,126.313,9493671983.0
0.198,0.0,89904.0,5415.0,45.0,126.25,9493684612.0
0.298,0.0,89904.0,5415.0,45.0,126.224,9493697225.0
0.398,0.0,89904.0,5415.0,45.0,126.186,9493709844.0
0.498,0.0,89904.0,5415.0,45.0,126.212,9493722443.0
0.597,0.0,89904.0,5415.0,45.0,126.212,9493722443.0
0.698,0.0,89904.0,5415.0,45.0,126.217,9493735069.0
0.798,0.0,89904.0,5415.0,45.0,126.207,9493747686.0
0.909,0.0,89904.0,5415.0,45.0,126.214,9493760293.0
0.998,0.0,89904.0,5415.0,45.0,126.185,9493772897.0
1.098,0.0,89904.0,5415.0,45.0,126.172,9493785506.0
1.198,0.0,89904.0,5415.0,45.0,126.175,9493798101.0
1.298,0.0,89904.0,5415.0,45.0,126.159,9493810691.0
1.398,0.0,89904.0,5415.0,45.0,126.14,9493823301.0
1.497,0.0,89904.0,5415.0,45.0,126.128,9493835899.0
1.597,0.0,89904.0,5415.0,45.0,126.144,9493848502.0
1.698,0.0,89904.0,5415.0,45.0,126.148,9493861136.0
1.798,0.0,89904.0,5415.0,45.0,126.146,9493873754.0
1.896,0.0,89904.0,5415.0,45.0,126.156,9493898976.0
1.998,0.0,89904.0,5415.0,45.0,126.159,9493911578.0
2.096,0.0,89904.0,5415.0,45.0,126.167,9493924159.0
2.197,0.0,89904.0,5415.0,45.0,126.151,9493936769.0
2.297,0.0,89904.0,5415.0,45.0,126.169,9493949362.0
2.398,0.0,89904.0,5415.0,45.0,126.155,9493961967.0
2.497,0.0,89904.0,5415.0,45.0,126.149,9493974559.0
2.597,0.0,89904.0,5415.0,45.0,126.167,9493987166.0
2.698,0.0,89904.0,5415.0,45.0,126.135,9493999780.0
2.797,0.0,89904.0,5415.0,45.0,126.135,9494012397.0
2.896,0.0,89904.0,5415.0,45.0,126.114,9494024994.0
2.998,0.0,89904.0,5415.0,45.0,126.133,9494037632.0
3.096,0.0,89904.0,5415.0,45.0,126.183,9494050259.0
3.197,0.0,89904.0,5415.0,45.0,126.171,9494062852.0
3.298,0.0,89904.0,5415.0,45.0,126.188,9494075459.0
3.398,0.0,89904.0,5415.0,45.0,126.188,9494088062.0
3.496,0.0,89904.0,5415.0,45.0,126.203,9494088062.0
3.597,0.0,89904.0,5415.0,45.0,126.19,9494100681.0
3.697,0.0,89904.0,5415.0,45.0,126.202,9494113286.0
3.798,0.0,89904.0,5415.0,45.0,126.181,9494125859.0
3.898,0.0,89904.0,5415.0,45.0,126.17,9494138474.0
3.998,0.0,89904.0,5415.0,45.0,126.149,9494151083.0
4.098,0.0,89904.0,5415.0,45.0,126.138,9494163683.0
4.198,0.0,89904.0,5415.0,45.0,126.12,9494176303.0
4.297,0.0,89904.0,5415.0,45.0,126.138,9494188907.0
4.397,0.0,89904.0,5415.0,45.0,126.142,9494201503.0
4.497,0.0,89904.0,5415.0,45.0,126.144,9494214111.0
4.596,0.0,89904.0,5415.0,45.0,126.138,9494226716.0
4.699,0.0,89904.0,5415.0,45.0,126.15,9494251933.0
4.798,0.0,89904.0,5415.0,45.0,126.156,9494264542.0
4.898,0.0,89904.0,5415.0,45.0,126.165,9494277158.0
4.998,0.0,89904.0,5415.0,45.0,126.15,9494289734.0
5.097,0.0,89904.0,5415.0,45.0,126.125,9494302325.0
5.197,0.0,89904.0,5415.0,45.0,126.12,9494314939.0
5.298,0.0,89904.0,5415.0,45.0,126.105,9494327531.0
5.398,0.0,89904.0,5415.0,45.0,126.074,9494340107.0
5.498,0.0,89904.0,5415.0,45.0,126.076,9494352728.0
5.597,0.0,89904.0,5415.0,45.0,126.062,9494365330.0
5.698,0.0,89904.0,5415.0,45.0,126.059,9494377932.0
5.798,0.0,89904.0,5415.0,45.0,126.066,9494390521.0
5.898,0.0,89904.0,5415.0,45.0,126.059,9494403139.0
5.999,0.0,89904.0,5415.0,45.0,126.045,9494415738.0
6.098,0.0,89904.0,5415.0,45.0,126.059,9494428325.0
6.198,0.0,89904.0,5415.0,45.0,126.085,9494440954.0
6.298,0.0,89904.0,5415.0,45.0,126.105,9494453557.0
6.397,0.0,89904.0,5415.0,45.0,126.137,9494466168.0
6.497,0.0,89904.0,5415.0,45.0,126.121,9494466168.0
6.597,0.0,89904.0,5415.0,45.0,126.141,9494478764.0
6.697,0.0,89904.0,5415.0,45.0,126.125,9494491367.0
6.797,0.0,89904.0,5415.0,45.0,126.132,9494503970.0
6.898,0.0,89904.0,5415.0,45.0,126.135,9494516575.0
6.998,0.0,89904.0,5415.0,45.0,126.146,9494529162.0
7.098,0.0,89904.0,5415.0,45.0,126.13,9494541758.0
7.197,0.0,89904.0,5415.0,45.0,126.138,9494554363.0
7.298,0.0,89904.0,5415.0,45.0,126.122,9494566963.0
7.398,0.0,89904.0,5415.0,45.0,126.11,9494579556.0
7.498,0.0,89904.0,5415.0,45.0,126.114,9494592174.0
7.598,0.0,89904.0,5415.0,45.0,126.124,9494604756.0
7.698,0.0,89904.0,5415.0,45.0,126.14,9494630008.0
7.798,0.0,89904.0,5415.0,45.0,126.131,9494642619.0
7.898,0.0,89904.0,5415.0,45.0,126.131,9494655200.0
7.997,0.0,89904.0,5415.0,45.0,126.114,9494667809.0
8.097,0.0,89904.0,5415.0,45.0,126.132,9494680422.0
8.198,0.0,89904.0,5415.0,45.0,126.108,9494693011.0
8.298,0.0,89904.0,5415.0,45.0,126.11,9494705586.0
8.398,0.0,89904.0,5415.0,45.0,126.089,9494718181.0
8.497,0.0,89904.0,5415.0,45.0,126.071,9494730775.0
8.598,0.0,89904.0,5415.0,45.0,126.059,9494743377.0
8.697,0.0,89904.0,5415.0,45.0,126.062,9494755990.0
8.798,0.0,89904.0,5415.0,45.0,126.037,9494768586.0
8.897,0.0,89904.0,5415.0,45.0,126.033,9494781181.0
8.998,0.0,89904.0,5415.0,45.0,126.022,9494793780.0
9.098,0.0,89904.0,5415.0,45.0,126.043,9494806388.0
9.198,0.0,89904.0,5415.0,45.0,126.041,9494818983.0
9.298,0.0,89904.0,5415.0,45.0,126.041,9494818983.0
9.397,0.0,89904.0,5415.0,45.0,126.074,9494831562.0
9.498,0.0,89904.0,5415.0,45.0,126.068,9494844172.0
9.598,0.0,89904.0,5415.0,45.0,126.095,9494856775.0
9.698,0.0,89904.0,5415.0,45.0,126.086,9494869385.0
9.798,0.0,89904.0,5415.0,45.0,126.075,9494881966.0
9.898,0.0,89904.0,5415.0,45.0,126.061,9494894575.0
9.998,0.0,89904.0,5415.0,45.0,126.031,9494907144.0
10.097,0.0,89904.0,5415.0,45.0,126.005,9494919701.0
10.198,0.0,89904.0,5415.0,45.0,125.987,9494932300.0
10.297,0.0,89904.0,5415.0,45.0,126.002,9494944900.0
10.398,0.0,89904.0,5415.0,45.0,126.015,9494957503.0
10.498,0.0,89904.0,5415.0,45.0,126.008,9494970112.0
10.598,0.0,89904.0,5415.0,45.0,126.007,9494995323.0
10.698,0.0,89904.0,5415.0,45.0,126.014,9495007938.0
10.798,0.0,89904.0,5415.0,45.0,126.015,9495020533.0
10.897,0.0,89904.0,5415.0,45.0,126.038,9495033154.0
10.998,0.0,89904.0,5415.0,45.0,126.092,9495045743.0
11.099,0.0,89904.0,5415.0,45.0,126.091,9495058326.0
11.198,0.0,89904.0,5415.0,45.0,126.079,9495070925.0
11.297,0.0,89904.0,5415.0,45.0,126.096,9495083532.0
11.397,0.0,89904.0,5415.0,45.0,126.083,9495096104.0
11.498,0.0,89904.0,5415.0,45.0,126.084,9495108720.0
11.597,0.0,89904.0,5415.0,45.0,126.08,9495121332.0
11.698,0.0,89904.0,5415.0,45.0,126.085,9495133930.0
11.798,0.0,89904.0,5415.0,45.0,126.084,9495146531.0
11.898,0.0,89904.0,5415.0,45.0,126.092,9495159141.0
11.998,0.0,89904.0,5415.0,45.0,126.089,9495171754.0
12.096,0.0,89904.0,5415.0,45.0,126.089,9495171754.0
12.198,0.0,89904.0,5415.0,45.0,126.135,9495184351.0
12.298,0.0,89904.0,5415.0,45.0,126.091,9495196933.0
12.398,0.0,89904.0,5415.0,45.0,126.09,9495209527.0
12.497,0.0,89904.0,5415.0,45.0,126.096,9495222129.0
12.598,0.0,89904.0,5415.0,45.0,126.078,9495234711.0
12.697,0.0,89904.0,5415.0,45.0,126.064,9495247322.0
12.797,0.0,89904.0,5415.0,45.0,126.043,9495259908.0
12.897,0.0,89904.0,5415.0,45.0,126.055,9495272519.0
12.997,0.0,89904.0,5415.0,45.0,126.061,9495285130.0
13.097,0.0,89904.0,5415.0,45.0,126.05,9495297733.0
13.197,0.0,89904.0,5415.0,45.0,126.037,9495310320.0
13.298,0.0,89904.0,5415.0,45.0,126.066,9495322921.0
13.398,0.0,89904.0,5415.0,45.0,126.067,9495348140.0
13.497,0.0,89904.0,5415.0,45.0,126.093,9495360727.0
13.598,0.0,89904.0,5415.0,45.0,126.068,9495373314.0
13.697,0.0,89904.0,5415.0,45.0,126.07,9495385903.0
13.798,0.0,89904.0,5415.0,45.0,126.085,9495398503.0
13.897,0.0,89904.0,5415.0,45.0,126.061,9495411072.0
13.998,0.0,89904.0,5415.0,45.0,126.02,9495423674.0
14.098,0.0,89904.0,5415.0,45.0,126.024,9495436273.0
14.197,0.0,89904.0,5415.0,45.0,126.018,9495448871.0
14.298,0.0,89904.0,5415.0,45.0,126.001,9495461460.0
14.398,0.0,89904.0,5415.0,45.0,125.974,9495474039.0
14.496,0.0,89904.0,5415.0,45.0,125.946,9495486617.0
14.597,0.0,89904.0,5415.0,45.0,125.949,9495499212.0
14.699,0.0,89904.0,5415.0,45.0,125.944,9495511799.0
14.798,0.0,89904.0,5415.0,45.0,125.946,9495524411.0
14.898,0.0,89904.0,5415.0,45.0,125.946,9495524411.0
14.999,0.0,89904.0,5415.0,45.0,125.972,9495537026.0
15.097,0.0,89904.0,5415.0,45.0,125.97,9495549611.0
15.197,0.0,89904.0,5415.0,45.0,125.99,9495562213.0
15.297,0.0,89904.0,5415.0,45.0,125.983,9495574806.0
15.398,0.0,89904.0,5415.0,45.0,126.035,9495587398.0
15.498,0.0,89904.0,5415.0,45.0,126.033,9495600025.0
15.597,0.0,89904.0,5415.0,45.0,126.042,9495612603.0
15.698,0.0,89904.0,5415.0,45.0,126.057,9495625187.0
15.798,0.0,89904.0,5415.0,45.0,126.052,9495637784.0
15.898,0.0,89904.0,5415.0,45.0,126.038,9495650392.0
15.998,0.0,89904.0,5415.0,45.0,126.093,9495662999.0
16.098,0.0,89904.0,5415.0,45.0,126.123,9495675639.0
16.197,0.0,89904.0,5415.0,45.0,126.112,9495700860.0
16.298,0.0,89904.0,5415.0,45.0,126.114,9495713455.0
16.397,0.0,89904.0,5415.0,45.0,126.109,9495726047.0
16.498,0.0,89904.0,5415.0,45.0,126.082,9495738660.0
16.597,0.0,89904.0,5415.0,45.0,126.124,9495751284.0
16.697,0.0,89904.0,5415.0,45.0,126.138,9495763882.0
16.798,0.0,89904.0,5415.0,45.0,126.138,9495776500.0
16.899,0.0,89904.0,5415.0,45.0,126.145,9495789103.0
16.998,0.0,89904.0,5415.0,45.0,126.116,9495801701.0
17.098,0.0,89904.0,5415.0,45.0,126.116,9495814297.0
17.198,0.0,89904.0,5415.0,45.0,126.118,9495826906.0
17.297,0.0,89904.0,5415.0,45.0,126.137,9495839509.0
17.398,0.0,89904.0,5415.0,45.0,126.131,9495852088.0
17.498,0.0,89904.0,5415.0,45.0,126.146,9495864697.0
17.598,0.0,89904.0,5415.0,45.0,126.127,9495877308.0
17.699,0.0,89904.0,5415.0,45.0,126.127,9495877308.0
17.797,0.0,89904.0,5415.0,45.0,126.1,9495889917.0
17.897,0.0,89904.0,5415.0,45.0,126.111,9495902520.0
17.997,0.0,89904.0,5415.0,45.0,126.108,9495915136.0
18.098,0.0,89904.0,5415.0,45.0,126.096,9495927730.0
18.198,0.0,89904.0,5415.0,45.0,126.077,9495940327.0
18.298,0.0,89904.0,5415.0,45.0,126.062,9495952916.0
18.398,0.0,89904.0,5415.0,45.0,126.034,9495965546.0
18.497,0.0,89904.0,5415.0,45.0,126.056,9495978129.0
18.597,0.0,89904.0,5415.0,45.0,126.047,9495990705.0
18.698,0.0,89904.0,5415.0,45.0,126.066,9496003324.0
18.797,0.0,89904.0,5415.0,45.0,126.05,9496015908.0
18.898,0.0,89904.0,5415.0,45.0,126.033,9496028499.0
18.997,0.0,89904.0,5415.0,45.0,126.039,9496053721.0
19.098,0.0,89904.0,5415.0,45.0,126.05,9496066310.0
19.197,0.0,89904.0,5415.0,45.0,126.063,9496078906.0
19.298,0.0,89904.0,5415.0,45.0,126.069,9496091480.0
19.398,0.0,89904.0,5415.0,45.0,126.061,9496104092.0
19.496,0.0,89904.0,5415.0,45.0,126.05,9496116680.0
19.598,0.0,89904.0,5415.0,45.0,126.082,9496129282.0
19.698,0.0,89904.0,5415.0,45.0,126.064,9496141871.0
19.798,0.0,89904.0,5415.0,45.0,126.052,9496154445.0
19.897,0.0,89904.0,5415.0,45.0,126.023,9496167027.0
19.998,0.0,89904.0,5415.0,45.0,126.013,9496179627.0
20.099,0.0,89904.0,5415.0,45.0,125.999,9496192217.0
20.198,0.0,89904.0,5415.0,45.0,125.965,9496204816.0
20.299,0.0,89904.0,5415.0,45.0,125.979,9496217426.0
20.398,0.0,89904.0,5415.0,45.0,126.007,9496230026.0
20.498,0.0,89904.0,5415.0,45.0,125.995,9496242622.0
20.599,0.0,89904.0,5415.0,45.0,125.992,9496242622.0
20.699,0.0,89904.0,5415.0,45.0,125.995,9496255244.0
20.797,0.0,89904.0,5415.0,45.0,126.031,9496267839.0
20.898,0.0,89904.0,5415.0,45.0,126.049,9496280439.0
20.998,0.0,89904.0,5415.0,45.0,126.04,9496293033.0
21.097,0.0,89904.0,5415.0,45.0,126.052,9496305606.0
21.198,0.0,89904.0,5415.0,45.0,126.061,9496318202.0
21.298,0.0,89904.0,5415.0,45.0,126.045,9496330797.0
21.398,0.0,89904.0,5415.0,45.0,126.046,9496343388.0
21.497,0.0,89904.0,5415.0,45.0,126.06,9496355994.0
21.598,0.0,89904.0,5415.0,45.0,126.054,9496368602.0
21.697,0.0,89904.0,5415.0,45.0,126.062,9496381218.0
21.798,0.0,89904.0,5415.0,45.0,126.046,9496393786.0
21.898,0.0,89904.0,5415.0,45.0,126.032,9496418980.0
21.998,0.0,89904.0,5415.0,45.0,126.035,9496431576.0
22.098,0.0,89904.0,5415.0,45.0,126.041,9496444155.0
22.197,0.0,89904.0,5415.0,45.0,126.03,9496456771.0
22.298,0.0,89904.0,5415.0,45.0,126.045,9496469362.0
22.398,0.0,89904.0,5415.0,45.0,126.056,9496481951.0
22.498,0.0,89904.0,5415.0,45.0,126.049,9496494558.0
22.598,0.0,89904.0,5415.0,45.0,126.027,9496507168.0
22.697,0.0,89904.0,5415.0,45.0,126.039,9496519766.0
22.798,0.0,89904.0,5415.0,45.0,126.043,9496532394.0
22.898,0.0,89904.0,5415.0,45.0,126.096,9496545009.0
22.998,0.0,89904.0,5415.0,45.0,126.109,9496557618.0
23.097,0.0,89904.0,5415.0,45.0,126.122,9496570222.0
23.196,0.0,89904.0,5415.0,45.0,126.154,9496582850.0
23.298,0.0,89904.0,5415.0,45.0,126.138,9496595459.0
23.396,0.0,89904.0,5415.0,45.0,126.15,9496608055.0
23.498,0.0,89904.0,5415.0,45.0,126.175,9496620644.0
23.598,0.0,89904.0,5415.0,45.0,126.158,9496620644.0
23.697,0.0,89904.0,5415.0,45.0,126.151,9496633253.0
23.798,0.0,89904.0,5415.0,45.0,126.136,9496645846.0
23.898,0.0,89904.0,5415.0,45.0,126.079,9496658403.0
23.998,0.0,89904.0,5415.0,45.0,126.058,9496671019.0
24.098,0.0,89904.0,5415.0,45.0,126.001,9496683595.0
24.199,0.0,89904.0,5415.0,45.0,126.012,9496696178.0
24.298,0.0,89904.0,5415.0,45.0,125.988,9496708785.0
24.398,0.0,89904.0,5415.0,45.0,125.954,9496721391.0
24.498,0.0,89904.0,5415.0,45.0,125.986,9496733983.0
24.598,0.0,89904.0,5415.0,45.0,125.989,9496746562.0
24.698,0.0,89904.0,5415.0,45.0,125.986,9496759170.0
24.797,0.0,89904.0,5415.0,45.0,125.998,9496771781.0
24.896,0.0,89904.0,5415.0,45.0,125.992,9496784346.0
24.998,0.0,89904.0,5415.0,45.0,126.009,9496809541.0
25.098,0.0,89904.0,5415.0,45.0,126.045,9496822125.0
25.197,0.0,89904.0,5415.0,45.0,125.984,9496834711.0
25.296,0.0,89904.0,5415.0,45.0,125.987,9496847288.0
25.397,0.0,89904.0,5415.0,45.0,125.986,9496859889.0
25.498,0.0,89904.0,5415.0,45.0,125.976,9496872474.0
25.598,0.0,89904.0,5415.0,45.0,125.965,9496885061.0
25.698,0.0,89904.0,5415.0,45.0,125.962,9496897648.0
25.798,0.0,89904.0,5415.0,45.0,125.964,9496910255.0
25.898,0.0,89904.0,5415.0,45.0,125.976,9496922837.0
25.998,0.0,89904.0,5415.0,45.0,125.966,9496935441.0
26.098,0.0,89904.0,5415.0,45.0,125.945,9496948034.0
26.198,0.0,89904.0,5415.0,45.0,125.968,9496960604.0
26.298,0.0,89904.0,5415.0,45.0,125.973,9496973207.0
26.397,0.0,89904.0,5415.0,45.0,125.983,9496985811.0
26.498,0.0,89904.0,5415.0,45.0,125.983,9496998404.0
26.598,0.0,89904.0,5415.0,45.0,125.978,9496998404.0
26.697,0.0,89904.0,5415.0,45.0,126.004,9497011002.0
26.798,0.0,89904.0,5415.0,45.0,126.004,9497023595.0
26.898,0.0,89904.0,5415.0,45.0,126.004,9497036209.0
26.998,0.0,89904.0,5415.0,45.0,126.011,9497048806.0
27.098,0.0,89904.0,5415.0,45.0,126.039,9497061371.0
27.198,0.0,89904.0,5415.0,45.0,126.031,9497073982.0
27.298,0.0,89904.0,5415.0,45.0,126.043,9497086564.0
27.398,0.0,89904.0,5415.0,45.0,126.039,9497099159.0
27.499,0.0,89904.0,5415.0,45.0,126.06,9497111764.0
27.598,0.0,89904.0,5415.0,45.0,126.079,9497124365.0
27.698,0.0,89904.0,5415.0,45.0,126.096,9497136992.0
27.798,0.0,89904.0,5415.0,45.0,126.09,9497149588.0
27.898,0.0,89904.0,5415.0,45.0,126.088,9497174776.0
27.998,0.0,89904.0,5415.0,45.0,126.102,9497187356.0
28.098,0.0,89904.0,5415.0,45.0,126.058,9497199944.0
28.198,0.0,89904.0,5415.0,45.0,126.081,9497212544.0
28.298,0.0,89904.0,5415.0,45.0,126.076,9497225161.0
28.397,0.0,89904.0,5415.0,45.0,126.079,9497237759.0
28.498,0.0,89904.0,5415.0,45.0,126.057,9497250350.0
28.598,0.0,89904.0,5415.0,45.0,126.03,9497262963.0
28.698,0.0,89904.0,5415.0,45.0,126.014,9497275555.0
28.798,0.0,89904.0,5415.0,45.0,126.015,9497288151.0
28.898,0.0,89904.0,5415.0,45.0,126.048,9497300771.0
28.998,0.0,89904.0,5415.0,45.0,126.071,9497313380.0
29.098,0.0,89904.0,5415.0,45.0,126.077,9497325950.0
29.198,0.0,89904.0,5415.0,45.0,126.008,9497338476.0
29.298,0.0,89904.0,5415.0,45.0,125.927,9497350991.0
29.398,0.0,89904.0,5415.0,45.0,125.834,9497363484.0
29.498,0.0,89904.0,5415.0,45.0,125.834,9497363484.0
29.598,0.0,89904.0,5415.0,45.0,125.763,9497375997.0
29.698,0.0,89904.0,5415.0,45.0,125.679,9497388493.0
29.798,0.0,89904.0,5415.0,45.0,125.576,9497401002.0
29.898,0.0,89904.0,5415.0,45.0,125.472,9497413509.0
29.998,0.0,89904.0,5415.0,45.0,125.378,9497426036.0
30.098,0.0,89904.0,5415.0,45.0,125.277,9497438554.0
30.197,0.0,89904.0,5415.0,45.0,125.157,9497451048.0
30.297,0.0,89904.0,5415.0,45.0,125.134,9497463540.0
30.398,0.0,89904.0,5415.0,45.0,125.119,9497476044.0
30.498,0.0,89904.0,5415.0,45.0,125.116,9497488541.0
30.598,0.0,89904.0,5415.0,45.0,125.12,9497501033.0
30.698,0.0,89904.0,5415.0,45.0,125.125,9497513565.0
30.798,0.0,89904.0,5415.0,45.0,125.144,9497538594.0
30.898,0.0,89904.0,5415.0,45.0,125.147,9497551101.0
30.998,0.0,89904.0,5415.0,45.0,125.153,9497563636.0
31.096,0.0,89904.0,5415.0,45.0,125.159,9497576183.0
31.196,0.0,89904.0,5415.0,45.0,125.172,9497588691.0
31.306,0.0,89904.0,5415.0,45.0,125.193,9497601183.0
31.398,0.0,89904.0,5415.0,45.0,125.198,9497613695.0
31.497,0.0,89904.0,5415.0,45.0,125.242,9497626232.0
31.598,0.0,89904.0,5415.0,45.0,125.264,9497638766.0
31.698,0.0,89904.0,5415.0,45.0,125.294,9497651321.0
31.798,0.0,89904.0,5415.0,45.0,125.336,9497663870.0
31.898,0.0,89904.0,5415.0,45.0,125.385,9497676416.0
31.998,0.0,89904.0,5415.0,45.0,125.421,9497689000.0
32.098,0.0,89904.0,5415.0,45.0,125.441,9497701539.0
32.198,0.0,89904.0,5415.0,45.0,125.47,9497714080.0
32.298,0.0,89904.0,5415.0,45.0,125.47,9497726606.0
32.398,0.0,89904.0,5415.0,45.0,125.482,9497726606.0
32.497,0.0,89904.0,5415.0,45.0,125.538,9497739170.0
32.598,0.0,89904.0,5415.0,45.0,125.516,9497751692.0
32.698,0.0,89904.0,5415.0,45.0,125.517,9497764230.0
32.798,0.0,89904.0,5415.0,45.0,125.52,9497776772.0
32.898,0.0,89904.0,5415.0,45.0,125.536,9497789352.0
32.999,0.0,89904.0,5415.0,45.0,125.519,9497801884.0
33.098,0.0,89904.0,5415.0,45.0,125.536,9497814443.0
33.199,0.0,89904.0,5415.0,45.0,125.548,9497826989.0
33.298,0.0,89904.0,5415.0,45.0,125.572,9497839563.0
33.398,0.0,89904.0,5415.0,45.0,125.578,9497852116.0
33.498,0.0,89904.0,5415.0,45.0,125.613,9497864679.0
33.598,0.0,89904.0,5415.0,45.0,125.651,9497889808.0
33.698,0.0,89904.0,5415.0,45.0,125.662,9497902353.0
33.797,0.0,89904.0,5415.0,45.0,125.642,9497914911.0
33.899,0.0,89904.0,5415.0,45.0,125.657,9497927451.0
33.998,0.0,89904.0,5415.0,45.0,125.636,9497939991.0
34.098,0.0,89904.0,5415.0,45.0,125.613,9497952531.0
34.198,0.0,89904.0,5415.0,45.0,125.608,9497965095.0
34.298,0.0,89904.0,5415.0,45.0,125.588,9497977649.0
34.398,0.0,89904.0,5415.0,45.0,125.576,9497990177.0
34.498,0.0,89904.0,5415.0,45.0,125.569,9498002726.0
34.598,0.0,89904.0,5415.0,45.0,125.543,9498015278.0
34.698,0.0,89904.0,5415.0,45.0,125.544,9498027830.0
34.798,0.0,89904.0,5415.0,45.0,125.547,9498040378.0
34.898,0.0,89904.0,5415.0,45.0,125.596,9498052997.0
34.998,0.0,89904.0,5415.0,45.0,125.626,9498065542.0
35.097,0.0,89904.0,5415.0,45.0,125.632,9498078098.0
35.196,0.0,89904.0,5415.0,45.0,125.647,9498078098.0
35.296,0.0,89904.0,5415.0,45.0,125.637,9498090654.0
35.398,0.0,89904.0,5415.0,45.0,125.631,9498103193.0
35.498,0.0,89904.0,5415.0,45.0,125.627,9498115739.0
35.598,0.0,89904.0,5415.0,45.0,125.65,9498128286.0
35.698,0.0,89904.0,5415.0,45.0,125.67,9498140849.0
35.798,0.0,89904.0,5415.0,45.0,125.654,9498153417.0
35.898,0.0,89904.0,5415.0,45.0,125.59,9498165958.0
35.998,0.0,89904.0,5415.0,45.0,125.599,9498178513.0
36.098,0.0,89904.0,5415.0,45.0,125.599,9498191083.0
36.198,0.0,89904.0,5415.0,45.0,125.591,9498203618.0
36.298,0.0,89904.0,5415.0,45.0,125.586,9498216162.0
36.398,0.0,89904.0,5415.0,45.0,125.606,9498228729.0
36.498,0.0,89904.0,5415.0,45.0,125.618,9498241286.0
36.598,0.0,89904.0,5415.0,45.0,125.604,9498266393.0
36.698,0.0,89904.0,5415.0,45.0,125.584,9498278953.0
36.798,0.0,89904.0,5415.0,45.0,125.612,9498291512.0
36.898,0.0,89904.0,5415.0,45.0,125.628,9498304069.0
36.998,0.0,89904.0,5415.0,45.0,125.638,9498316638.0
37.098,0.0,89904.0,5415.0,45.0,125.634,9498329192.0
37.198,0.0,89904.0,5415.0,45.0,125.625,9498341731.0
37.298,0.0,89904.0,5415.0,45.0,125.627,9498354280.0
37.398,0.0,89904.0,5415.0,45.0,125.618,9498366844.0
37.499,0.0,89904.0,5415.0,45.0,125.632,9498379396.0
37.597,0.0,89904.0,5415.0,45.0,125.611,9498391936.0
37.699,0.0,89904.0,5415.0,45.0,125.572,9498404456.0
37.799,0.0,89904.0,5415.0,45.0,125.575,9498417016.0
37.898,0.0,89904.0,5415.0,45.0,125.563,9498429561.0
37.997,0.0,89904.0,5415.0,45.0,125.54,9498442115.0
38.098,0.0,89904.0,5415.0,45.0,125.521,9498454644.0
38.198,0.0,89904.0,5415.0,45.0,125.513,9498467171.0
38.298,0.0,89904.0,5415.0,45.0,125.513,9498467171.0
38.399,0.0,89904.0,5415.0,45.0,125.513,9498479714.0
38.498,0.0,89904.0,5415.0,45.0,125.52,9498492286.0
38.598,0.0,89904.0,5415.0,45.0,125.49,9498504820.0
38.698,0.0,89904.0,5415.0,45.0,125.468,9498517353.0
38.798,0.0,89904.0,5415.0,45.0,125.493,9498529900.0
38.898,0.0,89904.0,5415.0,45.0,125.505,9498542476.0
38.998,0.0,89904.0,5415.0,45.0,125.514,9498555032.0
39.098,0.0,89904.0,5415.0,45.0,125.509,9498567555.0
39.198,0.0,89904.0,5415.0,45.0,125.534,9498580101.0
39.298,0.0,89904.0,5415.0,45.0,125.529,9498592652.0
39.398,0.0,89904.0,5415.0,45.0,125.537,9498605193.0
39.498,0.0,89904.0,5415.0,45.0,125.567,9498617758.0
39.598,0.0,89904.0,5415.0,45.0,125.61,9498642887.0
39.698,0.0,89904.0,5415.0,45.0,125.594,9498655418.0
39.798,0.0,89904.0,5415.0,45.0,125.543,9498667949.0
39.898,0.0,89904.0,5415.0,45.0,125.553,9498680483.0
39.997,0.0,89904.0,5415.0,45.0,125.554,9498693039.0
40.098,0.0,89904.0,5415.0,45.0,125.562,9498705592.0
40.197,0.0,89904.0,5415.0,45.0,125.591,9498718172.0
40.298,0.0,89904.0,5415.0,45.0,125.568,9498730700.0
40.398,0.0,89904.0,5415.0,45.0,125.582,9498743252.0
40.499,0.0,89904.0,5415.0,45.0,125.574,9498755812.0
40.598,0.0,89904.0,5415.0,45.0,125.537,9498768357.0
40.697,0.0,89904.0,5415.0,45.0,125.545,9498780894.0
40.798,0.0,89904.0,5415.0,45.0,125.583,9498793454.0
40.898,0.0,89904.0,5415.0,45.0,125.608,9498806019.0
40.998,0.0,89904.0,5415.0,45.0,125.623,9498818582.0
41.098,0.0,89904.0,5415.0,45.0,125.623,9498818582.0
41.198,0.0,89904.0,5415.0,45.0,125.617,9498831138.0
41.298,0.0,89904.0,5415.0,45.0,125.603,9498843687.0
41.398,0.0,89904.0,5415.0,45.0,125.641,9498856266.0
41.496,0.0,89904.0,5415.0,45.0,125.641,9498868823.0
41.597,0.0,89904.0,5415.0,45.0,125.64,9498881389.0
41.696,0.0,89904.0,5415.0,45.0,125.673,9498893942.0
41.796,0.0,89906.0,5413.0,45.0,125.686,9498906707.0
41.896,12.0,89906.0,5413.0,53.0,186.711,9498936623.0
41.997,99.0,89906.0,5413.0,53.0,227.783,9499047074.0
42.098,99.0,89906.0,5413.0,56.0,277.616,9499110635.0
42.196,95.0,89906.0,5413.0,56.0,317.634,9499167977.0
42.297,95.0,89906.0,5413.0,58.0,365.604,9499229466.0
42.398,100.0,89906.0,5413.0,55.0,386.624,9499262310.0
42.498,100.0,89906.0,5413.0,51.0,387.199,9499275433.0
42.598,0.0,89906.0,5413.0,49.0,406.943,9499311329.0
42.697,0.0,89906.0,5413.0,57.0,454.186,9499372406.0
42.797,100.0,89906.0,5413.0,60.0,480.96,9499427267.0
42.897,100.0,89906.0,5413.0,60.0,480.96,9499474462.0
42.998,100.0,89906.0,5413.0,57.0,467.187,9499474462.0
43.096,80.0,89906.0,5413.0,57.0,467.685,9499518123.0
43.198,80.0,89906.0,5413.0,58.0,450.762,9499563646.0
43.296,81.0,89906.0,5413.0,58.0,436.527,9499609563.0
43.396,81.0,89906.0,5413.0,58.0,420.883,9499655763.0
43.497,78.0,89906.0,5413.0,58.0,437.754,9499700808.0
43.598,78.0,89906.0,5413.0,59.0,469.589,9499745601.0
43.698,78.0,89906.0,5413.0,59.0,477.882,9499790708.0
43.798,78.0,89906.0,5413.0,59.0,462.459,9499836831.0
43.898,82.0,89906.0,5413.0,59.0,456.496,9499882230.0
43.996,82.0,89906.0,5413.0,58.0,451.604,9499928617.0
44.098,80.0,89906.0,5413.0,57.0,454.142,9500019026.0
44.196,80.0,89906.0,5413.0,58.0,453.377,9500066768.0
44.297,74.0,89906.0,5413.0,58.0,457.338,9500111358.0
44.398,74.0,89906.0,5413.0,57.0,457.003,9500144927.0
44.498,65.0,89906.0,5413.0,57.0,444.385,9500177624.0
44.598,65.0,89906.0,5413.0,55.0,432.622,9500208542.0
44.698,62.0,89906.0,5413.0,55.0,417.979,9500232866.0
44.798,62.0,89908.0,5411.0,54.0,393.967,9500255733.0
44.898,57.0,89908.0,5411.0,53.0,373.41,9500278161.0
44.998,57.0,89908.0,5411.0,52.0,350.597,9500295435.0
45.098,54.0,89908.0,5411.0,51.0,322.972,9500315026.0
45.197,54.0,89908.0,5411.0,50.0,298.907,9500334472.0
45.298,54.0,89908.0,5411.0,50.0,266.333,9500357452.0
45.398,54.0,89908.0,5411.0,49.0,244.273,9500375319.0
45.498,54.0,89908.0,5411.0,49.0,229.988,9500393654.0
45.598,54.0,89908.0,5411.0,49.0,215.403,9500393654.0
45.698,53.0,89908.0,5411.0,49.0,202.087,9500409454.0
45.798,53.0,89908.0,5411.0,49.0,194.334,9500424786.0
45.898,53.0,89908.0,5411.0,48.0,184.543,9500440710.0
45.998,53.0,89908.0,5411.0,48.0,177.907,9500455669.0
46.098,51.0,89908.0,5411.0,48.0,175.78,9500471173.0
46.200,51.0,89908.0,5411.0,48.0,174.875,9500488933.0
46.297,50.0,89908.0,5411.0,48.0,172.231,9500506315.0
46.398,50.0,89908.0,5411.0,48.0,166.768,9500523968.0
46.498,50.0,89908.0,5411.0,48.0,166.429,9500542282.0
46.598,50.0,89908.0,5411.0,48.0,164.541,9500558700.0
46.698,0.0,89908.0,5411.0,47.0,161.702,9500584359.0
46.798,0.0,89908.0,5411.0,47.0,158.953,9500597109.0
46.897,0.0,89908.0,5411.0,47.0,155.92,9500609864.0
46.998,0.0,89908.0,5411.0,46.0,151.329,9500622621.0
47.098,0.0,89908.0,5411.0,46.0,146.269,9500635380.0
47.197,0.0,89908.0,5411.0,46.0,141.729,9500648126.0
47.298,0.0,89908.0,5411.0,46.0,136.796,9500660851.0
47.398,0.0,89908.0,5411.0,46.0,132.164,9500673565.0
47.496,0.0,89908.0,5411.0,46.0,127.618,9500686273.0
47.598,0.0,89908.0,5411.0,46.0,127.438,9500698981.0
47.698,0.0,89908.0,5411.0,46.0,127.397,9500711673.0
47.796,0.0,89908.0,5411.0,46.0,127.318,9500724359.0
47.896,0.0,89908.0,5411.0,46.0,127.284,9500737077.0
47.998,0.0,89908.0,5411.0,46.0,127.239,9500749792.0
48.098,0.0,89908.0,5411.0,46.0,127.156,9500762464.0
48.197,0.0,89908.0,5411.0,46.0,127.097,9500775139.0
48.298,0.0,89908.0,5411.0,46.0,127.097,9500775139.0
48.397,0.0,89908.0,5411.0,46.0,127.064,9500787836.0
48.498,0.0,89908.0,5411.0,46.0,127.02,9500800513.0
48.598,0.0,89908.0,5411.0,46.0,127.007,9500813193.0
48.698,0.0,89908.0,5411.0,46.0,126.983,9500825883.0
48.796,0.0,89908.0,5411.0,46.0,126.98,9500838565.0
48.897,0.0,89908.0,5411.0,45.0,126.989,9500851250.0
48.998,0.0,89908.0,5411.0,45.0,126.956,9500863918.0
49.098,0.0,89908.0,5411.0,45.0,126.887,9500876589.0
49.198,0.0,89908.0,5411.0,45.0,126.87,9500889240.0
49.298,0.0,89908.0,5411.0,45.0,126.861,9500901891.0
49.398,0.0,89908.0,5411.0,45.0,126.826,9500914573.0
49.497,0.0,89908.0,5411.0,45.0,126.798,9500927225.0
49.597,0.0,89908.0,5411.0,45.0,129.393,9500958893.0
49.698,50.0,89908.0,5411.0,46.0,133.76,9500977096.0
49.797,50.0,89908.0,5411.0,46.0,144.538,9500994181.0
49.897,50.0,89908.0,5411.0,46.0,150.799,9501012443.0
49.998,50.0,89908.0,5411.0,46.0,154.654,9501030743.0
50.098,50.0,89908.0,5411.0,46.0,158.273,9501047451.0
50.198,50.0,89908.0,5411.0,46.0,163.161,9501064278.0
50.298,50.0,89908.0,5411.0,46.0,167.786,9501080844.0
50.398,50.0,89908.0,5411.0,46.0,170.683,9501097519.0
50.498,50.0,89908.0,5411.0,46.0,173.498,9501114800.0
50.597,50.0,89908.0,5411.0,46.0,172.857,9501131982.0
50.698,50.0,89908.0,5411.0,46.0,171.375,9501148893.0
50.798,50.0,89908.0,5411.0,47.0,171.996,9501166148.0
50.896,50.0,89908.0,5411.0,46.0,168.593,9501182248.0
50.997,14.0,89908.0,5411.0,46.0,164.222,9501182248.0
51.098,14.0,89908.0,5411.0,51.0,195.724,9501195388.0
51.196,100.0,89908.0,5411.0,54.0,232.051,9501239555.0
51.299,100.0,89908.0,5411.0,56.0,277.424,9501295459.0
51.399,94.0,89908.0,5411.0,56.0,323.883,9501357188.0
51.498,94.0,89908.0,5411.0,58.0,363.521,9501412750.0
51.598,81.0,89908.0,5411.0,58.0,402.583,9501475394.0
51.699,81.0,89908.0,5411.0,57.0,425.703,9501529539.0
51.798,86.0,89908.0,5411.0,58.0,448.758,9501572834.0
51.898,86.0,89908.0,5411.0,57.0,477.027,9501615856.0
51.998,85.0,89908.0,5411.0,56.0,502.851,9501661192.0
52.098,85.0,89908.0,5411.0,57.0,502.696,9501746628.0
52.199,79.0,89908.0,5411.0,57.0,490.034,9501788911.0
52.297,79.0,89908.0,5411.0,56.0,479.661,9501838089.0
52.397,78.0,89908.0,5411.0,58.0,463.637,9501883668.0
52.497,78.0,89908.0,5411.0,57.0,440.333,9501921419.0
52.599,79.0,89908.0,5411.0,58.0,434.014,9501963424.0
52.697,79.0,89908.0,5411.0,56.0,428.075,9502005157.0
52.798,68.0,89908.0,5411.0,56.0,417.649,9502039299.0
52.898,68.0,89908.0,5411.0,55.0,403.181,9502069969.0
52.998,62.0,89908.0,5411.0,54.0,390.872,9502096513.0
53.097,62.0,89908.0,5411.0,53.0,371.489,9502123546.0
53.197,56.0,89908.0,5411.0,52.0,352.047,9502147637.0
53.298,56.0,89908.0,5411.0,51.0,326.316,9502170383.0
53.397,54.0,89908.0,5411.0,51.0,304.291,9502191311.0
53.499,54.0,89908.0,5411.0,50.0,285.897,9502191311.0
53.599,52.0,89908.0,5411.0,50.0,264.364,9502209994.0
53.699,52.0,89908.0,5411.0,49.0,239.665,9502228965.0
53.797,53.0,89908.0,5411.0,49.0,230.917,9502246585.0
53.898,53.0,89908.0,5411.0,49.0,216.61,9502268597.0
53.996,52.0,89908.0,5411.0,49.0,208.48,9502286961.0
54.098,52.0,89908.0,5411.0,48.0,200.37,9502304757.0
54.198,12.0,89908.0,5411.0,48.0,191.525,9502322092.0
54.298,12.0,89908.0,5411.0,48.0,180.091,9502338347.0
54.398,0.0,89908.0,5411.0,47.0,171.671,9502351156.0
54.498,0.0,89908.0,5411.0,47.0,166.039,9502363993.0
54.598,0.0,89908.0,5411.0,47.0,159.832,9502376810.0
54.698,0.0,89908.0,5411.0,47.0,155.252,9502389623.0
54.796,0.0,89908.0,5411.0,47.0,145.911,9502415165.0
54.898,0.0,89908.0,5411.0,47.0,140.824,9502427950.0
54.998,0.0,89908.0,5411.0,46.0,136.0,9502440690.0
55.096,0.0,89908.0,5411.0,46.0,131.012,9502453459.0
55.198,0.0,89908.0,5411.0,46.0,127.986,9502466213.0
55.298,0.0,89908.0,5411.0,46.0,127.821,9502478931.0
55.396,0.0,89908.0,5411.0,46.0,127.692,9502491641.0
55.496,0.0,89908.0,5411.0,46.0,127.592,9502504368.0
55.598,0.0,89908.0,5411.0,46.0,127.488,9502517070.0
55.698,0.0,89908.0,5411.0,46.0,127.425,9502529769.0
55.798,0.0,89908.0,5411.0,46.0,127.359,9502542476.0
55.898,0.0,89908.0,5411.0,46.0,127.249,9502555158.0
55.998,0.0,89908.0,5411.0,46.0,127.182,9502567828.0
56.098,0.0,89908.0,5411.0,46.0,127.171,9502580560.0
56.198,17.0,89908.0,5411.0,46.0,128.347,9502593938.0
56.298,17.0,89908.0,5411.0,46.0,132.28,9502610467.0
56.399,50.0,89908.0,5411.0,46.0,136.034,9502610467.0
56.498,50.0,89908.0,5411.0,46.0,141.113,9502627009.0
56.598,50.0,89908.0,5411.0,46.0,145.186,9502644365.0
56.698,50.0,89908.0,5411.0,46.0,149.71,9502661464.0
56.797,50.0,89908.0,5411.0,47.0,153.768,9502679004.0
56.898,50.0,89908.0,5411.0,47.0,158.996,9502695812.0
56.998,50.0,89908.0,5411.0,47.0,162.984,9502713273.0
57.098,50.0,89908.0,5411.0,47.0,169.107,9502730392.0
57.198,54.0,89908.0,5411.0,47.0,172.997,9502748116.0
57.298,54.0,89908.0,5411.0,47.0,174.789,9502766688.0
57.398,53.0,89908.0,5411.0,47.0,177.023,9502785789.0
57.496,53.0,89908.0,5411.0,47.0,177.402,9502822242.0
57.597,60.0,89908.0,5411.0,47.0,187.256,9502843992.0
57.696,60.0,89908.0,5411.0,51.0,211.079,9502888794.0
57.796,80.0,89908.0,5411.0,51.0,247.369,9502940482.0
57.898,80.0,89908.0,5411.0,57.0,294.524,9503002330.0
57.998,68.0,89908.0,5411.0,56.0,326.143,9503053942.0
58.097,68.0,89908.0,5411.0,58.0,374.002,9503119093.0
58.198,87.0,89908.0,5411.0,59.0,407.413,9503174966.0
58.298,87.0,89908.0,5411.0,60.0,445.209,9503232233.0
58.397,87.0,89908.0,5411.0,60.0,445.209,9503232233.0
58.498,81.0,89908.0,5411.0,59.0,475.885,9503282842.0
58.598,81.0,89908.0,5411.0,59.0,507.403,9503332500.0
58.698,81.0,89908.0,5411.0,58.0,532.54,9503379653.0
58.797,81.0,89908.0,5411.0,58.0,530.509,9503425212.0
58.898,80.0,89908.0,5411.0,59.0,533.17,9503475661.0
58.998,80.0,89908.0,5411.0,60.0,518.439,9503523920.0
59.098,86.0,89908.0,5411.0,60.0,515.078,9503571198.0
59.198,86.0,89908.0,5411.0,60.0,497.539,9503617293.0
59.298,80.0,89908.0,5411.0,59.0,487.214,9503661931.0
59.397,80.0,89908.0,5411.0,59.0,471.631,9503705512.0
59.498,79.0,89908.0,5411.0,59.0,466.341,9503750851.0
59.598,79.0,89908.0,5411.0,59.0,463.34,9503841804.0
59.698,76.0,89908.0,5411.0,59.0,464.478,9503884720.0
59.798,76.0,89908.0,5411.0,60.0,461.244,9503925583.0
59.899,79.0,89908.0,5411.0,58.0,450.505,9503963714.0
59.998,79.0,89908.0,5411.0,58.0,442.9,9504000190.0
60.098,67.0,89908.0,5411.0,57.0,428.491,9504034958.0
60.198,62.0,89908.0,5411.0,56.0,401.266,9504065035.0
60.299,62.0,89908.0,5411.0,54.0,384.67,9504092149.0
60.398,58.0,89908.0,5411.0,53.0,365.454,9504118390.0
60.498,58.0,89908.0,5411.0,53.0,339.925,9504140551.0
60.598,54.0,89908.0,5411.0,52.0,314.216,9504160229.0
60.698,54.0,89908.0,5411.0,51.0,290.815,9504179920.0
60.798,53.0,89908.0,5411.0,50.0,269.389,9504198957.0
60.898,53.0,89908.0,5411.0,50.0,269.389,9504198957.0
60.999,53.0,89908.0,5411.0,50.0,255.505,9504219773.0
61.098,54.0,89908.0,5411.0,50.0,234.941,9504237548.0
61.198,54.0,89908.0,5411.0,49.0,218.592,9504253936.0
61.298,55.0,89908.0,5411.0,49.0,208.645,9504275752.0
61.398,55.0,89908.0,5411.0,49.0,202.334,9504296234.0
61.498,52.0,89908.0,5411.0,49.0,194.943,9504316034.0
61.599,52.0,89908.0,5411.0,49.0,189.707,9504331790.0
61.698,51.0,89908.0,5411.0,48.0,184.89,9504346949.0
61.799,51.0,89908.0,5411.0,48.0,181.079,9504362410.0
61.899,51.0,89908.0,5411.0,48.0,178.571,9504378718.0
61.998,51.0,89908.0,5411.0,48.0,174.562,9504414273.0
62.098,51.0,89908.0,5411.0,48.0,176.891,9504430684.0
62.198,51.0,89908.0,5411.0,48.0,175.96,9504447806.0
62.298,50.0,89908.0,5411.0,48.0,171.898,9504465607.0
62.398,50.0,89908.0,5411.0,48.0,168.844,9504481986.0
62.498,50.0,89908.0,5411.0,48.0,166.287,9504498846.0
62.598,50.0,89908.0,5411.0,48.0,167.085,9504516572.0
62.698,50.0,89908.0,5411.0,48.0,170.974,9504535581.0
62.798,50.0,89908.0,5411.0,48.0,174.027,9504553275.0
62.901,50.0,89908.0,5411.0,48.0,175.206,9504570954.0
62.998,50.0,89908.0,5411.0,47.0,174.936,9504588852.0
63.098,50.0,89908.0,5411.0,47.0,173.641,9504606531.0
63.199,50.0,89908.0,5411.0,47.0,175.248,9504624249.0
63.298,50.0,89908.0,5411.0,47.0,175.847,9504641424.0
63.398,50.0,89908.0,5411.0,47.0,175.508,9504656291.0
63.498,11.0,89908.0,5411.0,47.0,171.901,9504656291.0
63.598,11.0,89908.0,5411.0,47.0,167.953,9504669152.0
63.698,0.0,89908.0,5411.0,47.0,162.421,9504682009.0
63.798,0.0,89908.0,5411.0,46.0,156.609,9504694860.0
63.898,0.0,89908.0,5411.0,46.0,152.442,9504707689.0
63.997,0.0,89908.0,5411.0,46.0,147.58,9504720491.0
64.098,0.0,89908.0,5411.0,46.0,143.056,9504733329.0
64.198,0.0,89908.0,5411.0,46.0,137.851,9504746118.0
64.298,0.0,89908.0,5411.0,46.0,132.501,9504758888.0
64.399,0.0,89908.0,5411.0,46.0,129.379,9504771689.0
64.499,0.0,89908.0,5411.0,46.0,128.24,9504784480.0
64.596,0.0,89908.0,5411.0,46.0,128.168,9504797236.0
64.697,0.0,89908.0,5411.0,46.0,128.073,9504810013.0
64.796,0.0,89908.0,5411.0,46.0,127.993,9504835550.0
64.896,0.0,89908.0,5411.0,46.0,127.952,9504848335.0
64.998,0.0,89908.0,5411.0,46.0,127.919,9504861121.0
65.098,0.0,89908.0,5411.0,46.0,127.87,9504873839.0
65.196,0.0,89908.0,5411.0,46.0,127.797,9504886602.0
65.297,0.0,89908.0,5411.0,46.0,127.762,9504899366.0
65.398,0.0,89908.0,5411.0,46.0,127.73,9504912102.0
65.499,0.0,89908.0,5411.0,46.0,127.654,9504924690.0
65.598,0.0,89908.0,5411.0,46.0,127.462,9504937292.0
65.696,1.0,89908.0,5411.0,46.0,132.832,9504953812.0
65.798,51.0,89908.0,5411.0,46.0,137.386,9504970867.0
65.896,51.0,89908.0,5411.0,46.0,174.983,9505001873.0
65.998,94.0,89908.0,5411.0,54.0,218.935,9505060128.0
66.099,94.0,89908.0,5411.0,56.0,239.292,9505107012.0
66.198,94.0,89908.0,5411.0,56.0,239.292,9505132614.0
66.298,62.0,89908.0,5411.0,51.0,251.987,9505132614.0
66.398,62.0,89908.0,5411.0,51.0,267.055,9505159121.0
66.498,62.0,89908.0,5411.0,51.0,281.066,9505187678.0
66.598,62.0,89908.0,5411.0,51.0,295.103,9505211749.0
66.698,62.0,89908.0,5411.0,51.0,309.379,9505240608.0
66.796,62.0,89908.0,5411.0,50.0,314.505,9505267372.0
66.898,62.0,89908.0,5411.0,51.0,323.129,9505294804.0
66.998,62.0,89908.0,5411.0,50.0,307.058,9505319240.0
67.098,59.0,89908.0,5411.0,50.0,268.089,9505343870.0
67.198,59.0,89908.0,5411.0,50.0,258.596,9505368566.0
67.298,55.0,89908.0,5411.0,50.0,253.911,9505391176.0
67.398,55.0,89908.0,5411.0,49.0,245.417,9505427497.0
67.497,54.0,89908.0,5411.0,49.0,236.258,9505445954.0
67.598,54.0,89908.0,5411.0,49.0,231.547,9505467290.0
67.698,53.0,89908.0,5411.0,48.0,223.49,9505483974.0
67.798,53.0,89908.0,5411.0,48.0,210.901,9505501446.0
67.898,53.0,89908.0,5411.0,48.0,205.838,9505518579.0
67.998,53.0,89908.0,5411.0,48.0,196.575,9505537492.0
68.098,52.0,89908.0,5411.0,48.0,193.335,9505553885.0
68.198,52.0,89908.0,5411.0,48.0,183.202,9505569282.0
68.298,52.0,89908.0,5411.0,47.0,178.556,9505585539.0
68.398,52.0,89908.0,5411.0,47.0,175.817,9505600501.0
68.498,52.0,89908.0,5411.0,47.0,172.466,9505614954.0
68.598,52.0,89908.0,5411.0,47.0,166.081,9505629426.0
68.698,52.0,89908.0,5411.0,47.0,161.111,9505645326.0
68.798,52.0,89908.0,5411.0,47.0,164.327,9505645326.0
68.898,52.0,89908.0,5411.0,47.0,167.281,9505668088.0
68.998,52.0,89908.0,5411.0,47.0,166.078,9505685343.0
69.098,51.0,89908.0,5411.0,47.0,163.134,9505700839.0
69.197,51.0,89908.0,5411.0,47.0,164.889,9505718536.0
69.298,50.0,89908.0,5411.0,47.0,165.01,9505735305.0
69.398,50.0,89908.0,5411.0,46.0,162.339,9505749703.0
69.498,0.0,89908.0,5411.0,46.0,160.448,9505762467.0
69.598,0.0,89908.0,5411.0,46.0,158.753,9505775257.0
69.698,0.0,89908.0,5411.0,46.0,156.93,9505787935.0
69.799,0.0,89908.0,5411.0,46.0,150.951,9505800612.0
69.898,0.0,89908.0,5411.0,46.0,142.225,9505813258.0
69.997,0.0,89908.0,5411.0,46.0,139.303,9505825890.0
70.098,0.0,89908.0,5411.0,46.0,136.478,9505851175.0
70.197,0.0,89908.0,5411.0,46.0,130.524,9505863773.0
70.296,0.0,89908.0,5411.0,46.0,126.883,9505876375.0
70.397,0.0,89908.0,5411.0,46.0,126.683,9505888999.0
70.498,0.0,89908.0,5411.0,46.0,126.507,9505901589.0
70.597,0.0,89908.0,5411.0,46.0,126.377,9505914181.0
70.698,0.0,89908.0,5411.0,46.0,126.269,9505926778.0
70.797,0.0,89908.0,5411.0,46.0,126.181,9505939356.0
70.898,0.0,89908.0,5411.0,45.0,126.135,9505951941.0
70.998,0.0,89908.0,5411.0,45.0,126.112,9505964518.0
71.098,0.0,89908.0,5411.0,45.0,126.063,9505977083.0
71.198,0.0,89908.0,5411.0,45.0,125.91,9505989632.0
71.298,0.0,89908.0,5411.0,46.0,126.789,9506002182.0
71.398,51.0,89908.0,5411.0,46.0,130.383,9506017979.0
71.498,51.0,89908.0,5411.0,46.0,130.383,9506034730.0
71.598,51.0,89908.0,5411.0,46.0,135.439,9506034730.0
71.696,50.0,89908.0,5411.0,46.0,138.988,9506051823.0
71.798,50.0,89908.0,5411.0,49.0,156.903,9506068325.0
71.898,90.0,89908.0,5411.0,55.0,205.564,9506121122.0
71.998,90.0,89908.0,5411.0,55.0,240.871,9506175993.0
72.098,76.0,89908.0,5411.0,54.0,264.827,9506218103.0
72.198,76.0,89908.0,5411.0,54.0,289.664,9506256846.0
72.297,73.0,89908.0,5411.0,54.0,312.125,9506293925.0
72.397,73.0,89908.0,5411.0,55.0,335.513,9506332464.0
72.498,77.0,89908.0,5411.0,55.0,359.38,9506371874.0
72.597,77.0,89908.0,5411.0,55.0,382.208,9506410724.0
72.698,75.0,89908.0,5411.0,56.0,412.653,9506496414.0
72.797,75.0,89908.0,5411.0,56.0,427.897,9506543407.0
72.897,78.0,89908.0,5411.0,56.0,415.467,9506587076.0
72.998,78.0,89908.0,5411.0,57.0,407.507,9506629297.0
73.097,78.0,89908.0,5411.0,56.0,409.2,9506672815.0
73.197,78.0,89908.0,5411.0,56.0,416.223,9506715124.0
73.297,77.0,89908.0,5411.0,56.0,418.716,9506751256.0
73.397,77.0,89908.0,5411.0,56.0,417.623,9506790058.0
73.497,71.0,89908.0,5411.0,56.0,417.398,9506829940.0
73.598,71.0,89908.0,5411.0,56.0,417.344,9506867884.0
73.697,71.0,89908.0,5411.0,56.0,413.567,9506907626.0
73.798,71.0,89908.0,5411.0,56.0,403.115,9506947163.0
73.898,76.0,89908.0,5411.0,57.0,395.524,9506985133.0
73.998,69.0,89908.0,5411.0,55.0,392.636,9507024352.0
74.097,69.0,89908.0,5411.0,55.0,392.636,9507061392.0
74.198,69.0,89908.0,5411.0,56.0,387.937,9507061392.0
74.298,74.0,89908.0,5411.0,56.0,388.859,9507100585.0
74.398,74.0,89908.0,5411.0,56.0,393.619,9507143723.0
74.497,72.0,89908.0,5411.0,56.0,390.364,9507183285.0
74.597,72.0,89908.0,5411.0,53.0,384.955,9507218788.0
74.699,3.0,89908.0,5411.0,51.0,359.937,9507238701.0
74.797,3.0,89908.0,5411.0,50.0,331.751,9507251720.0
74.898,57.0,89908.0,5411.0,56.0,341.924,9507279411.0
74.998,57.0,89908.0,5411.0,54.0,340.721,9507324231.0
75.097,69.0,89908.0,5411.0,54.0,337.192,9507359003.0
75.197,69.0,89908.0,5411.0,53.0,326.226,9507392577.0
75.296,65.0,89908.0,5411.0,53.0,315.096,9507449658.0
75.398,65.0,89908.0,5411.0,53.0,301.465,9507480372.0
75.498,62.0,89908.0,5411.0,52.0,294.913,9507509665.0
75.597,62.0,89908.0,5411.0,52.0,290.52,9507535801.0
75.698,60.0,89908.0,5411.0,52.0,300.308,9507559657.0
75.796,60.0,89908.0,5411.0,51.0,308.343,9507583625.0
75.897,57.0,89908.0,5411.0,51.0,293.705,9507604713.0
75.996,57.0,89908.0,5411.0,50.0,274.363,9507625204.0
76.096,53.0,89908.0,5411.0,50.0,260.752,9507648587.0
76.197,53.0,89908.0,5411.0,49.0,254.096,9507667702.0
76.296,53.0,89908.0,5411.0,49.0,242.259,9507685655.0
76.397,53.0,89908.0,5411.0,49.0,231.727,9507705253.0
76.498,54.0,89908.0,5411.0,48.0,206.576,9507721894.0
76.597,54.0,89908.0,5411.0,48.0,206.576,9507740476.0
76.698,52.0,89908.0,5411.0,48.0,201.889,9507740476.0
76.798,52.0,89908.0,5411.0,48.0,196.775,9507759253.0
76.898,52.0,89908.0,5411.0,48.0,190.552,9507775051.0
76.998,52.0,89908.0,5411.0,48.0,188.696,9507795319.0
77.098,51.0,89908.0,5411.0,48.0,185.113,9507812948.0
77.198,51.0,89908.0,5411.0,48.0,180.565,9507830760.0
77.298,51.0,89908.0,5411.0,48.0,177.21,9507845476.0
77.398,51.0,89908.0,5411.0,48.0,174.219,9507860960.0
77.498,51.0,89908.0,5411.0,48.0,170.205,9507876517.0
77.598,51.0,89908.0,5411.0,48.0,171.72,9507893281.0
77.699,50.0,89908.0,5411.0,47.0,171.008,9507911183.0
77.796,50.0,89908.0,5411.0,47.0,169.569,9507946827.0
77.896,50.0,89908.0,5411.0,47.0,171.524,9507961998.0
77.996,50.0,89908.0,5411.0,47.0,164.867,9507974774.0
78.096,0.0,89908.0,5411.0,47.0,158.95,9507987441.0
78.198,0.0,89908.0,5411.0,46.0,155.229,9508000026.0
78.298,0.0,89908.0,5411.0,46.0,152.966,9508012556.0
78.398,0.0,89908.0,5411.0,46.0,149.554,9508025109.0
78.498,0.0,89908.0,5411.0,46.0,147.06,9508037640.0
78.598,0.0,89908.0,5411.0,46.0,142.337,9508050131.0
78.698,0.0,89908.0,5411.0,46.0,137.212,9508062623.0
78.798,0.0,89908.0,5411.0,46.0,131.209,9508075150.0
78.898,0.0,89908.0,5411.0,46.0,126.211,9508087613.0
78.998,0.0,89908.0,5411.0,46.0,125.571,9508100103.0
79.098,0.0,89908.0,5411.0,46.0,125.304,9508112596.0
79.196,0.0,89908.0,5411.0,46.0,125.194,9508125100.0
79.297,0.0,89908.0,5411.0,46.0,125.109,9508137563.0
79.398,0.0,89908.0,5411.0,46.0,125.036,9508150040.0
79.498,0.0,89908.0,5411.0,46.0,124.962,9508150040.0
79.598,0.0,89908.0,5411.0,46.0,124.907,9508162501.0
79.699,0.0,89908.0,5411.0,46.0,124.872,9508174967.0
79.798,0.0,89908.0,5411.0,46.0,124.859,9508187435.0
79.898,0.0,89908.0,5411.0,46.0,124.805,9508199909.0
79.998,0.0,89908.0,5411.0,46.0,124.772,9508212344.0
80.098,0.0,89908.0,5411.0,45.0,124.721,9508224781.0
80.198,0.0,89908.0,5411.0,45.0,124.637,9508237214.0
80.299,16.0,89908.0,5411.0,46.0,127.379,9508250519.0
80.398,16.0,89908.0,5411.0,46.0,132.216,9508267347.0
80.498,50.0,89908.0,5411.0,46.0,137.329,9508284259.0
80.598,50.0,89908.0,5411.0,46.0,142.07,9508320019.0
80.698,50.0,89908.0,5411.0,46.0,147.022,9508337221.0
80.798,50.0,89908.0,5411.0,49.0,154.62,9508365533.0
80.898,64.0,89908.0,5411.0,53.0,189.516,9508424222.0
80.998,64.0,89908.0,5411.0,55.0,234.353,9508485853.0
81.097,100.0,89908.0,5411.0,57.0,293.816,9508543976.0
81.198,100.0,89908.0,5411.0,55.0,316.59,9508580764.0
81.298,71.0,89908.0,5411.0,54.0,337.476,9508615124.0
81.398,71.0,89908.0,5411.0,54.0,350.058,9508647047.0
81.498,70.0,89908.0,5411.0,54.0,370.063,9508679532.0
81.598,70.0,89908.0,5411.0,54.0,384.856,9508711837.0
81.698,70.0,89908.0,5411.0,53.0,400.166,9508746983.0
81.797,70.0,89908.0,5411.0,54.0,409.896,9508777734.0
81.898,70.0,89908.0,5411.0,54.0,409.896,9508811751.0
81.996,69.0,89908.0,5411.0,54.0,377.302,9508811751.0
82.098,67.0,89908.0,5411.0,53.0,341.2,9508848050.0
82.198,67.0,89908.0,5411.0,53.0,330.253,9508877682.0
82.297,62.0,89908.0,5411.0,52.0,320.665,9508908309.0
82.397,62.0,89908.0,5411.0,51.0,316.126,9508935445.0
82.498,57.0,89908.0,5411.0,51.0,304.103,9508959854.0
82.598,57.0,89908.0,5411.0,50.0,294.102,9508983354.0
82.698,52.0,89908.0,5411.0,50.0,283.022,9509003186.0
82.798,52.0,89908.0,5411.0,49.0,268.121,9509023720.0
82.898,53.0,89908.0,5411.0,49.0,256.323,9509041729.0
82.998,53.0,89908.0,5411.0,49.0,245.072,9509063870.0
83.098,54.0,89908.0,5411.0,49.0,227.919,9509101311.0
83.197,54.0,89908.0,5411.0,48.0,216.367,9509119176.0
83.298,55.0,89908.0,5411.0,48.0,208.203,9509143394.0
83.398,55.0,89908.0,5411.0,48.0,207.263,9509165338.0
83.498,53.0,89908.0,5411.0,48.0,202.934,9509181617.0
83.598,53.0,89908.0,5411.0,48.0,197.045,9509197918.0
83.698,52.0,89908.0,5411.0,48.0,191.607,9509213784.0
83.798,52.0,89908.0,5411.0,48.0,188.303,9509228415.0
83.898,50.0,89908.0,5411.0,48.0,183.238,9509243984.0
83.996,50.0,89908.0,5411.0,47.0,174.441,9509256809.0
84.098,0.0,89908.0,5411.0,47.0,169.878,9509269661.0
84.197,0.0,89908.0,5411.0,47.0,165.252,9509282456.0
84.298,0.0,89908.0,5411.0,46.0,158.576,9509295242.0
84.397,0.0,89908.0,5411.0,46.0,147.336,9509307985.0
84.498,0.0,89908.0,5411.0,46.0,140.629,9509320707.0
84.597,0.0,89908.0,5411.0,46.0,140.629,9509333432.0
84.697,0.0,89908.0,5411.0,46.0,133.136,9509333432.0
84.796,0.0,89908.0,5411.0,46.0,131.484,9509346150.0
84.898,0.0,89908.0,5411.0,46.0,128.983,9509358884.0
84.997,0.0,89908.0,5411.0,46.0,127.604,9509371582.0
85.097,0.0,89908.0,5411.0,46.0,127.478,9509384283.0
85.198,0.0,89908.0,5411.0,46.0,127.35,9509396980.0
85.298,0.0,89908.0,5411.0,46.0,127.252,9509409684.0
85.396,0.0,89908.0,5411.0,46.0,127.168,9509422367.0
85.496,0.0,89908.0,5411.0,46.0,127.151,9509435046.0
85.598,0.0,89908.0,5411.0,46.0,127.102,9509447742.0
85.698,0.0,89908.0,5411.0,46.0,127.056,9509460452.0
85.798,0.0,89908.0,5411.0,46.0,127.015,9509473117.0
85.897,0.0,89908.0,5411.0,46.0,126.992,9509499681.0
85.998,0.0,89908.0,5411.0,46.0,131.824,9509517672.0
86.098,50.0,89908.0,5411.0,46.0,136.678,9509534704.0
86.198,50.0,89908.0,5411.0,46.0,140.9,9509552685.0
86.297,50.0,89908.0,5411.0,46.0,145.596,9509570348.0
86.398,50.0,89908.0,5411.0,46.0,150.509,9509587576.0
86.497,50.0,89908.0,5411.0,47.0,155.178,9509604784.0
86.598,50.0,89908.0,5411.0,47.0,160.178,9509622791.0
86.696,50.0,89908.0,5411.0,47.0,164.515,9509639956.0
86.798,50.0,89908.0,5411.0,47.0,169.042,9509657265.0
86.897,49.0,89908.0,5411.0,48.0,179.956,9509692424.0
86.998,49.0,89908.0,5411.0,54.0,217.416,9509754161.0
87.098,95.0,89908.0,5411.0,56.0,257.038,9509811353.0
87.198,95.0,89908.0,5411.0,56.0,257.038,9509868905.0
87.298,95.0,89908.0,5411.0,58.0,301.125,9509868905.0
87.397,89.0,89908.0,5411.0,57.0,357.105,9509917912.0
87.496,83.0,89908.0,5411.0,57.0,383.073,9509959494.0
87.597,83.0,89908.0,5411.0,56.0,416.695,9510003730.0
87.698,86.0,89908.0,5411.0,57.0,442.308,9510051038.0
87.798,86.0,89908.0,5411.0,58.0,475.255,9510097445.0
87.898,86.0,89908.0,5411.0,58.0,497.554,9510142992.0
87.998,86.0,89908.0,5411.0,58.0,490.375,9510187470.0
88.097,77.0,89908.0,5411.0,59.0,475.184,9510235471.0
88.197,77.0,89908.0,5411.0,57.0,460.482,9510281254.0
88.296,82.0,89908.0,5411.0,58.0,456.541,9510329332.0
88.398,82.0,89908.0,5411.0,58.0,462.77,9510420707.0
88.496,78.0,89908.0,5411.0,59.0,458.793,9510461974.0
88.598,78.0,89908.0,5411.0,57.0,457.155,9510509604.0
88.698,84.0,89908.0,5411.0,59.0,461.69,9510556968.0
88.797,84.0,89908.0,5411.0,57.0,458.836,9510597857.0
88.897,81.0,89908.0,5411.0,58.0,452.241,9510634515.0
88.998,81.0,89908.0,5411.0,57.0,448.341,9510677044.0
89.096,74.0,89908.0,5411.0,57.0,443.327,9510717835.0
89.197,74.0,89908.0,5411.0,57.0,434.806,9510755848.0
89.296,67.0,89908.0,5411.0,56.0,425.573,9510795548.0
89.396,67.0,89908.0,5411.0,56.0,418.555,9510838466.0
89.496,76.0,89908.0,5411.0,56.0,416.992,9510870087.0
89.596,76.0,89908.0,5411.0,55.0,404.801,9510900122.0
89.698,64.0,89908.0,5411.0,54.0,382.644,9510930741.0
89.797,64.0,89908.0,5411.0,54.0,366.282,9510957200.0
89.898,64.0,89908.0,5411.0,54.0,366.282,9510957200.0
89.998,61.0,89908.0,5411.0,53.0,337.942,9510984126.0
90.099,58.0,89908.0,5411.0,52.0,322.239,9511008937.0
90.197,58.0,89908.0,5411.0,52.0,307.892,9511032753.0
90.298,55.0,89908.0,5411.0,51.0,291.018,9511057095.0
90.398,55.0,89908.0,5411.0,51.0,267.961,9511076186.0
90.497,52.0,89908.0,5411.0,50.0,249.915,9511096543.0
90.598,52.0,89908.0,5411.0,50.0,236.804,9511116785.0
90.698,53.0,89908.0,5411.0,50.0,230.458,9511135973.0
90.798,53.0,89908.0,5411.0,49.0,220.609,9511155280.0
90.898,52.0,89908.0,5411.0,49.0,218.893,9511175716.0
90.998,52.0,89908.0,5411.0,49.0,211.631,9511217623.0
91.098,55.0,89908.0,5411.0,49.0,205.393,9511236110.0
91.198,55.0,89908.0,5411.0,49.0,197.512,9511252579.0
91.298,53.0,89908.0,5411.0,48.0,195.256,9511268943.0
91.398,53.0,89908.0,5411.0,48.0,191.904,9511284867.0
91.498,52.0,89908.0,5411.0,48.0,185.33,9511303802.0
91.598,52.0,89908.0,5411.0,48.0,190.084,9511325810.0
91.698,52.0,89908.0,5411.0,48.0,187.562,9511341612.0
91.806,52.0,89908.0,5411.0,48.0,183.829,9511358926.0
91.898,51.0,89908.0,5411.0,48.0,179.528,9511374199.0
91.998,51.0,89908.0,5411.0,48.0,172.655,9511390185.0
92.098,51.0,89908.0,5411.0,48.0,174.961,9511411133.0
92.199,51.0,89908.0,5411.0,48.0,174.716,9511428355.0
92.298,50.0,89908.0,5411.0,48.0,175.792,9511445687.0
92.398,50.0,89908.0,5411.0,48.0,175.792,9511461285.0
92.498,50.0,89908.0,5411.0,48.0,176.594,9511461285.0
92.597,11.0,89908.0,5411.0,47.0,173.75,9511474128.0
92.698,11.0,89908.0,5411.0,47.0,164.242,9511486906.0
92.798,0.0,89908.0,5411.0,47.0,156.213,9511499672.0
92.898,0.0,89908.0,5411.0,46.0,152.132,9511512417.0
92.998,0.0,89908.0,5411.0,46.0,149.388,9511525191.0
93.098,0.0,89908.0,5411.0,46.0,142.275,9511537933.0
93.198,0.0,89908.0,5411.0,46.0,137.336,9511550643.0
93.298,0.0,89908.0,5411.0,46.0,132.06,9511563346.0
93.398,0.0,89908.0,5411.0,46.0,127.676,9511576066.0
93.498,0.0,89908.0,5411.0,46.0,127.491,9511588793.0
93.599,0.0,89908.0,5411.0,46.0,127.431,9511601511.0
93.699,0.0,89908.0,5411.0,46.0,127.397,9511626993.0
93.798,0.0,89908.0,5411.0,46.0,127.37,9511639708.0
93.896,0.0,89908.0,5411.0,46.0,127.325,9511652441.0
93.998,0.0,89908.0,5411.0,46.0,127.276,9511665113.0
94.098,0.0,89908.0,5411.0,46.0,127.209,9511677783.0
94.198,0.0,89908.0,5411.0,46.0,127.196,9511690495.0
94.298,0.0,89908.0,5411.0,46.0,127.181,9511703182.0
94.398,0.0,89908.0,5411.0,46.0,127.251,9511717269.0
94.498,31.0,89908.0,5411.0,46.0,131.396,9511733458.0
94.598,31.0,89908.0,5411.0,46.0,139.768,9511756556.0
94.698,51.0,89908.0,5411.0,46.0,146.501,9511774065.0
94.798,51.0,89908.0,5411.0,47.0,150.651,9511790424.0
94.898,52.0,89908.0,5411.0,47.0,155.323,9511808063.0
94.998,52.0,89908.0,5411.0,47.0,160.544,9511826589.0
95.099,52.0,89908.0,5411.0,47.0,163.172,9511843055.0
95.197,52.0,89908.0,5411.0,47.0,166.634,9511860454.0
95.296,52.0,89908.0,5411.0,47.0,173.735,9511860454.0
95.398,52.0,89908.0,5411.0,47.0,180.804,9511877659.0
95.498,74.0,89908.0,5411.0,54.0,219.159,9511908961.0
95.598,74.0,89908.0,5411.0,56.0,256.23,9511964066.0
95.698,100.0,89908.0,5411.0,58.0,298.793,9512026756.0
95.798,100.0,89908.0,5411.0,58.0,338.478,9512081616.0
95.896,84.0,89908.0,5411.0,56.0,361.471,9512137563.0
95.998,84.0,89908.0,5411.0,55.0,388.417,9512178904.0
96.098,81.0,89908.0,5411.0,56.0,411.979,9512220745.0
96.198,81.0,89908.0,5411.0,56.0,436.384,9512258372.0
96.298,77.0,89908.0,5411.0,56.0,452.086,9512343820.0
96.397,77.0,89908.0,5411.0,56.0,476.122,9512381160.0
96.496,77.0,89908.0,5411.0,56.0,460.224,9512421304.0
96.598,77.0,89908.0,5411.0,56.0,446.407,9512461796.0
96.698,77.0,89908.0,5411.0,55.0,423.599,9512498920.0
96.796,77.0,89908.0,5411.0,55.0,400.809,9512535281.0
96.896,70.0,89908.0,5411.0,54.0,388.19,9512562459.0
96.996,70.0,89908.0,5411.0,53.0,374.088,9512588828.0
97.097,60.0,89908.0,5411.0,52.0,356.589,9512611697.0
97.197,60.0,89908.0,5411.0,52.0,340.564,9512636853.0
97.299,57.0,89908.0,5411.0,51.0,327.249,9512656575.0
97.397,57.0,89908.0,5411.0,51.0,309.313,9512678702.0
97.498,53.0,89908.0,5411.0,50.0,287.698,9512698786.0
97.598,53.0,89908.0,5411.0,50.0,287.698,9512698786.0
97.698,53.0,89908.0,5411.0,50.0,264.067,9512715534.0
97.798,54.0,89908.0,5411.0,49.0,241.887,9512735641.0
97.898,54.0,89908.0,5411.0,49.0,225.816,9512751582.0
97.998,54.0,89908.0,5411.0,49.0,209.644,9512770311.0
98.098,54.0,89908.0,5411.0,49.0,202.358,9512786689.0
98.198,53.0,89908.0,5411.0,48.0,197.423,9512807951.0
98.298,52.0,89908.0,5411.0,48.0,191.877,9512830846.0
98.398,52.0,89908.0,5411.0,48.0,192.523,9512848856.0
98.498,52.0,89908.0,5411.0,48.0,196.175,9512874284.0
98.599,52.0,89908.0,5411.0,48.0,197.414,9512894239.0
98.698,51.0,89908.0,5411.0,48.0,195.271,9512913032.0
98.797,51.0,89908.0,5411.0,48.0,191.877,9512943986.0
98.898,51.0,89908.0,5411.0,48.0,193.279,9512964968.0
98.998,51.0,89908.0,5411.0,48.0,195.545,9512983081.0
99.098,51.0,89908.0,5411.0,48.0,194.975,9513001238.0
99.198,51.0,89908.0,5411.0,48.0,187.671,9513018088.0
99.299,50.0,89908.0,5411.0,47.0,186.63,9513035396.0
99.398,50.0,89908.0,5411.0,47.0,183.972,9513053020.0
99.500,49.0,89908.0,5411.0,47.0,176.785,9513071156.0
99.596,49.0,89908.0,5411.0,47.0,176.05,9513089921.0
99.696,50.0,89908.0,5411.0,47.0,176.77,9513106009.0
99.798,50.0,89908.0,5411.0,47.0,174.942,9513118870.0
99.898,0.0,89908.0,5411.0,47.0,171.742,9513131611.0
99.998,0.0,89908.0,5411.0,47.0,162.391,9513144386.0
100.097,0.0,89908.0,5411.0,46.0,157.928,9513157121.0
100.198,0.0,89908.0,5411.0,46.0,157.928,9513157121.0
100.298,0.0,89908.0,5411.0,46.0,153.296,9513169860.0
100.398,0.0,89908.0,5411.0,46.0,149.18,9513182591.0
100.499,0.0,89908.0,5411.0,46.0,144.141,9513195329.0
100.598,0.0,89908.0,5411.0,46.0,138.856,9513208057.0
100.698,0.0,89908.0,5411.0,46.0,134.065,9513220779.0
100.799,0.0,89908.0,5411.0,46.0,127.432,9513233489.0
100.897,0.0,89908.0,5411.0,46.0,127.392,9513246189.0
100.998,0.0,89908.0,5411.0,46.0,127.323,9513258896.0
101.098,0.0,89908.0,5411.0,46.0,127.261,9513271591.0
101.198,0.0,89908.0,5411.0,46.0,127.217,9513284303.0
101.298,0.0,89908.0,5411.0,46.0,127.144,9513296994.0
101.398,0.0,89908.0,5411.0,46.0,127.079,9513322328.0
101.498,0.0,89908.0,5411.0,46.0,127.034,9513335030.0
101.598,0.0,89908.0,5411.0,46.0,127.037,9513347731.0
101.698,0.0,89908.0,5411.0,46.0,127.023,9513361430.0
101.797,0.0,89908.0,5411.0,46.0,131.102,9513379077.0
101.896,51.0,89908.0,5411.0,46.0,136.319,9513396387.0
101.998,51.0,89908.0,5411.0,46.0,142.022,9513414347.0
102.096,50.0,89908.0,5411.0,46.0,145.655,9513432080.0
102.199,50.0,89908.0,5411.0,46.0,150.848,9513449428.0
102.298,50.0,89908.0,5411.0,47.0,156.17,9513467087.0
102.398,50.0,89908.0,5411.0,47.0,160.445,9513484491.0
102.498,50.0,89908.0,5411.0,47.0,165.234,9513502154.0
102.598,50.0,89908.0,5411.0,47.0,170.371,9513519438.0
102.698,50.0,89908.0,5411.0,47.0,174.83,9513535503.0
102.798,50.0,89908.0,5411.0,46.0,171.318,9513548255.0
102.898,0.0,89908.0,5411.0,46.0,166.248,9513566772.0
102.997,0.0,89908.0,5411.0,53.0,194.679,9513566772.0
103.097,75.0,89908.0,5411.0,56.0,232.686,9513616366.0
103.197,75.0,89908.0,5411.0,55.0,276.404,9513678954.0
103.297,84.0,89908.0,5411.0,58.0,320.104,9513734030.0
103.396,84.0,89908.0,5411.0,58.0,354.401,9513796489.0
103.497,80.0,89908.0,5411.0,58.0,379.588,9513847054.0
103.598,80.0,89908.0,5411.0,57.0,412.033,9513890360.0
103.697,85.0,89908.0,5411.0,57.0,437.516,9513937610.0
103.797,85.0,89908.0,5411.0,58.0,470.919,9513985073.0
103.897,84.0,89908.0,5411.0,57.0,504.185,9514033191.0
103.997,84.0,89908.0,5411.0,57.0,509.15,9514078868.0
104.097,84.0,89908.0,5411.0,58.0,493.877,9514169574.0
104.198,84.0,89908.0,5411.0,59.0,484.085,9514218312.0
104.298,82.0,89908.0,5411.0,59.0,468.423,9514264386.0
104.396,82.0,89908.0,5411.0,59.0,463.739,9514311928.0
104.496,80.0,89908.0,5411.0,59.0,467.335,9514358941.0
104.598,80.0,89908.0,5411.0,60.0,468.074,9514405673.0
104.697,76.0,89908.0,5411.0,60.0,465.777,9514450808.0
104.797,76.0,89908.0,5411.0,59.0,467.104,9514496474.0
104.896,83.0,89908.0,5411.0,59.0,462.022,9514541705.0
104.998,83.0,89908.0,5411.0,59.0,458.497,9514581857.0
105.098,77.0,89908.0,5411.0,58.0,452.06,9514623842.0
105.198,77.0,89908.0,5411.0,58.0,445.913,9514663992.0
105.298,76.0,89908.0,5411.0,57.0,431.917,9514695943.0
105.398,76.0,89908.0,5411.0,56.0,418.177,9514731659.0
105.496,69.0,89908.0,5411.0,55.0,403.874,9514731659.0
105.596,69.0,89908.0,5411.0,55.0,383.062,9514760842.0
105.696,59.0,89908.0,5411.0,54.0,367.35,9514787820.0
105.797,59.0,89908.0,5411.0,53.0,345.66,9514814643.0
105.897,59.0,89908.0,5411.0,53.0,322.795,9514839520.0
105.996,59.0,89908.0,5411.0,52.0,306.259,9514861482.0
106.096,55.0,89908.0,5411.0,52.0,289.964,9514885037.0
106.196,55.0,89908.0,5411.0,51.0,266.441,9514906609.0
106.296,53.0,89908.0,5411.0,51.0,251.92,9514927875.0
106.397,53.0,89908.0,5411.0,50.0,237.218,9514963727.0
106.496,52.0,89908.0,5411.0,50.0,225.926,9514984550.0
106.598,52.0,89908.0,5411.0,49.0,218.465,9515002631.0
106.698,52.0,89908.0,5411.0,49.0,207.13,9515019071.0
106.798,52.0,89908.0,5411.0,49.0,199.584,9515038144.0
106.898,54.0,89908.0,5411.0,49.0,196.602,9515056174.0
106.998,54.0,89908.0,5411.0,49.0,187.602,9515071240.0
107.098,52.0,89908.0,5411.0,49.0,180.296,9515086783.0
107.198,52.0,89908.0,5411.0,48.0,176.02,9515103937.0
107.297,50.0,89908.0,5411.0,48.0,175.041,9515121631.0
107.398,50.0,89908.0,5411.0,48.0,174.795,9515138694.0
107.498,50.0,89908.0,5411.0,48.0,172.368,9515156696.0
107.596,50.0,89908.0,5411.0,48.0,172.368,9515174798.0
107.699,50.0,89908.0,5411.0,48.0,171.388,9515174798.0
107.798,50.0,89908.0,5411.0,48.0,172.063,9515192410.0
107.898,50.0,89908.0,5411.0,48.0,169.673,9515205815.0
107.998,0.0,89908.0,5411.0,47.0,162.456,9515218542.0
108.098,0.0,89908.0,5411.0,47.0,159.939,9515231311.0
108.199,0.0,89908.0,5411.0,47.0,157.804,9515244085.0
108.298,0.0,89908.0,5411.0,47.0,154.359,9515256882.0
108.399,0.0,89908.0,5411.0,47.0,149.351,9515269672.0
108.498,0.0,89908.0,5411.0,46.0,139.855,9515282439.0
108.597,0.0,89908.0,5411.0,46.0,134.239,9515295186.0
108.697,0.0,89908.0,5411.0,46.0,129.725,9515307916.0
108.796,0.0,89908.0,5411.0,46.0,127.712,9515320660.0
108.897,0.0,89908.0,5411.0,46.0,127.747,9515333424.0
108.998,0.0,89908.0,5411.0,46.0,127.697,9515358907.0
109.097,0.0,89908.0,5411.0,46.0,127.647,9515371652.0
109.198,0.0,89908.0,5411.0,46.0,127.558,9515384365.0
109.297,0.0,89908.0,5411.0,46.0,127.494,9515397073.0
109.396,0.0,89908.0,5411.0,46.0,127.444,9515409793.0
109.497,0.0,89908.0,5411.0,46.0,129.363,9515425258.0
109.599,0.0,89908.0,5411.0,46.0,134.104,9515442488.0
109.700,50.0,89908.0,5411.0,47.0,137.711,9515459518.0
109.798,50.0,89908.0,5411.0,47.0,142.47,9515477058.0
109.898,50.0,89908.0,5411.0,47.0,146.392,9515494342.0
109.997,50.0,89908.0,5411.0,47.0,150.679,9515510721.0
110.097,50.0,89908.0,5411.0,47.0,154.104,9515527760.0
110.198,50.0,89908.0,5411.0,47.0,159.871,9515545524.0
110.298,50.0,89908.0,5411.0,47.0,163.889,9515545524.0
110.398,50.0,89908.0,5411.0,47.0,168.115,9515562561.0
110.498,50.0,89908.0,5411.0,47.0,170.756,9515579940.0
110.597,50.0,89908.0,5411.0,47.0,175.886,9515597113.0
110.698,60.0,89908.0,5411.0,47.0,174.697,9515619697.0
110.798,60.0,89908.0,5411.0,47.0,178.042,9515635588.0
110.898,53.0,89908.0,5411.0,47.0,179.409,9515656235.0
110.998,53.0,89908.0,5411.0,47.0,182.96,9515675716.0
111.098,53.0,89908.0,5411.0,47.0,183.832,9515694574.0
111.197,53.0,89908.0,5411.0,47.0,184.779,9515712592.0
111.297,53.0,89908.0,5411.0,47.0,188.716,9515731025.0
111.399,53.0,89908.0,5411.0,53.0,213.582,9515800892.0
111.498,91.0,89908.0,5411.0,56.0,248.446,9515851427.0
111.598,91.0,89908.0,5411.0,57.0,287.206,9515913960.0
111.699,100.0,89908.0,5411.0,58.0,327.785,9515965555.0
111.798,100.0,89908.0,5411.0,58.0,362.274,9516022142.0
111.898,100.0,89908.0,5411.0,60.0,403.163,9516084288.0
111.998,100.0,89908.0,5411.0,58.0,427.349,9516129153.0
112.099,85.0,89908.0,5411.0,58.0,455.106,9516176104.0
112.198,85.0,89908.0,5411.0,57.0,491.784,9516223344.0
112.298,86.0,89908.0,5411.0,58.0,506.698,9516261154.0
112.398,86.0,89908.0,5411.0,58.0,506.698,9516274608.0
112.498,86.0,89908.0,5411.0,52.0,484.231,9516274608.0
112.598,0.0,89908.0,5411.0,51.0,445.842,9516287859.0
112.698,0.0,89908.0,5411.0,54.0,424.901,9516332640.0
112.798,85.0,89908.0,5411.0,56.0,413.377,9516381045.0
112.898,85.0,89908.0,5411.0,58.0,407.621,9516423106.0
112.998,83.0,89908.0,5411.0,57.0,386.996,9516466618.0
113.098,83.0,89908.0,5411.0,58.0,382.234,9516512732.0
113.198,78.0,89908.0,5411.0,57.0,381.586,9516557916.0
113.298,78.0,89908.0,5411.0,58.0,376.961,9516602542.0
113.398,71.0,89908.0,5411.0,56.0,397.053,9516641959.0
113.498,69.0,89908.0,5411.0,56.0,422.34,9516677845.0
113.598,69.0,89908.0,5411.0,55.0,412.298,9516716027.0
113.697,61.0,89908.0,5411.0,54.0,391.967,9516771215.0
113.798,61.0,89908.0,5411.0,53.0,370.926,9516793494.0
113.899,58.0,89908.0,5411.0,52.0,352.826,9516816199.0
113.998,58.0,89908.0,5411.0,51.0,325.634,9516833752.0
114.098,54.0,89908.0,5411.0,51.0,295.858,9516850547.0
114.198,54.0,89908.0,5411.0,50.0,272.077,9516868198.0
114.298,54.0,89908.0,5411.0,50.0,246.49,9516884496.0
114.398,54.0,89908.0,5411.0,49.0,232.434,9516905017.0
114.499,54.0,89908.0,5411.0,49.0,207.624,9516920351.0
114.597,54.0,89908.0,5411.0,49.0,196.947,9516938055.0
114.699,52.0,89908.0,5411.0,49.0,185.049,9516953012.0
114.798,52.0,89908.0,5411.0,49.0,176.742,9516967531.0
114.898,52.0,89908.0,5411.0,48.0,167.153,9516981794.0
114.998,52.0,89908.0,5411.0,48.0,167.153,9516999352.0
115.101,52.0,89908.0,5411.0,48.0,165.725,9516999352.0
115.198,50.0,89908.0,5411.0,48.0,166.899,9517016989.0
115.298,50.0,89908.0,5411.0,48.0,166.071,9517034328.0
115.398,50.0,89908.0,5411.0,48.0,165.937,9517049747.0
115.498,50.0,89908.0,5411.0,47.0,160.109,9517062590.0
115.599,0.0,89908.0,5411.0,47.0,155.003,9517075455.0
115.699,0.0,89908.0,5411.0,47.0,152.458,9517088299.0
115.798,0.0,89908.0,5411.0,47.0,147.983,9517101105.0
115.898,0.0,89908.0,5411.0,47.0,146.431,9517113891.0
115.998,0.0,89908.0,5411.0,47.0,144.874,9517126643.0
116.098,0.0,89908.0,5411.0,47.0,141.719,9517139428.0
116.198,0.0,89908.0,5411.0,46.0,131.984,9517152185.0
116.298,0.0,89908.0,5411.0,46.0,128.082,9517164946.0
116.398,0.0,89908.0,5411.0,46.0,127.974,9517190496.0
116.498,0.0,89908.0,5411.0,46.0,127.852,9517203223.0
116.598,0.0,89908.0,5411.0,46.0,127.769,9517215982.0
116.698,0.0,89908.0,5411.0,46.0,127.733,9517228735.0
116.798,0.0,89908.0,5411.0,46.0,127.677,9517241451.0
116.898,0.0,89908.0,5411.0,46.0,127.616,9517254179.0
116.997,0.0,89908.0,5411.0,46.0,127.61,9517266931.0
117.098,0.0,89908.0,5411.0,46.0,127.561,9517279629.0
117.198,0.0,89908.0,5411.0,46.0,127.521,9517292352.0
117.298,0.0,89908.0,5411.0,46.0,127.426,9517305053.0
117.398,0.0,89908.0,5411.0,46.0,127.367,9517317730.0
117.498,0.0,89908.0,5411.0,46.0,127.312,9517330427.0
117.598,0.0,89908.0,5411.0,46.0,127.269,9517343152.0
117.697,0.0,89908.0,5411.0,46.0,127.214,9517355896.0
117.798,0.0,89908.0,5411.0,46.0,127.146,9517368505.0
117.897,0.0,89908.0,5411.0,46.0,127.146,9517368505.0
117.998,0.0,89908.0,5411.0,46.0,127.022,9517381099.0
118.098,0.0,89908.0,5411.0,46.0,126.919,9517393718.0
118.198,0.0,89908.0,5411.0,46.0,126.772,9517406304.0
118.298,0.0,89908.0,5411.0,46.0,126.653,9517418917.0
118.398,0.0,89908.0,5411.0,46.0,126.601,9517431536.0
118.498,0.0,89908.0,5411.0,46.0,126.541,9517444145.0
118.598,0.0,89908.0,5411.0,46.0,126.443,9517456758.0
118.698,0.0,89908.0,5411.0,46.0,126.311,9517469345.0
118.798,0.0,89908.0,5411.0,46.0,126.208,9517481923.0
118.898,0.0,89908.0,5411.0,46.0,126.098,9517494485.0
118.998,0.0,89908.0,5411.0,46.0,126.03,9517507051.0
119.098,0.0,89908.0,5411.0,46.0,126.016,9517519651.0
119.198,0.0,89908.0,5411.0,45.0,125.981,9517544799.0
119.298,0.0,89908.0,5411.0,45.0,125.944,9517557392.0
119.406,0.0,89908.0,5411.0,45.0,125.887,9517569980.0
119.498,0.0,89908.0,5411.0,45.0,125.84,9517582527.0
119.598,0.0,89908.0,5411.0,45.0,125.873,9517595143.0
119.698,0.0,89908.0,5411.0,45.0,125.871,9517607715.0
119.798,0.0,89908.0,5411.0,45.0,125.875,9517620298.0
119.898,0.0,89908.0,5411.0,45.0,125.905,9517632897.0
119.998,0.0,89908.0,5411.0,45.0,125.902,9517645473.0
120.099,0.0,89908.0,5411.0,45.0,125.891,9517658044.0
120.199,0.0,89908.0,5411.0,45.0,125.889,9517670623.0
120.299,0.0,89908.0,5411.0,45.0,125.892,9517683197.0
120.399,0.0,89908.0,5411.0,45.0,125.873,9517695751.0
120.498,0.0,89908.0,5411.0,45.0,125.866,9517708311.0
120.599,0.0,89908.0,5411.0,45.0,125.842,9517720893.0
120.698,0.0,89908.0,5411.0,45.0,125.842,9517733466.0
120.798,0.0,89908.0,5411.0,45.0,125.795,9517733466.0
120.898,0.0,89908.0,5411.0,45.0,125.754,9517745997.0
120.999,0.0,89908.0,5411.0,45.0,125.715,9517758542.0
121.098,0.0,89908.0,5411.0,45.0,125.726,9517771122.0
121.199,0.0,89908.0,5411.0,45.0,125.701,9517783691.0
121.297,0.0,89908.0,5411.0,45.0,125.679,9517796259.0
121.398,0.0,89908.0,5411.0,45.0,125.684,9517808816.0
121.498,0.0,89908.0,5411.0,45.0,125.657,9517821354.0
121.598,0.0,89908.0,5411.0,45.0,125.675,9517833934.0
121.699,0.0,89908.0,5411.0,45.0,125.624,9517846458.0
121.798,0.0,89908.0,5411.0,45.0,125.638,9517859019.0
121.898,0.0,89908.0,5411.0,45.0,125.626,9517871567.0
121.999,0.0,89908.0,5411.0,45.0,125.648,9517896725.0
122.098,0.0,89908.0,5411.0,45.0,125.67,9517909286.0
122.199,0.0,89908.0,5411.0,45.0,125.691,9517921862.0
122.298,0.0,89908.0,5411.0,45.0,125.682,9517934446.0
122.399,0.0,89908.0,5411.0,45.0,125.686,9517946996.0
122.497,0.0,89908.0,5411.0,45.0,125.703,9517959573.0
122.598,0.0,89908.0,5411.0,45.0,125.738,9517972136.0
122.699,0.0,89908.0,5411.0,45.0,125.75,9517984712.0
122.799,0.0,89908.0,5411.0,45.0,125.768,9517997276.0
122.899,0.0,89908.0,5411.0,45.0,125.765,9518009833.0
122.999,0.0,89908.0,5411.0,45.0,125.735,9518022390.0
123.099,0.0,89908.0,5411.0,45.0,125.658,9518034876.0
123.199,0.0,89908.0,5411.0,45.0,125.624,9518047432.0
123.299,0.0,89908.0,5411.0,45.0,125.605,9518059986.0
123.398,0.0,89908.0,5411.0,45.0,125.605,9518072520.0
123.498,0.0,89908.0,5411.0,45.0,125.605,9518072520.0
123.599,0.0,89908.0,5411.0,45.0,125.579,9518085087.0
123.698,0.0,89908.0,5411.0,45.0,125.572,9518097652.0
123.798,0.0,89908.0,5411.0,45.0,125.55,9518110198.0
123.898,0.0,89908.0,5411.0,45.0,125.548,9518122746.0
123.999,0.0,89908.0,5411.0,45.0,125.547,9518135305.0
124.098,0.0,89908.0,5411.0,45.0,125.529,9518147854.0
124.198,0.0,89908.0,5411.0,45.0,125.565,9518160396.0
124.299,0.0,89908.0,5411.0,45.0,125.59,9518172945.0
124.397,0.0,89908.0,5411.0,45.0,125.568,9518185468.0
124.498,0.0,89908.0,5411.0,45.0,125.573,9518198027.0
124.598,0.0,89908.0,5411.0,45.0,125.562,9518210581.0
124.697,0.0,89908.0,5411.0,45.0,125.566,9518223147.0
124.798,0.0,89908.0,5411.0,45.0,125.526,9518248209.0
124.897,0.0,89908.0,5411.0,45.0,125.537,9518260773.0
124.998,0.0,89908.0,5411.0,45.0,125.537,9518273323.0
125.096,0.0,89908.0,5411.0,45.0,125.533,9518285835.0
125.196,0.0,89908.0,5411.0,45.0,125.544,9518298390.0
125.298,0.0,89908.0,5411.0,45.0,125.535,9518310941.0
125.398,0.0,89908.0,5411.0,45.0,125.507,9518323465.0
125.498,0.0,89908.0,5411.0,45.0,125.504,9518335998.0
125.598,0.0,89908.0,5411.0,45.0,125.501,9518348564.0
125.699,0.0,89908.0,5411.0,45.0,125.492,9518361091.0
125.799,0.0,89908.0,5411.0,45.0,125.545,9518373646.0
125.898,0.0,89908.0,5411.0,45.0,125.522,9518386203.0
125.998,0.0,89908.0,5411.0,45.0,125.552,9518398778.0
126.098,0.0,89908.0,5411.0,45.0,125.548,9518411308.0
126.198,0.0,89908.0,5411.0,45.0,125.554,9518423867.0
126.298,0.0,89908.0,5411.0,45.0,125.554,9518423867.0
126.398,0.0,89908.0,5411.0,45.0,125.542,9518436410.0
126.498,0.0,89908.0,5411.0,45.0,125.525,9518448920.0
126.599,0.0,89908.0,5411.0,45.0,125.583,9518461506.0
126.698,0.0,89908.0,5411.0,45.0,125.562,9518474060.0
126.799,0.0,89908.0,5411.0,45.0,125.574,9518486600.0
126.898,0.0,89908.0,5411.0,45.0,125.602,9518499170.0
126.999,0.0,89908.0,5411.0,45.0,125.585,9518511701.0
127.098,0.0,89908.0,5411.0,45.0,125.551,9518524261.0
127.197,0.0,89908.0,5411.0,45.0,125.562,9518536785.0
127.299,0.0,89908.0,5411.0,45.0,125.559,9518549342.0
127.396,0.0,89908.0,5411.0,45.0,125.58,9518561923.0
127.499,0.0,89908.0,5411.0,45.0,125.615,9518574452.0
127.599,0.0,89908.0,5411.0,45.0,125.585,9518599573.0
127.698,0.0,89908.0,5411.0,45.0,125.607,9518612122.0
127.798,0.0,89908.0,5411.0,45.0,125.593,9518624681.0
127.898,0.0,89908.0,5411.0,45.0,125.612,9518637252.0
127.999,0.0,89908.0,5411.0,45.0,125.568,9518649770.0
128.098,0.0,89908.0,5411.0,45.0,125.576,9518662294.0
128.199,0.0,89908.0,5411.0,45.0,125.581,9518674867.0
128.298,0.0,89908.0,5411.0,45.0,125.546,9518687409.0
128.398,0.0,89908.0,5411.0,45.0,125.543,9518699951.0
128.498,0.0,89908.0,5411.0,45.0,125.562,9518712508.0
128.599,0.0,89908.0,5411.0,45.0,125.536,9518725043.0
128.699,0.0,89908.0,5411.0,45.0,125.502,9518737562.0
128.798,0.0,89908.0,5411.0,45.0,125.478,9518750094.0
128.896,0.0,89908.0,5411.0,45.0,125.463,9518762639.0
128.998,0.0,89908.0,5411.0,45.0,125.511,9518775203.0
129.096,0.0,89908.0,5411.0,45.0,125.511,9518775203.0
129.198,0.0,89908.0,5411.0,45.0,125.496,9518787722.0
129.298,0.0,89908.0,5411.0,45.0,125.457,9518800254.0
129.398,0.0,89908.0,5411.0,45.0,125.427,9518812772.0
129.499,0.0,89908.0,5411.0,45.0,125.456,9518825335.0
129.598,0.0,89908.0,5411.0,45.0,125.416,9518837863.0
129.699,0.0,89908.0,5411.0,45.0,125.419,9518850407.0
129.798,0.0,89908.0,5411.0,45.0,125.419,9518862937.0
129.898,0.0,89908.0,5411.0,45.0,125.429,9518875470.0
129.998,0.0,89908.0,5411.0,45.0,125.425,9518888003.0
130.099,0.0,89908.0,5411.0,45.0,125.384,9518900549.0
130.198,0.0,89908.0,5411.0,45.0,125.383,9518913046.0
130.297,0.0,89908.0,5411.0,45.0,125.418,9518925599.0
130.398,0.0,89908.0,5411.0,45.0,125.447,9518950696.0
130.498,0.0,89908.0,5411.0,45.0,125.427,9518963226.0
130.598,0.0,89908.0,5411.0,45.0,125.467,9518975809.0
130.698,0.0,89908.0,5411.0,45.0,125.489,9518988335.0
130.799,0.0,89908.0,5411.0,45.0,125.486,9519000859.0
130.898,0.0,89908.0,5411.0,45.0,125.487,9519013404.0
130.998,0.0,89908.0,5411.0,45.0,125.469,9519025911.0
131.098,0.0,89908.0,5411.0,45.0,125.493,9519038451.0
131.198,0.0,89908.0,5411.0,45.0,125.478,9519050990.0
131.298,0.0,89908.0,5411.0,45.0,125.469,9519063529.0
131.398,0.0,89908.0,5411.0,45.0,125.474,9519076078.0
131.498,0.0,89908.0,5411.0,45.0,125.468,9519088617.0
131.598,0.0,89908.0,5411.0,45.0,125.438,9519101174.0
131.698,0.0,89908.0,5411.0,45.0,125.442,9519113708.0
131.798,0.0,89908.0,5411.0,45.0,125.491,9519126276.0
131.898,0.0,89908.0,5411.0,45.0,125.491,9519126276.0
131.996,0.0,89908.0,5411.0,45.0,125.478,9519138884.0
132.098,0.0,89908.0,5411.0,45.0,125.497,9519151364.0
132.198,0.0,89908.0,5411.0,45.0,125.493,9519163896.0
132.298,0.0,89908.0,5411.0,45.0,125.475,9519176411.0
132.399,0.0,89908.0,5411.0,45.0,125.457,9519188948.0
132.498,0.0,89908.0,5411.0,45.0,125.462,9519201473.0
132.597,0.0,89908.0,5411.0,45.0,125.416,9519213987.0
132.699,0.0,89908.0,5411.0,45.0,125.426,9519226530.0
132.798,0.0,89908.0,5411.0,45.0,125.428,9519239058.0
132.898,0.0,89908.0,5411.0,45.0,125.388,9519251584.0
132.999,0.0,89908.0,5411.0,45.0,125.392,9519264130.0
133.099,0.0,89908.0,5411.0,45.0,125.385,9519276682.0
133.197,0.0,89908.0,5411.0,45.0,125.411,9519301749.0
133.298,0.0,89908.0,5411.0,45.0,125.408,9519314297.0
133.399,0.0,89908.0,5411.0,45.0,125.405,9519326831.0
133.498,0.0,89908.0,5411.0,45.0,125.425,9519339414.0
133.598,0.0,89908.0,5411.0,45.0,125.471,9519351934.0
133.697,0.0,89908.0,5411.0,45.0,125.424,9519364451.0
133.798,0.0,89908.0,5411.0,45.0,125.443,9519376988.0
133.898,0.0,89908.0,5411.0,45.0,125.433,9519389509.0
133.999,0.0,89908.0,5411.0,45.0,125.392,9519402034.0
134.098,0.0,89908.0,5411.0,45.0,125.403,9519414560.0
134.199,0.0,89908.0,5411.0,45.0,125.386,9519427099.0
134.299,0.0,89908.0,5411.0,45.0,125.378,9519439633.0
134.398,0.0,89908.0,5411.0,45.0,125.381,9519452184.0
134.498,0.0,89908.0,5411.0,45.0,125.39,9519464691.0
134.598,0.0,89908.0,5411.0,45.0,125.336,9519477199.0
134.698,0.0,89908.0,5411.0,45.0,125.325,9519489725.0
134.799,0.0,89908.0,5411.0,45.0,125.339,9519502272.0
134.898,0.0,89908.0,5411.0,45.0,125.372,9519514834.0
134.998,0.0,89908.0,5411.0,45.0,125.406,9519514834.0
135.098,0.0,89908.0,5411.0,45.0,125.403,9519527374.0
135.199,0.0,89908.0,5411.0,45.0,125.439,9519539911.0
135.298,0.0,89908.0,5411.0,45.0,125.452,9519552470.0
135.398,0.0,89908.0,5411.0,45.0,125.437,9519565000.0
135.498,0.0,89908.0,5411.0,45.0,125.434,9519577537.0
135.599,0.0,89908.0,5411.0,45.0,125.458,9519590068.0
135.698,0.0,89908.0,5411.0,45.0,125.499,9519602599.0
135.798,0.0,89908.0,5411.0,45.0,125.503,9519615137.0
135.898,0.0,89908.0,5411.0,45.0,125.471,9519627666.0
135.999,0.0,89908.0,5411.0,45.0,125.458,9519640205.0
136.098,0.0,89908.0,5411.0,45.0,125.444,9519652724.0
136.198,0.0,89908.0,5411.0,45.0,125.438,9519665246.0
136.298,0.0,89908.0,5411.0,45.0,125.435,9519690341.0
136.398,0.0,89908.0,5411.0,45.0,125.451,9519702861.0
136.498,0.0,89908.0,5411.0,45.0,125.42,9519715392.0
136.598,0.0,89908.0,5411.0,45.0,125.43,9519727935.0
136.698,0.0,89908.0,5411.0,45.0,125.432,9519740475.0
136.798,0.0,89908.0,5411.0,45.0,125.419,9519753024.0
136.898,0.0,89908.0,5411.0,45.0,125.395,9519765543.0
136.999,0.0,89908.0,5411.0,45.0,125.414,9519778071.0
137.098,0.0,89908.0,5411.0,45.0,125.423,9519790596.0
137.198,0.0,89908.0,5411.0,45.0,125.422,9519803152.0
137.299,0.0,89908.0,5411.0,45.0,125.398,9519815674.0
137.398,0.0,89908.0,5411.0,45.0,125.437,9519828209.0
137.498,0.0,89908.0,5411.0,45.0,125.415,9519840741.0
137.598,0.0,89908.0,5411.0,45.0,125.427,9519853286.0
137.698,0.0,89908.0,5411.0,45.0,125.436,9519865829.0
137.798,0.0,89908.0,5411.0,45.0,125.457,9519865829.0
137.899,0.0,89908.0,5411.0,45.0,125.466,9519878378.0
137.998,0.0,89908.0,5411.0,45.0,125.449,9519890902.0
138.098,0.0,89908.0,5411.0,45.0,125.448,9519903434.0
138.198,0.0,89908.0,5411.0,45.0,125.412,9519915961.0
138.298,0.0,89908.0,5411.0,45.0,125.401,9519928490.0
138.399,0.0,89908.0,5411.0,45.0,125.356,9519941015.0
138.498,0.0,89908.0,5411.0,45.0,125.369,9519953501.0
138.598,0.0,89908.0,5411.0,45.0,125.356,9519966049.0
138.698,0.0,89908.0,5411.0,45.0,125.339,9519978586.0
138.798,0.0,89908.0,5411.0,45.0,125.309,9519991110.0
138.898,0.0,89908.0,5411.0,45.0,125.307,9520003639.0
138.998,0.0,89908.0,5411.0,45.0,125.3,9520016150.0
139.098,0.0,89908.0,5411.0,45.0,125.306,9520028680.0
139.198,0.0,89908.0,5411.0,45.0,125.311,9520053728.0
139.298,0.0,89908.0,5411.0,45.0,125.309,9520066267.0
139.398,0.0,89908.0,5411.0,45.0,125.356,9520078817.0
139.498,0.0,89908.0,5411.0,45.0,125.362,9520091350.0
139.598,0.0,89908.0,5411.0,45.0,125.333,9520103872.0
139.698,0.0,89908.0,5411.0,45.0,125.315,9520116382.0
139.798,0.0,89908.0,5411.0,45.0,125.315,9520128915.0
139.898,0.0,89908.0,5411.0,45.0,125.324,9520141428.0
139.998,0.0,89908.0,5411.0,45.0,125.316,9520153966.0
140.098,0.0,89908.0,5411.0,45.0,125.329,9520166484.0
140.198,0.0,89908.0,5411.0,45.0,125.311,9520179007.0
140.298,0.0,89908.0,5411.0,45.0,125.321,9520191540.0
140.398,0.0,89908.0,5411.0,45.0,125.344,9520204099.0
140.498,0.0,89908.0,5411.0,45.0,125.322,9520216623.0
140.598,0.0,89908.0,5411.0,45.0,125.355,9520229148.0
140.698,0.0,89908.0,5411.0,45.0,125.355,9520241663.0
140.798,0.0,89908.0,5411.0,45.0,125.346,9520254182.0
140.898,0.0,89908.0,5411.0,45.0,125.353,9520266696.0
140.998,0.0,89908.0,5411.0,45.0,125.353,9520279241.0
141.098,0.0,89908.0,5411.0,45.0,125.345,9520279241.0
141.198,0.0,89908.0,5411.0,45.0,125.366,9520291765.0
141.298,0.0,89908.0,5411.0,45.0,125.351,9520304300.0
141.398,0.0,89908.0,5411.0,45.0,125.319,9520316803.0
141.498,0.0,89908.0,5411.0,45.0,125.287,9520329343.0
141.598,0.0,89908.0,5411.0,45.0,125.272,9520341836.0
141.698,0.0,89908.0,5411.0,45.0,125.251,9520354379.0
141.798,0.0,89908.0,5411.0,45.0,125.23,9520366871.0
141.898,0.0,89908.0,5411.0,45.0,125.234,9520379376.0
141.998,0.0,89908.0,5411.0,45.0,125.258,9520391916.0
142.098,0.0,89908.0,5411.0,45.0,125.255,9520404433.0
142.198,0.0,89908.0,5411.0,45.0,125.271,9520416965.0
142.298,0.0,89908.0,5411.0,45.0,125.281,9520442047.0
142.398,0.0,89908.0,5411.0,45.0,125.301,9520454598.0
142.497,0.0,89908.0,5411.0,45.0,125.309,9520467141.0
142.596,0.0,89908.0,5411.0,45.0,125.358,9520479686.0
142.697,0.0,89908.0,5411.0,45.0,125.367,9520492219.0
142.797,0.0,89908.0,5411.0,45.0,125.399,9520504743.0
142.898,0.0,89908.0,5411.0,45.0,125.418,9520517294.0
142.998,0.0,89908.0,5411.0,45.0,125.41,9520529814.0
143.097,0.0,89908.0,5411.0,45.0,125.403,9520542326.0
143.197,0.0,89908.0,5411.0,45.0,125.371,9520554850.0
143.298,0.0,89908.0,5411.0,45.0,125.341,9520567363.0
143.398,0.0,89908.0,5411.0,45.0,125.338,9520579862.0
143.497,0.0,89908.0,5411.0,45.0,125.285,9520592374.0
143.598,0.0,89908.0,5411.0,45.0,125.276,9520604919.0
143.698,0.0,89908.0,5411.0,45.0,125.272,9520617435.0
143.798,0.0,89908.0,5411.0,45.0,125.279,9520617435.0
143.898,0.0,89908.0,5411.0,45.0,125.278,9520629951.0
143.998,0.0,89908.0,5411.0,45.0,125.262,9520642481.0
144.097,0.0,89908.0,5411.0,45.0,125.269,9520655008.0
144.198,0.0,89908.0,5411.0,45.0,125.31,9520667543.0
144.298,0.0,89908.0,5411.0,45.0,125.35,9520680101.0
144.398,0.0,89908.0,5411.0,45.0,125.364,9520692630.0
144.498,0.0,89908.0,5411.0,45.0,125.387,9520705152.0
144.598,0.0,89908.0,5411.0,45.0,125.362,9520717643.0
144.698,0.0,89908.0,5411.0,45.0,125.356,9520730178.0
144.797,0.0,89908.0,5411.0,45.0,125.329,9520742692.0
144.899,0.0,89908.0,5411.0,45.0,125.325,9520755200.0
144.998,0.0,89908.0,5411.0,45.0,125.331,9520767726.0
145.098,0.0,89908.0,5411.0,45.0,125.317,9520780257.0
145.198,0.0,89908.0,5411.0,45.0,125.299,9520805297.0
145.298,0.0,89908.0,5411.0,45.0,125.281,9520817814.0
145.398,0.0,89908.0,5411.0,45.0,125.255,9520830344.0
145.498,0.0,89908.0,5411.0,45.0,125.264,9520842878.0
145.598,0.0,89908.0,5411.0,45.0,125.307,9520855409.0
145.698,0.0,89908.0,5411.0,45.0,125.297,9520867943.0
145.796,0.0,89908.0,5411.0,45.0,125.319,9520880473.0
145.896,0.0,89908.0,5411.0,45.0,125.381,9520893033.0
145.998,0.0,89908.0,5411.0,45.0,125.381,9520905570.0
146.099,0.0,89908.0,5411.0,45.0,125.381,9520918078.0
146.198,0.0,89908.0,5411.0,45.0,125.34,9520930595.0
146.298,0.0,89908.0,5411.0,45.0,125.348,9520943120.0
146.399,0.0,89908.0,5411.0,45.0,125.317,9520955612.0
146.499,0.0,89908.0,5411.0,45.0,125.301,9520968119.0
146.598,0.0,89908.0,5411.0,45.0,125.294,9520980632.0
146.698,0.0,89908.0,5411.0,45.0,125.294,9520993168.0
146.799,0.0,89908.0,5411.0,45.0,125.276,9520993168.0
146.898,0.0,89908.0,5411.0,45.0,125.262,9521005684.0
146.997,0.0,89908.0,5411.0,45.0,125.291,9521018212.0
147.097,0.0,89908.0,5411.0,45.0,125.298,9521030781.0
147.198,0.0,89908.0,5411.0,45.0,125.343,9521043312.0
147.298,0.0,89908.0,5411.0,45.0,125.343,9521055835.0
147.399,0.0,89908.0,5411.0,45.0,125.36,9521068353.0
147.498,0.0,89908.0,5411.0,45.0,125.348,9521080873.0
147.598,0.0,89908.0,5411.0,45.0,125.355,9521093385.0
147.698,0.0,89908.0,5411.0,45.0,125.321,9521105911.0
147.796,0.0,89908.0,5411.0,45.0,125.289,9521118430.0
147.898,0.0,89908.0,5411.0,45.0,125.259,9521130913.0
147.998,0.0,89908.0,5411.0,45.0,125.221,9521143407.0
148.097,0.0,89908.0,5411.0,45.0,125.191,9521155941.0
148.198,0.0,89908.0,5411.0,45.0,125.232,9521180999.0
148.296,0.0,89908.0,5411.0,45.0,125.249,9521193545.0
148.398,0.0,89908.0,5411.0,45.0,125.24,9521206067.0
148.498,0.0,89908.0,5411.0,45.0,125.28,9521218590.0
148.598,0.0,89908.0,5411.0,45.0,125.291,9521231126.0
148.697,0.0,89908.0,5411.0,45.0,125.282,9521243649.0
148.798,0.0,89908.0,5411.0,45.0,125.347,9521256188.0
148.898,0.0,89908.0,5411.0,45.0,125.389,9521268697.0
148.998,0.0,89908.0,5411.0,45.0,125.363,9521281209.0
149.098,0.0,89908.0,5411.0,45.0,125.345,9521293724.0
149.197,0.0,89908.0,5411.0,45.0,125.309,9521306247.0
149.298,0.0,89908.0,5411.0,45.0,125.307,9521318772.0
149.398,0.0,89908.0,5411.0,45.0,125.308,9521331317.0
149.497,0.0,89908.0,5411.0,45.0,125.273,9521343826.0
149.599,0.0,89908.0,5411.0,45.0,125.276,9521356337.0
149.698,0.0,89908.0,5411.0,45.0,125.264,9521368879.0
149.798,0.0,89908.0,5411.0,45.0,125.256,9521381364.0
149.898,0.0,89908.0,5411.0,45.0,125.256,9521381364.0
149.998,0.0,89908.0,5411.0,45.0,125.235,9521393883.0
150.098,0.0,89908.0,5411.0,45.0,125.256,9521406387.0
150.199,0.0,89908.0,5411.0,45.0,125.292,9521418930.0
150.298,0.0,89908.0,5411.0,45.0,125.304,9521431441.0
150.398,0.0,89908.0,5411.0,45.0,125.27,9521443965.0
150.498,0.0,89908.0,5411.0,45.0,125.277,9521456487.0
150.597,0.0,89908.0,5411.0,45.0,125.289,9521469019.0
150.699,0.0,89908.0,5411.0,45.0,125.255,9521481517.0
150.798,0.0,89908.0,5411.0,45.0,125.25,9521494063.0
150.897,0.0,89908.0,5411.0,45.0,125.263,9521506550.0
150.998,0.0,89908.0,5411.0,45.0,125.261,9521519065.0
151.098,0.0,89908.0,5411.0,45.0,125.249,9521531582.0
151.198,0.0,89908.0,5411.0,45.0,125.268,9521556674.0
151.298,0.0,89908.0,5411.0,45.0,125.291,9521569192.0
151.398,0.0,89908.0,5411.0,45.0,125.297,9521581724.0
151.497,0.0,89908.0,5411.0,45.0,125.285,9521594262.0
151.599,0.0,89908.0,5411.0,45.0,125.312,9521606785.0
151.698,0.0,89908.0,5411.0,45.0,125.333,9521619322.0
151.798,0.0,89908.0,5411.0,45.0,125.326,9521631854.0
151.898,0.0,89908.0,5411.0,45.0,125.346,9521644388.0
151.998,0.0,89908.0,5411.0,45.0,125.387,9521656925.0
152.098,0.0,89908.0,5411.0,45.0,125.359,9521669458.0
152.198,0.0,89908.0,5411.0,45.0,125.322,9521681962.0
152.299,0.0,89908.0,5411.0,45.0,125.331,9521694460.0
152.398,0.0,89908.0,5411.0,45.0,125.31,9521707001.0
152.498,0.0,89908.0,5411.0,45.0,125.305,9521719505.0
152.596,0.0,89908.0,5411.0,45.0,125.293,9521732013.0
152.698,0.0,89908.0,5411.0,45.0,125.293,9521744546.0
152.799,0.0,89908.0,5411.0,45.0,125.289,9521744546.0
152.897,0.0,89908.0,5411.0,45.0,125.291,9521757063.0
152.998,0.0,89908.0,5411.0,45.0,125.253,9521769586.0
153.098,0.0,89908.0,5411.0,45.0,125.241,9521782101.0
153.198,0.0,89908.0,5411.0,45.0,125.243,9521794616.0
153.298,0.0,89908.0,5411.0,45.0,125.315,9521807146.0
153.398,0.0,89908.0,5411.0,45.0,125.286,9521819676.0
153.497,0.0,89908.0,5411.0,45.0,125.293,9521832208.0
153.599,0.0,89908.0,5411.0,45.0,125.308,9521844729.0
153.699,0.0,89908.0,5411.0,45.0,125.337,9521857243.0
153.798,0.0,89908.0,5411.0,45.0,125.303,9521869757.0
153.898,0.0,89908.0,5411.0,45.0,125.29,9521882276.0
153.999,0.0,89908.0,5411.0,45.0,125.284,9521907285.0
154.098,0.0,89908.0,5411.0,45.0,125.265,9521919796.0
154.198,0.0,89908.0,5411.0,45.0,125.255,9521932319.0
154.298,0.0,89908.0,5411.0,45.0,125.227,9521944839.0
154.398,0.0,89908.0,5411.0,45.0,125.246,9521957357.0
154.498,0.0,89908.0,5411.0,45.0,125.233,9521969885.0
154.598,0.0,89908.0,5411.0,45.0,125.248,9521982399.0
154.697,0.0,89908.0,5411.0,45.0,125.233,9521994899.0
154.798,0.0,89908.0,5411.0,45.0,125.221,9522007418.0
154.898,0.0,89908.0,5411.0,45.0,125.24,9522019932.0
154.998,0.0,89908.0,5411.0,45.0,125.278,9522032472.0
155.098,0.0,89908.0,5411.0,45.0,125.248,9522044984.0
155.198,0.0,89908.0,5411.0,45.0,125.252,9522057486.0
155.298,0.0,89908.0,5411.0,45.0,125.263,9522070001.0
155.398,0.0,89908.0,5411.0,45.0,125.261,9522082542.0
155.498,0.0,89908.0,5411.0,45.0,125.249,9522095054.0
155.599,0.0,89908.0,5411.0,45.0,125.249,9522095054.0
155.698,0.0,89908.0,5411.0,45.0,125.282,9522107582.0
155.798,0.0,89908.0,5411.0,45.0,125.32,9522120121.0
155.898,0.0,89908.0,5411.0,45.0,125.313,9522132648.0
155.998,0.0,89908.0,5411.0,45.0,125.302,9522145172.0
156.099,0.0,89908.0,5411.0,45.0,125.309,9522157709.0
156.198,0.0,89908.0,5411.0,45.0,125.353,9522170256.0
156.298,0.0,89908.0,5411.0,45.0,125.396,9522182803.0
156.398,0.0,89908.0,5411.0,45.0,125.371,9522195311.0
156.499,0.0,89908.0,5411.0,45.0,125.366,9522207831.0
156.598,0.0,89908.0,5411.0,45.0,125.383,9522220370.0
156.698,0.0,89908.0,5411.0,45.0,125.371,9522232902.0
156.797,0.0,89908.0,5411.0,45.0,125.34,9522245406.0
156.897,0.0,89908.0,5411.0,45.0,125.337,9522270460.0
156.998,0.0,89908.0,5411.0,45.0,125.347,9522282963.0
157.098,0.0,89908.0,5411.0,45.0,125.31,9522295475.0
157.198,0.0,89908.0,5411.0,45.0,125.269,9522307996.0
157.296,0.0,89908.0,5411.0,45.0,125.259,9522320509.0
157.396,0.0,89908.0,5411.0,45.0,125.284,9522333041.0
157.498,0.0,89908.0,5411.0,45.0,125.278,9522345569.0
157.597,0.0,89908.0,5411.0,45.0,125.272,9522358085.0
157.698,0.0,89908.0,5411.0,45.0,125.26,9522370584.0
157.798,0.0,89908.0,5411.0,45.0,125.251,9522383089.0
157.899,0.0,89908.0,5411.0,45.0,125.234,9522395617.0
157.998,0.0,89908.0,5411.0,45.0,125.234,9522408120.0
158.097,0.0,89908.0,5411.0,45.0,125.242,9522420636.0
158.198,0.0,89908.0,5411.0,45.0,125.244,9522433149.0
158.298,0.0,89908.0,5411.0,45.0,125.251,9522445669.0
158.398,0.0,89908.0,5411.0,45.0,125.244,9522458199.0
158.498,0.0,89908.0,5411.0,45.0,125.218,9522470713.0
158.600,0.0,89908.0,5411.0,45.0,125.218,9522470713.0
158.698,0.0,89908.0,5411.0,45.0,125.212,9522483216.0
158.799,0.0,89908.0,5411.0,45.0,125.235,9522495732.0
158.898,0.0,89908.0,5411.0,45.0,125.239,9522508254.0
158.998,0.0,89908.0,5411.0,45.0,125.197,9522520743.0
159.097,0.0,89908.0,5411.0,45.0,125.219,9522533265.0
159.197,0.0,89908.0,5411.0,45.0,125.226,9522545785.0
159.298,0.0,89908.0,5411.0,45.0,125.215,9522558312.0
159.397,0.0,89908.0,5411.0,45.0,125.187,9522570819.0
159.497,0.0,89908.0,5411.0,45.0,125.194,9522583328.0
159.598,0.0,89908.0,5411.0,45.0,125.225,9522595843.0
159.698,0.0,89908.0,5411.0,45.0,125.212,9522608353.0
159.799,0.0,89908.0,5411.0,45.0,125.204,9522620851.0
159.898,0.0,89908.0,5411.0,45.0,125.21,9522633360.0
159.997,0.0,89908.0,5411.0,45.0,125.252,9522658428.0
160.098,0.0,89908.0,5411.0,45.0,125.25,9522670959.0
160.198,0.0,89908.0,5411.0,45.0,125.266,9522683492.0
160.297,0.0,89908.0,5411.0,45.0,125.271,9522695998.0
160.397,0.0,89908.0,5411.0,45.0,125.276,9522708514.0
160.496,0.0,89908.0,5411.0,45.0,125.28,9522721046.0
160.598,0.0,89908.0,5411.0,45.0,125.278,9522733550.0
160.698,0.0,89908.0,5411.0,45.0,125.282,9522746067.0
160.798,0.0,89908.0,5411.0,45.0,125.296,9522758581.0
160.897,0.0,89908.0,5411.0,45.0,125.286,9522771114.0
160.998,0.0,89908.0,5411.0,45.0,125.273,9522783640.0
161.097,0.0,89908.0,5411.0,45.0,125.252,9522796141.0
161.198,0.0,89908.0,5411.0,45.0,125.225,9522808665.0
161.298,0.0,89908.0,5411.0,45.0,125.237,9522821185.0
161.398,0.0,89908.0,5411.0,45.0,125.219,9522833682.0
161.498,0.0,89908.0,5411.0,45.0,125.219,9522833682.0
161.598,0.0,89908.0,5411.0,45.0,125.207,9522846192.0
161.698,0.0,89908.0,5411.0,45.0,125.237,9522858726.0
161.798,0.0,89908.0,5411.0,45.0,125.237,9522871258.0
161.897,0.0,89908.0,5411.0,45.0,125.24,9522883773.0
161.997,0.0,89908.0,5411.0,45.0,125.244,9522896293.0
162.097,0.0,89908.0,5411.0,45.0,125.245,9522908816.0
162.198,0.0,89908.0,5411.0,45.0,125.221,9522921310.0
162.298,0.0,89908.0,5411.0,45.0,125.246,9522933818.0
162.398,0.0,89908.0,5411.0,45.0,125.246,9522946356.0
162.498,0.0,89908.0,5411.0,45.0,125.269,9522958865.0
162.599,0.0,89908.0,5411.0,45.0,125.265,9522971364.0
162.697,0.0,89908.0,5411.0,45.0,125.238,9522983881.0
162.798,0.0,89908.0,5411.0,45.0,125.22,9522996400.0
162.898,0.0,89908.0,5411.0,45.0,125.221,9523021424.0
162.998,0.0,89908.0,5411.0,45.0,125.207,9523033929.0
163.097,0.0,89908.0,5411.0,45.0,125.185,9523046459.0
163.196,0.0,89908.0,5411.0,45.0,125.219,9523058946.0
163.297,0.0,89908.0,5411.0,45.0,125.182,9523071451.0
163.398,0.0,89908.0,5411.0,45.0,125.178,9523083974.0
163.498,0.0,89908.0,5411.0,45.0,125.197,9523096465.0
163.598,0.0,89908.0,5411.0,45.0,125.216,9523109019.0
163.698,0.0,89908.0,5411.0,45.0,125.242,9523121548.0
163.797,0.0,89908.0,5411.0,45.0,125.239,9523134054.0
163.898,0.0,89908.0,5411.0,45.0,125.242,9523146563.0
163.996,0.0,89908.0,5411.0,45.0,125.262,9523159091.0
164.097,0.0,89908.0,5411.0,45.0,125.262,9523171612.0
164.198,0.0,89908.0,5411.0,45.0,125.267,9523184122.0
164.297,0.0,89908.0,5411.0,45.0,125.279,9523196652.0
164.398,0.0,89908.0,5411.0,45.0,125.279,9523209168.0
164.498,0.0,89908.0,5411.0,45.0,125.262,9523209168.0
164.598,0.0,89908.0,5411.0,45.0,125.223,9523221686.0
164.699,0.0,89908.0,5411.0,45.0,125.202,9523234187.0
164.798,0.0,89908.0,5411.0,45.0,125.199,9523246707.0
164.898,0.0,89908.0,5411.0,45.0,125.22,9523259234.0
164.997,0.0,89908.0,5411.0,45.0,125.245,9523271742.0
165.097,0.0,89908.0,5411.0,45.0,125.254,9523284288.0
165.198,0.0,89908.0,5411.0,45.0,125.227,9523296782.0
165.297,0.0,89908.0,5411.0,45.0,125.275,9523309279.0
165.398,0.0,89908.0,5411.0,45.0,125.313,9523321860.0
165.498,0.0,89908.0,5411.0,45.0,125.352,9523334417.0
165.598,0.0,89908.0,5411.0,45.0,125.404,9523346965.0
165.698,0.0,89908.0,5411.0,45.0,125.459,9523372098.0
165.798,0.0,89908.0,5411.0,45.0,125.513,9523384651.0
165.898,0.0,89908.0,5411.0,45.0,125.537,9523397217.0
165.997,0.0,89908.0,5411.0,45.0,125.595,9523409815.0
166.098,0.0,89908.0,5411.0,45.0,125.618,9523422363.0
166.198,0.0,89908.0,5411.0,45.0,125.679,9523434920.0
166.298,0.0,89908.0,5411.0,45.0,125.687,9523447461.0
166.398,0.0,89908.0,5411.0,45.0,125.664,9523460051.0
166.497,0.0,89908.0,5411.0,45.0,125.672,9523472582.0
166.599,0.0,89908.0,5411.0,45.0,125.692,9523485164.0
166.697,0.0,89908.0,5411.0,45.0,125.721,9523497743.0
166.798,0.0,89908.0,5411.0,45.0,125.705,9523510308.0
166.898,0.0,89908.0,5411.0,45.0,125.739,9523522873.0
166.998,0.0,89908.0,5411.0,45.0,125.742,9523535453.0
167.099,0.0,89908.0,5411.0,45.0,125.752,9523548042.0
167.198,0.0,89908.0,5411.0,45.0,125.752,9523548042.0
167.298,0.0,89908.0,5411.0,45.0,125.744,9523560595.0
167.398,0.0,89908.0,5411.0,45.0,125.741,9523573141.0
167.499,0.0,89908.0,5411.0,45.0,125.727,9523585690.0
167.597,0.0,89908.0,5411.0,45.0,125.724,9523598236.0
167.698,0.0,89908.0,5411.0,45.0,125.687,9523610793.0
167.799,0.0,89908.0,5411.0,45.0,125.673,9523623350.0
167.899,0.0,89908.0,5411.0,45.0,125.659,9523635923.0
167.997,0.0,89908.0,5411.0,45.0,125.682,9523648486.0
168.097,0.0,89908.0,5411.0,45.0,125.65,9523661062.0
168.199,0.0,89908.0,5411.0,45.0,125.647,9523673627.0
168.297,0.0,89908.0,5411.0,45.0,125.689,9523686183.0
168.398,0.0,89908.0,5411.0,45.0,125.705,9523698756.0
168.498,0.0,89908.0,5411.0,45.0,125.727,9523723889.0
168.598,0.0,89908.0,5411.0,45.0,125.727,9523736459.0
168.698,0.0,89908.0,5411.0,45.0,125.762,9523749024.0
168.798,0.0,89908.0,5411.0,45.0,125.737,9523761552.0
168.898,0.0,89908.0,5411.0,45.0,125.717,9523774108.0
168.999,0.0,89908.0,5411.0,45.0,125.697,9523786670.0
169.098,0.0,89908.0,5411.0,45.0,125.678,9523799237.0
169.198,0.0,89908.0,5411.0,45.0,125.704,9523811809.0
169.298,0.0,89908.0,5411.0,45.0,125.693,9523824357.0
169.398,0.0,89908.0,5411.0,45.0,125.663,9523836945.0
169.499,0.0,89908.0,5411.0,45.0,125.69,9523849511.0
169.598,0.0,89908.0,5411.0,45.0,125.692,9523862063.0
169.698,0.0,89908.0,5411.0,45.0,125.673,9523874621.0
169.798,0.0,89908.0,5411.0,45.0,125.698,9523887169.0
169.897,0.0,89908.0,5411.0,45.0,125.703,9523899726.0
169.998,0.0,89908.0,5411.0,45.0,125.71,9523912290.0
170.098,0.0,89908.0,5411.0,45.0,125.697,9523912290.0
170.198,0.0,89908.0,5411.0,45.0,125.685,9523924839.0
170.298,0.0,89908.0,5411.0,45.0,125.685,9523937396.0
170.398,0.0,89908.0,5411.0,45.0,125.692,9523949949.0
170.497,0.0,89908.0,5411.0,45.0,125.653,9523962523.0
170.598,0.0,89908.0,5411.0,45.0,125.621,9523975051.0
170.698,0.0,89908.0,5411.0,45.0,125.609,9523987594.0
170.798,0.0,89908.0,5411.0,45.0,125.623,9524000150.0
170.898,0.0,89908.0,5411.0,45.0,125.611,9524012700.0
170.998,0.0,89908.0,5411.0,45.0,125.649,9524025291.0
171.098,0.0,89908.0,5411.0,45.0,125.643,9524037858.0
171.198,0.0,89908.0,5411.0,45.0,125.652,9524050408.0
171.298,0.0,89908.0,5411.0,45.0,125.651,9524062996.0
171.398,0.0,89908.0,5411.0,45.0,125.616,9524088070.0
171.498,0.0,89908.0,5411.0,45.0,125.637,9524100636.0
171.597,0.0,89908.0,5411.0,45.0,125.656,9524113197.0
171.698,0.0,89908.0,5411.0,45.0,125.67,9524125745.0
171.799,0.0,89908.0,5411.0,45.0,125.653,9524141885.0
171.898,0.0,89908.0,5411.0,45.0,130.73,9524158950.0
171.998,50.0,89908.0,5411.0,46.0,135.75,9524176048.0
172.098,50.0,89908.0,5411.0,46.0,140.201,9524193227.0
172.198,50.0,89908.0,5411.0,46.0,144.901,9524210324.0
172.298,50.0,89908.0,5411.0,46.0,149.231,9524227790.0
172.398,50.0,89908.0,5411.0,47.0,154.338,9524247125.0
172.497,50.0,89908.0,5411.0,46.0,162.723,9524269538.0
172.598,55.0,89908.0,5411.0,46.0,171.474,9524287381.0
172.698,55.0,89908.0,5411.0,47.0,177.453,9524309237.0
172.798,55.0,89908.0,5411.0,47.0,177.453,9524325848.0
172.898,54.0,89908.0,5411.0,47.0,183.552,9524325848.0
172.998,54.0,89908.0,5411.0,47.0,186.087,9524342469.0
173.098,54.0,89908.0,5411.0,47.0,187.539,9524362943.0
173.197,55.0,89908.0,5411.0,47.0,187.242,9524381190.0
173.297,55.0,89908.0,5411.0,47.0,190.698,9524400703.0
173.398,54.0,89908.0,5411.0,47.0,190.582,9524419559.0
173.498,54.0,89908.0,5411.0,47.0,186.239,9524437269.0
173.598,55.0,89908.0,5411.0,47.0,188.805,9524454173.0
173.698,55.0,89908.0,5411.0,47.0,184.905,9524474529.0
173.798,53.0,89908.0,5411.0,47.0,186.059,9524490831.0
173.898,53.0,89908.0,5411.0,46.0,185.314,9524511727.0
173.998,51.0,89908.0,5411.0,46.0,183.918,9524546826.0
174.098,51.0,89908.0,5411.0,46.0,183.324,9524563641.0
174.197,51.0,89908.0,5411.0,46.0,187.199,9524584724.0
174.296,51.0,89908.0,5411.0,46.0,182.296,9524601674.0
174.398,51.0,89908.0,5411.0,46.0,181.123,9524617773.0
174.498,51.0,89908.0,5411.0,52.0,200.278,9524667095.0
174.598,92.0,89908.0,5411.0,53.0,230.944,9524715259.0
174.698,92.0,89908.0,5411.0,56.0,273.067,9524777033.0
174.799,100.0,89908.0,5411.0,58.0,307.449,9524828832.0
174.897,100.0,89908.0,5411.0,58.0,348.017,9524891905.0
174.999,100.0,89908.0,5411.0,59.0,388.913,9524945414.0
175.098,100.0,89908.0,5411.0,59.0,424.122,9525006628.0
175.198,100.0,89908.0,5411.0,59.0,458.982,9525054071.0
175.298,100.0,89908.0,5411.0,59.0,458.982,9525054071.0
175.398,83.0,89908.0,5411.0,59.0,523.789,9525102150.0
175.499,83.0,89908.0,5411.0,59.0,530.217,9525147841.0
175.599,81.0,89908.0,5411.0,59.0,520.16,9525192863.0
175.698,81.0,89908.0,5411.0,59.0,517.609,9525239198.0
175.798,80.0,89908.0,5411.0,59.0,502.809,9525284838.0
175.898,80.0,89908.0,5411.0,59.0,498.509,9525331171.0
175.999,80.0,89908.0,5411.0,60.0,475.961,9525376421.0
176.098,80.0,89908.0,5411.0,58.0,469.487,9525421726.0
176.198,83.0,89908.0,5411.0,58.0,459.614,9525468477.0
176.298,83.0,89908.0,5411.0,59.0,459.299,9525514526.0
176.397,76.0,89908.0,5411.0,59.0,455.954,9525559370.0
176.499,76.0,89908.0,5411.0,57.0,448.04,9525636836.0
176.598,68.0,89908.0,5411.0,55.0,434.93,9525662897.0
176.698,68.0,89908.0,5411.0,54.0,412.954,9525686959.0
176.798,57.0,89908.0,5411.0,53.0,386.416,9525706796.0
176.898,57.0,89908.0,5411.0,52.0,358.455,9525723544.0
176.997,54.0,89908.0,5411.0,51.0,333.143,9525744565.0
177.098,54.0,89908.0,5411.0,51.0,305.891,9525763331.0
177.198,53.0,89908.0,5411.0,50.0,278.639,9525785323.0
177.298,53.0,89908.0,5411.0,50.0,252.288,9525802301.0
177.398,54.0,89908.0,5411.0,50.0,229.436,9525819077.0
177.498,54.0,89908.0,5411.0,49.0,209.489,9525838545.0
177.598,54.0,89908.0,5411.0,49.0,196.373,9525857601.0
177.698,54.0,89908.0,5411.0,49.0,189.647,9525876488.0
177.798,54.0,89908.0,5411.0,49.0,189.899,9525896017.0
177.898,54.0,89908.0,5411.0,49.0,190.093,9525896017.0
177.998,53.0,89908.0,5411.0,48.0,188.378,9525916170.0
178.098,53.0,89908.0,5411.0,48.0,190.758,9525932873.0
178.198,53.0,89908.0,5411.0,48.0,187.453,9525953373.0
178.298,53.0,89908.0,5411.0,48.0,185.478,9525969235.0
178.397,53.0,89908.0,5411.0,48.0,186.961,9525987965.0
178.498,53.0,89908.0,5411.0,48.0,185.714,9526008368.0
178.598,53.0,89908.0,5411.0,48.0,188.683,9526026853.0
178.698,53.0,89908.0,5411.0,48.0,186.193,9526043703.0
178.797,53.0,89908.0,5411.0,48.0,186.467,9526061663.0
178.898,53.0,89908.0,5411.0,48.0,186.188,9526083148.0
178.997,53.0,89908.0,5411.0,48.0,185.501,9526100561.0
179.098,53.0,89908.0,5411.0,48.0,180.164,9526136000.0
179.198,52.0,89908.0,5411.0,48.0,184.988,9526154917.0
179.297,52.0,89908.0,5411.0,47.0,182.103,9526172232.0
179.398,52.0,89908.0,5411.0,47.0,183.608,9526188594.0
179.498,52.0,89908.0,5411.0,47.0,183.668,9526208289.0
179.598,52.0,89908.0,5411.0,47.0,180.281,9526223204.0
179.698,52.0,89908.0,5411.0,47.0,178.661,9526241919.0
179.798,52.0,89908.0,5411.0,47.0,182.605,9526265118.0
179.897,52.0,89908.0,5411.0,47.0,181.666,9526280720.0
179.998,52.0,89908.0,5411.0,47.0,178.661,9526295157.0
180.098,52.0,89908.0,5411.0,47.0,176.534,9526308037.0
180.198,0.0,89908.0,5411.0,46.0,167.594,9526320778.0
180.298,0.0,89908.0,5411.0,46.0,164.571,9526333551.0
180.398,0.0,89908.0,5411.0,46.0,158.744,9526346283.0
180.497,0.0,89908.0,5411.0,46.0,153.348,9526359008.0
180.598,0.0,89908.0,5411.0,46.0,153.348,9526371719.0
180.699,0.0,89908.0,5411.0,46.0,149.548,9526371719.0
180.798,0.0,89908.0,5411.0,46.0,147.001,9526384440.0
180.898,0.0,89908.0,5411.0,46.0,130.618,9526397155.0
180.999,0.0,89908.0,5411.0,46.0,128.278,9526409859.0
181.098,0.0,89908.0,5411.0,46.0,127.334,9526422559.0
181.196,0.0,89908.0,5411.0,46.0,127.275,9526435259.0
181.296,0.0,89908.0,5411.0,46.0,127.179,9526447943.0
181.397,0.0,89908.0,5411.0,46.0,127.101,9526460618.0
181.496,0.0,89908.0,5411.0,46.0,126.99,9526473271.0
181.596,0.0,89908.0,5411.0,46.0,126.953,9526485930.0
181.697,0.0,89908.0,5411.0,46.0,126.926,9526498616.0
181.796,0.0,89908.0,5411.0,46.0,126.905,9526511314.0
181.898,0.0,89908.0,5411.0,46.0,126.875,9526536658.0
181.997,0.0,89908.0,5411.0,46.0,126.833,9526549335.0
182.098,0.0,89908.0,5411.0,46.0,126.796,9526561998.0
182.198,0.0,89908.0,5411.0,45.0,126.785,9526574657.0
182.298,0.0,89908.0,5411.0,45.0,126.738,9526587308.0
182.398,0.0,89908.0,5411.0,45.0,126.751,9526599991.0
182.499,0.0,89908.0,5411.0,45.0,126.765,9526612648.0
182.598,0.0,89908.0,5411.0,45.0,126.767,9526625291.0
182.698,0.0,89908.0,5411.0,45.0,126.796,9526641273.0
182.798,34.0,89908.0,5411.0,46.0,136.88,9526668868.0
182.898,34.0,89908.0,5411.0,47.0,150.302,9526688013.0
182.998,54.0,89908.0,5411.0,47.0,153.804,9526707501.0
183.098,54.0,89908.0,5411.0,47.0,161.406,9526724093.0
183.198,54.0,89908.0,5411.0,47.0,166.558,9526742077.0
183.298,54.0,89908.0,5411.0,47.0,171.819,9526761580.0
183.398,54.0,89908.0,5411.0,47.0,178.679,9526781996.0
183.498,54.0,89908.0,5411.0,47.0,186.055,9526781996.0
183.598,53.0,89908.0,5411.0,47.0,191.256,9526801080.0
183.697,53.0,89908.0,5411.0,47.0,199.957,9526819077.0
183.797,54.0,89908.0,5411.0,47.0,196.345,9526839304.0
183.897,54.0,89908.0,5411.0,47.0,186.328,9526858116.0
183.998,52.0,89908.0,5411.0,47.0,184.37,9526873909.0
184.098,52.0,89908.0,5411.0,47.0,178.721,9526888441.0
184.198,52.0,89908.0,5411.0,47.0,177.558,9526903163.0
184.299,52.0,89908.0,5411.0,47.0,179.513,9526920696.0
184.398,51.0,89908.0,5411.0,47.0,178.036,9526941951.0
184.498,51.0,89908.0,5411.0,47.0,176.26,9526958362.0
184.596,48.0,89908.0,5411.0,46.0,172.338,9526974988.0
184.698,48.0,89908.0,5411.0,46.0,163.868,9527001488.0
184.798,0.0,89908.0,5411.0,46.0,158.148,9527014013.0
184.898,0.0,89908.0,5411.0,46.0,153.63,9527026491.0
184.997,0.0,89908.0,5411.0,46.0,151.445,9527038988.0
185.096,0.0,89908.0,5411.0,46.0,149.475,9527051465.0
185.196,0.0,89908.0,5411.0,46.0,146.869,9527063936.0
185.297,0.0,89908.0,5411.0,46.0,139.166,9527076375.0
185.398,0.0,89908.0,5411.0,45.0,131.938,9527088835.0
185.497,0.0,89908.0,5411.0,45.0,128.471,9527101277.0
185.598,0.0,89908.0,5411.0,45.0,125.26,9527113712.0
185.697,0.0,89908.0,5411.0,45.0,124.883,9527126182.0
185.797,0.0,89908.0,5411.0,45.0,124.744,9527138652.0
185.898,0.0,89908.0,5411.0,45.0,124.688,9527151109.0
185.998,0.0,89908.0,5411.0,45.0,124.652,9527163572.0
186.098,0.0,89908.0,5411.0,45.0,124.623,9527176037.0
186.198,0.0,89908.0,5411.0,45.0,124.629,9527188473.0
186.298,0.0,89908.0,5411.0,45.0,124.629,9527200935.0
186.398,0.0,89908.0,5411.0,45.0,124.627,9527200935.0
186.499,0.0,89908.0,5411.0,45.0,124.605,9527213390.0
186.599,0.0,89908.0,5411.0,45.0,124.634,9527225837.0
186.698,0.0,89908.0,5411.0,45.0,125.268,9527238262.0
186.797,39.0,89908.0,5411.0,46.0,133.987,9527254715.0
186.898,39.0,89908.0,5411.0,46.0,139.681,9527274180.0
186.999,54.0,89908.0,5411.0,46.0,147.94,9527292227.0
187.098,54.0,89908.0,5411.0,46.0,155.624,9527313047.0
187.198,54.0,89908.0,5411.0,47.0,166.532,9527336110.0
187.298,54.0,89908.0,5411.0,47.0,172.426,9527356918.0
187.397,54.0,89908.0,5411.0,47.0,177.503,9527392408.0
187.498,54.0,89908.0,5411.0,47.0,183.789,9527411630.0
187.597,54.0,89908.0,5411.0,47.0,191.119,9527430094.0
187.699,54.0,89908.0,5411.0,47.0,195.236,9527446808.0
187.797,54.0,89908.0,5411.0,47.0,194.095,9527466718.0
187.898,54.0,89908.0,5411.0,47.0,193.504,9527485341.0
187.998,54.0,89908.0,5411.0,47.0,193.879,9527504659.0
188.097,54.0,89908.0,5411.0,47.0,193.165,9527524442.0
188.197,54.0,89908.0,5411.0,47.0,191.136,9527544694.0
188.297,54.0,89908.0,5411.0,47.0,189.929,9527562896.0
188.398,53.0,89908.0,5411.0,47.0,189.77,9527580836.0
188.498,53.0,89908.0,5411.0,47.0,189.112,9527599245.0
188.598,55.0,89908.0,5411.0,47.0,188.734,9527617650.0
188.698,55.0,89908.0,5411.0,47.0,187.365,9527635609.0
188.798,53.0,89908.0,5411.0,47.0,187.981,9527655338.0
188.898,53.0,89908.0,5411.0,47.0,193.303,9527677857.0
188.996,52.0,89908.0,5411.0,47.0,187.511,9527677857.0
189.096,52.0,89908.0,5411.0,47.0,184.455,9527693081.0
189.196,52.0,89908.0,5411.0,50.0,200.877,9527709790.0
189.299,52.0,89908.0,5411.0,54.0,236.573,9527762010.0
189.398,86.0,89908.0,5411.0,57.0,281.35,9527818472.0
189.497,86.0,89908.0,5411.0,57.0,315.845,9527875089.0
189.598,100.0,89908.0,5411.0,59.0,357.855,9527931634.0
189.698,100.0,89908.0,5411.0,58.0,395.64,9527992109.0
189.798,100.0,89908.0,5411.0,60.0,439.237,9528048481.0
189.898,100.0,89908.0,5411.0,60.0,465.114,9528111207.0
189.996,82.0,89908.0,5411.0,59.0,488.475,9528204620.0
190.096,82.0,89908.0,5411.0,59.0,517.239,9528249855.0
190.196,77.0,89908.0,5411.0,59.0,530.725,9528294942.0
190.297,77.0,89908.0,5411.0,59.0,521.458,9528341404.0
190.398,80.0,89908.0,5411.0,60.0,505.728,9528387404.0
190.497,80.0,89908.0,5411.0,60.0,501.812,9528434834.0
190.598,82.0,89908.0,5411.0,59.0,486.274,9528480385.0
190.698,82.0,89908.0,5411.0,58.0,479.577,9528527520.0
190.798,83.0,89908.0,5411.0,58.0,464.592,9528573600.0
190.898,83.0,89908.0,5411.0,59.0,457.359,9528619866.0
190.997,81.0,89908.0,5411.0,59.0,456.716,9528666155.0
191.099,81.0,89908.0,5411.0,57.0,458.396,9528710587.0
191.198,80.0,89908.0,5411.0,57.0,452.895,9528745469.0
191.298,80.0,89908.0,5411.0,56.0,437.671,9528772688.0
191.398,80.0,89908.0,5411.0,56.0,437.671,9528796543.0
191.497,62.0,89908.0,5411.0,54.0,414.983,9528796543.0
191.597,62.0,89908.0,5411.0,53.0,393.695,9528819305.0
191.698,56.0,89908.0,5411.0,52.0,368.968,9528838798.0
191.798,56.0,89908.0,5411.0,51.0,341.748,9528858352.0
191.898,54.0,89908.0,5411.0,50.0,283.377,9528877495.0
191.998,53.0,89908.0,5411.0,50.0,260.183,9528894021.0
192.098,53.0,89908.0,5411.0,50.0,237.032,9528918017.0
192.197,53.0,89908.0,5411.0,49.0,211.841,9528936231.0
192.298,53.0,89908.0,5411.0,49.0,203.438,9528956120.0
192.397,54.0,89908.0,5411.0,49.0,200.744,9528975539.0
192.498,54.0,89908.0,5411.0,49.0,201.677,9528997930.0
192.598,55.0,89908.0,5411.0,49.0,200.852,9529042503.0
192.697,55.0,89908.0,5411.0,49.0,203.955,9529062525.0
192.798,55.0,89908.0,5411.0,48.0,207.645,9529084578.0
192.897,55.0,89908.0,5411.0,48.0,209.398,9529105774.0
192.997,55.0,89908.0,5411.0,48.0,208.639,9529122916.0
193.098,55.0,89908.0,5411.0,48.0,204.694,9529139354.0
193.197,55.0,89908.0,5411.0,48.0,202.802,9529155259.0
193.298,55.0,89908.0,5411.0,48.0,201.076,9529175621.0
193.398,55.0,89908.0,5411.0,48.0,197.934,9529194079.0
193.498,55.0,89908.0,5411.0,48.0,197.284,9529216361.0
193.598,55.0,89908.0,5411.0,48.0,194.006,9529232921.0
193.698,55.0,89908.0,5411.0,48.0,191.37,9529251960.0
193.796,55.0,89908.0,5411.0,48.0,186.349,9529251960.0
193.897,55.0,89908.0,5411.0,48.0,186.264,9529270787.0
193.998,54.0,89908.0,5411.0,48.0,182.328,9529288748.0
194.098,54.0,89908.0,5411.0,48.0,187.668,9529307988.0
194.198,53.0,89908.0,5411.0,48.0,188.375,9529326512.0
194.296,53.0,89908.0,5411.0,48.0,186.098,9529345169.0
194.398,53.0,89908.0,5411.0,48.0,187.814,9529362461.0
194.498,53.0,89908.0,5411.0,48.0,183.313,9529380448.0
194.597,53.0,89908.0,5411.0,47.0,182.437,9529400483.0
194.697,53.0,89908.0,5411.0,47.0,183.06,9529417549.0
194.796,53.0,89908.0,5411.0,47.0,179.328,9529435881.0
194.896,53.0,89908.0,5411.0,47.0,173.846,9529462440.0
194.996,0.0,89908.0,5411.0,47.0,168.093,9529475219.0
195.096,0.0,89908.0,5411.0,46.0,161.351,9529488007.0
195.196,0.0,89908.0,5411.0,46.0,156.2,9529500778.0
195.296,0.0,89908.0,5411.0,46.0,152.084,9529513520.0
195.396,0.0,89908.0,5411.0,46.0,147.93,9529526225.0
195.496,0.0,89908.0,5411.0,46.0,141.704,9529538958.0
195.596,0.0,89908.0,5411.0,46.0,136.213,9529551683.0
195.697,0.0,89908.0,5411.0,46.0,129.461,9529564385.0
195.798,0.0,89908.0,5411.0,46.0,127.622,9529577107.0
195.898,0.0,89908.0,5411.0,46.0,127.49,9529589802.0
195.998,0.0,89908.0,5411.0,46.0,127.4,9529602525.0
196.097,0.0,89908.0,5411.0,46.0,127.339,9529615246.0
196.197,0.0,89908.0,5411.0,46.0,127.253,9529627926.0
196.298,0.0,89908.0,5411.0,46.0,127.21,9529640623.0
196.398,0.0,89908.0,5411.0,46.0,127.182,9529653302.0
196.498,0.0,89908.0,5411.0,46.0,127.182,9529665976.0
196.598,0.0,89908.0,5411.0,46.0,127.114,9529665976.0
196.697,0.0,89908.0,5411.0,46.0,127.068,9529678645.0
196.798,0.0,89908.0,5411.0,46.0,127.029,9529691334.0
196.898,5.0,89908.0,5411.0,47.0,144.06,9529728506.0
196.998,5.0,89908.0,5411.0,52.0,175.693,9529769890.0
197.098,72.0,89908.0,5411.0,50.0,203.864,9529795932.0
197.197,59.0,89908.0,5411.0,50.0,216.702,9529819913.0
197.298,59.0,89908.0,5411.0,49.0,228.352,9529844719.0
197.397,59.0,89908.0,5411.0,49.0,239.319,9529869420.0
197.498,59.0,89908.0,5411.0,50.0,251.868,9529895206.0
197.598,58.0,89908.0,5411.0,49.0,259.847,9529918494.0
197.697,58.0,89908.0,5411.0,49.0,275.566,9529967560.0
197.798,56.0,89908.0,5411.0,49.0,265.806,9529987209.0
197.896,56.0,89908.0,5411.0,48.0,242.792,9530006995.0
197.997,53.0,89908.0,5411.0,48.0,228.744,9530023724.0
198.098,53.0,89908.0,5411.0,48.0,224.136,9530042419.0
198.198,55.0,89908.0,5411.0,48.0,219.587,9530063144.0
198.298,55.0,89908.0,5411.0,48.0,211.682,9530079715.0
198.398,53.0,89908.0,5411.0,48.0,199.9,9530094402.0
198.498,53.0,89908.0,5411.0,47.0,194.366,9530111969.0
198.598,53.0,89908.0,5411.0,47.0,188.862,9530127024.0
198.698,53.0,89908.0,5411.0,47.0,177.396,9530143144.0
198.798,52.0,89908.0,5411.0,47.0,174.22,9530160509.0
198.898,52.0,89908.0,5411.0,47.0,170.826,9530175734.0
198.998,52.0,89908.0,5411.0,47.0,169.777,9530194091.0
199.096,52.0,89908.0,5411.0,47.0,169.777,9530210131.0
199.198,52.0,89908.0,5411.0,47.0,167.38,9530210131.0
199.298,52.0,89908.0,5411.0,47.0,168.622,9530229239.0
199.398,52.0,89908.0,5411.0,47.0,163.682,9530242974.0
199.498,0.0,89908.0,5411.0,46.0,161.706,9530255741.0
199.597,0.0,89908.0,5411.0,46.0,157.554,9530268485.0
199.696,0.0,89908.0,5411.0,46.0,154.114,9530281239.0
199.798,0.0,89908.0,5411.0,46.0,150.8,9530293923.0
199.897,0.0,89908.0,5411.0,46.0,147.004,9530306642.0
199.996,0.0,89908.0,5411.0,46.0,141.427,9530319362.0
200.097,0.0,89908.0,5411.0,46.0,135.49,9530332060.0
200.198,0.0,89908.0,5411.0,46.0,128.888,9530344777.0
200.297,0.0,89908.0,5411.0,46.0,127.382,9530357500.0
200.398,0.0,89908.0,5411.0,46.0,127.265,9530370209.0
200.498,0.0,89908.0,5411.0,46.0,127.173,9530395519.0
200.598,0.0,89908.0,5411.0,46.0,127.114,9530408235.0
200.698,0.0,89908.0,5411.0,46.0,127.099,9530420929.0
200.798,0.0,89908.0,5411.0,46.0,127.062,9530433629.0
200.897,0.0,89908.0,5411.0,46.0,127.037,9530446313.0
200.998,0.0,89908.0,5411.0,46.0,126.981,9530458974.0
201.097,0.0,89908.0,5411.0,46.0,126.927,9530471640.0
201.198,0.0,89908.0,5411.0,46.0,126.857,9530484318.0
201.297,0.0,89908.0,5411.0,46.0,129.78,9530500684.0
201.398,45.0,89908.0,5411.0,46.0,134.756,9530518427.0
201.498,45.0,89908.0,5411.0,46.0,139.184,9530535286.0
201.598,50.0,89908.0,5411.0,46.0,143.394,9530552602.0
201.698,50.0,89908.0,5411.0,46.0,150.696,9530572866.0
201.799,55.0,89908.0,5411.0,47.0,157.768,9530592184.0
201.898,55.0,89908.0,5411.0,47.0,162.332,9530609274.0
201.996,53.0,89908.0,5411.0,47.0,167.917,9530628140.0
202.097,53.0,89908.0,5411.0,47.0,175.625,9530628140.0
202.196,54.0,89908.0,5411.0,47.0,184.326,9530648796.0
202.297,54.0,89908.0,5411.0,47.0,185.501,9530669194.0
202.397,54.0,89908.0,5411.0,47.0,185.307,9530685797.0
202.497,54.0,89908.0,5411.0,47.0,184.126,9530702823.0
202.596,54.0,89908.0,5411.0,47.0,185.604,9530719409.0
202.696,54.0,89908.0,5411.0,47.0,184.456,9530737825.0
202.797,54.0,89908.0,5411.0,47.0,181.493,9530756956.0
202.896,54.0,89908.0,5411.0,47.0,183.415,9530772804.0
202.997,55.0,89908.0,5411.0,47.0,180.413,9530792470.0
203.098,55.0,89908.0,5411.0,47.0,178.031,9530807453.0
203.197,52.0,89908.0,5411.0,47.0,173.223,9530826482.0
203.298,52.0,89908.0,5411.0,47.0,173.846,9530860073.0
203.397,50.0,89908.0,5411.0,47.0,172.626,9530875473.0
203.498,50.0,89908.0,5411.0,46.0,169.337,9530888294.0
203.597,0.0,89908.0,5411.0,46.0,163.078,9530900976.0
203.697,0.0,89908.0,5411.0,46.0,159.036,9530913601.0
203.796,0.0,89908.0,5411.0,46.0,153.799,9530926261.0
203.897,0.0,89908.0,5411.0,47.0,165.19,9530964177.0
203.998,70.0,89908.0,5411.0,53.0,202.976,9531017211.0
204.098,70.0,89908.0,5411.0,56.0,241.477,9531069245.0
204.196,73.0,89908.0,5411.0,57.0,277.114,9531123596.0
204.298,73.0,89908.0,5411.0,58.0,316.702,9531181415.0
204.397,81.0,89908.0,5411.0,58.0,348.72,9531237743.0
204.498,81.0,89908.0,5411.0,58.0,348.72,9531300299.0
204.598,81.0,89908.0,5411.0,60.0,404.117,9531350946.0
204.698,97.0,89908.0,5411.0,59.0,443.432,9531350946.0
204.798,97.0,89908.0,5411.0,59.0,477.334,9531397071.0
204.896,82.0,89908.0,5411.0,59.0,504.486,9531444404.0
204.997,82.0,89908.0,5411.0,59.0,526.861,9531490116.0
205.097,82.0,89908.0,5411.0,59.0,523.101,9531540948.0
205.198,82.0,89908.0,5411.0,59.0,508.388,9531589599.0
205.297,81.0,89908.0,5411.0,59.0,506.929,9531635523.0
205.398,81.0,89908.0,5411.0,59.0,499.236,9531682462.0
205.497,81.0,89908.0,5411.0,59.0,474.663,9531729229.0
205.597,78.0,89908.0,5411.0,60.0,468.95,9531776543.0
205.696,78.0,89908.0,5411.0,60.0,468.245,9531823417.0
205.797,83.0,89908.0,5411.0,59.0,465.055,9531913125.0
205.898,83.0,89908.0,5411.0,58.0,464.966,9531953620.0
205.998,76.0,89908.0,5411.0,56.0,447.722,9531985239.0
206.096,76.0,89908.0,5411.0,54.0,425.228,9532011573.0
206.196,58.0,89908.0,5411.0,53.0,401.309,9532033932.0
206.296,58.0,89908.0,5411.0,52.0,376.077,9532054351.0
206.398,53.0,89908.0,5411.0,51.0,350.864,9532074101.0
206.498,53.0,89908.0,5411.0,51.0,323.21,9532092464.0
206.597,54.0,89908.0,5411.0,50.0,296.79,9532110730.0
206.698,54.0,89908.0,5411.0,50.0,264.756,9532130829.0
206.798,54.0,89908.0,5411.0,50.0,243.804,9532148131.0
206.898,54.0,89908.0,5411.0,49.0,215.611,9532167297.0
206.998,54.0,89908.0,5411.0,49.0,203.003,9532183871.0
207.098,54.0,89908.0,5411.0,49.0,191.601,9532200280.0
207.197,54.0,89908.0,5411.0,49.0,191.601,9532218961.0
207.298,55.0,89908.0,5411.0,49.0,187.115,9532218961.0
207.398,55.0,89908.0,5411.0,49.0,183.409,9532236190.0
207.498,55.0,89908.0,5411.0,49.0,180.49,9532253305.0
207.598,55.0,89908.0,5411.0,48.0,179.332,9532270304.0
207.698,55.0,89908.0,5411.0,48.0,179.116,9532289369.0
207.798,55.0,89908.0,5411.0,48.0,177.545,9532305636.0
207.897,54.0,89908.0,5411.0,48.0,180.252,9532329388.0
207.998,54.0,89908.0,5411.0,48.0,184.221,9532351425.0
208.098,56.0,89908.0,5411.0,48.0,182.515,9532367140.0
208.198,56.0,89908.0,5411.0,48.0,182.271,9532383354.0
208.298,55.0,89908.0,5411.0,48.0,178.346,9532398462.0
208.397,55.0,89908.0,5411.0,48.0,182.342,9532434774.0
208.498,55.0,89908.0,5411.0,48.0,182.197,9532452051.0
208.596,55.0,89908.0,5411.0,48.0,179.297,9532467808.0
208.697,55.0,89908.0,5411.0,48.0,180.558,9532487361.0
208.797,53.0,89908.0,5411.0,48.0,176.946,9532503792.0
208.897,53.0,89908.0,5411.0,48.0,171.997,9532522797.0
208.996,53.0,89908.0,5411.0,48.0,172.559,9532538766.0
209.098,53.0,89908.0,5411.0,48.0,174.159,9532556589.0
209.197,53.0,89908.0,5411.0,48.0,175.035,9532573863.0
209.297,53.0,89908.0,5411.0,48.0,176.157,9532590483.0
209.396,53.0,89908.0,5411.0,48.0,172.601,9532605727.0
209.498,53.0,89908.0,5411.0,48.0,168.36,9532620096.0
209.597,31.0,89908.0,5411.0,47.0,165.825,9532632990.0
209.698,31.0,89908.0,5411.0,47.0,160.653,9532645805.0
209.798,0.0,89908.0,5411.0,47.0,155.362,9532645805.0
209.897,0.0,89908.0,5411.0,46.0,149.995,9532658649.0
209.998,0.0,89908.0,5411.0,46.0,146.476,9532671484.0
210.096,0.0,89908.0,5411.0,46.0,141.076,9532684308.0
210.197,0.0,89908.0,5411.0,46.0,137.961,9532697112.0
210.296,0.0,89908.0,5411.0,46.0,133.887,9532709919.0
210.396,0.0,89908.0,5411.0,46.0,130.205,9532722712.0
210.498,0.0,89908.0,5411.0,46.0,128.34,9532735486.0
210.598,0.0,89908.0,5411.0,46.0,128.178,9532748279.0
210.698,0.0,89908.0,5411.0,46.0,128.18,9532761089.0
210.798,0.0,89908.0,5411.0,46.0,128.092,9532773876.0
210.898,0.0,89908.0,5411.0,46.0,128.004,9532786649.0
210.998,0.0,89908.0,5411.0,46.0,127.942,9532799398.0
211.097,0.0,89908.0,5411.0,46.0,127.881,9532812178.0
211.198,0.0,89908.0,5411.0,46.0,127.869,9532837689.0
211.297,0.0,89908.0,5411.0,46.0,127.828,9532850424.0
211.398,0.0,89908.0,5411.0,46.0,127.765,9532863171.0
211.497,0.0,89908.0,5411.0,46.0,128.971,9532878774.0
211.598,36.0,89908.0,5411.0,50.0,150.813,9532912718.0
211.698,36.0,89908.0,5411.0,48.0,158.333,9532933034.0
211.798,56.0,89908.0,5411.0,48.0,169.491,9532957024.0
211.898,56.0,89908.0,5411.0,48.0,175.929,9532975959.0
211.998,55.0,89908.0,5411.0,48.0,187.532,9533000496.0
212.099,55.0,89908.0,5411.0,48.0,194.961,9533020006.0
212.198,54.0,89908.0,5411.0,48.0,200.746,9533040245.0
212.298,54.0,89908.0,5411.0,48.0,209.016,9533060476.0
212.398,54.0,89908.0,5411.0,48.0,213.446,9533079604.0
212.498,54.0,89908.0,5411.0,48.0,218.426,9533095961.0
212.598,53.0,89908.0,5411.0,48.0,200.208,9533095961.0
212.698,53.0,89908.0,5411.0,47.0,198.485,9533113064.0
212.798,54.0,89908.0,5411.0,47.0,193.538,9533132602.0
212.898,54.0,89908.0,5411.0,47.0,187.158,9533147638.0
212.997,51.0,89908.0,5411.0,47.0,180.945,9533163675.0
213.098,51.0,89908.0,5411.0,47.0,173.07,9533178293.0
213.198,52.0,89908.0,5411.0,47.0,169.52,9533193388.0
213.298,52.0,89908.0,5411.0,47.0,170.009,9533209721.0
213.398,52.0,89908.0,5411.0,47.0,164.984,9533228391.0
213.498,52.0,89908.0,5411.0,47.0,165.411,9533243062.0
213.597,51.0,89908.0,5411.0,47.0,166.86,9533261344.0
213.697,51.0,89908.0,5411.0,47.0,164.64,9533297517.0
213.798,50.0,89908.0,5411.0,47.0,167.443,9533315976.0
213.896,50.0,89908.0,5411.0,47.0,169.619,9533333880.0
213.997,49.0,89908.0,5411.0,47.0,172.538,9533351431.0
214.098,49.0,89908.0,5411.0,47.0,175.31,9533369113.0
214.198,50.0,89908.0,5411.0,47.0,176.873,9533386228.0
214.297,50.0,89908.0,5411.0,47.0,175.872,9533403891.0
214.398,50.0,89908.0,5411.0,47.0,178.693,9533421478.0
214.498,50.0,89908.0,5411.0,47.0,178.59,9533439660.0
214.598,51.0,89908.0,5411.0,47.0,177.239,9533456661.0
214.698,51.0,89908.0,5411.0,47.0,176.272,9533473496.0
214.798,50.0,89908.0,5411.0,47.0,175.777,9533490833.0
214.898,50.0,89908.0,5411.0,47.0,174.928,9533507977.0
214.998,50.0,89908.0,5411.0,47.0,174.696,9533524917.0
215.098,50.0,89908.0,5411.0,47.0,174.696,9533542934.0
215.198,50.0,89908.0,5411.0,47.0,175.152,9533542934.0
215.298,50.0,89908.0,5411.0,47.0,175.754,9533560925.0
215.398,50.0,89908.0,5411.0,47.0,175.841,9533578793.0
215.498,50.0,89908.0,5411.0,47.0,175.282,9533595848.0
215.598,50.0,89908.0,5411.0,47.0,173.552,9533612462.0
215.699,50.0,89908.0,5411.0,47.0,174.324,9533629718.0
215.797,50.0,89908.0,5411.0,47.0,174.66,9533647269.0
215.898,49.0,89908.0,5411.0,47.0,175.429,9533665358.0
215.997,49.0,89908.0,5411.0,47.0,175.798,9533682966.0
216.098,37.0,89908.0,5411.0,47.0,171.095,9533695984.0
216.198,37.0,89908.0,5411.0,46.0,166.125,9533708748.0
216.298,0.0,89908.0,5411.0,46.0,160.861,9533721461.0
216.398,0.0,89908.0,5411.0,46.0,150.81,9533746876.0
216.497,0.0,89908.0,5411.0,46.0,146.911,9533759565.0
216.598,0.0,89908.0,5411.0,46.0,143.022,9533772283.0
216.697,0.0,89908.0,5411.0,46.0,137.926,9533784955.0
216.798,0.0,89908.0,5411.0,46.0,132.131,9533797626.0
216.896,0.0,89908.0,5411.0,46.0,127.728,9533810304.0
216.998,0.0,89908.0,5411.0,46.0,127.068,9533822967.0
217.097,0.0,89908.0,5411.0,46.0,126.958,9533835636.0
217.198,0.0,89908.0,5411.0,46.0,126.925,9533848314.0
217.298,0.0,89908.0,5411.0,46.0,126.9,9533860996.0
217.398,0.0,89908.0,5411.0,46.0,126.851,9533873673.0
217.498,0.0,89908.0,5411.0,46.0,126.784,9533886292.0
217.598,0.0,89908.0,5411.0,46.0,126.776,9533898984.0
217.697,0.0,89908.0,5411.0,46.0,126.761,9533911641.0
217.798,0.0,89908.0,5411.0,45.0,126.76,9533924306.0
217.897,0.0,89908.0,5411.0,46.0,131.899,9533924306.0
217.998,52.0,89908.0,5411.0,46.0,136.373,9533941511.0
218.097,52.0,89908.0,5411.0,46.0,140.366,9533958492.0
218.197,52.0,89908.0,5411.0,46.0,145.069,9533975211.0
218.299,52.0,89908.0,5411.0,46.0,147.55,9533993096.0
218.398,53.0,89908.0,5411.0,46.0,152.06,9534008189.0
218.497,53.0,89908.0,5411.0,47.0,154.499,9534025515.0
218.598,52.0,89908.0,5411.0,47.0,157.557,9534040662.0
218.698,52.0,89908.0,5411.0,47.0,162.149,9534057001.0
218.798,52.0,89908.0,5411.0,47.0,165.752,9534074385.0
218.897,52.0,89908.0,5411.0,47.0,165.088,9534090316.0
218.998,50.0,89908.0,5411.0,47.0,165.978,9534106949.0
219.098,50.0,89908.0,5411.0,47.0,165.968,9534141746.0
219.198,50.0,89908.0,5411.0,47.0,165.687,9534159151.0
219.298,50.0,89908.0,5411.0,47.0,168.529,9534176932.0
219.398,28.0,89908.0,5411.0,47.0,167.289,9534193196.0
219.498,28.0,89908.0,5411.0,46.0,164.664,9534206057.0
219.596,0.0,89908.0,5411.0,46.0,161.45,9534218829.0
219.698,0.0,89908.0,5411.0,46.0,156.89,9534231631.0
219.798,0.0,89908.0,5411.0,46.0,153.309,9534244389.0
219.899,0.0,89908.0,5411.0,46.0,149.62,9534257174.0
220.001,0.0,89908.0,5411.0,46.0,145.271,9534269927.0
220.098,0.0,89908.0,5411.0,46.0,140.8,9534282698.0
220.199,0.0,89908.0,5411.0,46.0,136.423,9534295457.0
220.298,0.0,89908.0,5411.0,46.0,132.153,9534308205.0
220.398,16.0,89908.0,5411.0,46.0,129.074,9534322046.0
220.498,16.0,89908.0,5411.0,46.0,129.175,9534335259.0
220.598,16.0,89908.0,5411.0,46.0,129.175,9534335259.0
220.698,0.0,89908.0,5411.0,46.0,129.169,9534348026.0
220.798,0.0,89908.0,5411.0,46.0,144.486,9534373865.0
220.898,76.0,89908.0,5411.0,50.0,183.365,9534423455.0
220.997,76.0,89908.0,5411.0,56.0,231.865,9534486206.0
221.097,80.0,89908.0,5411.0,57.0,274.413,9534540397.0
221.198,80.0,89908.0,5411.0,58.0,321.357,9534601760.0
221.298,82.0,89908.0,5411.0,59.0,360.627,9534652827.0
221.398,82.0,89908.0,5411.0,59.0,409.178,9534714348.0
221.497,79.0,89908.0,5411.0,59.0,441.106,9534760280.0
221.598,79.0,89908.0,5411.0,58.0,473.309,9534852996.0
221.698,79.0,89908.0,5411.0,59.0,526.374,9534898593.0
221.798,81.0,89908.0,5411.0,59.0,517.206,9534942685.0
221.897,81.0,89908.0,5411.0,59.0,498.745,9534988134.0
221.998,82.0,89908.0,5411.0,60.0,490.772,9535033963.0
222.098,82.0,89908.0,5411.0,58.0,480.377,9535079741.0
222.197,83.0,89908.0,5411.0,58.0,473.984,9535128339.0
222.297,83.0,89908.0,5411.0,59.0,458.291,9535171980.0
222.396,74.0,89908.0,5411.0,59.0,458.353,9535219177.0
222.497,74.0,89908.0,5411.0,60.0,460.642,9535263039.0
222.596,72.0,89908.0,5411.0,58.0,452.938,9535306239.0
222.698,72.0,89908.0,5411.0,56.0,442.004,9535342459.0
222.798,60.0,89908.0,5411.0,55.0,425.209,9535371053.0
222.897,60.0,89908.0,5411.0,54.0,402.725,9535395367.0
222.997,55.0,89908.0,5411.0,52.0,378.771,9535395367.0
223.098,55.0,89908.0,5411.0,52.0,348.239,9535415371.0
223.198,53.0,89908.0,5411.0,51.0,324.423,9535434981.0
223.298,53.0,89908.0,5411.0,50.0,291.983,9535453071.0
223.398,54.0,89908.0,5411.0,50.0,261.925,9535470735.0
223.498,54.0,89908.0,5411.0,50.0,237.381,9535486372.0
223.598,54.0,89908.0,5411.0,50.0,216.805,9535501493.0
223.698,54.0,89908.0,5411.0,49.0,197.389,9535522484.0
223.798,54.0,89908.0,5411.0,49.0,186.922,9535541685.0
223.898,54.0,89908.0,5411.0,49.0,180.949,9535557653.0
223.998,55.0,89908.0,5411.0,49.0,177.886,9535593745.0
224.098,55.0,89908.0,5411.0,49.0,176.835,9535610750.0
224.198,55.0,89908.0,5411.0,49.0,175.039,9535628129.0
224.298,55.0,89908.0,5411.0,48.0,176.976,9535647965.0
224.397,53.0,89908.0,5411.0,48.0,177.116,9535663866.0
224.498,53.0,89908.0,5411.0,48.0,181.916,9535683946.0
224.598,55.0,89908.0,5411.0,48.0,175.698,9535699604.0
224.698,55.0,89908.0,5411.0,48.0,174.055,9535715682.0
224.798,54.0,89908.0,5411.0,48.0,174.753,9535733739.0
224.898,54.0,89908.0,5411.0,48.0,172.788,9535749097.0
224.997,53.0,89908.0,5411.0,48.0,176.069,9535768003.0
225.098,53.0,89908.0,5411.0,48.0,176.916,9535789559.0
225.198,53.0,89908.0,5411.0,48.0,177.174,9535805244.0
225.298,53.0,89908.0,5411.0,48.0,172.762,9535821049.0
225.398,53.0,89908.0,5411.0,48.0,172.762,9535836265.0
225.498,53.0,89908.0,5411.0,48.0,171.695,9535836265.0
225.598,53.0,89908.0,5411.0,48.0,166.472,9535851181.0
225.698,52.0,89908.0,5411.0,48.0,165.783,9535865885.0
225.798,52.0,89908.0,5411.0,48.0,164.172,9535880792.0
225.898,52.0,89908.0,5411.0,48.0,162.349,9535896453.0
225.998,52.0,89908.0,5411.0,47.0,162.936,9535912097.0
226.096,52.0,89908.0,5411.0,47.0,156.807,9535927663.0
226.198,52.0,89908.0,5411.0,47.0,152.027,9535941848.0
226.298,51.0,89908.0,5411.0,47.0,150.325,9535956150.0
226.398,51.0,89908.0,5411.0,47.0,148.485,9535970210.0
226.497,0.0,89908.0,5411.0,47.0,146.214,9535983091.0
226.598,0.0,89908.0,5411.0,47.0,144.283,9536008785.0
226.698,0.0,89908.0,5411.0,46.0,142.483,9536021602.0
226.798,0.0,89908.0,5411.0,46.0,140.391,9536034409.0
226.896,0.0,89908.0,5411.0,46.0,137.737,9536047235.0
226.997,0.0,89908.0,5411.0,46.0,134.219,9536060029.0
227.097,0.0,89908.0,5411.0,46.0,131.99,9536072824.0
227.197,0.0,89908.0,5411.0,46.0,130.481,9536085619.0
227.298,0.0,89908.0,5411.0,46.0,129.416,9536098405.0
227.398,0.0,89908.0,5411.0,46.0,128.238,9536111216.0
227.497,0.0,89908.0,5411.0,46.0,128.163,9536123978.0
227.598,0.0,89908.0,5411.0,46.0,128.068,9536136748.0
227.698,0.0,89908.0,5411.0,46.0,128.01,9536149526.0
227.798,0.0,89908.0,5411.0,46.0,127.981,9536162316.0
227.897,0.0,89908.0,5411.0,46.0,127.945,9536175055.0
227.998,0.0,89908.0,5411.0,46.0,127.888,9536187850.0
228.098,0.0,89908.0,5411.0,46.0,127.872,9536200855.0
228.198,0.0,89908.0,5411.0,46.0,127.847,9536213334.0
228.298,0.0,89908.0,5411.0,46.0,127.748,9536213334.0
228.398,0.0,89908.0,5411.0,46.0,143.607,9536236505.0
228.498,64.0,89908.0,5411.0,49.0,156.901,9536264296.0
228.598,64.0,89908.0,5411.0,49.0,171.772,9536291777.0
228.698,60.0,89908.0,5411.0,49.0,180.016,9536315313.0
228.798,60.0,89908.0,5411.0,49.0,188.797,9536338459.0
228.898,56.0,89908.0,5411.0,49.0,197.328,9536359642.0
228.998,56.0,89908.0,5411.0,48.0,202.641,9536378912.0
229.096,57.0,89908.0,5411.0,49.0,211.836,9536400640.0
229.198,57.0,89908.0,5411.0,48.0,220.821,9536422045.0
229.298,55.0,89908.0,5411.0,48.0,226.549,9536442322.0
229.398,55.0,89908.0,5411.0,48.0,218.555,9536459221.0
229.498,54.0,89908.0,5411.0,48.0,212.672,9536496277.0
229.598,54.0,89908.0,5411.0,48.0,203.087,9536512165.0
229.698,55.0,89908.0,5411.0,48.0,195.46,9536527110.0
229.798,55.0,89908.0,5411.0,47.0,187.608,9536544642.0
229.898,52.0,89908.0,5411.0,47.0,184.659,9536563638.0
229.998,52.0,89908.0,5411.0,47.0,183.765,9536583598.0
230.098,52.0,89908.0,5411.0,47.0,183.184,9536599902.0
230.197,52.0,89908.0,5411.0,47.0,176.073,9536614349.0
230.298,52.0,89908.0,5411.0,47.0,172.549,9536633844.0
230.398,52.0,89908.0,5411.0,47.0,176.605,9536655854.0
230.498,51.0,89908.0,5411.0,47.0,178.168,9536672020.0
230.598,51.0,89908.0,5411.0,47.0,176.533,9536690303.0
230.698,51.0,89908.0,5411.0,47.0,178.934,9536710226.0
230.798,51.0,89908.0,5411.0,47.0,184.76,9536726759.0
230.898,51.0,89908.0,5411.0,47.0,182.201,9536741370.0
230.998,51.0,89908.0,5411.0,47.0,177.706,9536741370.0
231.097,51.0,89908.0,5411.0,47.0,175.786,9536758304.0
231.198,51.0,89908.0,5411.0,47.0,175.612,9536775504.0
231.297,50.0,89908.0,5411.0,47.0,177.212,9536791299.0
231.398,50.0,89908.0,5411.0,47.0,175.192,9536808813.0
231.498,50.0,89908.0,5411.0,47.0,172.611,9536826788.0
231.598,50.0,89908.0,5411.0,47.0,173.642,9536844782.0
231.698,50.0,89908.0,5411.0,47.0,173.577,9536862512.0
231.798,50.0,89908.0,5411.0,47.0,170.604,9536880291.0
231.898,50.0,89908.0,5411.0,47.0,171.986,9536898128.0
231.998,50.0,89908.0,5411.0,47.0,173.86,9536915178.0
232.098,50.0,89908.0,5411.0,47.0,172.846,9536932015.0
232.198,50.0,89908.0,5411.0,47.0,175.086,9536968023.0
232.298,50.0,89908.0,5411.0,47.0,176.894,9536986095.0
232.398,50.0,89908.0,5411.0,47.0,176.663,9537003153.0
232.498,50.0,89908.0,5411.0,47.0,175.009,9537020701.0
232.598,50.0,89908.0,5411.0,47.0,175.01,9537037696.0
232.698,50.0,89908.0,5411.0,47.0,174.11,9537055171.0
232.797,50.0,89908.0,5411.0,47.0,173.906,9537072754.0
232.898,50.0,89908.0,5411.0,47.0,173.651,9537089667.0
232.998,0.0,89908.0,5411.0,47.0,169.69,9537102920.0
233.097,0.0,89908.0,5411.0,46.0,164.426,9537115636.0
233.198,0.0,89908.0,5411.0,46.0,159.016,9537128377.0
233.298,0.0,89908.0,5411.0,46.0,154.315,9537141086.0
233.398,0.0,89908.0,5411.0,46.0,150.27,9537153760.0
233.496,0.0,89908.0,5411.0,46.0,145.238,9537166404.0
233.597,0.0,89908.0,5411.0,46.0,141.059,9537179040.0
233.698,0.0,89908.0,5411.0,46.0,136.267,9537179040.0
233.797,0.0,89908.0,5411.0,46.0,130.519,9537191672.0
233.898,0.0,89908.0,5411.0,46.0,126.84,9537204273.0
233.998,0.0,89908.0,5411.0,46.0,126.619,9537216901.0
234.097,0.0,89908.0,5411.0,46.0,126.515,9537229504.0
234.197,0.0,89908.0,5411.0,46.0,126.399,9537242092.0
234.298,0.0,89908.0,5411.0,46.0,126.305,9537254704.0
234.398,0.0,89908.0,5411.0,46.0,126.241,9537267331.0
234.498,0.0,89908.0,5411.0,46.0,126.187,9537279933.0
234.596,0.0,89908.0,5411.0,46.0,126.171,9537292521.0
234.697,0.0,89908.0,5411.0,45.0,126.171,9537305117.0
234.797,0.0,89908.0,5411.0,46.0,135.243,9537322938.0
234.898,55.0,89908.0,5411.0,46.0,140.008,9537341629.0
234.997,55.0,89908.0,5411.0,46.0,143.505,9537374623.0
235.096,55.0,89908.0,5411.0,46.0,147.29,9537392989.0
235.196,55.0,89908.0,5411.0,47.0,152.808,9537410854.0
235.298,55.0,89908.0,5411.0,47.0,157.846,9537427930.0
235.397,55.0,89908.0,5411.0,47.0,163.258,9537447538.0
235.497,55.0,89908.0,5411.0,47.0,169.873,9537464319.0
235.599,55.0,89908.0,5411.0,47.0,174.446,9537485749.0
235.697,53.0,89908.0,5411.0,47.0,181.089,9537501805.0
235.798,51.0,89908.0,5411.0,47.0,178.547,9537520464.0
235.898,51.0,89908.0,5411.0,47.0,176.735,9537536032.0
235.998,0.0,89908.0,5411.0,46.0,173.354,9537548741.0
236.098,0.0,89908.0,5411.0,46.0,167.242,9537561263.0
236.198,0.0,89908.0,5411.0,46.0,161.987,9537573745.0
236.298,0.0,89908.0,5411.0,46.0,161.987,9537573745.0
236.399,0.0,89908.0,5411.0,46.0,157.445,9537586223.0
236.496,0.0,89908.0,5411.0,46.0,150.491,9537598695.0
236.598,0.0,89908.0,5411.0,46.0,145.595,9537611141.0
236.698,0.0,89908.0,5411.0,46.0,137.367,9537623594.0
236.798,0.0,89908.0,5411.0,46.0,133.529,9537636073.0
236.897,0.0,89908.0,5411.0,45.0,127.819,9537648523.0
236.997,0.0,89908.0,5411.0,45.0,124.943,9537660978.0
237.098,22.0,89908.0,5411.0,45.0,129.996,9537674091.0
237.198,22.0,89908.0,5411.0,48.0,142.013,9537696730.0
237.298,88.0,89908.0,5411.0,50.0,186.299,9537799582.0
237.398,88.0,89908.0,5411.0,51.0,227.356,9537857775.0
237.496,66.0,89908.0,5411.0,56.0,262.84,9537910813.0
237.598,66.0,89908.0,5411.0,56.0,312.35,9537978015.0
237.698,92.0,89908.0,5411.0,59.0,358.763,9538027637.0
237.798,80.0,89908.0,5411.0,58.0,448.096,9538080421.0
237.897,80.0,89908.0,5411.0,57.0,468.285,9538127644.0
237.997,83.0,89908.0,5411.0,57.0,504.099,9538173632.0
238.098,83.0,89908.0,5411.0,58.0,525.011,9538216854.0
238.198,82.0,89908.0,5411.0,59.0,515.033,9538263832.0
238.298,82.0,89908.0,5411.0,59.0,506.249,9538263832.0
238.398,77.0,89908.0,5411.0,59.0,497.78,9538310533.0
238.498,77.0,89908.0,5411.0,59.0,486.017,9538354290.0
238.597,82.0,89908.0,5411.0,58.0,465.018,9538398676.0
238.697,82.0,89908.0,5411.0,57.0,462.816,9538443932.0
238.798,80.0,89908.0,5411.0,59.0,452.799,9538488518.0
238.897,80.0,89908.0,5411.0,59.0,445.435,9538532917.0
238.997,72.0,89908.0,5411.0,57.0,436.476,9538572983.0
239.098,72.0,89908.0,5411.0,57.0,422.146,9538613789.0
239.198,59.0,89908.0,5411.0,55.0,401.796,9538643687.0
239.298,59.0,89908.0,5411.0,53.0,377.442,9538692802.0
239.398,54.0,89908.0,5411.0,52.0,355.664,9538714845.0
239.498,54.0,89908.0,5411.0,51.0,331.324,9538733497.0
239.597,54.0,89908.0,5411.0,51.0,300.238,9538750833.0
239.698,54.0,89908.0,5411.0,50.0,270.462,9538769621.0
239.798,54.0,89908.0,5411.0,50.0,247.058,9538786444.0
239.896,54.0,89908.0,5411.0,50.0,224.765,9538806873.0
239.998,55.0,89908.0,5411.0,49.0,204.318,9538822827.0
240.098,55.0,89908.0,5411.0,49.0,190.039,9538838178.0
240.198,53.0,89908.0,5411.0,49.0,182.379,9538854501.0
240.298,53.0,89908.0,5411.0,49.0,176.794,9538872948.0
240.398,53.0,89908.0,5411.0,49.0,171.592,9538887899.0
240.498,53.0,89908.0,5411.0,48.0,168.695,9538903179.0
240.597,53.0,89908.0,5411.0,48.0,166.356,9538918357.0
240.698,53.0,89908.0,5411.0,48.0,166.356,9538937387.0
240.799,53.0,89908.0,5411.0,48.0,167.896,9538937387.0
240.898,53.0,89908.0,5411.0,48.0,166.419,9538955196.0
240.998,53.0,89908.0,5411.0,48.0,168.055,9538973046.0
241.098,53.0,89908.0,5411.0,48.0,171.357,9538990144.0
241.197,53.0,89908.0,5411.0,48.0,173.258,9539010105.0
241.298,53.0,89908.0,5411.0,48.0,168.319,9539025416.0
241.398,53.0,89908.0,5411.0,48.0,171.455,9539041745.0
241.498,53.0,89908.0,5411.0,48.0,173.24,9539059359.0
241.597,53.0,89908.0,5411.0,48.0,172.799,9539076382.0
241.698,52.0,89908.0,5411.0,48.0,176.761,9539091704.0
241.798,52.0,89908.0,5411.0,48.0,173.139,9539112011.0
241.898,52.0,89908.0,5411.0,48.0,171.174,9539144863.0
241.998,52.0,89908.0,5411.0,47.0,172.194,9539162116.0
242.097,51.0,89908.0,5411.0,47.0,171.1,9539178412.0
242.198,51.0,89908.0,5411.0,47.0,167.554,9539198621.0
242.299,52.0,89908.0,5411.0,47.0,173.347,9539215526.0
242.397,52.0,89908.0,5411.0,47.0,171.678,9539231116.0
242.496,52.0,89908.0,5411.0,47.0,169.786,9539249786.0
242.596,52.0,89908.0,5411.0,47.0,174.764,9539266786.0
242.696,22.0,89908.0,5411.0,47.0,172.053,9539279589.0
242.798,0.0,89908.0,5411.0,47.0,164.34,9539292341.0
242.898,0.0,89908.0,5411.0,46.0,157.429,9539305107.0
242.998,0.0,89908.0,5411.0,46.0,153.505,9539317874.0
243.098,0.0,89908.0,5411.0,46.0,150.989,9539330623.0
243.198,0.0,89908.0,5411.0,46.0,142.858,9539343359.0
243.298,0.0,89908.0,5411.0,46.0,139.409,9539356091.0
243.398,0.0,89908.0,5411.0,46.0,139.409,9539368829.0
243.498,0.0,89908.0,5411.0,46.0,137.069,9539368829.0
243.598,0.0,89908.0,5411.0,46.0,128.776,9539381517.0
243.698,0.0,89908.0,5411.0,46.0,127.49,9539394223.0
243.798,0.0,89908.0,5411.0,46.0,127.428,9539406947.0
243.898,0.0,89908.0,5411.0,46.0,127.346,9539419649.0
243.998,0.0,89908.0,5411.0,46.0,127.273,9539432333.0
244.098,0.0,89908.0,5411.0,46.0,127.249,9539445044.0
244.198,0.0,89908.0,5411.0,46.0,127.223,9539457762.0
244.298,0.0,89908.0,5411.0,46.0,127.129,9539470449.0
244.398,0.0,89908.0,5411.0,46.0,127.094,9539483126.0
244.498,16.0,89908.0,5411.0,46.0,135.299,9539496087.0
244.598,16.0,89908.0,5411.0,51.0,164.969,9539563149.0
244.698,56.0,89908.0,5411.0,49.0,172.126,9539583086.0
244.798,56.0,89908.0,5411.0,48.0,182.196,9539604812.0
244.898,57.0,89908.0,5411.0,48.0,189.357,9539625045.0
244.998,57.0,89908.0,5411.0,48.0,197.5,9539645747.0
245.098,57.0,89908.0,5411.0,48.0,204.056,9539668767.0
245.198,57.0,89908.0,5411.0,49.0,212.761,9539688911.0
245.298,56.0,89908.0,5411.0,48.0,220.374,9539708255.0
245.398,56.0,89908.0,5411.0,48.0,224.891,9539727925.0
245.498,54.0,89908.0,5411.0,48.0,226.669,9539746682.0
245.598,54.0,89908.0,5411.0,48.0,204.025,9539768359.0
245.698,54.0,89908.0,5411.0,48.0,206.234,9539785961.0
245.798,54.0,89908.0,5411.0,47.0,198.64,9539801654.0
245.898,54.0,89908.0,5411.0,47.0,197.582,9539822363.0
245.998,54.0,89908.0,5411.0,47.0,196.352,9539839391.0
246.098,53.0,89908.0,5411.0,47.0,191.526,9539839391.0
246.199,53.0,89908.0,5411.0,47.0,185.187,9539855653.0
246.298,53.0,89908.0,5411.0,47.0,179.473,9539870640.0
246.399,53.0,89908.0,5411.0,47.0,177.071,9539885543.0
246.498,52.0,89908.0,5411.0,47.0,177.252,9539902472.0
246.598,52.0,89908.0,5411.0,47.0,181.733,9539925508.0
246.698,51.0,89908.0,5411.0,47.0,182.82,9539948135.0
246.798,51.0,89908.0,5411.0,47.0,189.671,9539973818.0
246.898,51.0,89908.0,5411.0,47.0,193.703,9539996030.0
246.998,51.0,89908.0,5411.0,47.0,188.79,9540012658.0
247.098,51.0,89908.0,5411.0,47.0,186.744,9540026783.0
247.198,51.0,89908.0,5411.0,47.0,186.246,9540042017.0
247.298,51.0,89908.0,5411.0,47.0,190.735,9540079945.0
247.398,51.0,89908.0,5411.0,47.0,193.921,9540095618.0
247.499,51.0,89908.0,5411.0,47.0,190.735,9540110347.0
247.598,51.0,89908.0,5411.0,47.0,180.971,9540127994.0
247.698,51.0,89908.0,5411.0,47.0,180.698,9540153143.0
247.798,51.0,89908.0,5411.0,47.0,178.266,9540171903.0
247.898,50.0,89908.0,5411.0,47.0,175.488,9540189400.0
247.997,50.0,89908.0,5411.0,47.0,176.611,9540206016.0
248.098,50.0,89908.0,5411.0,47.0,179.041,9540223726.0
248.198,50.0,89908.0,5411.0,47.0,182.229,9540241295.0
248.298,50.0,89908.0,5411.0,47.0,180.341,9540258325.0
248.398,50.0,89908.0,5411.0,47.0,178.828,9540275336.0
248.498,50.0,89908.0,5411.0,47.0,180.408,9540291762.0
248.598,50.0,89908.0,5411.0,47.0,181.245,9540308632.0
248.698,50.0,89908.0,5411.0,47.0,178.669,9540308632.0
248.796,50.0,89908.0,5411.0,47.0,172.855,9540326421.0
248.898,50.0,89908.0,5411.0,47.0,171.722,9540343932.0
248.998,50.0,89908.0,5411.0,46.0,170.741,9540361697.0
249.098,0.0,89908.0,5411.0,46.0,166.805,9540374770.0
249.198,0.0,89908.0,5411.0,46.0,162.052,9540387478.0
249.298,0.0,89908.0,5411.0,46.0,157.021,9540400131.0
249.398,0.0,89908.0,5411.0,46.0,152.376,9540412800.0
249.498,0.0,89908.0,5411.0,46.0,148.095,9540425461.0
249.598,0.0,89908.0,5411.0,46.0,144.559,9540438115.0
249.698,0.0,89908.0,5411.0,46.0,139.523,9540450745.0
249.798,0.0,89908.0,5411.0,46.0,135.726,9540463370.0
249.898,0.0,89908.0,5411.0,46.0,130.636,9540476001.0
249.998,0.0,89908.0,5411.0,46.0,126.709,9540501285.0
250.099,0.0,89908.0,5411.0,46.0,126.514,9540513890.0
250.198,0.0,89908.0,5411.0,46.0,126.481,9540526498.0
250.298,0.0,89908.0,5411.0,46.0,126.403,9540539115.0
250.399,0.0,89908.0,5411.0,46.0,126.376,9540551725.0
250.498,0.0,89908.0,5411.0,46.0,126.32,9540564352.0
250.598,0.0,89908.0,5411.0,46.0,126.309,9540576961.0
250.698,0.0,89908.0,5411.0,46.0,126.264,9540589559.0
250.798,0.0,89908.0,5411.0,45.0,126.236,9540602151.0
250.898,0.0,89908.0,5411.0,45.0,126.183,9540614780.0
250.998,0.0,89908.0,5411.0,45.0,126.156,9540627383.0
251.098,0.0,89908.0,5411.0,45.0,126.151,9540639968.0
251.198,0.0,89908.0,5411.0,45.0,126.132,9540652586.0
251.298,0.0,89908.0,5411.0,45.0,126.156,9540665208.0
251.398,0.0,89908.0,5411.0,45.0,126.159,9540677811.0
251.498,0.0,89908.0,5411.0,45.0,126.138,9540677811.0
251.598,0.0,89908.0,5411.0,45.0,126.122,9540690389.0
251.699,0.0,89908.0,5411.0,45.0,126.158,9540703050.0
251.798,0.0,89908.0,5411.0,45.0,126.159,9540715639.0
251.898,0.0,89908.0,5411.0,45.0,126.174,9540728241.0
251.998,0.0,89908.0,5411.0,45.0,126.145,9540740839.0
252.098,0.0,89908.0,5411.0,45.0,126.152,9540753454.0
252.198,0.0,89908.0,5411.0,45.0,126.156,9540766053.0
252.299,0.0,89908.0,5411.0,45.0,126.099,9540778652.0
252.398,0.0,89908.0,5411.0,45.0,126.046,9540791229.0
252.498,0.0,89908.0,5411.0,45.0,126.03,9540803785.0
252.598,0.0,89908.0,5411.0,45.0,126.002,9540816357.0
252.698,0.0,89908.0,5411.0,45.0,125.969,9540828971.0
252.799,0.0,89908.0,5411.0,45.0,125.958,9540854140.0
252.899,0.0,89908.0,5411.0,45.0,125.961,9540866750.0
252.998,0.0,89908.0,5411.0,45.0,125.966,9540879346.0
253.099,0.0,89908.0,5411.0,45.0,125.938,9540891926.0
253.198,0.0,89908.0,5411.0,45.0,125.918,9540904503.0
253.298,0.0,89908.0,5411.0,45.0,125.921,9540917074.0
253.399,0.0,89908.0,5411.0,45.0,125.958,9540929683.0
253.498,0.0,89908.0,5411.0,45.0,125.977,9540942269.0
253.599,0.0,89908.0,5411.0,45.0,125.987,9540954870.0
253.698,0.0,89908.0,5411.0,45.0,125.981,9540967492.0
253.798,0.0,89908.0,5411.0,45.0,126.007,9540980065.0
253.898,0.0,89908.0,5411.0,45.0,126.005,9540992676.0
253.998,0.0,89908.0,5411.0,45.0,125.995,9541005264.0
254.097,0.0,89908.0,5411.0,45.0,126.004,9541017819.0
254.198,0.0,89908.0,5411.0,45.0,125.978,9541030416.0
254.298,0.0,89908.0,5411.0,45.0,126.011,9541043011.0
254.399,0.0,89908.0,5411.0,45.0,125.948,9541055578.0
254.498,0.0,89908.0,5411.0,45.0,125.918,9541068129.0
254.598,0.0,89908.0,5411.0,45.0,125.918,9541080705.0
254.698,0.0,89908.0,5411.0,45.0,125.898,9541080705.0
254.798,0.0,89908.0,5411.0,45.0,125.865,9541093271.0
254.898,0.0,89908.0,5411.0,45.0,125.868,9541105875.0
254.999,0.0,89908.0,5411.0,45.0,125.82,9541118432.0
255.098,0.0,89908.0,5411.0,45.0,125.803,9541130986.0
255.198,0.0,89908.0,5411.0,45.0,125.817,9541143557.0
255.299,0.0,89908.0,5411.0,45.0,125.809,9541156148.0
255.398,0.0,89908.0,5411.0,45.0,125.784,9541168741.0
255.498,0.0,89908.0,5411.0,45.0,125.803,9541181328.0
255.598,0.0,89908.0,5411.0,45.0,125.82,9541193891.0
255.698,0.0,89908.0,5411.0,45.0,125.842,9541206481.0
255.798,0.0,89908.0,5411.0,45.0,125.844,9541219072.0
255.898,0.0,89908.0,5411.0,45.0,125.82,9541244212.0
255.998,0.0,89908.0,5411.0,45.0,125.827,9541256781.0
256.098,0.0,89908.0,5411.0,45.0,125.851,9541269354.0
256.198,0.0,89908.0,5411.0,45.0,125.841,9541281925.0
256.298,0.0,89908.0,5411.0,45.0,125.85,9541294502.0
256.398,0.0,89908.0,5411.0,45.0,125.843,9541307053.0
256.498,0.0,89908.0,5411.0,45.0,125.829,9541319640.0
256.598,0.0,89908.0,5411.0,45.0,125.861,9541332254.0
256.698,0.0,89908.0,5411.0,45.0,125.852,9541344814.0
256.798,0.0,89908.0,5411.0,45.0,125.838,9541357370.0
256.898,0.0,89908.0,5411.0,45.0,125.821,9541369919.0
256.999,0.0,89908.0,5411.0,45.0,125.794,9541382501.0
257.098,0.0,89908.0,5411.0,45.0,125.816,9541395048.0
257.199,0.0,89908.0,5411.0,45.0,125.781,9541407649.0
257.298,0.0,89908.0,5411.0,45.0,125.786,9541420196.0
257.398,0.0,89908.0,5411.0,45.0,125.786,9541432775.0
257.498,0.0,89908.0,5411.0,45.0,125.792,9541432775.0
257.598,0.0,89908.0,5411.0,45.0,125.763,9541445348.0
257.699,0.0,89908.0,5411.0,45.0,125.761,9541457933.0
257.798,0.0,89908.0,5411.0,45.0,125.791,9541470506.0
257.898,0.0,89908.0,5411.0,45.0,125.775,9541483068.0
257.998,0.0,89908.0,5411.0,45.0,125.783,9541495628.0
258.098,0.0,89908.0,5411.0,45.0,125.8,9541508194.0
258.198,0.0,89908.0,5411.0,45.0,125.823,9541520767.0
258.299,0.0,89908.0,5411.0,45.0,125.792,9541533329.0
258.398,0.0,89908.0,5411.0,45.0,125.765,9541545870.0
258.499,0.0,89908.0,5411.0,45.0,125.745,9541558414.0
258.598,0.0,89908.0,5411.0,45.0,125.703,9541570966.0
258.698,0.0,89908.0,5411.0,45.0,125.684,9541596084.0
258.798,0.0,89908.0,5411.0,45.0,125.659,9541608655.0
258.898,0.0,89908.0,5411.0,45.0,125.67,9541621241.0
258.998,0.0,89908.0,5411.0,45.0,125.709,9541633829.0
259.099,0.0,89908.0,5411.0,45.0,125.703,9541646396.0
259.198,0.0,89908.0,5411.0,45.0,125.698,9541658972.0
259.298,0.0,89908.0,5411.0,45.0,125.715,9541671566.0
259.398,0.0,89908.0,5411.0,45.0,125.753,9541684103.0
259.498,0.0,89908.0,5411.0,45.0,125.766,9541696677.0
259.598,0.0,89908.0,5411.0,45.0,125.789,9541709257.0
259.698,0.0,89908.0,5411.0,45.0,125.804,9541721826.0
259.798,0.0,89908.0,5411.0,45.0,125.814,9541734407.0
259.898,0.0,89908.0,5411.0,45.0,125.854,9541746975.0
259.998,0.0,89908.0,5411.0,45.0,125.816,9541759544.0
260.098,0.0,89908.0,5411.0,45.0,125.792,9541772106.0
260.198,0.0,89908.0,5411.0,45.0,125.792,9541772106.0
260.297,0.0,89908.0,5411.0,45.0,125.789,9541784675.0
260.398,0.0,89908.0,5411.0,45.0,125.748,9541797240.0
260.498,0.0,89908.0,5411.0,45.0,125.749,9541809776.0
260.598,0.0,89908.0,5411.0,45.0,125.709,9541822307.0
260.698,0.0,89908.0,5411.0,45.0,125.704,9541834865.0
260.798,0.0,89908.0,5411.0,45.0,125.69,9541847445.0
260.898,0.0,89908.0,5411.0,45.0,125.649,9541859991.0
260.997,0.0,89908.0,5411.0,45.0,125.654,9541872556.0
261.098,0.0,89908.0,5411.0,45.0,125.648,9541885112.0
261.197,0.0,89908.0,5411.0,45.0,125.659,9541897691.0
261.298,0.0,89908.0,5411.0,45.0,125.639,9541910251.0
261.398,0.0,89908.0,5411.0,45.0,125.685,9541922823.0
261.498,0.0,89908.0,5411.0,45.0,125.749,9541948040.0
261.598,0.0,89908.0,5411.0,45.0,125.78,9541960616.0
261.698,0.0,89908.0,5411.0,45.0,125.779,9541973160.0
261.798,0.0,89908.0,5411.0,45.0,125.773,9541985698.0
261.898,0.0,89908.0,5411.0,45.0,125.779,9541998282.0
261.998,0.0,89908.0,5411.0,45.0,125.797,9542010862.0
262.098,0.0,89908.0,5411.0,45.0,125.8,9542023430.0
262.198,0.0,89908.0,5411.0,45.0,125.813,9542035994.0
262.299,0.0,89908.0,5411.0,45.0,125.8,9542048572.0
262.398,0.0,89908.0,5411.0,45.0,125.827,9542061155.0
262.498,0.0,89908.0,5411.0,45.0,125.752,9542073715.0
262.598,0.0,89908.0,5411.0,45.0,125.737,9542086285.0
262.698,0.0,89908.0,5411.0,45.0,125.762,9542098835.0
262.798,0.0,89908.0,5411.0,45.0,125.764,9542111400.0
262.898,0.0,89908.0,5411.0,45.0,125.75,9542123956.0
262.998,0.0,89908.0,5411.0,45.0,125.75,9542136524.0
263.096,0.0,89908.0,5411.0,45.0,125.73,9542136524.0
263.198,0.0,89908.0,5411.0,45.0,125.704,9542149072.0
263.298,0.0,89908.0,5411.0,45.0,125.75,9542161647.0
263.398,0.0,89908.0,5411.0,45.0,125.731,9542174234.0
263.498,0.0,89908.0,5411.0,45.0,125.719,9542186779.0
263.598,0.0,89908.0,5411.0,45.0,125.735,9542199335.0
263.698,0.0,89908.0,5411.0,45.0,125.726,9542211919.0
263.798,0.0,89908.0,5411.0,45.0,125.748,9542224482.0
263.899,0.0,89908.0,5411.0,45.0,125.739,9542237038.0
263.998,0.0,89908.0,5411.0,45.0,125.726,9542249576.0
264.098,0.0,89908.0,5411.0,45.0,125.723,9542262133.0
264.198,0.0,89908.0,5411.0,45.0,125.72,9542274667.0
264.299,0.0,89908.0,5411.0,45.0,125.682,9542299784.0
264.398,0.0,89908.0,5411.0,45.0,125.672,9542312344.0
264.499,0.0,89908.0,5411.0,45.0,125.667,9542324861.0
264.598,0.0,89908.0,5411.0,45.0,125.619,9542337409.0
264.699,0.0,89908.0,5411.0,45.0,125.6,9542349970.0
264.798,0.0,89908.0,5411.0,45.0,125.591,9542362513.0
264.898,0.0,89908.0,5411.0,45.0,125.585,9542375062.0
264.998,0.0,89908.0,5411.0,45.0,125.597,9542387616.0
265.098,0.0,89908.0,5411.0,45.0,125.584,9542400153.0
265.198,0.0,89908.0,5411.0,45.0,125.56,9542412690.0
265.297,0.0,89908.0,5411.0,45.0,125.508,9542425217.0
265.398,0.0,89908.0,5411.0,45.0,125.52,9542437758.0
265.498,0.0,89908.0,5411.0,45.0,125.52,9542450304.0
265.598,0.0,89908.0,5411.0,45.0,125.536,9542462874.0
265.698,0.0,89908.0,5411.0,45.0,125.564,9542475433.0
265.799,0.0,89908.0,5411.0,45.0,125.564,9542487969.0
265.898,0.0,89908.0,5411.0,45.0,125.555,9542487969.0
265.998,0.0,89908.0,5411.0,45.0,125.531,9542500518.0
266.098,0.0,89908.0,5411.0,45.0,125.532,9542513064.0
266.198,0.0,89908.0,5411.0,45.0,125.554,9542525611.0
266.298,0.0,89908.0,5411.0,45.0,125.597,9542538165.0
266.398,0.0,89908.0,5411.0,45.0,125.583,9542550716.0
266.498,0.0,89908.0,5411.0,45.0,125.595,9542563278.0
266.598,0.0,89908.0,5411.0,45.0,125.58,9542575813.0
266.699,0.0,89908.0,5411.0,45.0,125.568,9542588357.0
266.799,0.0,89908.0,5411.0,45.0,125.544,9542600905.0
266.899,0.0,89908.0,5411.0,45.0,125.556,9542613444.0
266.999,0.0,89908.0,5411.0,45.0,125.577,9542625985.0
267.098,0.0,89908.0,5411.0,45.0,125.594,9542638552.0
267.198,0.0,89908.0,5411.0,45.0,125.596,9542663674.0
267.298,0.0,89908.0,5411.0,45.0,125.576,9542676210.0
267.398,0.0,89908.0,5411.0,45.0,125.58,9542688762.0
267.498,0.0,89908.0,5411.0,45.0,125.581,9542701296.0
267.598,0.0,89908.0,5411.0,45.0,125.576,9542713846.0
267.699,0.0,89908.0,5411.0,45.0,125.566,9542726387.0
267.798,0.0,89908.0,5411.0,45.0,125.595,9542738939.0
267.899,0.0,89908.0,5411.0,45.0,125.574,9542751476.0
267.998,0.0,89908.0,5411.0,45.0,125.564,9542764037.0
268.099,0.0,89908.0,5411.0,45.0,125.561,9542776587.0
268.199,0.0,89908.0,5411.0,45.0,125.545,9542789132.0
268.299,0.0,89908.0,5411.0,45.0,125.533,9542801671.0
268.399,0.0,89908.0,5411.0,45.0,125.549,9542814232.0
268.499,0.0,89908.0,5411.0,45.0,125.555,9542826781.0
268.599,0.0,89908.0,5411.0,45.0,125.548,9542839324.0
268.699,0.0,89908.0,5411.0,45.0,125.548,9542851900.0
268.798,0.0,89908.0,5411.0,45.0,125.563,9542851900.0
268.898,0.0,89908.0,5411.0,45.0,125.563,9542864416.0
268.998,0.0,89908.0,5411.0,45.0,125.565,9542876976.0
269.098,0.0,89908.0,5411.0,45.0,125.551,9542889529.0
269.198,0.0,89908.0,5411.0,45.0,125.533,9542902061.0
269.298,0.0,89908.0,5411.0,45.0,125.542,9542914600.0
269.399,0.0,89908.0,5411.0,45.0,125.53,9542927148.0
269.498,0.0,89908.0,5411.0,45.0,125.52,9542939688.0
269.598,0.0,89908.0,5411.0,45.0,125.527,9542952232.0
269.698,0.0,89908.0,5411.0,45.0,125.521,9542964780.0
269.799,0.0,89908.0,5411.0,45.0,125.503,9542977329.0
269.898,0.0,89908.0,5411.0,45.0,125.509,9542989863.0
269.999,0.0,89908.0,5411.0,45.0,125.486,9543014949.0
270.098,0.0,89908.0,5411.0,45.0,125.517,9543027498.0
270.199,0.0,89908.0,5411.0,45.0,125.536,9543040039.0
270.298,0.0,89908.0,5411.0,45.0,125.516,9543052562.0
270.398,0.0,89908.0,5411.0,45.0,125.505,9543065111.0
270.498,0.0,89908.0,5411.0,45.0,125.52,9543077636.0
270.598,0.0,89908.0,5411.0,45.0,125.499,9543090194.0
270.698,0.0,89908.0,5411.0,45.0,125.502,9543102738.0
270.798,0.0,89908.0,5411.0,45.0,125.506,9543115259.0
270.898,0.0,89908.0,5411.0,45.0,125.498,9543127785.0
270.998,0.0,89908.0,5411.0,45.0,125.463,9543140319.0
271.098,0.0,89908.0,5411.0,45.0,125.455,9543152854.0
271.198,0.0,89908.0,5411.0,45.0,125.46,9543165418.0
271.298,0.0,89908.0,5411.0,45.0,125.42,9543177918.0
271.398,0.0,89908.0,5411.0,45.0,125.427,9543190480.0
271.498,0.0,89908.0,5411.0,45.0,125.427,9543190480.0
271.598,0.0,89908.0,5411.0,45.0,125.45,9543203024.0
271.698,0.0,89908.0,5411.0,45.0,125.429,9543215562.0
271.798,0.0,89908.0,5411.0,45.0,125.401,9543228092.0
271.897,0.0,89908.0,5411.0,45.0,125.416,9543240627.0
271.998,0.0,89908.0,5411.0,45.0,125.432,9543253185.0
272.098,0.0,89908.0,5411.0,45.0,125.455,9543265722.0
272.198,0.0,89908.0,5411.0,45.0,125.431,9543278216.0
272.298,0.0,89908.0,5411.0,45.0,125.386,9543290728.0
272.398,0.0,89908.0,5411.0,45.0,125.431,9543303271.0
272.498,0.0,89908.0,5411.0,45.0,125.422,9543315804.0
272.598,0.0,89908.0,5411.0,45.0,125.41,9543328344.0
272.698,0.0,89908.0,5411.0,45.0,125.433,9543340892.0
272.799,0.0,89908.0,5411.0,45.0,125.408,9543353416.0
272.898,0.0,89908.0,5411.0,45.0,125.413,9543378497.0
272.998,0.0,89908.0,5411.0,45.0,125.405,9543391032.0
273.098,0.0,89908.0,5411.0,45.0,125.4,9543403538.0
273.197,0.0,89908.0,5411.0,45.0,125.398,9543416076.0
273.298,0.0,89908.0,5411.0,45.0,125.428,9543428589.0
273.397,0.0,89908.0,5411.0,45.0,125.393,9543441127.0
273.498,0.0,89908.0,5411.0,45.0,125.376,9543453671.0
273.599,0.0,89908.0,5411.0,45.0,125.406,9543466212.0
273.698,0.0,89908.0,5411.0,45.0,125.406,9543478740.0
273.799,0.0,89908.0,5411.0,45.0,125.403,9543491252.0
273.898,0.0,89908.0,5411.0,45.0,125.393,9543503819.0
273.998,0.0,89908.0,5411.0,45.0,125.412,9543516382.0
274.099,0.0,89908.0,5411.0,45.0,125.412,9543528915.0
274.198,0.0,89908.0,5411.0,45.0,125.432,9543541465.0
274.298,0.0,89908.0,5411.0,45.0,125.449,9543554013.0
274.399,0.0,89908.0,5411.0,45.0,125.467,9543566549.0
274.496,0.0,89908.0,5411.0,45.0,125.462,9543566549.0
274.599,0.0,89908.0,5411.0,45.0,125.446,9543579072.0
274.698,0.0,89908.0,5411.0,45.0,125.41,9543591571.0
274.798,0.0,89908.0,5411.0,45.0,125.395,9543604072.0
274.898,0.0,89908.0,5411.0,45.0,125.37,9543616618.0
274.998,0.0,89908.0,5411.0,45.0,125.364,9543629161.0
275.098,0.0,89908.0,5411.0,45.0,125.374,9543641701.0
275.198,0.0,89908.0,5411.0,45.0,125.431,9543654264.0
275.298,0.0,89908.0,5411.0,45.0,125.428,9543666823.0
275.398,0.0,89908.0,5411.0,45.0,125.436,9543679352.0
275.498,0.0,89908.0,5411.0,45.0,125.446,9543691891.0
275.598,0.0,89908.0,5411.0,45.0,125.434,9543704423.0
275.698,0.0,89908.0,5411.0,45.0,125.478,9543716955.0
275.798,0.0,89908.0,5411.0,45.0,125.504,9543742052.0
275.898,0.0,89908.0,5411.0,45.0,125.502,9543754580.0
275.998,0.0,89908.0,5411.0,45.0,125.494,9543767103.0
276.096,0.0,89908.0,5411.0,45.0,125.48,9543779638.0
276.198,0.0,89908.0,5411.0,45.0,125.413,9543792176.0
276.298,0.0,89908.0,5411.0,45.0,125.405,9543804718.0
276.398,0.0,89908.0,5411.0,45.0,125.391,9543817252.0
276.498,0.0,89908.0,5411.0,45.0,125.391,9543829794.0
276.598,0.0,89908.0,5411.0,45.0,125.421,9543842315.0
276.698,0.0,89908.0,5411.0,45.0,125.414,9543854860.0
276.798,0.0,89908.0,5411.0,45.0,125.398,9543867409.0
276.898,0.0,89908.0,5411.0,45.0,125.414,9543879948.0
276.998,0.0,89908.0,5411.0,45.0,125.433,9543892500.0
277.098,0.0,89908.0,5411.0,45.0,125.446,9543905046.0
277.198,0.0,89908.0,5411.0,45.0,125.462,9543917594.0
277.298,0.0,89908.0,5411.0,45.0,125.483,9543930126.0
277.398,0.0,89908.0,5411.0,45.0,125.483,9543942673.0
277.498,0.0,89908.0,5411.0,45.0,125.482,9543942673.0
277.598,0.0,89908.0,5411.0,45.0,125.505,9543955227.0
277.698,0.0,89908.0,5411.0,45.0,125.495,9543967749.0
277.798,0.0,89908.0,5411.0,45.0,125.478,9543980250.0
277.898,0.0,89908.0,5411.0,45.0,125.462,9543992809.0
277.998,0.0,89908.0,5411.0,45.0,125.443,9544005355.0
278.098,0.0,89908.0,5411.0,45.0,125.441,9544017869.0
278.198,0.0,89908.0,5411.0,45.0,125.417,9544030413.0
278.298,0.0,89908.0,5411.0,45.0,125.399,9544042937.0
278.398,0.0,89908.0,5411.0,45.0,125.385,9544055469.0
278.497,0.0,89908.0,5411.0,45.0,125.388,9544067989.0
278.598,0.0,89908.0,5411.0,45.0,125.412,9544080544.0
278.698,0.0,89908.0,5411.0,45.0,125.439,9544105616.0
278.796,0.0,89908.0,5411.0,45.0,125.426,9544118167.0
278.897,0.0,89908.0,5411.0,45.0,125.416,9544130700.0
278.996,0.0,89908.0,5411.0,45.0,125.452,9544143243.0
279.097,0.0,89908.0,5411.0,45.0,125.452,9544155779.0
279.197,0.0,89908.0,5411.0,45.0,125.461,9544168328.0
279.297,0.0,89908.0,5411.0,45.0,125.454,9544180854.0
279.396,0.0,89908.0,5411.0,45.0,125.45,9544193371.0
279.496,0.0,89908.0,5411.0,45.0,125.456,9544205930.0
279.597,0.0,89908.0,5411.0,45.0,125.442,9544218455.0
279.696,0.0,89908.0,5411.0,45.0,125.405,9544230981.0
279.797,0.0,89908.0,5411.0,45.0,125.418,9544243521.0
279.896,0.0,89908.0,5411.0,45.0,125.416,9544256054.0
279.997,0.0,89908.0,5411.0,45.0,125.415,9544268597.0
280.098,0.0,89908.0,5411.0,45.0,125.401,9544281141.0
280.198,0.0,89908.0,5411.0,45.0,125.397,9544293680.0
280.298,0.0,89908.0,5411.0,45.0,125.419,9544293680.0
280.398,0.0,89908.0,5411.0,45.0,125.436,9544306222.0
280.498,0.0,89908.0,5411.0,45.0,125.447,9544318755.0
280.599,0.0,89908.0,5411.0,45.0,125.449,9544331313.0
280.699,0.0,89908.0,5411.0,45.0,125.466,9544343854.0
280.798,0.0,89908.0,5411.0,45.0,125.45,9544356387.0
280.898,0.0,89908.0,5411.0,45.0,125.447,9544368919.0
280.998,0.0,89908.0,5411.0,45.0,125.428,9544381444.0
281.098,0.0,89908.0,5411.0,45.0,125.417,9544393974.0
281.198,0.0,89908.0,5411.0,45.0,125.435,9544406484.0
281.298,0.0,89908.0,5411.0,45.0,125.44,9544419051.0
281.399,0.0,89908.0,5411.0,45.0,125.446,9544431604.0
281.498,0.0,89908.0,5411.0,45.0,125.456,9544444149.0
281.598,0.0,89908.0,5411.0,45.0,125.49,9544456707.0
281.697,0.0,89908.0,5411.0,45.0,125.49,9544481822.0
281.797,0.0,89908.0,5411.0,45.0,125.525,9544494374.0
281.898,0.0,89908.0,5411.0,45.0,125.52,9544506890.0
281.998,0.0,89908.0,5411.0,45.0,125.528,9544519428.0
282.097,0.0,89908.0,5411.0,45.0,125.53,9544531956.0
282.196,0.0,89908.0,5411.0,45.0,125.507,9544544500.0
282.299,0.0,89908.0,5411.0,45.0,125.51,9544557045.0
282.398,0.0,89908.0,5411.0,45.0,125.504,9544569580.0
282.498,0.0,89908.0,5411.0,45.0,125.476,9544582099.0
282.598,0.0,89908.0,5411.0,45.0,125.455,9544594663.0
282.698,0.0,89908.0,5411.0,45.0,125.421,9544607172.0
282.797,0.0,89908.0,5411.0,45.0,125.414,9544619722.0
282.898,0.0,89908.0,5411.0,45.0,125.455,9544632304.0
282.998,0.0,89908.0,5411.0,45.0,125.491,9544644852.0
283.098,0.0,89908.0,5411.0,45.0,125.495,9544657391.0
283.198,0.0,89908.0,5411.0,45.0,125.508,9544669940.0
283.298,0.0,89908.0,5411.0,45.0,125.508,9544682472.0
283.398,0.0,89908.0,5411.0,45.0,125.506,9544682472.0
283.497,0.0,89908.0,5411.0,45.0,125.503,9544695011.0
283.598,0.0,89908.0,5411.0,45.0,125.495,9544707539.0
283.698,0.0,89908.0,5411.0,45.0,125.506,9544720073.0
283.798,0.0,89908.0,5411.0,45.0,125.527,9544732613.0
283.898,0.0,89908.0,5411.0,45.0,125.507,9544745149.0
283.998,0.0,89908.0,5411.0,45.0,125.521,9544757719.0
284.098,0.0,89908.0,5411.0,45.0,125.476,9544770282.0
284.199,0.0,89908.0,5411.0,45.0,125.47,9544782800.0
284.297,0.0,89908.0,5411.0,45.0,125.488,9544795350.0
284.396,0.0,89908.0,5411.0,45.0,125.487,9544807908.0
284.498,0.0,89908.0,5411.0,45.0,125.451,9544820449.0
284.598,0.0,89908.0,5411.0,45.0,125.43,9544845472.0
284.699,0.0,89908.0,5411.0,45.0,125.438,9544858022.0
284.797,0.0,89908.0,5411.0,45.0,125.447,9544870562.0
284.898,0.0,89908.0,5411.0,45.0,125.434,9544883095.0
284.998,0.0,89908.0,5411.0,45.0,125.437,9544895637.0
285.098,0.0,89908.0,5411.0,45.0,125.43,9544908169.0
285.198,0.0,89908.0,5411.0,45.0,125.436,9544920708.0
285.296,0.0,89908.0,5411.0,45.0,125.446,9544933270.0
285.398,0.0,89908.0,5411.0,45.0,125.454,9544945811.0
285.498,0.0,89908.0,5411.0,45.0,125.495,9544958321.0
285.599,0.0,89908.0,5411.0,45.0,125.52,9544970882.0
285.698,0.0,89908.0,5411.0,45.0,125.51,9544983405.0
285.798,0.0,89908.0,5411.0,45.0,125.483,9544995935.0
285.898,0.0,89908.0,5411.0,45.0,125.478,9545008471.0
285.998,0.0,89908.0,5411.0,45.0,125.483,9545021019.0
286.096,0.0,89908.0,5411.0,45.0,125.481,9545033561.0
286.198,0.0,89908.0,5411.0,45.0,125.466,9545033561.0
286.298,0.0,89908.0,5411.0,45.0,125.463,9545046075.0
286.396,0.0,89908.0,5411.0,45.0,125.454,9545058637.0
286.497,0.0,89908.0,5411.0,45.0,125.438,9545071192.0
286.597,0.0,89908.0,5411.0,45.0,125.417,9545083700.0
286.698,0.0,89908.0,5411.0,45.0,125.422,9545096243.0
286.798,0.0,89908.0,5411.0,45.0,125.434,9545108755.0
286.898,0.0,89908.0,5411.0,45.0,125.456,9545121298.0
286.998,0.0,89908.0,5411.0,45.0,125.457,9545133866.0
287.097,0.0,89908.0,5411.0,45.0,125.47,9545146395.0
287.198,0.0,89908.0,5411.0,45.0,125.494,9545158953.0
287.298,0.0,89908.0,5411.0,45.0,125.469,9545171483.0
287.398,0.0,89908.0,5411.0,45.0,125.469,9545184019.0
287.498,0.0,89908.0,5411.0,45.0,125.491,9545209115.0
287.598,0.0,89908.0,5411.0,45.0,125.489,9545221626.0
287.698,0.0,89908.0,5411.0,45.0,125.499,9545234194.0
287.798,0.0,89908.0,5411.0,45.0,125.511,9545246743.0
287.898,0.0,89908.0,5411.0,45.0,125.468,9545259272.0
287.998,0.0,89908.0,5411.0,45.0,125.474,9545271813.0
288.097,0.0,89908.0,5411.0,45.0,125.44,9545284339.0
288.198,0.0,89908.0,5411.0,45.0,125.45,9545296870.0
288.298,0.0,89908.0,5411.0,45.0,125.423,9545309392.0
288.398,0.0,89908.0,5411.0,45.0,125.434,9545321944.0
288.498,0.0,89908.0,5411.0,45.0,125.429,9545334472.0
288.598,0.0,89908.0,5411.0,45.0,125.413,9545346990.0
288.698,0.0,89908.0,5411.0,45.0,125.402,9545359530.0
288.798,0.0,89908.0,5411.0,45.0,125.414,9545372076.0
288.898,0.0,89908.0,5411.0,45.0,125.387,9545384580.0
288.998,0.0,89908.0,5411.0,45.0,125.39,9545397127.0
289.098,0.0,89908.0,5411.0,45.0,125.39,9545397127.0
289.196,0.0,89908.0,5411.0,45.0,125.433,9545409690.0
289.298,0.0,89908.0,5411.0,45.0,125.438,9545422236.0
289.398,0.0,89908.0,5411.0,45.0,125.445,9545434766.0
289.498,0.0,89908.0,5411.0,45.0,125.425,9545447281.0
289.597,0.0,89908.0,5411.0,45.0,125.4,9545459814.0
289.697,0.0,89908.0,5411.0,45.0,125.426,9545472349.0
289.798,0.0,89908.0,5411.0,45.0,125.439,9545484887.0
289.898,0.0,89908.0,5411.0,45.0,125.427,9545497423.0
289.998,0.0,89908.0,5411.0,45.0,125.472,9545509973.0
290.098,0.0,89908.0,5411.0,45.0,125.474,9545522529.0
290.196,0.0,89908.0,5411.0,45.0,125.474,9545535074.0
290.297,0.0,89908.0,5411.0,45.0,125.47,9545547624.0
290.397,0.0,89908.0,5411.0,45.0,125.503,9545560151.0
290.496,0.0,89908.0,5411.0,45.0,125.518,9545585233.0
290.598,0.0,89908.0,5411.0,45.0,125.497,9545597753.0
290.698,0.0,89908.0,5411.0,45.0,125.496,9545610302.0
290.796,0.0,89908.0,5411.0,45.0,125.51,9545622848.0
290.898,0.0,89908.0,5411.0,45.0,125.472,9545635369.0
290.997,0.0,89908.0,5411.0,45.0,125.448,9545647869.0
291.097,0.0,89908.0,5411.0,45.0,125.392,9545660401.0
291.198,0.0,89908.0,5411.0,45.0,125.387,9545672918.0
291.298,0.0,89908.0,5411.0,45.0,125.379,9545685445.0
291.398,0.0,89908.0,5411.0,45.0,125.361,9545697984.0
291.498,0.0,89908.0,5411.0,45.0,125.355,9545710508.0
291.599,0.0,89908.0,5411.0,45.0,125.347,9545723035.0
291.698,0.0,89908.0,5411.0,45.0,125.335,9545735570.0
291.797,0.0,89908.0,5411.0,45.0,125.348,9545748114.0
291.898,0.0,89908.0,5411.0,45.0,125.359,9545760655.0
291.998,0.0,89908.0,5411.0,45.0,125.376,9545773187.0
292.098,0.0,89908.0,5411.0,45.0,125.376,9545785726.0
292.198,0.0,89908.0,5411.0,45.0,125.405,9545785726.0
292.298,0.0,89908.0,5411.0,45.0,125.409,9545798250.0
292.398,0.0,89908.0,5411.0,45.0,125.407,9545810773.0
292.498,0.0,89908.0,5411.0,45.0,125.405,9545823322.0
292.597,0.0,89908.0,5411.0,45.0,125.438,9545835880.0
292.698,0.0,89908.0,5411.0,45.0,125.445,9545848389.0
292.798,0.0,89908.0,5411.0,45.0,125.435,9545860919.0
292.898,0.0,89908.0,5411.0,45.0,125.442,9545873466.0
292.998,0.0,89908.0,5411.0,45.0,125.446,9545886006.0
293.097,0.0,89908.0,5411.0,45.0,125.424,9545898513.0
293.198,0.0,89908.0,5411.0,45.0,125.451,9545911062.0
293.298,0.0,89908.0,5411.0,45.0,125.454,9545923630.0
293.398,0.0,89908.0,5411.0,45.0,125.457,9545948685.0
293.497,0.0,89908.0,5411.0,45.0,125.422,9545961207.0
293.598,0.0,89908.0,5411.0,45.0,125.447,9545973769.0
293.697,0.0,89908.0,5411.0,45.0,125.475,9545986322.0
293.798,0.0,89908.0,5411.0,45.0,125.463,9545998859.0
293.898,0.0,89908.0,5411.0,45.0,125.448,9546011394.0
293.998,0.0,89908.0,5411.0,45.0,125.483,9546023942.0
294.096,0.0,89908.0,5411.0,45.0,125.489,9546036485.0
294.196,0.0,89908.0,5411.0,45.0,125.471,9546049021.0
294.299,0.0,89908.0,5411.0,45.0,125.461,9546061534.0
294.398,0.0,89908.0,5411.0,45.0,125.475,9546074082.0
294.497,0.0,89908.0,5411.0,45.0,125.478,9546086631.0
294.597,0.0,89908.0,5411.0,45.0,125.473,9546099172.0
294.698,0.0,89908.0,5411.0,45.0,125.449,9546111692.0
294.797,0.0,89908.0,5411.0,45.0,125.438,9546124227.0
294.898,0.0,89908.0,5411.0,45.0,125.42,9546136748.0
294.998,0.0,89908.0,5411.0,45.0,125.42,9546136748.0
295.099,0.0,89908.0,5411.0,45.0,125.405,9546149283.0
295.198,0.0,89908.0,5411.0,45.0,125.393,9546161820.0
295.298,0.0,89908.0,5411.0,45.0,125.4,9546174354.0
295.398,0.0,89908.0,5411.0,45.0,125.415,9546186893.0
295.498,0.0,89908.0,5411.0,45.0,125.422,9546199437.0
295.597,0.0,89908.0,5411.0,45.0,125.414,9546211990.0
295.698,0.0,89908.0,5411.0,45.0,125.463,9546224537.0
295.798,0.0,89908.0,5411.0,45.0,125.475,9546237079.0
295.898,0.0,89908.0,5411.0,45.0,125.478,9546249628.0
295.998,0.0,89908.0,5411.0,45.0,125.541,9546262195.0
296.098,0.0,89908.0,5411.0,45.0,125.566,9546274760.0
296.198,0.0,89908.0,5411.0,45.0,125.553,9546287284.0
296.298,0.0,89908.0,5411.0,45.0,125.543,9546312359.0
296.398,0.0,89908.0,5411.0,45.0,125.512,9546324884.0
296.498,0.0,89908.0,5411.0,45.0,125.496,9546337412.0
296.598,0.0,89908.0,5411.0,45.0,125.479,9546349960.0
296.698,0.0,89908.0,5411.0,45.0,125.479,9546362500.0
296.798,0.0,89908.0,5411.0,45.0,125.445,9546375040.0
296.898,0.0,89908.0,5411.0,45.0,125.451,9546387594.0
296.998,0.0,89908.0,5411.0,45.0,125.417,9546400137.0
297.098,0.0,89908.0,5411.0,45.0,125.448,9546412697.0
297.198,0.0,89908.0,5411.0,45.0,125.455,9546425217.0
297.298,0.0,89908.0,5411.0,45.0,125.449,9546437747.0
297.398,0.0,89908.0,5411.0,45.0,125.501,9546450297.0
297.498,0.0,89908.0,5411.0,45.0,125.493,9546462826.0
297.598,0.0,89908.0,5411.0,45.0,125.511,9546475401.0
297.698,0.0,89908.0,5411.0,45.0,125.502,9546487941.0
297.798,0.0,89908.0,5411.0,45.0,125.527,9546500479.0
297.898,0.0,89908.0,5411.0,45.0,125.497,9546513025.0
297.998,0.0,89908.0,5411.0,45.0,125.511,9546525579.0
298.098,0.0,89908.0,5411.0,45.0,125.491,9546525579.0
298.198,0.0,89908.0,5411.0,45.0,125.485,9546538123.0
298.298,0.0,89908.0,5411.0,45.0,125.533,9546550663.0
298.398,0.0,89908.0,5411.0,45.0,125.532,9546563219.0
298.498,0.0,89908.0,5411.0,45.0,125.526,9546575764.0
298.598,0.0,89908.0,5411.0,45.0,125.515,9546588291.0
298.699,0.0,89908.0,5411.0,45.0,125.525,9546600834.0
298.798,0.0,89908.0,5411.0,45.0,125.523,9546613370.0
298.898,0.0,89908.0,5411.0,45.0,125.54,9546625922.0
298.998,0.0,89908.0,5411.0,45.0,125.486,9546638451.0
299.097,0.0,89908.0,5411.0,45.0,125.519,9546650964.0
299.198,0.0,89908.0,5411.0,45.0,125.545,9546663544.0
299.298,0.0,89908.0,5411.0,45.0,125.557,9546676098.0
299.398,0.0,89908.0,5411.0,45.0,125.592,9546701287.0
299.498,0.0,89908.0,5411.0,45.0,125.657,9546713863.0
299.598,0.0,89908.0,5411.0,45.0,125.683,9546726451.0
299.698,0.0,89908.0,5411.0,45.0,125.747,9546739054.0
299.798,0.0,89908.0,5411.0,45.0,125.78,9546751653.0
299.898,0.0,89908.0,5411.0,45.0,125.847,9546764255.0
299.998,0.0,89908.0,5411.0,45.0,125.927,9546776846.0
300.098,0.0,89908.0,5411.0,45.0,125.946,9546789431.0
300.198,0.0,89908.0,5411.0,45.0,125.976,9546802007.0
300.298,0.0,89908.0,5411.0,45.0,125.983,9546814609.0
300.398,0.0,89908.0,5411.0,45.0,125.975,9546827184.0
300.498,0.0,89908.0,5411.0,45.0,125.969,9546839758.0
300.598,0.0,89908.0,5411.0,45.0,125.977,9546852341.0
300.698,0.0,89908.0,5411.0,45.0,125.955,9546864914.0
300.797,0.0,89908.0,5411.0,45.0,125.937,9546877496.0
300.898,0.0,89908.0,5411.0,45.0,125.924,9546890069.0
300.999,0.0,89908.0,5411.0,45.0,125.912,9546902652.0
301.096,0.0,89908.0,5411.0,45.0,125.912,9546902652.0
301.197,0.0,89908.0,5411.0,45.0,125.897,9546915245.0
301.299,0.0,89908.0,5411.0,45.0,125.899,9546927823.0
301.398,0.0,89908.0,5411.0,45.0,125.896,9546940415.0
301.498,0.0,89908.0,5411.0,45.0,125.896,9546953008.0
301.598,0.0,89908.0,5411.0,45.0,125.9,9546965591.0
301.698,0.0,89908.0,5411.0,45.0,125.911,9546978152.0
301.797,0.0,89908.0,5411.0,45.0,125.916,9546990748.0
301.898,0.0,89908.0,5411.0,45.0,125.915,9547003337.0
301.998,0.0,89908.0,5411.0,45.0,125.911,9547015896.0
302.098,0.0,89908.0,5411.0,45.0,125.933,9547028475.0
302.196,0.0,89908.0,5411.0,45.0,125.913,9547041056.0
302.297,0.0,89908.0,5411.0,45.0,125.905,9547053634.0
302.396,0.0,89908.0,5411.0,45.0,125.918,9547078825.0
302.498,0.0,89908.0,5411.0,45.0,125.912,9547091403.0
302.596,0.0,89908.0,5411.0,45.0,125.889,9547103967.0
302.697,0.0,89908.0,5411.0,45.0,125.872,9547116561.0
302.798,0.0,89908.0,5411.0,45.0,125.815,9547129101.0
302.898,0.0,89908.0,5411.0,45.0,125.775,9547141622.0
302.997,0.0,89908.0,5411.0,45.0,125.682,9547154130.0
303.098,0.0,89908.0,5411.0,45.0,125.658,9547166675.0
303.198,0.0,89908.0,5411.0,45.0,125.608,9547179215.0
303.298,0.0,89908.0,5411.0,45.0,125.588,9547191749.0
303.398,0.0,89908.0,5411.0,45.0,125.525,9547204291.0
303.498,0.0,89908.0,5411.0,45.0,125.476,9547216832.0
303.599,0.0,89908.0,5411.0,45.0,125.461,9547229383.0
303.697,0.0,89908.0,5411.0,45.0,125.452,9547241936.0
303.798,0.0,89908.0,5411.0,45.0,125.479,9547254517.0
303.897,0.0,89908.0,5411.0,45.0,125.479,9547267045.0
303.997,0.0,89908.0,5411.0,45.0,125.495,9547267045.0
304.098,0.0,89908.0,5411.0,45.0,125.533,9547279598.0
304.198,0.0,89908.0,5411.0,45.0,125.57,9547292143.0
304.298,0.0,89908.0,5411.0,45.0,127.526,9547306854.0
304.398,51.0,89908.0,5411.0,46.0,131.877,9547323729.0
304.497,51.0,89908.0,5411.0,46.0,137.286,9547341811.0
304.598,51.0,89908.0,5411.0,46.0,139.221,9547356367.0
304.698,51.0,89908.0,5411.0,46.0,144.749,9547373917.0
304.798,51.0,89908.0,5411.0,46.0,156.231,9547398036.0
304.898,51.0,89908.0,5411.0,46.0,159.877,9547415039.0
304.998,51.0,89908.0,5411.0,46.0,163.455,9547430767.0
305.098,51.0,89908.0,5411.0,46.0,169.861,9547467107.0
305.198,52.0,89908.0,5411.0,46.0,180.375,9547487274.0
305.298,51.0,89908.0,5411.0,46.0,178.69,9547503313.0
305.398,51.0,89908.0,5411.0,46.0,177.63,9547519933.0
305.498,0.0,89908.0,5411.0,46.0,176.038,9547532783.0
305.598,0.0,89908.0,5411.0,46.0,170.508,9547545446.0
305.698,0.0,89908.0,5411.0,46.0,159.666,9547558148.0
305.798,0.0,89908.0,5411.0,46.0,155.345,9547570829.0
305.898,0.0,89908.0,5411.0,46.0,152.599,9547583515.0
305.998,0.0,89908.0,5411.0,46.0,147.746,9547596192.0
306.098,0.0,89908.0,5411.0,46.0,141.733,9547608860.0
306.197,0.0,89908.0,5411.0,45.0,134.917,9547621532.0
306.298,0.0,89908.0,5411.0,45.0,131.25,9547634197.0
306.396,0.0,89908.0,5411.0,45.0,127.251,9547646847.0
306.496,55.0,89908.0,5411.0,46.0,141.382,9547672309.0
306.598,55.0,89908.0,5411.0,53.0,172.977,9547672309.0
306.698,100.0,89908.0,5411.0,54.0,221.693,9547716571.0
306.798,100.0,89908.0,5411.0,57.0,260.345,9547777848.0
306.896,70.0,89908.0,5411.0,57.0,305.92,9547831665.0
306.998,70.0,89908.0,5411.0,58.0,356.3,9547888819.0
307.098,89.0,89908.0,5411.0,57.0,388.555,9547951920.0
307.198,89.0,89908.0,5411.0,58.0,429.332,9548001668.0
307.299,80.0,89908.0,5411.0,58.0,462.663,9548050355.0
307.398,80.0,89908.0,5411.0,57.0,496.224,9548096213.0
307.498,75.0,89908.0,5411.0,56.0,512.465,9548141793.0
307.598,75.0,89908.0,5411.0,57.0,512.484,9548184947.0
307.698,80.0,89908.0,5411.0,57.0,499.271,9548279490.0
307.797,80.0,89908.0,5411.0,58.0,489.931,9548327403.0
307.898,79.0,89908.0,5411.0,58.0,483.87,9548374055.0
307.998,79.0,89908.0,5411.0,59.0,470.195,9548420780.0
308.098,80.0,89908.0,5411.0,60.0,463.223,9548467793.0
308.198,80.0,89908.0,5411.0,60.0,460.941,9548514802.0
308.298,79.0,89908.0,5411.0,60.0,462.312,9548561213.0
308.398,79.0,89908.0,5411.0,60.0,459.703,9548606080.0
308.498,79.0,89908.0,5411.0,59.0,460.376,9548648998.0
308.598,79.0,89908.0,5411.0,57.0,449.517,9548687742.0
308.698,66.0,89908.0,5411.0,56.0,435.779,9548721088.0
308.798,66.0,89908.0,5411.0,55.0,417.527,9548751024.0
308.897,56.0,89908.0,5411.0,54.0,395.604,9548776044.0
308.997,56.0,89908.0,5411.0,52.0,374.821,9548799302.0
309.098,54.0,89908.0,5411.0,52.0,347.617,9548799302.0
309.198,54.0,89908.0,5411.0,51.0,324.324,9548820005.0
309.299,53.0,89908.0,5411.0,50.0,299.477,9548839870.0
309.398,53.0,89908.0,5411.0,50.0,272.343,9548862761.0
309.498,55.0,89908.0,5411.0,50.0,245.135,9548884728.0
309.598,55.0,89908.0,5411.0,49.0,230.339,9548900313.0
309.698,53.0,89908.0,5411.0,49.0,212.566,9548918964.0
309.798,53.0,89908.0,5411.0,49.0,197.051,9548935209.0
309.898,53.0,89908.0,5411.0,49.0,188.412,9548950909.0
309.998,53.0,89908.0,5411.0,49.0,180.275,9548966297.0
310.097,52.0,89908.0,5411.0,48.0,174.232,9548982123.0
310.198,52.0,89908.0,5411.0,48.0,171.355,9549011753.0
310.298,51.0,89908.0,5411.0,48.0,163.423,9549026495.0
310.398,51.0,89908.0,5411.0,48.0,159.48,9549043935.0
310.498,49.0,89908.0,5411.0,48.0,160.727,9549061133.0
310.598,49.0,89908.0,5411.0,48.0,159.643,9549078822.0
310.698,37.0,89908.0,5411.0,48.0,159.704,9549095707.0
310.798,37.0,89908.0,5411.0,47.0,157.077,9549108714.0
310.898,0.0,89908.0,5411.0,47.0,154.719,9549121531.0
310.998,0.0,89908.0,5411.0,47.0,151.609,9549134363.0
311.098,0.0,89908.0,5411.0,47.0,149.642,9549147154.0
311.198,0.0,89908.0,5411.0,47.0,147.78,9549159951.0
311.298,0.0,89908.0,5411.0,47.0,144.863,9549172748.0
311.398,0.0,89908.0,5411.0,47.0,141.222,9549185524.0
311.498,0.0,89908.0,5411.0,46.0,136.346,9549198287.0
311.598,0.0,89908.0,5411.0,46.0,131.964,9549211050.0
311.697,0.0,89908.0,5411.0,46.0,127.98,9549223789.0
311.797,0.0,89908.0,5411.0,46.0,127.897,9549223789.0
311.898,0.0,89908.0,5411.0,46.0,127.837,9549236539.0
311.998,0.0,89908.0,5411.0,46.0,127.727,9549249289.0
312.098,0.0,89908.0,5411.0,46.0,127.661,9549262017.0
312.198,0.0,89908.0,5411.0,46.0,127.585,9549274735.0
312.298,0.0,89908.0,5411.0,46.0,127.526,9549287485.0
312.398,0.0,89908.0,5411.0,46.0,127.474,9549300200.0
312.498,0.0,89908.0,5411.0,46.0,127.416,9549312930.0
312.598,0.0,89908.0,5411.0,46.0,127.387,9549325627.0
312.698,0.0,89908.0,5411.0,46.0,127.348,9549338347.0
312.796,0.0,89908.0,5411.0,46.0,127.297,9549351088.0
312.898,0.0,89908.0,5411.0,46.0,127.255,9549376475.0
312.999,0.0,89908.0,5411.0,46.0,127.212,9549389187.0
313.098,0.0,89908.0,5411.0,46.0,127.188,9549401884.0
313.197,0.0,89908.0,5411.0,46.0,127.196,9549414585.0
313.298,0.0,89908.0,5411.0,46.0,127.173,9549427303.0
313.398,0.0,89908.0,5411.0,46.0,127.148,9549440018.0
313.498,0.0,89908.0,5411.0,46.0,127.165,9549452693.0
313.598,0.0,89908.0,5411.0,46.0,127.112,9549465399.0
313.698,29.0,89908.0,5411.0,46.0,129.223,9549479245.0
313.798,29.0,89908.0,5411.0,46.0,133.569,9549496132.0
313.898,50.0,89908.0,5411.0,46.0,139.516,9549514685.0
313.998,50.0,89908.0,5411.0,46.0,143.11,9549531947.0
314.096,50.0,89908.0,5411.0,47.0,147.205,9549548819.0
314.198,50.0,89908.0,5411.0,47.0,147.205,9549566669.0
314.298,50.0,89908.0,5411.0,47.0,152.923,9549566669.0
314.398,50.0,89908.0,5411.0,47.0,158.742,9549584916.0
314.499,50.0,89908.0,5411.0,47.0,163.483,9549602177.0
314.598,22.0,89908.0,5411.0,47.0,165.385,9549618414.0
314.698,22.0,89908.0,5411.0,46.0,164.697,9549631159.0
314.798,0.0,89908.0,5411.0,46.0,163.53,9549643917.0
314.898,0.0,89908.0,5411.0,46.0,159.486,9549656651.0
314.997,0.0,89908.0,5411.0,46.0,153.803,9549669384.0
315.098,0.0,89908.0,5411.0,46.0,149.57,9549682099.0
315.198,0.0,89908.0,5411.0,46.0,145.537,9549694825.0
315.296,0.0,89908.0,5411.0,46.0,140.441,9549707506.0
315.397,0.0,89908.0,5411.0,46.0,134.84,9549720215.0
315.497,0.0,89908.0,5411.0,46.0,130.455,9549745632.0
315.597,0.0,89908.0,5411.0,46.0,127.27,9549758314.0
315.697,0.0,89908.0,5411.0,46.0,127.221,9549771021.0
315.797,0.0,89908.0,5411.0,46.0,127.155,9549787568.0
315.896,83.0,89908.0,5411.0,46.0,185.149,9549839815.0
315.998,83.0,89908.0,5411.0,55.0,222.367,9549901664.0
316.098,0.0,89908.0,5411.0,50.0,223.722,9549916838.0
316.198,0.0,89908.0,5411.0,48.0,223.73,9549929540.0
316.298,52.0,89908.0,5411.0,48.0,249.896,9549956667.0
316.398,52.0,89908.0,5411.0,55.0,300.912,9550019067.0
316.498,79.0,89908.0,5411.0,57.0,345.244,9550077547.0
316.598,79.0,89908.0,5411.0,58.0,395.245,9550139720.0
316.698,80.0,89908.0,5411.0,58.0,427.685,9550188295.0
316.798,80.0,89908.0,5411.0,58.0,427.685,9550188295.0
316.898,80.0,89908.0,5411.0,58.0,449.81,9550232991.0
316.998,82.0,89908.0,5411.0,58.0,435.226,9550280771.0
317.098,82.0,89908.0,5411.0,58.0,425.933,9550326727.0
317.198,79.0,89908.0,5411.0,59.0,455.883,9550373279.0
317.298,79.0,89908.0,5411.0,59.0,489.931,9550418438.0
317.398,80.0,89908.0,5411.0,59.0,507.736,9550464267.0
317.498,80.0,89908.0,5411.0,60.0,491.423,9550510289.0
317.598,82.0,89908.0,5411.0,60.0,480.046,9550556937.0
317.697,82.0,89908.0,5411.0,60.0,459.652,9550602585.0
317.796,82.0,89908.0,5411.0,60.0,459.415,9550648802.0
317.897,82.0,89908.0,5411.0,58.0,462.17,9550695780.0
317.998,80.0,89908.0,5411.0,58.0,460.808,9550784173.0
318.098,80.0,89908.0,5411.0,59.0,456.448,9550817756.0
318.198,63.0,89908.0,5411.0,56.0,442.705,9550845364.0
318.297,63.0,89908.0,5411.0,56.0,420.156,9550869035.0
318.398,56.0,89908.0,5411.0,54.0,397.949,9550890494.0
318.498,56.0,89908.0,5411.0,53.0,374.287,9550912055.0
318.598,53.0,89908.0,5411.0,52.0,347.35,9550932958.0
318.698,53.0,89908.0,5411.0,51.0,325.869,9550954694.0
318.798,54.0,89908.0,5411.0,51.0,298.318,9550973468.0
318.898,54.0,89908.0,5411.0,50.0,273.638,9550989622.0
318.998,55.0,89908.0,5411.0,50.0,244.952,9551008494.0
319.098,55.0,89908.0,5411.0,50.0,222.319,9551030857.0
319.197,53.0,89908.0,5411.0,49.0,213.408,9551051965.0
319.298,53.0,89908.0,5411.0,49.0,204.86,9551067374.0
319.396,52.0,89908.0,5411.0,49.0,197.526,9551086911.0
319.498,52.0,89908.0,5411.0,49.0,194.143,9551086911.0
319.597,51.0,89908.0,5411.0,49.0,186.854,9551101267.0
319.698,51.0,89908.0,5411.0,48.0,180.192,9551116211.0
319.798,0.0,89908.0,5411.0,48.0,173.238,9551129093.0
319.898,0.0,89908.0,5411.0,48.0,167.711,9551141968.0
319.998,0.0,89908.0,5411.0,47.0,164.431,9551154848.0
320.098,0.0,89908.0,5411.0,47.0,156.877,9551167680.0
320.197,0.0,89908.0,5411.0,47.0,148.76,9551180555.0
320.298,0.0,89908.0,5411.0,47.0,140.84,9551193345.0
320.398,0.0,89908.0,5411.0,47.0,138.425,9551206135.0
320.498,0.0,89908.0,5411.0,47.0,131.683,9551218940.0
320.598,0.0,89908.0,5411.0,47.0,129.885,9551231715.0
320.698,0.0,89908.0,5411.0,47.0,128.343,9551257269.0
320.798,0.0,89908.0,5411.0,47.0,128.245,9551270038.0
320.898,0.0,89908.0,5411.0,46.0,128.126,9551282784.0
320.997,0.0,89908.0,5411.0,46.0,128.012,9551295550.0
321.098,0.0,89908.0,5411.0,46.0,127.918,9551308295.0
321.197,0.0,89908.0,5411.0,46.0,127.8,9551321016.0
321.298,0.0,89908.0,5411.0,46.0,127.667,9551333765.0
321.398,0.0,89908.0,5411.0,46.0,127.652,9551346548.0
321.498,42.0,89908.0,5411.0,46.0,130.048,9551360475.0
321.598,42.0,89908.0,5411.0,47.0,135.224,9551378738.0
321.698,50.0,89908.0,5411.0,47.0,139.908,9551396148.0
321.798,50.0,89908.0,5411.0,47.0,145.21,9551414277.0
321.898,50.0,89908.0,5411.0,47.0,149.661,9551430988.0
321.998,50.0,89908.0,5411.0,47.0,154.213,9551448373.0
322.098,50.0,89908.0,5411.0,47.0,154.213,9551466362.0
322.199,50.0,89908.0,5411.0,47.0,159.315,9551466362.0
322.298,50.0,89908.0,5411.0,47.0,164.757,9551484471.0
322.398,0.0,89908.0,5411.0,47.0,164.855,9551497772.0
322.498,0.0,89908.0,5411.0,46.0,164.172,9551510595.0
322.598,0.0,89908.0,5411.0,46.0,162.944,9551523362.0
322.698,0.0,89908.0,5411.0,46.0,157.556,9551536096.0
322.798,0.0,89908.0,5411.0,46.0,152.981,9551548829.0
322.896,0.0,89908.0,5411.0,46.0,147.208,9551561564.0
322.998,0.0,89908.0,5411.0,46.0,143.406,9551574301.0
323.096,0.0,89908.0,5411.0,46.0,137.52,9551587054.0
323.198,0.0,89908.0,5411.0,46.0,132.415,9551599753.0
323.297,0.0,89908.0,5411.0,46.0,127.844,9551612449.0
323.398,0.0,89908.0,5411.0,46.0,127.5,9551625165.0
323.496,0.0,89908.0,5411.0,46.0,127.399,9551650621.0
323.596,0.0,89908.0,5411.0,46.0,127.361,9551665334.0
323.697,0.0,89908.0,5411.0,46.0,133.349,9551699615.0
323.796,68.0,89908.0,5411.0,49.0,160.851,9551749441.0
323.897,68.0,89908.0,5411.0,54.0,200.586,9551809721.0
323.999,100.0,89908.0,5411.0,55.0,247.856,9551858501.0
324.098,100.0,89908.0,5411.0,55.0,344.568,9551921190.0
324.198,100.0,89908.0,5411.0,59.0,383.34,9551974114.0
324.297,88.0,89908.0,5411.0,59.0,426.265,9552035729.0
324.397,88.0,89908.0,5411.0,59.0,460.084,9552084027.0
324.498,81.0,89908.0,5411.0,59.0,493.543,9552131595.0
324.598,81.0,89908.0,5411.0,59.0,493.543,9552178860.0
324.697,81.0,89908.0,5411.0,59.0,518.804,9552178860.0
324.798,81.0,89908.0,5411.0,59.0,516.584,9552224858.0
324.898,81.0,89908.0,5411.0,59.0,511.309,9552270794.0
324.998,81.0,89908.0,5411.0,60.0,496.776,9552316775.0
325.098,81.0,89908.0,5411.0,60.0,490.768,9552363006.0
325.198,81.0,89908.0,5411.0,60.0,476.81,9552407940.0
325.298,81.0,89908.0,5411.0,60.0,470.522,9552453987.0
325.398,79.0,89908.0,5411.0,60.0,459.359,9552499427.0
325.498,79.0,89908.0,5411.0,60.0,457.385,9552590491.0
325.598,77.0,89908.0,5411.0,60.0,456.478,9552634690.0
325.698,77.0,89908.0,5411.0,60.0,456.148,9552674074.0
325.798,79.0,89908.0,5411.0,60.0,443.75,9552706820.0
325.898,79.0,89908.0,5411.0,57.0,432.987,9552736526.0
325.998,61.0,89908.0,5411.0,56.0,412.572,9552764211.0
326.098,61.0,89908.0,5411.0,54.0,396.475,9552786300.0
326.198,57.0,89908.0,5411.0,53.0,371.569,9552806619.0
326.298,57.0,89908.0,5411.0,53.0,343.828,9552824327.0
326.399,54.0,89908.0,5411.0,52.0,290.108,9552844345.0
326.499,54.0,89908.0,5411.0,50.0,266.123,9552867018.0
326.599,54.0,89908.0,5411.0,50.0,244.712,9552885559.0
326.698,55.0,89908.0,5411.0,50.0,225.772,9552903828.0
326.798,55.0,89908.0,5411.0,50.0,210.325,9552923370.0
326.898,53.0,89908.0,5411.0,49.0,200.468,9552923370.0
327.000,53.0,89908.0,5411.0,49.0,193.088,9552942575.0
327.098,52.0,89908.0,5411.0,49.0,188.959,9552959105.0
327.198,52.0,89908.0,5411.0,49.0,192.946,9552979597.0
327.298,50.0,89908.0,5411.0,49.0,189.404,9552999369.0
327.398,50.0,89908.0,5411.0,49.0,187.127,9553016635.0
327.498,50.0,89908.0,5411.0,49.0,182.333,9553033528.0
327.596,50.0,89908.0,5411.0,48.0,181.689,9553051659.0
327.698,50.0,89908.0,5411.0,48.0,180.028,9553068740.0
327.798,50.0,89908.0,5411.0,48.0,178.056,9553085732.0
327.898,50.0,89908.0,5411.0,48.0,179.323,9553103427.0
327.998,50.0,89908.0,5411.0,48.0,178.175,9553139464.0
328.099,49.0,89908.0,5411.0,48.0,177.607,9553156631.0
328.198,49.0,89908.0,5411.0,48.0,174.054,9553174322.0
328.298,50.0,89908.0,5411.0,48.0,176.407,9553192129.0
328.398,50.0,89908.0,5411.0,48.0,175.04,9553209677.0
328.498,50.0,89908.0,5411.0,48.0,176.216,9553228147.0
328.599,50.0,89908.0,5411.0,48.0,175.693,9553245325.0
328.699,50.0,89908.0,5411.0,48.0,177.496,9553263988.0
328.798,50.0,89908.0,5411.0,48.0,177.596,9553281376.0
328.898,50.0,89908.0,5411.0,48.0,177.786,9553299904.0
328.998,50.0,89908.0,5411.0,48.0,177.222,9553317507.0
329.103,50.0,89908.0,5411.0,48.0,177.801,9553335272.0
329.198,50.0,89908.0,5411.0,47.0,176.726,9553352442.0
329.299,5.0,89908.0,5411.0,47.0,171.401,9553366652.0
329.398,5.0,89908.0,5411.0,47.0,167.298,9553379467.0
329.497,0.0,89908.0,5411.0,47.0,161.963,9553379467.0
329.598,0.0,89908.0,5411.0,47.0,157.571,9553392301.0
329.698,0.0,89908.0,5411.0,47.0,151.581,9553405113.0
329.798,0.0,89908.0,5411.0,47.0,147.47,9553417915.0
329.898,0.0,89908.0,5411.0,46.0,141.357,9553430698.0
329.998,0.0,89908.0,5411.0,46.0,137.785,9553443478.0
330.098,0.0,89908.0,5411.0,46.0,131.886,9553456273.0
330.198,0.0,89908.0,5411.0,46.0,128.063,9553469043.0
330.298,0.0,89908.0,5411.0,46.0,127.915,9553481807.0
330.398,0.0,89908.0,5411.0,46.0,127.873,9553494524.0
330.498,0.0,89908.0,5411.0,46.0,127.788,9553507270.0
330.598,0.0,89908.0,5411.0,46.0,127.722,9553520038.0
330.697,0.0,89908.0,5411.0,46.0,127.722,9553532795.0
330.798,0.0,89908.0,5411.0,46.0,127.62,9553558251.0
330.898,0.0,89908.0,5411.0,46.0,127.62,9553571010.0
330.998,0.0,89908.0,5411.0,46.0,127.546,9553583743.0
331.099,0.0,89908.0,5411.0,46.0,127.546,9553596484.0
331.197,0.0,89908.0,5411.0,46.0,127.5,9553609218.0
331.298,0.0,89908.0,5411.0,46.0,127.5,9553621938.0
331.398,0.0,89908.0,5411.0,46.0,127.512,9553639918.0
331.498,0.0,89908.0,5411.0,51.0,153.094,9553681100.0
331.598,66.0,89908.0,5411.0,49.0,162.532,9553703221.0
331.697,66.0,89908.0,5411.0,49.0,173.409,9553725912.0
331.798,57.0,89908.0,5411.0,49.0,181.508,9553747435.0
331.897,57.0,89908.0,5411.0,49.0,193.047,9553768348.0
331.998,57.0,89908.0,5411.0,49.0,199.804,9553788686.0
332.098,57.0,89908.0,5411.0,49.0,210.161,9553811332.0
332.198,57.0,89908.0,5411.0,49.0,215.492,9553833262.0
332.297,57.0,89908.0,5411.0,49.0,228.99,9553855003.0
332.398,54.0,89908.0,5411.0,48.0,233.993,9553873091.0
332.498,54.0,89908.0,5411.0,48.0,214.449,9553873091.0
332.598,54.0,89908.0,5411.0,48.0,212.759,9553894399.0
332.698,54.0,89908.0,5411.0,48.0,207.586,9553912287.0
332.798,54.0,89908.0,5411.0,48.0,203.605,9553930524.0
332.898,54.0,89908.0,5411.0,48.0,200.955,9553949012.0
332.998,52.0,89908.0,5411.0,48.0,197.286,9553966225.0
333.098,52.0,89908.0,5411.0,48.0,195.391,9553983739.0
333.197,52.0,89908.0,5411.0,48.0,197.259,9554006216.0
333.298,52.0,89908.0,5411.0,48.0,197.469,9554031438.0
333.398,52.0,89908.0,5411.0,47.0,193.382,9554048923.0
333.498,52.0,89908.0,5411.0,48.0,190.534,9554064188.0
333.598,51.0,89908.0,5411.0,47.0,184.783,9554095327.0
333.698,51.0,89908.0,5411.0,47.0,183.265,9554113613.0
333.798,50.0,89908.0,5411.0,47.0,183.794,9554131694.0
333.898,50.0,89908.0,5411.0,47.0,182.493,9554149308.0
333.998,50.0,89908.0,5411.0,47.0,184.246,9554167273.0
334.098,50.0,89908.0,5411.0,47.0,182.106,9554184879.0
334.197,50.0,89908.0,5411.0,47.0,177.988,9554202728.0
334.298,50.0,89908.0,5411.0,47.0,170.334,9554219990.0
334.398,50.0,89908.0,5411.0,47.0,171.946,9554236546.0
334.497,50.0,89908.0,5411.0,47.0,172.606,9554254412.0
334.598,47.0,89908.0,5411.0,47.0,174.232,9554267970.0
334.698,47.0,89908.0,5411.0,47.0,170.101,9554280766.0
334.798,0.0,89908.0,5411.0,47.0,164.758,9554293559.0
334.898,0.0,89908.0,5411.0,46.0,159.294,9554306323.0
334.998,0.0,89908.0,5411.0,46.0,154.529,9554319063.0
335.098,0.0,89908.0,5411.0,46.0,149.524,9554331820.0
335.198,0.0,89908.0,5411.0,46.0,144.183,9554331820.0
335.298,0.0,89908.0,5411.0,46.0,139.81,9554344565.0
335.398,0.0,89908.0,5411.0,46.0,134.862,9554357313.0
335.498,0.0,89908.0,5411.0,46.0,132.579,9554370064.0
335.598,0.0,89908.0,5411.0,46.0,127.7,9554382793.0
335.698,0.0,89908.0,5411.0,46.0,127.61,9554395529.0
335.798,0.0,89908.0,5411.0,46.0,127.561,9554408274.0
335.898,0.0,89908.0,5411.0,46.0,127.502,9554420990.0
335.998,0.0,89908.0,5411.0,46.0,127.473,9554433718.0
336.098,0.0,89908.0,5411.0,46.0,127.444,9554446421.0
336.196,0.0,89908.0,5411.0,46.0,127.38,9554459141.0
336.297,0.0,89908.0,5411.0,46.0,127.337,9554471834.0
336.396,0.0,89908.0,5411.0,46.0,127.275,9554497231.0
336.497,0.0,89908.0,5411.0,46.0,127.247,9554510195.0
336.598,19.0,89908.0,5411.0,46.0,129.853,9554527891.0
336.697,19.0,89908.0,5411.0,52.0,144.788,9554570683.0
336.798,84.0,89908.0,5411.0,51.0,174.356,9554604914.0
336.898,84.0,89908.0,5411.0,51.0,192.467,9554637497.0
336.998,67.0,89908.0,5411.0,51.0,211.245,9554669624.0
337.098,67.0,89908.0,5411.0,52.0,230.158,9554702135.0
337.199,67.0,89908.0,5411.0,52.0,250.722,9554734554.0
337.298,67.0,89908.0,5411.0,52.0,272.458,9554770703.0
337.397,72.0,89908.0,5411.0,53.0,294.215,9554806310.0
337.497,72.0,89908.0,5411.0,54.0,316.274,9554846693.0
337.598,73.0,89908.0,5411.0,54.0,354.496,9554883604.0
337.697,73.0,89908.0,5411.0,54.0,354.496,9554923284.0
337.797,78.0,89908.0,5411.0,55.0,353.167,9554963833.0
337.896,78.0,89908.0,5411.0,55.0,358.417,9554963833.0
337.999,70.0,89908.0,5411.0,55.0,363.37,9555001086.0
338.098,70.0,89908.0,5411.0,54.0,367.647,9555036508.0
338.197,74.0,89908.0,5411.0,54.0,367.282,9555072530.0
338.298,74.0,89908.0,5411.0,55.0,373.667,9555107001.0
338.398,69.0,89908.0,5411.0,55.0,372.282,9555145389.0
338.498,69.0,89908.0,5411.0,55.0,371.542,9555179595.0
338.598,70.0,89908.0,5411.0,56.0,365.899,9555214806.0
338.696,70.0,89908.0,5411.0,55.0,363.762,9555249933.0
338.796,70.0,89908.0,5411.0,55.0,357.92,9555286982.0
338.897,70.0,89908.0,5411.0,55.0,356.658,9555321483.0
338.997,73.0,89908.0,5411.0,56.0,355.262,9555393354.0
339.097,73.0,89908.0,5411.0,56.0,356.59,9555431696.0
339.198,68.0,89908.0,5411.0,55.0,358.145,9555466569.0
339.297,68.0,89908.0,5411.0,55.0,356.31,9555498522.0
339.397,67.0,89908.0,5411.0,56.0,356.306,9555536345.0
339.497,67.0,89908.0,5411.0,55.0,357.611,9555572383.0
339.598,68.0,89908.0,5411.0,56.0,359.445,9555607771.0
339.697,68.0,89908.0,5411.0,55.0,357.71,9555642173.0
339.797,69.0,89908.0,5411.0,56.0,356.131,9555677193.0
339.897,69.0,89908.0,5411.0,56.0,359.833,9555715467.0
339.997,70.0,89908.0,5411.0,55.0,357.907,9555752280.0
340.097,70.0,89908.0,5411.0,55.0,358.462,9555784293.0
340.196,66.0,89908.0,5411.0,54.0,351.515,9555812540.0
340.298,66.0,89908.0,5411.0,54.0,345.112,9555841450.0
340.398,62.0,89908.0,5411.0,53.0,341.586,9555870524.0
340.499,62.0,89908.0,5411.0,53.0,327.17,9555870524.0
340.597,59.0,89908.0,5411.0,52.0,317.058,9555893377.0
340.698,59.0,89908.0,5411.0,52.0,307.584,9555918269.0
340.798,57.0,89908.0,5411.0,51.0,295.45,9555941495.0
340.898,57.0,89908.0,5411.0,51.0,279.655,9555963361.0
340.997,54.0,89908.0,5411.0,50.0,260.353,9555982124.0
341.097,54.0,89908.0,5411.0,50.0,245.027,9556001246.0
341.198,53.0,89908.0,5411.0,50.0,235.622,9556019433.0
341.298,53.0,89908.0,5411.0,49.0,223.468,9556039873.0
341.398,53.0,89908.0,5411.0,49.0,212.802,9556056530.0
341.498,53.0,89908.0,5411.0,49.0,201.439,9556075148.0
341.597,52.0,89908.0,5411.0,49.0,195.042,9556091840.0
341.698,52.0,89908.0,5411.0,49.0,184.869,9556122949.0
341.798,51.0,89908.0,5411.0,49.0,180.458,9556139927.0
341.897,51.0,89908.0,5411.0,48.0,174.138,9556154858.0
341.998,51.0,89908.0,5411.0,48.0,172.001,9556171475.0
342.098,51.0,89908.0,5411.0,48.0,169.415,9556189276.0
342.198,50.0,89908.0,5411.0,48.0,167.702,9556207186.0
342.296,50.0,89908.0,5411.0,48.0,166.633,9556224300.0
342.396,50.0,89908.0,5411.0,48.0,167.075,9556240342.0
342.498,50.0,89908.0,5411.0,48.0,163.414,9556253275.0
342.596,0.0,89908.0,5411.0,47.0,160.162,9556266107.0
342.696,0.0,89908.0,5411.0,47.0,158.081,9556278958.0
342.798,0.0,89908.0,5411.0,47.0,153.187,9556291799.0
342.898,0.0,89908.0,5411.0,47.0,150.586,9556304596.0
342.997,0.0,89908.0,5411.0,47.0,148.742,9556317404.0
343.098,0.0,89908.0,5411.0,47.0,138.724,9556330268.0
343.198,0.0,89908.0,5411.0,47.0,138.724,9556343022.0
343.298,0.0,89908.0,5411.0,47.0,133.404,9556343022.0
343.396,0.0,89908.0,5411.0,47.0,129.724,9556355785.0
343.498,0.0,89908.0,5411.0,47.0,128.234,9556368587.0
343.596,0.0,89908.0,5411.0,47.0,128.13,9556381356.0
343.696,0.0,89908.0,5411.0,46.0,128.072,9556394134.0
343.796,0.0,89908.0,5411.0,46.0,127.942,9556406895.0
343.898,0.0,89908.0,5411.0,46.0,127.907,9556419650.0
343.997,0.0,89908.0,5411.0,46.0,127.832,9556432409.0
344.098,0.0,89908.0,5411.0,46.0,127.775,9556445133.0
344.198,0.0,89908.0,5411.0,46.0,127.739,9556457886.0
344.299,0.0,89908.0,5411.0,46.0,127.698,9556470652.0
344.398,0.0,89908.0,5411.0,46.0,127.689,9556496144.0
344.497,0.0,89908.0,5411.0,46.0,127.615,9556508880.0
344.598,0.0,89908.0,5411.0,46.0,127.598,9556521647.0
344.698,0.0,89908.0,5411.0,46.0,127.582,9556534384.0
344.798,0.0,89908.0,5411.0,47.0,128.701,9556551789.0
344.896,0.0,89908.0,5411.0,47.0,135.558,9556571103.0
344.998,52.0,89908.0,5411.0,47.0,141.774,9556588287.0
345.096,52.0,89908.0,5411.0,47.0,145.361,9556605881.0
345.199,51.0,89908.0,5411.0,47.0,150.259,9556623141.0
345.298,51.0,89908.0,5411.0,47.0,153.356,9556639640.0
345.398,52.0,89908.0,5411.0,47.0,157.125,9556657419.0
345.496,52.0,89908.0,5411.0,47.0,161.955,9556672869.0
345.598,51.0,89908.0,5411.0,47.0,165.905,9556695550.0
345.698,51.0,89908.0,5411.0,50.0,193.007,9556742882.0
345.797,77.0,89908.0,5411.0,52.0,227.682,9556792495.0
345.898,77.0,89908.0,5411.0,57.0,268.414,9556855426.0
345.998,92.0,89908.0,5411.0,56.0,302.758,9556855426.0
346.097,92.0,89908.0,5411.0,56.0,322.459,9556901981.0
346.197,80.0,89908.0,5411.0,56.0,354.407,9556942308.0
346.298,80.0,89908.0,5411.0,56.0,373.629,9556983659.0
346.398,80.0,89908.0,5411.0,56.0,401.909,9557025107.0
346.498,80.0,89908.0,5411.0,56.0,426.431,9557066901.0
346.599,81.0,89908.0,5411.0,57.0,448.037,9557111999.0
346.698,81.0,89908.0,5411.0,56.0,459.061,9557152823.0
346.798,73.0,89908.0,5411.0,56.0,446.065,9557192389.0
346.898,73.0,89908.0,5411.0,56.0,420.551,9557229148.0
346.997,70.0,89908.0,5411.0,54.0,400.408,9557293335.0
347.098,70.0,89908.0,5411.0,53.0,385.181,9557315502.0
347.197,58.0,89908.0,5411.0,52.0,359.314,9557333891.0
347.296,58.0,89908.0,5411.0,51.0,337.854,9557352898.0
347.397,54.0,89908.0,5411.0,51.0,315.172,9557374719.0
347.498,54.0,89908.0,5411.0,50.0,292.851,9557394526.0
347.598,54.0,89908.0,5411.0,50.0,272.218,9557413225.0
347.698,54.0,89908.0,5411.0,50.0,246.784,9557428983.0
347.798,55.0,89908.0,5411.0,49.0,225.046,9557445247.0
347.899,55.0,89908.0,5411.0,49.0,207.476,9557460659.0
347.998,53.0,89908.0,5411.0,49.0,191.708,9557480004.0
348.098,53.0,89908.0,5411.0,49.0,183.721,9557497512.0
348.199,52.0,89908.0,5411.0,49.0,179.951,9557513020.0
348.296,52.0,89908.0,5411.0,49.0,179.512,9557513020.0
348.397,52.0,89908.0,5411.0,48.0,177.498,9557532775.0
348.498,52.0,89908.0,5411.0,48.0,169.173,9557547783.0
348.597,0.0,89908.0,5411.0,48.0,164.47,9557561553.0
348.698,0.0,89908.0,5411.0,47.0,159.252,9557574372.0
348.798,0.0,89908.0,5411.0,47.0,156.228,9557587212.0
348.898,0.0,89908.0,5411.0,47.0,153.217,9557600064.0
348.998,0.0,89908.0,5411.0,47.0,147.307,9557612880.0
349.097,0.0,89908.0,5411.0,47.0,143.735,9557625747.0
349.198,0.0,89908.0,5411.0,47.0,139.756,9557638561.0
349.298,0.0,89908.0,5411.0,47.0,136.278,9557651373.0
349.398,0.0,89908.0,5411.0,47.0,130.776,9557664164.0
349.496,0.0,89908.0,5411.0,47.0,128.365,9557689776.0
349.596,0.0,89908.0,5411.0,47.0,128.276,9557702545.0
349.698,0.0,89908.0,5411.0,47.0,128.225,9557715343.0
349.796,0.0,89908.0,5411.0,46.0,128.157,9557728125.0
349.898,0.0,89908.0,5411.0,46.0,128.082,9557740856.0
349.997,0.0,89908.0,5411.0,46.0,127.981,9557753612.0
350.097,0.0,89908.0,5411.0,46.0,127.883,9557766363.0
350.198,0.0,89908.0,5411.0,46.0,127.847,9557779114.0
350.297,0.0,89908.0,5411.0,46.0,127.767,9557791846.0
350.398,0.0,89908.0,5411.0,46.0,127.714,9557804608.0
350.497,0.0,89908.0,5411.0,47.0,130.138,9557821771.0
350.597,51.0,89908.0,5411.0,47.0,135.488,9557839469.0
350.698,51.0,89908.0,5411.0,47.0,139.163,9557856219.0
350.797,50.0,89908.0,5411.0,47.0,144.284,9557874146.0
350.898,50.0,89908.0,5411.0,47.0,149.086,9557892620.0
350.998,50.0,89908.0,5411.0,47.0,149.086,9557910252.0
351.098,50.0,89908.0,5411.0,47.0,154.29,9557910252.0
351.198,50.0,89908.0,5411.0,47.0,164.364,9557927158.0
351.298,50.0,89908.0,5411.0,47.0,168.76,9557944991.0
351.398,51.0,89908.0,5411.0,47.0,173.004,9557962009.0
351.498,51.0,89908.0,5411.0,47.0,172.587,9557979254.0
351.598,0.0,89908.0,5411.0,47.0,167.811,9557992604.0
351.698,0.0,89908.0,5411.0,53.0,188.919,9558007363.0
351.798,76.0,89908.0,5411.0,55.0,223.745,9558050635.0
351.898,76.0,89908.0,5411.0,55.0,250.662,9558110297.0
351.998,94.0,89908.0,5411.0,55.0,289.502,9558159174.0
352.097,94.0,89908.0,5411.0,57.0,316.462,9558257544.0
352.198,86.0,89908.0,5411.0,58.0,343.258,9558304878.0
352.297,86.0,89908.0,5411.0,58.0,373.46,9558348922.0
352.397,84.0,89908.0,5411.0,58.0,405.244,9558393177.0
352.497,84.0,89908.0,5411.0,58.0,430.302,9558431735.0
352.596,40.0,89908.0,5411.0,52.0,439.458,9558445285.0
352.698,40.0,89908.0,5411.0,51.0,416.46,9558458368.0
352.798,0.0,89908.0,5411.0,54.0,394.216,9558494514.0
352.898,0.0,89908.0,5411.0,56.0,397.281,9558547785.0
352.997,78.0,89908.0,5411.0,58.0,383.919,9558594870.0
353.097,78.0,89908.0,5411.0,59.0,385.695,9558643074.0
353.198,82.0,89908.0,5411.0,59.0,388.943,9558689687.0
353.297,82.0,89908.0,5411.0,59.0,388.943,9558733837.0
353.397,82.0,89908.0,5411.0,59.0,386.402,9558733837.0
353.497,78.0,89908.0,5411.0,59.0,386.012,9558779818.0
353.598,78.0,89908.0,5411.0,58.0,408.082,9558825561.0
353.698,74.0,89908.0,5411.0,58.0,445.005,9558870674.0
353.799,76.0,89908.0,5411.0,58.0,464.259,9558914115.0
353.897,76.0,89908.0,5411.0,59.0,455.213,9558957642.0
353.997,78.0,89908.0,5411.0,57.0,449.775,9559000107.0
354.097,78.0,89908.0,5411.0,57.0,440.627,9559038548.0
354.197,70.0,89908.0,5411.0,56.0,422.374,9559075497.0
354.298,70.0,89908.0,5411.0,55.0,404.803,9559104142.0
354.398,63.0,89908.0,5411.0,54.0,388.833,9559134322.0
354.496,63.0,89908.0,5411.0,53.0,366.552,9559183006.0
354.597,58.0,89908.0,5411.0,53.0,348.031,9559205109.0
354.698,58.0,89908.0,5411.0,52.0,320.974,9559227211.0
354.798,56.0,89908.0,5411.0,52.0,300.443,9559245481.0
354.898,56.0,89908.0,5411.0,51.0,271.523,9559263542.0
354.998,53.0,89908.0,5411.0,50.0,251.485,9559281928.0
355.097,53.0,89908.0,5411.0,50.0,228.282,9559297728.0
355.198,54.0,89908.0,5411.0,50.0,215.768,9559316053.0
355.298,54.0,89908.0,5411.0,50.0,203.761,9559333771.0
355.398,55.0,89908.0,5411.0,49.0,194.481,9559352445.0
355.498,55.0,89908.0,5411.0,49.0,188.316,9559370052.0
355.597,55.0,89908.0,5411.0,49.0,183.403,9559387975.0
355.698,55.0,89908.0,5411.0,49.0,179.836,9559406382.0
355.798,53.0,89908.0,5411.0,49.0,177.334,9559422572.0
355.898,53.0,89908.0,5411.0,49.0,177.334,9559441228.0
356.015,53.0,89908.0,5411.0,49.0,176.286,9559441228.0
356.099,52.0,89908.0,5411.0,49.0,180.495,9559462801.0
356.198,52.0,89908.0,5411.0,48.0,185.366,9559485145.0
356.297,52.0,89908.0,5411.0,48.0,186.542,9559502384.0
356.398,51.0,89908.0,5411.0,48.0,183.609,9559517015.0
356.498,51.0,89908.0,5411.0,48.0,179.975,9559534060.0
356.598,51.0,89908.0,5411.0,48.0,175.127,9559548374.0
356.698,51.0,89908.0,5411.0,48.0,173.641,9559562783.0
356.798,51.0,89908.0,5411.0,48.0,169.621,9559577344.0
356.898,51.0,89908.0,5411.0,48.0,171.03,9559592573.0
356.999,50.0,89908.0,5411.0,48.0,166.795,9559610252.0
357.098,50.0,89908.0,5411.0,48.0,162.423,9559644964.0
357.199,50.0,89908.0,5411.0,48.0,160.232,9559662552.0
357.297,50.0,89908.0,5411.0,48.0,163.036,9559679686.0
357.398,49.0,89908.0,5411.0,48.0,164.596,9559697095.0
357.497,49.0,89908.0,5411.0,48.0,166.573,9559715021.0
357.597,50.0,89908.0,5411.0,48.0,170.928,9559733137.0
357.698,50.0,89908.0,5411.0,48.0,173.309,9559750662.0
357.797,50.0,89908.0,5411.0,48.0,175.654,9559767605.0
357.898,50.0,89908.0,5411.0,48.0,175.769,9559785519.0
357.998,49.0,89908.0,5411.0,48.0,175.88,9559803013.0
358.098,49.0,89908.0,5411.0,48.0,175.725,9559820507.0
358.196,50.0,89908.0,5411.0,48.0,177.144,9559838130.0
358.297,50.0,89908.0,5411.0,48.0,176.532,9559854540.0
358.398,27.0,89908.0,5411.0,47.0,172.545,9559867488.0
358.498,27.0,89908.0,5411.0,47.0,167.985,9559880210.0
358.597,0.0,89908.0,5411.0,47.0,162.041,9559892925.0
358.698,0.0,89908.0,5411.0,47.0,157.63,9559892925.0
358.798,0.0,89908.0,5411.0,46.0,153.04,9559905638.0
358.898,0.0,89908.0,5411.0,46.0,148.268,9559918339.0
358.998,0.0,89908.0,5411.0,46.0,143.196,9559931018.0
359.097,0.0,89908.0,5411.0,46.0,138.851,9559943718.0
359.198,0.0,89908.0,5411.0,46.0,133.51,9559956348.0
359.297,0.0,89908.0,5411.0,46.0,129.186,9559968997.0
359.398,0.0,89908.0,5411.0,46.0,126.993,9559981647.0
359.498,0.0,89908.0,5411.0,46.0,126.809,9559994279.0
359.598,0.0,89908.0,5411.0,46.0,126.723,9560006917.0
359.698,0.0,89908.0,5411.0,46.0,126.654,9560019559.0
359.798,0.0,89908.0,5411.0,46.0,126.601,9560032191.0
359.897,0.0,89908.0,5411.0,46.0,126.525,9560057457.0
359.998,0.0,89908.0,5411.0,46.0,126.495,9560070087.0
360.097,0.0,89908.0,5411.0,46.0,126.453,9560082706.0
360.198,0.0,89908.0,5411.0,46.0,126.431,9560096083.0
360.297,0.0,89908.0,5411.0,48.0,138.083,9560124012.0
360.397,61.0,89908.0,5411.0,47.0,147.183,9560145615.0
360.497,61.0,89908.0,5411.0,47.0,155.174,9560164869.0
360.598,54.0,89908.0,5411.0,47.0,160.411,9560182356.0
360.698,54.0,89908.0,5411.0,47.0,167.532,9560201599.0
360.798,54.0,89908.0,5411.0,47.0,170.825,9560217466.0
360.897,54.0,89908.0,5411.0,47.0,177.231,9560237967.0
360.997,54.0,89908.0,5411.0,47.0,183.006,9560257234.0
361.097,54.0,89908.0,5411.0,47.0,191.939,9560275823.0
361.199,54.0,89908.0,5411.0,47.0,192.714,9560291718.0
361.297,54.0,89908.0,5411.0,47.0,192.714,9560307927.0
361.397,54.0,89908.0,5411.0,47.0,191.949,9560307927.0
361.498,54.0,89908.0,5411.0,47.0,180.482,9560324241.0
361.598,54.0,89908.0,5411.0,47.0,179.574,9560346884.0
361.697,53.0,89908.0,5411.0,47.0,185.641,9560370125.0
361.796,53.0,89908.0,5411.0,47.0,186.711,9560388078.0
361.897,52.0,89908.0,5411.0,47.0,185.523,9560404158.0
361.998,51.0,89908.0,5411.0,47.0,179.004,9560420364.0
362.096,51.0,89908.0,5411.0,47.0,179.609,9560435510.0
362.196,51.0,89908.0,5411.0,47.0,180.413,9560455062.0
362.297,51.0,89908.0,5411.0,47.0,182.117,9560471901.0
362.398,50.0,89908.0,5411.0,47.0,184.829,9560489594.0
362.496,50.0,89908.0,5411.0,47.0,180.737,9560507761.0
362.596,50.0,89908.0,5411.0,47.0,171.111,9560538181.0
362.697,50.0,89908.0,5411.0,46.0,163.97,9560550882.0
362.798,0.0,89908.0,5411.0,46.0,161.435,9560563553.0
362.897,0.0,89908.0,5411.0,46.0,156.982,9560576231.0
362.996,0.0,89908.0,5411.0,46.0,154.9,9560588878.0
363.098,0.0,89908.0,5411.0,46.0,147.734,9560601517.0
363.197,0.0,89908.0,5411.0,46.0,143.48,9560614154.0
363.298,0.0,89908.0,5411.0,46.0,138.476,9560626795.0
363.399,0.0,89908.0,5411.0,46.0,134.206,9560639416.0
363.498,0.0,89908.0,5411.0,46.0,129.218,9560652043.0
363.598,0.0,89908.0,5411.0,46.0,126.582,9560664680.0
363.698,0.0,89908.0,5411.0,46.0,126.504,9560677293.0
363.797,0.0,89908.0,5411.0,46.0,126.439,9560689902.0
363.898,0.0,89908.0,5411.0,46.0,126.341,9560702495.0
364.003,0.0,89908.0,5411.0,46.0,126.278,9560715071.0
364.099,0.0,89908.0,5411.0,46.0,126.236,9560727673.0
364.197,0.0,89908.0,5411.0,46.0,126.236,9560727673.0
364.298,0.0,89908.0,5411.0,46.0,126.217,9560740282.0
364.396,0.0,89908.0,5411.0,46.0,128.738,9560759818.0
364.498,46.0,89908.0,5411.0,47.0,142.923,9560783147.0
364.598,46.0,89908.0,5411.0,47.0,152.144,9560804749.0
364.698,54.0,89908.0,5411.0,47.0,159.331,9560823822.0
364.798,54.0,89908.0,5411.0,47.0,165.473,9560839437.0
364.898,54.0,89908.0,5411.0,47.0,169.881,9560855583.0
364.998,54.0,89908.0,5411.0,47.0,172.853,9560871513.0
365.098,54.0,89908.0,5411.0,47.0,182.787,9560888467.0
365.199,54.0,89908.0,5411.0,47.0,186.389,9560910951.0
365.298,54.0,89908.0,5411.0,47.0,189.998,9560927407.0
365.398,54.0,89908.0,5411.0,47.0,181.074,9560963390.0
365.498,54.0,89908.0,5411.0,47.0,177.833,9560981886.0
365.598,52.0,89908.0,5411.0,47.0,172.693,9560997919.0
365.698,52.0,89908.0,5411.0,47.0,176.174,9561015551.0
365.798,52.0,89908.0,5411.0,47.0,178.92,9561033791.0
365.898,52.0,89908.0,5411.0,47.0,176.772,9561048816.0
365.998,34.0,89908.0,5411.0,46.0,173.935,9561061739.0
366.098,34.0,89908.0,5411.0,46.0,166.166,9561074420.0
366.198,0.0,89908.0,5411.0,46.0,160.308,9561087111.0
366.299,0.0,89908.0,5411.0,46.0,155.298,9561099782.0
366.397,0.0,89908.0,5411.0,46.0,150.208,9561112440.0
366.497,0.0,89908.0,5411.0,46.0,144.158,9561125082.0
366.598,0.0,89908.0,5411.0,46.0,141.602,9561137727.0
366.698,0.0,89908.0,5411.0,46.0,135.278,9561150353.0
366.798,0.0,89908.0,5411.0,46.0,129.607,9561162947.0
366.898,0.0,89908.0,5411.0,46.0,129.316,9561162947.0
366.998,39.0,89908.0,5411.0,47.0,136.789,9561179543.0
367.096,39.0,89908.0,5411.0,47.0,143.908,9561199447.0
367.196,52.0,89908.0,5411.0,50.0,162.453,9561218054.0
367.298,52.0,89908.0,5411.0,54.0,199.354,9561253858.0
367.398,63.0,89908.0,5411.0,55.0,236.178,9561301830.0
367.498,63.0,89908.0,5411.0,57.0,281.545,9561358778.0
367.598,69.0,89908.0,5411.0,57.0,321.05,9561409497.0
367.698,69.0,89908.0,5411.0,59.0,375.022,9561469970.0
367.798,85.0,89908.0,5411.0,59.0,414.679,9561532403.0
367.898,85.0,89908.0,5411.0,58.0,442.194,9561584412.0
367.998,81.0,89908.0,5411.0,58.0,472.13,9561676747.0
368.098,81.0,89908.0,5411.0,58.0,498.801,9561722826.0
368.197,82.0,89908.0,5411.0,59.0,513.096,9561768934.0
368.297,82.0,89908.0,5411.0,59.0,509.115,9561814559.0
368.397,82.0,89908.0,5411.0,59.0,506.064,9561861146.0
368.497,82.0,89908.0,5411.0,59.0,493.341,9561908439.0
368.597,81.0,89908.0,5411.0,59.0,488.799,9561954360.0
368.698,81.0,89908.0,5411.0,59.0,475.339,9562000245.0
368.797,81.0,89908.0,5411.0,59.0,466.178,9562046335.0
368.898,81.0,89908.0,5411.0,60.0,466.768,9562092716.0
368.997,78.0,89908.0,5411.0,59.0,465.472,9562138450.0
369.097,78.0,89908.0,5411.0,59.0,466.87,9562183376.0
369.199,79.0,89908.0,5411.0,57.0,456.417,9562220572.0
369.298,79.0,89908.0,5411.0,57.0,456.417,9562251039.0
369.398,79.0,89908.0,5411.0,56.0,441.953,9562251039.0
369.498,63.0,89908.0,5411.0,54.0,420.407,9562274793.0
369.598,63.0,89908.0,5411.0,53.0,395.338,9562298134.0
369.698,56.0,89908.0,5411.0,52.0,368.928,9562317196.0
369.798,56.0,89908.0,5411.0,51.0,341.05,9562334988.0
369.898,54.0,89908.0,5411.0,51.0,314.499,9562353751.0
369.997,54.0,89908.0,5411.0,50.0,285.75,9562375367.0
370.098,54.0,89908.0,5411.0,50.0,262.327,9562396035.0
370.198,54.0,89908.0,5411.0,50.0,238.677,9562414682.0
370.298,54.0,89908.0,5411.0,49.0,215.244,9562433748.0
370.397,54.0,89908.0,5411.0,49.0,200.039,9562467731.0
370.496,52.0,89908.0,5411.0,49.0,191.92,9562485044.0
370.597,52.0,89908.0,5411.0,49.0,188.895,9562502905.0
370.698,50.0,89908.0,5411.0,49.0,186.344,9562518704.0
370.798,50.0,89908.0,5411.0,48.0,184.936,9562531678.0
370.898,21.0,89908.0,5411.0,48.0,178.71,9562544568.0
370.998,21.0,89908.0,5411.0,47.0,171.471,9562557371.0
371.098,0.0,89908.0,5411.0,47.0,162.432,9562570142.0
371.198,0.0,89908.0,5411.0,47.0,156.446,9562582903.0
371.296,0.0,89908.0,5411.0,47.0,150.695,9562595628.0
371.397,0.0,89908.0,5411.0,47.0,147.994,9562608356.0
371.498,0.0,89908.0,5411.0,47.0,143.141,9562621092.0
371.598,0.0,89908.0,5411.0,47.0,137.417,9562633808.0
371.698,0.0,89908.0,5411.0,46.0,131.659,9562646523.0
371.798,0.0,89908.0,5411.0,46.0,127.969,9562659217.0
371.898,0.0,89908.0,5411.0,46.0,127.69,9562671909.0
371.998,0.0,89908.0,5411.0,46.0,127.484,9562671909.0
372.098,0.0,89908.0,5411.0,46.0,127.331,9562684576.0
372.198,0.0,89908.0,5411.0,46.0,127.227,9562697233.0
372.298,0.0,89908.0,5411.0,46.0,127.142,9562709890.0
372.398,0.0,89908.0,5411.0,46.0,127.069,9562722536.0
372.498,0.0,89908.0,5411.0,46.0,127.088,9562735367.0
372.598,0.0,89908.0,5411.0,46.0,130.014,9562752037.0
372.698,50.0,89908.0,5411.0,47.0,134.705,9562769191.0
372.798,50.0,89908.0,5411.0,47.0,142.819,9562786107.0
372.898,50.0,89908.0,5411.0,47.0,147.074,9562803117.0
372.998,50.0,89908.0,5411.0,47.0,151.943,9562820718.0
373.098,50.0,89908.0,5411.0,47.0,157.309,9562856135.0
373.197,50.0,89908.0,5411.0,47.0,162.087,9562873526.0
373.298,50.0,89908.0,5411.0,46.0,163.584,9562886955.0
373.398,0.0,89908.0,5411.0,46.0,163.456,9562899665.0
373.497,0.0,89908.0,5411.0,46.0,160.492,9562912382.0
373.598,0.0,89908.0,5411.0,46.0,156.174,9562925099.0
373.697,0.0,89908.0,5411.0,46.0,151.282,9562937809.0
373.797,0.0,89908.0,5411.0,46.0,147.727,9562950530.0
373.897,0.0,89908.0,5411.0,46.0,147.858,9562968890.0
373.998,47.0,89908.0,5411.0,47.0,150.314,9562988577.0
374.097,47.0,89908.0,5411.0,50.0,175.464,9563036664.0
374.199,47.0,89908.0,5411.0,50.0,175.464,9563036664.0
374.298,79.0,89908.0,5411.0,52.0,204.627,9563084367.0
374.397,79.0,89908.0,5411.0,56.0,250.756,9563146046.0
374.498,100.0,89908.0,5411.0,54.0,286.284,9563197217.0
374.597,100.0,89908.0,5411.0,58.0,336.81,9563258702.0
374.698,91.0,89908.0,5411.0,57.0,366.613,9563302734.0
374.796,91.0,89908.0,5411.0,58.0,401.452,9563350785.0
374.898,77.0,89908.0,5411.0,58.0,440.353,9563395242.0
374.996,77.0,89908.0,5411.0,57.0,469.432,9563442134.0
375.098,85.0,89908.0,5411.0,58.0,489.632,9563489082.0
375.198,82.0,89908.0,5411.0,59.0,499.147,9563533243.0
375.298,82.0,89908.0,5411.0,58.0,479.307,9563625970.0
375.398,83.0,89908.0,5411.0,59.0,476.642,9563672631.0
375.498,83.0,89908.0,5411.0,58.0,463.085,9563721371.0
375.596,84.0,89908.0,5411.0,58.0,463.821,9563766343.0
375.697,84.0,89908.0,5411.0,57.0,458.724,9563806754.0
375.798,75.0,89908.0,5411.0,56.0,447.574,9563840704.0
375.898,75.0,89908.0,5411.0,54.0,428.951,9563867304.0
375.998,56.0,89908.0,5411.0,53.0,403.299,9563890708.0
376.098,56.0,89908.0,5411.0,52.0,382.665,9563912759.0
376.199,56.0,89908.0,5411.0,52.0,354.96,9563933890.0
376.298,56.0,89908.0,5411.0,51.0,329.041,9563950932.0
376.398,54.0,89908.0,5411.0,50.0,303.265,9563971251.0
376.498,54.0,89908.0,5411.0,50.0,269.024,9563987829.0
376.599,54.0,89908.0,5411.0,49.0,245.12,9564003995.0
376.698,54.0,89908.0,5411.0,49.0,217.37,9564003995.0
376.798,53.0,89908.0,5411.0,49.0,208.104,9564024648.0
376.898,53.0,89908.0,5411.0,49.0,201.314,9564046908.0
376.998,52.0,89908.0,5411.0,49.0,197.681,9564067363.0
377.098,52.0,89908.0,5411.0,48.0,190.355,9564088273.0
377.198,52.0,89908.0,5411.0,48.0,185.055,9564103538.0
377.298,52.0,89908.0,5411.0,48.0,184.947,9564119130.0
377.398,50.0,89908.0,5411.0,48.0,182.86,9564137050.0
377.498,50.0,89908.0,5411.0,48.0,182.681,9564154448.0
377.598,50.0,89908.0,5411.0,48.0,184.032,9564171692.0
377.698,50.0,89908.0,5411.0,48.0,183.542,9564188825.0
377.798,32.0,89908.0,5411.0,47.0,174.479,9564205955.0
377.898,32.0,89908.0,5411.0,47.0,165.969,9564218846.0
377.998,0.0,89908.0,5411.0,47.0,155.996,9564244478.0
378.098,0.0,89908.0,5411.0,47.0,154.186,9564257262.0
378.198,0.0,89908.0,5411.0,47.0,151.25,9564270046.0
378.298,0.0,89908.0,5411.0,46.0,146.375,9564282792.0
378.398,0.0,89908.0,5411.0,46.0,142.592,9564295556.0
378.498,0.0,89908.0,5411.0,46.0,137.503,9564308312.0
378.598,0.0,89908.0,5411.0,46.0,134.002,9564321049.0
378.698,0.0,89908.0,5411.0,46.0,128.116,9564333811.0
378.798,0.0,89908.0,5411.0,46.0,127.833,9564346553.0
378.898,0.0,89908.0,5411.0,46.0,127.737,9564359271.0
378.998,0.0,89908.0,5411.0,46.0,127.638,9564372021.0
379.098,0.0,89908.0,5411.0,46.0,127.565,9564384712.0
379.198,0.0,89908.0,5411.0,46.0,127.493,9564397405.0
379.298,0.0,89908.0,5411.0,46.0,127.427,9564410115.0
379.398,0.0,89908.0,5411.0,46.0,127.38,9564422818.0
379.498,0.0,89908.0,5411.0,46.0,127.38,9564422818.0
379.598,0.0,89908.0,5411.0,46.0,127.258,9564435497.0
379.698,0.0,89908.0,5411.0,46.0,127.187,9564448164.0
379.798,0.0,89908.0,5411.0,46.0,127.09,9564460835.0
379.898,0.0,89908.0,5411.0,46.0,127.052,9564473531.0
379.998,0.0,89908.0,5411.0,46.0,127.007,9564486223.0
380.098,0.0,89908.0,5411.0,46.0,127.001,9564498938.0
380.198,0.0,89908.0,5411.0,46.0,127.012,9564511615.0
380.298,0.0,89908.0,5411.0,46.0,126.984,9564524356.0
380.398,0.0,89908.0,5411.0,46.0,126.925,9564536943.0
380.497,0.0,89908.0,5411.0,46.0,126.788,9564549517.0
380.599,0.0,89908.0,5411.0,45.0,126.596,9564562000.0
380.699,0.0,89908.0,5411.0,45.0,126.357,9564574419.0
380.798,0.0,89908.0,5411.0,45.0,125.871,9564599316.0
380.899,0.0,89908.0,5411.0,45.0,125.587,9564611736.0
380.996,0.0,89908.0,5411.0,45.0,125.335,9564624180.0
381.097,0.0,89908.0,5411.0,45.0,125.035,9564636618.0
381.198,0.0,89908.0,5411.0,45.0,124.808,9564649033.0
381.298,0.0,89908.0,5411.0,45.0,124.609,9564661495.0
381.398,0.0,89908.0,5411.0,45.0,124.447,9564673924.0
381.498,0.0,89908.0,5411.0,45.0,124.383,9564686350.0
381.598,0.0,89908.0,5411.0,45.0,124.377,9564698775.0
381.698,0.0,89908.0,5411.0,45.0,124.386,9564711230.0
381.798,0.0,89908.0,5411.0,45.0,124.373,9564723669.0
381.898,0.0,89908.0,5411.0,45.0,124.404,9564736103.0
381.998,0.0,89908.0,5411.0,45.0,124.413,9564748549.0
382.098,0.0,89908.0,5411.0,45.0,124.387,9564760957.0
382.198,0.0,89908.0,5411.0,45.0,124.397,9564773370.0
382.298,0.0,89908.0,5411.0,45.0,124.397,9564785797.0
382.398,0.0,89908.0,5411.0,45.0,124.358,9564785797.0
382.498,0.0,89908.0,5411.0,45.0,124.389,9564798249.0
382.598,0.0,89908.0,5411.0,45.0,124.369,9564810667.0
382.698,0.0,89908.0,5411.0,45.0,124.359,9564823069.0
382.798,0.0,89908.0,5411.0,45.0,124.309,9564835480.0
382.898,0.0,89908.0,5411.0,45.0,124.289,9564847896.0
382.999,0.0,89908.0,5411.0,45.0,124.288,9564860320.0
383.098,0.0,89908.0,5411.0,45.0,124.289,9564872764.0
383.197,0.0,89908.0,5411.0,45.0,124.242,9564885137.0
383.298,0.0,89908.0,5411.0,45.0,124.23,9564897534.0
383.398,0.0,89908.0,5411.0,45.0,124.252,9564909961.0
383.498,0.0,89908.0,5411.0,45.0,124.198,9564922361.0
383.598,0.0,89908.0,5411.0,45.0,124.211,9564947210.0
383.698,0.0,89908.0,5411.0,45.0,124.204,9564959627.0
383.798,0.0,89908.0,5411.0,45.0,124.198,9564972021.0
383.898,0.0,89908.0,5411.0,45.0,124.194,9564984435.0
383.998,0.0,89908.0,5411.0,45.0,124.166,9564996847.0
384.098,0.0,89908.0,5411.0,45.0,124.203,9565009271.0
384.198,0.0,89908.0,5411.0,45.0,124.224,9565021684.0
384.298,0.0,89908.0,5411.0,45.0,124.213,9565034098.0
384.398,0.0,89908.0,5411.0,45.0,124.192,9565046497.0
384.498,0.0,89908.0,5411.0,45.0,124.187,9565058887.0
384.598,0.0,89908.0,5411.0,45.0,124.18,9565071320.0
384.698,0.0,89908.0,5411.0,45.0,124.163,9565083715.0
384.798,0.0,89908.0,5411.0,45.0,124.138,9565096082.0
384.898,0.0,89908.0,5411.0,45.0,124.124,9565108496.0
384.998,0.0,89908.0,5411.0,45.0,124.133,9565120919.0
385.099,0.0,89908.0,5411.0,45.0,124.109,9565133332.0
385.199,0.0,89908.0,5411.0,45.0,124.099,9565133332.0
385.298,0.0,89908.0,5411.0,45.0,124.095,9565145740.0
385.397,0.0,89908.0,5411.0,45.0,124.1,9565158154.0
385.498,0.0,89908.0,5411.0,45.0,124.079,9565170558.0
385.598,0.0,89908.0,5411.0,45.0,124.1,9565182936.0
385.698,0.0,89908.0,5411.0,45.0,124.115,9565195363.0
385.797,0.0,89908.0,5411.0,45.0,124.14,9565207779.0
385.898,0.0,89908.0,5411.0,45.0,124.15,9565220179.0
385.998,0.0,89908.0,5411.0,45.0,124.12,9565232586.0
386.098,0.0,89908.0,5411.0,45.0,124.103,9565244980.0
386.198,0.0,89908.0,5411.0,45.0,124.107,9565257358.0
386.298,0.0,89908.0,5411.0,45.0,124.135,9565269770.0
386.398,0.0,89908.0,5411.0,45.0,124.158,9565282215.0
386.498,0.0,89908.0,5411.0,45.0,124.195,9565294638.0
386.598,0.0,89908.0,5411.0,45.0,124.159,9565319480.0
386.699,0.0,89908.0,5411.0,45.0,124.129,9565331862.0
386.798,0.0,89908.0,5411.0,45.0,124.106,9565344231.0
386.898,0.0,89908.0,5411.0,45.0,124.075,9565356617.0
386.997,0.0,89908.0,5411.0,45.0,124.069,9565369012.0
387.097,0.0,89908.0,5411.0,45.0,124.073,9565381405.0
387.198,0.0,89908.0,5411.0,45.0,124.068,9565393784.0
387.297,0.0,89908.0,5411.0,45.0,124.049,9565406198.0
387.398,0.0,89908.0,5411.0,45.0,123.992,9565418569.0
387.498,0.0,89908.0,5411.0,45.0,123.973,9565430962.0
387.598,0.0,89908.0,5411.0,45.0,123.965,9565443367.0
387.698,0.0,89908.0,5411.0,45.0,123.973,9565455756.0
387.798,0.0,89908.0,5411.0,45.0,123.969,9565468136.0
387.898,0.0,89908.0,5411.0,45.0,123.974,9565480525.0
387.998,0.0,89908.0,5411.0,45.0,123.993,9565492938.0
388.098,0.0,89908.0,5411.0,45.0,124.008,9565505340.0
388.198,0.0,89908.0,5411.0,45.0,124.002,9565517720.0
388.299,0.0,89908.0,5411.0,45.0,124.002,9565530120.0
388.398,0.0,89908.0,5411.0,45.0,123.968,9565530120.0
388.499,0.0,89908.0,5411.0,45.0,123.976,9565542511.0
388.599,0.0,89908.0,5411.0,45.0,124.023,9565554923.0
388.699,0.0,89908.0,5411.0,45.0,124.011,9565567322.0
388.799,0.0,89908.0,5411.0,45.0,123.99,9565579700.0
388.898,0.0,89908.0,5411.0,45.0,123.997,9565592079.0
388.998,0.0,89908.0,5411.0,45.0,124.006,9565604477.0
389.099,0.0,89908.0,5411.0,45.0,123.976,9565616872.0
389.198,0.0,89908.0,5411.0,45.0,123.934,9565629222.0
389.299,0.0,89908.0,5411.0,45.0,123.939,9565641606.0
389.398,0.0,89908.0,5411.0,45.0,123.941,9565654005.0
389.498,0.0,89908.0,5411.0,45.0,123.914,9565666381.0
389.598,0.0,89908.0,5411.0,45.0,123.872,9565691198.0
389.698,0.0,89908.0,5411.0,45.0,123.898,9565703568.0
389.798,0.0,89908.0,5411.0,45.0,123.929,9565715960.0
389.899,0.0,89908.0,5411.0,45.0,123.931,9565728360.0
389.998,0.0,89908.0,5411.0,45.0,123.96,9565740779.0
390.098,0.0,89908.0,5411.0,45.0,123.978,9565753158.0
390.198,0.0,89908.0,5411.0,45.0,124.012,9565765566.0
390.298,0.0,89908.0,5411.0,45.0,123.988,9565777948.0
390.398,0.0,89908.0,5411.0,45.0,123.998,9565790325.0
390.498,0.0,89908.0,5411.0,45.0,124.002,9565802699.0
390.598,0.0,89908.0,5411.0,45.0,123.99,9565815103.0
390.698,0.0,89908.0,5411.0,45.0,124.0,9565827489.0
390.798,0.0,89908.0,5411.0,45.0,123.994,9565839888.0
390.898,0.0,89908.0,5411.0,45.0,123.994,9565852278.0
390.998,0.0,89908.0,5411.0,45.0,123.948,9565864646.0
391.098,0.0,89908.0,5411.0,45.0,123.948,9565877008.0
391.198,0.0,89908.0,5411.0,45.0,123.94,9565877008.0
391.298,0.0,89908.0,5411.0,45.0,123.924,9565889405.0
391.398,0.0,89908.0,5411.0,45.0,123.926,9565901789.0
391.498,0.0,89908.0,5411.0,45.0,123.924,9565914169.0
391.598,0.0,89908.0,5411.0,45.0,123.934,9565926544.0
391.698,0.0,89908.0,5411.0,45.0,123.919,9565938933.0
391.798,0.0,89908.0,5411.0,45.0,123.899,9565951312.0
391.897,0.0,89908.0,5411.0,45.0,123.893,9565963704.0
391.999,0.0,89908.0,5411.0,45.0,123.904,9565976087.0
392.099,0.0,89908.0,5411.0,45.0,123.917,9565988470.0
392.198,0.0,89908.0,5411.0,45.0,123.917,9566000840.0
392.298,0.0,89908.0,5411.0,45.0,123.912,9566013234.0
392.398,0.0,89908.0,5411.0,45.0,123.937,9566038014.0
392.498,0.0,89908.0,5411.0,45.0,123.934,9566050424.0
392.598,0.0,89908.0,5411.0,45.0,123.944,9566062820.0
392.698,0.0,89908.0,5411.0,45.0,123.957,9566075196.0
392.799,0.0,89908.0,5411.0,45.0,123.955,9566087582.0
392.898,0.0,89908.0,5411.0,45.0,123.972,9566100003.0
392.998,0.0,89908.0,5411.0,45.0,123.937,9566112372.0
393.098,0.0,89908.0,5411.0,45.0,123.966,9566124751.0
393.198,0.0,89908.0,5411.0,45.0,123.968,9566137145.0
393.298,0.0,89908.0,5411.0,45.0,123.968,9566149535.0
393.399,0.0,89908.0,5411.0,45.0,123.974,9566161915.0
393.498,0.0,89908.0,5411.0,45.0,123.963,9566174320.0
393.599,0.0,89908.0,5411.0,45.0,123.957,9566186686.0
393.698,0.0,89908.0,5411.0,45.0,123.94,9566199074.0
393.798,0.0,89908.0,5411.0,45.0,123.914,9566211451.0
393.898,0.0,89908.0,5411.0,45.0,123.914,9566223837.0
393.998,0.0,89908.0,5411.0,45.0,123.884,9566223837.0
394.105,0.0,89908.0,5411.0,45.0,123.898,9566236213.0
394.198,0.0,89908.0,5411.0,45.0,123.901,9566248585.0
394.298,0.0,89908.0,5411.0,45.0,123.881,9566260954.0
394.398,0.0,89908.0,5411.0,45.0,123.864,9566273348.0
394.498,0.0,89908.0,5411.0,45.0,123.85,9566285707.0
394.599,0.0,89908.0,5411.0,45.0,123.823,9566298071.0
394.699,0.0,89908.0,5411.0,45.0,123.851,9566310471.0
394.798,0.0,89908.0,5411.0,45.0,123.861,9566322848.0
394.898,0.0,89908.0,5411.0,45.0,123.898,9566335241.0
394.998,0.0,89908.0,5411.0,45.0,123.876,9566347624.0
395.098,0.0,89908.0,5411.0,45.0,123.872,9566359998.0
395.198,0.0,89908.0,5411.0,45.0,123.869,9566384745.0
395.298,0.0,89908.0,5411.0,45.0,123.853,9566397136.0
395.399,0.0,89908.0,5411.0,45.0,123.842,9566409501.0
395.499,0.0,89908.0,5411.0,45.0,123.878,9566421877.0
395.599,0.0,89908.0,5411.0,45.0,123.882,9566434242.0
395.699,0.0,89908.0,5411.0,45.0,123.84,9566446608.0
395.798,0.0,89908.0,5411.0,45.0,123.843,9566458993.0
395.898,0.0,89908.0,5411.0,45.0,123.832,9566471401.0
395.998,0.0,89908.0,5411.0,45.0,123.864,9566483788.0
396.099,0.0,89908.0,5411.0,45.0,123.85,9566496130.0
396.198,0.0,89908.0,5411.0,45.0,123.833,9566508507.0
396.297,0.0,89908.0,5411.0,45.0,123.864,9566520905.0
396.398,0.0,89908.0,5411.0,45.0,123.866,9566533263.0
396.498,0.0,89908.0,5411.0,45.0,123.852,9566545650.0
396.598,0.0,89908.0,5411.0,45.0,123.839,9566558025.0
396.699,0.0,89908.0,5411.0,45.0,123.86,9566570407.0
396.798,0.0,89908.0,5411.0,45.0,123.855,9566582760.0
396.898,0.0,89908.0,5411.0,45.0,123.829,9566582760.0
396.998,0.0,89908.0,5411.0,45.0,123.776,9566595122.0
397.098,0.0,89908.0,5411.0,45.0,123.78,9566607479.0
397.198,0.0,89908.0,5411.0,45.0,123.798,9566619853.0
397.298,0.0,89908.0,5411.0,45.0,123.8,9566632244.0
397.398,0.0,89908.0,5411.0,45.0,123.766,9566644634.0
397.499,0.0,89908.0,5411.0,45.0,123.788,9566656980.0
397.598,0.0,89908.0,5411.0,45.0,123.769,9566669346.0
397.698,0.0,89908.0,5411.0,45.0,123.736,9566681732.0
397.798,0.0,89908.0,5411.0,45.0,123.743,9566694082.0
397.898,0.0,89908.0,5411.0,45.0,123.768,9566706457.0
397.998,0.0,89908.0,5411.0,45.0,123.818,9566718873.0
398.098,0.0,89908.0,5411.0,45.0,123.859,9566731287.0
398.199,0.0,89908.0,5411.0,45.0,123.861,9566756035.0
398.299,0.0,89908.0,5411.0,45.0,123.849,9566768399.0
398.398,0.0,89908.0,5411.0,45.0,123.838,9566780793.0
398.499,0.0,89908.0,5411.0,45.0,123.899,9566793179.0
398.598,0.0,89908.0,5411.0,45.0,123.888,9566805561.0
398.699,0.0,89908.0,5411.0,45.0,123.893,9566817908.0
398.798,0.0,89908.0,5411.0,45.0,123.903,9566830293.0
398.897,0.0,89908.0,5411.0,45.0,123.869,9566842675.0
398.998,0.0,89908.0,5411.0,45.0,123.823,9566855045.0
399.098,0.0,89908.0,5411.0,45.0,123.804,9566867405.0
399.199,0.0,89908.0,5411.0,45.0,123.822,9566879767.0
399.298,0.0,89908.0,5411.0,45.0,123.804,9566892152.0
399.398,0.0,89908.0,5411.0,45.0,123.763,9566904495.0
399.498,0.0,89908.0,5411.0,45.0,123.747,9566916845.0
399.598,0.0,89908.0,5411.0,45.0,123.761,9566929215.0
399.698,0.0,89908.0,5411.0,45.0,123.764,9566941574.0
399.798,0.0,89908.0,5411.0,45.0,123.764,9566941574.0
399.899,0.0,89908.0,5411.0,45.0,123.75,9566953938.0
399.998,0.0,89908.0,5411.0,45.0,123.708,9566966304.0
400.098,0.0,89908.0,5411.0,45.0,123.708,9566978658.0
400.198,0.0,89908.0,5411.0,45.0,123.73,9566991021.0
400.298,0.0,89908.0,5411.0,45.0,123.72,9567003404.0
400.398,0.0,89908.0,5411.0,45.0,123.752,9567015824.0
400.498,0.0,89908.0,5411.0,45.0,123.78,9567028184.0
400.598,0.0,89908.0,5411.0,45.0,123.813,9567040567.0
400.698,0.0,89908.0,5411.0,45.0,123.779,9567052930.0
400.798,0.0,89908.0,5411.0,45.0,123.798,9567065294.0
400.898,0.0,89908.0,5411.0,45.0,123.813,9567077664.0
400.998,0.0,89908.0,5411.0,45.0,123.79,9567102380.0
401.098,0.0,89908.0,5411.0,45.0,123.783,9567114751.0
401.199,0.0,89908.0,5411.0,45.0,123.799,9567127133.0
401.298,0.0,89908.0,5411.0,45.0,123.791,9567139518.0
401.397,0.0,89908.0,5411.0,45.0,123.775,9567151880.0
401.498,0.0,89908.0,5411.0,45.0,123.79,9567164232.0
401.598,0.0,89908.0,5411.0,45.0,123.749,9567176621.0
401.698,0.0,89908.0,5411.0,45.0,123.779,9567188990.0
401.798,0.0,89908.0,5411.0,45.0,123.768,9567201335.0
401.898,0.0,89908.0,5411.0,45.0,123.739,9567213702.0
401.998,0.0,89908.0,5411.0,45.0,123.76,9567226094.0
402.098,0.0,89908.0,5411.0,45.0,123.786,9567238443.0
402.198,0.0,89908.0,5411.0,45.0,123.778,9567250807.0
402.298,0.0,89908.0,5411.0,45.0,123.767,9567263214.0
402.398,0.0,89908.0,5411.0,45.0,123.755,9567275590.0
402.498,0.0,89908.0,5411.0,45.0,123.775,9567287952.0
402.598,0.0,89908.0,5411.0,45.0,123.783,9567300331.0
402.698,0.0,89908.0,5411.0,45.0,123.764,9567312695.0
402.798,0.0,89908.0,5411.0,45.0,123.775,9567325030.0
402.899,0.0,89908.0,5411.0,45.0,123.761,9567325030.0
402.998,0.0,89908.0,5411.0,45.0,123.749,9567337376.0
403.097,0.0,89908.0,5411.0,45.0,123.733,9567349745.0
403.198,0.0,89908.0,5411.0,45.0,123.737,9567362106.0
403.298,0.0,89908.0,5411.0,45.0,123.723,9567374474.0
403.398,0.0,89908.0,5411.0,45.0,123.678,9567386824.0
403.498,0.0,89908.0,5411.0,45.0,123.644,9567399181.0
403.598,0.0,89908.0,5411.0,45.0,123.658,9567411555.0
403.698,0.0,89908.0,5411.0,45.0,123.65,9567423938.0
403.798,0.0,89908.0,5411.0,45.0,123.609,9567436250.0
403.898,0.0,89908.0,5411.0,45.0,123.643,9567448608.0
403.998,0.0,89908.0,5411.0,45.0,123.675,9567460993.0
404.098,0.0,89908.0,5411.0,45.0,123.672,9567473365.0
404.198,0.0,89908.0,5411.0,45.0,123.67,9567498075.0
404.298,0.0,89908.0,5411.0,45.0,123.663,9567510403.0
404.398,0.0,89908.0,5411.0,45.0,123.663,9567522786.0
404.498,0.0,89908.0,5411.0,45.0,123.68,9567535122.0
404.599,0.0,89908.0,5411.0,45.0,123.645,9567547480.0
404.698,0.0,89908.0,5411.0,45.0,123.623,9567559821.0
404.798,0.0,89908.0,5411.0,45.0,123.613,9567572150.0
404.898,0.0,89908.0,5411.0,45.0,123.56,9567584508.0
404.998,0.0,89908.0,5411.0,45.0,123.551,9567596859.0
405.098,0.0,89908.0,5411.0,45.0,123.552,9567609202.0
405.198,0.0,89908.0,5411.0,45.0,123.581,9567621580.0
405.298,0.0,89908.0,5411.0,45.0,123.592,9567633959.0
405.399,0.0,89908.0,5411.0,45.0,123.585,9567646317.0
405.498,0.0,89908.0,5411.0,45.0,123.617,9567658681.0
405.598,0.0,89908.0,5411.0,45.0,123.629,9567671061.0
405.698,0.0,89908.0,5411.0,45.0,123.633,9567683396.0
405.798,0.0,89908.0,5411.0,45.0,123.633,9567695739.0
405.898,0.0,89908.0,5411.0,45.0,123.663,9567695739.0
405.998,0.0,89908.0,5411.0,45.0,123.673,9567708107.0
406.098,0.0,89908.0,5411.0,45.0,123.706,9567720473.0
406.198,0.0,89908.0,5411.0,45.0,123.703,9567732835.0
406.298,0.0,89908.0,5411.0,45.0,123.675,9567745192.0
406.398,0.0,89908.0,5411.0,45.0,123.648,9567757550.0
406.498,0.0,89908.0,5411.0,45.0,123.634,9567769887.0
406.598,0.0,89908.0,5411.0,45.0,123.64,9567782242.0
406.698,0.0,89908.0,5411.0,45.0,123.628,9567794624.0
406.798,0.0,89908.0,5411.0,45.0,123.625,9567806975.0
406.898,0.0,89908.0,5411.0,45.0,123.634,9567819328.0
406.998,0.0,89908.0,5411.0,45.0,123.639,9567831673.0
407.098,0.0,89908.0,5411.0,45.0,123.606,9567844045.0
407.198,0.0,89908.0,5411.0,45.0,123.621,9567868785.0
407.298,0.0,89908.0,5411.0,45.0,123.638,9567881176.0
407.398,0.0,89908.0,5411.0,45.0,123.702,9567893562.0
407.497,0.0,89908.0,5411.0,45.0,123.726,9567905918.0
407.597,0.0,89908.0,5411.0,45.0,123.705,9567918275.0
407.698,0.0,89908.0,5411.0,45.0,123.705,9567930622.0
407.797,0.0,89908.0,5411.0,45.0,123.688,9567942959.0
407.898,0.0,89908.0,5411.0,45.0,123.665,9567955315.0
407.998,0.0,89908.0,5411.0,45.0,123.677,9567967699.0
408.098,0.0,89908.0,5411.0,45.0,123.668,9567980041.0
408.198,0.0,89908.0,5411.0,45.0,123.64,9567992374.0
408.298,0.0,89908.0,5411.0,45.0,123.6,9568004735.0
408.398,0.0,89908.0,5411.0,45.0,123.575,9568017094.0
408.498,0.0,89908.0,5411.0,45.0,123.595,9568029456.0
408.598,0.0,89908.0,5411.0,45.0,123.625,9568041836.0
408.698,0.0,89908.0,5411.0,45.0,123.623,9568054196.0
408.798,0.0,89908.0,5411.0,45.0,123.623,9568054196.0
408.898,0.0,89908.0,5411.0,45.0,123.637,9568066549.0
408.998,0.0,89908.0,5411.0,45.0,123.641,9568078894.0
409.098,0.0,89908.0,5411.0,44.0,123.627,9568091244.0
409.198,0.0,89908.0,5411.0,45.0,123.638,9568103612.0
409.298,0.0,89908.0,5411.0,44.0,123.64,9568115945.0
409.398,0.0,89908.0,5411.0,45.0,123.629,9568128311.0
409.499,0.0,89908.0,5411.0,45.0,123.596,9568140635.0
409.598,0.0,89908.0,5411.0,45.0,123.585,9568152997.0
409.698,0.0,89908.0,5411.0,45.0,123.564,9568165351.0
409.798,0.0,89908.0,5411.0,45.0,123.578,9568177713.0
409.898,0.0,89908.0,5411.0,45.0,123.6,9568190080.0
409.998,0.0,89908.0,5411.0,44.0,123.631,9568202444.0
410.098,0.0,89908.0,5411.0,45.0,123.636,9568214818.0
410.199,0.0,89908.0,5411.0,44.0,123.639,9568239558.0
410.298,0.0,89908.0,5411.0,44.0,123.669,9568251919.0
410.398,0.0,89908.0,5411.0,44.0,123.669,9568264289.0
410.499,0.0,89908.0,5411.0,44.0,123.715,9568276639.0
410.598,0.0,89908.0,5411.0,44.0,123.702,9568288988.0
410.698,0.0,89908.0,5411.0,44.0,123.71,9568301361.0
410.799,0.0,89908.0,5411.0,44.0,123.696,9568313710.0
410.898,0.0,89908.0,5411.0,44.0,123.671,9568326047.0
410.998,0.0,89908.0,5411.0,45.0,123.649,9568338429.0
411.098,0.0,89908.0,5411.0,44.0,123.65,9568350769.0
411.198,0.0,89908.0,5411.0,44.0,123.606,9568363111.0
411.298,0.0,89908.0,5411.0,44.0,123.583,9568375479.0
411.398,0.0,89908.0,5411.0,44.0,123.6,9568387834.0
411.498,0.0,89908.0,5411.0,44.0,123.585,9568400190.0
411.598,0.0,89908.0,5411.0,44.0,123.605,9568412576.0
411.698,0.0,89908.0,5411.0,45.0,123.644,9568424940.0
411.798,0.0,89908.0,5411.0,44.0,123.64,9568437332.0
411.898,0.0,89908.0,5411.0,44.0,123.679,9568449687.0
411.998,0.0,89908.0,5411.0,44.0,123.685,9568449687.0
412.098,0.0,89908.0,5411.0,44.0,123.661,9568462043.0
412.198,0.0,89908.0,5411.0,44.0,123.694,9568474418.0
412.298,0.0,89908.0,5411.0,44.0,123.686,9568486734.0
412.398,0.0,89908.0,5411.0,44.0,123.671,9568499094.0
412.498,0.0,89908.0,5411.0,44.0,123.689,9568511461.0
412.598,0.0,89908.0,5411.0,44.0,123.656,9568523804.0
412.698,0.0,89908.0,5411.0,44.0,123.615,9568536127.0
412.798,0.0,89908.0,5411.0,45.0,123.602,9568548485.0
412.898,0.0,89908.0,5411.0,45.0,123.56,9568560823.0
412.999,0.0,89908.0,5411.0,44.0,123.548,9568573160.0
413.099,0.0,89908.0,5411.0,44.0,123.554,9568585517.0
413.198,0.0,89908.0,5411.0,44.0,123.554,9568597873.0
413.298,0.0,89908.0,5411.0,44.0,123.6,9568622628.0
413.397,0.0,89908.0,5411.0,44.0,123.629,9568634994.0
413.498,0.0,89908.0,5411.0,44.0,123.611,9568647342.0
413.598,0.0,89908.0,5411.0,44.0,123.632,9568659709.0
413.699,0.0,89908.0,5411.0,44.0,123.671,9568672070.0
413.798,0.0,89908.0,5411.0,44.0,123.671,9568684436.0
413.897,0.0,89908.0,5411.0,44.0,123.672,9568696768.0
413.997,0.0,89908.0,5411.0,44.0,123.679,9568709137.0
414.098,0.0,89908.0,5411.0,44.0,123.685,9568721502.0
414.198,0.0,89908.0,5411.0,44.0,123.669,9568733848.0
414.297,0.0,89908.0,5411.0,44.0,123.636,9568746188.0
414.398,0.0,89908.0,5411.0,44.0,123.624,9568758558.0
414.498,0.0,89908.0,5411.0,44.0,123.627,9568770906.0
414.597,0.0,89908.0,5411.0,44.0,123.619,9568783254.0
414.698,0.0,89908.0,5411.0,44.0,123.607,9568795606.0
414.797,0.0,89908.0,5411.0,44.0,123.589,9568807965.0
414.898,0.0,89908.0,5411.0,44.0,123.601,9568820309.0
414.998,0.0,89908.0,5411.0,44.0,123.603,9568832701.0
415.098,0.0,89908.0,5411.0,44.0,123.638,9568832701.0
415.199,0.0,89908.0,5411.0,44.0,123.625,9568845089.0
415.296,0.0,89908.0,5411.0,44.0,123.639,9568857434.0
415.397,0.0,89908.0,5411.0,44.0,123.647,9568869768.0
415.498,0.0,89908.0,5411.0,44.0,123.629,9568882130.0
415.598,0.0,89908.0,5411.0,44.0,123.633,9568894470.0
415.698,0.0,89908.0,5411.0,44.0,123.609,9568906803.0
415.798,0.0,89908.0,5411.0,44.0,123.655,9568919186.0
415.898,0.0,89908.0,5411.0,44.0,123.651,9568931540.0
415.996,0.0,89908.0,5411.0,44.0,123.655,9568943893.0
416.098,0.0,89908.0,5411.0,44.0,123.623,9568956245.0
416.198,0.0,89908.0,5411.0,44.0,123.634,9568968614.0
416.298,0.0,89908.0,5411.0,45.0,123.648,9568980987.0
416.398,0.0,89908.0,5411.0,45.0,123.654,9569005730.0
416.497,0.0,89908.0,5411.0,45.0,123.664,9569018090.0
416.598,0.0,89908.0,5411.0,44.0,123.696,9569030439.0
416.698,0.0,89908.0,5411.0,44.0,123.713,9569042803.0
416.798,0.0,89908.0,5411.0,44.0,123.655,9569055148.0
416.897,0.0,89908.0,5411.0,45.0,123.651,9569067495.0
416.996,0.0,89908.0,5411.0,44.0,123.651,9569079847.0
417.098,0.0,89908.0,5411.0,45.0,123.637,9569092196.0
417.198,0.0,89908.0,5411.0,45.0,123.635,9569104573.0
417.297,0.0,89908.0,5411.0,45.0,123.637,9569116919.0
417.398,0.0,89908.0,5411.0,45.0,123.608,9569129279.0
417.498,0.0,89908.0,5411.0,45.0,123.584,9569141641.0
417.599,0.0,89908.0,5411.0,45.0,123.58,9569153988.0
417.698,0.0,89908.0,5411.0,45.0,123.6,9569166335.0
417.798,0.0,89908.0,5411.0,45.0,123.621,9569178710.0
417.897,0.0,89908.0,5411.0,45.0,123.642,9569191068.0
417.998,0.0,89908.0,5411.0,45.0,123.642,9569203439.0
418.097,0.0,89908.0,5411.0,45.0,123.676,9569203439.0
418.198,0.0,89908.0,5411.0,45.0,123.673,9569215830.0
418.298,0.0,89908.0,5411.0,45.0,123.683,9569228184.0
418.398,0.0,89908.0,5411.0,45.0,123.69,9569240533.0
418.498,0.0,89908.0,5411.0,45.0,123.706,9569252901.0
418.598,0.0,89908.0,5411.0,45.0,123.709,9569265246.0
418.698,0.0,89908.0,5411.0,45.0,123.684,9569277606.0
418.798,0.0,89908.0,5411.0,45.0,123.688,9569289943.0
418.899,0.0,89908.0,5411.0,45.0,123.665,9569302315.0
418.997,0.0,89908.0,5411.0,45.0,123.645,9569314650.0
419.098,0.0,89908.0,5411.0,45.0,123.603,9569326998.0
419.198,0.0,89908.0,5411.0,45.0,123.58,9569339374.0
419.298,0.0,89908.0,5411.0,45.0,123.614,9569364115.0
419.398,0.0,89908.0,5411.0,45.0,123.625,9569376450.0
419.498,0.0,89908.0,5411.0,45.0,123.611,9569388842.0
419.598,0.0,89908.0,5411.0,45.0,123.642,9569401245.0
419.697,0.0,89908.0,5411.0,45.0,123.717,9569413624.0
419.798,0.0,89908.0,5411.0,45.0,123.734,9569425987.0
419.897,0.0,89908.0,5411.0,45.0,123.743,9569438353.0
419.998,0.0,89908.0,5411.0,45.0,123.762,9569450675.0
420.097,0.0,89908.0,5411.0,45.0,123.754,9569463045.0
420.196,0.0,89908.0,5411.0,45.0,123.76,9569475427.0
420.298,0.0,89908.0,5411.0,45.0,123.766,9569487807.0
420.398,0.0,89908.0,5411.0,45.0,123.769,9569500161.0
420.498,0.0,89908.0,5411.0,45.0,123.723,9569512537.0
420.598,0.0,89908.0,5411.0,45.0,123.682,9569524891.0
420.698,0.0,89908.0,5411.0,45.0,123.678,9569537249.0
420.798,0.0,89908.0,5411.0,45.0,123.705,9569549632.0
420.899,0.0,89908.0,5411.0,45.0,123.705,9569549632.0
420.998,0.0,89908.0,5411.0,45.0,123.674,9569562003.0
421.097,0.0,89908.0,5411.0,45.0,123.68,9569574319.0
421.197,0.0,89908.0,5411.0,45.0,123.698,9569586674.0
421.298,0.0,89908.0,5411.0,45.0,123.68,9569599048.0
421.397,0.0,89908.0,5411.0,45.0,123.72,9569611427.0
421.498,0.0,89908.0,5411.0,45.0,123.733,9569623806.0
421.599,0.0,89908.0,5411.0,45.0,123.734,9569636177.0
421.699,0.0,89908.0,5411.0,45.0,123.759,9569648549.0
421.798,0.0,89908.0,5411.0,45.0,123.763,9569660916.0
421.898,0.0,89908.0,5411.0,45.0,123.729,9569673274.0
421.998,0.0,89908.0,5411.0,45.0,123.753,9569685643.0
422.098,0.0,89908.0,5411.0,45.0,123.769,9569710354.0
422.198,0.0,89908.0,5411.0,45.0,123.761,9569722720.0
422.298,0.0,89908.0,5411.0,45.0,123.735,9569735088.0
422.397,0.0,89908.0,5411.0,45.0,123.696,9569747426.0
422.498,0.0,89908.0,5411.0,45.0,123.682,9569759817.0
422.597,0.0,89908.0,5411.0,45.0,123.725,9569772211.0
422.698,0.0,89908.0,5411.0,45.0,123.74,9569784576.0
422.799,0.0,89908.0,5411.0,45.0,123.746,9569796967.0
422.898,0.0,89908.0,5411.0,45.0,123.761,9569809351.0
422.998,0.0,89908.0,5411.0,45.0,123.779,9569821735.0
423.098,0.0,89908.0,5411.0,45.0,123.843,9569834105.0
423.198,0.0,89908.0,5411.0,45.0,123.869,9569846492.0
423.298,0.0,89908.0,5411.0,45.0,123.88,9569858857.0
423.398,0.0,89908.0,5411.0,45.0,123.879,9569871219.0
423.498,0.0,89908.0,5411.0,45.0,123.844,9569883588.0
423.598,0.0,89908.0,5411.0,45.0,123.824,9569895963.0
423.698,0.0,89908.0,5411.0,45.0,123.828,9569908330.0
423.799,0.0,89908.0,5411.0,45.0,123.828,9569908330.0
423.897,0.0,89908.0,5411.0,45.0,123.843,9569920732.0
423.998,0.0,89908.0,5411.0,45.0,123.832,9569933107.0
424.097,0.0,89908.0,5411.0,45.0,123.812,9569945491.0
424.197,0.0,89908.0,5411.0,45.0,123.828,9569957872.0
424.299,0.0,89908.0,5411.0,45.0,123.788,9569970242.0
424.401,0.0,89908.0,5411.0,45.0,123.798,9569982610.0
424.496,0.0,89908.0,5411.0,45.0,123.811,9569994976.0
424.598,0.0,89908.0,5411.0,45.0,123.828,9570007343.0
424.698,0.0,89908.0,5411.0,45.0,123.831,9570019722.0
424.796,0.0,89908.0,5411.0,45.0,123.839,9570032097.0
424.897,0.0,89908.0,5411.0,45.0,123.814,9570044479.0
424.998,0.0,89908.0,5411.0,45.0,123.85,9570069266.0
425.096,0.0,89908.0,5411.0,45.0,123.836,9570081614.0
425.198,0.0,89908.0,5411.0,45.0,123.817,9570093986.0
425.298,0.0,89908.0,5411.0,45.0,123.812,9570106367.0
425.398,0.0,89908.0,5411.0,45.0,123.829,9570118750.0
425.498,0.0,89908.0,5411.0,45.0,123.857,9570131146.0
425.598,0.0,89908.0,5411.0,45.0,123.851,9570143506.0
425.698,0.0,89908.0,5411.0,45.0,123.845,9570155882.0
425.798,0.0,89908.0,5411.0,45.0,123.838,9570168250.0
425.898,0.0,89908.0,5411.0,45.0,123.831,9570180606.0
425.998,0.0,89908.0,5411.0,45.0,123.77,9570192982.0
426.098,0.0,89908.0,5411.0,45.0,123.768,9570205340.0
426.198,0.0,89908.0,5411.0,45.0,123.77,9570217728.0
426.297,0.0,89908.0,5411.0,45.0,123.822,9570230143.0
426.398,0.0,89908.0,5411.0,45.0,123.804,9570242505.0
426.497,0.0,89908.0,5411.0,45.0,123.783,9570254866.0
426.598,0.0,89908.0,5411.0,45.0,123.783,9570254866.0
426.698,0.0,89908.0,5411.0,45.0,123.801,9570267243.0
426.798,0.0,89908.0,5411.0,45.0,123.804,9570279602.0
426.898,0.0,89908.0,5411.0,45.0,123.838,9570292001.0
426.998,0.0,89908.0,5411.0,45.0,123.869,9570304382.0
427.098,0.0,89908.0,5411.0,45.0,123.91,9570316804.0
427.197,0.0,89908.0,5411.0,45.0,123.93,9570329190.0
427.298,0.0,89908.0,5411.0,45.0,123.861,9570341525.0
427.397,0.0,89908.0,5411.0,45.0,123.831,9570353902.0
427.498,0.0,89908.0,5411.0,45.0,123.828,9570366265.0
427.598,0.0,89908.0,5411.0,45.0,123.864,9570378638.0
427.697,0.0,89908.0,5411.0,45.0,123.863,9570391051.0
427.797,0.0,89908.0,5411.0,45.0,123.861,9570415797.0
427.897,0.0,89908.0,5411.0,45.0,123.832,9570428181.0
427.997,0.0,89908.0,5411.0,45.0,123.852,9570440607.0
428.098,0.0,89908.0,5411.0,45.0,123.837,9570452971.0
428.198,0.0,89908.0,5411.0,45.0,123.836,9570465350.0
428.298,0.0,89908.0,5411.0,45.0,123.887,9570477719.0
428.398,0.0,89908.0,5411.0,45.0,123.858,9570490093.0
428.498,0.0,89908.0,5411.0,45.0,123.883,9570502466.0
428.598,0.0,89908.0,5411.0,45.0,123.872,9570514833.0
428.698,0.0,89908.0,5411.0,45.0,123.857,9570527194.0
428.798,0.0,89908.0,5411.0,45.0,123.857,9570539574.0
428.898,0.0,89908.0,5411.0,45.0,123.857,9570551939.0
428.997,0.0,89908.0,5411.0,45.0,123.813,9570564282.0
429.097,0.0,89908.0,5411.0,45.0,123.753,9570576645.0
429.197,0.0,89908.0,5411.0,45.0,123.759,9570589020.0
429.298,0.0,89908.0,5411.0,45.0,123.748,9570601405.0
429.398,0.0,89908.0,5411.0,45.0,123.775,9570613780.0
429.498,0.0,89908.0,5411.0,45.0,123.749,9570613780.0
429.599,0.0,89908.0,5411.0,45.0,123.757,9570626130.0
429.699,0.0,89908.0,5411.0,45.0,123.749,9570638499.0
429.798,0.0,89908.0,5411.0,45.0,123.758,9570650876.0
429.899,0.0,89908.0,5411.0,45.0,123.765,9570663264.0
429.998,0.0,89908.0,5411.0,45.0,123.788,9570675641.0
430.098,0.0,89908.0,5411.0,45.0,123.843,9570688028.0
430.198,0.0,89908.0,5411.0,45.0,123.866,9570700417.0
430.298,0.0,89908.0,5411.0,45.0,123.88,9570712797.0
430.398,0.0,89908.0,5411.0,45.0,123.862,9570725174.0
430.498,0.0,89908.0,5411.0,45.0,123.856,9570737546.0
430.598,0.0,89908.0,5411.0,45.0,123.854,9570749920.0
430.698,0.0,89908.0,5411.0,45.0,123.883,9570774696.0
430.798,0.0,89908.0,5411.0,45.0,123.872,9570787060.0
430.896,0.0,89908.0,5411.0,45.0,123.84,9570799421.0
430.998,0.0,89908.0,5411.0,45.0,123.826,9570811803.0
431.097,0.0,89908.0,5411.0,45.0,123.812,9570824199.0
431.197,0.0,89908.0,5411.0,45.0,123.789,9570836554.0
431.298,0.0,89908.0,5411.0,45.0,123.798,9570848954.0
431.398,0.0,89908.0,5411.0,45.0,123.819,9570861371.0
431.498,0.0,89908.0,5411.0,45.0,123.853,9570873764.0
431.599,0.0,89908.0,5411.0,45.0,123.9,9570886156.0
431.698,0.0,89908.0,5411.0,45.0,123.894,9570898551.0
431.798,0.0,89908.0,5411.0,45.0,123.913,9570910952.0
431.898,0.0,89908.0,5411.0,45.0,123.946,9570923301.0
431.998,0.0,89908.0,5411.0,45.0,123.94,9570935682.0
432.098,0.0,89908.0,5411.0,45.0,123.949,9570948066.0
432.199,0.0,89908.0,5411.0,45.0,123.959,9570960452.0
432.296,0.0,89908.0,5411.0,45.0,123.964,9570972835.0
432.398,0.0,89908.0,5411.0,45.0,123.974,9570972835.0
432.499,0.0,89908.0,5411.0,45.0,123.964,9570985255.0
432.598,0.0,89908.0,5411.0,45.0,123.933,9570997649.0
432.698,0.0,89908.0,5411.0,45.0,123.936,9571010038.0
432.798,0.0,89908.0,5411.0,45.0,123.904,9571022404.0
432.898,0.0,89908.0,5411.0,45.0,123.932,9571034788.0
432.996,0.0,89908.0,5411.0,45.0,124.005,9571047191.0
433.097,0.0,89908.0,5411.0,45.0,124.04,9571059619.0
433.198,0.0,89908.0,5411.0,45.0,124.089,9571072040.0
433.298,0.0,89908.0,5411.0,45.0,124.137,9571084477.0
433.397,0.0,89908.0,5411.0,45.0,124.187,9571096911.0
433.498,0.0,89908.0,5411.0,45.0,124.233,9571109348.0
433.596,0.0,89908.0,5411.0,45.0,124.3,9571134243.0
433.698,0.0,89908.0,5411.0,45.0,124.318,9571146646.0
433.798,0.0,89908.0,5411.0,45.0,124.391,9571159101.0
433.898,0.0,89908.0,5411.0,45.0,124.421,9571171536.0
433.998,0.0,89908.0,5411.0,45.0,124.443,9571183965.0
434.098,0.0,89908.0,5411.0,45.0,124.425,9571196382.0
434.198,0.0,89908.0,5411.0,45.0,124.402,9571208829.0
434.298,0.0,89908.0,5411.0,45.0,124.418,9571221256.0
434.398,0.0,89908.0,5411.0,45.0,124.409,9571233666.0
434.498,0.0,89908.0,5411.0,45.0,124.374,9571246096.0
434.598,0.0,89908.0,5411.0,45.0,124.369,9571258540.0
434.699,0.0,89908.0,5411.0,45.0,124.399,9571270967.0
434.798,0.0,89908.0,5411.0,45.0,124.408,9571283410.0
434.898,0.0,89908.0,5411.0,45.0,124.4,9571295843.0
434.998,0.0,89908.0,5411.0,45.0,124.386,9571308277.0
435.098,0.0,89908.0,5411.0,45.0,124.422,9571320717.0
435.198,0.0,89908.0,5411.0,45.0,124.433,9571333137.0
435.298,0.0,89908.0,5411.0,45.0,124.416,9571345586.0
435.398,0.0,89908.0,5411.0,45.0,124.436,9571345586.0
435.498,0.0,89908.0,5411.0,45.0,124.425,9571358004.0
435.598,0.0,89908.0,5411.0,45.0,124.401,9571370447.0
435.698,0.0,89908.0,5411.0,45.0,124.39,9571382865.0
435.798,0.0,89908.0,5411.0,45.0,124.396,9571395299.0
435.896,0.0,89908.0,5411.0,45.0,124.399,9571407741.0
435.998,0.0,89908.0,5411.0,45.0,124.382,9571420181.0
436.098,0.0,89908.0,5411.0,45.0,124.394,9571432616.0
436.198,0.0,89908.0,5411.0,45.0,124.408,9571445050.0
436.299,0.0,89908.0,5411.0,45.0,124.414,9571457493.0
436.398,0.0,89908.0,5411.0,45.0,124.417,9571469930.0
436.498,0.0,89908.0,5411.0,45.0,124.43,9571482363.0
436.598,0.0,89908.0,5411.0,45.0,124.474,9571494819.0
436.698,0.0,89908.0,5411.0,45.0,124.479,9571519699.0
436.798,0.0,89908.0,5411.0,45.0,124.456,9571532143.0
436.898,0.0,89908.0,5411.0,45.0,124.475,9571544602.0
436.998,0.0,89908.0,5411.0,45.0,124.472,9571557036.0
437.098,0.0,89908.0,5411.0,45.0,124.471,9571569455.0
437.198,0.0,89908.0,5411.0,45.0,124.454,9571581883.0
437.298,0.0,89908.0,5411.0,45.0,124.461,9571594333.0
437.398,0.0,89908.0,5411.0,45.0,124.451,9571606759.0
437.498,0.0,89908.0,5411.0,45.0,124.442,9571619196.0
437.597,0.0,89908.0,5411.0,45.0,124.421,9571631627.0
437.698,0.0,89908.0,5411.0,45.0,124.423,9571644060.0
437.798,0.0,89908.0,5411.0,45.0,124.429,9571656467.0
437.898,0.0,89908.0,5411.0,45.0,124.363,9571668894.0
437.998,0.0,89908.0,5411.0,45.0,124.369,9571681330.0
438.098,0.0,89908.0,5411.0,45.0,124.366,9571693751.0
438.198,0.0,89908.0,5411.0,45.0,124.349,9571706182.0
438.298,0.0,89908.0,5411.0,45.0,124.349,9571706182.0
438.398,0.0,89908.0,5411.0,45.0,124.332,9571718607.0
438.498,0.0,89908.0,5411.0,45.0,124.337,9571731046.0
438.598,0.0,89908.0,5411.0,45.0,124.344,9571743483.0
438.698,0.0,89908.0,5411.0,45.0,124.343,9571755922.0
438.796,0.0,89908.0,5411.0,45.0,124.373,9571768345.0
438.897,0.0,89908.0,5411.0,45.0,124.402,9571780797.0
438.998,0.0,89908.0,5411.0,45.0,124.384,9571793230.0
439.098,0.0,89908.0,5411.0,45.0,124.393,9571805653.0
439.198,0.0,89908.0,5411.0,45.0,124.41,9571818084.0
439.298,0.0,89908.0,5411.0,45.0,124.423,9571830500.0
439.398,0.0,89908.0,5411.0,45.0,124.41,9571842965.0
439.498,0.0,89908.0,5411.0,45.0,124.365,9571855373.0
439.598,0.0,89908.0,5411.0,45.0,124.363,9571880229.0
439.698,0.0,89908.0,5411.0,45.0,124.393,9571892645.0
439.798,0.0,89908.0,5411.0,45.0,124.347,9571905074.0
439.898,0.0,89908.0,5411.0,45.0,124.347,9571917500.0
439.998,0.0,89908.0,5411.0,45.0,124.361,9571929951.0
440.098,0.0,89908.0,5411.0,45.0,124.379,9571942378.0
440.198,0.0,89908.0,5411.0,45.0,124.369,9571954783.0
440.298,0.0,89908.0,5411.0,45.0,124.346,9571967211.0
440.399,0.0,89908.0,5411.0,45.0,124.359,9571979641.0
440.498,0.0,89908.0,5411.0,45.0,124.385,9571992056.0
440.598,0.0,89908.0,5411.0,45.0,124.388,9572004503.0
440.698,0.0,89908.0,5411.0,45.0,124.389,9572016963.0
440.798,0.0,89908.0,5411.0,45.0,124.413,9572029396.0
440.897,0.0,89908.0,5411.0,45.0,124.418,9572041819.0
440.998,0.0,89908.0,5411.0,45.0,124.406,9572054258.0
441.098,0.0,89908.0,5411.0,45.0,124.406,9572066659.0
441.197,0.0,89908.0,5411.0,45.0,124.368,9572066659.0
441.297,0.0,89908.0,5411.0,45.0,124.358,9572079075.0
441.397,0.0,89908.0,5411.0,45.0,124.361,9572091494.0
441.498,0.0,89908.0,5411.0,45.0,124.337,9572103925.0
441.598,0.0,89908.0,5411.0,45.0,124.341,9572116343.0
441.698,0.0,89908.0,5411.0,45.0,124.336,9572128768.0
441.798,0.0,89908.0,5411.0,45.0,124.326,9572141216.0
441.898,0.0,89908.0,5411.0,45.0,124.298,9572153635.0
441.998,0.0,89908.0,5411.0,45.0,124.254,9572166026.0
442.098,0.0,89908.0,5411.0,45.0,124.253,9572178417.0
442.198,0.0,89908.0,5411.0,45.0,124.257,9572190823.0
442.298,0.0,89908.0,5411.0,45.0,124.228,9572203232.0
442.398,0.0,89908.0,5411.0,45.0,124.174,9572228022.0
442.498,0.0,89908.0,5411.0,45.0,124.161,9572240409.0
442.598,0.0,89908.0,5411.0,45.0,124.121,9572252802.0
442.697,0.0,89908.0,5411.0,45.0,124.082,9572265194.0
442.798,0.0,89908.0,5411.0,45.0,124.018,9572277601.0
442.897,0.0,89908.0,5411.0,45.0,124.015,9572289979.0
442.998,0.0,89908.0,5411.0,45.0,124.016,9572302376.0
443.098,0.0,89908.0,5411.0,45.0,124.007,9572314764.0
443.198,0.0,89908.0,5411.0,45.0,123.999,9572329051.0
443.297,29.0,89908.0,5411.0,46.0,128.933,9572346175.0
443.397,29.0,89908.0,5411.0,46.0,134.316,9572363568.0
443.497,50.0,89908.0,5411.0,46.0,138.476,9572380898.0
443.598,50.0,89908.0,5411.0,46.0,142.926,9572397314.0
443.698,50.0,89908.0,5411.0,46.0,147.964,9572414549.0
443.798,50.0,89908.0,5411.0,46.0,152.481,9572432302.0
443.898,50.0,89908.0,5411.0,46.0,156.934,9572447748.0
443.998,50.0,89908.0,5411.0,46.0,156.934,9572460397.0
444.098,50.0,89908.0,5411.0,46.0,157.893,9572460397.0
444.198,0.0,89908.0,5411.0,46.0,158.203,9572473090.0
444.298,0.0,89908.0,5411.0,45.0,153.795,9572485751.0
444.399,0.0,89908.0,5411.0,45.0,149.291,9572498408.0
444.498,0.0,89908.0,5411.0,45.0,145.513,9572511073.0
444.598,0.0,89908.0,5411.0,45.0,141.349,9572523728.0
444.698,0.0,89908.0,5411.0,45.0,136.718,9572536378.0
444.798,0.0,89908.0,5411.0,45.0,131.004,9572549025.0
444.898,0.0,89908.0,5411.0,45.0,126.73,9572561685.0
444.998,0.0,89908.0,5411.0,45.0,126.661,9572574333.0
445.098,0.0,89908.0,5411.0,45.0,126.634,9572586978.0
445.197,0.0,89908.0,5411.0,45.0,126.638,9572599631.0
445.297,0.0,89908.0,5411.0,45.0,126.587,9572626492.0
445.396,0.0,89908.0,5411.0,48.0,141.927,9572655846.0
445.496,59.0,89908.0,5411.0,47.0,149.56,9572676359.0
445.597,59.0,89908.0,5411.0,47.0,160.555,9572698825.0
445.697,53.0,89908.0,5411.0,48.0,172.918,9572738211.0
445.796,53.0,89908.0,5411.0,52.0,210.797,9572788228.0
445.898,100.0,89908.0,5411.0,56.0,263.587,9572852143.0
445.998,100.0,89908.0,5411.0,54.0,296.283,9572899899.0
446.099,100.0,89908.0,5411.0,54.0,296.283,9572960329.0
446.198,82.0,89908.0,5411.0,58.0,347.353,9572960329.0
446.297,82.0,89908.0,5411.0,55.0,383.865,9573008684.0
446.398,76.0,89908.0,5411.0,59.0,432.057,9573071990.0
446.497,79.0,89908.0,5411.0,60.0,492.319,9573125116.0
446.596,79.0,89908.0,5411.0,60.0,522.114,9573185159.0
446.696,82.0,89908.0,5411.0,60.0,549.772,9573232378.0
446.798,82.0,89908.0,5411.0,60.0,549.41,9573279890.0
446.898,83.0,89908.0,5411.0,59.0,531.528,9573327529.0
446.996,83.0,89908.0,5411.0,53.0,497.151,9573365591.0
447.098,0.0,89908.0,5411.0,51.0,453.121,9573379275.0
447.198,0.0,89908.0,5411.0,52.0,419.575,9573424944.0
447.298,63.0,89908.0,5411.0,55.0,410.669,9573470312.0
447.398,63.0,89908.0,5411.0,57.0,392.181,9573516818.0
447.498,84.0,89908.0,5411.0,57.0,382.086,9573563609.0
447.597,84.0,89908.0,5411.0,58.0,376.62,9573607200.0
447.698,82.0,89908.0,5411.0,58.0,375.509,9573654585.0
447.798,82.0,89908.0,5411.0,59.0,368.767,9573696724.0
447.898,80.0,89908.0,5411.0,57.0,366.806,9573740927.0
447.998,80.0,89908.0,5411.0,58.0,383.104,9573776144.0
448.098,69.0,89908.0,5411.0,56.0,410.031,9573808091.0
448.198,69.0,89908.0,5411.0,54.0,416.317,9573832692.0
448.298,57.0,89908.0,5411.0,53.0,390.7,9573854444.0
448.398,57.0,89908.0,5411.0,53.0,390.7,9573873882.0
448.497,57.0,89908.0,5411.0,52.0,368.845,9573873882.0
448.598,53.0,89908.0,5411.0,51.0,340.516,9573895293.0
448.698,53.0,89908.0,5411.0,50.0,317.513,9573916987.0
448.798,54.0,89908.0,5411.0,50.0,297.79,9573941400.0
448.897,52.0,89908.0,5411.0,49.0,244.79,9573960482.0
448.996,52.0,89908.0,5411.0,49.0,220.201,9573976073.0
449.096,50.0,89908.0,5411.0,49.0,209.518,9573994384.0
449.198,50.0,89908.0,5411.0,48.0,195.155,9574008996.0
449.298,0.0,89908.0,5411.0,48.0,183.942,9574022029.0
449.397,0.0,89908.0,5411.0,47.0,175.756,9574034831.0
449.498,0.0,89908.0,5411.0,47.0,170.316,9574047544.0
449.598,0.0,89908.0,5411.0,47.0,159.164,9574060257.0
449.698,0.0,89908.0,5411.0,47.0,150.589,9574085617.0
449.798,0.0,89908.0,5411.0,47.0,140.407,9574098252.0
449.896,0.0,89908.0,5411.0,47.0,136.891,9574110901.0
449.996,0.0,89908.0,5411.0,47.0,132.34,9574123544.0
450.098,0.0,89908.0,5411.0,47.0,127.586,9574136185.0
450.198,0.0,89908.0,5411.0,46.0,126.958,9574148781.0
450.297,0.0,89908.0,5411.0,46.0,126.674,9574161373.0
450.398,0.0,89908.0,5411.0,46.0,126.527,9574173967.0
450.497,0.0,89908.0,5411.0,46.0,126.398,9574186560.0
450.598,0.0,89908.0,5411.0,46.0,126.306,9574199162.0
450.699,0.0,89908.0,5411.0,46.0,126.245,9574211763.0
450.798,0.0,89908.0,5411.0,46.0,126.187,9574224331.0
450.898,0.0,89908.0,5411.0,46.0,126.118,9574236927.0
450.996,0.0,89908.0,5411.0,46.0,126.083,9574249527.0
451.098,0.0,89908.0,5411.0,46.0,126.04,9574262084.0
451.198,0.0,89908.0,5411.0,46.0,126.04,9574274629.0
451.298,0.0,89908.0,5411.0,46.0,125.965,9574274629.0
451.398,0.0,89908.0,5411.0,46.0,125.94,9574287209.0
451.498,0.0,89908.0,5411.0,46.0,125.909,9574299776.0
451.598,0.0,89908.0,5411.0,46.0,125.858,9574312304.0
451.698,0.0,89908.0,5411.0,46.0,125.822,9574324884.0
451.798,0.0,89908.0,5411.0,46.0,125.664,9574337404.0
451.898,0.0,89908.0,5411.0,46.0,125.632,9574349938.0
451.998,0.0,89908.0,5411.0,46.0,125.57,9574362471.0
452.098,0.0,89908.0,5411.0,46.0,125.559,9574375014.0
452.198,0.0,89908.0,5411.0,46.0,125.56,9574387571.0
452.298,0.0,89908.0,5411.0,46.0,125.523,9574400120.0
452.398,0.0,89908.0,5411.0,46.0,125.517,9574412671.0
452.498,0.0,89908.0,5411.0,46.0,125.506,9574437727.0
452.597,0.0,89908.0,5411.0,46.0,125.445,9574450243.0
452.698,0.0,89908.0,5411.0,46.0,125.446,9574462781.0
452.798,0.0,89908.0,5411.0,46.0,125.928,9574478283.0
452.897,39.0,89908.0,5411.0,46.0,131.147,9574495044.0
452.997,39.0,89908.0,5411.0,46.0,136.419,9574512719.0
453.098,50.0,89908.0,5411.0,46.0,140.54,9574530672.0
453.197,50.0,89908.0,5411.0,46.0,145.756,9574548084.0
453.298,50.0,89908.0,5411.0,47.0,150.749,9574565337.0
453.398,50.0,89908.0,5411.0,47.0,156.427,9574582989.0
453.498,51.0,89908.0,5411.0,47.0,160.821,9574600591.0
453.598,51.0,89908.0,5411.0,47.0,166.03,9574617775.0
453.698,40.0,89908.0,5411.0,47.0,170.585,9574637486.0
453.798,40.0,89908.0,5411.0,47.0,176.804,9574655308.0
453.897,40.0,89908.0,5411.0,47.0,176.804,9574671442.0
453.996,53.0,89908.0,5411.0,47.0,175.811,9574671442.0
454.098,53.0,89908.0,5411.0,47.0,175.962,9574689100.0
454.198,54.0,89908.0,5411.0,47.0,177.171,9574707794.0
454.299,54.0,89908.0,5411.0,47.0,177.278,9574725905.0
454.397,54.0,89908.0,5411.0,47.0,178.815,9574744797.0
454.496,58.0,89908.0,5411.0,47.0,202.86,9574765044.0
454.603,58.0,89908.0,5411.0,55.0,243.051,9574811379.0
454.698,79.0,89908.0,5411.0,57.0,282.092,9574865543.0
454.798,79.0,89908.0,5411.0,58.0,314.47,9574927299.0
454.899,74.0,89908.0,5411.0,59.0,357.637,9574975635.0
454.998,74.0,89908.0,5411.0,60.0,394.617,9575089083.0
455.098,74.0,89908.0,5411.0,60.0,433.011,9575148713.0
455.198,74.0,89908.0,5411.0,61.0,478.711,9575211988.0
455.298,85.0,89908.0,5411.0,60.0,515.963,9575263397.0
455.398,85.0,89908.0,5411.0,58.0,546.979,9575312130.0
455.498,80.0,89908.0,5411.0,58.0,552.923,9575358387.0
455.597,80.0,89908.0,5411.0,58.0,536.761,9575406656.0
455.698,80.0,89908.0,5411.0,58.0,529.149,9575453354.0
455.798,80.0,89908.0,5411.0,58.0,519.159,9575498897.0
455.899,80.0,89908.0,5411.0,58.0,514.944,9575544714.0
455.998,80.0,89908.0,5411.0,59.0,499.709,9575591267.0
456.098,80.0,89908.0,5411.0,59.0,499.709,9575636076.0
456.198,82.0,89908.0,5411.0,59.0,491.819,9575636076.0
456.297,82.0,89908.0,5411.0,60.0,481.703,9575684396.0
456.398,77.0,89908.0,5411.0,60.0,466.431,9575725805.0
456.498,77.0,89908.0,5411.0,58.0,455.456,9575766271.0
456.596,77.0,89908.0,5411.0,58.0,445.017,9575801102.0
456.698,77.0,89908.0,5411.0,56.0,407.118,9575831269.0
456.799,61.0,89908.0,5411.0,53.0,381.34,9575856619.0
456.898,53.0,89908.0,5411.0,52.0,352.823,9575876856.0
456.999,53.0,89908.0,5411.0,51.0,328.225,9575895328.0
457.098,54.0,89908.0,5411.0,51.0,299.969,9575910932.0
457.198,54.0,89908.0,5411.0,50.0,269.005,9575949281.0
457.299,52.0,89908.0,5411.0,50.0,246.667,9575970850.0
457.396,52.0,89908.0,5411.0,50.0,227.843,9575989977.0
457.497,51.0,89908.0,5411.0,49.0,206.863,9576004805.0
457.597,51.0,89908.0,5411.0,49.0,188.872,9576017876.0
457.696,0.0,89908.0,5411.0,48.0,176.004,9576030900.0
457.796,0.0,89908.0,5411.0,48.0,168.44,9576043907.0
457.896,0.0,89908.0,5411.0,48.0,164.403,9576056910.0
457.998,0.0,89908.0,5411.0,48.0,159.832,9576069870.0
458.098,0.0,89908.0,5411.0,47.0,153.415,9576082786.0
458.198,0.0,89908.0,5411.0,47.0,148.116,9576095707.0
458.298,0.0,89908.0,5411.0,47.0,140.604,9576108617.0
458.398,0.0,89908.0,5411.0,47.0,131.883,9576121523.0
458.498,0.0,89908.0,5411.0,47.0,130.102,9576134411.0
458.598,0.0,89908.0,5411.0,47.0,129.528,9576147308.0
458.698,0.0,89908.0,5411.0,47.0,129.528,9576160187.0
458.798,0.0,89908.0,5411.0,47.0,129.403,9576160187.0
458.898,0.0,89908.0,5411.0,47.0,129.278,9576173064.0
458.998,0.0,89908.0,5411.0,47.0,129.11,9576185896.0
459.098,0.0,89908.0,5411.0,47.0,128.991,9576198761.0
459.198,0.0,89908.0,5411.0,47.0,128.882,9576211579.0
459.297,0.0,89908.0,5411.0,46.0,128.793,9576224402.0
459.397,0.0,89908.0,5411.0,46.0,128.685,9576237220.0
459.498,0.0,89908.0,5411.0,46.0,130.218,9576250043.0
459.598,0.0,89908.0,5411.0,47.0,134.624,9576265393.0
459.696,51.0,89908.0,5411.0,47.0,139.403,9576282835.0
459.799,51.0,89908.0,5411.0,47.0,143.647,9576317751.0
459.898,50.0,89908.0,5411.0,47.0,148.17,9576334921.0
459.998,50.0,89908.0,5411.0,47.0,153.047,9576352588.0
460.098,51.0,89908.0,5411.0,47.0,157.059,9576369381.0
460.198,51.0,89908.0,5411.0,47.0,161.88,9576386019.0
460.298,22.0,89908.0,5411.0,47.0,161.926,9576398850.0
460.398,22.0,89908.0,5411.0,47.0,161.293,9576411702.0
460.498,0.0,89908.0,5411.0,46.0,160.23,9576424509.0
460.599,0.0,89908.0,5411.0,46.0,155.633,9576437316.0
460.698,0.0,89908.0,5411.0,46.0,151.373,9576450146.0
460.798,0.0,89908.0,5411.0,46.0,147.327,9576462949.0
460.898,0.0,89908.0,5411.0,46.0,142.044,9576475728.0
460.997,0.0,89908.0,5411.0,46.0,137.083,9576488707.0
461.098,11.0,89908.0,5411.0,48.0,141.276,9576510100.0
461.198,11.0,89908.0,5411.0,47.0,141.61,9576528376.0
461.298,54.0,89908.0,5411.0,47.0,146.171,9576546840.0
461.397,54.0,89908.0,5411.0,47.0,151.805,9576565438.0
461.496,54.0,89908.0,5411.0,47.0,158.679,9576565438.0
461.597,54.0,89908.0,5411.0,48.0,166.149,9576586428.0
461.697,55.0,89908.0,5411.0,48.0,172.374,9576605809.0
461.797,55.0,89908.0,5411.0,48.0,181.54,9576623937.0
461.897,52.0,89908.0,5411.0,54.0,222.028,9576650648.0
461.999,52.0,89908.0,5411.0,54.0,259.528,9576708763.0
462.096,85.0,89908.0,5411.0,58.0,302.689,9576756919.0
462.196,85.0,89908.0,5411.0,54.0,325.583,9576820297.0
462.296,61.0,89908.0,5411.0,54.0,370.707,9576863583.0
462.396,61.0,89908.0,5411.0,60.0,413.949,9576928598.0
462.496,68.0,89908.0,5411.0,60.0,453.01,9577048213.0
462.596,68.0,89908.0,5411.0,61.0,500.654,9577108611.0
462.696,81.0,89908.0,5411.0,61.0,532.532,9577160828.0
462.798,81.0,89908.0,5411.0,60.0,555.636,9577206442.0
462.898,81.0,89908.0,5411.0,60.0,550.774,9577252062.0
462.998,81.0,89908.0,5411.0,60.0,545.416,9577297077.0
463.098,78.0,89908.0,5411.0,60.0,529.956,9577342673.0
463.198,78.0,89908.0,5411.0,59.0,528.399,9577387969.0
463.298,78.0,89908.0,5411.0,60.0,514.559,9577433575.0
463.398,78.0,89908.0,5411.0,59.0,494.608,9577478879.0
463.498,80.0,89908.0,5411.0,60.0,483.469,9577527591.0
463.598,80.0,89908.0,5411.0,60.0,467.796,9577572407.0
463.698,77.0,89908.0,5411.0,59.0,460.535,9577617493.0
463.798,77.0,89908.0,5411.0,59.0,458.265,9577661618.0
463.898,72.0,89908.0,5411.0,58.0,448.551,9577695306.0
463.998,72.0,89908.0,5411.0,58.0,448.551,9577695306.0
464.098,72.0,89908.0,5411.0,56.0,433.666,9577723846.0
464.198,60.0,89908.0,5411.0,54.0,410.323,9577747245.0
464.298,60.0,89908.0,5411.0,53.0,387.071,9577768917.0
464.398,53.0,89908.0,5411.0,52.0,362.322,9577788957.0
464.497,53.0,89908.0,5411.0,51.0,335.445,9577807908.0
464.598,55.0,89908.0,5411.0,51.0,308.898,9577829452.0
464.698,55.0,89908.0,5411.0,50.0,285.435,9577850673.0
464.798,53.0,89908.0,5411.0,50.0,259.255,9577866975.0
464.898,53.0,89908.0,5411.0,50.0,226.032,9577882203.0
464.996,51.0,89908.0,5411.0,49.0,211.385,9577899391.0
465.098,50.0,89908.0,5411.0,49.0,187.715,9577934739.0
465.198,50.0,89908.0,5411.0,49.0,184.432,9577953364.0
465.298,50.0,89908.0,5411.0,49.0,181.738,9577971162.0
465.398,50.0,89908.0,5411.0,49.0,180.081,9577987863.0
465.498,50.0,89908.0,5411.0,49.0,175.821,9578005190.0
465.596,50.0,89908.0,5411.0,49.0,171.46,9578022606.0
465.696,50.0,89908.0,5411.0,48.0,172.37,9578040085.0
465.798,50.0,89908.0,5411.0,48.0,175.296,9578058383.0
465.898,50.0,89908.0,5411.0,48.0,175.679,9578075120.0
465.998,50.0,89908.0,5411.0,48.0,175.882,9578092218.0
466.101,50.0,89908.0,5411.0,48.0,174.945,9578109425.0
466.196,50.0,89908.0,5411.0,48.0,173.13,9578126238.0
466.296,50.0,89908.0,5411.0,48.0,172.179,9578142484.0
466.396,50.0,89908.0,5411.0,48.0,168.633,9578155439.0
466.496,0.0,89908.0,5411.0,47.0,164.078,9578168304.0
466.597,0.0,89908.0,5411.0,47.0,159.923,9578181147.0
466.698,0.0,89908.0,5411.0,47.0,154.999,9578181147.0
466.798,0.0,89908.0,5411.0,47.0,149.977,9578193984.0
466.898,0.0,89908.0,5411.0,47.0,145.245,9578206785.0
466.998,0.0,89908.0,5411.0,47.0,141.625,9578219557.0
467.098,0.0,89908.0,5411.0,47.0,137.086,9578232345.0
467.199,0.0,89908.0,5411.0,47.0,132.017,9578245113.0
467.298,0.0,89908.0,5411.0,47.0,128.736,9578257846.0
467.398,0.0,89908.0,5411.0,46.0,127.938,9578270585.0
467.498,0.0,89908.0,5411.0,46.0,127.777,9578283296.0
467.596,0.0,89908.0,5411.0,46.0,127.647,9578296030.0
467.698,0.0,89908.0,5411.0,46.0,127.553,9578308734.0
467.797,0.0,89908.0,5411.0,46.0,127.501,9578321466.0
467.896,0.0,89908.0,5411.0,46.0,127.436,9578346934.0
467.998,0.0,89908.0,5411.0,46.0,127.395,9578359667.0
468.098,0.0,89908.0,5411.0,46.0,127.363,9578372396.0
468.198,0.0,89908.0,5411.0,46.0,127.36,9578385127.0
468.298,0.0,89908.0,5411.0,46.0,127.35,9578397833.0
468.398,0.0,89908.0,5411.0,46.0,127.338,9578410571.0
468.498,4.0,89908.0,5411.0,47.0,131.149,9578427759.0
468.598,4.0,89908.0,5411.0,47.0,134.928,9578444909.0
468.698,50.0,89908.0,5411.0,47.0,141.051,9578463470.0
468.798,50.0,89908.0,5411.0,47.0,145.856,9578480619.0
468.898,50.0,89908.0,5411.0,47.0,151.024,9578498092.0
468.998,50.0,89908.0,5411.0,47.0,155.165,9578515184.0
469.098,50.0,89908.0,5411.0,47.0,160.199,9578532750.0
469.198,50.0,89908.0,5411.0,47.0,165.64,9578550818.0
469.298,50.0,89908.0,5411.0,47.0,169.663,9578566585.0
469.398,50.0,89908.0,5411.0,47.0,169.84,9578579446.0
469.498,50.0,89908.0,5411.0,47.0,169.84,9578579446.0
469.598,0.0,89908.0,5411.0,46.0,166.123,9578592308.0
469.798,0.0,89908.0,5411.0,46.0,157.201,9578617947.0
469.800,0.0,89908.0,5411.0,46.0,157.201,9578617947.0
469.902,0.0,89908.0,5411.0,46.0,151.79,9578630753.0
470.001,0.0,89908.0,5411.0,46.0,147.275,9578643560.0
470.102,0.0,89908.0,5411.0,46.0,143.165,9578656347.0
470.202,0.0,89908.0,5411.0,46.0,137.646,9578669165.0
470.303,0.0,89908.0,5411.0,46.0,133.814,9578681928.0
470.402,0.0,89908.0,5411.0,46.0,128.555,9578694753.0
470.502,0.0,89908.0,5411.0,46.0,128.236,9578707545.0
470.602,0.0,89908.0,5411.0,46.0,128.09,9578720330.0
470.701,0.0,89908.0,5411.0,46.0,128.751,9578746557.0
470.802,0.0,89908.0,5411.0,49.0,150.492,9578788845.0
470.903,77.0,89908.0,5411.0,50.0,195.091,9578838062.0
471.003,77.0,89908.0,5411.0,57.0,235.775,9578901987.0
471.102,100.0,89908.0,5411.0,55.0,280.278,9578950929.0
471.202,100.0,89908.0,5411.0,58.0,323.055,9579006760.0
471.303,100.0,89908.0,5411.0,59.0,359.136,9579054887.0
471.403,100.0,89908.0,5411.0,60.0,393.145,9579116005.0
471.502,100.0,89908.0,5411.0,61.0,448.571,9579175713.0
471.603,100.0,89908.0,5411.0,61.0,489.811,9579229955.0
471.703,89.0,89908.0,5411.0,59.0,515.937,9579276447.0
471.802,89.0,89908.0,5411.0,59.0,533.842,9579323067.0
471.902,89.0,89908.0,5411.0,59.0,533.842,9579368252.0
472.001,81.0,89908.0,5411.0,59.0,531.758,9579368252.0
472.102,81.0,89908.0,5411.0,59.0,512.613,9579413303.0
472.203,77.0,89908.0,5411.0,59.0,509.349,9579455696.0
472.302,77.0,89908.0,5411.0,54.0,472.391,9579470078.0
472.402,0.0,89908.0,5411.0,52.0,432.85,9579483309.0
472.502,0.0,89908.0,5411.0,51.0,399.881,9579511421.0
472.602,58.0,89908.0,5411.0,55.0,386.533,9579559445.0
472.703,58.0,89908.0,5411.0,57.0,378.224,9579607666.0
472.803,82.0,89908.0,5411.0,58.0,377.124,9579654374.0
472.902,82.0,89908.0,5411.0,59.0,377.437,9579699629.0
473.003,74.0,89908.0,5411.0,59.0,371.711,9579785440.0
473.102,69.0,89908.0,5411.0,57.0,359.252,9579818401.0
473.202,69.0,89908.0,5411.0,55.0,373.735,9579848068.0
473.302,58.0,89908.0,5411.0,54.0,389.507,9579872746.0
473.403,58.0,89908.0,5411.0,52.0,378.786,9579892071.0
473.502,54.0,89908.0,5411.0,51.0,350.773,9579910872.0
473.602,54.0,89908.0,5411.0,51.0,319.964,9579928705.0
473.703,55.0,89908.0,5411.0,50.0,295.028,9579946479.0
473.802,55.0,89908.0,5411.0,50.0,261.803,9579962178.0
473.903,55.0,89908.0,5411.0,50.0,234.395,9579978501.0
474.003,55.0,89908.0,5411.0,50.0,216.705,9579998407.0
474.103,53.0,89908.0,5411.0,49.0,196.976,9580015142.0
474.203,53.0,89908.0,5411.0,49.0,187.309,9580034755.0
474.303,53.0,89908.0,5411.0,49.0,179.346,9580034755.0
474.402,53.0,89908.0,5411.0,49.0,178.725,9580050835.0
474.503,52.0,89908.0,5411.0,49.0,182.556,9580070656.0
474.602,52.0,89908.0,5411.0,49.0,179.731,9580092774.0
474.702,51.0,89908.0,5411.0,49.0,177.156,9580108019.0
474.802,51.0,89908.0,5411.0,48.0,180.353,9580122987.0
474.902,51.0,89908.0,5411.0,48.0,183.076,9580141560.0
475.003,51.0,89908.0,5411.0,48.0,182.44,9580161057.0
475.102,50.0,89908.0,5411.0,48.0,184.596,9580180103.0
475.202,50.0,89908.0,5411.0,48.0,182.479,9580198686.0
475.303,50.0,89908.0,5411.0,48.0,186.126,9580236330.0
475.401,50.0,89908.0,5411.0,48.0,184.319,9580254627.0
475.503,50.0,89908.0,5411.0,48.0,179.53,9580272756.0
475.602,50.0,89908.0,5411.0,48.0,177.836,9580286349.0
475.702,0.0,89908.0,5411.0,47.0,175.213,9580299181.0
475.801,0.0,89908.0,5411.0,47.0,170.76,9580312014.0
475.901,0.0,89908.0,5411.0,47.0,163.614,9580324801.0
476.002,0.0,89908.0,5411.0,47.0,157.638,9580337618.0
476.102,0.0,89908.0,5411.0,47.0,151.926,9580350425.0
476.202,0.0,89908.0,5411.0,47.0,146.22,9580363212.0
476.303,0.0,89908.0,5411.0,47.0,139.225,9580375991.0
476.403,0.0,89908.0,5411.0,47.0,133.955,9580388750.0
476.503,0.0,89908.0,5411.0,47.0,128.677,9580401527.0
476.603,0.0,89908.0,5411.0,46.0,128.026,9580414300.0
476.703,0.0,89908.0,5411.0,46.0,128.026,9580427074.0
476.803,0.0,89908.0,5411.0,46.0,127.995,9580427074.0
476.902,0.0,89908.0,5411.0,46.0,127.89,9580439819.0
477.003,0.0,89908.0,5411.0,46.0,127.83,9580452568.0
477.102,0.0,89908.0,5411.0,46.0,127.77,9580465310.0
477.202,0.0,89908.0,5411.0,46.0,127.684,9580478031.0
477.302,0.0,89908.0,5411.0,46.0,127.635,9580490754.0
477.402,0.0,89908.0,5411.0,46.0,128.598,9580504173.0
477.502,0.0,89908.0,5411.0,47.0,131.897,9580520447.0
477.602,50.0,89908.0,5411.0,47.0,136.022,9580537581.0
477.703,50.0,89908.0,5411.0,47.0,140.66,9580555304.0
477.802,50.0,89908.0,5411.0,47.0,146.239,9580573598.0
477.903,50.0,89908.0,5411.0,47.0,150.405,9580605796.0
478.003,50.0,89908.0,5411.0,47.0,152.277,9580618503.0
478.103,0.0,89908.0,5411.0,46.0,152.813,9580631287.0
478.203,0.0,89908.0,5411.0,46.0,152.336,9580644034.0
478.302,0.0,89908.0,5411.0,46.0,151.747,9580656710.0
478.403,0.0,89908.0,5411.0,46.0,148.318,9580669411.0
478.502,0.0,89908.0,5411.0,46.0,144.314,9580682081.0
478.603,0.0,89908.0,5411.0,46.0,139.714,9580694762.0
478.702,0.0,89908.0,5411.0,46.0,134.227,9580707407.0
478.803,0.0,89908.0,5411.0,46.0,128.996,9580720050.0
478.903,0.0,89908.0,5411.0,46.0,126.958,9580732698.0
479.002,0.0,89908.0,5411.0,46.0,126.897,9580745356.0
479.102,0.0,89908.0,5411.0,46.0,126.749,9580758007.0
479.202,0.0,89908.0,5411.0,46.0,126.635,9580770632.0
479.303,0.0,89908.0,5411.0,46.0,126.614,9580783266.0
479.402,0.0,89908.0,5411.0,46.0,126.579,9580795917.0
479.503,0.0,89908.0,5411.0,46.0,126.579,9580808552.0
479.602,0.0,89908.0,5411.0,46.0,126.538,9580808552.0
479.701,0.0,89908.0,5411.0,46.0,126.523,9580821208.0
479.803,0.0,89908.0,5411.0,46.0,126.535,9580833861.0
479.903,0.0,89908.0,5411.0,46.0,127.486,9580847146.0
480.003,16.0,89908.0,5411.0,49.0,157.394,9580887508.0
480.103,16.0,89908.0,5411.0,55.0,184.435,9580928944.0
480.202,58.0,89908.0,5411.0,56.0,230.92,9580988765.0
480.302,58.0,89908.0,5411.0,57.0,274.199,9581047757.0
480.403,75.0,89908.0,5411.0,57.0,322.109,9581103746.0
480.502,75.0,89908.0,5411.0,59.0,374.473,9581172986.0
480.603,93.0,89908.0,5411.0,57.0,417.561,9581287369.0
480.702,100.0,89908.0,5411.0,60.0,497.378,9581335786.0
480.802,100.0,89908.0,5411.0,58.0,545.507,9581382951.0
480.903,81.0,89908.0,5411.0,59.0,546.129,9581429208.0
481.003,81.0,89908.0,5411.0,59.0,546.731,9581476573.0
481.102,81.0,89908.0,5411.0,59.0,538.377,9581524390.0
481.202,81.0,89908.0,5411.0,59.0,521.99,9581572054.0
481.302,82.0,89908.0,5411.0,59.0,517.804,9581618306.0
481.402,82.0,89908.0,5411.0,60.0,493.339,9581662175.0
481.501,75.0,89908.0,5411.0,60.0,488.268,9581709904.0
481.601,75.0,89908.0,5411.0,60.0,468.198,9581754073.0
481.701,81.0,89908.0,5411.0,58.0,461.903,9581798196.0
481.801,81.0,89908.0,5411.0,58.0,459.335,9581842534.0
481.902,66.0,89908.0,5411.0,57.0,448.169,9581877396.0
482.002,66.0,89908.0,5411.0,57.0,448.169,9581905619.0
482.102,66.0,89908.0,5411.0,55.0,428.421,9581905619.0
482.203,55.0,89908.0,5411.0,54.0,404.804,9581929340.0
482.302,55.0,89908.0,5411.0,53.0,376.521,9581947695.0
482.402,54.0,89908.0,5411.0,52.0,350.268,9581965222.0
482.502,54.0,89908.0,5411.0,51.0,322.922,9581984275.0
482.603,55.0,89908.0,5411.0,51.0,291.573,9582001154.0
482.703,55.0,89908.0,5411.0,50.0,264.868,9582017374.0
482.803,52.0,89908.0,5411.0,50.0,243.895,9582036522.0
482.903,52.0,89908.0,5411.0,50.0,214.179,9582051645.0
483.003,51.0,89908.0,5411.0,49.0,190.984,9582067849.0
483.103,51.0,89908.0,5411.0,49.0,179.395,9582101254.0
483.202,50.0,89908.0,5411.0,49.0,172.106,9582118898.0
483.302,50.0,89908.0,5411.0,49.0,171.213,9582136571.0
483.402,50.0,89908.0,5411.0,49.0,171.398,9582153010.0
483.502,50.0,89908.0,5411.0,49.0,168.89,9582171159.0
483.600,50.0,89908.0,5411.0,49.0,171.012,9582189317.0
483.701,50.0,89908.0,5411.0,49.0,172.491,9582205543.0
483.802,25.0,89908.0,5411.0,48.0,168.099,9582218460.0
483.903,25.0,89908.0,5411.0,48.0,165.536,9582231341.0
484.003,0.0,89908.0,5411.0,48.0,162.571,9582244217.0
484.101,0.0,89908.0,5411.0,47.0,159.613,9582257036.0
484.201,0.0,89908.0,5411.0,47.0,155.523,9582269871.0
484.302,0.0,89908.0,5411.0,47.0,151.07,9582282696.0
484.402,0.0,89908.0,5411.0,47.0,145.862,9582295532.0
484.502,0.0,89908.0,5411.0,47.0,142.371,9582308357.0
484.602,0.0,89908.0,5411.0,47.0,138.268,9582321161.0
484.703,0.0,89908.0,5411.0,47.0,132.499,9582333969.0
484.802,0.0,89908.0,5411.0,47.0,128.459,9582333969.0
484.909,0.0,89908.0,5411.0,47.0,128.336,9582346749.0
485.003,0.0,89908.0,5411.0,47.0,128.231,9582359523.0
485.102,0.0,89908.0,5411.0,47.0,128.12,9582372284.0
485.202,0.0,89908.0,5411.0,47.0,128.054,9582385046.0
485.302,0.0,89908.0,5411.0,46.0,127.992,9582397802.0
485.402,0.0,89908.0,5411.0,46.0,127.954,9582410561.0
485.503,0.0,89908.0,5411.0,46.0,127.869,9582423318.0
485.602,0.0,89908.0,5411.0,46.0,127.785,9582436061.0
485.703,0.0,89908.0,5411.0,46.0,128.465,9582448861.0
485.802,51.0,89908.0,5411.0,47.0,132.694,9582465837.0
485.902,51.0,89908.0,5411.0,47.0,137.594,9582483519.0
486.003,50.0,89908.0,5411.0,47.0,142.604,9582517981.0
486.102,50.0,89908.0,5411.0,47.0,147.408,9582534970.0
486.203,50.0,89908.0,5411.0,47.0,151.137,9582552868.0
486.302,50.0,89908.0,5411.0,47.0,156.472,9582570077.0
486.402,50.0,89908.0,5411.0,47.0,160.395,9582587210.0
486.502,50.0,89908.0,5411.0,47.0,165.529,9582604401.0
486.603,47.0,89908.0,5411.0,47.0,169.652,9582617911.0
486.702,47.0,89908.0,5411.0,47.0,168.59,9582630667.0
486.802,0.0,89908.0,5411.0,47.0,164.648,9582643437.0
486.903,0.0,89908.0,5411.0,47.0,159.692,9582656216.0
487.003,0.0,89908.0,5411.0,46.0,155.012,9582668986.0
487.103,0.0,89908.0,5411.0,46.0,150.092,9582681714.0
487.202,0.0,89908.0,5411.0,46.0,145.87,9582694470.0
487.302,0.0,89908.0,5411.0,46.0,140.413,9582707196.0
487.403,0.0,89908.0,5411.0,46.0,136.355,9582719941.0
487.502,0.0,89908.0,5411.0,46.0,132.498,9582732714.0
487.603,0.0,89908.0,5411.0,46.0,128.169,9582732714.0
487.703,0.0,89908.0,5411.0,46.0,127.611,9582745448.0
487.803,0.0,89908.0,5411.0,46.0,127.587,9582758177.0
487.902,0.0,89908.0,5411.0,46.0,127.591,9582770918.0
488.002,0.0,89908.0,5411.0,46.0,127.534,9582783666.0
488.102,0.0,89908.0,5411.0,46.0,127.832,9582796390.0
488.203,62.0,89908.0,5411.0,46.0,154.56,9582824197.0
488.301,62.0,89908.0,5411.0,54.0,184.015,9582867777.0
488.401,100.0,89908.0,5411.0,55.0,237.18,9582930200.0
488.501,100.0,89908.0,5411.0,58.0,274.388,9582991773.0
488.601,97.0,89908.0,5411.0,57.0,318.761,9583099409.0
488.701,97.0,89908.0,5411.0,59.0,359.223,9583149925.0
488.802,75.0,89908.0,5411.0,57.0,454.333,9583213591.0
488.901,83.0,89908.0,5411.0,60.0,497.343,9583269683.0
489.001,83.0,89908.0,5411.0,60.0,533.351,9583323099.0
489.101,79.0,89908.0,5411.0,61.0,542.342,9583370737.0
489.202,79.0,89908.0,5411.0,61.0,545.876,9583417479.0
489.304,79.0,89908.0,5411.0,61.0,528.201,9583463728.0
489.401,79.0,89908.0,5411.0,61.0,515.251,9583510637.0
489.501,81.0,89908.0,5411.0,60.0,512.591,9583557126.0
489.602,81.0,89908.0,5411.0,60.0,499.572,9583603545.0
489.702,76.0,89908.0,5411.0,60.0,494.314,9583649510.0
489.802,76.0,89908.0,5411.0,60.0,482.114,9583696729.0
489.902,76.0,89908.0,5411.0,60.0,482.114,9583696729.0
490.002,81.0,89908.0,5411.0,61.0,471.483,9583744014.0
490.102,81.0,89908.0,5411.0,59.0,463.956,9583787660.0
490.201,80.0,89908.0,5411.0,59.0,455.115,9583829441.0
490.302,80.0,89908.0,5411.0,58.0,442.528,9583864119.0
490.402,61.0,89908.0,5411.0,57.0,426.802,9583893979.0
490.501,61.0,89908.0,5411.0,55.0,405.551,9583920082.0
490.602,55.0,89908.0,5411.0,53.0,378.02,9583941520.0
490.703,55.0,89908.0,5411.0,53.0,351.864,9583962329.0
490.803,52.0,89908.0,5411.0,52.0,322.645,9583980028.0
490.902,52.0,89908.0,5411.0,51.0,289.538,9583996553.0
491.002,53.0,89908.0,5411.0,51.0,261.862,9584030218.0
491.100,53.0,89908.0,5411.0,50.0,233.64,9584050992.0
491.201,51.0,89908.0,5411.0,50.0,219.428,9584071581.0
491.301,51.0,89908.0,5411.0,50.0,205.394,9584087538.0
491.402,19.0,89908.0,5411.0,49.0,186.781,9584100585.0
491.502,19.0,89908.0,5411.0,49.0,177.144,9584113560.0
491.602,0.0,89908.0,5411.0,48.0,169.048,9584126535.0
491.702,0.0,89908.0,5411.0,48.0,161.954,9584139461.0
491.803,0.0,89908.0,5411.0,48.0,157.651,9584152385.0
491.902,0.0,89908.0,5411.0,48.0,154.358,9584165322.0
492.002,0.0,89908.0,5411.0,48.0,149.564,9584178199.0
492.103,0.0,89908.0,5411.0,48.0,146.708,9584191045.0
492.202,0.0,89908.0,5411.0,47.0,137.362,9584203911.0
492.302,0.0,89908.0,5411.0,47.0,130.839,9584216758.0
492.402,0.0,89908.0,5411.0,47.0,129.257,9584229591.0
492.503,0.0,89908.0,5411.0,47.0,129.045,9584242411.0
492.603,0.0,89908.0,5411.0,47.0,128.913,9584255244.0
492.701,0.0,89908.0,5411.0,47.0,128.765,9584255244.0
492.803,0.0,89908.0,5411.0,47.0,128.617,9584268056.0
492.903,0.0,89908.0,5411.0,47.0,128.523,9584280871.0
493.003,0.0,89908.0,5411.0,47.0,128.399,9584293660.0
493.103,0.0,89908.0,5411.0,47.0,128.309,9584306435.0
493.203,0.0,89908.0,5411.0,47.0,128.253,9584319230.0
493.302,0.0,89908.0,5411.0,47.0,128.195,9584332042.0
493.402,0.0,89908.0,5411.0,47.0,128.087,9584344813.0
493.502,0.0,89908.0,5411.0,47.0,128.039,9584357547.0
493.602,43.0,89908.0,5411.0,47.0,132.227,9584373644.0
493.703,43.0,89908.0,5411.0,47.0,136.763,9584390909.0
493.803,50.0,89908.0,5411.0,47.0,141.643,9584425317.0
493.903,50.0,89908.0,5411.0,47.0,145.577,9584442721.0
494.002,50.0,89908.0,5411.0,47.0,150.385,9584459987.0
494.102,50.0,89908.0,5411.0,47.0,154.283,9584477070.0
494.203,51.0,89908.0,5411.0,47.0,159.39,9584494034.0
494.302,50.0,89908.0,5411.0,47.0,169.295,9584511915.0
494.402,50.0,89908.0,5411.0,47.0,171.493,9584528490.0
494.502,0.0,89908.0,5411.0,47.0,167.327,9584541339.0
494.602,0.0,89908.0,5411.0,47.0,162.719,9584554131.0
494.702,0.0,89908.0,5411.0,47.0,157.84,9584566935.0
494.803,0.0,89908.0,5411.0,47.0,153.512,9584579710.0
494.902,0.0,89908.0,5411.0,47.0,148.585,9584592491.0
495.002,0.0,89908.0,5411.0,46.0,144.58,9584605227.0
495.102,0.0,89908.0,5411.0,46.0,139.983,9584617999.0
495.202,0.0,89908.0,5411.0,46.0,136.286,9584630766.0
495.303,0.0,89908.0,5411.0,46.0,136.286,9584643535.0
495.402,0.0,89908.0,5411.0,46.0,131.445,9584643535.0
495.502,0.0,89908.0,5411.0,46.0,127.849,9584656296.0
495.602,0.0,89908.0,5411.0,46.0,127.819,9584669062.0
495.702,0.0,89908.0,5411.0,47.0,139.131,9584690602.0
495.803,54.0,89908.0,5411.0,48.0,144.206,9584710334.0
495.901,54.0,89908.0,5411.0,48.0,154.086,9584729457.0
496.001,79.0,89908.0,5411.0,50.0,196.533,9584772656.0
496.102,79.0,89908.0,5411.0,53.0,226.119,9584821770.0
496.202,67.0,89908.0,5411.0,57.0,278.677,9584885315.0
496.301,67.0,89908.0,5411.0,59.0,317.346,9584993882.0
496.402,100.0,89908.0,5411.0,59.0,362.766,9585051413.0
496.502,100.0,89908.0,5411.0,60.0,402.229,9585108301.0
496.602,100.0,89908.0,5411.0,59.0,452.234,9585171951.0
496.702,100.0,89908.0,5411.0,61.0,481.801,9585217980.0
496.802,81.0,89908.0,5411.0,60.0,543.08,9585263761.0
496.901,80.0,89908.0,5411.0,60.0,541.818,9585310775.0
497.001,80.0,89908.0,5411.0,60.0,539.419,9585357713.0
497.102,80.0,89908.0,5411.0,60.0,524.287,9585404769.0
497.202,80.0,89908.0,5411.0,60.0,518.609,9585451819.0
497.303,80.0,89908.0,5411.0,60.0,505.261,9585497132.0
497.402,80.0,89908.0,5411.0,60.0,496.553,9585542153.0
497.503,79.0,89908.0,5411.0,60.0,482.201,9585591832.0
497.603,79.0,89908.0,5411.0,61.0,471.124,9585638476.0
497.701,79.0,89908.0,5411.0,61.0,471.124,9585638476.0
497.801,83.0,89908.0,5411.0,60.0,468.027,9585683025.0
497.902,83.0,89908.0,5411.0,59.0,459.203,9585723761.0
498.003,66.0,89908.0,5411.0,58.0,443.525,9585757053.0
498.102,66.0,89908.0,5411.0,56.0,417.167,9585783555.0
498.202,57.0,89908.0,5411.0,55.0,398.17,9585808888.0
498.302,57.0,89908.0,5411.0,53.0,374.103,9585832981.0
498.403,53.0,89908.0,5411.0,52.0,344.724,9585853332.0
498.502,53.0,89908.0,5411.0,52.0,319.089,9585872504.0
498.603,55.0,89908.0,5411.0,51.0,290.473,9585891286.0
498.703,55.0,89908.0,5411.0,51.0,257.892,9585906757.0
498.802,53.0,89908.0,5411.0,50.0,238.874,9585943987.0
498.902,53.0,89908.0,5411.0,50.0,213.133,9585958706.0
499.001,52.0,89908.0,5411.0,50.0,197.603,9585976117.0
499.102,52.0,89908.0,5411.0,50.0,190.365,9585998194.0
499.202,52.0,89908.0,5411.0,49.0,187.1,9586017377.0
499.302,52.0,89908.0,5411.0,49.0,184.431,9586034628.0
499.403,52.0,89908.0,5411.0,49.0,180.581,9586056240.0
499.502,52.0,89908.0,5411.0,49.0,182.129,9586072897.0
499.602,52.0,89908.0,5411.0,49.0,184.574,9586092275.0
499.702,52.0,89908.0,5411.0,49.0,178.11,9586107227.0
499.802,52.0,89908.0,5411.0,49.0,177.252,9586121876.0
499.902,51.0,89908.0,5411.0,48.0,177.652,9586137188.0
500.002,51.0,89908.0,5411.0,48.0,176.282,9586153497.0
500.103,50.0,89908.0,5411.0,48.0,172.659,9586170738.0
500.203,50.0,89908.0,5411.0,48.0,170.776,9586188292.0
500.303,50.0,89908.0,5411.0,48.0,170.776,9586188292.0
500.403,15.0,89908.0,5411.0,48.0,168.167,9586203721.0
500.503,15.0,89908.0,5411.0,48.0,158.452,9586216620.0
500.602,0.0,89908.0,5411.0,47.0,154.336,9586229506.0
500.702,0.0,89908.0,5411.0,47.0,149.442,9586242359.0
500.802,0.0,89908.0,5411.0,47.0,147.466,9586255252.0
500.902,0.0,89908.0,5411.0,47.0,145.607,9586268079.0
501.001,0.0,89908.0,5411.0,47.0,143.34,9586280893.0
501.101,0.0,89908.0,5411.0,47.0,139.288,9586293696.0
501.201,0.0,89908.0,5411.0,47.0,135.516,9586306509.0
501.301,0.0,89908.0,5411.0,47.0,130.821,9586319273.0
501.401,0.0,89908.0,5411.0,47.0,128.414,9586332055.0
501.501,0.0,89908.0,5411.0,47.0,128.281,9586357606.0
501.601,0.0,89908.0,5411.0,47.0,128.173,9586370365.0
501.701,0.0,89908.0,5411.0,47.0,128.091,9586383134.0
501.801,0.0,89908.0,5411.0,47.0,127.959,9586395904.0
501.901,0.0,89908.0,5411.0,46.0,127.867,9586408655.0
502.001,0.0,89908.0,5411.0,46.0,127.806,9586421393.0
502.101,0.0,89908.0,5411.0,46.0,127.747,9586434147.0
502.201,0.0,89908.0,5411.0,46.0,127.685,9586446895.0
502.303,0.0,89908.0,5411.0,46.0,127.645,9586459660.0
502.402,0.0,89908.0,5411.0,46.0,127.802,9586472417.0
502.502,50.0,89908.0,5411.0,47.0,130.852,9586487407.0
502.602,50.0,89908.0,5411.0,47.0,134.991,9586504221.0
502.701,50.0,89908.0,5411.0,47.0,139.802,9586521881.0
502.803,50.0,89908.0,5411.0,47.0,143.427,9586538302.0
502.902,50.0,89908.0,5411.0,47.0,143.427,9586555218.0
503.003,50.0,89908.0,5411.0,47.0,147.624,9586555218.0
503.103,50.0,89908.0,5411.0,47.0,152.221,9586572553.0
503.203,42.0,89908.0,5411.0,47.0,156.282,9586589523.0
503.303,42.0,89908.0,5411.0,47.0,155.774,9586602712.0
503.402,0.0,89908.0,5411.0,47.0,156.362,9586615474.0
503.502,0.0,89908.0,5411.0,46.0,155.804,9586628269.0
503.602,0.0,89908.0,5411.0,46.0,153.327,9586641002.0
503.703,0.0,89908.0,5411.0,46.0,149.411,9586653781.0
503.803,0.0,89908.0,5411.0,46.0,144.437,9586666534.0
503.902,0.0,89908.0,5411.0,46.0,140.21,9586679272.0
504.002,0.0,89908.0,5411.0,46.0,135.793,9586691885.0
504.102,0.0,89908.0,5411.0,46.0,130.905,9586704458.0
504.202,0.0,89908.0,5411.0,46.0,127.116,9586729503.0
504.303,0.0,89908.0,5411.0,46.0,126.82,9586741985.0
504.402,0.0,89908.0,5411.0,46.0,126.527,9586754476.0
504.503,0.0,89908.0,5411.0,46.0,126.222,9586766979.0
504.601,0.0,89908.0,5411.0,46.0,125.943,9586779458.0
504.701,0.0,89908.0,5411.0,46.0,125.66,9586791976.0
504.803,0.0,89908.0,5411.0,46.0,125.44,9586814772.0
504.902,0.0,89908.0,5411.0,46.0,155.615,9586852504.0
505.001,33.0,89908.0,5411.0,47.0,160.387,9586865278.0
505.102,0.0,89908.0,5411.0,47.0,164.774,9586877867.0
505.202,0.0,89908.0,5411.0,50.0,212.877,9586920272.0
505.302,100.0,89908.0,5411.0,55.0,259.158,9586983959.0
505.402,100.0,89908.0,5411.0,53.0,287.029,9587029380.0
505.502,100.0,89908.0,5411.0,58.0,337.864,9587084738.0
505.603,100.0,89908.0,5411.0,58.0,337.864,9587132605.0
505.703,100.0,89908.0,5411.0,59.0,374.546,9587132605.0
505.803,100.0,89908.0,5411.0,59.0,425.996,9587194708.0
505.903,100.0,89908.0,5411.0,61.0,433.733,9587251158.0
506.003,88.0,89908.0,5411.0,60.0,470.402,9587306772.0
506.103,88.0,89908.0,5411.0,59.0,505.793,9587354986.0
506.201,81.0,89908.0,5411.0,59.0,532.137,9587403778.0
506.302,81.0,89908.0,5411.0,59.0,522.47,9587451250.0
506.403,80.0,89908.0,5411.0,59.0,510.221,9587499321.0
506.502,80.0,89908.0,5411.0,60.0,508.267,9587545992.0
506.601,80.0,89908.0,5411.0,60.0,499.925,9587594709.0
506.703,80.0,89908.0,5411.0,59.0,497.431,9587689686.0
506.803,82.0,89908.0,5411.0,59.0,483.739,9587736091.0
506.902,82.0,89908.0,5411.0,59.0,479.096,9587782819.0
507.003,77.0,89908.0,5411.0,60.0,468.081,9587823198.0
507.103,77.0,89908.0,5411.0,60.0,457.346,9587861175.0
507.202,71.0,89908.0,5411.0,58.0,445.283,9587892204.0
507.303,71.0,89908.0,5411.0,56.0,426.289,9587916861.0
507.403,57.0,89908.0,5411.0,55.0,403.997,9587939852.0
507.502,57.0,89908.0,5411.0,52.0,380.078,9587959032.0
507.601,54.0,89908.0,5411.0,52.0,351.96,9587980634.0
507.702,54.0,89908.0,5411.0,52.0,327.817,9588000304.0
507.803,54.0,89908.0,5411.0,51.0,299.106,9588019751.0
507.902,54.0,89908.0,5411.0,51.0,269.24,9588019751.0
508.002,55.0,89908.0,5411.0,50.0,250.97,9588040446.0
508.101,55.0,89908.0,5411.0,50.0,228.764,9588058829.0
508.203,53.0,89908.0,5411.0,50.0,212.931,9588078470.0
508.302,53.0,89908.0,5411.0,49.0,207.163,9588099790.0
508.403,51.0,89908.0,5411.0,49.0,201.673,9588119164.0
508.502,51.0,89908.0,5411.0,49.0,194.671,9588135787.0
508.603,52.0,89908.0,5411.0,49.0,190.155,9588151494.0
508.703,52.0,89908.0,5411.0,49.0,186.787,9588166245.0
508.802,50.0,89908.0,5411.0,49.0,184.331,9588184656.0
508.903,50.0,89908.0,5411.0,49.0,183.33,9588201871.0
509.003,50.0,89908.0,5411.0,48.0,178.927,9588237481.0
509.102,50.0,89908.0,5411.0,48.0,179.854,9588254704.0
509.203,50.0,89908.0,5411.0,48.0,176.048,9588272075.0
509.302,50.0,89908.0,5411.0,48.0,172.342,9588289578.0
509.403,50.0,89908.0,5411.0,48.0,171.18,9588308579.0
509.502,50.0,89908.0,5411.0,48.0,174.71,9588326812.0
509.602,50.0,89908.0,5411.0,48.0,176.553,9588344461.0
509.703,50.0,89908.0,5411.0,48.0,178.759,9588361998.0
509.803,50.0,89908.0,5411.0,48.0,177.514,9588379081.0
509.902,50.0,89908.0,5411.0,48.0,178.602,9588396664.0
510.001,50.0,89908.0,5411.0,48.0,176.834,9588413660.0
510.103,36.0,89908.0,5411.0,48.0,175.066,9588430182.0
510.203,36.0,89908.0,5411.0,47.0,170.425,9588443281.0
510.303,0.0,89908.0,5411.0,47.0,165.245,9588456173.0
510.402,0.0,89908.0,5411.0,47.0,158.749,9588469070.0
510.502,0.0,89908.0,5411.0,47.0,158.749,9588481940.0
510.603,0.0,89908.0,5411.0,47.0,154.247,9588481940.0
510.703,0.0,89908.0,5411.0,47.0,148.745,9588494746.0
510.803,0.0,89908.0,5411.0,47.0,144.495,9588507422.0
510.902,0.0,89908.0,5411.0,46.0,139.808,9588520019.0
511.003,0.0,89908.0,5411.0,46.0,133.906,9588532576.0
511.102,0.0,89908.0,5411.0,46.0,130.597,9588545095.0
511.203,0.0,89908.0,5411.0,46.0,127.155,9588557617.0
511.302,0.0,89908.0,5411.0,46.0,126.753,9588570139.0
511.403,0.0,89908.0,5411.0,46.0,126.435,9588582659.0
511.502,0.0,89908.0,5411.0,46.0,126.012,9588595164.0
511.603,0.0,89908.0,5411.0,46.0,125.73,9588607681.0
511.701,0.0,89908.0,5411.0,46.0,125.501,9588620205.0
511.802,0.0,89908.0,5411.0,46.0,125.36,9588645228.0
511.902,0.0,89908.0,5411.0,46.0,125.273,9588657729.0
512.002,0.0,89908.0,5411.0,46.0,125.238,9588670212.0
512.103,0.0,89908.0,5411.0,46.0,125.23,9588682702.0
512.202,0.0,89908.0,5411.0,46.0,125.856,9588697129.0
512.303,0.0,89908.0,5411.0,46.0,128.759,9588714300.0
512.401,51.0,89908.0,5411.0,46.0,134.047,9588731691.0
512.502,51.0,89908.0,5411.0,47.0,138.464,9588748285.0
512.602,50.0,89908.0,5411.0,47.0,143.026,9588765520.0
512.702,50.0,89908.0,5411.0,47.0,147.61,9588783637.0
512.803,50.0,89908.0,5411.0,47.0,158.011,9588800515.0
512.902,50.0,89908.0,5411.0,47.0,161.927,9588817438.0
513.002,50.0,89908.0,5411.0,47.0,166.026,9588834941.0
513.103,0.0,89908.0,5411.0,46.0,166.294,9588848762.0
513.203,0.0,89908.0,5411.0,46.0,163.698,9588861506.0
513.302,0.0,89908.0,5411.0,46.0,163.698,9588874255.0
513.402,0.0,89908.0,5411.0,46.0,158.557,9588874255.0
513.502,0.0,89908.0,5411.0,46.0,154.261,9588887008.0
513.602,0.0,89908.0,5411.0,46.0,149.788,9588899735.0
513.701,0.0,89908.0,5411.0,46.0,146.317,9588912436.0
513.801,0.0,89908.0,5411.0,46.0,140.945,9588925169.0
513.903,0.0,89908.0,5411.0,52.0,154.159,9588938981.0
514.002,86.0,89908.0,5411.0,52.0,183.302,9588995523.0
514.103,86.0,89908.0,5411.0,56.0,228.041,9589042540.0
514.202,100.0,89908.0,5411.0,55.0,276.829,9589105259.0
514.302,100.0,89908.0,5411.0,59.0,313.916,9589156506.0
514.403,100.0,89908.0,5411.0,59.0,362.017,9589215041.0
514.503,100.0,89908.0,5411.0,59.0,399.251,9589315833.0
514.602,80.0,89908.0,5411.0,57.0,422.871,9589360645.0
514.701,80.0,89908.0,5411.0,58.0,455.363,9589408276.0
514.802,78.0,89908.0,5411.0,57.0,497.919,9589456051.0
514.901,78.0,89908.0,5411.0,58.0,516.867,9589504823.0
515.002,78.0,89908.0,5411.0,58.0,511.249,9589551663.0
515.111,78.0,89908.0,5411.0,58.0,505.536,9589598638.0
515.202,78.0,89908.0,5411.0,58.0,483.562,9589642308.0
515.302,78.0,89908.0,5411.0,58.0,476.382,9589679875.0
515.401,77.0,89908.0,5411.0,57.0,451.265,9589718926.0
515.501,77.0,89908.0,5411.0,55.0,436.925,9589749367.0
515.603,61.0,89908.0,5411.0,54.0,421.592,9589773241.0
515.703,61.0,89908.0,5411.0,52.0,397.812,9589792136.0
515.803,54.0,89908.0,5411.0,51.0,368.059,9589811298.0
515.903,54.0,89908.0,5411.0,51.0,341.855,9589832722.0
516.003,54.0,89908.0,5411.0,50.0,310.395,9589832722.0
516.102,54.0,89908.0,5411.0,50.0,282.637,9589848874.0
516.203,52.0,89908.0,5411.0,49.0,261.513,9589868041.0
516.302,52.0,89908.0,5411.0,49.0,241.114,9589890683.0
516.402,51.0,89908.0,5411.0,49.0,222.238,9589910434.0
516.503,51.0,89908.0,5411.0,49.0,205.703,9589929136.0
516.602,50.0,89908.0,5411.0,49.0,195.528,9589947937.0
516.702,50.0,89908.0,5411.0,48.0,187.812,9589964570.0
516.802,0.0,89908.0,5411.0,48.0,183.201,9589977518.0
516.902,0.0,89908.0,5411.0,48.0,175.803,9589990421.0
517.002,0.0,89908.0,5411.0,47.0,168.696,9590003290.0
517.102,0.0,89908.0,5411.0,47.0,166.008,9590028976.0
517.202,0.0,89908.0,5411.0,47.0,156.605,9590041763.0
517.301,0.0,89908.0,5411.0,47.0,146.397,9590054566.0
517.402,0.0,89908.0,5411.0,47.0,142.431,9590067371.0
517.502,0.0,89908.0,5411.0,47.0,136.838,9590080205.0
517.602,0.0,89908.0,5411.0,47.0,131.184,9590092985.0
517.702,0.0,89908.0,5411.0,47.0,128.423,9590105786.0
517.802,0.0,89908.0,5411.0,46.0,128.287,9590118571.0
517.902,0.0,89908.0,5411.0,46.0,128.183,9590131310.0
518.001,0.0,89908.0,5411.0,46.0,128.057,9590144081.0
518.102,0.0,89908.0,5411.0,46.0,127.95,9590156815.0
518.201,0.0,89908.0,5411.0,46.0,127.894,9590171774.0
518.303,50.0,89908.0,5411.0,47.0,136.477,9590188562.0
518.402,50.0,89908.0,5411.0,47.0,140.749,9590205775.0
518.503,50.0,89908.0,5411.0,47.0,145.122,9590223183.0
518.603,50.0,89908.0,5411.0,47.0,145.122,9590223183.0
518.703,50.0,89908.0,5411.0,47.0,149.697,9590240470.0
518.803,50.0,89908.0,5411.0,47.0,154.754,9590258814.0
518.903,50.0,89908.0,5411.0,47.0,160.122,9590276200.0
519.003,48.0,89908.0,5411.0,47.0,163.447,9590293740.0
519.102,48.0,89908.0,5411.0,46.0,162.761,9590307253.0
519.203,0.0,89908.0,5411.0,46.0,163.454,9590319996.0
519.303,0.0,89908.0,5411.0,46.0,159.33,9590332734.0
519.402,0.0,89908.0,5411.0,46.0,154.761,9590345479.0
519.501,0.0,89908.0,5411.0,46.0,150.188,9590358228.0
519.602,0.0,89908.0,5411.0,46.0,146.6,9590370928.0
519.702,0.0,89908.0,5411.0,46.0,141.197,9590383596.0
519.801,0.0,89908.0,5411.0,46.0,136.186,9590408933.0
519.902,0.0,89908.0,5411.0,47.0,133.069,9590435484.0
520.003,55.0,89908.0,5411.0,50.0,147.829,9590476098.0
520.103,55.0,89908.0,5411.0,54.0,181.185,9590530349.0
520.203,100.0,89908.0,5411.0,54.0,235.382,9590588058.0
520.302,100.0,89908.0,5411.0,57.0,276.155,9590653263.0
520.403,100.0,89908.0,5411.0,59.0,363.621,9590705195.0
520.502,100.0,89908.0,5411.0,58.0,419.491,9590767456.0
520.602,100.0,89908.0,5411.0,58.0,419.491,9590818953.0
520.702,100.0,89908.0,5411.0,58.0,444.001,9590818953.0
520.802,85.0,89908.0,5411.0,59.0,479.577,9590864576.0
520.902,85.0,89908.0,5411.0,59.0,518.623,9590914129.0
521.002,83.0,89908.0,5411.0,58.0,533.625,9590959299.0
521.101,83.0,89908.0,5411.0,59.0,533.617,9591007403.0
521.202,78.0,89908.0,5411.0,59.0,514.38,9591053019.0
521.301,78.0,89908.0,5411.0,58.0,499.016,9591097563.0
521.402,76.0,89908.0,5411.0,59.0,484.176,9591140614.0
521.501,76.0,89908.0,5411.0,58.0,474.319,9591185173.0
521.602,75.0,89908.0,5411.0,57.0,453.186,9591229343.0
521.702,75.0,89908.0,5411.0,56.0,436.443,9591263988.0
521.801,64.0,89908.0,5411.0,54.0,419.534,9591324116.0
521.901,64.0,89908.0,5411.0,53.0,397.698,9591343874.0
522.002,56.0,89908.0,5411.0,52.0,375.323,9591364675.0
522.102,56.0,89908.0,5411.0,51.0,345.561,9591386035.0
522.201,54.0,89908.0,5411.0,50.0,324.403,9591405681.0
522.302,54.0,89908.0,5411.0,50.0,298.866,9591424461.0
522.402,54.0,89908.0,5411.0,50.0,277.903,9591444358.0
522.504,54.0,89908.0,5411.0,49.0,247.088,9591459239.0
522.607,52.0,89908.0,5411.0,49.0,222.247,9591476255.0
522.702,52.0,89908.0,5411.0,49.0,207.708,9591493883.0
522.802,50.0,89908.0,5411.0,49.0,195.554,9591511789.0
522.903,50.0,89908.0,5411.0,49.0,186.768,9591529318.0
523.002,30.0,89908.0,5411.0,48.0,174.8,9591542301.0
523.102,0.0,89908.0,5411.0,47.0,166.207,9591555203.0
523.202,0.0,89908.0,5411.0,47.0,166.207,9591568084.0
523.302,0.0,89908.0,5411.0,47.0,159.548,9591568084.0
523.402,0.0,89908.0,5411.0,47.0,152.514,9591580934.0
523.501,0.0,89908.0,5411.0,47.0,148.608,9591593776.0
523.603,0.0,89908.0,5411.0,47.0,146.737,9591606599.0
523.703,0.0,89908.0,5411.0,47.0,142.229,9591619418.0
523.802,0.0,89908.0,5411.0,47.0,136.613,9591632230.0
523.902,0.0,89908.0,5411.0,47.0,131.434,9591644966.0
524.003,0.0,89908.0,5411.0,47.0,128.418,9591657742.0
524.102,0.0,89908.0,5411.0,46.0,128.26,9591670518.0
524.202,0.0,89908.0,5411.0,46.0,128.11,9591683272.0
524.302,0.0,89908.0,5411.0,46.0,127.991,9591696026.0
524.402,0.0,89908.0,5411.0,46.0,127.904,9591708790.0
524.503,0.0,89908.0,5411.0,46.0,127.816,9591734290.0
524.603,0.0,89908.0,5411.0,46.0,127.69,9591747021.0
524.702,0.0,89908.0,5411.0,46.0,127.619,9591759748.0
524.802,0.0,89908.0,5411.0,46.0,127.577,9591772455.0
524.902,0.0,89908.0,5411.0,46.0,127.525,9591785192.0
525.003,0.0,89908.0,5411.0,46.0,127.467,9591797914.0
525.102,0.0,89908.0,5411.0,46.0,127.435,9591810635.0
525.203,0.0,89908.0,5411.0,46.0,127.392,9591823357.0
525.303,0.0,89908.0,5411.0,46.0,127.349,9591836049.0
525.403,0.0,89908.0,5411.0,46.0,127.296,9591848756.0
525.503,0.0,89908.0,5411.0,46.0,127.261,9591861476.0
525.603,0.0,89908.0,5411.0,46.0,127.231,9591874183.0
525.703,0.0,89908.0,5411.0,46.0,127.227,9591886892.0
525.803,0.0,89908.0,5411.0,46.0,127.218,9591899605.0
525.903,0.0,89908.0,5411.0,46.0,127.195,9591912296.0
526.004,0.0,89908.0,5411.0,46.0,127.149,9591924974.0
526.103,0.0,89908.0,5411.0,46.0,127.104,9591937650.0
526.202,0.0,89908.0,5411.0,46.0,127.057,9591950334.0
526.302,0.0,89908.0,5411.0,46.0,127.047,9591963023.0
526.403,0.0,89908.0,5411.0,46.0,127.039,9591963023.0
526.502,0.0,89908.0,5411.0,46.0,126.994,9591975697.0
526.602,0.0,89908.0,5411.0,46.0,126.957,9591988365.0
526.704,0.0,89908.0,5411.0,46.0,126.954,9592001072.0
526.803,0.0,89908.0,5411.0,46.0,126.93,9592013759.0
526.902,0.0,89908.0,5411.0,46.0,126.893,9592026453.0
527.003,0.0,89908.0,5411.0,46.0,126.893,9592039133.0
527.103,0.0,89908.0,5411.0,46.0,126.917,9592051810.0
527.203,0.0,89908.0,5411.0,46.0,126.898,9592064476.0
527.303,0.0,89908.0,5411.0,46.0,126.88,9592077152.0
527.403,0.0,89908.0,5411.0,46.0,126.856,9592089817.0
527.503,0.0,89908.0,5411.0,46.0,126.852,9592102488.0
527.602,0.0,89908.0,5411.0,46.0,126.849,9592127841.0
527.702,0.0,89908.0,5411.0,46.0,126.834,9592140496.0
527.802,0.0,89908.0,5411.0,45.0,126.796,9592153183.0
527.902,0.0,89908.0,5411.0,45.0,126.799,9592165859.0
528.002,0.0,89908.0,5411.0,45.0,126.813,9592178524.0
528.103,0.0,89908.0,5411.0,45.0,126.784,9592191188.0
528.202,0.0,89908.0,5411.0,45.0,126.769,9592203852.0
528.302,0.0,89908.0,5411.0,45.0,126.751,9592216495.0
528.403,0.0,89908.0,5411.0,45.0,126.753,9592229359.0
528.504,0.0,89908.0,5411.0,45.0,126.747,9592241801.0
528.602,0.0,89908.0,5411.0,45.0,126.683,9592254384.0
528.703,0.0,89908.0,5411.0,45.0,126.59,9592266972.0
528.803,0.0,89908.0,5411.0,45.0,126.497,9592279523.0
528.902,0.0,89908.0,5411.0,45.0,126.358,9592292077.0
529.002,0.0,89908.0,5411.0,45.0,126.12,9592304622.0
529.103,0.0,89908.0,5411.0,45.0,126.12,9592317205.0
529.203,0.0,89908.0,5411.0,45.0,126.036,9592317205.0
529.302,0.0,89908.0,5411.0,45.0,125.952,9592329782.0
529.402,0.0,89908.0,5411.0,45.0,125.845,9592342333.0
529.502,0.0,89908.0,5411.0,45.0,125.758,9592354897.0
529.603,0.0,89908.0,5411.0,45.0,125.781,9592367501.0
529.703,0.0,89908.0,5411.0,45.0,125.766,9592380104.0
529.802,0.0,89908.0,5411.0,45.0,125.773,9592392690.0
529.902,0.0,89908.0,5411.0,45.0,125.812,9592405262.0
530.002,0.0,89908.0,5411.0,45.0,125.809,9592417825.0
530.102,0.0,89908.0,5411.0,45.0,125.807,9592430373.0
530.202,0.0,89908.0,5411.0,45.0,125.78,9592442919.0
530.302,0.0,89908.0,5411.0,45.0,125.772,9592455468.0
530.402,0.0,89908.0,5411.0,45.0,125.75,9592480593.0
530.502,0.0,89908.0,5411.0,45.0,125.767,9592493168.0
530.602,0.0,89908.0,5411.0,45.0,125.728,9592505748.0
530.702,0.0,89908.0,5411.0,45.0,125.724,9592518320.0
530.802,0.0,89908.0,5411.0,45.0,125.716,9592530885.0
530.902,0.0,89908.0,5411.0,45.0,125.734,9592543446.0
531.002,0.0,89908.0,5411.0,45.0,125.718,9592556024.0
531.102,0.0,89908.0,5411.0,45.0,125.733,9592568582.0
531.202,0.0,89908.0,5411.0,45.0,125.757,9592581152.0
531.303,0.0,89908.0,5411.0,45.0,125.771,9592593707.0
531.403,0.0,89908.0,5411.0,45.0,125.761,9592606287.0
531.503,0.0,89908.0,5411.0,45.0,125.768,9592618834.0
531.603,0.0,89908.0,5411.0,45.0,125.756,9592631394.0
531.703,0.0,89908.0,5411.0,45.0,125.725,9592643976.0
531.802,0.0,89908.0,5411.0,45.0,125.737,9592656518.0
531.904,0.0,89908.0,5411.0,45.0,125.737,9592669071.0
532.002,0.0,89908.0,5411.0,45.0,125.706,9592669071.0
532.103,0.0,89908.0,5411.0,45.0,125.705,9592681653.0
532.202,0.0,89908.0,5411.0,45.0,125.71,9592694207.0
532.303,0.0,89908.0,5411.0,45.0,125.678,9592706755.0
532.402,0.0,89908.0,5411.0,45.0,125.704,9592719314.0
532.502,0.0,89908.0,5411.0,45.0,125.704,9592731883.0
532.602,0.0,89908.0,5411.0,45.0,125.69,9592744443.0
532.702,0.0,89908.0,5411.0,45.0,125.684,9592756984.0
532.803,0.0,89908.0,5411.0,45.0,125.689,9592769566.0
532.902,0.0,89908.0,5411.0,45.0,125.707,9592782133.0
533.002,0.0,89908.0,5411.0,45.0,125.693,9592794678.0
533.102,0.0,89908.0,5411.0,45.0,125.734,9592807247.0
533.202,0.0,89908.0,5411.0,45.0,125.743,9592819853.0
533.302,0.0,89908.0,5411.0,45.0,125.734,9592844954.0
533.402,0.0,89908.0,5411.0,45.0,125.703,9592857509.0
533.502,0.0,89908.0,5411.0,45.0,125.736,9592870071.0
533.602,0.0,89908.0,5411.0,45.0,125.728,9592882613.0
533.702,0.0,89908.0,5411.0,45.0,125.695,9592895173.0
533.803,0.0,89908.0,5411.0,45.0,125.7,9592907731.0
533.903,0.0,89908.0,5411.0,45.0,125.672,9592920281.0
534.003,0.0,89908.0,5411.0,45.0,125.683,9592932863.0
534.102,0.0,89908.0,5411.0,45.0,125.657,9592945416.0
534.203,0.0,89908.0,5411.0,45.0,125.622,9592957949.0
534.302,0.0,89908.0,5411.0,45.0,125.602,9592970493.0
534.402,0.0,89908.0,5411.0,45.0,125.589,9592983066.0
534.503,0.0,89908.0,5411.0,45.0,125.575,9592995600.0
534.603,0.0,89908.0,5411.0,45.0,125.572,9593008142.0
534.703,0.0,89908.0,5411.0,45.0,125.565,9593020690.0
534.802,0.0,89908.0,5411.0,45.0,125.586,9593033262.0
534.903,0.0,89908.0,5411.0,45.0,125.618,9593045826.0
535.002,0.0,89908.0,5411.0,45.0,125.572,9593058379.0
535.103,0.0,89908.0,5411.0,45.0,125.567,9593058379.0
535.202,0.0,89908.0,5411.0,45.0,125.566,9593070915.0
535.303,0.0,89908.0,5411.0,45.0,125.586,9593083459.0
535.402,0.0,89908.0,5411.0,45.0,125.602,9593096021.0
535.502,0.0,89908.0,5411.0,45.0,125.607,9593108581.0
535.602,0.0,89908.0,5411.0,45.0,125.616,9593121128.0
535.703,0.0,89908.0,5411.0,45.0,125.603,9593133676.0
535.803,0.0,89908.0,5411.0,45.0,125.559,9593146212.0
535.902,0.0,89908.0,5411.0,45.0,125.562,9593158761.0
536.003,0.0,89908.0,5411.0,45.0,125.574,9593171315.0
536.102,0.0,89908.0,5411.0,45.0,125.609,9593183887.0
536.203,0.0,89908.0,5411.0,45.0,125.636,9593196457.0
536.303,0.0,89908.0,5411.0,45.0,125.633,9593221581.0
536.403,0.0,89908.0,5411.0,45.0,125.634,9593234126.0
536.502,0.0,89908.0,5411.0,45.0,125.645,9593246664.0
536.602,0.0,89908.0,5411.0,45.0,125.627,9593259226.0
536.703,0.0,89908.0,5411.0,45.0,125.633,9593271774.0
536.802,0.0,89908.0,5411.0,45.0,125.665,9593284330.0
536.902,0.0,89908.0,5411.0,45.0,125.657,9593296880.0
537.002,0.0,89908.0,5411.0,45.0,125.64,9593309449.0
537.102,0.0,89908.0,5411.0,45.0,125.621,9593321978.0
537.203,0.0,89908.0,5411.0,45.0,125.58,9593334523.0
537.303,0.0,89908.0,5411.0,45.0,125.566,9593347080.0
537.403,0.0,89908.0,5411.0,45.0,125.578,9593359628.0
537.503,0.0,89908.0,5411.0,45.0,125.589,9593372189.0
537.603,0.0,89908.0,5411.0,45.0,125.57,9593384717.0
537.702,0.0,89908.0,5411.0,45.0,125.536,9593397246.0
537.803,0.0,89908.0,5411.0,45.0,125.536,9593409789.0
537.903,0.0,89908.0,5411.0,45.0,125.563,9593409789.0
538.003,0.0,89908.0,5411.0,45.0,125.516,9593422333.0
538.103,0.0,89908.0,5411.0,45.0,125.522,9593434870.0
538.203,0.0,89908.0,5411.0,45.0,125.542,9593447425.0
538.302,0.0,89908.0,5411.0,45.0,125.516,9593459965.0
538.403,0.0,89908.0,5411.0,45.0,125.509,9593472508.0
538.502,0.0,89908.0,5411.0,45.0,125.488,9593485048.0
538.602,0.0,89908.0,5411.0,45.0,125.484,9593497592.0
538.702,0.0,89908.0,5411.0,45.0,125.497,9593510117.0
538.802,0.0,89908.0,5411.0,45.0,125.52,9593522682.0
538.903,0.0,89908.0,5411.0,45.0,125.523,9593535245.0
539.002,0.0,89908.0,5411.0,45.0,125.54,9593547787.0
539.102,0.0,89908.0,5411.0,45.0,125.566,9593572896.0
539.203,0.0,89908.0,5411.0,45.0,125.537,9593585407.0
539.302,0.0,89908.0,5411.0,45.0,125.502,9593597943.0
539.402,0.0,89908.0,5411.0,45.0,125.51,9593610476.0
539.503,0.0,89908.0,5411.0,45.0,125.549,9593623028.0
539.602,0.0,89908.0,5411.0,45.0,125.532,9593635566.0
539.703,0.0,89908.0,5411.0,45.0,125.512,9593648097.0
539.803,0.0,89908.0,5411.0,45.0,125.475,9593660633.0
539.903,0.0,89908.0,5411.0,45.0,125.45,9593673165.0
540.003,0.0,89908.0,5411.0,45.0,125.426,9593685707.0
540.102,0.0,89908.0,5411.0,45.0,125.388,9593698243.0
540.202,0.0,89908.0,5411.0,45.0,125.427,9593710794.0
540.303,0.0,89908.0,5411.0,45.0,125.457,9593723345.0
540.402,0.0,89908.0,5411.0,45.0,125.494,9593735890.0
540.502,0.0,89908.0,5411.0,45.0,125.497,9593748449.0
540.602,0.0,89908.0,5411.0,45.0,125.505,9593760994.0
540.702,0.0,89908.0,5411.0,45.0,125.489,9593760994.0
540.802,0.0,89908.0,5411.0,45.0,125.488,9593773532.0
540.903,0.0,89908.0,5411.0,45.0,125.483,9593786034.0
541.003,0.0,89908.0,5411.0,45.0,125.488,9593798577.0
541.102,0.0,89908.0,5411.0,45.0,125.549,9593811121.0
541.203,0.0,89908.0,5411.0,45.0,125.536,9593823677.0
541.303,0.0,89908.0,5411.0,45.0,125.499,9593836220.0
541.402,0.0,89908.0,5411.0,45.0,125.487,9593848763.0
541.503,0.0,89908.0,5411.0,45.0,125.472,9593861309.0
541.602,0.0,89908.0,5411.0,45.0,125.47,9593873845.0
541.702,0.0,89908.0,5411.0,45.0,125.489,9593886381.0
541.803,0.0,89908.0,5411.0,45.0,125.521,9593898930.0
541.902,0.0,89908.0,5411.0,45.0,125.536,9593911493.0
542.003,0.0,89908.0,5411.0,45.0,125.547,9593936571.0
542.103,0.0,89908.0,5411.0,45.0,125.539,9593949134.0
542.203,0.0,89908.0,5411.0,45.0,125.515,9593961665.0
542.303,0.0,89908.0,5411.0,45.0,125.518,9593974206.0
542.402,0.0,89908.0,5411.0,45.0,125.539,9593986767.0
542.502,0.0,89908.0,5411.0,45.0,125.545,9593999307.0
542.602,0.0,89908.0,5411.0,45.0,125.554,9594011886.0
542.702,0.0,89908.0,5411.0,45.0,125.562,9594024427.0
542.803,0.0,89908.0,5411.0,45.0,125.555,9594036971.0
542.902,0.0,89908.0,5411.0,45.0,125.521,9594049489.0
543.002,0.0,89908.0,5411.0,45.0,125.486,9594062011.0
543.102,0.0,89908.0,5411.0,45.0,125.472,9594074565.0
543.202,0.0,89908.0,5411.0,45.0,125.463,9594087087.0
543.303,0.0,89908.0,5411.0,45.0,125.478,9594099622.0
543.402,0.0,89908.0,5411.0,45.0,125.47,9594112158.0
543.503,0.0,89908.0,5411.0,45.0,125.457,9594124700.0
543.602,0.0,89908.0,5411.0,45.0,125.411,9594137235.0
543.702,0.0,89908.0,5411.0,45.0,125.411,9594149772.0
543.802,0.0,89908.0,5411.0,45.0,125.42,9594149772.0
543.902,0.0,89908.0,5411.0,45.0,125.409,9594162311.0
544.002,0.0,89908.0,5411.0,45.0,125.431,9594174860.0
544.102,0.0,89908.0,5411.0,45.0,125.509,9594187403.0
544.202,0.0,89908.0,5411.0,45.0,125.489,9594199954.0
544.302,0.0,89908.0,5411.0,45.0,125.492,9594212488.0
544.402,0.0,89908.0,5411.0,45.0,125.494,9594225042.0
544.502,0.0,89908.0,5411.0,45.0,125.501,9594237597.0
544.602,0.0,89908.0,5411.0,45.0,125.517,9594250135.0
544.702,0.0,89908.0,5411.0,45.0,125.579,9594262704.0
544.803,0.0,89908.0,5411.0,45.0,125.576,9594275275.0
544.903,0.0,89908.0,5411.0,45.0,125.572,9594287811.0
545.003,0.0,89908.0,5411.0,45.0,125.572,9594300367.0
545.102,0.0,89908.0,5411.0,45.0,125.537,9594325436.0
545.202,0.0,89908.0,5411.0,45.0,125.543,9594337972.0
545.303,0.0,89908.0,5411.0,45.0,125.547,9594350532.0
545.403,0.0,89908.0,5411.0,45.0,125.549,9594363059.0
545.511,0.0,89908.0,5411.0,45.0,125.566,9594375604.0
545.604,0.0,89908.0,5411.0,45.0,125.533,9594388129.0
545.702,0.0,89908.0,5411.0,45.0,125.458,9594400682.0
545.803,0.0,89908.0,5411.0,45.0,125.481,9594413219.0
545.902,0.0,89908.0,5411.0,45.0,125.463,9594425752.0
546.003,0.0,89908.0,5411.0,45.0,125.424,9594438294.0
546.102,0.0,89908.0,5411.0,45.0,125.468,9594450827.0
546.202,0.0,89908.0,5411.0,45.0,125.468,9594463366.0
546.302,0.0,89908.0,5411.0,45.0,125.439,9594475897.0
546.402,0.0,89908.0,5411.0,45.0,125.46,9594488440.0
546.502,0.0,89908.0,5411.0,45.0,125.466,9594500986.0
546.603,0.0,89908.0,5411.0,45.0,125.484,9594513577.0
546.703,0.0,89908.0,5411.0,45.0,125.546,9594526144.0
546.802,0.0,89908.0,5411.0,45.0,125.546,9594538665.0
546.903,0.0,89908.0,5411.0,45.0,125.547,9594538665.0
547.002,0.0,89908.0,5411.0,45.0,125.543,9594551206.0
547.103,0.0,89908.0,5411.0,45.0,125.577,9594563772.0
547.202,0.0,89908.0,5411.0,45.0,125.546,9594576278.0
547.302,0.0,89908.0,5411.0,45.0,125.526,9594588805.0
547.402,0.0,89908.0,5411.0,45.0,125.514,9594601341.0
547.502,0.0,89908.0,5411.0,45.0,125.506,9594613892.0
547.603,0.0,89908.0,5411.0,45.0,125.454,9594626417.0
547.702,0.0,89908.0,5411.0,45.0,125.425,9594638959.0
547.802,0.0,89908.0,5411.0,45.0,125.445,9594651526.0
547.902,0.0,89908.0,5411.0,45.0,125.457,9594664062.0
548.002,0.0,89908.0,5411.0,45.0,125.453,9594676623.0
548.103,0.0,89908.0,5411.0,45.0,125.507,9594701720.0
548.202,0.0,89908.0,5411.0,45.0,125.474,9594714249.0
548.302,0.0,89908.0,5411.0,45.0,125.517,9594726822.0
548.402,0.0,89908.0,5411.0,45.0,125.541,9594739372.0
548.504,0.0,89908.0,5411.0,45.0,125.552,9594751912.0
548.603,0.0,89908.0,5411.0,45.0,125.58,9594764473.0
548.703,0.0,89908.0,5411.0,45.0,125.578,9594777014.0
548.802,0.0,89908.0,5411.0,45.0,125.552,9594789550.0
548.902,0.0,89908.0,5411.0,45.0,125.543,9594802079.0
549.003,0.0,89908.0,5411.0,45.0,125.519,9594814641.0
549.103,0.0,89908.0,5411.0,45.0,125.526,9594827172.0
549.206,0.0,89908.0,5411.0,45.0,125.522,9594839713.0
549.303,0.0,89908.0,5411.0,45.0,125.511,9594852265.0
549.403,0.0,89908.0,5411.0,45.0,125.502,9594864782.0
549.503,0.0,89908.0,5411.0,45.0,125.484,9594877309.0
549.603,0.0,89908.0,5411.0,45.0,125.434,9594889835.0
549.703,0.0,89908.0,5411.0,45.0,125.434,9594902371.0
549.803,0.0,89908.0,5411.0,45.0,125.431,9594902371.0
549.903,0.0,89908.0,5411.0,45.0,125.436,9594914909.0
550.003,0.0,89908.0,5411.0,45.0,125.422,9594927444.0
550.103,0.0,89908.0,5411.0,45.0,125.413,9594939955.0
550.203,0.0,89908.0,5411.0,45.0,125.392,9594952480.0
550.303,0.0,89908.0,5411.0,45.0,125.384,9594965023.0
550.403,0.0,89908.0,5411.0,45.0,125.368,9594977537.0
550.502,0.0,89908.0,5411.0,45.0,125.351,9594990084.0
550.602,0.0,89908.0,5411.0,45.0,125.379,9595002596.0
550.702,0.0,89908.0,5411.0,45.0,125.355,9595015131.0
550.802,0.0,89908.0,5411.0,45.0,125.34,9595027661.0
550.903,0.0,89908.0,5411.0,45.0,125.37,9595040183.0
551.003,0.0,89908.0,5411.0,45.0,125.401,9595065283.0
551.103,0.0,89908.0,5411.0,45.0,125.391,9595077816.0
551.202,0.0,89908.0,5411.0,45.0,125.4,9595090359.0
551.302,0.0,89908.0,5411.0,45.0,125.434,9595102898.0
551.401,0.0,89908.0,5411.0,45.0,125.455,9595115453.0
551.502,0.0,89908.0,5411.0,45.0,125.457,9595127969.0
551.602,0.0,89908.0,5411.0,45.0,125.436,9595140500.0
551.702,0.0,89908.0,5411.0,45.0,125.485,9595153044.0
551.803,0.0,89908.0,5411.0,45.0,125.485,9595165556.0
551.902,0.0,89908.0,5411.0,45.0,125.432,9595178081.0
552.003,0.0,89908.0,5411.0,45.0,125.43,9595190615.0
552.103,0.0,89908.0,5411.0,45.0,125.434,9595203155.0
552.203,0.0,89908.0,5411.0,45.0,125.442,9595215693.0
552.303,0.0,89908.0,5411.0,45.0,125.407,9595228204.0
552.401,0.0,89908.0,5411.0,45.0,125.394,9595240755.0
552.502,0.0,89908.0,5411.0,45.0,125.394,9595253320.0
552.603,0.0,89908.0,5411.0,45.0,125.432,9595253320.0
552.702,0.0,89908.0,5411.0,45.0,125.429,9595265850.0
552.803,0.0,89908.0,5411.0,45.0,125.433,9595278379.0
552.902,0.0,89908.0,5411.0,45.0,125.419,9595290902.0
553.002,0.0,89908.0,5411.0,45.0,125.416,9595303422.0
553.102,0.0,89908.0,5411.0,45.0,125.412,9595315949.0
553.202,0.0,89908.0,5411.0,45.0,125.416,9595328487.0
553.302,0.0,89908.0,5411.0,45.0,125.433,9595341010.0
553.402,0.0,89908.0,5411.0,45.0,125.439,9595353558.0
553.501,0.0,89908.0,5411.0,45.0,125.417,9595366080.0
553.602,0.0,89908.0,5411.0,45.0,125.448,9595378643.0
553.702,0.0,89908.0,5411.0,45.0,125.454,9595391193.0
553.802,0.0,89908.0,5411.0,45.0,125.466,9595416280.0
553.902,0.0,89908.0,5411.0,45.0,125.434,9595428771.0
554.002,0.0,89908.0,5411.0,45.0,125.435,9595441282.0
554.102,0.0,89908.0,5411.0,45.0,125.415,9595453823.0
554.202,0.0,89908.0,5411.0,45.0,125.429,9595466366.0
554.302,0.0,89908.0,5411.0,45.0,125.437,9595478905.0
554.402,0.0,89908.0,5411.0,45.0,125.443,9595491443.0
554.503,0.0,89908.0,5411.0,45.0,125.393,9595503951.0
554.602,0.0,89908.0,5411.0,45.0,125.357,9595516467.0
554.701,0.0,89908.0,5411.0,45.0,125.354,9595529011.0
554.802,0.0,89908.0,5411.0,45.0,125.37,9595541556.0
554.902,0.0,89908.0,5411.0,45.0,125.339,9595554059.0
555.002,0.0,89908.0,5411.0,45.0,125.36,9595566594.0
555.102,0.0,89908.0,5411.0,45.0,125.359,9595579122.0
555.202,0.0,89908.0,5411.0,45.0,125.353,9595591647.0
555.303,0.0,89908.0,5411.0,45.0,125.334,9595604185.0
555.402,0.0,89908.0,5411.0,45.0,125.334,9595616724.0
555.501,0.0,89908.0,5411.0,45.0,125.342,9595616724.0
555.602,0.0,89908.0,5411.0,45.0,125.368,9595629266.0
555.703,0.0,89908.0,5411.0,45.0,125.374,9595641813.0
555.802,0.0,89908.0,5411.0,45.0,125.424,9595654361.0
555.903,0.0,89908.0,5411.0,45.0,125.42,9595666892.0
556.002,0.0,89908.0,5411.0,45.0,125.448,9595679435.0
556.101,0.0,89908.0,5411.0,45.0,125.476,9595691973.0
556.202,0.0,89908.0,5411.0,45.0,125.474,9595704494.0
556.301,0.0,89908.0,5411.0,45.0,125.494,9595717029.0
556.402,0.0,89908.0,5411.0,45.0,125.485,9595729564.0
556.502,0.0,89908.0,5411.0,45.0,125.469,9595742090.0
556.607,0.0,89908.0,5411.0,45.0,125.461,9595754623.0
556.703,0.0,89908.0,5411.0,45.0,125.431,9595779721.0
556.803,0.0,89908.0,5411.0,45.0,125.428,9595792244.0
556.901,0.0,89908.0,5411.0,45.0,125.415,9595804750.0
557.002,0.0,89908.0,5411.0,45.0,125.386,9595817289.0
557.102,0.0,89908.0,5411.0,45.0,125.393,9595829828.0
557.202,0.0,89908.0,5411.0,45.0,125.394,9595842367.0
557.303,0.0,89908.0,5411.0,45.0,125.393,9595854886.0
557.401,0.0,89908.0,5411.0,45.0,125.419,9595867432.0
557.502,0.0,89908.0,5411.0,45.0,125.376,9595879925.0
557.602,0.0,89908.0,5411.0,45.0,125.384,9595892473.0
557.702,0.0,89908.0,5411.0,45.0,125.375,9595905000.0
557.803,0.0,89908.0,5411.0,45.0,125.377,9595917524.0
557.902,0.0,89908.0,5411.0,45.0,125.38,9595930045.0
558.003,0.0,89908.0,5411.0,45.0,125.389,9595942602.0
558.102,0.0,89908.0,5411.0,45.0,125.393,9595955133.0
558.202,0.0,89908.0,5411.0,45.0,125.371,9595967654.0
558.302,0.0,89908.0,5411.0,45.0,125.371,9595980178.0
558.402,0.0,89908.0,5411.0,45.0,125.362,9595980178.0
558.502,0.0,89908.0,5411.0,45.0,125.369,9595992724.0
558.602,0.0,89908.0,5411.0,45.0,125.405,9596005276.0
558.702,0.0,89908.0,5411.0,45.0,125.4,9596017797.0
558.802,0.0,89908.0,5411.0,45.0,125.417,9596030343.0
558.902,0.0,89908.0,5411.0,45.0,125.423,9596042886.0
559.002,0.0,89908.0,5411.0,45.0,125.455,9596055439.0
559.102,0.0,89908.0,5411.0,45.0,125.455,9596067978.0
559.201,0.0,89908.0,5411.0,45.0,125.429,9596080497.0
559.301,0.0,89908.0,5411.0,45.0,125.445,9596093000.0
559.401,0.0,89908.0,5411.0,45.0,125.434,9596105536.0
559.501,0.0,89908.0,5411.0,45.0,125.416,9596118061.0
559.602,0.0,89908.0,5411.0,45.0,125.397,9596143108.0
559.702,0.0,89908.0,5411.0,45.0,125.38,9596155649.0
559.802,0.0,89908.0,5411.0,45.0,125.388,9596168207.0
559.902,0.0,89908.0,5411.0,45.0,125.382,9596180743.0
560.003,0.0,89908.0,5411.0,45.0,125.363,9596193264.0
560.102,0.0,89908.0,5411.0,45.0,125.346,9596205785.0
560.201,0.0,89908.0,5411.0,45.0,125.376,9596218316.0
560.301,0.0,89908.0,5411.0,45.0,125.363,9596230840.0
560.402,0.0,89908.0,5411.0,45.0,125.363,9596243377.0
560.502,0.0,89908.0,5411.0,45.0,125.384,9596255918.0
560.602,0.0,89908.0,5411.0,45.0,125.394,9596268436.0
560.702,0.0,89908.0,5411.0,45.0,125.401,9596280983.0
560.802,0.0,89908.0,5411.0,45.0,125.396,9596293498.0
560.902,0.0,89908.0,5411.0,45.0,125.364,9596306014.0
561.003,0.0,89908.0,5411.0,45.0,125.349,9596318547.0
561.102,0.0,89908.0,5411.0,45.0,125.378,9596331070.0
561.202,0.0,89908.0,5411.0,45.0,125.378,9596343612.0
561.302,0.0,89908.0,5411.0,45.0,125.383,9596343612.0
561.403,0.0,89908.0,5411.0,45.0,125.361,9596356113.0
561.502,0.0,89908.0,5411.0,45.0,125.359,9596368669.0
561.602,0.0,89908.0,5411.0,45.0,125.354,9596381199.0
561.703,0.0,89908.0,5411.0,45.0,125.348,9596393742.0
561.802,0.0,89908.0,5411.0,45.0,125.33,9596406266.0
561.902,0.0,89908.0,5411.0,45.0,125.341,9596418796.0
562.002,0.0,89908.0,5411.0,45.0,125.301,9596431286.0
562.102,0.0,89908.0,5411.0,45.0,125.314,9596443800.0
562.202,0.0,89908.0,5411.0,45.0,125.296,9596456338.0
562.302,0.0,89908.0,5411.0,45.0,125.349,9596468857.0
562.403,0.0,89908.0,5411.0,45.0,125.376,9596481406.0
562.503,0.0,89908.0,5411.0,45.0,125.37,9596506494.0
562.602,0.0,89908.0,5411.0,45.0,125.346,9596519010.0
562.703,0.0,89908.0,5411.0,45.0,125.355,9596531539.0
562.803,0.0,89908.0,5411.0,45.0,125.364,9596544066.0
562.902,0.0,89908.0,5411.0,45.0,125.403,9596556598.0
563.002,0.0,89908.0,5411.0,45.0,125.406,9596569107.0
563.102,0.0,89908.0,5411.0,45.0,125.367,9596581635.0
563.202,0.0,89908.0,5411.0,45.0,125.385,9596594156.0
563.302,0.0,89908.0,5411.0,45.0,125.362,9596606678.0
563.402,0.0,89908.0,5411.0,45.0,125.307,9596619186.0
563.503,0.0,89908.0,5411.0,45.0,125.305,9596631713.0
563.602,0.0,89908.0,5411.0,45.0,125.294,9596644232.0
563.702,0.0,89908.0,5411.0,45.0,125.292,9596656754.0
563.802,0.0,89908.0,5411.0,45.0,125.283,9596669283.0
563.902,0.0,89908.0,5411.0,45.0,125.269,9596681797.0
564.003,0.0,89908.0,5411.0,45.0,125.272,9596694323.0
564.103,0.0,89908.0,5411.0,45.0,125.272,9596694323.0
564.202,0.0,89908.0,5411.0,45.0,125.286,9596706843.0
564.302,0.0,89908.0,5411.0,45.0,125.325,9596719396.0
564.402,0.0,89908.0,5411.0,45.0,125.313,9596731910.0
564.502,0.0,89908.0,5411.0,45.0,125.312,9596744432.0
564.602,0.0,89908.0,5411.0,45.0,125.328,9596756949.0
564.703,0.0,89908.0,5411.0,45.0,125.339,9596769461.0
564.801,0.0,89908.0,5411.0,45.0,125.324,9596781984.0
564.902,0.0,89908.0,5411.0,45.0,125.31,9596794504.0
565.002,0.0,89908.0,5411.0,45.0,125.315,9596807035.0
565.102,0.0,89908.0,5411.0,45.0,125.314,9596819560.0
565.202,0.0,89908.0,5411.0,45.0,125.33,9596832128.0
565.302,0.0,89908.0,5411.0,45.0,125.33,9596857164.0
565.402,0.0,89908.0,5411.0,45.0,125.359,9596869695.0
565.503,0.0,89908.0,5411.0,45.0,125.317,9596882189.0
565.603,0.0,89908.0,5411.0,45.0,125.311,9596894717.0
565.702,0.0,89908.0,5411.0,45.0,125.325,9596907243.0
565.803,0.0,89908.0,5411.0,45.0,125.346,9596919779.0
565.902,0.0,89908.0,5411.0,45.0,125.33,9596932293.0
566.002,0.0,89908.0,5411.0,45.0,125.33,9596944809.0
566.102,0.0,89908.0,5411.0,45.0,125.276,9596957336.0
566.202,0.0,89908.0,5411.0,45.0,125.303,9596969882.0
566.302,0.0,89908.0,5411.0,45.0,125.313,9596982393.0
566.402,0.0,89908.0,5411.0,45.0,125.296,9596994905.0
566.502,0.0,89908.0,5411.0,45.0,125.329,9597007427.0
566.602,0.0,89908.0,5411.0,45.0,125.311,9597019943.0
566.703,0.0,89908.0,5411.0,45.0,125.305,9597032446.0
566.802,0.0,89908.0,5411.0,45.0,125.278,9597044955.0
566.903,0.0,89908.0,5411.0,45.0,125.266,9597044955.0
567.002,0.0,89908.0,5411.0,45.0,125.265,9597057462.0
567.102,0.0,89908.0,5411.0,45.0,125.237,9597070004.0
567.202,0.0,89908.0,5411.0,45.0,125.239,9597082500.0
567.302,0.0,89908.0,5411.0,45.0,125.248,9597095040.0
567.403,0.0,89908.0,5411.0,45.0,125.243,9597107585.0
567.502,0.0,89908.0,5411.0,45.0,125.26,9597120104.0
567.602,0.0,89908.0,5411.0,45.0,125.255,9597132627.0
567.702,0.0,89908.0,5411.0,45.0,125.255,9597145127.0
567.802,0.0,89908.0,5411.0,45.0,125.259,9597157629.0
567.902,0.0,89908.0,5411.0,45.0,125.305,9597170170.0
568.002,0.0,89908.0,5411.0,45.0,125.276,9597182702.0
568.102,0.0,89908.0,5411.0,45.0,125.306,9597195199.0
568.203,0.0,89908.0,5411.0,45.0,125.29,9597220257.0
568.301,0.0,89908.0,5411.0,45.0,125.233,9597232744.0
568.402,0.0,89908.0,5411.0,45.0,125.263,9597245270.0
568.501,0.0,89908.0,5411.0,45.0,125.264,9597257806.0
568.601,0.0,89908.0,5411.0,45.0,125.29,9597270345.0
568.701,0.0,89908.0,5411.0,45.0,125.288,9597282880.0
568.801,0.0,89908.0,5411.0,45.0,125.248,9597295353.0
568.901,0.0,89908.0,5411.0,45.0,125.237,9597307879.0
569.001,0.0,89908.0,5411.0,45.0,125.251,9597320394.0
569.102,0.0,89908.0,5411.0,45.0,125.234,9597332891.0
569.203,0.0,89908.0,5411.0,45.0,125.236,9597345417.0
569.302,0.0,89908.0,5411.0,45.0,125.249,9597357925.0
569.402,0.0,89908.0,5411.0,45.0,125.24,9597370443.0
569.502,0.0,89908.0,5411.0,45.0,125.229,9597382972.0
569.601,0.0,89908.0,5411.0,45.0,125.223,9597395507.0
569.701,0.0,89908.0,5411.0,45.0,125.209,9597408000.0
569.802,0.0,89908.0,5411.0,45.0,125.209,9597420525.0
569.901,0.0,89908.0,5411.0,45.0,125.26,9597420525.0
570.001,0.0,89908.0,5411.0,45.0,125.243,9597433045.0
570.103,0.0,89908.0,5411.0,45.0,125.248,9597445571.0
570.203,0.0,89908.0,5411.0,45.0,125.272,9597458084.0
570.302,0.0,89908.0,5411.0,45.0,125.296,9597470612.0
570.403,0.0,89908.0,5411.0,45.0,125.272,9597483142.0
570.502,0.0,89908.0,5411.0,45.0,125.256,9597495636.0
570.602,0.0,89908.0,5411.0,45.0,125.253,9597508149.0
570.702,0.0,89908.0,5411.0,45.0,125.223,9597520662.0
570.802,0.0,89908.0,5411.0,45.0,125.237,9597533175.0
570.902,0.0,89908.0,5411.0,45.0,125.236,9597545699.0
571.003,0.0,89908.0,5411.0,45.0,125.262,9597558240.0
571.102,0.0,89908.0,5411.0,45.0,125.241,9597570752.0
571.202,0.0,89908.0,5411.0,45.0,125.187,9597595763.0
571.303,0.0,89908.0,5411.0,45.0,125.165,9597608260.0
571.402,0.0,89908.0,5411.0,45.0,125.181,9597620773.0
571.502,0.0,89908.0,5411.0,45.0,125.184,9597633287.0
571.603,0.0,89908.0,5411.0,45.0,125.196,9597645802.0
571.703,0.0,89908.0,5411.0,45.0,125.204,9597658319.0
571.803,0.0,89908.0,5411.0,45.0,125.207,9597670843.0
571.902,0.0,89908.0,5411.0,45.0,125.207,9597683372.0
572.002,0.0,89908.0,5411.0,45.0,125.213,9597695914.0
572.101,0.0,89908.0,5411.0,45.0,125.242,9597708430.0
572.202,0.0,89908.0,5411.0,45.0,125.249,9597720927.0
572.302,0.0,89908.0,5411.0,45.0,125.3,9597733471.0
572.401,0.0,89908.0,5411.0,45.0,125.286,9597745982.0
572.502,0.0,89908.0,5411.0,45.0,125.302,9597758513.0
572.602,0.0,89908.0,5411.0,45.0,125.32,9597771049.0
572.703,0.0,89908.0,5411.0,45.0,125.313,9597783568.0
572.803,0.0,89908.0,5411.0,45.0,125.321,9597796092.0
572.903,0.0,89908.0,5411.0,45.0,125.321,9597808598.0
573.003,0.0,89908.0,5411.0,45.0,125.303,9597808598.0
573.103,0.0,89908.0,5411.0,45.0,125.28,9597821122.0
573.203,0.0,89908.0,5411.0,45.0,125.263,9597833629.0
573.303,0.0,89908.0,5411.0,45.0,125.303,9597846161.0
573.402,0.0,89908.0,5411.0,45.0,125.29,9597858715.0
573.503,0.0,89908.0,5411.0,45.0,125.305,9597871245.0
573.603,0.0,89908.0,5411.0,45.0,125.28,9597883752.0
573.703,0.0,89908.0,5411.0,45.0,125.295,9597896289.0
573.802,0.0,89908.0,5411.0,45.0,125.313,9597908828.0
573.902,0.0,89908.0,5411.0,45.0,125.282,9597921323.0
574.002,0.0,89908.0,5411.0,45.0,125.326,9597933864.0
574.102,0.0,89908.0,5411.0,45.0,125.328,9597946391.0
574.202,0.0,89908.0,5411.0,45.0,125.321,9597971441.0
574.303,0.0,89908.0,5411.0,45.0,125.315,9597983973.0
574.402,0.0,89908.0,5411.0,45.0,125.315,9597996491.0
574.502,0.0,89908.0,5411.0,45.0,125.308,9598008999.0
574.602,0.0,89908.0,5411.0,45.0,125.316,9598021505.0
574.703,0.0,89908.0,5411.0,45.0,125.282,9598034025.0
574.802,0.0,89908.0,5411.0,45.0,125.244,9598046543.0
574.902,0.0,89908.0,5411.0,45.0,125.254,9598059060.0
575.003,0.0,89908.0,5411.0,45.0,125.248,9598071617.0
575.102,0.0,89908.0,5411.0,45.0,125.267,9598084142.0
575.202,0.0,89908.0,5411.0,45.0,125.27,9598096692.0
575.302,0.0,89908.0,5411.0,45.0,125.301,9598109209.0
575.402,0.0,89908.0,5411.0,45.0,125.295,9598121722.0
575.502,0.0,89908.0,5411.0,45.0,125.267,9598134215.0
575.603,0.0,89908.0,5411.0,45.0,125.245,9598146745.0
575.709,0.0,89908.0,5411.0,45.0,125.291,9598159285.0
575.802,0.0,89908.0,5411.0,45.0,125.315,9598171809.0
575.902,0.0,89908.0,5411.0,45.0,125.313,9598184328.0
576.003,0.0,89908.0,5411.0,45.0,125.321,9598196879.0
576.102,0.0,89908.0,5411.0,45.0,125.315,9598196879.0
576.202,0.0,89908.0,5411.0,45.0,125.304,9598209384.0
576.302,0.0,89908.0,5411.0,45.0,125.25,9598221886.0
576.402,0.0,89908.0,5411.0,45.0,125.255,9598234415.0
576.503,0.0,89908.0,5411.0,45.0,125.254,9598246939.0
576.603,0.0,89908.0,5411.0,45.0,125.289,9598259464.0
576.703,0.0,89908.0,5411.0,45.0,125.294,9598271976.0
576.802,0.0,89908.0,5411.0,45.0,125.276,9598284496.0
576.903,0.0,89908.0,5411.0,45.0,125.275,9598297022.0
577.003,0.0,89908.0,5411.0,45.0,125.262,9598309509.0
577.102,0.0,89908.0,5411.0,45.0,125.255,9598322050.0
577.203,0.0,89908.0,5411.0,45.0,125.282,9598334590.0
577.302,0.0,89908.0,5411.0,45.0,125.296,9598347107.0
577.403,0.0,89908.0,5411.0,45.0,125.35,9598372195.0
577.502,0.0,89908.0,5411.0,45.0,125.324,9598384696.0
577.602,0.0,89908.0,5411.0,45.0,125.322,9598397213.0
577.701,0.0,89908.0,5411.0,45.0,125.3,9598409737.0
577.802,0.0,89908.0,5411.0,45.0,125.273,9598422255.0
577.902,0.0,89908.0,5411.0,45.0,125.323,9598434781.0
578.002,0.0,89908.0,5411.0,45.0,125.304,9598447302.0
578.102,0.0,89908.0,5411.0,45.0,125.277,9598459819.0
578.201,0.0,89908.0,5411.0,45.0,125.238,9598472305.0
578.302,0.0,89908.0,5411.0,45.0,125.239,9598484827.0
578.403,0.0,89908.0,5411.0,45.0,125.24,9598497363.0
578.502,0.0,89908.0,5411.0,45.0,125.236,9598509870.0
578.601,0.0,89908.0,5411.0,45.0,125.243,9598522387.0
578.702,0.0,89908.0,5411.0,45.0,125.254,9598534898.0
578.802,0.0,89908.0,5411.0,45.0,125.273,9598547423.0
578.903,0.0,89908.0,5411.0,45.0,125.273,9598562813.0
579.003,0.0,89908.0,5411.0,45.0,128.413,9598562813.0
579.102,50.0,89908.0,5411.0,46.0,133.634,9598580568.0
579.202,50.0,89908.0,5411.0,46.0,138.076,9598597581.0
579.302,50.0,89908.0,5411.0,46.0,142.587,9598614561.0
579.402,50.0,89908.0,5411.0,46.0,147.476,9598632385.0
579.502,50.0,89908.0,5411.0,46.0,152.477,9598649605.0
579.602,50.0,89908.0,5411.0,46.0,157.758,9598667300.0
579.702,50.0,89908.0,5411.0,46.0,161.79,9598684354.0
579.802,50.0,89908.0,5411.0,46.0,163.17,9598698527.0
579.902,0.0,89908.0,5411.0,46.0,163.283,9598711188.0
580.002,0.0,89908.0,5411.0,45.0,160.864,9598723753.0
580.102,0.0,89908.0,5411.0,45.0,155.622,9598736342.0
580.202,0.0,89908.0,5411.0,45.0,151.126,9598761493.0
580.302,0.0,89908.0,5411.0,45.0,147.453,9598774097.0
580.402,0.0,89908.0,5411.0,45.0,137.964,9598786643.0
580.502,0.0,89908.0,5411.0,45.0,131.272,9598799199.0
580.602,0.0,89908.0,5411.0,45.0,127.21,9598811742.0
580.702,0.0,89908.0,5411.0,45.0,125.813,9598824267.0
580.802,7.0,89908.0,5411.0,45.0,125.714,9598836821.0
580.902,7.0,89908.0,5411.0,47.0,136.537,9598858987.0
581.002,54.0,89908.0,5411.0,46.0,142.083,9598877822.0
581.101,54.0,89908.0,5411.0,46.0,148.872,9598897544.0
581.201,48.0,89908.0,5411.0,47.0,160.93,9598920960.0
581.302,48.0,89908.0,5411.0,53.0,197.064,9598969100.0
581.401,48.0,89908.0,5411.0,53.0,197.064,9599017431.0
581.502,96.0,89908.0,5411.0,53.0,245.047,9599017431.0
581.603,96.0,89908.0,5411.0,57.0,280.935,9599077869.0
581.702,80.0,89908.0,5411.0,54.0,324.373,9599122929.0
581.802,80.0,89908.0,5411.0,58.0,369.222,9599186178.0
581.902,21.0,89908.0,5411.0,56.0,384.701,9599221883.0
582.002,21.0,89908.0,5411.0,51.0,374.849,9599235022.0
582.102,0.0,89908.0,5411.0,49.0,366.065,9599247931.0
582.202,0.0,89908.0,5411.0,54.0,401.903,9599297563.0
582.303,83.0,89908.0,5411.0,57.0,419.782,9599344511.0
582.403,83.0,89908.0,5411.0,57.0,424.1,9599437821.0
582.502,80.0,89908.0,5411.0,57.0,419.604,9599485427.0
582.602,79.0,89908.0,5411.0,57.0,409.211,9599531010.0
582.702,79.0,89908.0,5411.0,57.0,388.49,9599578041.0
582.802,79.0,89908.0,5411.0,57.0,405.501,9599624896.0
582.902,79.0,89908.0,5411.0,57.0,444.463,9599669408.0
583.002,77.0,89908.0,5411.0,58.0,474.497,9599715930.0
583.102,77.0,89908.0,5411.0,58.0,462.172,9599760703.0
583.202,71.0,89908.0,5411.0,57.0,453.111,9599799890.0
583.302,71.0,89908.0,5411.0,56.0,435.224,9599832142.0
583.402,58.0,89908.0,5411.0,54.0,413.197,9599857688.0
583.502,58.0,89908.0,5411.0,53.0,385.831,9599880191.0
583.602,55.0,89908.0,5411.0,52.0,363.89,9599880191.0
583.702,55.0,89908.0,5411.0,51.0,335.643,9599903409.0
583.802,55.0,89908.0,5411.0,50.0,308.328,9599923643.0
583.902,55.0,89908.0,5411.0,50.0,281.158,9599938649.0
584.002,55.0,89908.0,5411.0,49.0,256.288,9599959672.0
584.102,55.0,89908.0,5411.0,49.0,229.745,9599977687.0
584.202,52.0,89908.0,5411.0,49.0,209.414,9599997501.0
584.302,52.0,89908.0,5411.0,49.0,197.876,9600016312.0
584.402,52.0,89908.0,5411.0,48.0,191.139,9600031712.0
584.502,52.0,89908.0,5411.0,48.0,186.33,9600050414.0
584.602,51.0,89908.0,5411.0,48.0,178.577,9600067935.0
584.702,51.0,89908.0,5411.0,48.0,177.698,9600098214.0
584.803,51.0,89908.0,5411.0,48.0,182.708,9600120995.0
584.903,51.0,89908.0,5411.0,48.0,176.673,9600136128.0
585.003,51.0,89908.0,5411.0,48.0,177.293,9600153930.0
585.102,51.0,89908.0,5411.0,48.0,171.899,9600169995.0
585.202,51.0,89908.0,5411.0,48.0,176.852,9600191530.0
585.303,51.0,89908.0,5411.0,48.0,179.97,9600211478.0
585.403,51.0,89908.0,5411.0,47.0,176.526,9600227020.0
585.502,51.0,89908.0,5411.0,47.0,176.982,9600244041.0
585.606,50.0,89908.0,5411.0,47.0,179.655,9600262239.0
585.703,50.0,89908.0,5411.0,47.0,179.189,9600279335.0
585.802,50.0,89908.0,5411.0,47.0,176.377,9600297423.0
585.902,50.0,89908.0,5411.0,47.0,178.817,9600314242.0
586.003,50.0,89908.0,5411.0,47.0,178.726,9600333314.0
586.101,50.0,89908.0,5411.0,47.0,181.732,9600351286.0
586.203,50.0,89908.0,5411.0,47.0,181.732,9600370753.0
586.302,50.0,89908.0,5411.0,47.0,178.221,9600370753.0
586.402,50.0,89908.0,5411.0,47.0,175.766,9600387790.0
586.502,50.0,89908.0,5411.0,47.0,178.147,9600405453.0
586.603,50.0,89908.0,5411.0,47.0,179.572,9600424393.0
586.703,50.0,89908.0,5411.0,47.0,179.52,9600441702.0
586.802,50.0,89908.0,5411.0,47.0,180.05,9600458879.0
586.901,50.0,89908.0,5411.0,47.0,180.314,9600478014.0
587.002,50.0,89908.0,5411.0,47.0,179.96,9600495316.0
587.102,0.0,89908.0,5411.0,47.0,173.797,9600508336.0
587.202,0.0,89908.0,5411.0,46.0,167.672,9600521152.0
587.302,0.0,89908.0,5411.0,46.0,162.158,9600533951.0
587.403,0.0,89908.0,5411.0,46.0,157.975,9600546772.0
587.503,0.0,89908.0,5411.0,46.0,153.299,9600572345.0
587.602,0.0,89908.0,5411.0,46.0,147.569,9600585132.0
587.702,0.0,89908.0,5411.0,46.0,143.055,9600597878.0
587.802,0.0,89908.0,5411.0,46.0,138.714,9600610635.0
587.903,0.0,89908.0,5411.0,46.0,131.581,9600623419.0
588.002,0.0,89908.0,5411.0,46.0,127.88,9600636166.0
588.102,0.0,89908.0,5411.0,46.0,127.819,9600648915.0
588.202,0.0,89908.0,5411.0,46.0,127.76,9600661685.0
588.302,0.0,89908.0,5411.0,46.0,127.636,9600674404.0
588.402,0.0,89908.0,5411.0,46.0,127.48,9600687035.0
588.502,0.0,89908.0,5411.0,46.0,127.358,9600699661.0
588.602,0.0,89908.0,5411.0,45.0,127.162,9600712252.0
588.702,0.0,89908.0,5411.0,45.0,126.998,9600724821.0
588.802,0.0,89908.0,5411.0,45.0,126.86,9600737425.0
588.902,0.0,89908.0,5411.0,45.0,126.662,9600750018.0
589.002,0.0,89908.0,5411.0,45.0,126.501,9600762606.0
589.102,0.0,89908.0,5411.0,45.0,126.501,9600775165.0
589.202,0.0,89908.0,5411.0,45.0,126.301,9600775165.0
589.302,0.0,89908.0,5411.0,45.0,126.146,9600787743.0
589.401,0.0,89908.0,5411.0,45.0,126.002,9600800316.0
589.502,0.0,89908.0,5411.0,45.0,125.931,9600812896.0
589.602,0.0,89908.0,5411.0,45.0,127.894,9600825924.0
589.703,54.0,89908.0,5411.0,46.0,134.788,9600845177.0
589.802,54.0,89908.0,5411.0,46.0,141.223,9600864321.0
589.902,56.0,89908.0,5411.0,46.0,145.124,9600880716.0
590.002,56.0,89908.0,5411.0,46.0,152.361,9600899781.0
590.102,55.0,89908.0,5411.0,46.0,159.208,9600920224.0
590.203,55.0,89908.0,5411.0,47.0,164.167,9600938195.0
590.303,53.0,89908.0,5411.0,46.0,171.435,9600973612.0
590.402,53.0,89908.0,5411.0,47.0,174.274,9600989401.0
590.501,51.0,89908.0,5411.0,46.0,176.794,9601005853.0
590.602,51.0,89908.0,5411.0,47.0,178.786,9601018635.0
590.702,0.0,89908.0,5411.0,46.0,171.981,9601031246.0
590.803,0.0,89908.0,5411.0,46.0,161.877,9601043761.0
590.902,0.0,89908.0,5411.0,46.0,155.016,9601056248.0
591.003,0.0,89908.0,5411.0,46.0,147.218,9601068717.0
591.103,0.0,89908.0,5411.0,45.0,141.356,9601081150.0
591.203,0.0,89908.0,5411.0,45.0,135.349,9601093607.0
591.302,0.0,89908.0,5411.0,45.0,132.051,9601106067.0
591.402,0.0,89908.0,5411.0,45.0,128.101,9601118498.0
591.502,0.0,89908.0,5411.0,45.0,125.022,9601130954.0
591.602,0.0,89908.0,5411.0,45.0,124.807,9601143413.0
591.702,0.0,89908.0,5411.0,45.0,124.625,9601155849.0
591.802,0.0,89908.0,5411.0,45.0,124.625,9601168287.0
591.902,0.0,89908.0,5411.0,45.0,124.574,9601168287.0
592.002,0.0,89908.0,5411.0,45.0,124.556,9601180761.0
592.102,0.0,89908.0,5411.0,45.0,124.489,9601193170.0
592.202,0.0,89908.0,5411.0,45.0,124.52,9601205608.0
592.303,0.0,89908.0,5411.0,45.0,124.486,9601218045.0
592.402,0.0,89908.0,5411.0,45.0,124.452,9601230464.0
592.503,26.0,89908.0,5411.0,45.0,126.532,9601243459.0
592.602,26.0,89908.0,5411.0,46.0,130.847,9601261112.0
592.703,55.0,89908.0,5411.0,46.0,133.036,9601275621.0
592.802,55.0,89908.0,5411.0,46.0,139.75,9601293256.0
592.902,54.0,89908.0,5411.0,46.0,143.177,9601311079.0
593.002,54.0,89908.0,5411.0,46.0,147.071,9601343149.0
593.102,53.0,89908.0,5411.0,46.0,150.919,9601359003.0
593.202,53.0,89908.0,5411.0,46.0,156.123,9601376921.0
593.302,52.0,89908.0,5411.0,46.0,159.304,9601395223.0
593.402,52.0,89908.0,5411.0,46.0,165.578,9601408233.0
593.502,0.0,89908.0,5411.0,46.0,163.826,9601420917.0
593.603,0.0,89908.0,5411.0,46.0,157.711,9601433550.0
593.702,0.0,89908.0,5411.0,46.0,152.48,9601446180.0
593.802,0.0,89908.0,5411.0,45.0,147.692,9601458782.0
593.903,0.0,89908.0,5411.0,45.0,145.044,9601471391.0
594.002,0.0,89908.0,5411.0,45.0,140.837,9601483999.0
594.103,0.0,89908.0,5411.0,45.0,134.844,9601496585.0
594.202,0.0,89908.0,5411.0,45.0,131.76,9601509185.0
594.302,0.0,89908.0,5411.0,45.0,126.489,9601521802.0
594.402,0.0,89908.0,5411.0,45.0,126.202,9601534384.0
594.502,0.0,89908.0,5411.0,45.0,126.202,9601546965.0
594.602,0.0,89908.0,5411.0,45.0,126.092,9601546965.0
594.703,0.0,89908.0,5411.0,45.0,126.069,9601559556.0
594.802,0.0,89908.0,5411.0,45.0,126.019,9601572154.0
594.903,0.0,89908.0,5411.0,45.0,125.998,9601584730.0
595.003,0.0,89908.0,5411.0,45.0,125.983,9601597333.0
595.103,0.0,89908.0,5411.0,45.0,125.972,9601609921.0
595.202,0.0,89908.0,5411.0,45.0,125.957,9601622506.0
595.302,49.0,89908.0,5411.0,45.0,143.804,9601641928.0
595.402,49.0,89908.0,5411.0,49.0,187.116,9601692870.0
595.502,44.0,89908.0,5411.0,55.0,211.175,9601741908.0
595.602,44.0,89908.0,5411.0,55.0,259.978,9601796182.0
595.702,93.0,89908.0,5411.0,57.0,307.292,9601908565.0
595.802,93.0,89908.0,5411.0,53.0,341.808,9601971335.0
595.902,100.0,89908.0,5411.0,58.0,397.446,9602020624.0
596.002,100.0,89908.0,5411.0,56.0,423.826,9602068924.0
596.103,81.0,89908.0,5411.0,57.0,465.142,9602117508.0
596.202,81.0,89908.0,5411.0,59.0,500.185,9602164303.0
596.302,81.0,89908.0,5411.0,59.0,516.255,9602212217.0
596.402,86.0,89908.0,5411.0,59.0,516.589,9602259898.0
596.502,86.0,89908.0,5411.0,59.0,503.871,9602305261.0
596.602,74.0,89908.0,5411.0,59.0,495.301,9602352205.0
596.702,74.0,89908.0,5411.0,59.0,481.535,9602396266.0
596.802,84.0,89908.0,5411.0,58.0,462.663,9602440200.0
596.903,84.0,89908.0,5411.0,58.0,462.663,9602440200.0
597.002,84.0,89908.0,5411.0,58.0,455.462,9602478896.0
597.102,68.0,89908.0,5411.0,57.0,444.626,9602516651.0
597.202,68.0,89908.0,5411.0,55.0,423.547,9602548650.0
597.302,58.0,89908.0,5411.0,54.0,401.096,9602576465.0
597.402,58.0,89908.0,5411.0,52.0,379.971,9602598245.0
597.503,54.0,89908.0,5411.0,51.0,345.034,9602616973.0
597.602,54.0,89908.0,5411.0,51.0,318.128,9602632367.0
597.702,55.0,89908.0,5411.0,50.0,288.372,9602649890.0
597.802,55.0,89908.0,5411.0,50.0,258.545,9602666434.0
597.902,52.0,89908.0,5411.0,49.0,235.529,9602699141.0
598.002,52.0,89908.0,5411.0,49.0,212.33,9602714217.0
598.102,51.0,89908.0,5411.0,49.0,189.181,9602729647.0
598.202,51.0,89908.0,5411.0,49.0,177.475,9602749701.0
598.303,51.0,89908.0,5411.0,48.0,173.343,9602773070.0
598.402,51.0,89908.0,5411.0,48.0,177.005,9602798350.0
598.503,51.0,89908.0,5411.0,48.0,182.209,9602815301.0
598.602,51.0,89908.0,5411.0,48.0,183.47,9602832986.0
598.702,50.0,89908.0,5411.0,48.0,186.67,9602850659.0
598.802,51.0,89908.0,5411.0,48.0,187.483,9602869962.0
598.902,51.0,89908.0,5411.0,48.0,190.824,9602889185.0
599.003,49.0,89908.0,5411.0,48.0,192.693,9602906723.0
599.103,49.0,89908.0,5411.0,48.0,193.251,9602924196.0
599.202,49.0,89908.0,5411.0,48.0,189.318,9602941335.0
599.302,49.0,89908.0,5411.0,48.0,182.107,9602958256.0
599.402,49.0,89908.0,5411.0,48.0,182.107,9602958256.0
599.503,50.0,89908.0,5411.0,47.0,176.768,9602975688.0
599.602,50.0,89908.0,5411.0,47.0,174.526,9602992119.0
599.701,0.0,89908.0,5411.0,47.0,170.495,9603005065.0
599.802,0.0,89908.0,5411.0,47.0,164.305,9603017717.0
599.901,0.0,89908.0,5411.0,47.0,157.718,9603030652.0
600.003,0.0,89908.0,5411.0,46.0,152.381,9603043195.0
600.103,0.0,89908.0,5411.0,46.0,147.718,9603055866.0
600.202,0.0,89908.0,5411.0,46.0,142.389,9603068534.0
600.302,0.0,89908.0,5411.0,46.0,139.021,9603081190.0
600.403,0.0,89908.0,5411.0,46.0,134.023,9603093815.0
600.503,0.0,89908.0,5411.0,46.0,129.592,9603106437.0
600.603,0.0,89908.0,5411.0,46.0,126.765,9603119049.0
600.703,0.0,89908.0,5411.0,46.0,126.718,9603144338.0
600.802,0.0,89908.0,5411.0,46.0,126.654,9603156963.0
600.903,0.0,89908.0,5411.0,46.0,126.522,9603169564.0
601.001,0.0,89908.0,5411.0,46.0,126.433,9603182198.0
601.102,0.0,89908.0,5411.0,46.0,126.389,9603194810.0
601.201,0.0,89908.0,5411.0,46.0,126.356,9603207426.0
601.301,0.0,89908.0,5411.0,46.0,126.336,9603220016.0
601.403,0.0,89908.0,5411.0,46.0,126.285,9603232610.0
601.503,0.0,89908.0,5411.0,46.0,126.232,9603245176.0
601.602,0.0,89908.0,5411.0,46.0,126.119,9603257759.0
601.702,0.0,89908.0,5411.0,46.0,126.119,9603270351.0
601.802,0.0,89908.0,5411.0,46.0,126.278,9603270351.0
601.902,40.0,89908.0,5411.0,46.0,130.187,9603285717.0
602.002,40.0,89908.0,5411.0,46.0,132.474,9603301764.0
602.102,52.0,89908.0,5411.0,46.0,134.492,9603316250.0
602.202,52.0,89908.0,5411.0,46.0,139.904,9603334415.0
602.302,52.0,89908.0,5411.0,46.0,145.591,9603351626.0
602.402,52.0,89908.0,5411.0,46.0,149.485,9603367190.0
602.501,51.0,89908.0,5411.0,46.0,153.26,9603383888.0
602.603,51.0,89908.0,5411.0,46.0,158.214,9603400598.0
602.702,51.0,89908.0,5411.0,46.0,161.226,9603418176.0
602.802,51.0,89908.0,5411.0,47.0,162.818,9603434101.0
602.903,0.0,89908.0,5411.0,46.0,159.562,9603459550.0
603.002,0.0,89908.0,5411.0,46.0,156.969,9603472259.0
603.102,0.0,89908.0,5411.0,46.0,155.273,9603484956.0
603.202,0.0,89908.0,5411.0,46.0,150.06,9603497623.0
603.303,0.0,89908.0,5411.0,46.0,144.673,9603510293.0
603.402,0.0,89908.0,5411.0,46.0,141.347,9603522978.0
603.502,0.0,89908.0,5411.0,46.0,138.033,9603535638.0
603.603,0.0,89908.0,5411.0,46.0,133.308,9603548323.0
603.701,0.0,89908.0,5411.0,45.0,129.091,9603561000.0
603.801,0.0,89908.0,5411.0,45.0,126.886,9603573671.0
603.902,0.0,89908.0,5411.0,46.0,155.216,9603601411.0
604.002,82.0,89908.0,5411.0,56.0,198.396,9603648735.0
604.102,82.0,89908.0,5411.0,56.0,224.923,9603695055.0
604.201,100.0,89908.0,5411.0,55.0,275.065,9603751063.0
604.303,100.0,89908.0,5411.0,55.0,275.065,9603751063.0
604.401,100.0,89908.0,5411.0,57.0,310.821,9603815123.0
604.503,75.0,89908.0,5411.0,54.0,357.364,9603859142.0
604.602,75.0,89908.0,5411.0,59.0,403.437,9603921498.0
604.702,75.0,89908.0,5411.0,57.0,438.961,9603970131.0
604.802,75.0,89908.0,5411.0,57.0,472.106,9604018530.0
604.903,79.0,89908.0,5411.0,59.0,506.067,9604064498.0
605.001,79.0,89908.0,5411.0,59.0,505.435,9604111318.0
605.101,86.0,89908.0,5411.0,59.0,505.619,9604158403.0
605.202,86.0,89908.0,5411.0,59.0,512.353,9604203405.0
605.302,78.0,89908.0,5411.0,59.0,496.901,9604249335.0
605.402,78.0,89908.0,5411.0,59.0,484.6,9604341068.0
605.501,75.0,89908.0,5411.0,59.0,482.966,9604387730.0
605.602,75.0,89908.0,5411.0,58.0,465.777,9604432482.0
605.702,74.0,89908.0,5411.0,58.0,460.525,9604470314.0
605.801,74.0,89908.0,5411.0,57.0,451.866,9604501482.0
605.909,63.0,89908.0,5411.0,55.0,432.077,9604525795.0
606.002,63.0,89908.0,5411.0,54.0,407.953,9604546893.0
606.102,56.0,89908.0,5411.0,53.0,377.773,9604563984.0
606.202,56.0,89908.0,5411.0,51.0,351.781,9604585397.0
606.303,53.0,89908.0,5411.0,50.0,326.129,9604604731.0
606.402,53.0,89908.0,5411.0,50.0,297.756,9604620310.0
606.502,55.0,89908.0,5411.0,50.0,268.817,9604635034.0
606.603,55.0,89908.0,5411.0,49.0,236.682,9604635034.0
606.702,53.0,89908.0,5411.0,49.0,212.806,9604653050.0
606.802,53.0,89908.0,5411.0,49.0,190.499,9604669779.0
606.903,53.0,89908.0,5411.0,49.0,179.776,9604685123.0
607.002,53.0,89908.0,5411.0,49.0,178.526,9604705913.0
607.103,53.0,89908.0,5411.0,48.0,174.239,9604721648.0
607.202,53.0,89908.0,5411.0,48.0,172.48,9604738184.0
607.302,52.0,89908.0,5411.0,48.0,168.648,9604756109.0
607.402,52.0,89908.0,5411.0,48.0,165.75,9604771163.0
607.502,52.0,89908.0,5411.0,48.0,165.748,9604785813.0
607.603,52.0,89908.0,5411.0,48.0,165.814,9604801237.0
607.702,51.0,89908.0,5411.0,48.0,164.715,9604816801.0
607.803,51.0,89908.0,5411.0,48.0,166.158,9604853999.0
607.901,51.0,89908.0,5411.0,48.0,167.737,9604868813.0
608.001,51.0,89908.0,5411.0,48.0,162.672,9604883725.0
608.101,18.0,89908.0,5411.0,47.0,160.865,9604896599.0
608.201,18.0,89908.0,5411.0,47.0,155.131,9604909406.0
608.301,0.0,89908.0,5411.0,47.0,152.282,9604922201.0
608.402,0.0,89908.0,5411.0,47.0,150.344,9604934997.0
608.501,0.0,89908.0,5411.0,46.0,148.357,9604947733.0
608.601,0.0,89908.0,5411.0,46.0,145.915,9604960495.0
608.701,0.0,89908.0,5411.0,46.0,141.734,9604973253.0
608.802,0.0,89908.0,5411.0,46.0,135.864,9604985998.0
608.901,0.0,89908.0,5411.0,46.0,128.611,9604998747.0
609.002,0.0,89908.0,5411.0,46.0,127.766,9605011486.0
609.102,0.0,89908.0,5411.0,46.0,127.637,9605024206.0
609.202,0.0,89908.0,5411.0,46.0,127.557,9605036924.0
609.302,0.0,89908.0,5411.0,46.0,127.449,9605049643.0
609.402,0.0,89908.0,5411.0,46.0,127.449,9605049643.0
609.501,0.0,89908.0,5411.0,46.0,127.366,9605062336.0
609.602,0.0,89908.0,5411.0,46.0,127.33,9605075051.0
609.702,0.0,89908.0,5411.0,46.0,127.255,9605087722.0
609.803,0.0,89908.0,5411.0,46.0,127.207,9605100405.0
609.903,0.0,89908.0,5411.0,46.0,127.185,9605113119.0
610.003,0.0,89908.0,5411.0,46.0,127.104,9605125808.0
610.109,0.0,89908.0,5411.0,46.0,127.016,9605138448.0
610.203,0.0,89908.0,5411.0,46.0,127.026,9605151139.0
610.303,0.0,89908.0,5411.0,46.0,126.987,9605163823.0
610.402,0.0,89908.0,5411.0,46.0,129.82,9605177051.0
610.502,50.0,89908.0,5411.0,46.0,134.426,9605211974.0
610.603,50.0,89908.0,5411.0,46.0,141.837,9605230609.0
610.702,52.0,89908.0,5411.0,46.0,145.119,9605251524.0
610.802,52.0,89908.0,5411.0,46.0,153.036,9605266812.0
610.902,52.0,89908.0,5411.0,47.0,156.13,9605283429.0
611.002,52.0,89908.0,5411.0,47.0,158.755,9605301394.0
611.102,52.0,89908.0,5411.0,47.0,163.944,9605316764.0
611.202,52.0,89908.0,5411.0,47.0,168.21,9605334091.0
611.302,38.0,89908.0,5411.0,46.0,170.484,9605347023.0
611.402,38.0,89908.0,5411.0,46.0,168.454,9605359719.0
611.502,0.0,89908.0,5411.0,46.0,163.854,9605372434.0
611.603,0.0,89908.0,5411.0,46.0,152.897,9605385154.0
611.703,0.0,89908.0,5411.0,46.0,145.363,9605397869.0
611.802,0.0,89908.0,5411.0,46.0,142.228,9605410571.0
611.902,0.0,89908.0,5411.0,46.0,138.977,9605423253.0
612.002,0.0,89908.0,5411.0,46.0,133.692,9605435932.0
612.102,0.0,89908.0,5411.0,46.0,133.692,9605435932.0
612.202,0.0,89908.0,5411.0,46.0,129.317,9605448600.0
612.301,0.0,89908.0,5411.0,45.0,126.984,9605461269.0
612.401,0.0,89908.0,5411.0,45.0,126.993,9605473938.0
612.501,0.0,89908.0,5411.0,45.0,126.971,9605486609.0
612.601,0.0,89908.0,5411.0,50.0,149.744,9605503624.0
612.702,72.0,89908.0,5411.0,55.0,187.592,9605549195.0
612.803,72.0,89908.0,5411.0,56.0,224.099,9605598672.0
612.902,100.0,89908.0,5411.0,58.0,270.966,9605659415.0
613.002,100.0,89908.0,5411.0,57.0,305.571,9605707759.0
613.102,100.0,89908.0,5411.0,59.0,355.246,9605766637.0
613.203,100.0,89908.0,5411.0,59.0,398.288,9605882447.0
613.302,88.0,89908.0,5411.0,57.0,430.456,9605928107.0
613.402,88.0,89908.0,5411.0,57.0,472.477,9605976169.0
613.502,80.0,89908.0,5411.0,59.0,499.294,9606024958.0
613.602,80.0,89908.0,5411.0,60.0,518.917,9606071396.0
613.702,80.0,89908.0,5411.0,59.0,515.187,9606117697.0
613.802,80.0,89908.0,5411.0,60.0,509.82,9606164201.0
613.902,79.0,89908.0,5411.0,59.0,495.783,9606209198.0
614.002,0.0,89908.0,5411.0,52.0,437.168,9606226997.0
614.102,0.0,89908.0,5411.0,50.0,397.242,9606240119.0
614.203,35.0,89908.0,5411.0,56.0,378.862,9606262348.0
614.303,35.0,89908.0,5411.0,56.0,378.862,9606304532.0
614.403,35.0,89908.0,5411.0,56.0,374.638,9606304532.0
614.503,78.0,89908.0,5411.0,55.0,365.115,9606345919.0
614.602,78.0,89908.0,5411.0,55.0,351.448,9606382805.0
614.702,66.0,89908.0,5411.0,54.0,337.983,9606415359.0
614.802,66.0,89908.0,5411.0,52.0,321.307,9606444589.0
614.901,55.0,89908.0,5411.0,51.0,295.842,9606466388.0
615.002,55.0,89908.0,5411.0,50.0,277.624,9606488207.0
615.102,54.0,89908.0,5411.0,50.0,281.191,9606509211.0
615.203,54.0,89908.0,5411.0,50.0,286.158,9606527230.0
615.303,54.0,89908.0,5411.0,49.0,272.784,9606546418.0
615.402,54.0,89908.0,5411.0,49.0,249.031,9606562181.0
615.502,52.0,89908.0,5411.0,49.0,229.677,9606602133.0
615.603,52.0,89908.0,5411.0,48.0,215.555,9606617459.0
615.702,51.0,89908.0,5411.0,48.0,198.535,9606638868.0
615.803,51.0,89908.0,5411.0,48.0,193.232,9606657862.0
615.902,50.0,89908.0,5411.0,48.0,188.89,9606676311.0
616.002,50.0,89908.0,5411.0,48.0,187.175,9606695084.0
616.103,50.0,89908.0,5411.0,48.0,185.891,9606713915.0
616.202,50.0,89908.0,5411.0,48.0,186.912,9606732354.0
616.302,50.0,89908.0,5411.0,48.0,186.003,9606750168.0
616.402,50.0,89908.0,5411.0,48.0,188.323,9606767918.0
616.502,37.0,89908.0,5411.0,47.0,185.9,9606780906.0
616.603,37.0,89908.0,5411.0,47.0,176.92,9606793715.0
616.703,0.0,89908.0,5411.0,47.0,171.875,9606806548.0
616.803,0.0,89908.0,5411.0,47.0,165.322,9606819355.0
616.903,0.0,89908.0,5411.0,46.0,158.949,9606832099.0
617.002,0.0,89908.0,5411.0,46.0,152.778,9606844872.0
617.102,0.0,89908.0,5411.0,46.0,147.519,9606844872.0
617.202,0.0,89908.0,5411.0,46.0,140.99,9606857610.0
617.302,0.0,89908.0,5411.0,46.0,135.622,9606870339.0
617.402,0.0,89908.0,5411.0,46.0,130.72,9606883086.0
617.502,0.0,89908.0,5411.0,46.0,127.761,9606895823.0
617.602,0.0,89908.0,5411.0,46.0,127.713,9606908548.0
617.702,0.0,89908.0,5411.0,46.0,127.628,9606921290.0
617.802,0.0,89908.0,5411.0,46.0,127.505,9606934011.0
617.902,0.0,89908.0,5411.0,46.0,127.436,9606946725.0
618.002,0.0,89908.0,5411.0,46.0,127.394,9606959408.0
618.101,0.0,89908.0,5411.0,46.0,127.308,9606972102.0
618.203,0.0,89908.0,5411.0,46.0,127.261,9606984797.0
618.302,0.0,89908.0,5411.0,46.0,127.227,9607010185.0
618.403,0.0,89908.0,5411.0,46.0,127.181,9607022893.0
618.502,0.0,89908.0,5411.0,46.0,127.115,9607035562.0
618.602,0.0,89908.0,5411.0,46.0,128.575,9607052420.0
618.702,46.0,89908.0,5411.0,46.0,133.528,9607069997.0
618.802,46.0,89908.0,5411.0,46.0,137.439,9607086388.0
618.901,50.0,89908.0,5411.0,46.0,141.223,9607104142.0
619.002,50.0,89908.0,5411.0,46.0,146.448,9607121310.0
619.102,49.0,89908.0,5411.0,46.0,150.754,9607138190.0
619.202,49.0,89908.0,5411.0,46.0,155.496,9607155830.0
619.303,50.0,89908.0,5411.0,46.0,160.096,9607170941.0
619.403,50.0,89908.0,5411.0,46.0,159.766,9607183671.0
619.502,0.0,89908.0,5411.0,46.0,159.794,9607196368.0
619.602,0.0,89908.0,5411.0,46.0,153.855,9607209070.0
619.703,0.0,89908.0,5411.0,46.0,149.852,9607221779.0
619.802,0.0,89908.0,5411.0,46.0,149.852,9607234482.0
619.902,0.0,89908.0,5411.0,46.0,145.624,9607234482.0
620.002,0.0,89908.0,5411.0,46.0,140.669,9607247185.0
620.101,0.0,89908.0,5411.0,46.0,136.25,9607259870.0
620.203,0.0,89908.0,5411.0,46.0,133.05,9607272561.0
620.303,0.0,89908.0,5411.0,45.0,128.58,9607285237.0
620.402,0.0,89908.0,5411.0,45.0,127.03,9607297930.0
620.502,0.0,89908.0,5411.0,45.0,126.971,9607310591.0
620.603,0.0,89908.0,5411.0,47.0,132.498,9607323590.0
620.702,58.0,89908.0,5411.0,47.0,139.554,9607346358.0
620.801,58.0,89908.0,5411.0,47.0,146.06,9607366175.0
620.901,54.0,89908.0,5411.0,47.0,151.225,9607383949.0
621.001,54.0,89908.0,5411.0,47.0,156.769,9607419511.0
621.102,52.0,89908.0,5411.0,48.0,163.163,9607445548.0
621.203,52.0,89908.0,5411.0,54.0,193.884,9607486900.0
621.302,53.0,89908.0,5411.0,54.0,229.985,9607546050.0
621.402,53.0,89908.0,5411.0,57.0,280.232,9607601089.0
621.501,62.0,89908.0,5411.0,56.0,312.679,9607654522.0
621.602,62.0,89908.0,5411.0,59.0,346.634,9607717256.0
621.702,100.0,89908.0,5411.0,57.0,388.236,9607769290.0
621.803,100.0,89908.0,5411.0,58.0,427.528,9607821619.0
621.902,76.0,89908.0,5411.0,60.0,450.008,9607869972.0
622.001,82.0,89908.0,5411.0,59.0,513.128,9607918501.0
622.101,82.0,89908.0,5411.0,59.0,513.128,9607965838.0
622.201,82.0,89908.0,5411.0,59.0,513.234,9607965838.0
622.301,81.0,89908.0,5411.0,59.0,516.918,9608010481.0
622.402,81.0,89908.0,5411.0,59.0,502.326,9608057192.0
622.502,79.0,89908.0,5411.0,59.0,503.111,9608104090.0
622.602,79.0,89908.0,5411.0,59.0,487.253,9608150966.0
622.701,74.0,89908.0,5411.0,58.0,475.751,9608198581.0
622.802,74.0,89908.0,5411.0,58.0,465.547,9608243962.0
622.903,72.0,89908.0,5411.0,57.0,457.018,9608287991.0
623.002,72.0,89908.0,5411.0,55.0,439.679,9608324920.0
623.102,61.0,89908.0,5411.0,54.0,424.649,9608354676.0
623.203,61.0,89908.0,5411.0,53.0,400.758,9608380919.0
623.302,55.0,89908.0,5411.0,51.0,374.205,9608423808.0
623.402,55.0,89908.0,5411.0,51.0,347.812,9608446912.0
623.502,54.0,89908.0,5411.0,50.0,325.684,9608463929.0
623.603,54.0,89908.0,5411.0,50.0,299.91,9608482650.0
623.703,53.0,89908.0,5411.0,49.0,266.178,9608501749.0
623.803,53.0,89908.0,5411.0,49.0,246.804,9608523430.0
623.903,53.0,89908.0,5411.0,49.0,222.563,9608541628.0
624.002,53.0,89908.0,5411.0,49.0,211.953,9608560163.0
624.102,52.0,89908.0,5411.0,49.0,200.575,9608580590.0
624.202,52.0,89908.0,5411.0,48.0,200.559,9608605386.0
624.303,51.0,89908.0,5411.0,48.0,206.309,9608629485.0
624.402,51.0,89908.0,5411.0,48.0,206.696,9608653176.0
624.503,51.0,89908.0,5411.0,48.0,206.503,9608672060.0
624.602,51.0,89908.0,5411.0,48.0,209.23,9608693429.0
624.703,51.0,89908.0,5411.0,48.0,212.344,9608693429.0
624.802,51.0,89908.0,5411.0,48.0,209.681,9608714033.0
624.903,51.0,89908.0,5411.0,48.0,205.104,9608730901.0
625.002,51.0,89908.0,5411.0,48.0,200.306,9608745750.0
625.103,51.0,89908.0,5411.0,48.0,201.13,9608760746.0
625.203,51.0,89908.0,5411.0,48.0,193.743,9608778776.0
625.303,50.0,89908.0,5411.0,47.0,186.318,9608796041.0
625.403,50.0,89908.0,5411.0,47.0,180.233,9608813226.0
625.503,50.0,89908.0,5411.0,47.0,177.767,9608830853.0
625.603,50.0,89908.0,5411.0,47.0,176.005,9608848986.0
625.703,50.0,89908.0,5411.0,47.0,171.942,9608866599.0
625.803,50.0,89908.0,5411.0,47.0,169.986,9608901956.0
625.903,50.0,89908.0,5411.0,47.0,172.128,9608919543.0
626.003,50.0,89908.0,5411.0,47.0,175.15,9608937463.0
626.102,50.0,89908.0,5411.0,47.0,176.672,9608954888.0
626.202,50.0,89908.0,5411.0,47.0,174.844,9608971843.0
626.302,50.0,89908.0,5411.0,47.0,175.057,9608988390.0
626.401,50.0,89908.0,5411.0,47.0,175.302,9609005556.0
626.502,50.0,89908.0,5411.0,47.0,174.412,9609021902.0
626.601,50.0,89908.0,5411.0,47.0,170.671,9609034730.0
626.701,0.0,89908.0,5411.0,46.0,165.805,9609047481.0
626.803,0.0,89908.0,5411.0,46.0,161.479,9609060225.0
626.902,0.0,89908.0,5411.0,46.0,156.019,9609072968.0
627.002,0.0,89908.0,5411.0,46.0,151.862,9609085708.0
627.102,0.0,89908.0,5411.0,46.0,146.893,9609098415.0
627.202,0.0,89908.0,5411.0,46.0,142.928,9609111129.0
627.303,0.0,89908.0,5411.0,46.0,142.928,9609123815.0
627.403,0.0,89908.0,5411.0,46.0,137.953,9609123815.0
627.503,0.0,89908.0,5411.0,46.0,128.987,9609136526.0
627.601,0.0,89908.0,5411.0,46.0,127.278,9609149227.0
627.703,0.0,89908.0,5411.0,46.0,127.239,9609161912.0
627.802,0.0,89908.0,5411.0,46.0,127.171,9609174611.0
627.903,0.0,89908.0,5411.0,46.0,127.113,9609187290.0
628.002,0.0,89908.0,5411.0,46.0,127.017,9609199953.0
628.102,0.0,89908.0,5411.0,46.0,126.99,9609212637.0
628.202,0.0,89908.0,5411.0,46.0,126.97,9609225343.0
628.302,0.0,89908.0,5411.0,46.0,126.988,9609238028.0
628.403,0.0,89908.0,5411.0,46.0,128.741,9609250710.0
628.503,63.0,89908.0,5411.0,48.0,150.529,9609275535.0
628.602,63.0,89908.0,5411.0,48.0,158.706,9609303207.0
628.703,55.0,89908.0,5411.0,48.0,167.003,9609343979.0
628.803,55.0,89908.0,5411.0,48.0,175.027,9609363707.0
628.902,54.0,89908.0,5411.0,48.0,179.823,9609381686.0
629.001,54.0,89908.0,5411.0,48.0,185.94,9609400658.0
629.103,53.0,89908.0,5411.0,47.0,192.801,9609419706.0
629.202,53.0,89908.0,5411.0,47.0,197.55,9609436073.0
629.302,54.0,89908.0,5411.0,47.0,201.181,9609453833.0
629.403,54.0,89908.0,5411.0,47.0,203.48,9609469103.0
629.502,53.0,89908.0,5411.0,47.0,187.593,9609487812.0
629.603,53.0,89908.0,5411.0,47.0,186.088,9609507464.0
629.703,50.0,89908.0,5411.0,47.0,182.636,9609525002.0
629.802,50.0,89908.0,5411.0,47.0,179.089,9609542402.0
629.903,50.0,89908.0,5411.0,47.0,178.744,9609558759.0
630.003,50.0,89908.0,5411.0,47.0,177.005,9609575375.0
630.102,30.0,89908.0,5411.0,46.0,171.415,9609588155.0
630.203,30.0,89908.0,5411.0,46.0,171.415,9609600900.0
630.303,30.0,89908.0,5411.0,46.0,166.453,9609600900.0
630.402,0.0,89908.0,5411.0,46.0,163.502,9609613603.0
630.502,0.0,89908.0,5411.0,46.0,154.879,9609626311.0
630.601,0.0,89908.0,5411.0,46.0,146.791,9609639012.0
630.702,0.0,89908.0,5411.0,46.0,142.332,9609651721.0
630.803,0.0,89908.0,5411.0,46.0,137.209,9609664412.0
630.902,0.0,89908.0,5411.0,46.0,132.442,9609677085.0
631.003,0.0,89908.0,5411.0,46.0,127.974,9609689777.0
631.101,0.0,89908.0,5411.0,46.0,127.08,9609702468.0
631.203,0.0,89908.0,5411.0,46.0,127.025,9609715145.0
631.302,0.0,89908.0,5411.0,45.0,126.954,9609727819.0
631.402,0.0,89908.0,5411.0,45.0,126.919,9609740484.0
631.503,0.0,89908.0,5411.0,45.0,126.873,9609753160.0
631.603,0.0,89908.0,5411.0,45.0,126.841,9609778510.0
631.703,0.0,89908.0,5411.0,45.0,126.828,9609791182.0
631.801,0.0,89908.0,5411.0,45.0,126.805,9609803829.0
631.901,0.0,89908.0,5411.0,45.0,126.784,9609816512.0
632.001,0.0,89908.0,5411.0,45.0,126.796,9609830281.0
632.101,25.0,89908.0,5411.0,46.0,131.672,9609848506.0
632.201,25.0,89908.0,5411.0,46.0,136.819,9609866008.0
632.301,49.0,89908.0,5411.0,46.0,140.005,9609884501.0
632.401,49.0,89908.0,5411.0,46.0,145.542,9609900271.0
632.501,54.0,89908.0,5411.0,46.0,149.858,9609917271.0
632.601,54.0,89908.0,5411.0,46.0,154.709,9609934426.0
632.701,54.0,89908.0,5411.0,47.0,157.355,9609949233.0
632.801,54.0,89908.0,5411.0,47.0,160.086,9609965768.0
632.901,52.0,89908.0,5411.0,47.0,165.251,9609986023.0
633.002,52.0,89908.0,5411.0,47.0,172.508,9610004267.0
633.102,52.0,89908.0,5411.0,47.0,172.508,9610021718.0
633.202,52.0,89908.0,5411.0,47.0,173.739,9610021718.0
633.302,52.0,89908.0,5411.0,47.0,172.611,9610039046.0
633.403,54.0,89908.0,5411.0,47.0,174.257,9610057196.0
633.502,54.0,89908.0,5411.0,47.0,177.041,9610075922.0
633.602,54.0,89908.0,5411.0,47.0,175.952,9610095056.0
633.703,55.0,89908.0,5411.0,47.0,177.891,9610110952.0
633.803,55.0,89908.0,5411.0,47.0,179.706,9610128324.0
633.902,53.0,89908.0,5411.0,47.0,179.046,9610146792.0
634.003,53.0,89908.0,5411.0,47.0,174.041,9610162857.0
634.102,51.0,89908.0,5411.0,47.0,170.915,9610177980.0
634.202,51.0,89908.0,5411.0,47.0,167.755,9610192390.0
634.302,51.0,89908.0,5411.0,47.0,164.767,9610221561.0
634.402,51.0,89908.0,5411.0,47.0,161.771,9610236306.0
634.502,51.0,89908.0,5411.0,47.0,157.656,9610251497.0
634.602,51.0,89908.0,5411.0,46.0,154.299,9610264488.0
634.702,9.0,89908.0,5411.0,48.0,158.571,9610300987.0
634.803,9.0,89908.0,5411.0,53.0,190.876,9610354550.0
634.902,92.0,89908.0,5411.0,53.0,227.249,9610402835.0
635.003,92.0,89908.0,5411.0,57.0,268.058,9610465706.0
635.103,100.0,89908.0,5411.0,53.0,302.73,9610510822.0
635.202,100.0,89908.0,5411.0,58.0,344.517,9610574193.0
635.302,100.0,89908.0,5411.0,60.0,397.329,9610629020.0
635.403,100.0,89908.0,5411.0,59.0,426.496,9610684165.0
635.503,79.0,89908.0,5411.0,60.0,456.727,9610732848.0
635.602,79.0,89908.0,5411.0,59.0,490.314,9610781487.0
635.701,79.0,89908.0,5411.0,59.0,490.314,9610781487.0
635.801,83.0,89908.0,5411.0,59.0,523.702,9610829723.0
635.903,83.0,89908.0,5411.0,59.0,524.319,9610876787.0
636.003,84.0,89908.0,5411.0,59.0,516.069,9610923270.0
636.107,84.0,89908.0,5411.0,59.0,503.843,9610971679.0
636.202,80.0,89908.0,5411.0,59.0,487.158,9611018234.0
636.302,83.0,89908.0,5411.0,58.0,462.443,9611060433.0
636.403,83.0,89908.0,5411.0,58.0,455.258,9611100662.0
636.502,78.0,89908.0,5411.0,57.0,444.376,9611139661.0
636.603,78.0,89908.0,5411.0,55.0,427.091,9611173354.0
636.702,59.0,89908.0,5411.0,54.0,407.742,9611202446.0
636.803,59.0,89908.0,5411.0,52.0,382.217,9611229091.0
636.903,56.0,89908.0,5411.0,51.0,362.12,9611276114.0
637.001,56.0,89908.0,5411.0,51.0,336.248,9611294588.0
637.103,54.0,89908.0,5411.0,50.0,305.578,9611314418.0
637.203,54.0,89908.0,5411.0,50.0,278.795,9611331893.0
637.301,55.0,89908.0,5411.0,50.0,261.385,9611350462.0
637.403,55.0,89908.0,5411.0,49.0,238.967,9611367077.0
637.503,55.0,89908.0,5411.0,49.0,218.619,9611385988.0
637.602,55.0,89908.0,5411.0,49.0,204.134,9611400922.0
637.702,53.0,89908.0,5411.0,49.0,194.804,9611418475.0
637.802,53.0,89908.0,5411.0,48.0,190.213,9611437653.0
637.902,53.0,89908.0,5411.0,48.0,179.363,9611452599.0
638.002,53.0,89908.0,5411.0,48.0,179.363,9611472356.0
638.103,53.0,89908.0,5411.0,48.0,178.314,9611472356.0
638.203,52.0,89908.0,5411.0,48.0,175.384,9611487279.0
638.303,52.0,89908.0,5411.0,48.0,176.512,9611506279.0
638.402,52.0,89908.0,5411.0,48.0,171.556,9611520810.0
638.503,52.0,89908.0,5411.0,48.0,171.357,9611540421.0
638.602,52.0,89908.0,5411.0,48.0,174.756,9611559609.0
638.703,52.0,89908.0,5411.0,48.0,176.013,9611576828.0
638.802,52.0,89908.0,5411.0,48.0,175.95,9611592485.0
638.903,52.0,89908.0,5411.0,48.0,176.156,9611612914.0
639.003,52.0,89908.0,5411.0,48.0,179.083,9611633236.0
639.103,52.0,89908.0,5411.0,48.0,177.593,9611667385.0
639.202,52.0,89908.0,5411.0,47.0,179.764,9611684568.0
639.302,52.0,89908.0,5411.0,47.0,178.171,9611704765.0
639.402,52.0,89908.0,5411.0,47.0,182.001,9611720716.0
639.503,52.0,89908.0,5411.0,47.0,181.197,9611740050.0
639.603,52.0,89908.0,5411.0,47.0,180.329,9611755439.0
639.703,52.0,89908.0,5411.0,47.0,180.019,9611770431.0
639.803,51.0,89908.0,5411.0,47.0,178.066,9611789106.0
639.902,51.0,89908.0,5411.0,47.0,175.954,9611805913.0
640.000,51.0,89908.0,5411.0,47.0,174.891,9611824104.0
640.100,51.0,89908.0,5411.0,47.0,173.462,9611840208.0
640.201,52.0,89908.0,5411.0,47.0,172.552,9611854491.0
640.301,52.0,89908.0,5411.0,47.0,171.018,9611867284.0
640.401,10.0,89908.0,5411.0,47.0,165.639,9611880062.0
640.501,10.0,89908.0,5411.0,46.0,160.952,9611892842.0
640.601,0.0,89908.0,5411.0,46.0,154.308,9611905602.0
640.703,0.0,89908.0,5411.0,46.0,151.031,9611905602.0
640.801,0.0,89908.0,5411.0,46.0,148.801,9611918375.0
640.901,0.0,89908.0,5411.0,46.0,144.146,9611931095.0
641.001,0.0,89908.0,5411.0,46.0,140.567,9611943838.0
641.103,0.0,89908.0,5411.0,46.0,135.798,9611956550.0
641.203,0.0,89908.0,5411.0,46.0,127.578,9611969246.0
641.302,0.0,89908.0,5411.0,46.0,127.427,9611981951.0
641.402,0.0,89908.0,5411.0,46.0,127.349,9611994650.0
641.502,0.0,89908.0,5411.0,46.0,127.289,9612007355.0
641.602,0.0,89908.0,5411.0,46.0,127.231,9612020056.0
641.703,0.0,89908.0,5411.0,46.0,127.168,9612032740.0
641.803,0.0,89908.0,5411.0,46.0,127.093,9612045428.0
641.902,0.0,89908.0,5411.0,46.0,127.036,9612070781.0
642.003,0.0,89908.0,5411.0,46.0,126.99,9612083472.0
642.102,0.0,89908.0,5411.0,46.0,131.34,9612103466.0
642.203,0.0,89908.0,5411.0,48.0,143.927,9612128359.0
642.302,57.0,89908.0,5411.0,48.0,154.11,9612149904.0
642.402,57.0,89908.0,5411.0,48.0,161.596,9612169624.0
642.503,54.0,89908.0,5411.0,47.0,168.993,9612188987.0
642.603,54.0,89908.0,5411.0,48.0,176.338,9612209658.0
642.701,54.0,89908.0,5411.0,47.0,182.238,9612229883.0
642.803,54.0,89908.0,5411.0,48.0,190.63,9612249371.0
642.903,53.0,89908.0,5411.0,47.0,196.877,9612268115.0
643.002,53.0,89908.0,5411.0,47.0,202.245,9612286407.0
643.102,54.0,89908.0,5411.0,47.0,201.298,9612301990.0
643.201,54.0,89908.0,5411.0,47.0,191.262,9612317757.0
643.303,52.0,89908.0,5411.0,47.0,189.16,9612338264.0
643.401,52.0,89908.0,5411.0,47.0,186.246,9612338264.0
643.501,14.0,89908.0,5411.0,46.0,178.303,9612353427.0
643.602,14.0,89908.0,5411.0,46.0,170.733,9612366290.0
643.702,0.0,89908.0,5411.0,46.0,163.444,9612379106.0
643.802,0.0,89908.0,5411.0,46.0,156.825,9612391837.0
643.902,0.0,89908.0,5411.0,46.0,150.211,9612404528.0
644.002,0.0,89908.0,5411.0,46.0,144.317,9612417242.0
644.102,0.0,89908.0,5411.0,46.0,140.924,9612429927.0
644.203,0.0,89908.0,5411.0,46.0,138.968,9612442611.0
644.302,0.0,89908.0,5411.0,46.0,131.849,9612455300.0
644.402,0.0,89908.0,5411.0,46.0,127.383,9612467997.0
644.502,0.0,89908.0,5411.0,46.0,127.16,9612480655.0
644.603,0.0,89908.0,5411.0,46.0,127.047,9612493337.0
644.702,0.0,89908.0,5411.0,45.0,126.969,9612518676.0
644.802,0.0,89908.0,5411.0,46.0,126.935,9612531349.0
644.902,0.0,89908.0,5411.0,45.0,126.893,9612544047.0
645.002,0.0,89908.0,5411.0,45.0,126.881,9612556706.0
645.101,0.0,89908.0,5411.0,45.0,126.816,9612569351.0
645.201,0.0,89908.0,5411.0,45.0,128.11,9612586051.0
645.301,36.0,89908.0,5411.0,46.0,137.002,9612605619.0
645.401,36.0,89908.0,5411.0,46.0,143.628,9612625292.0
645.501,54.0,89908.0,5411.0,46.0,147.611,9612642029.0
645.601,54.0,89908.0,5411.0,47.0,150.943,9612658107.0
645.701,53.0,89908.0,5411.0,47.0,154.554,9612674698.0
645.801,53.0,89908.0,5411.0,47.0,157.689,9612691421.0
645.901,53.0,89908.0,5411.0,47.0,165.934,9612713005.0
646.001,53.0,89908.0,5411.0,47.0,172.512,9612730925.0
646.101,53.0,89908.0,5411.0,47.0,180.486,9612751396.0
646.201,53.0,89908.0,5411.0,47.0,180.486,9612767017.0
646.301,53.0,89908.0,5411.0,47.0,182.757,9612767017.0
646.401,52.0,89908.0,5411.0,47.0,177.408,9612783383.0
646.502,52.0,89908.0,5411.0,47.0,175.04,9612800292.0
646.602,53.0,89908.0,5411.0,47.0,174.812,9612817546.0
646.702,53.0,89908.0,5411.0,47.0,179.695,9612837787.0
646.801,53.0,89908.0,5411.0,47.0,184.07,9612858223.0
646.901,53.0,89908.0,5411.0,47.0,181.698,9612873313.0
647.001,54.0,89908.0,5411.0,47.0,185.366,9612892565.0
647.102,60.0,89908.0,5411.0,47.0,212.469,9612918331.0
647.203,60.0,89908.0,5411.0,56.0,257.053,9612966226.0
647.303,71.0,89908.0,5411.0,56.0,290.438,9613023646.0
647.402,71.0,89908.0,5411.0,58.0,334.486,9613136291.0
647.502,83.0,89908.0,5411.0,59.0,369.694,9613189637.0
647.601,83.0,89908.0,5411.0,58.0,394.942,9613236723.0
647.701,77.0,89908.0,5411.0,57.0,421.734,9613282370.0
647.803,77.0,89908.0,5411.0,57.0,443.924,9613326749.0
647.902,85.0,89908.0,5411.0,58.0,476.718,9613372995.0
648.003,85.0,89908.0,5411.0,57.0,502.972,9613419802.0
648.101,84.0,89908.0,5411.0,58.0,502.257,9613464775.0
648.202,84.0,89908.0,5411.0,57.0,487.882,9613510149.0
648.302,77.0,89908.0,5411.0,57.0,475.752,9613545528.0
648.401,77.0,89908.0,5411.0,56.0,443.883,9613578305.0
648.502,67.0,89908.0,5411.0,54.0,425.53,9613612222.0
648.603,67.0,89908.0,5411.0,53.0,404.713,9613637434.0
648.702,58.0,89908.0,5411.0,52.0,381.042,9613658620.0
648.801,58.0,89908.0,5411.0,51.0,356.608,9613680188.0
648.901,58.0,89908.0,5411.0,51.0,356.608,9613680188.0
649.002,54.0,89908.0,5411.0,50.0,329.661,9613696275.0
649.102,54.0,89908.0,5411.0,50.0,298.111,9613711988.0
649.208,55.0,89908.0,5411.0,49.0,267.381,9613727262.0
649.303,55.0,89908.0,5411.0,49.0,237.156,9613742049.0
649.403,52.0,89908.0,5411.0,49.0,216.24,9613759293.0
649.502,52.0,89908.0,5411.0,48.0,199.464,9613772988.0
649.603,0.0,89908.0,5411.0,48.0,175.055,9613786349.0
649.702,0.0,89908.0,5411.0,48.0,155.57,9613798712.0
649.803,0.0,89908.0,5411.0,47.0,146.438,9613811533.0
649.903,0.0,89908.0,5411.0,47.0,141.702,9613824355.0
650.003,0.0,89908.0,5411.0,47.0,138.281,9613837184.0
650.102,0.0,89908.0,5411.0,47.0,135.715,9613849994.0
650.202,0.0,89908.0,5411.0,47.0,133.84,9613875594.0
650.302,0.0,89908.0,5411.0,47.0,130.21,9613888354.0
650.402,0.0,89908.0,5411.0,46.0,128.204,9613901095.0
650.503,0.0,89908.0,5411.0,46.0,128.108,9613913853.0
650.602,0.0,89908.0,5411.0,46.0,127.987,9613926626.0
650.702,0.0,89908.0,5411.0,46.0,127.899,9613939368.0
650.803,0.0,89908.0,5411.0,46.0,127.788,9613952084.0
650.903,0.0,89908.0,5411.0,46.0,127.678,9613964820.0
651.002,0.0,89908.0,5411.0,46.0,127.595,9613977533.0
651.102,0.0,89908.0,5411.0,46.0,127.513,9613990235.0
651.202,0.0,89908.0,5411.0,46.0,127.46,9614002973.0
651.302,0.0,89908.0,5411.0,46.0,127.431,9614015709.0
651.402,0.0,89908.0,5411.0,46.0,127.411,9614028438.0
651.502,0.0,89908.0,5411.0,46.0,127.371,9614041144.0
651.602,0.0,89908.0,5411.0,46.0,127.312,9614054044.0
651.703,0.0,89908.0,5411.0,46.0,127.312,9614066487.0
651.803,0.0,89908.0,5411.0,46.0,127.217,9614066487.0
651.903,0.0,89908.0,5411.0,46.0,127.103,9614079112.0
652.003,0.0,89908.0,5411.0,46.0,127.021,9614091719.0
652.102,0.0,89908.0,5411.0,46.0,126.883,9614104302.0
652.203,0.0,89908.0,5411.0,46.0,126.741,9614116870.0
652.303,0.0,89908.0,5411.0,46.0,126.611,9614129468.0
652.403,0.0,89908.0,5411.0,46.0,126.447,9614142051.0
652.503,0.0,89908.0,5411.0,46.0,126.3,9614154653.0
652.602,0.0,89908.0,5411.0,46.0,126.117,9614167247.0
652.703,0.0,89908.0,5411.0,46.0,126.022,9614179850.0
652.802,0.0,89908.0,5411.0,46.0,126.007,9614192432.0
652.902,0.0,89908.0,5411.0,45.0,125.996,9614205032.0
653.001,0.0,89908.0,5411.0,45.0,125.987,9614230213.0
653.103,0.0,89908.0,5411.0,45.0,126.0,9614242808.0
653.202,0.0,89908.0,5411.0,45.0,126.003,9614255398.0
653.302,0.0,89908.0,5411.0,45.0,126.037,9614267996.0
653.402,0.0,89908.0,5411.0,45.0,125.984,9614280564.0
653.502,0.0,89908.0,5411.0,45.0,125.959,9614293161.0
653.602,0.0,89908.0,5411.0,45.0,125.941,9614305737.0
653.703,0.0,89908.0,5411.0,45.0,125.915,9614318299.0
653.802,0.0,89908.0,5411.0,45.0,125.897,9614330896.0
653.903,0.0,89908.0,5411.0,45.0,125.926,9614343487.0
654.002,0.0,89908.0,5411.0,45.0,125.904,9614356069.0
654.103,0.0,89908.0,5411.0,45.0,125.887,9614368641.0
654.202,0.0,89908.0,5411.0,45.0,125.909,9614381237.0
654.303,0.0,89908.0,5411.0,45.0,125.893,9614393805.0
654.402,0.0,89908.0,5411.0,45.0,125.873,9614406374.0
654.502,0.0,89908.0,5411.0,45.0,125.873,9614418943.0
654.603,0.0,89908.0,5411.0,45.0,125.862,9614418943.0
654.703,0.0,89908.0,5411.0,45.0,125.858,9614431510.0
654.803,0.0,89908.0,5411.0,45.0,125.854,9614444063.0
654.902,0.0,89908.0,5411.0,45.0,125.828,9614456640.0
655.003,0.0,89908.0,5411.0,45.0,125.779,9614469195.0
655.103,0.0,89908.0,5411.0,45.0,125.756,9614481750.0
655.203,0.0,89908.0,5411.0,45.0,125.734,9614494297.0
655.303,0.0,89908.0,5411.0,45.0,125.648,9614506831.0
655.402,0.0,89908.0,5411.0,45.0,125.643,9614519402.0
655.502,0.0,89908.0,5411.0,45.0,125.674,9614531945.0
655.603,0.0,89908.0,5411.0,45.0,125.668,9614544528.0
655.703,0.0,89908.0,5411.0,45.0,125.665,9614557102.0
655.803,0.0,89908.0,5411.0,45.0,125.707,9614582259.0
655.903,0.0,89908.0,5411.0,45.0,125.722,9614594828.0
656.003,0.0,89908.0,5411.0,45.0,125.728,9614607383.0
656.103,0.0,89908.0,5411.0,45.0,125.715,9614619963.0
656.202,0.0,89908.0,5411.0,45.0,125.718,9614632484.0
656.302,0.0,89908.0,5411.0,45.0,125.707,9614645008.0
656.402,0.0,89908.0,5411.0,45.0,125.707,9614657554.0
656.503,0.0,89908.0,5411.0,45.0,125.677,9614670129.0
656.602,0.0,89908.0,5411.0,45.0,125.657,9614682673.0
656.703,0.0,89908.0,5411.0,45.0,125.637,9614695220.0
656.803,0.0,89908.0,5411.0,45.0,125.626,9614707780.0
656.902,0.0,89908.0,5411.0,45.0,125.596,9614720326.0
657.003,0.0,89908.0,5411.0,45.0,125.598,9614732889.0
657.103,0.0,89908.0,5411.0,45.0,125.599,9614745444.0
657.203,0.0,89908.0,5411.0,45.0,125.635,9614758013.0
657.302,0.0,89908.0,5411.0,45.0,125.635,9614770571.0
657.403,0.0,89908.0,5411.0,45.0,125.67,9614770571.0
657.502,0.0,89908.0,5411.0,45.0,125.669,9614783136.0
657.603,0.0,89908.0,5411.0,45.0,125.688,9614795698.0
657.703,0.0,89908.0,5411.0,45.0,125.691,9614808244.0
657.803,0.0,89908.0,5411.0,45.0,125.682,9614820782.0
657.903,0.0,89908.0,5411.0,45.0,125.681,9614833365.0
658.002,0.0,89908.0,5411.0,45.0,125.69,9614845916.0
658.103,0.0,89908.0,5411.0,45.0,125.641,9614858454.0
658.203,0.0,89908.0,5411.0,45.0,125.636,9614871008.0
658.303,0.0,89908.0,5411.0,45.0,125.659,9614883582.0
658.403,0.0,89908.0,5411.0,45.0,125.645,9614896156.0
658.503,0.0,89908.0,5411.0,45.0,125.65,9614908712.0
658.602,0.0,89908.0,5411.0,45.0,125.627,9614933814.0
658.702,0.0,89908.0,5411.0,45.0,125.63,9614946365.0
658.803,0.0,89908.0,5411.0,45.0,125.644,9614958935.0
658.902,0.0,89908.0,5411.0,45.0,125.658,9614971496.0
659.002,0.0,89908.0,5411.0,45.0,125.674,9614984061.0
659.103,0.0,89908.0,5411.0,45.0,125.667,9614996605.0
659.201,0.0,89908.0,5411.0,45.0,125.61,9615009118.0
659.301,0.0,89908.0,5411.0,45.0,125.593,9615021655.0
659.403,0.0,89908.0,5411.0,45.0,125.574,9615034200.0
659.502,0.0,89908.0,5411.0,45.0,125.548,9615046783.0
659.602,0.0,89908.0,5411.0,45.0,125.574,9615059340.0
659.702,0.0,89908.0,5411.0,45.0,125.576,9615071873.0
659.802,0.0,89908.0,5411.0,45.0,125.563,9615084434.0
659.902,0.0,89908.0,5411.0,45.0,125.553,9615096992.0
660.002,0.0,89908.0,5411.0,45.0,125.545,9615109543.0
660.102,0.0,89908.0,5411.0,45.0,125.545,9615122088.0
660.203,0.0,89908.0,5411.0,45.0,125.541,9615122088.0
660.302,0.0,89908.0,5411.0,45.0,125.599,9615134653.0
660.403,0.0,89908.0,5411.0,45.0,125.631,9615147234.0
660.503,0.0,89908.0,5411.0,45.0,125.629,9615159797.0
660.602,0.0,89908.0,5411.0,45.0,125.661,9615172351.0
660.702,0.0,89908.0,5411.0,45.0,125.631,9615184888.0
660.802,0.0,89908.0,5411.0,45.0,125.601,9615197414.0
660.903,0.0,89908.0,5411.0,45.0,125.585,9615209953.0
661.002,0.0,89908.0,5411.0,45.0,125.591,9615222510.0
661.102,0.0,89908.0,5411.0,45.0,125.6,9615235072.0
661.202,0.0,89908.0,5411.0,45.0,125.594,9615247605.0
661.302,0.0,89908.0,5411.0,45.0,125.554,9615260164.0
661.402,0.0,89908.0,5411.0,45.0,125.527,9615285244.0
661.502,0.0,89908.0,5411.0,45.0,125.508,9615297788.0
661.602,0.0,89908.0,5411.0,45.0,125.525,9615310352.0
661.703,0.0,89908.0,5411.0,45.0,125.556,9615322907.0
661.802,0.0,89908.0,5411.0,45.0,125.575,9615335449.0
661.902,0.0,89908.0,5411.0,45.0,125.58,9615348015.0
662.002,0.0,89908.0,5411.0,45.0,125.547,9615360546.0
662.103,0.0,89908.0,5411.0,45.0,125.565,9615373104.0
662.202,0.0,89908.0,5411.0,45.0,125.557,9615385637.0
662.303,0.0,89908.0,5411.0,45.0,125.537,9615398201.0
662.403,0.0,89908.0,5411.0,45.0,125.557,9615410754.0
662.502,0.0,89908.0,5411.0,45.0,125.588,9615423339.0
662.602,0.0,89908.0,5411.0,45.0,125.56,9615435883.0
662.703,0.0,89908.0,5411.0,45.0,125.549,9615448399.0
662.802,0.0,89908.0,5411.0,45.0,125.562,9615460949.0
662.902,0.0,89908.0,5411.0,45.0,125.562,9615473486.0
663.003,0.0,89908.0,5411.0,45.0,125.542,9615473486.0
663.102,0.0,89908.0,5411.0,45.0,125.521,9615486031.0
663.202,0.0,89908.0,5411.0,45.0,125.545,9615498578.0
663.302,0.0,89908.0,5411.0,45.0,125.559,9615511125.0
663.402,0.0,89908.0,5411.0,45.0,125.564,9615523678.0
663.502,0.0,89908.0,5411.0,45.0,125.566,9615536231.0
663.603,0.0,89908.0,5411.0,45.0,125.551,9615548786.0
663.703,0.0,89908.0,5411.0,45.0,125.55,9615561331.0
663.803,0.0,89908.0,5411.0,45.0,125.575,9615573869.0
663.903,0.0,89908.0,5411.0,45.0,125.581,9615586426.0
664.002,0.0,89908.0,5411.0,45.0,125.554,9615598950.0
664.103,0.0,89908.0,5411.0,45.0,125.549,9615611489.0
664.202,0.0,89908.0,5411.0,45.0,125.578,9615636631.0
664.303,0.0,89908.0,5411.0,45.0,125.576,9615649192.0
664.402,0.0,89908.0,5411.0,45.0,125.588,9615661724.0
664.502,0.0,89908.0,5411.0,45.0,125.568,9615674264.0
664.602,0.0,89908.0,5411.0,45.0,125.574,9615686837.0
664.703,0.0,89908.0,5411.0,45.0,125.574,9615699375.0
664.802,0.0,89908.0,5411.0,45.0,125.622,9615711962.0
664.902,0.0,89908.0,5411.0,45.0,125.635,9615724517.0
665.002,0.0,89908.0,5411.0,45.0,125.627,9615737051.0
665.103,0.0,89908.0,5411.0,45.0,125.656,9615749628.0
665.202,0.0,89908.0,5411.0,45.0,125.654,9615762190.0
665.302,0.0,89908.0,5411.0,45.0,125.619,9615774716.0
665.402,0.0,89908.0,5411.0,45.0,125.618,9615787266.0
665.503,0.0,89908.0,5411.0,45.0,125.638,9615799815.0
665.603,0.0,89908.0,5411.0,45.0,125.582,9615812334.0
665.702,0.0,89908.0,5411.0,45.0,125.582,9615824878.0
665.803,0.0,89908.0,5411.0,45.0,125.585,9615824878.0
665.902,0.0,89908.0,5411.0,45.0,125.569,9615837454.0
666.002,0.0,89908.0,5411.0,45.0,125.575,9615850021.0
666.102,0.0,89908.0,5411.0,45.0,125.581,9615862576.0
666.202,0.0,89908.0,5411.0,45.0,125.58,9615875136.0
666.309,0.0,89908.0,5411.0,45.0,125.557,9615887684.0
666.403,0.0,89908.0,5411.0,45.0,125.564,9615900244.0
666.503,0.0,89908.0,5411.0,45.0,125.581,9615912803.0
666.603,0.0,89908.0,5411.0,45.0,125.575,9615925322.0
666.703,0.0,89908.0,5411.0,45.0,125.594,9615937872.0
666.803,0.0,89908.0,5411.0,45.0,125.593,9615950419.0
666.903,0.0,89908.0,5411.0,45.0,125.606,9615962981.0
667.003,0.0,89908.0,5411.0,45.0,125.588,9615988064.0
667.103,0.0,89908.0,5411.0,45.0,125.546,9616000593.0
667.203,0.0,89908.0,5411.0,45.0,125.535,9616013156.0
667.303,0.0,89908.0,5411.0,45.0,125.528,9616025677.0
667.403,0.0,89908.0,5411.0,45.0,125.519,9616038225.0
667.503,0.0,89908.0,5411.0,45.0,125.533,9616050777.0
667.603,0.0,89908.0,5411.0,45.0,125.559,9616063364.0
667.703,0.0,89908.0,5411.0,45.0,125.578,9616075902.0
667.802,0.0,89908.0,5411.0,45.0,125.575,9616088456.0
667.902,0.0,89908.0,5411.0,45.0,125.585,9616101016.0
668.002,0.0,89908.0,5411.0,45.0,125.59,9616113578.0
668.103,0.0,89908.0,5411.0,45.0,125.624,9616126135.0
668.203,0.0,89908.0,5411.0,45.0,125.636,9616138692.0
668.303,0.0,89908.0,5411.0,45.0,125.66,9616151243.0
668.403,0.0,89908.0,5411.0,45.0,125.642,9616163789.0
668.503,0.0,89908.0,5411.0,45.0,125.642,9616176341.0
668.603,0.0,89908.0,5411.0,45.0,125.656,9616176341.0
668.702,0.0,89908.0,5411.0,45.0,125.644,9616188913.0
668.804,0.0,89908.0,5411.0,45.0,125.628,9616201452.0
668.903,0.0,89908.0,5411.0,45.0,125.62,9616213997.0
669.002,0.0,89908.0,5411.0,45.0,125.611,9616226554.0
669.102,0.0,89908.0,5411.0,45.0,125.603,9616239102.0
669.202,0.0,89908.0,5411.0,45.0,125.597,9616251639.0
669.302,0.0,89908.0,5411.0,45.0,125.6,9616264220.0
669.403,0.0,89908.0,5411.0,45.0,125.585,9616276762.0
669.503,0.0,89908.0,5411.0,45.0,125.635,9616289344.0
669.603,0.0,89908.0,5411.0,45.0,125.644,9616301895.0
669.703,0.0,89908.0,5411.0,45.0,125.625,9616314439.0
669.803,0.0,89908.0,5411.0,45.0,125.627,9616339557.0
669.902,0.0,89908.0,5411.0,45.0,125.641,9616352108.0
670.002,0.0,89908.0,5411.0,45.0,125.632,9616364665.0
670.102,0.0,89908.0,5411.0,45.0,125.626,9616377194.0
670.202,0.0,89908.0,5411.0,45.0,125.616,9616389761.0
670.302,0.0,89908.0,5411.0,45.0,125.63,9616402315.0
670.403,0.0,89908.0,5411.0,45.0,125.601,9616414871.0
670.502,0.0,89908.0,5411.0,45.0,125.569,9616427400.0
670.603,0.0,89908.0,5411.0,45.0,125.576,9616439960.0
670.704,0.0,89908.0,5411.0,45.0,125.572,9616452499.0
670.802,0.0,89908.0,5411.0,45.0,125.566,9616465049.0
670.902,0.0,89908.0,5411.0,45.0,125.572,9616477609.0
671.003,0.0,89908.0,5411.0,45.0,125.569,9616490139.0
671.103,0.0,89908.0,5411.0,45.0,125.608,9616502727.0
671.203,0.0,89908.0,5411.0,45.0,125.602,9616515270.0
671.303,0.0,89908.0,5411.0,45.0,125.602,9616527809.0
671.403,0.0,89908.0,5411.0,45.0,125.582,9616527809.0
671.503,0.0,89908.0,5411.0,45.0,125.61,9616540380.0
671.603,0.0,89908.0,5411.0,45.0,125.638,9616552954.0
671.702,0.0,89908.0,5411.0,45.0,125.641,9616565501.0
671.802,0.0,89908.0,5411.0,45.0,125.632,9616578055.0
671.901,0.0,89908.0,5411.0,45.0,125.655,9616590611.0
672.003,0.0,89908.0,5411.0,45.0,125.646,9616603175.0
672.103,0.0,89908.0,5411.0,45.0,125.648,9616615731.0
672.203,0.0,89908.0,5411.0,45.0,125.603,9616628247.0
672.302,0.0,89908.0,5411.0,45.0,125.586,9616640795.0
672.402,0.0,89908.0,5411.0,45.0,125.603,9616653351.0
672.502,0.0,89908.0,5411.0,45.0,125.576,9616665902.0
672.602,0.0,89908.0,5411.0,45.0,125.55,9616690975.0
672.702,0.0,89908.0,5411.0,45.0,125.527,9616703508.0
672.803,0.0,89908.0,5411.0,45.0,125.499,9616716062.0
672.902,0.0,89908.0,5411.0,45.0,125.517,9616728606.0
673.002,0.0,89908.0,5411.0,45.0,125.519,9616741175.0
673.103,0.0,89908.0,5411.0,45.0,125.544,9616753713.0
673.203,0.0,89908.0,5411.0,45.0,125.549,9616766271.0
673.303,0.0,89908.0,5411.0,45.0,125.54,9616778817.0
673.403,0.0,89908.0,5411.0,45.0,125.527,9616791366.0
673.503,0.0,89908.0,5411.0,45.0,125.549,9616803894.0
673.602,0.0,89908.0,5411.0,45.0,125.57,9616816492.0
673.703,0.0,89908.0,5411.0,45.0,125.609,9616829050.0
673.803,0.0,89908.0,5411.0,45.0,125.577,9616841580.0
673.902,0.0,89908.0,5411.0,45.0,125.589,9616854169.0
674.002,0.0,89908.0,5411.0,45.0,125.572,9616866709.0
674.103,0.0,89908.0,5411.0,45.0,125.569,9616879248.0
674.202,0.0,89908.0,5411.0,45.0,125.569,9616891800.0
674.303,0.0,89908.0,5411.0,45.0,125.583,9616891800.0
674.402,0.0,89908.0,5411.0,45.0,125.594,9616904366.0
674.503,0.0,89908.0,5411.0,45.0,125.586,9616916918.0
674.602,0.0,89908.0,5411.0,45.0,125.654,9616929486.0
674.703,0.0,89908.0,5411.0,45.0,125.64,9616942039.0
674.803,0.0,89908.0,5411.0,45.0,125.664,9616954632.0
674.902,0.0,89908.0,5411.0,45.0,125.69,9616967175.0
675.002,0.0,89908.0,5411.0,45.0,125.655,9616979722.0
675.102,0.0,89908.0,5411.0,45.0,125.687,9616992300.0
675.202,0.0,89908.0,5411.0,45.0,125.714,9617004835.0
675.302,0.0,89908.0,5411.0,45.0,125.723,9617017404.0
675.402,0.0,89908.0,5411.0,45.0,125.714,9617029962.0
675.502,0.0,89908.0,5411.0,45.0,125.687,9617055045.0
675.602,0.0,89908.0,5411.0,45.0,125.657,9617067607.0
675.703,0.0,89908.0,5411.0,45.0,125.663,9617080145.0
675.803,0.0,89908.0,5411.0,45.0,125.587,9617092688.0
675.902,0.0,89908.0,5411.0,45.0,125.619,9617105238.0
676.003,0.0,89908.0,5411.0,45.0,125.61,9617117838.0
676.103,0.0,89908.0,5411.0,45.0,125.61,9617130381.0
676.202,0.0,89908.0,5411.0,45.0,125.587,9617142942.0
676.302,0.0,89908.0,5411.0,45.0,125.602,9617155485.0
676.402,0.0,89908.0,5411.0,45.0,125.629,9617168058.0
676.503,0.0,89908.0,5411.0,45.0,125.635,9617180601.0
676.602,0.0,89908.0,5411.0,45.0,125.637,9617193176.0
676.702,0.0,89908.0,5411.0,45.0,125.633,9617205705.0
676.802,0.0,89908.0,5411.0,45.0,125.659,9617218260.0
676.902,0.0,89908.0,5411.0,45.0,125.615,9617230810.0
677.002,0.0,89908.0,5411.0,45.0,125.615,9617243351.0
677.102,0.0,89908.0,5411.0,45.0,125.583,9617243351.0
677.203,0.0,89908.0,5411.0,45.0,125.563,9617255881.0
677.302,0.0,89908.0,5411.0,45.0,125.552,9617268420.0
677.402,0.0,89908.0,5411.0,45.0,125.535,9617280959.0
677.502,0.0,89908.0,5411.0,45.0,125.546,9617293515.0
677.602,0.0,89908.0,5411.0,45.0,125.587,9617306094.0
677.703,0.0,89908.0,5411.0,45.0,125.557,9617318647.0
677.803,0.0,89908.0,5411.0,45.0,125.566,9617331181.0
677.902,0.0,89908.0,5411.0,45.0,125.527,9617343707.0
678.003,0.0,89908.0,5411.0,45.0,125.558,9617356268.0
678.103,0.0,89908.0,5411.0,45.0,125.567,9617368826.0
678.202,0.0,89908.0,5411.0,45.0,125.585,9617381372.0
678.303,0.0,89908.0,5411.0,45.0,125.593,9617406459.0
678.403,0.0,89908.0,5411.0,45.0,125.586,9617418994.0
678.501,0.0,89908.0,5411.0,45.0,125.539,9617431535.0
678.602,0.0,89908.0,5411.0,45.0,125.522,9617444083.0
678.702,0.0,89908.0,5411.0,45.0,125.497,9617456638.0
678.803,0.0,89908.0,5411.0,45.0,125.513,9617469199.0
678.902,0.0,89908.0,5411.0,45.0,125.525,9617481729.0
679.003,0.0,89908.0,5411.0,45.0,125.489,9617494273.0
679.103,0.0,89908.0,5411.0,45.0,125.495,9617506840.0
679.202,0.0,89908.0,5411.0,45.0,125.509,9617519369.0
679.303,0.0,89908.0,5411.0,45.0,125.509,9617531923.0
679.403,0.0,89908.0,5411.0,45.0,125.505,9617544455.0
679.501,0.0,89908.0,5411.0,45.0,125.513,9617557010.0
679.603,0.0,89908.0,5411.0,45.0,125.531,9617569579.0
679.703,0.0,89908.0,5411.0,45.0,125.557,9617582136.0
679.802,0.0,89908.0,5411.0,45.0,125.552,9617594684.0
679.903,0.0,89908.0,5411.0,45.0,125.54,9617607253.0
680.003,0.0,89908.0,5411.0,45.0,125.604,9617619830.0
680.103,0.0,89908.0,5411.0,45.0,125.601,9617619830.0
680.202,0.0,89908.0,5411.0,45.0,125.59,9617632385.0
680.303,0.0,89908.0,5411.0,45.0,125.606,9617644929.0
680.402,0.0,89908.0,5411.0,45.0,125.62,9617657487.0
680.503,0.0,89908.0,5411.0,45.0,125.65,9617670060.0
680.602,0.0,89908.0,5411.0,45.0,125.652,9617682616.0
680.703,0.0,89908.0,5411.0,45.0,125.621,9617695161.0
680.802,0.0,89908.0,5411.0,45.0,125.613,9617707703.0
680.903,0.0,89908.0,5411.0,45.0,125.611,9617720245.0
681.002,0.0,89908.0,5411.0,45.0,125.549,9617732759.0
681.103,0.0,89908.0,5411.0,45.0,125.575,9617745320.0
681.203,0.0,89908.0,5411.0,45.0,125.555,9617757876.0
681.302,0.0,89908.0,5411.0,45.0,125.552,9617782985.0
681.403,0.0,89908.0,5411.0,45.0,125.558,9617795550.0
681.502,0.0,89908.0,5411.0,45.0,125.554,9617808100.0
681.603,0.0,89908.0,5411.0,45.0,125.551,9617820648.0
681.703,0.0,89908.0,5411.0,45.0,125.545,9617833199.0
681.802,0.0,89908.0,5411.0,45.0,125.536,9617845739.0
681.902,0.0,89908.0,5411.0,45.0,125.538,9617858256.0
682.002,0.0,89908.0,5411.0,45.0,125.511,9617870788.0
682.102,0.0,89908.0,5411.0,45.0,125.498,9617883344.0
682.202,0.0,89908.0,5411.0,45.0,125.516,9617895891.0
682.302,0.0,89908.0,5411.0,45.0,125.502,9617908424.0
682.402,0.0,89908.0,5411.0,45.0,125.469,9617920967.0
682.502,0.0,89908.0,5411.0,45.0,125.467,9617933517.0
682.601,0.0,89908.0,5411.0,45.0,125.485,9617946071.0
682.702,0.0,89908.0,5411.0,45.0,125.519,9617958637.0
682.802,0.0,89908.0,5411.0,45.0,125.548,9617971204.0
682.903,0.0,89908.0,5411.0,45.0,125.58,9617983765.0
683.002,0.0,89908.0,5411.0,45.0,125.58,9617996317.0
683.102,0.0,89908.0,5411.0,45.0,125.61,9617996317.0
683.202,0.0,89908.0,5411.0,45.0,125.622,9618008884.0
683.303,0.0,89908.0,5411.0,45.0,125.627,9618021447.0
683.402,0.0,89908.0,5411.0,45.0,125.618,9618033996.0
683.502,0.0,89908.0,5411.0,45.0,125.631,9618046539.0
683.602,0.0,89908.0,5411.0,45.0,125.631,9618059096.0
683.702,0.0,89908.0,5411.0,45.0,125.627,9618071638.0
683.802,0.0,89908.0,5411.0,45.0,125.598,9618084199.0
683.902,0.0,89908.0,5411.0,45.0,125.574,9618096744.0
684.002,0.0,89908.0,5411.0,45.0,125.556,9618109290.0
684.102,0.0,89908.0,5411.0,45.0,125.583,9618121846.0
684.201,0.0,89908.0,5411.0,45.0,125.61,9618134426.0
684.303,0.0,89908.0,5411.0,45.0,125.613,9618159553.0
684.402,0.0,89908.0,5411.0,45.0,125.64,9618172129.0
684.502,0.0,89908.0,5411.0,45.0,125.669,9618184706.0
684.601,0.0,89908.0,5411.0,45.0,125.678,9618197251.0
684.703,0.0,89908.0,5411.0,45.0,125.677,9618209814.0
684.802,0.0,89908.0,5411.0,45.0,125.671,9618222350.0
684.902,0.0,89908.0,5411.0,45.0,125.664,9618234908.0
685.002,0.0,89908.0,5411.0,45.0,125.691,9618247471.0
685.102,0.0,89908.0,5411.0,45.0,125.684,9618260027.0
685.203,0.0,89908.0,5411.0,45.0,125.639,9618272572.0
685.302,0.0,89908.0,5411.0,45.0,125.61,9618285079.0
685.403,0.0,89908.0,5411.0,45.0,125.571,9618297647.0
685.502,0.0,89908.0,5411.0,45.0,125.576,9618310223.0
685.602,0.0,89908.0,5411.0,45.0,125.573,9618322778.0
685.703,0.0,89908.0,5411.0,45.0,125.591,9618335339.0
685.802,0.0,89908.0,5411.0,45.0,125.62,9618347907.0
685.902,0.0,89908.0,5411.0,45.0,125.62,9618360441.0
686.002,0.0,89908.0,5411.0,45.0,125.609,9618360441.0
686.102,0.0,89908.0,5411.0,45.0,125.602,9618372999.0
686.203,0.0,89908.0,5411.0,45.0,125.626,9618385555.0
686.301,0.0,89908.0,5411.0,45.0,125.626,9618398126.0
686.402,0.0,89908.0,5411.0,45.0,125.663,9618410670.0
686.502,0.0,89908.0,5411.0,45.0,125.652,9618423219.0
686.602,0.0,89908.0,5411.0,45.0,125.611,9618435772.0
686.702,0.0,89908.0,5411.0,45.0,125.586,9618448303.0
686.801,0.0,89908.0,5411.0,45.0,125.581,9618460847.0
686.903,0.0,89908.0,5411.0,45.0,125.58,9618473407.0
687.003,0.0,89908.0,5411.0,45.0,125.628,9618486002.0
687.102,0.0,89908.0,5411.0,45.0,125.674,9618498586.0
687.202,0.0,89908.0,5411.0,45.0,125.666,9618511141.0
687.303,0.0,89908.0,5411.0,45.0,125.634,9618536279.0
687.402,0.0,89908.0,5411.0,45.0,125.675,9618548855.0
687.502,0.0,89908.0,5411.0,45.0,125.704,9618561405.0
687.601,0.0,89908.0,5411.0,45.0,125.709,9618573983.0
687.701,0.0,89908.0,5411.0,45.0,125.754,9618586504.0
687.803,0.0,89908.0,5411.0,45.0,125.717,9618599044.0
687.903,0.0,89908.0,5411.0,45.0,125.702,9618611589.0
688.001,0.0,89908.0,5411.0,45.0,125.648,9618624146.0
688.102,0.0,89908.0,5411.0,45.0,125.597,9618636683.0
688.202,0.0,89908.0,5411.0,45.0,125.611,9618649240.0
688.303,0.0,89908.0,5411.0,45.0,125.578,9618661807.0
688.402,0.0,89908.0,5411.0,45.0,125.566,9618674356.0
688.502,0.0,89908.0,5411.0,45.0,125.548,9618686915.0
688.602,0.0,89908.0,5411.0,45.0,125.559,9618699477.0
688.703,0.0,89908.0,5411.0,45.0,125.575,9618712008.0
688.803,0.0,89908.0,5411.0,45.0,125.597,9618724562.0
688.903,0.0,89908.0,5411.0,45.0,125.609,9618737133.0
689.002,0.0,89908.0,5411.0,45.0,125.609,9618737133.0
689.102,0.0,89908.0,5411.0,45.0,125.634,9618749691.0
689.203,0.0,89908.0,5411.0,45.0,125.661,9618762256.0
689.303,0.0,89908.0,5411.0,45.0,125.649,9618774808.0
689.403,0.0,89908.0,5411.0,45.0,125.638,9618787361.0
689.503,0.0,89908.0,5411.0,45.0,125.653,9618799913.0
689.603,0.0,89908.0,5411.0,45.0,125.655,9618812500.0
689.702,0.0,89908.0,5411.0,45.0,125.656,9618825066.0
689.803,0.0,89908.0,5411.0,45.0,125.673,9618837613.0
689.902,0.0,89908.0,5411.0,45.0,125.672,9618850175.0
690.003,0.0,89908.0,5411.0,45.0,125.672,9618862743.0
690.102,0.0,89908.0,5411.0,45.0,125.651,9618875298.0
690.203,0.0,89908.0,5411.0,45.0,125.625,9618900393.0
690.302,0.0,89908.0,5411.0,45.0,125.613,9618912960.0
690.402,0.0,89908.0,5411.0,45.0,125.636,9618925525.0
690.503,0.0,89908.0,5411.0,45.0,125.63,9618938064.0
690.602,0.0,89908.0,5411.0,45.0,125.625,9618950615.0
690.702,0.0,89908.0,5411.0,45.0,125.601,9618963180.0
690.803,0.0,89908.0,5411.0,45.0,125.636,9618975737.0
690.902,0.0,89908.0,5411.0,45.0,125.621,9618988286.0
691.002,0.0,89908.0,5411.0,45.0,125.595,9619000844.0
691.101,0.0,89908.0,5411.0,45.0,125.615,9619013385.0
691.202,0.0,89908.0,5411.0,45.0,125.62,9619025944.0
691.303,0.0,89908.0,5411.0,45.0,125.616,9619038491.0
691.403,0.0,89908.0,5411.0,45.0,125.615,9619051054.0
691.503,0.0,89908.0,5411.0,45.0,125.604,9619063579.0
691.601,0.0,89908.0,5411.0,45.0,125.572,9619076134.0
691.702,0.0,89908.0,5411.0,45.0,125.59,9619088682.0
691.802,0.0,89908.0,5411.0,45.0,125.551,9619101236.0
691.903,0.0,89908.0,5411.0,45.0,125.545,9619113761.0
692.003,0.0,89908.0,5411.0,45.0,125.558,9619126316.0
692.102,0.0,89908.0,5411.0,45.0,125.567,9619126316.0
692.202,0.0,89908.0,5411.0,45.0,125.57,9619138879.0
692.302,0.0,89908.0,5411.0,45.0,125.565,9619151408.0
692.403,0.0,89908.0,5411.0,45.0,125.546,9619163946.0
692.502,0.0,89908.0,5411.0,45.0,125.556,9619176497.0
692.602,0.0,89908.0,5411.0,45.0,125.583,9619189046.0
692.707,0.0,89908.0,5411.0,45.0,125.601,9619201623.0
692.803,0.0,89908.0,5411.0,45.0,125.632,9619214199.0
692.901,0.0,89908.0,5411.0,45.0,125.641,9619226755.0
693.003,0.0,89908.0,5411.0,45.0,125.646,9619239310.0
693.102,0.0,89908.0,5411.0,45.0,125.609,9619251853.0
693.203,0.0,89908.0,5411.0,45.0,125.603,9619264383.0
693.303,0.0,89908.0,5411.0,45.0,125.631,9619276949.0
693.402,0.0,89908.0,5411.0,45.0,125.64,9619302087.0
693.501,0.0,89908.0,5411.0,45.0,125.658,9619314619.0
693.602,0.0,89908.0,5411.0,45.0,125.641,9619327162.0
693.702,0.0,89908.0,5411.0,45.0,125.599,9619339727.0
693.803,0.0,89908.0,5411.0,45.0,125.584,9619352267.0
693.902,0.0,89908.0,5411.0,45.0,125.584,9619364805.0
694.003,0.0,89908.0,5411.0,45.0,125.549,9619377357.0
694.103,0.0,89908.0,5411.0,45.0,125.562,9619389903.0
694.203,0.0,89908.0,5411.0,45.0,125.599,9619402480.0
694.302,0.0,89908.0,5411.0,45.0,125.586,9619415038.0
694.402,0.0,89908.0,5411.0,45.0,125.583,9619427591.0
694.502,0.0,89908.0,5411.0,45.0,125.6,9619440141.0
694.602,0.0,89908.0,5411.0,45.0,125.609,9619452705.0
694.702,0.0,89908.0,5411.0,45.0,125.598,9619465245.0
694.802,0.0,89908.0,5411.0,45.0,125.609,9619477797.0
694.902,0.0,89908.0,5411.0,45.0,125.609,9619490352.0
695.002,0.0,89908.0,5411.0,45.0,125.64,9619490352.0
695.102,0.0,89908.0,5411.0,45.0,125.63,9619502916.0
695.202,0.0,89908.0,5411.0,45.0,125.583,9619515461.0
695.301,0.0,89908.0,5411.0,45.0,125.553,9619527967.0
695.403,0.0,89908.0,5411.0,45.0,125.544,9619540504.0
695.503,0.0,89908.0,5411.0,45.0,125.555,9619553080.0
695.602,0.0,89908.0,5411.0,45.0,125.515,9619565621.0
695.702,0.0,89908.0,5411.0,45.0,125.518,9619578161.0
695.803,0.0,89908.0,5411.0,45.0,125.538,9619590730.0
695.903,0.0,89908.0,5411.0,45.0,125.551,9619603291.0
696.003,0.0,89908.0,5411.0,45.0,125.546,9619615843.0
696.103,0.0,89908.0,5411.0,45.0,125.551,9619628447.0
696.202,0.0,89908.0,5411.0,45.0,125.57,9619640968.0
696.303,0.0,89908.0,5411.0,45.0,125.596,9619666076.0
696.402,0.0,89908.0,5411.0,45.0,125.598,9619678611.0
696.503,0.0,89908.0,5411.0,45.0,125.579,9619691162.0
696.602,0.0,89908.0,5411.0,45.0,125.598,9619703725.0
696.706,0.0,89908.0,5411.0,45.0,125.615,9619716297.0
696.802,0.0,89908.0,5411.0,45.0,125.607,9619728851.0
696.903,0.0,89908.0,5411.0,45.0,125.608,9619741391.0
697.002,0.0,89908.0,5411.0,45.0,125.585,9619753938.0
697.102,0.0,89908.0,5411.0,45.0,125.566,9619766501.0
697.202,0.0,89908.0,5411.0,45.0,125.625,9619779074.0
697.302,0.0,89908.0,5411.0,45.0,125.616,9619791607.0
697.402,0.0,89908.0,5411.0,45.0,125.652,9619804170.0
697.502,0.0,89908.0,5411.0,45.0,125.645,9619816714.0
697.603,0.0,89908.0,5411.0,45.0,125.614,9619829244.0
697.702,0.0,89908.0,5411.0,45.0,125.627,9619841816.0
697.803,0.0,89908.0,5411.0,45.0,125.627,9619854371.0
697.902,0.0,89908.0,5411.0,45.0,125.636,9619854371.0
698.002,0.0,89908.0,5411.0,45.0,125.629,9619866923.0
698.108,0.0,89908.0,5411.0,45.0,125.65,9619879476.0
698.202,0.0,89908.0,5411.0,45.0,125.624,9619892056.0
698.303,0.0,89908.0,5411.0,45.0,125.597,9619904584.0
698.403,0.0,89908.0,5411.0,45.0,125.605,9619917123.0
698.503,0.0,89908.0,5411.0,45.0,125.611,9619929692.0
698.604,0.0,89908.0,5411.0,45.0,125.597,9619942245.0
698.703,0.0,89908.0,5411.0,45.0,125.611,9619954785.0
698.802,0.0,89908.0,5411.0,45.0,125.592,9619967327.0
698.902,0.0,89908.0,5411.0,45.0,125.592,9619979905.0
699.002,0.0,89908.0,5411.0,45.0,125.637,9619992482.0
699.102,0.0,89908.0,5411.0,45.0,125.633,9620005031.0
699.201,0.0,89908.0,5411.0,45.0,125.593,9620030160.0
699.302,0.0,89908.0,5411.0,45.0,125.633,9620042645.0
699.401,0.0,89908.0,5411.0,45.0,125.609,9620055217.0
699.501,0.0,89908.0,5411.0,45.0,125.591,9620067787.0
699.602,0.0,89908.0,5411.0,45.0,125.612,9620080314.0
699.702,0.0,89908.0,5411.0,45.0,125.614,9620092869.0
699.802,0.0,89908.0,5411.0,45.0,125.609,9620105413.0
699.903,0.0,89908.0,5411.0,45.0,125.599,9620117980.0
700.002,0.0,89908.0,5411.0,45.0,125.581,9620130530.0
700.102,0.0,89908.0,5411.0,45.0,125.565,9620143073.0
700.202,0.0,89908.0,5411.0,45.0,125.557,9620155623.0
700.303,0.0,89908.0,5411.0,45.0,125.599,9620168189.0
700.402,0.0,89908.0,5411.0,45.0,125.577,9620180732.0
700.502,0.0,89908.0,5411.0,45.0,125.537,9620193284.0
700.603,0.0,89908.0,5411.0,45.0,125.571,9620205816.0
700.703,0.0,89908.0,5411.0,45.0,125.582,9620218382.0
700.801,0.0,89908.0,5411.0,45.0,125.582,9620218382.0
700.903,0.0,89908.0,5411.0,45.0,125.588,9620230961.0
701.003,0.0,89908.0,5411.0,45.0,125.573,9620243500.0
701.103,0.0,89908.0,5411.0,45.0,125.575,9620256042.0
701.203,0.0,89908.0,5411.0,45.0,125.591,9620268603.0
701.302,0.0,89908.0,5411.0,45.0,125.616,9620281169.0
701.402,0.0,89908.0,5411.0,45.0,125.601,9620293710.0
701.502,0.0,89908.0,5411.0,45.0,125.602,9620306255.0
701.602,0.0,89908.0,5411.0,45.0,125.608,9620318809.0
701.703,0.0,89908.0,5411.0,45.0,125.623,9620331356.0
701.803,0.0,89908.0,5411.0,45.0,125.626,9620343926.0
701.902,0.0,89908.0,5411.0,45.0,125.606,9620356466.0
702.002,0.0,89908.0,5411.0,45.0,125.608,9620369029.0
702.102,0.0,89908.0,5411.0,45.0,125.648,9620394166.0
702.202,0.0,89908.0,5411.0,45.0,125.655,9620406739.0
702.302,0.0,89908.0,5411.0,45.0,125.641,9620419289.0
702.402,0.0,89908.0,5411.0,45.0,125.66,9620431844.0
702.502,0.0,89908.0,5411.0,45.0,125.677,9620444402.0
702.602,0.0,89908.0,5411.0,45.0,125.691,9620456962.0
702.701,0.0,89908.0,5411.0,45.0,125.693,9620469492.0
702.801,0.0,89908.0,5411.0,45.0,125.664,9620482052.0
702.901,0.0,89908.0,5411.0,45.0,125.686,9620494632.0
703.001,0.0,89908.0,5411.0,45.0,125.703,9620507175.0
703.101,0.0,89908.0,5411.0,45.0,125.677,9620519710.0
703.202,0.0,89908.0,5411.0,45.0,125.658,9620532276.0
703.301,0.0,89908.0,5411.0,45.0,125.655,9620544842.0
703.401,0.0,89908.0,5411.0,45.0,125.652,9620557375.0
703.501,0.0,89908.0,5411.0,45.0,125.596,9620569939.0
703.602,0.0,89908.0,5411.0,45.0,125.597,9620582474.0
703.702,0.0,89908.0,5411.0,45.0,125.606,9620595022.0
703.802,0.0,89908.0,5411.0,45.0,125.585,9620607561.0
703.902,0.0,89908.0,5411.0,45.0,125.585,9620607561.0
704.002,0.0,89908.0,5411.0,45.0,125.559,9620620129.0
704.102,0.0,89908.0,5411.0,45.0,125.586,9620632683.0
704.202,0.0,89908.0,5411.0,45.0,125.599,9620645248.0
704.301,0.0,89908.0,5411.0,45.0,125.637,9620657843.0
704.402,0.0,89908.0,5411.0,45.0,125.623,9620670403.0
704.502,0.0,89908.0,5411.0,45.0,125.686,9620682968.0
704.601,0.0,89908.0,5411.0,45.0,125.699,9620695512.0
704.702,0.0,89908.0,5411.0,45.0,125.694,9620708086.0
704.802,0.0,89908.0,5411.0,45.0,125.711,9620720646.0
704.902,0.0,89908.0,5411.0,45.0,125.74,9620733205.0
705.003,0.0,89908.0,5411.0,45.0,125.74,9620745771.0
705.102,0.0,89908.0,5411.0,45.0,125.741,9620770863.0
705.202,0.0,89908.0,5411.0,45.0,125.695,9620783423.0
705.302,0.0,89908.0,5411.0,47.0,127.463,9620802539.0
705.402,54.0,89908.0,5411.0,46.0,135.019,9620820319.0
705.501,54.0,89908.0,5411.0,46.0,140.189,9620837948.0
705.602,52.0,89908.0,5411.0,46.0,144.376,9620855201.0
705.703,52.0,89908.0,5411.0,46.0,148.867,9620873088.0
705.802,52.0,89908.0,5411.0,46.0,153.025,9620889494.0
705.901,52.0,89908.0,5411.0,46.0,158.137,9620906205.0
706.001,52.0,89908.0,5411.0,46.0,163.543,9620923613.0
706.102,52.0,89908.0,5411.0,46.0,168.223,9620941546.0
706.203,50.0,89908.0,5411.0,47.0,171.918,9620959034.0
706.302,50.0,89908.0,5411.0,47.0,176.349,9620975217.0
706.401,27.0,89908.0,5411.0,46.0,164.364,9620987975.0
706.502,0.0,89908.0,5411.0,46.0,160.247,9621000681.0
706.601,0.0,89908.0,5411.0,46.0,160.247,9621013406.0
706.701,0.0,89908.0,5411.0,46.0,155.817,9621013406.0
706.801,0.0,89908.0,5411.0,46.0,151.723,9621026110.0
706.902,0.0,89908.0,5411.0,46.0,146.679,9621038834.0
707.002,0.0,89908.0,5411.0,46.0,143.919,9621051531.0
707.101,0.0,89908.0,5411.0,46.0,137.456,9621064224.0
707.201,0.0,89908.0,5411.0,46.0,132.919,9621076843.0
707.302,0.0,89908.0,5411.0,46.0,128.484,9621089452.0
707.401,0.0,89908.0,5411.0,46.0,126.882,9621102102.0
707.501,0.0,89908.0,5411.0,46.0,126.803,9621114734.0
707.601,6.0,89908.0,5411.0,46.0,128.891,9621127349.0
707.702,6.0,89908.0,5411.0,54.0,163.211,9621155776.0
707.803,52.0,89908.0,5411.0,54.0,195.013,9621263497.0
707.903,52.0,89908.0,5411.0,57.0,246.013,9621312529.0
708.001,50.0,89908.0,5411.0,50.0,260.901,9621326007.0
708.104,50.0,89908.0,5411.0,48.0,258.675,9621354653.0
708.207,42.0,89908.0,5411.0,53.0,282.332,9621401928.0
708.302,42.0,89908.0,5411.0,57.0,335.9,9621466028.0
708.403,100.0,89908.0,5411.0,55.0,377.705,9621514180.0
708.501,100.0,89908.0,5411.0,59.0,421.162,9621577064.0
708.603,100.0,89908.0,5411.0,60.0,473.307,9621632017.0
708.702,100.0,89908.0,5411.0,60.0,473.307,9621632017.0
708.803,89.0,89908.0,5411.0,61.0,488.714,9621692820.0
708.902,89.0,89908.0,5411.0,60.0,470.583,9621741169.0
709.003,85.0,89908.0,5411.0,60.0,484.482,9621788111.0
709.102,85.0,89908.0,5411.0,59.0,518.233,9621840412.0
709.202,79.0,89908.0,5411.0,60.0,536.088,9621886051.0
709.303,79.0,89908.0,5411.0,61.0,529.301,9621937660.0
709.402,84.0,89908.0,5411.0,61.0,513.187,9621986184.0
709.503,84.0,89908.0,5411.0,60.0,514.112,9622029429.0
709.602,80.0,89908.0,5411.0,60.0,498.347,9622080472.0
709.702,80.0,89908.0,5411.0,59.0,497.533,9622176956.0
709.802,80.0,89908.0,5411.0,59.0,488.497,9622224915.0
709.901,80.0,89908.0,5411.0,59.0,490.154,9622271986.0
710.002,79.0,89908.0,5411.0,59.0,482.683,9622312804.0
710.102,79.0,89908.0,5411.0,58.0,472.284,9622344381.0
710.203,67.0,89908.0,5411.0,56.0,455.253,9622374593.0
710.302,67.0,89908.0,5411.0,54.0,427.899,9622394590.0
710.402,55.0,89908.0,5411.0,53.0,401.523,9622417135.0
710.503,55.0,89908.0,5411.0,52.0,376.178,9622439823.0
710.602,55.0,89908.0,5411.0,51.0,348.646,9622456970.0
710.703,55.0,89908.0,5411.0,51.0,315.755,9622478125.0
710.802,55.0,89908.0,5411.0,51.0,315.755,9622495951.0
710.902,55.0,89908.0,5411.0,50.0,254.447,9622518283.0
711.001,53.0,89908.0,5411.0,50.0,237.896,9622518283.0
711.101,53.0,89908.0,5411.0,49.0,217.519,9622539872.0
711.201,51.0,89908.0,5411.0,49.0,200.749,9622555834.0
711.302,51.0,89908.0,5411.0,49.0,191.427,9622570511.0
711.402,0.0,89908.0,5411.0,48.0,183.193,9622583514.0
711.502,0.0,89908.0,5411.0,48.0,173.726,9622596456.0
711.602,0.0,89908.0,5411.0,48.0,167.003,9622609352.0
711.702,0.0,89908.0,5411.0,48.0,160.598,9622622248.0
711.802,0.0,89908.0,5411.0,47.0,153.708,9622635119.0
711.902,0.0,89908.0,5411.0,47.0,146.729,9622648003.0
712.002,0.0,89908.0,5411.0,47.0,136.984,9622660841.0
712.102,0.0,89908.0,5411.0,47.0,132.203,9622673636.0
712.202,0.0,89908.0,5411.0,47.0,129.559,9622699239.0
712.302,0.0,89908.0,5411.0,47.0,128.676,9622712032.0
712.401,0.0,89908.0,5411.0,47.0,128.501,9622724813.0
712.502,0.0,89908.0,5411.0,47.0,128.357,9622737599.0
712.601,0.0,89908.0,5411.0,47.0,128.225,9622750368.0
712.701,0.0,89908.0,5411.0,47.0,128.103,9622763116.0
712.801,0.0,89908.0,5411.0,46.0,127.992,9622775899.0
712.901,0.0,89908.0,5411.0,46.0,127.955,9622788672.0
713.001,0.0,89908.0,5411.0,46.0,127.886,9622801443.0
713.102,0.0,89908.0,5411.0,46.0,127.847,9622814200.0
713.202,0.0,89908.0,5411.0,46.0,127.799,9622826948.0
713.302,0.0,89908.0,5411.0,46.0,127.735,9622839681.0
713.402,0.0,89908.0,5411.0,46.0,127.696,9622852429.0
713.502,0.0,89908.0,5411.0,46.0,127.65,9622865172.0
713.602,0.0,89908.0,5411.0,46.0,127.609,9622877926.0
713.702,0.0,89908.0,5411.0,46.0,127.585,9622890654.0
713.802,0.0,89908.0,5411.0,46.0,127.585,9622903395.0
713.902,0.0,89908.0,5411.0,46.0,127.469,9622903395.0
714.002,0.0,89908.0,5411.0,46.0,127.417,9622916087.0
714.102,0.0,89908.0,5411.0,46.0,127.386,9622928790.0
714.202,0.0,89908.0,5411.0,46.0,127.359,9622941517.0
714.302,0.0,89908.0,5411.0,46.0,128.026,9622954225.0
714.403,48.0,89908.0,5411.0,46.0,132.003,9622969016.0
714.502,48.0,89908.0,5411.0,47.0,137.295,9622986725.0
714.602,50.0,89908.0,5411.0,47.0,141.974,9623003917.0
714.701,50.0,89908.0,5411.0,47.0,146.847,9623021865.0
714.802,31.0,89908.0,5411.0,46.0,147.861,9623038301.0
714.901,31.0,89908.0,5411.0,46.0,147.927,9623051144.0
715.001,0.0,89908.0,5411.0,46.0,147.567,9623063897.0
715.102,0.0,89908.0,5411.0,46.0,147.99,9623089367.0
715.202,0.0,89908.0,5411.0,46.0,147.592,9623102093.0
715.301,0.0,89908.0,5411.0,46.0,147.295,9623114793.0
715.402,0.0,89908.0,5411.0,46.0,143.824,9623127501.0
715.502,0.0,89908.0,5411.0,46.0,138.332,9623140223.0
715.602,0.0,89908.0,5411.0,46.0,134.128,9623152928.0
715.702,0.0,89908.0,5411.0,46.0,128.898,9623165643.0
715.801,0.0,89908.0,5411.0,46.0,127.31,9623178352.0
715.902,0.0,89908.0,5411.0,46.0,127.268,9623191058.0
716.003,0.0,89908.0,5411.0,46.0,127.211,9623203748.0
716.102,0.0,89908.0,5411.0,46.0,127.161,9623216453.0
716.202,0.0,89908.0,5411.0,46.0,127.132,9623229153.0
716.302,0.0,89908.0,5411.0,46.0,127.128,9623241839.0
716.402,0.0,89908.0,5411.0,46.0,127.131,9623254569.0
716.502,0.0,89908.0,5411.0,46.0,127.136,9623268188.0
716.601,0.0,89908.0,5411.0,46.0,127.136,9623298732.0
716.702,19.0,89908.0,5411.0,48.0,164.458,9623298732.0
716.802,19.0,89908.0,5411.0,50.0,209.043,9623340529.0
716.902,60.0,89908.0,5411.0,56.0,253.895,9623405952.0
717.003,63.0,89908.0,5411.0,57.0,292.206,9623452043.0
717.103,63.0,89908.0,5411.0,59.0,342.639,9623513976.0
717.201,68.0,89908.0,5411.0,58.0,379.886,9623572832.0
717.303,68.0,89908.0,5411.0,60.0,430.367,9623627874.0
717.402,81.0,89908.0,5411.0,55.0,466.607,9623690965.0
717.502,81.0,89908.0,5411.0,61.0,507.76,9623801743.0
717.602,87.0,89908.0,5411.0,61.0,545.187,9623850921.0
717.701,87.0,89908.0,5411.0,60.0,549.475,9623899665.0
717.802,78.0,89908.0,5411.0,59.0,548.312,9623946081.0
717.901,78.0,89908.0,5411.0,60.0,530.706,9623996212.0
718.002,78.0,89908.0,5411.0,61.0,539.634,9624047352.0
718.102,78.0,89908.0,5411.0,61.0,523.911,9624093926.0
718.202,78.0,89908.0,5411.0,60.0,519.256,9624142229.0
718.302,78.0,89908.0,5411.0,59.0,508.691,9624192072.0
718.402,78.0,89908.0,5411.0,62.0,501.776,9624239265.0
718.502,78.0,89908.0,5411.0,61.0,493.78,9624287834.0
718.602,85.0,89908.0,5411.0,61.0,486.088,9624334746.0
718.702,85.0,89908.0,5411.0,61.0,483.862,9624380236.0
718.803,77.0,89908.0,5411.0,60.0,480.128,9624425215.0
718.901,77.0,89908.0,5411.0,58.0,471.35,9624461129.0
719.002,77.0,89908.0,5411.0,58.0,471.35,9624461129.0
719.102,76.0,89908.0,5411.0,55.0,433.569,9624493967.0
719.202,56.0,89908.0,5411.0,54.0,403.561,9624519567.0
719.302,56.0,89908.0,5411.0,52.0,372.728,9624539593.0
719.409,53.0,89908.0,5411.0,52.0,348.818,9624557047.0
719.502,53.0,89908.0,5411.0,51.0,315.959,9624576894.0
719.602,55.0,89908.0,5411.0,51.0,287.593,9624613580.0
719.702,55.0,89908.0,5411.0,50.0,259.818,9624630713.0
719.803,52.0,89908.0,5411.0,50.0,227.592,9624645930.0
719.903,52.0,89908.0,5411.0,50.0,207.932,9624666685.0
720.003,51.0,89908.0,5411.0,49.0,195.914,9624685238.0
720.102,51.0,89908.0,5411.0,49.0,185.708,9624702424.0
720.202,50.0,89908.0,5411.0,49.0,180.819,9624720148.0
720.302,50.0,89908.0,5411.0,49.0,180.954,9624737968.0
720.403,50.0,89908.0,5411.0,49.0,179.716,9624755738.0
720.503,50.0,89908.0,5411.0,49.0,179.531,9624774122.0
720.603,50.0,89908.0,5411.0,49.0,178.395,9624791842.0
720.703,50.0,89908.0,5411.0,49.0,179.473,9624809918.0
720.802,50.0,89908.0,5411.0,48.0,180.508,9624827216.0
720.902,50.0,89908.0,5411.0,48.0,180.508,9624827216.0
721.003,50.0,89908.0,5411.0,48.0,180.947,9624844454.0
721.103,50.0,89908.0,5411.0,48.0,176.559,9624861553.0
721.202,50.0,89908.0,5411.0,48.0,176.309,9624879345.0
721.302,50.0,89908.0,5411.0,48.0,175.566,9624896956.0
721.402,50.0,89908.0,5411.0,48.0,175.03,9624914428.0
721.502,50.0,89908.0,5411.0,48.0,175.091,9624932676.0
721.602,50.0,89908.0,5411.0,48.0,174.344,9624950375.0
721.702,50.0,89908.0,5411.0,48.0,174.229,9624967525.0
721.802,48.0,89908.0,5411.0,48.0,175.376,9624984916.0
721.903,48.0,89908.0,5411.0,48.0,175.006,9625003253.0
722.002,46.0,89908.0,5411.0,48.0,175.493,9625037962.0
722.102,46.0,89908.0,5411.0,48.0,175.106,9625054941.0
722.202,50.0,89908.0,5411.0,48.0,175.268,9625071486.0
722.301,50.0,89908.0,5411.0,48.0,176.297,9625090600.0
722.402,50.0,89908.0,5411.0,48.0,176.141,9625107917.0
722.502,50.0,89908.0,5411.0,47.0,172.112,9625121858.0
722.602,0.0,89908.0,5411.0,47.0,167.643,9625134741.0
722.702,0.0,89908.0,5411.0,47.0,163.427,9625147649.0
722.801,0.0,89908.0,5411.0,47.0,158.572,9625160532.0
722.902,0.0,89908.0,5411.0,47.0,153.553,9625173392.0
723.003,0.0,89908.0,5411.0,47.0,149.194,9625186451.0
723.102,0.0,89908.0,5411.0,47.0,144.881,9625199086.0
723.202,0.0,89908.0,5411.0,46.0,141.515,9625211959.0
723.302,0.0,89908.0,5411.0,46.0,136.061,9625224776.0
723.402,0.0,89908.0,5411.0,46.0,131.165,9625237623.0
723.502,0.0,89908.0,5411.0,46.0,131.165,9625250411.0
723.602,0.0,89908.0,5411.0,46.0,128.645,9625250411.0
723.702,0.0,89908.0,5411.0,46.0,128.621,9625263230.0
723.802,0.0,89908.0,5411.0,46.0,128.488,9625276031.0
723.903,0.0,89908.0,5411.0,46.0,128.411,9625288855.0
724.002,0.0,89908.0,5411.0,46.0,128.326,9625301616.0
724.102,0.0,89908.0,5411.0,46.0,128.256,9625314418.0
724.201,0.0,89908.0,5411.0,46.0,128.195,9625327217.0
724.302,0.0,89908.0,5411.0,46.0,128.077,9625340016.0
724.402,0.0,89908.0,5411.0,46.0,129.244,9625352775.0
724.502,0.0,89908.0,5411.0,52.0,165.448,9625370525.0
724.602,76.0,89908.0,5411.0,50.0,175.502,9625416965.0
724.702,76.0,89908.0,5411.0,50.0,186.108,9625462839.0
724.801,58.0,89908.0,5411.0,49.0,196.707,9625486653.0
724.903,58.0,89908.0,5411.0,49.0,205.174,9625508630.0
725.003,58.0,89908.0,5411.0,49.0,217.762,9625533711.0
725.102,58.0,89908.0,5411.0,49.0,228.215,9625556905.0
725.202,57.0,89908.0,5411.0,49.0,235.884,9625578879.0
725.302,57.0,89908.0,5411.0,49.0,245.915,9625599431.0
725.402,55.0,89908.0,5411.0,49.0,251.974,9625619362.0
725.502,55.0,89908.0,5411.0,48.0,224.692,9625637215.0
725.603,54.0,89908.0,5411.0,48.0,217.044,9625655913.0
725.702,54.0,89908.0,5411.0,48.0,210.529,9625673919.0
725.802,52.0,89908.0,5411.0,48.0,204.239,9625689029.0
725.902,52.0,89908.0,5411.0,48.0,197.323,9625704614.0
726.002,50.0,89908.0,5411.0,47.0,188.854,9625719106.0
726.103,50.0,89908.0,5411.0,47.0,178.475,9625731906.0
726.202,0.0,89908.0,5411.0,47.0,166.759,9625731906.0
726.302,0.0,89908.0,5411.0,47.0,160.118,9625744760.0
726.402,0.0,89908.0,5411.0,47.0,152.821,9625757602.0
726.502,0.0,89908.0,5411.0,46.0,146.823,9625770390.0
726.602,0.0,89908.0,5411.0,46.0,141.583,9625783178.0
726.702,0.0,89908.0,5411.0,46.0,137.639,9625795951.0
726.802,0.0,89908.0,5411.0,46.0,132.711,9625808731.0
726.907,0.0,89908.0,5411.0,46.0,130.879,9625821510.0
727.002,0.0,89908.0,5411.0,46.0,127.953,9625834261.0
727.102,0.0,89908.0,5411.0,46.0,127.892,9625846987.0
727.202,0.0,89908.0,5411.0,46.0,127.775,9625859717.0
727.302,0.0,89908.0,5411.0,46.0,127.649,9625872442.0
727.403,0.0,89908.0,5411.0,46.0,127.558,9625897875.0
727.502,0.0,89908.0,5411.0,46.0,127.476,9625910582.0
727.601,0.0,89908.0,5411.0,46.0,127.411,9625923317.0
727.703,0.0,89908.0,5411.0,46.0,127.35,9625936033.0
727.802,0.0,89908.0,5411.0,46.0,127.307,9625948756.0
727.902,0.0,89908.0,5411.0,46.0,127.272,9625961482.0
728.003,0.0,89908.0,5411.0,46.0,127.258,9625974186.0
728.101,0.0,89908.0,5411.0,46.0,127.241,9625986930.0
728.201,0.0,89908.0,5411.0,46.0,127.265,9625999656.0
728.301,0.0,89908.0,5411.0,46.0,131.073,9626019318.0
728.402,48.0,89908.0,5411.0,47.0,139.936,9626038936.0
728.503,48.0,89908.0,5411.0,47.0,147.198,9626059124.0
728.603,53.0,89908.0,5411.0,47.0,152.548,9626077643.0
728.703,53.0,89908.0,5411.0,47.0,157.411,9626094453.0
728.802,55.0,89908.0,5411.0,47.0,160.35,9626109522.0
728.902,55.0,89908.0,5411.0,47.0,164.598,9626127659.0
729.002,54.0,89908.0,5411.0,47.0,171.474,9626127659.0
729.103,54.0,89908.0,5411.0,48.0,176.345,9626147427.0
729.202,54.0,89908.0,5411.0,47.0,186.21,9626166270.0
729.302,54.0,89908.0,5411.0,47.0,189.567,9626187960.0
729.402,54.0,89908.0,5411.0,47.0,187.429,9626204935.0
729.502,54.0,89908.0,5411.0,47.0,184.776,9626225111.0
729.602,54.0,89908.0,5411.0,47.0,184.033,9626243495.0
729.702,54.0,89908.0,5411.0,48.0,181.832,9626260331.0
729.801,54.0,89908.0,5411.0,48.0,184.869,9626276992.0
729.902,54.0,89908.0,5411.0,48.0,188.75,9626295355.0
730.001,54.0,89908.0,5411.0,48.0,185.696,9626315576.0
730.102,54.0,89908.0,5411.0,48.0,186.139,9626351276.0
730.202,54.0,89908.0,5411.0,48.0,184.094,9626371360.0
730.303,54.0,89908.0,5411.0,48.0,184.459,9626390050.0
730.401,54.0,89908.0,5411.0,48.0,184.107,9626408711.0
730.502,54.0,89908.0,5411.0,48.0,185.198,9626427158.0
730.602,55.0,89908.0,5411.0,48.0,191.028,9626452066.0
730.701,55.0,89908.0,5411.0,53.0,223.302,9626504952.0
730.802,99.0,89908.0,5411.0,52.0,252.375,9626552644.0
730.902,99.0,89908.0,5411.0,57.0,295.827,9626616393.0
731.002,100.0,89908.0,5411.0,59.0,329.025,9626662973.0
731.101,100.0,89908.0,5411.0,58.0,365.421,9626725126.0
731.203,100.0,89908.0,5411.0,58.0,365.421,9626785331.0
731.303,100.0,89908.0,5411.0,60.0,408.566,9626785331.0
731.402,100.0,89908.0,5411.0,59.0,441.179,9626836020.0
731.502,93.0,89908.0,5411.0,61.0,480.394,9626900073.0
731.603,93.0,89908.0,5411.0,60.0,515.183,9626951093.0
731.702,75.0,89908.0,5411.0,61.0,532.206,9626985234.0
731.802,75.0,89908.0,5411.0,53.0,502.403,9626998714.0
731.903,0.0,89908.0,5411.0,52.0,467.488,9627012003.0
732.003,0.0,89908.0,5411.0,56.0,439.426,9627052923.0
732.102,86.0,89908.0,5411.0,58.0,426.625,9627099124.0
732.202,78.0,89908.0,5411.0,57.0,412.306,9627146688.0
732.302,78.0,89908.0,5411.0,60.0,410.95,9627198192.0
732.402,80.0,89908.0,5411.0,60.0,397.871,9627296319.0
732.503,80.0,89908.0,5411.0,60.0,390.383,9627343974.0
732.602,84.0,89908.0,5411.0,61.0,401.806,9627392131.0
732.702,84.0,89908.0,5411.0,60.0,437.262,9627440812.0
732.802,81.0,89908.0,5411.0,60.0,472.658,9627490240.0
732.903,81.0,89908.0,5411.0,60.0,481.025,9627536392.0
733.002,81.0,89908.0,5411.0,60.0,480.977,9627584157.0
733.102,81.0,89908.0,5411.0,58.0,479.84,9627625056.0
733.202,71.0,89908.0,5411.0,57.0,460.607,9627654788.0
733.302,71.0,89908.0,5411.0,55.0,439.51,9627676477.0
733.402,56.0,89908.0,5411.0,53.0,407.332,9627676477.0
733.502,56.0,89908.0,5411.0,52.0,380.72,9627695872.0
733.602,55.0,89908.0,5411.0,51.0,352.541,9627717427.0
733.702,55.0,89908.0,5411.0,51.0,323.875,9627738108.0
733.802,56.0,89908.0,5411.0,50.0,291.371,9627755452.0
733.903,56.0,89908.0,5411.0,50.0,257.521,9627770684.0
734.002,54.0,89908.0,5411.0,50.0,225.185,9627786789.0
734.102,54.0,89908.0,5411.0,50.0,201.987,9627804093.0
734.202,53.0,89908.0,5411.0,49.0,187.398,9627821055.0
734.302,53.0,89908.0,5411.0,49.0,182.849,9627839738.0
734.402,53.0,89908.0,5411.0,49.0,181.254,9627876384.0
734.502,53.0,89908.0,5411.0,49.0,176.688,9627892090.0
734.603,52.0,89908.0,5411.0,49.0,174.806,9627911752.0
734.702,52.0,89908.0,5411.0,49.0,172.561,9627927337.0
734.802,52.0,89908.0,5411.0,49.0,174.218,9627945882.0
734.902,52.0,89908.0,5411.0,48.0,177.618,9627963779.0
735.002,51.0,89908.0,5411.0,48.0,176.736,9627979104.0
735.103,51.0,89908.0,5411.0,48.0,179.208,9627999764.0
735.202,51.0,89908.0,5411.0,48.0,175.12,9628016276.0
735.302,51.0,89908.0,5411.0,48.0,176.348,9628034212.0
735.402,51.0,89908.0,5411.0,48.0,172.725,9628050580.0
735.502,51.0,89908.0,5411.0,48.0,177.145,9628068842.0
735.603,51.0,89908.0,5411.0,48.0,174.202,9628084831.0
735.702,51.0,89908.0,5411.0,48.0,174.569,9628102123.0
735.803,50.0,89908.0,5411.0,48.0,175.884,9628118948.0
735.903,50.0,89908.0,5411.0,48.0,175.884,9628136621.0
736.002,50.0,89908.0,5411.0,48.0,173.106,9628136621.0
736.103,51.0,89908.0,5411.0,48.0,175.009,9628153991.0
736.203,51.0,89908.0,5411.0,48.0,172.668,9628171219.0
736.302,51.0,89908.0,5411.0,48.0,173.532,9628188439.0
736.402,51.0,89908.0,5411.0,48.0,172.185,9628206283.0
736.503,50.0,89908.0,5411.0,48.0,174.904,9628223687.0
736.603,50.0,89908.0,5411.0,48.0,174.342,9628241933.0
736.702,50.0,89908.0,5411.0,48.0,174.978,9628259149.0
736.803,50.0,89908.0,5411.0,47.0,172.397,9628272618.0
736.903,0.0,89908.0,5411.0,47.0,168.215,9628285498.0
737.002,0.0,89908.0,5411.0,47.0,163.842,9628298381.0
737.102,0.0,89908.0,5411.0,47.0,154.136,9628311233.0
737.202,0.0,89908.0,5411.0,47.0,150.192,9628336848.0
737.302,0.0,89908.0,5411.0,46.0,145.116,9628349606.0
737.402,0.0,89908.0,5411.0,46.0,139.885,9628362407.0
737.502,0.0,89908.0,5411.0,46.0,134.888,9628375073.0
737.602,0.0,89908.0,5411.0,46.0,129.761,9628387718.0
737.703,0.0,89908.0,5411.0,46.0,127.799,9628400274.0
737.802,0.0,89908.0,5411.0,46.0,127.43,9628412816.0
737.902,0.0,89908.0,5411.0,46.0,127.077,9628425347.0
738.003,0.0,89908.0,5411.0,46.0,126.719,9628437812.0
738.103,0.0,89908.0,5411.0,46.0,126.367,9628450316.0
738.202,0.0,89908.0,5411.0,46.0,126.082,9628462784.0
738.302,0.0,89908.0,5411.0,46.0,125.758,9628475254.0
738.402,0.0,89908.0,5411.0,46.0,125.758,9628487746.0
738.502,0.0,89908.0,5411.0,46.0,125.466,9628487746.0
738.603,0.0,89908.0,5411.0,46.0,127.813,9628503478.0
738.702,42.0,89908.0,5411.0,49.0,143.377,9628533672.0
738.802,42.0,89908.0,5411.0,49.0,159.084,9628560634.0
738.903,62.0,89908.0,5411.0,49.0,166.368,9628580198.0
739.002,62.0,89908.0,5411.0,48.0,176.041,9628602848.0
739.102,57.0,89908.0,5411.0,48.0,185.675,9628623206.0
739.203,57.0,89908.0,5411.0,48.0,191.78,9628642491.0
739.302,55.0,89908.0,5411.0,48.0,200.445,9628663482.0
739.401,55.0,89908.0,5411.0,48.0,206.463,9628683514.0
739.502,55.0,89908.0,5411.0,48.0,215.518,9628704295.0
739.602,54.0,89908.0,5411.0,48.0,209.695,9628743148.0
739.702,54.0,89908.0,5411.0,48.0,200.655,9628761580.0
739.801,50.0,89908.0,5411.0,47.0,200.138,9628780202.0
739.902,50.0,89908.0,5411.0,47.0,191.274,9628794478.0
740.002,7.0,89908.0,5411.0,47.0,184.131,9628807301.0
740.102,7.0,89908.0,5411.0,47.0,178.012,9628820011.0
740.201,0.0,89908.0,5411.0,46.0,169.749,9628832716.0
740.303,0.0,89908.0,5411.0,46.0,161.614,9628845403.0
740.401,0.0,89908.0,5411.0,46.0,155.365,9628858049.0
740.501,0.0,89908.0,5411.0,46.0,145.723,9628870723.0
740.603,0.0,89908.0,5411.0,46.0,140.978,9628883368.0
740.702,0.0,89908.0,5411.0,46.0,135.698,9628896004.0
740.802,0.0,89908.0,5411.0,46.0,128.241,9628908642.0
740.903,0.0,89908.0,5411.0,46.0,126.898,9628921261.0
741.003,0.0,89908.0,5411.0,46.0,126.655,9628933863.0
741.102,0.0,89908.0,5411.0,46.0,126.594,9628946526.0
741.202,0.0,89908.0,5411.0,46.0,126.506,9628959153.0
741.302,0.0,89908.0,5411.0,46.0,126.415,9628959153.0
741.402,0.0,89908.0,5411.0,46.0,126.366,9628971749.0
741.502,0.0,89908.0,5411.0,46.0,126.287,9628984346.0
741.601,0.0,89908.0,5411.0,46.0,126.247,9628996947.0
741.701,0.0,89908.0,5411.0,46.0,126.229,9629009556.0
741.802,0.0,89908.0,5411.0,46.0,126.226,9629022159.0
741.902,0.0,89908.0,5411.0,46.0,126.188,9629034789.0
742.001,0.0,89908.0,5411.0,46.0,126.15,9629047386.0
742.103,0.0,89908.0,5411.0,46.0,126.649,9629059965.0
742.202,19.0,89908.0,5411.0,48.0,144.107,9629073063.0
742.301,19.0,89908.0,5411.0,47.0,152.184,9629102160.0
742.402,55.0,89908.0,5411.0,47.0,160.362,9629123885.0
742.502,55.0,89908.0,5411.0,47.0,167.159,9629162943.0
742.602,54.0,89908.0,5411.0,47.0,169.359,9629178588.0
742.702,54.0,89908.0,5411.0,47.0,174.339,9629195920.0
742.802,55.0,89908.0,5411.0,47.0,183.77,9629216395.0
742.903,55.0,89908.0,5411.0,47.0,189.4,9629236145.0
743.002,54.0,89908.0,5411.0,47.0,194.967,9629253125.0
743.102,54.0,89908.0,5411.0,47.0,199.738,9629272062.0
743.203,54.0,89908.0,5411.0,47.0,189.047,9629290761.0
743.303,54.0,89908.0,5411.0,47.0,187.185,9629309642.0
743.402,54.0,89908.0,5411.0,47.0,184.019,9629327392.0
743.501,54.0,89908.0,5411.0,47.0,183.273,9629345458.0
743.603,52.0,89908.0,5411.0,47.0,186.501,9629364273.0
743.701,52.0,89908.0,5411.0,47.0,185.007,9629380557.0
743.803,51.0,89908.0,5411.0,47.0,182.91,9629399246.0
743.902,51.0,89908.0,5411.0,47.0,184.51,9629420126.0
744.003,51.0,89908.0,5411.0,47.0,184.51,9629440059.0
744.102,55.0,89908.0,5411.0,47.0,187.161,9629440059.0
744.203,55.0,89908.0,5411.0,47.0,186.072,9629457863.0
744.302,55.0,89908.0,5411.0,47.0,186.526,9629477094.0
744.401,55.0,89908.0,5411.0,47.0,184.922,9629494936.0
744.502,55.0,89908.0,5411.0,47.0,184.15,9629512070.0
744.602,55.0,89908.0,5411.0,47.0,185.481,9629531305.0
744.702,42.0,89908.0,5411.0,48.0,187.355,9629551810.0
744.802,42.0,89908.0,5411.0,53.0,227.645,9629606961.0
744.902,57.0,89908.0,5411.0,51.0,250.348,9629647428.0
745.002,57.0,89908.0,5411.0,57.0,298.791,9629717918.0
745.101,62.0,89908.0,5411.0,58.0,331.62,9629769209.0
745.202,62.0,89908.0,5411.0,58.0,374.36,9629891502.0
745.303,82.0,89908.0,5411.0,60.0,450.652,9629942364.0
745.402,100.0,89908.0,5411.0,61.0,505.768,9630005222.0
745.503,100.0,89908.0,5411.0,58.0,521.52,9630058318.0
745.603,80.0,89908.0,5411.0,61.0,550.013,9630106597.0
745.702,80.0,89908.0,5411.0,61.0,553.217,9630156305.0
745.802,82.0,89908.0,5411.0,61.0,557.569,9630203208.0
745.902,82.0,89908.0,5411.0,60.0,534.983,9630253233.0
746.002,80.0,89908.0,5411.0,60.0,525.121,9630300066.0
746.103,80.0,89908.0,5411.0,59.0,522.322,9630350812.0
746.202,81.0,89908.0,5411.0,62.0,509.723,9630401169.0
746.303,81.0,89908.0,5411.0,61.0,506.67,9630451050.0
746.403,85.0,89908.0,5411.0,61.0,493.749,9630500840.0
746.502,85.0,89908.0,5411.0,61.0,491.573,9630549243.0
746.602,85.0,89908.0,5411.0,61.0,491.573,9630549243.0
746.702,78.0,89908.0,5411.0,61.0,492.058,9630597855.0
746.802,78.0,89908.0,5411.0,61.0,484.503,9630641742.0
746.902,76.0,89908.0,5411.0,58.0,477.272,9630681167.0
747.002,76.0,89908.0,5411.0,57.0,453.354,9630709837.0
747.102,57.0,89908.0,5411.0,55.0,429.315,9630733581.0
747.202,57.0,89908.0,5411.0,54.0,400.014,9630753838.0
747.302,55.0,89908.0,5411.0,53.0,366.914,9630771817.0
747.402,55.0,89908.0,5411.0,52.0,335.801,9630789424.0
747.502,54.0,89908.0,5411.0,51.0,302.004,9630805455.0
747.602,54.0,89908.0,5411.0,51.0,268.868,9630838600.0
747.702,54.0,89908.0,5411.0,50.0,212.611,9630855624.0
747.803,53.0,89908.0,5411.0,50.0,190.315,9630873893.0
747.902,53.0,89908.0,5411.0,49.0,181.365,9630891863.0
748.002,52.0,89908.0,5411.0,49.0,178.246,9630910971.0
748.102,52.0,89908.0,5411.0,49.0,174.293,9630928107.0
748.202,51.0,89908.0,5411.0,49.0,171.198,9630943746.0
748.302,51.0,89908.0,5411.0,49.0,170.211,9630959418.0
748.402,52.0,89908.0,5411.0,49.0,177.879,9630981779.0
748.502,52.0,89908.0,5411.0,48.0,181.855,9631003917.0
748.601,52.0,89908.0,5411.0,48.0,183.799,9631023012.0
748.703,52.0,89908.0,5411.0,48.0,181.643,9631040013.0
748.802,52.0,89908.0,5411.0,48.0,182.163,9631055924.0
748.902,52.0,89908.0,5411.0,48.0,187.146,9631077498.0
749.002,51.0,89908.0,5411.0,48.0,184.465,9631077498.0
749.103,51.0,89908.0,5411.0,48.0,187.749,9631097400.0
749.202,51.0,89908.0,5411.0,48.0,188.306,9631114996.0
749.302,51.0,89908.0,5411.0,48.0,186.715,9631131593.0
749.402,51.0,89908.0,5411.0,48.0,183.757,9631146662.0
749.503,51.0,89908.0,5411.0,48.0,177.658,9631166581.0
749.602,51.0,89908.0,5411.0,48.0,177.459,9631181565.0
749.701,51.0,89908.0,5411.0,48.0,179.416,9631200288.0
749.801,52.0,89908.0,5411.0,48.0,180.251,9631217530.0
749.901,52.0,89908.0,5411.0,48.0,175.108,9631235109.0
750.002,52.0,89908.0,5411.0,48.0,174.479,9631252988.0
750.102,52.0,89908.0,5411.0,47.0,173.346,9631289124.0
750.202,52.0,89908.0,5411.0,47.0,174.654,9631305726.0
750.302,52.0,89908.0,5411.0,47.0,178.68,9631323658.0
750.402,13.0,89908.0,5411.0,47.0,173.913,9631340026.0
750.502,13.0,89908.0,5411.0,47.0,171.389,9631352877.0
750.602,0.0,89908.0,5411.0,47.0,165.373,9631365716.0
750.702,0.0,89908.0,5411.0,47.0,161.309,9631378583.0
750.802,0.0,89908.0,5411.0,46.0,156.1,9631391407.0
750.901,0.0,89908.0,5411.0,46.0,151.532,9631404210.0
751.002,0.0,89908.0,5411.0,46.0,146.957,9631417042.0
751.102,0.0,89908.0,5411.0,46.0,140.758,9631429879.0
751.202,0.0,89908.0,5411.0,46.0,136.054,9631442671.0
751.301,0.0,89908.0,5411.0,46.0,129.75,9631455490.0
751.402,0.0,89908.0,5411.0,46.0,128.308,9631468286.0
751.503,0.0,89908.0,5411.0,46.0,128.254,9631481079.0
751.603,0.0,89908.0,5411.0,46.0,128.254,9631493845.0
751.702,0.0,89908.0,5411.0,46.0,128.174,9631493845.0
751.802,0.0,89908.0,5411.0,46.0,128.157,9631506634.0
751.902,0.0,89908.0,5411.0,46.0,128.127,9631519443.0
752.002,0.0,89908.0,5411.0,46.0,128.08,9631532218.0
752.101,0.0,89908.0,5411.0,46.0,127.996,9631544969.0
752.203,0.0,89908.0,5411.0,46.0,127.944,9631557731.0
752.302,0.0,89908.0,5411.0,46.0,127.919,9631570509.0
752.402,0.0,89908.0,5411.0,46.0,133.187,9631584290.0
752.503,66.0,89908.0,5411.0,49.0,150.526,9631614195.0
752.602,66.0,89908.0,5411.0,49.0,160.704,9631640659.0
752.703,57.0,89908.0,5411.0,48.0,169.675,9631683091.0
752.802,57.0,89908.0,5411.0,48.0,177.584,9631703482.0
752.901,57.0,89908.0,5411.0,48.0,185.17,9631725325.0
753.001,57.0,89908.0,5411.0,48.0,193.037,9631743503.0
753.101,55.0,89908.0,5411.0,48.0,205.884,9631762507.0
753.201,52.0,89908.0,5411.0,48.0,216.497,9631785062.0
753.303,52.0,89908.0,5411.0,48.0,219.423,9631805142.0
753.401,55.0,89908.0,5411.0,47.0,204.062,9631822512.0
753.503,55.0,89908.0,5411.0,47.0,200.293,9631841969.0
753.602,50.0,89908.0,5411.0,47.0,196.92,9631860400.0
753.702,50.0,89908.0,5411.0,47.0,194.334,9631878417.0
753.802,50.0,89908.0,5411.0,47.0,191.219,9631896815.0
753.903,50.0,89908.0,5411.0,47.0,187.305,9631914544.0
754.003,37.0,89908.0,5411.0,47.0,185.217,9631930562.0
754.103,37.0,89908.0,5411.0,47.0,179.253,9631943530.0
754.201,37.0,89908.0,5411.0,47.0,179.253,9631956240.0
754.302,0.0,89908.0,5411.0,46.0,169.286,9631956240.0
754.402,0.0,89908.0,5411.0,46.0,161.96,9631968991.0
754.501,0.0,89908.0,5411.0,46.0,157.717,9631981737.0
754.602,0.0,89908.0,5411.0,46.0,150.7,9631994462.0
754.703,0.0,89908.0,5411.0,46.0,145.555,9632007214.0
754.801,0.0,89908.0,5411.0,46.0,140.36,9632019919.0
754.903,0.0,89908.0,5411.0,46.0,135.543,9632032662.0
755.002,0.0,89908.0,5411.0,46.0,130.371,9632045373.0
755.101,0.0,89908.0,5411.0,46.0,127.416,9632058067.0
755.202,0.0,89908.0,5411.0,46.0,127.379,9632070812.0
755.301,0.0,89908.0,5411.0,46.0,127.321,9632083480.0
755.403,0.0,89908.0,5411.0,46.0,127.251,9632096168.0
755.501,0.0,89908.0,5411.0,46.0,127.177,9632121496.0
755.602,0.0,89908.0,5411.0,46.0,127.102,9632134177.0
755.702,0.0,89908.0,5411.0,46.0,127.054,9632146859.0
755.802,0.0,89908.0,5411.0,46.0,126.999,9632159510.0
755.902,0.0,89908.0,5411.0,45.0,126.903,9632172176.0
756.003,0.0,89908.0,5411.0,45.0,126.872,9632184828.0
756.102,0.0,89908.0,5411.0,45.0,126.83,9632197507.0
756.202,0.0,89908.0,5411.0,45.0,126.758,9632210182.0
756.302,0.0,89908.0,5411.0,46.0,139.749,9632234126.0
756.403,56.0,89908.0,5411.0,47.0,144.518,9632252788.0
756.502,56.0,89908.0,5411.0,47.0,150.752,9632271818.0
756.602,55.0,89908.0,5411.0,47.0,155.886,9632288974.0
756.703,55.0,89908.0,5411.0,47.0,162.868,9632308586.0
756.802,54.0,89908.0,5411.0,47.0,167.24,9632325947.0
756.902,54.0,89908.0,5411.0,47.0,176.653,9632346671.0
757.002,54.0,89908.0,5411.0,47.0,183.274,9632365971.0
757.110,54.0,89908.0,5411.0,47.0,183.274,9632365971.0
757.203,54.0,89908.0,5411.0,47.0,187.611,9632384243.0
757.303,55.0,89908.0,5411.0,47.0,192.909,9632401733.0
757.403,55.0,89908.0,5411.0,47.0,187.295,9632422113.0
757.502,55.0,89908.0,5411.0,47.0,188.814,9632439393.0
757.602,55.0,89908.0,5411.0,47.0,186.697,9632457220.0
757.703,54.0,89908.0,5411.0,47.0,187.758,9632476470.0
757.802,54.0,89908.0,5411.0,47.0,188.64,9632495415.0
757.902,56.0,89908.0,5411.0,47.0,190.488,9632516847.0
758.002,56.0,89908.0,5411.0,47.0,188.368,9632532901.0
758.102,55.0,89908.0,5411.0,47.0,186.912,9632553025.0
758.202,55.0,89908.0,5411.0,47.0,189.133,9632589514.0
758.302,53.0,89908.0,5411.0,47.0,187.313,9632607396.0
758.402,53.0,89908.0,5411.0,47.0,186.562,9632627985.0
758.502,53.0,89908.0,5411.0,47.0,189.648,9632649614.0
758.601,53.0,89908.0,5411.0,47.0,192.121,9632666511.0
758.702,55.0,89908.0,5411.0,47.0,191.308,9632685224.0
758.801,55.0,89908.0,5411.0,47.0,189.542,9632720761.0
758.902,57.0,89908.0,5411.0,51.0,205.094,9632769072.0
759.002,57.0,89908.0,5411.0,53.0,246.762,9632833545.0
759.102,96.0,89908.0,5411.0,56.0,285.01,9632877230.0
759.201,96.0,89908.0,5411.0,52.0,314.744,9632941072.0
759.302,100.0,89908.0,5411.0,58.0,362.539,9632941072.0
759.402,100.0,89908.0,5411.0,59.0,389.928,9632990592.0
759.502,100.0,89908.0,5411.0,59.0,432.915,9633053324.0
759.602,100.0,89908.0,5411.0,61.0,461.702,9633112858.0
759.701,96.0,89908.0,5411.0,60.0,500.892,9633171328.0
759.802,96.0,89908.0,5411.0,60.0,539.837,9633217467.0
759.903,78.0,89908.0,5411.0,60.0,545.803,9633269109.0
760.002,78.0,89908.0,5411.0,59.0,542.984,9633317001.0
760.101,79.0,89908.0,5411.0,59.0,533.255,9633369483.0
760.201,79.0,89908.0,5411.0,61.0,531.953,9633416810.0
760.301,89.0,89908.0,5411.0,61.0,519.954,9633513169.0
760.402,89.0,89908.0,5411.0,61.0,521.446,9633561724.0
760.502,79.0,89908.0,5411.0,60.0,507.118,9633609926.0
760.603,79.0,89908.0,5411.0,60.0,498.542,9633657109.0
760.702,79.0,89908.0,5411.0,59.0,486.109,9633704823.0
760.802,79.0,89908.0,5411.0,59.0,486.423,9633751351.0
760.901,78.0,89908.0,5411.0,59.0,479.653,9633793106.0
761.007,78.0,89908.0,5411.0,58.0,457.047,9633828891.0
761.103,66.0,89908.0,5411.0,56.0,440.067,9633858970.0
761.203,66.0,89908.0,5411.0,56.0,413.439,9633885289.0
761.302,57.0,89908.0,5411.0,54.0,387.725,9633907271.0
761.402,57.0,89908.0,5411.0,53.0,358.343,9633927091.0
761.502,54.0,89908.0,5411.0,51.0,327.497,9633927091.0
761.601,54.0,89908.0,5411.0,51.0,301.14,9633944824.0
761.702,54.0,89908.0,5411.0,51.0,277.405,9633963114.0
761.802,56.0,89908.0,5411.0,50.0,249.005,9633983300.0
761.901,56.0,89908.0,5411.0,50.0,226.944,9634001951.0
762.002,55.0,89908.0,5411.0,49.0,210.705,9634020063.0
762.102,55.0,89908.0,5411.0,49.0,205.61,9634041596.0
762.203,55.0,89908.0,5411.0,49.0,195.413,9634065174.0
762.303,53.0,89908.0,5411.0,49.0,188.479,9634080784.0
762.402,53.0,89908.0,5411.0,49.0,184.482,9634111634.0
762.503,53.0,89908.0,5411.0,49.0,182.034,9634127040.0
762.602,52.0,89908.0,5411.0,49.0,181.746,9634143844.0
762.703,52.0,89908.0,5411.0,48.0,181.746,9634161170.0
762.802,52.0,89908.0,5411.0,48.0,178.74,9634178344.0
762.903,52.0,89908.0,5411.0,48.0,179.558,9634199803.0
763.002,52.0,89908.0,5411.0,48.0,171.215,9634215116.0
763.102,52.0,89908.0,5411.0,48.0,168.018,9634232690.0
763.202,52.0,89908.0,5411.0,48.0,169.513,9634249824.0
763.301,52.0,89908.0,5411.0,48.0,174.28,9634271012.0
763.403,52.0,89908.0,5411.0,48.0,176.421,9634286290.0
763.502,52.0,89908.0,5411.0,48.0,178.126,9634304378.0
763.602,52.0,89908.0,5411.0,48.0,176.289,9634322588.0
763.703,52.0,89908.0,5411.0,48.0,178.74,9634340362.0
763.802,52.0,89908.0,5411.0,47.0,176.444,9634355954.0
763.903,52.0,89908.0,5411.0,47.0,176.444,9634355954.0
764.003,52.0,89908.0,5411.0,47.0,176.496,9634375188.0
764.102,52.0,89908.0,5411.0,47.0,184.336,9634396305.0
764.202,52.0,89908.0,5411.0,47.0,181.573,9634415522.0
764.302,51.0,89908.0,5411.0,47.0,183.973,9634435003.0
764.402,51.0,89908.0,5411.0,47.0,179.861,9634450111.0
764.503,51.0,89908.0,5411.0,47.0,180.53,9634466805.0
764.602,51.0,89908.0,5411.0,47.0,180.971,9634486121.0
764.703,34.0,89908.0,5411.0,47.0,179.91,9634504194.0
764.802,34.0,89908.0,5411.0,47.0,173.816,9634517085.0
764.903,0.0,89908.0,5411.0,47.0,168.938,9634529825.0
765.003,0.0,89908.0,5411.0,46.0,163.808,9634542593.0
765.102,0.0,89908.0,5411.0,46.0,153.621,9634568135.0
765.202,0.0,89908.0,5411.0,46.0,150.997,9634580860.0
765.302,0.0,89908.0,5411.0,46.0,144.561,9634593567.0
765.402,0.0,89908.0,5411.0,46.0,141.518,9634606298.0
765.502,0.0,89908.0,5411.0,46.0,135.041,9634618971.0
765.602,0.0,89908.0,5411.0,46.0,131.875,9634631697.0
765.702,0.0,89908.0,5411.0,46.0,127.416,9634644404.0
765.802,0.0,89908.0,5411.0,46.0,127.304,9634657101.0
765.902,0.0,89908.0,5411.0,46.0,127.231,9634669803.0
766.001,0.0,89908.0,5411.0,46.0,127.158,9634682492.0
766.102,0.0,89908.0,5411.0,46.0,127.085,9634695152.0
766.202,0.0,89908.0,5411.0,46.0,127.046,9634707863.0
766.302,0.0,89908.0,5411.0,46.0,127.036,9634720539.0
766.402,0.0,89908.0,5411.0,46.0,127.014,9634733184.0
766.503,0.0,89908.0,5411.0,46.0,127.014,9634733184.0
766.603,0.0,89908.0,5411.0,46.0,127.003,9634745875.0
766.702,46.0,89908.0,5411.0,46.0,141.379,9634764674.0
766.802,46.0,89908.0,5411.0,48.0,158.381,9634793804.0
766.902,60.0,89908.0,5411.0,49.0,168.025,9634819892.0
767.002,60.0,89908.0,5411.0,48.0,175.32,9634840032.0
767.102,56.0,89908.0,5411.0,48.0,183.374,9634860312.0
767.202,56.0,89908.0,5411.0,48.0,193.397,9634882281.0
767.303,56.0,89908.0,5411.0,48.0,199.567,9634903567.0
767.402,56.0,89908.0,5411.0,48.0,207.022,9634923439.0
767.502,54.0,89908.0,5411.0,48.0,215.921,9634944540.0
767.601,54.0,89908.0,5411.0,48.0,217.761,9634978636.0
767.702,54.0,89908.0,5411.0,48.0,210.061,9634997090.0
767.802,54.0,89908.0,5411.0,47.0,200.475,9635021246.0
767.902,52.0,89908.0,5411.0,47.0,199.179,9635035987.0
768.002,52.0,89908.0,5411.0,47.0,192.482,9635048677.0
768.102,0.0,89908.0,5411.0,46.0,184.576,9635061337.0
768.202,0.0,89908.0,5411.0,46.0,176.44,9635074086.0
768.303,0.0,89908.0,5411.0,46.0,167.891,9635086793.0
768.401,0.0,89908.0,5411.0,46.0,160.818,9635099484.0
768.502,0.0,89908.0,5411.0,46.0,148.7,9635112187.0
768.601,0.0,89908.0,5411.0,46.0,143.518,9635124905.0
768.702,0.0,89908.0,5411.0,46.0,135.776,9635137605.0
768.802,0.0,89908.0,5411.0,46.0,127.768,9635150331.0
768.902,0.0,89908.0,5411.0,46.0,127.06,9635163011.0
769.002,0.0,89908.0,5411.0,46.0,127.068,9635175676.0
769.102,0.0,89908.0,5411.0,46.0,127.068,9635188347.0
769.202,0.0,89908.0,5411.0,45.0,127.024,9635188347.0
769.303,0.0,89908.0,5411.0,45.0,126.982,9635201029.0
769.403,0.0,89908.0,5411.0,45.0,126.939,9635213690.0
769.502,0.0,89908.0,5411.0,45.0,126.913,9635226341.0
769.602,0.0,89908.0,5411.0,47.0,127.674,9635238990.0
769.702,61.0,89908.0,5411.0,47.0,140.281,9635263069.0
769.802,61.0,89908.0,5411.0,47.0,146.371,9635283029.0
769.902,54.0,89908.0,5411.0,47.0,151.182,9635299644.0
770.002,54.0,89908.0,5411.0,47.0,162.018,9635321830.0
770.102,56.0,89908.0,5411.0,47.0,171.295,9635345254.0
770.202,56.0,89908.0,5411.0,47.0,178.524,9635365252.0
770.302,54.0,89908.0,5411.0,47.0,184.189,9635402089.0
770.402,54.0,89908.0,5411.0,47.0,190.773,9635422341.0
770.502,55.0,89908.0,5411.0,47.0,198.275,9635442768.0
770.601,55.0,89908.0,5411.0,47.0,204.574,9635462055.0
770.702,55.0,89908.0,5411.0,47.0,197.601,9635481983.0
770.802,55.0,89908.0,5411.0,47.0,198.891,9635500936.0
770.902,56.0,89908.0,5411.0,47.0,200.872,9635519105.0
771.003,56.0,89908.0,5411.0,47.0,195.419,9635536485.0
771.104,53.0,89908.0,5411.0,47.0,188.637,9635554379.0
771.201,53.0,89908.0,5411.0,47.0,187.325,9635571913.0
771.301,53.0,89908.0,5411.0,47.0,188.343,9635590278.0
771.401,59.0,89908.0,5411.0,53.0,208.325,9635613541.0
771.503,59.0,89908.0,5411.0,53.0,232.277,9635656521.0
771.602,100.0,89908.0,5411.0,54.0,276.203,9635718823.0
771.702,100.0,89908.0,5411.0,54.0,276.203,9635754923.0
771.803,100.0,89908.0,5411.0,49.0,271.092,9635754923.0
771.902,0.0,89908.0,5411.0,48.0,265.681,9635767913.0
772.003,0.0,89908.0,5411.0,52.0,266.845,9635780605.0
772.102,90.0,89908.0,5411.0,57.0,309.375,9635827665.0
772.202,90.0,89908.0,5411.0,54.0,346.377,9635889872.0
772.302,80.0,89908.0,5411.0,59.0,389.189,9635941974.0
772.403,80.0,89908.0,5411.0,58.0,420.56,9635998094.0
772.503,82.0,89908.0,5411.0,58.0,432.832,9636044801.0
772.602,82.0,89908.0,5411.0,57.0,430.274,9636138584.0
772.702,85.0,89908.0,5411.0,58.0,419.816,9636186670.0
772.802,85.0,89908.0,5411.0,59.0,444.783,9636234638.0
772.902,80.0,89908.0,5411.0,59.0,483.604,9636280943.0
773.002,80.0,89908.0,5411.0,59.0,508.024,9636326184.0
773.101,85.0,89908.0,5411.0,59.0,495.985,9636374052.0
773.202,85.0,89908.0,5411.0,58.0,483.697,9636420789.0
773.302,85.0,89908.0,5411.0,58.0,477.788,9636466704.0
773.402,85.0,89908.0,5411.0,56.0,466.293,9636498040.0
773.502,65.0,89908.0,5411.0,55.0,444.188,9636525472.0
773.602,65.0,89908.0,5411.0,53.0,424.209,9636548343.0
773.703,57.0,89908.0,5411.0,52.0,398.319,9636567562.0
773.803,57.0,89908.0,5411.0,51.0,370.862,9636586242.0
773.903,54.0,89908.0,5411.0,51.0,344.201,9636606373.0
774.002,54.0,89908.0,5411.0,50.0,314.843,9636625504.0
774.102,53.0,89908.0,5411.0,50.0,287.006,9636625504.0
774.201,53.0,89908.0,5411.0,49.0,254.345,9636642746.0
774.301,51.0,89908.0,5411.0,49.0,224.758,9636658778.0
774.401,51.0,89908.0,5411.0,48.0,200.132,9636676698.0
774.502,0.0,89908.0,5411.0,48.0,186.635,9636689826.0
774.603,0.0,89908.0,5411.0,48.0,174.232,9636702717.0
774.703,0.0,89908.0,5411.0,47.0,162.883,9636715598.0
774.802,0.0,89908.0,5411.0,47.0,158.175,9636728467.0
774.903,0.0,89908.0,5411.0,47.0,153.39,9636741349.0
775.002,0.0,89908.0,5411.0,47.0,146.308,9636754165.0
775.102,0.0,89908.0,5411.0,47.0,140.475,9636779772.0
775.203,0.0,89908.0,5411.0,47.0,135.693,9636792564.0
775.302,0.0,89908.0,5411.0,46.0,132.736,9636805331.0
775.403,0.0,89908.0,5411.0,46.0,128.413,9636818074.0
775.503,0.0,89908.0,5411.0,46.0,128.237,9636830809.0
775.603,0.0,89908.0,5411.0,46.0,128.09,9636843558.0
775.703,0.0,89908.0,5411.0,46.0,127.972,9636856301.0
775.802,0.0,89908.0,5411.0,46.0,127.828,9636869012.0
775.901,0.0,89908.0,5411.0,46.0,127.667,9636881720.0
776.002,0.0,89908.0,5411.0,46.0,127.572,9636894426.0
776.101,0.0,89908.0,5411.0,46.0,127.488,9636907148.0
776.203,0.0,89908.0,5411.0,46.0,127.38,9636919857.0
776.302,0.0,89908.0,5411.0,46.0,127.329,9636932552.0
776.402,0.0,89908.0,5411.0,46.0,127.304,9636945292.0
776.502,0.0,89908.0,5411.0,46.0,127.25,9636958007.0
776.603,0.0,89908.0,5411.0,46.0,127.192,9636970687.0
776.702,0.0,89908.0,5411.0,46.0,127.192,9636983359.0
776.803,0.0,89908.0,5411.0,46.0,127.136,9636983359.0
776.902,0.0,89908.0,5411.0,46.0,127.11,9636996056.0
777.003,0.0,89908.0,5411.0,46.0,127.057,9637008708.0
777.102,0.0,89908.0,5411.0,46.0,127.034,9637021402.0
777.201,0.0,89908.0,5411.0,46.0,127.021,9637034092.0
777.301,0.0,89908.0,5411.0,46.0,126.999,9637046777.0
777.402,0.0,89908.0,5411.0,45.0,126.967,9637059440.0
777.502,0.0,89908.0,5411.0,45.0,126.901,9637072120.0
777.602,0.0,89908.0,5411.0,45.0,126.865,9637084804.0
777.703,0.0,89908.0,5411.0,45.0,126.869,9637097459.0
777.803,0.0,89908.0,5411.0,45.0,126.852,9637110131.0
777.903,0.0,89908.0,5411.0,45.0,126.819,9637122792.0
778.003,0.0,89908.0,5411.0,45.0,126.835,9637148113.0
778.103,0.0,89908.0,5411.0,45.0,126.767,9637160758.0
778.203,0.0,89908.0,5411.0,45.0,126.716,9637173411.0
778.303,0.0,89908.0,5411.0,45.0,126.701,9637186046.0
778.403,0.0,89908.0,5411.0,45.0,126.657,9637198708.0
778.502,0.0,89908.0,5411.0,45.0,126.651,9637211377.0
778.602,0.0,89908.0,5411.0,45.0,126.623,9637224008.0
778.703,0.0,89908.0,5411.0,45.0,126.612,9637236650.0
778.802,0.0,89908.0,5411.0,45.0,126.576,9637249307.0
778.903,0.0,89908.0,5411.0,45.0,126.597,9637261993.0
779.003,0.0,89908.0,5411.0,45.0,126.594,9637274633.0
779.102,0.0,89908.0,5411.0,45.0,126.576,9637287271.0
779.202,0.0,89908.0,5411.0,45.0,126.571,9637299904.0
779.302,0.0,89908.0,5411.0,45.0,126.578,9637312536.0
779.402,0.0,89908.0,5411.0,45.0,126.59,9637325229.0
779.501,0.0,89908.0,5411.0,45.0,126.566,9637337886.0
779.602,0.0,89908.0,5411.0,45.0,126.565,9637350517.0
779.703,0.0,89908.0,5411.0,45.0,126.557,9637350517.0
779.803,0.0,89908.0,5411.0,45.0,126.566,9637363379.0
779.902,0.0,89908.0,5411.0,45.0,126.507,9637375778.0
780.003,0.0,89908.0,5411.0,45.0,126.51,9637388422.0
780.103,0.0,89908.0,5411.0,45.0,126.51,9637401055.0
780.203,0.0,89908.0,5411.0,45.0,126.483,9637413705.0
780.302,0.0,89908.0,5411.0,45.0,126.455,9637426298.0
780.403,0.0,89908.0,5411.0,45.0,126.44,9637438928.0
780.503,0.0,89908.0,5411.0,45.0,126.4,9637451552.0
780.603,0.0,89908.0,5411.0,45.0,126.362,9637464173.0
780.703,0.0,89908.0,5411.0,45.0,126.353,9637476782.0
780.803,0.0,89908.0,5411.0,45.0,126.321,9637489398.0
780.903,0.0,89908.0,5411.0,45.0,126.338,9637514705.0
781.002,0.0,89908.0,5411.0,45.0,126.358,9637527323.0
781.102,0.0,89908.0,5411.0,45.0,126.322,9637539970.0
781.202,0.0,89908.0,5411.0,45.0,126.327,9637552575.0
781.302,0.0,89908.0,5411.0,45.0,126.334,9637565196.0
781.401,0.0,89908.0,5411.0,45.0,126.31,9637577828.0
781.501,0.0,89908.0,5411.0,45.0,126.322,9637590444.0
781.601,0.0,89908.0,5411.0,45.0,126.344,9637603077.0
781.702,0.0,89908.0,5411.0,45.0,126.334,9637615694.0
781.806,0.0,89908.0,5411.0,45.0,126.323,9637628326.0
781.903,0.0,89908.0,5411.0,45.0,126.334,9637640970.0
782.003,0.0,89908.0,5411.0,45.0,126.31,9637653594.0
782.102,0.0,89908.0,5411.0,45.0,126.302,9637666232.0
782.202,0.0,89908.0,5411.0,45.0,126.296,9637678844.0
782.302,0.0,89908.0,5411.0,45.0,126.32,9637691471.0
782.402,0.0,89908.0,5411.0,45.0,126.32,9637704092.0
782.502,0.0,89908.0,5411.0,45.0,126.292,9637704092.0
782.602,0.0,89908.0,5411.0,45.0,126.294,9637716707.0
782.702,0.0,89908.0,5411.0,45.0,126.281,9637729323.0
782.802,0.0,89908.0,5411.0,45.0,126.295,9637741931.0
782.902,0.0,89908.0,5411.0,45.0,126.27,9637754551.0
783.002,0.0,89908.0,5411.0,45.0,126.263,9637767155.0
783.102,0.0,89908.0,5411.0,45.0,126.272,9637779780.0
783.201,0.0,89908.0,5411.0,45.0,126.279,9637792422.0
783.302,0.0,89908.0,5411.0,45.0,126.283,9637805011.0
783.403,0.0,89908.0,5411.0,45.0,126.283,9637817644.0
783.503,0.0,89908.0,5411.0,45.0,126.286,9637830269.0
783.601,0.0,89908.0,5411.0,45.0,126.296,9637842899.0
783.701,0.0,89908.0,5411.0,45.0,126.314,9637868144.0
783.803,0.0,89908.0,5411.0,45.0,126.316,9637880741.0
783.903,0.0,89908.0,5411.0,45.0,126.286,9637893355.0
784.003,0.0,89908.0,5411.0,45.0,126.283,9637905951.0
784.103,0.0,89908.0,5411.0,45.0,126.232,9637918589.0
784.203,0.0,89908.0,5411.0,45.0,126.233,9637931179.0
784.303,0.0,89908.0,5411.0,45.0,126.246,9637943785.0
784.403,0.0,89908.0,5411.0,45.0,126.196,9637956431.0
784.502,0.0,89908.0,5411.0,45.0,126.201,9637969036.0
784.603,0.0,89908.0,5411.0,45.0,126.215,9637981648.0
784.702,0.0,89908.0,5411.0,45.0,126.199,9637994261.0
784.803,0.0,89908.0,5411.0,45.0,126.186,9638006867.0
784.903,0.0,89908.0,5411.0,45.0,126.204,9638019454.0
785.002,0.0,89908.0,5411.0,45.0,126.189,9638032083.0
785.103,0.0,89908.0,5411.0,45.0,126.221,9638044727.0
785.203,0.0,89908.0,5411.0,45.0,126.221,9638057340.0
785.303,0.0,89908.0,5411.0,45.0,126.208,9638057340.0
785.403,0.0,89908.0,5411.0,45.0,126.225,9638069927.0
785.503,0.0,89908.0,5411.0,45.0,126.219,9638082586.0
785.603,0.0,89908.0,5411.0,45.0,126.223,9638095186.0
785.703,0.0,89908.0,5411.0,45.0,126.22,9638107802.0
785.803,0.0,89908.0,5411.0,45.0,126.218,9638120421.0
785.903,0.0,89908.0,5411.0,45.0,126.215,9638133015.0
786.003,0.0,89908.0,5411.0,45.0,126.224,9638145630.0
786.103,0.0,89908.0,5411.0,45.0,126.204,9638158235.0
786.203,0.0,89908.0,5411.0,45.0,126.167,9638170842.0
786.302,0.0,89908.0,5411.0,45.0,126.212,9638183439.0
786.403,0.0,89908.0,5411.0,45.0,126.204,9638196068.0
786.503,0.0,89908.0,5411.0,45.0,126.171,9638221290.0
786.601,0.0,89908.0,5411.0,45.0,126.182,9638233926.0
786.703,0.0,89908.0,5411.0,45.0,126.177,9638246533.0
786.801,0.0,89908.0,5411.0,45.0,126.189,9638259161.0
786.902,0.0,89908.0,5411.0,45.0,126.243,9638271793.0
787.001,0.0,89908.0,5411.0,45.0,126.231,9638284417.0
787.101,0.0,89908.0,5411.0,45.0,126.23,9638297028.0
787.202,0.0,89908.0,5411.0,45.0,126.254,9638309627.0
787.310,0.0,89908.0,5411.0,45.0,126.242,9638322236.0
787.403,0.0,89908.0,5411.0,45.0,126.24,9638334853.0
787.503,0.0,89908.0,5411.0,45.0,126.283,9638347481.0
787.602,0.0,89908.0,5411.0,45.0,126.236,9638360072.0
787.703,0.0,89908.0,5411.0,45.0,126.216,9638372692.0
787.803,0.0,89908.0,5411.0,45.0,126.238,9638385314.0
787.903,0.0,89908.0,5411.0,45.0,126.223,9638397938.0
788.003,0.0,89908.0,5411.0,45.0,126.223,9638410594.0
788.103,0.0,89908.0,5411.0,45.0,126.247,9638410594.0
788.203,0.0,89908.0,5411.0,45.0,126.262,9638423195.0
788.303,0.0,89908.0,5411.0,45.0,126.226,9638435792.0
788.402,0.0,89908.0,5411.0,45.0,126.217,9638448384.0
788.503,0.0,89908.0,5411.0,45.0,126.205,9638460986.0
788.603,0.0,89908.0,5411.0,45.0,126.254,9638473622.0
788.702,0.0,89908.0,5411.0,45.0,126.259,9638486243.0
788.803,0.0,89908.0,5411.0,45.0,126.222,9638498838.0
788.902,0.0,89908.0,5411.0,45.0,126.204,9638511443.0
789.002,0.0,89908.0,5411.0,45.0,126.186,9638524056.0
789.103,0.0,89908.0,5411.0,45.0,126.178,9638536673.0
789.203,0.0,89908.0,5411.0,45.0,126.19,9638549274.0
789.303,0.0,89908.0,5411.0,45.0,126.169,9638574470.0
789.402,0.0,89908.0,5411.0,45.0,126.183,9638587095.0
789.503,0.0,89908.0,5411.0,45.0,126.173,9638599678.0
789.603,0.0,89908.0,5411.0,45.0,126.175,9638612326.0
789.703,0.0,89908.0,5411.0,45.0,126.164,9638624944.0
789.803,0.0,89908.0,5411.0,45.0,126.176,9638637549.0
789.903,0.0,89908.0,5411.0,45.0,126.172,9638650165.0
790.002,0.0,89908.0,5411.0,45.0,126.172,9638662810.0
790.102,0.0,89908.0,5411.0,45.0,126.184,9638675430.0
790.203,0.0,89908.0,5411.0,45.0,126.206,9638688040.0
790.302,0.0,89908.0,5411.0,45.0,126.221,9638700665.0
790.402,0.0,89908.0,5411.0,45.0,126.269,9638713291.0
790.502,0.0,89908.0,5411.0,45.0,126.295,9638725881.0
790.603,0.0,89908.0,5411.0,45.0,126.258,9638738489.0
790.703,0.0,89908.0,5411.0,45.0,126.23,9638751085.0
790.802,0.0,89908.0,5411.0,45.0,126.243,9638751085.0
790.903,0.0,89908.0,5411.0,45.0,126.248,9638763700.0
791.002,0.0,89908.0,5411.0,45.0,126.23,9638776303.0
791.103,0.0,89908.0,5411.0,45.0,126.205,9638788943.0
791.203,0.0,89908.0,5411.0,45.0,126.171,9638801539.0
791.302,0.0,89908.0,5411.0,45.0,126.149,9638814136.0
791.403,0.0,89908.0,5411.0,45.0,126.128,9638826738.0
791.501,0.0,89908.0,5411.0,45.0,126.127,9638839356.0
791.602,0.0,89908.0,5411.0,45.0,126.135,9638851973.0
791.702,0.0,89908.0,5411.0,45.0,126.147,9638864557.0
791.802,0.0,89908.0,5411.0,45.0,126.168,9638877158.0
791.902,0.0,89908.0,5411.0,45.0,126.164,9638889786.0
792.002,0.0,89908.0,5411.0,45.0,126.16,9638902394.0
792.102,0.0,89908.0,5411.0,45.0,126.159,9638927612.0
792.203,0.0,89908.0,5411.0,45.0,126.184,9638940217.0
792.302,0.0,89908.0,5411.0,45.0,126.199,9638952836.0
792.403,0.0,89908.0,5411.0,45.0,126.209,9638965467.0
792.501,0.0,89908.0,5411.0,45.0,126.225,9638978094.0
792.603,0.0,89908.0,5411.0,45.0,126.24,9638990696.0
792.702,0.0,89908.0,5411.0,45.0,126.241,9639003314.0
792.803,0.0,89908.0,5411.0,45.0,126.209,9639015903.0
792.902,0.0,89908.0,5411.0,45.0,126.191,9639028503.0
793.003,0.0,89908.0,5411.0,45.0,126.171,9639041107.0
793.103,0.0,89908.0,5411.0,45.0,126.172,9639053714.0
793.202,0.0,89908.0,5411.0,45.0,126.192,9639066342.0
793.303,0.0,89908.0,5411.0,45.0,126.204,9639078963.0
793.402,0.0,89908.0,5411.0,45.0,126.177,9639091573.0
793.502,0.0,89908.0,5411.0,45.0,126.173,9639104159.0
793.602,0.0,89908.0,5411.0,45.0,126.173,9639116753.0
793.703,0.0,89908.0,5411.0,45.0,126.143,9639116753.0
793.803,0.0,89908.0,5411.0,45.0,126.13,9639129355.0
793.903,0.0,89908.0,5411.0,45.0,126.156,9639141955.0
794.003,0.0,89908.0,5411.0,45.0,126.172,9639154564.0
794.102,0.0,89908.0,5411.0,45.0,126.181,9639167188.0
794.202,0.0,89908.0,5411.0,45.0,126.211,9639179805.0
794.303,0.0,89908.0,5411.0,45.0,126.174,9639192429.0
794.403,0.0,89908.0,5411.0,45.0,126.168,9639205025.0
794.503,0.0,89908.0,5411.0,45.0,126.172,9639217643.0
794.602,0.0,89908.0,5411.0,45.0,126.171,9639230243.0
794.702,0.0,89908.0,5411.0,45.0,126.195,9639242847.0
794.802,0.0,89908.0,5411.0,45.0,126.209,9639255458.0
794.902,0.0,89908.0,5411.0,45.0,126.191,9639268070.0
795.003,0.0,89908.0,5411.0,45.0,126.188,9639293299.0
795.102,0.0,89908.0,5411.0,45.0,126.189,9639305905.0
795.202,0.0,89908.0,5411.0,45.0,126.188,9639318517.0
795.302,0.0,89908.0,5411.0,45.0,126.187,9639331157.0
795.402,0.0,89908.0,5411.0,45.0,126.211,9639343764.0
795.502,0.0,89908.0,5411.0,45.0,126.209,9639356355.0
795.602,0.0,89908.0,5411.0,45.0,126.213,9639368970.0
795.702,0.0,89908.0,5411.0,45.0,126.187,9639381599.0
795.802,0.0,89908.0,5411.0,45.0,126.225,9639394225.0
795.903,0.0,89908.0,5411.0,45.0,126.224,9639406808.0
796.002,0.0,89908.0,5411.0,45.0,126.21,9639419431.0
796.103,0.0,89908.0,5411.0,45.0,126.21,9639432035.0
796.203,0.0,89908.0,5411.0,45.0,126.18,9639444632.0
796.303,0.0,89908.0,5411.0,45.0,126.161,9639457233.0
796.403,0.0,89908.0,5411.0,45.0,126.15,9639469846.0
796.503,0.0,89908.0,5411.0,45.0,126.15,9639482455.0
796.603,0.0,89908.0,5411.0,45.0,126.167,9639482455.0
796.702,0.0,89908.0,5411.0,45.0,126.173,9639495063.0
796.802,0.0,89908.0,5411.0,45.0,126.166,9639507668.0
796.902,0.0,89908.0,5411.0,45.0,126.151,9639520270.0
797.003,0.0,89908.0,5411.0,45.0,126.13,9639532870.0
797.102,0.0,89908.0,5411.0,45.0,126.13,9639545466.0
797.202,0.0,89908.0,5411.0,45.0,126.134,9639558077.0
797.303,0.0,89908.0,5411.0,45.0,126.129,9639570660.0
797.402,0.0,89908.0,5411.0,45.0,126.132,9639583255.0
797.502,0.0,89908.0,5411.0,45.0,126.093,9639595857.0
797.602,0.0,89908.0,5411.0,45.0,126.093,9639608454.0
797.703,0.0,89908.0,5411.0,45.0,126.116,9639621054.0
797.803,0.0,89908.0,5411.0,45.0,126.123,9639633685.0
797.903,0.0,89908.0,5411.0,45.0,126.114,9639658898.0
798.003,0.0,89908.0,5411.0,45.0,126.113,9639671506.0
798.103,0.0,89908.0,5411.0,45.0,126.114,9639684116.0
798.202,0.0,89908.0,5411.0,45.0,126.129,9639696719.0
798.302,0.0,89908.0,5411.0,45.0,126.141,9639709331.0
798.402,0.0,89908.0,5411.0,45.0,126.153,9639721959.0
798.502,0.0,89908.0,5411.0,45.0,126.171,9639734563.0
798.602,0.0,89908.0,5411.0,45.0,126.219,9639747203.0
798.703,0.0,89908.0,5411.0,45.0,126.182,9639759797.0
798.803,0.0,89908.0,5411.0,45.0,126.167,9639772426.0
798.903,0.0,89908.0,5411.0,45.0,126.202,9639785025.0
799.003,0.0,89908.0,5411.0,45.0,126.182,9639797617.0
799.103,0.0,89908.0,5411.0,45.0,126.187,9639810271.0
799.203,0.0,89908.0,5411.0,45.0,126.198,9639822850.0
799.302,0.0,89908.0,5411.0,45.0,126.173,9639835445.0
799.403,0.0,89908.0,5411.0,45.0,126.173,9639848059.0
799.502,0.0,89908.0,5411.0,45.0,126.141,9639848059.0
799.603,0.0,89908.0,5411.0,45.0,126.19,9639860709.0
799.703,0.0,89908.0,5411.0,45.0,126.175,9639873306.0
799.803,0.0,89908.0,5411.0,45.0,126.174,9639885915.0
799.903,0.0,89908.0,5411.0,45.0,126.176,9639898523.0
800.002,0.0,89908.0,5411.0,45.0,126.196,9639911137.0
800.103,0.0,89908.0,5411.0,45.0,126.173,9639923755.0
800.203,0.0,89908.0,5411.0,45.0,126.175,9639936347.0
800.303,0.0,89908.0,5411.0,45.0,126.197,9639948963.0
800.402,0.0,89908.0,5411.0,45.0,126.192,9639961561.0
800.502,0.0,89908.0,5411.0,45.0,126.171,9639974155.0
800.603,0.0,89908.0,5411.0,45.0,126.167,9639986763.0
800.703,0.0,89908.0,5411.0,45.0,126.145,9640011980.0
800.802,0.0,89908.0,5411.0,45.0,126.143,9640024580.0
800.903,0.0,89908.0,5411.0,45.0,126.135,9640037182.0
801.003,0.0,89908.0,5411.0,45.0,126.137,9640049809.0
801.103,0.0,89908.0,5411.0,45.0,126.194,9640062446.0
801.203,0.0,89908.0,5411.0,45.0,126.206,9640075065.0
801.303,0.0,89908.0,5411.0,45.0,126.192,9640087667.0
801.403,0.0,89908.0,5411.0,45.0,126.187,9640100269.0
801.501,0.0,89908.0,5411.0,45.0,126.2,9640112880.0
801.602,0.0,89908.0,5411.0,45.0,126.207,9640125496.0
801.702,0.0,89908.0,5411.0,45.0,126.229,9640138103.0
801.801,0.0,89908.0,5411.0,45.0,126.22,9640150716.0
801.903,0.0,89908.0,5411.0,45.0,126.229,9640163320.0
802.002,0.0,89908.0,5411.0,45.0,126.224,9640175911.0
802.103,0.0,89908.0,5411.0,45.0,126.156,9640188525.0
802.203,0.0,89908.0,5411.0,45.0,126.156,9640201129.0
802.303,0.0,89908.0,5411.0,45.0,126.154,9640201129.0
802.403,0.0,89908.0,5411.0,45.0,126.107,9640213688.0
802.503,0.0,89908.0,5411.0,45.0,126.104,9640226305.0
802.603,0.0,89908.0,5411.0,45.0,126.124,9640238916.0
802.703,0.0,89908.0,5411.0,45.0,126.093,9640251508.0
802.802,0.0,89908.0,5411.0,45.0,126.082,9640264076.0
802.902,0.0,89908.0,5411.0,45.0,126.067,9640276692.0
803.003,0.0,89908.0,5411.0,45.0,126.091,9640289297.0
803.102,0.0,89908.0,5411.0,45.0,126.074,9640301910.0
803.203,0.0,89908.0,5411.0,45.0,126.098,9640314498.0
803.303,0.0,89908.0,5411.0,45.0,126.142,9640327115.0
803.402,0.0,89908.0,5411.0,45.0,126.122,9640339724.0
803.503,0.0,89908.0,5411.0,45.0,126.118,9640364955.0
803.602,0.0,89908.0,5411.0,45.0,126.151,9640377569.0
803.702,0.0,89908.0,5411.0,45.0,126.172,9640390170.0
803.803,0.0,89908.0,5411.0,45.0,126.148,9640402784.0
803.902,0.0,89908.0,5411.0,45.0,126.14,9640415395.0
804.003,0.0,89908.0,5411.0,45.0,126.124,9640427978.0
804.102,0.0,89908.0,5411.0,45.0,126.141,9640440585.0
804.202,0.0,89908.0,5411.0,45.0,126.127,9640453211.0
804.303,0.0,89908.0,5411.0,45.0,126.118,9640465802.0
804.403,0.0,89908.0,5411.0,45.0,126.153,9640478422.0
804.502,0.0,89908.0,5411.0,45.0,126.145,9640491027.0
804.602,0.0,89908.0,5411.0,45.0,126.144,9640503637.0
804.702,0.0,89908.0,5411.0,45.0,126.121,9640516239.0
804.802,0.0,89908.0,5411.0,45.0,126.126,9640528838.0
804.901,0.0,89908.0,5411.0,45.0,126.141,9640541447.0
805.003,0.0,89908.0,5411.0,45.0,126.156,9640554051.0
805.103,0.0,89908.0,5411.0,45.0,126.156,9640566663.0
805.202,0.0,89908.0,5411.0,45.0,126.145,9640566663.0
805.302,0.0,89908.0,5411.0,45.0,126.142,9640579265.0
805.402,0.0,89908.0,5411.0,45.0,126.137,9640591862.0
805.503,0.0,89908.0,5411.0,45.0,126.122,9640604465.0
805.603,0.0,89908.0,5411.0,45.0,126.143,9640617075.0
805.702,0.0,89908.0,5411.0,45.0,126.101,9640629676.0
805.803,0.0,89908.0,5411.0,45.0,126.123,9640642290.0
805.902,0.0,89908.0,5411.0,45.0,126.125,9640654888.0
806.002,0.0,89908.0,5411.0,45.0,126.136,9640667497.0
806.103,0.0,89908.0,5411.0,45.0,126.126,9640680114.0
806.203,0.0,89908.0,5411.0,45.0,126.174,9640692721.0
806.302,0.0,89908.0,5411.0,45.0,126.182,9640705371.0
806.403,0.0,89908.0,5411.0,45.0,126.183,9640730596.0
806.503,0.0,89908.0,5411.0,45.0,126.158,9640743188.0
806.601,0.0,89908.0,5411.0,45.0,126.179,9640755804.0
806.703,0.0,89908.0,5411.0,45.0,126.173,9640768417.0
806.803,0.0,89908.0,5411.0,45.0,126.177,9640781034.0
806.903,0.0,89908.0,5411.0,45.0,126.165,9640793641.0
807.002,0.0,89908.0,5411.0,45.0,126.158,9640806238.0
807.102,0.0,89908.0,5411.0,45.0,126.168,9640818849.0
807.202,0.0,89908.0,5411.0,45.0,126.14,9640831456.0
807.302,0.0,89908.0,5411.0,45.0,126.095,9640844046.0
807.403,0.0,89908.0,5411.0,45.0,126.094,9640856640.0
807.502,0.0,89908.0,5411.0,45.0,126.135,9640869269.0
807.602,0.0,89908.0,5411.0,45.0,126.15,9640881877.0
807.703,0.0,89908.0,5411.0,45.0,126.129,9640894470.0
807.803,0.0,89908.0,5411.0,45.0,126.133,9640907082.0
807.903,0.0,89908.0,5411.0,45.0,126.133,9640919703.0
808.002,0.0,89908.0,5411.0,45.0,126.17,9640919703.0
808.102,0.0,89908.0,5411.0,45.0,126.182,9640932330.0
808.203,0.0,89908.0,5411.0,45.0,126.179,9640944943.0
808.302,0.0,89908.0,5411.0,45.0,126.163,9640957560.0
808.401,0.0,89908.0,5411.0,45.0,126.225,9640970190.0
808.502,0.0,89908.0,5411.0,45.0,126.209,9640982776.0
808.603,0.0,89908.0,5411.0,45.0,126.188,9640995391.0
808.702,0.0,89908.0,5411.0,45.0,126.199,9641008018.0
808.801,0.0,89908.0,5411.0,45.0,126.181,9641020609.0
808.902,0.0,89908.0,5411.0,45.0,126.174,9641033209.0
809.001,0.0,89908.0,5411.0,45.0,126.122,9641045818.0
809.102,0.0,89908.0,5411.0,45.0,126.124,9641058381.0
809.202,0.0,89908.0,5411.0,45.0,126.115,9641083599.0
809.302,0.0,89908.0,5411.0,45.0,126.071,9641096191.0
809.401,0.0,89908.0,5411.0,45.0,126.103,9641108815.0
809.501,0.0,89908.0,5411.0,45.0,126.109,9641121399.0
809.601,0.0,89908.0,5411.0,45.0,126.121,9641134009.0
809.701,0.0,89908.0,5411.0,45.0,126.107,9641146605.0
809.803,0.0,89908.0,5411.0,45.0,126.108,9641159214.0
809.901,0.0,89908.0,5411.0,45.0,126.114,9641171848.0
810.003,0.0,89908.0,5411.0,45.0,126.168,9641184469.0
810.102,0.0,89908.0,5411.0,45.0,126.164,9641197061.0
810.202,0.0,89908.0,5411.0,45.0,126.173,9641209690.0
810.303,0.0,89908.0,5411.0,45.0,126.202,9641222310.0
810.402,0.0,89908.0,5411.0,45.0,126.199,9641234933.0
810.502,0.0,89908.0,5411.0,45.0,126.222,9641247564.0
810.602,0.0,89908.0,5411.0,45.0,126.24,9641260186.0
810.703,0.0,89908.0,5411.0,45.0,126.24,9641272795.0
810.801,0.0,89908.0,5411.0,45.0,126.221,9641272795.0
810.902,0.0,89908.0,5411.0,45.0,126.25,9641285417.0
811.003,0.0,89908.0,5411.0,45.0,126.232,9641298037.0
811.102,0.0,89908.0,5411.0,45.0,126.229,9641310645.0
811.203,0.0,89908.0,5411.0,45.0,126.21,9641323244.0
811.302,0.0,89908.0,5411.0,45.0,126.216,9641335857.0
811.403,0.0,89908.0,5411.0,45.0,126.214,9641348453.0
811.502,0.0,89908.0,5411.0,45.0,126.204,9641361065.0
811.602,0.0,89908.0,5411.0,45.0,126.191,9641373670.0
811.703,0.0,89908.0,5411.0,45.0,126.181,9641386298.0
811.802,0.0,89908.0,5411.0,45.0,126.211,9641398908.0
811.903,0.0,89908.0,5411.0,45.0,126.17,9641411496.0
812.002,0.0,89908.0,5411.0,45.0,126.16,9641436753.0
812.102,0.0,89908.0,5411.0,45.0,126.184,9641449345.0
812.203,0.0,89908.0,5411.0,45.0,126.197,9641461946.0
812.302,0.0,89908.0,5411.0,45.0,126.186,9641474571.0
812.402,0.0,89908.0,5411.0,45.0,126.193,9641487200.0
812.502,0.0,89908.0,5411.0,45.0,126.201,9641499786.0
812.602,0.0,89908.0,5411.0,45.0,126.166,9641512427.0
812.702,0.0,89908.0,5411.0,45.0,126.189,9641525040.0
812.801,0.0,89908.0,5411.0,45.0,126.19,9641537646.0
812.903,0.0,89908.0,5411.0,45.0,126.193,9641550240.0
813.002,0.0,89908.0,5411.0,45.0,126.176,9641562872.0
813.103,0.0,89908.0,5411.0,45.0,126.187,9641575490.0
813.202,0.0,89908.0,5411.0,45.0,126.206,9641588116.0
813.302,0.0,89908.0,5411.0,45.0,126.227,9641600751.0
813.402,0.0,89908.0,5411.0,45.0,126.23,9641613363.0
813.503,0.0,89908.0,5411.0,45.0,126.233,9641625963.0
813.603,0.0,89908.0,5411.0,45.0,126.234,9641638593.0
813.702,0.0,89908.0,5411.0,45.0,126.218,9641651219.0
813.801,0.0,89908.0,5411.0,45.0,126.223,9641651219.0
813.902,0.0,89908.0,5411.0,45.0,126.231,9641663828.0
814.002,0.0,89908.0,5411.0,45.0,126.244,9641676440.0
814.103,0.0,89908.0,5411.0,45.0,126.251,9641689069.0
814.202,0.0,89908.0,5411.0,45.0,126.222,9641701683.0
814.302,0.0,89908.0,5411.0,45.0,126.225,9641714326.0
814.403,0.0,89908.0,5411.0,45.0,126.263,9641726959.0
814.503,0.0,89908.0,5411.0,45.0,126.262,9641739567.0
814.602,0.0,89908.0,5411.0,45.0,126.276,9641752183.0
814.702,0.0,89908.0,5411.0,45.0,126.29,9641764813.0
814.802,0.0,89908.0,5411.0,45.0,126.32,9641777434.0
814.903,0.0,89908.0,5411.0,45.0,126.332,9641790047.0
815.002,0.0,89908.0,5411.0,45.0,126.326,9641802666.0
815.103,0.0,89908.0,5411.0,45.0,126.32,9641827887.0
815.201,0.0,89908.0,5411.0,45.0,126.275,9641840467.0
815.303,0.0,89908.0,5411.0,45.0,126.192,9641853048.0
815.402,0.0,89908.0,5411.0,45.0,126.198,9641865679.0
815.502,0.0,89908.0,5411.0,45.0,126.192,9641878301.0
815.602,0.0,89908.0,5411.0,45.0,126.184,9641890926.0
815.702,0.0,89908.0,5411.0,45.0,126.182,9641903540.0
815.803,0.0,89908.0,5411.0,45.0,126.179,9641916176.0
815.902,0.0,89908.0,5411.0,45.0,126.166,9641928784.0
816.003,0.0,89908.0,5411.0,45.0,126.181,9641941419.0
816.102,0.0,89908.0,5411.0,45.0,126.243,9641954073.0
816.203,0.0,89908.0,5411.0,45.0,126.274,9641966697.0
816.303,0.0,89908.0,5411.0,45.0,126.333,9641979324.0
816.402,0.0,89908.0,5411.0,45.0,126.334,9641991954.0
816.502,0.0,89908.0,5411.0,45.0,126.378,9642004606.0
816.603,0.0,89908.0,5411.0,45.0,126.356,9642017214.0
816.703,0.0,89908.0,5411.0,45.0,126.349,9642029848.0
816.802,0.0,89908.0,5411.0,45.0,126.343,9642042474.0
816.902,0.0,89908.0,5411.0,45.0,126.334,9642042474.0
817.003,0.0,89908.0,5411.0,45.0,126.343,9642055082.0
817.102,0.0,89908.0,5411.0,45.0,126.335,9642067713.0
817.202,0.0,89908.0,5411.0,45.0,126.323,9642080345.0
817.302,0.0,89908.0,5411.0,45.0,126.345,9642092988.0
817.402,0.0,89908.0,5411.0,45.0,126.368,9642105617.0
817.502,0.0,89908.0,5411.0,45.0,126.323,9642118245.0
817.602,0.0,89908.0,5411.0,45.0,126.323,9642130868.0
817.703,0.0,89908.0,5411.0,45.0,126.334,9642143480.0
817.803,0.0,89908.0,5411.0,45.0,126.353,9642156097.0
817.903,0.0,89908.0,5411.0,45.0,126.359,9642168728.0
818.002,0.0,89908.0,5411.0,45.0,126.336,9642181348.0
818.102,0.0,89908.0,5411.0,45.0,126.313,9642193960.0
818.202,0.0,89908.0,5411.0,45.0,126.306,9642219208.0
818.303,0.0,89908.0,5411.0,45.0,126.287,9642231825.0
818.403,0.0,89908.0,5411.0,45.0,126.268,9642244459.0
818.502,0.0,89908.0,5411.0,45.0,126.265,9642257071.0
818.602,0.0,89908.0,5411.0,45.0,126.237,9642269646.0
818.702,0.0,89908.0,5411.0,45.0,126.21,9642282248.0
818.802,0.0,89908.0,5411.0,45.0,126.201,9642294879.0
818.902,0.0,89908.0,5411.0,45.0,126.191,9642307495.0
819.002,0.0,89908.0,5411.0,45.0,126.247,9642320150.0
819.102,0.0,89908.0,5411.0,45.0,126.285,9642332793.0
819.202,0.0,89908.0,5411.0,45.0,126.281,9642345406.0
819.303,0.0,89908.0,5411.0,45.0,126.273,9642358043.0
819.403,0.0,89908.0,5411.0,45.0,126.316,9642370700.0
819.502,0.0,89908.0,5411.0,45.0,126.329,9642383317.0
819.603,0.0,89908.0,5411.0,45.0,126.364,9642395929.0
819.703,0.0,89908.0,5411.0,45.0,126.364,9642408535.0
819.803,0.0,89908.0,5411.0,45.0,126.358,9642408535.0
819.901,0.0,89908.0,5411.0,45.0,126.349,9642421147.0
820.002,0.0,89908.0,5411.0,45.0,126.374,9642433786.0
820.103,0.0,89908.0,5411.0,45.0,126.335,9642446409.0
820.203,0.0,89908.0,5411.0,45.0,126.324,9642459031.0
820.302,0.0,89908.0,5411.0,45.0,126.289,9642471635.0
820.402,0.0,89908.0,5411.0,45.0,126.27,9642484240.0
820.502,0.0,89908.0,5411.0,45.0,126.234,9642496855.0
820.602,0.0,89908.0,5411.0,45.0,126.226,9642509483.0
820.703,0.0,89908.0,5411.0,45.0,126.216,9642522091.0
820.803,0.0,89908.0,5411.0,45.0,126.216,9642534682.0
820.903,0.0,89908.0,5411.0,45.0,126.224,9642547305.0
821.003,0.0,89908.0,5411.0,45.0,126.197,9642572557.0
821.101,0.0,89908.0,5411.0,45.0,126.208,9642585168.0
821.203,0.0,89908.0,5411.0,45.0,126.223,9642597809.0
821.301,0.0,89908.0,5411.0,45.0,126.232,9642610437.0
821.401,0.0,89908.0,5411.0,45.0,126.283,9642623098.0
821.501,0.0,89908.0,5411.0,45.0,126.283,9642635719.0
821.603,0.0,89908.0,5411.0,45.0,126.276,9642648323.0
821.703,0.0,89908.0,5411.0,45.0,126.297,9642660929.0
821.802,0.0,89908.0,5411.0,45.0,126.281,9642673545.0
821.902,0.0,89908.0,5411.0,45.0,126.266,9642686162.0
822.002,0.0,89908.0,5411.0,45.0,126.287,9642698774.0
822.102,0.0,89908.0,5411.0,45.0,126.283,9642711386.0
822.202,0.0,89908.0,5411.0,45.0,126.264,9642723992.0
822.302,0.0,89908.0,5411.0,45.0,126.246,9642736586.0
822.403,0.0,89908.0,5411.0,45.0,126.204,9642749193.0
822.503,0.0,89908.0,5411.0,45.0,126.204,9642761800.0
822.602,0.0,89908.0,5411.0,45.0,126.176,9642761800.0
822.702,0.0,89908.0,5411.0,45.0,126.186,9642774415.0
822.802,0.0,89908.0,5411.0,45.0,126.189,9642787030.0
822.903,0.0,89908.0,5411.0,45.0,126.226,9642799645.0
823.002,0.0,89908.0,5411.0,45.0,126.228,9642812277.0
823.102,0.0,89908.0,5411.0,45.0,126.216,9642824908.0
823.202,0.0,89908.0,5411.0,45.0,126.226,9642837521.0
823.301,0.0,89908.0,5411.0,45.0,126.265,9642850145.0
823.403,0.0,89908.0,5411.0,45.0,126.26,9642862758.0
823.503,0.0,89908.0,5411.0,45.0,126.266,9642875365.0
823.603,0.0,89908.0,5411.0,45.0,126.283,9642887986.0
823.703,0.0,89908.0,5411.0,45.0,126.26,9642900591.0
823.803,0.0,89908.0,5411.0,45.0,126.249,9642913198.0
823.903,0.0,89908.0,5411.0,45.0,126.192,9642938419.0
824.003,0.0,89908.0,5411.0,45.0,126.176,9642951041.0
824.103,0.0,89908.0,5411.0,45.0,126.191,9642963647.0
824.202,0.0,89908.0,5411.0,45.0,126.176,9642976260.0
824.302,0.0,89908.0,5411.0,45.0,126.14,9642988848.0
824.401,0.0,89908.0,5411.0,45.0,126.142,9643001461.0
824.503,0.0,89908.0,5411.0,45.0,126.171,9643014093.0
824.602,0.0,89908.0,5411.0,45.0,126.179,9643026704.0
824.703,0.0,89908.0,5411.0,45.0,126.193,9643039338.0
824.803,0.0,89908.0,5411.0,45.0,126.223,9643051960.0
824.903,0.0,89908.0,5411.0,45.0,126.26,9643064581.0
825.002,0.0,89908.0,5411.0,45.0,126.257,9643077186.0
825.103,0.0,89908.0,5411.0,45.0,126.224,9643089780.0
825.203,0.0,89908.0,5411.0,45.0,126.218,9643102392.0
825.302,0.0,89908.0,5411.0,45.0,126.258,9643115020.0
825.402,0.0,89908.0,5411.0,45.0,126.275,9643127630.0
825.503,0.0,89908.0,5411.0,45.0,126.275,9643140242.0
825.603,0.0,89908.0,5411.0,45.0,126.23,9643140242.0
825.703,0.0,89908.0,5411.0,45.0,126.239,9643152859.0
825.802,0.0,89908.0,5411.0,45.0,126.238,9643165472.0
825.901,0.0,89908.0,5411.0,45.0,126.218,9643178083.0
826.003,0.0,89908.0,5411.0,45.0,126.194,9643190695.0
826.103,0.0,89908.0,5411.0,45.0,126.217,9643203335.0
826.203,0.0,89908.0,5411.0,45.0,126.241,9643215957.0
826.302,0.0,89908.0,5411.0,45.0,126.265,9643228576.0
826.402,0.0,89908.0,5411.0,45.0,126.279,9643241212.0
826.502,0.0,89908.0,5411.0,45.0,126.261,9643253824.0
826.602,0.0,89908.0,5411.0,45.0,126.296,9643266451.0
826.702,0.0,89908.0,5411.0,45.0,126.303,9643279070.0
826.802,0.0,89908.0,5411.0,45.0,126.332,9643304349.0
826.902,0.0,89908.0,5411.0,45.0,126.366,9643316997.0
827.002,0.0,89908.0,5411.0,45.0,126.35,9643329615.0
827.102,0.0,89908.0,5411.0,45.0,126.336,9643342217.0
827.203,0.0,89908.0,5411.0,45.0,126.353,9643354841.0
827.302,0.0,89908.0,5411.0,45.0,126.308,9643367447.0
827.402,0.0,89908.0,5411.0,45.0,126.286,9643380048.0
827.502,0.0,89908.0,5411.0,45.0,126.259,9643392644.0
827.602,0.0,89908.0,5411.0,45.0,126.288,9643405288.0
827.702,0.0,89908.0,5411.0,45.0,126.263,9643417936.0
827.802,0.0,89908.0,5411.0,45.0,126.269,9643430555.0
827.902,0.0,89908.0,5411.0,45.0,126.293,9643443211.0
828.002,0.0,89908.0,5411.0,45.0,126.303,9643455823.0
828.102,0.0,89908.0,5411.0,45.0,126.333,9643468457.0
828.202,0.0,89908.0,5411.0,45.0,126.327,9643481087.0
828.302,0.0,89908.0,5411.0,45.0,126.351,9643493709.0
828.403,0.0,89908.0,5411.0,45.0,126.351,9643506337.0
828.503,0.0,89908.0,5411.0,45.0,126.369,9643506337.0
828.603,0.0,89908.0,5411.0,45.0,126.375,9643518941.0
828.703,0.0,89908.0,5411.0,45.0,126.353,9643531557.0
828.803,0.0,89908.0,5411.0,45.0,126.327,9643544170.0
828.902,0.0,89908.0,5411.0,45.0,126.257,9643556745.0
829.003,0.0,89908.0,5411.0,45.0,126.232,9643569347.0
829.103,0.0,89908.0,5411.0,45.0,126.214,9643581984.0
829.203,0.0,89908.0,5411.0,45.0,126.178,9643594592.0
829.303,0.0,89908.0,5411.0,45.0,126.21,9643607259.0
829.403,0.0,89908.0,5411.0,45.0,126.237,9643619884.0
829.502,0.0,89908.0,5411.0,45.0,126.24,9643632531.0
829.602,0.0,89908.0,5411.0,45.0,126.268,9643645161.0
829.703,0.0,89908.0,5411.0,45.0,126.316,9643657805.0
829.801,0.0,89908.0,5411.0,45.0,126.321,9643683052.0
829.902,0.0,89908.0,5411.0,45.0,126.366,9643695657.0
830.001,0.0,89908.0,5411.0,45.0,126.363,9643708286.0
830.102,0.0,89908.0,5411.0,45.0,126.406,9643720930.0
830.203,0.0,89908.0,5411.0,45.0,126.363,9643733533.0
830.302,0.0,89908.0,5411.0,45.0,126.348,9643746157.0
830.403,0.0,89908.0,5411.0,45.0,126.336,9643758797.0
830.503,0.0,89908.0,5411.0,45.0,126.274,9643771386.0
830.602,0.0,89908.0,5411.0,45.0,126.259,9643783979.0
830.702,0.0,89908.0,5411.0,45.0,126.286,9643796612.0
830.802,0.0,89908.0,5411.0,45.0,126.291,9643809250.0
830.903,0.0,89908.0,5411.0,45.0,126.348,9643821900.0
831.002,0.0,89908.0,5411.0,45.0,126.329,9643834527.0
831.102,0.0,89908.0,5411.0,45.0,126.301,9643847146.0
831.202,0.0,89908.0,5411.0,45.0,126.345,9643859776.0
831.302,0.0,89908.0,5411.0,45.0,126.376,9643872418.0
831.402,0.0,89908.0,5411.0,45.0,126.376,9643885045.0
831.503,0.0,89908.0,5411.0,45.0,126.355,9643885045.0
831.602,0.0,89908.0,5411.0,45.0,126.409,9643897663.0
831.703,0.0,89908.0,5411.0,45.0,126.391,9643910258.0
831.803,0.0,89908.0,5411.0,45.0,126.383,9643922903.0
831.901,0.0,89908.0,5411.0,45.0,126.377,9643935539.0
832.001,12.0,89908.0,5411.0,45.0,127.723,9643948328.0
832.101,12.0,89908.0,5411.0,46.0,132.21,9643965601.0
832.203,50.0,89908.0,5411.0,46.0,137.068,9643983104.0
832.303,50.0,89908.0,5411.0,46.0,141.692,9644000135.0
832.403,50.0,89908.0,5411.0,46.0,146.932,9644017492.0
832.502,50.0,89908.0,5411.0,46.0,151.93,9644052930.0
832.602,51.0,89908.0,5411.0,46.0,157.139,9644070299.0
832.702,51.0,89908.0,5411.0,46.0,162.266,9644088305.0
832.801,51.0,89908.0,5411.0,46.0,166.674,9644102434.0
832.901,51.0,89908.0,5411.0,46.0,166.978,9644115104.0
833.003,0.0,89908.0,5411.0,46.0,166.807,9644127781.0
833.101,0.0,89908.0,5411.0,46.0,162.048,9644140474.0
833.202,0.0,89908.0,5411.0,46.0,157.03,9644153156.0
833.302,0.0,89908.0,5411.0,45.0,153.68,9644176092.0
833.403,57.0,89908.0,5411.0,47.0,158.72,9644193565.0
833.502,57.0,89908.0,5411.0,47.0,159.586,9644211281.0
833.601,54.0,89908.0,5411.0,47.0,158.537,9644229502.0
833.701,54.0,89908.0,5411.0,47.0,164.005,9644277335.0
833.802,73.0,89908.0,5411.0,52.0,195.398,9644333925.0
833.901,73.0,89908.0,5411.0,54.0,244.844,9644397081.0
834.003,82.0,89908.0,5411.0,57.0,284.423,9644397081.0
834.103,82.0,89908.0,5411.0,56.0,320.543,9644447481.0
834.203,100.0,89908.0,5411.0,58.0,377.942,9644507739.0
834.302,100.0,89908.0,5411.0,54.0,415.54,9644557598.0
834.403,100.0,89908.0,5411.0,60.0,454.949,9644620998.0
834.502,100.0,89908.0,5411.0,61.0,492.667,9644676130.0
834.603,85.0,89908.0,5411.0,61.0,517.071,9644731334.0
834.702,85.0,89908.0,5411.0,59.0,550.116,9644778672.0
834.802,81.0,89908.0,5411.0,60.0,545.966,9644825801.0
834.903,81.0,89908.0,5411.0,59.0,534.919,9644872328.0
835.002,81.0,89908.0,5411.0,60.0,520.884,9644965739.0
835.103,81.0,89908.0,5411.0,60.0,517.798,9645011563.0
835.202,81.0,89908.0,5411.0,60.0,503.683,9645059221.0
835.302,81.0,89908.0,5411.0,60.0,483.901,9645105940.0
835.401,81.0,89908.0,5411.0,60.0,475.862,9645152619.0
835.501,80.0,89908.0,5411.0,60.0,470.908,9645199286.0
835.601,80.0,89908.0,5411.0,60.0,466.36,9645243911.0
835.702,80.0,89908.0,5411.0,60.0,464.272,9645290636.0
835.802,80.0,89908.0,5411.0,60.0,463.269,9645336542.0
835.903,77.0,89908.0,5411.0,58.0,454.895,9645375884.0
836.002,77.0,89908.0,5411.0,58.0,442.008,9645408359.0
836.102,70.0,89908.0,5411.0,56.0,425.491,9645438307.0
836.202,70.0,89908.0,5411.0,55.0,399.228,9645462448.0
836.302,59.0,89908.0,5411.0,54.0,378.087,9645485055.0
836.403,59.0,89908.0,5411.0,53.0,351.198,9645508130.0
836.503,59.0,89908.0,5411.0,53.0,351.198,9645508130.0
836.603,54.0,89908.0,5411.0,52.0,332.669,9645533767.0
836.703,54.0,89908.0,5411.0,51.0,302.642,9645553098.0
836.802,54.0,89908.0,5411.0,51.0,279.376,9645575335.0
836.903,54.0,89908.0,5411.0,50.0,255.373,9645592846.0
837.002,55.0,89908.0,5411.0,50.0,234.005,9645611014.0
837.103,55.0,89908.0,5411.0,50.0,215.522,9645626886.0
837.202,54.0,89908.0,5411.0,49.0,207.162,9645645288.0
837.303,54.0,89908.0,5411.0,49.0,201.643,9645665154.0
837.402,52.0,89908.0,5411.0,49.0,200.693,9645684278.0
837.502,52.0,89908.0,5411.0,49.0,195.498,9645703801.0
837.603,52.0,89908.0,5411.0,49.0,185.58,9645734946.0
837.702,52.0,89908.0,5411.0,48.0,181.851,9645751848.0
837.804,50.0,89908.0,5411.0,48.0,177.326,9645768747.0
837.902,50.0,89908.0,5411.0,48.0,176.616,9645787581.0
838.003,50.0,89908.0,5411.0,48.0,177.697,9645803225.0
838.105,0.0,89908.0,5411.0,47.0,170.48,9645816129.0
838.203,0.0,89908.0,5411.0,47.0,163.686,9645829048.0
838.302,0.0,89908.0,5411.0,47.0,157.199,9645841958.0
838.403,0.0,89908.0,5411.0,47.0,150.976,9645854845.0
838.502,0.0,89908.0,5411.0,47.0,148.126,9645867695.0
838.603,0.0,89908.0,5411.0,47.0,145.371,9645880606.0
838.703,0.0,89908.0,5411.0,47.0,140.693,9645893428.0
838.803,0.0,89908.0,5411.0,46.0,136.229,9645906254.0
838.902,0.0,89908.0,5411.0,46.0,131.19,9645919092.0
839.003,0.0,89908.0,5411.0,46.0,128.776,9645931938.0
839.101,0.0,89908.0,5411.0,46.0,128.776,9645944762.0
839.202,0.0,89908.0,5411.0,46.0,128.677,9645944762.0
839.302,0.0,89908.0,5411.0,46.0,128.526,9645957560.0
839.402,0.0,89908.0,5411.0,46.0,128.449,9645970374.0
839.503,0.0,89908.0,5411.0,46.0,128.382,9645983190.0
839.602,0.0,89908.0,5411.0,46.0,128.3,9645995975.0
839.703,0.0,89908.0,5411.0,46.0,128.206,9646008772.0
839.801,0.0,89908.0,5411.0,46.0,128.165,9646021567.0
839.902,0.0,89908.0,5411.0,46.0,128.151,9646034344.0
840.002,0.0,89908.0,5411.0,46.0,128.096,9646047128.0
840.103,0.0,89908.0,5411.0,46.0,128.029,9646059910.0
840.202,0.0,89908.0,5411.0,46.0,127.978,9646072665.0
840.302,0.0,89908.0,5411.0,46.0,127.968,9646085436.0
840.403,0.0,89908.0,5411.0,46.0,127.906,9646098186.0
840.502,0.0,89908.0,5411.0,46.0,127.862,9646123725.0
840.603,0.0,89908.0,5411.0,46.0,127.863,9646136495.0
840.703,0.0,89908.0,5411.0,46.0,127.805,9646149234.0
840.802,0.0,89908.0,5411.0,46.0,127.756,9646161985.0
840.903,0.0,89908.0,5411.0,46.0,127.733,9646174759.0
841.001,0.0,89908.0,5411.0,46.0,127.701,9646187518.0
841.102,4.0,89908.0,5411.0,46.0,128.179,9646200271.0
841.201,4.0,89908.0,5411.0,46.0,132.166,9646216433.0
841.301,50.0,89908.0,5411.0,46.0,136.964,9646233520.0
841.401,50.0,89908.0,5411.0,46.0,141.846,9646251290.0
841.502,50.0,89908.0,5411.0,46.0,146.846,9646269228.0
841.602,50.0,89908.0,5411.0,46.0,151.543,9646286513.0
841.703,50.0,89908.0,5411.0,47.0,156.385,9646304312.0
841.803,50.0,89908.0,5411.0,47.0,160.493,9646321990.0
841.902,50.0,89908.0,5411.0,47.0,165.318,9646339944.0
842.003,50.0,89908.0,5411.0,47.0,165.318,9646356959.0
842.102,50.0,89908.0,5411.0,47.0,170.322,9646356959.0
842.202,50.0,89908.0,5411.0,47.0,175.495,9646374639.0
842.301,50.0,89908.0,5411.0,47.0,173.634,9646390787.0
842.402,0.0,89908.0,5411.0,46.0,169.166,9646403606.0
842.502,0.0,89908.0,5411.0,46.0,164.375,9646416371.0
842.602,0.0,89908.0,5411.0,46.0,159.276,9646429151.0
842.702,0.0,89908.0,5411.0,46.0,154.814,9646441926.0
842.802,0.0,89908.0,5411.0,46.0,149.386,9646454691.0
842.902,0.0,89908.0,5411.0,46.0,144.664,9646467455.0
843.001,0.0,89908.0,5411.0,46.0,140.048,9646480208.0
843.101,0.0,89908.0,5411.0,46.0,135.524,9646492973.0
843.201,7.0,89908.0,5411.0,46.0,131.392,9646529950.0
843.302,7.0,89908.0,5411.0,46.0,150.731,9646594129.0
843.402,51.0,89908.0,5411.0,53.0,197.585,9646639342.0
843.503,51.0,89908.0,5411.0,52.0,233.788,9646702282.0
843.603,100.0,89908.0,5411.0,57.0,279.845,9646755736.0
843.703,100.0,89908.0,5411.0,56.0,324.152,9646817387.0
843.801,100.0,89908.0,5411.0,59.0,367.077,9646873155.0
843.901,100.0,89908.0,5411.0,59.0,406.775,9646933784.0
844.001,100.0,89908.0,5411.0,60.0,461.722,9646982517.0
844.101,100.0,89908.0,5411.0,59.0,494.86,9647027126.0
844.201,80.0,89908.0,5411.0,59.0,519.56,9647069776.0
844.301,80.0,89908.0,5411.0,56.0,533.914,9647114307.0
844.401,81.0,89908.0,5411.0,57.0,520.365,9647159868.0
844.501,81.0,89908.0,5411.0,57.0,521.324,9647159868.0
844.601,80.0,89908.0,5411.0,58.0,505.421,9647205650.0
844.701,80.0,89908.0,5411.0,58.0,496.556,9647250687.0
844.801,80.0,89908.0,5411.0,58.0,478.595,9647295903.0
844.901,80.0,89908.0,5411.0,58.0,472.266,9647341196.0
845.001,80.0,89908.0,5411.0,58.0,455.479,9647387337.0
845.101,80.0,89908.0,5411.0,58.0,456.56,9647434070.0
845.201,78.0,89908.0,5411.0,58.0,458.154,9647480841.0
845.301,78.0,89908.0,5411.0,59.0,461.333,9647525621.0
845.401,72.0,89908.0,5411.0,59.0,459.298,9647572034.0
845.501,72.0,89908.0,5411.0,58.0,447.478,9647645169.0
845.601,67.0,89908.0,5411.0,57.0,434.257,9647672930.0
845.701,67.0,89908.0,5411.0,55.0,418.186,9647698588.0
845.801,58.0,89908.0,5411.0,54.0,397.13,9647723406.0
845.901,58.0,89908.0,5411.0,53.0,376.411,9647746050.0
846.003,55.0,89908.0,5411.0,52.0,349.651,9647768436.0
846.102,55.0,89908.0,5411.0,52.0,327.828,9647788717.0
846.202,51.0,89908.0,5411.0,51.0,298.517,9647806950.0
846.302,51.0,89908.0,5411.0,50.0,268.391,9647829143.0
846.402,54.0,89908.0,5411.0,50.0,247.576,9647847931.0
846.503,54.0,89908.0,5411.0,50.0,228.399,9647867312.0
846.602,53.0,89908.0,5411.0,50.0,215.582,9647882710.0
846.702,53.0,89908.0,5411.0,49.0,202.84,9647882710.0
846.802,52.0,89908.0,5411.0,49.0,193.311,9647897751.0
846.902,52.0,89908.0,5411.0,49.0,188.658,9647915723.0
847.002,50.0,89908.0,5411.0,49.0,182.52,9647932091.0
847.102,50.0,89908.0,5411.0,48.0,174.028,9647946696.0
847.202,0.0,89908.0,5411.0,48.0,166.585,9647959726.0
847.302,0.0,89908.0,5411.0,48.0,162.03,9647972670.0
847.403,0.0,89908.0,5411.0,47.0,152.547,9647985612.0
847.501,0.0,89908.0,5411.0,47.0,147.733,9647998537.0
847.602,0.0,89908.0,5411.0,47.0,142.64,9648011409.0
847.701,0.0,89908.0,5411.0,47.0,140.857,9648024325.0
847.802,0.0,89908.0,5411.0,47.0,138.396,9648037219.0
847.912,0.0,89908.0,5411.0,47.0,132.799,9648062941.0
848.003,0.0,89908.0,5411.0,47.0,129.347,9648075797.0
848.102,0.0,89908.0,5411.0,47.0,129.065,9648088578.0
848.202,0.0,89908.0,5411.0,47.0,128.868,9648101414.0
848.302,0.0,89908.0,5411.0,46.0,128.792,9648114271.0
848.401,0.0,89908.0,5411.0,46.0,128.671,9648127078.0
848.502,0.0,89908.0,5411.0,46.0,128.553,9648139850.0
848.602,0.0,89908.0,5411.0,46.0,128.452,9648152667.0
848.702,0.0,89908.0,5411.0,46.0,129.706,9648169925.0
848.803,43.0,89908.0,5411.0,46.0,139.059,9648187253.0
848.902,50.0,89908.0,5411.0,47.0,143.706,9648204836.0
849.002,50.0,89908.0,5411.0,47.0,148.818,9648222027.0
849.103,50.0,89908.0,5411.0,47.0,152.508,9648239699.0
849.202,50.0,89908.0,5411.0,47.0,158.175,9648257080.0
849.303,50.0,89908.0,5411.0,47.0,163.79,9648275373.0
849.402,50.0,89908.0,5411.0,47.0,163.79,9648294252.0
849.502,50.0,89908.0,5411.0,47.0,168.19,9648294252.0
849.602,0.0,89908.0,5411.0,47.0,168.207,9648307761.0
849.703,0.0,89908.0,5411.0,46.0,166.851,9648320567.0
849.801,0.0,89908.0,5411.0,46.0,161.523,9648333417.0
849.902,0.0,89908.0,5411.0,46.0,157.258,9648346203.0
850.002,6.0,89908.0,5411.0,46.0,156.319,9648359005.0
850.102,6.0,89908.0,5411.0,48.0,159.163,9648382282.0
850.202,54.0,89908.0,5411.0,47.0,160.766,9648400864.0
850.302,54.0,89908.0,5411.0,47.0,163.668,9648419297.0
850.403,54.0,89908.0,5411.0,47.0,163.6,9648440277.0
850.502,54.0,89908.0,5411.0,47.0,165.645,9648458123.0
850.603,54.0,89908.0,5411.0,47.0,171.812,9648494169.0
850.702,54.0,89908.0,5411.0,47.0,174.869,9648510890.0
850.803,53.0,89908.0,5411.0,48.0,178.629,9648528380.0
850.902,53.0,89908.0,5411.0,48.0,185.785,9648547611.0
851.001,54.0,89908.0,5411.0,48.0,187.398,9648565204.0
851.102,54.0,89908.0,5411.0,48.0,183.213,9648583112.0
851.202,52.0,89908.0,5411.0,48.0,188.714,9648624360.0
851.302,52.0,89908.0,5411.0,52.0,226.363,9648685059.0
851.401,79.0,89908.0,5411.0,54.0,254.122,9648730915.0
851.502,79.0,89908.0,5411.0,58.0,295.202,9648790612.0
851.603,100.0,89908.0,5411.0,55.0,335.317,9648840387.0
851.703,100.0,89908.0,5411.0,59.0,370.364,9648840387.0
851.802,100.0,89908.0,5411.0,60.0,418.271,9648902639.0
851.901,100.0,89908.0,5411.0,53.0,423.356,9648952582.0
852.003,0.0,89908.0,5411.0,51.0,420.743,9648966170.0
852.102,0.0,89908.0,5411.0,51.0,415.871,9648979454.0
852.202,75.0,89908.0,5411.0,58.0,448.402,9649014753.0
852.302,75.0,89908.0,5411.0,58.0,445.858,9649071711.0
852.403,80.0,89908.0,5411.0,58.0,436.94,9649117867.0
852.503,80.0,89908.0,5411.0,59.0,428.857,9649163341.0
852.602,81.0,89908.0,5411.0,59.0,413.505,9649210049.0
852.703,81.0,89908.0,5411.0,59.0,409.464,9649300822.0
852.801,81.0,89908.0,5411.0,59.0,393.149,9649347468.0
852.902,81.0,89908.0,5411.0,60.0,408.623,9649396003.0
853.002,81.0,89908.0,5411.0,60.0,442.203,9649444302.0
853.102,81.0,89908.0,5411.0,60.0,470.991,9649494270.0
853.201,80.0,89908.0,5411.0,60.0,472.233,9649540261.0
853.302,80.0,89908.0,5411.0,60.0,466.503,9649586674.0
853.401,78.0,89908.0,5411.0,60.0,467.231,9649633133.0
853.502,78.0,89908.0,5411.0,60.0,468.946,9649675668.0
853.603,80.0,89908.0,5411.0,59.0,461.996,9649715639.0
853.702,80.0,89908.0,5411.0,58.0,456.271,9649750424.0
853.803,74.0,89908.0,5411.0,55.0,425.193,9649780879.0
853.903,62.0,89908.0,5411.0,54.0,406.794,9649808489.0
854.001,62.0,89908.0,5411.0,53.0,381.93,9649836403.0
854.102,55.0,89908.0,5411.0,52.0,356.871,9649858262.0
854.203,55.0,89908.0,5411.0,52.0,356.871,9649858262.0
854.303,55.0,89908.0,5411.0,51.0,330.626,9649882171.0
854.402,54.0,89908.0,5411.0,51.0,302.205,9649901369.0
854.502,54.0,89908.0,5411.0,51.0,270.0,9649916844.0
854.602,54.0,89908.0,5411.0,50.0,252.13,9649935054.0
854.703,54.0,89908.0,5411.0,50.0,228.974,9649951841.0
854.802,54.0,89908.0,5411.0,50.0,213.274,9649967875.0
854.902,54.0,89908.0,5411.0,49.0,203.131,9649987776.0
855.002,52.0,89908.0,5411.0,49.0,190.618,9650003546.0
855.103,52.0,89908.0,5411.0,49.0,188.863,9650024280.0
855.202,52.0,89908.0,5411.0,49.0,182.87,9650042879.0
855.303,52.0,89908.0,5411.0,49.0,179.149,9650077238.0
855.403,51.0,89908.0,5411.0,49.0,176.371,9650095378.0
855.502,51.0,89908.0,5411.0,48.0,179.814,9650113196.0
855.603,49.0,89908.0,5411.0,48.0,177.455,9650130567.0
855.702,49.0,89908.0,5411.0,48.0,179.793,9650147979.0
855.803,50.0,89908.0,5411.0,48.0,180.702,9650165765.0
855.903,50.0,89908.0,5411.0,48.0,178.502,9650183280.0
856.003,50.0,89908.0,5411.0,48.0,180.112,9650200353.0
856.103,50.0,89908.0,5411.0,48.0,174.619,9650217562.0
856.203,50.0,89908.0,5411.0,48.0,174.259,9650235851.0
856.301,50.0,89908.0,5411.0,48.0,175.062,9650253553.0
856.403,50.0,89908.0,5411.0,48.0,176.208,9650272190.0
856.501,50.0,89908.0,5411.0,48.0,177.549,9650290219.0
856.603,50.0,89908.0,5411.0,48.0,177.59,9650308059.0
856.703,50.0,89908.0,5411.0,48.0,177.591,9650325635.0
856.803,50.0,89908.0,5411.0,48.0,177.591,9650343840.0
856.903,50.0,89908.0,5411.0,48.0,178.537,9650343840.0
857.001,50.0,89908.0,5411.0,48.0,180.044,9650362360.0
857.101,50.0,89908.0,5411.0,48.0,181.214,9650380887.0
857.203,32.0,89908.0,5411.0,47.0,178.912,9650398656.0
857.302,32.0,89908.0,5411.0,47.0,174.06,9650411602.0
857.402,0.0,89908.0,5411.0,47.0,168.975,9650424432.0
857.502,0.0,89908.0,5411.0,47.0,163.305,9650437090.0
857.603,0.0,89908.0,5411.0,46.0,157.7,9650449705.0
857.703,0.0,89908.0,5411.0,46.0,152.958,9650462342.0
857.802,0.0,89908.0,5411.0,46.0,146.855,9650474955.0
857.902,0.0,89908.0,5411.0,46.0,141.967,9650487563.0
858.003,0.0,89908.0,5411.0,46.0,135.292,9650500148.0
858.103,0.0,89908.0,5411.0,46.0,130.382,9650525346.0
858.203,0.0,89908.0,5411.0,46.0,126.581,9650537935.0
858.302,0.0,89908.0,5411.0,46.0,126.327,9650550516.0
858.401,0.0,89908.0,5411.0,46.0,126.128,9650563084.0
858.502,0.0,89908.0,5411.0,46.0,126.095,9650575672.0
858.602,0.0,89908.0,5411.0,46.0,126.021,9650588259.0
858.702,0.0,89908.0,5411.0,46.0,125.994,9650600870.0
858.801,0.0,89908.0,5411.0,46.0,125.957,9650613418.0
858.901,0.0,89908.0,5411.0,46.0,125.917,9650625985.0
859.002,0.0,89908.0,5411.0,46.0,125.865,9650638538.0
859.101,0.0,89908.0,5411.0,46.0,125.809,9650651089.0
859.202,0.0,89908.0,5411.0,46.0,125.75,9650663625.0
859.301,0.0,89908.0,5411.0,46.0,126.324,9650679428.0
859.403,45.0,89908.0,5411.0,50.0,140.253,9650728298.0
859.502,45.0,89908.0,5411.0,52.0,182.203,9650764367.0
859.602,64.0,89908.0,5411.0,50.0,195.442,9650785901.0
859.703,64.0,89908.0,5411.0,50.0,203.719,9650785901.0
859.802,59.0,89908.0,5411.0,50.0,214.056,9650808679.0
859.902,59.0,89908.0,5411.0,50.0,224.859,9650833106.0
860.003,59.0,89908.0,5411.0,50.0,237.071,9650855647.0
860.103,59.0,89908.0,5411.0,50.0,251.775,9650884328.0
860.202,57.0,89908.0,5411.0,50.0,261.558,9650910832.0
860.302,57.0,89908.0,5411.0,50.0,274.333,9650935358.0
860.403,55.0,89908.0,5411.0,49.0,273.495,9650958590.0
860.503,55.0,89908.0,5411.0,49.0,241.204,9650979882.0
860.601,54.0,89908.0,5411.0,49.0,232.883,9650998877.0
860.702,54.0,89908.0,5411.0,48.0,227.581,9651017865.0
860.802,53.0,89908.0,5411.0,48.0,225.829,9651056096.0
860.902,53.0,89908.0,5411.0,48.0,221.717,9651074390.0
861.003,55.0,89908.0,5411.0,48.0,214.666,9651090243.0
861.102,55.0,89908.0,5411.0,48.0,203.484,9651110799.0
861.203,53.0,89908.0,5411.0,48.0,201.275,9651129954.0
861.302,53.0,89908.0,5411.0,48.0,191.731,9651145675.0
861.402,52.0,89908.0,5411.0,48.0,189.779,9651163455.0
861.502,52.0,89908.0,5411.0,48.0,185.69,9651184530.0
861.602,52.0,89908.0,5411.0,48.0,186.887,9651200649.0
861.702,52.0,89908.0,5411.0,47.0,184.075,9651218347.0
861.802,52.0,89908.0,5411.0,47.0,181.09,9651233312.0
861.902,52.0,89908.0,5411.0,47.0,179.264,9651251973.0
862.002,52.0,89908.0,5411.0,47.0,178.493,9651269037.0
862.102,52.0,89908.0,5411.0,47.0,174.281,9651285915.0
862.202,52.0,89908.0,5411.0,47.0,174.281,9651302512.0
862.303,52.0,89908.0,5411.0,47.0,178.872,9651302512.0
862.403,51.0,89908.0,5411.0,47.0,177.555,9651324867.0
862.502,51.0,89908.0,5411.0,47.0,177.491,9651341155.0
862.603,49.0,89908.0,5411.0,47.0,173.61,9651358628.0
862.703,49.0,89908.0,5411.0,47.0,171.102,9651372829.0
862.803,0.0,89908.0,5411.0,47.0,166.284,9651385664.0
862.903,0.0,89908.0,5411.0,46.0,161.263,9651398509.0
863.002,0.0,89908.0,5411.0,46.0,157.064,9651411368.0
863.103,0.0,89908.0,5411.0,46.0,153.455,9651424172.0
863.202,0.0,89908.0,5411.0,46.0,149.941,9651436994.0
863.303,0.0,89908.0,5411.0,46.0,142.895,9651449803.0
863.402,0.0,89908.0,5411.0,46.0,136.639,9651462604.0
863.502,0.0,89908.0,5411.0,46.0,132.241,9651488189.0
863.602,0.0,89908.0,5411.0,46.0,128.338,9651500997.0
863.702,0.0,89908.0,5411.0,46.0,128.256,9651513792.0
863.803,0.0,89908.0,5411.0,46.0,128.199,9651526593.0
863.903,0.0,89908.0,5411.0,46.0,128.111,9651539375.0
864.003,0.0,89908.0,5411.0,46.0,128.083,9651552161.0
864.102,0.0,89908.0,5411.0,46.0,128.035,9651564936.0
864.203,0.0,89908.0,5411.0,46.0,128.002,9651577719.0
864.302,0.0,89908.0,5411.0,46.0,127.947,9651590452.0
864.402,0.0,89908.0,5411.0,46.0,127.883,9651603214.0
864.502,0.0,89908.0,5411.0,46.0,127.857,9651615981.0
864.602,0.0,89908.0,5411.0,46.0,127.82,9651628747.0
864.703,0.0,89908.0,5411.0,46.0,129.298,9651645283.0
864.803,51.0,89908.0,5411.0,46.0,134.12,9651662486.0
864.902,51.0,89908.0,5411.0,46.0,138.19,9651679740.0
865.002,51.0,89908.0,5411.0,46.0,138.19,9651679740.0
865.101,50.0,89908.0,5411.0,47.0,152.775,9651700083.0
865.202,55.0,89908.0,5411.0,47.0,157.106,9651719587.0
865.303,55.0,89908.0,5411.0,47.0,162.372,9651736250.0
865.403,54.0,89908.0,5411.0,47.0,169.262,9651755366.0
865.502,54.0,89908.0,5411.0,47.0,173.947,9651775281.0
865.603,54.0,89908.0,5411.0,47.0,178.606,9651791278.0
865.702,54.0,89908.0,5411.0,47.0,185.135,9651809406.0
865.802,54.0,89908.0,5411.0,47.0,185.976,9651830114.0
865.902,54.0,89908.0,5411.0,47.0,186.851,9651848291.0
866.003,53.0,89908.0,5411.0,47.0,188.694,9651867118.0
866.102,53.0,89908.0,5411.0,47.0,185.173,9651904813.0
866.202,54.0,89908.0,5411.0,48.0,187.241,9651923149.0
866.302,54.0,89908.0,5411.0,48.0,188.882,9651943865.0
866.403,53.0,89908.0,5411.0,48.0,187.84,9651963140.0
866.503,53.0,89908.0,5411.0,47.0,189.146,9651981939.0
866.602,53.0,89908.0,5411.0,47.0,188.997,9651997227.0
866.702,53.0,89908.0,5411.0,47.0,182.877,9652014417.0
866.802,54.0,89908.0,5411.0,47.0,184.826,9652032284.0
866.902,54.0,89908.0,5411.0,47.0,187.993,9652055735.0
867.001,55.0,89908.0,5411.0,47.0,190.362,9652077101.0
867.101,55.0,89908.0,5411.0,47.0,190.581,9652094340.0
867.203,53.0,89908.0,5411.0,52.0,200.005,9652136708.0
867.301,53.0,89908.0,5411.0,53.0,227.837,9652184364.0
867.403,80.0,89908.0,5411.0,57.0,261.605,9652243629.0
867.502,80.0,89908.0,5411.0,56.0,293.191,9652243629.0
867.602,83.0,89908.0,5411.0,59.0,342.444,9652294562.0
867.703,83.0,89908.0,5411.0,56.0,388.062,9652364673.0
867.802,75.0,89908.0,5411.0,60.0,430.073,9652416524.0
867.902,75.0,89908.0,5411.0,61.0,467.943,9652479490.0
868.003,79.0,89908.0,5411.0,60.0,485.816,9652533145.0
868.102,79.0,89908.0,5411.0,60.0,511.909,9652578584.0
868.203,80.0,89908.0,5411.0,60.0,537.085,9652624939.0
868.302,80.0,89908.0,5411.0,60.0,536.439,9652672383.0
868.402,79.0,89908.0,5411.0,60.0,528.824,9652718848.0
868.503,79.0,89908.0,5411.0,60.0,525.186,9652812524.0
868.603,82.0,89908.0,5411.0,60.0,508.515,9652859330.0
868.702,82.0,89908.0,5411.0,61.0,492.714,9652906483.0
868.802,81.0,89908.0,5411.0,61.0,485.641,9652953138.0
868.903,81.0,89908.0,5411.0,61.0,471.744,9653001587.0
869.002,80.0,89908.0,5411.0,61.0,473.149,9653048526.0
869.101,80.0,89908.0,5411.0,61.0,471.984,9653093692.0
869.201,79.0,89908.0,5411.0,58.0,470.429,9653140136.0
869.302,79.0,89908.0,5411.0,59.0,471.84,9653185310.0
869.402,70.0,89908.0,5411.0,57.0,462.52,9653220671.0
869.502,70.0,89908.0,5411.0,56.0,445.351,9653248557.0
869.603,62.0,89908.0,5411.0,55.0,421.789,9653272719.0
869.702,62.0,89908.0,5411.0,54.0,401.146,9653300335.0
869.803,58.0,89908.0,5411.0,53.0,380.044,9653325229.0
869.903,58.0,89908.0,5411.0,52.0,356.898,9653349982.0
870.002,58.0,89908.0,5411.0,52.0,356.898,9653349982.0
870.102,55.0,89908.0,5411.0,51.0,332.945,9653371649.0
870.202,54.0,89908.0,5411.0,51.0,279.06,9653391887.0
870.301,54.0,89908.0,5411.0,50.0,255.793,9653411157.0
870.403,54.0,89908.0,5411.0,50.0,242.32,9653436382.0
870.503,54.0,89908.0,5411.0,50.0,227.254,9653454676.0
870.601,52.0,89908.0,5411.0,49.0,216.671,9653471239.0
870.702,52.0,89908.0,5411.0,49.0,207.562,9653487026.0
870.802,52.0,89908.0,5411.0,49.0,196.262,9653504495.0
870.902,52.0,89908.0,5411.0,49.0,187.854,9653519768.0
871.002,51.0,89908.0,5411.0,49.0,180.211,9653534535.0
871.103,51.0,89908.0,5411.0,49.0,179.956,9653567975.0
871.202,51.0,89908.0,5411.0,48.0,174.329,9653582814.0
871.302,51.0,89908.0,5411.0,48.0,168.616,9653603387.0
871.403,51.0,89908.0,5411.0,48.0,164.581,9653619274.0
871.502,51.0,89908.0,5411.0,48.0,164.289,9653636346.0
871.602,50.0,89908.0,5411.0,48.0,166.947,9653654576.0
871.702,50.0,89908.0,5411.0,48.0,167.173,9653672039.0
871.803,50.0,89908.0,5411.0,48.0,168.374,9653689990.0
871.903,50.0,89908.0,5411.0,48.0,170.975,9653706946.0
872.002,50.0,89908.0,5411.0,48.0,174.006,9653724509.0
872.102,50.0,89908.0,5411.0,48.0,172.888,9653742450.0
872.202,50.0,89908.0,5411.0,48.0,176.877,9653760993.0
872.303,50.0,89908.0,5411.0,48.0,177.531,9653777831.0
872.403,50.0,89908.0,5411.0,48.0,175.908,9653795402.0
872.501,50.0,89908.0,5411.0,48.0,177.073,9653812625.0
872.602,50.0,89908.0,5411.0,48.0,177.225,9653812625.0
872.702,50.0,89908.0,5411.0,47.0,172.8,9653829274.0
872.802,0.0,89908.0,5411.0,47.0,168.351,9653842152.0
872.902,0.0,89908.0,5411.0,47.0,163.282,9653854995.0
873.002,0.0,89908.0,5411.0,47.0,159.098,9653867804.0
873.103,0.0,89908.0,5411.0,47.0,154.076,9653880584.0
873.203,0.0,89908.0,5411.0,47.0,148.195,9653893351.0
873.302,0.0,89908.0,5411.0,46.0,142.596,9653906151.0
873.402,0.0,89908.0,5411.0,46.0,138.128,9653918908.0
873.502,0.0,89908.0,5411.0,46.0,133.95,9653931688.0
873.602,0.0,89908.0,5411.0,46.0,129.55,9653944433.0
873.702,0.0,89908.0,5411.0,46.0,127.909,9653957219.0
873.803,0.0,89908.0,5411.0,46.0,127.795,9653969935.0
873.903,0.0,89908.0,5411.0,46.0,127.701,9653995398.0
874.002,0.0,89908.0,5411.0,46.0,127.662,9654008125.0
874.102,0.0,89908.0,5411.0,46.0,127.587,9654020826.0
874.202,0.0,89908.0,5411.0,46.0,127.509,9654033542.0
874.303,0.0,89908.0,5411.0,46.0,127.443,9654046243.0
874.402,0.0,89908.0,5411.0,46.0,127.384,9654058964.0
874.503,0.0,89908.0,5411.0,46.0,127.353,9654071686.0
874.602,0.0,89908.0,5411.0,46.0,127.288,9654084417.0
874.701,0.0,89908.0,5411.0,46.0,127.314,9654097136.0
874.801,0.0,89908.0,5411.0,46.0,127.278,9654109852.0
874.902,0.0,89908.0,5411.0,46.0,127.685,9654125309.0
875.002,39.0,89908.0,5411.0,46.0,133.838,9654143380.0
875.102,39.0,89908.0,5411.0,47.0,138.564,9654161507.0
875.201,50.0,89908.0,5411.0,47.0,144.118,9654179049.0
875.302,50.0,89908.0,5411.0,47.0,148.311,9654195847.0
875.402,50.0,89908.0,5411.0,47.0,148.311,9654226521.0
875.501,50.0,89908.0,5411.0,49.0,158.793,9654226521.0
875.601,50.0,89908.0,5411.0,55.0,201.855,9654279189.0
875.701,79.0,89908.0,5411.0,56.0,234.041,9654336179.0
875.801,76.0,89908.0,5411.0,54.0,306.188,9654385921.0
875.901,76.0,89908.0,5411.0,55.0,325.872,9654422283.0
876.001,72.0,89908.0,5411.0,54.0,340.766,9654456035.0
876.101,72.0,89908.0,5411.0,54.0,356.215,9654489222.0
876.201,70.0,89908.0,5411.0,54.0,371.912,9654520357.0
876.301,70.0,89908.0,5411.0,54.0,390.029,9654555525.0
876.401,70.0,89908.0,5411.0,54.0,398.546,9654590392.0
876.502,70.0,89908.0,5411.0,54.0,386.564,9654624277.0
876.602,66.0,89908.0,5411.0,54.0,366.771,9654693323.0
876.702,66.0,89908.0,5411.0,53.0,345.093,9654723242.0
876.801,61.0,89908.0,5411.0,53.0,328.665,9654749209.0
876.902,61.0,89908.0,5411.0,52.0,321.652,9654773936.0
877.002,55.0,89908.0,5411.0,51.0,310.673,9654795776.0
877.102,55.0,89908.0,5411.0,50.0,296.63,9654813468.0
877.202,54.0,89908.0,5411.0,50.0,280.502,9654831389.0
877.303,54.0,89908.0,5411.0,49.0,261.253,9654846794.0
877.402,54.0,89908.0,5411.0,49.0,246.233,9654865917.0
877.502,54.0,89908.0,5411.0,49.0,229.07,9654882601.0
877.602,54.0,89908.0,5411.0,49.0,215.283,9654899281.0
877.703,54.0,89908.0,5411.0,49.0,215.283,9654899281.0
877.803,54.0,89908.0,5411.0,49.0,195.818,9654915859.0
877.902,53.0,89908.0,5411.0,49.0,189.864,9654935854.0
878.001,53.0,89908.0,5411.0,48.0,181.302,9654954234.0
878.112,53.0,89908.0,5411.0,48.0,174.78,9654973260.0
878.201,52.0,89908.0,5411.0,48.0,171.682,9654988142.0
878.302,52.0,89908.0,5411.0,48.0,173.277,9655004255.0
878.403,50.0,89908.0,5411.0,48.0,172.591,9655021363.0
878.503,50.0,89908.0,5411.0,47.0,167.203,9655035828.0
878.602,0.0,89908.0,5411.0,47.0,162.811,9655048703.0
878.702,0.0,89908.0,5411.0,47.0,159.977,9655061518.0
878.803,0.0,89908.0,5411.0,47.0,153.942,9655074305.0
878.901,0.0,89908.0,5411.0,47.0,146.694,9655099893.0
879.002,0.0,89908.0,5411.0,47.0,142.626,9655112633.0
879.102,0.0,89908.0,5411.0,46.0,138.139,9655125383.0
879.203,0.0,89908.0,5411.0,46.0,136.009,9655138152.0
879.301,0.0,89908.0,5411.0,46.0,131.964,9655150891.0
879.403,0.0,89908.0,5411.0,46.0,128.027,9655163631.0
879.501,0.0,89908.0,5411.0,46.0,127.786,9655176378.0
879.602,0.0,89908.0,5411.0,46.0,127.698,9655189112.0
879.701,0.0,89908.0,5411.0,46.0,127.637,9655201825.0
879.803,0.0,89908.0,5411.0,46.0,127.591,9655214567.0
879.902,0.0,89908.0,5411.0,46.0,127.532,9655227272.0
880.002,0.0,89908.0,5411.0,46.0,127.48,9655239981.0
880.101,0.0,89908.0,5411.0,46.0,127.416,9655252703.0
880.201,0.0,89908.0,5411.0,46.0,127.408,9655265455.0
880.302,0.0,89908.0,5411.0,46.0,127.4,9655278160.0
880.402,0.0,89908.0,5411.0,46.0,127.371,9655290908.0
880.501,0.0,89908.0,5411.0,46.0,127.381,9655290908.0
880.601,10.0,89908.0,5411.0,46.0,130.883,9655303699.0
880.702,10.0,89908.0,5411.0,47.0,135.575,9655321340.0
880.801,50.0,89908.0,5411.0,47.0,139.98,9655338525.0
880.901,50.0,89908.0,5411.0,47.0,144.177,9655355553.0
881.002,51.0,89908.0,5411.0,47.0,150.681,9655373094.0
881.102,51.0,89908.0,5411.0,47.0,154.372,9655390441.0
881.202,50.0,89908.0,5411.0,47.0,159.104,9655407087.0
881.302,50.0,89908.0,5411.0,47.0,163.31,9655424763.0
881.403,50.0,89908.0,5411.0,47.0,167.454,9655442604.0
881.502,50.0,89908.0,5411.0,48.0,176.393,9655459880.0
881.602,59.0,89908.0,5411.0,48.0,177.116,9655498879.0
881.702,59.0,89908.0,5411.0,47.0,178.062,9655516671.0
881.802,53.0,89908.0,5411.0,48.0,177.766,9655533307.0
881.902,53.0,89908.0,5411.0,48.0,179.952,9655553811.0
882.002,53.0,89908.0,5411.0,48.0,179.226,9655570729.0
882.102,53.0,89908.0,5411.0,48.0,181.444,9655591053.0
882.202,52.0,89908.0,5411.0,48.0,183.079,9655609287.0
882.302,52.0,89908.0,5411.0,48.0,182.933,9655626687.0
882.402,54.0,89908.0,5411.0,48.0,186.658,9655646964.0
882.501,54.0,89908.0,5411.0,48.0,186.169,9655668415.0
882.602,52.0,89908.0,5411.0,48.0,187.291,9655686751.0
882.703,52.0,89908.0,5411.0,48.0,190.962,9655708456.0
882.801,54.0,89908.0,5411.0,48.0,192.946,9655726295.0
882.901,54.0,89908.0,5411.0,48.0,191.674,9655744682.0
883.002,55.0,89908.0,5411.0,47.0,189.37,9655759929.0
883.102,55.0,89908.0,5411.0,50.0,203.871,9655759929.0
883.202,79.0,89908.0,5411.0,54.0,238.69,9655800999.0
883.301,79.0,89908.0,5411.0,57.0,271.297,9655858003.0
883.401,67.0,89908.0,5411.0,57.0,309.826,9655903592.0
883.503,67.0,89908.0,5411.0,59.0,357.698,9655964012.0
883.602,69.0,89908.0,5411.0,59.0,389.417,9656027224.0
883.702,69.0,89908.0,5411.0,60.0,431.393,9656083119.0
883.802,95.0,89908.0,5411.0,60.0,464.782,9656146739.0
883.902,95.0,89908.0,5411.0,59.0,486.844,9656195423.0
884.002,81.0,89908.0,5411.0,59.0,525.061,9656241215.0
884.102,81.0,89908.0,5411.0,59.0,541.128,9656334737.0
884.202,81.0,89908.0,5411.0,59.0,530.569,9656380889.0
884.302,81.0,89908.0,5411.0,60.0,521.395,9656428160.0
884.402,81.0,89908.0,5411.0,60.0,520.086,9656476117.0
884.501,81.0,89908.0,5411.0,60.0,500.077,9656523600.0
884.602,82.0,89908.0,5411.0,60.0,496.115,9656570757.0
884.702,82.0,89908.0,5411.0,60.0,480.51,9656617485.0
884.803,81.0,89908.0,5411.0,60.0,473.76,9656664734.0
884.901,81.0,89908.0,5411.0,60.0,472.605,9656711121.0
885.002,79.0,89908.0,5411.0,60.0,473.065,9656758104.0
885.101,79.0,89908.0,5411.0,60.0,468.175,9656800830.0
885.201,79.0,89908.0,5411.0,58.0,459.672,9656837391.0
885.301,79.0,89908.0,5411.0,58.0,459.672,9656871288.0
885.401,79.0,89908.0,5411.0,57.0,445.145,9656871288.0
885.501,70.0,89908.0,5411.0,56.0,424.357,9656896881.0
885.602,70.0,89908.0,5411.0,55.0,401.143,9656922442.0
885.702,58.0,89908.0,5411.0,53.0,376.567,9656944266.0
885.802,58.0,89908.0,5411.0,53.0,354.055,9656967827.0
885.902,56.0,89908.0,5411.0,51.0,303.287,9656990082.0
886.002,53.0,89908.0,5411.0,51.0,276.331,9657010562.0
886.102,53.0,89908.0,5411.0,50.0,245.077,9657027069.0
886.202,54.0,89908.0,5411.0,50.0,228.538,9657042299.0
886.303,54.0,89908.0,5411.0,50.0,209.104,9657079109.0
886.403,54.0,89908.0,5411.0,50.0,202.879,9657099824.0
886.502,54.0,89908.0,5411.0,49.0,200.441,9657121033.0
886.603,53.0,89908.0,5411.0,49.0,201.129,9657144713.0
886.702,53.0,89908.0,5411.0,49.0,194.613,9657160924.0
886.803,54.0,89908.0,5411.0,49.0,186.982,9657176738.0
886.902,54.0,89908.0,5411.0,49.0,184.324,9657195487.0
887.002,52.0,89908.0,5411.0,49.0,188.588,9657216270.0
887.103,52.0,89908.0,5411.0,49.0,190.115,9657232769.0
887.202,52.0,89908.0,5411.0,48.0,185.187,9657247446.0
887.302,52.0,89908.0,5411.0,48.0,184.899,9657263330.0
887.402,52.0,89908.0,5411.0,48.0,183.754,9657282736.0
887.502,52.0,89908.0,5411.0,48.0,179.802,9657300893.0
887.601,52.0,89908.0,5411.0,48.0,171.815,9657315813.0
887.702,52.0,89908.0,5411.0,48.0,169.314,9657330296.0
887.803,52.0,89908.0,5411.0,48.0,167.824,9657330296.0
887.902,52.0,89908.0,5411.0,48.0,165.013,9657344612.0
888.002,52.0,89908.0,5411.0,48.0,158.624,9657359212.0
888.102,52.0,89908.0,5411.0,48.0,156.451,9657374359.0
888.202,51.0,89908.0,5411.0,48.0,158.998,9657389425.0
888.303,51.0,89908.0,5411.0,48.0,161.393,9657407159.0
888.402,50.0,89908.0,5411.0,48.0,159.379,9657424542.0
888.502,50.0,89908.0,5411.0,48.0,159.788,9657442121.0
888.601,50.0,89908.0,5411.0,48.0,160.94,9657459099.0
888.702,50.0,89908.0,5411.0,48.0,163.375,9657477340.0
888.801,50.0,89908.0,5411.0,47.0,164.507,9657494768.0
888.902,50.0,89908.0,5411.0,47.0,163.31,9657522408.0
889.002,0.0,89908.0,5411.0,47.0,160.814,9657534937.0
889.102,0.0,89908.0,5411.0,47.0,158.883,9657547655.0
889.203,0.0,89908.0,5411.0,47.0,154.193,9657560349.0
889.302,0.0,89908.0,5411.0,47.0,149.227,9657573022.0
889.402,0.0,89908.0,5411.0,46.0,144.989,9657585711.0
889.502,0.0,89908.0,5411.0,46.0,139.678,9657598395.0
889.601,0.0,89908.0,5411.0,46.0,134.431,9657611068.0
889.702,0.0,89908.0,5411.0,46.0,129.861,9657623744.0
889.803,0.0,89908.0,5411.0,46.0,127.178,9657636428.0
889.902,0.0,89908.0,5411.0,46.0,127.049,9657649081.0
890.002,0.0,89908.0,5411.0,46.0,126.889,9657661753.0
890.102,0.0,89908.0,5411.0,46.0,126.863,9657674395.0
890.202,0.0,89908.0,5411.0,46.0,126.731,9657687005.0
890.301,0.0,89908.0,5411.0,46.0,126.706,9657699656.0
890.402,0.0,89908.0,5411.0,46.0,126.706,9657712279.0
890.502,0.0,89908.0,5411.0,46.0,126.624,9657712279.0
890.602,0.0,89908.0,5411.0,46.0,126.572,9657724896.0
890.702,0.0,89908.0,5411.0,46.0,126.513,9657737515.0
890.802,0.0,89908.0,5411.0,46.0,126.471,9657750148.0
890.901,0.0,89908.0,5411.0,46.0,126.391,9657762751.0
891.002,0.0,89908.0,5411.0,46.0,127.333,9657780399.0
891.102,44.0,89908.0,5411.0,50.0,167.047,9657837167.0
891.202,44.0,89908.0,5411.0,54.0,201.011,9657877550.0
891.302,73.0,89908.0,5411.0,51.0,229.709,9657905102.0
891.401,63.0,89908.0,5411.0,51.0,245.894,9657932828.0
891.502,63.0,89908.0,5411.0,51.0,256.8,9657958922.0
891.602,63.0,89908.0,5411.0,51.0,268.112,9658006445.0
891.703,63.0,89908.0,5411.0,51.0,287.229,9658038439.0
891.803,63.0,89908.0,5411.0,51.0,299.647,9658063744.0
891.902,63.0,89908.0,5411.0,51.0,309.517,9658087632.0
892.002,58.0,89908.0,5411.0,51.0,288.117,9658110046.0
892.102,58.0,89908.0,5411.0,50.0,256.298,9658128876.0
892.203,55.0,89908.0,5411.0,49.0,244.311,9658147704.0
892.301,55.0,89908.0,5411.0,49.0,233.813,9658165397.0
892.402,54.0,89908.0,5411.0,49.0,225.884,9658183823.0
892.502,54.0,89908.0,5411.0,49.0,218.994,9658200875.0
892.603,54.0,89908.0,5411.0,48.0,213.017,9658219894.0
892.702,54.0,89908.0,5411.0,48.0,203.703,9658239266.0
892.802,54.0,89908.0,5411.0,48.0,195.887,9658258366.0
892.902,54.0,89908.0,5411.0,48.0,189.956,9658275158.0
893.002,52.0,89908.0,5411.0,48.0,182.787,9658275158.0
893.102,52.0,89908.0,5411.0,48.0,177.232,9658289691.0
893.202,51.0,89908.0,5411.0,48.0,178.849,9658305657.0
893.302,51.0,89908.0,5411.0,48.0,176.642,9658323417.0
893.402,50.0,89908.0,5411.0,48.0,174.876,9658340245.0
893.502,50.0,89908.0,5411.0,48.0,176.591,9658357279.0
893.602,50.0,89908.0,5411.0,48.0,176.305,9658375608.0
893.702,50.0,89908.0,5411.0,47.0,172.946,9658394211.0
893.802,50.0,89908.0,5411.0,47.0,171.371,9658411255.0
893.902,50.0,89908.0,5411.0,47.0,171.182,9658428651.0
894.002,50.0,89908.0,5411.0,47.0,175.03,9658447226.0
894.102,50.0,89908.0,5411.0,47.0,176.675,9658482049.0
894.202,50.0,89908.0,5411.0,47.0,175.689,9658499062.0
894.302,50.0,89908.0,5411.0,47.0,175.874,9658516759.0
894.403,50.0,89908.0,5411.0,47.0,177.534,9658535638.0
894.501,50.0,89908.0,5411.0,47.0,174.121,9658549010.0
894.602,0.0,89908.0,5411.0,47.0,168.647,9658561780.0
894.702,0.0,89908.0,5411.0,47.0,164.201,9658574599.0
894.802,0.0,89908.0,5411.0,46.0,159.54,9658587362.0
894.902,0.0,89908.0,5411.0,46.0,154.256,9658600144.0
895.002,0.0,89908.0,5411.0,46.0,148.956,9658612894.0
895.103,0.0,89908.0,5411.0,46.0,144.919,9658625610.0
895.203,0.0,89908.0,5411.0,46.0,139.971,9658638332.0
895.302,0.0,89908.0,5411.0,46.0,135.419,9658651072.0
895.402,0.0,89908.0,5411.0,46.0,130.883,9658663804.0
895.502,0.0,89908.0,5411.0,46.0,127.596,9658676534.0
895.602,0.0,89908.0,5411.0,46.0,127.591,9658689281.0
895.702,0.0,89908.0,5411.0,46.0,127.591,9658702012.0
895.802,0.0,89908.0,5411.0,46.0,127.505,9658702012.0
895.903,0.0,89908.0,5411.0,46.0,127.475,9658714732.0
896.002,0.0,89908.0,5411.0,46.0,127.409,9658727450.0
896.103,0.0,89908.0,5411.0,46.0,127.406,9658740190.0
896.202,0.0,89908.0,5411.0,46.0,127.387,9658752896.0
896.302,0.0,89908.0,5411.0,46.0,127.382,9658765622.0
896.402,0.0,89908.0,5411.0,46.0,127.376,9658778341.0
896.501,0.0,89908.0,5411.0,46.0,127.306,9658791024.0
896.603,0.0,89908.0,5411.0,46.0,128.569,9658805692.0
896.702,24.0,89908.0,5411.0,46.0,132.79,9658822877.0
896.802,24.0,89908.0,5411.0,46.0,142.47,9658840413.0
896.902,50.0,89908.0,5411.0,47.0,147.502,9658874767.0
897.003,57.0,89908.0,5411.0,47.0,156.495,9658896563.0
897.102,57.0,89908.0,5411.0,48.0,161.004,9658914802.0
897.202,53.0,89908.0,5411.0,47.0,165.88,9658931885.0
897.301,53.0,89908.0,5411.0,47.0,176.219,9658955281.0
897.401,54.0,89908.0,5411.0,47.0,181.488,9658972340.0
897.501,54.0,89908.0,5411.0,48.0,182.711,9658988599.0
897.602,55.0,89908.0,5411.0,48.0,185.617,9659008769.0
897.705,55.0,89908.0,5411.0,48.0,185.786,9659026712.0
897.803,51.0,89908.0,5411.0,48.0,187.697,9659045483.0
897.903,51.0,89908.0,5411.0,48.0,190.319,9659065107.0
898.002,54.0,89908.0,5411.0,48.0,191.611,9659086606.0
898.102,54.0,89908.0,5411.0,48.0,190.274,9659104717.0
898.203,53.0,89908.0,5411.0,48.0,189.465,9659120619.0
898.302,53.0,89908.0,5411.0,48.0,182.297,9659137575.0
898.402,53.0,89908.0,5411.0,48.0,182.297,9659137575.0
898.502,54.0,89908.0,5411.0,48.0,184.069,9659156611.0
898.603,54.0,89908.0,5411.0,48.0,187.619,9659176373.0
898.703,54.0,89908.0,5411.0,47.0,184.062,9659192618.0
898.802,54.0,89908.0,5411.0,47.0,183.224,9659210552.0
898.902,55.0,89908.0,5411.0,47.0,180.74,9659226233.0
899.002,55.0,89908.0,5411.0,47.0,176.571,9659241506.0
899.102,55.0,89908.0,5411.0,47.0,185.775,9659271024.0
899.203,55.0,89908.0,5411.0,49.0,185.034,9659290721.0
899.303,0.0,89908.0,5411.0,48.0,182.429,9659303768.0
899.402,0.0,89908.0,5411.0,47.0,183.559,9659365976.0
899.502,28.0,89908.0,5411.0,50.0,212.227,9659429483.0
899.602,28.0,89908.0,5411.0,56.0,253.308,9659479048.0
899.701,74.0,89908.0,5411.0,58.0,297.934,9659543563.0
899.803,74.0,89908.0,5411.0,58.0,334.982,9659596370.0
899.902,79.0,89908.0,5411.0,59.0,371.781,9659655825.0
900.002,79.0,89908.0,5411.0,59.0,416.825,9659709349.0
900.102,78.0,89908.0,5411.0,59.0,437.71,9659755991.0
900.201,78.0,89908.0,5411.0,59.0,459.439,9659803387.0
900.301,81.0,89908.0,5411.0,59.0,499.268,9659851699.0
900.401,81.0,89908.0,5411.0,59.0,526.748,9659899172.0
900.501,81.0,89908.0,5411.0,58.0,532.454,9659945951.0
900.603,81.0,89908.0,5411.0,58.0,516.733,9659992500.0
900.702,82.0,89908.0,5411.0,58.0,513.874,9659992500.0
900.802,82.0,89908.0,5411.0,58.0,496.007,9660039684.0
900.902,81.0,89908.0,5411.0,59.0,490.217,9660086146.0
901.002,81.0,89908.0,5411.0,59.0,479.995,9660133516.0
901.102,80.0,89908.0,5411.0,59.0,471.252,9660179633.0
901.203,80.0,89908.0,5411.0,59.0,472.626,9660225742.0
901.301,81.0,89908.0,5411.0,59.0,469.932,9660270451.0
901.401,81.0,89908.0,5411.0,60.0,467.99,9660315500.0
901.501,78.0,89908.0,5411.0,58.0,461.066,9660357200.0
901.601,78.0,89908.0,5411.0,58.0,452.445,9660424374.0
901.702,62.0,89908.0,5411.0,55.0,409.587,9660451617.0
901.802,57.0,89908.0,5411.0,54.0,387.81,9660476768.0
901.902,57.0,89908.0,5411.0,53.0,361.856,9660500369.0
902.002,55.0,89908.0,5411.0,52.0,340.512,9660523294.0
902.102,55.0,89908.0,5411.0,52.0,314.061,9660544638.0
902.202,54.0,89908.0,5411.0,51.0,281.876,9660562608.0
902.302,54.0,89908.0,5411.0,50.0,267.443,9660580695.0
902.402,54.0,89908.0,5411.0,50.0,241.547,9660601357.0
902.503,54.0,89908.0,5411.0,50.0,221.434,9660619912.0
902.602,52.0,89908.0,5411.0,50.0,208.896,9660635822.0
902.702,52.0,89908.0,5411.0,49.0,199.184,9660652500.0
902.802,51.0,89908.0,5411.0,49.0,189.826,9660668181.0
902.902,51.0,89908.0,5411.0,49.0,189.826,9660668181.0
903.002,51.0,89908.0,5411.0,49.0,183.233,9660685131.0
903.102,49.0,89908.0,5411.0,49.0,179.197,9660703655.0
903.202,49.0,89908.0,5411.0,49.0,176.236,9660720690.0
903.302,50.0,89908.0,5411.0,49.0,176.165,9660738449.0
903.402,50.0,89908.0,5411.0,48.0,175.085,9660755588.0
903.503,50.0,89908.0,5411.0,48.0,170.849,9660772948.0
903.602,50.0,89908.0,5411.0,48.0,170.132,9660789966.0
903.702,50.0,89908.0,5411.0,48.0,173.153,9660808345.0
903.802,50.0,89908.0,5411.0,48.0,175.801,9660827610.0
903.902,7.0,89908.0,5411.0,48.0,173.496,9660842160.0
904.002,7.0,89908.0,5411.0,47.0,169.168,9660855025.0
904.102,0.0,89908.0,5411.0,47.0,164.431,9660880732.0
904.203,0.0,89908.0,5411.0,47.0,159.674,9660893551.0
904.302,0.0,89908.0,5411.0,47.0,154.804,9660906357.0
904.402,0.0,89908.0,5411.0,47.0,149.813,9660919158.0
904.501,0.0,89908.0,5411.0,47.0,145.581,9660931978.0
904.601,0.0,89908.0,5411.0,47.0,141.658,9660944750.0
904.702,0.0,89908.0,5411.0,47.0,136.271,9660957518.0
904.802,0.0,89908.0,5411.0,47.0,129.761,9660970288.0
904.902,0.0,89908.0,5411.0,46.0,128.165,9660983067.0
905.002,0.0,89908.0,5411.0,46.0,128.093,9660995814.0
905.102,0.0,89908.0,5411.0,46.0,128.019,9661008588.0
905.202,0.0,89908.0,5411.0,46.0,127.924,9661021335.0
905.302,0.0,89908.0,5411.0,46.0,127.817,9661034035.0
905.403,0.0,89908.0,5411.0,46.0,127.757,9661046808.0
905.502,0.0,89908.0,5411.0,46.0,127.731,9661059550.0
905.603,0.0,89908.0,5411.0,46.0,127.655,9661072810.0
905.702,13.0,89908.0,5411.0,46.0,131.083,9661072810.0
905.803,13.0,89908.0,5411.0,47.0,136.288,9661092169.0
905.902,50.0,89908.0,5411.0,47.0,141.052,9661109370.0
906.003,50.0,89908.0,5411.0,47.0,144.92,9661126522.0
906.103,50.0,89908.0,5411.0,47.0,149.222,9661144301.0
906.203,50.0,89908.0,5411.0,47.0,154.061,9661161814.0
906.302,50.0,89908.0,5411.0,47.0,158.406,9661179285.0
906.401,50.0,89908.0,5411.0,47.0,162.444,9661196279.0
906.503,50.0,89908.0,5411.0,47.0,168.127,9661214842.0
906.602,50.0,89908.0,5411.0,47.0,169.616,9661230410.0
906.701,0.0,89908.0,5411.0,47.0,168.459,9661243219.0
906.801,0.0,89908.0,5411.0,46.0,161.853,9661255978.0
906.902,0.0,89908.0,5411.0,46.0,157.083,9661281463.0
907.001,0.0,89908.0,5411.0,46.0,153.521,9661294190.0
907.101,0.0,89908.0,5411.0,46.0,148.925,9661306932.0
907.201,16.0,89908.0,5411.0,46.0,140.209,9661320602.0
907.302,16.0,89908.0,5411.0,50.0,172.041,9661366225.0
907.401,89.0,89908.0,5411.0,52.0,205.561,9661411732.0
907.502,89.0,89908.0,5411.0,57.0,245.834,9661471986.0
907.602,85.0,89908.0,5411.0,55.0,287.829,9661519249.0
907.702,85.0,89908.0,5411.0,58.0,332.061,9661580378.0
907.803,80.0,89908.0,5411.0,58.0,364.856,9661630102.0
907.902,80.0,89908.0,5411.0,58.0,397.102,9661676543.0
908.002,85.0,89908.0,5411.0,59.0,435.827,9661722035.0
908.101,85.0,89908.0,5411.0,57.0,464.51,9661765265.0
908.201,78.0,89908.0,5411.0,58.0,485.907,9661807493.0
908.311,78.0,89908.0,5411.0,58.0,485.907,9661807493.0
908.402,78.0,89908.0,5411.0,57.0,486.376,9661852321.0
908.502,77.0,89908.0,5411.0,58.0,489.278,9661899732.0
908.601,77.0,89908.0,5411.0,57.0,478.78,9661948323.0
908.701,76.0,89908.0,5411.0,59.0,476.034,9661994561.0
908.801,76.0,89908.0,5411.0,60.0,459.851,9662037751.0
908.901,77.0,89908.0,5411.0,58.0,451.64,9662080481.0
909.001,77.0,89908.0,5411.0,59.0,446.123,9662119156.0
909.101,69.0,89908.0,5411.0,57.0,437.76,9662158263.0
909.202,69.0,89908.0,5411.0,56.0,422.202,9662189765.0
909.302,60.0,89908.0,5411.0,54.0,407.882,9662215653.0
909.402,60.0,89908.0,5411.0,54.0,385.946,9662266683.0
909.502,56.0,89908.0,5411.0,53.0,363.254,9662284703.0
909.602,54.0,89908.0,5411.0,51.0,306.635,9662303326.0
909.702,54.0,89908.0,5411.0,51.0,277.513,9662320467.0
909.802,54.0,89908.0,5411.0,50.0,250.977,9662336243.0
909.903,54.0,89908.0,5411.0,50.0,231.115,9662353285.0
910.002,53.0,89908.0,5411.0,50.0,211.175,9662371743.0
910.101,53.0,89908.0,5411.0,49.0,197.27,9662388670.0
910.203,51.0,89908.0,5411.0,49.0,188.242,9662407492.0
910.301,51.0,89908.0,5411.0,49.0,182.172,9662426404.0
910.402,52.0,89908.0,5411.0,49.0,174.005,9662441093.0
910.502,52.0,89908.0,5411.0,49.0,173.272,9662441093.0
910.601,0.0,89908.0,5411.0,48.0,167.612,9662459364.0
910.702,0.0,89908.0,5411.0,48.0,163.881,9662472299.0
910.803,0.0,89908.0,5411.0,47.0,160.831,9662485206.0
910.903,0.0,89908.0,5411.0,47.0,156.845,9662498086.0
911.002,0.0,89908.0,5411.0,47.0,150.818,9662510960.0
911.102,0.0,89908.0,5411.0,47.0,146.222,9662523782.0
911.202,0.0,89908.0,5411.0,47.0,141.349,9662536584.0
911.302,0.0,89908.0,5411.0,47.0,135.485,9662549369.0
911.402,0.0,89908.0,5411.0,47.0,133.614,9662562136.0
911.502,0.0,89908.0,5411.0,47.0,128.339,9662574922.0
911.602,0.0,89908.0,5411.0,47.0,128.158,9662587677.0
911.703,0.0,89908.0,5411.0,47.0,128.014,9662600418.0
911.803,0.0,89908.0,5411.0,46.0,127.904,9662625938.0
911.903,0.0,89908.0,5411.0,46.0,127.764,9662638653.0
912.003,0.0,89908.0,5411.0,46.0,127.677,9662651405.0
912.102,0.0,89908.0,5411.0,46.0,127.607,9662664143.0
912.202,0.0,89908.0,5411.0,46.0,127.569,9662676881.0
912.302,0.0,89908.0,5411.0,46.0,127.505,9662689604.0
912.402,0.0,89908.0,5411.0,46.0,127.431,9662702314.0
912.502,0.0,89908.0,5411.0,46.0,127.407,9662715031.0
912.602,0.0,89908.0,5411.0,46.0,127.369,9662727761.0
912.702,0.0,89908.0,5411.0,46.0,127.307,9662740459.0
912.803,0.0,89908.0,5411.0,46.0,127.279,9662753171.0
912.902,0.0,89908.0,5411.0,46.0,127.244,9662765869.0
913.002,0.0,89908.0,5411.0,46.0,127.2,9662778579.0
913.103,0.0,89908.0,5411.0,46.0,127.162,9662791274.0
913.202,0.0,89908.0,5411.0,46.0,127.124,9662803979.0
913.302,0.0,89908.0,5411.0,46.0,127.086,9662816673.0
913.404,0.0,89908.0,5411.0,46.0,127.086,9662829334.0
913.502,0.0,89908.0,5411.0,46.0,127.073,9662829334.0
913.602,0.0,89908.0,5411.0,46.0,127.072,9662842016.0
913.702,0.0,89908.0,5411.0,46.0,127.048,9662854725.0
913.802,0.0,89908.0,5411.0,46.0,127.034,9662867417.0
913.902,0.0,89908.0,5411.0,46.0,126.999,9662880079.0
914.002,0.0,89908.0,5411.0,46.0,126.972,9662892757.0
914.102,0.0,89908.0,5411.0,46.0,126.969,9662905450.0
914.202,0.0,89908.0,5411.0,46.0,126.971,9662918151.0
914.302,0.0,89908.0,5411.0,46.0,126.977,9662930846.0
914.403,0.0,89908.0,5411.0,46.0,126.974,9662943562.0
914.502,0.0,89908.0,5411.0,46.0,127.001,9662956269.0
914.603,0.0,89908.0,5411.0,46.0,126.978,9662968938.0
914.702,0.0,89908.0,5411.0,46.0,126.958,9662994291.0
914.803,0.0,89908.0,5411.0,46.0,126.927,9663006968.0
914.903,0.0,89908.0,5411.0,46.0,126.951,9663019634.0
915.003,0.0,89908.0,5411.0,46.0,126.953,9663032338.0
915.103,0.0,89908.0,5411.0,46.0,126.941,9663045007.0
915.202,0.0,89908.0,5411.0,46.0,126.899,9663057688.0
915.303,0.0,89908.0,5411.0,46.0,126.893,9663070397.0
915.402,0.0,89908.0,5411.0,46.0,126.877,9663083080.0
915.503,0.0,89908.0,5411.0,46.0,126.869,9663095774.0
915.602,0.0,89908.0,5411.0,46.0,126.862,9663108443.0
915.702,0.0,89908.0,5411.0,46.0,126.876,9663121122.0
915.804,0.0,89908.0,5411.0,46.0,126.854,9663133800.0
915.902,0.0,89908.0,5411.0,46.0,126.846,9663146430.0
916.003,0.0,89908.0,5411.0,46.0,126.845,9663159112.0
916.102,0.0,89908.0,5411.0,46.0,126.91,9663171807.0
916.202,0.0,89908.0,5411.0,46.0,126.91,9663184479.0
916.302,0.0,89908.0,5411.0,46.0,126.886,9663184479.0
916.403,0.0,89908.0,5411.0,46.0,126.84,9663197154.0
916.502,0.0,89908.0,5411.0,46.0,126.846,9663209833.0
916.603,0.0,89908.0,5411.0,46.0,126.875,9663222534.0
916.703,0.0,89908.0,5411.0,46.0,126.908,9663235249.0
916.803,0.0,89908.0,5411.0,46.0,126.924,9663247933.0
916.903,0.0,89908.0,5411.0,46.0,126.905,9663260572.0
917.003,0.0,89908.0,5411.0,46.0,126.895,9663273247.0
917.103,0.0,89908.0,5411.0,46.0,126.874,9663285907.0
917.202,0.0,89908.0,5411.0,46.0,126.892,9663298602.0
917.303,0.0,89908.0,5411.0,46.0,126.854,9663311278.0
917.402,0.0,89908.0,5411.0,46.0,126.877,9663323953.0
917.501,0.0,89908.0,5411.0,46.0,126.895,9663349296.0
917.603,0.0,89908.0,5411.0,46.0,126.83,9663361952.0
917.703,0.0,89908.0,5411.0,46.0,126.751,9663374614.0
917.803,0.0,89908.0,5411.0,46.0,126.735,9663387284.0
917.903,0.0,89908.0,5411.0,46.0,126.785,9663399938.0
918.002,0.0,89908.0,5411.0,45.0,126.771,9663412614.0
918.103,0.0,89908.0,5411.0,45.0,126.769,9663425281.0
918.202,0.0,89908.0,5411.0,45.0,126.76,9663437954.0
918.303,0.0,89908.0,5411.0,45.0,126.715,9663450596.0
918.402,0.0,89908.0,5411.0,45.0,126.65,9663463230.0
918.502,0.0,89908.0,5411.0,45.0,126.669,9663475899.0
918.602,0.0,89908.0,5411.0,45.0,126.696,9663488569.0
918.702,0.0,89908.0,5411.0,45.0,126.712,9663501241.0
918.803,0.0,89908.0,5411.0,45.0,126.701,9663513910.0
918.903,0.0,89908.0,5411.0,45.0,126.702,9663526580.0
919.002,0.0,89908.0,5411.0,45.0,126.702,9663539244.0
919.102,0.0,89908.0,5411.0,45.0,126.68,9663539244.0
919.202,0.0,89908.0,5411.0,45.0,126.663,9663551878.0
919.303,0.0,89908.0,5411.0,45.0,126.661,9663564549.0
919.402,0.0,89908.0,5411.0,45.0,126.697,9663577223.0
919.502,0.0,89908.0,5411.0,45.0,126.745,9663589885.0
919.603,0.0,89908.0,5411.0,45.0,126.723,9663602537.0
919.703,0.0,89908.0,5411.0,45.0,126.734,9663615223.0
919.803,0.0,89908.0,5411.0,45.0,126.694,9663627877.0
919.902,0.0,89908.0,5411.0,45.0,126.678,9663640514.0
920.002,0.0,89908.0,5411.0,45.0,126.671,9663653188.0
920.102,0.0,89908.0,5411.0,45.0,126.672,9663665842.0
920.202,0.0,89908.0,5411.0,45.0,126.693,9663678495.0
920.302,0.0,89908.0,5411.0,45.0,126.687,9663703832.0
920.401,0.0,89908.0,5411.0,45.0,126.669,9663716503.0
920.502,0.0,89908.0,5411.0,45.0,126.666,9663729159.0
920.602,0.0,89908.0,5411.0,45.0,126.68,9663741825.0
920.702,0.0,89908.0,5411.0,45.0,126.645,9663754419.0
920.802,0.0,89908.0,5411.0,45.0,126.611,9663767096.0
920.902,0.0,89908.0,5411.0,45.0,126.638,9663779768.0
921.002,0.0,89908.0,5411.0,45.0,126.653,9663792443.0
921.102,0.0,89908.0,5411.0,45.0,126.678,9663805109.0
921.202,0.0,89908.0,5411.0,45.0,126.653,9663817764.0
921.303,0.0,89908.0,5411.0,45.0,126.655,9663830425.0
921.403,0.0,89908.0,5411.0,45.0,126.631,9663843059.0
921.503,0.0,89908.0,5411.0,45.0,126.628,9663855734.0
921.602,0.0,89908.0,5411.0,45.0,126.655,9663868396.0
921.702,0.0,89908.0,5411.0,45.0,126.695,9663881061.0
921.802,0.0,89908.0,5411.0,45.0,126.677,9663893703.0
921.902,0.0,89908.0,5411.0,45.0,126.677,9663906363.0
922.002,0.0,89908.0,5411.0,45.0,126.65,9663906363.0
922.102,0.0,89908.0,5411.0,45.0,126.643,9663919013.0
922.202,0.0,89908.0,5411.0,45.0,126.652,9663931694.0
922.302,0.0,89908.0,5411.0,45.0,126.658,9663944351.0
922.402,0.0,89908.0,5411.0,45.0,126.664,9663956993.0
922.502,0.0,89908.0,5411.0,45.0,126.683,9663969629.0
922.602,0.0,89908.0,5411.0,45.0,126.69,9663982333.0
922.702,0.0,89908.0,5411.0,45.0,126.665,9663994978.0
922.802,0.0,89908.0,5411.0,45.0,126.63,9664007593.0
922.902,0.0,89908.0,5411.0,45.0,126.639,9664020249.0
923.002,0.0,89908.0,5411.0,45.0,126.612,9664032887.0
923.102,0.0,89908.0,5411.0,45.0,126.586,9664045531.0
923.202,0.0,89908.0,5411.0,45.0,126.579,9664070837.0
923.303,0.0,89908.0,5411.0,45.0,126.57,9664083483.0
923.402,0.0,89908.0,5411.0,45.0,126.599,9664096172.0
923.502,0.0,89908.0,5411.0,45.0,126.584,9664108800.0
923.601,0.0,89908.0,5411.0,45.0,126.555,9664121461.0
923.701,0.0,89908.0,5411.0,45.0,126.583,9664134089.0
923.803,0.0,89908.0,5411.0,45.0,126.608,9664146756.0
923.902,0.0,89908.0,5411.0,45.0,126.587,9664159400.0
924.002,0.0,89908.0,5411.0,45.0,126.62,9664172059.0
924.103,0.0,89908.0,5411.0,45.0,126.6,9664184684.0
924.203,0.0,89908.0,5411.0,45.0,126.576,9664197340.0
924.303,0.0,89908.0,5411.0,45.0,126.529,9664209966.0
924.402,0.0,89908.0,5411.0,45.0,126.533,9664222603.0
924.502,0.0,89908.0,5411.0,45.0,126.556,9664235305.0
924.602,0.0,89908.0,5411.0,45.0,126.558,9664247942.0
924.702,0.0,89908.0,5411.0,45.0,126.554,9664260603.0
924.802,0.0,89908.0,5411.0,45.0,126.554,9664260603.0
924.902,0.0,89908.0,5411.0,45.0,126.556,9664273279.0
925.003,0.0,89908.0,5411.0,45.0,126.571,9664285922.0
925.102,0.0,89908.0,5411.0,45.0,126.548,9664298560.0
925.202,0.0,89908.0,5411.0,45.0,126.588,9664311233.0
925.303,0.0,89908.0,5411.0,45.0,126.654,9664323911.0
925.402,0.0,89908.0,5411.0,45.0,126.666,9664336567.0
925.502,0.0,89908.0,5411.0,45.0,126.635,9664349193.0
925.602,0.0,89908.0,5411.0,45.0,126.569,9664361802.0
925.703,0.0,89908.0,5411.0,45.0,126.565,9664374417.0
925.803,0.0,89908.0,5411.0,45.0,126.491,9664387018.0
925.903,0.0,89908.0,5411.0,45.0,126.487,9664399659.0
926.002,0.0,89908.0,5411.0,45.0,126.469,9664424931.0
926.102,0.0,89908.0,5411.0,45.0,126.484,9664437582.0
926.202,0.0,89908.0,5411.0,45.0,126.443,9664450255.0
926.302,0.0,89908.0,5411.0,45.0,126.419,9664462869.0
926.402,0.0,89908.0,5411.0,45.0,126.417,9664475531.0
926.502,0.0,89908.0,5411.0,45.0,126.431,9664488192.0
926.603,0.0,89908.0,5411.0,45.0,126.472,9664500855.0
926.702,0.0,89908.0,5411.0,45.0,126.516,9664513464.0
926.802,0.0,89908.0,5411.0,45.0,126.527,9664526126.0
926.902,0.0,89908.0,5411.0,45.0,126.536,9664538764.0
927.002,0.0,89908.0,5411.0,45.0,126.546,9664551420.0
927.102,0.0,89908.0,5411.0,45.0,126.536,9664564078.0
927.202,0.0,89908.0,5411.0,45.0,126.524,9664576711.0
927.302,0.0,89908.0,5411.0,45.0,126.515,9664589344.0
927.403,0.0,89908.0,5411.0,45.0,126.452,9664601951.0
927.502,0.0,89908.0,5411.0,45.0,126.428,9664614567.0
927.603,0.0,89908.0,5411.0,45.0,126.428,9664614567.0
927.702,0.0,89908.0,5411.0,45.0,126.463,9664627241.0
927.802,0.0,89908.0,5411.0,45.0,126.478,9664639901.0
927.902,0.0,89908.0,5411.0,45.0,126.476,9664652551.0
928.002,0.0,89908.0,5411.0,45.0,126.513,9664665198.0
928.102,0.0,89908.0,5411.0,45.0,126.495,9664677836.0
928.203,0.0,89908.0,5411.0,45.0,126.503,9664690495.0
928.303,0.0,89908.0,5411.0,45.0,126.489,9664703124.0
928.402,0.0,89908.0,5411.0,45.0,126.533,9664715762.0
928.502,0.0,89908.0,5411.0,45.0,126.558,9664728396.0
928.602,0.0,89908.0,5411.0,45.0,126.551,9664741040.0
928.702,0.0,89908.0,5411.0,45.0,126.537,9664753670.0
928.803,0.0,89908.0,5411.0,45.0,126.534,9664778986.0
928.903,0.0,89908.0,5411.0,45.0,126.511,9664791617.0
929.002,0.0,89908.0,5411.0,45.0,126.491,9664804249.0
929.103,0.0,89908.0,5411.0,45.0,126.477,9664816882.0
929.202,0.0,89908.0,5411.0,45.0,126.459,9664829524.0
929.303,0.0,89908.0,5411.0,45.0,126.475,9664842174.0
929.402,0.0,89908.0,5411.0,45.0,126.49,9664854825.0
929.502,0.0,89908.0,5411.0,45.0,126.482,9664867470.0
929.602,0.0,89908.0,5411.0,45.0,126.488,9664880101.0
929.702,0.0,89908.0,5411.0,45.0,126.485,9664892710.0
929.803,0.0,89908.0,5411.0,45.0,126.435,9664905329.0
929.903,0.0,89908.0,5411.0,45.0,126.433,9664917950.0
930.002,0.0,89908.0,5411.0,45.0,126.456,9664930597.0
930.103,0.0,89908.0,5411.0,45.0,126.427,9664943250.0
930.202,0.0,89908.0,5411.0,45.0,126.392,9664955851.0
930.302,0.0,89908.0,5411.0,45.0,126.392,9664968481.0
930.402,0.0,89908.0,5411.0,45.0,126.364,9664968481.0
930.502,0.0,89908.0,5411.0,45.0,126.364,9664981127.0
930.602,0.0,89908.0,5411.0,45.0,126.402,9664993788.0
930.703,0.0,89908.0,5411.0,45.0,126.413,9665006464.0
930.803,0.0,89908.0,5411.0,45.0,126.444,9665019081.0
930.903,0.0,89908.0,5411.0,45.0,126.46,9665031735.0
931.003,0.0,89908.0,5411.0,45.0,126.482,9665044373.0
931.102,0.0,89908.0,5411.0,45.0,126.471,9665057020.0
931.203,0.0,89908.0,5411.0,45.0,126.466,9665069658.0
931.302,0.0,89908.0,5411.0,45.0,126.531,9665082315.0
931.402,0.0,89908.0,5411.0,45.0,126.527,9665094943.0
931.502,0.0,89908.0,5411.0,45.0,126.532,9665107556.0
931.602,0.0,89908.0,5411.0,45.0,126.512,9665132878.0
931.702,0.0,89908.0,5411.0,45.0,126.509,9665145489.0
931.802,0.0,89908.0,5411.0,45.0,126.486,9665158121.0
931.902,0.0,89908.0,5411.0,45.0,126.451,9665170753.0
932.002,0.0,89908.0,5411.0,45.0,126.425,9665183372.0
932.103,0.0,89908.0,5411.0,45.0,126.425,9665195996.0
932.201,0.0,89908.0,5411.0,45.0,126.382,9665208646.0
932.302,0.0,89908.0,5411.0,45.0,126.403,9665221311.0
932.403,0.0,89908.0,5411.0,45.0,126.463,9665233973.0
932.502,0.0,89908.0,5411.0,45.0,126.472,9665246617.0
932.602,0.0,89908.0,5411.0,45.0,126.455,9665259280.0
932.703,0.0,89908.0,5411.0,45.0,126.482,9665271914.0
932.803,0.0,89908.0,5411.0,45.0,126.499,9665284568.0
932.903,0.0,89908.0,5411.0,45.0,126.516,9665297192.0
933.002,0.0,89908.0,5411.0,45.0,126.498,9665309816.0
933.103,0.0,89908.0,5411.0,45.0,126.498,9665322456.0
933.203,0.0,89908.0,5411.0,45.0,126.557,9665322456.0
933.303,0.0,89908.0,5411.0,45.0,126.536,9665335108.0
933.403,0.0,89908.0,5411.0,45.0,126.468,9665347724.0
933.502,0.0,89908.0,5411.0,45.0,126.438,9665360353.0
933.603,0.0,89908.0,5411.0,45.0,126.419,9665372988.0
933.702,0.0,89908.0,5411.0,45.0,126.349,9665385565.0
933.803,0.0,89908.0,5411.0,45.0,126.353,9665398206.0
933.903,0.0,89908.0,5411.0,45.0,126.37,9665410865.0
934.003,0.0,89908.0,5411.0,45.0,126.386,9665423503.0
934.102,0.0,89908.0,5411.0,45.0,126.366,9665436101.0
934.202,0.0,89908.0,5411.0,45.0,126.375,9665448748.0
934.302,0.0,89908.0,5411.0,45.0,126.372,9665474040.0
934.402,0.0,89908.0,5411.0,45.0,126.412,9665486700.0
934.502,0.0,89908.0,5411.0,45.0,126.435,9665499341.0
934.603,0.0,89908.0,5411.0,45.0,126.456,9665511973.0
934.702,0.0,89908.0,5411.0,45.0,126.532,9665524655.0
934.802,0.0,89908.0,5411.0,45.0,126.542,9665537296.0
934.902,0.0,89908.0,5411.0,45.0,126.512,9665549924.0
935.002,0.0,89908.0,5411.0,45.0,126.508,9665562552.0
935.103,0.0,89908.0,5411.0,45.0,126.523,9665575169.0
935.202,0.0,89908.0,5411.0,45.0,126.489,9665587818.0
935.302,0.0,89908.0,5411.0,45.0,126.506,9665600479.0
935.403,0.0,89908.0,5411.0,45.0,126.516,9665613118.0
935.502,0.0,89908.0,5411.0,45.0,126.492,9665625762.0
935.602,0.0,89908.0,5411.0,45.0,126.477,9665638402.0
935.702,0.0,89908.0,5411.0,45.0,126.495,9665651047.0
935.803,0.0,89908.0,5411.0,45.0,126.482,9665663690.0
935.903,0.0,89908.0,5411.0,45.0,126.469,9665676301.0
936.002,0.0,89908.0,5411.0,45.0,126.457,9665688924.0
936.102,0.0,89908.0,5411.0,45.0,126.496,9665701543.0
936.202,0.0,89908.0,5411.0,45.0,126.454,9665701543.0
936.303,0.0,89908.0,5411.0,45.0,126.427,9665714165.0
936.402,0.0,89908.0,5411.0,45.0,126.396,9665726791.0
936.502,0.0,89908.0,5411.0,45.0,126.359,9665739414.0
936.603,0.0,89908.0,5411.0,45.0,126.337,9665752022.0
936.703,0.0,89908.0,5411.0,45.0,126.323,9665764654.0
936.802,0.0,89908.0,5411.0,45.0,126.283,9665777282.0
936.903,0.0,89908.0,5411.0,45.0,126.271,9665789882.0
937.002,0.0,89908.0,5411.0,45.0,126.289,9665802517.0
937.102,0.0,89908.0,5411.0,45.0,126.271,9665815142.0
937.203,0.0,89908.0,5411.0,45.0,126.295,9665827786.0
937.303,0.0,89908.0,5411.0,45.0,126.26,9665840367.0
937.401,0.0,89908.0,5411.0,45.0,126.296,9665865648.0
937.501,0.0,89908.0,5411.0,45.0,126.317,9665878274.0
937.603,0.0,89908.0,5411.0,45.0,126.321,9665890886.0
937.703,0.0,89908.0,5411.0,45.0,126.291,9665903515.0
937.801,0.0,89908.0,5411.0,45.0,126.32,9665916163.0
937.902,0.0,89908.0,5411.0,45.0,126.325,9665928771.0
938.002,0.0,89908.0,5411.0,45.0,126.306,9665941388.0
938.103,0.0,89908.0,5411.0,45.0,126.289,9665954025.0
938.203,0.0,89908.0,5411.0,45.0,126.279,9665966669.0
938.303,0.0,89908.0,5411.0,45.0,126.342,9665979294.0
938.402,0.0,89908.0,5411.0,45.0,126.34,9665991926.0
938.510,0.0,89908.0,5411.0,45.0,126.376,9666004592.0
938.602,0.0,89908.0,5411.0,45.0,126.376,9666017228.0
938.702,0.0,89908.0,5411.0,45.0,126.426,9666029831.0
938.802,0.0,89908.0,5411.0,45.0,126.412,9666042482.0
938.902,0.0,89908.0,5411.0,45.0,126.412,9666055099.0
939.002,0.0,89908.0,5411.0,45.0,126.419,9666055099.0
939.102,0.0,89908.0,5411.0,45.0,126.441,9666067727.0
939.203,0.0,89908.0,5411.0,45.0,126.443,9666080381.0
939.303,0.0,89908.0,5411.0,45.0,126.452,9666093017.0
939.403,0.0,89908.0,5411.0,45.0,126.497,9666105699.0
939.502,0.0,89908.0,5411.0,45.0,126.468,9666118336.0
939.602,0.0,89908.0,5411.0,45.0,126.468,9666130982.0
939.702,0.0,89908.0,5411.0,45.0,126.514,9666143654.0
939.803,0.0,89908.0,5411.0,45.0,126.52,9666156287.0
939.902,0.0,89908.0,5411.0,45.0,126.508,9666168932.0
940.002,0.0,89908.0,5411.0,45.0,126.542,9666181583.0
940.102,0.0,89908.0,5411.0,45.0,126.554,9666194226.0
940.203,0.0,89908.0,5411.0,45.0,126.547,9666219508.0
940.302,0.0,89908.0,5411.0,45.0,126.55,9666232137.0
940.402,0.0,89908.0,5411.0,45.0,126.499,9666244777.0
940.502,0.0,89908.0,5411.0,45.0,126.506,9666257425.0
940.601,0.0,89908.0,5411.0,45.0,126.495,9666270065.0
940.701,0.0,89908.0,5411.0,45.0,126.462,9666282698.0
940.801,0.0,89908.0,5411.0,45.0,126.463,9666295313.0
940.901,0.0,89908.0,5411.0,45.0,126.419,9666307935.0
941.002,0.0,89908.0,5411.0,45.0,126.414,9666320542.0
941.102,0.0,89908.0,5411.0,45.0,126.341,9666333150.0
941.202,0.0,89908.0,5411.0,45.0,126.305,9666345788.0
941.302,0.0,89908.0,5411.0,45.0,126.343,9666358417.0
941.402,0.0,89908.0,5411.0,45.0,126.354,9666371074.0
941.502,0.0,89908.0,5411.0,45.0,126.338,9666383731.0
941.602,0.0,89908.0,5411.0,45.0,126.346,9666396352.0
941.702,0.0,89908.0,5411.0,45.0,126.346,9666408981.0
941.803,0.0,89908.0,5411.0,45.0,126.333,9666408981.0
941.902,0.0,89908.0,5411.0,45.0,126.363,9666421614.0
942.002,0.0,89908.0,5411.0,45.0,126.339,9666434219.0
942.102,0.0,89908.0,5411.0,45.0,126.351,9666446824.0
942.203,0.0,89908.0,5411.0,45.0,126.358,9666459416.0
942.302,0.0,89908.0,5411.0,45.0,126.317,9666472063.0
942.403,0.0,89908.0,5411.0,45.0,126.289,9666484663.0
942.502,0.0,89908.0,5411.0,45.0,126.243,9666497261.0
942.602,0.0,89908.0,5411.0,45.0,126.249,9666509890.0
942.702,0.0,89908.0,5411.0,45.0,126.244,9666522527.0
942.803,0.0,89908.0,5411.0,45.0,126.248,9666535144.0
942.903,0.0,89908.0,5411.0,45.0,126.249,9666547784.0
943.002,0.0,89908.0,5411.0,45.0,126.274,9666573038.0
943.102,0.0,89908.0,5411.0,45.0,126.305,9666585654.0
943.202,0.0,89908.0,5411.0,45.0,126.305,9666598314.0
943.302,0.0,89908.0,5411.0,45.0,126.352,9666610955.0
943.402,0.0,89908.0,5411.0,45.0,126.384,9666623591.0
943.502,0.0,89908.0,5411.0,45.0,126.439,9666636259.0
943.602,0.0,89908.0,5411.0,45.0,126.423,9666648891.0
943.703,0.0,89908.0,5411.0,45.0,126.429,9666661506.0
943.802,0.0,89908.0,5411.0,45.0,126.41,9666674126.0
943.902,0.0,89908.0,5411.0,45.0,126.369,9666686755.0
944.002,0.0,89908.0,5411.0,45.0,126.409,9666699382.0
944.103,0.0,89908.0,5411.0,45.0,126.399,9666712001.0
944.202,0.0,89908.0,5411.0,45.0,126.4,9666724672.0
944.302,0.0,89908.0,5411.0,45.0,126.395,9666737292.0
944.402,0.0,89908.0,5411.0,45.0,126.389,9666749921.0
944.502,0.0,89908.0,5411.0,45.0,126.345,9666762561.0
944.603,0.0,89908.0,5411.0,45.0,126.345,9666775183.0
944.702,0.0,89908.0,5411.0,45.0,126.316,9666775183.0
944.802,0.0,89908.0,5411.0,45.0,126.334,9666787791.0
944.902,0.0,89908.0,5411.0,45.0,126.338,9666800436.0
945.002,0.0,89908.0,5411.0,45.0,126.389,9666813051.0
945.102,0.0,89908.0,5411.0,45.0,126.377,9666825714.0
945.203,0.0,89908.0,5411.0,45.0,126.383,9666838333.0
945.302,0.0,89908.0,5411.0,45.0,126.358,9666850964.0
945.402,0.0,89908.0,5411.0,45.0,126.347,9666863607.0
945.503,0.0,89908.0,5411.0,45.0,126.352,9666876210.0
945.602,0.0,89908.0,5411.0,45.0,126.383,9666888849.0
945.702,0.0,89908.0,5411.0,45.0,126.395,9666901487.0
945.803,0.0,89908.0,5411.0,45.0,126.395,9666914114.0
945.903,0.0,89908.0,5411.0,45.0,126.401,9666939405.0
946.002,0.0,89908.0,5411.0,45.0,126.381,9666952037.0
946.103,0.0,89908.0,5411.0,45.0,126.378,9666964655.0
946.202,0.0,89908.0,5411.0,45.0,126.366,9666977273.0
946.302,0.0,89908.0,5411.0,45.0,126.371,9666989912.0
946.402,0.0,89908.0,5411.0,45.0,126.409,9667002550.0
946.502,0.0,89908.0,5411.0,45.0,126.391,9667015183.0
946.603,0.0,89908.0,5411.0,45.0,126.394,9667027824.0
946.703,0.0,89908.0,5411.0,45.0,126.41,9667040459.0
946.803,0.0,89908.0,5411.0,45.0,126.385,9667053076.0
946.902,0.0,89908.0,5411.0,45.0,126.385,9667065693.0
947.002,0.0,89908.0,5411.0,45.0,126.357,9667078310.0
947.102,0.0,89908.0,5411.0,45.0,126.392,9667090964.0
947.203,0.0,89908.0,5411.0,45.0,126.374,9667103594.0
947.302,0.0,89908.0,5411.0,45.0,126.395,9667116263.0
947.402,0.0,89908.0,5411.0,45.0,126.395,9667128912.0
947.502,0.0,89908.0,5411.0,45.0,126.427,9667128912.0
947.603,0.0,89908.0,5411.0,45.0,126.445,9667141546.0
947.702,0.0,89908.0,5411.0,45.0,126.432,9667154174.0
947.802,0.0,89908.0,5411.0,45.0,126.393,9667166784.0
947.902,0.0,89908.0,5411.0,45.0,126.418,9667179397.0
948.001,0.0,89908.0,5411.0,45.0,126.47,9667192052.0
948.103,0.0,89908.0,5411.0,45.0,126.452,9667204706.0
948.202,0.0,89908.0,5411.0,45.0,126.474,9667217324.0
948.302,0.0,89908.0,5411.0,45.0,126.462,9667229961.0
948.403,0.0,89908.0,5411.0,45.0,126.442,9667242604.0
948.500,0.0,89908.0,5411.0,45.0,126.434,9667255234.0
948.602,0.0,89908.0,5411.0,45.0,126.425,9667267859.0
948.702,0.0,89908.0,5411.0,45.0,126.447,9667280499.0
948.802,0.0,89908.0,5411.0,45.0,126.431,9667305744.0
948.902,0.0,89908.0,5411.0,45.0,126.414,9667318384.0
949.002,0.0,89908.0,5411.0,45.0,126.406,9667331018.0
949.102,0.0,89908.0,5411.0,45.0,126.345,9667343591.0
949.202,0.0,89908.0,5411.0,45.0,126.319,9667356195.0
949.302,0.0,89908.0,5411.0,45.0,126.343,9667368837.0
949.402,0.0,89908.0,5411.0,45.0,126.334,9667381454.0
949.503,0.0,89908.0,5411.0,45.0,126.332,9667394095.0
949.602,0.0,89908.0,5411.0,45.0,126.344,9667406718.0
949.703,0.0,89908.0,5411.0,45.0,126.311,9667419341.0
949.803,0.0,89908.0,5411.0,45.0,126.357,9667431988.0
949.902,0.0,89908.0,5411.0,45.0,126.392,9667444636.0
950.003,0.0,89908.0,5411.0,45.0,126.355,9667457266.0
950.103,0.0,89908.0,5411.0,45.0,126.395,9667469875.0
950.203,0.0,89908.0,5411.0,45.0,126.412,9667482515.0
950.302,0.0,89908.0,5411.0,45.0,126.391,9667495118.0
950.402,0.0,89908.0,5411.0,45.0,126.367,9667507753.0
950.502,0.0,89908.0,5411.0,45.0,126.322,9667520340.0
950.603,0.0,89908.0,5411.0,45.0,126.322,9667520340.0
950.703,0.0,89908.0,5411.0,45.0,126.29,9667532951.0
950.803,0.0,89908.0,5411.0,45.0,126.297,9667545558.0
950.902,0.0,89908.0,5411.0,45.0,126.287,9667558170.0
951.003,0.0,89908.0,5411.0,45.0,126.221,9667570792.0
951.102,0.0,89908.0,5411.0,45.0,126.22,9667583396.0
951.202,0.0,89908.0,5411.0,45.0,126.238,9667596025.0
951.303,0.0,89908.0,5411.0,45.0,126.25,9667608681.0
951.402,0.0,89908.0,5411.0,45.0,126.235,9667621305.0
951.503,0.0,89908.0,5411.0,45.0,126.204,9667633883.0
951.603,0.0,89908.0,5411.0,45.0,126.158,9667646443.0
951.703,0.0,89908.0,5411.0,45.0,126.113,9667659014.0
951.803,0.0,89908.0,5411.0,45.0,126.037,9667671549.0
951.902,0.0,89908.0,5411.0,45.0,125.967,9667696623.0
952.003,0.0,89908.0,5411.0,45.0,125.874,9667709154.0
952.103,0.0,89908.0,5411.0,45.0,125.787,9667721673.0
952.201,0.0,89908.0,5411.0,45.0,125.661,9667734195.0
952.302,0.0,89908.0,5411.0,45.0,125.56,9667746740.0
952.402,0.0,89908.0,5411.0,45.0,125.485,9667759288.0
952.503,0.0,89908.0,5411.0,45.0,125.479,9667771825.0
952.602,0.0,89908.0,5411.0,45.0,125.44,9667784383.0
952.703,0.0,89908.0,5411.0,45.0,125.45,9667796954.0
952.802,0.0,89908.0,5411.0,45.0,125.485,9667809523.0
952.902,0.0,89908.0,5411.0,45.0,125.485,9667822059.0
953.002,0.0,89908.0,5411.0,45.0,125.503,9667834603.0
953.103,0.0,89908.0,5411.0,45.0,125.514,9667847147.0
953.202,0.0,89908.0,5411.0,45.0,125.567,9667859684.0
953.301,0.0,89908.0,5411.0,45.0,125.537,9667872208.0
953.403,0.0,89908.0,5411.0,45.0,125.537,9667884738.0
953.502,0.0,89908.0,5411.0,45.0,125.537,9667884738.0
953.602,0.0,89908.0,5411.0,45.0,125.502,9667897254.0
953.703,0.0,89908.0,5411.0,45.0,125.499,9667909813.0
953.802,0.0,89908.0,5411.0,45.0,125.474,9667922326.0
953.902,0.0,89908.0,5411.0,45.0,125.401,9667934834.0
954.002,0.0,89908.0,5411.0,45.0,125.381,9667947368.0
954.103,0.0,89908.0,5411.0,45.0,125.387,9667959882.0
954.202,0.0,89908.0,5411.0,45.0,125.354,9667972430.0
954.302,0.0,89908.0,5411.0,45.0,125.37,9667984957.0
954.402,0.0,89908.0,5411.0,45.0,125.348,9667997481.0
954.502,0.0,89908.0,5411.0,45.0,125.369,9668010000.0
954.602,0.0,89908.0,5411.0,45.0,125.398,9668022531.0
954.702,0.0,89908.0,5411.0,45.0,125.355,9668035075.0
954.802,0.0,89908.0,5411.0,45.0,125.396,9668060142.0
954.903,0.0,89908.0,5411.0,45.0,125.402,9668072681.0
955.003,0.0,89908.0,5411.0,45.0,125.416,9668085215.0
955.102,0.0,89908.0,5411.0,45.0,125.4,9668097730.0
955.203,0.0,89908.0,5411.0,45.0,125.372,9668110221.0
955.302,0.0,89908.0,5411.0,45.0,125.328,9668122744.0
955.402,0.0,89908.0,5411.0,45.0,125.328,9668135245.0
955.503,0.0,89908.0,5411.0,45.0,125.307,9668147776.0
955.602,0.0,89908.0,5411.0,45.0,125.296,9668160310.0
955.703,0.0,89908.0,5411.0,45.0,125.319,9668172868.0
955.802,0.0,89908.0,5411.0,45.0,125.321,9668185391.0
955.903,0.0,89908.0,5411.0,45.0,125.313,9668197915.0
956.003,0.0,89908.0,5411.0,45.0,125.281,9668210453.0
956.102,0.0,89908.0,5411.0,45.0,125.314,9668222994.0
956.202,0.0,89908.0,5411.0,45.0,125.34,9668235515.0
956.303,0.0,89908.0,5411.0,45.0,125.34,9668248060.0
956.402,0.0,89908.0,5411.0,45.0,125.37,9668248060.0
956.503,0.0,89908.0,5411.0,45.0,125.391,9668260593.0
956.602,0.0,89908.0,5411.0,45.0,125.444,9668273142.0
956.703,0.0,89908.0,5411.0,45.0,125.44,9668285663.0
956.802,0.0,89908.0,5411.0,45.0,125.429,9668298193.0
956.903,0.0,89908.0,5411.0,45.0,125.414,9668310730.0
957.003,0.0,89908.0,5411.0,45.0,125.424,9668323234.0
957.102,0.0,89908.0,5411.0,45.0,125.394,9668335758.0
957.203,0.0,89908.0,5411.0,45.0,125.363,9668348287.0
957.303,0.0,89908.0,5411.0,45.0,125.367,9668360790.0
957.402,0.0,89908.0,5411.0,45.0,125.353,9668373321.0
957.502,0.0,89908.0,5411.0,45.0,125.337,9668385845.0
957.603,0.0,89908.0,5411.0,45.0,125.33,9668410917.0
957.702,0.0,89908.0,5411.0,45.0,125.324,9668423441.0
957.802,0.0,89908.0,5411.0,45.0,125.323,9668435981.0
957.902,0.0,89908.0,5411.0,45.0,125.348,9668448508.0
958.002,0.0,89908.0,5411.0,45.0,125.336,9668461044.0
958.102,0.0,89908.0,5411.0,45.0,125.383,9668473609.0
958.202,0.0,89908.0,5411.0,45.0,125.445,9668486167.0
958.303,0.0,89908.0,5411.0,45.0,125.446,9668498697.0
958.403,0.0,89908.0,5411.0,45.0,125.451,9668511239.0
958.503,0.0,89908.0,5411.0,45.0,125.46,9668523791.0
958.603,0.0,89908.0,5411.0,45.0,125.435,9668536291.0
958.703,0.0,89908.0,5411.0,45.0,125.484,9668548834.0
958.803,0.0,89908.0,5411.0,45.0,125.437,9668561347.0
958.903,0.0,89908.0,5411.0,45.0,125.446,9668573891.0
959.003,0.0,89908.0,5411.0,45.0,125.436,9668586413.0
959.102,0.0,89908.0,5411.0,45.0,125.422,9668598944.0
959.202,0.0,89908.0,5411.0,45.0,125.422,9668598944.0
959.303,0.0,89908.0,5411.0,45.0,125.383,9668611468.0
959.403,0.0,89908.0,5411.0,45.0,125.391,9668624008.0
959.503,0.0,89908.0,5411.0,45.0,125.383,9668636539.0
959.603,0.0,89908.0,5411.0,45.0,125.368,9668649062.0
959.703,0.0,89908.0,5411.0,45.0,125.371,9668661589.0
959.803,0.0,89908.0,5411.0,45.0,125.374,9668674101.0
959.903,0.0,89908.0,5411.0,45.0,125.357,9668686646.0
960.001,0.0,89908.0,5411.0,45.0,125.368,9668699156.0
960.103,0.0,89908.0,5411.0,45.0,125.361,9668711704.0
960.203,0.0,89908.0,5411.0,45.0,125.375,9668724239.0
960.303,0.0,89908.0,5411.0,45.0,125.338,9668736763.0
960.402,0.0,89908.0,5411.0,45.0,125.344,9668761822.0
960.503,0.0,89908.0,5411.0,45.0,125.345,9668774341.0
960.602,0.0,89908.0,5411.0,45.0,125.327,9668786848.0
960.702,0.0,89908.0,5411.0,45.0,125.339,9668799363.0
960.802,0.0,89908.0,5411.0,45.0,125.325,9668811891.0
960.903,0.0,89908.0,5411.0,45.0,125.349,9668824438.0
961.002,0.0,89908.0,5411.0,45.0,125.337,9668836962.0
961.103,0.0,89908.0,5411.0,45.0,125.3,9668849472.0
961.202,0.0,89908.0,5411.0,45.0,125.311,9668861999.0
961.303,0.0,89908.0,5411.0,45.0,125.311,9668874526.0
961.402,0.0,89908.0,5411.0,45.0,125.34,9668887067.0
961.503,0.0,89908.0,5411.0,45.0,125.322,9668899595.0
961.602,0.0,89908.0,5411.0,45.0,125.332,9668912104.0
961.703,0.0,89908.0,5411.0,45.0,125.325,9668924609.0
961.803,0.0,89908.0,5411.0,45.0,125.324,9668937147.0
961.903,0.0,89908.0,5411.0,45.0,125.315,9668949669.0
962.002,0.0,89908.0,5411.0,45.0,125.288,9668962177.0
962.103,0.0,89908.0,5411.0,45.0,125.288,9668974707.0
962.203,0.0,89908.0,5411.0,45.0,125.325,9668974707.0
962.302,0.0,89908.0,5411.0,45.0,125.302,9668987228.0
962.403,0.0,89908.0,5411.0,45.0,125.294,9668999738.0
962.502,0.0,89908.0,5411.0,45.0,125.261,9669012275.0
962.602,0.0,89908.0,5411.0,45.0,125.307,9669024825.0
962.702,0.0,89908.0,5411.0,45.0,125.347,9669037374.0
962.803,0.0,89908.0,5411.0,45.0,125.345,9669049896.0
962.903,0.0,89908.0,5411.0,45.0,125.37,9669062424.0
963.003,0.0,89908.0,5411.0,45.0,125.396,9669074958.0
963.102,0.0,89908.0,5411.0,45.0,125.388,9669087479.0
963.202,0.0,89908.0,5411.0,45.0,125.396,9669100008.0
963.303,0.0,89908.0,5411.0,45.0,125.409,9669112540.0
963.402,0.0,89908.0,5411.0,45.0,125.402,9669137578.0
963.502,0.0,89908.0,5411.0,45.0,125.38,9669150103.0
963.602,0.0,89908.0,5411.0,45.0,125.345,9669162625.0
963.702,0.0,89908.0,5411.0,45.0,125.316,9669175134.0
963.802,0.0,89908.0,5411.0,45.0,125.339,9669187664.0
963.902,0.0,89908.0,5411.0,45.0,125.346,9669200223.0
964.001,0.0,89908.0,5411.0,45.0,125.341,9669212749.0
964.101,0.0,89908.0,5411.0,45.0,125.316,9669225256.0
964.202,0.0,89908.0,5411.0,45.0,125.352,9669237807.0
964.302,0.0,89908.0,5411.0,45.0,125.381,9669250370.0
964.403,0.0,89908.0,5411.0,45.0,125.384,9669262893.0
964.503,0.0,89908.0,5411.0,45.0,125.37,9669275421.0
964.602,0.0,89908.0,5411.0,45.0,125.356,9669287930.0
964.702,0.0,89908.0,5411.0,45.0,125.389,9669300449.0
964.802,0.0,89908.0,5411.0,45.0,125.37,9669312974.0
964.902,0.0,89908.0,5411.0,45.0,125.368,9669325521.0
965.002,0.0,89908.0,5411.0,45.0,125.374,9669338061.0
965.102,0.0,89908.0,5411.0,45.0,125.374,9669338061.0
965.202,0.0,89908.0,5411.0,45.0,125.377,9669350566.0
965.302,0.0,89908.0,5411.0,45.0,125.344,9669363096.0
965.402,0.0,89908.0,5411.0,45.0,125.332,9669375628.0
965.502,0.0,89908.0,5411.0,45.0,125.301,9669388147.0
965.604,0.0,89908.0,5411.0,45.0,125.306,9669400703.0
965.702,0.0,89908.0,5411.0,45.0,125.371,9669413228.0
965.802,0.0,89908.0,5411.0,45.0,125.379,9669425765.0
965.903,0.0,89908.0,5411.0,45.0,125.365,9669438295.0
966.002,0.0,89908.0,5411.0,45.0,125.391,9669450831.0
966.103,0.0,89908.0,5411.0,45.0,125.396,9669463368.0
966.201,0.0,89908.0,5411.0,45.0,125.4,9669475893.0
966.301,1.0,89908.0,5411.0,47.0,131.761,9669488409.0
966.401,1.0,89908.0,5411.0,46.0,137.112,9669525684.0
966.501,50.0,89908.0,5411.0,46.0,141.71,9669542876.0
966.601,50.0,89908.0,5411.0,46.0,146.386,9669559904.0
966.701,50.0,89908.0,5411.0,46.0,150.719,9669577673.0
966.801,50.0,89908.0,5411.0,46.0,155.762,9669594989.0
966.902,50.0,89908.0,5411.0,46.0,160.846,9669612208.0
967.003,50.0,89908.0,5411.0,46.0,165.764,9669629728.0
967.102,50.0,89908.0,5411.0,46.0,170.667,9669646904.0
967.203,50.0,89908.0,5411.0,46.0,174.311,9669663790.0
967.301,50.0,89908.0,5411.0,46.0,174.602,9669682196.0
967.402,50.0,89908.0,5411.0,46.0,174.368,9669699414.0
967.502,49.0,89908.0,5411.0,46.0,173.95,9669716343.0
967.602,49.0,89908.0,5411.0,46.0,173.848,9669733617.0
967.701,50.0,89908.0,5411.0,46.0,173.292,9669750504.0
967.801,50.0,89908.0,5411.0,46.0,172.343,9669767571.0
967.901,50.0,89908.0,5411.0,46.0,172.343,9669785838.0
968.001,50.0,89908.0,5411.0,46.0,173.544,9669785838.0
968.102,50.0,89908.0,5411.0,46.0,173.395,9669802833.0
968.202,50.0,89908.0,5411.0,46.0,173.645,9669820713.0
968.303,50.0,89908.0,5411.0,46.0,173.293,9669837821.0
968.401,50.0,89908.0,5411.0,46.0,173.647,9669855177.0
968.501,50.0,89908.0,5411.0,46.0,173.837,9669872491.0
968.601,50.0,89908.0,5411.0,46.0,174.45,9669890019.0
968.727,59.0,89908.0,5411.0,54.0,221.835,9670023984.0
968.803,59.0,89908.0,5411.0,54.0,221.835,9670023984.0
968.903,59.0,89908.0,5411.0,54.0,260.148,9670087504.0
969.003,100.0,89908.0,5411.0,57.0,305.129,9670128656.0
969.102,100.0,89908.0,5411.0,52.0,327.065,9670192190.0
969.202,64.0,89908.0,5411.0,58.0,372.424,9670246341.0
969.302,64.0,89908.0,5411.0,59.0,404.847,9670308720.0
969.403,76.0,89908.0,5411.0,60.0,454.996,9670356910.0
969.503,76.0,89908.0,5411.0,60.0,484.923,9670408080.0
969.602,83.0,89908.0,5411.0,59.0,511.732,9670455453.0
969.702,83.0,89908.0,5411.0,58.0,531.354,9670506191.0
969.801,80.0,89908.0,5411.0,61.0,529.303,9670556495.0
969.902,80.0,89908.0,5411.0,61.0,533.017,9670602966.0
970.002,88.0,89908.0,5411.0,60.0,517.671,9670602966.0
970.102,88.0,89908.0,5411.0,60.0,527.782,9670654826.0
970.202,80.0,89908.0,5411.0,58.0,514.654,9670704656.0
970.301,80.0,89908.0,5411.0,62.0,510.281,9670755030.0
970.402,80.0,89908.0,5411.0,61.0,500.127,9670804807.0
970.502,80.0,89908.0,5411.0,61.0,494.911,9670851451.0
970.602,82.0,89908.0,5411.0,60.0,496.1,9670903841.0
970.703,82.0,89908.0,5411.0,59.0,499.454,9670956275.0
970.801,62.0,89908.0,5411.0,55.0,434.187,9670972062.0
970.902,62.0,89908.0,5411.0,52.0,403.365,9671005513.0
971.003,0.0,89908.0,5411.0,51.0,401.555,9671055629.0
971.102,80.0,89908.0,5411.0,57.0,396.979,9671103497.0
971.202,80.0,89908.0,5411.0,60.0,397.907,9671154263.0
971.301,80.0,89908.0,5411.0,60.0,400.6,9671204075.0
971.403,80.0,89908.0,5411.0,60.0,400.452,9671250333.0
971.502,80.0,89908.0,5411.0,60.0,399.18,9671301451.0
971.602,82.0,89908.0,5411.0,60.0,397.103,9671353997.0
971.701,82.0,89908.0,5411.0,59.0,432.57,9671403113.0
971.801,80.0,89908.0,5411.0,62.0,432.57,9671454490.0
971.901,89.0,89908.0,5411.0,61.0,497.085,9671503220.0
972.002,89.0,89908.0,5411.0,61.0,497.764,9671554068.0
972.102,89.0,89908.0,5411.0,61.0,497.117,9671602192.0
972.202,80.0,89908.0,5411.0,60.0,499.706,9671652016.0
972.301,80.0,89908.0,5411.0,60.0,499.706,9671652016.0
972.403,82.0,89908.0,5411.0,61.0,502.892,9671703014.0
972.503,82.0,89908.0,5411.0,63.0,502.221,9671754857.0
972.602,82.0,89908.0,5411.0,62.0,500.445,9671803971.0
972.703,82.0,89908.0,5411.0,62.0,501.289,9671852722.0
972.802,83.0,89908.0,5411.0,62.0,497.768,9671901869.0
972.902,83.0,89908.0,5411.0,62.0,497.768,9671950968.0
973.001,84.0,89908.0,5411.0,62.0,498.765,9672001135.0
973.101,84.0,89908.0,5411.0,62.0,493.947,9672049602.0
973.201,81.0,89908.0,5411.0,60.0,494.427,9672098875.0
973.302,81.0,89908.0,5411.0,60.0,492.932,9672148069.0
973.401,84.0,89908.0,5411.0,61.0,491.556,9672243771.0
973.501,85.0,89908.0,5411.0,61.0,488.099,9672290261.0
973.603,85.0,89908.0,5411.0,60.0,483.368,9672334310.0
973.703,81.0,89908.0,5411.0,61.0,475.641,9672378937.0
973.802,81.0,89908.0,5411.0,60.0,473.909,9672424220.0
973.902,81.0,89908.0,5411.0,61.0,465.543,9672467337.0
974.002,81.0,89908.0,5411.0,60.0,462.494,9672512006.0
974.102,87.0,89908.0,5411.0,60.0,458.218,9672556847.0
974.203,87.0,89908.0,5411.0,60.0,450.143,9672599122.0
974.302,80.0,89908.0,5411.0,60.0,445.782,9672642740.0
974.402,80.0,89908.0,5411.0,59.0,440.142,9672683823.0
974.503,76.0,89908.0,5411.0,59.0,428.309,9672721555.0
974.602,76.0,89908.0,5411.0,59.0,425.857,9672763360.0
974.702,82.0,89908.0,5411.0,59.0,425.042,9672763360.0
974.803,82.0,89908.0,5411.0,58.0,418.975,9672806584.0
974.903,79.0,89908.0,5411.0,58.0,416.235,9672844478.0
975.003,79.0,89908.0,5411.0,58.0,407.605,9672885419.0
975.103,71.0,89908.0,5411.0,57.0,396.72,9672921091.0
975.202,71.0,89908.0,5411.0,56.0,387.612,9672955429.0
975.302,69.0,89908.0,5411.0,56.0,373.426,9672987818.0
975.402,69.0,89908.0,5411.0,56.0,362.746,9673016873.0
975.503,66.0,89908.0,5411.0,55.0,356.835,9673047582.0
975.603,66.0,89908.0,5411.0,55.0,347.625,9673077879.0
975.703,63.0,89908.0,5411.0,54.0,332.128,9673108999.0
975.803,63.0,89908.0,5411.0,54.0,316.633,9673161468.0
975.902,61.0,89908.0,5411.0,53.0,301.79,9673186919.0
976.002,61.0,89908.0,5411.0,53.0,296.188,9673215690.0
976.101,45.0,89908.0,5411.0,52.0,276.444,9673238869.0
976.202,45.0,89908.0,5411.0,51.0,263.688,9673252300.0
976.302,0.0,89908.0,5411.0,50.0,248.368,9673265479.0
976.403,0.0,89908.0,5411.0,49.0,231.296,9673278646.0
976.503,0.0,89908.0,5411.0,49.0,214.827,9673291663.0
976.602,0.0,89908.0,5411.0,49.0,195.386,9673304680.0
976.702,0.0,89908.0,5411.0,48.0,182.865,9673317730.0
976.802,0.0,89908.0,5411.0,48.0,169.581,9673330654.0
976.903,0.0,89908.0,5411.0,48.0,157.897,9673343622.0
977.002,0.0,89908.0,5411.0,48.0,157.897,9673356591.0
977.102,0.0,89908.0,5411.0,48.0,140.132,9673356591.0
977.202,0.0,89908.0,5411.0,47.0,131.095,9673369456.0
977.302,0.0,89908.0,5411.0,47.0,130.038,9673382257.0
977.403,0.0,89908.0,5411.0,47.0,129.698,9673395131.0
977.503,0.0,89908.0,5411.0,47.0,129.38,9673407951.0
977.603,0.0,89908.0,5411.0,47.0,129.145,9673420796.0
977.702,0.0,89908.0,5411.0,47.0,128.975,9673433551.0
977.802,0.0,89908.0,5411.0,47.0,128.695,9673446350.0
977.903,0.0,89908.0,5411.0,47.0,128.472,9673459063.0
978.002,0.0,89908.0,5411.0,47.0,128.221,9673471818.0
978.103,0.0,89908.0,5411.0,47.0,128.051,9673484570.0
978.203,0.0,89908.0,5411.0,46.0,127.955,9673497329.0
978.302,0.0,89908.0,5411.0,46.0,127.914,9673522849.0
978.402,0.0,89908.0,5411.0,46.0,127.802,9673535596.0
978.502,0.0,89908.0,5411.0,46.0,127.726,9673548325.0
978.601,0.0,89908.0,5411.0,46.0,127.586,9673561063.0
978.703,0.0,89908.0,5411.0,46.0,127.511,9673573791.0
978.803,0.0,89908.0,5411.0,46.0,127.519,9673586505.0
978.902,0.0,89908.0,5411.0,46.0,127.513,9673599251.0
979.002,0.0,89908.0,5411.0,46.0,131.17,9673614787.0
979.102,48.0,89908.0,5411.0,46.0,135.939,9673632058.0
979.203,48.0,89908.0,5411.0,47.0,140.761,9673649313.0
979.302,50.0,89908.0,5411.0,47.0,145.219,9673667081.0
979.402,50.0,89908.0,5411.0,47.0,150.192,9673685028.0
979.502,50.0,89908.0,5411.0,47.0,155.194,9673703038.0
979.602,50.0,89908.0,5411.0,47.0,159.036,9673720001.0
979.702,50.0,89908.0,5411.0,47.0,164.377,9673737900.0
979.802,50.0,89908.0,5411.0,47.0,164.377,9673737900.0
979.903,50.0,89908.0,5411.0,47.0,168.572,9673755110.0
980.003,51.0,89908.0,5411.0,47.0,172.705,9673773172.0
980.102,51.0,89908.0,5411.0,47.0,174.211,9673789715.0
980.202,50.0,89908.0,5411.0,47.0,174.264,9673807084.0
980.301,50.0,89908.0,5411.0,47.0,183.045,9673825240.0
980.402,52.0,89908.0,5411.0,51.0,208.22,9673871834.0
980.501,52.0,89908.0,5411.0,56.0,243.727,9673920408.0
980.602,58.0,89908.0,5411.0,56.0,286.476,9673977962.0
980.703,58.0,89908.0,5411.0,58.0,325.708,9674039049.0
980.802,83.0,89908.0,5411.0,57.0,348.628,9674084286.0
980.903,83.0,89908.0,5411.0,58.0,377.999,9674176668.0
981.001,83.0,89908.0,5411.0,58.0,411.309,9674222667.0
981.103,83.0,89908.0,5411.0,57.0,434.518,9674265761.0
981.202,83.0,89908.0,5411.0,58.0,482.784,9674310119.0
981.301,89.0,89908.0,5411.0,57.0,482.35,9674356162.0
981.403,89.0,89908.0,5411.0,59.0,481.985,9674403863.0
981.501,84.0,89908.0,5411.0,58.0,467.62,9674449363.0
981.602,84.0,89908.0,5411.0,59.0,456.56,9674495335.0
981.702,82.0,89908.0,5411.0,59.0,459.4,9674542693.0
981.802,82.0,89908.0,5411.0,58.0,461.469,9674592101.0
981.902,83.0,89908.0,5411.0,59.0,461.51,9674639834.0
982.002,83.0,89908.0,5411.0,59.0,459.841,9674684831.0
982.102,80.0,89908.0,5411.0,60.0,459.058,9674727842.0
982.201,80.0,89908.0,5411.0,58.0,460.422,9674773214.0
982.302,80.0,89908.0,5411.0,58.0,460.422,9674773214.0
982.403,84.0,89908.0,5411.0,60.0,460.092,9674818496.0
982.502,84.0,89908.0,5411.0,59.0,459.131,9674865359.0
982.602,81.0,89908.0,5411.0,58.0,455.668,9674907188.0
982.703,81.0,89908.0,5411.0,59.0,451.498,9674950228.0
982.802,75.0,89908.0,5411.0,59.0,442.598,9674988979.0
982.902,75.0,89908.0,5411.0,58.0,433.484,9675028618.0
983.002,80.0,89908.0,5411.0,58.0,429.112,9675071882.0
983.101,80.0,89908.0,5411.0,59.0,424.703,9675111796.0
983.201,76.0,89908.0,5411.0,58.0,419.71,9675150767.0
983.302,76.0,89908.0,5411.0,58.0,415.434,9675190064.0
983.402,79.0,89908.0,5411.0,58.0,408.123,9675271496.0
983.502,79.0,89908.0,5411.0,57.0,402.352,9675312232.0
983.602,78.0,89908.0,5411.0,57.0,402.353,9675352018.0
983.701,72.0,89908.0,5411.0,57.0,393.536,9675387527.0
983.801,72.0,89908.0,5411.0,56.0,387.362,9675420347.0
983.902,71.0,89908.0,5411.0,56.0,380.382,9675454655.0
984.001,71.0,89908.0,5411.0,56.0,377.301,9675491550.0
984.102,69.0,89908.0,5411.0,55.0,375.2,9675526545.0
984.202,69.0,89908.0,5411.0,55.0,367.204,9675560203.0
984.302,68.0,89908.0,5411.0,55.0,358.683,9675590794.0
984.403,68.0,89908.0,5411.0,54.0,354.051,9675626456.0
984.502,66.0,89908.0,5411.0,54.0,345.567,9675660354.0
984.603,66.0,89908.0,5411.0,54.0,336.601,9675688494.0
984.702,64.0,89908.0,5411.0,54.0,331.008,9675720453.0
984.802,64.0,89908.0,5411.0,54.0,331.008,9675748344.0
984.902,64.0,89908.0,5411.0,54.0,327.309,9675748344.0
985.002,62.0,89908.0,5411.0,53.0,322.112,9675777285.0
985.102,62.0,89908.0,5411.0,53.0,314.782,9675805714.0
985.202,61.0,89908.0,5411.0,53.0,306.648,9675833005.0
985.302,61.0,89908.0,5411.0,52.0,298.06,9675856944.0
985.403,60.0,89908.0,5411.0,52.0,290.575,9675881332.0
985.502,60.0,89908.0,5411.0,52.0,274.707,9675903352.0
985.603,60.0,89908.0,5411.0,51.0,267.14,9675925758.0
985.702,60.0,89908.0,5411.0,51.0,264.513,9675952185.0
985.801,58.0,89908.0,5411.0,51.0,257.318,9675974714.0
985.901,58.0,89908.0,5411.0,51.0,248.26,9675996389.0
986.001,15.0,89908.0,5411.0,50.0,231.847,9676025393.0
986.102,15.0,89908.0,5411.0,49.0,216.73,9676038242.0
986.202,0.0,89908.0,5411.0,48.0,202.641,9676051037.0
986.302,0.0,89908.0,5411.0,48.0,192.417,9676063682.0
986.402,0.0,89908.0,5411.0,48.0,181.238,9676076348.0
986.502,0.0,89908.0,5411.0,48.0,171.567,9676088979.0
986.602,0.0,89908.0,5411.0,47.0,162.655,9676101615.0
986.702,0.0,89908.0,5411.0,47.0,138.382,9676114211.0
986.802,0.0,89908.0,5411.0,47.0,130.205,9676126822.0
986.902,0.0,89908.0,5411.0,47.0,127.024,9676139422.0
987.002,0.0,89908.0,5411.0,47.0,126.617,9676151977.0
987.103,0.0,89908.0,5411.0,47.0,126.327,9676164511.0
987.203,0.0,89908.0,5411.0,47.0,126.07,9676177063.0
987.307,0.0,89908.0,5411.0,46.0,125.984,9676189606.0
987.403,0.0,89908.0,5411.0,46.0,125.852,9676202131.0
987.501,0.0,89908.0,5411.0,46.0,125.695,9676214647.0
987.602,0.0,89908.0,5411.0,46.0,125.56,9676227116.0
987.703,45.0,89908.0,5411.0,46.0,130.267,9676243516.0
987.801,45.0,89908.0,5411.0,46.0,130.267,9676260618.0
987.901,45.0,89908.0,5411.0,47.0,134.459,9676260618.0
988.003,49.0,89908.0,5411.0,47.0,139.539,9676277629.0
988.101,49.0,89908.0,5411.0,47.0,143.711,9676294881.0
988.203,50.0,89908.0,5411.0,47.0,149.544,9676312770.0
988.301,50.0,89908.0,5411.0,47.0,154.97,9676331268.0
988.401,50.0,89908.0,5411.0,47.0,159.607,9676348234.0
988.503,50.0,89908.0,5411.0,47.0,164.482,9676365302.0
988.601,50.0,89908.0,5411.0,47.0,168.623,9676383165.0
988.701,50.0,89908.0,5411.0,47.0,174.128,9676400199.0
988.802,51.0,89908.0,5411.0,47.0,175.029,9676418010.0
988.902,51.0,89908.0,5411.0,47.0,190.807,9676501475.0
989.002,53.0,89908.0,5411.0,53.0,226.73,9676551366.0
989.103,53.0,89908.0,5411.0,54.0,265.454,9676604902.0
989.201,80.0,89908.0,5411.0,55.0,296.975,9676651766.0
989.301,80.0,89908.0,5411.0,55.0,325.841,9676695756.0
989.401,79.0,89908.0,5411.0,57.0,350.918,9676744252.0
989.501,79.0,89908.0,5411.0,58.0,381.016,9676789473.0
989.601,77.0,89908.0,5411.0,58.0,409.098,9676837450.0
989.701,77.0,89908.0,5411.0,58.0,443.755,9676885848.0
989.801,87.0,89908.0,5411.0,59.0,477.135,9676935446.0
989.903,87.0,89908.0,5411.0,59.0,494.03,9676983457.0
990.001,81.0,89908.0,5411.0,59.0,486.414,9677029926.0
990.102,81.0,89908.0,5411.0,58.0,478.223,9677080482.0
990.203,76.0,89908.0,5411.0,59.0,479.59,9677131855.0
990.301,76.0,89908.0,5411.0,61.0,481.1,9677131855.0
990.401,77.0,89908.0,5411.0,61.0,487.543,9677180440.0
990.502,77.0,89908.0,5411.0,59.0,488.078,9677227475.0
990.603,78.0,89908.0,5411.0,59.0,492.328,9677279872.0
990.703,78.0,89908.0,5411.0,62.0,497.646,9677332269.0
990.803,78.0,89908.0,5411.0,61.0,501.766,9677385801.0
990.901,78.0,89908.0,5411.0,59.0,503.746,9677440054.0
991.001,81.0,89908.0,5411.0,63.0,504.521,9677489817.0
991.101,81.0,89908.0,5411.0,62.0,506.569,9677540199.0
991.202,81.0,89908.0,5411.0,62.0,504.362,9677637103.0
991.302,81.0,89908.0,5411.0,62.0,502.56,9677687178.0
991.403,81.0,89908.0,5411.0,62.0,504.556,9677737630.0
991.502,81.0,89908.0,5411.0,61.0,507.566,9677786316.0
991.603,81.0,89908.0,5411.0,61.0,504.601,9677836223.0
991.703,82.0,89908.0,5411.0,60.0,496.818,9677886340.0
991.803,82.0,89908.0,5411.0,60.0,493.581,9677936058.0
991.902,83.0,89908.0,5411.0,60.0,493.344,9677985412.0
992.004,83.0,89908.0,5411.0,60.0,492.31,9678036101.0
992.102,83.0,89908.0,5411.0,61.0,493.973,9678085836.0
992.203,83.0,89908.0,5411.0,60.0,496.065,9678134981.0
992.302,82.0,89908.0,5411.0,61.0,496.034,9678185635.0
992.402,82.0,89908.0,5411.0,60.0,495.987,9678234105.0
992.501,82.0,89908.0,5411.0,60.0,497.035,9678282274.0
992.602,82.0,89908.0,5411.0,60.0,497.035,9678282274.0
992.702,82.0,89908.0,5411.0,61.0,494.637,9678328799.0
992.802,82.0,89908.0,5411.0,61.0,492.493,9678377076.0
992.902,82.0,89908.0,5411.0,61.0,490.003,9678426924.0
993.002,78.0,89908.0,5411.0,62.0,487.949,9678472315.0
993.102,78.0,89908.0,5411.0,62.0,484.631,9678518486.0
993.202,83.0,89908.0,5411.0,60.0,484.055,9678567254.0
993.302,83.0,89908.0,5411.0,61.0,480.525,9678613832.0
993.402,84.0,89908.0,5411.0,61.0,474.478,9678658211.0
993.502,84.0,89908.0,5411.0,60.0,469.012,9678702458.0
993.603,77.0,89908.0,5411.0,61.0,469.785,9678750327.0
993.703,77.0,89908.0,5411.0,60.0,470.384,9678845291.0
993.802,80.0,89908.0,5411.0,61.0,468.851,9678889348.0
993.901,80.0,89908.0,5411.0,60.0,462.475,9678931872.0
994.001,83.0,89908.0,5411.0,61.0,457.484,9678973487.0
994.101,83.0,89908.0,5411.0,60.0,454.34,9679016274.0
994.201,79.0,89908.0,5411.0,59.0,446.375,9679058857.0
994.302,79.0,89908.0,5411.0,59.0,442.863,9679097272.0
994.401,79.0,89908.0,5411.0,60.0,428.291,9679133817.0
994.502,78.0,89908.0,5411.0,59.0,420.066,9679174154.0
994.601,78.0,89908.0,5411.0,58.0,418.48,9679218355.0
994.702,75.0,89908.0,5411.0,58.0,408.5,9679256262.0
994.802,75.0,89908.0,5411.0,57.0,403.37,9679293480.0
994.902,72.0,89908.0,5411.0,57.0,399.952,9679330615.0
995.002,72.0,89908.0,5411.0,57.0,394.906,9679368831.0
995.103,67.0,89908.0,5411.0,56.0,384.796,9679401094.0
995.203,67.0,89908.0,5411.0,56.0,384.796,9679401094.0
995.302,67.0,89908.0,5411.0,56.0,372.714,9679432349.0
995.403,66.0,89908.0,5411.0,55.0,363.315,9679464016.0
995.502,66.0,89908.0,5411.0,55.0,359.138,9679493126.0
995.603,63.0,89908.0,5411.0,55.0,349.505,9679524316.0
995.702,63.0,89908.0,5411.0,54.0,330.092,9679550881.0
995.803,57.0,89908.0,5411.0,53.0,314.37,9679573842.0
995.902,57.0,89908.0,5411.0,53.0,300.719,9679597495.0
996.002,58.0,89908.0,5411.0,52.0,285.429,9679620649.0
996.105,58.0,89908.0,5411.0,52.0,272.08,9679662675.0
996.203,55.0,89908.0,5411.0,51.0,257.737,9679681794.0
996.303,55.0,89908.0,5411.0,51.0,247.583,9679704207.0
996.402,55.0,89908.0,5411.0,50.0,240.88,9679725777.0
996.501,55.0,89908.0,5411.0,50.0,229.333,9679742591.0
996.603,54.0,89908.0,5411.0,50.0,215.256,9679759866.0
996.701,54.0,89908.0,5411.0,50.0,207.407,9679776010.0
996.801,9.0,89908.0,5411.0,49.0,199.033,9679788785.0
996.903,0.0,89908.0,5411.0,48.0,178.914,9679801678.0
997.001,0.0,89908.0,5411.0,48.0,166.757,9679814545.0
997.102,0.0,89908.0,5411.0,48.0,163.307,9679827379.0
997.202,0.0,89908.0,5411.0,48.0,156.309,9679840208.0
997.303,0.0,89908.0,5411.0,47.0,147.295,9679852995.0
997.403,0.0,89908.0,5411.0,47.0,139.369,9679865772.0
997.503,0.0,89908.0,5411.0,47.0,134.316,9679878541.0
997.603,0.0,89908.0,5411.0,47.0,129.989,9679891294.0
997.703,0.0,89908.0,5411.0,47.0,129.989,9679891294.0
997.803,0.0,89908.0,5411.0,47.0,128.282,9679904022.0
997.902,0.0,89908.0,5411.0,47.0,128.015,9679916779.0
998.003,0.0,89908.0,5411.0,47.0,127.854,9679929501.0
998.103,0.0,89908.0,5411.0,47.0,127.688,9679942207.0
998.202,0.0,89908.0,5411.0,47.0,127.557,9679954918.0
998.303,0.0,89908.0,5411.0,47.0,127.45,9679967639.0
998.401,0.0,89908.0,5411.0,46.0,127.312,9679980352.0
998.503,0.0,89908.0,5411.0,46.0,127.219,9679992968.0
998.601,0.0,89908.0,5411.0,46.0,127.14,9680005644.0
998.701,0.0,89908.0,5411.0,46.0,127.064,9680018331.0
998.801,0.0,89908.0,5411.0,46.0,126.991,9680031002.0
998.901,0.0,89908.0,5411.0,46.0,127.751,9680059758.0
999.002,50.0,89908.0,5411.0,47.0,132.117,9680076337.0
999.103,50.0,89908.0,5411.0,47.0,136.368,9680092973.0
999.201,48.0,89908.0,5411.0,47.0,141.11,9680111282.0
999.301,48.0,89908.0,5411.0,47.0,145.169,9680127839.0
999.401,50.0,89908.0,5411.0,47.0,149.146,9680144594.0
999.502,50.0,89908.0,5411.0,47.0,153.42,9680162204.0
999.601,50.0,89908.0,5411.0,47.0,158.123,9680179226.0
999.701,50.0,89908.0,5411.0,47.0,168.265,9680196039.0
999.801,50.0,89908.0,5411.0,47.0,171.763,9680213764.0
999.901,49.0,89908.0,5411.0,47.0,171.079,9680230483.0
1000.001,49.0,89908.0,5411.0,47.0,171.079,9680262502.0
1000.101,49.0,89908.0,5411.0,48.0,198.911,9680262502.0
1000.201,84.0,89908.0,5411.0,51.0,244.8,9680312998.0
1000.301,84.0,89908.0,5411.0,55.0,275.495,9680362704.0
1000.401,34.0,89908.0,5411.0,57.0,286.601,9680409618.0
1000.501,34.0,89908.0,5411.0,50.0,281.99,9680423003.0
1000.601,0.0,89908.0,5411.0,49.0,277.404,9680435895.0
1000.701,0.0,89908.0,5411.0,48.0,296.853,9680458672.0
1000.802,82.0,89908.0,5411.0,53.0,331.701,9680510584.0
1000.902,82.0,89908.0,5411.0,56.0,363.625,9680559284.0
1001.003,90.0,89908.0,5411.0,58.0,405.868,9680668614.0
1001.103,90.0,89908.0,5411.0,59.0,405.273,9680715681.0
1001.202,85.0,89908.0,5411.0,58.0,397.363,9680763320.0
1001.302,85.0,89908.0,5411.0,57.0,392.098,9680812246.0
1001.402,81.0,89908.0,5411.0,58.0,408.321,9680859324.0
1001.502,81.0,89908.0,5411.0,59.0,444.869,9680906317.0
1001.603,86.0,89908.0,5411.0,59.0,482.534,9680955216.0
1001.703,80.0,89908.0,5411.0,59.0,488.846,9681005397.0
1001.801,80.0,89908.0,5411.0,59.0,486.871,9681051990.0
1001.901,83.0,89908.0,5411.0,59.0,477.63,9681100340.0
1002.001,83.0,89908.0,5411.0,59.0,479.681,9681147096.0
1002.101,81.0,89908.0,5411.0,60.0,480.212,9681196907.0
1002.201,81.0,89908.0,5411.0,60.0,480.212,9681244965.0
1002.302,81.0,89908.0,5411.0,61.0,479.684,9681244965.0
1002.402,85.0,89908.0,5411.0,60.0,479.23,9681293003.0
1002.502,85.0,89908.0,5411.0,60.0,480.527,9681339876.0
1002.601,80.0,89908.0,5411.0,60.0,479.631,9681389751.0
1002.701,80.0,89908.0,5411.0,61.0,480.561,9681435810.0
1002.801,86.0,89908.0,5411.0,59.0,480.463,9681484956.0
1002.901,86.0,89908.0,5411.0,60.0,479.584,9681531920.0
1003.001,82.0,89908.0,5411.0,61.0,478.638,9681578385.0
1003.101,82.0,89908.0,5411.0,59.0,480.604,9681627552.0
1003.202,81.0,89908.0,5411.0,61.0,481.85,9681676638.0
1003.301,81.0,89908.0,5411.0,60.0,480.239,9681723249.0
1003.403,81.0,89908.0,5411.0,60.0,480.259,9681815194.0
1003.501,81.0,89908.0,5411.0,61.0,474.92,9681862416.0
1003.602,81.0,89908.0,5411.0,60.0,476.182,9681908779.0
1003.702,81.0,89908.0,5411.0,61.0,473.417,9681954474.0
1003.803,81.0,89908.0,5411.0,60.0,470.552,9681999835.0
1003.903,81.0,89908.0,5411.0,60.0,469.489,9682043649.0
1004.003,74.0,89908.0,5411.0,60.0,463.676,9682082996.0
1004.102,74.0,89908.0,5411.0,59.0,453.432,9682126651.0
1004.202,83.0,89908.0,5411.0,60.0,449.458,9682166548.0
1004.303,79.0,89908.0,5411.0,59.0,434.296,9682207108.0
1004.402,79.0,89908.0,5411.0,58.0,433.012,9682247513.0
1004.502,79.0,89908.0,5411.0,58.0,426.01,9682290534.0
1004.603,79.0,89908.0,5411.0,59.0,419.677,9682330429.0
1004.703,79.0,89908.0,5411.0,58.0,413.019,9682368244.0
1004.802,79.0,89908.0,5411.0,58.0,408.263,9682410731.0
1004.901,79.0,89908.0,5411.0,58.0,408.263,9682410731.0
1005.001,77.0,89908.0,5411.0,57.0,402.785,9682450122.0
1005.101,77.0,89908.0,5411.0,57.0,399.065,9682486488.0
1005.201,71.0,89908.0,5411.0,57.0,388.319,9682523861.0
1005.301,71.0,89908.0,5411.0,56.0,382.401,9682557099.0
1005.402,71.0,89908.0,5411.0,56.0,377.008,9682588088.0
1005.501,71.0,89908.0,5411.0,56.0,361.218,9682622316.0
1005.601,68.0,89908.0,5411.0,55.0,352.907,9682653131.0
1005.702,68.0,89908.0,5411.0,55.0,340.037,9682679752.0
1005.805,66.0,89908.0,5411.0,55.0,335.281,9682714080.0
1005.902,66.0,89908.0,5411.0,54.0,323.828,9682743280.0
1006.002,64.0,89908.0,5411.0,54.0,316.482,9682802230.0
1006.102,64.0,89908.0,5411.0,54.0,308.287,9682827480.0
1006.202,61.0,89908.0,5411.0,53.0,301.297,9682856759.0
1006.302,61.0,89908.0,5411.0,53.0,293.812,9682883441.0
1006.401,60.0,89908.0,5411.0,53.0,287.353,9682907254.0
1006.501,60.0,89908.0,5411.0,52.0,278.886,9682927957.0
1006.603,55.0,89908.0,5411.0,52.0,267.42,9682945460.0
1006.703,0.0,89908.0,5411.0,49.0,236.836,9682958875.0
1006.803,0.0,89908.0,5411.0,49.0,221.173,9682971924.0
1006.903,0.0,89908.0,5411.0,48.0,205.007,9682984930.0
1007.003,0.0,89908.0,5411.0,48.0,188.832,9682997923.0
1007.103,0.0,89908.0,5411.0,48.0,177.759,9683010881.0
1007.202,0.0,89908.0,5411.0,48.0,177.759,9683023788.0
1007.302,0.0,89908.0,5411.0,48.0,163.207,9683023788.0
1007.402,0.0,89908.0,5411.0,47.0,148.995,9683036654.0
1007.502,0.0,89908.0,5411.0,47.0,138.203,9683049473.0
1007.601,0.0,89908.0,5411.0,47.0,132.86,9683062333.0
1007.703,0.0,89908.0,5411.0,47.0,129.387,9683075141.0
1007.803,0.0,89908.0,5411.0,47.0,129.096,9683087951.0
1007.902,0.0,89908.0,5411.0,47.0,128.898,9683100779.0
1008.002,0.0,89908.0,5411.0,47.0,128.677,9683113562.0
1008.102,0.0,89908.0,5411.0,47.0,128.5,9683126367.0
1008.203,0.0,89908.0,5411.0,47.0,128.329,9683139180.0
1008.302,0.0,89908.0,5411.0,47.0,128.211,9683151937.0
1008.402,0.0,89908.0,5411.0,47.0,128.139,9683164719.0
1008.503,0.0,89908.0,5411.0,46.0,128.081,9683177502.0
1008.603,0.0,89908.0,5411.0,46.0,127.996,9683203035.0
1008.703,0.0,89908.0,5411.0,46.0,127.946,9683215796.0
1008.802,1.0,89908.0,5411.0,47.0,128.564,9683231059.0
1008.902,1.0,89908.0,5411.0,47.0,132.062,9683248210.0
1009.002,50.0,89908.0,5411.0,47.0,136.782,9683265360.0
1009.101,50.0,89908.0,5411.0,47.0,141.602,9683282910.0
1009.203,50.0,89908.0,5411.0,47.0,145.993,9683300268.0
1009.301,50.0,89908.0,5411.0,47.0,150.343,9683317442.0
1009.402,50.0,89908.0,5411.0,47.0,154.803,9683336638.0
1009.502,50.0,89908.0,5411.0,47.0,162.292,9683355330.0
1009.601,50.0,89908.0,5411.0,47.0,167.395,9683372063.0
1009.701,50.0,89908.0,5411.0,47.0,171.246,9683389083.0
1009.802,50.0,89908.0,5411.0,47.0,175.21,9683406704.0
1009.901,50.0,89908.0,5411.0,47.0,176.837,9683424016.0
1010.002,50.0,89908.0,5411.0,47.0,175.617,9683439175.0
1010.103,50.0,89908.0,5411.0,48.0,177.296,9683439175.0
1010.201,58.0,89908.0,5411.0,48.0,180.809,9683460476.0
1010.303,58.0,89908.0,5411.0,48.0,180.535,9683479976.0
1010.401,54.0,89908.0,5411.0,48.0,183.156,9683499925.0
1010.503,54.0,89908.0,5411.0,48.0,183.363,9683519343.0
1010.602,55.0,89908.0,5411.0,48.0,185.782,9683539328.0
1010.701,55.0,89908.0,5411.0,48.0,188.492,9683560051.0
1010.801,56.0,89908.0,5411.0,52.0,202.567,9683579965.0
1010.903,56.0,89908.0,5411.0,55.0,233.905,9683627022.0
1011.003,52.0,89908.0,5411.0,55.0,251.939,9683671331.0
1011.102,52.0,89908.0,5411.0,57.0,294.9,9683718611.0
1011.203,86.0,89908.0,5411.0,52.0,320.891,9683823566.0
1011.305,86.0,89908.0,5411.0,59.0,362.91,9683887169.0
1011.403,100.0,89908.0,5411.0,57.0,404.93,9683939654.0
1011.502,100.0,89908.0,5411.0,57.0,429.759,9683988757.0
1011.602,82.0,89908.0,5411.0,58.0,457.147,9684038215.0
1011.703,82.0,89908.0,5411.0,59.0,491.791,9684087581.0
1011.803,83.0,89908.0,5411.0,59.0,505.902,9684138384.0
1011.902,83.0,89908.0,5411.0,59.0,510.798,9684188131.0
1012.003,83.0,89908.0,5411.0,60.0,524.812,9684237448.0
1012.102,81.0,89908.0,5411.0,60.0,508.801,9684287070.0
1012.203,81.0,89908.0,5411.0,61.0,509.579,9684336009.0
1012.302,84.0,89908.0,5411.0,61.0,494.088,9684385050.0
1012.402,84.0,89908.0,5411.0,61.0,494.698,9684433356.0
1012.503,84.0,89908.0,5411.0,61.0,494.698,9684433356.0
1012.602,84.0,89908.0,5411.0,61.0,495.154,9684483673.0
1012.702,84.0,89908.0,5411.0,61.0,494.771,9684534182.0
1012.802,82.0,89908.0,5411.0,61.0,496.227,9684583615.0
1012.903,82.0,89908.0,5411.0,62.0,496.208,9684631854.0
1013.002,81.0,89908.0,5411.0,62.0,494.219,9684681354.0
1013.101,81.0,89908.0,5411.0,62.0,496.438,9684731775.0
1013.202,82.0,89908.0,5411.0,62.0,495.975,9684781327.0
1013.305,82.0,89908.0,5411.0,62.0,496.015,9684830647.0
1013.402,82.0,89908.0,5411.0,62.0,496.834,9684880325.0
1013.501,82.0,89908.0,5411.0,62.0,498.06,9684929422.0
1013.601,83.0,89908.0,5411.0,60.0,495.072,9685027161.0
1013.702,83.0,89908.0,5411.0,61.0,493.078,9685073924.0
1013.802,85.0,89908.0,5411.0,61.0,494.465,9685124279.0
1013.901,85.0,89908.0,5411.0,62.0,493.561,9685171444.0
1014.003,83.0,89908.0,5411.0,60.0,493.344,9685220826.0
1014.102,83.0,89908.0,5411.0,61.0,490.989,9685268529.0
1014.201,86.0,89908.0,5411.0,61.0,487.695,9685316821.0
1014.303,86.0,89908.0,5411.0,60.0,487.564,9685365311.0
1014.401,86.0,89908.0,5411.0,61.0,485.151,9685411515.0
1014.502,86.0,89908.0,5411.0,61.0,479.722,9685455628.0
1014.602,83.0,89908.0,5411.0,60.0,476.014,9685499882.0
1014.702,83.0,89908.0,5411.0,61.0,472.875,9685546331.0
1014.802,79.0,89908.0,5411.0,59.0,469.263,9685591896.0
1014.903,79.0,89908.0,5411.0,61.0,470.355,9685639359.0
1015.003,79.0,89908.0,5411.0,60.0,464.105,9685639359.0
1015.103,79.0,89908.0,5411.0,59.0,461.19,9685681307.0
1015.203,86.0,89908.0,5411.0,60.0,459.226,9685726736.0
1015.302,86.0,89908.0,5411.0,59.0,454.048,9685769728.0
1015.402,77.0,89908.0,5411.0,59.0,448.788,9685813436.0
1015.502,77.0,89908.0,5411.0,58.0,439.949,9685850655.0
1015.602,81.0,89908.0,5411.0,58.0,439.192,9685891139.0
1015.702,81.0,89908.0,5411.0,58.0,432.82,9685934993.0
1015.802,82.0,89908.0,5411.0,58.0,427.944,9685970611.0
1015.901,82.0,89908.0,5411.0,58.0,420.311,9686011981.0
1016.001,78.0,89908.0,5411.0,57.0,414.4,9686051938.0
1016.102,78.0,89908.0,5411.0,57.0,403.859,9686120190.0
1016.203,72.0,89908.0,5411.0,57.0,394.012,9686157881.0
1016.302,72.0,89908.0,5411.0,56.0,384.648,9686191282.0
1016.401,71.0,89908.0,5411.0,56.0,376.66,9686226234.0
1016.503,71.0,89908.0,5411.0,55.0,373.653,9686257269.0
1016.603,67.0,89908.0,5411.0,55.0,361.697,9686283720.0
1016.703,67.0,89908.0,5411.0,55.0,347.06,9686311640.0
1016.803,66.0,89908.0,5411.0,54.0,339.754,9686341163.0
1016.902,66.0,89908.0,5411.0,54.0,325.567,9686369296.0
1017.003,62.0,89908.0,5411.0,54.0,314.808,9686394621.0
1017.103,62.0,89908.0,5411.0,53.0,306.263,9686421879.0
1017.203,62.0,89908.0,5411.0,53.0,298.418,9686449736.0
1017.303,62.0,89908.0,5411.0,53.0,290.512,9686474860.0
1017.402,57.0,89908.0,5411.0,50.0,257.629,9686489861.0
1017.503,0.0,89908.0,5411.0,49.0,239.031,9686502750.0
1017.602,0.0,89908.0,5411.0,49.0,225.12,9686515611.0
1017.702,0.0,89908.0,5411.0,49.0,225.12,9686515611.0
1017.803,0.0,89908.0,5411.0,49.0,207.991,9686528386.0
1017.903,0.0,89908.0,5411.0,48.0,192.632,9686541121.0
1018.003,0.0,89908.0,5411.0,48.0,179.524,9686553879.0
1018.102,0.0,89908.0,5411.0,48.0,165.296,9686566597.0
1018.203,0.0,89908.0,5411.0,48.0,152.217,9686579258.0
1018.302,0.0,89908.0,5411.0,47.0,136.227,9686591913.0
1018.402,0.0,89908.0,5411.0,47.0,128.66,9686604558.0
1018.502,0.0,89908.0,5411.0,47.0,127.282,9686617162.0
1018.602,0.0,89908.0,5411.0,47.0,126.958,9686629771.0
1018.702,0.0,89908.0,5411.0,47.0,126.771,9686642381.0
1018.802,0.0,89908.0,5411.0,47.0,126.601,9686654958.0
1018.902,0.0,89908.0,5411.0,47.0,126.43,9686680093.0
1019.002,0.0,89908.0,5411.0,47.0,126.259,9686692642.0
1019.102,0.0,89908.0,5411.0,47.0,126.073,9686705205.0
1019.203,0.0,89908.0,5411.0,47.0,125.985,9686717772.0
1019.302,0.0,89908.0,5411.0,46.0,125.863,9686730300.0
1019.402,0.0,89908.0,5411.0,46.0,125.789,9686742819.0
1019.502,0.0,89908.0,5411.0,46.0,125.695,9686757627.0
1019.602,35.0,89908.0,5411.0,47.0,129.794,9686775092.0
1019.702,35.0,89908.0,5411.0,47.0,134.567,9686792232.0
1019.802,50.0,89908.0,5411.0,47.0,138.736,9686808985.0
1019.901,50.0,89908.0,5411.0,47.0,143.176,9686826341.0
1020.002,50.0,89908.0,5411.0,47.0,147.861,9686843982.0
1020.102,50.0,89908.0,5411.0,47.0,152.383,9686861086.0
1020.202,50.0,89908.0,5411.0,47.0,158.825,9686879925.0
1020.302,50.0,89908.0,5411.0,47.0,165.241,9686897755.0
1020.402,50.0,89908.0,5411.0,47.0,170.311,9686897755.0
1020.502,50.0,89908.0,5411.0,47.0,176.333,9686916708.0
1020.602,50.0,89908.0,5411.0,47.0,177.909,9686935625.0
1020.702,50.0,89908.0,5411.0,47.0,178.234,9686953040.0
1020.801,50.0,89908.0,5411.0,47.0,178.052,9686970567.0
1020.901,50.0,89908.0,5411.0,47.0,178.434,9686987904.0
1021.002,63.0,89908.0,5411.0,51.0,204.552,9687015391.0
1021.102,63.0,89908.0,5411.0,52.0,240.119,9687069923.0
1021.202,73.0,89908.0,5411.0,57.0,273.902,9687113936.0
1021.302,73.0,89908.0,5411.0,56.0,303.291,9687229542.0
1021.401,87.0,89908.0,5411.0,59.0,346.174,9687285340.0
1021.501,87.0,89908.0,5411.0,58.0,380.717,9687334962.0
1021.602,80.0,89908.0,5411.0,57.0,414.238,9687386528.0
1021.701,80.0,89908.0,5411.0,60.0,440.932,9687435682.0
1021.801,79.0,89908.0,5411.0,60.0,471.657,9687486701.0
1021.902,79.0,89908.0,5411.0,60.0,502.713,9687535840.0
1022.002,80.0,89908.0,5411.0,60.0,513.046,9687585096.0
1022.103,80.0,89908.0,5411.0,60.0,513.557,9687622311.0
1022.202,40.0,89908.0,5411.0,53.0,487.112,9687635870.0
1022.302,40.0,89908.0,5411.0,51.0,447.235,9687649091.0
1022.403,40.0,89908.0,5411.0,51.0,447.235,9687678302.0
1022.502,0.0,89908.0,5411.0,56.0,394.276,9687678302.0
1022.603,83.0,89908.0,5411.0,57.0,391.833,9687725626.0
1022.702,83.0,89908.0,5411.0,58.0,392.216,9687774467.0
1022.802,83.0,89908.0,5411.0,59.0,388.724,9687822756.0
1022.903,83.0,89908.0,5411.0,60.0,393.261,9687871792.0
1023.003,83.0,89908.0,5411.0,60.0,393.104,9687921883.0
1023.103,83.0,89908.0,5411.0,60.0,392.348,9687971341.0
1023.202,83.0,89908.0,5411.0,60.0,418.951,9688020268.0
1023.302,83.0,89908.0,5411.0,61.0,460.716,9688070541.0
1023.403,83.0,89908.0,5411.0,61.0,490.709,9688119240.0
1023.501,83.0,89908.0,5411.0,61.0,494.368,9688169771.0
1023.602,83.0,89908.0,5411.0,61.0,496.133,9688269111.0
1023.702,83.0,89908.0,5411.0,61.0,494.911,9688317533.0
1023.802,78.0,89908.0,5411.0,61.0,491.794,9688365905.0
1023.902,78.0,89908.0,5411.0,62.0,489.973,9688412926.0
1024.002,83.0,89908.0,5411.0,60.0,489.392,9688460730.0
1024.102,83.0,89908.0,5411.0,60.0,487.143,9688508708.0
1024.202,84.0,89908.0,5411.0,61.0,485.331,9688556590.0
1024.302,84.0,89908.0,5411.0,61.0,484.397,9688604875.0
1024.402,77.0,89908.0,5411.0,62.0,481.004,9688651182.0
1024.502,77.0,89908.0,5411.0,59.0,477.357,9688697540.0
1024.602,80.0,89908.0,5411.0,60.0,474.997,9688742836.0
1024.703,80.0,89908.0,5411.0,61.0,471.431,9688789095.0
1024.801,77.0,89908.0,5411.0,60.0,471.244,9688835743.0
1024.903,77.0,89908.0,5411.0,60.0,470.294,9688881795.0
1025.002,80.0,89908.0,5411.0,61.0,466.414,9688925881.0
1025.102,80.0,89908.0,5411.0,61.0,466.414,9688925881.0
1025.202,80.0,89908.0,5411.0,60.0,464.085,9688968976.0
1025.302,84.0,89908.0,5411.0,60.0,455.974,9689013780.0
1025.402,81.0,89908.0,5411.0,60.0,449.014,9689058756.0
1025.502,81.0,89908.0,5411.0,60.0,446.832,9689100795.0
1025.602,81.0,89908.0,5411.0,59.0,441.261,9689144724.0
1025.701,81.0,89908.0,5411.0,59.0,438.34,9689184279.0
1025.802,79.0,89908.0,5411.0,59.0,428.291,9689223715.0
1025.903,79.0,89908.0,5411.0,59.0,422.738,9689263182.0
1026.002,77.0,89908.0,5411.0,59.0,419.673,9689303330.0
1026.102,77.0,89908.0,5411.0,58.0,416.526,9689345471.0
1026.201,79.0,89908.0,5411.0,58.0,416.266,9689430959.0
1026.302,79.0,89908.0,5411.0,58.0,410.621,9689466077.0
1026.402,76.0,89908.0,5411.0,57.0,401.994,9689500787.0
1026.502,76.0,89908.0,5411.0,57.0,393.228,9689534985.0
1026.602,70.0,89908.0,5411.0,56.0,385.599,9689567465.0
1026.702,70.0,89908.0,5411.0,56.0,380.139,9689602585.0
1026.802,68.0,89908.0,5411.0,55.0,374.792,9689634975.0
1026.902,68.0,89908.0,5411.0,55.0,364.119,9689665347.0
1027.003,67.0,89908.0,5411.0,55.0,353.313,9689694194.0
1027.101,67.0,89908.0,5411.0,54.0,342.813,9689724211.0
1027.201,63.0,89908.0,5411.0,54.0,328.685,9689751404.0
1027.302,63.0,89908.0,5411.0,54.0,316.176,9689779459.0
1027.402,62.0,89908.0,5411.0,53.0,309.291,9689807378.0
1027.503,62.0,89908.0,5411.0,53.0,303.721,9689833367.0
1027.602,60.0,89908.0,5411.0,52.0,294.854,9689857330.0
1027.702,60.0,89908.0,5411.0,52.0,294.854,9689857330.0
1027.802,56.0,89908.0,5411.0,51.0,266.732,9689879646.0
1027.902,56.0,89908.0,5411.0,50.0,252.611,9689896994.0
1028.003,54.0,89908.0,5411.0,50.0,238.888,9689915194.0
1028.101,54.0,89908.0,5411.0,49.0,223.031,9689931497.0
1028.203,0.0,89908.0,5411.0,49.0,207.704,9689944603.0
1028.303,0.0,89908.0,5411.0,48.0,193.508,9689957655.0
1028.402,0.0,89908.0,5411.0,48.0,177.958,9689983751.0
1028.503,0.0,89908.0,5411.0,48.0,165.371,9689996676.0
1028.601,0.0,89908.0,5411.0,48.0,154.345,9690009621.0
1028.703,0.0,89908.0,5411.0,48.0,143.49,9690022587.0
1028.803,0.0,89908.0,5411.0,47.0,139.153,9690035403.0
1028.902,0.0,89908.0,5411.0,47.0,133.772,9690048202.0
1029.003,0.0,89908.0,5411.0,47.0,129.742,9690061057.0
1029.102,0.0,89908.0,5411.0,47.0,129.323,9690073860.0
1029.203,0.0,89908.0,5411.0,47.0,129.091,9690086683.0
1029.303,0.0,89908.0,5411.0,47.0,128.884,9690099474.0
1029.402,0.0,89908.0,5411.0,47.0,128.565,9690112269.0
1029.503,0.0,89908.0,5411.0,47.0,128.425,9690125080.0
1029.602,0.0,89908.0,5411.0,47.0,128.647,9690138669.0
1029.703,0.0,89908.0,5411.0,47.0,131.668,9690154827.0
1029.803,50.0,89908.0,5411.0,47.0,136.797,9690172503.0
1029.901,50.0,89908.0,5411.0,47.0,136.797,9690189998.0
1030.002,50.0,89908.0,5411.0,47.0,140.98,9690189998.0
1030.101,50.0,89908.0,5411.0,47.0,146.244,9690208149.0
1030.202,50.0,89908.0,5411.0,48.0,151.41,9690226679.0
1030.302,54.0,89908.0,5411.0,47.0,156.374,9690244515.0
1030.402,54.0,89908.0,5411.0,48.0,164.141,9690265772.0
1030.503,55.0,89908.0,5411.0,47.0,172.495,9690287375.0
1030.602,55.0,89908.0,5411.0,48.0,181.697,9690304544.0
1030.702,55.0,89908.0,5411.0,48.0,183.577,9690321677.0
1030.802,55.0,89908.0,5411.0,48.0,183.096,9690338302.0
1030.903,55.0,89908.0,5411.0,48.0,183.036,9690355583.0
1031.003,54.0,89908.0,5411.0,48.0,183.722,9690372531.0
1031.101,54.0,89908.0,5411.0,48.0,183.946,9690410114.0
1031.201,54.0,89908.0,5411.0,48.0,186.044,9690432128.0
1031.302,54.0,89908.0,5411.0,52.0,210.379,9690476325.0
1031.402,54.0,89908.0,5411.0,53.0,229.63,9690521438.0
1031.503,54.0,89908.0,5411.0,56.0,258.58,9690566000.0
1031.602,57.0,89908.0,5411.0,57.0,301.362,9690626363.0
1031.703,57.0,89908.0,5411.0,59.0,346.43,9690683422.0
1031.801,83.0,89908.0,5411.0,59.0,373.772,9690736972.0
1031.901,83.0,89908.0,5411.0,59.0,405.932,9690782211.0
1032.001,81.0,89908.0,5411.0,59.0,432.914,9690831184.0
1032.102,81.0,89908.0,5411.0,58.0,459.86,9690875765.0
1032.203,76.0,89908.0,5411.0,61.0,486.06,9690875765.0
1032.301,76.0,89908.0,5411.0,61.0,497.731,9690925568.0
1032.402,81.0,89908.0,5411.0,61.0,509.893,9690973976.0
1032.502,81.0,89908.0,5411.0,61.0,497.524,9691022590.0
1032.602,81.0,89908.0,5411.0,61.0,498.519,9691070149.0
1032.702,81.0,89908.0,5411.0,61.0,485.344,9691118668.0
1032.802,82.0,89908.0,5411.0,61.0,482.448,9691168125.0
1032.901,82.0,89908.0,5411.0,61.0,482.607,9691216674.0
1033.003,82.0,89908.0,5411.0,61.0,484.049,9691265243.0
1033.101,82.0,89908.0,5411.0,61.0,484.892,9691314017.0
1033.201,82.0,89908.0,5411.0,62.0,487.095,9691410058.0
1033.303,82.0,89908.0,5411.0,62.0,486.881,9691458540.0
1033.402,82.0,89908.0,5411.0,62.0,487.688,9691506749.0
1033.502,82.0,89908.0,5411.0,62.0,488.611,9691555244.0
1033.603,82.0,89908.0,5411.0,62.0,488.209,9691603452.0
1033.702,82.0,89908.0,5411.0,62.0,486.854,9691651070.0
1033.803,81.0,89908.0,5411.0,62.0,486.6,9691699371.0
1033.902,81.0,89908.0,5411.0,62.0,485.243,9691746727.0
1034.002,83.0,89908.0,5411.0,62.0,486.007,9691794085.0
1034.102,83.0,89908.0,5411.0,60.0,486.056,9691843008.0
1034.202,83.0,89908.0,5411.0,60.0,483.746,9691890236.0
1034.302,83.0,89908.0,5411.0,61.0,481.717,9691937330.0
1034.402,82.0,89908.0,5411.0,61.0,479.667,9691985995.0
1034.502,82.0,89908.0,5411.0,62.0,478.468,9692033254.0
1034.601,85.0,89908.0,5411.0,60.0,477.525,9692033254.0
1034.702,85.0,89908.0,5411.0,61.0,476.66,9692081994.0
1034.802,83.0,89908.0,5411.0,61.0,474.027,9692129809.0
1034.902,83.0,89908.0,5411.0,60.0,477.389,9692176358.0
1035.002,84.0,89908.0,5411.0,60.0,473.356,9692223927.0
1035.101,84.0,89908.0,5411.0,61.0,468.705,9692269222.0
1035.203,82.0,89908.0,5411.0,60.0,466.057,9692312361.0
1035.303,82.0,89908.0,5411.0,61.0,463.943,9692357207.0
1035.402,78.0,89908.0,5411.0,59.0,460.54,9692403630.0
1035.503,78.0,89908.0,5411.0,60.0,454.202,9692445810.0
1035.602,81.0,89908.0,5411.0,60.0,451.558,9692486473.0
1035.702,81.0,89908.0,5411.0,59.0,445.549,9692573385.0
1035.801,79.0,89908.0,5411.0,59.0,441.38,9692616525.0
1035.901,79.0,89908.0,5411.0,60.0,433.944,9692659048.0
1036.002,78.0,89908.0,5411.0,59.0,431.414,9692699531.0
1036.103,78.0,89908.0,5411.0,59.0,431.32,9692743220.0
1036.202,79.0,89908.0,5411.0,58.0,423.021,9692780129.0
1036.302,79.0,89908.0,5411.0,58.0,413.38,9692818577.0
1036.403,79.0,89908.0,5411.0,57.0,410.786,9692855715.0
1036.501,79.0,89908.0,5411.0,58.0,408.123,9692891792.0
1036.602,73.0,89908.0,5411.0,57.0,397.379,9692928497.0
1036.702,73.0,89908.0,5411.0,57.0,388.062,9692959962.0
1036.802,70.0,89908.0,5411.0,56.0,379.281,9692994197.0
1036.902,70.0,89908.0,5411.0,56.0,368.714,9693025233.0
1037.002,67.0,89908.0,5411.0,55.0,356.68,9693055706.0
1037.102,67.0,89908.0,5411.0,55.0,356.68,9693086499.0
1037.202,67.0,89908.0,5411.0,55.0,345.74,9693086499.0
1037.303,66.0,89908.0,5411.0,55.0,336.85,9693114074.0
1037.401,66.0,89908.0,5411.0,54.0,328.041,9693142838.0
1037.502,62.0,89908.0,5411.0,54.0,315.801,9693169548.0
1037.601,62.0,89908.0,5411.0,54.0,306.078,9693196043.0
1037.702,60.0,89908.0,5411.0,53.0,296.147,9693220911.0
1037.803,60.0,89908.0,5411.0,53.0,285.853,9693245128.0
1037.902,59.0,89908.0,5411.0,52.0,278.759,9693268485.0
1038.002,59.0,89908.0,5411.0,51.0,263.468,9693286582.0
1038.101,54.0,89908.0,5411.0,51.0,253.499,9693306344.0
1038.202,54.0,89908.0,5411.0,50.0,242.749,9693339721.0
1038.302,47.0,89908.0,5411.0,50.0,228.03,9693352717.0
1038.402,47.0,89908.0,5411.0,49.0,213.07,9693365681.0
1038.501,0.0,89908.0,5411.0,49.0,201.323,9693378634.0
1038.602,0.0,89908.0,5411.0,48.0,186.087,9693391574.0
1038.702,0.0,89908.0,5411.0,48.0,172.605,9693404476.0
1038.803,0.0,89908.0,5411.0,48.0,163.189,9693417384.0
1038.902,0.0,89908.0,5411.0,48.0,152.602,9693430300.0
1039.003,0.0,89908.0,5411.0,48.0,144.632,9693443165.0
1039.102,0.0,89908.0,5411.0,47.0,137.504,9693456014.0
1039.202,0.0,89908.0,5411.0,47.0,130.62,9693468867.0
1039.303,0.0,89908.0,5411.0,47.0,129.256,9693481688.0
1039.401,0.0,89908.0,5411.0,47.0,129.075,9693494721.0
1039.502,0.0,89908.0,5411.0,47.0,128.908,9693507275.0
1039.602,0.0,89908.0,5411.0,47.0,128.748,9693520037.0
1039.702,0.0,89908.0,5411.0,47.0,128.575,9693532801.0
1039.802,0.0,89908.0,5411.0,47.0,128.411,9693545612.0
1039.901,0.0,89908.0,5411.0,47.0,128.314,9693545612.0
1040.001,0.0,89908.0,5411.0,47.0,128.162,9693558362.0
1040.101,0.0,89908.0,5411.0,47.0,128.07,9693571132.0
1040.201,0.0,89908.0,5411.0,47.0,127.976,9693583894.0
1040.301,0.0,89908.0,5411.0,47.0,127.92,9693596669.0
1040.402,0.0,89908.0,5411.0,47.0,130.987,9693612949.0
1040.502,50.0,89908.0,5411.0,47.0,135.005,9693629936.0
1040.602,50.0,89908.0,5411.0,47.0,137.827,9693645764.0
1040.702,50.0,89908.0,5411.0,47.0,140.099,9693660471.0
1040.802,50.0,89908.0,5411.0,47.0,148.443,9693679372.0
1040.902,51.0,89908.0,5411.0,47.0,151.081,9693694293.0
1041.002,51.0,89908.0,5411.0,47.0,159.574,9693729487.0
1041.102,51.0,89908.0,5411.0,47.0,163.854,9693748088.0
1041.201,52.0,89908.0,5411.0,47.0,168.449,9693765687.0
1041.303,52.0,89908.0,5411.0,47.0,170.617,9693784338.0
1041.401,52.0,89908.0,5411.0,47.0,171.099,9693802386.0
1041.501,52.0,89908.0,5411.0,47.0,181.032,9693827650.0
1041.602,62.0,89908.0,5411.0,48.0,193.663,9693861067.0
1041.701,62.0,89908.0,5411.0,54.0,225.481,9693912253.0
1041.801,91.0,89908.0,5411.0,52.0,251.481,9693954419.0
1041.901,91.0,89908.0,5411.0,57.0,296.274,9694015318.0
1042.001,84.0,89908.0,5411.0,58.0,332.968,9694066617.0
1042.101,84.0,89908.0,5411.0,56.0,365.037,9694118598.0
1042.201,80.0,89908.0,5411.0,60.0,393.404,9694171503.0
1042.302,80.0,89908.0,5411.0,60.0,426.268,9694219097.0
1042.402,85.0,89908.0,5411.0,58.0,462.2,9694274488.0
1042.501,85.0,89908.0,5411.0,58.0,462.2,9694274488.0
1042.601,85.0,89908.0,5411.0,60.0,486.834,9694325510.0
1042.702,83.0,89908.0,5411.0,60.0,509.927,9694373675.0
1042.801,83.0,89908.0,5411.0,61.0,511.273,9694421794.0
1042.901,83.0,89908.0,5411.0,61.0,510.449,9694469638.0
1043.001,83.0,89908.0,5411.0,61.0,505.004,9694519797.0
1043.101,84.0,89908.0,5411.0,61.0,501.479,9694569121.0
1043.201,84.0,89908.0,5411.0,60.0,499.262,9694619037.0
1043.301,84.0,89908.0,5411.0,59.0,499.773,9694669564.0
1043.402,84.0,89908.0,5411.0,60.0,498.854,9694718173.0
1043.501,84.0,89908.0,5411.0,61.0,491.755,9694767314.0
1043.603,84.0,89908.0,5411.0,61.0,492.678,9694865421.0
1043.701,84.0,89908.0,5411.0,61.0,493.863,9694913665.0
1043.803,83.0,89908.0,5411.0,62.0,497.578,9694964660.0
1043.901,83.0,89908.0,5411.0,62.0,495.978,9695015173.0
1044.001,82.0,89908.0,5411.0,62.0,495.86,9695065223.0
1044.102,82.0,89908.0,5411.0,62.0,495.197,9695112312.0
1044.201,80.0,89908.0,5411.0,62.0,491.619,9695160433.0
1044.301,80.0,89908.0,5411.0,60.0,492.81,9695210344.0
1044.401,84.0,89908.0,5411.0,61.0,492.407,9695259796.0
1044.501,84.0,89908.0,5411.0,61.0,495.136,9695310696.0
1044.601,81.0,89908.0,5411.0,62.0,494.64,9695358915.0
1044.701,81.0,89908.0,5411.0,61.0,492.291,9695406736.0
1044.801,86.0,89908.0,5411.0,60.0,488.627,9695453171.0
1044.901,86.0,89908.0,5411.0,61.0,488.183,9695502868.0
1045.001,79.0,89908.0,5411.0,62.0,483.268,9695548408.0
1045.101,79.0,89908.0,5411.0,62.0,483.268,9695548408.0
1045.201,79.0,89908.0,5411.0,60.0,483.236,9695594771.0
1045.301,86.0,89908.0,5411.0,61.0,485.227,9695644801.0
1045.401,86.0,89908.0,5411.0,61.0,483.031,9695691934.0
1045.501,87.0,89908.0,5411.0,61.0,479.362,9695737891.0
1045.601,87.0,89908.0,5411.0,61.0,470.916,9695780829.0
1045.702,80.0,89908.0,5411.0,60.0,469.554,9695826711.0
1045.801,80.0,89908.0,5411.0,61.0,465.445,9695872610.0
1045.901,80.0,89908.0,5411.0,60.0,464.134,9695917139.0
1046.001,80.0,89908.0,5411.0,61.0,455.876,9695958390.0
1046.101,84.0,89908.0,5411.0,60.0,454.524,9696000123.0
1046.202,84.0,89908.0,5411.0,59.0,451.206,9696080733.0
1046.302,82.0,89908.0,5411.0,59.0,430.078,9696119683.0
1046.402,78.0,89908.0,5411.0,58.0,425.309,9696158615.0
1046.501,78.0,89908.0,5411.0,60.0,424.252,9696200795.0
1046.601,80.0,89908.0,5411.0,59.0,420.155,9696241999.0
1046.701,80.0,89908.0,5411.0,58.0,412.632,9696280109.0
1046.802,78.0,89908.0,5411.0,58.0,408.853,9696322498.0
1046.902,78.0,89908.0,5411.0,58.0,406.46,9696362261.0
1047.002,70.0,89908.0,5411.0,57.0,399.703,9696399986.0
1047.102,70.0,89908.0,5411.0,57.0,392.996,9696436937.0
1047.202,68.0,89908.0,5411.0,56.0,386.915,9696469699.0
1047.302,68.0,89908.0,5411.0,56.0,378.099,9696498344.0
1047.402,66.0,89908.0,5411.0,55.0,370.934,9696531249.0
1047.501,66.0,89908.0,5411.0,55.0,357.623,9696560995.0
1047.602,65.0,89908.0,5411.0,55.0,348.082,9696590908.0
1047.702,65.0,89908.0,5411.0,55.0,348.082,9696615869.0
1047.803,65.0,89908.0,5411.0,54.0,333.278,9696615869.0
1047.902,63.0,89908.0,5411.0,54.0,321.299,9696644662.0
1048.002,63.0,89908.0,5411.0,54.0,308.279,9696670327.0
1048.103,62.0,89908.0,5411.0,54.0,299.845,9696699503.0
1048.202,62.0,89908.0,5411.0,53.0,288.347,9696725391.0
1048.302,55.0,89908.0,5411.0,52.0,277.866,9696747155.0
1048.402,55.0,89908.0,5411.0,51.0,264.607,9696763837.0
1048.502,11.0,89908.0,5411.0,51.0,247.499,9696778063.0
1048.662,0.0,89908.0,5411.0,49.0,214.834,9696804272.0
1048.702,0.0,89908.0,5411.0,49.0,214.834,9696804272.0
1048.803,0.0,89908.0,5411.0,49.0,200.61,9696817303.0
1048.902,0.0,89908.0,5411.0,49.0,184.167,9696843242.0
1049.002,0.0,89908.0,5411.0,48.0,172.183,9696856163.0
1049.103,0.0,89908.0,5411.0,48.0,156.218,9696869122.0
1049.202,0.0,89908.0,5411.0,48.0,143.189,9696882065.0
1049.302,0.0,89908.0,5411.0,48.0,134.826,9696894998.0
1049.402,0.0,89908.0,5411.0,48.0,130.929,9696907845.0
1049.502,0.0,89908.0,5411.0,48.0,129.844,9696920725.0
1049.602,0.0,89908.0,5411.0,47.0,129.569,9696933573.0
1049.703,0.0,89908.0,5411.0,47.0,129.363,9696946428.0
1049.802,0.0,89908.0,5411.0,47.0,129.172,9696959265.0
1049.902,0.0,89908.0,5411.0,47.0,129.041,9696972078.0
1050.002,0.0,89908.0,5411.0,47.0,128.904,9696984903.0
1050.103,0.0,89908.0,5411.0,47.0,128.795,9696997727.0
1050.203,0.0,89908.0,5411.0,47.0,128.671,9697010543.0
1050.301,0.0,89908.0,5411.0,47.0,128.544,9697023372.0
1050.402,0.0,89908.0,5411.0,47.0,128.459,9697036192.0
1050.503,0.0,89908.0,5411.0,47.0,128.422,9697048985.0
1050.603,0.0,89908.0,5411.0,47.0,128.343,9697048985.0
1050.702,0.0,89908.0,5411.0,47.0,128.287,9697061764.0
1050.803,0.0,89908.0,5411.0,47.0,128.619,9697074961.0
1050.902,51.0,89908.0,5411.0,47.0,131.305,9697090624.0
1051.002,51.0,89908.0,5411.0,47.0,136.514,9697109099.0
1051.101,52.0,89908.0,5411.0,47.0,140.741,9697126034.0
1051.201,52.0,89908.0,5411.0,47.0,144.841,9697142532.0
1051.301,51.0,89908.0,5411.0,47.0,148.541,9697159734.0
1051.401,51.0,89908.0,5411.0,47.0,152.545,9697176091.0
1051.502,51.0,89908.0,5411.0,47.0,157.817,9697193712.0
1051.602,51.0,89908.0,5411.0,47.0,160.596,9697209357.0
1051.701,52.0,89908.0,5411.0,47.0,165.906,9697245430.0
1051.802,52.0,89908.0,5411.0,47.0,170.886,9697262579.0
1051.903,51.0,89908.0,5411.0,47.0,178.441,9697287316.0
1052.001,0.0,89908.0,5411.0,48.0,174.853,9697300464.0
1052.101,0.0,89908.0,5411.0,47.0,170.719,9697313303.0
1052.201,30.0,89908.0,5411.0,47.0,183.194,9697330966.0
1052.301,30.0,89908.0,5411.0,54.0,208.368,9697384638.0
1052.401,90.0,89908.0,5411.0,54.0,242.879,9697431994.0
1052.502,90.0,89908.0,5411.0,58.0,297.897,9697495146.0
1052.601,70.0,89908.0,5411.0,54.0,328.375,9697546198.0
1052.701,70.0,89908.0,5411.0,59.0,366.924,9697600669.0
1052.803,79.0,89908.0,5411.0,57.0,401.458,9697652277.0
1052.902,79.0,89908.0,5411.0,61.0,429.296,9697703899.0
1053.002,84.0,89908.0,5411.0,60.0,459.316,9697755430.0
1053.103,84.0,89908.0,5411.0,60.0,459.316,9697804312.0
1053.203,84.0,89908.0,5411.0,60.0,502.081,9697804312.0
1053.302,84.0,89908.0,5411.0,61.0,520.902,9697853185.0
1053.403,84.0,89908.0,5411.0,61.0,527.257,9697903130.0
1053.502,83.0,89908.0,5411.0,60.0,518.23,9697952313.0
1053.601,83.0,89908.0,5411.0,59.0,502.099,9698002125.0
1053.701,85.0,89908.0,5411.0,59.0,502.794,9698051753.0
1053.802,85.0,89908.0,5411.0,60.0,500.697,9698100564.0
1053.902,84.0,89908.0,5411.0,61.0,497.16,9698149449.0
1054.001,84.0,89908.0,5411.0,61.0,493.735,9698197912.0
1054.102,84.0,89908.0,5411.0,61.0,493.526,9698245838.0
1054.201,84.0,89908.0,5411.0,61.0,493.761,9698294329.0
1054.301,84.0,89908.0,5411.0,62.0,494.683,9698394793.0
1054.401,84.0,89908.0,5411.0,62.0,494.999,9698444169.0
1054.502,82.0,89908.0,5411.0,62.0,494.526,9698494309.0
1054.603,82.0,89908.0,5411.0,62.0,492.482,9698545008.0
1054.702,81.0,89908.0,5411.0,62.0,491.172,9698591323.0
1054.801,84.0,89908.0,5411.0,62.0,489.594,9698640139.0
1054.902,84.0,89908.0,5411.0,60.0,490.913,9698689984.0
1055.002,84.0,89908.0,5411.0,61.0,488.909,9698736796.0
1055.101,84.0,89908.0,5411.0,62.0,490.716,9698786776.0
1055.202,86.0,89908.0,5411.0,62.0,486.088,9698833487.0
1055.303,86.0,89908.0,5411.0,61.0,486.242,9698881271.0
1055.401,79.0,89908.0,5411.0,61.0,487.148,9698931803.0
1055.502,79.0,89908.0,5411.0,61.0,486.542,9698978910.0
1055.601,83.0,89908.0,5411.0,61.0,479.019,9699024917.0
1055.702,83.0,89908.0,5411.0,61.0,476.275,9699069957.0
1055.801,83.0,89908.0,5411.0,61.0,476.275,9699114379.0
1055.903,86.0,89908.0,5411.0,60.0,472.825,9699114379.0
1056.002,86.0,89908.0,5411.0,61.0,467.383,9699158894.0
1056.101,84.0,89908.0,5411.0,61.0,462.302,9699202083.0
1056.202,84.0,89908.0,5411.0,61.0,455.277,9699244695.0
1056.303,80.0,89908.0,5411.0,60.0,452.43,9699289118.0
1056.403,80.0,89908.0,5411.0,60.0,443.977,9699331060.0
1056.502,84.0,89908.0,5411.0,59.0,432.098,9699370067.0
1056.601,84.0,89908.0,5411.0,60.0,428.975,9699411738.0
1056.701,79.0,89908.0,5411.0,60.0,424.349,9699455282.0
1056.803,79.0,89908.0,5411.0,60.0,419.784,9699493669.0
1056.902,80.0,89908.0,5411.0,59.0,415.467,9699533583.0
1057.002,80.0,89908.0,5411.0,58.0,409.35,9699611074.0
1057.103,73.0,89908.0,5411.0,58.0,404.277,9699645180.0
1057.202,73.0,89908.0,5411.0,57.0,394.771,9699678948.0
1057.301,72.0,89908.0,5411.0,57.0,382.657,9699716615.0
1057.401,72.0,89908.0,5411.0,57.0,382.375,9699753154.0
1057.502,72.0,89908.0,5411.0,57.0,377.077,9699790403.0
1057.601,69.0,89908.0,5411.0,56.0,365.528,9699822324.0
1057.702,69.0,89908.0,5411.0,56.0,358.887,9699853105.0
1057.803,67.0,89908.0,5411.0,55.0,356.842,9699890170.0
1057.902,67.0,89908.0,5411.0,55.0,350.25,9699925152.0
1058.003,64.0,89908.0,5411.0,55.0,345.289,9699956957.0
1058.102,64.0,89908.0,5411.0,54.0,342.199,9699984872.0
1058.203,62.0,89908.0,5411.0,54.0,333.941,9700013712.0
1058.303,62.0,89908.0,5411.0,54.0,327.253,9700042019.0
1058.402,62.0,89908.0,5411.0,54.0,327.253,9700042019.0
1058.503,61.0,89908.0,5411.0,54.0,319.636,9700073774.0
1058.603,61.0,89908.0,5411.0,53.0,305.807,9700098301.0
1058.703,55.0,89908.0,5411.0,53.0,298.364,9700122661.0
1058.802,55.0,89908.0,5411.0,51.0,284.077,9700140657.0
1058.903,25.0,89908.0,5411.0,51.0,262.18,9700155183.0
1059.002,25.0,89908.0,5411.0,50.0,238.987,9700168226.0
1059.102,0.0,89908.0,5411.0,49.0,221.226,9700181250.0
1059.202,0.0,89908.0,5411.0,49.0,207.764,9700194279.0
1059.302,0.0,89908.0,5411.0,49.0,191.56,9700207263.0
1059.402,0.0,89908.0,5411.0,49.0,172.558,9700220233.0
1059.511,0.0,89908.0,5411.0,48.0,156.242,9700233136.0
1059.603,0.0,89908.0,5411.0,48.0,145.065,9700259026.0
1059.702,0.0,89908.0,5411.0,48.0,135.58,9700271940.0
1059.802,0.0,89908.0,5411.0,48.0,131.032,9700284821.0
1059.902,0.0,89908.0,5411.0,48.0,129.664,9700297676.0
1060.002,0.0,89908.0,5411.0,48.0,129.477,9700310535.0
1060.101,0.0,89908.0,5411.0,48.0,129.322,9700323361.0
1060.202,0.0,89908.0,5411.0,47.0,129.007,9700336239.0
1060.302,0.0,89908.0,5411.0,48.0,132.176,9700350992.0
1060.402,50.0,89908.0,5411.0,48.0,137.349,9700368944.0
1060.502,50.0,89908.0,5411.0,48.0,142.015,9700386942.0
1060.601,50.0,89908.0,5411.0,48.0,147.281,9700404905.0
1060.702,50.0,89908.0,5411.0,48.0,152.799,9700423453.0
1060.802,50.0,89908.0,5411.0,48.0,157.074,9700441215.0
1060.901,50.0,89908.0,5411.0,48.0,161.919,9700458661.0
1061.001,50.0,89908.0,5411.0,48.0,166.216,9700476143.0
1061.101,50.0,89908.0,5411.0,48.0,171.594,9700476143.0
1061.202,55.0,89908.0,5411.0,48.0,182.034,9700494440.0
1061.302,55.0,89908.0,5411.0,48.0,188.007,9700517107.0
1061.402,55.0,89908.0,5411.0,49.0,190.877,9700537539.0
1061.501,55.0,89908.0,5411.0,48.0,191.003,9700560412.0
1061.601,54.0,89908.0,5411.0,49.0,192.617,9700578967.0
1061.702,54.0,89908.0,5411.0,48.0,195.284,9700597925.0
1061.801,55.0,89908.0,5411.0,48.0,195.703,9700618080.0
1061.901,55.0,89908.0,5411.0,49.0,196.982,9700636652.0
1062.001,83.0,89908.0,5411.0,53.0,238.125,9700654094.0
1062.101,83.0,89908.0,5411.0,53.0,266.869,9700710145.0
1062.203,93.0,89908.0,5411.0,58.0,299.878,9700815187.0
1062.302,93.0,89908.0,5411.0,56.0,340.679,9700871636.0
1062.402,85.0,89908.0,5411.0,59.0,365.541,9700919691.0
1062.502,85.0,89908.0,5411.0,58.0,391.893,9700965892.0
1062.602,87.0,89908.0,5411.0,58.0,419.805,9701012244.0
1062.702,87.0,89908.0,5411.0,59.0,441.299,9701059573.0
1062.803,87.0,89908.0,5411.0,58.0,471.902,9701107872.0
1062.902,87.0,89908.0,5411.0,59.0,504.057,9701157689.0
1063.002,85.0,89908.0,5411.0,58.0,495.288,9701206615.0
1063.102,85.0,89908.0,5411.0,59.0,499.84,9701254741.0
1063.202,83.0,89908.0,5411.0,58.0,487.944,9701301651.0
1063.302,83.0,89908.0,5411.0,60.0,480.425,9701349501.0
1063.403,87.0,89908.0,5411.0,59.0,482.363,9701397102.0
1063.502,87.0,89908.0,5411.0,59.0,482.363,9701397102.0
1063.602,87.0,89908.0,5411.0,60.0,485.508,9701445326.0
1063.702,87.0,89908.0,5411.0,59.0,487.09,9701493485.0
1063.802,87.0,89908.0,5411.0,60.0,486.433,9701540485.0
1063.902,86.0,89908.0,5411.0,59.0,484.936,9701587746.0
1064.002,86.0,89908.0,5411.0,60.0,481.475,9701635870.0
1064.103,87.0,89908.0,5411.0,59.0,481.767,9701682840.0
1064.202,87.0,89908.0,5411.0,60.0,479.227,9701731614.0
1064.301,81.0,89908.0,5411.0,60.0,473.946,9701775543.0
1064.401,81.0,89908.0,5411.0,60.0,471.16,9701819736.0
1064.502,80.0,89908.0,5411.0,60.0,465.209,9701863283.0
1064.601,80.0,89908.0,5411.0,60.0,462.646,9701952034.0
1064.701,81.0,89908.0,5411.0,59.0,457.283,9701995755.0
1064.801,81.0,89908.0,5411.0,59.0,452.935,9702035268.0
1064.902,79.0,89908.0,5411.0,60.0,446.589,9702077965.0
1065.002,79.0,89908.0,5411.0,59.0,441.712,9702116964.0
1065.101,75.0,89908.0,5411.0,59.0,431.657,9702153596.0
1065.201,75.0,89908.0,5411.0,59.0,421.17,9702192791.0
1065.301,75.0,89908.0,5411.0,57.0,405.792,9702227450.0
1065.401,81.0,89908.0,5411.0,58.0,400.614,9702266484.0
1065.501,81.0,89908.0,5411.0,58.0,391.691,9702303595.0
1065.602,76.0,89908.0,5411.0,57.0,385.772,9702340332.0
1065.701,76.0,89908.0,5411.0,57.0,377.931,9702375440.0
1065.802,71.0,89908.0,5411.0,57.0,370.652,9702409451.0
1065.901,71.0,89908.0,5411.0,57.0,365.81,9702442896.0
1066.002,70.0,89908.0,5411.0,56.0,359.598,9702477495.0
1066.102,70.0,89908.0,5411.0,56.0,356.16,9702477495.0
1066.202,67.0,89908.0,5411.0,56.0,356.272,9702511272.0
1066.301,67.0,89908.0,5411.0,55.0,350.293,9702546675.0
1066.402,66.0,89908.0,5411.0,55.0,340.078,9702577221.0
1066.502,66.0,89908.0,5411.0,55.0,334.073,9702608650.0
1066.602,65.0,89908.0,5411.0,55.0,326.447,9702638197.0
1066.703,65.0,89908.0,5411.0,54.0,321.506,9702667865.0
1066.803,63.0,89908.0,5411.0,54.0,315.649,9702696525.0
1066.902,63.0,89908.0,5411.0,54.0,305.861,9702724259.0
1067.002,62.0,89908.0,5411.0,54.0,300.508,9702751029.0
1067.102,62.0,89908.0,5411.0,54.0,293.444,9702777939.0
1067.202,61.0,89908.0,5411.0,53.0,284.705,9702833020.0
1067.303,61.0,89908.0,5411.0,53.0,280.397,9702859299.0
1067.403,60.0,89908.0,5411.0,53.0,273.821,9702883539.0
1067.501,60.0,89908.0,5411.0,52.0,267.066,9702907691.0
1067.601,59.0,89908.0,5411.0,52.0,261.716,9702930893.0
1067.703,59.0,89908.0,5411.0,52.0,253.687,9702953436.0
1067.802,0.0,89908.0,5411.0,50.0,239.146,9702967313.0
1067.903,0.0,89908.0,5411.0,49.0,226.175,9702980368.0
1068.003,0.0,89908.0,5411.0,49.0,210.92,9702993404.0
1068.102,0.0,89908.0,5411.0,49.0,195.806,9703006392.0
1068.202,0.0,89908.0,5411.0,49.0,182.299,9703019371.0
1068.303,0.0,89908.0,5411.0,48.0,169.39,9703032334.0
1068.403,0.0,89908.0,5411.0,48.0,157.132,9703045317.0
1068.503,0.0,89908.0,5411.0,48.0,148.825,9703058244.0
1068.602,0.0,89908.0,5411.0,48.0,136.319,9703058244.0
1068.702,0.0,89908.0,5411.0,48.0,129.675,9703071129.0
1068.802,0.0,89908.0,5411.0,48.0,129.494,9703083961.0
1068.902,0.0,89908.0,5411.0,47.0,129.296,9703096805.0
1069.003,0.0,89908.0,5411.0,47.0,129.138,9703109684.0
1069.102,0.0,89908.0,5411.0,47.0,128.974,9703122524.0
1069.202,0.0,89908.0,5411.0,47.0,128.789,9703135348.0
1069.301,0.0,89908.0,5411.0,47.0,128.621,9703148187.0
1069.402,0.0,89908.0,5411.0,47.0,128.444,9703160953.0
1069.503,0.0,89908.0,5411.0,47.0,128.356,9703173743.0
1069.602,0.0,89908.0,5411.0,47.0,128.265,9703186554.0
1069.702,0.0,89908.0,5411.0,47.0,128.221,9703199337.0
1069.802,0.0,89908.0,5411.0,47.0,128.172,9703212124.0
1069.902,0.0,89908.0,5411.0,47.0,128.111,9703237707.0
1070.003,0.0,89908.0,5411.0,47.0,128.022,9703250502.0
1070.102,0.0,89908.0,5411.0,47.0,127.965,9703263248.0
1070.202,0.0,89908.0,5411.0,47.0,127.907,9703276008.0
1070.302,0.0,89908.0,5411.0,47.0,127.846,9703288756.0
1070.402,0.0,89908.0,5411.0,47.0,127.819,9703301528.0
1070.502,0.0,89908.0,5411.0,47.0,127.792,9703314281.0
1070.603,0.0,89908.0,5411.0,47.0,127.795,9703327093.0
1070.702,0.0,89908.0,5411.0,47.0,127.731,9703339848.0
1070.803,0.0,89908.0,5411.0,47.0,127.715,9703352582.0
1070.902,0.0,89908.0,5411.0,46.0,127.667,9703365346.0
1071.003,0.0,89908.0,5411.0,46.0,127.659,9703378130.0
1071.102,0.0,89908.0,5411.0,46.0,127.702,9703390892.0
1071.202,0.0,89908.0,5411.0,46.0,127.651,9703403651.0
1071.302,0.0,89908.0,5411.0,46.0,127.659,9703416398.0
1071.402,0.0,89908.0,5411.0,46.0,127.655,9703429143.0
1071.502,0.0,89908.0,5411.0,46.0,127.655,9703441875.0
1071.603,0.0,89908.0,5411.0,46.0,127.617,9703441875.0
1071.702,0.0,89908.0,5411.0,46.0,127.594,9703454629.0
1071.802,0.0,89908.0,5411.0,46.0,127.588,9703467356.0
1071.902,0.0,89908.0,5411.0,46.0,127.578,9703480130.0
1072.002,0.0,89908.0,5411.0,46.0,127.567,9703492845.0
1072.103,0.0,89908.0,5411.0,46.0,127.463,9703505547.0
1072.203,0.0,89908.0,5411.0,46.0,127.41,9703518259.0
1072.303,0.0,89908.0,5411.0,46.0,127.393,9703530988.0
1072.403,0.0,89908.0,5411.0,46.0,127.41,9703543714.0
1072.503,0.0,89908.0,5411.0,46.0,127.41,9703556462.0
1072.603,0.0,89908.0,5411.0,46.0,127.407,9703569212.0
1072.703,0.0,89908.0,5411.0,46.0,127.403,9703581959.0
1072.802,0.0,89908.0,5411.0,46.0,127.395,9703607438.0
1072.902,0.0,89908.0,5411.0,46.0,127.374,9703620189.0
1073.002,0.0,89908.0,5411.0,46.0,127.424,9703632958.0
1073.102,0.0,89908.0,5411.0,46.0,127.516,9703645701.0
1073.202,0.0,89908.0,5411.0,46.0,127.508,9703658421.0
1073.303,0.0,89908.0,5411.0,46.0,127.524,9703671134.0
1073.402,0.0,89908.0,5411.0,46.0,127.477,9703683838.0
1073.502,0.0,89908.0,5411.0,46.0,127.426,9703696577.0
1073.602,0.0,89908.0,5411.0,46.0,127.428,9703709308.0
1073.702,0.0,89908.0,5411.0,46.0,127.454,9703722066.0
1073.802,0.0,89908.0,5411.0,46.0,127.378,9703734726.0
1073.902,0.0,89908.0,5411.0,46.0,127.31,9703747438.0
1074.003,0.0,89908.0,5411.0,46.0,127.275,9703760183.0
1074.103,0.0,89908.0,5411.0,46.0,127.301,9703772939.0
1074.203,0.0,89908.0,5411.0,46.0,127.272,9703785651.0
1074.303,0.0,89908.0,5411.0,46.0,127.337,9703785651.0
1074.402,0.0,89908.0,5411.0,46.0,127.328,9703798405.0
1074.502,0.0,89908.0,5411.0,46.0,127.317,9703811123.0
1074.602,0.0,89908.0,5411.0,46.0,127.263,9703823851.0
1074.702,0.0,89908.0,5411.0,46.0,127.272,9703836582.0
1074.802,0.0,89908.0,5411.0,46.0,127.328,9703849307.0
1074.902,0.0,89908.0,5411.0,46.0,127.321,9703862023.0
1075.002,0.0,89908.0,5411.0,46.0,127.299,9703874741.0
1075.102,0.0,89908.0,5411.0,46.0,127.247,9703887466.0
1075.202,0.0,89908.0,5411.0,46.0,127.242,9703900137.0
1075.303,0.0,89908.0,5411.0,46.0,127.19,9703912832.0
1075.402,0.0,89908.0,5411.0,46.0,127.221,9703925551.0
1075.502,0.0,89908.0,5411.0,46.0,127.2,9703938243.0
1075.603,0.0,89908.0,5411.0,46.0,127.2,9703963729.0
1075.702,0.0,89908.0,5411.0,46.0,127.227,9703976438.0
1075.802,0.0,89908.0,5411.0,46.0,127.253,9703989172.0
1075.902,0.0,89908.0,5411.0,46.0,127.248,9704001899.0
1076.002,0.0,89908.0,5411.0,46.0,127.221,9704014604.0
1076.103,0.0,89908.0,5411.0,46.0,127.237,9704027279.0
1076.202,0.0,89908.0,5411.0,46.0,127.251,9704040035.0
1076.302,0.0,89908.0,5411.0,46.0,127.219,9704052706.0
1076.402,0.0,89908.0,5411.0,46.0,127.163,9704065365.0
1076.502,0.0,89908.0,5411.0,46.0,127.099,9704078051.0
1076.602,0.0,89908.0,5411.0,46.0,127.016,9704090659.0
1076.702,0.0,89908.0,5411.0,46.0,127.004,9704103375.0
1076.803,0.0,89908.0,5411.0,46.0,127.001,9704116125.0
1076.903,0.0,89908.0,5411.0,46.0,127.014,9704128849.0
1077.002,0.0,89908.0,5411.0,46.0,127.025,9704141562.0
1077.103,0.0,89908.0,5411.0,46.0,127.033,9704154288.0
1077.203,0.0,89908.0,5411.0,46.0,127.033,9704166987.0
1077.302,0.0,89908.0,5411.0,46.0,127.037,9704166987.0
1077.403,0.0,89908.0,5411.0,46.0,127.075,9704179702.0
1077.502,0.0,89908.0,5411.0,46.0,127.133,9704192417.0
1077.602,0.0,89908.0,5411.0,46.0,127.184,9704205141.0
1077.703,0.0,89908.0,5411.0,46.0,127.276,9704217859.0
1077.803,0.0,89908.0,5411.0,46.0,127.24,9704230567.0
1077.903,0.0,89908.0,5411.0,46.0,127.156,9704243267.0
1078.002,0.0,89908.0,5411.0,46.0,127.189,9704255964.0
1078.103,0.0,89908.0,5411.0,46.0,127.219,9704268727.0
1078.203,0.0,89908.0,5411.0,46.0,127.203,9704281416.0
1078.302,0.0,89908.0,5411.0,46.0,127.201,9704294128.0
1078.402,0.0,89908.0,5411.0,46.0,127.194,9704306806.0
1078.503,0.0,89908.0,5411.0,46.0,127.203,9704332272.0
1078.602,0.0,89908.0,5411.0,46.0,127.253,9704344998.0
1078.702,0.0,89908.0,5411.0,46.0,127.22,9704357663.0
1078.803,0.0,89908.0,5411.0,46.0,127.124,9704370272.0
1078.902,0.0,89908.0,5411.0,46.0,127.096,9704382899.0
1079.003,0.0,89908.0,5411.0,46.0,126.974,9704395491.0
1079.102,0.0,89908.0,5411.0,46.0,126.799,9704408114.0
1079.202,0.0,89908.0,5411.0,46.0,126.746,9704420749.0
1079.302,0.0,89908.0,5411.0,46.0,126.7,9704433375.0
1079.402,0.0,89908.0,5411.0,46.0,126.614,9704446042.0
1079.502,0.0,89908.0,5411.0,46.0,126.544,9704458674.0
1079.602,0.0,89908.0,5411.0,46.0,126.404,9704471296.0
1079.703,0.0,89908.0,5411.0,46.0,126.292,9704483895.0
1079.803,0.0,89908.0,5411.0,46.0,126.268,9704496510.0
1079.903,0.0,89908.0,5411.0,46.0,126.278,9704509126.0
1080.003,0.0,89908.0,5411.0,46.0,126.289,9704521760.0
1080.102,0.0,89908.0,5411.0,46.0,126.3,9704521760.0
1080.202,0.0,89908.0,5411.0,46.0,126.266,9704534356.0
1080.302,0.0,89908.0,5411.0,46.0,126.222,9704546963.0
1080.402,0.0,89908.0,5411.0,46.0,126.205,9704559562.0
1080.503,0.0,89908.0,5411.0,46.0,126.183,9704572172.0
1080.602,0.0,89908.0,5411.0,46.0,126.148,9704584778.0
1080.703,0.0,89908.0,5411.0,46.0,126.132,9704597373.0
1080.802,0.0,89908.0,5411.0,46.0,126.172,9704610011.0
1080.902,0.0,89908.0,5411.0,46.0,126.167,9704622611.0
1081.002,0.0,89908.0,5411.0,46.0,126.101,9704635188.0
1081.102,0.0,89908.0,5411.0,46.0,126.125,9704647797.0
1081.203,0.0,89908.0,5411.0,46.0,126.123,9704660409.0
1081.303,0.0,89908.0,5411.0,46.0,126.106,9704673018.0
1081.403,0.0,89908.0,5411.0,46.0,126.115,9704698244.0
1081.503,0.0,89908.0,5411.0,46.0,126.105,9704710836.0
1081.603,0.0,89908.0,5411.0,46.0,126.1,9704723438.0
1081.703,0.0,89908.0,5411.0,46.0,126.112,9704736046.0
1081.802,0.0,89908.0,5411.0,46.0,126.114,9704748661.0
1081.902,0.0,89908.0,5411.0,46.0,126.111,9704761274.0
1082.003,0.0,89908.0,5411.0,46.0,126.128,9704773880.0
1082.102,0.0,89908.0,5411.0,46.0,126.138,9704786483.0
1082.203,0.0,89908.0,5411.0,46.0,126.166,9704799126.0
1082.302,0.0,89908.0,5411.0,46.0,126.143,9704811732.0
1082.402,0.0,89908.0,5411.0,46.0,126.172,9704824318.0
1082.502,0.0,89908.0,5411.0,46.0,126.148,9704836932.0
1082.602,0.0,89908.0,5411.0,46.0,126.203,9704849552.0
1082.702,0.0,89908.0,5411.0,46.0,126.18,9704862151.0
1082.803,0.0,89908.0,5411.0,46.0,126.196,9704874780.0
1082.903,0.0,89908.0,5411.0,46.0,126.196,9704887393.0
1083.002,0.0,89908.0,5411.0,46.0,126.21,9704887393.0
1083.102,0.0,89908.0,5411.0,46.0,126.205,9704899999.0
1083.202,0.0,89908.0,5411.0,46.0,126.172,9704912625.0
1083.302,0.0,89908.0,5411.0,46.0,126.202,9704925231.0
1083.402,0.0,89908.0,5411.0,46.0,126.201,9704937834.0
1083.502,0.0,89908.0,5411.0,46.0,126.202,9704950444.0
1083.602,0.0,89908.0,5411.0,46.0,126.223,9704963091.0
1083.702,0.0,89908.0,5411.0,46.0,126.219,9704975702.0
1083.802,0.0,89908.0,5411.0,46.0,126.192,9704988285.0
1083.902,0.0,89908.0,5411.0,46.0,126.197,9705000899.0
1084.002,0.0,89908.0,5411.0,46.0,126.179,9705013483.0
1084.103,0.0,89908.0,5411.0,46.0,126.183,9705026098.0
1084.202,0.0,89908.0,5411.0,46.0,126.163,9705051325.0
1084.302,0.0,89908.0,5411.0,46.0,126.186,9705063914.0
1084.402,0.0,89908.0,5411.0,46.0,126.156,9705076540.0
1084.502,0.0,89908.0,5411.0,46.0,126.138,9705089122.0
1084.603,0.0,89908.0,5411.0,46.0,126.086,9705101721.0
1084.703,0.0,89908.0,5411.0,46.0,126.088,9705114309.0
1084.802,0.0,89908.0,5411.0,46.0,126.07,9705126918.0
1084.902,0.0,89908.0,5411.0,46.0,126.064,9705139515.0
1085.002,0.0,89908.0,5411.0,46.0,126.107,9705152148.0
1085.103,0.0,89908.0,5411.0,46.0,126.091,9705164781.0
1085.202,0.0,89908.0,5411.0,46.0,126.113,9705177359.0
1085.302,0.0,89908.0,5411.0,46.0,126.068,9705189962.0
1085.402,0.0,89908.0,5411.0,46.0,126.025,9705202549.0
1085.502,0.0,89908.0,5411.0,46.0,126.078,9705215128.0
1085.602,0.0,89908.0,5411.0,46.0,126.102,9705227740.0
1085.702,0.0,89908.0,5411.0,46.0,126.107,9705240370.0
1085.802,0.0,89908.0,5411.0,46.0,126.107,9705240370.0
1085.902,0.0,89908.0,5411.0,46.0,126.096,9705252972.0
1086.003,0.0,89908.0,5411.0,46.0,126.084,9705265559.0
1086.102,0.0,89908.0,5411.0,46.0,126.075,9705278179.0
1086.202,0.0,89908.0,5411.0,46.0,126.066,9705290774.0
1086.302,0.0,89908.0,5411.0,46.0,126.074,9705303370.0
1086.402,0.0,89908.0,5411.0,46.0,126.071,9705315959.0
1086.503,0.0,89908.0,5411.0,46.0,126.114,9705328566.0
1086.603,0.0,89908.0,5411.0,46.0,126.105,9705341152.0
1086.702,0.0,89908.0,5411.0,46.0,126.068,9705353740.0
1086.802,0.0,89908.0,5411.0,46.0,126.082,9705366354.0
1086.902,0.0,89908.0,5411.0,46.0,126.089,9705378941.0
1087.002,0.0,89908.0,5411.0,46.0,126.068,9705404167.0
1087.103,0.0,89908.0,5411.0,46.0,126.069,9705416744.0
1087.202,0.0,89908.0,5411.0,46.0,126.052,9705429344.0
1087.302,0.0,89908.0,5411.0,46.0,126.052,9705441934.0
1087.402,0.0,89908.0,5411.0,46.0,126.063,9705454545.0
1087.503,0.0,89908.0,5411.0,46.0,126.048,9705467142.0
1087.603,0.0,89908.0,5411.0,46.0,126.039,9705479751.0
1087.703,0.0,89908.0,5411.0,46.0,126.065,9705492376.0
1087.803,0.0,89908.0,5411.0,46.0,126.072,9705504972.0
1087.902,0.0,89908.0,5411.0,46.0,126.086,9705517567.0
1088.002,0.0,89908.0,5411.0,46.0,126.068,9705530163.0
1088.103,0.0,89908.0,5411.0,46.0,126.065,9705542766.0
1088.202,0.0,89908.0,5411.0,46.0,126.098,9705555358.0
1088.303,0.0,89908.0,5411.0,46.0,126.055,9705567922.0
1088.402,0.0,89908.0,5411.0,46.0,126.056,9705580502.0
1088.502,0.0,89908.0,5411.0,46.0,126.056,9705593103.0
1088.602,0.0,89908.0,5411.0,46.0,126.053,9705593103.0
1088.702,0.0,89908.0,5411.0,46.0,126.006,9705605710.0
1088.802,0.0,89908.0,5411.0,46.0,125.995,9705618293.0
1088.902,0.0,89908.0,5411.0,46.0,125.969,9705630861.0
1089.002,0.0,89908.0,5411.0,46.0,125.974,9705643460.0
1089.103,0.0,89908.0,5411.0,46.0,126.011,9705656070.0
1089.202,0.0,89908.0,5411.0,46.0,125.979,9705668662.0
1089.302,0.0,89908.0,5411.0,46.0,125.974,9705681264.0
1089.403,0.0,89908.0,5411.0,46.0,126.023,9705693859.0
1089.503,0.0,89908.0,5411.0,46.0,126.032,9705706442.0
1089.603,0.0,89908.0,5411.0,46.0,125.996,9705719032.0
1089.716,0.0,89908.0,5411.0,46.0,125.987,9705731589.0
1089.802,0.0,89908.0,5411.0,46.0,126.016,9705756782.0
1089.903,0.0,89908.0,5411.0,46.0,126.039,9705769390.0
1090.002,0.0,89908.0,5411.0,46.0,126.04,9705781992.0
1090.102,0.0,89908.0,5411.0,46.0,126.015,9705794598.0
1090.202,0.0,89908.0,5411.0,46.0,126.031,9705807219.0
1090.302,0.0,89908.0,5411.0,46.0,126.05,9705819803.0
1090.402,0.0,89908.0,5411.0,46.0,126.082,9705832433.0
1090.502,0.0,89908.0,5411.0,46.0,126.064,9705845012.0
1090.603,0.0,89908.0,5411.0,46.0,126.096,9705857643.0
1090.703,0.0,89908.0,5411.0,46.0,126.183,9705870251.0
1090.802,0.0,89908.0,5411.0,46.0,126.131,9705882841.0
1090.903,0.0,89908.0,5411.0,46.0,126.127,9705895454.0
1091.002,0.0,89908.0,5411.0,46.0,126.137,9705908056.0
1091.102,0.0,89908.0,5411.0,46.0,126.164,9705920659.0
1091.203,0.0,89908.0,5411.0,46.0,126.118,9705933264.0
1091.302,0.0,89908.0,5411.0,46.0,126.118,9705945819.0
1091.403,0.0,89908.0,5411.0,46.0,126.056,9705945819.0
1091.502,0.0,89908.0,5411.0,46.0,126.063,9705958418.0
1091.602,0.0,89908.0,5411.0,46.0,126.063,9705971013.0
1091.702,0.0,89908.0,5411.0,46.0,126.019,9705983615.0
1091.802,0.0,89908.0,5411.0,46.0,126.035,9705996212.0
1091.902,0.0,89908.0,5411.0,46.0,126.03,9706008813.0
1092.002,0.0,89908.0,5411.0,46.0,126.012,9706021390.0
1092.103,0.0,89908.0,5411.0,46.0,125.991,9706034005.0
1092.202,0.0,89908.0,5411.0,46.0,126.006,9706046594.0
1092.302,0.0,89908.0,5411.0,46.0,126.003,9706059190.0
1092.402,0.0,89908.0,5411.0,46.0,125.99,9706071763.0
1092.503,0.0,89908.0,5411.0,46.0,126.007,9706084352.0
1092.603,0.0,89908.0,5411.0,46.0,126.026,9706109581.0
1092.702,0.0,89908.0,5411.0,46.0,126.038,9706122189.0
1092.802,0.0,89908.0,5411.0,46.0,126.04,9706134784.0
1092.902,0.0,89908.0,5411.0,46.0,126.056,9706147374.0
1093.002,0.0,89908.0,5411.0,46.0,126.044,9706159974.0
1093.102,0.0,89908.0,5411.0,46.0,126.019,9706172550.0
1093.202,0.0,89908.0,5411.0,46.0,126.021,9706185138.0
1093.302,0.0,89908.0,5411.0,46.0,126.034,9706197722.0
1093.402,0.0,89908.0,5411.0,46.0,126.06,9706210325.0
1093.503,0.0,89908.0,5411.0,46.0,126.054,9706222931.0
1093.603,0.0,89908.0,5411.0,46.0,126.01,9706235485.0
1093.702,0.0,89908.0,5411.0,46.0,125.979,9706248071.0
1093.802,0.0,89908.0,5411.0,46.0,125.945,9706260660.0
1093.902,0.0,89908.0,5411.0,46.0,125.968,9706273251.0
1094.003,0.0,89908.0,5411.0,46.0,125.921,9706285831.0
1094.103,0.0,89908.0,5411.0,46.0,125.921,9706298447.0
1094.202,0.0,89908.0,5411.0,46.0,125.977,9706298447.0
1094.302,0.0,89908.0,5411.0,46.0,125.989,9706311054.0
1094.402,0.0,89908.0,5411.0,46.0,125.991,9706323665.0
1094.502,0.0,89908.0,5411.0,46.0,126.005,9706336264.0
1094.603,0.0,89908.0,5411.0,46.0,126.033,9706348850.0
1094.702,0.0,89908.0,5411.0,46.0,125.991,9706361441.0
1094.803,0.0,89908.0,5411.0,46.0,126.014,9706373998.0
1094.903,0.0,89908.0,5411.0,46.0,125.964,9706386585.0
1095.003,0.0,89908.0,5411.0,46.0,125.974,9706399141.0
1095.103,0.0,89908.0,5411.0,46.0,125.96,9706411744.0
1095.202,0.0,89908.0,5411.0,46.0,125.943,9706424312.0
1095.302,0.0,89908.0,5411.0,46.0,125.89,9706436907.0
1095.403,0.0,89908.0,5411.0,46.0,125.919,9706462120.0
1095.502,0.0,89908.0,5411.0,46.0,125.968,9706474738.0
1095.602,0.0,89908.0,5411.0,46.0,125.932,9706487325.0
1095.703,0.0,89908.0,5411.0,46.0,125.955,9706499919.0
1095.802,0.0,89908.0,5411.0,46.0,125.99,9706512526.0
1095.902,0.0,89908.0,5411.0,46.0,126.04,9706525134.0
1096.004,0.0,89908.0,5411.0,46.0,126.045,9706537743.0
1096.102,0.0,89908.0,5411.0,46.0,126.106,9706550347.0
1096.202,0.0,89908.0,5411.0,46.0,126.099,9706562915.0
1096.303,0.0,89908.0,5411.0,46.0,126.058,9706575474.0
1096.402,0.0,89908.0,5411.0,46.0,126.058,9706588093.0
1096.502,0.0,89908.0,5411.0,46.0,126.017,9706600660.0
1096.603,0.0,89908.0,5411.0,46.0,125.976,9706613266.0
1096.702,0.0,89908.0,5411.0,46.0,125.997,9706625853.0
1096.802,0.0,89908.0,5411.0,46.0,126.01,9706638452.0
1096.902,0.0,89908.0,5411.0,46.0,125.987,9706651052.0
1097.002,0.0,89908.0,5411.0,46.0,125.965,9706663629.0
1097.102,0.0,89908.0,5411.0,46.0,125.939,9706676189.0
1097.202,0.0,89908.0,5411.0,46.0,125.919,9706676189.0
1097.302,0.0,89908.0,5411.0,46.0,125.974,9706688784.0
1097.402,0.0,89908.0,5411.0,46.0,125.991,9706701396.0
1097.502,0.0,89908.0,5411.0,46.0,125.974,9706713979.0
1097.602,0.0,89908.0,5411.0,46.0,125.955,9706726551.0
1097.702,0.0,89908.0,5411.0,46.0,125.923,9706739137.0
1097.803,0.0,89908.0,5411.0,46.0,125.914,9706751710.0
1097.903,0.0,89908.0,5411.0,46.0,125.891,9706764286.0
1098.002,0.0,89908.0,5411.0,46.0,125.918,9706776882.0
1098.103,0.0,89908.0,5411.0,46.0,125.909,9706789482.0
1098.202,0.0,89908.0,5411.0,46.0,125.914,9706802057.0
1098.302,0.0,89908.0,5411.0,46.0,125.876,9706814635.0
1098.402,0.0,89908.0,5411.0,46.0,125.867,9706839780.0
1098.502,0.0,89908.0,5411.0,46.0,125.883,9706852377.0
1098.601,0.0,89908.0,5411.0,46.0,125.883,9706864954.0
1098.702,0.0,89908.0,5411.0,46.0,125.892,9706877529.0
1098.802,0.0,89908.0,5411.0,46.0,125.919,9706890124.0
1098.902,0.0,89908.0,5411.0,46.0,125.914,9706902734.0
1099.002,0.0,89908.0,5411.0,46.0,125.891,9706915327.0
1099.102,0.0,89908.0,5411.0,46.0,125.925,9706927916.0
1099.202,0.0,89908.0,5411.0,46.0,125.954,9706940527.0
1099.303,0.0,89908.0,5411.0,46.0,125.974,9706953140.0
1099.403,0.0,89908.0,5411.0,46.0,126.014,9706965727.0
1099.502,0.0,89908.0,5411.0,46.0,126.002,9706978334.0
1099.602,0.0,89908.0,5411.0,46.0,126.028,9706990962.0
1099.701,0.0,89908.0,5411.0,46.0,126.084,9707003551.0
1099.802,0.0,89908.0,5411.0,46.0,126.085,9707016171.0
1099.902,0.0,89908.0,5411.0,46.0,126.085,9707028745.0
1100.003,0.0,89908.0,5411.0,46.0,126.053,9707028745.0
1100.102,0.0,89908.0,5411.0,46.0,126.08,9707041331.0
1100.203,0.0,89908.0,5411.0,46.0,126.054,9707053943.0
1100.302,0.0,89908.0,5411.0,46.0,126.039,9707066526.0
1100.402,0.0,89908.0,5411.0,46.0,126.035,9707079114.0
1100.503,0.0,89908.0,5411.0,46.0,126.03,9707091710.0
1100.602,0.0,89908.0,5411.0,46.0,126.039,9707104298.0
1100.702,0.0,89908.0,5411.0,46.0,126.017,9707116889.0
1100.802,0.0,89908.0,5411.0,46.0,126.011,9707129485.0
1100.902,0.0,89908.0,5411.0,46.0,126.014,9707142064.0
1101.002,0.0,89908.0,5411.0,46.0,126.029,9707154653.0
1101.102,0.0,89908.0,5411.0,46.0,125.979,9707167248.0
1101.203,0.0,89908.0,5411.0,46.0,126.001,9707192446.0
1101.302,0.0,89908.0,5411.0,46.0,126.026,9707205038.0
1101.402,0.0,89908.0,5411.0,46.0,126.008,9707217629.0
1101.502,0.0,89908.0,5411.0,46.0,126.007,9707230240.0
1101.602,0.0,89908.0,5411.0,46.0,126.037,9707242848.0
1101.702,0.0,89908.0,5411.0,46.0,126.018,9707255436.0
1101.802,0.0,89908.0,5411.0,46.0,125.976,9707268012.0
1101.902,0.0,89908.0,5411.0,46.0,126.006,9707280588.0
1102.002,0.0,89908.0,5411.0,46.0,125.987,9707293172.0
1102.101,0.0,89908.0,5411.0,46.0,125.946,9707305739.0
1102.201,0.0,89908.0,5411.0,46.0,125.932,9707318332.0
1102.302,0.0,89908.0,5411.0,46.0,125.958,9707330931.0
1102.402,0.0,89908.0,5411.0,46.0,125.975,9707343523.0
1102.502,0.0,89908.0,5411.0,46.0,125.963,9707356122.0
1102.603,0.0,89908.0,5411.0,46.0,125.928,9707368696.0
1102.702,0.0,89908.0,5411.0,46.0,125.936,9707381285.0
1102.803,0.0,89908.0,5411.0,46.0,125.925,9707393877.0
1102.902,0.0,89908.0,5411.0,46.0,125.928,9707406457.0
1103.002,0.0,89908.0,5411.0,46.0,125.928,9707406457.0
1103.102,0.0,89908.0,5411.0,46.0,125.925,9707419037.0
1103.202,0.0,89908.0,5411.0,46.0,125.937,9707431640.0
1103.302,0.0,89908.0,5411.0,46.0,126.007,9707444285.0
1103.402,0.0,89908.0,5411.0,46.0,126.039,9707456886.0
1103.502,0.0,89908.0,5411.0,46.0,126.063,9707469499.0
1103.602,0.0,89908.0,5411.0,46.0,126.089,9707482094.0
1103.702,0.0,89908.0,5411.0,46.0,126.101,9707494697.0
1103.803,0.0,89908.0,5411.0,46.0,126.112,9707507307.0
1103.903,0.0,89908.0,5411.0,46.0,126.147,9707519901.0
1104.002,0.0,89908.0,5411.0,46.0,126.156,9707532502.0
1104.102,0.0,89908.0,5411.0,46.0,126.147,9707545084.0
1104.202,0.0,89908.0,5411.0,46.0,126.103,9707557680.0
1104.303,0.0,89908.0,5411.0,46.0,126.069,9707582855.0
1104.402,0.0,89908.0,5411.0,46.0,126.025,9707595453.0
1104.503,0.0,89908.0,5411.0,46.0,126.007,9707608045.0
1104.603,0.0,89908.0,5411.0,46.0,126.012,9707620631.0
1104.703,0.0,89908.0,5411.0,46.0,125.983,9707633222.0
1104.801,0.0,89908.0,5411.0,46.0,125.988,9707645819.0
1104.902,0.0,89908.0,5411.0,46.0,125.999,9707658393.0
1105.001,0.0,89908.0,5411.0,46.0,125.943,9707670963.0
1105.102,0.0,89908.0,5411.0,46.0,125.948,9707683554.0
1105.201,0.0,89908.0,5411.0,46.0,125.971,9707696151.0
1105.302,0.0,89908.0,5411.0,46.0,126.018,9707708766.0
1105.403,0.0,89908.0,5411.0,46.0,126.037,9707721364.0
1105.502,0.0,89908.0,5411.0,46.0,126.032,9707733926.0
1105.602,0.0,89908.0,5411.0,46.0,126.006,9707746512.0
1105.701,0.0,89908.0,5411.0,46.0,126.009,9707759133.0
1105.802,0.0,89908.0,5411.0,46.0,126.009,9707771724.0
1105.902,0.0,89908.0,5411.0,46.0,126.009,9707784294.0
1106.002,0.0,89908.0,5411.0,46.0,126.009,9707784294.0
1106.103,0.0,89908.0,5411.0,46.0,125.996,9707796854.0
1106.202,0.0,89908.0,5411.0,46.0,125.948,9707809421.0
1106.302,0.0,89908.0,5411.0,46.0,125.937,9707822001.0
1106.402,0.0,89908.0,5411.0,46.0,125.898,9707834635.0
1106.503,0.0,89908.0,5411.0,46.0,125.905,9707847207.0
1106.602,0.0,89908.0,5411.0,46.0,125.915,9707859774.0
1106.702,0.0,89908.0,5411.0,46.0,125.897,9707872340.0
1106.803,0.0,89908.0,5411.0,46.0,125.905,9707884948.0
1106.902,0.0,89908.0,5411.0,46.0,125.904,9707897541.0
1107.002,0.0,89908.0,5411.0,46.0,125.928,9707910112.0
1107.101,0.0,89908.0,5411.0,46.0,125.975,9707922723.0
1107.202,0.0,89908.0,5411.0,46.0,125.992,9707935318.0
1107.302,0.0,89908.0,5411.0,46.0,125.936,9707960443.0
1107.402,0.0,89908.0,5411.0,46.0,125.909,9707973023.0
1107.502,0.0,89908.0,5411.0,46.0,125.898,9707985603.0
1107.602,0.0,89908.0,5411.0,46.0,125.888,9707998170.0
1107.703,0.0,89908.0,5411.0,46.0,125.866,9708010740.0
1107.802,0.0,89908.0,5411.0,46.0,125.869,9708023353.0
1107.902,0.0,89908.0,5411.0,46.0,125.878,9708035934.0
1108.002,0.0,89908.0,5411.0,46.0,125.871,9708048519.0
1108.102,0.0,89908.0,5411.0,46.0,125.872,9708061103.0
1108.203,0.0,89908.0,5411.0,46.0,125.876,9708073700.0
1108.302,0.0,89908.0,5411.0,46.0,125.905,9708086290.0
1108.402,0.0,89908.0,5411.0,46.0,125.898,9708098896.0
1108.502,0.0,89908.0,5411.0,46.0,125.962,9708111481.0
1108.602,0.0,89908.0,5411.0,46.0,125.95,9708124077.0
1108.702,0.0,89908.0,5411.0,46.0,125.965,9708136664.0
1108.802,0.0,89908.0,5411.0,46.0,125.965,9708149261.0
1108.902,0.0,89908.0,5411.0,46.0,125.958,9708149261.0
1109.002,0.0,89908.0,5411.0,46.0,125.973,9708161855.0
1109.103,0.0,89908.0,5411.0,46.0,125.956,9708174462.0
1109.202,0.0,89908.0,5411.0,46.0,125.95,9708187044.0
1109.302,0.0,89908.0,5411.0,46.0,125.952,9708199633.0
1109.402,0.0,89908.0,5411.0,46.0,125.958,9708212213.0
1109.502,0.0,89908.0,5411.0,46.0,125.915,9708224820.0
1109.602,0.0,89908.0,5411.0,46.0,125.929,9708237360.0
1109.701,0.0,89908.0,5411.0,46.0,125.929,9708249968.0
1109.802,0.0,89908.0,5411.0,46.0,125.915,9708262543.0
1109.902,0.0,89908.0,5411.0,46.0,125.886,9708275113.0
1110.003,0.0,89908.0,5411.0,46.0,125.877,9708287679.0
1110.103,0.0,89908.0,5411.0,46.0,125.912,9708300278.0
1110.202,0.0,89908.0,5411.0,46.0,125.915,9708325461.0
1110.302,0.0,89908.0,5411.0,46.0,125.922,9708338057.0
1110.402,0.0,89908.0,5411.0,46.0,125.89,9708350641.0
1110.502,0.0,89908.0,5411.0,46.0,125.9,9708363222.0
1110.601,0.0,89908.0,5411.0,46.0,125.899,9708375806.0
1110.702,0.0,89908.0,5411.0,46.0,125.902,9708388370.0
1110.802,0.0,89908.0,5411.0,46.0,125.935,9708400978.0
1110.901,0.0,89908.0,5411.0,46.0,125.957,9708413584.0
1111.002,0.0,89908.0,5411.0,46.0,125.976,9708426190.0
1111.102,0.0,89908.0,5411.0,46.0,125.976,9708438793.0
1111.202,0.0,89908.0,5411.0,46.0,125.944,9708451348.0
1111.303,0.0,89908.0,5411.0,46.0,125.933,9708463938.0
1111.402,0.0,89908.0,5411.0,46.0,125.924,9708476496.0
1111.502,0.0,89908.0,5411.0,46.0,125.935,9708489068.0
1111.603,0.0,89908.0,5411.0,46.0,125.918,9708501643.0
1111.703,0.0,89908.0,5411.0,46.0,125.927,9708514230.0
1111.802,0.0,89908.0,5411.0,46.0,125.892,9708526798.0
1111.902,0.0,89908.0,5411.0,46.0,125.892,9708539380.0
1112.003,0.0,89908.0,5411.0,46.0,125.875,9708539380.0
1112.102,0.0,89908.0,5411.0,46.0,125.85,9708551950.0
1112.203,0.0,89908.0,5411.0,46.0,125.834,9708564529.0
1112.303,0.0,89908.0,5411.0,46.0,125.811,9708577111.0
1112.402,0.0,89908.0,5411.0,46.0,125.836,9708589700.0
1112.503,0.0,89908.0,5411.0,46.0,125.874,9708602290.0
1112.602,0.0,89908.0,5411.0,46.0,125.864,9708614861.0
1112.703,0.0,89908.0,5411.0,46.0,125.875,9708627437.0
1112.802,0.0,89908.0,5411.0,46.0,125.873,9708640023.0
1112.902,0.0,89908.0,5411.0,46.0,125.858,9708652594.0
1113.002,0.0,89908.0,5411.0,46.0,125.838,9708665158.0
1113.103,0.0,89908.0,5411.0,46.0,125.818,9708677712.0
1113.203,0.0,89908.0,5411.0,46.0,125.809,9708690267.0
1113.303,0.0,89908.0,5411.0,46.0,125.816,9708715430.0
1113.402,0.0,89908.0,5411.0,46.0,125.808,9708728003.0
1113.501,0.0,89908.0,5411.0,46.0,125.82,9708740596.0
1113.601,0.0,89908.0,5411.0,46.0,125.831,9708753176.0
1113.703,0.0,89908.0,5411.0,46.0,125.814,9708765759.0
1113.802,0.0,89908.0,5411.0,46.0,125.783,9708778298.0
1113.902,0.0,89908.0,5411.0,46.0,125.795,9708790883.0
1114.002,0.0,89908.0,5411.0,46.0,125.824,9708803482.0
1114.102,0.0,89908.0,5411.0,46.0,125.844,9708816048.0
1114.202,0.0,89908.0,5411.0,46.0,125.849,9708828615.0
1114.302,0.0,89908.0,5411.0,46.0,125.846,9708841220.0
1114.402,0.0,89908.0,5411.0,46.0,125.827,9708853791.0
1114.503,0.0,89908.0,5411.0,46.0,125.849,9708866389.0
1114.602,0.0,89908.0,5411.0,46.0,125.857,9708878994.0
1114.703,0.0,89908.0,5411.0,46.0,125.861,9708891565.0
1114.802,0.0,89908.0,5411.0,46.0,125.865,9708904132.0
1114.901,0.0,89908.0,5411.0,46.0,125.874,9708916721.0
1115.001,0.0,89908.0,5411.0,46.0,125.874,9708916721.0
1115.102,0.0,89908.0,5411.0,46.0,125.88,9708929293.0
1115.202,0.0,89908.0,5411.0,46.0,125.907,9708941878.0
1115.302,0.0,89908.0,5411.0,46.0,125.873,9708954437.0
1115.402,0.0,89908.0,5411.0,46.0,125.895,9708967025.0
1115.502,0.0,89908.0,5411.0,46.0,125.901,9708979604.0
1115.602,0.0,89908.0,5411.0,46.0,125.849,9708992161.0
1115.702,0.0,89908.0,5411.0,46.0,125.868,9709004755.0
1115.802,0.0,89908.0,5411.0,46.0,125.884,9709017338.0
1115.902,0.0,89908.0,5411.0,46.0,125.909,9709029922.0
1116.002,0.0,89908.0,5411.0,46.0,125.931,9709042524.0
1116.102,0.0,89908.0,5411.0,46.0,125.89,9709055128.0
1116.203,0.0,89908.0,5411.0,46.0,125.926,9709067687.0
1116.303,0.0,89908.0,5411.0,46.0,125.897,9709092827.0
1116.402,0.0,89908.0,5411.0,46.0,125.922,9709105424.0
1116.502,0.0,89908.0,5411.0,46.0,125.954,9709118005.0
1116.602,0.0,89908.0,5411.0,46.0,125.948,9709130593.0
1116.703,0.0,89908.0,5411.0,46.0,125.951,9709143184.0
1116.802,0.0,89908.0,5411.0,46.0,125.937,9709155789.0
1116.902,0.0,89908.0,5411.0,46.0,125.929,9709168391.0
1117.002,0.0,89908.0,5411.0,46.0,125.946,9709180994.0
1117.102,0.0,89908.0,5411.0,46.0,125.958,9709193560.0
1117.202,0.0,89908.0,5411.0,46.0,125.958,9709206162.0
1117.302,0.0,89908.0,5411.0,46.0,125.981,9709218759.0
1117.402,0.0,89908.0,5411.0,46.0,125.959,9709231320.0
1117.502,0.0,89908.0,5411.0,46.0,125.924,9709243891.0
1117.603,0.0,89908.0,5411.0,46.0,125.926,9709256485.0
1117.702,0.0,89908.0,5411.0,46.0,125.926,9709269055.0
1117.803,0.0,89908.0,5411.0,46.0,125.901,9709281645.0
1117.903,0.0,89908.0,5411.0,46.0,125.871,9709294206.0
1118.002,0.0,89908.0,5411.0,46.0,125.871,9709294206.0
1118.102,0.0,89908.0,5411.0,46.0,125.866,9709306811.0
1118.202,0.0,89908.0,5411.0,46.0,125.862,9709319382.0
1118.301,0.0,89908.0,5411.0,45.0,125.841,9709331956.0
1118.403,0.0,89908.0,5411.0,46.0,125.829,9709344543.0
1118.503,0.0,89908.0,5411.0,46.0,125.847,9709357113.0
1118.603,0.0,89908.0,5411.0,45.0,125.851,9709369681.0
1118.703,0.0,89908.0,5411.0,45.0,125.822,9709382256.0
1118.802,0.0,89908.0,5411.0,45.0,125.827,9709394798.0
1118.903,0.0,89908.0,5411.0,45.0,125.835,9709407393.0
1119.002,0.0,89908.0,5411.0,45.0,125.847,9709419969.0
1119.102,0.0,89908.0,5411.0,45.0,125.849,9709432560.0
1119.202,0.0,89908.0,5411.0,45.0,125.863,9709457723.0
1119.302,0.0,89908.0,5411.0,45.0,125.854,9709470294.0
1119.401,0.0,89908.0,5411.0,45.0,125.853,9709482881.0
1119.502,0.0,89908.0,5411.0,45.0,125.845,9709495455.0
1119.602,0.0,89908.0,5411.0,45.0,125.881,9709508048.0
1119.701,0.0,89908.0,5411.0,45.0,125.874,9709520616.0
1119.801,0.0,89908.0,5411.0,45.0,125.83,9709533162.0
1119.916,0.0,89908.0,5411.0,45.0,125.826,9709545745.0
1120.001,0.0,89908.0,5411.0,45.0,125.791,9709558291.0
1120.103,0.0,89908.0,5411.0,45.0,125.734,9709570827.0
1120.203,0.0,89908.0,5411.0,45.0,125.714,9709583392.0
1120.303,0.0,89908.0,5411.0,45.0,125.717,9709595974.0
1120.403,0.0,89908.0,5411.0,45.0,125.704,9709608538.0
1120.501,0.0,89908.0,5411.0,45.0,125.691,9709621098.0
1120.601,0.0,89908.0,5411.0,45.0,125.682,9709633669.0
1120.702,0.0,89908.0,5411.0,45.0,125.65,9709646205.0
1120.801,0.0,89908.0,5411.0,45.0,125.634,9709646205.0
1120.903,0.0,89908.0,5411.0,45.0,125.653,9709658754.0
1121.002,0.0,89908.0,5411.0,45.0,125.679,9709671318.0
1121.103,0.0,89908.0,5411.0,45.0,125.715,9709683891.0
1121.202,0.0,89908.0,5411.0,45.0,125.709,9709696447.0
1121.302,0.0,89908.0,5411.0,45.0,125.723,9709709023.0
1121.402,0.0,89908.0,5411.0,45.0,125.722,9709721607.0
1121.502,0.0,89908.0,5411.0,45.0,125.703,9709734169.0
1121.602,0.0,89908.0,5411.0,45.0,125.7,9709746732.0
1121.703,0.0,89908.0,5411.0,45.0,125.698,9709759290.0
1121.803,0.0,89908.0,5411.0,45.0,125.709,9709771844.0
1121.902,0.0,89908.0,5411.0,45.0,125.706,9709784396.0
1122.002,0.0,89908.0,5411.0,45.0,125.698,9709796960.0
1122.102,0.0,89908.0,5411.0,45.0,125.7,9709822123.0
1122.202,0.0,89908.0,5411.0,45.0,125.715,9709834691.0
1122.302,0.0,89908.0,5411.0,45.0,125.718,9709847270.0
1122.402,0.0,89908.0,5411.0,45.0,125.711,9709859835.0
1122.502,0.0,89908.0,5411.0,45.0,125.75,9709872439.0
1122.602,0.0,89908.0,5411.0,45.0,125.755,9709885006.0
1122.703,0.0,89908.0,5411.0,45.0,125.769,9709897562.0
1122.802,0.0,89908.0,5411.0,45.0,125.769,9709910113.0
1122.903,0.0,89908.0,5411.0,45.0,125.754,9709922673.0
1123.003,0.0,89908.0,5411.0,45.0,125.723,9709935215.0
1123.102,0.0,89908.0,5411.0,45.0,125.71,9709947768.0
1123.203,0.0,89908.0,5411.0,45.0,125.699,9709960326.0
1123.302,0.0,89908.0,5411.0,45.0,125.693,9709972902.0
1123.403,0.0,89908.0,5411.0,45.0,125.67,9709985463.0
1123.502,0.0,89908.0,5411.0,45.0,125.651,9709998019.0
1123.602,0.0,89908.0,5411.0,45.0,125.657,9710010592.0
1123.702,0.0,89908.0,5411.0,45.0,125.612,9710023102.0
1123.802,0.0,89908.0,5411.0,45.0,125.612,9710035674.0
1123.902,0.0,89908.0,5411.0,45.0,125.612,9710035674.0
1124.002,0.0,89908.0,5411.0,45.0,125.636,9710048236.0
1124.102,0.0,89908.0,5411.0,45.0,125.664,9710060786.0
1124.202,0.0,89908.0,5411.0,45.0,125.643,9710073332.0
1124.302,0.0,89908.0,5411.0,45.0,125.659,9710085903.0
1124.402,0.0,89908.0,5411.0,45.0,125.652,9710098456.0
1124.502,0.0,89908.0,5411.0,45.0,125.641,9710111003.0
1124.602,0.0,89908.0,5411.0,45.0,125.638,9710123558.0
1124.702,0.0,89908.0,5411.0,45.0,125.62,9710136111.0
1124.802,0.0,89908.0,5411.0,45.0,125.621,9710148653.0
1124.902,0.0,89908.0,5411.0,45.0,125.643,9710161219.0
1125.002,0.0,89908.0,5411.0,45.0,131.384,9710173777.0
1125.102,42.0,89908.0,5411.0,46.0,137.445,9710193653.0
1125.202,42.0,89908.0,5411.0,46.0,143.94,9710230590.0
1125.303,50.0,89908.0,5411.0,46.0,148.339,9710248015.0
1125.402,50.0,89908.0,5411.0,46.0,153.41,9710265279.0
1125.501,49.0,89908.0,5411.0,46.0,158.649,9710283355.0
1125.602,49.0,89908.0,5411.0,46.0,164.314,9710301118.0
1125.701,50.0,89908.0,5411.0,47.0,170.151,9710319396.0
1125.802,50.0,89908.0,5411.0,46.0,175.076,9710336826.0
1125.902,50.0,89908.0,5411.0,46.0,178.655,9710352262.0
1126.003,50.0,89908.0,5411.0,46.0,173.097,9710364991.0
1126.102,0.0,89908.0,5411.0,46.0,167.152,9710377637.0
1126.202,0.0,89908.0,5411.0,46.0,160.626,9710390165.0
1126.302,0.0,89908.0,5411.0,46.0,156.132,9710402644.0
1126.402,0.0,89908.0,5411.0,46.0,151.583,9710415113.0
1126.502,0.0,89908.0,5411.0,46.0,145.031,9710427574.0
1126.603,0.0,89908.0,5411.0,46.0,140.687,9710440026.0
1126.702,0.0,89908.0,5411.0,45.0,135.26,9710440026.0
1126.801,0.0,89908.0,5411.0,48.0,139.615,9710452986.0
1126.902,58.0,89908.0,5411.0,47.0,141.213,9710475681.0
1127.001,58.0,89908.0,5411.0,47.0,145.045,9710493865.0
1127.102,54.0,89908.0,5411.0,47.0,149.262,9710511471.0
1127.201,54.0,89908.0,5411.0,51.0,175.72,9710528317.0
1127.301,75.0,89908.0,5411.0,48.0,202.032,9710575135.0
1127.401,75.0,89908.0,5411.0,56.0,258.597,9710613902.0
1127.501,100.0,89908.0,5411.0,57.0,290.307,9710682399.0
1127.602,100.0,89908.0,5411.0,56.0,329.931,9710780313.0
1127.702,93.0,89908.0,5411.0,59.0,389.509,9710841861.0
1127.802,93.0,89908.0,5411.0,53.0,403.789,9710885716.0
1127.902,62.0,89908.0,5411.0,59.0,447.914,9710949385.0
1128.001,62.0,89908.0,5411.0,61.0,490.543,9711003370.0
1128.101,74.0,89908.0,5411.0,61.0,529.326,9711064865.0
1128.201,74.0,89908.0,5411.0,61.0,539.78,9711114930.0
1128.302,89.0,89908.0,5411.0,60.0,555.96,9711168345.0
1128.402,89.0,89908.0,5411.0,59.0,541.077,9711222765.0
1128.502,79.0,89908.0,5411.0,61.0,545.087,9711273645.0
1128.602,79.0,89908.0,5411.0,61.0,545.657,9711322655.0
1128.703,80.0,89908.0,5411.0,60.0,531.59,9711371583.0
1128.802,80.0,89908.0,5411.0,55.0,502.317,9711387386.0
1128.902,0.0,89908.0,5411.0,52.0,452.199,9711400673.0
1129.002,0.0,89908.0,5411.0,52.0,452.199,9711400673.0
1129.102,0.0,89908.0,5411.0,51.0,416.185,9711416820.0
1129.203,24.0,89908.0,5411.0,55.0,404.717,9711468968.0
1129.302,24.0,89908.0,5411.0,60.0,406.969,9711520455.0
1129.402,85.0,89908.0,5411.0,60.0,400.403,9711569956.0
1129.502,85.0,89908.0,5411.0,59.0,395.128,9711619218.0
1129.601,79.0,89908.0,5411.0,62.0,395.209,9711670334.0
1129.701,79.0,89908.0,5411.0,61.0,397.176,9711719376.0
1129.802,87.0,89908.0,5411.0,60.0,396.782,9711769931.0
1129.903,87.0,89908.0,5411.0,62.0,433.883,9711821320.0
1130.002,79.0,89908.0,5411.0,61.0,469.961,9711870766.0
1130.101,79.0,89908.0,5411.0,61.0,499.668,9711963865.0
1130.202,75.0,89908.0,5411.0,60.0,493.97,9712003732.0
1130.303,75.0,89908.0,5411.0,58.0,482.835,9712035353.0
1130.402,59.0,89908.0,5411.0,54.0,436.699,9712057485.0
1130.503,54.0,89908.0,5411.0,53.0,405.373,9712077776.0
1130.602,54.0,89908.0,5411.0,52.0,376.238,9712097869.0
1130.702,54.0,89908.0,5411.0,51.0,353.031,9712123704.0
1130.803,54.0,89908.0,5411.0,51.0,325.648,9712144609.0
1130.902,55.0,89908.0,5411.0,50.0,299.058,9712167566.0
1131.002,55.0,89908.0,5411.0,50.0,269.271,9712186409.0
1131.101,53.0,89908.0,5411.0,50.0,239.973,9712202524.0
1131.202,53.0,89908.0,5411.0,50.0,216.166,9712222593.0
1131.303,52.0,89908.0,5411.0,49.0,202.327,9712240138.0
1131.403,52.0,89908.0,5411.0,49.0,198.57,9712257379.0
1131.502,51.0,89908.0,5411.0,49.0,193.883,9712257379.0
1131.603,51.0,89908.0,5411.0,49.0,193.8,9712273217.0
1131.703,51.0,89908.0,5411.0,49.0,185.25,9712293359.0
1131.802,51.0,89908.0,5411.0,48.0,183.484,9712309179.0
1131.902,52.0,89908.0,5411.0,48.0,177.55,9712326979.0
1132.003,52.0,89908.0,5411.0,48.0,178.474,9712345253.0
1132.103,52.0,89908.0,5411.0,48.0,179.702,9712364616.0
1132.202,52.0,89908.0,5411.0,48.0,179.578,9712381975.0
1132.302,51.0,89908.0,5411.0,48.0,178.662,9712401422.0
1132.402,51.0,89908.0,5411.0,48.0,178.147,9712419737.0
1132.503,50.0,89908.0,5411.0,48.0,179.446,9712435679.0
1132.603,50.0,89908.0,5411.0,48.0,176.05,9712469631.0
1132.703,50.0,89908.0,5411.0,48.0,176.983,9712486838.0
1132.802,50.0,89908.0,5411.0,48.0,174.643,9712503900.0
1132.902,50.0,89908.0,5411.0,48.0,175.569,9712521476.0
1133.002,50.0,89908.0,5411.0,48.0,174.654,9712538611.0
1133.101,50.0,89908.0,5411.0,48.0,174.239,9712555916.0
1133.202,50.0,89908.0,5411.0,48.0,171.784,9712573510.0
1133.302,50.0,89908.0,5411.0,48.0,171.081,9712591161.0
1133.402,50.0,89908.0,5411.0,48.0,173.191,9712609158.0
1133.503,44.0,89908.0,5411.0,48.0,173.471,9712626494.0
1133.603,44.0,89908.0,5411.0,47.0,169.901,9712640093.0
1133.702,0.0,89908.0,5411.0,47.0,165.684,9712652915.0
1133.802,0.0,89908.0,5411.0,47.0,161.842,9712665796.0
1133.902,0.0,89908.0,5411.0,47.0,156.74,9712678649.0
1134.002,0.0,89908.0,5411.0,46.0,152.605,9712691488.0
1134.102,0.0,89908.0,5411.0,46.0,147.989,9712704301.0
1134.203,0.0,89908.0,5411.0,46.0,147.989,9712704301.0
1134.302,0.0,89908.0,5411.0,46.0,143.424,9712717117.0
1134.402,0.0,89908.0,5411.0,46.0,138.738,9712729922.0
1134.502,0.0,89908.0,5411.0,46.0,134.282,9712742719.0
1134.601,0.0,89908.0,5411.0,46.0,130.115,9712755525.0
1134.702,0.0,89908.0,5411.0,46.0,128.312,9712768319.0
1134.803,0.0,89908.0,5411.0,46.0,128.247,9712781095.0
1134.902,0.0,89908.0,5411.0,46.0,128.16,9712793890.0
1135.002,0.0,89908.0,5411.0,46.0,128.087,9712806667.0
1135.102,0.0,89908.0,5411.0,46.0,128.014,9712819438.0
1135.202,0.0,89908.0,5411.0,46.0,127.988,9712832199.0
1135.303,0.0,89908.0,5411.0,46.0,127.954,9712844988.0
1135.402,0.0,89908.0,5411.0,46.0,127.908,9712870537.0
1135.502,0.0,89908.0,5411.0,46.0,127.875,9712883312.0
1135.602,0.0,89908.0,5411.0,46.0,130.58,9712896886.0
1135.703,63.0,89908.0,5411.0,50.0,148.156,9712927211.0
1135.803,63.0,89908.0,5411.0,47.0,153.417,9712947514.0
1135.903,55.0,89908.0,5411.0,47.0,158.193,9712964688.0
1136.003,55.0,89908.0,5411.0,47.0,163.465,9712982261.0
1136.102,55.0,89908.0,5411.0,47.0,170.851,9713003345.0
1136.203,55.0,89908.0,5411.0,47.0,174.902,9713020646.0
1136.302,54.0,89908.0,5411.0,47.0,181.064,9713038309.0
1136.402,54.0,89908.0,5411.0,47.0,188.532,9713058824.0
1136.502,54.0,89908.0,5411.0,47.0,196.877,9713077051.0
1136.602,54.0,89908.0,5411.0,47.0,200.635,9713098203.0
1136.703,53.0,89908.0,5411.0,47.0,189.55,9713117077.0
1136.801,53.0,89908.0,5411.0,47.0,186.386,9713134489.0
1136.902,14.0,89908.0,5411.0,47.0,183.592,9713134489.0
1137.002,14.0,89908.0,5411.0,46.0,178.514,9713149686.0
1137.102,0.0,89908.0,5411.0,46.0,171.334,9713162513.0
1137.202,0.0,89908.0,5411.0,46.0,167.136,9713175364.0
1137.303,0.0,89908.0,5411.0,46.0,162.196,9713188108.0
1137.403,0.0,89908.0,5411.0,46.0,154.135,9713200822.0
1137.502,0.0,89908.0,5411.0,46.0,147.782,9713213532.0
1137.602,0.0,89908.0,5411.0,46.0,139.247,9713226243.0
1137.702,0.0,89908.0,5411.0,46.0,134.201,9713238937.0
1137.803,0.0,89908.0,5411.0,46.0,128.88,9713251623.0
1137.902,0.0,89908.0,5411.0,46.0,127.35,9713264321.0
1138.001,0.0,89908.0,5411.0,46.0,127.228,9713277028.0
1138.102,0.0,89908.0,5411.0,46.0,127.115,9713289735.0
1138.201,0.0,89908.0,5411.0,46.0,127.078,9713315133.0
1138.301,35.0,89908.0,5411.0,46.0,133.714,9713330120.0
1138.404,35.0,89908.0,5411.0,47.0,138.074,9713350496.0
1138.502,56.0,89908.0,5411.0,47.0,140.666,9713366450.0
1138.601,56.0,89908.0,5411.0,47.0,145.55,9713382967.0
1138.702,55.0,89908.0,5411.0,47.0,154.981,9713403520.0
1138.801,55.0,89908.0,5411.0,47.0,161.33,9713423642.0
1138.903,54.0,89908.0,5411.0,47.0,168.374,9713444796.0
1139.002,54.0,89908.0,5411.0,47.0,172.712,9713462052.0
1139.102,54.0,89908.0,5411.0,47.0,179.243,9713480410.0
1139.201,54.0,89908.0,5411.0,47.0,184.744,9713498185.0
1139.302,55.0,89908.0,5411.0,47.0,184.484,9713518490.0
1139.402,55.0,89908.0,5411.0,47.0,188.967,9713538319.0
1139.502,53.0,89908.0,5411.0,47.0,191.596,9713558516.0
1139.602,53.0,89908.0,5411.0,47.0,190.988,9713575198.0
1139.702,52.0,89908.0,5411.0,47.0,192.182,9713595190.0
1139.802,52.0,89908.0,5411.0,47.0,192.182,9713595190.0
1139.902,52.0,89908.0,5411.0,47.0,187.381,9713613135.0
1140.002,53.0,89908.0,5411.0,47.0,188.974,9713632030.0
1140.102,53.0,89908.0,5411.0,47.0,189.596,9713651408.0
1140.202,54.0,89908.0,5411.0,47.0,188.685,9713669743.0
1140.303,54.0,89908.0,5411.0,47.0,191.643,9713690030.0
1140.402,52.0,89908.0,5411.0,47.0,189.434,9713707565.0
1140.502,52.0,89908.0,5411.0,47.0,184.159,9713723625.0
1140.602,53.0,89908.0,5411.0,47.0,181.772,9713740452.0
1140.701,53.0,89908.0,5411.0,47.0,182.787,9713758479.0
1140.801,54.0,89908.0,5411.0,47.0,176.843,9713774290.0
1140.901,54.0,89908.0,5411.0,47.0,179.849,9713810193.0
1141.001,43.0,89908.0,5411.0,47.0,183.685,9713870003.0
1141.102,66.0,89908.0,5411.0,50.0,253.641,9713913775.0
1141.201,66.0,89908.0,5411.0,56.0,292.983,9713975778.0
1141.302,100.0,89908.0,5411.0,59.0,307.0,9714017085.0
1141.403,100.0,89908.0,5411.0,57.0,363.03,9714076329.0
1141.503,90.0,89908.0,5411.0,59.0,403.45,9714140012.0
1141.603,90.0,89908.0,5411.0,54.0,431.635,9714183327.0
1141.703,100.0,89908.0,5411.0,60.0,477.965,9714247552.0
1141.802,100.0,89908.0,5411.0,61.0,511.695,9714303750.0
1141.902,100.0,89908.0,5411.0,61.0,511.695,9714359305.0
1142.003,87.0,89908.0,5411.0,61.0,546.323,9714359305.0
1142.102,87.0,89908.0,5411.0,61.0,538.556,9714406071.0
1142.202,78.0,89908.0,5411.0,58.0,540.568,9714456719.0
1142.302,78.0,89908.0,5411.0,61.0,523.328,9714505533.0
1142.402,81.0,89908.0,5411.0,61.0,538.204,9714555320.0
1142.502,81.0,89908.0,5411.0,60.0,523.107,9714603090.0
1142.602,84.0,89908.0,5411.0,62.0,505.684,9714651521.0
1142.702,84.0,89908.0,5411.0,61.0,509.483,9714697830.0
1142.802,78.0,89908.0,5411.0,61.0,497.674,9714748052.0
1142.902,78.0,89908.0,5411.0,62.0,493.331,9714799803.0
1143.001,87.0,89908.0,5411.0,62.0,491.184,9714898267.0
1143.102,87.0,89908.0,5411.0,61.0,493.282,9714950552.0
1143.202,78.0,89908.0,5411.0,62.0,494.235,9715000551.0
1143.302,78.0,89908.0,5411.0,62.0,496.504,9715050280.0
1143.402,76.0,89908.0,5411.0,61.0,499.238,9715102400.0
1143.501,76.0,89908.0,5411.0,62.0,494.555,9715147009.0
1143.602,76.0,89908.0,5411.0,59.0,485.331,9715186304.0
1143.702,62.0,89908.0,5411.0,58.0,466.457,9715218875.0
1143.802,62.0,89908.0,5411.0,56.0,440.326,9715244660.0
1143.902,56.0,89908.0,5411.0,54.0,410.303,9715267906.0
1144.002,56.0,89908.0,5411.0,53.0,381.46,9715289629.0
1144.102,54.0,89908.0,5411.0,52.0,348.643,9715306360.0
1144.203,54.0,89908.0,5411.0,51.0,314.588,9715325596.0
1144.303,54.0,89908.0,5411.0,51.0,283.807,9715344255.0
1144.403,54.0,89908.0,5411.0,51.0,283.807,9715344255.0
1144.502,54.0,89908.0,5411.0,51.0,258.251,9715364167.0
1144.603,54.0,89908.0,5411.0,50.0,233.702,9715382844.0
1144.702,54.0,89908.0,5411.0,50.0,208.115,9715398871.0
1144.803,52.0,89908.0,5411.0,50.0,195.451,9715416212.0
1144.903,52.0,89908.0,5411.0,49.0,189.857,9715434030.0
1145.002,52.0,89908.0,5411.0,49.0,184.514,9715452131.0
1145.102,52.0,89908.0,5411.0,49.0,181.468,9715488363.0
1145.203,52.0,89908.0,5411.0,49.0,183.229,9715505001.0
1145.303,52.0,89908.0,5411.0,49.0,181.203,9715525972.0
1145.403,52.0,89908.0,5411.0,48.0,182.149,9715540732.0
1145.503,52.0,89908.0,5411.0,48.0,176.525,9715557867.0
1145.603,52.0,89908.0,5411.0,48.0,176.809,9715575244.0
1145.703,52.0,89908.0,5411.0,48.0,176.753,9715589999.0
1145.802,51.0,89908.0,5411.0,48.0,174.817,9715606338.0
1145.902,51.0,89908.0,5411.0,48.0,173.517,9715628578.0
1146.002,51.0,89908.0,5411.0,48.0,176.976,9715644601.0
1146.103,51.0,89908.0,5411.0,48.0,173.833,9715660134.0
1146.202,51.0,89908.0,5411.0,48.0,171.734,9715676302.0
1146.302,51.0,89908.0,5411.0,48.0,169.791,9715691647.0
1146.401,51.0,89908.0,5411.0,48.0,165.873,9715706693.0
1146.503,51.0,89908.0,5411.0,48.0,165.12,9715719546.0
1146.602,0.0,89908.0,5411.0,47.0,160.241,9715732370.0
1146.702,0.0,89908.0,5411.0,47.0,156.078,9715745169.0
1146.803,0.0,89908.0,5411.0,47.0,154.157,9715745169.0
1146.903,0.0,89908.0,5411.0,47.0,150.349,9715757937.0
1147.002,0.0,89908.0,5411.0,46.0,141.295,9715770692.0
1147.102,0.0,89908.0,5411.0,46.0,138.416,9715783445.0
1147.202,0.0,89908.0,5411.0,46.0,135.021,9715796195.0
1147.301,0.0,89908.0,5411.0,46.0,132.359,9715808933.0
1147.402,0.0,89908.0,5411.0,46.0,129.128,9715821685.0
1147.502,0.0,89908.0,5411.0,46.0,127.818,9715834450.0
1147.603,0.0,89908.0,5411.0,46.0,127.697,9715847150.0
1147.702,0.0,89908.0,5411.0,46.0,127.568,9715859881.0
1147.802,0.0,89908.0,5411.0,46.0,127.501,9715872603.0
1147.902,0.0,89908.0,5411.0,46.0,127.463,9715885322.0
1148.002,0.0,89908.0,5411.0,46.0,127.392,9715910729.0
1148.102,0.0,89908.0,5411.0,46.0,128.302,9715928633.0
1148.202,51.0,89908.0,5411.0,46.0,133.322,9715944703.0
1148.303,51.0,89908.0,5411.0,46.0,136.809,9715962146.0
1148.402,50.0,89908.0,5411.0,46.0,141.328,9715979465.0
1148.502,50.0,89908.0,5411.0,46.0,151.132,9715997347.0
1148.602,50.0,89908.0,5411.0,47.0,155.821,9716014567.0
1148.702,50.0,89908.0,5411.0,47.0,160.269,9716032388.0
1148.802,50.0,89908.0,5411.0,47.0,164.471,9716050021.0
1148.902,23.0,89908.0,5411.0,47.0,167.375,9716065984.0
1149.002,23.0,89908.0,5411.0,46.0,166.599,9716078708.0
1149.102,0.0,89908.0,5411.0,46.0,161.489,9716091425.0
1149.203,0.0,89908.0,5411.0,46.0,157.699,9716104146.0
1149.302,0.0,89908.0,5411.0,46.0,153.857,9716116850.0
1149.403,0.0,89908.0,5411.0,46.0,149.42,9716129555.0
1149.502,0.0,89908.0,5411.0,46.0,149.42,9716142265.0
1149.602,0.0,89908.0,5411.0,46.0,144.214,9716142265.0
1149.702,0.0,89908.0,5411.0,46.0,139.68,9716154955.0
1149.802,0.0,89908.0,5411.0,46.0,134.784,9716167640.0
1149.902,0.0,89908.0,5411.0,46.0,137.677,9716184834.0
1150.002,54.0,89908.0,5411.0,47.0,142.089,9716206578.0
1150.102,54.0,89908.0,5411.0,47.0,149.666,9716223854.0
1150.201,52.0,89908.0,5411.0,48.0,174.279,9716252909.0
1150.313,52.0,89908.0,5411.0,54.0,219.418,9716316108.0
1150.403,62.0,89908.0,5411.0,50.0,251.756,9716358460.0
1150.502,62.0,89908.0,5411.0,57.0,303.237,9716421215.0
1150.603,51.0,89908.0,5411.0,58.0,329.712,9716522826.0
1150.703,51.0,89908.0,5411.0,58.0,379.302,9716586438.0
1150.802,89.0,89908.0,5411.0,59.0,417.83,9716631303.0
1150.901,89.0,89908.0,5411.0,55.0,452.796,9716694623.0
1151.002,100.0,89908.0,5411.0,60.0,490.722,9716751048.0
1151.103,100.0,89908.0,5411.0,61.0,526.489,9716801522.0
1151.203,78.0,89908.0,5411.0,60.0,547.737,9716854097.0
1151.303,78.0,89908.0,5411.0,59.0,533.515,9716903794.0
1151.403,79.0,89908.0,5411.0,61.0,539.827,9716949946.0
1151.503,79.0,89908.0,5411.0,61.0,525.343,9716996956.0
1151.602,79.0,89908.0,5411.0,60.0,532.09,9717049091.0
1151.703,79.0,89908.0,5411.0,62.0,522.463,9717099601.0
1151.803,89.0,89908.0,5411.0,62.0,516.869,9717152258.0
1151.902,89.0,89908.0,5411.0,61.0,522.643,9717205428.0
1152.002,77.0,89908.0,5411.0,60.0,511.263,9717205428.0
1152.102,77.0,89908.0,5411.0,62.0,510.398,9717258704.0
1152.202,79.0,89908.0,5411.0,62.0,510.867,9717311038.0
1152.302,79.0,89908.0,5411.0,60.0,511.408,9717363314.0
1152.403,90.0,89908.0,5411.0,62.0,512.989,9717414299.0
1152.503,90.0,89908.0,5411.0,62.0,517.751,9717465443.0
1152.602,75.0,89908.0,5411.0,59.0,519.291,9717515464.0
1152.701,75.0,89908.0,5411.0,62.0,515.151,9717562474.0
1152.802,79.0,89908.0,5411.0,61.0,503.462,9717605068.0
1152.902,79.0,89908.0,5411.0,59.0,484.136,9717640963.0
1153.002,62.0,89908.0,5411.0,57.0,457.333,9717694473.0
1153.102,62.0,89908.0,5411.0,55.0,428.312,9717713902.0
1153.202,56.0,89908.0,5411.0,54.0,394.572,9717733012.0
1153.303,56.0,89908.0,5411.0,52.0,362.746,9717751784.0
1153.402,55.0,89908.0,5411.0,52.0,325.839,9717767580.0
1153.502,55.0,89908.0,5411.0,51.0,296.255,9717790563.0
1153.603,54.0,89908.0,5411.0,51.0,265.684,9717807833.0
1153.702,54.0,89908.0,5411.0,50.0,236.579,9717826635.0
1153.802,56.0,89908.0,5411.0,50.0,213.067,9717848646.0
1153.902,56.0,89908.0,5411.0,50.0,205.011,9717870182.0
1154.002,55.0,89908.0,5411.0,50.0,195.486,9717886050.0
1154.102,55.0,89908.0,5411.0,49.0,189.455,9717904953.0
1154.203,55.0,89908.0,5411.0,49.0,191.965,9717926083.0
1154.303,55.0,89908.0,5411.0,49.0,194.54,9717926083.0
1154.402,53.0,89908.0,5411.0,49.0,194.251,9717946225.0
1154.502,53.0,89908.0,5411.0,49.0,196.718,9717964771.0
1154.602,53.0,89908.0,5411.0,49.0,195.232,9717985614.0
1154.702,53.0,89908.0,5411.0,48.0,193.161,9718002352.0
1154.802,53.0,89908.0,5411.0,48.0,190.19,9718018683.0
1154.902,53.0,89908.0,5411.0,48.0,183.991,9718034851.0
1155.003,52.0,89908.0,5411.0,48.0,179.263,9718049765.0
1155.102,52.0,89908.0,5411.0,48.0,180.696,9718065965.0
1155.202,52.0,89908.0,5411.0,48.0,174.718,9718082671.0
1155.302,52.0,89908.0,5411.0,48.0,168.265,9718097475.0
1155.403,51.0,89908.0,5411.0,48.0,167.736,9718128241.0
1155.503,51.0,89908.0,5411.0,47.0,161.823,9718141100.0
1155.602,0.0,89908.0,5411.0,47.0,154.188,9718153962.0
1155.702,0.0,89908.0,5411.0,47.0,151.158,9718166836.0
1155.802,0.0,89908.0,5411.0,47.0,147.95,9718179702.0
1155.901,0.0,89908.0,5411.0,47.0,144.701,9718192524.0
1156.002,0.0,89908.0,5411.0,47.0,143.066,9718205336.0
1156.103,0.0,89908.0,5411.0,46.0,138.226,9718218176.0
1156.202,0.0,89908.0,5411.0,46.0,135.756,9718230981.0
1156.303,0.0,89908.0,5411.0,46.0,133.46,9718243773.0
1156.403,0.0,89908.0,5411.0,46.0,128.371,9718256562.0
1156.502,0.0,89908.0,5411.0,46.0,128.326,9718269332.0
1156.608,0.0,89908.0,5411.0,46.0,128.254,9718282143.0
1156.703,0.0,89908.0,5411.0,46.0,128.112,9718294914.0
1156.803,0.0,89908.0,5411.0,46.0,128.045,9718307681.0
1156.902,0.0,89908.0,5411.0,46.0,127.964,9718320436.0
1157.003,0.0,89908.0,5411.0,46.0,127.934,9718333468.0
1157.102,0.0,89908.0,5411.0,46.0,127.934,9718333468.0
1157.202,0.0,89908.0,5411.0,46.0,127.904,9718345998.0
1157.302,0.0,89908.0,5411.0,46.0,127.881,9718358789.0
1157.403,23.0,89908.0,5411.0,46.0,132.022,9718372933.0
1157.502,23.0,89908.0,5411.0,46.0,136.607,9718391274.0
1157.602,50.0,89908.0,5411.0,46.0,141.022,9718408732.0
1157.703,50.0,89908.0,5411.0,47.0,145.555,9718426130.0
1157.803,50.0,89908.0,5411.0,47.0,150.488,9718442749.0
1157.902,50.0,89908.0,5411.0,47.0,154.392,9718461069.0
1158.002,50.0,89908.0,5411.0,47.0,159.559,9718478335.0
1158.102,50.0,89908.0,5411.0,47.0,164.952,9718514148.0
1158.201,51.0,89908.0,5411.0,47.0,169.932,9718531322.0
1158.301,51.0,89908.0,5411.0,47.0,175.68,9718549370.0
1158.402,51.0,89908.0,5411.0,46.0,175.181,9718563713.0
1158.502,51.0,89908.0,5411.0,46.0,170.562,9718576547.0
1158.602,0.0,89908.0,5411.0,46.0,166.8,9718589346.0
1158.703,0.0,89908.0,5411.0,46.0,161.797,9718602145.0
1158.802,0.0,89908.0,5411.0,46.0,157.667,9718614885.0
1158.903,0.0,89908.0,5411.0,46.0,152.753,9718627673.0
1159.001,0.0,89908.0,5411.0,46.0,148.011,9718646499.0
1159.101,0.0,89908.0,5411.0,47.0,152.328,9718666788.0
1159.201,55.0,89908.0,5411.0,47.0,152.344,9718683801.0
1159.301,55.0,89908.0,5411.0,50.0,155.18,9718728018.0
1159.401,82.0,89908.0,5411.0,50.0,193.41,9718757052.0
1159.501,82.0,89908.0,5411.0,50.0,194.102,9718769841.0
1159.603,0.0,89908.0,5411.0,47.0,194.071,9718769841.0
1159.703,0.0,89908.0,5411.0,47.0,193.914,9718782537.0
1159.803,62.0,89908.0,5411.0,55.0,233.958,9718810123.0
1159.902,62.0,89908.0,5411.0,57.0,280.482,9718873346.0
1160.002,55.0,89908.0,5411.0,56.0,309.038,9718920578.0
1160.103,55.0,89908.0,5411.0,58.0,347.19,9718977965.0
1160.203,93.0,89908.0,5411.0,53.0,381.375,9719041692.0
1160.302,93.0,89908.0,5411.0,59.0,418.108,9719083997.0
1160.402,100.0,89908.0,5411.0,60.0,426.184,9719148872.0
1160.503,100.0,89908.0,5411.0,61.0,462.893,9719259433.0
1160.602,88.0,89908.0,5411.0,60.0,498.803,9719307561.0
1160.703,88.0,89908.0,5411.0,61.0,544.946,9719358480.0
1160.803,80.0,89908.0,5411.0,61.0,542.663,9719406715.0
1160.902,80.0,89908.0,5411.0,60.0,530.022,9719455490.0
1161.001,77.0,89908.0,5411.0,60.0,540.461,9719506344.0
1161.103,77.0,89908.0,5411.0,61.0,526.914,9719555010.0
1161.203,85.0,89908.0,5411.0,60.0,516.789,9719604437.0
1161.302,85.0,89908.0,5411.0,61.0,520.019,9719655147.0
1161.403,79.0,89908.0,5411.0,62.0,500.786,9719702936.0
1161.501,79.0,89908.0,5411.0,61.0,498.389,9719752555.0
1161.601,78.0,89908.0,5411.0,62.0,496.826,9719805142.0
1161.702,86.0,89908.0,5411.0,61.0,494.447,9719852745.0
1161.803,86.0,89908.0,5411.0,62.0,493.379,9719900308.0
1161.902,79.0,89908.0,5411.0,62.0,489.682,9719950057.0
1162.002,79.0,89908.0,5411.0,62.0,489.682,9719996951.0
1162.102,79.0,89908.0,5411.0,61.0,490.212,9719996951.0
1162.202,74.0,89908.0,5411.0,60.0,488.924,9720043906.0
1162.302,74.0,89908.0,5411.0,57.0,474.181,9720088257.0
1162.401,63.0,89908.0,5411.0,56.0,452.98,9720119963.0
1162.502,63.0,89908.0,5411.0,54.0,430.246,9720144814.0
1162.602,56.0,89908.0,5411.0,53.0,404.165,9720168961.0
1162.703,56.0,89908.0,5411.0,52.0,370.158,9720188598.0
1162.803,55.0,89908.0,5411.0,51.0,340.049,9720207091.0
1162.902,55.0,89908.0,5411.0,51.0,306.088,9720222755.0
1163.003,55.0,89908.0,5411.0,50.0,286.239,9720241872.0
1163.102,55.0,89908.0,5411.0,50.0,256.665,9720284304.0
1163.203,55.0,89908.0,5411.0,50.0,226.978,9720300839.0
1163.302,55.0,89908.0,5411.0,50.0,207.65,9720318734.0
1163.402,55.0,89908.0,5411.0,49.0,197.752,9720336096.0
1163.501,55.0,89908.0,5411.0,49.0,190.609,9720355953.0
1163.602,55.0,89908.0,5411.0,49.0,186.772,9720376940.0
1163.702,55.0,89908.0,5411.0,49.0,188.756,9720394580.0
1163.802,53.0,89908.0,5411.0,49.0,188.342,9720411009.0
1163.903,53.0,89908.0,5411.0,49.0,187.646,9720426726.0
1164.002,53.0,89908.0,5411.0,49.0,183.956,9720442119.0
1164.102,53.0,89908.0,5411.0,48.0,176.959,9720461802.0
1164.203,53.0,89908.0,5411.0,48.0,179.072,9720480503.0
1164.303,53.0,89908.0,5411.0,48.0,180.927,9720497266.0
1164.401,53.0,89908.0,5411.0,48.0,177.182,9720515463.0
1164.503,53.0,89908.0,5411.0,48.0,181.534,9720538746.0
1164.603,52.0,89908.0,5411.0,48.0,183.541,9720557672.0
1164.702,52.0,89908.0,5411.0,48.0,179.038,9720557672.0
1164.802,51.0,89908.0,5411.0,48.0,182.871,9720574424.0
1164.903,51.0,89908.0,5411.0,48.0,187.31,9720597292.0
1165.003,50.0,89908.0,5411.0,48.0,191.343,9720615841.0
1165.103,50.0,89908.0,5411.0,48.0,192.982,9720634684.0
1165.203,50.0,89908.0,5411.0,48.0,188.341,9720651874.0
1165.302,50.0,89908.0,5411.0,48.0,188.5,9720669470.0
1165.402,50.0,89908.0,5411.0,47.0,189.789,9720686746.0
1165.502,50.0,89908.0,5411.0,47.0,186.268,9720704268.0
1165.602,50.0,89908.0,5411.0,47.0,182.103,9720722720.0
1165.702,50.0,89908.0,5411.0,47.0,182.574,9720739766.0
1165.801,14.0,89908.0,5411.0,47.0,177.371,9720767916.0
1165.901,14.0,89908.0,5411.0,47.0,168.397,9720780683.0
1166.003,0.0,89908.0,5411.0,46.0,162.541,9720793416.0
1166.101,0.0,89908.0,5411.0,46.0,156.505,9720806200.0
1166.202,0.0,89908.0,5411.0,46.0,152.34,9720818945.0
1166.301,0.0,89908.0,5411.0,46.0,148.193,9720831692.0
1166.403,0.0,89908.0,5411.0,46.0,143.592,9720844418.0
1166.501,0.0,89908.0,5411.0,46.0,138.99,9720857138.0
1166.602,0.0,89908.0,5411.0,46.0,133.366,9720869884.0
1166.701,0.0,89908.0,5411.0,46.0,129.218,9720882604.0
1166.803,0.0,89908.0,5411.0,46.0,127.534,9720895324.0
1166.902,0.0,89908.0,5411.0,46.0,127.471,9720908013.0
1167.001,0.0,89908.0,5411.0,46.0,127.417,9720920756.0
1167.101,0.0,89908.0,5411.0,46.0,127.374,9720933465.0
1167.203,0.0,89908.0,5411.0,46.0,127.271,9720946164.0
1167.303,0.0,89908.0,5411.0,46.0,128.012,9720958864.0
1167.401,0.0,89908.0,5411.0,46.0,128.012,9720974444.0
1167.501,0.0,89908.0,5411.0,46.0,132.13,9720974444.0
1167.602,51.0,89908.0,5411.0,46.0,136.768,9720991785.0
1167.701,51.0,89908.0,5411.0,46.0,141.217,9721008945.0
1167.803,50.0,89908.0,5411.0,46.0,145.84,9721026888.0
1167.902,50.0,89908.0,5411.0,46.0,149.469,9721043883.0
1168.003,50.0,89908.0,5411.0,47.0,154.716,9721061514.0
1168.103,50.0,89908.0,5411.0,47.0,158.458,9721078527.0
1168.203,50.0,89908.0,5411.0,47.0,162.418,9721096189.0
1168.303,50.0,89908.0,5411.0,46.0,167.18,9721113966.0
1168.403,7.0,89908.0,5411.0,46.0,167.176,9721128249.0
1168.502,7.0,89908.0,5411.0,47.0,171.385,9721144508.0
1168.603,56.0,89908.0,5411.0,47.0,173.0,9721183953.0
1168.701,56.0,89908.0,5411.0,47.0,175.177,9721201418.0
1168.802,55.0,89908.0,5411.0,47.0,174.881,9721217640.0
1168.902,55.0,89908.0,5411.0,47.0,174.16,9721233687.0
1169.002,55.0,89908.0,5411.0,47.0,174.938,9721251750.0
1169.101,55.0,89908.0,5411.0,47.0,174.838,9721269010.0
1169.202,56.0,89908.0,5411.0,47.0,176.359,9721287739.0
1169.301,56.0,89908.0,5411.0,47.0,177.358,9721305492.0
1169.403,55.0,89908.0,5411.0,47.0,180.632,9721330182.0
1169.502,55.0,89908.0,5411.0,51.0,191.538,9721377001.0
1169.603,87.0,89908.0,5411.0,56.0,257.469,9721421325.0
1169.701,87.0,89908.0,5411.0,56.0,257.469,9721481042.0
1169.803,100.0,89908.0,5411.0,58.0,312.408,9721481042.0
1169.902,100.0,89908.0,5411.0,55.0,327.397,9721539934.0
1170.003,79.0,89908.0,5411.0,59.0,371.28,9721584033.0
1170.103,79.0,89908.0,5411.0,57.0,418.054,9721647882.0
1170.202,67.0,89908.0,5411.0,60.0,449.465,9721695245.0
1170.303,67.0,89908.0,5411.0,61.0,493.762,9721757989.0
1170.402,83.0,89908.0,5411.0,60.0,524.111,9721813869.0
1170.502,83.0,89908.0,5411.0,60.0,539.506,9721860132.0
1170.602,81.0,89908.0,5411.0,59.0,532.939,9721910979.0
1170.703,81.0,89908.0,5411.0,62.0,539.666,9721962146.0
1170.802,81.0,89908.0,5411.0,61.0,525.997,9722063746.0
1170.902,81.0,89908.0,5411.0,61.0,536.984,9722112190.0
1171.003,81.0,89908.0,5411.0,61.0,524.628,9722162264.0
1171.103,81.0,89908.0,5411.0,60.0,514.034,9722216177.0
1171.203,81.0,89908.0,5411.0,62.0,517.224,9722265797.0
1171.302,81.0,89908.0,5411.0,62.0,500.932,9722315213.0
1171.402,87.0,89908.0,5411.0,62.0,503.69,9722367432.0
1171.503,87.0,89908.0,5411.0,60.0,505.706,9722418840.0
1171.603,80.0,89908.0,5411.0,63.0,505.02,9722469032.0
1171.701,80.0,89908.0,5411.0,62.0,502.861,9722516840.0
1171.801,85.0,89908.0,5411.0,61.0,502.129,9722561568.0
1171.903,85.0,89908.0,5411.0,61.0,496.0,9722607541.0
1172.002,71.0,89908.0,5411.0,56.0,470.607,9722645239.0
1172.103,71.0,89908.0,5411.0,56.0,470.607,9722670989.0
1172.202,60.0,89908.0,5411.0,54.0,439.308,9722670989.0
1172.303,60.0,89908.0,5411.0,53.0,417.267,9722694821.0
1172.402,56.0,89908.0,5411.0,52.0,385.575,9722716065.0
1172.502,56.0,89908.0,5411.0,51.0,356.039,9722737814.0
1172.602,54.0,89908.0,5411.0,51.0,329.224,9722760537.0
1172.702,54.0,89908.0,5411.0,50.0,304.796,9722781057.0
1172.802,56.0,89908.0,5411.0,50.0,272.492,9722801303.0
1172.902,56.0,89908.0,5411.0,50.0,243.499,9722818291.0
1173.002,54.0,89908.0,5411.0,50.0,224.11,9722838770.0
1173.102,54.0,89908.0,5411.0,49.0,204.08,9722855059.0
1173.202,53.0,89908.0,5411.0,49.0,201.665,9722892874.0
1173.302,53.0,89908.0,5411.0,49.0,200.715,9722917579.0
1173.403,53.0,89908.0,5411.0,49.0,200.399,9722934244.0
1173.503,53.0,89908.0,5411.0,49.0,193.291,9722951909.0
1173.603,53.0,89908.0,5411.0,49.0,192.499,9722973746.0
1173.703,53.0,89908.0,5411.0,48.0,194.287,9722996233.0
1173.802,52.0,89908.0,5411.0,48.0,195.018,9723017519.0
1173.903,52.0,89908.0,5411.0,48.0,199.573,9723034822.0
1174.002,50.0,89908.0,5411.0,48.0,196.799,9723056617.0
1174.103,50.0,89908.0,5411.0,48.0,202.71,9723074530.0
1174.202,51.0,89908.0,5411.0,48.0,199.475,9723092566.0
1174.301,51.0,89908.0,5411.0,48.0,196.34,9723107596.0
1174.402,51.0,89908.0,5411.0,48.0,188.999,9723123296.0
1174.501,51.0,89908.0,5411.0,48.0,189.206,9723140447.0
1174.602,50.0,89908.0,5411.0,48.0,185.567,9723157121.0
1174.703,50.0,89908.0,5411.0,47.0,177.583,9723170546.0
1174.803,0.0,89908.0,5411.0,47.0,170.24,9723170546.0
1174.902,0.0,89908.0,5411.0,47.0,162.169,9723183379.0
1175.002,0.0,89908.0,5411.0,47.0,157.435,9723196252.0
1175.102,0.0,89908.0,5411.0,47.0,148.871,9723209105.0
1175.202,0.0,89908.0,5411.0,46.0,144.212,9723221942.0
1175.303,0.0,89908.0,5411.0,46.0,140.869,9723234769.0
1175.401,0.0,89908.0,5411.0,46.0,138.18,9723247578.0
1175.503,0.0,89908.0,5411.0,46.0,134.21,9723260414.0
1175.603,0.0,89908.0,5411.0,46.0,130.15,9723273226.0
1175.703,0.0,89908.0,5411.0,46.0,128.359,9723286020.0
1175.802,0.0,89908.0,5411.0,46.0,128.349,9723298837.0
1175.902,0.0,89908.0,5411.0,46.0,128.3,9723311651.0
1176.001,0.0,89908.0,5411.0,46.0,128.195,9723337236.0
1176.101,0.0,89908.0,5411.0,46.0,128.134,9723350043.0
1176.201,5.0,89908.0,5411.0,46.0,130.907,9723367515.0
1176.302,5.0,89908.0,5411.0,46.0,135.886,9723385065.0
1176.402,50.0,89908.0,5411.0,46.0,140.903,9723402704.0
1176.502,50.0,89908.0,5411.0,47.0,145.216,9723420156.0
1176.602,50.0,89908.0,5411.0,47.0,150.637,9723437964.0
1176.702,50.0,89908.0,5411.0,47.0,155.139,9723455176.0
1176.803,50.0,89908.0,5411.0,47.0,160.613,9723473071.0
1176.902,50.0,89908.0,5411.0,47.0,164.646,9723490303.0
1177.003,50.0,89908.0,5411.0,47.0,169.872,9723508469.0
1177.102,50.0,89908.0,5411.0,47.0,173.79,9723526605.0
1177.202,50.0,89908.0,5411.0,47.0,175.964,9723541076.0
1177.303,50.0,89908.0,5411.0,46.0,171.418,9723553904.0
1177.403,0.0,89908.0,5411.0,46.0,166.28,9723566686.0
1177.503,0.0,89908.0,5411.0,46.0,166.28,9723579433.0
1177.602,0.0,89908.0,5411.0,46.0,156.138,9723579433.0
1177.703,0.0,89908.0,5411.0,46.0,151.764,9723592199.0
1177.803,10.0,89908.0,5411.0,48.0,153.106,9723604985.0
1177.902,10.0,89908.0,5411.0,47.0,156.014,9723627274.0
1178.002,55.0,89908.0,5411.0,47.0,155.745,9723646605.0
1178.103,55.0,89908.0,5411.0,47.0,155.908,9723664209.0
1178.201,55.0,89908.0,5411.0,47.0,158.517,9723682201.0
1178.301,55.0,89908.0,5411.0,47.0,166.837,9723703812.0
1178.401,45.0,89908.0,5411.0,49.0,177.654,9723722237.0
1178.502,45.0,89908.0,5411.0,52.0,218.049,9723761495.0
1178.603,38.0,89908.0,5411.0,55.0,250.511,9723796901.0
1178.702,38.0,89908.0,5411.0,57.0,300.188,9723923150.0
1178.803,75.0,89908.0,5411.0,51.0,312.997,9723939739.0
1178.901,75.0,89908.0,5411.0,49.0,306.412,9723952651.0
1179.003,0.0,89908.0,5411.0,48.0,301.428,9723965424.0
1179.102,0.0,89908.0,5411.0,53.0,313.734,9724013664.0
1179.203,94.0,89908.0,5411.0,57.0,357.992,9724076560.0
1179.303,94.0,89908.0,5411.0,54.0,380.121,9724119694.0
1179.402,59.0,89908.0,5411.0,59.0,421.032,9724184461.0
1179.503,59.0,89908.0,5411.0,60.0,432.091,9724243879.0
1179.602,85.0,89908.0,5411.0,60.0,442.915,9724297951.0
1179.703,85.0,89908.0,5411.0,60.0,431.876,9724347230.0
1179.803,88.0,89908.0,5411.0,60.0,439.569,9724400417.0
1179.903,88.0,89908.0,5411.0,59.0,485.423,9724400417.0
1180.002,78.0,89908.0,5411.0,61.0,525.657,9724454089.0
1180.102,78.0,89908.0,5411.0,61.0,545.832,9724504798.0
1180.202,78.0,89908.0,5411.0,59.0,530.602,9724554829.0
1180.303,78.0,89908.0,5411.0,62.0,531.515,9724604940.0
1180.403,84.0,89908.0,5411.0,61.0,523.705,9724654016.0
1180.511,84.0,89908.0,5411.0,60.0,507.189,9724699538.0
1180.603,79.0,89908.0,5411.0,62.0,501.98,9724749393.0
1180.703,79.0,89908.0,5411.0,62.0,502.022,9724800491.0
1180.803,87.0,89908.0,5411.0,61.0,499.547,9724898998.0
1180.901,87.0,89908.0,5411.0,61.0,496.022,9724950738.0
1181.002,77.0,89908.0,5411.0,62.0,493.522,9724997064.0
1181.101,77.0,89908.0,5411.0,60.0,490.527,9725045222.0
1181.202,73.0,89908.0,5411.0,59.0,486.76,9725090352.0
1181.302,73.0,89908.0,5411.0,59.0,480.95,9725130483.0
1181.402,68.0,89908.0,5411.0,57.0,467.886,9725163458.0
1181.502,68.0,89908.0,5411.0,55.0,448.523,9725188413.0
1181.601,58.0,89908.0,5411.0,54.0,420.031,9725209404.0
1181.703,58.0,89908.0,5411.0,53.0,388.679,9725230356.0
1181.803,54.0,89908.0,5411.0,52.0,361.532,9725246295.0
1181.903,54.0,89908.0,5411.0,51.0,327.733,9725266350.0
1182.002,53.0,89908.0,5411.0,51.0,300.283,9725284397.0
1182.103,53.0,89908.0,5411.0,50.0,271.65,9725300809.0
1182.202,56.0,89908.0,5411.0,50.0,241.325,9725316933.0
1182.303,56.0,89908.0,5411.0,50.0,241.325,9725316933.0
1182.402,56.0,89908.0,5411.0,50.0,208.128,9725335248.0
1182.502,54.0,89908.0,5411.0,49.0,196.198,9725356341.0
1182.603,53.0,89908.0,5411.0,49.0,189.058,9725377091.0
1182.702,53.0,89908.0,5411.0,49.0,184.456,9725395233.0
1182.802,53.0,89908.0,5411.0,49.0,185.863,9725412527.0
1182.902,53.0,89908.0,5411.0,49.0,187.153,9725433060.0
1183.002,53.0,89908.0,5411.0,49.0,193.794,9725455444.0
1183.102,53.0,89908.0,5411.0,48.0,193.588,9725476356.0
1183.202,54.0,89908.0,5411.0,48.0,192.471,9725493256.0
1183.303,54.0,89908.0,5411.0,48.0,193.659,9725508678.0
1183.403,54.0,89908.0,5411.0,48.0,190.713,9725544748.0
1183.502,54.0,89908.0,5411.0,48.0,188.721,9725565626.0
1183.603,53.0,89908.0,5411.0,48.0,187.793,9725582113.0
1183.702,53.0,89908.0,5411.0,48.0,184.739,9725596551.0
1183.803,51.0,89908.0,5411.0,48.0,179.997,9725611876.0
1183.902,51.0,89908.0,5411.0,48.0,176.766,9725631964.0
1184.002,51.0,89908.0,5411.0,48.0,177.111,9725654303.0
1184.102,51.0,89908.0,5411.0,47.0,174.402,9725667650.0
1184.202,0.0,89908.0,5411.0,47.0,171.712,9725680483.0
1184.303,0.0,89908.0,5411.0,47.0,167.995,9725693308.0
1184.402,0.0,89908.0,5411.0,47.0,161.405,9725706108.0
1184.503,0.0,89908.0,5411.0,47.0,157.133,9725718891.0
1184.602,0.0,89908.0,5411.0,46.0,150.048,9725731663.0
1184.702,0.0,89908.0,5411.0,46.0,148.11,9725744434.0
1184.802,0.0,89908.0,5411.0,46.0,146.022,9725757185.0
1184.902,0.0,89908.0,5411.0,46.0,142.978,9725769869.0
1185.002,0.0,89908.0,5411.0,46.0,142.978,9725769869.0
1185.102,0.0,89908.0,5411.0,46.0,133.022,9725782589.0
1185.202,0.0,89908.0,5411.0,46.0,127.796,9725795303.0
1185.303,0.0,89908.0,5411.0,46.0,127.699,9725808042.0
1185.403,0.0,89908.0,5411.0,46.0,127.496,9725820770.0
1185.501,0.0,89908.0,5411.0,46.0,127.437,9725833519.0
1185.602,0.0,89908.0,5411.0,46.0,127.419,9725846238.0
1185.702,0.0,89908.0,5411.0,46.0,127.37,9725858988.0
1185.802,1.0,89908.0,5411.0,46.0,129.133,9725871714.0
1185.902,1.0,89908.0,5411.0,46.0,133.443,9725887585.0
1186.002,50.0,89908.0,5411.0,47.0,138.266,9725904749.0
1186.102,50.0,89908.0,5411.0,47.0,143.767,9725940418.0
1186.203,50.0,89908.0,5411.0,47.0,148.579,9725958029.0
1186.302,50.0,89908.0,5411.0,47.0,153.731,9725974910.0
1186.402,50.0,89908.0,5411.0,47.0,157.638,9725992522.0
1186.501,50.0,89908.0,5411.0,47.0,162.687,9726009934.0
1186.601,50.0,89908.0,5411.0,47.0,168.088,9726027375.0
1186.702,50.0,89908.0,5411.0,47.0,172.397,9726045411.0
1186.802,50.0,89908.0,5411.0,47.0,175.177,9726063010.0
1186.901,50.0,89908.0,5411.0,47.0,176.211,9726078461.0
1187.002,17.0,89908.0,5411.0,46.0,171.582,9726091239.0
1187.103,17.0,89908.0,5411.0,46.0,167.053,9726103983.0
1187.203,0.0,89908.0,5411.0,46.0,161.591,9726116725.0
1187.303,0.0,89908.0,5411.0,46.0,156.368,9726129443.0
1187.403,0.0,89908.0,5411.0,46.0,152.719,9726142143.0
1187.502,0.0,89908.0,5411.0,46.0,147.505,9726154850.0
1187.603,0.0,89908.0,5411.0,46.0,142.304,9726167581.0
1187.701,0.0,89908.0,5411.0,46.0,142.304,9726167581.0
1187.802,0.0,89908.0,5411.0,46.0,138.571,9726180246.0
1187.901,0.0,89908.0,5411.0,46.0,133.273,9726197957.0
1188.001,0.0,89908.0,5411.0,47.0,137.383,9726219784.0
1188.101,43.0,89908.0,5411.0,53.0,211.213,9726267979.0
1188.201,100.0,89908.0,5411.0,57.0,265.483,9726322181.0
1188.302,100.0,89908.0,5411.0,52.0,292.427,9726390545.0
1188.403,62.0,89908.0,5411.0,58.0,343.415,9726430088.0
1188.502,62.0,89908.0,5411.0,60.0,382.88,9726493749.0
1188.602,61.0,89908.0,5411.0,59.0,425.894,9726597554.0
1188.702,61.0,89908.0,5411.0,61.0,470.726,9726661181.0
1188.802,89.0,89908.0,5411.0,60.0,516.33,9726714957.0
1188.902,89.0,89908.0,5411.0,60.0,554.147,9726770530.0
1189.002,78.0,89908.0,5411.0,59.0,554.912,9726824449.0
1189.101,78.0,89908.0,5411.0,61.0,561.756,9726875767.0
1189.203,90.0,89908.0,5411.0,61.0,542.955,9726925242.0
1189.302,90.0,89908.0,5411.0,59.0,555.358,9726976028.0
1189.401,79.0,89908.0,5411.0,62.0,538.584,9727025595.0
1189.501,79.0,89908.0,5411.0,62.0,528.175,9727073521.0
1189.602,86.0,89908.0,5411.0,61.0,531.841,9727124192.0
1189.701,86.0,89908.0,5411.0,61.0,518.905,9727177597.0
1189.803,80.0,89908.0,5411.0,62.0,519.144,9727229823.0
1189.902,80.0,89908.0,5411.0,62.0,515.689,9727281297.0
1190.001,80.0,89908.0,5411.0,62.0,515.689,9727281297.0
1190.102,80.0,89908.0,5411.0,60.0,513.207,9727333195.0
1190.203,80.0,89908.0,5411.0,63.0,509.313,9727383363.0
1190.303,89.0,89908.0,5411.0,62.0,507.24,9727432196.0
1190.402,89.0,89908.0,5411.0,60.0,507.869,9727480072.0
1190.503,77.0,89908.0,5411.0,62.0,505.419,9727527175.0
1190.602,82.0,89908.0,5411.0,59.0,489.189,9727572790.0
1190.702,82.0,89908.0,5411.0,57.0,472.66,9727611162.0
1190.803,62.0,89908.0,5411.0,55.0,441.961,9727645497.0
1190.902,62.0,89908.0,5411.0,54.0,409.319,9727666471.0
1191.003,57.0,89908.0,5411.0,53.0,378.243,9727687693.0
1191.103,57.0,89908.0,5411.0,52.0,348.509,9727727683.0
1191.203,56.0,89908.0,5411.0,52.0,320.728,9727748583.0
1191.303,56.0,89908.0,5411.0,51.0,294.394,9727771805.0
1191.402,55.0,89908.0,5411.0,51.0,267.168,9727790421.0
1191.503,55.0,89908.0,5411.0,50.0,248.659,9727814120.0
1191.603,56.0,89908.0,5411.0,50.0,229.338,9727835545.0
1191.701,56.0,89908.0,5411.0,50.0,211.159,9727851305.0
1191.802,54.0,89908.0,5411.0,50.0,205.675,9727871361.0
1191.903,54.0,89908.0,5411.0,49.0,200.429,9727886558.0
1192.003,54.0,89908.0,5411.0,49.0,199.696,9727906237.0
1192.103,54.0,89908.0,5411.0,49.0,196.757,9727923833.0
1192.202,54.0,89908.0,5411.0,49.0,194.037,9727941889.0
1192.302,54.0,89908.0,5411.0,49.0,191.274,9727962742.0
1192.403,53.0,89908.0,5411.0,49.0,189.513,9727979201.0
1192.503,53.0,89908.0,5411.0,49.0,182.76,9727995191.0
1192.603,53.0,89908.0,5411.0,49.0,182.76,9727995191.0
1192.703,52.0,89908.0,5411.0,48.0,182.263,9728017745.0
1192.803,52.0,89908.0,5411.0,48.0,187.527,9728039743.0
1192.903,51.0,89908.0,5411.0,48.0,185.174,9728056752.0
1193.003,51.0,89908.0,5411.0,48.0,187.074,9728074365.0
1193.103,52.0,89908.0,5411.0,48.0,187.769,9728092832.0
1193.202,52.0,89908.0,5411.0,48.0,186.782,9728113307.0
1193.302,51.0,89908.0,5411.0,48.0,183.556,9728128386.0
1193.401,50.0,89908.0,5411.0,48.0,185.658,9728146515.0
1193.503,50.0,89908.0,5411.0,48.0,188.202,9728165330.0
1193.603,44.0,89908.0,5411.0,47.0,180.915,9728183314.0
1193.703,44.0,89908.0,5411.0,47.0,171.342,9728209770.0
1193.802,0.0,89908.0,5411.0,47.0,167.599,9728222719.0
1193.902,0.0,89908.0,5411.0,47.0,161.942,9728235502.0
1194.002,0.0,89908.0,5411.0,47.0,156.326,9728248310.0
1194.101,0.0,89908.0,5411.0,47.0,150.884,9728261041.0
1194.202,0.0,89908.0,5411.0,47.0,145.997,9728273715.0
1194.301,0.0,89908.0,5411.0,46.0,142.495,9728286392.0
1194.401,0.0,89908.0,5411.0,46.0,135.96,9728299061.0
1194.502,0.0,89908.0,5411.0,46.0,129.487,9728311743.0
1194.602,0.0,89908.0,5411.0,46.0,127.675,9728324419.0
1194.702,0.0,89908.0,5411.0,46.0,127.421,9728337100.0
1194.802,0.0,89908.0,5411.0,46.0,127.209,9728349760.0
1194.903,0.0,89908.0,5411.0,46.0,127.209,9728349760.0
1195.003,0.0,89908.0,5411.0,46.0,126.996,9728362427.0
1195.101,0.0,89908.0,5411.0,46.0,126.886,9728375097.0
1195.201,0.0,89908.0,5411.0,46.0,126.8,9728387720.0
1195.301,0.0,89908.0,5411.0,46.0,126.715,9728400347.0
1195.402,0.0,89908.0,5411.0,46.0,128.185,9728414855.0
1195.502,44.0,89908.0,5411.0,47.0,132.697,9728432167.0
1195.602,44.0,89908.0,5411.0,47.0,136.862,9728448980.0
1195.702,50.0,89908.0,5411.0,47.0,141.75,9728466842.0
1195.802,50.0,89908.0,5411.0,47.0,145.799,9728483733.0
1195.902,50.0,89908.0,5411.0,47.0,155.167,9728501645.0
1196.002,50.0,89908.0,5411.0,47.0,160.963,9728536645.0
1196.102,50.0,89908.0,5411.0,47.0,166.122,9728554165.0
1196.202,50.0,89908.0,5411.0,47.0,168.657,9728569948.0
1196.303,50.0,89908.0,5411.0,46.0,168.2,9728582737.0
1196.403,0.0,89908.0,5411.0,46.0,163.643,9728595437.0
1196.502,0.0,89908.0,5411.0,46.0,159.744,9728608162.0
1196.602,0.0,89908.0,5411.0,46.0,154.968,9728620906.0
1196.702,0.0,89908.0,5411.0,46.0,150.43,9728633610.0
1196.802,0.0,89908.0,5411.0,46.0,145.338,9728646319.0
1196.903,0.0,89908.0,5411.0,46.0,140.93,9728659034.0
1197.003,0.0,89908.0,5411.0,46.0,135.916,9728672190.0
1197.102,0.0,89908.0,5411.0,48.0,138.513,9728693317.0
1197.203,59.0,89908.0,5411.0,47.0,141.563,9728713553.0
1197.302,59.0,89908.0,5411.0,47.0,148.499,9728732679.0
1197.403,54.0,89908.0,5411.0,47.0,154.45,9728750806.0
1197.502,54.0,89908.0,5411.0,47.0,163.956,9728750806.0
1197.603,69.0,89908.0,5411.0,55.0,209.174,9728779680.0
1197.703,69.0,89908.0,5411.0,54.0,241.597,9728833308.0
1197.802,93.0,89908.0,5411.0,58.0,292.222,9728886758.0
1197.903,93.0,89908.0,5411.0,53.0,325.108,9728949619.0
1198.002,50.0,89908.0,5411.0,59.0,373.36,9728988554.0
1198.102,50.0,89908.0,5411.0,60.0,407.103,9729051696.0
1198.201,56.0,89908.0,5411.0,52.0,407.309,9729104047.0
1198.301,56.0,89908.0,5411.0,51.0,400.164,9729117893.0
1198.413,0.0,89908.0,5411.0,50.0,391.443,9729144072.0
1198.501,0.0,89908.0,5411.0,56.0,424.59,9729203780.0
1198.601,100.0,89908.0,5411.0,59.0,428.998,9729266756.0
1198.703,100.0,89908.0,5411.0,59.0,432.52,9729313690.0
1198.801,85.0,89908.0,5411.0,59.0,418.735,9729363946.0
1198.901,85.0,89908.0,5411.0,61.0,426.984,9729415671.0
1199.003,79.0,89908.0,5411.0,61.0,420.268,9729467011.0
1199.103,79.0,89908.0,5411.0,60.0,412.197,9729519574.0
1199.201,79.0,89908.0,5411.0,59.0,443.683,9729573740.0
1199.301,79.0,89908.0,5411.0,62.0,487.259,9729624713.0
1199.403,89.0,89908.0,5411.0,61.0,516.074,9729673487.0
1199.501,89.0,89908.0,5411.0,60.0,524.436,9729722236.0
1199.601,89.0,89908.0,5411.0,60.0,524.436,9729772388.0
1199.702,79.0,89908.0,5411.0,63.0,507.666,9729772388.0
1199.803,79.0,89908.0,5411.0,62.0,505.188,9729821257.0
1199.901,87.0,89908.0,5411.0,61.0,508.617,9729872418.0
1200.002,87.0,89908.0,5411.0,62.0,510.111,9729925309.0
1200.102,79.0,89908.0,5411.0,63.0,508.285,9729975548.0
1200.201,79.0,89908.0,5411.0,62.0,511.619,9730028521.0
1200.303,80.0,89908.0,5411.0,60.0,508.505,9730077687.0
1200.402,80.0,89908.0,5411.0,61.0,503.319,9730122983.0
1200.502,78.0,89908.0,5411.0,60.0,495.236,9730165436.0
1200.602,65.0,89908.0,5411.0,58.0,463.206,9730199854.0
1200.702,65.0,89908.0,5411.0,54.0,437.45,9730227186.0
1200.802,56.0,89908.0,5411.0,53.0,403.699,9730274042.0
1200.903,56.0,89908.0,5411.0,52.0,375.159,9730291556.0
1201.003,55.0,89908.0,5411.0,52.0,341.49,9730309015.0
1201.103,55.0,89908.0,5411.0,51.0,302.139,9730325019.0
1201.202,56.0,89908.0,5411.0,51.0,278.619,9730347282.0
1201.303,56.0,89908.0,5411.0,50.0,244.443,9730363778.0
1201.403,54.0,89908.0,5411.0,50.0,226.193,9730383877.0
1201.502,54.0,89908.0,5411.0,50.0,204.839,9730402760.0
1201.602,53.0,89908.0,5411.0,50.0,194.911,9730421140.0
1201.703,53.0,89908.0,5411.0,49.0,189.009,9730439659.0
1201.803,53.0,89908.0,5411.0,49.0,186.466,9730461264.0
1201.902,53.0,89908.0,5411.0,49.0,185.619,9730476451.0
1202.003,51.0,89908.0,5411.0,49.0,185.208,9730495033.0
1202.103,51.0,89908.0,5411.0,49.0,187.342,9730512529.0
1202.203,52.0,89908.0,5411.0,49.0,181.636,9730530019.0
1202.304,52.0,89908.0,5411.0,49.0,183.794,9730530019.0
1202.403,50.0,89908.0,5411.0,49.0,183.233,9730548933.0
1202.502,50.0,89908.0,5411.0,48.0,180.09,9730566224.0
1202.602,50.0,89908.0,5411.0,48.0,178.535,9730583930.0
1202.702,50.0,89908.0,5411.0,48.0,173.862,9730598173.0
1202.803,0.0,89908.0,5411.0,48.0,164.887,9730611134.0
1202.902,0.0,89908.0,5411.0,47.0,160.929,9730624047.0
1203.002,0.0,89908.0,5411.0,47.0,155.33,9730636961.0
1203.103,0.0,89908.0,5411.0,47.0,150.788,9730649889.0
1203.202,0.0,89908.0,5411.0,47.0,148.246,9730662814.0
1203.302,0.0,89908.0,5411.0,47.0,140.754,9730675679.0
1203.402,0.0,89908.0,5411.0,47.0,135.983,9730688571.0
1203.502,0.0,89908.0,5411.0,47.0,131.284,9730714313.0
1203.602,0.0,89908.0,5411.0,47.0,129.107,9730727188.0
1203.702,0.0,89908.0,5411.0,47.0,129.008,9730740042.0
1203.803,0.0,89908.0,5411.0,47.0,128.931,9730752905.0
1203.901,0.0,89908.0,5411.0,47.0,129.827,9730767335.0
1204.001,40.0,89908.0,5411.0,47.0,133.742,9730784500.0
1204.103,40.0,89908.0,5411.0,47.0,139.113,9730802537.0
1204.202,51.0,89908.0,5411.0,47.0,143.373,9730820031.0
1204.302,51.0,89908.0,5411.0,47.0,148.16,9730837442.0
1204.402,51.0,89908.0,5411.0,47.0,152.211,9730854836.0
1204.503,51.0,89908.0,5411.0,47.0,156.645,9730872417.0
1204.603,51.0,89908.0,5411.0,47.0,162.553,9730890462.0
1204.702,51.0,89908.0,5411.0,47.0,165.937,9730908010.0
1204.802,51.0,89908.0,5411.0,47.0,170.033,9730924289.0
1204.903,51.0,89908.0,5411.0,47.0,169.495,9730937169.0
1205.003,0.0,89908.0,5411.0,47.0,165.944,9730950028.0
1205.103,0.0,89908.0,5411.0,47.0,165.944,9730969407.0
1205.202,0.0,89908.0,5411.0,48.0,166.192,9730969407.0
1205.302,51.0,89908.0,5411.0,47.0,168.157,9730987858.0
1205.402,51.0,89908.0,5411.0,47.0,169.386,9731007480.0
1205.501,56.0,89908.0,5411.0,48.0,173.739,9731028162.0
1205.601,56.0,89908.0,5411.0,54.0,197.837,9731071543.0
1205.702,46.0,89908.0,5411.0,53.0,230.969,9731121256.0
1205.803,46.0,89908.0,5411.0,57.0,269.44,9731183727.0
1205.903,70.0,89908.0,5411.0,53.0,301.268,9731224140.0
1206.002,70.0,89908.0,5411.0,59.0,352.011,9731288178.0
1206.103,100.0,89908.0,5411.0,59.0,390.084,9731400164.0
1206.202,100.0,89908.0,5411.0,60.0,428.954,9731450170.0
1206.303,84.0,89908.0,5411.0,59.0,489.682,9731500241.0
1206.402,84.0,89908.0,5411.0,59.0,518.475,9731550931.0
1206.503,84.0,89908.0,5411.0,60.0,518.627,9731601512.0
1206.602,83.0,89908.0,5411.0,60.0,523.64,9731652163.0
1206.702,83.0,89908.0,5411.0,61.0,513.831,9731702884.0
1206.802,84.0,89908.0,5411.0,60.0,522.159,9731753090.0
1206.902,84.0,89908.0,5411.0,61.0,508.598,9731803971.0
1207.002,85.0,89908.0,5411.0,61.0,509.061,9731853160.0
1207.103,85.0,89908.0,5411.0,61.0,496.372,9731903136.0
1207.201,85.0,89908.0,5411.0,61.0,496.372,9731903136.0
1207.303,84.0,89908.0,5411.0,61.0,498.189,9731954380.0
1207.402,84.0,89908.0,5411.0,60.0,496.567,9732002645.0
1207.502,83.0,89908.0,5411.0,60.0,495.247,9732051059.0
1207.602,83.0,89908.0,5411.0,60.0,489.782,9732093982.0
1207.703,76.0,89908.0,5411.0,59.0,475.744,9732130946.0
1207.802,76.0,89908.0,5411.0,57.0,453.547,9732160537.0
1207.902,62.0,89908.0,5411.0,55.0,426.085,9732183010.0
1208.002,62.0,89908.0,5411.0,54.0,396.845,9732204257.0
1208.102,55.0,89908.0,5411.0,53.0,370.91,9732227557.0
1208.202,55.0,89908.0,5411.0,52.0,307.365,9732264984.0
1208.302,55.0,89908.0,5411.0,51.0,280.314,9732286199.0
1208.403,54.0,89908.0,5411.0,51.0,255.158,9732307236.0
1208.503,54.0,89908.0,5411.0,50.0,230.996,9732323069.0
1208.602,53.0,89908.0,5411.0,50.0,206.26,9732338410.0
1208.702,53.0,89908.0,5411.0,50.0,191.853,9732353756.0
1208.803,52.0,89908.0,5411.0,50.0,188.381,9732371347.0
1208.902,52.0,89908.0,5411.0,49.0,187.382,9732391035.0
1209.003,52.0,89908.0,5411.0,49.0,181.561,9732409309.0
1209.103,52.0,89908.0,5411.0,49.0,177.285,9732425275.0
1209.203,52.0,89908.0,5411.0,49.0,182.23,9732447033.0
1209.303,52.0,89908.0,5411.0,49.0,178.399,9732464115.0
1209.402,52.0,89908.0,5411.0,49.0,172.684,9732479459.0
1209.503,52.0,89908.0,5411.0,49.0,171.964,9732494722.0
1209.603,51.0,89908.0,5411.0,49.0,172.029,9732510369.0
1209.703,51.0,89908.0,5411.0,49.0,172.029,9732510369.0
1209.803,51.0,89908.0,5411.0,48.0,176.171,9732529877.0
1209.901,52.0,89908.0,5411.0,48.0,174.944,9732546343.0
1210.001,52.0,89908.0,5411.0,48.0,176.618,9732566715.0
1210.101,44.0,89908.0,5411.0,48.0,175.355,9732584710.0
1210.201,44.0,89908.0,5411.0,48.0,173.368,9732598428.0
1210.301,0.0,89908.0,5411.0,48.0,164.723,9732611358.0
1210.401,0.0,89908.0,5411.0,47.0,160.583,9732624302.0
1210.501,0.0,89908.0,5411.0,47.0,157.974,9732637211.0
1210.601,0.0,89908.0,5411.0,47.0,155.437,9732650107.0
1210.722,0.0,89908.0,5411.0,47.0,146.326,9732675873.0
1210.801,0.0,89908.0,5411.0,47.0,146.326,9732675873.0
1210.901,0.0,89908.0,5411.0,47.0,142.418,9732701606.0
1211.001,0.0,89908.0,5411.0,47.0,129.568,9732714479.0
1211.102,0.0,89908.0,5411.0,47.0,128.972,9732727319.0
1211.202,0.0,89908.0,5411.0,47.0,128.887,9732740164.0
1211.302,0.0,89908.0,5411.0,47.0,128.821,9732753023.0
1211.402,0.0,89908.0,5411.0,46.0,128.721,9732765841.0
1211.502,0.0,89908.0,5411.0,46.0,128.622,9732778660.0
1211.602,0.0,89908.0,5411.0,46.0,128.578,9732791502.0
1211.702,0.0,89908.0,5411.0,46.0,128.513,9732804311.0
1211.803,0.0,89908.0,5411.0,46.0,128.483,9732817134.0
1211.903,0.0,89908.0,5411.0,46.0,128.396,9732829933.0
1212.003,0.0,89908.0,5411.0,46.0,128.339,9732842771.0
1212.102,0.0,89908.0,5411.0,46.0,128.296,9732855575.0
1212.202,0.0,89908.0,5411.0,46.0,128.307,9732868432.0
1212.302,0.0,89908.0,5411.0,46.0,128.29,9732881271.0
1212.402,0.0,89908.0,5411.0,46.0,128.29,9732894020.0
1212.502,0.0,89908.0,5411.0,46.0,128.206,9732894020.0
1212.603,0.0,89908.0,5411.0,46.0,128.163,9732906791.0
1212.702,0.0,89908.0,5411.0,46.0,128.117,9732919566.0
1212.803,0.0,89908.0,5411.0,46.0,128.054,9732932334.0
1212.903,0.0,89908.0,5411.0,46.0,128.094,9732945188.0
1213.002,0.0,89908.0,5411.0,46.0,128.117,9732957982.0
1213.102,0.0,89908.0,5411.0,46.0,128.044,9732970746.0
1213.203,0.0,89908.0,5411.0,46.0,128.023,9732983522.0
1213.301,0.0,89908.0,5411.0,46.0,127.99,9732996322.0
1213.403,0.0,89908.0,5411.0,46.0,127.919,9733009105.0
1213.503,0.0,89908.0,5411.0,46.0,127.957,9733021888.0
1213.603,0.0,89908.0,5411.0,46.0,127.96,9733034662.0
1213.702,0.0,89908.0,5411.0,46.0,127.973,9733060241.0
1213.803,0.0,89908.0,5411.0,46.0,127.975,9733073010.0
1213.903,0.0,89908.0,5411.0,46.0,127.861,9733085793.0
1214.003,0.0,89908.0,5411.0,46.0,127.847,9733098532.0
1214.103,0.0,89908.0,5411.0,46.0,127.823,9733111289.0
1214.203,0.0,89908.0,5411.0,46.0,127.78,9733124066.0
1214.303,0.0,89908.0,5411.0,46.0,127.745,9733136819.0
1214.403,0.0,89908.0,5411.0,46.0,127.722,9733149572.0
1214.503,0.0,89908.0,5411.0,46.0,127.693,9733162328.0
1214.602,0.0,89908.0,5411.0,46.0,127.705,9733175097.0
1214.702,0.0,89908.0,5411.0,46.0,127.719,9733187858.0
1214.802,0.0,89908.0,5411.0,46.0,127.708,9733200638.0
1214.901,0.0,89908.0,5411.0,46.0,127.724,9733213411.0
1215.002,0.0,89908.0,5411.0,46.0,127.75,9733226185.0
1215.103,0.0,89908.0,5411.0,46.0,127.76,9733238949.0
1215.203,0.0,89908.0,5411.0,46.0,127.76,9733251722.0
1215.303,0.0,89908.0,5411.0,46.0,127.76,9733251722.0
1215.403,0.0,89908.0,5411.0,46.0,127.762,9733264490.0
1215.503,0.0,89908.0,5411.0,46.0,127.766,9733277245.0
1215.603,0.0,89908.0,5411.0,46.0,127.793,9733290014.0
1215.702,0.0,89908.0,5411.0,46.0,127.727,9733302734.0
1215.803,0.0,89908.0,5411.0,46.0,127.683,9733315480.0
1215.902,0.0,89908.0,5411.0,46.0,127.67,9733328248.0
1216.003,0.0,89908.0,5411.0,46.0,127.665,9733341011.0
1216.103,0.0,89908.0,5411.0,46.0,127.646,9733353774.0
1216.203,0.0,89908.0,5411.0,46.0,127.645,9733366554.0
1216.302,0.0,89908.0,5411.0,46.0,127.663,9733379306.0
1216.402,0.0,89908.0,5411.0,46.0,127.688,9733392083.0
1216.503,0.0,89908.0,5411.0,46.0,127.71,9733417617.0
1216.603,0.0,89908.0,5411.0,46.0,127.704,9733430404.0
1216.703,0.0,89908.0,5411.0,46.0,127.759,9733443170.0
1216.802,0.0,89908.0,5411.0,46.0,127.751,9733455923.0
1216.902,0.0,89908.0,5411.0,46.0,127.719,9733468659.0
1217.003,0.0,89908.0,5411.0,46.0,127.697,9733481423.0
1217.102,0.0,89908.0,5411.0,46.0,127.667,9733494156.0
1217.203,0.0,89908.0,5411.0,46.0,127.652,9733506896.0
1217.303,0.0,89908.0,5411.0,46.0,127.604,9733519657.0
1217.402,0.0,89908.0,5411.0,46.0,127.577,9733532397.0
1217.503,0.0,89908.0,5411.0,46.0,127.596,9733545156.0
1217.602,0.0,89908.0,5411.0,46.0,127.581,9733557948.0
1217.702,0.0,89908.0,5411.0,46.0,127.555,9733570678.0
1217.803,0.0,89908.0,5411.0,46.0,127.535,9733583388.0
1217.902,0.0,89908.0,5411.0,46.0,127.557,9733596177.0
1218.002,0.0,89908.0,5411.0,46.0,127.528,9733608914.0
1218.103,0.0,89908.0,5411.0,46.0,127.528,9733621668.0
1218.203,0.0,89908.0,5411.0,46.0,127.559,9733621668.0
1218.303,0.0,89908.0,5411.0,46.0,127.523,9733634385.0
1218.402,0.0,89908.0,5411.0,46.0,127.52,9733647141.0
1218.502,0.0,89908.0,5411.0,46.0,127.52,9733659895.0
1218.603,0.0,89908.0,5411.0,46.0,127.493,9733672629.0
1218.703,0.0,89908.0,5411.0,46.0,127.462,9733685359.0
1218.803,0.0,89908.0,5411.0,46.0,127.46,9733698087.0
1218.903,0.0,89908.0,5411.0,46.0,127.498,9733710892.0
1219.003,0.0,89908.0,5411.0,46.0,127.467,9733723579.0
1219.103,0.0,89908.0,5411.0,46.0,127.348,9733736221.0
1219.203,0.0,89908.0,5411.0,46.0,127.164,9733748790.0
1219.303,0.0,89908.0,5411.0,46.0,127.02,9733773947.0
1219.403,0.0,89908.0,5411.0,46.0,126.84,9733786504.0
1219.502,0.0,89908.0,5411.0,46.0,126.659,9733799070.0
1219.603,0.0,89908.0,5411.0,46.0,126.516,9733811667.0
1219.703,0.0,89908.0,5411.0,46.0,126.351,9733824236.0
1219.802,0.0,89908.0,5411.0,46.0,126.17,9733836833.0
1219.902,0.0,89908.0,5411.0,46.0,126.053,9733849416.0
1220.003,0.0,89908.0,5411.0,46.0,125.836,9733862001.0
1220.102,0.0,89908.0,5411.0,46.0,125.818,9733874545.0
1220.202,0.0,89908.0,5411.0,45.0,125.814,9733887155.0
1220.303,0.0,89908.0,5411.0,45.0,125.84,9733899742.0
1220.403,0.0,89908.0,5411.0,45.0,125.861,9733912332.0
1220.503,0.0,89908.0,5411.0,45.0,125.887,9733924905.0
1220.602,0.0,89908.0,5411.0,45.0,125.896,9733937475.0
1220.703,0.0,89908.0,5411.0,46.0,125.875,9733950066.0
1220.802,0.0,89908.0,5411.0,45.0,125.899,9733962664.0
1220.903,0.0,89908.0,5411.0,45.0,125.908,9733975264.0
1221.003,0.0,89908.0,5411.0,45.0,125.914,9733987837.0
1221.103,0.0,89908.0,5411.0,45.0,125.913,9734000410.0
1221.202,0.0,89908.0,5411.0,45.0,125.939,9734000410.0
1221.302,0.0,89908.0,5411.0,45.0,125.903,9734013006.0
1221.403,0.0,89908.0,5411.0,45.0,125.888,9734025586.0
1221.503,0.0,89908.0,5411.0,45.0,125.883,9734038171.0
1221.603,0.0,89908.0,5411.0,45.0,125.875,9734050768.0
1221.703,0.0,89908.0,5411.0,45.0,125.872,9734063328.0
1221.803,0.0,89908.0,5411.0,45.0,125.867,9734075898.0
1221.902,0.0,89908.0,5411.0,45.0,125.861,9734088500.0
1222.002,0.0,89908.0,5411.0,45.0,125.845,9734101067.0
1222.102,0.0,89908.0,5411.0,45.0,125.854,9734113627.0
1222.202,0.0,89908.0,5411.0,45.0,125.868,9734126227.0
1222.303,0.0,89908.0,5411.0,45.0,125.872,9734138814.0
1222.403,0.0,89908.0,5411.0,45.0,125.901,9734163986.0
1222.503,0.0,89908.0,5411.0,45.0,125.898,9734176535.0
1222.603,0.0,89908.0,5411.0,45.0,125.855,9734189078.0
1222.703,0.0,89908.0,5411.0,45.0,125.823,9734201666.0
1222.803,0.0,89908.0,5411.0,45.0,125.851,9734214247.0
1222.903,0.0,89908.0,5411.0,45.0,125.869,9734226860.0
1223.003,0.0,89908.0,5411.0,45.0,125.879,9734239444.0
1223.102,0.0,89908.0,5411.0,45.0,125.843,9734252008.0
1223.202,0.0,89908.0,5411.0,45.0,125.831,9734264577.0
1223.302,0.0,89908.0,5411.0,45.0,125.814,9734277159.0
1223.403,0.0,89908.0,5411.0,45.0,125.789,9734289729.0
1223.502,0.0,89908.0,5411.0,45.0,125.805,9734302280.0
1223.603,0.0,89908.0,5411.0,45.0,125.834,9734314853.0
1223.703,0.0,89908.0,5411.0,45.0,125.832,9734327433.0
1223.802,0.0,89908.0,5411.0,45.0,125.804,9734340004.0
1223.902,0.0,89908.0,5411.0,45.0,125.804,9734352553.0
1224.003,0.0,89908.0,5411.0,45.0,125.757,9734352553.0
1224.102,0.0,89908.0,5411.0,45.0,125.76,9734365131.0
1224.202,0.0,89908.0,5411.0,45.0,125.786,9734377712.0
1224.303,0.0,89908.0,5411.0,45.0,125.774,9734390277.0
1224.403,0.0,89908.0,5411.0,45.0,125.798,9734402875.0
1224.503,0.0,89908.0,5411.0,45.0,125.837,9734415473.0
1224.602,0.0,89908.0,5411.0,45.0,125.868,9734428050.0
1224.702,0.0,89908.0,5411.0,45.0,125.841,9734440612.0
1224.802,0.0,89908.0,5411.0,45.0,125.836,9734453156.0
1224.901,0.0,89908.0,5411.0,45.0,125.824,9734465732.0
1225.002,0.0,89908.0,5411.0,45.0,125.842,9734478311.0
1225.103,0.0,89908.0,5411.0,45.0,125.859,9734490883.0
1225.202,0.0,89908.0,5411.0,45.0,125.861,9734516056.0
1225.302,0.0,89908.0,5411.0,45.0,125.854,9734528609.0
1225.403,0.0,89908.0,5411.0,45.0,125.836,9734541187.0
1225.502,0.0,89908.0,5411.0,45.0,125.799,9734553757.0
1225.602,0.0,89908.0,5411.0,45.0,125.788,9734566346.0
1225.702,0.0,89908.0,5411.0,45.0,125.825,9734578923.0
1225.802,0.0,89908.0,5411.0,45.0,125.84,9734591505.0
1225.903,0.0,89908.0,5411.0,45.0,125.838,9734604058.0
1226.002,0.0,89908.0,5411.0,45.0,125.805,9734616620.0
1226.103,0.0,89908.0,5411.0,45.0,125.774,9734629188.0
1226.203,0.0,89908.0,5411.0,45.0,125.8,9734641788.0
1226.303,0.0,89908.0,5411.0,45.0,125.797,9734654344.0
1226.403,0.0,89908.0,5411.0,45.0,125.861,9734666961.0
1226.503,0.0,89908.0,5411.0,45.0,125.852,9734679555.0
1226.602,0.0,89908.0,5411.0,45.0,125.862,9734692138.0
1226.702,0.0,89908.0,5411.0,45.0,125.862,9734704723.0
1226.803,0.0,89908.0,5411.0,45.0,125.853,9734704723.0
1226.903,0.0,89908.0,5411.0,45.0,125.853,9734717289.0
1227.003,0.0,89908.0,5411.0,45.0,125.868,9734729865.0
1227.103,0.0,89908.0,5411.0,45.0,125.889,9734742451.0
1227.203,0.0,89908.0,5411.0,45.0,125.915,9734755037.0
