task,model,language,format_mode,prompt_style,f1,energy_j,J_per_entity,J_per_TP,F1_per_J
EE,12B,en,dst__false,1,0.3012638638122259,13037.880999982357,7.719290112482153,22.325138698599925,2.3106811897779525e-05
EE,12B,en,dst__false,2,0.3103274559193954,13492.655000030994,7.5716358024865285,21.90366071433603,2.299973251511156e-05
EE,12B,en,dst__false,3,0.29987096774193545,12782.29500001669,7.57693835211422,22.000507745295508,2.3459869119085728e-05
EE,12B,en,dst__false,4,0.31164901664145234,13435.312999904156,7.5564190100698285,21.739988672984072,2.3196260231799257e-05
EE,12B,en,dst__false,5,0.3187817258883248,12913.457000017166,7.3706946347129945,20.56282961786173,2.468600978714693e-05
EE,12B,en,dst__false,6,0.31405377980720445,5889.280000030994,3.3576282782388795,9.514184168062997,5.3326345462527106e-05
EE,12B,en,dst__false,7,0.30213972673369427,13139.226000070572,7.770092253146406,22.421887372134083,2.29952454377504e-05
EE,12B,en,dst__false,8,0.306301652892562,6261.586000025272,3.718281472699093,10.559166947766059,4.891758300394273e-05
EE,12B,en,json__false,1,0.0,335.2670000195503,,,
EE,12B,en,json__false,2,0.23608137044967883,5616.810000002384,3.62843023255968,12.736530612250304,4.2031218867930125e-05
EE,12B,en,json__false,3,0.1294243832677869,4538.895000010729,7.453029556667864,25.07676795586038,2.8514513613441374e-05
EE,12B,en,json__false,4,0.2454598711189221,2762.0299999713898,2.252879282195261,6.59195704050451,8.886937184660003e-05
EE,12B,en,json__false,5,0.2386050780055063,2335.4309999644756,2.160435707645213,5.988284615293527,0.0001021674705907114
EE,12B,en,json__false,6,0.20070990642142628,4897.173999994993,5.375602634462122,15.746540192909945,4.098484277291995e-05
EE,12B,en,json__false,7,0.18925831202046034,9845.613999992609,7.397155522158234,29.566408408386213,1.92226012537768e-05
EE,12B,en,json__false,8,0.24965930771327338,10938.052000015974,7.385585415270746,23.882209607021778,2.282484191087305e-05
EE,12B,en,json__json_xgrammar,1,0.28933285765251515,13523.212000012398,3.956469280284493,16.674737361297655,2.139527633318548e-05
EE,12B,en,json__json_xgrammar,2,0.3200455580865604,12882.088000059128,4.182496103915301,15.281243179192323,2.4844230072414612e-05
EE,12B,en,json__json_xgrammar,3,0.3302878026496117,11980.96899998188,5.470762100448347,16.571188105092503,2.7567703634832144e-05
EE,12B,en,json__json_xgrammar,4,0.35451656831593276,11937.347999989986,5.382032461672672,15.284696542880905,2.9698101145767898e-05
EE,12B,en,json__json_xgrammar,5,0.3455985095482068,11917.474000006914,5.65881956315618,16.061285714295032,2.8999308876025768e-05
EE,12B,en,json__json_xgrammar,6,0.3455985095482068,11872.239000022411,5.637340455851097,16.00032210245608,2.9109800564792744e-05
EE,12B,en,json__json_xgrammar,7,0.284504968715495,14129.261000007391,4.352822242762597,18.278474773618875,2.0135870426298034e-05
EE,12B,en,json__json_xgrammar,8,0.32075471698113206,12514.247999995947,5.527494699644853,17.5269579831876,2.563116193487902e-05
EE,12B,en,yaml__false,1,0.3021223470661673,12210.821000009775,6.720319757847977,20.183175206627727,2.4742181305083862e-05
EE,12B,en,yaml__false,2,0.3191283292978208,11969.89800003171,6.163696189511694,18.16372989382657,2.6660906324930706e-05
EE,12B,en,yaml__false,3,0.30119880119880116,11863.185000032187,6.532590859048561,19.673606965227506,2.5389370662093186e-05
EE,12B,en,yaml__false,4,0.31548340198691543,11750.057999968529,6.059854564192124,18.049244239582993,2.6849518699206457e-05
EE,12B,en,yaml__false,5,0.33524082021936097,11024.476999998093,5.495751246260266,15.682044096725594,3.0408773152632907e-05
EE,12B,en,yaml__false,6,0.33444497379704624,4321.665999978781,2.15008258705412,6.156219373189146,7.738797348029403e-05
EE,12B,en,yaml__false,7,0.3026217228464419,12002.192000031471,6.605499174480721,19.805597359787907,2.5213871170003646e-05
EE,12B,en,yaml__false,8,0.3084973835036133,6181.101999998093,3.386905205478407,9.985625201935528,4.990977070168207e-05
EE,27B,en,dst__false,1,0.23081607795371495,18123.203000038862,16.5357691606194,47.818477572661905,1.2735942865795853e-05
EE,27B,en,dst__false,2,0.2965130455986345,14294.578999996185,7.472336121273489,23.510820723677938,2.074304151236029e-05
EE,27B,en,dst__false,3,0.31173294059892,12765.067000001669,6.768328207848181,20.10246771653806,2.4420783737279187e-05
EE,27B,en,dst__false,4,0.28682547399124936,11607.942000001669,6.026968847352891,19.674477966104522,2.470941653492136e-05
EE,27B,en,dst__false,5,0.3130876747141042,14130.260000020266,8.088299942770616,22.938733766266665,2.2157247970925882e-05
EE,27B,en,dst__false,6,0.33170254403131116,16253.708999961615,8.554583684190323,23.97302212383719,2.040780624484507e-05
EE,27B,en,dst__false,7,0.2927086075282969,18909.67300003767,11.737847920569628,34.010203237477825,1.5479305619283518e-05
EE,27B,en,dst__false,8,0.2970245795601552,18190.402000010014,10.846989862856299,31.690595818832776,1.6328642960171615e-05
EE,27B,en,json__false,1,0.3178609625668449,37085.83600000292,14.911876156012433,49.91364199192856,8.570953141431672e-06
EE,27B,en,json__false,2,0.3301848049281314,24591.35300000012,9.169035421327411,30.586259950248905,1.3426866139822799e-05
EE,27B,en,json__false,3,0.29315628192032683,25386.854000000283,14.69146643518535,44.227968641115474,1.1547562447884387e-05
EE,27B,en,json__false,4,0.33850493653032443,24959.955000001937,12.081294772508198,34.66660416666936,1.3561920946183523e-05
EE,27B,en,json__false,5,0.35294117647058826,23743.196000000462,11.147040375587071,31.15904986876701,1.4864939685060992e-05
EE,27B,en,json__false,6,0.3549070369498706,23745.912999998778,11.521549247937301,31.493253315648246,1.4946026162476417e-05
EE,27B,en,json__false,7,0.2993006993006993,29551.221000000834,14.058620837298209,46.02993925233775,1.0128200770475469e-05
EE,27B,en,json__false,8,0.3301797540208136,27787.615000000224,13.621379901960895,39.810336676218085,1.1882263160073686e-05
EE,27B,en,json__json_xgrammar,1,0.3054320510342161,25443.912000000477,8.523923618090611,32.2074835443044,1.2004130930582152e-05
EE,27B,en,json__json_xgrammar,2,0.3249344890143116,24643.86199992895,8.887076090850686,30.57551116616495,1.318520972951595e-05
EE,27B,en,json__json_xgrammar,3,0.2964094728800611,24825.264999985695,14.275598044845138,42.65509450169363,1.1939831171197241e-05
EE,27B,en,json__json_xgrammar,4,0.3327690447400242,24080.9430000782,12.368229584015511,35.00137063964855,1.3818771330464242e-05
EE,27B,en,json__json_xgrammar,5,0.35337310692978435,24244.233000040054,11.172457603705094,31.4860168831689,1.457555316058877e-05
EE,27B,en,json__json_xgrammar,6,0.35359888190076866,22940.356000065804,10.8980313539505,30.22444795792596,1.5413835857636838e-05
EE,27B,en,json__json_xgrammar,7,0.29469901168014373,26640.66699999571,11.767079063602345,40.61077286584712,1.1061998248024015e-05
EE,27B,en,json__json_xgrammar,8,0.33043478260869563,26134.449000000954,12.643661828737763,37.17560312944659,1.264364833590651e-05
EE,27B,en,yaml__false,1,0.3163265306122449,22200.784999996424,12.818005196302785,35.807717741929714,1.4248438990436414e-05
EE,27B,en,yaml__false,2,0.32625118035882905,21462.933999985456,10.479948242180399,31.060685962352323,1.5200679476489566e-05
EE,27B,en,yaml__false,3,0.3168065090261886,21808.30199998617,12.49759426933305,35.005300160491444,1.4526876463210639e-05
EE,27B,en,yaml__false,4,0.32466918714555765,21343.232000023127,10.441894324864544,31.067295487661028,1.5211809867652933e-05
EE,27B,en,yaml__false,5,0.33614210885902984,21781.18299996853,9.887055379014312,29.513798102938384,1.5432683746310544e-05
EE,27B,en,yaml__false,6,0.33705306308358,21161.09999999404,9.605583295503422,28.596081081073027,1.592795568678731e-05
EE,27B,en,yaml__false,7,0.31813524590163933,21681.966999977827,12.635178904415984,34.914600644086676,1.467280371296408e-05
EE,27B,en,yaml__false,8,0.31224489795918364,21370.996000021696,12.338912240197285,34.91992810461061,1.46106853400219e-05
EE,4B,en,dst__false,1,0.21523096129837702,5610.668999969959,3.0878750687781835,13.017793503410578,3.836101564706979e-05
EE,4B,en,dst__false,2,0.2250818905007019,5574.860000014305,2.6725119846664933,11.59014553017527,4.0374447161027244e-05
EE,4B,en,dst__false,3,0.21107784431137727,3002.1239999830723,1.6495186813093803,7.09721985811601,7.030950230988708e-05
EE,4B,en,dst__false,4,0.22703962703962702,3151.9490000009537,1.4995000000004537,6.472174537989638,7.203150401213926e-05
EE,4B,en,dst__false,5,0.2510383017997231,5713.275999993086,2.662290773528931,10.502345588222584,4.393946691880926e-05
EE,4B,en,dst__false,6,0.24890122600046263,3091.7809999883175,1.4481409836010855,5.74680483269204,8.050415795989533e-05
EE,4B,en,dst__false,7,0.21118322516225663,2969.3299999535084,1.6332948294573753,7.01969267128489,7.112150726445467e-05
EE,4B,en,dst__false,8,0.21246882793017458,3131.298000007868,1.7186048298616179,7.350464788750863,6.785327615884554e-05
EE,4B,en,json__false,1,0.2597954062922216,7042.000999987125,2.3528235883685684,10.463597325389488,3.689227057660125e-05
EE,4B,en,json__false,2,0.2852916314454776,5734.17999997735,2.254001572318141,8.495081481447926,4.975282105664707e-05
EE,4B,en,json__false,3,0.2609744331886155,6137.310000002384,3.134479060266795,11.344380776344519,4.252260895873178e-05
EE,4B,en,json__false,4,0.27873761806035474,5560.85799998045,2.5828416163401995,9.191500826413966,5.012493001283879e-05
EE,4B,en,json__false,5,0.27755466309683174,5623.7869999706745,2.4515200522975915,9.041458199309766,4.935369406741028e-05
EE,4B,en,json__false,6,0.28054298642533937,5404.04699999094,2.421168010748629,8.716204838695065,5.1913498610543115e-05
EE,4B,en,json__false,7,0.16852613035819144,4287.215999990702,3.5198817733913805,14.938034843173176,3.930898988027591e-05
EE,4B,en,json__false,8,0.14814814814814814,3320.1599999964237,3.5171186440640083,14.311034482743207,4.4620785789934135e-05
EE,4B,en,json__json_xgrammar,1,0.24723172941413327,7164.724000006914,2.5781662468538733,11.668931596102466,3.4506804367327293e-05
EE,4B,en,json__json_xgrammar,2,0.2817725752508361,5308.517000049353,2.044883281991276,7.87613798226907,5.307933934245977e-05
EE,4B,en,json__json_xgrammar,3,0.2542703757930698,5144.698999971151,2.6935596858487703,9.874662188044436,4.9423761389052234e-05
EE,4B,en,json__json_xgrammar,4,0.2885753299954483,5633.69399997592,2.5538050770516407,8.88595268135003,5.1223110448789336e-05
EE,4B,en,json__json_xgrammar,5,0.2694907616043263,6064.067999958992,2.6951413333151075,10.140581939730756,4.4440590311017076e-05
EE,4B,en,json__json_xgrammar,6,0.2697695436059648,5516.898999989033,2.465102323498227,9.241036850902903,4.889876425261747e-05
EE,4B,en,json__json_xgrammar,7,0.2378806992250856,6450.455000013113,1.9192070812297273,9.773416666686535,3.687812708167129e-05
EE,4B,en,json__json_xgrammar,8,0.25528244933160843,7369.1050000190735,3.0077979591914588,12.447812500032219,3.464225972230653e-05
EE,4B,en,yaml__false,1,0.036923076923076927,2897.20300000906,1.0782296241194864,32.19114444454511,1.2744387232431232e-05
EE,4B,en,yaml__false,2,0.050084096430573724,3231.0110000371933,1.0215020550228242,24.112022388337262,1.5501060327556047e-05
EE,4B,en,yaml__false,3,0.03462522132598859,1617.4860000014305,0.55871709844609,18.380522727288984,2.140681361443497e-05
EE,4B,en,yaml__false,4,0.05466970387243736,2426.24899995327,0.7877431818030097,16.848951388564373,2.253260233120768e-05
EE,4B,en,yaml__false,5,0.23617407071622845,4187.899999946356,1.8830485611269585,8.038195777248283,5.639439115529351e-05
EE,4B,en,yaml__false,6,0.23909604519774014,2835.826999992132,1.2676919982083739,5.360731568983237,8.431263444434498e-05
EE,4B,en,yaml__false,7,0.1326530612244898,2957.2319999039173,3.932489361574358,15.165292307199575,4.485717090468377e-05
EE,4B,en,yaml__false,8,0.12414266117969822,3268.3770000636578,4.489528846241289,18.057331492064407,3.798296866526729e-05
EE,70B,en,dst__false,1,0.29795335554497854,21765.63899999857,10.807169314795715,34.76939137379963,1.3689161873216685e-05
EE,70B,en,dst__false,2,0.3107769423558897,19918.381999999285,9.049696501589862,29.20583870967637,1.560251943937519e-05
EE,70B,en,dst__false,3,0.30880974695407687,11084.160000026226,5.328923076935686,16.819666160889568,2.7860455546775416e-05
EE,70B,en,dst__false,4,0.3016057714684664,11588.201000005007,5.494642484592227,17.883026234575627,2.602697100855742e-05
EE,70B,en,dst__false,5,0.3298921771048406,20065.42499998212,9.242480423759613,27.9074061195857,1.6440826800585314e-05
EE,70B,en,dst__false,6,0.32252127904301814,10437.788000017405,4.834547475691248,14.889854493605426,3.089938970234693e-05
EE,70B,en,dst__false,7,0.3126004131282993,11292.460000038147,5.2062978331203995,16.5821732746522,2.76822245221363e-05
EE,70B,en,dst__false,8,0.3071512309495897,10625.518000036478,5.115800674066672,16.222164885551877,2.8906941849661844e-05
EE,70B,en,json__false,1,0.29501084598698485,33901.45300000906,11.759088796395789,45.32279812835436,8.702011857335613e-06
EE,70B,en,json__false,2,0.30720473272765686,23782.63700002432,9.344847544213877,32.713393397557525,1.2917185454554208e-05
EE,70B,en,json__false,3,0.3240897034000483,23453.957000017166,11.97241296580764,34.901721726216024,1.3818124736896682e-05
EE,70B,en,json__false,4,0.3428704349848802,19875.907000005245,9.415398863100542,26.96866621438975,1.7250555407850807e-05
EE,70B,en,json__false,5,0.34539862786846465,20642.983999997377,10.124072584599007,28.27806027396901,1.6732010637052693e-05
EE,70B,en,json__false,6,0.3544784984556902,20281.157000035048,10.035208807538371,27.186537533559044,1.747821874536436e-05
EE,70B,en,json__false,7,0.315587734241908,21453.505000025034,8.554029106868036,28.952098515553352,1.4710311170204576e-05
EE,70B,en,json__false,8,0.3412908930150309,30225.095999985933,12.938825342459731,39.151678756458466,1.1291639669736358e-05
EE,70B,en,json__json_xgrammar,1,0.2969917608737306,21553.32699996233,7.110962388638182,27.810744516080426,1.3779392892533465e-05
EE,70B,en,json__json_xgrammar,2,0.31429762401000416,19405.2840000391,7.43497471265866,25.736450928433822,1.6196496995837363e-05
EE,70B,en,json__json_xgrammar,3,0.3215837759536456,19233.958999991417,9.843377175021196,28.879818318305432,1.6719583105786445e-05
EE,70B,en,json__json_xgrammar,4,0.34178098116717043,18967.67699998617,8.976657359198377,25.80636326528731,1.8019127021586227e-05
EE,70B,en,json__json_xgrammar,5,0.3482986767485823,18595.06499993801,9.097389921691786,25.230753052833123,1.8730704988110738e-05
EE,70B,en,json__json_xgrammar,6,0.35296900875325293,17937.441999971867,8.797176066685564,24.04482841819285,1.967777840083366e-05
EE,70B,en,json__json_xgrammar,7,0.30717441615821584,20124.93700003624,7.8459793372460975,27.568406849364713,1.526337280746085e-05
EE,70B,en,json__json_xgrammar,8,0.34053700065487885,22677.48600000143,9.476592561638709,29.073700000001836,1.5016523465381364e-05
EE,70B,en,yaml__false,1,0.3036624942049142,19715.04300004244,9.273303386661542,30.09930229014113,1.540257833595699e-05
EE,70B,en,yaml__false,2,0.31571876399462606,19595.312999993563,8.601981123789974,27.794770212756827,1.6111953097903042e-05
EE,70B,en,yaml__false,3,0.30475302889095995,9657.698000013828,4.590160646394405,14.767122324180166,3.155545233351919e-05
EE,70B,en,yaml__false,4,0.3166332665330661,11154.784000009298,4.843588363008814,15.688866385385792,2.8385423378238626e-05
EE,70B,en,yaml__false,5,0.3390364700585322,22539.412999987602,9.999739574085005,29.932819389093762,1.5041938761169986e-05
EE,70B,en,yaml__false,6,0.33596036928619677,11131.148000001907,4.9405894363079925,14.921109919573603,3.0182005421735404e-05
EE,70B,en,yaml__false,7,0.3045401629802096,11562.616000026464,5.487715234943742,17.679840978633738,2.6338344452458904e-05
EE,70B,en,yaml__false,8,0.3145106861642295,10490.697999984026,4.64807177668765,15.008151645184586,2.997995806996907e-05
NER,12B,ar,dst__false,1,0.0847552,23919.9,4.92381,35.0218,3.54329e-06
NER,12B,ar,dst__false,2,0.0846712,23837.8,4.89081,34.9016,3.55197e-06
NER,12B,ar,dst__false,3,0.0845629,23752.6,4.87634,34.8279,3.56015e-06
NER,12B,ar,dst__false,4,0.0848899,23821,4.90547,34.826,3.56366e-06
NER,12B,ar,dst__false,5,0.0853598,23760.1,4.88791,34.5351,3.59257e-06
NER,12B,ar,dst__false,6,0.0845175,23695.7,4.87968,34.7955,3.56678e-06
NER,12B,ar,dst__false,7,0.0846206,23910.8,4.91992,35.0598,3.53901e-06
NER,12B,ar,dst__false,8,0.0847079,23710.8,4.87175,34.7157,3.57255e-06
NER,12B,ar,dst__false,9,0.0451359,42089.5,24.4139,143.65,1.07238e-06
NER,12B,ar,json__false,1,0.0772417,51548.6,13.9058,89.1845,1.49842e-06
NER,12B,ar,json__false,2,0.0770015,125776,23.2231,195.913,6.1221e-07
NER,12B,ar,json__false,3,0.0799143,166651,36.1656,262.856,4.79531e-07
NER,12B,ar,json__false,4,0.0823307,103542,18.1748,148.341,7.95146e-07
NER,12B,ar,json__false,5,0.083169,148245,29.81,219.622,5.61024e-07
NER,12B,ar,json__false,6,0.084295,85941.4,17.3759,125.829,9.80842e-07
NER,12B,ar,json__false,7,0.0761939,49346.3,9.123,77.7107,1.54407e-06
NER,12B,ar,json__false,8,0.0654211,94942.7,17.9816,175.495,6.89059e-07
NER,12B,ar,json__false,9,0.0779289,168297,41.6887,282.378,4.63043e-07
NER,12B,ar,json__json_xgrammar,1,0.0825265,33828,8.19081,53.2725,2.43959e-06
NER,12B,ar,json__json_xgrammar,2,0.0793214,41052.1,7.03428,60.5488,1.93222e-06
NER,12B,ar,json__json_xgrammar,3,0.0817909,29737.9,6.28309,45.4707,2.7504e-06
NER,12B,ar,json__json_xgrammar,4,0.0842415,41148.6,7.19885,57.5505,2.04725e-06
NER,12B,ar,json__json_xgrammar,5,0.0837181,41571.3,8.3376,61.1342,2.01384e-06
NER,12B,ar,json__json_xgrammar,6,0.0834568,43471,8.79801,64.3062,1.91983e-06
NER,12B,ar,json__json_xgrammar,7,0.0766034,29731.8,5.5615,46.7481,2.57648e-06
NER,12B,ar,json__json_xgrammar,8,0.0789309,47452.8,9.97957,75.0836,1.66336e-06
NER,12B,ar,json__json_xgrammar,9,0.0816069,37590.3,8.22006,58.1894,2.17095e-06
NER,12B,ar,yaml__false,1,0.0853014,156254,35.1132,233.214,5.45916e-07
NER,12B,ar,yaml__false,2,0.0856674,122461,26.6626,180.355,6.99547e-07
NER,12B,ar,yaml__false,3,0.0846071,130685,28.9895,195.929,6.47413e-07
NER,12B,ar,yaml__false,4,0.0834939,82868.1,19.2225,127.489,1.00755e-06
NER,12B,ar,yaml__false,5,0.0843427,20590.9,4.56562,30.9638,4.09611e-06
NER,12B,ar,yaml__false,6,0.0831149,203515,46.4435,313.101,4.08396e-07
NER,12B,ar,yaml__false,7,0.0854657,33795.2,7.52677,50.2158,2.52893e-06
NER,12B,ar,yaml__false,8,0.0846736,111511,24.9354,167.434,7.5933e-07
NER,12B,ar,yaml__false,9,0.0558442,210943,81.1008,545.073,2.64735e-07
NER,12B,de,dst__false,1,0.745283,25815.3,2.0871,2.64041,2.88698e-05
NER,12B,de,dst__false,2,0.746374,26134.3,2.1071,2.66568,2.85592e-05
NER,12B,de,dst__false,3,0.744786,26002.7,2.10429,2.66257,2.86426e-05
NER,12B,de,dst__false,4,0.742203,25924.6,2.10307,2.66687,2.86293e-05
NER,12B,de,dst__false,5,0.744566,25835.2,2.09124,2.64651,2.88198e-05
NER,12B,de,dst__false,6,0.744463,25847.8,2.09803,2.6516,2.88018e-05
NER,12B,de,dst__false,7,0.74246,25734.7,2.09379,2.65006,2.88505e-05
NER,12B,de,dst__false,8,0.744445,25731,2.08754,2.63908,2.89318e-05
NER,12B,de,dst__false,9,0.588111,35950.5,4.09739,5.39959,1.63589e-05
NER,12B,de,json__false,1,0.684595,44756.6,3.82045,5.11095,1.5296e-05
NER,12B,de,json__false,2,0.708197,40848.5,3.2248,4.34744,1.73371e-05
NER,12B,de,json__false,3,0.674945,37338.7,2.93867,4.16355,1.80763e-05
NER,12B,de,json__false,4,0.712415,42525.9,3.19167,4.39045,1.67525e-05
NER,12B,de,json__false,5,0.724232,42206.4,3.267,4.35117,1.71593e-05
NER,12B,de,json__false,6,0.72405,45284.7,3.56516,4.70784,1.59888e-05
NER,12B,de,json__false,7,0.715268,31843.1,2.55665,3.38252,2.24623e-05
NER,12B,de,json__false,8,0.639345,97419.1,9.22792,12.4768,6.56283e-06
NER,12B,de,json__false,9,0.698044,62132.6,5.00504,6.77342,1.12348e-05
NER,12B,de,json__json_xgrammar,1,0.722913,44388.4,3.4391,4.58653,1.62861e-05
NER,12B,de,json__json_xgrammar,2,0.719516,43509.7,3.32414,4.48646,1.65369e-05
NER,12B,de,json__json_xgrammar,3,0.71141,61806.5,4.44491,6.25636,1.15103e-05
NER,12B,de,json__json_xgrammar,4,0.714014,42244.3,3.14458,4.33409,1.6902e-05
NER,12B,de,json__json_xgrammar,5,0.725672,44603.5,3.44908,4.58695,1.62694e-05
NER,12B,de,json__json_xgrammar,6,0.727634,46035.6,3.58672,4.73861,1.58059e-05
NER,12B,de,json__json_xgrammar,7,0.727423,33165.3,2.60079,3.42546,2.19333e-05
NER,12B,de,json__json_xgrammar,8,0.729806,73737.2,5.65209,7.50811,9.8974e-06
NER,12B,de,json__json_xgrammar,9,0.701285,49845.9,3.66164,5.17288,1.40691e-05
NER,12B,de,yaml__false,1,0.72593,145657,11.4872,15.1159,4.98383e-06
NER,12B,de,yaml__false,2,0.729429,117589,9.19883,12.0976,6.20322e-06
NER,12B,de,yaml__false,3,0.741414,152596,11.5752,15.217,4.85869e-06
NER,12B,de,yaml__false,4,0.73346,115407,8.88363,11.7165,6.35541e-06
NER,12B,de,yaml__false,5,0.731934,137670,10.7111,14.0781,5.31659e-06
NER,12B,de,yaml__false,6,0.74048,77582.5,5.9097,7.76213,9.54442e-06
NER,12B,de,yaml__false,7,0.730339,55699.4,4.32684,5.70398,1.31122e-05
NER,12B,de,yaml__false,8,0.737504,130874,10.0665,13.2089,5.63522e-06
NER,12B,de,yaml__false,9,0.598331,138710,13.7309,19.3431,4.31355e-06
NER,12B,en,dst__false,1,0.57286,26941.3,2.07385,3.49026,2.12632e-05
NER,12B,en,dst__false,2,0.573321,27121.2,2.07555,3.50086,2.11392e-05
NER,12B,en,dst__false,3,0.573387,27079.4,2.07728,3.49909,2.11742e-05
NER,12B,en,dst__false,4,0.573345,27282.4,2.09478,3.52714,2.10152e-05
NER,12B,en,dst__false,5,0.573852,27174.6,2.08474,3.50866,2.11173e-05
NER,12B,en,dst__false,6,0.572584,27133.4,2.08654,3.51514,2.11025e-05
NER,12B,en,dst__false,7,0.573378,27086.1,2.08163,3.50312,2.11687e-05
NER,12B,en,dst__false,8,0.573885,27065.8,2.07831,3.49598,2.12033e-05
NER,12B,en,dst__false,9,0.446971,34003.1,3.47218,6.406,1.3145e-05
NER,12B,en,json__false,1,0.552883,50099.1,4.1798,6.98537,1.10358e-05
NER,12B,en,json__false,2,0.574781,62273.8,4.92945,8.14889,9.2299e-06
NER,12B,en,json__false,3,0.561968,35194.4,2.62586,4.57783,1.59675e-05
NER,12B,en,json__false,4,0.586235,42244.3,3.18345,5.29311,1.38772e-05
NER,12B,en,json__false,5,0.585197,44603.5,3.39345,5.62465,1.312e-05
NER,12B,en,json__false,6,0.581512,46035.6,3.48332,5.82655,1.26318e-05
NER,12B,en,json__false,7,0.578919,33165.3,2.69987,4.36615,1.74556e-05
NER,12B,en,json__false,8,0.519379,73737.2,6.08041,10.8853,7.04365e-06
NER,12B,en,json__false,9,0.582588,49845.9,3.8411,6.35303,1.16878e-05
NER,12B,en,json__json_xgrammar,1,0.556019,37101.3,3.05386,5.11179,1.49865e-05
NER,12B,en,json__json_xgrammar,2,0.559809,41919.4,3.47648,5.75658,1.33544e-05
NER,12B,en,json__json_xgrammar,3,0.564,29947.9,2.23076,3.87826,1.88327e-05
NER,12B,en,json__json_xgrammar,4,0.597619,42756.9,3.10688,5.162,1.39771e-05
NER,12B,en,json__json_xgrammar,5,0.590091,43501,3.23885,5.38312,1.3565e-05
NER,12B,en,json__json_xgrammar,6,0.587673,44346.6,3.2942,5.50411,1.32518e-05
NER,12B,en,json__json_xgrammar,7,0.584223,32576.7,2.61451,4.22143,1.79337e-05
NER,12B,en,json__json_xgrammar,8,0.569271,48987.4,3.46936,6.12955,1.16208e-05
NER,12B,en,json__json_xgrammar,9,0.593849,39138.9,2.86062,4.76897,1.51729e-05
NER,12B,en,yaml__false,1,0.590631,28634.4,2.16993,3.57082,2.06267e-05
NER,12B,en,yaml__false,2,0.588843,28968.4,2.20075,3.62785,2.03271e-05
NER,12B,en,yaml__false,3,0.591035,28867.7,2.19576,3.60395,2.04739e-05
NER,12B,en,yaml__false,4,0.590329,28901,2.19346,3.60857,2.04259e-05
NER,12B,en,yaml__false,5,0.589497,28538.5,2.16578,3.5682,2.06562e-05
NER,12B,en,yaml__false,6,0.589254,28575.6,2.16843,3.57419,2.06209e-05
NER,12B,en,yaml__false,7,0.576132,48261.7,3.77871,6.26776,1.19377e-05
NER,12B,en,yaml__false,8,0.589907,30428,2.30358,3.79733,1.9387e-05
NER,12B,en,yaml__false,9,0.534659,47950,3.87193,6.80914,1.11504e-05
NER,12B,es,dst__false,1,0.74296,21073.1,1.72138,2.31522,3.52562e-05
NER,12B,es,dst__false,2,0.742796,21033,1.72302,2.31462,3.53158e-05
NER,12B,es,dst__false,3,0.743398,21095.6,1.72336,2.31642,3.52395e-05
NER,12B,es,dst__false,4,0.744044,21145.6,1.72589,2.31885,3.51867e-05
NER,12B,es,dst__false,5,0.743491,21119.8,1.72463,2.31831,3.52036e-05
NER,12B,es,dst__false,6,0.742512,20976.2,1.71781,2.30888,3.53978e-05
NER,12B,es,dst__false,7,0.744256,21054.7,1.71945,2.30888,3.53488e-05
NER,12B,es,dst__false,8,0.742233,20855.9,1.70894,2.29716,3.55886e-05
NER,12B,es,dst__false,9,0.580312,31383.9,3.8904,5.3211,1.84908e-05
NER,12B,es,json__false,1,0.656369,43815.4,4.06149,5.79262,1.49803e-05
NER,12B,es,json__false,2,0.710196,46741.4,3.77953,5.34493,1.51941e-05
NER,12B,es,json__false,3,0.695341,38610.7,2.99936,4.41871,1.8009e-05
NER,12B,es,json__false,4,0.699869,47657.4,3.69466,5.41316,1.46854e-05
NER,12B,es,json__false,5,0.710383,47559.5,3.82158,5.41989,1.49367e-05
NER,12B,es,json__false,6,0.707891,47749.4,3.78123,5.42052,1.48251e-05
NER,12B,es,json__false,7,0.718978,30302,2.5567,3.49584,2.37271e-05
NER,12B,es,json__false,8,0.633771,83499.2,7.57293,11.3158,7.59015e-06
NER,12B,es,json__false,9,0.685577,51280.7,4.44527,6.28671,1.33691e-05
NER,12B,es,json__json_xgrammar,1,0.699158,44633.9,3.69639,5.24672,1.56643e-05
NER,12B,es,json__json_xgrammar,2,0.712871,48589.3,3.86058,5.48659,1.46714e-05
NER,12B,es,json__json_xgrammar,3,0.695561,54744.9,4.38064,6.35829,1.27055e-05
NER,12B,es,json__json_xgrammar,4,0.701699,43609.9,3.38613,4.94444,1.60903e-05
NER,12B,es,json__json_xgrammar,5,0.710868,70812.3,5.69002,8.06427,1.00388e-05
NER,12B,es,json__json_xgrammar,6,0.708083,35706.3,2.85719,4.07373,1.98308e-05
NER,12B,es,json__json_xgrammar,7,0.722381,35969.4,3.04129,4.13441,2.00832e-05
NER,12B,es,json__json_xgrammar,8,0.705931,184986,15.2817,21.5099,3.81614e-06
NER,12B,es,json__json_xgrammar,9,0.689324,217414,17.6215,25.6445,3.17055e-06
NER,12B,es,yaml__false,1,0.706122,25948.9,2.1083,2.99158,2.7212e-05
NER,12B,es,yaml__false,2,0.705667,25820.3,2.09853,2.97915,2.73299e-05
NER,12B,es,yaml__false,3,0.705634,26002.7,2.10975,2.99777,2.71369e-05
NER,12B,es,yaml__false,4,0.706361,25877.6,2.10199,2.98198,2.72962e-05
NER,12B,es,yaml__false,5,0.707473,25898.9,2.10645,2.98168,2.73168e-05
NER,12B,es,yaml__false,6,0.706012,25944.8,2.10779,2.99144,2.72121e-05
NER,12B,es,yaml__false,7,0.706241,25921.4,2.10435,2.98668,2.72455e-05
NER,12B,es,yaml__false,8,0.7064,26118.4,2.12276,3.01042,2.70461e-05
NER,12B,es,yaml__false,9,0.637757,45315.8,3.91971,5.96575,1.40736e-05
NER,12B,fr,dst__false,1,0.157771,65965.5,42.1774,55.9979,2.39173e-06
NER,12B,fr,dst__false,2,0.73204,66756.9,5.24942,6.99171,1.09658e-05
NER,12B,fr,dst__false,3,0.704937,97859,8.23036,10.9917,7.2036e-06
NER,12B,fr,dst__false,4,0.706649,207366,17.3397,23.172,3.40774e-06
NER,12B,fr,dst__false,5,0.69584,56859.1,4.88858,6.53703,1.2238e-05
NER,12B,fr,dst__false,6,0.6979,66727.9,5.68768,7.6182,1.04589e-05
NER,12B,fr,dst__false,7,0.693091,116826,10.086,13.5106,5.93266e-06
NER,12B,fr,dst__false,8,0.316244,7571.02,2.14902,2.83452,4.17704e-05
NER,12B,fr,dst__false,9,0.171099,26474.7,15.4823,20.523,6.46274e-06
NER,12B,fr,json__false,1,0.709176,54845,4.62866,6.13341,1.29306e-05
NER,12B,fr,json__false,2,0.67212,126941,11.333,15.3737,5.29476e-06
NER,12B,fr,json__false,3,0.66479,50414.4,4.2551,6.0146,1.31865e-05
NER,12B,fr,json__false,4,0.679203,108089,9.13148,12.6273,6.28372e-06
NER,12B,fr,json__false,5,0.680773,138406,11.947,16.2946,4.91866e-06
NER,12B,fr,json__false,6,0.684125,71403,6.01441,8.26998,9.58118e-06
NER,12B,fr,json__false,7,0.700274,39604.4,3.34949,4.48978,1.76817e-05
NER,12B,fr,json__false,8,0.612602,115409,10.321,15.347,5.30808e-06
NER,12B,fr,json__false,9,0.687013,62965,5.16615,7.17223,1.0911e-05
NER,12B,fr,json__json_xgrammar,1,0.704198,148966,12.3623,16.6442,4.72724e-06
NER,12B,fr,json__json_xgrammar,2,0.683353,104254,9.01769,12.2392,6.55473e-06
NER,12B,fr,json__json_xgrammar,3,0.675448,110250,9.2554,12.9129,6.1265e-06
NER,12B,fr,json__json_xgrammar,4,0.683331,62163.4,5.20022,7.18486,1.09925e-05
NER,12B,fr,json__json_xgrammar,5,0.710579,63148.6,5.11988,6.91509,1.12525e-05
NER,12B,fr,json__json_xgrammar,6,0.699049,53911.4,4.38911,6.01287,1.29666e-05
NER,12B,fr,json__json_xgrammar,7,0.701739,74304.9,6.31844,8.42746,9.44405e-06
NER,12B,fr,json__json_xgrammar,8,0.702945,97025.7,7.5914,10.5566,7.24493e-06
NER,12B,fr,json__json_xgrammar,9,0.702952,74387.6,5.69976,8.01073,9.44986e-06
NER,12B,fr,yaml__false,1,0.718192,76010.4,6.07063,8.1758,9.44861e-06
NER,12B,fr,yaml__false,2,0.720231,58341.5,4.60979,6.22509,1.23451e-05
NER,12B,fr,yaml__false,3,0.731421,72122.1,5.5978,7.51194,1.01414e-05
NER,12B,fr,yaml__false,4,0.698729,53779.9,4.49778,6.0782,1.29924e-05
NER,12B,fr,yaml__false,5,0.729033,84179.2,6.54429,8.80352,8.66049e-06
NER,12B,fr,yaml__false,6,0.724699,104815,8.25514,11.0975,6.91405e-06
NER,12B,fr,yaml__false,7,0.670484,52980.5,4.78206,6.46419,1.26553e-05
NER,12B,fr,yaml__false,8,0.728243,70931.3,5.51394,7.4258,1.02669e-05
NER,12B,fr,yaml__false,9,0.664938,121666,9.46153,13.9525,5.46529e-06
NER,12B,hi,dst__false,1,0.667445,8027.38,5.99058,9.36683,8.31462e-05
NER,12B,hi,dst__false,2,0.666925,34386.9,25.5096,40.0313,1.93948e-05
NER,12B,hi,dst__false,3,0.667966,29068.2,21.7251,33.9186,2.29792e-05
NER,12B,hi,dst__false,4,0.667705,12536.2,9.36238,14.628,5.32621e-05
NER,12B,hi,dst__false,5,0.666667,36551.8,27.3386,42.7506,1.8239e-05
NER,12B,hi,dst__false,6,0.668226,6032.8,4.51219,7.03944,0.000110766
NER,12B,hi,dst__false,7,0.66537,1583.73,1.18013,1.85232,0.000420127
NER,12B,hi,dst__false,8,0.667964,93330.5,69.5977,108.777,7.15698e-06
NER,12B,hi,dst__false,9,0.509108,54331,59.5082,99.6898,9.37049e-06
NER,12B,hi,json__false,1,0.682946,5065,3.86346,5.84198,0.000134836
NER,12B,hi,json__false,2,0.689082,4825.18,3.71168,5.53982,0.00014281
NER,12B,hi,json__false,3,0.658395,3613.14,2.67442,4.25577,0.000182222
NER,12B,hi,json__false,4,0.68855,4679.66,3.51589,5.31175,0.000147137
NER,12B,hi,json__false,5,0.676972,11296,8.72275,13.2271,5.99304e-05
NER,12B,hi,json__false,6,0.671429,14086.9,10.9032,16.6512,4.76632e-05
NER,12B,hi,json__false,7,0.662939,2979.46,2.335,3.58971,0.000222503
NER,12B,hi,json__false,8,0.584235,107496,79.0413,142.191,5.43494e-06
NER,12B,hi,json__false,9,0.638067,37824.3,32.2458,49.379,1.68692e-05
NER,12B,hi,json__json_xgrammar,1,0.682213,6844.9,5.25722,7.93151,9.96675e-05
NER,12B,hi,json__json_xgrammar,2,0.694828,59431.9,45.5417,67.5362,1.16912e-05
NER,12B,hi,json__json_xgrammar,3,0.66433,47226.7,35.2438,55.3654,1.40668e-05
NER,12B,hi,json__json_xgrammar,4,0.691223,12048.7,9.10024,13.6607,5.7369e-05
NER,12B,hi,json__json_xgrammar,5,0.68254,68266.3,52.8377,79.3794,9.99819e-06
NER,12B,hi,json__json_xgrammar,6,0.672496,58936.2,45.7579,69.6645,1.14106e-05
NER,12B,hi,json__json_xgrammar,7,0.664266,70241.8,55.265,84.6286,9.45685e-06
NER,12B,hi,json__json_xgrammar,8,0.663766,34317.2,26.3979,40.9026,1.93421e-05
NER,12B,hi,json__json_xgrammar,9,0.635158,81237.3,68.6126,106.054,7.81854e-06
NER,12B,hi,yaml__false,1,0.653013,2119.6,1.61678,2.55681,0.000308083
NER,12B,hi,yaml__false,2,0.653013,1833.09,1.39824,2.2112,0.000356237
NER,12B,hi,yaml__false,3,0.655118,1904.01,1.45123,2.28847,0.000344073
NER,12B,hi,yaml__false,4,0.652756,1859.7,1.41746,2.24331,0.000351
NER,12B,hi,yaml__false,5,0.652772,1916.47,1.45739,2.309,0.000340611
NER,12B,hi,yaml__false,6,0.655647,1901.73,1.44838,2.28299,0.000344764
NER,12B,hi,yaml__false,7,0.652242,1852.56,1.40986,2.23469,0.000352077
NER,12B,hi,yaml__false,8,0.649116,1900.19,1.44282,2.30047,0.000341606
NER,12B,hi,yaml__false,9,0.613367,4583.68,4.03493,6.32232,0.000133815
NER,12B,ja,dst__false,1,0.0989435,39329.3,21.4797,50.2932,2.51577e-06
NER,12B,ja,dst__false,2,0.0982363,39289.4,21.3182,50.5655,2.50033e-06
NER,12B,ja,dst__false,3,0.0988232,38976.9,21.2988,49.9064,2.53543e-06
NER,12B,ja,dst__false,4,0.0985639,38737.3,21.1564,49.727,2.54442e-06
NER,12B,ja,dst__false,5,0.0994363,38512.6,21.2425,49.0607,2.58192e-06
NER,12B,ja,dst__false,6,0.0997531,39094.7,21.4452,49.6125,2.55158e-06
NER,12B,ja,dst__false,7,0.0986905,39417.9,21.528,50.5357,2.5037e-06
NER,12B,ja,dst__false,8,0.0979597,39209.5,21.7107,50.7239,2.49836e-06
NER,12B,ja,dst__false,9,0.0817199,46798.2,31.9006,74.1652,1.74622e-06
NER,12B,ja,json__false,1,0.0243224,69797.3,168.592,398.842,3.48473e-07
NER,12B,ja,json__false,2,0.0282392,36682.6,77.7173,179.816,7.69826e-07
NER,12B,ja,json__false,3,0.0499463,16270.4,17.6852,43.7376,3.06977e-06
NER,12B,ja,json__false,4,0.0454949,105771,159.533,317.63,4.30128e-07
NER,12B,ja,json__false,5,0.0474725,19513.3,30.3473,56.2343,2.43283e-06
NER,12B,ja,json__false,6,0.0330202,22402.9,44.8058,93.7361,1.47392e-06
NER,12B,ja,json__false,7,0.0572764,67563.4,67.2943,157.491,8.47742e-07
NER,12B,ja,json__false,8,0.0919361,70857.9,49.6899,100.082,1.29747e-06
NER,12B,ja,json__false,9,0.0504076,35624,47.8817,96.0215,1.41499e-06
NER,12B,ja,json__json_xgrammar,1,0.127776,48212.8,19.2389,45.7861,2.65025e-06
NER,12B,ja,json__json_xgrammar,2,0.118206,57514.7,28.3323,60.7977,2.05523e-06
NER,12B,ja,json__json_xgrammar,3,0.225018,42960.9,7.59295,19.4481,5.23774e-06
NER,12B,ja,json__json_xgrammar,4,0.212939,58216.7,14.5505,30.4162,3.65769e-06
NER,12B,ja,json__json_xgrammar,5,0.195771,57009.6,16.8617,33.5548,3.43401e-06
NER,12B,ja,json__json_xgrammar,6,0.175785,58937.2,19.5027,39.4493,2.98259e-06
NER,12B,ja,json__json_xgrammar,7,0.184978,44107.8,10.7817,26.3961,4.19377e-06
NER,12B,ja,json__json_xgrammar,8,0.208357,62989.1,15.8503,33.684,3.30782e-06
NER,12B,ja,json__json_xgrammar,9,0.263879,47743,9.16899,18.8633,5.52709e-06
NER,12B,ja,yaml__false,1,0.145324,41299.1,15.2733,34.0751,3.51881e-06
NER,12B,ja,yaml__false,2,0.143653,41498.7,15.2737,34.6111,3.46163e-06
NER,12B,ja,yaml__false,3,0.144506,41085.3,15.4456,34.1807,3.51722e-06
NER,12B,ja,yaml__false,4,0.14302,40767.1,15.378,34.2869,3.50823e-06
NER,12B,ja,yaml__false,5,0.142583,40858.1,15.2798,34.4214,3.4897e-06
NER,12B,ja,yaml__false,6,0.140809,40880.4,15.5557,34.9704,3.44443e-06
NER,12B,ja,yaml__false,7,0.143613,40940.2,15.3564,34.2596,3.50786e-06
NER,12B,ja,yaml__false,8,0.144428,41204.9,15.4383,34.2803,3.50511e-06
NER,12B,ja,yaml__false,9,0.20335,68489.2,17.6746,37.7351,2.96908e-06
NER,12B,ko,dst__false,1,0.509375,58215.7,5.2584,8.96592,8.74978e-06
NER,12B,ko,dst__false,2,0.516748,77566.7,6.91202,11.7064,6.66198e-06
NER,12B,ko,dst__false,3,0.511952,54178.6,4.88315,8.29433,9.44935e-06
NER,12B,ko,dst__false,4,0.514631,76870.8,6.83782,11.64,6.69475e-06
NER,12B,ko,dst__false,5,0.511779,50703,4.55512,7.75394,1.00937e-05
NER,12B,ko,dst__false,6,0.516021,77414.8,6.87398,11.6817,6.66567e-06
NER,12B,ko,dst__false,7,0.514259,103902,9.29768,15.7857,4.94948e-06
NER,12B,ko,dst__false,8,0.515491,104634,9.28511,15.801,4.92662e-06
NER,12B,ko,dst__false,9,0.347635,48673.8,7.00342,13.102,7.14214e-06
NER,12B,ko,json__false,1,0.46214,46100.3,4.93104,8.39256,1.00247e-05
NER,12B,ko,json__false,2,0.484935,51029.9,5.00146,8.54629,9.50295e-06
NER,12B,ko,json__false,3,0.445541,37931.6,3.83574,7.00362,1.17459e-05
NER,12B,ko,json__false,4,0.484048,51288.9,4.8145,8.45096,9.43769e-06
NER,12B,ko,json__false,5,0.479749,51637.5,4.95799,8.66692,9.2907e-06
NER,12B,ko,json__false,6,0.489903,51000.9,4.98104,8.44246,9.60579e-06
NER,12B,ko,json__false,7,0.456699,35933.8,3.66559,6.49562,1.27095e-05
NER,12B,ko,json__false,8,0.388399,103073,10.6129,21.9912,3.7682e-06
NER,12B,ko,json__false,9,0.440956,57736.6,6.18231,11.0205,7.63738e-06
NER,12B,ko,json__json_xgrammar,1,0.5,68057.4,6.31975,10.8062,7.34674e-06
NER,12B,ko,json__json_xgrammar,2,0.504034,84151.7,7.74806,13.2065,5.98959e-06
NER,12B,ko,json__json_xgrammar,3,0.46139,63458.8,6.09302,11.0748,7.27069e-06
NER,12B,ko,json__json_xgrammar,4,0.48948,73418.5,6.67198,11.7979,6.66698e-06
NER,12B,ko,json__json_xgrammar,5,0.49528,75124.9,6.76435,11.8831,6.59275e-06
NER,12B,ko,json__json_xgrammar,6,0.503338,73850.2,6.87298,11.6593,6.81566e-06
NER,12B,ko,json__json_xgrammar,7,0.45202,57287.1,5.93034,10.5249,7.89044e-06
NER,12B,ko,json__json_xgrammar,8,0.484991,112714,10.9836,18.8295,4.30286e-06
NER,12B,ko,json__json_xgrammar,9,0.438999,64831.9,6.36668,12.0037,6.77134e-06
NER,12B,ko,yaml__false,1,0.518038,75668.8,6.76278,11.4062,6.84613e-06
NER,12B,ko,yaml__false,2,0.517652,93605.7,8.3487,14.1079,5.53013e-06
NER,12B,ko,yaml__false,3,0.516716,90610.8,8.104,13.6978,5.70259e-06
NER,12B,ko,yaml__false,4,0.515424,81028.4,7.24309,12.277,6.36102e-06
NER,12B,ko,yaml__false,5,0.515447,64095.2,5.76603,9.73796,8.04189e-06
NER,12B,ko,yaml__false,6,0.505646,122426,11.4108,19.2524,4.13021e-06
NER,12B,ko,yaml__false,7,0.517727,94790.6,8.45137,14.2821,5.4618e-06
NER,12B,ko,yaml__false,8,0.517771,148835,13.2451,22.4047,3.47883e-06
NER,12B,ko,yaml__false,9,0.446436,162081,17.1424,30.4093,2.75439e-06
NER,12B,ru,dst__false,1,0.514326,30202.5,2.31331,4.65442,1.70292e-05
NER,12B,ru,dst__false,2,0.515103,29069.9,2.22775,4.47436,1.77195e-05
NER,12B,ru,dst__false,3,0.513471,34275.1,2.62383,5.28936,1.49809e-05
NER,12B,ru,dst__false,4,0.514786,35971.8,2.75667,5.54009,1.43108e-05
NER,12B,ru,dst__false,5,0.516452,36541.1,2.81367,5.62344,1.41335e-05
NER,12B,ru,dst__false,6,0.516447,28196.4,2.16979,4.33791,1.8316e-05
NER,12B,ru,dst__false,7,0.516306,25686.2,1.97617,3.95234,2.01005e-05
NER,12B,ru,dst__false,8,0.517021,43744,3.36544,6.72157,1.18192e-05
NER,12B,ru,dst__false,9,0.308222,56656.2,6.94402,18.0779,5.44021e-06
NER,12B,ru,json__false,1,0.44418,46369.3,4.79964,9.56068,9.57918e-06
NER,12B,ru,json__false,2,0.538667,53222.8,4.52152,8.2516,1.0121e-05
NER,12B,ru,json__false,3,0.505438,40087.7,2.8581,6.05372,1.26083e-05
NER,12B,ru,json__false,4,0.504852,48664.4,3.45137,7.3367,1.03742e-05
NER,12B,ru,json__false,5,0.537759,48447.4,3.6066,7.03564,1.10998e-05
NER,12B,ru,json__false,6,0.475789,53860.2,3.9314,8.74922,8.83378e-06
NER,12B,ru,json__false,7,0.572517,37282.3,2.98425,5.27928,1.53563e-05
NER,12B,ru,json__false,8,0.394378,97258.2,7.9091,20.153,4.05495e-06
NER,12B,ru,json__false,9,0.542871,56797,4.80313,8.71788,9.5581e-06
NER,12B,ru,json__json_xgrammar,1,0.473531,45772.4,4.09743,8.28011,1.03453e-05
NER,12B,ru,json__json_xgrammar,2,0.531609,57765.6,4.86775,9.03859,9.20285e-06
NER,12B,ru,json__json_xgrammar,3,0.499734,35740.7,2.53319,5.44164,1.39822e-05
NER,12B,ru,json__json_xgrammar,4,0.496932,46937.1,3.33834,7.20005,1.05872e-05
NER,12B,ru,json__json_xgrammar,5,0.53111,51149.7,3.84209,7.55647,1.03834e-05
NER,12B,ru,json__json_xgrammar,6,0.474893,43744,3.21812,7.14888,1.08562e-05
NER,12B,ru,json__json_xgrammar,7,0.594772,36797.3,3.02734,5.08531,1.61635e-05
NER,12B,ru,json__json_xgrammar,8,0.462847,52103.7,3.97829,8.90814,8.88319e-06
NER,12B,ru,json__json_xgrammar,9,0.530593,43675.9,3.29133,6.46955,1.21484e-05
NER,12B,ru,yaml__false,1,0.55257,31292.7,2.41792,4.50903,1.76581e-05
NER,12B,ru,yaml__false,2,0.552065,31328.3,2.42179,4.51937,1.76219e-05
NER,12B,ru,yaml__false,3,0.551606,31165.6,2.40735,4.49785,1.76992e-05
NER,12B,ru,yaml__false,4,0.552851,31389.6,2.42916,4.5243,1.76126e-05
NER,12B,ru,yaml__false,5,0.551941,31022,2.39774,4.47584,1.77919e-05
NER,12B,ru,yaml__false,6,0.551774,31164.3,2.40799,4.49701,1.77053e-05
NER,12B,ru,yaml__false,7,0.552177,31185.4,2.40832,4.49551,1.77063e-05
NER,12B,ru,yaml__false,8,0.552356,31058.6,2.40206,4.47917,1.77843e-05
NER,12B,ru,yaml__false,9,0.485451,44671,4.26657,8.12643,1.08672e-05
NER,12B,zh,dst__false,1,0.569109,165223,11.1517,21.2315,3.44449e-06
NER,12B,zh,dst__false,2,0.564674,100723,7.0083,13.26,5.6062e-06
NER,12B,zh,dst__false,3,0.561671,135253,9.44503,17.9357,4.15275e-06
NER,12B,zh,dst__false,4,0.560261,34398.1,2.42633,4.59745,1.62875e-05
NER,12B,zh,dst__false,5,0.570544,103150,7.0583,13.32,5.53121e-06
NER,12B,zh,dst__false,6,0.566362,57838.1,4.04095,7.60827,9.7922e-06
NER,12B,zh,dst__false,7,0.564501,62248,4.37288,8.23931,9.06859e-06
NER,12B,zh,dst__false,8,0.559822,52040.6,3.73586,7.02587,1.07574e-05
NER,12B,zh,dst__false,9,0.320126,55949.2,7.79345,17.7335,5.72172e-06
NER,12B,zh,json__false,1,0.552939,93049.1,6.60251,12.6408,5.94244e-06
NER,12B,zh,json__false,2,0.561447,85924.9,6.38467,11.777,6.53416e-06
NER,12B,zh,json__false,3,0.520069,58299.5,4.06949,8.34758,8.92064e-06
NER,12B,zh,json__false,4,0.562654,71781.5,5.06574,9.55558,7.83843e-06
NER,12B,zh,json__false,5,0.532641,74019.5,5.65898,10.8517,7.19596e-06
NER,12B,zh,json__false,6,0.564614,100251,7.40078,13.6174,5.63201e-06
NER,12B,zh,json__false,7,0.52122,62125.4,4.62449,9.18063,8.38981e-06
NER,12B,zh,json__false,8,0.529979,154577,13.1533,24.0214,3.42856e-06
NER,12B,zh,json__false,9,0.525773,93186.9,7.23388,13.948,5.64214e-06
NER,12B,zh,json__json_xgrammar,1,0,3289.8,,,
NER,12B,zh,json__json_xgrammar,2,0.57226,41255.4,3.03907,5.52281,1.38712e-05
NER,12B,zh,json__json_xgrammar,3,0.511447,32518.2,2.37031,4.84407,1.5728e-05
NER,12B,zh,json__json_xgrammar,4,0.556642,44018.2,3.20202,6.01835,1.26457e-05
NER,12B,zh,json__json_xgrammar,5,0.542511,46776.2,3.48712,6.64624,1.1598e-05
NER,12B,zh,json__json_xgrammar,6,0.559295,44992.4,3.34765,6.19474,1.24309e-05
NER,12B,zh,json__json_xgrammar,7,0.518935,35197.7,2.685,5.2905,1.47434e-05
NER,12B,zh,json__json_xgrammar,8,0.540496,52584.7,4.0369,7.61324,1.02786e-05
NER,12B,zh,json__json_xgrammar,9,0.528162,42631.7,3.17981,6.22361,1.23889e-05
NER,12B,zh,yaml__false,1,0.541595,32720.9,2.38682,4.60469,1.6552e-05
NER,12B,zh,yaml__false,2,0.541562,32761.6,2.38822,4.60911,1.65304e-05
NER,12B,zh,yaml__false,3,0.544672,32466.8,2.32553,4.4999,1.67763e-05
NER,12B,zh,yaml__false,4,0.542087,32802.4,2.38407,4.6032,1.65258e-05
NER,12B,zh,yaml__false,5,0.540481,32787.6,2.3842,4.61601,1.64843e-05
NER,12B,zh,yaml__false,6,0.542593,32778.6,2.37957,4.59277,1.65533e-05
NER,12B,zh,yaml__false,7,0.540209,32550.6,2.37491,4.593,1.6596e-05
NER,12B,zh,yaml__false,8,0.540242,32885.7,2.39448,4.63506,1.64279e-05
NER,12B,zh,yaml__false,9,0.46144,66054.6,6.00333,12.1648,6.98574e-06
NER,27B,ar,dst__false,1,0.0748707,184087,53.6228,334.704,4.06713e-07
NER,27B,ar,dst__false,2,0.0738843,268940,75.2279,490.766,2.74725e-07
NER,27B,ar,dst__false,3,0.0739886,127140,36.6082,233.285,5.81945e-07
NER,27B,ar,dst__false,4,0.0717409,226656,67.1175,431.725,3.16519e-07
NER,27B,ar,dst__false,5,0.0740291,285093,79.791,519.295,2.59666e-07
NER,27B,ar,dst__false,6,0.0738432,135133,38.5874,247.951,5.46448e-07
NER,27B,ar,dst__false,7,0.0740541,97066.5,27.4122,177.129,7.62921e-07
NER,27B,ar,dst__false,8,0.0738441,74554.3,20.9658,136.297,9.90474e-07
NER,27B,ar,dst__false,9,0.0215434,205453,173.965,1533.23,1.04858e-07
NER,27B,ar,json__false,1,0.0813201,108033,27.765,175.379,7.52731e-07
NER,27B,ar,json__false,2,0.0781065,88534.1,18.46,141.203,8.82219e-07
NER,27B,ar,json__false,3,0.0779321,84292,19.9934,139.788,9.2455e-07
NER,27B,ar,json__false,4,0.0807918,76338.8,15.5603,116.905,1.05833e-06
NER,27B,ar,json__false,5,0.0801853,77687.1,18.1512,124.698,1.03216e-06
NER,27B,ar,json__false,6,0.0813373,80263.3,16.8161,123.103,1.01338e-06
NER,27B,ar,json__false,7,0.0775531,141196,32.3177,232.997,5.49259e-07
NER,27B,ar,json__false,8,0.0769777,78940.8,18.6798,132.451,9.75132e-07
NER,27B,ar,json__false,9,0.0728655,84683.5,26.4141,160.69,8.60445e-07
NER,27B,ar,json__json_xgrammar,1,0.0786237,83465.9,23.0441,142.677,9.41987e-07
NER,27B,ar,json__json_xgrammar,2,0.07917,129083,26.1619,201.378,6.13326e-07
NER,27B,ar,json__json_xgrammar,3,0.0807607,66630.2,13.4961,101.881,1.21207e-06
NER,27B,ar,json__json_xgrammar,4,0.0787969,81709.2,16.9065,128.879,9.64358e-07
NER,27B,ar,json__json_xgrammar,5,0.0805421,74216.8,16.9251,117.804,1.08523e-06
NER,27B,ar,json__json_xgrammar,6,0.0805979,75967.6,15.8398,117.415,1.06095e-06
NER,27B,ar,json__json_xgrammar,7,0.0792762,84801,17.001,131.679,9.34849e-07
NER,27B,ar,json__json_xgrammar,8,0.0717229,148215,34.6865,266.096,4.8391e-07
NER,27B,ar,json__json_xgrammar,9,0.0792431,165363,41.7584,274.235,4.79205e-07
NER,27B,ar,yaml__false,1,0.0766377,72646.7,16.6125,121.28,1.05494e-06
NER,27B,ar,yaml__false,2,0.0774978,77962.4,17.1913,127.39,9.9404e-07
NER,27B,ar,yaml__false,3,0.0784264,166744,36.6309,268.941,4.70341e-07
NER,27B,ar,yaml__false,4,0.0777806,66987.5,14.7908,109.1,1.16112e-06
NER,27B,ar,yaml__false,5,0.0776785,106903,23.6303,174.394,7.26623e-07
NER,27B,ar,yaml__false,6,0.0775539,75438.5,16.8691,123.67,1.02804e-06
NER,27B,ar,yaml__false,7,0.0774202,31782.1,7.02368,52.0166,2.43596e-06
NER,27B,ar,yaml__false,8,0.0785529,136654,30.0206,220.054,5.74831e-07
NER,27B,ar,yaml__false,9,0.0467662,192114,68.3435,583.932,2.4343e-07
NER,27B,de,dst__false,1,0.767285,76621.2,6.03269,7.51705,1.0014e-05
NER,27B,de,dst__false,2,0.738446,104026,8.77192,10.9513,7.09865e-06
NER,27B,de,dst__false,3,0.757668,84340.8,6.7962,8.47221,8.98341e-06
NER,27B,de,dst__false,4,0.738639,102761,8.66818,10.817,7.18791e-06
NER,27B,de,dst__false,5,0.7402,90863.3,7.63685,9.52845,8.14631e-06
NER,27B,de,dst__false,6,0.758723,72419.8,5.8206,7.25577,1.04767e-05
NER,27B,de,dst__false,7,0.742676,103532,8.64854,10.7902,7.17341e-06
NER,27B,de,dst__false,8,0.754568,74573.1,6.06779,7.5563,1.01185e-05
NER,27B,de,dst__false,9,0.681659,89996.9,7.99546,10.51,7.57425e-06
NER,27B,de,json__false,1,0.701377,97100.7,7.99973,10.647,7.22319e-06
NER,27B,de,json__false,2,0.696082,78500.7,6.7371,8.83818,8.8672e-06
NER,27B,de,json__false,3,0.676786,85256.5,6.72317,9.48982,7.93823e-06
NER,27B,de,json__false,4,0.705549,79808,6.32293,8.54018,8.84058e-06
NER,27B,de,json__false,5,0.719813,73944.1,6.04316,7.87058,9.73455e-06
NER,27B,de,json__false,6,0.723735,83157.6,6.76739,8.7858,8.70316e-06
NER,27B,de,json__false,7,0.683266,91068,7.41778,10.1957,7.50281e-06
NER,27B,de,json__false,8,0.701211,69425.2,5.87403,7.70877,1.01002e-05
NER,27B,de,json__false,9,0.719116,108076,8.61504,11.38,6.65382e-06
NER,27B,de,json__json_xgrammar,1,0.696335,80643.5,6.81226,9.01045,8.63474e-06
NER,27B,de,json__json_xgrammar,2,0.711438,72881.4,5.96411,7.8536,9.76159e-06
NER,27B,de,json__json_xgrammar,3,0.685767,58631.7,4.49561,6.35436,1.16962e-05
NER,27B,de,json__json_xgrammar,4,0.704959,79529.4,6.29687,8.51493,8.86412e-06
NER,27B,de,json__json_xgrammar,5,0.718198,73480.9,6.00383,7.83796,9.77394e-06
NER,27B,de,json__json_xgrammar,6,0.722911,82303.5,6.7088,8.71213,8.78347e-06
NER,27B,de,json__json_xgrammar,7,0.69916,61584,4.99384,6.72388,1.1353e-05
NER,27B,de,json__json_xgrammar,8,0.720802,156744,12.1696,16.2598,4.59858e-06
NER,27B,de,json__json_xgrammar,9,0.730167,71809.3,5.6246,7.38475,1.01681e-05
NER,27B,de,yaml__false,1,0.184834,28188.6,14.6055,19.3073,6.55703e-06
NER,27B,de,yaml__false,2,0.189503,98025.3,49.4079,65.2632,1.9332e-06
NER,27B,de,yaml__false,3,0.191731,68385.6,34.227,44.961,2.80367e-06
NER,27B,de,yaml__false,4,0.209683,39244.5,17.5042,23.2354,5.343e-06
NER,27B,de,yaml__false,5,0.236762,33320.2,13.0055,17.1312,7.10566e-06
NER,27B,de,yaml__false,6,0.25498,3160.64,1.1288,1.48736,8.06734e-05
NER,27B,de,yaml__false,7,0.248027,78402.7,28.6664,38.078,3.16351e-06
NER,27B,de,yaml__false,8,0.257189,14398.5,5.0362,6.69386,1.78622e-05
NER,27B,de,yaml__false,9,0.242777,85419,30.355,42.1822,2.84219e-06
NER,27B,en,dst__false,1,0.581727,27274.7,1.99873,3.39702,2.13285e-05
NER,27B,en,dst__false,2,0.582965,21853.4,1.59747,2.71268,2.66762e-05
NER,27B,en,dst__false,3,0.578191,21115.7,1.55377,2.6514,2.7382e-05
NER,27B,en,dst__false,4,0.582145,21809.9,1.59616,2.71267,2.66918e-05
NER,27B,en,dst__false,5,0.579367,20855.2,1.54015,2.61803,2.77804e-05
NER,27B,en,dst__false,6,0.581367,21977.3,1.6077,2.73656,2.64531e-05
NER,27B,en,dst__false,7,0.578135,20811.7,1.53422,2.61585,2.77793e-05
NER,27B,en,dst__false,8,0.581881,21741.8,1.59292,2.70689,2.67633e-05
NER,27B,en,dst__false,9,0.556624,38785.2,2.68763,4.90889,1.43515e-05
NER,27B,en,json__false,1,0.548825,47487.4,3.75781,6.50691,1.15573e-05
NER,27B,en,json__false,2,0.580229,49658.8,3.63295,6.19573,1.16843e-05
NER,27B,en,json__false,3,0.517461,39921.1,3.05347,5.70791,1.29621e-05
NER,27B,en,json__false,4,0.548281,38006.3,2.89616,5.11938,1.44261e-05
NER,27B,en,json__false,5,0.550901,39146.5,3.02359,5.28221,1.40728e-05
NER,27B,en,json__false,6,0.549475,38239.8,3.04942,5.25272,1.43692e-05
NER,27B,en,json__false,7,0.552192,43053.8,3.31183,5.78447,1.28256e-05
NER,27B,en,json__false,8,0.582088,34750.4,2.43146,4.22651,1.67506e-05
NER,27B,en,json__false,9,0.573767,50536.9,3.77,6.43782,1.13534e-05
NER,27B,en,json__json_xgrammar,1,0.559145,43262.1,3.35808,5.76521,1.29246e-05
NER,27B,en,json__json_xgrammar,2,0.557669,41602.5,3.29082,5.60907,1.34047e-05
NER,27B,en,json__json_xgrammar,3,0.54089,30370.6,2.21263,4.05644,1.78097e-05
NER,27B,en,json__json_xgrammar,4,0.555165,38982.6,2.92574,5.14757,1.42414e-05
NER,27B,en,json__json_xgrammar,5,0.550297,38793.8,2.99289,5.23746,1.41852e-05
NER,27B,en,json__json_xgrammar,6,0.558625,39124.7,3.01516,5.20067,1.42781e-05
NER,27B,en,json__json_xgrammar,7,0.554626,32554.4,2.49574,4.34755,1.70369e-05
NER,27B,en,json__json_xgrammar,8,0.556327,81905.1,5.98546,10.6522,6.79234e-06
NER,27B,en,json__json_xgrammar,9,0.583608,35372.1,2.64524,4.43538,1.64991e-05
NER,27B,en,yaml__false,1,0.555564,29907.2,2.26261,3.96174,1.85763e-05
NER,27B,en,yaml__false,2,0.555057,27533.1,2.08079,3.64869,2.01597e-05
NER,27B,en,yaml__false,3,0.548209,27464,2.12833,3.73,1.9961e-05
NER,27B,en,yaml__false,4,0.552646,27485.8,2.08305,3.66331,2.01066e-05
NER,27B,en,yaml__false,5,0.552681,27324,2.07961,3.64904,2.0227e-05
NER,27B,en,yaml__false,6,0.553135,27325.6,2.07468,3.64195,2.02424e-05
NER,27B,en,yaml__false,7,0.553955,27467.1,2.08321,3.65352,2.01679e-05
NER,27B,en,yaml__false,8,0.55383,27374.7,2.08093,3.64607,2.02315e-05
NER,27B,en,yaml__false,9,0.542431,38308.5,2.99215,5.2781,1.41596e-05
NER,27B,es,dst__false,1,0.235794,10293.8,4.41985,5.98478,2.29064e-05
NER,27B,es,dst__false,2,0.158006,9301.18,6.53631,8.60423,1.69878e-05
NER,27B,es,dst__false,3,0.165467,5547.95,3.71101,4.87518,2.98249e-05
NER,27B,es,dst__false,4,0.166715,390.224,2.58085,3.39917,4.27229e-05
NER,27B,es,dst__false,5,0.15879,9212.27,6.43765,8.47495,1.72368e-05
NER,27B,es,dst__false,6,0.175861,10051.1,6.18146,8.23182,1.74967e-05
NER,27B,es,dst__false,7,0.170102,18818.3,12.0091,16.0019,9.0392e-06
NER,27B,es,dst__false,8,0.178075,12123.5,7.42408,9.80075,1.46884e-05
NER,27B,es,dst__false,9,0.189237,96620,51.3663,72.2122,1.95857e-06
NER,27B,es,json__false,1,0.681717,107452,9.2162,13.1794,6.34441e-06
NER,27B,es,json__false,2,0.698656,119155,9.74527,13.9298,5.86341e-06
NER,27B,es,json__false,3,0.646881,96819.6,7.67983,12.0377,6.68131e-06
NER,27B,es,json__false,4,0.691417,153863,12.6418,18.2173,4.4937e-06
NER,27B,es,json__false,5,0.684512,225680,19.1287,27.4083,3.03311e-06
NER,27B,es,json__false,6,0.701837,150479,12.0239,17.3084,4.66401e-06
NER,27B,es,json__false,7,0.681895,123026,10.1834,14.8242,5.54269e-06
NER,27B,es,json__false,8,0.698728,86016,6.92449,9.97518,8.12323e-06
NER,27B,es,json__false,9,0.711941,132152,10.8074,15.1603,5.38727e-06
NER,27B,es,json__json_xgrammar,1,0.698284,71137.9,5.8516,8.34462,9.81592e-06
NER,27B,es,json__json_xgrammar,2,0.708695,83229.6,6.65784,9.48594,8.51494e-06
NER,27B,es,json__json_xgrammar,3,0.686244,52253.2,3.96549,5.98685,1.31331e-05
NER,27B,es,json__json_xgrammar,4,0.703194,87579.3,6.95184,10.0205,8.02922e-06
NER,27B,es,json__json_xgrammar,5,0.701726,90198.3,7.26118,10.4155,7.77981e-06
NER,27B,es,json__json_xgrammar,6,0.700057,87183.8,7.00947,10.0849,8.02966e-06
NER,27B,es,json__json_xgrammar,7,0.718483,56033.5,4.47552,6.29449,1.28224e-05
NER,27B,es,json__json_xgrammar,8,0.675276,158207,12.7166,18.9697,4.26831e-06
NER,27B,es,json__json_xgrammar,9,0.725833,66256.7,5.30265,7.37496,1.09549e-05
NER,27B,es,yaml__false,1,0.677903,54670.2,4.1816,6.36663,1.23999e-05
NER,27B,es,yaml__false,2,0.678243,54963.8,4.20245,6.39635,1.23398e-05
NER,27B,es,yaml__false,3,0.678562,54875.6,4.19763,6.3846,1.23655e-05
NER,27B,es,yaml__false,4,0.678532,54743.8,4.1853,6.36777,1.23947e-05
NER,27B,es,yaml__false,5,0.332521,23999.1,5.7857,8.79732,1.38556e-05
NER,27B,es,yaml__false,6,0.257006,22187,7.45281,11.3315,1.15836e-05
NER,27B,es,yaml__false,7,0.219856,22280.5,8.96241,13.7449,9.86763e-06
NER,27B,es,yaml__false,8,0.160733,20015.6,11.767,17.8393,8.03039e-06
NER,27B,es,yaml__false,9,0.248384,32980,11.9971,17.6931,7.53137e-06
NER,27B,fr,dst__false,1,0.706986,50994.7,4.32893,5.73619,1.38639e-05
NER,27B,fr,dst__false,2,0.70685,51064.6,4.32787,5.74082,1.38423e-05
NER,27B,fr,dst__false,3,0.706636,51068.9,4.34001,5.75035,1.38369e-05
NER,27B,fr,dst__false,4,0.70701,51186.1,4.34443,5.75706,1.38125e-05
NER,27B,fr,dst__false,5,0.706023,50848.8,4.32057,5.73009,1.38847e-05
NER,27B,fr,dst__false,6,0.717742,73945.3,6.07354,8.06647,9.70639e-06
NER,27B,fr,dst__false,7,0.712064,55869.8,4.67022,6.19468,1.2745e-05
NER,27B,fr,dst__false,8,0.720669,68676.9,5.61315,7.44384,1.04936e-05
NER,27B,fr,dst__false,9,0.656634,76032.8,7.1594,9.65374,8.63619e-06
NER,27B,fr,json__false,1,0.687076,94246.2,7.95461,10.8792,7.29023e-06
NER,27B,fr,json__false,2,0.715022,101109,7.88313,10.7965,7.07179e-06
NER,27B,fr,json__false,3,0.652294,83294.7,6.7065,9.90307,7.83115e-06
NER,27B,fr,json__false,4,0.680828,92108.8,7.64198,10.6435,7.39156e-06
NER,27B,fr,json__false,5,0.688083,87207.4,7.30442,10.0158,7.89019e-06
NER,27B,fr,json__false,6,0.689441,96735.7,8.05393,11.0568,7.12705e-06
NER,27B,fr,json__false,7,0.678119,87648.4,7.19196,10.1152,7.73681e-06
NER,27B,fr,json__false,8,0.698714,68685.1,5.38327,7.52466,1.01727e-05
NER,27B,fr,json__false,9,0.694092,107576,8.72827,12.0641,6.45211e-06
NER,27B,fr,json__json_xgrammar,1,0.693225,163215,13.734,18.6467,4.24731e-06
NER,27B,fr,json__json_xgrammar,2,0.703451,126027,10.2661,13.9719,5.58175e-06
NER,27B,fr,json__json_xgrammar,3,0.673964,75789,5.81516,8.51849,8.89264e-06
NER,27B,fr,json__json_xgrammar,4,0.681467,96220.6,7.93506,11.0764,7.08234e-06
NER,27B,fr,json__json_xgrammar,5,0.684219,88334.7,7.47775,10.2536,7.74576e-06
NER,27B,fr,json__json_xgrammar,6,0.697633,93587.3,7.6529,10.4813,7.45435e-06
NER,27B,fr,json__json_xgrammar,7,0.672474,73569.3,6.07208,8.58552,9.14068e-06
NER,27B,fr,json__json_xgrammar,8,0.671413,146366,11.4725,16.6875,4.5872e-06
NER,27B,fr,json__json_xgrammar,9,0.704612,78388.9,6.23967,8.58023,8.98867e-06
NER,27B,fr,yaml__false,1,0.667246,60485.8,5.0565,7.15724,1.10314e-05
NER,27B,fr,yaml__false,2,0.669055,74373.5,6.18182,8.75291,8.99588e-06
NER,27B,fr,yaml__false,3,0.683935,75176.8,6.05288,8.52441,9.09769e-06
NER,27B,fr,yaml__false,4,0.66743,63595,5.3182,7.52425,1.0495e-05
NER,27B,fr,yaml__false,5,0.662154,72260.8,6.15352,8.69146,9.16339e-06
NER,27B,fr,yaml__false,6,0.675186,63530.3,5.23271,7.37695,1.06278e-05
NER,27B,fr,yaml__false,7,0.680859,63217.9,5.07123,7.18794,1.077e-05
NER,27B,fr,yaml__false,8,0.669184,74068.4,6.14369,8.70676,9.03468e-06
NER,27B,fr,yaml__false,9,0.635953,73390.5,6.19173,9.15094,8.66532e-06
NER,27B,hi,dst__false,1,0.666408,4381.97,3.23871,5.09531,0.00015208
NER,27B,hi,dst__false,2,0.667183,3186.25,2.35495,3.70064,0.000209394
NER,27B,hi,dst__false,3,0.667183,3058.3,2.26039,3.55203,0.000218155
NER,27B,hi,dst__false,4,0.667183,3111.02,2.29935,3.61326,0.000214458
NER,27B,hi,dst__false,5,0.667183,3162.3,2.33725,3.67282,0.00021098
NER,27B,hi,dst__false,6,0.667183,3046.94,2.25199,3.53884,0.000218968
NER,27B,hi,dst__false,7,0.666408,3017.46,2.23516,3.51276,0.000220851
NER,27B,hi,dst__false,8,0.667183,2924.29,2.16134,3.39639,0.000228152
NER,27B,hi,dst__false,9,0.540036,6850.24,6.71592,11.2854,7.88345e-05
NER,27B,hi,json__false,1,0.661753,9241.13,6.84528,10.8337,7.16096e-05
NER,27B,hi,json__false,2,0.659501,9856.62,7.15804,11.4745,6.69094e-05
NER,27B,hi,json__false,3,0.623086,7904.4,5.45507,9.47769,7.88277e-05
NER,27B,hi,json__false,4,0.63138,8451.33,5.96424,10.1214,7.47077e-05
NER,27B,hi,json__false,5,0.649461,8485.87,6.20312,10.0663,7.65344e-05
NER,27B,hi,json__false,6,0.66173,8908.95,6.65841,10.4935,7.4277e-05
NER,27B,hi,json__false,7,0.661999,8828.55,6.57375,10.3743,7.49839e-05
NER,27B,hi,json__false,8,0.657825,7562.04,5.35935,8.71202,8.69905e-05
NER,27B,hi,json__false,9,0.665348,10194.4,7.84182,12.1217,6.52663e-05
NER,27B,hi,json__json_xgrammar,1,0.667448,7056.03,5.3013,8.26233,9.45927e-05
NER,27B,hi,json__json_xgrammar,2,0.658977,7841.55,5.71125,9.15,8.40366e-05
NER,27B,hi,json__json_xgrammar,3,0.624813,5208.82,3.59725,6.23065,0.000119953
NER,27B,hi,json__json_xgrammar,4,0.63138,8211.97,5.79532,9.8347,7.68853e-05
NER,27B,hi,json__json_xgrammar,5,0.649461,8530.97,6.23609,10.1198,7.61298e-05
NER,27B,hi,json__json_xgrammar,6,0.661221,8797.82,6.55087,10.3504,7.51574e-05
NER,27B,hi,json__json_xgrammar,7,0.667187,5661.21,4.2406,6.62129,0.000117852
NER,27B,hi,json__json_xgrammar,8,0.637471,16034.4,11.4695,19.157,3.97565e-05
NER,27B,hi,json__json_xgrammar,9,0.675439,6251.64,4.8841,7.38093,0.000108042
NER,27B,hi,yaml__false,1,0.654854,8115.36,5.93228,9.54749,8.06931e-05
NER,27B,hi,yaml__false,2,0.654826,6210.85,4.56009,7.32411,0.000105433
NER,27B,hi,yaml__false,3,0.656383,2571.01,1.88352,3.02116,0.000255301
NER,27B,hi,yaml__false,4,0.653282,7159.6,5.25669,8.46289,9.12455e-05
NER,27B,hi,yaml__false,5,0.655093,9332.79,6.84222,10.9927,7.01926e-05
NER,27B,hi,yaml__false,6,0.656371,9815.06,7.20636,11.5471,6.68738e-05
NER,27B,hi,yaml__false,7,0.656117,8856.59,6.49786,10.4195,7.40824e-05
NER,27B,hi,yaml__false,8,0.653045,8235.47,6.0289,9.72311,7.92967e-05
NER,27B,hi,yaml__false,9,0.625197,8194.81,6.24604,10.3209,7.62918e-05
NER,27B,ja,dst__false,1,0.156449,71467.5,30.594,56.009,2.1891e-06
NER,27B,ja,dst__false,2,0.154892,72888.8,31.0826,57.6652,2.12505e-06
NER,27B,ja,dst__false,3,0.156555,72011.2,30.9726,56.4351,2.17403e-06
NER,27B,ja,dst__false,4,0.157772,73123,30.9319,56.7284,2.15763e-06
NER,27B,ja,dst__false,5,0.157634,72776,30.929,56.547,2.16601e-06
NER,27B,ja,dst__false,6,0.156045,72327.9,31.0821,56.8616,2.15746e-06
NER,27B,ja,dst__false,7,0.157427,73235.1,31.1771,56.9923,2.14962e-06
NER,27B,ja,dst__false,8,0.155442,72259.2,31.2404,57.0767,2.15118e-06
NER,27B,ja,dst__false,9,0.176192,101095,28.2942,65.3915,1.74284e-06
NER,27B,ja,json__false,1,0.139285,124691,47.5376,107.864,1.11704e-06
NER,27B,ja,json__false,2,0.107446,126747,62.3753,147.38,8.47726e-07
NER,27B,ja,json__false,3,0.301101,120847,15.0871,36.5098,2.49158e-06
NER,27B,ja,json__false,4,0.302298,119794,19.5423,39.419,2.52347e-06
NER,27B,ja,json__false,5,0.256984,119372,26.995,50.4958,2.1528e-06
NER,27B,ja,json__false,6,0.241657,120026,29.1044,54.8818,2.01337e-06
NER,27B,ja,json__false,7,0.342654,125008,15.2486,32.9055,2.74105e-06
NER,27B,ja,json__false,8,0.2009,133126,37.1341,75.4681,1.5091e-06
NER,27B,ja,json__false,9,0.407304,131983,14.7138,28.2437,3.08604e-06
NER,27B,ja,json__json_xgrammar,1,0.0944862,99251.7,53.4473,132.689,9.51986e-07
NER,27B,ja,json__json_xgrammar,2,0.105843,114611,57.0205,135.474,9.23492e-07
NER,27B,ja,json__json_xgrammar,3,0.244065,90741.5,14.9344,37.0828,2.68968e-06
NER,27B,ja,json__json_xgrammar,4,0.301742,120570,19.7203,39.7789,2.50263e-06
NER,27B,ja,json__json_xgrammar,5,0.252961,119378,27.4874,51.5226,2.119e-06
NER,27B,ja,json__json_xgrammar,6,0.236262,124387,30.9344,58.5077,1.8994e-06
NER,27B,ja,json__json_xgrammar,7,0.271178,88534.5,14.9678,32.827,3.06296e-06
NER,27B,ja,json__json_xgrammar,8,0.16419,187323,56.4056,131.918,8.76509e-07
NER,27B,ja,json__json_xgrammar,9,0.383652,92548.2,11.9386,22.2045,4.14543e-06
NER,27B,ja,yaml__false,1,0.189007,96605.2,31.4572,59.966,1.95649e-06
NER,27B,ja,yaml__false,2,0.19159,74430,23.1365,45.1912,2.57409e-06
NER,27B,ja,yaml__false,3,0.19356,113490,34.8236,68.0396,1.70552e-06
NER,27B,ja,yaml__false,4,0.188865,87587.2,28.2084,54.3008,2.15631e-06
NER,27B,ja,yaml__false,5,0.192585,71687.8,22.1806,43.2636,2.68644e-06
NER,27B,ja,yaml__false,6,0.193013,94269.9,28.9527,56.6866,2.04745e-06
NER,27B,ja,yaml__false,7,0.190537,94567.7,29.2961,57.6984,2.01482e-06
NER,27B,ja,yaml__false,8,0.182887,89737.1,29.5188,57.6717,2.03803e-06
NER,27B,ja,yaml__false,9,0.329609,148701,19.1353,41.4902,2.21659e-06
NER,27B,ko,dst__false,1,0.52297,50888.2,4.87668,7.82895,1.02769e-05
NER,27B,ko,dst__false,2,0.522691,60650.2,5.81331,9.33655,8.61811e-06
NER,27B,ko,dst__false,3,0.521561,74280.5,7.13276,11.4684,7.0215e-06
NER,27B,ko,dst__false,4,0.524121,55861.2,5.33434,8.56242,9.38256e-06
NER,27B,ko,dst__false,5,0.521701,66308.4,6.38071,10.2438,7.86779e-06
NER,27B,ko,dst__false,6,0.530473,63767.8,5.96072,9.57044,8.31881e-06
NER,27B,ko,dst__false,7,0.530364,79186.5,7.35182,11.8525,6.69766e-06
NER,27B,ko,dst__false,8,0.21954,32040,9.94105,16.541,6.85205e-06
NER,27B,ko,dst__false,9,0.111111,53091.4,32.5116,59.5195,2.09283e-06
NER,27B,ko,json__false,1,0.0870677,21669.5,17.7618,31.8201,4.01799e-06
NER,27B,ko,json__false,2,0.0829694,67159.1,58.4501,103.962,1.23542e-06
NER,27B,ko,json__false,3,0.0802714,74933.1,62.4963,119.511,1.07124e-06
NER,27B,ko,json__false,4,0.124253,34429.2,18.938,34.1221,3.60895e-06
NER,27B,ko,json__false,5,0.103839,66628.7,45.4184,80.7621,1.55847e-06
NER,27B,ko,json__false,6,0.0784213,16154.8,14.9167,26.5705,4.85435e-06
NER,27B,ko,json__false,7,0.0839098,51055.1,42.9395,77.9468,1.64351e-06
NER,27B,ko,json__false,8,0.520977,111603,9.61676,16.4605,4.66815e-06
NER,27B,ko,json__false,9,0.444654,109161,10.9997,20.1664,4.07339e-06
NER,27B,ko,json__json_xgrammar,1,0.46984,81618.2,8.45872,14.4329,5.75657e-06
NER,27B,ko,json__json_xgrammar,2,0.485457,92721.2,8.77045,15.2829,5.23567e-06
NER,27B,ko,json__json_xgrammar,3,0.457455,62072.3,5.92293,10.8975,7.36972e-06
NER,27B,ko,json__json_xgrammar,4,0.479567,131649,11.8603,21.5113,3.64277e-06
NER,27B,ko,json__json_xgrammar,5,0.474915,85342,7.83601,14.1976,5.56484e-06
NER,27B,ko,json__json_xgrammar,6,0.480802,83838.4,8.0436,14.0362,5.73486e-06
NER,27B,ko,json__json_xgrammar,7,0.446074,193498,19.6425,35.7403,2.30532e-06
NER,27B,ko,json__json_xgrammar,8,0.479771,110112,9.9334,17.9951,4.35713e-06
NER,27B,ko,json__json_xgrammar,9,0.438896,161879,16.5081,30.4455,2.71126e-06
NER,27B,ko,yaml__false,1,0.465859,64880.7,6.03429,11.0642,7.18024e-06
NER,27B,ko,yaml__false,2,0.466143,65375.3,6.05271,11.1201,7.13027e-06
NER,27B,ko,yaml__false,3,0.468498,66002.4,6.08597,11.1509,7.09819e-06
NER,27B,ko,yaml__false,4,0.464429,65533.6,6.09501,11.21,7.08689e-06
NER,27B,ko,yaml__false,5,0.465386,65233.9,6.08184,11.1473,7.13412e-06
NER,27B,ko,yaml__false,6,0.464667,65091.8,6.05392,11.1287,7.13865e-06
NER,27B,ko,yaml__false,7,0.466146,65034,6.02837,11.0677,7.16772e-06
NER,27B,ko,yaml__false,8,0.464996,64671.7,6.0345,11.0645,7.1901e-06
NER,27B,ko,yaml__false,9,0.40434,83260.7,8.32441,16.8612,4.85631e-06
NER,27B,ru,dst__false,1,0.48847,56677.9,4.44253,9.30671,8.61836e-06
NER,27B,ru,dst__false,2,0.490216,54466.2,4.23367,8.87361,9.00038e-06
NER,27B,ru,dst__false,3,0.483663,57615.2,4.56792,9.61055,8.3947e-06
NER,27B,ru,dst__false,4,0.490126,50768.7,3.89301,8.215,9.6541e-06
NER,27B,ru,dst__false,5,0.485479,77813.8,6.1184,12.8767,6.23898e-06
NER,27B,ru,dst__false,6,0.493193,51842.8,3.98239,8.34424,9.51324e-06
NER,27B,ru,dst__false,7,0.492466,50612.3,3.88042,8.15013,9.73017e-06
NER,27B,ru,dst__false,8,0.49085,69578.3,5.39116,11.3025,7.05465e-06
NER,27B,ru,dst__false,9,0.568788,85134.8,9.65795,14.2604,6.68103e-06
NER,27B,ru,json__false,1,0.449888,94360,8.53859,18.0593,4.76778e-06
NER,27B,ru,json__false,2,0.386427,98265.7,8.31914,21.2008,3.93247e-06
NER,27B,ru,json__false,3,0.403432,196355,13.8649,36.9575,2.05461e-06
NER,27B,ru,json__false,4,0.424704,89310.4,6.47458,16.1941,4.75538e-06
NER,27B,ru,json__false,5,0.434653,216553,16.2981,39.1313,2.00714e-06
NER,27B,ru,json__false,6,0.427485,155082,12.1186,29.0524,2.75651e-06
NER,27B,ru,json__false,7,0.421839,91197.3,6.55012,16.5663,4.62557e-06
NER,27B,ru,json__false,8,0.4487,67857,4.86989,11.5836,6.61243e-06
NER,27B,ru,json__false,9,0.531184,102713,8.01192,15.4711,5.17154e-06
NER,27B,ru,json__json_xgrammar,1,0,8131.98,,,
NER,27B,ru,json__json_xgrammar,2,0.403051,122767,9.94787,24.8465,3.28306e-06
NER,27B,ru,json__json_xgrammar,3,0.420147,97191.3,6.57365,17.1595,4.32288e-06
NER,27B,ru,json__json_xgrammar,4,0.422162,102742,7.48687,18.7932,4.10894e-06
NER,27B,ru,json__json_xgrammar,5,0.432987,91426,6.95043,16.6714,4.73593e-06
NER,27B,ru,json__json_xgrammar,6,0.428395,96140.3,7.47011,17.9199,4.45593e-06
NER,27B,ru,json__json_xgrammar,7,0.438402,68584.2,4.87034,11.9152,6.39218e-06
NER,27B,ru,json__json_xgrammar,8,0.416829,157661,11.2873,28.9338,2.64384e-06
NER,27B,ru,json__json_xgrammar,9,0.568372,67724.6,5.0749,9.33746,8.39241e-06
NER,27B,ru,yaml__false,1,0.457879,60885.7,4.45169,10.2865,7.5203e-06
NER,27B,ru,yaml__false,2,0.458464,226091,16.5126,38.1266,2.02779e-06
NER,27B,ru,yaml__false,3,0.457447,196991,14.5445,33.4848,2.32217e-06
NER,27B,ru,yaml__false,4,0.164899,29113.5,10.0012,23.4031,5.66401e-06
NER,27B,ru,yaml__false,5,0.174317,144397,46.6701,108.488,1.20721e-06
NER,27B,ru,yaml__false,6,0.240042,190286,39.4784,93.2773,1.26148e-06
NER,27B,ru,yaml__false,7,0.176742,63685.9,19.9642,46.8969,2.77522e-06
NER,27B,ru,yaml__false,8,0.174598,33264.5,10.4474,24.8058,5.24878e-06
NER,27B,ru,yaml__false,9,0.205596,78155,25.6498,49.9393,2.63062e-06
NER,27B,zh,dst__false,1,0.572061,57374.2,4.33635,7.78589,9.9707e-06
NER,27B,zh,dst__false,2,0.576535,152820,11.379,20.4195,3.77265e-06
NER,27B,zh,dst__false,3,0.55636,54582.7,4.32852,7.80422,1.0193e-05
NER,27B,zh,dst__false,4,0.576568,21167.5,1.58286,2.83443,2.72383e-05
NER,27B,zh,dst__false,5,0.577642,62172.2,4.655,8.31512,9.29101e-06
NER,27B,zh,dst__false,6,0.574968,130938,9.78679,17.5779,4.39116e-06
NER,27B,zh,dst__false,7,0.567795,79717.8,6.08347,10.9533,7.12257e-06
NER,27B,zh,dst__false,8,0.572316,119260,9.01435,16.1774,4.7989e-06
NER,27B,zh,dst__false,9,0.329757,196823,20.7926,54.266,1.6754e-06
NER,27B,zh,json__false,1,0.559788,105267,7.80627,14.4558,5.31777e-06
NER,27B,zh,json__false,2,0.573671,94823.3,7.04744,12.7211,6.0499e-06
NER,27B,zh,json__false,3,0.538932,87962.3,6.14691,12.1613,6.12684e-06
NER,27B,zh,json__false,4,0.562142,85348.3,6.3235,11.666,6.58645e-06
NER,27B,zh,json__false,5,0.565695,88336.6,6.80559,12.2418,6.40386e-06
NER,27B,zh,json__false,6,0.578791,98473.3,7.33288,13.1071,5.87765e-06
NER,27B,zh,json__false,7,0.522528,82261.9,6.57885,12.5764,6.352e-06
NER,27B,zh,json__false,8,0.582119,127207,8.60552,16.0009,4.57616e-06
NER,27B,zh,json__false,9,0.513094,96075.7,7.84227,15.111,5.34051e-06
NER,27B,zh,json__json_xgrammar,1,0.542109,76804.2,6.05329,11.2353,7.05833e-06
NER,27B,zh,json__json_xgrammar,2,0.573141,72121.7,5.41373,9.73434,7.94686e-06
NER,27B,zh,json__json_xgrammar,3,0.53212,59823.6,4.21887,8.41757,8.89482e-06
NER,27B,zh,json__json_xgrammar,4,0.571741,79378.7,5.67518,10.4707,7.2027e-06
NER,27B,zh,json__json_xgrammar,5,0.572014,83545.6,6.26373,11.2915,6.84672e-06
NER,27B,zh,json__json_xgrammar,6,0.577509,78549.9,5.85887,10.4873,7.35212e-06
NER,27B,zh,json__json_xgrammar,7,0.525366,63716.5,4.8303,9.4297,8.24538e-06
NER,27B,zh,json__json_xgrammar,8,0.545673,175401,12.4566,24.1566,3.111e-06
NER,27B,zh,json__json_xgrammar,9,0.524639,74735.9,5.79573,11.2048,7.01991e-06
NER,27B,zh,yaml__false,1,0.547084,65112.5,4.68099,9.00214,8.40214e-06
NER,27B,zh,yaml__false,2,0.544237,65250.7,4.69261,9.07016,8.34071e-06
NER,27B,zh,yaml__false,3,0.544808,65388.4,4.70319,9.08047,8.33187e-06
NER,27B,zh,yaml__false,4,0.546712,65375.6,4.69382,9.03851,8.36264e-06
NER,27B,zh,yaml__false,5,0.546704,65381.1,4.68917,9.03428,8.36181e-06
NER,27B,zh,yaml__false,6,0.544629,65604.6,4.72452,9.11935,8.30168e-06
NER,27B,zh,yaml__false,7,0.544325,65340.4,4.71295,9.09526,8.33061e-06
NER,27B,zh,yaml__false,8,0.544924,65166.3,4.70277,9.06346,8.36206e-06
NER,27B,zh,yaml__false,9,0.460283,84406.5,6.83786,14.7435,5.45317e-06
NER,4B,ar,dst__false,1,0.072988,13469.4,3.18953,23.8396,5.4188e-06
NER,4B,ar,dst__false,2,0.0730511,12172.6,2.87294,21.5064,6.00126e-06
NER,4B,ar,dst__false,3,0.0729362,11982.7,2.83011,21.2083,6.0868e-06
NER,4B,ar,dst__false,4,0.073037,11802.1,2.78351,20.8517,6.18848e-06
NER,4B,ar,dst__false,5,0.0725161,11953.6,2.81858,21.2697,6.06648e-06
NER,4B,ar,dst__false,6,0.0729079,12190.9,2.8752,21.5767,5.98054e-06
NER,4B,ar,dst__false,7,0.0731172,11952.6,2.83035,21.1176,6.11727e-06
NER,4B,ar,dst__false,8,0.0729691,12051.1,2.85098,21.3294,6.05498e-06
NER,4B,ar,dst__false,9,0.0578424,23651.8,4.1869,48.3677,2.44558e-06
NER,4B,ar,json__false,1,0.0617727,22464.1,4.58731,45.0182,2.74985e-06
NER,4B,ar,json__false,2,0.0632314,21326.5,5.06808,43.6124,2.96492e-06
NER,4B,ar,json__false,3,0.0680509,18469.3,3.41707,32.5737,3.68454e-06
NER,4B,ar,json__false,4,0.0743354,18240,3.52124,29.8527,4.07541e-06
NER,4B,ar,json__false,5,0.0647575,18613.7,4.38485,37.0791,3.47902e-06
NER,4B,ar,json__false,6,0.069209,21232.8,4.91841,39.3929,3.25953e-06
NER,4B,ar,json__false,7,0.0660787,20882.1,5.30676,41.5978,3.16437e-06
NER,4B,ar,json__false,8,0.0658818,40585.2,7.30081,73.2585,1.6233e-06
NER,4B,ar,json__false,9,0.0610909,25818.9,6.67846,55.8851,2.36613e-06
NER,4B,ar,json__json_xgrammar,1,0.0648338,22356.9,3.85464,40.4285,2.89994e-06
NER,4B,ar,json__json_xgrammar,2,0.0633262,29190.3,6.87153,59.4506,2.16943e-06
NER,4B,ar,json__json_xgrammar,3,0.0642874,21744.3,3.83836,39.9712,2.95651e-06
NER,4B,ar,json__json_xgrammar,4,0.0639044,29372.8,7.09659,59.7008,2.17563e-06
NER,4B,ar,json__json_xgrammar,5,0.0622694,35463.2,8.46378,73.7282,1.75589e-06
NER,4B,ar,json__json_xgrammar,6,0.0624381,33657.8,8.64795,71.1582,1.85509e-06
NER,4B,ar,json__json_xgrammar,7,0.0572576,20725.6,4.95827,46.8904,2.76266e-06
NER,4B,ar,json__json_xgrammar,8,0.063696,30635.6,9.0826,65.7416,2.07915e-06
NER,4B,ar,json__json_xgrammar,9,0.0634586,22427.4,4.62803,43.8893,2.8295e-06
NER,4B,ar,yaml__false,1,0.0576595,27545,9.8763,68.0123,2.09328e-06
NER,4B,ar,yaml__false,2,0.0702776,30762.2,8.76166,59.272,2.28454e-06
NER,4B,ar,yaml__false,3,0.0703436,27689.1,7.79096,53.146,2.54048e-06
NER,4B,ar,yaml__false,4,0.0719677,33671.1,9.40272,63.0546,2.13737e-06
NER,4B,ar,yaml__false,5,0.0736927,15127.9,4.09415,27.4553,4.87131e-06
NER,4B,ar,yaml__false,6,0.0696551,34346.1,9.97854,67.0823,2.02803e-06
NER,4B,ar,yaml__false,7,0.0716313,31029.1,8.76777,58.5455,2.30852e-06
NER,4B,ar,yaml__false,8,0.0728273,33595.7,9.19675,61.8706,2.16775e-06
NER,4B,ar,yaml__false,9,0.0400643,88214.2,17.948,272.266,4.54171e-07
NER,4B,de,dst__false,1,0.723794,16459.7,1.33105,1.7337,4.39736e-05
NER,4B,de,dst__false,2,0.723586,16630.2,1.34462,1.75202,4.35103e-05
NER,4B,de,dst__false,3,0.723419,19581.7,1.5839,2.06384,3.69436e-05
NER,4B,de,dst__false,4,0.723849,15019.7,1.21479,1.58202,4.81934e-05
NER,4B,de,dst__false,5,0.72373,23347.5,1.88895,2.45996,3.09982e-05
NER,4B,de,dst__false,6,0.723808,17901.2,1.44703,1.88513,4.04335e-05
NER,4B,de,dst__false,7,0.723425,23457.8,1.89788,2.47263,3.08394e-05
NER,4B,de,dst__false,8,0.723412,27916.7,2.25753,2.942,2.59133e-05
NER,4B,de,dst__false,9,0.460648,44716.2,4.25788,7.96655,1.03016e-05
NER,4B,de,json__false,1,0.659388,21735.6,1.65277,2.44001,3.03368e-05
NER,4B,de,json__false,2,0.582815,27601,2.26201,3.63315,2.11157e-05
NER,4B,de,json__false,3,0.646776,23511.6,1.67724,2.60718,2.75088e-05
NER,4B,de,json__false,4,0.653028,23567.9,1.6496,2.56368,2.77084e-05
NER,4B,de,json__false,5,0.658642,32505.4,2.42904,3.62218,2.02625e-05
NER,4B,de,json__false,6,0.699415,37807.4,2.91656,4.02935,1.84994e-05
NER,4B,de,json__false,7,0.64972,32352.6,2.58243,3.7729,2.00824e-05
NER,4B,de,json__false,8,0.5632,43594.4,4.21895,6.39683,1.29191e-05
NER,4B,de,json__false,9,0.579385,28886,1.93905,3.46645,2.00577e-05
NER,4B,de,json__json_xgrammar,1,0.665283,19182.1,1.36169,2.06282,3.46824e-05
NER,4B,de,json__json_xgrammar,2,0.587155,25019.6,2.09703,3.30336,2.34677e-05
NER,4B,de,json__json_xgrammar,3,0.637577,18152.5,1.19315,1.95799,3.51233e-05
NER,4B,de,json__json_xgrammar,4,0.621105,36694.7,2.88844,4.44677,1.69263e-05
NER,4B,de,json__json_xgrammar,5,0.624405,36272.8,3.08285,4.5324,1.72142e-05
NER,4B,de,json__json_xgrammar,6,0.628797,42313,3.94527,5.47245,1.48606e-05
NER,4B,de,json__json_xgrammar,7,0.591024,26776.5,2.20238,3.48154,2.20725e-05
NER,4B,de,json__json_xgrammar,8,0.62306,30507.3,2.70791,3.89621,2.04233e-05
NER,4B,de,json__json_xgrammar,9,0.569425,33591,2.22693,4.0751,1.69517e-05
NER,4B,de,yaml__false,1,0.696412,16960.4,1.26921,1.7887,4.1061e-05
NER,4B,de,yaml__false,2,0.697428,16854.2,1.2623,1.77562,4.13802e-05
NER,4B,de,yaml__false,3,0.697651,17096.6,1.27854,1.79926,4.08064e-05
NER,4B,de,yaml__false,4,0.698725,16758,1.255,1.76214,4.16951e-05
NER,4B,de,yaml__false,5,0.69817,12957.7,0.970908,1.36397,5.38806e-05
NER,4B,de,yaml__false,6,0.697393,15045.9,1.12602,1.58462,4.63509e-05
NER,4B,de,yaml__false,7,0.69624,17219.7,1.28851,1.81642,4.04328e-05
NER,4B,de,yaml__false,8,0.698861,20096.2,1.50624,2.11361,3.47757e-05
NER,4B,de,yaml__false,9,0.3019,36928.1,4.51499,11.0962,8.17536e-06
NER,4B,en,dst__false,1,0.585829,42864.1,3.40488,5.51235,1.36671e-05
NER,4B,en,dst__false,2,0.584713,30853.2,2.45627,3.97952,1.89515e-05
NER,4B,en,dst__false,3,0.586837,20315.3,1.60824,2.60386,2.88865e-05
NER,4B,en,dst__false,4,0.58162,41741.1,3.35243,5.43504,1.3934e-05
NER,4B,en,dst__false,5,0.579342,41664.4,3.37993,5.47207,1.3905e-05
NER,4B,en,dst__false,6,0.57662,41499.1,3.40603,5.50605,1.38948e-05
NER,4B,en,dst__false,7,0.581483,42803.4,3.45607,5.58864,1.3585e-05
NER,4B,en,dst__false,8,0.586721,35379.5,2.80567,4.53932,1.65836e-05
NER,4B,en,dst__false,9,0.430021,21450.6,1.93632,3.98487,2.00471e-05
NER,4B,en,json__false,1,0.544997,21953.1,1.54241,2.85774,2.48255e-05
NER,4B,en,json__false,2,0.508632,24575.7,2.06936,3.7406,2.06965e-05
NER,4B,en,json__false,3,0.545574,39731.3,2.67119,5.05166,1.37316e-05
NER,4B,en,json__false,4,0.516998,21940.8,1.7697,3.22043,2.35633e-05
NER,4B,en,json__false,5,0.529175,19335.7,1.41643,2.64691,2.73678e-05
NER,4B,en,json__false,6,0.525835,19591.3,1.67935,2.90802,2.68402e-05
NER,4B,en,json__false,7,0.540139,26297.7,1.98698,3.58084,2.05394e-05
NER,4B,en,json__false,8,0.494034,41753.6,3.52232,6.54856,1.18321e-05
NER,4B,en,json__false,9,0.521078,26058.3,1.78739,3.50482,1.99966e-05
NER,4B,en,json__json_xgrammar,1,0.5374,19196.9,1.31504,2.50188,2.79941e-05
NER,4B,en,json__json_xgrammar,2,0.504967,25386.7,2.1496,3.90205,1.9891e-05
NER,4B,en,json__json_xgrammar,3,0.526631,20276.1,1.34225,2.64943,2.5973e-05
NER,4B,en,json__json_xgrammar,4,0.550211,23118.4,1.68073,3.03232,2.37997e-05
NER,4B,en,json__json_xgrammar,5,0.503935,26364.6,2.22768,4.05671,1.91141e-05
NER,4B,en,json__json_xgrammar,6,0.531111,25587.4,2.16165,3.73539,2.07567e-05
NER,4B,en,json__json_xgrammar,7,0.509435,26615.6,2.02031,3.85119,1.91405e-05
NER,4B,en,json__json_xgrammar,8,0.506012,22301.1,2.02848,3.53257,2.269e-05
NER,4B,en,json__json_xgrammar,9,0.510946,38517.5,2.52889,5.16528,1.32653e-05
NER,4B,en,yaml__false,1,0.555107,17211.8,1.29432,2.27519,3.22515e-05
NER,4B,en,yaml__false,2,0.555702,13270.2,0.995517,1.75023,4.18758e-05
NER,4B,en,yaml__false,3,0.554738,36546.9,2.73862,4.82594,1.51788e-05
NER,4B,en,yaml__false,4,0.555861,31101.7,2.32954,4.09773,1.78723e-05
NER,4B,en,yaml__false,5,0.553744,30436.3,2.28347,4.02863,1.81935e-05
NER,4B,en,yaml__false,6,0.553973,18190.3,1.36145,2.4039,3.04544e-05
NER,4B,en,yaml__false,7,0.554391,21376.8,1.60414,2.8265,2.59342e-05
NER,4B,en,yaml__false,8,0.554296,16818,1.26366,2.22549,3.29585e-05
NER,4B,en,yaml__false,9,0.273195,47093.1,4.65347,14.3184,5.80118e-06
NER,4B,es,dst__false,1,0.710833,12217.7,1.04069,1.43232,5.81808e-05
NER,4B,es,dst__false,2,0.714945,11692.9,0.990167,1.359,6.11436e-05
NER,4B,es,dst__false,3,0.712372,11607.2,0.985497,1.35566,6.13734e-05
NER,4B,es,dst__false,4,0.71153,11518.1,0.984956,1.35157,6.17751e-05
NER,4B,es,dst__false,5,0.710773,11541.4,0.986695,1.35558,6.15848e-05
NER,4B,es,dst__false,6,0.711664,11416.3,0.974754,1.33837,6.23374e-05
NER,4B,es,dst__false,7,0.71079,11297.7,0.966604,1.32742,6.29148e-05
NER,4B,es,dst__false,8,0.709656,11551.6,0.988666,1.35965,6.14337e-05
NER,4B,es,dst__false,9,0.405053,22388.9,2.22487,4.95219,1.80917e-05
NER,4B,es,json__false,1,0.645101,21272.5,1.74037,2.69375,3.03255e-05
NER,4B,es,json__false,2,0.621944,22282.6,2.06876,3.11123,2.79116e-05
NER,4B,es,json__false,3,0.648263,21488.5,1.65909,2.62953,3.01679e-05
NER,4B,es,json__false,4,0.681844,22138.6,1.76911,2.62119,3.07989e-05
NER,4B,es,json__false,5,0.676223,19923.4,1.68714,2.44819,3.39412e-05
NER,4B,es,json__false,6,0.668623,21395.9,1.96167,2.76255,3.125e-05
NER,4B,es,json__false,7,0.65713,19496.2,1.62509,2.4462,3.37055e-05
NER,4B,es,json__false,8,0.608427,37489,3.38685,5.28237,1.62295e-05
NER,4B,es,json__false,9,0.593744,23191.3,1.83432,3.13693,2.5602e-05
NER,4B,es,json__json_xgrammar,1,0.640082,16371.5,1.23858,2.00779,3.90973e-05
NER,4B,es,json__json_xgrammar,2,0.679488,22608.4,1.79517,2.67745,3.00547e-05
NER,4B,es,json__json_xgrammar,3,0.620274,15710.5,1.15467,1.95842,3.94815e-05
NER,4B,es,json__json_xgrammar,4,0.656962,24634.7,2.1279,3.14619,2.66682e-05
NER,4B,es,json__json_xgrammar,5,0.629921,25676.9,2.45172,3.58616,2.45326e-05
NER,4B,es,json__json_xgrammar,6,0.674209,22930.2,2.02188,2.88212,2.94027e-05
NER,4B,es,json__json_xgrammar,7,0.588335,17444.5,1.53479,2.50999,3.37262e-05
NER,4B,es,json__json_xgrammar,8,0.608205,20313.3,1.94703,2.94354,2.99412e-05
NER,4B,es,json__json_xgrammar,9,0.594889,18140.1,1.34511,2.36878,3.27941e-05
NER,4B,es,yaml__false,1,0.668883,21547.6,1.87338,2.71141,3.10421e-05
NER,4B,es,yaml__false,2,0.678033,16087.7,1.3715,1.97807,4.21461e-05
NER,4B,es,yaml__false,3,0.666667,17627.7,1.53565,2.22769,3.78192e-05
NER,4B,es,yaml__false,4,0.671626,28159.9,2.44168,3.52439,2.38505e-05
NER,4B,es,yaml__false,5,0.671136,18722.4,1.61303,2.33767,3.58466e-05
NER,4B,es,yaml__false,6,0.675914,20694.3,1.77253,2.55833,3.26618e-05
NER,4B,es,yaml__false,7,0.203971,7915.23,3.69181,5.38818,2.57694e-05
NER,4B,es,yaml__false,8,0.192194,11036.5,5.55713,8.0617,1.74145e-05
NER,4B,es,yaml__false,9,0.121436,25841.7,9.77003,28.5544,4.69921e-06
NER,4B,fr,dst__false,1,0.686582,17664.8,1.61558,2.11732,3.88673e-05
NER,4B,fr,dst__false,2,0.699088,15581.5,1.37816,1.80655,4.48666e-05
NER,4B,fr,dst__false,3,0.710441,19397,1.6667,2.18361,3.66263e-05
NER,4B,fr,dst__false,4,0.700393,19584,1.72698,2.26326,3.57636e-05
NER,4B,fr,dst__false,5,0.69883,17989,1.59831,2.09077,3.88477e-05
NER,4B,fr,dst__false,6,0.710567,17970.6,1.5436,2.02235,3.95404e-05
NER,4B,fr,dst__false,7,0.700566,22612.8,1.99214,2.61147,3.0981e-05
NER,4B,fr,dst__false,8,0.697739,28117,2.49663,3.27208,2.48155e-05
NER,4B,fr,dst__false,9,0.495148,24241.8,2.66481,4.35846,2.04254e-05
NER,4B,fr,json__false,1,0.660741,84332.8,6.29021,9.53344,7.83492e-06
NER,4B,fr,json__false,2,0.668202,56806.2,4.63762,6.63701,1.17628e-05
NER,4B,fr,json__false,3,0.634961,66402.6,4.90998,7.7773,9.56229e-06
NER,4B,fr,json__false,4,0.698816,80366.3,5.92322,8.53871,8.69538e-06
NER,4B,fr,json__false,5,0.678124,42917.1,3.39507,4.86643,1.58008e-05
NER,4B,fr,json__false,6,0.303475,38676,10.9813,15.0901,7.8466e-06
NER,4B,fr,json__false,7,0.212997,31407.5,12.6592,18.6063,6.78172e-06
NER,4B,fr,json__false,8,0.193963,49895.7,21.0886,32.6971,3.88736e-06
NER,4B,fr,json__false,9,0.187321,37093.8,13.9608,24.7127,5.04992e-06
NER,4B,fr,json__json_xgrammar,1,0.653322,20388.5,1.49268,2.30927,3.20436e-05
NER,4B,fr,json__json_xgrammar,2,0.660076,44195.3,3.67621,5.27391,1.49354e-05
NER,4B,fr,json__json_xgrammar,3,0.61196,20772,1.45198,2.453,2.94608e-05
NER,4B,fr,json__json_xgrammar,4,0.651324,33054.3,2.73334,3.98629,1.97046e-05
NER,4B,fr,json__json_xgrammar,5,0.612132,29815.3,2.77351,4.03891,2.05308e-05
NER,4B,fr,json__json_xgrammar,6,0.68036,28117,2.37274,3.27742,2.41975e-05
NER,4B,fr,json__json_xgrammar,7,0.568116,24241.8,2.24856,3.53378,2.34354e-05
NER,4B,fr,json__json_xgrammar,8,0.62292,35898.6,3.25492,4.72412,1.73522e-05
NER,4B,fr,json__json_xgrammar,9,0.574784,31324.4,2.21577,3.96261,1.83494e-05
NER,4B,fr,yaml__false,1,0.679575,54554.8,4.45455,6.26779,1.24567e-05
NER,4B,fr,yaml__false,2,0.681779,49658.9,4.03567,5.674,1.37293e-05
NER,4B,fr,yaml__false,3,0.683355,32304.9,2.6143,3.67519,2.11533e-05
NER,4B,fr,yaml__false,4,0.684217,30182.5,2.44433,3.43061,2.26693e-05
NER,4B,fr,yaml__false,5,0.68427,47628.6,3.84598,5.40559,1.43668e-05
NER,4B,fr,yaml__false,6,0.680242,49588.2,4.04273,5.68737,1.37178e-05
NER,4B,fr,yaml__false,7,0.68511,30548.1,2.45564,3.45528,2.24272e-05
NER,4B,fr,yaml__false,8,0.684141,42890.8,3.46369,4.86898,1.59508e-05
NER,4B,fr,yaml__false,9,0.385398,126632,8.52973,23.2909,3.04344e-06
NER,4B,hi,dst__false,1,0.646256,14863,12.5005,19.0308,4.34807e-05
NER,4B,hi,dst__false,2,0.645402,97508.2,82.216,125.171,6.61895e-06
NER,4B,hi,dst__false,3,0.647375,303.195,0.254572,0.387222,0.00213518
NER,4B,hi,dst__false,4,0.643802,68666.8,57.6064,88.1474,9.37573e-06
NER,4B,hi,dst__false,5,0.645481,32208.8,26.9529,41.1877,2.00405e-05
NER,4B,hi,dst__false,6,0.650185,41221.6,34.38,52.2454,1.57729e-05
NER,4B,hi,dst__false,7,0.647446,76680.1,63.9001,97.5574,8.44348e-06
NER,4B,hi,dst__false,8,0.647327,97027.9,81.8801,124.235,6.67155e-06
NER,4B,hi,dst__false,9,0.521198,102297,76.1706,152.682,5.09494e-06
NER,4B,hi,json__false,1,0.602326,9759.23,7.21836,12.5601,6.17186e-05
NER,4B,hi,json__false,2,0.617579,8955.33,6.55588,11.1802,6.89621e-05
NER,4B,hi,json__false,3,0.597603,9109.94,6.70342,11.7852,6.5599e-05
NER,4B,hi,json__false,4,0.643052,9426.37,7.02936,11.4121,6.82184e-05
NER,4B,hi,json__false,5,0.642093,19763.4,15.2613,24.3993,3.24889e-05
NER,4B,hi,json__false,6,0.648649,14601.6,11.3366,17.8941,4.44233e-05
NER,4B,hi,json__false,7,0.608801,1868.15,1.49571,2.47765,0.000325885
NER,4B,hi,json__false,8,0.534444,13691.2,9.68259,19.3926,3.90356e-05
NER,4B,hi,json__false,9,0.545957,1675.22,1.28173,2.42084,0.000325901
NER,4B,hi,json__json_xgrammar,1,0.598152,9845.07,7.18619,12.6706,6.07565e-05
NER,4B,hi,json__json_xgrammar,2,0.626215,8299.93,6.18014,10.3105,7.54483e-05
NER,4B,hi,json__json_xgrammar,3,0.576617,29005.2,20.4984,38.0646,1.98798e-05
NER,4B,hi,json__json_xgrammar,4,0.637838,16880.2,12.3937,20.4361,3.77862e-05
NER,4B,hi,json__json_xgrammar,5,0.660325,6583.9,5.08409,7.90385,0.000100294
NER,4B,hi,json__json_xgrammar,6,0.648649,21796,16.9224,26.7108,2.976e-05
NER,4B,hi,json__json_xgrammar,7,0.569494,8433.81,6.57351,11.7955,6.75251e-05
NER,4B,hi,json__json_xgrammar,8,0.630259,7316.05,5.88107,9.39159,8.61475e-05
NER,4B,hi,json__json_xgrammar,9,0.530676,5911.48,4.44138,8.70615,8.97705e-05
NER,4B,hi,yaml__false,1,0.601387,850.703,0.695587,1.15428,0.00070693
NER,4B,hi,yaml__false,2,0.601958,927.841,0.75804,1.25724,0.000648772
NER,4B,hi,yaml__false,3,0.603019,885.383,0.723944,1.19808,0.000681083
NER,4B,hi,yaml__false,4,0.601387,912.402,0.746036,1.23799,0.000659125
NER,4B,hi,yaml__false,5,0.602773,902.084,0.736997,1.22068,0.000668201
NER,4B,hi,yaml__false,6,0.602203,858.394,0.701876,1.16314,0.000701546
NER,4B,hi,yaml__false,7,0.602773,884.244,0.722422,1.19654,0.000681682
NER,4B,hi,yaml__false,8,0.600897,848.611,0.692744,1.15144,0.000708095
NER,4B,hi,yaml__false,9,0.379828,2298.33,1.46577,4.32831,0.000165263
NER,4B,ja,dst__false,1,0.166905,18396.2,3.77512,11.695,9.07283e-06
NER,4B,ja,dst__false,2,0.172701,62266.3,12.5284,38.0601,2.77359e-06
NER,4B,ja,dst__false,3,0.173656,55736.3,11.1383,33.8206,3.11568e-06
NER,4B,ja,dst__false,4,0.17733,54306.2,10.8983,32.3059,3.26538e-06
NER,4B,ja,dst__false,5,0.175159,43345.5,8.66737,26.0803,4.041e-06
NER,4B,ja,dst__false,6,0.172674,54981.8,11.0561,33.6075,3.14057e-06
NER,4B,ja,dst__false,7,0.174124,50509.9,10.1978,30.6492,3.44733e-06
NER,4B,ja,dst__false,8,0.170608,52468.7,10.7386,32.6095,3.25161e-06
NER,4B,ja,dst__false,9,0.164506,66234.1,10.6315,39.852,2.4837e-06
NER,4B,ja,json__false,1,0.226967,57962.2,8.27441,24.3437,3.91578e-06
NER,4B,ja,json__false,2,0.152323,27719.4,7.4978,20.5939,5.49517e-06
NER,4B,ja,json__false,3,0.243323,30350.8,3.33965,10.8164,8.01703e-06
NER,4B,ja,json__false,4,0.231628,27461.4,4.44575,11.7658,8.43467e-06
NER,4B,ja,json__false,5,0.17347,24873.7,5.53487,15.5267,6.97405e-06
NER,4B,ja,json__false,6,0.147226,27719.2,8.4253,21.809,5.31132e-06
NER,4B,ja,json__false,7,0.269242,28190.4,4.09149,10.0357,9.55085e-06
NER,4B,ja,json__false,8,0.278829,53973.8,7.42418,18.2221,5.16601e-06
NER,4B,ja,json__false,9,0.231857,105988,12.5534,40.7804,2.18757e-06
NER,4B,ja,json__json_xgrammar,1,0.219037,22134.1,2.86748,9.31568,9.89591e-06
NER,4B,ja,json__json_xgrammar,2,0.166815,24823.2,6.12013,16.5048,6.72009e-06
NER,4B,ja,json__json_xgrammar,3,0.24112,20344.1,1.91907,6.86604,1.18521e-05
NER,4B,ja,json__json_xgrammar,4,0.221237,23976,4.08033,10.918,9.22743e-06
NER,4B,ja,json__json_xgrammar,5,0.164087,37165.9,9.0384,25.0444,4.41498e-06
NER,4B,ja,json__json_xgrammar,6,0.147477,40409,12.0913,31.6437,3.6496e-06
NER,4B,ja,json__json_xgrammar,7,0.263146,20880.7,2.78595,7.39141,1.26023e-05
NER,4B,ja,json__json_xgrammar,8,0.230323,31405,6.30623,14.3862,7.33394e-06
NER,4B,ja,json__json_xgrammar,9,0.234719,21926.7,2.45128,8.15121,1.07047e-05
NER,4B,ja,yaml__false,1,0.147742,17778.2,5.02067,13.7389,8.31031e-06
NER,4B,ja,yaml__false,2,0.148401,20935.5,5.86263,16.0795,7.08852e-06
NER,4B,ja,yaml__false,3,0.150997,24556.8,6.97439,18.5896,6.1489e-06
NER,4B,ja,yaml__false,4,0.145861,24056.5,6.91476,18.8975,6.06327e-06
NER,4B,ja,yaml__false,5,0.148292,24022.2,6.75351,18.4786,6.17311e-06
NER,4B,ja,yaml__false,6,0.145795,21749.6,6.00154,16.9521,6.70337e-06
NER,4B,ja,yaml__false,7,0.144137,21765.6,6.13289,17.2333,6.62223e-06
NER,4B,ja,yaml__false,8,0.147116,27721.7,7.84428,21.5231,5.30689e-06
NER,4B,ja,yaml__false,9,0.123569,30600.5,2.5025,18.9009,4.03813e-06
NER,4B,ko,dst__false,1,0.478956,14936.7,1.42567,2.5049,3.20657e-05
NER,4B,ko,dst__false,2,0.478603,12732.1,1.21408,2.1359,3.75903e-05
NER,4B,ko,dst__false,3,0.478359,12783.6,1.21946,2.14598,3.74198e-05
NER,4B,ko,dst__false,4,0.477976,12701.2,1.21172,2.13394,3.76323e-05
NER,4B,ko,dst__false,5,0.479158,12912.2,1.2322,2.1643,3.71089e-05
NER,4B,ko,dst__false,6,0.478275,64780,6.18188,10.8782,7.38307e-06
NER,4B,ko,dst__false,7,0.478205,27083.2,2.58156,4.54644,1.76569e-05
NER,4B,ko,dst__false,8,0.478388,19770.5,1.88398,3.31719,2.41971e-05
NER,4B,ko,dst__false,9,0.340309,18819,2.00778,4.6478,1.80833e-05
NER,4B,ko,json__false,1,0.423772,22839.9,1.99075,4.16255,1.8554e-05
NER,4B,ko,json__false,2,0.397122,23992,2.52974,5.05415,1.65523e-05
NER,4B,ko,json__false,3,0.414586,21514.6,1.76682,3.90181,1.927e-05
NER,4B,ko,json__false,4,0.445227,23524.4,2.01012,4.04477,1.89262e-05
NER,4B,ko,json__false,5,0.449522,23500.2,2.00053,3.99527,1.91285e-05
NER,4B,ko,json__false,6,0.436161,24047,2.53634,4.6129,1.81378e-05
NER,4B,ko,json__false,7,0.410344,22251.9,2.17942,4.40282,1.84409e-05
NER,4B,ko,json__false,8,0.367601,44823.9,4.97491,10.4072,8.201e-06
NER,4B,ko,json__false,9,0.387685,25203,2.35873,5.17834,1.53825e-05
NER,4B,ko,json__json_xgrammar,1,0.411056,54667.3,4.4398,9.94856,7.51923e-06
NER,4B,ko,json__json_xgrammar,2,0.451451,56225.2,4.89383,9.6128,8.02933e-06
NER,4B,ko,json__json_xgrammar,3,0.387884,49980.6,3.98284,9.55469,7.76069e-06
NER,4B,ko,json__json_xgrammar,4,0.448729,54911.7,4.79202,9.45613,8.17182e-06
NER,4B,ko,json__json_xgrammar,5,0.43378,57807.4,5.26623,10.4933,7.50387e-06
NER,4B,ko,json__json_xgrammar,6,0.459748,54540.6,5.24026,9.55512,8.42946e-06
NER,4B,ko,json__json_xgrammar,7,0.378711,49131.1,4.69166,10.4224,7.70817e-06
NER,4B,ko,json__json_xgrammar,8,0.387782,56268.1,6.30809,12.4322,6.89168e-06
NER,4B,ko,json__json_xgrammar,9,0.379195,4369.7,3.97462,9.06765,8.67782e-06
NER,4B,ko,yaml__false,1,0.454879,42359.6,3.97183,7.42369,1.07385e-05
NER,4B,ko,yaml__false,2,0.457132,78143.6,7.2476,13.5642,5.84989e-06
NER,4B,ko,yaml__false,3,0.457229,61039.9,5.66181,10.5935,7.49066e-06
NER,4B,ko,yaml__false,4,0.452378,62444,5.92785,11.0618,7.24454e-06
NER,4B,ko,yaml__false,5,0.455278,61489.3,5.71143,10.7236,7.40418e-06
NER,4B,ko,yaml__false,6,0.459767,60164.8,5.54259,10.3536,7.6418e-06
NER,4B,ko,yaml__false,7,0.461222,34312.4,3.15139,5.87842,1.34419e-05
NER,4B,ko,yaml__false,8,0.455729,60663.1,5.63626,10.5703,7.51246e-06
NER,4B,ko,yaml__false,9,0.282417,86407.4,6.94705,22.7808,3.26843e-06
NER,4B,ru,dst__false,1,0.439709,17419.4,1.72213,3.55425,2.52425e-05
NER,4B,ru,dst__false,2,0.440606,18411.4,1.82021,3.74901,2.39312e-05
NER,4B,ru,dst__false,3,0.441027,16171.7,1.59641,3.28759,2.72716e-05
NER,4B,ru,dst__false,4,0.440608,15047.4,1.48631,3.06276,2.92814e-05
NER,4B,ru,dst__false,5,0.44028,19179.2,1.89387,3.90616,2.2956e-05
NER,4B,ru,dst__false,6,0.441626,23810.2,2.34908,4.8326,1.85477e-05
NER,4B,ru,dst__false,7,0.441832,14895.5,1.47305,3.02508,2.96622e-05
NER,4B,ru,dst__false,8,0.441635,30898.5,3.04989,6.27253,1.42931e-05
NER,4B,ru,dst__false,9,0.286236,23394.6,2.27574,7.27896,1.22351e-05
NER,4B,ru,json__false,1,0.442918,29148.9,2.59009,5.61744,1.5195e-05
NER,4B,ru,json__false,2,0.442679,73396.1,7.44609,15.0494,6.03137e-06
NER,4B,ru,json__false,3,0.381321,23066.9,1.75334,4.77576,1.65311e-05
NER,4B,ru,json__false,4,0.47925,59243.5,5.20181,10.4911,8.0895e-06
NER,4B,ru,json__false,5,0.441758,31488.9,2.86654,6.15499,1.4029e-05
NER,4B,ru,json__false,6,0.394498,30641.1,3.49744,7.41916,1.28748e-05
NER,4B,ru,json__false,7,0.445951,28402,2.55276,5.46613,1.57014e-05
NER,4B,ru,json__false,8,0.323721,41953,3.62351,10.911,7.71629e-06
NER,4B,ru,json__false,9,0.405124,136511,10.9279,27.3187,2.96769e-06
NER,4B,ru,json__json_xgrammar,1,0.43464,28922.1,2.26361,5.33323,1.50279e-05
NER,4B,ru,json__json_xgrammar,2,0.474853,27918.8,2.59758,5.12931,1.70083e-05
NER,4B,ru,json__json_xgrammar,3,0.35795,160079,11.3483,34.0304,2.23608e-06
NER,4B,ru,json__json_xgrammar,4,0.476628,150278,12.3068,25.8565,3.17164e-06
NER,4B,ru,json__json_xgrammar,5,0.454765,200630,16.8952,36.685,2.26668e-06
NER,4B,ru,json__json_xgrammar,6,0.434321,276124,26.918,56.6758,1.57292e-06
NER,4B,ru,json__json_xgrammar,7,0.415032,166926,13.7456,33.0743,2.48632e-06
NER,4B,ru,json__json_xgrammar,8,0.125829,188831,94.3681,211.693,6.66358e-07
NER,4B,ru,json__json_xgrammar,9,0.127577,203388,87.5161,219.878,6.27263e-07
NER,4B,ru,yaml__false,1,0.443023,15990.6,1.54633,3.20582,2.77052e-05
NER,4B,ru,yaml__false,2,0.442426,20539.3,1.97608,4.11363,2.15404e-05
NER,4B,ru,yaml__false,3,0.440577,18940.1,1.83032,3.81704,2.32616e-05
NER,4B,ru,yaml__false,4,0.442986,29842.2,2.87525,5.97322,1.48443e-05
NER,4B,ru,yaml__false,5,0.442427,19490.8,1.87358,3.90207,2.26992e-05
NER,4B,ru,yaml__false,6,0.441549,30899.9,2.97429,6.2023,1.42897e-05
NER,4B,ru,yaml__false,7,0.44155,19993.9,1.92286,4.01161,2.20843e-05
NER,4B,ru,yaml__false,8,0.439477,37153.6,3.58349,7.49971,1.18286e-05
NER,4B,ru,yaml__false,9,0.21477,87271.6,7.62931,34.4131,2.46093e-06
NER,4B,zh,dst__false,1,0.53762,27476.7,2.03455,3.9258,1.95664e-05
NER,4B,zh,dst__false,2,0.539525,22289.7,1.65858,3.18151,2.42051e-05
NER,4B,zh,dst__false,3,0.538844,15662.1,1.16612,2.23905,3.44042e-05
NER,4B,zh,dst__false,4,0.539969,20264.9,1.50244,2.88468,2.66455e-05
NER,4B,zh,dst__false,5,0.539276,45468.9,3.40285,6.5123,1.18603e-05
NER,4B,zh,dst__false,6,0.540278,50096.7,3.7316,7.14443,1.07847e-05
NER,4B,zh,dst__false,7,0.53785,57811.9,4.32724,8.30273,9.30343e-06
NER,4B,zh,dst__false,8,0.540328,54248.9,4.03938,7.73438,9.96016e-06
NER,4B,zh,dst__false,9,0.359139,89758.5,8.77576,21.962,4.00117e-06
NER,4B,zh,json__false,1,0.513532,23198.3,1.67496,3.4246,2.21367e-05
NER,4B,zh,json__false,2,0.470031,22022.1,1.94438,3.9276,2.13436e-05
NER,4B,zh,json__false,3,0.515897,20290.9,1.32594,2.82603,2.5425e-05
NER,4B,zh,json__false,4,0.512371,19044.4,1.39857,2.84287,2.69041e-05
NER,4B,zh,json__false,5,0.491979,19732,1.55959,3.18514,2.49331e-05
NER,4B,zh,json__false,6,0.511465,20554.5,1.74162,3.303,2.48833e-05
NER,4B,zh,json__false,7,0.532694,22065.9,1.70643,3.25359,2.41411e-05
NER,4B,zh,json__false,8,0.488418,82210.6,8.29071,14.9965,5.94105e-06
NER,4B,zh,json__false,9,0.453424,19681.3,1.53341,3.42224,2.30383e-05
NER,4B,zh,json__json_xgrammar,1,0.515867,20738.1,1.39933,2.93949,2.48754e-05
NER,4B,zh,json__json_xgrammar,2,0.49392,22351.5,1.82895,3.65639,2.20978e-05
NER,4B,zh,json__json_xgrammar,3,0.509502,18171.1,1.17925,2.55284,2.80391e-05
NER,4B,zh,json__json_xgrammar,4,0.47882,22737.6,1.92577,3.90211,2.10585e-05
NER,4B,zh,json__json_xgrammar,5,0.493804,28586.5,2.27545,4.61371,1.7274e-05
NER,4B,zh,json__json_xgrammar,6,0.485955,22824.9,2.0818,3.99805,2.12906e-05
NER,4B,zh,json__json_xgrammar,7,0.464761,23818.7,2.1836,4.3728,1.95125e-05
NER,4B,zh,json__json_xgrammar,8,0.476247,63445.4,5.83352,11.3824,7.50642e-06
NER,4B,zh,json__json_xgrammar,9,0.466259,20726,1.47024,3.3386,2.24963e-05
NER,4B,zh,yaml__false,1,0,2231.09,,,
NER,4B,zh,yaml__false,2,0.159282,7749.69,3.37383,6.56197,2.05534e-05
NER,4B,zh,yaml__false,3,0.132479,6094.24,3.33931,6.40824,2.17384e-05
NER,4B,zh,yaml__false,4,0.123019,6002.49,3.47769,6.84435,2.04946e-05
NER,4B,zh,yaml__false,5,0.165442,7244.81,2.97651,5.85203,2.28359e-05
NER,4B,zh,yaml__false,6,0.120082,5832.53,3.48211,6.83766,2.05883e-05
NER,4B,zh,yaml__false,7,0.167355,7238.01,2.90683,5.75816,2.31216e-05
NER,4B,zh,yaml__false,8,0.170027,7348.65,2.88409,5.73218,2.31371e-05
NER,4B,zh,yaml__false,9,0.106078,11886.5,5.11246,15.0844,8.92426e-06
NER,70B,ar,dst__false,1,0.0653486,38036.6,12.0522,80.7571,1.71804e-06
NER,70B,ar,dst__false,2,0.0675676,30735.1,9.47153,62.7247,2.19838e-06
NER,70B,ar,dst__false,3,0.066579,31343.9,9.82568,65.1641,2.12414e-06
NER,70B,ar,dst__false,4,0.0670028,31138.2,9.67625,64.2024,2.15179e-06
NER,70B,ar,dst__false,5,0.0673568,30714.8,9.50627,62.9401,2.19298e-06
NER,70B,ar,dst__false,6,0.0653921,30558.7,9.61871,64.7429,2.13989e-06
NER,70B,ar,dst__false,7,0.0673243,31203.5,9.63666,63.9416,2.15759e-06
NER,70B,ar,dst__false,8,0.0670677,30592.9,9.54835,63.0782,2.19226e-06
NER,70B,ar,dst__false,9,0.0652575,69142.2,20.578,144.952,9.43817e-07
NER,70B,ar,json__false,1,0.0786811,90088.9,24.601,153.473,8.73371e-07
NER,70B,ar,json__false,2,0.0712388,57590.9,16.8198,110.116,1.23698e-06
NER,70B,ar,json__false,3,0.0748281,49931,15.2182,91.785,1.49863e-06
NER,70B,ar,json__false,4,0.077833,52426.7,14.4865,90.5469,1.48461e-06
NER,70B,ar,json__false,5,0.0734196,55803.7,16.6977,104.111,1.31568e-06
NER,70B,ar,json__false,6,0.0753639,54863.6,15.9348,99.0318,1.37366e-06
NER,70B,ar,json__false,7,0.077915,47564.9,13.6877,82.8656,1.63808e-06
NER,70B,ar,json__false,8,0.0708392,48704.5,13.351,92.2434,1.45447e-06
NER,70B,ar,json__false,9,0.028182,131115,72.8823,712.583,2.1494e-07
NER,70B,ar,json__json_xgrammar,1,0.0766396,54297.8,14.8031,94.9261,1.41147e-06
NER,70B,ar,json__json_xgrammar,2,0.0767642,53721.4,14.3333,93.2663,1.42893e-06
NER,70B,ar,json__json_xgrammar,3,0.0745521,50107.3,15.1473,92.2786,1.48785e-06
NER,70B,ar,json__json_xgrammar,4,0.0777013,52584.9,14.7421,91.2933,1.47764e-06
NER,70B,ar,json__json_xgrammar,5,0.0718472,55376.2,17.0703,106.288,1.29744e-06
NER,70B,ar,json__json_xgrammar,6,0.0756,55545.2,16.1001,99.9015,1.36105e-06
NER,70B,ar,json__json_xgrammar,7,0.0765986,47182.7,13.7119,83.8058,1.62345e-06
NER,70B,ar,json__json_xgrammar,8,0.0710776,61013.1,16.9575,115.555,1.16496e-06
NER,70B,ar,json__json_xgrammar,9,0.0772781,55559.3,14.2205,94.8111,1.39091e-06
NER,70B,ar,yaml__false,1,0.0683509,41573.2,13.8994,85.3659,1.64411e-06
NER,70B,ar,yaml__false,2,0.0679986,36513.1,12.1467,75.2848,1.86231e-06
NER,70B,ar,yaml__false,3,0.0696247,36785.8,11.9628,73.7189,1.89271e-06
NER,70B,ar,yaml__false,4,0.0693311,36731,11.9334,73.9054,1.88754e-06
NER,70B,ar,yaml__false,5,0.0685354,36602.5,12.1563,74.8518,1.87242e-06
NER,70B,ar,yaml__false,6,0.0690762,36699.9,11.9427,74.1411,1.88219e-06
NER,70B,ar,yaml__false,7,0.0691051,36264.1,11.824,73.2607,1.90561e-06
NER,70B,ar,yaml__false,8,0.0700335,36540.8,11.8755,72.7904,1.91659e-06
NER,70B,ar,yaml__false,9,0.0731208,66856,15.3375,117.086,1.09371e-06
NER,70B,de,dst__false,1,0.741273,46297.7,3.6409,4.69884,1.6011e-05
NER,70B,de,dst__false,2,0.735284,33261.9,2.65056,3.42482,2.21059e-05
NER,70B,de,dst__false,3,0.737554,33288.3,2.64067,3.40964,2.21565e-05
NER,70B,de,dst__false,4,0.732593,33105.7,2.66037,3.43491,2.21289e-05
NER,70B,de,dst__false,5,0.738018,33848.7,2.68003,3.46172,2.18034e-05
NER,70B,de,dst__false,6,0.733951,32895.4,2.63416,3.40109,2.23117e-05
NER,70B,de,dst__false,7,0.736436,33358.2,2.65147,3.42522,2.20766e-05
NER,70B,de,dst__false,8,0.738812,33142.3,2.62326,3.38532,2.22921e-05
NER,70B,de,dst__false,9,0.70772,59953.2,4.084,5.93478,1.18046e-05
NER,70B,de,json__false,1,0.736071,76939.4,6.22739,7.97217,9.5669e-06
NER,70B,de,json__false,2,0.709443,55551.9,4.73265,6.11603,1.27708e-05
NER,70B,de,json__false,3,0.725139,52417.2,4.32628,5.56386,1.3834e-05
NER,70B,de,json__false,4,0.72304,55504.3,4.56412,5.89844,1.30267e-05
NER,70B,de,json__false,5,0.722825,59734.4,4.9733,6.38665,1.21007e-05
NER,70B,de,json__false,6,0.717939,59235.1,5.02588,6.4323,1.21202e-05
NER,70B,de,json__false,7,0.722453,49362.7,4.14917,5.30382,1.46356e-05
NER,70B,de,json__false,8,0.721295,56156.4,4.60336,5.97345,1.28444e-05
NER,70B,de,json__false,9,0.3021,134229,40.3697,51.6863,2.25062e-06
NER,70B,de,json__json_xgrammar,1,0.706131,59240.4,5.08939,6.57789,1.19198e-05
NER,70B,de,json__json_xgrammar,2,0.713385,55253.6,4.66985,6.02745,1.29111e-05
NER,70B,de,json__json_xgrammar,3,0.725152,54081.7,4.46587,5.74177,1.34084e-05
NER,70B,de,json__json_xgrammar,4,0.723445,57189.4,4.70192,6.07365,1.265e-05
NER,70B,de,json__json_xgrammar,5,0.723585,60953.3,5.07226,6.50863,1.18711e-05
NER,70B,de,json__json_xgrammar,6,0.723342,61185.5,5.10432,6.54321,1.18221e-05
NER,70B,de,json__json_xgrammar,7,0.719666,50568.5,4.30188,5.48466,1.42315e-05
NER,70B,de,json__json_xgrammar,8,0.727991,61112.4,4.9039,6.3765,1.19123e-05
NER,70B,de,json__json_xgrammar,9,0.738457,57416.3,4.51103,5.84688,1.28614e-05
NER,70B,de,yaml__false,1,0.729937,48303.3,4.05026,5.13101,1.51115e-05
NER,70B,de,yaml__false,2,0.734126,37094.1,3.085,3.903,1.97909e-05
NER,70B,de,yaml__false,3,0.735119,36882,3.0638,3.87335,1.99316e-05
NER,70B,de,yaml__false,4,0.730107,36580.9,3.06887,3.8858,1.99587e-05
NER,70B,de,yaml__false,5,0.72364,36520.2,3.11845,3.946,1.98148e-05
NER,70B,de,yaml__false,6,0.736749,37420.1,3.09461,3.913,1.96886e-05
NER,70B,de,yaml__false,7,0.734725,36160.7,3.00313,3.79919,2.03183e-05
NER,70B,de,yaml__false,8,0.736364,37739.8,3.12105,3.9485,1.95116e-05
NER,70B,de,yaml__false,9,0.713001,65088.8,4.70669,6.59194,1.09543e-05
NER,70B,en,dst__false,1,0.572917,40835.8,3.07059,5.23,1.40298e-05
NER,70B,en,dst__false,2,0.570924,36053.9,2.73032,4.64971,1.58353e-05
NER,70B,en,dst__false,3,0.566741,34640.9,2.68077,4.54785,1.63604e-05
NER,70B,en,dst__false,4,0.564256,33937,2.64122,4.48725,1.66265e-05
NER,70B,en,dst__false,5,0.567096,34286.3,2.63518,4.48363,1.654e-05
NER,70B,en,dst__false,6,0.570302,34500.8,2.61865,4.45919,1.65301e-05
NER,70B,en,dst__false,7,0.565258,34057.7,2.64075,4.48718,1.65971e-05
NER,70B,en,dst__false,8,0.563838,34010.9,2.65606,4.50774,1.65782e-05
NER,70B,en,dst__false,9,0.565793,55789.2,3.59977,6.69498,1.01416e-05
NER,70B,en,json__false,1,0.569798,64483.2,5.15989,8.55555,8.83638e-06
NER,70B,en,json__false,2,0.57002,57738.1,4.65405,7.68407,9.87251e-06
NER,70B,en,json__false,3,0.566711,48403.4,3.92662,6.49885,1.17081e-05
NER,70B,en,json__false,4,0.568268,54001.9,4.37263,7.22434,1.05231e-05
NER,70B,en,json__false,5,0.566457,52937.1,4.32245,7.13246,1.07006e-05
NER,70B,en,json__false,6,0.566951,50687.4,4.131,6.81741,1.11852e-05
NER,70B,en,json__false,7,0.566192,45107.7,3.68798,6.08413,1.2552e-05
NER,70B,en,json__false,8,0.572737,51126.4,4.03014,6.7007,1.12024e-05
NER,70B,en,json__false,9,0.147295,68085.7,36.8629,58.4929,2.16338e-06
NER,70B,en,json__json_xgrammar,1,0.561829,53393.4,4.40758,7.2902,1.05224e-05
NER,70B,en,json__json_xgrammar,2,0.56382,55168.8,4.54476,7.49882,1.02199e-05
NER,70B,en,json__json_xgrammar,3,0.567884,49468.4,4.01464,6.62938,1.14797e-05
NER,70B,en,json__json_xgrammar,4,0.570008,55861.3,4.50639,7.43726,1.0204e-05
NER,70B,en,json__json_xgrammar,5,0.569784,55152.4,4.4938,7.38022,1.03311e-05
NER,70B,en,json__json_xgrammar,6,0.56785,52603.1,4.27459,7.0542,1.0795e-05
NER,70B,en,json__json_xgrammar,7,0.563694,46733.6,3.84354,6.34882,1.20618e-05
NER,70B,en,json__json_xgrammar,8,0.589209,63034.9,4.68486,7.80521,9.34736e-06
NER,70B,en,json__json_xgrammar,9,0.606029,57226.9,4.37615,6.98571,1.05899e-05
NER,70B,en,yaml__false,1,0.568525,42138.6,3.47678,5.68442,1.34918e-05
NER,70B,en,yaml__false,2,0.567851,35918,2.97408,4.85904,1.58097e-05
NER,70B,en,yaml__false,3,0.567902,36165,3.00125,4.89709,1.57031e-05
NER,70B,en,yaml__false,4,0.567327,36332,3.02087,4.92904,1.56151e-05
NER,70B,en,yaml__false,5,0.568092,36192.7,2.99783,4.89488,1.56963e-05
NER,70B,en,yaml__false,6,0.567748,35974.1,2.9854,4.87256,1.57822e-05
NER,70B,en,yaml__false,7,0.565559,35873.4,2.99244,4.88938,1.57654e-05
NER,70B,en,yaml__false,8,0.567378,36196.4,2.99962,4.90267,1.5675e-05
NER,70B,en,yaml__false,9,0.577403,55788.8,3.93961,6.87223,1.03498e-05
NER,70B,es,dst__false,1,0.707942,39695.5,3.39946,4.68494,1.78343e-05
NER,70B,es,dst__false,2,0.698574,33929.6,2.98387,4.11069,2.05889e-05
NER,70B,es,dst__false,3,0.691351,33053.3,2.97001,4.08822,2.09163e-05
NER,70B,es,dst__false,4,0.706203,34294.3,2.9564,4.07054,2.05925e-05
NER,70B,es,dst__false,5,0.703841,34041.3,2.95036,4.06463,2.06761e-05
NER,70B,es,dst__false,6,0.721613,32989.6,2.72844,3.75479,2.1874e-05
NER,70B,es,dst__false,7,0.708788,32903.8,2.81928,3.87971,2.15412e-05
NER,70B,es,dst__false,8,0.713135,33245.8,2.8141,3.87299,2.14504e-05
NER,70B,es,dst__false,9,0.691007,53158.2,3.94964,5.98224,1.29991e-05
NER,70B,es,json__false,1,0.709967,68872.8,5.84213,8.06757,1.03084e-05
NER,70B,es,json__false,2,0.706685,59402.7,5.16725,7.0768,1.18965e-05
NER,70B,es,json__false,3,0.725047,47553.9,3.85802,5.33534,1.52468e-05
NER,70B,es,json__false,4,0.730297,59005.3,4.90648,6.65373,1.23768e-05
NER,70B,es,json__false,5,0.725644,58570.9,4.8956,6.66412,1.23892e-05
NER,70B,es,json__false,6,0.721991,58090.1,4.82276,6.62071,1.24288e-05
NER,70B,es,json__false,7,0.725592,44646.2,3.62918,5.01024,1.6252e-05
NER,70B,es,json__false,8,0.713328,48478.4,3.97364,5.5569,1.47144e-05
NER,70B,es,json__false,9,0.235358,115261,45.9391,66.3183,2.04195e-06
NER,70B,es,json__json_xgrammar,1,0.716134,52156.8,4.31298,5.98129,1.37304e-05
NER,70B,es,json__json_xgrammar,2,0.717621,60096.3,5.08687,6.9572,1.19412e-05
NER,70B,es,json__json_xgrammar,3,0.725245,49555.2,4.02528,5.56175,1.46351e-05
NER,70B,es,json__json_xgrammar,4,0.725143,61142.5,5.09988,6.95433,1.18599e-05
NER,70B,es,json__json_xgrammar,5,0.722622,60863.4,5.11371,6.97175,1.18729e-05
NER,70B,es,json__json_xgrammar,6,0.721936,60582.9,5.03473,6.90876,1.19165e-05
NER,70B,es,json__json_xgrammar,7,0.725487,46485.5,3.78608,5.2225,1.56067e-05
NER,70B,es,json__json_xgrammar,8,0.708186,59172.4,4.89109,6.86057,1.19682e-05
NER,70B,es,json__json_xgrammar,9,0.731157,51558.3,4.07801,5.66326,1.41812e-05
NER,70B,es,yaml__false,1,0.721985,43837.5,3.63857,4.99573,1.64695e-05
NER,70B,es,yaml__false,2,0.721694,37311.4,3.0951,4.2525,1.93425e-05
NER,70B,es,yaml__false,3,0.722485,37449.5,3.10913,4.26532,1.92922e-05
NER,70B,es,yaml__false,4,0.722001,37348.5,3.09869,4.25527,1.93315e-05
NER,70B,es,yaml__false,5,0.722202,37842.2,3.14069,4.31103,1.90846e-05
NER,70B,es,yaml__false,6,0.722524,37628.5,3.12218,4.28424,1.92015e-05
NER,70B,es,yaml__false,7,0.721564,37386.1,3.10516,4.26441,1.93003e-05
NER,70B,es,yaml__false,8,0.72241,37403.5,3.10609,4.26105,1.9314e-05
NER,70B,es,yaml__false,9,0.701598,60663.1,4.72564,6.8904,1.15655e-05
NER,70B,fr,dst__false,1,0.701403,43569.9,3.60678,4.88178,1.60984e-05
NER,70B,fr,dst__false,2,0.691819,34021.7,2.87419,3.90202,2.03346e-05
NER,70B,fr,dst__false,3,0.692463,34164,2.87576,3.90803,2.02688e-05
NER,70B,fr,dst__false,4,0.686815,33246.7,2.83869,3.86006,2.06581e-05
NER,70B,fr,dst__false,5,0.708537,36510.7,2.94988,4.00293,1.94063e-05
NER,70B,fr,dst__false,6,0.695996,34301,2.87519,3.89607,2.02908e-05
NER,70B,fr,dst__false,7,0.688876,33781.3,2.87353,3.90354,2.03922e-05
NER,70B,fr,dst__false,8,0.706267,35927.8,2.92001,3.96292,1.96579e-05
NER,70B,fr,dst__false,9,0.702098,56050.8,4.06136,5.87658,1.25261e-05
NER,70B,fr,json__false,1,0.721659,73846.2,6.05992,8.00848,9.77246e-06
NER,70B,fr,json__false,2,0.709912,63792.2,5.46072,7.17411,1.11285e-05
NER,70B,fr,json__false,3,0.672804,47868.2,4.36674,5.84828,1.40554e-05
NER,70B,fr,json__false,4,0.687089,60149.6,5.47661,7.18977,1.1423e-05
NER,70B,fr,json__false,5,0.69176,59547.7,5.37774,7.04373,1.16169e-05
NER,70B,fr,json__false,6,0.687426,58447.8,5.24949,6.9399,1.17614e-05
NER,70B,fr,json__false,7,0.687594,46628.2,4.17815,5.52925,1.47463e-05
NER,70B,fr,json__false,8,0.692143,51801.9,4.36889,5.93378,1.33613e-05
NER,70B,fr,json__false,9,0.277312,77845.6,27.3047,34.6134,3.56233e-06
NER,70B,fr,json__json_xgrammar,1,0.702705,54663.6,4.71807,6.23444,1.28551e-05
NER,70B,fr,json__json_xgrammar,2,0.696877,62061.1,5.51262,7.23238,1.12289e-05
NER,70B,fr,json__json_xgrammar,3,0.672982,49499.1,4.49379,6.0328,1.35959e-05
NER,70B,fr,json__json_xgrammar,4,0.690841,63157.6,5.67964,7.46632,1.09384e-05
NER,70B,fr,json__json_xgrammar,5,0.694477,62520.3,5.61728,7.34928,1.1108e-05
NER,70B,fr,json__json_xgrammar,6,0.690575,61419.8,5.47169,7.23266,1.12435e-05
NER,70B,fr,json__json_xgrammar,7,0.68557,48350.6,4.33949,5.75466,1.41791e-05
NER,70B,fr,json__json_xgrammar,8,0.708497,63315.8,5.13843,6.95701,1.11899e-05
NER,70B,fr,json__json_xgrammar,9,0.715441,54962.4,4.49333,6.00157,1.30169e-05
NER,70B,fr,yaml__false,1,0.683095,42688.7,3.85939,5.1161,1.60018e-05
NER,70B,fr,yaml__false,2,0.685227,37810.8,3.39781,4.50504,1.81225e-05
NER,70B,fr,yaml__false,3,0.686022,38059.8,3.42265,4.53093,1.80248e-05
NER,70B,fr,yaml__false,4,0.688037,38107.6,3.40794,4.51191,1.80551e-05
NER,70B,fr,yaml__false,5,0.688108,38042.1,3.39844,4.50149,1.80881e-05
NER,70B,fr,yaml__false,6,0.687452,38036.3,3.40583,4.50988,1.80736e-05
NER,70B,fr,yaml__false,7,0.683821,37938.1,3.41354,4.53209,1.80246e-05
NER,70B,fr,yaml__false,8,0.687345,38078.3,3.40045,4.51004,1.80508e-05
NER,70B,fr,yaml__false,9,0.708903,60083.9,4.52609,6.36212,1.17985e-05
NER,70B,hi,dst__false,1,0.675601,4036.18,3.0834,4.70966,0.000167386
NER,70B,hi,dst__false,2,0.672956,3142.71,2.38808,3.67139,0.000214132
NER,70B,hi,dst__false,3,0.673485,3633.49,2.76521,4.24473,0.000185355
NER,70B,hi,dst__false,4,0.673213,3729.51,2.82967,4.35182,0.00018051
NER,70B,hi,dst__false,5,0.672427,3739.16,2.83699,4.36818,0.000179834
NER,70B,hi,dst__false,6,0.674007,3141.43,2.38892,3.66561,0.000214554
NER,70B,hi,dst__false,7,0.67217,3784.61,2.87584,4.42645,0.000177606
NER,70B,hi,dst__false,8,0.673213,3207.7,2.43376,3.74294,0.000209874
NER,70B,hi,dst__false,9,0.586001,6392.67,4.38454,8.12283,9.16678e-05
NER,70B,hi,json__false,1,0.690351,7984,6.39231,9.33801,8.64668e-05
NER,70B,hi,json__false,2,0.692277,7114.39,5.71437,8.3112,9.73066e-05
NER,70B,hi,json__false,3,0.688077,4843.85,3.83519,5.6521,0.000142052
NER,70B,hi,json__false,4,0.699878,6018.9,4.85004,6.96632,0.00011628
NER,70B,hi,json__false,5,0.694275,6090.34,4.93145,7.1232,0.000113996
NER,70B,hi,json__false,6,0.687374,6369.96,5.0919,7.47648,0.000107909
NER,70B,hi,json__false,7,0.696738,5427.7,4.32486,6.2748,0.000128367
NER,70B,hi,json__false,8,0.654446,5209.6,3.8994,6.2093,0.000125623
NER,70B,hi,json__false,9,0.371513,8645.97,18.919,27.6229,4.29696e-05
NER,70B,hi,json__json_xgrammar,1,0.686259,6892.2,5.34279,7.97708,9.95704e-05
NER,70B,hi,json__json_xgrammar,2,0.692557,6839.06,5.49764,7.98955,0.000101265
NER,70B,hi,json__json_xgrammar,3,0.685371,5254.73,4.14738,6.14588,0.000130429
NER,70B,hi,json__json_xgrammar,4,0.701541,6505.72,5.25503,7.52106,0.000107834
NER,70B,hi,json__json_xgrammar,5,0.693646,6520.9,5.24609,7.60898,0.000106373
NER,70B,hi,json__json_xgrammar,6,0.687097,6797.51,5.42932,7.9783,0.000101081
NER,70B,hi,json__json_xgrammar,7,0.695442,5674.52,4.53599,6.58297,0.000122555
NER,70B,hi,json__json_xgrammar,8,0.667976,6371.66,4.83801,7.49607,0.000104836
NER,70B,hi,json__json_xgrammar,9,0.703911,6494.56,5.08182,7.36345,0.000108385
NER,70B,hi,yaml__false,1,0.684211,4835.31,3.89317,5.72226,0.000141503
NER,70B,hi,yaml__false,2,0.687196,3535.65,2.85133,4.1694,0.000194362
NER,70B,hi,yaml__false,3,0.686664,3485.08,2.81282,4.11462,0.000197029
NER,70B,hi,yaml__false,4,0.68641,3453.15,2.79155,4.08173,0.000198778
NER,70B,hi,yaml__false,5,0.686084,3519.1,2.82886,4.14988,0.00019496
NER,70B,hi,yaml__false,6,0.684743,3533.49,2.84271,4.1767,0.000193787
NER,70B,hi,yaml__false,7,0.683421,3602.02,2.9072,4.27286,0.000189733
NER,70B,hi,yaml__false,8,0.686084,3430.81,2.75789,4.04577,0.000199977
NER,70B,hi,yaml__false,9,0.65287,6826.49,5.12114,8.16565,9.56378e-05
NER,70B,ja,dst__false,1,0.035636,62965.2,102.216,242.174,5.65963e-07
NER,70B,ja,dst__false,2,0.0344899,34886.5,60.253,138.99,9.88631e-07
NER,70B,ja,dst__false,3,0.0340426,35714.5,60.1254,144.01,9.53186e-07
NER,70B,ja,dst__false,4,0.0343407,34813.5,59.6121,139.254,9.86418e-07
NER,70B,ja,dst__false,5,0.0339262,35886.7,61.3447,145.29,9.45371e-07
NER,70B,ja,dst__false,6,0.0340753,35230.8,60.7428,142.06,9.67201e-07
NER,70B,ja,dst__false,7,0.0349866,36344.9,60.4741,142.529,9.62627e-07
NER,70B,ja,dst__false,8,0.0344757,34283.8,58.6048,136.589,1.0056e-06
NER,70B,ja,dst__false,9,0.102957,78075.1,37.3744,94.4076,1.31869e-06
NER,70B,ja,json__false,1,0.0958146,106958,77.1147,145.324,8.95814e-07
NER,70B,ja,json__false,2,0.0384379,82533.8,127.959,293.715,4.65723e-07
NER,70B,ja,json__false,3,0.152213,71695.9,28.5186,57.1282,2.12304e-06
NER,70B,ja,json__false,4,0.127028,85275.1,44.2757,84.4308,1.48963e-06
NER,70B,ja,json__false,5,0.0676361,78482.5,77.2465,154.798,8.61798e-07
NER,70B,ja,json__false,6,0.0578501,76666.1,86.1417,178.293,7.54573e-07
NER,70B,ja,json__false,7,0.141586,70429.4,31.8397,61.4567,2.01033e-06
NER,70B,ja,json__false,8,0.0907624,65618.8,43.3128,93.3411,1.38318e-06
NER,70B,ja,json__false,9,0.115898,146789,113.263,165.863,7.8956e-07
NER,70B,ja,json__json_xgrammar,1,0.0758462,71853.3,57.993,124.529,1.05557e-06
NER,70B,ja,json__json_xgrammar,2,0.0364184,77533.6,122.68,291.48,4.69711e-07
NER,70B,ja,json__json_xgrammar,3,0.142586,69768.9,29.6763,59.9389,2.04369e-06
NER,70B,ja,json__json_xgrammar,4,0.119582,79704.8,43.5784,84.3437,1.50032e-06
NER,70B,ja,json__json_xgrammar,5,0.0667289,76480.5,75.7233,152.961,8.72496e-07
NER,70B,ja,json__json_xgrammar,6,0.0592782,75421.1,83.5228,171.023,7.85963e-07
NER,70B,ja,json__json_xgrammar,7,0.144079,68546.3,30.0774,58.5366,2.10192e-06
NER,70B,ja,json__json_xgrammar,8,0.0966624,82804.2,51.6236,109.966,1.16736e-06
NER,70B,ja,json__json_xgrammar,9,0.190637,66639.3,21.1151,40.8079,2.86074e-06
NER,70B,ja,yaml__false,1,0.0336978,67829.3,120.052,276.854,4.96803e-07
NER,70B,ja,yaml__false,2,0.0339659,42380.6,74.6136,171.581,8.0145e-07
NER,70B,ja,yaml__false,3,0.0324711,40773.4,72.8097,172.769,7.96379e-07
NER,70B,ja,yaml__false,4,0.0339776,41076.3,72.9597,166.301,8.27182e-07
NER,70B,ja,yaml__false,5,0.0326087,40999.8,73.2139,172.995,7.95338e-07
NER,70B,ja,yaml__false,6,0.0333012,41481.7,74.3401,171.412,8.02792e-07
NER,70B,ja,yaml__false,7,0.0341222,41285.5,73.724,166.474,8.26494e-07
NER,70B,ja,yaml__false,8,0.0328884,41396,74.1864,173.205,7.94482e-07
NER,70B,ja,yaml__false,9,0.109315,88533.7,34.7873,98.044,1.23473e-06
NER,70B,ko,dst__false,1,0.480437,44980.1,4.53932,7.69549,1.06811e-05
NER,70B,ko,dst__false,2,0.48279,32592.2,3.27494,5.53913,1.4813e-05
NER,70B,ko,dst__false,3,0.48105,32853.3,3.29952,5.60255,1.46423e-05
NER,70B,ko,dst__false,4,0.483276,32695.6,3.27841,5.54632,1.47811e-05
NER,70B,ko,dst__false,5,0.483579,32827.1,3.27355,5.55263,1.47311e-05
NER,70B,ko,dst__false,6,0.483089,32788.9,3.28876,5.56499,1.47333e-05
NER,70B,ko,dst__false,7,0.481839,32522.3,3.2712,5.54042,1.48157e-05
NER,70B,ko,dst__false,8,0.482677,32746.9,3.28586,5.56352,1.47396e-05
NER,70B,ko,dst__false,9,0.438769,67101.8,6.08357,12.0168,6.53886e-06
NER,70B,ko,json__false,1,0.51009,80988,8.09233,12.9976,6.29834e-06
NER,70B,ko,json__false,2,0.493474,58483.4,6.42675,10.0764,8.43785e-06
NER,70B,ko,json__false,3,0.482957,51871.6,5.62416,9.08435,9.31062e-06
NER,70B,ko,json__false,4,0.498698,60031.1,6.66272,10.274,8.30733e-06
NER,70B,ko,json__false,5,0.500468,62565.4,6.88213,10.6331,7.99911e-06
NER,70B,ko,json__false,6,0.500299,62216.1,6.90446,10.6135,8.04131e-06
NER,70B,ko,json__false,7,0.493732,49829.4,5.47095,8.57797,9.90843e-06
NER,70B,ko,json__false,8,0.497786,49221.9,5.05566,8.18592,1.01131e-05
NER,70B,ko,json__false,9,0.258832,113516,26.3073,46.8107,2.28014e-06
NER,70B,ko,json__json_xgrammar,1,0.505448,58471.7,5.96346,9.54952,8.64432e-06
NER,70B,ko,json__json_xgrammar,2,0.492034,60489,6.63548,10.4453,8.13428e-06
NER,70B,ko,json__json_xgrammar,3,0.480119,53166,5.86368,9.42827,9.03057e-06
NER,70B,ko,json__json_xgrammar,4,0.495114,62174.4,6.97883,10.7643,7.96331e-06
NER,70B,ko,json__json_xgrammar,5,0.492935,64279.9,7.19739,11.1675,7.66857e-06
NER,70B,ko,json__json_xgrammar,6,0.498932,64149.2,7.14755,10.9901,7.77767e-06
NER,70B,ko,json__json_xgrammar,7,0.485877,50576.8,5.67769,8.92323,9.60671e-06
NER,70B,ko,json__json_xgrammar,8,0.496109,60225.3,6.1068,9.99755,8.23755e-06
NER,70B,ko,json__json_xgrammar,9,0.486489,59391.8,5.9167,9.98182,8.19117e-06
NER,70B,ko,yaml__false,1,0.508943,49805.3,5.23991,8.17956,1.02187e-05
NER,70B,ko,yaml__false,2,0.50589,37365,3.99839,6.21507,1.35392e-05
NER,70B,ko,yaml__false,3,0.508149,37498.3,3.9706,6.18376,1.35513e-05
NER,70B,ko,yaml__false,4,0.511119,38049.9,3.96725,6.20009,1.34328e-05
NER,70B,ko,yaml__false,5,0.509847,37526.4,3.95264,6.1549,1.35863e-05
NER,70B,ko,yaml__false,6,0.509881,38742.7,4.07304,6.34918,1.31607e-05
NER,70B,ko,yaml__false,7,0.509979,38243.2,3.99282,6.24889,1.33351e-05
NER,70B,ko,yaml__false,8,0.50762,37385.2,3.95151,6.16714,1.35781e-05
NER,70B,ko,yaml__false,9,0.505583,71965.5,6.53459,11.1921,7.02535e-06
NER,70B,ru,dst__false,1,0.454021,41536.4,3.81488,7.93285,1.09307e-05
NER,70B,ru,dst__false,2,0.457009,31503.6,2.88468,5.96886,1.45066e-05
NER,70B,ru,dst__false,3,0.455991,31153.8,2.85867,5.92164,1.46368e-05
NER,70B,ru,dst__false,4,0.457326,32470,2.96801,6.14264,1.40846e-05
NER,70B,ru,dst__false,5,0.456175,30609.9,2.80439,5.81165,1.49029e-05
NER,70B,ru,dst__false,6,0.455212,31331.8,2.88082,5.97138,1.45287e-05
NER,70B,ru,dst__false,7,0.452113,32388.3,3.00643,6.24292,1.39592e-05
NER,70B,ru,dst__false,8,0.456149,31516.7,2.8941,5.99064,1.44732e-05
NER,70B,ru,dst__false,9,0.390403,56812.2,4.592,11.8556,6.87181e-06
NER,70B,ru,json__false,1,0.432127,70673.9,7.5185,15.1596,6.11438e-06
NER,70B,ru,json__false,2,0.41354,61275.5,7.43906,14.5168,6.74886e-06
NER,70B,ru,json__false,3,0.45402,51060.4,4.06467,9.09195,8.89183e-06
NER,70B,ru,json__false,4,0.425414,61508.2,5.46303,12.3387,6.91637e-06
NER,70B,ru,json__false,5,0.429288,59959.7,5.89748,12.502,7.1596e-06
NER,70B,ru,json__false,6,0.422965,60925.3,6.4078,13.2851,6.94235e-06
NER,70B,ru,json__false,7,0.462496,49926.7,4.19059,8.9619,9.2635e-06
NER,70B,ru,json__false,8,0.4294,48679.8,4.19473,9.53384,8.82092e-06
NER,70B,ru,json__false,9,0.36018,118065,16.4436,33.8682,3.0507e-06
NER,70B,ru,json__json_xgrammar,1,0.43777,53924.6,5.6189,11.3144,8.11818e-06
NER,70B,ru,json__json_xgrammar,2,0.421431,60450,7.18787,13.935,6.97156e-06
NER,70B,ru,json__json_xgrammar,3,0.450515,52189.2,4.17613,9.38992,8.63234e-06
NER,70B,ru,json__json_xgrammar,4,0.429422,63139.3,5.57324,12.5103,6.80119e-06
NER,70B,ru,json__json_xgrammar,5,0.429992,60866.9,5.93476,12.6201,7.06445e-06
NER,70B,ru,json__json_xgrammar,6,0.422012,62448.7,6.54735,13.6291,6.75775e-06
NER,70B,ru,json__json_xgrammar,7,0.460566,49020.2,4.12767,8.85,9.39544e-06
NER,70B,ru,json__json_xgrammar,8,0.455112,69484.4,5.47293,12.2764,6.54985e-06
NER,70B,ru,json__json_xgrammar,9,0.461135,56556.1,4.35482,9.74768,8.15359e-06
NER,70B,ru,yaml__false,1,0.434976,45835.1,4.28085,9.20938,9.49003e-06
NER,70B,ru,yaml__false,2,0.4364,35655,3.30782,7.11818,1.22395e-05
NER,70B,ru,yaml__false,3,0.436054,35622.2,3.31894,7.13157,1.22411e-05
NER,70B,ru,yaml__false,4,0.43634,35781.6,3.32142,7.14632,1.21945e-05
NER,70B,ru,yaml__false,5,0.436141,35690.3,3.32529,7.14378,1.22202e-05
NER,70B,ru,yaml__false,6,0.43699,35793.7,3.33027,7.14589,1.22086e-05
NER,70B,ru,yaml__false,7,0.437295,35782.8,3.33421,7.1437,1.22208e-05
NER,70B,ru,yaml__false,8,0.437203,35739.5,3.31597,7.12226,1.22331e-05
NER,70B,ru,yaml__false,9,0.42539,66608.1,4.91573,12.1725,6.38646e-06
NER,70B,zh,dst__false,1,0.563215,44483.7,3.44915,6.21194,1.26612e-05
NER,70B,zh,dst__false,2,0.564323,35126.9,2.72745,4.89914,1.60653e-05
NER,70B,zh,dst__false,3,0.562902,35531.2,2.76874,4.97706,1.58424e-05
NER,70B,zh,dst__false,4,0.563714,34861.7,2.7153,4.87508,1.617e-05
NER,70B,zh,dst__false,5,0.563324,33497.9,2.59976,4.67913,1.68167e-05
NER,70B,zh,dst__false,6,0.562011,33415.5,2.61672,4.69979,1.68189e-05
NER,70B,zh,dst__false,7,0.56482,33317.8,2.59363,4.64878,1.69525e-05
NER,70B,zh,dst__false,8,0.574249,35052.9,2.63556,4.72602,1.63824e-05
NER,70B,zh,dst__false,9,0.552896,60984.5,4.26644,8.22337,9.06618e-06
NER,70B,zh,json__false,1,0.574944,79130.3,6.01568,10.7165,7.26578e-06
NER,70B,zh,json__false,2,0.569251,57911.5,4.72285,8.20625,9.82966e-06
NER,70B,zh,json__false,3,0.562618,51592,4.20233,7.39246,1.09052e-05
NER,70B,zh,json__false,4,0.570741,53127.5,4.29036,7.47222,1.07428e-05
NER,70B,zh,json__false,5,0.575725,58956.3,4.75186,8.21233,9.76528e-06
NER,70B,zh,json__false,6,0.564501,56208,4.61743,8.06081,1.00431e-05
NER,70B,zh,json__false,7,0.563031,48799.2,4.0098,7.01743,1.15377e-05
NER,70B,zh,json__false,8,0.554275,47965.4,3.90407,6.97374,1.15557e-05
NER,70B,zh,json__false,9,0.40786,82699.8,13.1311,21.5364,4.93181e-06
NER,70B,zh,json__json_xgrammar,1,0.567776,53824.1,4.25352,7.52785,1.05487e-05
NER,70B,zh,json__json_xgrammar,2,0.574638,58756.1,4.67208,8.14473,9.78005e-06
NER,70B,zh,json__json_xgrammar,3,0.565353,51948.7,4.19144,7.3728,1.08829e-05
NER,70B,zh,json__json_xgrammar,4,0.570925,53666,4.31468,7.5289,1.06385e-05
NER,70B,zh,json__json_xgrammar,5,0.569622,58596.5,4.82792,8.33995,9.72109e-06
NER,70B,zh,json__json_xgrammar,6,0.563063,56037,4.63345,8.08265,1.00481e-05
NER,70B,zh,json__json_xgrammar,7,0.559723,48451.6,4.02154,7.0434,1.15522e-05
NER,70B,zh,json__json_xgrammar,8,0.564601,59312.6,4.79604,8.43828,9.51907e-06
NER,70B,zh,json__json_xgrammar,9,0.560604,54240.9,4.2442,7.64495,1.03354e-05
NER,70B,zh,yaml__false,1,0.574346,49339.8,4.06089,6.96103,1.16406e-05
NER,70B,zh,yaml__false,2,0.575359,38162.2,3.11375,5.35159,1.50767e-05
NER,70B,zh,yaml__false,3,0.570173,37691.7,3.13158,5.38145,1.51273e-05
NER,70B,zh,yaml__false,4,0.571104,37921.9,3.13923,5.39583,1.506e-05
NER,70B,zh,yaml__false,5,0.575262,38230.5,3.1298,5.37097,1.50472e-05
NER,70B,zh,yaml__false,6,0.566493,37792.8,3.17613,5.46139,1.49894e-05
NER,70B,zh,yaml__false,7,0.575745,38051.5,3.11336,5.33981,1.51307e-05
NER,70B,zh,yaml__false,8,0.570709,38685.8,3.20539,5.5108,1.47524e-05
NER,70B,zh,yaml__false,9,0.566318,66467.4,4.70233,8.80246,8.52024e-06
RE,12B,en,dst__false,1,0.005574221136224802,47050.4280000329,3.350931415143715,644.5264109593548,1.184733353800927e-07
RE,12B,en,dst__false,2,0.06350346611113107,54499.63499999046,3.4735267686418396,61.65117081446885,1.1652090167418954e-06
RE,12B,en,dst__false,3,0.005612362573998617,48000.185000002384,3.4624673591576416,657.5367808219505,1.1692376964793652e-07
RE,12B,en,dst__false,4,0.058846699227981726,45147.30999997258,3.4106904887793745,60.43816599728592,1.3034375520494457e-06
RE,12B,en,dst__false,5,0.06704817879514344,43736.128999978304,3.1898569761489535,50.445362168371744,1.5330158458965744e-06
RE,12B,en,dst__false,6,0.06906195377743252,50354.572999984026,3.7041763277904978,56.641814398182255,1.3715130456464089e-06
RE,12B,en,dst__false,7,0.0052435723951285524,45536.879000008106,3.9607618509183355,734.4657903227114,1.1515001709114978e-07
RE,12B,en,dst__false,8,0.005351681957186544,48296.24000000954,4.239115246204647,766.6069841271355,1.1080949484236221e-07
RE,12B,en,json__false,1,0.1132360342224459,55786.89800000191,7.227218292525186,49.588353777779474,2.0297962116918925e-06
RE,12B,en,json__false,2,0.1530786641415308,55365.33399999142,5.8291570857013495,33.41299577549271,2.764882880351711e-06
RE,12B,en,json__false,3,0.13765601532963903,55079.150999993086,7.694768231348573,41.444056433403375,2.4992399634056872e-06
RE,12B,en,json__false,4,0.1532915784256297,56495.92499998212,5.625963453493539,33.21335978834927,2.7133209771444264e-06
RE,12B,en,json__false,5,0.16467811721515666,58907.77399998903,5.490006896550702,31.2673959660239,2.7955243600816985e-06
RE,12B,en,json__false,6,0.16887214091665936,58219.20300000906,5.455833848749795,30.21235236118789,2.9006261201588946e-06
RE,12B,en,json__false,7,0.1442461181250907,54907.53099998832,6.443033442852419,36.82597652581376,2.627073472400742e-06
RE,12B,en,json__false,8,0.13916178458765213,58314.8180000186,5.808827373246199,37.76866450778407,2.386388046132764e-06
RE,12B,en,json__json_xgrammar,1,0.11726193384472566,55933.03200003505,6.725953823958038,46.610860000029206,2.0964701832121704e-06
RE,12B,en,json__json_xgrammar,2,0.15291383788217072,55813.79599997401,5.697610861573501,33.26209535159357,2.7397139926164834e-06
RE,12B,en,json__json_xgrammar,3,0.13447727382272137,52341.284999996424,6.089028036295535,37.520634408599584,2.5692390590473765e-06
RE,12B,en,json__json_xgrammar,4,0.15522978685133557,56513.94500002265,5.602651432539174,32.742725955980674,2.746751918509199e-06
RE,12B,en,json__json_xgrammar,5,0.16602131825103328,59251.11200001836,5.46899686173328,31.054041928730797,2.8019949777648364e-06
RE,12B,en,json__json_xgrammar,6,0.17145848784957027,58579.37400004268,5.439124791090314,29.811386259563704,2.9269429859295757e-06
RE,12B,en,json__json_xgrammar,7,0.1449992859523016,53963.575000047684,6.0934479449014995,35.43241956667609,2.686984432595014e-06
RE,12B,en,json__json_xgrammar,8,0.1404751232631107,58933.15100002289,5.801077960431429,37.60890299937645,2.383635031886487e-06
RE,12B,en,yaml__false,1,0.008295169791756676,46369.74000000954,4.217347885403323,483.01812500009936,1.7889187629162832e-07
RE,12B,en,yaml__false,2,0.06934075667468052,52713.47399997711,4.5607781623098385,64.1283138685853,1.315427563637916e-06
RE,12B,en,yaml__false,3,0.007510359116022099,47365.09799998999,4.299273667966777,544.4264137929883,1.5856314951620467e-07
RE,12B,en,yaml__false,4,0.06901960784313727,45520.48299995065,4.215249837943388,57.47535732317001,1.5162318871531327e-06
RE,12B,en,yaml__false,5,0.08131763894278446,43272.97499999404,3.9189435790612244,45.888626723217435,1.8791783773312479e-06
RE,12B,en,yaml__false,6,0.07904838233433162,49620.550999969244,4.293920993420668,52.95683137670144,1.5930573268801592e-06
RE,12B,en,yaml__false,7,0.00797209765819631,44823.78100001812,4.515794982875088,509.3611477274786,1.7785419882791878e-07
RE,12B,en,yaml__false,8,0.006625258799171843,47946.26799994707,5.002740818024527,665.9203888881538,1.381809069932024e-07
RE,27B,en,dst__false,1,0.015916683041854982,20765.78299999237,2.530869347957632,128.18384567896524,7.664860526502097e-07
RE,27B,en,dst__false,2,0.06434530648948393,19799.71299996972,2.5171259852491383,30.744895962685902,3.2498100598519952e-06
RE,27B,en,dst__false,3,0.014781459546767168,19762.20699995756,2.3867399758402854,130.87554304607656,7.479660316683714e-07
RE,27B,en,dst__false,4,0.0667934279167276,19891.9810000062,2.379423564594043,29.039388321176933,3.357806742159405e-06
RE,27B,en,dst__false,5,0.06869930616632464,20190.501000016928,2.4282021647645133,28.720485064035458,3.402555794245375e-06
RE,27B,en,dst__false,6,0.06673496268110639,20423.63799998164,2.446530666025592,29.859119883014095,3.267535523356141e-06
RE,27B,en,dst__false,7,0.012596850787303174,20061.227000057697,2.5542687802467148,159.21608730204522,6.27920255688595e-07
RE,27B,en,dst__false,8,0.015935870195093682,19763.639999985695,2.3096459039366244,119.77963636354967,8.063226306037358e-07
RE,27B,en,json__false,1,0.13264458998247394,97465.76799999923,10.226184870422749,67.7786981919327,1.3609351539965805e-06
RE,27B,en,json__false,2,0.1851113768212214,102308.84200000018,9.809093192713345,48.95159904306229,1.8093389896957398e-06
RE,27B,en,json__false,3,0.1600480144043213,92493.17400000244,11.793086064006431,57.80823375000153,1.7303764968030728e-06
RE,27B,en,json__false,4,0.19662210982658962,101012.54600000009,10.10833043130192,46.39988332567758,1.946511771187209e-06
RE,27B,en,json__false,5,0.21608762007361523,102516.51800000668,10.123088575096936,42.59099210635923,2.107832223423753e-06
RE,27B,en,json__false,6,0.21370489209265528,104136.07400000095,9.824157924528391,42.836723159194136,2.0521696649775113e-06
RE,27B,en,json__false,7,0.1622143857784648,96148.5319999978,11.245442339181029,57.26535556878963,1.6871228546523054e-06
RE,27B,en,json__false,8,0.1605672461116194,103187.44099999964,10.628019466474369,58.796262678062476,1.556073535263075e-06
RE,27B,en,json__json_xgrammar,1,0.13191175113080403,98500.07800000906,10.352083867578461,68.92937578727016,1.3392045347496262e-06
RE,27B,en,json__json_xgrammar,2,0.18465620163608223,103269.34900000691,9.86901271024531,49.45850047893052,1.7881026986629874e-06
RE,27B,en,json__json_xgrammar,3,0.15631659810675522,93442.94799998403,11.642530276599055,59.253613189590375,1.6728560201972859e-06
RE,27B,en,json__json_xgrammar,4,0.19830767845890718,102229.66700005531,10.154928677863843,46.40475124832288,1.9398251435055528e-06
RE,27B,en,json__json_xgrammar,5,0.2185543030953659,103914.41999998689,10.182696717294158,42.53557920588902,2.103214386370953e-06
RE,27B,en,json__json_xgrammar,6,0.21377546520857219,104524.4509999752,9.929177448463495,43.1206481023,2.045219689397105e-06
RE,27B,en,json__json_xgrammar,7,0.16082594154427804,96399.6060000062,11.367878066038466,58.10705605786992,1.6683257143630617e-06
RE,27B,en,json__json_xgrammar,8,0.16166281755196307,104493.20200002193,10.520862062023957,58.53960896359772,1.5471132519408214e-06
RE,27B,en,yaml__false,1,0.01399003449597547,20246.78299996257,2.3216125444286857,138.67659589015457,6.909756723328013e-07
RE,27B,en,yaml__false,2,0.08189698116967221,21119.72999998927,2.6656228701235984,25.69310218976797,3.877747545527988e-06
RE,27B,en,yaml__false,3,0.013324903953703254,18813.362000077963,2.2364909652969525,137.32381021954717,7.082680891192141e-07
RE,27B,en,yaml__false,4,0.08287213051638674,19044.634999990463,2.2073058646256913,22.11920441346163,4.351468564056399e-06
RE,27B,en,yaml__false,5,0.08235536339304098,22974.77900004387,3.157177270859402,28.718473750054837,3.584598719878164e-06
RE,27B,en,yaml__false,6,0.08781011916389919,22133.67000001669,2.6586990991011037,24.620322580663725,3.967264315580425e-06
RE,27B,en,yaml__false,7,0.01563494227797473,20490.04399996996,2.079996345545626,119.12816279052302,7.63050693204839e-07
RE,27B,en,yaml__false,8,0.015027948318519198,18826.22699996829,1.945863255810676,114.79406707297738,7.982453583792711e-07
RE,4B,en,dst__false,1,0.005202585527352988,24835.902000010014,1.8785191740420553,376.3015454546972,2.0947842068916563e-07
RE,4B,en,dst__false,2,0.028354080221300138,22574.204000025988,1.6267351733102247,61.1767046071165,1.2560389824273536e-06
RE,4B,en,dst__false,3,0.005105907694762456,21056.858000010252,1.6300400990873396,329.0134062501602,2.4248193604002884e-07
RE,4B,en,dst__false,4,0.027957565776875644,21952.605000019073,1.5725361747864666,60.14412328772349,1.273542059215813e-06
RE,4B,en,dst__false,5,0.03278088757179966,24893.113999962807,1.6396465551286263,55.564986607059836,1.316865683090056e-06
RE,4B,en,dst__false,6,0.032271018143321284,23997.9280000329,1.5744605694812297,54.29395475120566,1.3447418520164341e-06
RE,4B,en,dst__false,7,0.005174129353233831,22212.66400000453,1.7120906428244589,341.733292307762,2.329360113326693e-07
RE,4B,en,dst__false,8,0.0048835161316147626,20106.513000011444,1.56702618658027,329.61496721330235,2.428823004571694e-07
RE,4B,en,json__false,1,0.039259674705552444,24551.99099996686,3.290269498789448,63.771405194719115,1.5990424037547682e-06
RE,4B,en,json__false,2,0.06605055721663494,24166.023000001907,2.435354529880269,33.149551440331834,2.733199302865421e-06
RE,4B,en,json__false,3,0.05641025641025642,23430.561000049114,3.791966499441514,45.32023404264819,2.4075503958329538e-06
RE,4B,en,json__false,4,0.06605019815059446,22691.49399998784,2.7378733108093436,33.61702814813013,2.9107910722242375e-06
RE,4B,en,json__false,5,0.07480439600198996,24156.22300001979,2.425323594379497,29.209459492164193,3.0966925583494026e-06
RE,4B,en,json__false,6,0.07519129550179132,24619.27699998021,2.3541094855594005,28.963855294094365,3.0541634306259993e-06
RE,4B,en,json__false,7,0.05940177679650949,23873.66700002551,3.474049330620709,42.25427787615135,2.48817145671195e-06
RE,4B,en,json__false,8,0.09589722712263084,24843.744000017643,2.4953539574143875,23.437494339639287,3.8600151057168655e-06
RE,4B,en,json__json_xgrammar,1,0.04144867171229746,24702.671999961138,3.277955414007582,60.5457647057871,1.6779023626416878e-06
RE,4B,en,json__json_xgrammar,2,0.06896861389250596,23550.63899999857,2.327138241106578,30.664894531248137,2.928524100450529e-06
RE,4B,en,json__json_xgrammar,3,0.034669842530104536,21107.67399993539,7.123750928091592,80.56364122112744,1.6425231188529187e-06
RE,4B,en,json__json_xgrammar,4,0.06713952584531675,22359.493000000715,2.651428080161356,32.35816642547137,3.0027302428241375e-06
RE,4B,en,json__json_xgrammar,5,0.07386980108499097,24888.94099998474,2.496633664357984,30.463820073420735,2.967976865107931e-06
RE,4B,en,json__json_xgrammar,6,0.07981594549154943,24099.9280000329,2.3059925366025165,26.71832372509191,3.311874852548956e-06
RE,4B,en,json__json_xgrammar,7,0.048236840601245924,22037.394999980927,4.122221286939942,52.22131516583158,2.188863093904142e-06
RE,4B,en,json__json_xgrammar,8,0.09389119826495572,20078.12900006771,2.0116350065191573,19.324474494771618,4.676292211522253e-06
RE,4B,en,yaml__false,1,0.0032027699632114263,24651.37099996209,2.2504446777398295,666.2532702692457,1.2992258983146825e-07
RE,4B,en,yaml__false,2,0.03788041840643967,23044.1439999938,2.079796389891137,52.37305454544046,1.6438197229825445e-06
RE,4B,en,yaml__false,3,0.0031183680540517126,20900.962000072002,1.9108577436525875,580.5822777797779,1.491973457509262e-07
RE,4B,en,yaml__false,4,0.036945492389748924,21877.638000041246,2.005283043083524,51.3559577465757,1.6887331433895774e-06
RE,4B,en,yaml__false,5,0.03765066655309,24340.826000005007,2.148731108757504,55.06974208145929,1.5468113757964602e-06
RE,4B,en,yaml__false,6,0.03658691509633707,23542.58400002122,2.0536099092830793,54.49672222227134,1.5540738899478533e-06
RE,4B,en,yaml__false,7,0.0029616724738675956,22211.53499996662,2.05491118512042,653.2804411754888,1.3333938756920882e-07
RE,4B,en,yaml__false,8,0.003186770595581585,20436.439999997616,1.846110207768529,552.3362162161518,1.5593570091375783e-07
RE,70B,en,dst__false,1,0.018219852891558135,68454.94799998403,3.9146193172061547,253.53684444438528,2.661583044597797e-07
RE,70B,en,dst__false,2,0.09026344330546128,69794.3940000236,4.247467989290628,54.104181395367135,1.293276409928149e-06
RE,70B,en,dst__false,3,0.01921836270415266,47139.917999982834,2.7248507514440945,166.57214840983335,4.0768765665141073e-07
RE,70B,en,dst__false,4,0.08894944624951963,47867.41800004244,2.9059870082590114,37.60205655934206,1.8582461717371255e-06
RE,70B,en,dst__false,5,0.08584342545630198,71271.91400000453,4.234310480038292,57.29253536977856,1.2044495599808997e-06
RE,70B,en,dst__false,6,0.08849496243465016,48190.274000018835,2.8801263447297893,37.70756964007734,1.8363656208847364e-06
RE,70B,en,dst__false,7,0.01882816748232735,68779.84399998188,3.9819280958711216,248.3026859205122,2.7374542289354876e-07
RE,70B,en,dst__false,8,0.01909646074428962,47466.65100002289,2.71424125114495,167.72668197887947,4.023132102637789e-07
RE,70B,en,json__false,1,0.1281158874988242,74660.43499997258,8.194537921191152,54.81676578558927,1.715980994470113e-06
RE,70B,en,json__false,2,0.1985081175954366,73936.98600003123,6.949618009214328,32.68655437667163,2.684828369868265e-06
RE,70B,en,json__false,3,0.1587520073411333,73384.23700001836,7.609315325592944,42.418634104056856,2.1632984661418986e-06
RE,70B,en,json__false,4,0.2132175158950479,72970.16400000453,7.165880781695427,30.646855942883043,2.921982139097764e-06
RE,70B,en,json__false,5,0.2288097985266708,73329.34900003672,7.062443320816404,28.444278122589882,3.1203031480145313e-06
RE,70B,en,json__false,6,0.2307589821024115,73527.31499993801,7.093123191196026,28.301506928382608,3.1384116515420976e-06
RE,70B,en,json__false,7,0.15954517189304432,73358.76199996471,7.078911705101294,40.84563585744138,2.1748618371329804e-06
RE,70B,en,json__false,8,0.16595479622708667,74536.42999997735,7.219024697334368,39.96591420910314,2.2264924175619506e-06
RE,70B,en,json__json_xgrammar,1,0.12578733728362806,77585.99299997091,8.358758134019705,57.55637462905854,1.6212634835217643e-06
RE,70B,en,json__json_xgrammar,2,0.19878064827404712,76885.82100000978,7.220681912097087,33.930194616067865,2.5854006068820134e-06
RE,70B,en,json__json_xgrammar,3,0.16183970856102003,76589.83500000834,7.8081185645843965,43.10063871694336,2.1130703383941536e-06
RE,70B,en,json__json_xgrammar,4,0.207464813825049,76149.15599998832,7.3924042325976425,32.69607385143337,2.724453227361848e-06
RE,70B,en,json__json_xgrammar,5,0.23022479412419317,76394.8860000372,7.40691157650157,29.541719257554984,3.0136152585407496e-06
RE,70B,en,json__json_xgrammar,6,0.23199292973928412,77302.62200000882,7.37690829277687,29.448617904765264,3.0011003991463273e-06
RE,70B,en,json__json_xgrammar,7,0.15930536481637356,76974.48299992085,7.38576885433898,42.81116963288145,2.0695866812971954e-06
RE,70B,en,json__json_xgrammar,8,0.1624486550947396,77900.73800003529,7.426190467114899,42.36037955412468,2.08532883340163e-06
RE,70B,en,yaml__false,1,0.02068936633580433,70718.86999994516,6.030945761550841,286.3112145746768,2.925579316499312e-07
RE,70B,en,yaml__false,2,0.08406482106684673,71569.92000001669,6.199213512344452,71.85734939760712,1.1745831358596898e-06
RE,70B,en,yaml__false,3,0.02095333500292178,47979.855999946594,4.063678834585127,191.1548047806637,4.3671108564696616e-07
RE,70B,en,yaml__false,4,0.08553543670965844,50086.65899991989,4.2985460865018785,49.201040274970424,1.7077488979609369e-06
RE,70B,en,yaml__false,5,0.08404475756319935,72604.58499991894,6.060988813750642,71.6021548322672,1.1575681833770303e-06
RE,70B,en,yaml__false,6,0.08384669450531276,50535.49300003052,4.198694998340854,49.837764299832855,1.6591644709048773e-06
RE,70B,en,yaml__false,7,0.02215508559919436,70354.405000031,6.02297791285258,266.49395833345073,3.149068718466825e-07
RE,70B,en,yaml__false,8,0.019975557334906652,48686.94899994135,4.205126014850695,205.43016455671454,4.1028566680016683e-07
NER,12B,ar,dst__dst_ebnf,1,0.08317202622541367,89117.5149999857,18.73791316231827,133.8100825825611,9.33284845582005e-07
NER,12B,ar,dst__dst_ebnf,2,0.08367626886145405,89302.17199999094,18.686372044358848,133.08818479879426,9.370014971356188e-07
NER,12B,ar,dst__dst_ebnf,3,0.0838741887169246,89466.47100001574,18.77575466946815,133.13462946430914,9.374929823364761e-07
NER,12B,ar,dst__dst_ebnf,4,0.08340605909487596,89313.26300001144,18.67306355843852,133.50263527654926,9.338597235537713e-07
NER,12B,ar,dst__dst_ebnf,5,0.08379120879120878,89171.28900000453,18.74527832667743,132.8931281669218,9.396657795448547e-07
NER,12B,ar,dst__dst_ebnf,6,0.08319280494659921,89000.40500000119,18.729041456229208,133.63424174174355,9.347463637564132e-07
NER,12B,ar,dst__dst_ebnf,7,0.08368148656232463,89547.04599997401,18.741533277516538,133.45312369593742,9.344974546938033e-07
NER,12B,ar,dst__dst_ebnf,8,0.08306789082505778,88917.28600001335,18.711550084177894,133.7102045112983,9.342153203489061e-07
NER,12B,ar,dst__dst_ebnf,9,0.08352059925093633,88894.22699999809,18.6713352236921,132.87627354259806,9.395503180531411e-07
NER,12B,de,dst__dst_ebnf,1,0.7254362491991105,45581.98600000143,3.5990514015003106,4.736282834580365,1.5914976789275655e-05
NER,12B,de,dst__dst_ebnf,2,0.7257030837668703,60371.702000021935,4.769450308107278,6.272384623378902,1.2020583480760683e-05
NER,12B,de,dst__dst_ebnf,3,0.728673431040962,50358.5340000093,3.952168733323599,5.194278906653873,1.4469710953873826e-05
NER,12B,de,dst__dst_ebnf,4,0.7286641407510224,54754.64699998498,4.281386113064742,5.637834328664022,1.3307804554948957e-05
NER,12B,de,dst__dst_ebnf,5,0.7229341249859079,67658.29500001669,5.3094479321993795,7.0338179644471035,1.0685077491026483e-05
NER,12B,de,dst__dst_ebnf,6,0.7272522691471008,54608.346000015736,4.268277786463634,5.632629809181613,1.3317602938329084e-05
NER,12B,de,dst__dst_ebnf,7,0.7238433625642576,93356.0150000155,7.416270654592906,9.749975456920678,7.753580340421959e-06
NER,12B,de,dst__dst_ebnf,8,0.7302040662933594,67667.97200000286,5.311040891609989,6.96530849202294,1.0790984932921124e-05
NER,12B,de,dst__dst_ebnf,9,0.7264366097132389,125975.89800000191,9.78149685534606,12.967153679876676,5.766472962258446e-06
NER,12B,en,dst__dst_ebnf,1,0.12003067876773617,20460.08900001645,12.12090580569695,21.789232161891853,5.866576570983619e-06
NER,12B,en,dst__dst_ebnf,2,0.12623651796540938,41287.41899999976,24.13057802454691,41.74663195146588,3.0575056766181026e-06
NER,12B,en,dst__dst_ebnf,3,0.11273080660835763,30237.962000012398,20.472553825329992,34.75627816093379,3.7281218426133156e-06
NER,12B,en,dst__dst_ebnf,4,0.1720639163983231,66405.67899999022,26.55165093962024,46.89666596044508,2.591102432645082e-06
NER,12B,en,dst__dst_ebnf,5,0.5708808179784856,66990.92700001597,4.714682736295022,8.332204850748257,8.521763222926433e-06
NER,12B,en,dst__dst_ebnf,6,0.5698951483916829,97859.03000000119,6.9026613528956196,12.206440064862317,5.823633735095023e-06
NER,12B,en,dst__dst_ebnf,7,0.5699500230390246,205283.3790000081,14.400798246229963,25.532758582090562,2.7764060871143503e-06
NER,12B,en,dst__dst_ebnf,8,0.56516452074392,76872.37799999118,5.4900998428789585,9.729449183646523,7.3519843596354574e-06
NER,12B,en,dst__dst_ebnf,9,0.5714184673055841,152617.4579999745,10.658388015921117,18.890637207572034,3.744122558414514e-06
NER,12B,es,dst__dst_ebnf,1,0.72482298199474,78151.6439999938,6.274720513849362,8.725203081388166,9.274571140113156e-06
NER,12B,es,dst__dst_ebnf,2,0.7224365482233501,77410.77300000191,6.260474969672617,8.702728836425173,9.33250657790657e-06
NER,12B,es,dst__dst_ebnf,3,0.7229189496326961,77691.81000000238,6.276097423055367,8.72353581854956,9.304956978511298e-06
NER,12B,es,dst__dst_ebnf,4,0.7234370562700313,77675.90299999714,6.269747598676014,8.711967586361276,9.313532618604484e-06
NER,12B,es,dst__dst_ebnf,5,0.7235732814526591,77505.51399999857,6.244401708024377,8.683118306071988,9.335765213461748e-06
NER,12B,es,dst__dst_ebnf,6,0.7240974107540823,77705.44200000167,6.256980594250879,8.69674784555139,9.318490341436662e-06
NER,12B,es,dst__dst_ebnf,7,0.7234785432990947,77015.41400000453,6.225480074367838,8.64370527497245,9.393944740711932e-06
NER,12B,es,dst__dst_ebnf,8,0.7242064296428428,77844.47499999404,6.27423833319852,8.715234549932159,9.303247656855522e-06
NER,12B,es,dst__dst_ebnf,9,0.7220078788124924,77425.26999998093,6.262660357516859,8.71023399707289,9.325222615467408e-06
NER,12B,fr,dst__dst_ebnf,1,0.7091828913076805,148965.90299999714,11.708394482433164,16.10094066147829,4.760706155070225e-06
NER,12B,fr,dst__dst_ebnf,2,0.7102725045927741,104253.548999995,8.170981189748021,11.235429356611164,6.812933577856503e-06
NER,12B,fr,dst__dst_ebnf,3,0.70389197159598,91222.2159999907,7.355443960650758,10.057576185224995,7.716234076094488e-06
NER,12B,fr,dst__dst_ebnf,4,0.7081555055482268,69932.58200001717,5.637451189038063,7.6630048213913176,1.012625996775084e-05
NER,12B,fr,dst__dst_ebnf,5,0.7095265478244202,63148.611999988556,4.966075180873589,6.823926086015621,1.1235821744182576e-05
NER,12B,fr,dst__dst_ebnf,6,0.7121582404154574,65104.60800001025,5.078758717529468,6.981727399464907,1.0938676420804888e-05
NER,12B,fr,dst__dst_ebnf,7,0.7142857142857142,74304.89700001478,5.8191633643993095,7.95981756829296,9.612902286717013e-06
NER,12B,fr,dst__dst_ebnf,8,0.7099122571746044,82526.12799999118,6.4828065985853245,8.908260794472277,8.602272690834111e-06
NER,12B,fr,dst__dst_ebnf,9,0.7140243902439023,74387.59800001979,5.779473079016377,7.940606105894512,9.598702061111214e-06
NER,12B,hi,dst__dst_ebnf,1,0.6522563519150549,6020.043000012636,4.272564229959287,7.000050000014693,0.00010834745730448867
NER,12B,hi,dst__dst_ebnf,2,0.6457940399849114,30680.43299999833,21.56038861559967,35.84162733644665,2.104905233850339e-05
NER,12B,hi,dst__dst_ebnf,3,0.651285930408472,34103.72699999809,24.084552966100347,39.609439024388024,1.9097206894968063e-05
NER,12B,hi,dst__dst_ebnf,4,0.6515495086923658,9057.47499999404,6.387499999995796,10.507511600921157,7.193500492055398e-05
NER,12B,hi,dst__dst_ebnf,5,0.6520423600605143,29766.016000002623,21.021197740114847,34.53134106728842,2.190559731139219e-05
NER,12B,hi,dst__dst_ebnf,6,0.6492819349962208,84623.75799998641,59.67824964738111,98.5142700814743,7.672572695203693e-06
NER,12B,hi,dst__dst_ebnf,7,0.6527672479150872,27323.591999977827,19.378434042537467,31.734717770009087,2.3890242831748365e-05
NER,12B,hi,dst__dst_ebnf,8,0.6512509476876422,15046.175999999046,10.671046808509962,17.515920838182822,4.328348596265812e-05
NER,12B,hi,dst__dst_ebnf,9,0.6505477899508878,86340.0379999876,60.84569274135842,100.27878977931196,7.534717438403041e-06
NER,12B,ja,dst__dst_ebnf,1,0.10515194829407745,97406.0679999888,46.05487848699234,115.13719621748085,1.079521537550305e-06
NER,12B,ja,dst__dst_ebnf,2,0.10638694059959033,88518.92499998212,41.460854800928395,103.2892940489873,1.201855316245784e-06
NER,12B,ja,dst__dst_ebnf,3,0.10542000372508847,90902.13699999452,42.657032848425395,107.06965488809719,1.159708750577501e-06
NER,12B,ja,dst__dst_ebnf,4,0.10656246123309764,90920.36899998784,42.3673667287921,105.84443422582984,1.1720416712465377e-06
NER,12B,ja,dst__dst_ebnf,5,0.10273251130801164,120933.03999999166,55.90986592694945,145.87821471651586,8.494991220597674e-07
NER,12B,ja,dst__dst_ebnf,6,0.10451276965038434,88424.66200000048,41.01329406308,104.89283748517256,1.1819414096305369e-06
NER,12B,ja,dst__dst_ebnf,7,0.10250994035785288,140615.0449999869,66.32785141508815,170.44247878786288,7.290111833898175e-07
NER,12B,ja,dst__dst_ebnf,8,0.10293661141118768,140063.12699997425,65.726479117773,168.95431483712213,7.349301248372572e-07
NER,12B,ja,dst__dst_ebnf,9,0.10272015898646131,140177.2459999919,65.93473471307239,169.50090205561293,7.327876807229274e-07
NER,12B,ko,dst__dst_ebnf,1,0.4889006342494715,72941.79099997878,6.045734852878473,11.26514146717819,6.702613516161314e-06
NER,12B,ko,dst__dst_ebnf,2,0.49183289424162585,88543.33300000429,7.289316950687766,13.551168197123397,5.554714031847005e-06
NER,12B,ko,dst__dst_ebnf,3,0.49174270417012295,72019.56399998069,5.952522026612174,11.044251495166492,6.8279044867621635e-06
NER,12B,ko,dst__dst_ebnf,4,0.4877531705470376,73586.5149999857,6.136300450299007,11.422929990683901,6.6282955585970124e-06
NER,12B,ko,dst__dst_ebnf,5,0.4891977640126907,90950.79300001264,7.54590500290489,14.044285515752415,5.378708067038214e-06
NER,12B,ko,dst__dst_ebnf,6,0.48765338585062873,83065.72399997711,6.9331211084197575,12.902411307856026,5.870693257916624e-06
NER,12B,ko,dst__dst_ebnf,7,0.48883818216390956,84322.93700000644,7.10267326482534,13.120108448732914,5.797214845159772e-06
NER,12B,ko,dst__dst_ebnf,8,0.4935576777323025,81490.18099999428,6.810712996238553,12.513848433660057,6.056652122693619e-06
NER,12B,ko,dst__dst_ebnf,9,0.4924733629090357,155673.80199998617,13.027096401672482,23.97194364028121,3.1634954409932087e-06
NER,12B,ru,dst__dst_ebnf,1,0.501430387794024,98167.24300000072,7.556557847740799,15.557407765451778,5.1079196325603274e-06
NER,12B,ru,dst__dst_ebnf,2,0.4996411197065157,78371.0,6.0748004030695295,12.509337589784517,6.375331687824778e-06
NER,12B,ru,dst__dst_ebnf,3,0.5011763767595805,84772.99700000882,6.571550155039444,13.490292329727692,5.911981344242535e-06
NER,12B,ru,dst__dst_ebnf,4,0.5000199848115433,78819.81400001049,6.137658775892422,12.601089368506873,6.343836142666827e-06
NER,12B,ru,dst__dst_ebnf,5,0.49866101762660386,71457.03999999166,5.564323314124876,11.455120230841882,6.97847290661161e-06
NER,12B,ru,dst__dst_ebnf,6,0.502086396693558,75805.22100001574,5.837457338673628,12.000193287955634,6.623374881968273e-06
NER,12B,ru,dst__dst_ebnf,7,0.501431070122436,106644.55399999022,8.216700362122676,16.908919296018745,4.701891013792247e-06
NER,12B,ru,dst__dst_ebnf,8,0.49458657470526907,113605.93900001049,8.902589060419285,18.42158894114002,4.353527456915993e-06
NER,12B,ru,dst__dst_ebnf,9,0.49690581706391984,71820.76300001144,5.580478865579755,11.541179977504651,6.918693095252144e-06
NER,12B,zh,dst__dst_ebnf,1,0.5464929999303476,160731.098999992,9.932709121245335,20.48573782819169,3.4000451893281384e-06
NER,12B,zh,dst__dst_ebnf,2,0.5458544248559958,212396.81999999285,13.181705455222048,27.167666922485655,2.5699745639130292e-06
NER,12B,zh,dst__dst_ebnf,3,0.5452125796736009,130401.47699999809,8.138901323180507,16.752502183966868,4.181030707755012e-06
NER,12B,zh,dst__dst_ebnf,4,0.5444956225167892,159119.98700000346,10.001884907913977,20.550172672091367,3.421918470347646e-06
NER,12B,zh,dst__dst_ebnf,5,0.5448614521220624,56068.06500001252,3.5090790461892927,7.21875434530868,9.717857253000272e-06
NER,12B,zh,dst__dst_ebnf,6,0.5465421345366775,119309.18299999833,7.431278916225371,15.272552867383299,4.580889088283215e-06
NER,12B,zh,dst__dst_ebnf,7,0.5474567383324593,78242.12999999523,4.8679232252843425,9.99260919540169,6.996955966465799e-06
NER,12B,zh,dst__dst_ebnf,8,0.548390464590221,101376.96700000763,6.2566788249094385,12.866730168804116,5.409418735028636e-06
NER,12B,zh,dst__dst_ebnf,9,0.5501559792027728,88053.6289999932,5.396104240715357,11.095467363910434,6.247964853360164e-06
NER,12B,ar,dst__dst_outlines,1,0.08440024860161591,527119.627000004,109.11190788656677,776.3175655375612,1.6011592867820735e-07
NER,12B,ar,dst__dst_outlines,2,0.08428642466434609,530489.4880000055,109.85493642576216,782.4328731563503,1.5888425043465746e-07
NER,12B,ar,dst__dst_outlines,3,0.08445798868088811,522001.90000000596,108.2991493775946,768.7804123711428,1.6179632426795216e-07
NER,12B,ar,dst__dst_outlines,4,0.08418827333208978,522261.7460000217,108.26321434494645,771.4353707533554,1.6119938704468368e-07
NER,12B,ar,dst__dst_outlines,5,0.08423017107309487,142453.49500000477,29.57921407807408,210.41875184638815,5.912818851730668e-07
NER,12B,ar,dst__dst_outlines,6,0.08458763527801964,119350.96400001645,24.7667491180777,175.51612352943596,7.087302225561244e-07
NER,12B,ar,dst__dst_outlines,7,0.08409937888198758,105456.8220000267,21.78409873993528,155.77078581983264,7.974768942114175e-07
NER,12B,ar,dst__dst_outlines,8,0.08461394885833386,110820.85899999738,23.020535729122845,162.97185147058437,7.63520059507352e-07
NER,12B,ar,dst__dst_outlines,9,0.019337921992789248,98722.00600001216,104.46773121694409,836.6271694916285,1.9588258764501672e-07
NER,12B,de,dst__dst_outlines,1,0.6804337426247806,45923.4130000025,4.094455509985957,5.381229552379014,1.4816706733551e-05
NER,12B,de,dst__dst_outlines,2,0.6766428628741074,52485.36199999973,4.7463702296979315,6.223806711727704,1.2892030026850358e-05
NER,12B,de,dst__dst_outlines,3,0.679814385150812,43317.25500000268,3.891936657682182,5.097946922443531,1.5693847293665537e-05
NER,12B,de,dst__dst_outlines,4,0.6474541331684189,85402.68699999899,8.222074419947914,10.87655208863971,7.581191598437958e-06
NER,12B,de,dst__dst_outlines,5,0.6537799983618641,35542.06099999696,3.368915734596868,4.452776371836252,1.839454381561947e-05
NER,12B,de,dst__dst_outlines,6,0.6817478271222764,61741.97600000352,5.449905199047005,7.188494120386951,1.1041885460909731e-05
NER,12B,de,dst__dst_outlines,7,0.6826054365408135,41857.67399999872,3.646456485756487,4.838478095017769,1.6307772776404975e-05
NER,12B,de,dst__dst_outlines,8,0.6434322996242309,89966.28500000015,8.693234612039825,11.547463098446945,7.1519269649094636e-06
NER,12B,de,dst__dst_outlines,9,0.6705165222970804,47384.99299999699,4.281260661365828,5.668061363636004,1.4150398255775262e-05
NER,12B,en,dst__dst_outlines,1,0.5788166135973967,97871.89100000262,6.693925928459245,11.833138798210932,5.914022991518384e-06
NER,12B,en,dst__dst_outlines,2,0.5790485511552309,82266.43299999833,5.615072896047938,9.931961004466778,7.038697680683963e-06
NER,12B,en,dst__dst_outlines,3,0.5785891305106635,97574.0150000006,6.641754475529276,11.772926520270342,5.929746054937475e-06
NER,12B,en,dst__dst_outlines,4,0.5759279304444987,77730.79700000584,5.294652748450776,9.42534218503769,7.4092631578762204e-06
NER,12B,en,dst__dst_outlines,5,0.5763470958712387,76710.75100000203,5.246255710573248,9.314078557552456,7.513250598618483e-06
NER,12B,en,dst__dst_outlines,6,0.5769850725348658,83339.13600000739,5.715990123457297,10.12257208793968,6.9233387844915336e-06
NER,12B,en,dst__dst_outlines,7,0.5778182837913629,86269.0039999932,5.921002333561647,10.466998786701433,6.6978666380732575e-06
NER,12B,en,dst__dst_outlines,8,0.5787263820853743,110230.68000000715,7.538686910135902,13.328981862153222,5.250138909470002e-06
NER,12B,en,dst__dst_outlines,9,0.5782896348934085,119677.16499999166,8.192016222875738,14.488760895882766,4.832079995322823e-06
NER,12B,es,dst__dst_outlines,1,0.7374914874013541,56579.44200000167,4.454022042037446,6.146598804997465,1.3034619312812104e-05
NER,12B,es,dst__dst_outlines,2,0.733822225803852,118844.98900002241,9.463687609493743,13.051283659128313,6.174616464508349e-06
NER,12B,es,dst__dst_outlines,3,0.734035708541097,112331.13199999928,8.90951237309639,12.307563492932978,6.534570563582513e-06
NER,12B,es,dst__dst_outlines,4,0.7346118280866804,122104.7839999795,9.680867676205462,13.36523467600476,6.016241166167606e-06
NER,12B,es,dst__dst_outlines,5,0.733958241139317,122783.36199998856,9.747031991743157,13.460136154350861,5.9776685471390285e-06
NER,12B,es,dst__dst_outlines,6,0.7335291986960196,121697.7650000155,9.668528243426987,13.354303193242126,6.02746647562448e-06
NER,12B,es,dst__dst_outlines,7,0.7322501310325364,106781.08400002122,8.513201307503884,11.75873626252849,6.857489206912255e-06
NER,12B,es,dst__dst_outlines,8,0.7329488161981205,144817.34000000358,11.554882310700037,15.938514197667134,5.061195131730098e-06
NER,12B,es,dst__dst_outlines,9,0.7344314985938128,149863.5870000124,11.865683847981979,16.39645371991383,4.900666754985333e-06
NER,12B,fr,dst__dst_outlines,1,0.7271633711750997,184911.19999998808,13.973490516133007,19.118196856905303,3.932500417363288e-06
NER,12B,fr,dst__dst_outlines,2,0.7242782844652146,236802.96100002527,17.987311887582624,24.643871474661804,3.05856937517406e-06
NER,12B,fr,dst__dst_outlines,3,0.724233983286908,177326.5869999826,13.436886186253133,18.43311715176534,4.084181597015562e-06
NER,12B,fr,dst__dst_outlines,4,0.7244978708972378,91236.78200000525,6.928674210206959,9.490979090815067,7.940852965388413e-06
NER,12B,fr,dst__dst_outlines,5,0.7248408123280962,125240.74500000477,9.508103932584632,13.020141906643598,5.787579851334073e-06
NER,12B,fr,dst__dst_outlines,6,0.727744751298066,94264.9129999876,7.136415550002846,9.747173301622128,7.720208167997374e-06
NER,12B,fr,dst__dst_outlines,7,0.7253889914478394,131392.25600001216,9.973603764992573,13.64830746857922,5.520789531521342e-06
NER,12B,fr,dst__dst_outlines,8,0.725271422668019,95879.95000001788,7.236222641510784,9.932658240963212,7.564370055135446e-06
NER,12B,fr,dst__dst_outlines,9,0.7264793288944063,170286.40999999642,12.886817769032573,17.635295153272207,4.2662202397385765e-06
NER,12B,hi,dst__dst_outlines,1,0.6414670658682635,2388.969999998808,1.6544113573398946,2.787596266042949,0.0002685119804219323
NER,12B,hi,dst__dst_outlines,2,0.6480993601806548,106573.2649999857,74.57891182644205,123.77847270613901,6.081256496934216e-06
NER,12B,hi,dst__dst_outlines,3,0.6483846731780616,16587.266000002623,11.567131101814939,19.220470451914974,3.9089303395626444e-05
NER,12B,hi,dst__dst_outlines,4,0.6527514231499052,44351.57900002599,31.52208884152522,51.57160348840231,1.4717659164953806e-05
NER,12B,hi,dst__dst_outlines,5,0.6522727272727273,91961.09200000763,65.1282521246513,106.80730778165811,7.092920637269871e-06
NER,12B,hi,dst__dst_outlines,6,0.6500189178963299,114135.31000000238,80.66099646643278,132.8699767171157,5.695160576479938e-06
NER,12B,hi,dst__dst_outlines,7,0.6473901614720241,64808.94499999285,45.163027874559475,75.1843909512678,9.989209999824801e-06
NER,12B,hi,dst__dst_outlines,8,0.6422155688622754,17663.996000021696,12.232684210541342,20.58740792543321,3.63573207818597e-05
NER,12B,hi,dst__dst_outlines,9,0.6456928838951311,91058.63600000739,63.14745908460984,105.63646867750279,7.090957126736213e-06
NER,12B,ja,dst__dst_outlines,1,0.10641996771389543,184985.51800000668,86.84766103286698,215.8524130688526,5.752881028983663e-07
NER,12B,ja,dst__dst_outlines,2,0.10538728897715988,251062.5529999733,117.5386484082272,295.71561012953276,4.197650653905805e-07
NER,12B,ja,dst__dst_outlines,3,0.10632219600049685,199343.7120000124,93.764681091257,232.87816822431355,5.333611726889597e-07
NER,12B,ja,dst__dst_outlines,4,0.10596108563638618,168793.5110000074,78.07285430157603,197.41931111111975,6.277556821267942e-07
NER,12B,ja,dst__dst_outlines,5,0.10695253439087866,208534.58200001717,96.45447826087751,241.63914484358884,5.128767294379493e-07
NER,12B,ja,dst__dst_outlines,6,0.10620347394540942,207353.18000000715,96.71323694030184,242.23502336449434,5.121863766227543e-07
NER,12B,ja,dst__dst_outlines,7,0.10562244011418642,163702.86800000072,76.56822637979454,192.36529729729813,6.452082446972521e-07
NER,12B,ja,dst__dst_outlines,8,0.10489032498601877,139378.58799999952,65.83778365611693,165.14050710900418,7.525569493215065e-07
NER,12B,ja,dst__dst_outlines,9,0.04969607908623338,155678.3859999776,156.46068944721367,418.4902849461763,3.1922272810716663e-07
NER,12B,ko,dst__dst_outlines,1,0.45957684185360803,67477.70699999481,6.321688870151285,11.700660135251399,6.810795183861884e-06
NER,12B,ko,dst__dst_outlines,2,0.4598904832327431,59846.33100000024,5.648011608154043,10.402630106031676,7.684522602275172e-06
NER,12B,ko,dst__dst_outlines,3,0.45495151100559333,70750.06300000101,6.784624376678272,12.51548965151265,6.430404323535187e-06
NER,12B,ko,dst__dst_outlines,4,0.4778485931913571,52587.84099999815,4.650087629321615,8.553650130123318,9.08667448795576e-06
NER,12B,ko,dst__dst_outlines,5,0.45582824566368824,101138.68800000101,9.809766052376432,17.941935071846906,4.506962218688102e-06
NER,12B,ko,dst__dst_outlines,6,0.4628914799633889,100658.89899999648,9.40210153185097,17.307238480054416,4.5986145741908535e-06
NER,12B,ko,dst__dst_outlines,7,0.4806946813459451,55429.20100000501,4.873753714939331,8.940193709678226,8.672228223998786e-06
NER,12B,ko,dst__dst_outlines,8,0.45429340619600594,54504.75299999863,5.208787557339319,9.641739430390702,8.334931931459581e-06
NER,12B,ko,dst__dst_outlines,9,0.4558864906145745,59817.67300000042,5.720894510329037,10.54799382824906,7.621267557742865e-06
NER,12B,ru,dst__dst_outlines,1,0.07449943332074047,13910.572999998927,13.14798960302356,28.21617241379093,5.3555977399885836e-06
NER,12B,zh,dst__dst_outlines,1,0.550625945797221,140258.5990000069,8.477913382495583,17.521374016240713,3.925791001214791e-06
NER,12B,zh,dst__dst_outlines,2,0.5519563051767373,118799.97100000083,7.1656897882864365,14.78715098332099,4.646097979070495e-06
NER,12B,zh,dst__dst_outlines,3,0.5499690061298986,96457.32700000703,5.843773597480131,12.079815529117976,5.701682010427871e-06
NER,12B,zh,dst__dst_outlines,4,0.5509348364036293,119374.31700000167,7.20685323593345,14.89386363069266,4.615187338861353e-06
NER,12B,zh,dst__dst_outlines,5,0.5503545122874647,92079.46099999547,5.5731425372228225,11.51713083176929,5.976951931631005e-06
NER,12B,zh,dst__dst_outlines,6,0.5522860089377793,120649.5,7.286477835487378,15.019233163201793,4.577607109335549e-06
NER,12B,zh,dst__dst_outlines,7,0.5511707988980715,107159.85399998724,6.491389265809744,13.389960514805354,5.143444847341217e-06
NER,12B,zh,dst__dst_outlines,8,0.5512418615866891,117911.951000005,7.147478390010608,14.737151731034247,4.675029603968352e-06
NER,12B,zh,dst__dst_outlines,9,0.5512873468263803,106331.12299999595,6.436508656174089,13.278112262736757,5.184628275076162e-06
NER,12B,ar,xml__false,1,0.08268933539412675,163979.21299999952,38.41162169126248,255.419334890965,5.04267180463459e-07
NER,12B,ar,xml__false,2,0.08206119162640903,234449.72799998522,54.957742147207036,368.05294819463927,3.5001615197614646e-07
NER,12B,ar,xml__false,3,0.080890441985375,124370.14099997282,29.654301621357373,198.99222559995653,6.504008223757877e-07
NER,12B,ar,xml__false,4,0.08224687033793865,154998.2309999764,37.27711183260615,244.47670504728137,5.306310259628136e-07
NER,12B,ar,xml__false,5,0.08356438197175833,148206.7580000162,34.87217835294499,228.7141327160744,5.638365152805596e-07
NER,12B,ar,xml__false,6,0.08235445979088679,93948.68400001526,22.18386871310868,147.2549905956352,8.765898178081283e-07
NER,12B,ar,xml__false,7,0.08183284930622782,42734.3219999969,10.088366855523347,67.40429337538943,1.9149209692910014e-06
NER,12B,ar,xml__false,8,0.08276395513729536,153536.5109999776,36.083786368972405,239.15344392519873,5.390506440341571e-07
NER,12B,ar,xml__false,9,0.011326583147417198,163473.375,413.85664556962024,2476.869318181818,6.928702088286363e-08
NER,12B,de,xml__false,1,0.7455386143910734,147265.91799998283,11.971865539385647,15.096454946179685,5.062533303810053e-06
NER,12B,de,xml__false,2,0.6989160979526294,115632.298999995,10.472043017568827,13.283434692704766,6.0442982107677345e-06
NER,12B,de,xml__false,3,0.7428549594987008,152775.85400000215,12.41676316645011,15.716063573706629,4.862384598411019e-06
NER,12B,de,xml__false,4,0.7289407191448009,118579.52300000191,10.000803154255031,12.647133425768121,6.147273160685502e-06
NER,12B,de,xml__false,5,0.7374942281052793,221856.1970000267,18.304966749177122,23.151017113641522,3.324199360116096e-06
NER,12B,de,xml__false,6,0.7426645215659236,75450.99799999595,6.1653046249383845,7.7832677945116515,9.843004615604467e-06
NER,12B,de,xml__false,7,0.6947224015493867,55919.756999999285,5.122733327226024,6.495499709606143,1.2423559021356183e-05
NER,12B,de,xml__false,8,0.7425772880318335,218047.71299999952,17.773696853602832,22.469879740313225,3.4055724676728675e-06
NER,12B,de,xml__false,9,0.24207767452942577,114119.74900001287,39.08210582192222,56.16129379921893,2.1212601381501327e-06
NER,12B,en,xml__false,1,0.5893395657418578,98730.92000000179,7.854488464598392,12.630282717155145,5.969148932693497e-06
NER,12B,en,xml__false,2,0.5847203791469194,82266.43299999833,6.625306676330703,10.668711321488566,7.107642301045571e-06
NER,12B,en,xml__false,3,0.5903269549495255,97574.0150000006,7.750120333598141,12.452018249106763,6.050042677341112e-06
NER,12B,en,xml__false,4,0.5895466184666366,77730.79700000584,6.170090252421483,9.929841211038049,7.584466404822689e-06
NER,12B,en,xml__false,5,0.5900143298891318,76710.75100000203,6.107543869426913,9.805797136648605,7.69141642074546e-06
NER,12B,en,xml__false,6,0.5894316598244886,83339.13600000739,6.617893750496894,10.65036881789232,7.072687432521935e-06
NER,12B,en,xml__false,7,0.5902442702050664,86269.0039999932,6.863087032616803,11.019160045982016,6.84190430905071e-06
NER,12B,en,xml__false,8,0.590184927121389,110230.68000000715,8.753329627571441,14.069008296108125,5.3540895068537245e-06
NER,12B,en,xml__false,9,0.4759134557915289,119677.16499999166,10.743977466558189,20.039712826522376,3.97664379659697e-06
NER,12B,es,xml__false,1,0.7355430477381697,27783.208999991417,2.3695700639651527,3.1496665910884727,2.6474373343208732e-05
NER,12B,es,xml__false,2,0.7354682678675674,27727.87999999523,2.3654564067561195,3.1441070416141548,2.652450414051467e-05
NER,12B,es,xml__false,3,0.7392081100170343,27951.196000009775,2.3669401304098376,3.141995953238509,2.6446385693720435e-05
NER,12B,es,xml__false,4,0.736359850062474,27741.56700000167,2.360984425532057,3.138186312217383,2.654355646393117e-05
NER,12B,es,xml__false,5,0.736232125734773,27839.574000000954,2.3739723714505803,3.152839637599202,2.6445524120977852e-05
NER,12B,es,xml__false,6,0.7386316402028432,27992.041000008583,2.37260900152641,3.1504829487910615,2.6387201997975665e-05
NER,12B,es,xml__false,7,0.7337925276560215,27944.793000012636,2.3894649850374208,3.1795190579147383,2.6258649604442935e-05
NER,12B,es,xml__false,8,0.7350327506362384,27779.462000012398,2.372488000684294,3.153531842435282,2.645957472595799e-05
NER,12B,es,xml__false,9,0.5414015832159682,40260.94599997997,4.832666666664263,7.222989953351269,1.3447314010362238e-05
NER,12B,fr,xml__false,1,0.7314276861104655,182518.30899998546,14.661282753633662,19.33047119254241,4.007420899952145e-06
NER,12B,fr,xml__false,2,0.7301034042058789,218510.90599998832,17.548257789912327,23.181721408867848,3.3412675713582825e-06
NER,12B,fr,xml__false,3,0.7196324078074068,168351.8300000131,13.92027699685903,18.375008731719397,4.274574311472294e-06
NER,12B,fr,xml__false,4,0.7294592287997517,170217.23399999738,13.717240228865935,18.10436439055492,4.285460476932453e-06
NER,12B,fr,xml__false,5,0.731082654249127,140739.36899998784,11.349033868235452,14.940485031845842,5.194585278048178e-06
NER,12B,fr,xml__false,6,0.7307916068727457,90322.3939999938,7.2758493636212185,9.587346778472964,8.090923795407768e-06
NER,12B,fr,xml__false,7,0.7310023310023309,133749.31900000572,10.811520410638245,14.21655176445639,5.4654658167066975e-06
NER,12B,fr,xml__false,8,0.7314307901378373,95498.43100002408,7.71019142580527,10.138914003612282,7.659086986860054e-06
NER,12B,fr,xml__false,9,0.5639386189258312,170768.26600000262,20.02676979007888,27.659259151279983,3.302361920837344e-06
NER,12B,hi,xml__false,1,0.6841686555290374,6844.896999999997,5.322625972006219,7.959182558139531,9.99530972531855e-05
NER,12B,hi,xml__false,2,0.6858513189448441,62820.65700000001,49.30977786499216,73.21754895104895,1.0917608183321674e-05
NER,12B,hi,xml__false,3,0.6796968488232948,47226.687999999966,36.924697419859235,55.43038497652577,1.439221926431291e-05
NER,12B,hi,xml__false,4,0.6837265093962415,6333.223999999929,4.975038491751712,7.407279532163659,0.00010795868098084784
NER,12B,hi,xml__false,5,0.6776131357629155,62452.772,49.21416233254531,73.82124349881796,1.0850008959777086e-05
NER,12B,hi,xml__false,6,0.6831801837794645,64626.21900000004,50.68723058823532,75.58622105263164,1.057125411869545e-05
NER,12B,hi,xml__false,7,0.6826538768984812,69519.38500000001,54.567806122448985,81.40443208430915,9.819619044364117e-06
NER,12B,hi,xml__false,8,0.6837265093962415,34317.24100000004,26.95776983503538,40.13712397660823,1.9923702764923344e-05
NER,12B,hi,xml__false,9,0.46751918158567773,91587.76800000004,125.98042365887213,200.41087089715546,5.104602850302865e-06
NER,12B,ja,xml__false,1,0.110712261477423,41356.6059999764,21.732320546493114,47.049608646162,2.677015166029006e-06
NER,12B,ja,xml__false,2,0.10952320728468445,40752.20899999142,22.172039717079116,47.05797806003628,2.687540380564585e-06
NER,12B,ja,xml__false,3,0.1124472706667506,41467.21100002527,21.744735710553368,46.435846584574776,2.7117153036089662e-06
NER,12B,ja,xml__false,4,0.11085188221199319,41537.78900000453,22.05936749867474,47.25573265074463,2.6686996318456214e-06
NER,12B,ja,xml__false,5,0.11045265414197453,42033.12999999523,22.286919406148055,47.98302511414981,2.6277523025762548e-06
NER,12B,ja,xml__false,6,0.1099873577749684,41087.3939999938,22.281667028196203,47.22688965516529,2.6769124801389203e-06
NER,12B,ja,xml__false,7,0.11204834445423643,41980.81999999285,21.97948691099102,47.16946067414926,2.6690365851418702e-06
NER,12B,ja,xml__false,8,0.11126529582439765,42318.39800000191,22.533758253462146,47.98004308390239,2.6292416793374984e-06
NER,12B,ja,xml__false,9,0.12783902644737635,55553.07499998808,21.179212733506702,52.359165881232876,2.3012052248665583e-06
NER,12B,ko,xml__false,1,0.4920530346701804,38653.50999999046,3.919041873668302,6.469206694559073,1.2729840955460495e-05
NER,12B,ko,xml__false,2,0.49154917965207356,42051.88100001216,4.275737773260006,7.053317846362321,1.1689112780756025e-05
NER,12B,ko,xml__false,3,0.48803076032579484,38059.33399999142,3.8979244162219806,6.448548627582416,1.2822892810628396e-05
NER,12B,ko,xml__false,4,0.49038540892960303,39180.99500000477,3.993578126593086,6.593906933693162,1.2515899836886311e-05
NER,12B,ko,xml__false,5,0.5024390243902439,43709.84499999881,4.2949636435097585,7.072790453074241,1.1494870878408688e-05
NER,12B,ko,xml__false,6,0.5014660368138133,57813.43599998951,5.705460969109791,9.389871041089737,8.673866691021519e-06
NER,12B,ko,xml__false,7,0.49255270866856465,43633.97699999809,4.446095068269624,7.310098341430406,1.1288283638885041e-05
NER,12B,ko,xml__false,8,0.49301980809619894,54284.014999985695,5.505478194724716,9.068495656529517,9.082228130994527e-06
NER,12B,ko,xml__false,9,0.29009398401769115,47127.07000002265,8.609256485206915,16.32954608455393,6.155570121748535e-06
NER,12B,ru,xml__false,1,0.558813672922252,46630.71099999547,3.9872348011967054,6.991111094452093,1.1983811975809383e-05
NER,12B,ru,xml__false,2,0.5580323472722701,32699.66400000453,2.797473179913126,4.9105967863049305,1.7065384747445505e-05
NER,12B,ru,xml__false,3,0.5520155497337953,33542.168000012636,2.919502828793858,5.135053276180747,1.6457360470366357e-05
NER,12B,ru,xml__false,4,0.5522885467201012,47123.65799999237,4.087756592643335,7.198847846011666,1.1719984614101703e-05
NER,12B,ru,xml__false,5,0.5429436085418353,29453.27999997139,2.610180786952445,4.624474799807096,1.843406264233942e-05
NER,12B,ru,xml__false,6,0.16685361749859787,45840.90299999714,21.964975083851048,38.52176722688835,3.639841420632754e-06
NER,12B,ru,xml__false,7,0.13186654121734098,41614.84999999404,25.37490853658173,45.68040614708456,3.168737631334965e-06
NER,12B,ru,xml__false,8,0.13733967430465485,53657.91400000453,31.544922986481204,56.30421196222931,2.55954180970664e-06
NER,12B,ru,xml__false,9,0.094045756017587,52055.24700000882,41.912437198074734,82.49642947703458,1.8066527667724074e-06
NER,12B,zh,xml__false,1,0.5342995169082125,49427.47200000286,4.015881702957659,7.448383363472401,1.080976823795847e-05
NER,12B,zh,xml__false,2,0.5365619371622974,56042.914999991655,4.500354533043576,8.360870505742453,9.574126134630528e-06
NER,12B,zh,xml__false,3,0.527985681744224,83472.00100001693,6.925987470960582,12.861633436058078,6.3253028011646316e-06
NER,12B,zh,xml__false,4,0.539517536898905,48161.10799998045,3.8005924873721946,7.0835575819944765,1.120234893472808e-05
NER,12B,zh,xml__false,5,0.5310063426655355,88131.43599998951,7.211475002044801,13.410139379182823,6.025163854876921e-06
NER,12B,zh,xml__false,6,0.5365443179996795,41085.560000002384,3.306951062459947,6.136752800597818,1.3059194471236327e-05
NER,12B,zh,xml__false,7,0.5264741764945099,39903.756999999285,3.309318046110407,6.164646531747147,1.3193599201561882e-05
NER,12B,zh,xml__false,8,0.5248439653076113,79009.2689999938,6.507105007411777,12.202203706562749,6.642815101955348e-06
NER,12B,zh,xml__false,9,0.30288727090133066,69641.70699998736,9.432711228496188,23.090751657820743,4.349222383382785e-06
NER,12B,ar,xml__xml_xgrammar,1,0.07199842411110016,570162.5570000112,63.02227887697703,779.97613816691,1.2627701210323206e-07
NER,12B,ar,xml__xml_xgrammar,2,0.07163944105491046,571290.4360000193,63.02155940430439,784.7396098901364,1.253993355052561e-07
NER,12B,ar,xml__xml_xgrammar,3,0.07250725564464558,564921.6130000055,62.284632083793326,766.5150786974294,1.2834923284240653e-07
NER,12B,ar,xml__xml_xgrammar,4,0.07228678353358281,513319.6789999902,56.72667466018237,699.3456117166079,1.4082215525889509e-07
NER,12B,ar,xml__xml_xgrammar,5,0.07250368912936546,505844.41499999166,55.765011024141955,686.3560583446292,1.4333199493636131e-07
NER,12B,ar,xml__xml_xgrammar,6,0.07172684844018667,511068.78200000525,56.186101802990905,700.0942219178155,1.4034676146622068e-07
NER,12B,ar,xml__xml_xgrammar,7,0.07289563118750925,508797.91800001264,56.258062582929306,687.5647540540712,1.4327030164362314e-07
NER,12B,ar,xml__xml_xgrammar,8,0.07226187546148166,509811.4890000224,56.29543827297067,694.5660613079324,1.4174234402449585e-07
NER,12B,ar,xml__xml_xgrammar,9,0.07249088939229784,506096.86199998856,55.9408491212544,687.6316059782454,1.4323520818886144e-07
NER,12B,de,xml__xml_xgrammar,1,0.4669749465111464,268428.2619999945,9.068828744214146,26.448739974381173,1.7396638603991556e-06
NER,12B,de,xml__xml_xgrammar,2,0.46644233428597764,285987.46400001645,9.68792222222278,28.262423559641906,1.6309887425203742e-06
NER,12B,de,xml__xml_xgrammar,3,0.4706455881328784,304439.2490000129,10.422789174569923,30.032479925028397,1.5459425474172632e-06
NER,12B,de,xml__xml_xgrammar,4,0.4694268110530246,280068.20199999213,9.664189164941067,27.848086109176904,1.6761160592341638e-06
NER,12B,de,xml__xml_xgrammar,5,0.4579176015658567,258909.61500000954,9.238193641618837,26.992245100084396,1.768638841650743e-06
NER,12B,de,xml__xml_xgrammar,6,0.46254176010251247,280218.96700000763,9.392604645706497,27.725236667656834,1.650644012624955e-06
NER,12B,de,xml__xml_xgrammar,7,0.4682563545111826,274312.6220000088,9.340209813068501,27.097957324904556,1.7070171656598709e-06
NER,12B,de,xml__xml_xgrammar,8,0.46690249936417655,247358.12800002098,8.418409556547017,24.498180449640586,1.8875567305560177e-06
NER,12B,de,xml__xml_xgrammar,9,0.4603663478683741,396759.91099998355,13.534365034964473,39.91548400402249,1.1603146767224503e-06
NER,12B,en,xml__xml_xgrammar,1,0.17860099337748345,92673.8369999826,17.257697765359886,53.69283719581842,1.9271997271194997e-06
NER,12B,en,xml__xml_xgrammar,2,0.17724016197694942,92267.10199999809,17.395758295625583,54.0521980082004,1.920946449330912e-06
NER,12B,en,xml__xml_xgrammar,3,0.24111350922785535,149380.80199998617,17.08185271583604,54.5782981366409,1.614086321667209e-06
NER,12B,en,xml__xml_xgrammar,4,0.41598407716451047,422586.75,16.748711902025285,51.844773647405226,9.843755800779615e-07
NER,12B,en,xml__xml_xgrammar,5,0.41261839291170177,421201.92199999094,16.636461094872853,51.98098506725792,9.79621343968394e-07
NER,12B,en,xml__xml_xgrammar,6,0.41291570189053717,423101.77799999714,16.695015507240544,52.144660833127574,9.759252344492393e-07
NER,12B,en,xml__xml_xgrammar,7,0.41284076433121014,422453.66899999976,16.703055076704086,52.14189940755366,9.772450676270736e-07
NER,12B,en,xml__xml_xgrammar,8,0.41422924901185776,423089.16800001264,16.751362711328053,52.09174686038077,9.790589793871665e-07
NER,12B,en,xml__xml_xgrammar,9,0.41219039853225975,423888.00599998236,16.763743019852186,52.409496290799005,9.72404014026943e-07
NER,12B,es,xml__xml_xgrammar,1,0.5845488216591825,243081.25199998915,13.320250534275257,27.260429740943046,2.4047466303950443e-06
NER,12B,es,xml__xml_xgrammar,2,0.5883733820221057,253286.89100000262,13.757367389061029,28.07125024936303,2.32295236322396e-06
NER,12B,es,xml__xml_xgrammar,3,0.5832923026423764,245981.64600001276,13.51176303213473,27.6850473832316,2.371283842219456e-06
NER,12B,es,xml__xml_xgrammar,4,0.5790328461105034,384991.3640000075,21.494688403774635,44.07456943331511,1.5040151552866835e-06
NER,12B,es,xml__xml_xgrammar,5,0.5871732424094821,489413.8639999926,26.404848340976134,54.1327136378711,1.1997478731201023e-06
NER,12B,es,xml__xml_xgrammar,6,0.5879024390243902,460225.0840000063,24.890485884262105,50.91548666888,1.2774237203993473e-06
NER,12B,es,xml__xml_xgrammar,7,0.5864832419454269,459134.3710000068,24.73651047896163,50.80043936711737,1.2773673220500807e-06
NER,12B,es,xml__xml_xgrammar,8,0.5839648723369654,458909.6280000061,24.82605507168007,51.120600200513096,1.2725051659560248e-06
NER,12B,es,xml__xml_xgrammar,9,0.5863816516145799,460346.0069999993,24.854011823777093,51.00786781163427,1.2737845939751593e-06
NER,12B,fr,xml__xml_xgrammar,1,0.5208855995985952,294928.1999999881,15.925708731572335,35.51212522576618,1.766143758374466e-06
NER,12B,fr,xml__xml_xgrammar,2,0.5148664380329105,245249.60400000215,13.318649071358866,29.974285504766822,2.0993568578113016e-06
NER,12B,fr,xml__xml_xgrammar,3,0.5178275160431992,248196.18999999762,13.36112133936249,30.008002659895734,2.0863636788429517e-06
NER,12B,fr,xml__xml_xgrammar,5,0.5208596713021492,234726.95700001717,12.313868271955576,27.791493843241437,2.2190023589924144e-06
NER,12B,fr,xml__xml_xgrammar,6,0.527762439413461,370874.6069999933,19.28725399136686,43.114927574981785,1.4230212299583792e-06
NER,12B,fr,xml__xml_xgrammar,7,0.5445282367163664,448035.43000000715,20.962683292004265,47.36604609366816,1.2153686968826498e-06
NER,12B,fr,xml__xml_xgrammar,8,0.5455540198111035,446783.88500002027,20.91782784774663,47.16392747809778,1.2210691525077695e-06
NER,12B,fr,xml__xml_xgrammar,9,0.544398101538904,446869.63799998164,20.885662647222922,47.22282975800292,1.2182481315477655e-06
NER,12B,hi,xml__xml_xgrammar,1,0.48110979929161746,47104.36300000548,21.807575462965502,57.79676441718464,1.0213699297696935e-05
NER,12B,hi,xml__xml_xgrammar,2,0.47605054363796656,48059.91400000453,22.09651218391013,59.33322716049942,9.905355711579543e-06
NER,12B,hi,xml__xml_xgrammar,3,0.485368016553355,104033.95399999619,48.275616705334656,126.71614372715734,4.665476970656837e-06
NER,12B,hi,xml__xml_xgrammar,4,0.48472263423316525,31766.60799998045,14.823428838068338,38.882017135838986,1.5258872909360156e-05
NER,12B,hi,xml__xml_xgrammar,5,0.4520917678812416,49059.957000017166,28.260343894019105,73.22381641793606,9.215086916629043e-06
NER,12B,hi,xml__xml_xgrammar,6,0.48527679623085984,61859.49200001359,28.532976014766415,75.07219902914271,7.844823495006284e-06
NER,12B,hi,xml__xml_xgrammar,7,0.48397530138194644,55722.31100001931,25.643033133925133,67.70633171326769,8.685485090196253e-06
NER,12B,hi,xml__xml_xgrammar,8,0.4859923326452374,50405.505000025034,23.30351595008092,61.17172936896242,9.64165189189149e-06
NER,12B,hi,xml__xml_xgrammar,9,0.4877617222058389,50179.514999985695,23.19903606101974,60.67655985487992,9.720335523489575e-06
NER,12B,ja,xml__xml_xgrammar,1,0.08597132034632035,508155.04299999774,32.590754425346184,399.80727222659146,1.6918324737814466e-07
NER,12B,ja,xml__xml_xgrammar,2,0.08652591427711046,496079.9629999995,31.17842769153413,383.6658646558388,1.744192886845352e-07
NER,12B,ja,xml__xml_xgrammar,3,0.08492183560262229,466456.2690000087,29.580586530535147,369.32404513064824,1.8205744299391268e-07
NER,12B,ja,xml__xml_xgrammar,4,0.08659171001845949,466610.326000005,29.496828244516404,361.71343100775584,1.8557606892406954e-07
NER,12B,ja,xml__xml_xgrammar,5,0.08675706672063685,464197.47099998593,29.623322973834455,360.96226360807617,1.8689689655943747e-07
NER,12B,ja,xml__xml_xgrammar,6,0.08643135149644343,465764.3760000169,29.4266095526925,361.6183043478392,1.8556883254729704e-07
NER,12B,ja,xml__xml_xgrammar,7,0.08767676767676767,467214.32700002193,29.71345249300572,358.8435691244408,1.8765855970158115e-07
NER,12B,ja,xml__xml_xgrammar,8,0.08557448962375569,467135.70600000024,29.831771249760536,368.40355362776046,1.831897851622493e-07
NER,12B,ja,xml__xml_xgrammar,9,0.08635964022452154,466155.6260000169,29.88560238492223,365.0396444792615,1.8525924692908974e-07
NER,12B,ko,xml__xml_xgrammar,1,0.34528066968661425,353325.654,15.14728860499014,54.21599723799294,9.77230681604043e-07
NER,12B,ru,xml__xml_xgrammar,1,0.4147362216327733,438299.09700000286,20.148903461591637,62.293788658329,9.462401918495638e-07
NER,12B,ru,xml__xml_xgrammar,2,0.3396805413486506,240058.53599998355,18.129940034739334,55.60772202918312,1.4149904727764977e-06
NER,12B,ru,xml__xml_xgrammar,3,0.17046146353342262,167275.29700002074,39.36815650741839,119.48235500001483,1.0190474420942231e-06
NER,12B,ru,xml__xml_xgrammar,4,0.1682855755220981,95539.53100001812,22.244361117582798,68.93184054835362,1.7614235046021546e-06
NER,12B,ru,xml__xml_xgrammar,5,0.154070504691859,99217.46999999881,27.598739916550432,81.66046913580149,1.5528566157941828e-06
NER,12B,ru,xml__xml_xgrammar,6,0.15425330812854443,102196.20500001311,27.672950176012215,83.49363153595843,1.5093839162474247e-06
NER,12B,zh,xml__xml_xgrammar,2,0.1521173409037142,89957.44400000572,20.557002742231656,69.95135614308377,1.6909922530002579e-06
NER,12B,zh,xml__xml_xgrammar,3,0.18302021927166548,110512.65400001407,19.667672895535517,66.53380734498138,1.6561019272204086e-06
NER,12B,zh,xml__xml_xgrammar,4,0.18123514126167967,109790.99500000477,19.764355535554415,66.98657413057033,1.6507286527612923e-06
NER,12B,zh,xml__xml_xgrammar,5,0.38301787592008407,374150.7730000019,14.667977614865999,51.35906286890898,1.0236992772966477e-06
NER,12B,zh,xml__xml_xgrammar,6,0.37947196991764426,447218.9129999876,17.72497772581299,62.41715464061237,8.485150312005136e-07
NER,12B,zh,xml__xml_xgrammar,7,0.38085523734797966,438623.88799998164,17.065085320778962,60.242259030350446,8.682957033749051e-07
NER,12B,zh,xml__xml_xgrammar,8,0.3794598547772031,440336.5609999895,17.097793003028247,60.61901996145231,8.617495987965718e-07
NER,12B,zh,xml__xml_xgrammar,9,0.38160751183532554,438818.9889999926,17.074004474533776,60.1533912268667,8.696239711616764e-07
NER,27B,ar,dst__dst_ebnf,1,0.07314764737696051,96920.09999999404,27.432804981600352,179.14990757854721,7.547211298478335e-07
NER,27B,ar,dst__dst_ebnf,2,0.07385903321631108,97371.23300001025,27.40535688151147,178.00956672762385,7.585303270864744e-07
NER,27B,ar,dst__dst_ebnf,3,0.07440918298446995,96840.54700002074,27.27134525486363,175.75416878406668,7.683680574878828e-07
NER,27B,ar,dst__dst_ebnf,4,0.0736436727248159,96493.38100001216,27.242625917564133,177.0520752293801,7.631992159628712e-07
NER,27B,ar,dst__dst_ebnf,5,0.07417916497770571,95859.875,27.056131809201243,174.60815118397085,7.738291436088949e-07
NER,27B,ar,dst__dst_ebnf,6,0.07374392220421394,94993.9619999826,26.766402366859,173.9816153845835,7.763011527430286e-07
NER,27B,ar,dst__dst_ebnf,7,0.07343295692744607,95139.91400000453,26.95181699716842,175.21162799264187,7.718417417051962e-07
NER,27B,ar,dst__dst_ebnf,8,0.07435897435897436,95788.40500000119,26.899299354114348,173.84465517241597,7.762836677254772e-07
NER,27B,ar,dst__dst_ebnf,9,0.0740390461392961,94953.42300000787,26.79272658013766,173.27266970804357,7.797406749548141e-07
NER,27B,de,dst__dst_ebnf,1,0.751442906182806,76621.24099999666,6.061327505735042,7.6928956827305885,9.807240086111874e-06
NER,27B,de,dst__dst_ebnf,2,0.7500566850578188,76793.92599999905,6.0976596792122475,7.738202942361855,9.76713555519779e-06
NER,27B,de,dst__dst_ebnf,3,0.75372460496614,83835.18500000238,6.594964207048646,8.369290705800378,8.990552176465271e-06
NER,27B,de,dst__dst_ebnf,4,0.7497827647436623,127430.27700001001,10.1127114514729,12.841910410159228,5.8838667104490675e-06
NER,27B,de,dst__dst_ebnf,5,0.7484676503972758,92222.16499999166,7.341360054130844,9.323846426043035,8.115919317198241e-06
NER,27B,de,dst__dst_ebnf,6,0.7518281191104409,155191.3789999783,12.25646651397712,15.561153013133291,4.84452244676907e-06
NER,27B,de,dst__dst_ebnf,7,0.7483827034388832,103531.69799998403,8.239689454833588,10.467262966331415,7.228536939855838e-06
NER,27B,de,dst__dst_ebnf,8,0.749063670411985,74573.11499997973,5.9349872662140655,7.532637878785832,1.0044687960429017e-05
NER,27B,de,dst__dst_ebnf,9,0.7506706464654098,89996.89599999785,7.143177712516696,9.059482182403649,8.3410726350543e-06
NER,27B,en,dst__dst_ebnf,1,0.5827819256218818,91725.67700000107,6.413037614486546,11.138515725561758,6.353530927025755e-06
NER,27B,en,dst__dst_ebnf,2,0.5822641241936627,85336.62099999934,5.986014379910167,10.389167397126776,6.823144827748302e-06
NER,27B,en,dst__dst_ebnf,3,0.5826040744021258,85054.23399999738,5.961606083969817,10.344713451714592,6.8497950895912336e-06
NER,27B,en,dst__dst_ebnf,4,0.5797307378068274,84958.62000000477,5.985952229972858,10.411595588235878,6.82368355096628e-06
NER,27B,en,dst__dst_ebnf,5,0.5824101928862149,85586.4450000003,5.986321955655053,10.40185281964029,6.804934974062923e-06
NER,27B,en,dst__dst_ebnf,6,0.5822211208269905,85101.15300000459,5.955710896494128,10.349161255016975,6.841518596427937e-06
NER,27B,en,dst__dst_ebnf,7,0.5824884792626728,84398.9600000009,5.921902890822404,10.27251217137304,6.901607309647732e-06
NER,27B,en,dst__dst_ebnf,8,0.5822981915985419,86018.85200000554,6.015725015735754,10.45567667436557,6.7694252836402e-06
NER,27B,en,dst__dst_ebnf,9,0.5824541528003966,85182.64299999923,5.961831117021222,10.35529333819587,6.837709330061547e-06
NER,27B,es,dst__dst_ebnf,1,0.7169195627345406,101726.10800001025,8.300106723238434,11.575569868002987,7.047547348754052e-06
NER,27B,es,dst__dst_ebnf,2,0.716520318562385,101564.02800002694,8.307895950922449,11.578206566350541,7.0548631505851155e-06
NER,27B,es,dst__dst_ebnf,3,0.7156413612565445,101308.12700000405,8.312120692484744,11.580718678555561,7.064007424167618e-06
NER,27B,es,dst__dst_ebnf,4,0.7160997917602384,101515.41600000858,8.299845965171171,11.576624016422464,7.054098973107473e-06
NER,27B,es,dst__dst_ebnf,5,0.7144027527445519,100860.91800001264,8.29994387755206,11.566619036698697,7.0830482897693074e-06
NER,27B,es,dst__dst_ebnf,6,0.7144961938282721,95322.49199998379,7.830005914242138,10.920207583913825,7.495567717935801e-06
NER,27B,es,dst__dst_ebnf,7,0.713975676671717,95442.24500000477,7.848223419127109,10.947722528103323,7.480709162611183e-06
NER,27B,es,dst__dst_ebnf,8,0.7155049205765853,95617.1819999814,7.818888052987276,10.913957539091587,7.483016186115216e-06
NER,27B,es,dst__dst_ebnf,9,0.7160887146183067,96213.63199999928,7.871523521230409,10.975773671001516,7.442694966741428e-06
NER,27B,fr,dst__dst_ebnf,1,0.7296384810894881,110159.56000000238,8.479030172413976,11.45466985546453,6.62346945729878e-06
NER,27B,fr,dst__dst_ebnf,2,0.7294465953085858,79101.05499997735,6.095480850734172,8.231975751896904,9.22170501150452e-06
NER,27B,fr,dst__dst_ebnf,3,0.7279926896131587,85449.41400000453,6.626554013183756,8.938223221757797,8.519574980503904e-06
NER,27B,fr,dst__dst_ebnf,4,0.727693124099765,166542.36800000072,12.798153231384056,17.34997062193986,4.36941742115593e-06
NER,27B,fr,dst__dst_ebnf,5,0.7291081593927895,82695.66699999571,6.370515907865011,8.6087515094728,8.81676375369011e-06
NER,27B,fr,dst__dst_ebnf,6,0.7300068352699931,89021.87299999595,6.866322637870879,9.261534852267577,8.200308650774246e-06
NER,27B,fr,dst__dst_ebnf,7,0.7304986002875085,88545.84600001574,6.7773322617692875,9.170983531850412,8.249947719595775e-06
NER,27B,fr,dst__dst_ebnf,8,0.7311510191710235,92421.91800001264,7.095732667947227,9.578393408644692,7.911013263876687e-06
NER,27B,fr,dst__dst_ebnf,9,0.7271067843017949,81405.75,6.297342770944534,8.515245815899581,8.931884839852159e-06
NER,27B,hi,dst__dst_ebnf,1,0.6539779215835554,11660.96899998188,8.335217298057097,13.575051222330478,5.6082639580344614e-05
NER,27B,hi,dst__dst_ebnf,2,0.6539779215835554,10159.483999997377,7.26196140099884,11.827105937133151,6.43711749123995e-05
NER,27B,hi,dst__dst_ebnf,3,0.6539779215835554,10149.4469999969,7.2547869907054325,11.815421420252504,6.443483291097092e-05
NER,27B,hi,dst__dst_ebnf,4,0.6539779215835554,10216.904000014067,7.303005003584036,11.893951105953512,6.400940261185335e-05
NER,27B,hi,dst__dst_ebnf,5,0.6539779215835554,10142.377999991179,7.249734095776397,11.807192083808124,6.447974248091761e-05
NER,27B,hi,dst__dst_ebnf,6,0.6549885757806551,10267.912000000477,7.344715307582601,11.939432558140089,6.378985092398772e-05
NER,27B,hi,dst__dst_ebnf,7,0.6539779215835554,10148.122999995947,7.25384060042598,11.81388009312683,6.444323956103178e-05
NER,27B,hi,dst__dst_ebnf,8,0.6537290715372907,10179.428999990225,7.271020714278732,11.850324796263358,6.422060329100173e-05
NER,27B,hi,dst__dst_ebnf,9,0.6537290715372907,10249.327999979258,7.320948571413755,11.931697322443839,6.378262765506321e-05
NER,27B,ja,dst__dst_ebnf,1,0.15887793966507466,115663.3179999888,45.09291150097029,88.02383409435981,1.3736242605896025e-06
NER,27B,ja,dst__dst_ebnf,2,0.1579935784818562,164716.35700002313,65.0795563018661,126.31622469326926,9.59185726052902e-07
NER,27B,ja,dst__dst_ebnf,3,0.1610398988987182,126296.13899999857,47.82133244982907,94.39173318385545,1.2750975617609342e-06
NER,27B,ja,dst__dst_ebnf,4,0.16079494128274618,146419.67199999094,55.694055534420286,109.67765692883216,1.098178537667781e-06
NER,27B,ja,dst__dst_ebnf,5,0.16036600048157956,137081.31200000644,52.00353262519212,102.91389789790273,1.1698604145368264e-06
NER,27B,ja,dst__dst_ebnf,6,0.15974363625370339,178781.2610000074,69.75468630511408,135.33782059046737,8.935144285266943e-07
NER,27B,ja,dst__dst_ebnf,7,0.15929845781675234,147210.48200002313,57.526565846042644,111.77713135916713,1.0821135536851738e-06
NER,27B,ja,dst__dst_ebnf,8,0.15966740977285052,151335.7760000229,57.739708508211706,114.21568000001727,1.0550539600948447e-06
NER,27B,ja,dst__dst_ebnf,9,0.16120876474837467,227716.45999997854,86.38712443094785,170.06457057503997,7.07936372927938e-07
NER,27B,ko,dst__dst_ebnf,1,0.5208247267810869,135874.76800000668,11.1336256964935,19.59543813094991,3.833123209314782e-06
NER,27B,ko,dst__dst_ebnf,2,0.5206580528846154,135694.82099997997,11.121614703711169,19.577957149037655,3.836978073648752e-06
NER,27B,ko,dst__dst_ebnf,3,0.5208082932692307,135763.7800000012,11.127266617490468,19.5822558776866,3.836135773983504e-06
NER,27B,ko,dst__dst_ebnf,4,0.13081127556347108,29930.897000014782,16.09188010753483,28.104128638511533,4.370442875915362e-06
NER,27B,ko,dst__dst_ebnf,5,0.1337326569280606,30362.722999989986,15.66703973167698,27.75386014624313,4.4045014318414295e-06
NER,27B,ko,dst__dst_ebnf,6,0.12760192141889393,28015.001000016928,15.435262258962494,27.041506756773096,4.554771260540623e-06
NER,27B,ko,dst__dst_ebnf,7,0.12446246467625015,28659.91400000453,15.450088409705947,28.29211648569055,4.342736851067679e-06
NER,27B,ko,dst__dst_ebnf,8,0.12587930396149574,27662.08300000429,15.514348289402294,27.11968921569048,4.550608280709598e-06
NER,27B,ko,dst__dst_ebnf,9,0.12711083819465768,27258.308999985456,14.639263694943855,26.33653043476856,4.663196025649482e-06
NER,27B,ru,dst__dst_ebnf,1,0.48665183537263623,115899.45700001717,8.918773143518058,18.922360326533415,4.198913851447675e-06
NER,27B,ru,dst__dst_ebnf,2,0.48439786434645044,117754.86800000072,8.983435154104418,19.228423905943945,4.1136122232029295e-06
NER,27B,ru,dst__dst_ebnf,3,0.16543894032574172,42115.09200000763,16.07446259542276,34.40775490196702,3.928257839866805e-06
NER,27B,ru,dst__dst_ebnf,4,0.18093398174671907,128632.07000002265,45.38887438250623,94.72170103094452,1.4066008713588081e-06
NER,27B,ru,dst__dst_ebnf,5,0.18265448970068662,120939.12700000405,42.825469900851296,88.2767350364993,1.5103010434388243e-06
NER,27B,ru,dst__dst_ebnf,6,0.17564308681672025,78990.95400002599,28.71354198474227,60.252443935946594,2.2235848274052048e-06
NER,27B,ru,dst__dst_ebnf,7,0.1763015438080599,47174.539999991655,16.9327135678362,35.7653828658011,3.737218080093438e-06
NER,27B,ru,dst__dst_ebnf,8,0.17579771222155327,98932.90000000596,35.690079365081516,75.29140030441854,1.7769388365401467e-06
NER,27B,ru,dst__dst_ebnf,9,0.1838024888533972,41740.22499999404,14.64569298245405,30.224637943514875,4.403485818617974e-06
NER,27B,zh,dst__dst_ebnf,1,0.5761558234676514,131854.4619999826,8.738449333950731,16.570876209624558,4.369634631460006e-06
NER,27B,zh,dst__dst_ebnf,2,0.224468018329044,34675.043000012636,10.201542512507395,19.39320078300483,6.473474836901059e-06
NER,27B,zh,dst__dst_ebnf,3,0.15930287970590237,26205.113000005484,12.148870190081356,22.397532478637167,6.079076236224169e-06
NER,27B,zh,dst__dst_ebnf,4,0.14896532821707548,26102.900999993086,12.6590208535369,24.013708371658772,5.7068495266911116e-06
NER,27B,zh,dst__dst_ebnf,5,0.15946980049193768,26872.976000010967,12.772326996202931,23.027400171389004,5.9342069330867035e-06
NER,27B,zh,dst__dst_ebnf,6,0.15147766323024056,26002.874000012875,12.88546778989736,23.59607441017502,5.825420037422231e-06
NER,27B,zh,dst__dst_ebnf,7,0.15917192212777626,25220.476999998093,12.266768968870668,21.72306373815512,6.3112177508691965e-06
NER,27B,zh,dst__dst_ebnf,8,0.15639713408393038,25549.22999998927,12.034493641068899,22.294267015697443,6.121403035786051e-06
NER,27B,zh,dst__dst_ebnf,9,0.5761275131316791,107385.27599999309,7.124346579976985,13.504184607645005,5.36505128628357e-06
NER,27B,ar,dst__dst_outlines,1,0.008130784534209843,18145.879000000656,60.0856920529823,386.0825319149076,4.48078846674198e-07
NER,27B,de,dst__dst_outlines,1,0.5087599099539982,95548.77600000054,14.552052391105777,18.381834551750778,5.324609390642486e-06
NER,27B,de,dst__dst_outlines,2,0.493766323362736,118516.82699999958,18.446198754863747,23.65605329341309,4.166212814343551e-06
NER,27B,de,dst__dst_outlines,3,0.5277777777777778,123691.70699999481,17.640003850541188,22.448585662431,4.266880865164225e-06
NER,27B,de,dst__dst_outlines,4,0.4884691848906561,109903.8049999997,17.578983525271866,22.365446682946622,4.444515682515791e-06
NER,27B,de,dst__dst_outlines,5,0.5099795540843152,103558.6969999969,15.516736140245266,19.770656166475163,4.924545874542342e-06
NER,27B,de,dst__dst_outlines,6,0.49721249198283085,125052.37800000608,19.536381502891125,24.816903750745404,3.976033882240981e-06
NER,27B,de,dst__dst_outlines,7,0.49495449149188764,116836.49199999869,18.40524448645222,23.35328642814285,4.236300517238169e-06
NER,27B,de,dst__dst_outlines,8,0.5166812566870927,134590.0150000006,20.10606737376764,25.336975715361557,3.838927105306367e-06
NER,27B,de,dst__dst_outlines,9,0.5077511773940346,104226.57899999619,15.995484806629248,20.140401739129697,4.871609355940323e-06
NER,27B,en,dst__dst_outlines,1,0.5814337395946754,646653.4689999819,44.556843450698125,78.12655176996277,8.991426899693809e-07
NER,27B,en,dst__dst_outlines,2,0.5807608466352578,647802.0120000243,44.72535294117815,78.43588957501203,8.965097913824263e-07
NER,27B,en,dst__dst_outlines,3,0.5816828206208737,653182.6739999652,44.99122978371437,78.86774619656667,8.90536206447057e-07
NER,27B,en,dst__dst_outlines,4,0.5812908209846197,647423.8030000329,44.588416184575266,78.21962099795009,8.97852099800832e-07
NER,27B,en,dst__dst_outlines,5,0.5814492346580536,649501.2940000296,44.71301762357356,78.43271271585914,8.952241358552662e-07
NER,27B,es,dst__dst_outlines,1,0.71769367620896,172856.38199999928,13.859555965362354,19.476775436619636,4.151965162668758e-06
NER,27B,es,dst__dst_outlines,2,0.3497220506485485,115248.77600002289,29.32538829517122,40.70956411162942,3.034496875250797e-06
NER,27B,es,dst__dst_outlines,3,0.7259574810111321,141589.05500000715,11.216751564604861,15.676378985828958,5.127214677794802e-06
NER,27B,es,dst__dst_outlines,4,0.7262933633476706,133530.06000000238,10.583344693667463,14.780834624751204,5.439174994362001e-06
NER,27B,es,dst__dst_outlines,5,0.7265643826813397,144809.94900000095,11.458296328533072,16.00994461028203,5.017365089199327e-06
NER,27B,es,dst__dst_outlines,6,0.7260158353763917,162742.82400000095,12.894606132636158,18.018470327723755,4.461123492464328e-06
NER,27B,es,dst__dst_outlines,7,0.7253348348952259,229460.29600000381,18.206799650877077,25.447520904957727,3.1610472379727682e-06
NER,27B,es,dst__dst_outlines,8,0.7257455188489672,133755.2420000136,10.596992711140357,14.813959685459475,5.42592206478826e-06
NER,27B,es,dst__dst_outlines,9,0.7244906177015381,140035.47199997306,11.136907268965569,15.566415295683978,5.173622135552037e-06
NER,27B,fr,dst__dst_outlines,1,0.47757870229780347,131905.16799999774,20.645667240569374,27.95785671894823,3.6206216142934723e-06
NER,27B,fr,dst__dst_outlines,2,0.48166160081053694,113469.05600000173,17.81024266206274,23.868122843921274,4.244871842509465e-06
NER,27B,fr,dst__dst_outlines,3,0.5020010870102278,183417.65399999917,26.6983484716156,36.10583740157464,2.736928949108847e-06
NER,27B,fr,dst__dst_outlines,4,0.5006421021436334,129479.05099999905,18.82783931947056,25.548352604577556,3.866587670183318e-06
NER,27B,fr,dst__dst_outlines,5,0.4777150988463688,99139.06100000441,15.71640155358345,21.093417234043493,4.818636509441496e-06
NER,27B,fr,dst__dst_outlines,6,0.48593452798077885,134910.29999999702,20.41311847480663,27.793634116192216,3.6019082900326336e-06
NER,27B,fr,dst__dst_outlines,7,0.4833803384367445,116233.93799999356,17.917980268227772,24.220449677014702,4.158685034286383e-06
NER,27B,fr,dst__dst_outlines,8,0.4893852500251534,109305.20999999344,16.79293439852411,22.47228824013023,4.477236263716823e-06
NER,27B,fr,dst__dst_outlines,9,0.6357367838597088,142170.37200000137,14.041518222222358,19.037275307980902,4.471654500979309e-06
NER,27B,hi,dst__dst_outlines,1,0.6542269611576542,65065.86100000143,46.54210371960045,75.74605471478628,1.0054842141528564e-05
NER,27B,hi,dst__dst_outlines,2,0.6539779215835554,69094.89900001884,49.38877698357315,80.43643655415464,9.464923330785635e-06
NER,27B,hi,dst__dst_outlines,3,0.6532165968785687,65946.41899999976,47.13825518227288,76.86062820512794,9.90526258717052e-06
NER,27B,hi,dst__dst_outlines,4,0.6539488744753911,68380.68500000238,49.08879038047551,79.79076429405178,9.563356589296646e-06
NER,27B,hi,dst__dst_outlines,5,0.6508422664624808,11323.75,8.18190028901734,13.322058823529412,5.747585971630253e-05
NER,27B,hi,dst__dst_outlines,6,0.6498277841561424,10030.442000001669,7.242196389892902,11.81441931684531,6.478555821927232e-05
NER,27B,hi,dst__dst_outlines,7,0.6541984732824427,12759.898000001907,9.166593390805968,14.889029171530815,5.126988266539003e-05
NER,27B,hi,dst__dst_outlines,8,0.6544482626956855,9875.16099998355,7.099324946070129,11.522941656923626,6.627216130418285e-05
NER,27B,hi,dst__dst_outlines,9,0.6529523809523808,12660.766000002623,9.06282462419658,14.773355892651836,5.157289700735687e-05
NER,27B,ja,dst__dst_outlines,1,0.0920992639874943,54087.010000005364,39.27887436456454,76.50213578501466,1.7027982132398363e-06
NER,27B,ja,dst__dst_outlines,2,0.08859270874166994,57379.507000006735,43.142486466170475,84.63054129794504,1.5439782140627235e-06
NER,27B,ja,dst__dst_outlines,3,0.09597102761430512,23926.090999998152,16.09017552118235,32.24540566037487,4.011145306365027e-06
NER,27B,ja,dst__dst_outlines,4,0.09713767646677893,21153.31099999696,14.42927080490925,28.204414666662615,4.59207905877207e-06
NER,27B,ja,dst__dst_outlines,5,0.10061919504643964,18380.811999998987,12.029327225130228,23.56514358974229,5.4741430926144714e-06
NER,27B,ja,dst__dst_outlines,6,0.048630976706170816,24888.348000004888,35.2526175637463,69.71526050421537,1.9539656350900136e-06
NER,27B,ja,dst__dst_outlines,8,0.10873886003718664,2537.9880000054836,1.5656927822365723,2.992910377364957,4.2844513069782716e-05
NER,27B,ja,dst__dst_outlines,9,0.10521571152607856,9736.710000000894,6.265579150579726,11.917637698899503,1.0806084552797496e-05
NER,27B,ko,dst__dst_outlines,1,0.45217973391348004,62664.32999999821,6.610858740373269,11.595915988156587,7.215903112879256e-06
NER,27B,ko,dst__dst_outlines,2,0.4387052926684224,24797.554999999702,2.719328325474252,4.802005228504977,1.769147372264837e-05
NER,27B,ko,dst__dst_outlines,3,0.41657521618892934,24030.156999997795,2.8751085187841343,5.0643112750258785,1.7335517874018367e-05
NER,27B,ko,dst__dst_outlines,4,0.4386941992974038,27007.384000003338,3.0280731023661103,5.274879687500652,1.624349101332249e-05
NER,27B,ko,dst__dst_outlines,7,0.12041334075861643,8501.664999999106,4.891636939009842,8.737579650564344,1.4163501003465685e-05
NER,27B,ko,dst__dst_outlines,9,0.13931436907366887,10276.332000002265,5.064727451947888,8.967130890054332,1.3556818626883422e-05
NER,27B,ru,dst__dst_outlines,1,0.49070340940227813,203243.69200000167,15.201472849663551,32.42560497766459,2.4143598483847365e-06
NER,27B,ru,dst__dst_outlines,2,0.4906073032610818,132622.55500000715,9.876567992255522,21.11487900016035,3.6992750083954825e-06
NER,27B,ru,dst__dst_outlines,3,0.49038010323791653,145761.22499999404,10.881763717804706,23.247404306219146,3.3642699094902404e-06
NER,27B,ru,dst__dst_outlines,4,0.4911637342488198,145797.4129999876,10.835122844826666,23.160828117551645,3.368809666388673e-06
NER,27B,ru,dst__dst_outlines,5,0.4907624863002975,153217.29800000787,11.458925884377225,24.44046865528918,3.2030488248152783e-06
NER,27B,ru,dst__dst_outlines,6,0.49019838009156,162961.13499999046,12.179457025410349,26.01550686462172,3.0080692558479588e-06
NER,27B,ru,dst__dst_outlines,7,0.4885192127460169,141980.64199998975,10.571114734568516,22.698743725018346,3.440745202054039e-06
NER,27B,ru,dst__dst_outlines,8,0.49127328101206513,352079.95300000906,26.208125130267163,55.96565776506264,1.3953457924145215e-06
NER,27B,ru,dst__dst_outlines,9,0.4942371556944716,651830.2380000055,48.578792517514195,103.05616411067281,7.582298685788605e-07
NER,27B,zh,dst__dst_outlines,1,0.5767331194347308,694045.1480000019,45.6398466495694,86.76648931116414,8.309734908408714e-07
NER,27B,zh,dst__dst_outlines,2,0.5762430540521036,691521.9559999704,45.548804900538165,86.60262442078528,8.332968303498498e-07
NER,27B,zh,dst__dst_outlines,3,0.5764031577809019,686260.8740000725,45.12202472220872,85.83625691057817,8.399184327982554e-07
NER,27B,zh,dst__dst_outlines,4,0.5762198420426268,687949.0240000486,45.268738830035446,86.11203204406667,8.375908998201966e-07
NER,27B,zh,dst__dst_outlines,5,0.5763763619308752,691897.92900002,45.561565191625185,86.61716687531548,8.330366919350303e-07
NER,27B,ar,xml__false,1,0.07465698143664246,54159.29899999499,15.006732889995842,97.5843225225135,1.378470231615246e-06
NER,27B,ar,xml__false,2,0.07498992070958205,54089.41899999976,14.92945597571067,96.93444265232932,1.3864064746116496e-06
NER,27B,ar,xml__false,3,0.07488068831081536,54232.659999996424,14.989679380872422,97.36563734290202,1.380730510191097e-06
NER,27B,ar,xml__false,4,0.07272727272727272,49030.0189999938,13.865955599545758,91.13386431225614,1.4833213245803947e-06
NER,27B,ar,xml__false,5,0.0750151240169389,88817.02900001407,24.54865367606801,159.1703028674087,8.446029422682785e-07
NER,27B,ar,xml__false,6,0.07304394788361573,49197.4090000093,13.842827518291868,90.93790942700424,1.4847112758235283e-06
NER,27B,ar,xml__false,7,0.07303901714594302,50386.12700000405,14.173312798875964,93.13517005546036,1.4495858581457778e-06
NER,27B,ar,xml__false,8,0.07239023070157635,92137.4429999888,26.160545996589665,172.21951962614727,7.856765756087365e-07
NER,27B,ar,xml__false,9,0.056963350785340316,129670.44400000572,42.29303457273507,317.81971568628853,4.3929325008972593e-07
NER,27B,de,xml__false,1,0.735588009223674,60692.14800000191,4.994416392363554,6.34191724137951,1.2119986414447728e-05
NER,27B,de,xml__false,2,0.7351018838908113,60663.15299999714,4.9961417394166645,6.34551809623401,1.2117765851881224e-05
NER,27B,de,xml__false,3,0.7357134622036048,60472.13499999046,4.9759018349370905,6.317607083158218,1.2166156564568471e-05
NER,27B,de,xml__false,4,0.21299121878308527,19908.777000010014,9.094918684335319,11.642559649128662,1.0698357753616817e-05
NER,27B,de,xml__false,5,0.3001637043966324,24746.069999992847,7.647116810875416,9.640074016358724,1.2129752497940851e-05
NER,27B,de,xml__false,6,0.4211919127765429,31486.67699998617,6.2647586549912795,7.913213621509467,1.3376829596109106e-05
NER,27B,de,xml__false,7,0.19192813765182185,19071.20800000429,9.830519587631079,12.571659854979757,1.0063764060031156e-05
NER,27B,de,xml__false,8,0.20023897868058615,19025.17699998617,9.358178553854486,11.950488065317947,1.0524946952174568e-05
NER,27B,de,xml__false,9,0.15146055848668125,26415.733000010252,15.780007765836471,22.44327357689911,5.733725370657799e-06
NER,27B,en,xml__false,1,0.5697139280586134,31563.037999998778,2.3905959251684297,4.079493085174975,1.8050034602456058e-05
NER,27B,en,xml__false,2,0.568762677484787,28942.690999999642,2.1997941019989087,3.753428997535942,1.965134055726864e-05
NER,27B,en,xml__false,3,0.5697477755717332,29222.598000001162,2.207144864048426,3.771631130614502,1.949682145207317e-05
NER,27B,en,xml__false,4,0.5692580026552588,29134.562999997288,2.2142090743271994,3.7748850738529787,1.953892367135597e-05
NER,27B,en,xml__false,5,0.5692370099937308,29098.865999996662,2.211328064442333,3.7702599118938402,1.9562171597814022e-05
NER,27B,en,xml__false,6,0.5697357768455141,29145.79399999976,2.2053415556900546,3.7651200103345515,1.954778712995497e-05
NER,27B,en,xml__false,7,0.571596675737295,29297.381000000983,2.2134618464793734,3.7696064076172138,1.9510162896037562e-05
NER,27B,en,xml__false,8,0.5695661780953083,29217.607999999076,2.2141260988177534,3.778301823354335,1.9493935920261723e-05
NER,27B,en,xml__false,9,0.5282025020118516,44157.33100000024,3.3002489536622,6.1159738227147145,1.1961830347306288e-05
NER,27B,es,xml__false,1,0.7047110659210304,48049.72699999809,4.235695257404627,5.777290729830239,1.4666286572680389e-05
NER,27B,es,xml__false,2,0.705369978858351,48322.55900001526,4.242542493416616,5.793377173002669,1.4597115580284732e-05
NER,27B,es,xml__false,3,0.7054194694758219,48207.175999999046,4.237248483782987,5.782316900563638,1.463308013470517e-05
NER,27B,es,xml__false,4,0.7048562597908463,48085.63899999857,4.233263403468489,5.776746636232408,1.4658352773285748e-05
NER,27B,es,xml__false,5,0.7039253129641417,47912.6099999845,4.238178681997745,5.776779599708766,1.4691859052645419e-05
NER,27B,es,xml__false,6,0.7054043759786703,48131.44599997997,4.233569003428619,5.7753114950779905,1.4655790228678437e-05
NER,27B,es,xml__false,7,0.7047804712663164,48252.921000003815,4.256609121383541,5.803117378232569,1.4605964916947943e-05
NER,27B,es,xml__false,8,0.7034962661235574,47880.93299999833,4.234253006720758,5.775745838359268,1.4692618168563715e-05
NER,27B,es,xml__false,9,0.6763099991850705,77372.61800000072,6.299675785702712,9.323125436799701,8.740947594471526e-06
NER,27B,fr,xml__false,2,0.19911676841148201,35131.216000020504,17.314547067531052,22.916644487945533,5.66780177524643e-06
NER,27B,fr,xml__false,3,0.19476535474185755,75148.701000005,38.49830993852716,50.36776206434652,2.5917328197309037e-06
NER,27B,fr,xml__false,4,0.4883697411003236,32459.37799999118,5.066236616199653,6.721759784632673,1.504556683435081e-05
NER,27B,fr,xml__false,5,0.1965800809293826,59004.16099998355,30.21206400408784,39.17938977422546,3.33163081379019e-06
NER,27B,fr,xml__false,6,0.17080291970802922,7234.446000009775,4.253054673727087,5.621170163177759,2.360967511649108e-05
NER,27B,fr,xml__false,7,0.2105263157894737,63468.26600000262,30.26622126848003,38.98542137592299,3.317032732381014e-06
NER,27B,fr,xml__false,8,0.1944208532044163,21356.654000014067,11.019945304444823,14.352590053772895,9.103525917697044e-06
NER,27B,fr,xml__false,9,0.38815504547423124,3355.96099999547,0.6576447187919793,0.9361118549499218,0.00011566136956739222
NER,27B,hi,xml__false,1,0.6763322884012539,5718.576999992132,4.31916691842306,6.626392815749863,0.00011826933315791402
NER,27B,hi,xml__false,2,0.673972602739726,4500.833999991417,3.391736247167609,5.227449477341947,0.00014974393695502017
NER,27B,hi,xml__false,3,0.6747553816046966,4601.863000005484,3.467869630750176,5.338588167059726,0.00014662656876223662
NER,27B,hi,xml__false,4,0.6747553816046966,4580.371000021696,3.4516737000917077,5.313655452461364,0.00014731456940966146
NER,27B,hi,xml__false,5,0.6747553816046966,4498.243999987841,3.3897844762530824,5.218380510426729,0.00015000417531964042
NER,27B,hi,xml__false,6,0.6747553816046966,4561.351000010967,3.4373406179434567,5.291590487251702,0.00014792884424002324
NER,27B,hi,xml__false,7,0.6755381604696673,4605.423999994993,3.4705531273511627,5.336528389333711,0.00014668316325932242
NER,27B,hi,xml__false,8,0.6755381604696673,4399.962999999523,3.315721929163167,5.098450753186006,0.00015353269117711682
NER,27B,hi,xml__false,9,0.6304098046725393,9469.4469999969,6.847033261024512,11.506010935597692,6.657303268847121e-05
NER,27B,ja,xml__false,1,0.17991909678198395,88596.20600000024,34.24669733281803,59.460540939597486,2.0307765411758542e-06
NER,27B,ja,xml__false,2,0.1806436032119785,89507.83599999547,34.599086200230175,59.83144117646756,2.018187583174144e-06
NER,27B,ja,xml__false,3,0.18027046607099736,88046.53200000525,34.02107109737452,58.97289484260231,2.047445390250994e-06
NER,27B,ja,xml__false,4,0.17854554240154627,88906.77899998426,34.45999186045902,60.15343640053062,2.00823316747959e-06
NER,27B,ja,xml__false,5,0.17891875566294171,87671.24399998784,33.994278402476866,59.197328831862144,2.0407917978552528e-06
NER,27B,ja,xml__false,6,0.18019646839028505,89451.36700001359,34.18088154375758,59.83369030101243,2.0144629918317254e-06
NER,27B,ja,xml__false,7,0.18114981318548873,89415.80200001597,34.15424064171733,59.49155156355022,2.025926168905317e-06
NER,27B,ja,xml__false,8,0.1802595834591005,88373.64800000191,34.134278872152144,59.19199464166236,2.039743606138072e-06
NER,27B,ja,xml__false,9,0.38825133007958484,152536.4280000031,17.39893099121742,34.54958731596899,2.545302359378554e-06
NER,27B,ko,xml__false,1,0.5153626860943934,94715.21299999952,8.743211760361813,14.553659035033728,5.441181725415071e-06
NER,27B,ko,xml__false,2,0.5136868948479898,73699.94200000167,6.904622634438979,11.433438101148258,6.969976921392667e-06
NER,27B,ko,xml__false,3,0.5208193550933418,89582.26399999857,8.208013927066023,13.577184601394146,5.813866850846168e-06
NER,27B,ko,xml__false,4,0.5103706357737171,77229.41800001264,7.220401832461914,12.048271138847525,6.60850034858004e-06
NER,27B,ko,xml__false,5,0.5151744162921125,77343.55099999905,7.216229800335794,11.943105466337098,6.660858075835163e-06
NER,27B,ko,xml__false,6,0.5178952358378762,85660.59399998188,7.865264346706628,13.067977726923246,6.045898255596801e-06
NER,27B,ko,xml__false,7,0.28535353535353536,90166.90999999642,19.665629225735316,33.24738569321402,3.1647256776742897e-06
NER,27B,ko,xml__false,8,0.13154181238112767,74349.00099998713,39.63166364604857,69.35541138058501,1.769247879754974e-06
NER,27B,ko,xml__false,9,0.09832583708145927,3448.6810000240803,2.1758239747785995,4.382059720488031,2.8511142979235458e-05
NER,27B,ru,xml__false,1,0.5171160375474335,48404.58100000024,3.764549774459499,7.477920747721342,1.0683204499744166e-05
NER,27B,ru,xml__false,2,0.5144140170803094,64822.74199999869,5.078560169225845,10.104870148090207,7.93570282911389e-06
NER,27B,ru,xml__false,3,0.509090909090909,58644.3369999975,4.623853741228219,9.267436314791007,8.68099010294772e-06
NER,27B,ru,xml__false,4,0.5117023404680936,82882.97999998927,6.46613980340063,12.960591086784873,6.17379274331304e-06
NER,27B,ru,xml__false,5,0.5193798449612402,81269.56100000441,6.324971670947499,12.50493322049614,6.3908287256678065e-06
NER,27B,ru,xml__false,6,0.5079991940358655,82085.25900000334,6.495114654217703,13.023204664446032,6.188677482711541e-06
NER,27B,ru,xml__false,7,0.5074530658287003,167780.3140000105,13.268510399368168,26.64025309622269,3.024508976831862e-06
NER,27B,ru,xml__false,8,0.5082953215193962,159881.99500000477,12.693076770403682,25.394217757306983,3.179190511848323e-06
NER,27B,ru,xml__false,9,0.5480693459416864,105883.32799997926,8.019641596605261,15.224058662829512,5.176162822741969e-06
NER,27B,zh,xml__false,1,0.5818696667049323,66367.49500000477,4.879604073230261,8.729119426542782,8.767389317690695e-06
NER,27B,zh,xml__false,2,0.5810350763110583,72969.719999969,5.361084417013372,9.60759973666478,7.962687486142267e-06
NER,27B,zh,xml__false,3,0.18035857639818037,74964.67899996042,31.028426738394213,55.611779673561145,2.4059140758579864e-06
NER,27B,zh,xml__false,4,0.3113441262891053,101337.27500003576,21.00254404145819,37.50454293117533,3.072355421921454e-06
NER,27B,zh,xml__false,5,0.19216799841510926,32586.671000003815,12.480532746075761,22.396337457047295,5.897135010050175e-06
NER,27B,zh,xml__false,6,0.18205042016806725,65109.41399997473,27.788909090898304,48.086716395845436,2.7960690932979047e-06
NER,27B,zh,xml__false,7,0.1748449716904826,74581.19599997997,32.3703107638802,57.50284965303005,2.344357305432988e-06
NER,27B,zh,xml__false,8,0.17974971558589306,48558.3370000124,20.14033056823409,36.156617274767235,3.7017271737672393e-06
NER,27B,zh,xml__false,9,0.1595616731257517,72919.99000000954,29.95891125719373,61.07201842546862,2.1881746435474117e-06
NER,27B,ar,xml__xml_xgrammar,1,0.0677754278023457,712930.9249999998,74.6915584075432,1011.2495390070922,9.506591091184005e-08
NER,27B,ar,xml__xml_xgrammar,2,0.0680928278101423,735633.6130000018,75.97166301765999,1031.7441977559631,9.256350798388834e-08
NER,27B,ar,xml__xml_xgrammar,3,0.06909439386679445,675447.0419999994,70.27853938195811,936.8197531206649,1.022943170529045e-07
NER,27B,ar,xml__xml_xgrammar,4,0.06884648576085915,664181.2909999993,69.1927587248671,925.0435807799432,1.0365616540809673e-07
NER,27B,ar,xml__xml_xgrammar,5,0.0692661429392604,722459.7819999997,75.12319663096596,999.2528105117561,9.58754309444182e-08
NER,27B,de,xml__xml_xgrammar,1,0.3895364064955474,463732.00599999726,27.80834768529607,77.95125331988524,8.400032808939861e-07
NER,27B,de,xml__xml_xgrammar,2,0.4099329917225069,515611.6410000026,26.977012556898583,76.27391139053293,7.950421579455861e-07
NER,27B,de,xml__xml_xgrammar,3,0.46653174803946373,694520.9750000015,27.06417952614767,75.3194854137297,6.717316896576993e-07
NER,27B,de,xml__xml_xgrammar,4,0.4861003770580106,662065.0,22.96365023759148,63.795047215263054,7.342185088443138e-07
NER,27B,de,xml__xml_xgrammar,5,0.4840552563802388,664866.4739999995,23.052023923444956,64.31909393441032,7.280488268088536e-07
NER,27B,de,xml__xml_xgrammar,6,0.4823811313662845,649607.2049999982,22.63439738675952,63.27137479302603,7.425735546856902e-07
NER,27B,en,xml__xml_xgrammar,1,0.42721760839659656,598368.6280000061,23.65467378241643,71.36179224806274,7.139706000706177e-07
NER,27B,es,xml__xml_xgrammar,1,0.46531000833035824,521446.53799999505,40.26925152521392,88.90819062233504,8.923446114246954e-07
NER,27B,es,xml__xml_xgrammar,2,0.4976408139191979,593471.5270000026,39.91602952650004,87.92170770370409,8.385251714345442e-07
NER,27B,es,xml__xml_xgrammar,3,0.5512320844857933,685672.2719999999,35.0619897729597,78.19275538829967,8.03929379961559e-07
NER,27B,es,xml__xml_xgrammar,4,0.5619768090779438,651881.0860000029,32.60383545063534,71.92773761447677,8.620848512821267e-07
NER,27B,es,xml__xml_xgrammar,5,0.5601723607263773,626741.123999998,30.980777261492733,68.87265098901076,8.937858699158525e-07
NER,27B,es,xml__xml_xgrammar,6,0.5612413539817592,688086.7390000001,33.70661012050554,75.04490555131422,8.156549489638677e-07
NER,27B,fr,xml__xml_xgrammar,1,0.557200775603737,760531.6089999974,36.795762204267135,80.19947368976035,7.326464396876093e-07
NER,27B,fr,xml__xml_xgrammar,2,0.5651353052234109,733643.675999999,33.98229079623878,74.270467301073,7.703130602919716e-07
NER,27B,fr,xml__xml_xgrammar,3,0.5675304616440706,620686.5149999857,28.74480225072874,62.562898397337534,9.143592585446837e-07
NER,27B,fr,xml__xml_xgrammar,4,0.5674044265593562,618640.5819999874,28.88009812800464,62.67888368794198,9.171794464647128e-07
NER,27B,fr,xml__xml_xgrammar,5,0.5666838163836964,620380.2800000012,28.698722301892083,62.58249571270061,9.134458890016544e-07
NER,27B,hi,xml__xml_xgrammar,1,0.5016039661708953,78172.951000005,35.51701544752613,90.89878023256396,6.416592437080483e-06
NER,27B,hi,xml__xml_xgrammar,2,0.4992734670154025,49297.47299998999,22.276309534563936,57.3893748544703,1.0127769977489594e-05
NER,27B,hi,xml__xml_xgrammar,3,0.5057134485789628,50060.231999993324,22.910861327228066,58.00722132096561,1.0102099578344549e-05
NER,27B,hi,xml__xml_xgrammar,4,0.4984006978772899,49687.12200000882,22.472691994576582,57.97797199534285,1.003078217887527e-05
NER,27B,hi,xml__xml_xgrammar,5,0.47082494969818917,76352.97400000691,43.5307719498329,108.76492022793008,6.166425812020715e-06
NER,27B,hi,xml__xml_xgrammar,6,0.4975297878523685,76779.99200001359,34.694980569368994,89.69625233646447,6.479940605519735e-06
NER,27B,hi,xml__xml_xgrammar,7,0.4989822622855482,105168.69099998474,47.56611985526221,122.57423193471415,4.7445894547229896e-06
NER,27B,hi,xml__xml_xgrammar,8,0.49956331877729254,59363.096000015736,26.89764204803613,69.18775757577592,8.415385187746274e-06
NER,27B,hi,xml__xml_xgrammar,9,0.5017441860465116,62712.70800000429,28.351133815553478,72.66825955968052,8.000678045133648e-06
NER,27B,ja,xml__xml_xgrammar,1,0.041859464112773054,150212.81899999082,32.584125596527294,386.1512056555034,2.786677221787284e-07
NER,27B,ja,xml__xml_xgrammar,2,0.041641750475672736,138737.10400000215,31.395588142114086,362.23786945170275,3.001486212057021e-07
NER,27B,ja,xml__xml_xgrammar,3,0.04068603581669642,141534.8519999981,31.403339693809205,376.4224787233992,2.874630187672572e-07
NER,27B,ja,xml__xml_xgrammar,4,0.04230254350736278,145070.96099999547,30.872730580973712,367.2682556961911,2.915989748448975e-07
NER,27B,ja,xml__xml_xgrammar,5,0.0567300232738557,206559.34300000966,31.070899969917217,353.0928940171105,2.746427368035008e-07
NER,27B,ja,xml__xml_xgrammar,6,0.04676391595134025,153562.9579999894,30.632945940552442,345.86251801799415,3.045260169535383e-07
NER,27B,ja,xml__xml_xgrammar,7,0.07555608801565432,343392.25900000334,31.034094803434552,362.99393128964414,2.2002851268599385e-07
NER,27B,ja,xml__xml_xgrammar,8,0.1086008276479141,660165.3420000076,30.299492472921223,339.94095880535923,1.6450549693945134e-07
NER,27B,ja,xml__xml_xgrammar,9,0.10702790450334464,628830.4469999969,28.90775741277051,328.88621705020756,1.7020153049832393e-07
NER,27B,ko,xml__xml_xgrammar,1,0.359456957729096,682538.7329999804,27.894018268011788,97.6450261802547,5.266469730577273e-07
NER,27B,ko,xml__xml_xgrammar,2,0.3603862749126772,686984.7199999988,28.0253220740015,97.91686431014806,5.24591398354068e-07
NER,27B,ko,xml__xml_xgrammar,3,0.36252566735112934,688987.8579999804,28.07954754044832,97.56270999716516,5.261713441561689e-07
NER,27B,ko,xml__xml_xgrammar,4,0.3604558842361379,649294.6649999917,26.370508691413843,92.26867486144545,5.551499244740329e-07
NER,27B,ko,xml__xml_xgrammar,5,0.36111752482105747,638290.2439999878,25.993249877829772,90.69199261153565,5.657575502925349e-07
NER,27B,ru,xml__xml_xgrammar,1,0.40143493606434066,711485.5879999995,31.778354906427243,102.54909022773127,5.642207556062836e-07
NER,27B,zh,xml__xml_xgrammar,1,0.17336343115124153,82788.12099999934,15.957617771780907,53.89851627604124,2.0940616728243285e-06
NER,27B,zh,xml__xml_xgrammar,2,0.1699339020394328,116056.11699999869,22.452334494099187,77.1649714095736,1.4642390804737565e-06
NER,27B,zh,xml__xml_xgrammar,3,0.1801259238981659,109321.05900000036,19.06873521716385,66.45657082066892,1.6476781833787881e-06
NER,27B,zh,xml__xml_xgrammar,4,0.18075065847234414,102877.00999999791,18.073965214335544,62.463272616877916,1.7569587070264563e-06
NER,27B,zh,xml__xml_xgrammar,5,0.1825816654850848,115768.27600000054,19.942855469423005,69.15667622461201,1.5771303831550878e-06
NER,27B,zh,xml__xml_xgrammar,6,0.18991479556293875,105642.33600000292,17.236471855115504,59.61757110609646,1.7977148438191816e-06
NER,27B,zh,xml__xml_xgrammar,7,0.1852697998259356,85132.5319999978,14.547596035543027,49.98974280681021,2.1762514925074753e-06
NER,27B,zh,xml__xml_xgrammar,8,0.19079903147699756,110350.71799999475,18.230748058812946,62.239547659331514,1.7290239242213778e-06
NER,27B,zh,xml__xml_xgrammar,9,0.17977528089887643,91551.52300000191,16.278720305832486,56.097746936275676,1.9636514501115693e-06
NER,4B,ar,dst__dst_ebnf,1,0.07344414379590258,38369.5529999882,9.000598874029603,67.3150052631372,1.9141256035983837e-06
NER,4B,ar,dst__dst_ebnf,2,0.07521213679609154,39837.16500000656,9.270925063999664,68.09771794872916,1.8879891878872194e-06
NER,4B,ar,dst__dst_ebnf,3,0.07431299187201651,78208.9810000062,18.432472543013482,135.77948090278855,9.501848882548492e-07
NER,4B,ar,dst__dst_ebnf,4,0.07532835436518157,79953.79500000179,18.711395974725438,136.6731538461569,9.421485792535537e-07
NER,4B,ar,dst__dst_ebnf,5,0.07420791120862102,40669.43600000441,9.596374705050593,70.72945391305115,1.8246604454660492e-06
NER,4B,ar,dst__dst_ebnf,6,0.07444616177228232,42956.26099999249,10.06237081283497,74.31879065742645,1.7330689412725035e-06
NER,4B,ar,dst__dst_ebnf,7,0.07252675964969185,36964.2839999944,8.894197305099711,66.12573166367513,1.962076680552039e-06
NER,4B,ar,dst__dst_ebnf,8,0.07336007245439255,149557.56599999964,35.617424624910605,263.76995767195706,4.905139500223796e-07
NER,4B,ar,dst__dst_ebnf,9,0.07487938243808298,93535.46999999881,21.823488100793003,160.7138659793794,8.005453165316209e-07
NER,4B,de,dst__dst_ebnf,1,0.7080350648853501,76244.21000000834,6.221477764178568,8.244399870243116,9.286410927272675e-06
NER,4B,de,dst__dst_ebnf,2,0.7061573240354037,74359.98300001025,6.079632327692768,8.069450135649513,9.496469680947967e-06
NER,4B,de,dst__dst_ebnf,3,0.70530474473553,74381.28099998832,6.095327460459585,8.090198063953482,9.48228822162448e-06
NER,4B,de,dst__dst_ebnf,4,0.7059454489733374,74258.13599997759,6.068824452433605,8.059272411545212,9.506641117056191e-06
NER,4B,de,dst__dst_ebnf,5,0.7057289669453181,74436.048999995,6.096318509418099,8.089116387741251,9.481010564456014e-06
NER,4B,de,dst__dst_ebnf,6,0.705286580219443,74114.42599999905,6.0759490080340255,8.062927110530792,9.516184881732094e-06
NER,4B,de,dst__dst_ebnf,7,0.7060131069635533,74151.78300002217,6.0655855214742065,8.05035099337989,9.521188545976597e-06
NER,4B,de,dst__dst_ebnf,8,0.7055170034121842,74214.3219999969,6.075671060171666,8.065897402455917,9.506480479767957e-06
NER,4B,de,dst__dst_ebnf,9,0.706198014488865,74018.17899999022,6.056638491121039,8.034973838470497,9.54087258062588e-06
NER,4B,en,dst__dst_ebnf,1,0.570738773539353,42864.06100000441,3.3061365985348563,5.579078615124874,1.331508868325132e-05
NER,4B,en,dst__dst_ebnf,2,0.5675292713848907,48728.08100000024,3.7891198289269235,6.403164388961924,1.1646862748091557e-05
NER,4B,en,dst__dst_ebnf,3,0.5721162747639327,41741.12399999797,3.1992890319612153,5.403381747572554,1.3706297769172686e-05
NER,4B,en,dst__dst_ebnf,4,0.568885910038725,41664.357000008225,3.230295937355266,5.454163764891769,1.3654018710491866e-05
NER,4B,en,dst__dst_ebnf,5,0.571842173638692,41499.118000000715,3.196419779711986,5.387396858366963,1.3779622343749141e-05
NER,4B,en,dst__dst_ebnf,6,0.5687670007825018,43046.55500000715,3.3423833372161775,5.6402718815523,1.3212834355325467e-05
NER,4B,en,dst__dst_ebnf,7,0.570333432569217,60309.45799998939,4.670083475297305,7.870215059374839,9.456782592364158e-06
NER,4B,en,dst__dst_ebnf,8,0.5737245650250664,90764.59000000358,6.891768413060256,11.66340143921917,6.321017535858905e-06
NER,4B,en,dst__dst_ebnf,9,0.5787607384390422,50313.054000005126,3.7555463163398617,6.355868367863204,1.1503192361151108e-05
NER,4B,es,dst__dst_ebnf,1,0.7029267888234807,68095.51699998975,5.7406438206027435,8.032026067467534,1.0322658815022824e-05
NER,4B,es,dst__dst_ebnf,2,0.7026757934038581,67117.46500000358,5.666311945969065,7.925075569725301,1.0469343462298832e-05
NER,4B,es,dst__dst_ebnf,3,0.702419990867959,67101.98199999332,5.67170839320373,7.9307389197486495,1.0467946995485601e-05
NER,4B,es,dst__dst_ebnf,4,0.7026287420184094,67360.14800000191,5.680565694046375,7.949976159565904,1.0430926339686627e-05
NER,4B,es,dst__dst_ebnf,5,0.7005988023952097,66917.30200001597,5.67673074312996,7.943649335234565,1.0469621181007005e-05
NER,4B,es,dst__dst_ebnf,6,0.7019801569180955,67232.31499999762,5.683685434102427,7.951781785925206,1.0441112386478442e-05
NER,4B,es,dst__dst_ebnf,7,0.701717984895012,67166.45399999619,5.673800810947473,7.943992193967615,1.0447447246434237e-05
NER,4B,es,dst__dst_ebnf,8,0.7045040569630734,67428.64800000191,5.668178211163577,7.92439158538041,1.044814152232525e-05
NER,4B,es,dst__dst_ebnf,9,0.7031910484873601,67246.298999995,5.665231592248946,7.9262492927858315,1.0456947950212285e-05
NER,4B,fr,dst__dst_ebnf,1,0.5335648148148148,75843.79199999571,10.295071535224068,13.710013015183605,7.035049286760939e-06
NER,4B,fr,dst__dst_ebnf,2,0.4962007598480304,70612.60300000012,10.642442049736266,14.227806367116687,7.027084950373938e-06
NER,4B,fr,dst__dst_ebnf,3,0.4994770134980326,70354.01799999177,10.488076624924236,14.031515356998758,7.099480991946913e-06
NER,4B,fr,dst__dst_ebnf,4,0.5252682926829269,96548.44099999964,13.539256906464681,17.932474182763677,5.440463742785125e-06
NER,4B,fr,dst__dst_ebnf,5,0.5123657503202286,49367.7839999944,7.12480646557864,9.493804615383539,1.037854464604461e-05
NER,4B,fr,dst__dst_ebnf,6,0.524853228962818,69983.51199999452,9.897258096449514,13.046888888887867,7.499669764541957e-06
NER,4B,fr,dst__dst_ebnf,7,0.4962330487192367,73898.63599999249,11.297758140955892,14.959238056678641,6.715050176559242e-06
NER,4B,fr,dst__dst_ebnf,8,0.4704614279115126,71882.90100000799,11.75709862610533,15.684682740564693,6.544830848040764e-06
NER,4B,fr,dst__dst_ebnf,9,0.5092867022327604,72610.00300000608,10.561454981819066,14.085354607178678,7.014001944507808e-06
NER,4B,hi,dst__dst_ebnf,1,0.6447154471544715,7548.555999994278,6.1270746753200305,9.518986128618256,8.540910965686155e-05
NER,4B,hi,dst__dst_ebnf,2,0.6431181485992692,7299.397000014782,5.910442914991727,9.216410353554018,8.810565428869902e-05
NER,4B,hi,dst__dst_ebnf,3,0.6436967977300364,7423.578999996185,5.991589184823394,9.349595717879327,8.670976596738139e-05
NER,4B,hi,dst__dst_ebnf,4,0.6431181485992692,7592.956999987364,6.148143319827825,9.587066919175964,8.469930075994628e-05
NER,4B,hi,dst__dst_ebnf,5,0.6431181485992692,7195.4860000014305,5.826304453442454,9.085209595961402,8.937800012384727e-05
NER,4B,hi,dst__dst_ebnf,6,0.6423061307348762,7262.087000012398,5.880232388674006,9.180893805325407,8.844649351264721e-05
NER,4B,hi,dst__dst_ebnf,7,0.6431181485992692,6380.041000008583,5.166025101221525,8.05560732324316,0.00010080156986426953
NER,4B,hi,dst__dst_ebnf,8,0.6431181485992692,6277.773000001907,5.083217004050128,7.926481060608469,0.00010244367685787202
NER,4B,hi,dst__dst_ebnf,9,0.6431181485992692,6505.5759999752045,5.26767287447385,8.214111111079804,9.885645000561371e-05
NER,4B,ja,dst__dst_ebnf,1,0.17053538972841045,183185.5149999857,34.68765669380528,111.56243300851749,9.309436378112307e-07
NER,4B,ja,dst__dst_ebnf,2,0.17205411546008467,79243.33000001311,14.701916512061802,47.56502400961171,2.171212586094706e-06
NER,4B,ja,dst__dst_ebnf,3,0.17175870504346014,79107.56299999356,15.10551136146526,47.94397757575368,2.1712046045897546e-06
NER,4B,ja,dst__dst_ebnf,4,0.16999114629446382,46303.80900001526,8.861973014356987,28.37243198530347,3.671213016069754e-06
NER,4B,ja,dst__dst_ebnf,5,0.1713211880774652,54291.47200000286,10.478956186065018,33.08438269348133,3.1555819314948054e-06
NER,4B,ja,dst__dst_ebnf,6,0.17039281236941078,45057.604000002146,8.718576625387412,27.625753525445827,3.781666072820975e-06
NER,4B,ja,dst__dst_ebnf,7,0.17051362029527967,61620.54399999976,11.71493231939159,37.573502439024246,2.767155387256567e-06
NER,4B,ja,dst__dst_ebnf,8,0.17017735476153326,42415.754000008106,8.077652637594383,25.926500000004957,4.012126125625416e-06
NER,4B,ja,dst__dst_ebnf,9,0.17293585141251755,48269.44200000167,9.202944137273912,29.042985559567793,3.582719091977727e-06
NER,4B,ko,dst__dst_ebnf,1,0.3736502055753852,77839.22399997711,10.095878599218821,18.82447980652409,4.800281739390093e-06
NER,4B,ko,dst__dst_ebnf,2,0.40294627383015597,65483.89999997616,7.564271687648858,14.08255913977982,6.1533640151289504e-06
NER,4B,ko,dst__dst_ebnf,3,0.4078152448691032,56720.88599997759,6.361696500670434,11.918656440423952,7.189860272444693e-06
NER,4B,ko,dst__dst_ebnf,4,0.4044721565254784,61327.75,6.943812273550725,13.040133957048692,6.595255109236494e-06
NER,4B,ko,dst__dst_ebnf,5,0.3956341410172451,71391.5569999814,8.416830582407616,15.756247406749372,5.541749720031293e-06
NER,4B,ko,dst__dst_ebnf,6,0.40595166422980994,63292.41600000858,7.167072358737242,13.409410169493343,6.413906908368846e-06
NER,4B,ko,dst__dst_ebnf,7,0.414457624941116,74971.04499995708,8.397294466841071,15.493086381474908,5.5282359335041045e-06
NER,4B,ko,dst__dst_ebnf,8,0.4050938916468811,61848.39899998903,7.0748568977338175,13.181670716110192,6.5497878392446816e-06
NER,4B,ko,dst__dst_ebnf,9,0.4136958194408823,56942.86799997091,6.347438189719196,11.76748667079374,7.2651033214746686e-06
NER,4B,ru,dst__dst_ebnf,1,0.3949511788521077,58380.500999987125,6.620605692899424,14.08116280752222,6.765121437587436e-06
NER,4B,ru,dst__dst_ebnf,2,0.4029183337255825,45045.925999999046,4.9675701367444915,10.524749065420338,8.944612077140805e-06
NER,4B,ru,dst__dst_ebnf,3,0.39165267450227875,57822.75600001216,6.670830179973715,14.165300342972113,6.7733311518772365e-06
NER,4B,ru,dst__dst_ebnf,4,0.3989223424871201,70482.16600000858,7.848793541203628,16.70193507109208,5.659904698261849e-06
NER,4B,ru,dst__dst_ebnf,5,0.3891350414178386,52848.54999998212,6.15448352160034,13.081324257421317,7.363211316449936e-06
NER,4B,ru,dst__dst_ebnf,6,0.409209060527293,112523.32499998808,12.012738870501556,25.52707009981581,3.636659870540942e-06
NER,4B,ru,dst__dst_ebnf,7,0.39503471891943304,58175.6400000155,6.574261498476155,14.008100168556584,6.790380284932453e-06
NER,4B,ru,dst__dst_ebnf,8,0.3851744186046512,67804.06199997663,8.011823466852965,17.05762566037148,5.680698283309102e-06
NER,4B,ru,dst__dst_ebnf,9,0.4094422199459912,99262.05899998546,10.672192129876944,22.57495087559369,4.124861241756543e-06
NER,4B,zh,dst__dst_ebnf,1,0.5210241778044752,50178.88899999857,3.5577771554168014,7.231429456693842,1.0383334270403836e-05
NER,4B,zh,dst__dst_ebnf,2,0.5199834256224809,50312.006999999285,3.5898684980377658,7.289482323963965,1.0335175569968583e-05
NER,4B,zh,dst__dst_ebnf,3,0.5218172965279599,53474.90200001001,3.77461015035011,7.676557852427507,9.758172095908884e-06
NER,4B,zh,dst__dst_ebnf,4,0.5214200119832235,48573.77500000596,3.427446725938891,6.976985779949147,1.0734599317906825e-05
NER,4B,zh,dst__dst_ebnf,5,0.5204433128650592,49758.075999975204,3.5100222911946393,7.1594353956798855,1.0459474214101819e-05
NER,4B,zh,dst__dst_ebnf,6,0.5200135302739881,47975.84799998999,3.4085860035516866,6.934930326682565,1.0839069072298558e-05
NER,4B,zh,dst__dst_ebnf,7,0.521567016469358,67818.98799997568,4.760897718496011,9.712013174849732,7.690575041750034e-06
NER,4B,zh,dst__dst_ebnf,8,0.5196685041436983,55878.22299998999,3.953181676688361,8.064399336122094,9.300018437304124e-06
NER,4B,zh,dst__dst_ebnf,9,0.5206490230772127,55427.29699999094,3.950345449361481,8.015516558205487,9.393368453043955e-06
NER,4B,ar,dst__dst_outlines,1,0.013913335009638757,111844.67599999905,166.43552976190335,1347.5262168674583,1.2439872425969454e-07
NER,4B,ar,dst__dst_outlines,2,0.037005627939249094,141397.72499999404,82.59212908878156,589.1571874999752,2.617130363253769e-07
NER,4B,ar,dst__dst_outlines,3,0.07501923570146192,87236.49099999666,20.114477980169855,149.12220683760117,8.599524676143243e-07
NER,4B,ar,dst__dst_outlines,4,0.07487659465350342,85827.76199999452,19.775982027648507,146.96534589040158,8.724053023019312e-07
NER,4B,ar,dst__dst_outlines,5,0.07504642376896972,86498.65400001407,19.848245525473626,147.60862457340284,8.676022145842584e-07
NER,4B,ar,dst__dst_outlines,6,0.07568938193343898,78106.72900000215,17.29555558015991,130.83204187605048,9.690507194768955e-07
NER,4B,ar,dst__dst_outlines,7,0.07585944437396931,74463.71500000358,16.521791657422582,124.521262541812,1.018743751556925e-06
NER,4B,ar,dst__dst_outlines,8,0.0761193084668482,59485.71700000763,13.125709841131428,98.97789850250854,1.2796232827930515e-06
NER,4B,ar,dst__dst_outlines,9,0.07564622402432844,78137.29199999571,17.267909834253196,130.88323618089734,9.68119345937054e-07
NER,4B,de,dst__dst_outlines,1,0.7152935821574874,65860.97699999809,5.2705647407168765,6.984937639198016,1.086065853771814e-05
NER,4B,de,dst__dst_outlines,2,0.7133186278238381,64374.245999991894,5.180608884596161,6.864389635315835,1.1080807499072346e-05
NER,4B,de,dst__dst_outlines,3,0.7141934748756125,59184.65499998629,4.749591124306741,6.294900553072356,1.2067206860896256e-05
NER,4B,de,dst__dst_outlines,4,0.713329784807239,74669.90699999034,6.00530054688679,7.959695874639201,9.553109324313625e-06
NER,4B,de,dst__dst_outlines,5,0.7143182508351047,54987.37199999392,4.407452067970016,5.844124986714202,1.2990587199460699e-05
NER,4B,de,dst__dst_outlines,6,0.7154514745511823,58706.45800000429,4.704420065710737,6.228801909814779,1.2186929665406316e-05
NER,4B,de,dst__dst_outlines,7,0.7138892057336222,58433.2120000124,4.699848146063895,6.224244993610183,1.2217182340301107e-05
NER,4B,de,dst__dst_outlines,8,0.715207163454242,153562.3299999982,12.296791319666736,16.293085411140392,4.657438861824057e-06
NER,4B,de,dst__dst_outlines,9,0.7146928074774879,60571.92200000584,4.864823869569179,6.440395746943737,1.1799077590396075e-05
NER,4B,en,dst__dst_outlines,1,0.5821476656599105,57329.43600001931,4.239402203654464,7.167075384425468,1.0154428619526527e-05
NER,4B,en,dst__dst_outlines,2,0.5820683630009829,91911.39899998903,6.801701990674834,11.49610994371345,6.332928987415938e-06
NER,4B,en,dst__dst_outlines,3,0.5818155325659333,73088.58799999952,5.416376760041465,9.152089656899514,7.96041555168554e-06
NER,4B,en,dst__dst_outlines,4,0.5818976507011473,72527.44200000167,5.373597243832086,9.079549574361753,8.02313765183024e-06
NER,4B,en,dst__dst_outlines,5,0.5822526591869446,70862.65400001407,5.251419445680604,8.866698448450208,8.216636356674265e-06
NER,4B,en,dst__dst_outlines,6,0.5815401419989078,71658.63000002503,5.305295772564229,8.973031555224773,8.11542366911989e-06
NER,4B,en,dst__dst_outlines,7,0.5827602517920168,72495.84499999881,5.360136414047971,9.052927697302547,8.038533129616276e-06
NER,4B,en,dst__dst_outlines,8,0.5819307832422587,92194.6290000081,6.833281129558857,11.543086139978477,6.3119813979858575e-06
NER,4B,en,dst__dst_outlines,9,0.22522206638616177,32945.633999973536,10.445667089401882,17.096852101698772,6.836173387537259e-06
NER,4B,es,dst__dst_outlines,1,0.5245001553921061,274879.0370000005,39.01206883338071,54.29173158206606,1.908112605153318e-06
NER,4B,es,dst__dst_outlines,2,0.18848910652189338,78123.46400001645,42.6671021299926,58.8279096385666,2.4127079992491587e-06
NER,4B,es,dst__dst_outlines,3,0.1975134218705849,80072.15100002289,42.23214715191081,57.2762167382138,2.4666930937140486e-06
NER,4B,es,dst__dst_outlines,4,0.1902871322226161,76685.20199999213,41.56379512194695,57.142475409830205,2.481406154770716e-06
NER,4B,es,dst__dst_outlines,5,0.19194564371151532,78212.28700000048,41.847130551097095,57.67867772861392,2.4541622687943412e-06
NER,4B,es,dst__dst_outlines,6,0.34895252262303206,155274.4050000012,40.08115771812111,55.1596465364125,2.2473280295167087e-06
NER,4B,es,dst__dst_outlines,7,0.7103748766853009,454874.3070000112,37.6926008452114,52.64139648188997,1.5616948808790015e-06
NER,4B,es,dst__dst_outlines,8,0.709372171480293,455620.55799999833,37.823390171010985,52.85008212504331,1.556936268622663e-06
NER,4B,es,dst__dst_outlines,9,0.7078697981046559,454166.10100001097,37.81566203164121,52.8714902211887,1.5586143407577634e-06
NER,4B,fr,dst__dst_outlines,1,0.7111600818510939,78537.82400000095,6.52145013700913,8.691658255865534,9.055001089043227e-06
NER,4B,fr,dst__dst_outlines,2,0.711659333752357,72031.45199999213,5.959415239512876,7.9522468536092,9.879841569102823e-06
NER,4B,fr,dst__dst_outlines,3,0.7115286348807043,72003.54099999368,5.9645080351220745,7.9553133355423356,9.88185615594609e-06
NER,4B,fr,dst__dst_outlines,4,0.7112316277607483,68165.45300000906,5.644237227789108,7.532926621727158,1.0433901580037233e-05
NER,4B,fr,dst__dst_outlines,5,0.7121372756901088,74674.21500000358,6.172442965779763,8.234915637406658,9.53658870990575e-06
NER,4B,fr,dst__dst_outlines,6,0.713781196044577,73898.63599999249,6.099763598843788,8.125193622868883,9.658922473814666e-06
NER,4B,fr,dst__dst_outlines,7,0.7123900753768845,71882.90100000799,5.939263075271254,7.9227268819583365,9.910424669377288e-06
NER,4B,fr,dst__dst_outlines,8,0.7115513107731006,72610.00300000608,6.01374879907289,8.021432059214105,9.79963202553567e-06
NER,4B,fr,dst__dst_outlines,9,0.7131764705882353,439861.5719999969,36.25930030500346,48.373646981193986,1.6213657113657574e-06
NER,4B,hi,dst__dst_outlines,1,0.6441642944286295,44029.589999973774,35.767335499572525,55.592916666633556,1.4630258751648907e-05
NER,4B,hi,dst__dst_outlines,2,0.6447154471544715,45501.953999996185,36.933404220776126,57.37951324085268,1.416896178029026e-05
NER,4B,hi,dst__dst_outlines,3,0.6436126932465419,46188.16999998689,37.551357723566575,58.392123893788735,1.393457877302185e-05
NER,4B,hi,dst__dst_outlines,4,0.6436126932465419,46477.79199999571,37.786822764224155,58.75827054361025,1.3847746752827702e-05
NER,4B,hi,dst__dst_outlines,5,0.6447154471544715,47715.37700000405,38.73001379870459,60.170715006310274,1.3511691360091668e-05
NER,4B,hi,dst__dst_outlines,6,0.6436126932465419,43894.736999988556,35.68677804877118,55.49271428569982,1.4662639241846003e-05
NER,4B,hi,dst__dst_outlines,7,0.645790971939813,45397.288000017405,36.878381803426,57.175425692717134,1.4225320506801319e-05
NER,4B,hi,dst__dst_outlines,8,0.6439024390243903,45575.40799999237,36.99302597401978,57.54470707069743,1.4128286882796486e-05
NER,4B,hi,dst__dst_outlines,9,0.6441642944286295,45492.449000000954,36.955685621446754,57.439960858587064,1.4159806925949756e-05
NER,4B,ja,dst__dst_outlines,1,0.17518773788704867,546884.6859999895,100.0520830589077,321.1301738109157,3.2033761846286556e-07
NER,4B,ja,dst__dst_outlines,2,0.1755108343198312,232743.0609999895,42.68165431872171,136.50619413489122,7.540969581036795e-07
NER,4B,ja,dst__dst_outlines,3,0.17615301557920715,81247.92000001669,14.8452256532097,47.430192644493104,2.168092617991586e-06
NER,4B,ja,dst__dst_outlines,4,0.17467428806838664,112983.97200000286,20.757665258130235,66.61790801886961,1.5460094469716663e-06
NER,4B,ja,dst__dst_outlines,5,0.1755705527793519,130463.1060000062,24.00425133394778,76.56285563380645,1.345748680698615e-06
NER,4B,ja,dst__dst_outlines,6,0.17566802244761368,89703.90599998832,16.46849752156936,52.58142203985246,1.9583096241944755e-06
NER,4B,ja,dst__dst_outlines,7,0.17574168337703738,96442.21000000834,17.621452585420855,56.43195435927931,1.8222486126875585e-06
NER,4B,ko,dst__dst_outlines,1,0.4715535679564457,85712.57100003958,7.590557120088521,14.136990103915483,5.501568351697535e-06
NER,4B,ko,dst__dst_outlines,2,0.47245195107746074,77378.4660000205,6.828315037064994,12.718354043395873,6.105729093638733e-06
NER,4B,ko,dst__dst_outlines,3,0.47204727470647695,80597.45199996233,7.133149128238103,13.27581156316296,5.856851091355811e-06
NER,4B,ko,dst__dst_outlines,4,0.4731241261457201,62444.01099997759,5.513819955847911,10.251848793297913,7.576773473854681e-06
NER,4B,ko,dst__dst_outlines,5,0.4717311054983485,61489.29500001669,5.43575804455593,10.13003212520868,7.671759864838594e-06
NER,4B,ko,dst__dst_outlines,6,0.47243482652783714,79042.44100004435,6.985015995055174,13.000401480270451,5.9769766792446616e-06
NER,4B,ko,dst__dst_outlines,7,0.47257187257187255,77145.7350000143,6.816800830610083,12.684270799081602,6.125703158726596e-06
NER,4B,ko,dst__dst_outlines,8,0.47196860794902673,86407.38499999046,7.635859402614923,14.22577955218809,5.46213275577173e-06
NER,4B,ko,dst__dst_outlines,9,0.4709677419354838,66857.93400001526,5.912968426639715,11.034483248063257,7.044305944831863e-06
NER,4B,ru,dst__dst_outlines,1,0.4374480010509261,106364.54999998212,9.977912757972057,21.294204204200625,4.112723656998498e-06
NER,4B,ru,dst__dst_outlines,2,0.4392841553906591,125339.20199999213,11.677928072299649,24.908426470586672,3.504762663086739e-06
NER,4B,ru,dst__dst_outlines,3,0.4388008901688703,65732.69000002742,6.120362197395477,13.073327366751673,6.675535265157828e-06
NER,4B,ru,dst__dst_outlines,4,0.4397293167430692,81629.09599998593,7.6089761372097255,16.20911358220531,5.386918859705919e-06
NER,4B,ru,dst__dst_outlines,5,0.4394712733935349,150289.26699998975,13.985600874743136,29.837059162197686,2.9241693845879554e-06
NER,4B,ru,dst__dst_outlines,6,0.4394415357766143,67804.06199997663,6.311464395418099,13.463872517866687,6.481050291305051e-06
NER,4B,zh,dst__dst_outlines,1,0.5214782995111835,27918.821000009775,1.9291612078503162,3.9651783837536962,1.8678378270737182e-05
NER,4B,zh,dst__dst_outlines,2,0.5292851147684561,160079.22200000286,10.764523031403595,22.073803364589473,3.306394847224124e-06
NER,4B,zh,dst__dst_outlines,3,0.5283788706739527,150278.2610000074,10.07361985520897,20.72231949807052,3.516003360419021e-06
NER,4B,zh,dst__dst_outlines,4,0.5286089621953001,200630.47200000286,13.49048359332994,27.699913295596144,2.63473916462347e-06
NER,4B,zh,dst__dst_outlines,5,0.5291388066790894,227361.74500000477,15.323970142212358,31.399219030521305,2.327299197492869e-06
NER,4B,zh,dst__dst_outlines,6,0.5289069062488586,146112.53900000453,9.839890834399927,20.1785028311013,3.6198598003203696e-06
NER,4B,zh,dst__dst_outlines,7,0.22775495186116393,139637.18400000036,36.98998251655639,75.19503715670456,1.631048015556969e-06
NER,4B,zh,dst__dst_outlines,8,0.1727873183619551,84036.44900000095,32.22256480061386,64.24804969419033,2.0560997093291407e-06
NER,4B,zh,dst__dst_outlines,9,0.17452237720631983,156396.00300000608,60.268209248557255,118.48182045455006,1.1159004952723314e-06
NER,4B,ar,xml__false,1,0.057900908824391674,93428.05900001526,39.173190356400525,236.52673164560824,6.19737897202619e-07
NER,4B,ar,xml__false,2,0.05897848675545148,126156.42500001192,52.412307852103,313.0432382134291,4.675028382854532e-07
NER,4B,ar,xml__false,3,0.05629432624113475,10966.311999976635,4.81612296880836,28.782971128547597,5.133387253732585e-06
NER,4B,ar,xml__false,4,0.058535157679081004,119759.64199998975,49.73407059800239,299.3991049999744,4.887719827943876e-07
NER,4B,ar,xml__false,5,0.058444411893950485,77607.54199999571,32.403984133609896,194.50511779447547,7.530764457654607e-07
NER,4B,ar,xml__false,6,0.058164237052230616,80691.06999999285,33.73372491638497,203.25206549116587,7.208261961606875e-07
NER,4B,ar,xml__false,7,0.058138683459032,148937.45899999142,62.109032110088165,375.15732745589776,3.903563539313193e-07
NER,4B,ar,xml__false,8,0.05744508925292,75715.74300000072,32.16471665250668,193.64640153452868,7.586941232673297e-07
NER,4B,ar,xml__false,9,0.02141133896260555,141933.13699999452,70.78959451371297,999.5291338027782,1.5085510977331795e-07
NER,4B,de,xml__false,1,0.6541994207695491,66123.61699999869,6.41852232576186,8.363725904376258,9.8935819068936e-06
NER,4B,de,xml__false,2,0.6520264681555005,65389.79199999571,6.341135764157846,8.295038944563707,9.971380061211133e-06
NER,4B,de,xml__false,3,0.6531727306593815,52264.56899999082,5.078667670779401,6.624153231938,1.2497428815676186e-05
NER,4B,de,xml__false,4,0.6536585365853658,84464.45399999619,8.182954272427455,10.683588919807258,7.738859432932525e-06
NER,4B,de,xml__false,5,0.6540989706064742,55818.10199999809,5.408206762910386,7.055758058399456,1.1718402223825104e-05
NER,4B,de,xml__false,6,0.6545364525312538,51042.68600000441,4.9226237824288175,6.435033535048463,1.2823315225440864e-05
NER,4B,de,xml__false,7,0.6480772432162476,51594.789999991655,5.078227362203903,6.626610583096796,1.2560904758336112e-05
NER,4B,de,xml__false,8,0.6559973601715889,160121.09699998796,15.43187133770123,20.1359528420508,4.096882749758068e-06
NER,4B,de,xml__false,9,0.3842136803355878,88155.10500000417,9.285349167895953,19.64240307486724,4.358382652207942e-06
NER,4B,en,xml__false,1,0.5213110719120482,57316.58799999952,5.501160188117816,9.020552093169583,9.095291434864416e-06
NER,4B,en,xml__false,2,0.528009728415079,59013.39700001478,5.509092326364337,9.060862428990447,8.947285790291766e-06
NER,4B,en,xml__false,3,0.5218314749009516,26852.743000000715,2.5513295011877166,4.203622886662605,1.9433078955879393e-05
NER,4B,en,xml__false,4,0.5271745748264804,73088.58799999952,6.844141586290807,11.254787188173625,7.2128165183117765e-06
NER,4B,en,xml__false,5,0.5265083753455847,71583.41899999976,6.729029798834345,11.055354285714248,7.355172227043059e-06
NER,4B,en,xml__false,6,0.5265344357105038,70862.65400001407,6.688310901369897,10.96266305693287,7.430351616669612e-06
NER,4B,en,xml__false,7,0.5266113281249999,71658.63000002503,6.748787907329538,11.073810848404426,7.348889144612671e-06
NER,4B,en,xml__false,8,0.5255058421202621,72495.84499999881,6.836006129184234,11.23269987604568,7.248771872653815e-06
NER,4B,en,xml__false,9,0.33579790511398644,92194.6290000081,7.676488676103922,21.145557110093602,3.6422718845580138e-06
NER,4B,es,xml__false,1,0.6572489359775423,27569.291000008583,2.8057491349489703,3.798469413062632,2.383989258110909e-05
NER,4B,es,xml__false,2,0.6555843212063406,18820.79199999571,1.9289527518700122,2.6078414853811425,3.483298265059675e-05
NER,4B,es,xml__false,3,0.6638515789946544,20464.305999994278,2.0462259774016878,2.769563675733425,3.243948653791827e-05
NER,4B,es,xml__false,4,0.6565697912402783,18187.16599997878,1.869761077411204,2.5196960376806294,3.6100720213421064e-05
NER,4B,es,xml__false,5,0.6595147564729313,17939.86200001836,1.8246401545991007,2.4625754289661437,3.676253231336208e-05
NER,4B,es,xml__false,6,0.6657109577994804,29649.148999989033,2.9466456966794903,3.990464199190987,2.2452953297233814e-05
NER,4B,es,xml__false,7,0.6661581946251515,16839.89699998498,1.6791202512698156,2.2683050915928042,3.955832952100275e-05
NER,4B,es,xml__false,8,0.6645120746925218,111274.81200000644,11.107487722100862,15.033073763848478,5.97181035625999e-06
NER,4B,es,xml__false,9,0.3912439837097371,65885.48799997568,7.048083868204501,15.586819966873831,5.938242177243668e-06
NER,4B,fr,xml__false,1,0.6753478871441337,55885.39499999583,5.516820829219727,7.042897920604389,1.2084514874488838e-05
NER,4B,fr,xml__false,2,0.6778221353945468,60916.28100000322,5.98568153679898,7.633619172932735,1.1127109604647582e-05
NER,4B,fr,xml__false,3,0.6576400642277481,36386.61699999869,3.7612794087242802,4.802245875676216,1.8073679788032283e-05
NER,4B,fr,xml__false,4,0.6722753672702426,52820.774000003934,5.257367771474463,6.710808537670427,1.2727480427874695e-05
NER,4B,fr,xml__false,5,0.6725021349274124,63834.74400000274,6.35108387225179,8.105999238095587,1.053504867078943e-05
NER,4B,fr,xml__false,6,0.6734441074708469,28820.50299999118,2.8699963154741264,3.6560323480897092,2.3366840872661143e-05
NER,4B,fr,xml__false,7,0.6709749208251304,43892.51399999857,4.390568570571029,5.599249138920598,1.5286773521907455e-05
NER,4B,fr,xml__false,8,0.6775687040733976,65249.74799999595,6.413381953999995,8.180760782346534,1.0384234803074484e-05
NER,4B,fr,xml__false,9,0.3680499166631053,155075.18999999762,15.461135593220101,36.01374593590284,2.3733642800186864e-06
NER,4B,hi,xml__false,1,0.6406381192275398,1606.0399999916553,1.3917157712232715,2.10490170378985,0.00039889300343133946
NER,4B,hi,xml__false,2,0.6420478388585816,1572.6910000145435,1.3616372294498214,2.055805228777181,0.000408247925913383
NER,4B,hi,xml__false,3,0.6425871482570349,1527.8980000019073,1.3251500433667887,1.9972522875841927,0.00042056940205185994
NER,4B,hi,xml__false,4,0.6425871482570349,1531.7339999973774,1.3284770164764765,2.0022666666632385,0.00041951614853371087
NER,4B,hi,xml__false,5,0.6425871482570349,1521.6649999916553,1.3197441456996144,1.9891045751524907,0.00042229212623051644
NER,4B,hi,xml__false,6,0.6414777497900923,1373.246000021696,1.1899878683030296,1.7974424084053613,0.0004671251544005644
NER,4B,hi,xml__false,7,0.6426174496644296,1521.638000011444,1.3162958477607647,1.986472584871337,0.0004223195330687039
NER,4B,hi,xml__false,8,0.6420168067226891,1491.1739999949932,1.2944218749956538,1.9517984293128183,0.0004305445284888583
NER,4B,hi,xml__false,9,0.412712233347845,2561.6169999837875,2.3962740879174813,5.4042552742274,0.00016111395003642507
NER,4B,ja,xml__false,1,0.16546175373134328,65052.14700001478,20.482414042825813,45.84365539113092,2.5435248698448906e-06
NER,4B,ja,xml__false,2,0.16529792067097676,63392.506999999285,19.853588161603284,44.674071176884624,2.607530897476237e-06
NER,4B,ja,xml__false,3,0.167015585019772,78510.55799999833,24.3821608695647,54.67309052924675,2.1273009551119936e-06
NER,4B,ja,xml__false,4,0.16106360548201945,41092.090000003576,13.264070367980496,29.885156363638966,3.919576869465764e-06
NER,4B,ja,xml__false,5,0.16430693934626814,69170.5189999938,21.703959523060497,49.05710567375447,2.3753897140237283e-06
NER,4B,ja,xml__false,6,0.1651728553137004,74025.32800000906,23.089621958830026,52.16725017618679,2.2313019040412787e-06
NER,4B,ja,xml__false,7,0.16371061843640605,50789.18900001049,16.052208912771963,36.2004198146903,3.2233359433318033e-06
NER,4B,ja,xml__false,8,0.16275942706810875,65013.0909999907,20.77759379993311,46.70480675286689,2.503486983385116e-06
NER,4B,ja,xml__false,9,0.10147945205479453,100077.0190000236,23.415306270478148,108.0745345572609,1.0140135374612887e-06
NER,4B,ko,xml__false,1,0.44608516483516486,19264.936000019312,2.1711862955053887,3.707647421096865,2.315528921740086e-05
NER,4B,ko,xml__false,2,0.44582760989010994,18862.363000005484,2.1258157331235754,3.63226709031494,2.3635830245127842e-05
NER,4B,ko,xml__false,3,0.44315295535752725,20873.09999999404,2.3703270497381377,4.055391490187302,2.1230816474680513e-05
NER,4B,ko,xml__false,4,0.4504566015191602,26926.37200000882,2.9881669071145067,5.1016241000395635,1.6729197736665477e-05
NER,4B,ko,xml__false,5,0.4482152804559284,21680.490000009537,2.4321842046230127,4.145409177822091,2.0673669296945374e-05
NER,4B,ko,xml__false,6,0.43818860067667215,22456.494000017643,2.6018415015661733,4.445950108892822,1.95127788280899e-05
NER,4B,ko,xml__false,7,0.4467610467610467,18398.984999984503,2.07032575672156,3.5335096984798353,2.428183113152291e-05
NER,4B,ko,xml__false,8,0.44465460172806603,17638.590000003576,1.995315610860133,3.410400232019253,2.5209191989154228e-05
NER,4B,ko,xml__false,9,0.2575878949710726,28707.01399999857,3.567418168261286,9.919493434691972,8.972995065633974e-06
NER,4B,ru,xml__false,1,0.4620670946740212,105628.1929999888,10.625509807865285,20.670879256357885,4.374467474550759e-06
NER,4B,ru,xml__false,2,0.46307511524902834,66278.81700000167,6.661857171575201,12.937500878391893,6.98677399822958e-06
NER,4B,ru,xml__false,3,0.4627628306579245,70482.16600000858,7.092188166633989,13.77411881962255,6.565672664740016e-06
NER,4B,ru,xml__false,4,0.46387557645356725,81348.2879999876,8.183109143948053,15.857366081868928,5.702339752419104e-06
NER,4B,ru,xml__false,5,0.4608624750860663,149487.44600000978,15.101267400748538,29.38616984470411,3.0829510264429575e-06
NER,4B,ru,xml__false,6,0.463474246401738,67439.45799997449,6.800389028937631,13.171769140620018,6.872449158798301e-06
NER,4B,ru,xml__false,7,0.465294701687878,99262.05899998546,9.945101593025294,19.255491561587867,4.687538283766068e-06
NER,4B,ru,xml__false,8,0.13755256218373602,106961.0909999907,57.692066343037055,110.84050880828052,1.2860056016420772e-06
NER,4B,ru,xml__false,9,0.07851060759128302,93643.16999998689,55.70682331944491,172.13818014703472,8.384018566575011e-07
NER,4B,zh,xml__false,1,0.5413084418242856,17565.149999976158,1.4768076340992229,2.65695810013253,3.08171829916067e-05
NER,4B,zh,xml__false,2,0.5411678175949005,15559.756999999285,1.3030530943806453,2.349706584113453,3.477996588217447e-05
NER,4B,zh,xml__false,3,0.5417825020441537,15407.136000007391,1.2916780684110825,2.3252544521592804,3.516438759571498e-05
NER,4B,zh,xml__false,4,0.5421750663129974,15567.837999999523,1.3002453854505573,2.3434951076320223,3.482661280988497e-05
NER,4B,zh,xml__false,5,0.5380568798290318,15567.456999987364,1.3192760169480817,2.3781633058336946,3.45629269976123e-05
NER,4B,zh,xml__false,6,0.5418453620879794,15480.840999990702,1.295359467826182,2.3339124076572744,3.5001028825779226e-05
NER,4B,zh,xml__false,7,0.5407616476459278,15388.002000004053,1.291481493915573,2.327988199698041,3.514177133885123e-05
NER,4B,zh,xml__false,8,0.5402727161049916,15640.935000002384,1.3155803684079723,2.370916325602908,3.454222628665801e-05
NER,4B,zh,xml__false,9,0.25144780478146805,27694.120999991894,3.610236083951492,10.903197244091297,9.079465088693072e-06
NER,4B,ar,xml__xml_xgrammar,1,0.023722769206915267,96874.22800000012,59.06965121951227,633.1648888888897,2.448821497386822e-07
NER,4B,ar,xml__xml_xgrammar,2,0.02245438952128489,135424.44399999827,86.4227466496479,940.4475277777658,1.6580750755221986e-07
NER,4B,ar,xml__xml_xgrammar,3,0.021283255086071987,127503.93800000101,83.82901906640434,937.5289558823604,1.6692233526208278e-07
NER,4B,ar,xml__xml_xgrammar,4,0.02291861552853134,149474.061999999,95.26708859145889,1016.8303537414897,1.5332837832781647e-07
NER,4B,ar,xml__xml_xgrammar,5,0.021962616822429906,107708.55599999428,68.12685388993945,763.8904680850658,2.0390781975046694e-07
NER,4B,ar,xml__xml_xgrammar,6,0.022923976608187135,124856.20399999619,79.72937675606397,849.3619319727632,1.8360302390891073e-07
NER,4B,ar,xml__xml_xgrammar,7,0.0215962441314554,109325.04100000113,71.87708152531305,792.2104420289937,1.9754160560026843e-07
NER,4B,ar,xml__xml_xgrammar,8,0.057911451522510746,257342.9699999988,53.61311874999975,553.4257419354813,2.250360735422888e-07
NER,4B,ar,xml__xml_xgrammar,9,0.07494069441449212,345685.6080000028,47.42565619426571,497.389364028781,2.167885867394616e-07
NER,4B,de,xml__xml_xgrammar,1,0.5564618573243297,188628.05200000107,11.755456313099906,22.663468941487572,2.950048263894103e-06
NER,4B,de,xml__xml_xgrammar,2,0.5590816564888044,178357.2689999938,11.078779365177576,21.291305837411223,3.1346166019666056e-06
NER,4B,de,xml__xml_xgrammar,3,0.5610305318232995,178488.11200000346,10.930074219228626,21.070488962342516,3.1432375273446146e-06
NER,4B,de,xml__xml_xgrammar,4,0.5602205540423836,149486.50200000405,9.205967606848384,17.7263728210606,3.747633040756873e-06
NER,4B,de,xml__xml_xgrammar,5,0.2811738531624113,122895.53000000119,24.530045908183872,46.30577618688817,2.287909520894768e-06
NER,4B,de,xml__xml_xgrammar,6,0.19561511785105506,141526.21500000358,45.00038632750511,85.05181189904062,1.3821829252697115e-06
NER,4B,de,xml__xml_xgrammar,7,0.1651565825478869,82109.18999999762,31.862316647263334,60.46332106038115,2.011426279420022e-06
NER,4B,de,xml__xml_xgrammar,8,0.16727053140096618,116407.81299999356,43.242129643385425,84.04896245486901,1.436935606727492e-06
NER,4B,de,xml__xml_xgrammar,9,0.1724989459736192,71389.97900000215,26.10236892139018,49.85333729050429,2.416290751025631e-06
NER,4B,en,xml__xml_xgrammar,1,0.4939983829840164,336539.6969999969,18.491192142856974,42.369343698853946,1.467875520741379e-06
NER,4B,en,xml__xml_xgrammar,2,0.4966471854813903,344093.36900001764,18.547508031480035,42.62273863495821,1.443350062004144e-06
NER,4B,en,xml__xml_xgrammar,3,0.4947625374656244,339995.7080000043,18.47300776962805,42.46761279040773,1.4552023035114847e-06
NER,4B,en,xml__xml_xgrammar,4,0.49414468983940607,336758.2840000093,18.46768763367202,42.33823032436627,1.4673571915439277e-06
NER,4B,en,xml__xml_xgrammar,5,0.49383707639553925,339395.90400001407,18.43240666920187,42.461641936696374,1.4550472488775786e-06
NER,4B,es,xml__xml_xgrammar,1,0.6332850940665702,184435.61300000548,11.991912418725974,21.07353896252348,3.4336378086945246e-06
NER,4B,es,xml__xml_xgrammar,2,0.635541732966874,183627.66800001264,11.930071985447807,20.89765198588968,3.4610347116472134e-06
NER,4B,es,xml__xml_xgrammar,3,0.6346021513165042,192183.0379999876,12.519252035697193,21.936198835747927,3.3020715975805584e-06
NER,4B,es,xml__xml_xgrammar,4,0.29518910741301063,102027.3559999764,23.922006096125767,41.831634276333084,2.8932349027360753e-06
NER,4B,es,xml__xml_xgrammar,5,0.22726678006018577,52558.41600000858,17.368941176473424,30.25815544041945,4.324079707047272e-06
NER,4B,es,xml__xml_xgrammar,6,0.22981122181436808,71406.74300000072,23.83402636849156,40.734023388477304,3.218340623859091e-06
NER,4B,es,xml__xml_xgrammar,7,0.22405380456283797,54822.01199999452,18.86511080522867,32.2672230723923,4.0869314421159945e-06
NER,4B,es,xml__xml_xgrammar,8,0.2123387847360723,61143.071000009775,21.978098849751895,38.28620601127725,3.472818444726768e-06
NER,4B,es,xml__xml_xgrammar,9,0.2072150458469982,53271.659999996424,19.870070869077367,34.41321705426125,3.889780154157241e-06
NER,4B,fr,xml__xml_xgrammar,1,0.6226334049231786,153013.08400000632,9.056172111742798,16.239979197623256,4.069151399648627e-06
NER,4B,fr,xml__xml_xgrammar,2,0.621707689245671,171540.48199999332,10.224741133694542,18.30546174367659,3.6242622266019704e-06
NER,4B,fr,xml__xml_xgrammar,3,0.6206804979253112,174704.7269999981,10.426398126044289,18.686996149320578,3.5527401495285127e-06
NER,4B,fr,xml__xml_xgrammar,4,0.6147480320258359,274453.63799999654,16.778971571803908,30.037609499835455,2.2398975524815005e-06
NER,4B,fr,xml__xml_xgrammar,5,0.6230082644628099,320530.97200000286,18.987676796398485,34.01580940252604,1.943675709637209e-06
NER,4B,fr,xml__xml_xgrammar,6,0.6186561948816932,294372.7340000123,17.64824544364582,31.67000903711805,2.1016083469254575e-06
NER,4B,hi,xml__xml_xgrammar,1,0.16666666666666669,23683.26599997282,74.01020624991506,183.5912093021149,7.037317685274402e-06
NER,4B,hi,xml__xml_xgrammar,2,0.17516339869281047,87707.6439999938,290.42266225163513,654.5346567163716,1.9971280803395295e-06
NER,4B,hi,xml__xml_xgrammar,3,0.1920103092783505,77033.93099999428,237.75904629627863,517.0062483221093,2.492542010849281e-06
NER,4B,hi,xml__xml_xgrammar,4,0.5608040201005026,38553.97200000286,21.943068867389222,46.06209318996758,1.4545946656299406e-05
NER,4B,hi,xml__xml_xgrammar,5,0.5633423180592991,10939.511999994516,6.287075862065814,13.0855406698499,5.149611043523527e-05
NER,4B,hi,xml__xml_xgrammar,6,0.555779569892473,90860.71899998188,51.9798163615457,109.86785852476648,6.116829978998778e-06
NER,4B,hi,xml__xml_xgrammar,7,0.5587642713230356,97489.61700001359,55.708352571436336,117.17502043270864,5.731525966739183e-06
NER,4B,hi,xml__xml_xgrammar,8,0.5455825413586766,76282.61899998784,47.29238623681825,98.42918580643592,7.152121263151224e-06
NER,4B,hi,xml__xml_xgrammar,9,0.5611899932386747,27175.86200001836,15.708590751455699,32.74200240966067,2.0650310677846964e-05
NER,4B,ja,xml__xml_xgrammar,1,0.04966984164085783,115080.63599999994,36.68493337583677,270.7779670588234,4.316090296968628e-07
NER,4B,ja,xml__xml_xgrammar,2,0.04876042768182353,136783.9919999987,44.906103742612835,329.5999807228884,3.5647758899904017e-07
NER,4B,ja,xml__xml_xgrammar,3,0.048530537723069665,127503.93800000101,42.45885381285415,309.4755776699054,3.806199124851287e-07
NER,4B,ja,xml__xml_xgrammar,4,0.049150449761890765,151303.37900000066,49.88571678206418,361.96980622009727,3.248470066348654e-07
NER,4B,ja,xml__xml_xgrammar,5,0.04902304902304903,117569.00999999791,37.70654586273185,280.59429594271575,4.1697254253523013e-07
NER,4B,ja,xml__xml_xgrammar,6,0.04732824427480916,143618.6019999981,47.02639227242898,356.37370223324587,3.295411848864104e-07
NER,4B,ja,xml__xml_xgrammar,7,0.047845765003232815,137548.72299999744,45.29098551201759,337.9575503685441,3.4784594113050186e-07
NER,4B,ja,xml__xml_xgrammar,8,0.12966801207228826,401969.8449999988,29.72050609981507,225.44579080201842,3.225814415812426e-07
NER,4B,ja,xml__xml_xgrammar,9,0.10863946442947334,275554.70700000226,28.629060467532703,214.9412691107662,3.9425733500343525e-07
NER,4B,ko,xml__xml_xgrammar,1,0.3938880542147492,163529.85799998045,9.699279833925294,26.54274598279183,2.408661384728875e-06
NER,4B,ko,xml__xml_xgrammar,2,0.3957971791878333,175808.08900001645,10.179970411118498,28.030626434951603,2.2513024368736314e-06
NER,4B,ko,xml__xml_xgrammar,3,0.39788732394366194,175609.56599998474,10.10121173425279,27.75119563842995,2.2657497140201152e-06
NER,4B,ko,xml__xml_xgrammar,4,0.39494390899036186,230266.7610000074,13.370500580653083,36.84857753240637,1.7151581377841553e-06
NER,4B,ko,xml__xml_xgrammar,5,0.39180586196028994,277630.7849999964,16.041531461258245,44.66389720077162,1.4112478987526365e-06
NER,4B,ko,xml__xml_xgrammar,6,0.3897322834645669,248124.25900000334,14.320093437987149,40.10413108130004,1.5707141455465732e-06
NER,4B,ko,xml__xml_xgrammar,7,0.39109237882552766,368645.8670000136,21.223135693725595,59.29642383786611,1.0608890912250842e-06
NER,4B,ko,xml__xml_xgrammar,8,0.39529441133335413,372793.1960000098,21.152587153881626,58.855888222293935,1.0603584388738247e-06
NER,4B,ko,xml__xml_xgrammar,9,0.39469578783151327,372908.64199998975,21.155536506495135,58.95788806323949,1.0584248885053303e-06
NER,4B,ru,xml__xml_xgrammar,1,0.17136686991869918,145884.3839999996,40.898341463414525,108.14261230541113,1.174675898955022e-06
NER,4B,ru,xml__xml_xgrammar,2,0.17607424357996437,146870.36100000143,41.31374430379787,106.04358194945952,1.1988412255619272e-06
NER,4B,zh,xml__xml_xgrammar,1,0.4678097510064112,389574.37000000477,18.548510688949424,49.66526899541111,1.2008227107096533e-06
NER,4B,zh,xml__xml_xgrammar,2,0.46769817845750233,363485.451000005,17.299769216125124,46.33929767975586,1.2867039854574423e-06
NER,4B,zh,xml__xml_xgrammar,3,0.4678617233871208,351311.3219999969,16.733094641581182,44.792977432104664,1.3317581702850014e-06
NER,4B,zh,xml__xml_xgrammar,4,0.46823121939567663,350749.0180000067,16.73420887404612,44.73268945287676,1.3349466295459955e-06
NER,4B,zh,xml__xml_xgrammar,5,0.4679835292713493,343400.7299999893,16.366444094938007,43.789942616678054,1.362791305864038e-06
NER,4B,zh,xml__xml_xgrammar,6,0.46640577965081276,275900.04300001264,13.336235643852119,35.61379153220765,1.6904882455954942e-06
NER,4B,zh,xml__xml_xgrammar,7,0.4666405614626946,254821.15700000525,12.329857115208073,32.89712845339598,1.831247322461082e-06
NER,4B,zh,xml__xml_xgrammar,8,0.4656405939998797,165168.01700001955,7.966046927752462,21.325760748872764,2.819193464070133e-06
NER,4B,zh,xml__xml_xgrammar,9,0.46717511589651567,186191.5340000093,8.90740726211593,23.8401451984647,2.509110408298652e-06
NER,70B,ar,dst__dst_ebnf,1,0.07041198501872659,1205734.128000021,253.2522848141191,2137.8264680851435,5.839760473191596e-08
NER,70B,ar,dst__dst_ebnf,2,0.07037358818418767,1215005.3149999976,250.2585612770335,2142.866516754846,5.792039533933051e-08
NER,70B,de,dst__dst_ebnf,1,0.6469556342295794,947529.0329999924,54.19096557048855,93.4262505422986,6.827818586004051e-07
NER,70B,de,dst__dst_ebnf,2,0.6495877688978741,938555.2039999962,52.760425206588124,91.28138533359231,6.921146099125744e-07
NER,70B,de,dst__dst_ebnf,3,0.6501715156905095,927784.5569999814,52.66715241825508,90.6482224719083,7.007785490554597e-07
NER,70B,en,dst__dst_ebnf,1,0.5452011280023339,1194690.661,70.72104783046233,142.0559644470868,4.563533856923101e-07
NER,70B,en,dst__dst_ebnf,2,0.5446532728451069,1158439.5890000002,68.53861016447759,137.8438349595431,4.7016113573541456e-07
NER,70B,es,dst__dst_ebnf,1,0.6713627337105175,1044697.5830000043,72.4026324069585,116.6087267552187,6.42638352605928e-07
NER,70B,es,dst__dst_ebnf,2,0.6689921608341773,1029178.0149999857,71.46573258801372,115.40457669880979,6.500257011749194e-07
NER,70B,es,dst__dst_ebnf,3,0.6712926692781197,1046297.0580000281,71.93517071158666,116.2939933311135,6.415889867465361e-07
NER,70B,fr,dst__dst_ebnf,1,0.6834107218235543,975664.3029999733,64.7894483697439,100.43898527897605,7.004568269252063e-07
NER,70B,fr,dst__dst_ebnf,2,0.684704388316636,966554.7479999661,64.52732145002778,99.5934825347724,7.083969011930817e-07
NER,70B,fr,dst__dst_ebnf,3,0.684838880084522,971682.2620000243,64.66672847065249,99.93646631698286,7.047971408626011e-07
NER,70B,hi,dst__dst_ebnf,1,0.5812909906800139,57592.12000000477,34.50696225284887,68.39919239905554,1.0093238288154104e-05
NER,70B,hi,dst__dst_ebnf,2,0.5786033711730305,56515.70300000906,33.66033531864745,67.20059809751375,1.0237922213812642e-05
NER,70B,hi,dst__dst_ebnf,3,0.580289455547898,54422.296000003815,32.51033213859248,64.63455581948196,1.0662715434642033e-05
NER,70B,hi,dst__dst_ebnf,4,0.5842541436464088,53702.96700000763,32.19602338129954,63.478684397172145,1.0879364330956348e-05
NER,70B,hi,dst__dst_ebnf,5,0.5806896551724138,54910.26200002432,32.841065789488226,65.21408788601462,1.0575248305538163e-05
NER,70B,hi,dst__dst_ebnf,6,0.5818935729094679,54874.153999984264,32.93766746697735,65.17120427551575,1.0604146588020924e-05
NER,70B,hi,dst__dst_ebnf,7,0.582295988934993,54330.27900004387,32.650408052910976,64.52527197154853,1.0717706583736168e-05
NER,70B,hi,dst__dst_ebnf,8,0.5794907088781831,54048.94999998808,32.21033969010016,64.1911520189882,1.0721590500431755e-05
NER,70B,hi,dst__dst_ebnf,9,0.5804002760524499,53951.160000026226,32.306083832351035,64.1512009512797,1.075788316789051e-05
NER,70B,ja,dst__dst_ebnf,1,0.04673499267935578,933764.6240000129,301.3115921264966,2340.2622155388794,5.005007844391751e-08
NER,70B,ja,dst__dst_ebnf,2,0.04767524191645032,906091.1180000305,304.87588088830097,2242.7997970297783,5.261638809756958e-08
NER,70B,ja,dst__dst_ebnf,3,0.04850046860356139,912567.3570000529,294.75689825583106,2204.2689782609978,5.3147275356199904e-08
NER,70B,ko,dst__dst_ebnf,1,0.4275206372659236,709356.8769999743,42.451039916216295,106.59006416228013,6.026876613560188e-07
NER,70B,ko,dst__dst_ebnf,2,0.4308911903848613,706639.7820000052,41.90971958958575,104.84269762611353,6.097748829896165e-07
NER,70B,ko,dst__dst_ebnf,3,0.428612651896502,694400.2749999762,41.41717016581034,103.88992743865592,6.172414777579353e-07
NER,70B,ko,dst__dst_ebnf,4,0.4283191523519024,695371.4809999466,41.58422921898975,104.25359535231583,6.159573178583309e-07
NER,70B,ru,dst__dst_ebnf,1,0.3997136209056739,918458.6290000081,58.28522839192843,164.50987444026654,4.3520046334680405e-07
NER,70B,zh,dst__dst_ebnf,1,0.4882118244468625,911267.675999999,44.339610548851645,112.83651263001474,5.357501832939623e-07
NER,70B,zh,dst__dst_ebnf,2,0.4877002115442733,907281.673999995,44.132779161396776,112.44041070764592,5.375400225975202e-07
NER,70B,ar,dst__dst_outlines,1,0.07168547686965149,2062583.425000012,423.78948530922787,3568.483434256076,3.475518905115369e-08
NER,70B,en,dst__dst_outlines,1,0.541711247284635,2066805.0380000472,122.40479940776116,247.40304500838488,2.6210079679737196e-07
NER,70B,es,dst__dst_outlines,1,0.6734648139847601,2164961.4980000257,149.18422670893233,240.15102584581538,3.110747302466587e-07
NER,70B,fr,dst__dst_outlines,1,0.6809982703236965,2004755.1579999924,134.00769772727222,207.83279680696583,3.396914918044566e-07
NER,70B,hi,dst__dst_outlines,1,0.5845728121757178,139548.66600000858,83.91380998196547,165.14635029586813,4.189024724719918e-06
NER,70B,hi,dst__dst_outlines,2,0.5826717293752157,138464.12400001287,82.96232714200892,164.05701895736124,4.208106132785425e-06
NER,70B,hi,dst__dst_outlines,3,0.5816678152997933,140631.06499999762,84.00899940262701,166.62448459715358,4.136126077832115e-06
NER,70B,hi,dst__dst_outlines,4,0.5822697481890308,139416.192999959,83.43279054455954,165.18506279615994,4.176485784468394e-06
NER,70B,hi,dst__dst_outlines,5,0.5824706694271912,142613.28100001812,85.39717425150786,168.97308175357597,4.08426666396601e-06
NER,70B,hi,dst__dst_outlines,6,0.5828729281767956,139793.2649999857,83.80891187049502,165.63183056870346,4.1695351215729546e-06
NER,70B,hi,dst__dst_outlines,7,0.5835635359116021,137678.96900004148,82.54134832136779,162.93369112430946,4.238581536090863e-06
NER,70B,hi,dst__dst_outlines,8,0.5839668279198341,137873.2159999609,82.75703241294171,163.16356923072294,4.235534970911245e-06
NER,70B,hi,dst__dst_outlines,9,0.5844559585492228,142602.14599996805,85.54417876422798,168.56045626473764,4.098507455486356e-06
NER,70B,ja,dst__dst_outlines,1,0.04561217892200082,1954616.351999998,643.6010378663149,5037.671010309275,2.3335617178956692e-08
NER,70B,ko,dst__dst_outlines,1,0.42921550946798914,1846857.8590000272,111.06247272836774,277.1395346638696,2.3240310962554851e-07
NER,70B,ru,dst__dst_outlines,1,0.39593762379803366,1882345.1740000248,120.74054996792975,342.431357831549,2.103427305825411e-07
NER,70B,zh,dst__dst_outlines,1,0.489519373279695,1879161.8590000272,91.53694086414473,232.22464891250954,2.604987808448745e-07
NER,70B,ar,xml__false,1,0.06333122229259025,45014.17899996042,15.248705623292826,100.03150888880094,1.4069171914175295e-06
NER,70B,ar,xml__false,2,0.06415758002110447,37132.9090000391,12.561877198930684,81.43181798254189,1.7277822219917356e-06
NER,70B,ar,xml__false,3,0.06506345088691019,38448.48299998045,12.79909553927445,82.86310991375098,1.6922241350053597e-06
NER,70B,ar,xml__false,4,0.0643254275459216,37257.70600003004,12.62973084746781,81.52670897161934,1.7264999499934253e-06
NER,70B,ar,xml__false,5,0.06487931883752023,36851.55500000715,12.483589092143344,79.9382971800589,1.7605585120494273e-06
NER,70B,ar,xml__false,6,0.06368707194803361,37030.24299997091,12.751461088144254,82.1069689578069,1.7198664331768937e-06
NER,70B,ar,xml__false,7,0.06402589178920706,37683.092999994755,12.756632701420026,82.81998461537309,1.6990614806808978e-06
NER,70B,ar,xml__false,8,0.06482002249718785,37428.80500000715,12.623543001688754,81.19046637745586,1.7318218547767012e-06
NER,70B,ar,xml__false,9,0.04715892702624748,72295.83200001717,27.710169413574995,221.08817125387512,6.523049216203263e-07
NER,70B,de,xml__false,1,0.7269820223842763,53010.754000008106,4.501974861996442,5.687238922863224,1.3713859312096657e-05
NER,70B,de,xml__false,2,0.7145515739457533,39253.04699999094,3.447180732413361,4.35033215116823,1.8203722476523115e-05
NER,70B,de,xml__false,3,0.7189150831822125,39639.36700004339,3.4475010436635407,4.347375191932813,1.813639161244491e-05
NER,70B,de,xml__false,4,0.7226323229150305,39450.719999969006,3.4009241379283623,4.2871897413572055,1.8317341810633577e-05
NER,70B,de,xml__false,5,0.7230304693933571,38940.98799997568,3.3474587810518077,4.223992623926205,1.8567337567136424e-05
NER,70B,de,xml__false,6,0.7248416608022521,39666.9620000124,3.3874433817260803,4.279068176916116,1.8273183129124572e-05
NER,70B,de,xml__false,7,0.7220216606498194,39074.841000020504,3.36388094008441,4.2472653260891855,1.8477916791764822e-05
NER,70B,de,xml__false,8,0.7231071008238525,39154.19400000572,3.368972121838386,4.248501953125621,1.8468190172009335e-05
NER,70B,de,xml__false,9,0.636696466581524,65011.25300002098,6.756521824986591,8.693668494252606,9.793634750914869e-06
NER,70B,en,xml__false,1,0.5714066456910446,45765.60300004482,3.7810313119666907,6.14633400484083,1.2485504576231302e-05
NER,70B,en,xml__false,2,0.567194133539174,41319.69599997997,3.4571365461830634,5.623257485027215,1.3726967728403639e-05
NER,70B,en,xml__false,3,0.5667516021928808,41093.28499996662,3.4404960649670646,5.598540190731147,1.3791830032408972e-05
NER,70B,en,xml__false,4,0.5698255322419491,41305.78299999237,3.423887848142604,5.571322228215859,1.3795296708019173e-05
NER,70B,en,xml__false,5,0.5686334925281159,41602.143000006676,3.4651126936537295,5.635619479816673,1.3668370221409619e-05
NER,70B,en,xml__false,6,0.5698036352457441,41846.419000029564,3.4684143389995494,5.6442431885661675,1.3616544709484974e-05
NER,70B,en,xml__false,7,0.5696382577941799,41995.99199998379,3.483699046037643,5.668240248344417,1.3564110065417666e-05
NER,70B,en,xml__false,8,0.5700665103225558,41899.07600003481,3.4762362897232895,5.651345562454115,1.3605706014187096e-05
NER,70B,en,xml__false,9,0.4823586273562107,58871.4279999733,6.68917486648941,10.725346693381908,8.193424955760025e-06
NER,70B,es,xml__false,1,0.7215784008307371,51120.15100002289,4.326716123573668,5.885350103617648,1.4115341733447033e-05
NER,70B,es,xml__false,2,0.7113896366083446,45131.27300000191,3.919005991663938,5.336558235781236,1.5762676062966683e-05
NER,70B,es,xml__false,3,0.7141659681475273,45570.09399998188,3.9284563793087828,5.348602582157498,1.5671812486228605e-05
NER,70B,es,xml__false,4,0.720166147455867,46497.3370000124,3.935449597969733,5.363633291038458,1.548833102970338e-05
NER,70B,es,xml__false,5,0.7194807356245319,46171.55400002003,3.9214841175488386,5.3402213740481175,1.5582770630250386e-05
NER,70B,es,xml__false,6,0.7126417471650567,44922.66499996185,3.8894082251049222,5.294986445068583,1.5863745999166832e-05
NER,70B,es,xml__false,7,0.7190684133915576,45954.01599997282,3.8993649554495393,5.31567565066198,1.564756415178127e-05
NER,70B,es,xml__false,8,0.7172143125547994,45683.62800002098,3.9075894277667422,5.318852951451971,1.5699591822139652e-05
NER,70B,es,xml__false,9,0.6359412399680856,56031.842999994755,6.193416933789627,8.270382730626531,1.13496398818819e-05
NER,70B,fr,xml__false,1,0.7206854728275753,47673.34399998188,3.9108567678410076,5.176258849075123,1.511715798304078e-05
NER,70B,fr,xml__false,2,0.7193855558603394,44109.60100001097,3.6304198353918493,4.8054909031496855,1.630904699999804e-05
NER,70B,fr,xml__false,3,0.726685852065023,45461.13899999857,3.6825547995138574,4.865796746226969,1.5984770026660482e-05
NER,70B,fr,xml__false,4,0.7199060481503229,44366.591000020504,3.64377389947606,4.825077868408973,1.6226309750730907e-05
NER,70B,fr,xml__false,5,0.7198434442270059,44570.45900005102,3.6590147771160844,4.8467223793008944,1.6150685013725837e-05
NER,70B,fr,xml__false,6,0.718718169709316,44037.754000008106,3.62241951139328,4.800801700644076,1.6320500126077812e-05
NER,70B,fr,xml__false,7,0.7192095047641454,44377.4280000329,3.6572793802565435,4.838886490026486,1.6206651380598535e-05
NER,70B,fr,xml__false,8,0.7211858109429389,44187.221000015736,3.6219033606570274,4.79254023861342,1.632113979158549e-05
NER,70B,fr,xml__false,9,0.6356145066760676,59024.158999979496,6.330347383095184,8.184159595116403,1.0768717715677887e-05
NER,70B,hi,xml__false,1,0.6865431103948428,5227.78100001812,4.168884370030399,6.13589319250953,0.00013132591254156654
NER,70B,hi,xml__false,2,0.685483870967742,3790.175000011921,3.027296325888116,4.45902941177873,0.00018085810575120832
NER,70B,hi,xml__false,3,0.6841257050765511,3828.186999976635,3.0527807017357538,4.50905418136235,0.00017870749393400235
NER,70B,hi,xml__false,4,0.6854384553499597,3944.791000008583,3.135763910976616,4.6300363849865995,0.00017375786330593138
NER,70B,hi,xml__false,5,0.6841257050765511,3872.972000002861,3.0884944178651206,4.561804475857316,0.00017664101498178809
NER,70B,hi,xml__false,6,0.6841046277665995,3908.940999984741,3.1097382656998738,4.598754117629107,0.00017501022086781817
NER,70B,hi,xml__false,7,0.6841046277665995,3856.6259999871254,3.0681193317320012,4.537207058808383,0.00017738422853781603
NER,70B,hi,xml__false,8,0.6862666129681837,3829.3389999866486,3.051266135447529,4.494529342707334,0.00017921281269967908
NER,70B,hi,xml__false,9,0.5769728331177232,6919.803000032902,6.342624198013659,10.343502242201646,8.337995071752474e-05
NER,70B,ja,xml__false,1,0.02095264701773991,68022.33799999952,198.89572514619744,453.48225333333016,3.0802597549263976e-07
NER,70B,ja,xml__false,2,0.01930204909434226,44107.252000033855,136.5549597524268,319.61776811618734,4.3761622452306586e-07
NER,70B,ja,xml__false,3,0.01970787616185617,43671.96100002527,131.14703003010592,309.73021985833526,4.512706942984485e-07
NER,70B,ja,xml__false,4,0.01929125602851751,42464.51399999857,128.29158308156667,307.713869565207,4.5429122369134285e-07
NER,70B,ja,xml__false,5,0.019422902256689724,44095.94999998808,130.84851632043942,317.2370503596265,4.404690738422684e-07
NER,70B,ja,xml__false,6,0.019156820247500525,42601.36200004816,130.27939449556013,310.95884671568,4.496762391652846e-07
NER,70B,ja,xml__false,7,0.019148787476413444,42691.23000001907,128.20189189194917,311.6148175183874,4.485414797466573e-07
NER,70B,ja,xml__false,8,0.01970787616185617,44041.07099997997,132.25546846840834,312.3480212764537,4.4748857633060587e-07
NER,70B,ja,xml__false,9,0.04549191559331323,82930.95800000429,133.75960967742628,249.79204216868763,5.485516710576391e-07
NER,70B,ko,xml__false,1,0.4994799683820776,54032.87000000477,5.62022779280266,9.000977844411922,9.244002185744224e-06
NER,70B,ko,xml__false,2,0.499937673993435,41554.457000017166,4.308840418915094,6.907323304524131,1.2030903784718651e-05
NER,70B,ko,xml__false,3,0.501577287066246,41930.90200001001,4.336632743821493,6.939904336314136,1.1961996120811478e-05
NER,70B,ko,xml__false,4,0.5007478810038225,41265.54199999571,4.278438776567725,6.847916030533639,1.2134770482449366e-05
NER,70B,ko,xml__false,5,0.5023460532325708,41707.47000002861,4.317543478263831,6.894936353120947,1.2044510329497956e-05
NER,70B,ko,xml__false,6,0.5029622571156316,41917.41100001335,4.315154519251941,6.90566902800879,1.1998886503640967e-05
NER,70B,ko,xml__false,7,0.5066523870329942,43006.049999952316,4.364324132327209,6.992853658528832,1.1780956098817631e-05
NER,70B,ko,xml__false,8,0.5004155585106382,41308.84999996424,4.284705943363162,6.860795548906201,1.211400362176801e-05
NER,70B,ko,xml__false,9,0.16174201969858787,69056.59200000763,28.406660633487302,50.66514453412152,2.342166258343157e-06
NER,70B,ru,xml__false,1,0.44118829573375024,49365.14800000191,4.8359275078371775,9.996992304577137,8.937242439417647e-06
NER,70B,ru,xml__false,2,0.44027684751060503,37063.56799995899,3.627282051278038,7.517965111553548,1.1878965552131737e-05
NER,70B,ru,xml__false,3,0.4414760543245176,37419.575999975204,3.6660699519913007,7.573279902848655,1.1797997238793141e-05
NER,70B,ru,xml__false,4,0.44156771716811,37404.18700003624,3.658111198047554,7.5625125353894544,1.1805301828046207e-05
NER,70B,ru,xml__false,5,0.44215318693090516,37313.785000026226,3.6485562726142784,7.533572582278665,1.1849593573275785e-05
NER,70B,ru,xml__false,6,0.44058566199446475,37109.33600002527,3.6292749144278993,7.519622289772092,1.1872636632306347e-05
NER,70B,ru,xml__false,7,0.4418365980991477,37210.82100003958,3.6359997068633554,7.515819228446693,1.1873873949157902e-05
NER,70B,ru,xml__false,8,0.44104121087645665,36848.57099997997,3.605535322894322,7.460735169058508,1.196901803537229e-05
NER,70B,ru,xml__false,9,0.3475987606506584,68770.13800001144,8.11064252860142,19.156027298053328,5.054501426921676e-06
NER,70B,zh,xml__false,1,0.5865323096609085,49657.42900002003,3.980236373839374,6.770852058906466,1.1811572235458907e-05
NER,70B,zh,xml__false,2,0.5849381430916444,40322.5189999938,3.2400577742060106,5.519852019164106,1.4506488126194058e-05
NER,70B,zh,xml__false,3,0.5850923218648616,40707.20100000501,3.273598793727785,5.573275054765198,1.4373189693508764e-05
NER,70B,zh,xml__false,4,0.5784495998706652,39184.25499999523,3.209193693693303,5.475720374510233,1.4762296740635636e-05
NER,70B,zh,xml__false,5,0.5831894301433677,40098.37399998307,3.2418444498328944,5.522431345542359,1.4543967048230281e-05
NER,70B,zh,xml__false,6,0.582566410802556,39616.788000017405,3.2075773621583195,5.465892384108361,1.4705038954755748e-05
NER,70B,zh,xml__false,7,0.5859577695285995,40166.20800000429,3.2079073556428632,5.472235422343909,1.4588326822600153e-05
NER,70B,zh,xml__false,8,0.5808088946181116,39610.9810000062,3.2225008948914904,5.4946568178674156,1.4662825306397251e-05
NER,70B,zh,xml__false,9,0.40053349748640604,61425.72300001979,8.822999569092184,15.734047899595232,6.5206151091827935e-06
NER,70B,ar,xml__xml_xgrammar,1,0.07333223882230612,485846.3790000081,69.26808939264444,725.1438492537435,1.509370903890279e-07
NER,70B,ar,xml__xml_xgrammar,2,0.0741960267808144,473517.10100001097,68.00475384173646,700.4690843195428,1.5669133516851102e-07
NER,70B,ar,xml__xml_xgrammar,3,0.07471106972668018,474456.36500000954,67.79885181480559,695.6838196481078,1.574666823716838e-07
NER,70B,ar,xml__xml_xgrammar,4,0.07318542864968501,472597.3720000386,67.55251172098895,707.4810958084411,1.5485788323359323e-07
NER,70B,ar,xml__xml_xgrammar,5,0.07407813871817384,470731.82699996233,67.5853305096859,697.3804844443887,1.5736802669639708e-07
NER,70B,ar,xml__xml_xgrammar,6,0.07307334682491932,474378.37000000477,67.53678388382755,710.147260479049,1.5404021651518088e-07
NER,70B,ar,xml__xml_xgrammar,7,0.07389189484614964,474679.42299997807,67.44521497584229,702.1884955620977,1.5566694334284015e-07
NER,70B,ar,xml__xml_xgrammar,8,0.07340052585451358,470877.9889999628,67.29712576818105,702.8029686566609,1.5588013788964634e-07
NER,70B,de,xml__xml_xgrammar,1,0.5761061690475501,452385.4769999981,21.914715738991333,45.507039231465455,1.2734851102383036e-06
NER,70B,de,xml__xml_xgrammar,2,0.5741248448818217,450424.89999997616,21.672756579895886,45.282487182062546,1.2746294551696677e-06
NER,70B,de,xml__xml_xgrammar,3,0.5732101616628175,450869.8489999771,21.70565419795769,45.41396545124669,1.2713428563346816e-06
NER,70B,de,xml__xml_xgrammar,4,0.5715441750238432,437801.4049999714,21.11616288043078,44.27603205905859,1.3054873019968509e-06
NER,70B,de,xml__xml_xgrammar,5,0.5717750317588636,434256.72900003195,20.909896427197225,43.85545637245324,1.3166751222842225e-06
NER,70B,de,xml__xml_xgrammar,6,0.5721778725611689,436047.06999999285,20.93260381162656,43.92536214364792,1.3121929074335446e-06
NER,70B,de,xml__xml_xgrammar,7,0.5717578586452301,436304.3910000324,20.93691592686945,43.97343186857815,1.310456347539229e-06
NER,70B,de,xml__xml_xgrammar,8,0.5717828920805215,435709.98600000143,20.94155464769785,43.95339312014541,1.3123015548248636e-06
NER,70B,en,xml__xml_xgrammar,1,0.4732771356565569,447032.91400000453,21.739673880270608,54.72308899498158,1.0587075824500744e-06
NER,70B,es,xml__xml_xgrammar,1,0.6288312680065257,495524.567999959,29.94287074747471,54.70573724883628,1.2690213737426187e-06
NER,70B,es,xml__xml_xgrammar,2,0.6298350249380907,493775.87999999523,30.0881043202727,54.68777051722176,1.275548382270306e-06
NER,70B,es,xml__xml_xgrammar,3,0.626400693842151,490046.3669999838,29.583239782673335,54.280722972971176,1.2782478067879885e-06
NER,70B,es,xml__xml_xgrammar,4,0.6260652670962379,478017.3290000558,28.785820125259292,52.901430832232826,1.309712491816724e-06
NER,70B,es,xml__xml_xgrammar,5,0.6276313955109438,479899.0940000415,29.205154211297558,53.298433362954405,1.3078403426010419e-06
NER,70B,es,xml__xml_xgrammar,6,0.629449049244271,477169.25599998236,29.00019788501169,52.80173243332769,1.3191316107010346e-06
NER,70B,es,xml__xml_xgrammar,7,0.6273540571587705,477437.9629999995,28.993621363939972,52.98390445011647,1.314001201782882e-06
NER,70B,fr,xml__xml_xgrammar,1,0.623918936362463,469047.0119999647,26.621659117995613,48.52043157132147,1.3301842254620523e-06
NER,70B,fr,xml__xml_xgrammar,2,0.6246403517279281,465220.78299999237,26.487177351400156,48.15451640616834,1.3426750793460108e-06
NER,70B,fr,xml__xml_xgrammar,3,0.6243242368327344,464237.9549999833,26.49457567629171,48.1424821113744,1.3448366944334762e-06
NER,70B,fr,xml__xml_xgrammar,4,0.6234370456528061,450106.1209999919,25.60039364122352,46.65279031923631,1.3850890191578117e-06
NER,70B,fr,xml__xml_xgrammar,5,0.6240072318718924,449951.4839999676,25.558164385116022,46.55954925496354,1.3868322565015419e-06
NER,70B,fr,xml__xml_xgrammar,6,0.6225501348847792,447584.1859999895,25.726186113345758,46.7353227524266,1.3909118202956208e-06
NER,70B,hi,xml__xml_xgrammar,1,0.5593050451052456,51196.69599997997,29.006626628883836,61.166900836296264,1.0924631642351771e-05
NER,70B,hi,xml__xml_xgrammar,2,0.5487845487845487,49399.544999957085,27.83072957744061,59.95090412616151,1.1109101283929347e-05
NER,70B,hi,xml__xml_xgrammar,3,0.5487967914438503,49805.47799998522,28.234397959175293,60.66440682093206,1.101880382402942e-05
NER,70B,hi,xml__xml_xgrammar,4,0.5470313542361575,49526.1819999814,27.98089378530023,60.39778292680659,1.1045296288665313e-05
NER,70B,hi,xml__xml_xgrammar,5,0.55351783927976,49489.888000011444,27.944600790520298,59.626371084351135,1.1184463365114748e-05
NER,70B,hi,xml__xml_xgrammar,6,0.5465425531914894,49195.29000002146,27.637803370798572,59.84828467155895,1.1109652025453066e-05
NER,70B,hi,xml__xml_xgrammar,7,0.5565217391304348,49641.44199997187,28.17334960270821,59.66519471150465,1.1210829434220509e-05
NER,70B,hi,xml__xml_xgrammar,8,0.5555555555555556,49664.11900001764,28.218249431828205,59.83628795182849,1.1186256129004488e-05
NER,70B,hi,xml__xml_xgrammar,9,0.5467289719626168,49546.31299996376,28.023932692287193,60.49610866906442,1.1034705487833508e-05
NER,70B,ja,xml__xml_xgrammar,1,0.04034463189392767,449964.68400001526,83.21891695949977,1150.8048184143613,8.966177419809751e-08
NER,70B,ja,xml__xml_xgrammar,2,0.0401523731082055,435578.9060000181,79.92273504587489,1116.8689897436361,9.218162898871836e-08
NER,70B,ja,xml__xml_xgrammar,3,0.03752634555081478,438789.37700003386,80.11491272595104,1202.1626767124214,8.552245682741741e-08
NER,70B,ja,xml__xml_xgrammar,4,0.04054123578741576,433890.84799999,79.45263651345724,1101.2458071065735,9.343648517660529e-08
NER,70B,ja,xml__xml_xgrammar,5,0.03735144312393888,433821.15000003576,79.43987364952129,1195.099586776958,8.609871400676477e-08
NER,70B,ja,xml__xml_xgrammar,6,0.0397187868835634,436718.3400000334,79.24484485574912,1128.4711627907839,9.094829148590455e-08
NER,70B,ja,xml__xml_xgrammar,7,0.03923772543810351,436499.77500003576,77.98816776845378,1136.7181640625931,8.989174264316699e-08
NER,70B,ja,xml__xml_xgrammar,8,0.040216946377404826,435374.13400000334,78.19219360632243,1107.8222239185834,9.237330203315321e-08
NER,70B,ja,xml__xml_xgrammar,9,0.03945948723218414,434412.3600000143,79.1711973756177,1131.2821875000373,9.083417247194081e-08
NER,70B,ko,xml__xml_xgrammar,1,0.4063116370808679,448642.8869999647,25.610394280166954,69.13898705501074,9.056460023201033e-07
NER,70B,ko,xml__xml_xgrammar,2,0.41129584656578866,451416.655000031,25.510972308563492,68.3446866010645,9.111224453288291e-07
NER,70B,ko,xml__xml_xgrammar,3,0.4092269326683292,438396.70999997854,24.82849351531849,66.78804235222098,9.334625998182086e-07
NER,70B,ko,xml__xml_xgrammar,4,0.4097661881777722,432015.05400002,24.710579076818625,66.0876631482362,9.484997904210839e-07
NER,70B,ko,xml__xml_xgrammar,5,0.4091703056768559,434528.2419999838,24.637310313544468,66.24916023783867,9.416426048479288e-07
NER,70B,ko,xml__xml_xgrammar,6,0.40973567456101984,436423.57400000095,24.820768583290732,66.55842214427344,9.388486300261565e-07
NER,70B,ko,xml__xml_xgrammar,7,0.4085712500780908,432819.6069999933,24.604605025296646,66.18036804281243,9.439758353601968e-07
NER,70B,ko,xml__xml_xgrammar,8,0.4099235450148229,432149.7039999962,24.523306321643183,65.79623995127835,9.48568380865596e-07
NER,70B,ko,xml__xml_xgrammar,9,0.4063585442938949,429985.13400000334,24.52293452720448,66.2228760203301,9.450525428953359e-07
NER,70B,ru,xml__xml_xgrammar,1,0.37706378022881415,513327.4460000098,30.165566551096536,93.26443422965293,7.345482560244927e-07
NER,70B,ru,xml__xml_xgrammar,2,0.3727191963370463,500606.5140000284,29.29407888115328,91.7870396039656,7.445352505681243e-07
NER,70B,ru,xml__xml_xgrammar,3,0.37511542802421427,495605.3059999943,29.047316023912455,90.37295878920392,7.568833979033683e-07
NER,70B,ru,xml__xml_xgrammar,4,0.3762315059558546,495683.87299999595,29.236986728795326,90.45326149634963,7.590150223746692e-07
NER,70B,ru,xml__xml_xgrammar,5,0.37404894098293234,493614.9499999881,29.03446561966873,90.45536925050176,7.577747411883319e-07
NER,70B,ru,xml__xml_xgrammar,6,0.37208339086014086,488390.0230000019,29.07948931229544,90.61039387755137,7.618570677889123e-07
NER,70B,ru,xml__xml_xgrammar,7,0.37695830320559176,492971.7720000148,29.228730700819092,90.05695506028768,7.646650875693151e-07
NER,70B,zh,xml__xml_xgrammar,1,0.4507571379031326,443741.3550000191,20.10426581188923,56.89721182203091,1.0158105230086415e-06
NER,70B,zh,xml__xml_xgrammar,2,0.4519002718806039,426556.14600002766,19.351971055259398,54.602681259604154,1.0594156856447558e-06
NER,70B,zh,xml__xml_xgrammar,3,0.44975660639777465,423663.25900000334,19.27494353958159,54.58874616673152,1.0615898283447116e-06
NER,70B,zh,xml__xml_xgrammar,4,0.449887354861071,424642.0579999685,19.223271072882234,54.525174370822874,1.0594507689134843e-06
NER,70B,zh,xml__xml_xgrammar,5,0.4501052995989961,424996.27000004053,19.203663187386045,54.47971670299199,1.05908058816364e-06
NER,70B,zh,xml__xml_xgrammar,6,0.44860946660120715,425654.4440000057,19.264740620050045,54.80294116132429,1.053928774678084e-06
NER,70B,zh,xml__xml_xgrammar,7,0.4486667823471571,423914.24799996614,19.228624149504043,54.64925203041977,1.0583904279320022e-06
NER,70B,zh,xml__xml_xgrammar,8,0.4493389527163559,424864.567999959,19.215946087741248,54.58879198252075,1.0576051442265697e-06
NER,70B,zh,xml__xml_xgrammar,9,0.44952138581219814,423866.4120000005,19.225582256089286,54.53762377766347,1.0605260834212965e-06
