task,model,language,format_mode,prompt_style,f1,energy_j,J_per_entity,J_per_TP,F1_per_J
NER,12B,ewe,dst__false,1,0.7745970651912438,13909.868000000017,6.472716612377858,8.639669565217401,5.568687389350085e-05
NER,12B,ewe,dst__false,2,0.7796610169491527,5900.202000000048,2.860010664081458,3.717833648393225,0.00013214141091256643
NER,12B,ewe,dst__false,3,0.7749397590361445,8248.162999999942,3.8506830065359208,5.129454601990014,9.395301220843356e-05
NER,12B,ewe,dst__false,4,0.782415411212645,8223.458999999799,4.029132288093973,5.191577651515025,9.514431958773846e-05
NER,12B,ewe,dst__false,5,0.756235294117647,8190.785000000149,3.6533385370205838,5.09694150591173,9.232757228002362e-05
NER,12B,ewe,dst__false,6,0.799501246882793,11174.111999999965,5.5814745254745075,6.970749844042398,7.154942127685811e-05
NER,12B,ewe,dst__false,7,0.7722676937891189,4460.692000000039,2.0786076421249016,2.7809800498753363,0.0001731273295240093
NER,12B,ewe,dst__false,8,0.7761194029850746,2021.6359999999404,0.942048462255331,1.2541166253101368,0.0003839065998948859
NER,12B,hau,dst__false,1,0.6346049046321526,11392.338,2.8566544633901705,4.89151481322456,5.570453620952544e-05
NER,12B,hau,dst__false,2,0.6607570001407064,9603.349000000002,2.557483089214381,4.090012350936968,6.880485132225291e-05
NER,12B,hau,dst__false,3,0.6360424028268552,9872.605000000003,2.464454568147779,4.219061965811967,6.442498234527311e-05
NER,12B,hau,dst__false,4,0.6598083427282976,6948.505999999994,1.8559043803418787,2.9681785561725733,9.495686450127526e-05
NER,12B,hau,dst__false,5,0.6820276497695853,2703.6059999999998,0.8010684444444444,1.1785553618134261,0.0002522659180995993
NER,12B,hau,dst__false,6,0.6765788311497131,8896.226000000024,2.5853606509735614,3.8712906875544055,7.605234299912247e-05
NER,12B,hau,dst__false,7,0.6345392491467576,11919.339000000007,3.0000853259501654,5.128803356282275,5.323611058857855e-05
NER,12B,hau,dst__false,8,0.6359434475258292,6603.584999999992,1.649247002997001,2.8232513894826816,9.630275789981199e-05
NER,12B,ibo,dst__false,1,0.5429071803852891,15792.744999999995,4.647658917010005,9.262607038123164,3.437699908314161e-05
NER,12B,ibo,dst__false,2,0.5068425391591097,24435.737999999954,7.679364550597095,15.898333116460607,2.0741855194187737e-05
NER,12B,ibo,dst__false,3,0.5455704270235818,21561.38500000001,6.354666961391102,12.594266939252343,2.530312533371959e-05
NER,12B,ibo,dst__false,4,0.5069352708058124,18189.551999999967,5.732603844941685,11.849871009771965,2.786958528752183e-05
NER,12B,ibo,dst__false,5,0.6210507311789133,20092.065000000002,7.564783509036145,11.681433139534887,3.091024895544152e-05
NER,12B,ibo,dst__false,6,0.5857418111753372,7695.587999999989,2.7231380042462807,4.602624401913869,7.611397740826796e-05
NER,12B,ibo,dst__false,7,0.5443541965281096,4345.552999999956,1.2796092461719542,2.5427460503218002,0.00012526695601874262
NER,12B,ibo,dst__false,8,0.543661523779227,17748.07799999998,5.213888954171557,10.385066120538314,3.063213514044888e-05
NER,12B,kin,dst__false,1,0.6562685680332739,18551.966999999946,4.957767771245309,8.398355364418265,3.5374608419326954e-05
NER,12B,lug,dst__false,1,0.7642976788705431,4503.962000000291,2.0242525842697936,2.82026424546042,0.00016969452203870588
NER,12B,lug,dst__false,2,0.7776980138789183,23264.57899999991,10.455990561797712,14.316663999999944,3.342841552726664e-05
NER,12B,lug,dst__false,3,0.767123287671233,9367.25,4.2443362029904845,5.869204260651629,8.189418320971822e-05
NER,12B,lug,dst__false,4,0.7844080846968238,12308.87900000019,5.589863306085463,7.55145950920257,6.372701240273884e-05
NER,12B,lug,dst__false,5,0.8194615954556681,8663.879999999888,4.135503579952214,5.222350813743152,9.458367330291724e-05
NER,12B,lug,dst__false,6,0.8329374505146477,7177.699000000022,3.9115525885558706,4.548605196451218,0.00011604519087727768
NER,12B,lug,dst__false,7,0.7633221315410466,1790.3219999996945,0.8093679927665889,1.1259886792450908,0.0004263602477884854
NER,12B,lug,dst__false,8,0.7670837343599615,7255.981000000145,3.295177565849294,4.552058343789301,0.00010571743977278139
NER,12B,nya,dst__false,1,0.6877900464074252,7941.951000000001,2.427988688474473,3.6956496044671945,8.660215183994778e-05
NER,12B,nya,dst__false,2,0.7024358130348914,8187.96399999992,2.642983860555171,3.8369090909090535,8.578882528488135e-05
NER,12B,nya,dst__false,3,0.6869495596477181,7939.119999999995,2.430094888276705,3.701221445221443,8.652716669451004e-05
NER,12B,nya,dst__false,4,0.7015810276679842,8214.904000000097,2.6551079508726882,3.8567624413145993,8.54034359583479e-05
NER,12B,nya,dst__false,5,0.7176428054953002,8027.657999999938,3.14317071260765,4.044160201511303,8.93962853792857e-05
NER,12B,nya,dst__false,6,0.7292302171182486,7953.570999999996,3.0649599229287077,3.9141589566929116,9.16858876494909e-05
NER,12B,nya,dst__false,7,0.6868492711837259,8108.410999999964,2.483433690658488,3.7819081156716248,8.470824569496156e-05
NER,12B,nya,dst__false,8,0.688813994543412,3586.871000000043,1.1026347986474156,1.6714217148182866,0.0001920375710594007
NER,12B,pcm,dst__false,1,0.6282362459546925,6557.074000000008,2.1952038834951484,4.2221983258209965,9.581045538828626e-05
NER,12B,pcm,dst__false,2,0.6276484161946717,4104.959000000003,1.4608395017793603,2.7439565508021406,0.00015290004509050428
NER,12B,pcm,dst__false,3,0.6267392619479734,3600.826000000001,1.1994756828780815,2.3171338481338486,0.0001740543036369914
NER,12B,pcm,dst__false,4,0.6343906510851418,3389.7949999999983,1.1956948853615514,2.230128289473683,0.00018714720243706245
NER,12B,pcm,dst__false,5,0.6665206919202978,3154.1110000000044,1.2084716475095802,2.0723462549277296,0.00021131808358053884
NER,12B,pcm,dst__false,6,0.7041180671268745,2338.4709999999905,1.0420993761140778,1.5811162947937731,0.0003011019025366906
NER,12B,pcm,dst__false,7,0.6239385361908613,4896.02900000001,1.638015724322519,3.1730583279326052,0.00012743767167042107
NER,12B,pcm,dst__false,8,0.6226720647773278,9202.493000000017,3.0849792155548164,5.983415474642404,6.766341085804974e-05
NER,12B,swa,dst__false,1,0.7654755913437342,7308.970999999998,1.7336268975332063,2.402686061801446,0.00010473096573289652
NER,12B,swa,dst__false,2,0.7543119969336911,7335.709999999999,1.791382173382173,2.4849966124661242,0.0001028274014285858
NER,12B,swa,dst__false,3,0.765668260760131,4968.0090000000055,1.1789295206454689,1.6331390532544396,0.00015411974107940024
NER,12B,swa,dst__false,4,0.7529051206742433,9578.597000000009,2.3368131251524784,3.2491848710990534,7.860286017610331e-05
NER,12B,swa,dst__false,5,0.764273746616832,9766.130999999994,2.425162900422149,3.293804721753792,7.825757678417712e-05
NER,12B,swa,dst__false,6,0.7365103378719112,7381.138000000006,1.757413809523811,2.526921602191033,9.978276220711638e-05
NER,12B,swa,dst__false,7,0.7689977278465036,7175.376000000018,1.7125002386634889,2.355671700590945,0.00010717176742326836
NER,12B,swa,dst__false,8,0.7655442048177576,5940.670000000013,1.4154562782940225,1.9573871499176319,0.00012886496048724404
NER,12B,tsn,dst__false,1,0.6585987261146496,4209.940999999992,2.3220854936569175,4.071509671179876,0.00015643894442099094
NER,12B,tsn,dst__false,2,0.7068080738966815,2336.9930000000168,1.4642813283208125,2.2623359148112456,0.0003024433851092735
NER,12B,tsn,dst__false,3,0.6584205518553758,1571.7239999999292,0.8607469879517685,1.5141849710981976,0.0004189161404008627
NER,12B,tsn,dst__false,4,0.7072838665759019,1774.5200000000186,1.1015021725636367,1.7079114533205184,0.0003985775683429291
NER,12B,tsn,dst__false,5,0.6965582570255763,1594.4229999999516,0.8665342391304085,1.4455330915684057,0.00043687168149581223
NER,12B,tsn,dst__false,6,0.7020997375328083,1564.4009999999544,0.9090069726902699,1.4620570093457517,0.00044879780665751863
NER,12B,tsn,dst__false,7,0.6615776081424937,2000.1549999999115,1.1008007705007767,1.9232259615383764,0.00033076316992559224
NER,12B,tsn,dst__false,8,0.6611464968152866,1354.7529999999097,0.7472437948151736,1.3051570327552116,0.0004880199540545994
NER,12B,twi,dst__false,1,0.5317594154019112,4541.493000000017,3.966369432314425,9.601465116279105,0.00011708911923940194
NER,12B,twi,dst__false,2,0.5736526946107785,5219.944000000134,5.038555984556114,10.897586638831177,0.00010989633118875676
NER,12B,twi,dst__false,3,0.5343082114735659,4043.8660000001546,3.5348479020980372,8.513402105263483,0.0001321280703845146
NER,12B,twi,dst__false,4,0.5697115384615384,4610.551999999909,4.476264077669814,9.726902953586306,0.00012356688276404858
NER,12B,twi,dst__false,5,0.6198514517218097,4841.6389999999665,5.716220779220739,10.548233115468337,0.0001280251277969741
NER,12B,twi,dst__false,6,0.6197183098591549,4854.96399999992,5.665068844807374,10.508580086579915,0.0001276463244339536
NER,12B,twi,dst__false,7,0.53228523301516,4634.9860000000335,4.040964254577187,9.77845147679332,0.00011484074234855426
NER,12B,twi,dst__false,8,0.5312324141812043,2631.539000000106,2.3023088363955435,5.575294491525649,0.00020187138179642516
NER,12B,wol,dst__false,1,0.551948051948052,11091.783000000054,5.453187315634245,11.862869518716636,4.9761886970566344e-05
NER,12B,wol,dst__false,2,0.5896958410924891,10887.842000000062,5.828609207708813,11.46088631578954,5.4160947696750715e-05
NER,12B,wol,dst__false,3,0.5520495429076968,4909.173999999883,2.410001963672009,5.244844017093892,0.00011245263315329829
NER,12B,wol,dst__false,4,0.5902045877247365,10948.52600000007,5.848571581196619,11.500552521008478,5.39072189009491e-05
NER,12B,wol,dst__false,5,0.6261319534282017,6434.653000000166,3.7023319907941117,6.647368801653064,9.730624999175334e-05
NER,12B,wol,dst__false,6,0.6749913284772805,6120.251999999862,4.0027809025505965,6.2900842754366515,0.00011028815945443026
NER,12B,wol,dst__false,7,0.5520894643908182,10761.266999999993,5.264807729941288,11.472566098081016,5.130338875439282e-05
NER,12B,wol,dst__false,8,0.5523529411764705,10265.533000000054,5.017367057673535,10.932410010649685,5.3806552584894285e-05
NER,12B,xho,dst__false,1,0.37792171219374826,2203.4679999999935,2.2078837675350638,3.283856929955281,0.00017151223080786714
NER,12B,xho,dst__false,2,0.5475463723878844,2671.91100000008,1.5661846424384995,2.291518867924597,0.0002049268753292561
NER,12B,xho,dst__false,3,0.37060158910329166,7937.847999999998,8.174920700308958,12.155969372128634,4.6687917065594066e-05
NER,12B,xho,dst__false,4,0.5455827067669172,13213.851000000024,7.759160892542586,11.381439276485809,4.1288698258132035e-05
NER,12B,xho,dst__false,5,0.5465898174831894,6440.451000000001,3.997797020484172,5.659447275922672,8.486825184807544e-05
NER,12B,xho,dst__false,6,0.4939666238767651,4593.244999999995,3.422686289120712,4.774682952182947,0.00010754197171645875
NER,12B,xho,dst__false,7,0.3733784545967287,8508.612000000081,8.568592145015188,12.85288821752278,4.388241637963103e-05
NER,12B,xho,dst__false,8,0.37118644067796613,2507.0460000000894,2.5400668693010022,3.8158995433791314,0.00014805729160053421
NER,12B,zul,dst__false,1,0.4684152198005172,8344.353000000003,7.524213706041482,13.161440063091487,5.613559491077583e-05
NER,12B,zul,dst__false,2,0.5135587546032808,8814.554000000004,6.345971202303819,11.492247718383318,5.82625910061111e-05
NER,12B,zul,dst__false,3,0.4691176470588235,2941.0800000000745,2.6212834224599595,4.609843260188205,0.00015950523177159806
NER,12B,zul,dst__false,4,0.5248838752488387,2803.7939999999944,1.9800805084745723,3.5446194690265416,0.0001872048642834815
NER,12B,zul,dst__false,5,0.49951597289448213,2743.2119999999413,1.827589606928675,3.544201550387521,0.00018209164034514751
NER,12B,zul,dst__false,6,0.5194539249146758,2204.398999999976,1.654954204204186,2.89671353482257,0.0002356442390486847
NER,12B,zul,dst__false,7,0.4715387440323173,2699.478000000119,2.399536000000106,4.20479439252355,0.00017467775030294616
NER,12B,zul,dst__false,8,0.4685212298682284,11566.048999999883,10.199337742504305,18.071951562499816,4.050832136957341e-05
NER,12B,ewe,json__false,1,0.695067264573991,12374.868000000017,6.168927218344973,8.870873118279581,5.616765080435526e-05
NER,12B,ewe,json__false,2,0.7183488547696955,3479.621999999974,1.7707999999999868,2.4384176594253497,0.0002064445088488637
NER,12B,ewe,json__false,3,0.6327014218009478,6438.719000000041,2.910813291139259,4.823010486891416,9.826510860327089e-05
NER,12B,ewe,json__false,4,0.6815255076770679,2465.8850000000093,1.214721674876852,1.792067587209309,0.00027638170785623226
NER,12B,ewe,json__false,5,0.6821062896148221,5139.837000000058,2.4545544412607727,3.673936383130849,0.00013270971231477076
NER,12B,ewe,json__false,6,0.6851622491949467,6249.744999999879,3.080209462789492,4.518976861894345,0.00010963043279285154
NER,12B,ewe,json__false,7,0.6246348588120739,1879.341999999946,0.8949247619047361,1.4648028059235745,0.0003323689135942749
NER,12B,ewe,json__false,8,0.4573467401881285,12671.597000000067,11.787532093023318,17.973896453900803,3.609227315137358e-05
NER,12B,hau,json__false,1,0.11334944936878862,3438.3340000000026,9.26774663072777,16.295421800947878,3.2966387026038926e-05
NER,12B,hau,json__false,2,0.10442864953526519,2441.3539999999994,7.978281045751632,12.781958115183242,4.2774890300736895e-05
NER,12B,hau,json__false,3,0.12104981253347616,2083.4070000000065,5.453945026178028,9.218615044247816,5.810185553445668e-05
NER,12B,hau,json__false,4,0.09468758601706578,890.4309999999969,3.1687935943060386,5.176924418604633,0.00010633904931102591
NER,12B,hau,json__false,5,0.10080310163389641,1090.9599999999919,4.212200772200741,5.994285714285669,9.23985312329482e-05
NER,12B,hau,json__false,6,0.09078328259064491,1389.5679999999993,5.324015325670495,8.472975609756093,6.533201872139035e-05
NER,12B,hau,json__false,7,0.09275521405049396,1576.528999999995,5.399071917808202,9.328573964497012,5.8835082672436884e-05
NER,12B,hau,json__false,8,0.08256624825662483,2104.7890000000043,9.033429184549375,14.221547297297326,3.922780300382825e-05
NER,12B,ibo,json__false,1,0.4119677790563866,17555.498999999996,5.486093437499999,14.010773343974458,2.3466594658254186e-05
NER,12B,ibo,json__false,2,0.44978687127024725,17795.674,5.967697518443997,13.49179226686884,2.527506804576479e-05
NER,12B,ibo,json__false,3,0.3978707224334601,7861.241999999998,2.129263813651137,6.010123853211008,5.061168736867027e-05
NER,12B,ibo,json__false,4,0.4540268456375839,8444.923999999999,2.744531686707832,6.241628972653362,5.376328379480786e-05
NER,12B,ibo,json__false,5,0.5327635327635327,6630.896000000008,2.4262334431028205,4.43241711229947,8.03456324399496e-05
NER,12B,ibo,json__false,6,0.5031425174112452,11116.531999999977,3.700576564580552,7.506098582039147,4.526074475486115e-05
NER,12B,ibo,json__false,7,0.4233338764868828,16258.023000000045,4.996319299323923,12.515799076212506,2.6038459687680455e-05
NER,12B,ibo,json__false,8,0.2472428827904591,36655.370999999985,36.07812106299211,76.04848755186718,6.745065621910066e-06
NER,12B,kin,json__false,1,0.6500722659386542,13016.19200000004,4.021066419524263,6.43092490118579,4.9943352551856353e-05
NER,12B,kin,json__false,2,0.6675358539765319,11820.699000000022,3.757374125874133,5.771825683593761,5.647177497511193e-05
NER,12B,kin,json__false,3,0.5998508575689783,8906.563000000024,2.3974597577389027,4.428922426653418,6.734930832117582e-05
NER,12B,kin,json__false,4,0.6389817024661893,8963.582000000053,2.7203587253414425,4.463935258964169,7.128642349299483e-05
NER,12B,kin,json__false,5,0.5911434637549287,11967.25,3.320546614872364,6.140200102616727,4.939676732373174e-05
NER,12B,kin,json__false,6,0.6187161639597835,7864.052999999956,2.2630368345323615,3.9320264999999783,7.867649975906659e-05
NER,12B,kin,json__false,7,0.6218675179569034,9236.578999999969,2.8203294656488453,4.741570328542079,6.73266063070435e-05
NER,12B,lug,json__false,1,0.7322481717386177,7040.003000000026,3.0809641137855692,4.536084407216512,0.0001040124800711896
NER,12B,lug,json__false,2,0.7520680690144174,6548.124000000011,2.8757681159420336,4.115728472658712,0.00011485244766507416
NER,12B,lug,json__false,3,0.6734920988203873,7211.974000000046,2.840478141000412,4.76667151354927,9.33852643978449e-05
NER,12B,lug,json__false,4,0.7296661965209216,4836.984999999986,2.103036956521733,3.1166140463917436,0.0001508514490991648
NER,12B,lug,json__false,5,0.7576904874585897,7882.469000000041,3.4693965669014264,4.9234659587757905,9.612349727713306e-05
NER,12B,lug,json__false,6,0.7921917469730664,6868.816999999923,3.2818045867175933,4.284976294447862,0.00011533161343111562
NER,12B,lug,json__false,7,0.7102217936354871,6023.741000000038,2.745551959890628,4.089437202987127,0.00011790377335869563
NER,12B,lug,json__false,8,0.5470991890205864,15426.829999999958,12.321749201277921,17.590456100342028,3.546413547181034e-05
NER,12B,nya,json__false,1,0.6457385025898603,21347.726999999955,6.291696728558784,10.37808799222166,3.0248583495088807e-05
NER,12B,nya,json__false,2,0.682024659312135,10786.51000000001,3.3855963590709384,5.131546146527121,6.322940963408316e-05
NER,12B,nya,json__false,3,0.6201866977829638,10498.613000000012,2.7072235688499258,4.938199905926629,5.907320307767922e-05
NER,12B,nya,json__false,4,0.7137423515792956,10403.340000000084,3.389814271749783,4.820824837812829,6.860703885283859e-05
NER,12B,nya,json__false,5,0.7353940217391303,8368.731000000029,2.8758525773195975,3.865464665127034,8.78740183833281e-05
NER,12B,nya,json__false,6,0.7313407914509935,9258.627000000095,3.07493424111594,4.227683561643879,7.899019924347163e-05
NER,12B,nya,json__false,7,0.6134585289514868,9290.027999999933,2.7227514654161586,4.739810204081598,6.60340882666329e-05
NER,12B,nya,json__false,8,0.36918604651162795,31131.05199999991,27.07047999999992,40.85439895013111,1.18590931816769e-05
NER,12B,pcm,json__false,1,0.6271262309758282,9069.851000000024,3.6120473914775086,6.473840827980031,6.91440499933049e-05
NER,12B,pcm,json__false,2,0.6474170990300022,8810.691000000108,3.5584373990307383,6.1398543554007725,7.348085400225638e-05
NER,12B,pcm,json__false,3,0.5932820720356131,8592.155000000028,2.8784438860971617,5.860951568894971,6.90492748368263e-05
NER,12B,pcm,json__false,4,0.6518973459091907,7094.796000000089,2.726670253651072,4.774425302826439,9.18838745905002e-05
NER,12B,pcm,json__false,5,0.6537966537966537,7425.38599999994,2.7450595194084806,4.872300524934343,8.804884403270874e-05
NER,12B,pcm,json__false,6,0.7257876312718787,7224.969000000041,3.1035090206185743,4.6462823151125665,0.00010045546649015029
NER,12B,pcm,json__false,7,0.6466097889537494,11117.23999999999,4.452238686423705,7.720305555555549,5.8162798406236615e-05
NER,12B,pcm,json__false,8,0.4957156458267217,7312.2339999999385,6.124149078726917,9.362655569782252,6.779263981797161e-05
NER,12B,tsn,json__false,1,0.6563731931668857,7929.156000000075,4.618029120559159,7.937093093093169,8.277970482191036e-05
NER,12B,tsn,json__false,2,0.6858108108108107,6312.130000000005,3.865358236374773,6.218847290640399,0.00010864966513852063
NER,12B,tsn,json__false,3,0.6107893934775983,3039.408000000054,1.5554800409416858,3.0333413173653234,0.00020095669731657858
NER,12B,tsn,json__false,4,0.6870479947403024,2618.363000000012,1.5267422740524852,2.505610526315801,0.0002623960064896652
NER,12B,tsn,json__false,5,0.6452410383189123,5519.55700000003,2.891334206390796,5.286931992337193,0.00011690087416778355
NER,12B,tsn,json__false,6,0.6572148708254569,4035.4330000000773,2.1848581483487153,3.86906327900295,0.00016286105377674324
NER,12B,tsn,json__false,7,0.6110006626905236,2044.7690000000875,1.2092069781195076,2.2177537960955394,0.0002988115834553915
NER,12B,tsn,json__false,8,0.47318611987381703,10543.030000000028,11.819540358744426,20.081961904761958,4.4881416430932644e-05
NER,12B,twi,json__false,1,0.5346912794398472,8420.922999999952,8.987110992529297,20.04981666666655,6.34955668683647e-05
NER,12B,twi,json__false,2,0.5741444866920152,7289.2309999999125,7.721643008474484,16.091017660043956,7.876612590436798e-05
NER,12B,twi,json__false,3,0.4564629529475392,6565.351000000024,5.403581069958868,15.557703791469251,6.952605472998131e-05
NER,12B,twi,json__false,4,0.5766103814884302,6687.704999999842,6.930264248704499,14.506952277656923,8.621947013040257e-05
NER,12B,twi,json__false,5,0.6013333333333334,6755.523000000045,7.800834872979267,14.978986696230695,8.901358685823872e-05
NER,12B,twi,json__false,6,0.6112185686653772,6776.813000000082,7.390199563795073,14.29707383966262,9.019262722246722e-05
NER,12B,twi,json__false,7,0.4797507788161994,5291.993000000017,5.450044284243066,13.745436363636408,9.065597381103827e-05
NER,12B,wol,json__false,1,0.5036991368680641,10529.813000000082,5.571329629629673,12.888388004896061,4.783552536669551e-05
NER,12B,wol,json__false,2,0.5791680103192519,5827.895000000019,3.335944476245002,6.489860801781758,9.937859386952751e-05
NER,12B,wol,json__false,3,0.3816591571693613,6398.381000000052,2.645052087639542,8.88664027777785,5.9649332724849955e-05
NER,12B,wol,json__false,4,0.5712480252764612,4443.166999999899,2.4534329099944228,4.915007743362721,0.00012856775927541642
NER,12B,wol,json__false,5,0.5861503117820808,3866.720999999903,2.2839462492616085,4.33003471444558,0.0001515884677953479
NER,12B,wol,json__false,6,0.6126429051782112,7486.986999999965,4.621596913580225,8.218427003293046,8.18276972002508e-05
NER,12B,wol,json__false,7,0.42844852308574705,8120.566000000108,3.8071101734646544,10.870904953146061,5.2760918769177095e-05
NER,12B,wol,json__false,8,0.2673312188491164,16443.678000000073,19.27746541617828,55.74128135593245,1.6257385899256557e-05
NER,12B,xho,json__false,1,0.4170391795950566,9248.782999999996,7.399026399999997,11.663030264817145,4.50912492589627e-05
NER,12B,xho,json__false,2,0.5392694063926942,6464.1939999999595,3.5381466885604596,5.473491955969483,8.342407520453401e-05
NER,12B,xho,json__false,3,0.4512455516014235,4743.826000000001,2.854287605294826,4.988250262881179,9.512270298308231e-05
NER,12B,xho,json__false,4,0.5621890547263683,9802.755000000005,5.244919743178173,7.886367658889786,5.7350107671401354e-05
NER,12B,xho,json__false,5,0.5408281286143882,4416.39300000004,2.495137288135616,3.7779238665526433,0.00012245923961349983
NER,12B,xho,json__false,6,0.5206692913385826,4023.917000000016,2.6630820648577207,3.8033241965973685,0.0001293936458775319
NER,12B,xho,json__false,7,0.5033640667829554,2986.2390000000596,2.0453691780822325,2.956672277227782,0.00016856121254291614
NER,12B,xho,json__false,8,0.31386430678466076,12895.261000000057,15.406524492234238,24.239212406015145,2.4339507884691855e-05
NER,12B,zul,json__false,1,0.444672131147541,3658.551999999967,2.750790977443584,5.61989554531485,0.00012154320374496386
NER,12B,zul,json__false,2,0.47954329210275926,4015.5630000000237,2.5823556270096617,5.311591269841301,0.00011942118504995598
NER,12B,zul,json__false,3,0.40870616686819833,9253.873000000021,5.411621637426913,13.689161242603582,4.4165958066227774e-05
NER,12B,zul,json__false,4,0.45493300852618757,9339.907000000007,5.539683867141166,12.503222222222231,4.8708515890595835e-05
NER,12B,zul,json__false,5,0.44757817290006124,9940.56700000004,5.973898437500024,13.617215068493204,4.502541684997038e-05
NER,12B,zul,json__false,6,0.46780977030087356,7621.226000000024,5.104638981915622,10.541114799446783,6.138248233300942e-05
NER,12B,zul,json__false,7,0.4342969776609724,5632.636999999988,3.8953229598893415,8.521387291981828,7.710366878976461e-05
NER,12B,zul,json__false,8,0.32416419805332203,22793.177999999956,29.79500392156857,59.51221409921659,1.4221983351918836e-05
NER,12B,ewe,xml__false,1,0.7735381565906838,4708.5160000000615,2.321753451676559,3.0163459320948505,0.00016428491622215443
NER,12B,ewe,xml__false,2,0.7832962688411169,2589.9799999999814,1.2702206964198044,1.634056782334373,0.00030243332722303747
NER,12B,ewe,xml__false,3,0.7745292368681864,2338.123000000138,1.1529206114399102,1.4959200255918987,0.0003312611170875701
NER,12B,ewe,xml__false,4,0.7781350482315113,2162.121999999974,1.0624678132678005,1.3745212968849168,0.00035989414484081873
NER,12B,ewe,xml__false,5,0.7370432290422737,2848.752000000095,1.3073666819642473,1.8462423849644167,0.0002587249536085448
NER,12B,ewe,xml__false,6,0.7965717166624653,2747.6049999999814,1.4025548749361825,1.7389905063291022,0.0002899149319725618
NER,12B,ewe,xml__false,7,0.7745292368681864,5123.829999999842,2.526543392504853,3.2782021753038015,0.00015116216519053333
NER,12B,ewe,xml__false,8,0.7735381565906838,5404.923999999883,2.665149901380613,3.462475336322795,0.0001431173049964626
NER,12B,hau,xml__false,1,0.6306536225719551,12477.503,3.371386922453391,5.610388039568345,5.054325553533869e-05
NER,12B,hau,xml__false,2,0.6637806637806637,9947.932999999997,2.780305477920625,4.325188260869564,6.672548596584475e-05
NER,12B,hau,xml__false,3,0.6318766793947107,11997.881000000001,3.226104060231245,5.3705823634735905,5.266568983262216e-05
NER,12B,hau,xml__false,4,0.6621071012805587,13228.930000000008,3.758218750000002,5.8149142857142895,5.004993610825353e-05
NER,12B,hau,xml__false,5,0.6723391550977759,11431.053,3.4153131162234835,5.0759560390763765,5.881690471540775e-05
NER,12B,hau,xml__false,6,0.6809070958302854,10746.790000000008,3.0854981337927097,4.618302535453377,6.335911428717644e-05
NER,12B,hau,xml__false,7,0.6312809624911536,4744.742999999988,1.277873148397519,2.127687443946183,0.00013304850494350384
NER,12B,hau,xml__false,8,0.63485770918873,3628.3740000000107,0.9777348423605526,1.6183648528099959,0.0001749703060348046
NER,12B,ibo,xml__false,1,0.5177905794645883,18474.361000000004,6.1193643590592925,12.09055039267016,2.8027523088056368e-05
NER,12B,ibo,xml__false,2,0.48598130841121495,9297.815000000002,3.0972068620919395,6.501968531468533,5.2268334916452395e-05
NER,12B,ibo,xml__false,3,0.512385476756023,4599.107000000018,1.527435071404855,3.045766225165575,0.00011140977514896282
NER,12B,ibo,xml__false,4,0.48301379078372014,16508.448999999964,5.389634018935673,11.496134401114182,2.925858091112746e-05
NER,12B,ibo,xml__false,5,0.5601894008377345,8244.946000000054,3.161405674846647,5.360823146944119,6.79433680751494e-05
NER,12B,ibo,xml__false,6,0.5125556544968835,7905.8979999999865,2.8938133235724695,5.494022237665035,6.48320601273738e-05
NER,12B,ibo,xml__false,7,0.5190088255261373,12229.400000000023,4.0642738451312805,7.99829954218445,4.243943492944349e-05
NER,12B,ibo,xml__false,8,0.5127771196479946,10482.746999999974,3.4642257105089143,6.919304950495032,4.891629261375819e-05
NER,12B,kin,xml__false,1,0.6451813794177176,10695.902000000002,3.1156137489076614,5.162114864864866,6.032042733915452e-05
NER,12B,kin,xml__false,2,0.6607504281488402,20752.956000000006,6.045137197786194,9.779903864278985,3.183885843293071e-05
NER,12B,kin,xml__false,3,0.6487583945025769,11205.792000000016,3.2832675065924453,5.395181511795867,5.789491670937458e-05
NER,12B,kin,xml__false,4,0.664156862745098,9586.457999999984,2.83204076809453,4.52832215399149,6.928073567370754e-05
NER,12B,kin,xml__false,5,0.5906040268456376,10217.285000000033,2.750278600269188,5.160244949494965,5.780439978385997e-05
NER,12B,kin,xml__false,6,0.6156221055881445,6159.949999999953,1.766040711009161,3.0892427281845305,9.99394647015234e-05
NER,12B,kin,xml__false,7,0.645302485540097,9412.070999999996,2.762568535368358,4.560111918604649,6.85611578514545e-05
NER,12B,kin,xml__false,8,0.6461874317791985,13051.245000000112,3.8128089395267635,6.298863416988471,4.951155478111038e-05
NER,12B,lug,xml__false,1,0.6722037652270211,576.6119999999646,0.3477756332931029,0.47496869851726903,0.001165781782597418
NER,12B,nya,xml__false,1,0.6899983413501409,6866.103000000003,2.2504434611602764,3.301011057692309,0.00010049344458569011
NER,12B,nya,xml__false,2,0.6939604127897141,8680.773999999976,2.9596911012614986,4.232459288152109,7.994222782320056e-05
NER,12B,nya,xml__false,3,0.6882537584668759,7088.435000000056,2.3051821138211563,3.402993278924655,9.709530502386922e-05
NER,12B,nya,xml__false,4,0.6887126708284124,7292.31799999997,2.472810444218369,3.572914257716791,9.444358718701176e-05
NER,12B,nya,xml__false,5,0.7030391797876235,7357.998000000021,2.9621570048309267,3.8322906250000113,9.55476176791053e-05
NER,12B,nya,xml__false,6,0.7235594456601022,14252.358000000007,5.687293695131687,7.183648185483874,5.0767700731352796e-05
NER,12B,nya,xml__false,7,0.686735031425736,8568.560999999987,2.7928816818774402,4.1274378612716704,8.014589981045091e-05
NER,12B,nya,xml__false,8,0.6554065819258228,5330.10699999996,1.9277059674502568,2.8321503719447185,0.0001229631191129611
NER,12B,pcm,xml__false,1,0.6589771490750815,9572.940000000002,3.6288627748294173,6.322945838837518,6.883748869992722e-05
NER,12B,pcm,xml__false,2,0.6408435549817086,9602.165000000008,3.569578066914501,6.448734049697789,6.673948583280001e-05
NER,12B,pcm,xml__false,3,0.6618861364624076,8993.69100000002,3.400261247637059,5.905246881155628,7.35944937915263e-05
NER,12B,pcm,xml__false,4,0.6394997843898232,9827.521000000008,3.6656176799701634,6.626784221173303,6.507233964596186e-05
NER,12B,pcm,xml__false,5,0.6505657093124455,10040.712,3.804741189844638,6.716195317725752,6.479278653868825e-05
NER,12B,pcm,xml__false,6,0.6907535060613264,9586.14300000004,4.2605080000000175,6.597483138334508,7.20575007134072e-05
NER,12B,pcm,xml__false,7,0.6584093872229466,9241.03899999999,3.4937765595463097,6.09969570957095,7.12484155973097e-05
NER,12B,pcm,xml__false,8,0.6598698481561822,9727.376999999979,3.6665574820957327,6.395382642998014,6.78363600132064e-05
NER,12B,tsn,xml__false,1,0.6826347305389222,4142.152999999933,2.467035735556839,4.037186159843989,0.0001648019111169803
NER,12B,tsn,xml__false,2,0.6992093502921966,3263.5200000000186,2.062907711757281,3.208967551622437,0.00021425005830887894
NER,12B,tsn,xml__false,3,0.6803986710963456,1824.1830000000773,1.0838877005348053,1.7814287109375755,0.00037298816571381093
NER,12B,tsn,xml__false,4,0.6950842213819182,6678.01500000013,4.221248419721953,6.605356083086182,0.00010408545374365057
NER,12B,tsn,xml__false,5,0.6741935483870969,5195.293999999994,2.9302278623801437,4.971573205741621,0.00012977004735191072
NER,12B,tsn,xml__false,6,0.694416914436736,6322.560999999987,3.719153529411757,6.015757373929579,0.00010983158793355057
NER,12B,tsn,xml__false,7,0.6792954469923562,7217.567000000039,4.291062425683733,7.062198630137025,9.411695755541341e-05
NER,12B,tsn,xml__false,8,0.6784405198267245,3643.1170000000857,2.176294504181652,3.5787003929273924,0.00018622528999939024
NER,12B,twi,xml__false,1,0.5473427000610873,5076.781000000425,5.061596211366326,11.33210044642952,0.00010781294289847081
NER,12B,twi,xml__false,2,0.5726762320648783,5656.5449999999255,5.837507739938004,12.32362745098023,0.00010124134645174498
NER,12B,twi,xml__false,3,0.5502450980392156,4834.577000000048,4.844265531062173,10.767432071269596,0.00011381452773204566
NER,12B,twi,xml__false,4,0.5748129675810474,4933.695999999996,5.08628453608247,10.702160520607368,0.00011650757719588881
NER,12B,twi,xml__false,5,0.6241947029348605,5107.602999999654,6.694106159894696,11.714685779815719,0.00012220893106510095
NER,12B,twi,xml__false,6,0.6331658291457286,5133.559000000358,6.763582345191512,11.64072335600988,0.00012333857059901025
NER,12B,twi,xml__false,7,0.5491153142159854,5404.55700000003,5.377668656716447,12.010126666666732,0.00010160228011583231
NER,12B,twi,xml__false,8,0.5412054120541205,3296.2509999996983,3.3228336693545346,7.49147954545386,0.00016418816772574966
NER,12B,wol,xml__false,1,0.5425149700598801,17655.454000000027,8.88995669687816,19.487256070640207,3.0727896890098627e-05
NER,12B,wol,xml__false,2,0.5914421553090333,13248.2080000001,7.356028872848474,14.199579849946517,4.4643181576635034e-05
NER,12B,wol,xml__false,3,0.5305878842136675,3500.03600000008,1.7526469704557237,3.937048368953971,0.00015159497908411666
NER,12B,wol,xml__false,4,0.5933014354066986,13329.51099999994,7.484284671532813,14.332807526881657,4.4510367665153e-05
NER,12B,wol,xml__false,5,0.5706438815990234,5981.584999999963,3.1105486219448584,6.397417112299426,9.540011244495011e-05
NER,12B,wol,xml__false,6,0.6339196813806838,6625.570000000065,3.9937130801688157,6.937769633507922,9.567775774471895e-05
NER,12B,wol,xml__false,7,0.5302627694124594,14131.996000000043,6.951301524840159,15.737189309576886,3.7522142619659515e-05
NER,12B,wol,xml__false,8,0.5323826500297089,7814.838000000222,3.8841143141154184,8.721917410714534,6.812459196591071e-05
NER,12B,xho,xml__false,1,0.4164368450082736,10797.451000000001,10.062862068965519,14.301259602649008,3.856806990911777e-05
NER,12B,xho,xml__false,2,0.558096558096558,4244.56799999997,2.3899594594594427,3.513715231788055,0.00013148489035787905
NER,12B,xho,xml__false,3,0.40891579526692357,13536.347999999998,12.522061054579092,18.218503364737547,3.020872359863411e-05
NER,12B,xho,xml__false,4,0.560238204306001,12514.687999999966,6.9027512410369365,10.232778413736686,4.476645397040682e-05
NER,12B,xho,xml__false,5,0.5576015108593012,12140.92499999993,7.213859180035609,10.280207451312387,4.592743228866865e-05
NER,12B,xho,xml__false,6,0.5115800308800823,10734.716999999946,8.053051012753148,10.799514084506988,4.765659223993375e-05
NER,12B,xho,xml__false,7,0.4137551581843191,7965.137999999919,7.361495378927836,10.591938829787127,5.194576141484596e-05
NER,12B,xho,xml__false,8,0.4155200880572373,20971.345999999903,19.39995004625338,27.776617218542917,1.9813706190210165e-05
NER,12B,zul,xml__false,1,0.4555956678700361,9277.434000000008,7.915899317406151,14.702748019017445,4.910793953048178e-05
NER,12B,zul,xml__false,2,0.478688524590164,6056.766999999993,4.171327134986221,8.2969410958904,7.903367004049596e-05
NER,12B,zul,xml__false,3,0.462875769648678,23865.592999999993,20.520716251074802,37.348345852895136,1.9395108667472796e-05
NER,12B,zul,xml__false,4,0.47963206307490147,16569.652000000002,11.458957123098203,22.698153424657537,2.8946417406648095e-05
NER,12B,zul,xml__false,5,0.45692883895131087,9476.47399999993,5.900668742216643,12.946002732240341,4.821717855726869e-05
NER,12B,zul,xml__false,6,0.4830536360644949,15131.048000000184,10.500380291464388,20.614506811989347,3.192466483911022e-05
NER,12B,zul,xml__false,7,0.45909909909909913,3157.8240000000224,2.682943075615992,4.957337519623269,0.0001453846379972715
NER,12B,zul,xml__false,8,0.46474820143884893,5135.274999999907,4.344564297800259,7.949342105263014,9.050113215725689e-05
NER,12B,ewe,yaml__false,1,0.6878980891719745,3985.124000000069,1.7862501120574044,2.7332812071331065,0.00017261648299324252
NER,12B,ewe,yaml__false,2,0.6953125,8754.336999999825,3.734785409556239,5.786078651685277,7.942491818626743e-05
NER,12B,ewe,yaml__false,3,0.6890716803760282,6429.570999999996,2.861402314196705,4.385791950886764,0.00010717226396225014
NER,12B,ewe,yaml__false,4,0.6936627773964769,4703.695000000065,1.9905607278883053,3.1027011873351347,0.00014747188697321301
NER,12B,ewe,yaml__false,5,0.7616007856616743,3974.1399999998976,1.9245230024212578,2.562308188265569,0.0001916391434780088
NER,12B,ewe,yaml__false,6,0.8104277398127057,3428.283000000054,1.7644276891405322,2.1413385384135255,0.00023639464414480744
NER,12B,ewe,yaml__false,7,0.687720952156493,2533.8570000000764,1.133716778523524,1.7367080191912792,0.00027141269304324287
NER,12B,ewe,yaml__false,8,0.689233662435355,1898.9729999999981,0.8454910952804978,1.2953431105047737,0.0003629507436047567
NER,12B,ibo,yaml__false,1,0.4372663376701062,8165.654999999999,2.146597003154574,5.585263337893296,5.354945043234208e-05
NER,12B,ibo,yaml__false,2,0.4076997645755436,726.7859999999637,0.16753941908712855,0.49374048913041013,0.000560962600511793
NER,12B,ibo,yaml__false,3,0.43968230181327733,9307.010999999999,2.455675725593667,6.3442474437627805,4.724205244984425e-05
NER,12B,ibo,yaml__false,4,0.4070400893979606,11795.05899999995,2.7584328811973693,8.095442004118016,3.450937289910651e-05
NER,12B,ibo,yaml__false,5,0.4785087043598829,8720.23099999997,2.416915465631921,5.615087572440419,5.487339777580256e-05
NER,12B,ibo,yaml__false,6,0.5125980310362089,7957.209000000032,2.558588102893901,5.180474609375021,6.441932479544108e-05
NER,12B,ibo,yaml__false,7,0.43919222139117425,7982.934999999998,2.0996672803787475,5.437966621253405,5.50163844990814e-05
NER,12B,ibo,yaml__false,8,0.441620571086859,9749.243000000017,2.5615457172884963,6.6007061611374525,4.529793452546605e-05
NER,12B,kin,yaml__false,1,0.6321135175504108,3762.0540000000037,1.0153991902834019,1.777908317580342,0.00016802350990985514
NER,12B,kin,yaml__false,2,0.5820574805264571,4859.949999999953,1.0906530520646216,2.2427088140285893,0.00011976614585056691
NER,12B,kin,yaml__false,3,0.6375637563756374,8780.26800000004,2.3885386289445156,4.131890823529431,7.261324556102781e-05
NER,12B,kin,yaml__false,4,0.582117774176121,8960.19200000004,2.029948346171282,4.157861716937373,6.496710942981115e-05
NER,12B,kin,yaml__false,5,0.676860025220681,26369.121999999974,7.861992248062008,12.281845365626443,2.566865992810385e-05
NER,12B,kin,yaml__false,6,0.6673984632272228,10979.087999999989,3.2415376439326806,5.159345864661649,6.078815136805749e-05
NER,12B,kin,yaml__false,7,0.638112413585813,7395.617000000086,2.0184544213974034,3.4835690061234508,8.628251214006968e-05
NER,12B,kin,yaml__false,8,0.6446952595936795,12031.634000000078,3.2918287277701994,5.617009337068197,5.358335032412682e-05
NER,12B,lug,yaml__false,1,0.695844385499558,5976.348000000231,2.3254272373541753,3.796917407878164,0.00011643304330663661
NER,12B,lug,yaml__false,2,0.6875661936030502,5670.379999999888,2.0492880375857925,3.4937646333948793,0.00012125575245452046
NER,12B,lug,yaml__false,3,0.697406340057637,6180.040000000037,2.4169104419241445,3.9288239033693815,0.00011284819193041353
NER,12B,lug,yaml__false,4,0.6866115001060896,5674.847000000067,2.0568492207321736,3.5073220024722294,0.00012099207258029714
NER,12B,lug,yaml__false,5,0.7798208392267798,5830.072999999858,2.5481088286712668,3.524832527206686,0.0001337583318814016
NER,12B,lug,yaml__false,6,0.8081208219856401,5540.4000000003725,2.6572661870505385,3.394852941176699,0.0001458596530910378
NER,12B,lug,yaml__false,7,0.6963061269630613,6022.913999999873,2.3462851577716686,3.8265019059719654,0.0001156095084477507
NER,12B,lug,yaml__false,8,0.7016611295681063,3843.8519999999553,1.5009183912533992,2.4266742424242143,0.00018254114090972143
NER,12B,nya,yaml__false,1,0.6389572773352643,14160.380000000121,3.605902724726285,6.419029918404407,4.512289058169759e-05
NER,12B,nya,yaml__false,2,0.6144437973209086,3397.1939999999013,0.8733146529562729,1.6100445497629865,0.0001808680332418244
NER,12B,nya,yaml__false,3,0.6361674579197237,13716.691000000108,3.452476969544452,6.203840343735915,4.63790762596984e-05
NER,12B,nya,yaml__false,4,0.6151586368977673,11184.665000000037,2.920278067885127,5.3412917860554145,5.50001843504267e-05
NER,12B,pcm,yaml__false,1,0.6098780243951211,7172.130999999994,2.35615341655716,4.703036721311472,8.50344234363708e-05
NER,12B,pcm,yaml__false,2,0.5436444444444445,4985.881999999998,1.3592917121046886,3.260877697841725,0.00010903676509882198
NER,12B,pcm,yaml__false,3,0.6168597682780662,4798.383000000002,1.5737563135454253,3.107761010362695,0.00012855575894589198
NER,12B,pcm,yaml__false,4,0.5427350427350428,4540.374000000011,1.2408783820716072,2.97924803149607,0.00011953531641557315
NER,12B,pcm,yaml__false,5,0.6457154829247853,6267.453000000009,2.225658025568185,4.067133679428948,0.00010302677705357892
NER,12B,pcm,yaml__false,6,0.6650506831203173,5055.059000000008,1.958566059666799,3.3499396951623646,0.00013156140870369985
NER,12B,pcm,yaml__false,7,0.614798476037698,2953.735000000015,0.9748300330033053,1.9267677756034018,0.00020814273319634118
NER,12B,pcm,yaml__false,8,0.6171243941841681,2776.6840000000084,0.9271065108514218,1.8172015706806337,0.00022225229597036113
NER,12B,swa,yaml__false,1,0.6462701121404193,8485.952999999998,1.89757446332737,3.201038476046774,7.615763511068462e-05
NER,12B,swa,yaml__false,2,0.6435294117647059,6915.997000000003,1.4505027265100678,2.5287009140767838,9.304940585785471e-05
NER,12B,swa,yaml__false,3,0.6455000610575161,4175.764000000003,0.9369001570563166,1.5799334090049197,0.00015458250539482493
NER,12B,swa,yaml__false,4,0.6381176470588236,3811.8150000000023,0.7994578439597321,1.4055365044247796,0.00016740519858881483
NER,12B,swa,yaml__false,5,0.6886031265758952,3853.946000000011,0.9176061904761931,1.4111849139509376,0.00017867482486155572
NER,12B,swa,yaml__false,6,0.6897167644807349,5633.1999999999825,1.3719434973209894,2.084054753977056,0.00012243782654277092
NER,12B,swa,yaml__false,7,0.6477258870869406,3745.203999999998,0.8380407249944054,1.4100918674698788,0.00017294809230336742
NER,12B,swa,yaml__false,8,0.6506790652147314,3686.2820000000065,0.8300567439765834,1.3863414817600626,0.00017651364307308293
NER,12B,tsn,yaml__false,1,0.6238310708898945,4593.314999999944,2.3105206237424265,4.442277562862615,0.00013581282165275017
NER,12B,tsn,yaml__false,2,0.6209938253454866,3401.908000000054,1.6402642237223017,3.221503787878839,0.0001825428040221772
NER,12B,tsn,yaml__false,3,0.6277592984578168,3845.0659999999916,1.941952525252521,3.7043025048169476,0.00016326359507426352
NER,12B,tsn,yaml__false,4,0.6189349112426036,4215.565999999992,2.053368728689718,4.030177820267679,0.00014682130732684645
NER,12B,tsn,yaml__false,5,0.6636113657195234,5316.371999999974,2.731948612538527,4.895370165745832,0.00012482410292574084
NER,12B,tsn,yaml__false,6,0.6777638190954774,6323.101999999955,3.405009154550326,5.860150139017567,0.00010718850005827555
NER,12B,tsn,yaml__false,7,0.6212765957446809,4886.211999999941,2.4891553744268675,4.781029354207379,0.00012714892349015728
NER,12B,tsn,yaml__false,8,0.6238643246517263,4200.6239999999525,2.126898227848077,4.078275728155294,0.00014851705952537844
NER,12B,twi,yaml__false,1,0.5166010129431626,9992.90900000045,8.742702537183247,21.771043572985732,5.1696759466451595e-05
NER,12B,twi,yaml__false,2,0.3811802232854864,4630.79899999965,2.4710773745995995,9.68786401673567,8.231413699569236e-05
NER,12B,twi,yaml__false,3,0.5117056856187291,3499.3349999999627,3.016668103448244,7.623823529411683,0.00014622940805002508
NER,12B,twi,yaml__false,4,0.38205847016419703,4086.5500000002794,2.1935319377349862,8.567190775681926,9.349169107539879e-05
NER,12B,twi,yaml__false,5,0.39793281653746776,4123.660000000149,2.4429265402844487,8.925670995671316,9.64999094342049e-05
NER,12B,twi,yaml__false,6,0.5668449197860962,3179.7110000001267,3.0311830314586525,6.666060796645968,0.00017826932063513747
NER,12B,twi,yaml__false,7,0.4966887417218543,3499.2420000000857,2.9704940577250305,7.776093333333524,0.0001419418096038634
NER,12B,twi,yaml__false,8,0.5044345898004435,2976.2330000000075,2.543788888888895,6.541171428571445,0.00016948760053411217
NER,12B,wol,yaml__false,1,0.45829725829725826,13400.689000000013,6.348028896257704,16.877442065491202,3.419952946428783e-05
NER,12B,wol,yaml__false,2,0.43392714703536295,4803.071999999986,1.995459908599911,5.886117647058806,9.034366901752966e-05
NER,12B,wol,yaml__false,3,0.46300028793550246,11880.414999999979,5.606613968853223,14.776635572139277,3.897172682397907e-05
NER,12B,wol,yaml__false,4,0.44055001348072254,2575.1780000000144,1.0934938428874796,3.151992656058769,0.0001710755580704402
NER,12B,wol,yaml__false,5,0.5786802030456853,5913.465000000026,3.6936071205496726,6.916333333333363,9.785805835422766e-05
NER,12B,wol,yaml__false,6,0.5950877192982457,9382.338000000047,6.271616310160459,11.064077830188733,6.342637829699193e-05
NER,12B,wol,yaml__false,7,0.46835812190142895,10183.935999999987,4.907920963855416,12.682361145703595,4.598989250339255e-05
NER,12B,wol,yaml__false,8,0.46711098232396403,10851.938000000082,5.1749823557463435,13.463942928039804,4.3044015025146705e-05
NER,12B,xho,yaml__false,1,0.39525882922109334,2871.2939999999944,1.8161252371916474,3.514435740514069,0.00013765878005564532
NER,12B,xho,yaml__false,2,0.5041806020066889,6433.453000000212,2.8836633796504763,5.334538142620408,7.836858402582132e-05
NER,12B,xho,yaml__false,3,0.39324487334137515,7922.0779999999795,4.976179648241193,9.720341104294453,4.963910647451037e-05
NER,12B,xho,yaml__false,4,0.506103869232361,3261.412000000011,1.4304438596491278,2.6667309893704103,0.00015517937299315733
NER,12B,xho,yaml__false,5,0.5339652448657187,3300.28600000008,1.75734078807246,2.7897599323753846,0.00016179362784489156
NER,12B,xho,yaml__false,6,0.5110111295287709,3422.3910000000615,2.0493359281437495,3.171817423540372,0.00014931407005475464
NER,12B,xho,yaml__false,7,0.38272524199553243,8325.370000000112,5.640494579945875,10.798145265888602,4.5970958887776434e-05
NER,12B,xho,yaml__false,8,0.39297046619477666,5305.118000000017,3.4359572538860212,6.590208695652195,7.407384080708015e-05
NER,12B,zul,yaml__false,1,0.42724458204334365,4710.40399999998,2.886276960784302,6.826672463768087,9.070232235777344e-05
NER,12B,zul,yaml__false,2,0.45446710715311694,7945.203999999969,4.219439192777466,10.044505689001225,5.7200181034133134e-05
NER,12B,zul,yaml__false,3,0.4288799753162604,7965.751999999979,4.848297017650626,11.461513669064717,5.38404880438484e-05
NER,12B,zul,yaml__false,4,0.4493134677183757,3046.090000000084,1.66909041095895,3.961105331599589,0.000147504987613092
NER,12B,zul,yaml__false,5,0.4853711117955035,3998.8610000000335,2.425021831412998,5.074696700507657,0.00012137734014648158
NER,12B,zul,yaml__false,6,0.4775086505190311,11638.785999999964,7.361660974067023,15.334368906455815,4.1027358911748404e-05
NER,12B,zul,yaml__false,7,0.43309750845893574,15098.048999999999,9.133725952813066,21.446092329545454,2.868566054189755e-05
NER,12B,zul,yaml__false,8,0.4279962836791576,12308.359000000055,7.546510729613767,17.812386396526854,3.477281444903871e-05
NER,27B,ewe,dst__false,1,0.7441527446300715,7297.059000000358,3.344206691109238,4.680602309172776,0.00010197981743467267
NER,27B,ewe,dst__false,2,0.7948906902480962,6165.1939999982715,2.988460494424756,3.8103794808394755,0.00012893198336472772
NER,27B,ewe,dst__false,3,0.7451728247914183,6403.40700000152,2.9279410150898584,4.096869481766808,0.00011637130433708829
NER,27B,ewe,dst__false,4,0.7903898014219172,6553.666999999434,3.1644939642681957,4.0655502481386065,0.00012060267960242494
NER,27B,ewe,dst__false,5,0.7977825982164378,7417.495999999344,3.464500700606887,4.481870694863652,0.0001075541662869125
NER,27B,ewe,dst__false,6,0.8253968253968255,7334.172999996692,3.623603260867931,4.407555889421089,0.0001125412265837195
NER,27B,ewe,dst__false,7,0.7397521448999047,6057.906999997795,2.7686960694688274,3.903290592782084,0.0001221134865391915
NER,27B,ewe,dst__false,8,0.7433206106870228,4868.311999998987,2.229080586080122,3.124718870345948,0.0001526854915394037
NER,27B,hau,dst__false,1,0.6497213538126954,13463.411000000313,3.361650686641776,5.633226359832767,4.8258301986969e-05
NER,27B,hau,dst__false,2,0.689548459698973,11571.658999999985,3.080026350811814,4.721199102407175,5.9589420989589646e-05
NER,27B,hau,dst__false,3,0.6520853144953132,11864.720999999903,2.959521327014194,4.94363374999996,5.496002093056537e-05
NER,27B,hau,dst__false,4,0.6909141974441791,8001.796999999788,2.1230557176969453,3.252763008129995,8.634487946197553e-05
NER,27B,hau,dst__false,5,0.7064233793205755,8013.05700000003,2.3644311006196608,3.365416631667379,8.815903584868708e-05
NER,27B,hau,dst__false,6,0.7077638848502472,8389.14699999988,2.379224900737346,3.44665036976166,8.436660900688202e-05
NER,27B,hau,dst__false,7,0.6533550665580005,12545.2080000001,3.1284807980050124,5.216302702702745,5.2080050530688306e-05
NER,27B,hau,dst__false,8,0.6526344378055404,7638.911000000313,1.904015702891404,3.178905950894845,8.543553365204983e-05
NER,27B,ibo,dst__false,1,0.5296875,22080.52199999988,6.278226329257857,13.026856637168072,2.3988902979739465e-05
NER,27B,ibo,dst__false,2,0.5640013162224417,21960.60300000012,6.8734281690141215,12.81248716452749,2.568241483270922e-05
NER,27B,ibo,dst__false,3,0.5296689569019363,22375.055999999866,6.354744674808255,13.192839622641431,2.367229636886448e-05
NER,27B,ibo,dst__false,4,0.5602231703314735,21969.438000000082,6.8419302398007105,12.870203866432385,2.550011385505043e-05
NER,27B,ibo,dst__false,5,0.6476984414642988,21347.60300000012,8.101557115749571,11.946056519306167,3.0340569920861614e-05
NER,27B,ibo,dst__false,6,0.6068177761913262,21450.898000000045,7.886359558823546,12.618175294117673,2.828868871556449e-05
NER,27B,ibo,dst__false,7,0.5293566520924422,22335.97599999979,6.343645555239929,13.177566961651795,2.3699732310441557e-05
NER,27B,ibo,dst__false,8,0.5298985167837625,22144.799999999814,6.287563884156676,13.0493812610488,2.3928801198645597e-05
NER,27B,kin,dst__false,1,0.5886156008432889,25469.95600000024,6.174534787878845,12.163302769818642,2.3110193077808357e-05
NER,27B,kin,dst__false,2,0.6238130021913805,18882.776000000536,4.898255771725172,8.844391569086902,3.3036085488244034e-05
NER,27B,kin,dst__false,3,0.5913993556520521,15893.684000000358,3.830726440106136,7.528983420180179,3.7209708941743075e-05
NER,27B,kin,dst__false,4,0.6261149290831993,13194.267000000924,3.427972720187302,6.162665576833687,4.74535591164826e-05
NER,27B,kin,dst__false,5,0.6183740534362051,12259.626999998465,3.0580261910697093,5.665262014786721,5.043987500078775e-05
NER,27B,kin,dst__false,6,0.6353533856867685,13663.002000000328,3.6347438148444606,6.372668843283735,4.650174139524778e-05
NER,27B,kin,dst__false,7,0.5897363993269771,14810.735999999568,3.5757450507000406,7.042670470755858,3.9818169693052006e-05
NER,27B,kin,dst__false,8,0.5896537221365484,20266.83999999985,4.8918271783731235,9.637108892058892,2.909450719187366e-05
NER,27B,lug,dst__false,1,0.7742684626103112,9507.46199999936,4.04228826530585,5.7033365326930765,8.143797604559065e-05
NER,27B,lug,dst__false,2,0.8202764976958526,9333.252000000328,4.303020746888118,5.5193684210528255,8.788753348734437e-05
NER,27B,lug,dst__false,3,0.7749128919860627,9513.099000000395,4.046405359421691,5.703296762590165,8.14574611266035e-05
NER,27B,lug,dst__false,4,0.819878787878788,9169.225000000559,4.223502994012233,5.422368421052962,8.941636701888524e-05
NER,27B,lug,dst__false,5,0.8573562359970127,9382.313000000082,4.5478977217644605,5.448497677119676,9.138005052666706e-05
NER,27B,lug,dst__false,6,0.8568496664956388,9258.021000000648,4.762356481481815,5.543725149700987,9.255214116446471e-05
NER,27B,lug,dst__false,7,0.7756335735875378,9687.444000000134,4.1275858542821195,5.807820143884973,8.00658639768681e-05
NER,27B,lug,dst__false,8,0.7758901559227367,9402.061999999918,4.012830559112214,5.640109178164318,8.25234034749764e-05
NER,27B,nya,dst__false,1,0.7062490260246221,6177.608000000939,1.7963384704858794,2.7262171226835563,0.00011432402736213026
NER,27B,nya,dst__false,2,0.7179403082978025,16609.887000000104,5.323681730769264,7.587888076747421,4.322367203929792e-05
NER,27B,nya,dst__false,3,0.7050382155669943,12857.495999999344,3.745265365569282,5.689157522123604,5.483479952605315e-05
NER,27B,nya,dst__false,4,0.6811922607634652,14930.471000000834,5.411551649148545,7.640977993859178,4.562429817273863e-05
NER,27B,nya,dst__false,5,0.7405559515324306,18220.860000001267,6.917562642369502,8.768460057748444,4.064330396767107e-05
NER,27B,nya,dst__false,6,0.74591329068941,20782.06799999997,7.842289811320743,9.900937589328237,3.589215908106022e-05
NER,27B,nya,dst__false,7,0.7055877289090624,18364.101999999955,5.383788331867475,8.147338952972474,3.842211990050285e-05
NER,27B,nya,dst__false,8,0.7058640049906425,10312.43799999915,3.003039603960149,4.556976579761003,6.844783018241667e-05
NER,27B,pcm,dst__false,1,0.6363636363636365,15922.745000001043,5.439953877690824,10.246296653797327,3.9965699153229846e-05
NER,27B,pcm,dst__false,2,0.673833584175446,16496.379999998957,6.12337787676279,10.527364390554537,4.084736070431747e-05
NER,27B,pcm,dst__false,3,0.6375742675681213,13786.893999997526,4.715080027358935,8.86047172236345,4.6244953182945754e-05
NER,27B,pcm,dst__false,4,0.6723915843709747,8885.745999999344,3.289798593113419,5.674167305235851,7.567080854787255e-05
NER,27B,pcm,dst__false,6,0.7541926209870626,4983.5760000012815,2.247891745602743,3.1661855146132667,0.00015133563147965812
NER,27B,pcm,dst__false,7,0.6327451784981535,7735.651000000536,2.651920123414651,5.016634889753915,8.179598310447428e-05
NER,27B,pcm,dst__false,8,0.6400164001640016,10663.706000000238,3.6507038685382533,6.831329916720204,6.001819631598877e-05
NER,27B,swa,dst__false,1,0.7722451017097216,16573.66300000064,3.8714466246205657,5.356710730446232,4.659471486235069e-05
NER,27B,swa,dst__false,2,0.7815478459778878,7367.428999999538,1.780862702441271,2.395911869918549,0.00010608149002561637
NER,27B,swa,dst__false,3,0.7716535433070866,15803.256999999285,3.7018639025531237,5.11929284094567,4.8828766330074966e-05
NER,27B,swa,dst__false,4,0.7804568527918783,12034.141999999061,2.9011914175504003,3.913542113820833,6.485355190190868e-05
NER,27B,swa,dst__false,5,0.8005735140771637,16758.077000001445,4.253319035533361,5.45687951807276,4.7772397398406435e-05
NER,27B,swa,dst__false,6,0.7697950923349355,17789.98699999973,4.262095591758441,5.846200131449139,4.3271256597036695e-05
NER,27B,swa,dst__false,7,0.7685545648624891,18559.25599999912,4.386493973055807,6.065116339868994,4.141084992105963e-05
NER,27B,swa,dst__false,8,0.7706490594244426,15136.582000000402,3.524233294528615,4.893818946007243,5.0913017180789044e-05
NER,27B,tsn,dst__false,1,0.6681472081218275,7283.478000000003,3.99094684931507,6.916883190883193,9.173463668343987e-05
NER,27B,tsn,dst__false,2,0.7123195703256127,5009.018999999971,3.032093825665842,4.721035815268587,0.00014220740035636055
NER,27B,tsn,dst__false,3,0.6677245318946365,4578.256999999983,2.5100093201754294,4.3519553231939,0.00014584688712202898
NER,27B,tsn,dst__false,4,0.7132773109243699,2963.6199999999953,1.7983131067961138,2.79323279924599,0.00024067772215208798
NER,27B,tsn,dst__false,5,0.7123464770523594,4974.439000000013,2.8151890209394526,4.514009981851191,0.00014320136945138087
NER,27B,tsn,dst__false,6,0.7290167865707433,3103.8540000000503,1.949657035175911,2.917156015037641,0.00023487470305327875
NER,27B,tsn,dst__false,7,0.667934093789607,3167.06799999997,1.7315844723892675,3.004808349146082,0.00021089982715546786
NER,27B,tsn,dst__false,8,0.6683592510314186,2991.6759999999776,1.6401732456140228,2.8410978157644613,0.00022340629501036327
NER,27B,twi,dst__false,1,0.4981723237597912,8937.749000005424,6.977165495710714,18.73741928722311,5.573800783166868e-05
NER,27B,twi,dst__false,2,0.5817958179581796,8993.667999997735,9.066197580642879,19.014097251580836,6.468949242492897e-05
NER,27B,twi,dst__false,3,0.4989539748953975,9046.781999997795,7.0788591549278514,18.965999999995375,5.515264708440185e-05
NER,27B,twi,dst__false,4,0.5817958179581796,9052.356000006199,9.12535887097399,19.138173361535305,6.427009918277421e-05
NER,27B,twi,dst__false,5,0.6351989211058664,8294.206000000238,9.769382803298278,17.609779193206453,7.658345127982692e-05
NER,27B,twi,dst__false,6,0.633423180592992,8961.687999993563,10.543162352933603,19.067421276582046,7.068123556560405e-05
NER,27B,twi,dst__false,7,0.499215070643642,9081.366999998689,7.111485512919882,19.038505241087396,5.497135735663079e-05
NER,27B,twi,dst__false,8,0.5010482180293502,8411.398000001907,6.602353218211858,17.597066945610685,5.956776959421449e-05
NER,27B,wol,dst__false,1,0.6023515224600543,9133.441999999995,4.652797758532856,9.14258458458458,6.595011195779802e-05
NER,27B,wol,dst__false,2,0.6783665204184947,8092.916000000005,5.029779987569922,8.052652736318413,8.382226139731269e-05
NER,27B,wol,dst__false,3,0.6027067669172933,4274.697999999989,2.1687965499746267,4.266165668662664,0.00014099399932282814
NER,27B,wol,dst__false,4,0.6745923913043478,9470.807,5.956482389937108,9.537569989929507,7.122860716139054e-05
NER,27B,wol,dst__false,5,0.7334946422398895,6495.786000000007,4.2207836257309985,6.122324222431675,0.00011291853553055606
NER,27B,wol,dst__false,6,0.7385921471524585,11466.20199999999,7.784251188051589,10.982952107279685,6.441471615033985e-05
NER,27B,wol,dst__false,7,0.6035003017501509,10548.529999999999,5.381903061224489,10.54853,5.721179176152042e-05
NER,27B,wol,dst__false,8,0.6042861454874736,9410.238000000012,4.803592649310879,9.400837162837174,6.421581956667545e-05
NER,27B,xho,dst__false,1,0.44790602655771194,15407.561000000685,11.304153338225008,17.568484606614238,2.9070534042194738e-05
NER,27B,xho,dst__false,2,0.5796771993634917,12695.8209999986,6.877476164679631,9.957506666665568,4.565889825979396e-05
NER,27B,xho,dst__false,3,0.45005096839959224,11918.083999998868,8.692986141501727,13.497263873158401,3.7762023526569793e-05
NER,27B,xho,dst__false,4,0.5807770961145193,11552.75,6.251488095238095,9.039710485133021,5.027176179823153e-05
NER,27B,xho,dst__false,5,0.5243161094224924,9205.085000000894,6.59862724014401,8.893801932368014,5.695939900853077e-05
NER,27B,xho,dst__false,6,0.36363636363636365,7979.835999999195,9.556689820358319,12.954279220777915,4.556940313515219e-05
NER,27B,xho,dst__false,7,0.44795918367346943,9470.019999999553,6.927593269933835,10.785899772209058,4.730287620020766e-05
NER,27B,xho,dst__false,8,0.44876054178379765,6909.656999997795,5.080630147057202,7.869768792708195,6.494686230936512e-05
NER,27B,yor,dst__false,1,0.5061922990317496,19940.852000001818,7.267074344023986,17.74097153025073,2.538468762677259e-05
NER,27B,yor,dst__false,2,0.5575877409787444,19406.01900000125,8.261395913155066,17.2039175531926,2.8732721583891494e-05
NER,27B,yor,dst__false,3,0.5050595907353271,20167.564999997616,7.333659999999133,17.958650934993425,2.504316166752837e-05
NER,27B,yor,dst__false,4,0.5566806618918252,19463.835999999195,8.275440476190134,17.270484472048974,2.8600768208889975e-05
NER,27B,yor,dst__false,5,0.6924194016845774,17710.1790000014,10.143286941581557,14.85753271812198,3.9097255972654065e-05
NER,27B,yor,dst__false,6,0.6933867735470942,18018.948000002652,10.0328218262821,14.8793955408775,3.848097977456798e-05
NER,27B,yor,dst__false,7,0.5049151027703306,19827.804999999702,7.134870456998813,17.546730088495313,2.546500244330314e-05
NER,27B,yor,dst__false,8,0.5078864353312302,20006.291999999434,7.298902590295306,17.751811889972878,2.538633522550029e-05
NER,27B,zul,dst__false,1,0.43393038188577226,11322.842000000179,8.319501836884776,17.636825545171618,3.832345111640394e-05
NER,27B,zul,dst__false,2,0.5051037207770827,10451.07899999991,7.262737317581592,13.6259178617991,4.833029400859825e-05
NER,27B,zul,dst__false,3,0.4388100067613252,7911.708000000566,5.8174323529415926,12.190613251156497,5.546337235414828e-05
NER,27B,zul,dst__false,4,0.5065703022339028,4900.508000001311,3.389009681881958,6.35604150454126,0.00010337097750554987
NER,27B,zul,dst__false,5,0.49382716049382713,5127.127000000328,3.8900811836117812,7.121009722222679,9.63165454052134e-05
NER,27B,zul,dst__false,6,0.5409895269050199,5676.157999999821,4.8472741246796085,7.578315086782137,9.530910290112377e-05
NER,27B,zul,dst__false,7,0.43970189701897017,5304.830000001937,3.917895125555345,8.17385208012625,8.288708535783608e-05
NER,27B,zul,dst__false,8,0.43684388757196074,5393.706000000238,3.9805948339485155,8.3623348837213,8.099141621214457e-05
NER,27B,ewe,json__false,1,0.7737770052148002,12968.472000000998,6.423215453195145,8.323794608473042,5.9666011941479355e-05
NER,27B,ewe,json__false,2,0.8020253164556962,9899.473999999464,5.097566426364296,6.249667929292591,8.101696276547013e-05
NER,27B,ewe,json__false,3,0.6784241868987632,11688.68200000003,4.957032230703999,7.892425388251202,5.8041119340808607e-05
NER,27B,ewe,json__false,4,0.761857950356353,10131.066000001505,4.915606986900293,6.536171612904197,7.520017640357291e-05
NER,27B,ewe,json__false,5,0.7782101167315174,19278.42400000058,9.162749049429934,12.049015000000363,4.0366894966699246e-05
NER,27B,ewe,json__false,6,0.7918731417244796,9220.987999999896,4.546838264299751,5.770330413016205,8.587725542257387e-05
NER,27B,ewe,json__false,7,0.6936076414401176,11514.92100000009,5.5493595180723325,8.132006355932267,6.02355536299478e-05
NER,27B,ewe,json__false,8,0.7544851314819365,11266.532999999821,5.466537117903844,7.339760912052001,6.696693041967289e-05
NER,27B,hau,json__false,1,0.6773371104815864,21476.439000000013,5.791919902912625,8.982199498117948,3.153861357004232e-05
NER,27B,hau,json__false,2,0.7042624871832431,18320.684000000125,5.272139280575575,7.620916805324511,3.844084026465597e-05
NER,27B,hau,json__false,3,0.624305003971406,21810.857000000076,5.190589481199447,9.249727311280779,2.8623588883802402e-05
NER,27B,hau,json__false,4,0.7022944278181559,17961.58400000003,4.900841473397008,7.289603896103909,3.909980477324019e-05
NER,27B,hau,json__false,5,0.7329119506100249,17991.30799999996,5.213360764995642,7.21673004412353,4.0737002035095304e-05
NER,27B,hau,json__false,6,0.7244162582876911,18519.023999999976,5.164256553262682,7.369289295662545,3.9117410198706584e-05
NER,27B,hau,json__false,7,0.6609308885754583,20276.882000000216,5.424527019796741,8.654239009816568,3.259529194752188e-05
NER,27B,hau,json__false,8,0.6761208995845867,19105.751000000164,5.264742628823413,8.0956572033899,3.538834456622934e-05
NER,27B,ibo,json__false,1,0.5088295046100954,36511.07499998808,10.384264789530171,22.42695024569292,1.3936305754083151e-05
NER,27B,ibo,json__false,2,0.541030374223863,29683.091000005603,9.649899544865281,18.41382816377519,1.8226887968768513e-05
NER,27B,ibo,json__false,3,0.40190010076291927,34038.94399999082,8.37572440944656,24.383197707729813,1.1807067245183272e-05
NER,27B,ibo,json__false,4,0.5119789957335084,28944.123999997973,9.014052943007778,18.553925641024342,1.7688529655744435e-05
NER,27B,ibo,json__false,5,0.5979602791196995,28595.354000002146,10.567388765706632,17.112719329743953,2.0911099023976224e-05
NER,27B,ibo,json__false,6,0.5542420027816413,29810.181999996305,10.39044336005448,18.701494353824533,1.8592372323715096e-05
NER,27B,ibo,json__false,7,0.43956753267710186,33477.05200000107,10.10170549185307,24.57933333333412,1.3130413415048846e-05
NER,27B,kin,json__false,1,0.6788680406028914,28734.430999998003,8.181785592254556,13.019678749432716,2.362559539122033e-05
NER,27B,kin,json__false,2,0.7050104720476881,25475.36199999973,7.918981038234296,11.643218464350882,2.767420820350641e-05
NER,27B,kin,json__false,3,0.5957750499571796,29554.506000000983,7.359189741036102,14.161239099185904,2.015851829691079e-05
NER,27B,kin,json__false,4,0.6693277981797862,22755.1790000014,6.952391995111946,10.85647853053502,2.9414305999515318e-05
NER,27B,kin,json__false,5,0.678475407243397,24228.444000001997,7.2692601260132,11.295311888112819,2.8003259608555183e-05
NER,27B,kin,json__false,6,0.7004327616605225,25064.26399999857,7.7144549092023915,11.471059038900947,2.7945474946344424e-05
NER,27B,kin,json__false,7,0.6312866399259488,27659.85000000149,7.920919243986681,13.51898826979545,2.2823212704548824e-05
NER,27B,kin,json__false,8,0.6818672007394855,22592.941999997944,6.453282490716351,10.2091920469941,3.0180540486473498e-05
NER,27B,lug,json__false,1,0.756881795049734,23822.01699999906,10.055726888982297,14.561135085573998,3.1772363987892534e-05
NER,27B,lug,json__false,2,0.7958214624881292,9121.731000000611,4.039739149690262,5.442560262530198,8.724456602459291e-05
NER,27B,lug,json__false,3,0.6679495403036135,16768.678000001237,6.158163055453998,10.735389244559048,3.9833166353576845e-05
NER,27B,lug,json__false,4,0.7297297297297297,6644.672000000253,3.254001958863983,4.557388203018006,0.00010982178348753737
NER,27B,nya,json__false,1,0.6885347361906234,27149.493999999017,7.790385652797422,12.202019775280457,2.5360868095392436e-05
NER,27B,nya,json__false,2,0.7361903210037478,23027.491000000387,7.289487496043174,10.19366578131934,3.1970062261830234e-05
NER,27B,nya,json__false,3,0.6274726794854061,27105.526999998838,6.376270759820945,11.951290564373386,2.3149252161208043e-05
NER,27B,nya,json__false,4,0.7317922735908803,21648.88599999994,6.485585979628502,9.367756815231475,3.380276812353681e-05
NER,27B,nya,json__false,5,0.7735817104149026,22438.06299999915,7.665891014690519,9.824020577933078,3.4476314217271424e-05
NER,27B,nya,json__false,6,0.7893757401454914,22147.751000000164,7.551227753153824,9.493249464209242,3.564134977612334e-05
NER,27B,nya,json__false,7,0.6854195968120018,25527.373999999836,7.461962584039706,11.640389420884558,2.6850376259305256e-05
NER,27B,nya,json__false,8,0.7467027392627663,22109.042000001296,7.5303276566761905,10.013153079710731,3.3773636110633944e-05
NER,27B,pcm,json__false,1,0.688003581020591,18563.140000000596,7.392727996814256,12.077514638907349,3.7062888122406494e-05
NER,27B,pcm,json__false,2,0.7173407717340771,15043.93200000003,6.415322814498946,9.749793907971503,4.768306395788519e-05
NER,27B,pcm,json__false,3,0.5951797385620915,17425.23900000006,5.928968696835678,11.9596698695951,3.4156187961731225e-05
NER,27B,pcm,json__false,4,0.712638480669229,15125.952000001445,6.133800486618591,9.597685279188735,4.71136283302473e-05
NER,27B,pcm,json__false,5,0.7185251798561151,15321.452999999747,6.15072380570042,9.58789299123889,4.689667356327934e-05
NER,27B,pcm,json__false,6,0.76959733142721,15235.471999999136,6.801549999999614,9.433728792569124,5.051352077751537e-05
NER,27B,pcm,json__false,7,0.6648275862068965,17289.09500000067,7.224862097785487,11.956497233748735,3.8453579334654054e-05
NER,27B,pcm,json__false,8,0.7468030690537084,18390.294000001624,7.845688566553594,11.450992528020937,4.060854432526432e-05
NER,27B,swa,json__false,1,0.7128966223132036,26208.10099999979,6.417262732615032,9.407071428571353,2.720138411833842e-05
NER,27B,swa,json__false,2,0.752814873003404,22950.366000000387,5.875669738863387,7.982736000000135,3.280186786578442e-05
NER,27B,swa,json__false,3,0.6612863780875519,25539.63500000164,5.744407332434017,9.445131286982855,2.5892553988634113e-05
NER,27B,swa,json__false,4,0.7451892031512334,22224.46799999848,5.5408795811514535,7.7034551126511195,3.353012558731594e-05
NER,27B,swa,json__false,5,0.7538080979039187,22754.427000001073,5.762073183084597,7.859905699482236,3.312797540029829e-05
NER,27B,swa,json__false,6,0.7679435220290235,22389.211999997497,5.715908092927623,7.623156962886448,3.429971193399345e-05
NER,27B,swa,json__false,7,0.7081178903826266,24601.973999999464,6.144349150849017,8.982100766702981,2.8782970438983556e-05
NER,27B,swa,json__false,8,0.777064955894146,21340.923000000417,5.6909128000001115,7.341218782249886,3.6411965681809116e-05
NER,27B,tsn,json__false,1,0.6791478373143963,12542.473999999998,7.082142292490118,11.922503802281367,5.414783696696492e-05
NER,27B,tsn,json__false,2,0.7427217332430603,10566.074,6.49420651505839,9.631790337283501,7.029306564037507e-05
NER,27B,tsn,json__false,3,0.6169650719107719,11911.015,5.726449519230769,11.33303044719315,5.1797858697245524e-05
NER,27B,tsn,json__false,4,0.7143323539014038,9834.528000000006,5.665050691244243,8.989513711151742,7.263514363896299e-05
NER,27B,tsn,json__false,5,0.6979397781299524,9679.952000000005,5.29537855579869,8.791963669391466,7.210157427742949e-05
NER,27B,tsn,json__false,6,0.7303776683087029,10103.379,5.880895809080326,9.08577248201439,7.229043553732893e-05
NER,27B,tsn,json__false,7,0.6634429400386848,12207.377999999997,6.877396056338027,11.863341107871717,5.434770186019348e-05
NER,27B,tsn,json__false,8,0.7068741893644618,11253.972000000009,6.405220261809908,10.324744954128448,6.281108477650924e-05
NER,27B,twi,json__false,1,0.5396069088743299,16094.849000006914,15.401769377997047,35.52946799118524,3.352668352925201e-05
NER,27B,twi,json__false,2,0.5730550284629982,13296.583999991417,14.04074340020213,29.352282560687456,4.309791360422858e-05
NER,27B,twi,json__false,3,0.39435294117647063,14503.495999991894,9.727361502341981,34.61454892599497,2.719019891319245e-05
NER,27B,twi,json__false,4,0.5515615792575133,12522.26700000465,11.78011947319346,26.756980769240702,4.404646373195113e-05
NER,27B,twi,json__false,5,0.6205094709340301,12959.96700000763,14.448123745827903,27.284141052647637,4.7878939115637006e-05
NER,27B,twi,json__false,6,0.6428098078197482,12708.093999996781,14.523535999996321,26.202255670096456,5.0582707982795136e-05
NER,27B,twi,json__false,7,0.4808612440191387,14626.005999997258,14.090564547203524,36.38309950248074,3.287713980284357e-05
NER,27B,twi,json__false,8,0.5418326693227091,17326.23600000143,15.428527159395752,36.39965546218787,3.127238191391739e-05
NER,27B,wol,json__false,1,0.6646464646464647,18090.188999999315,11.194423886138189,18.328458966564654,3.674071424275832e-05
NER,27B,wol,json__false,2,0.6485507246376812,11268.074999999255,8.014278093882828,12.590027932960062,5.755647922451031e-05
NER,27B,wol,json__false,3,0.5205075243434641,12815.11400000006,6.297353316953346,14.529607709750634,4.0616690912266695e-05
NER,27B,wol,json__false,4,0.6801093643198907,20634.48800000176,13.126264631044375,20.73817889447413,3.2959837158054644e-05
NER,27B,wol,json__false,5,0.6897945436173796,23394.653999999166,14.485853869968524,22.846341796874185,2.9485135519311555e-05
NER,27B,wol,json__false,6,0.7206033596160439,9619.73600000143,6.154661548305458,9.152936251190704,7.490884984951113e-05
NER,27B,wol,json__false,7,0.5439330543933054,40621.60600000061,23.17262179121541,48.072906508876464,1.3390240021364424e-05
NER,27B,wol,json__false,8,0.6127420362273579,23148.256999999285,12.526113095237708,23.59659225280253,2.6470331490935876e-05
NER,27B,xho,json__false,1,0.37473118279569895,20142.02199999988,17.259658954584303,28.898166427546453,1.8604447100479842e-05
NER,27B,xho,json__false,2,0.5338310779281382,16376.087999999523,9.449560300057428,14.31476223776182,3.259820525684484e-05
NER,27B,xho,json__false,3,0.44556037434375717,20405.392000000924,11.16268708971604,20.907163934427174,2.183542341865998e-05
NER,27B,xho,json__false,4,0.5479876160990712,17725.769999999553,9.002422549517295,14.306513317190923,3.0914742552740165e-05
NER,27B,xho,json__false,5,0.5122941036046789,17032.690999999642,10.411180317848192,15.873896551723805,3.0077108990275796e-05
NER,27B,xho,json__false,6,0.4148351648351648,17488.248000003397,16.088544618218396,23.16324238411046,2.3720796093186933e-05
NER,27B,xho,json__false,7,0.4541228284805481,19803.61400000006,12.909787483702777,21.34010129310351,2.2931310844603754e-05
NER,27B,xho,json__false,8,0.39620081411126185,20511.30100000277,18.119523851592554,28.097672602743522,1.9316220561104746e-05
NER,27B,yor,json__false,1,0.5313688212927756,32669.412000000477,13.010518518518708,29.22129874776429,1.626502556252827e-05
NER,27B,yor,json__false,2,0.543859649122807,27302.275000000373,12.529726938962998,25.903486717267906,1.9919938874060846e-05
NER,27B,yor,json__false,3,0.4479534593808436,30411.45099999942,9.759772464698145,28.21099350649297,1.472976279168173e-05
NER,27B,yor,json__false,4,0.5261349693251534,26596.60600000061,11.184443229604966,24.810266791045347,1.9782034193578732e-05
NER,27B,yor,json__false,5,0.6799672041541405,26010.26900000125,13.257017838940495,20.908576366560492,2.6142259588092217e-05
NER,27B,yor,json__false,6,0.6666666666666667,26763.43999999948,13.20999012833143,21.566027397259855,2.4909603050530117e-05
NER,27B,yor,json__false,7,0.4855106888361046,29598.030999999493,11.777966971746714,28.96089138943199,1.640347930023159e-05
NER,27B,yor,json__false,8,0.5605463619648017,38643.137000000104,18.314282938388676,36.216623242736745,1.450571577470018e-05
NER,27B,zul,json__false,1,0.45646895594866455,87825.12999999896,68.34640466925988,133.47284194528717,5.197475437254348e-06
NER,27B,zul,json__false,2,0.4991938084488874,12.333000000566244,0.008205588822732032,0.015934108527863367,0.040476267609338194
NER,27B,zul,json__false,3,0.4002264364562695,16905.984999999404,8.736943152454472,23.912284299857713,2.3673653824742162e-05
NER,27B,zul,json__false,4,0.4601135345085151,15698.742999998853,8.97583933676321,20.38797792207643,2.9308941136787112e-05
NER,27B,zul,json__false,5,0.4848862574010595,13173.470999998972,8.177201117317798,16.932482005140066,3.680778265660564e-05
NER,27B,zul,json__false,6,0.5177020708082832,12449.107000000775,8.917698424069323,16.063363870968743,4.158547844502027e-05
NER,27B,zul,json__false,7,0.44125326370757184,14261.23399999924,9.72799045020412,21.096499999998876,3.094074914608339e-05
NER,27B,zul,json__false,8,0.5099313831708199,18646.03599999845,15.923173356104568,26.410815864020467,2.7347978045889338e-05
NER,27B,ewe,xml__false,1,0.23578947368421052,5181.677000001073,14.119010899185485,18.50598928571812,4.550447156087917e-05
NER,27B,ewe,xml__false,2,0.8190854870775348,1327.7980000004172,0.6586299603176673,0.8057026699031657,0.0006168750721700721
NER,27B,ewe,xml__false,3,0.7693074240159442,7971.753000000492,3.9739546360919697,5.163052461140214,9.650417217090103e-05
NER,27B,ewe,xml__false,4,0.8215171046108081,12959.610999999568,6.3966490621912975,7.821129149064314,6.339056817452588e-05
NER,27B,ewe,xml__false,5,0.8258317025440314,13176.701000001281,6.33495240384677,7.806102488152418,6.267363147603874e-05
NER,27B,ewe,xml__false,6,0.8477880529867533,12991.039000000805,6.518333667837835,7.65981073113255,6.52594494548666e-05
NER,27B,ewe,xml__false,7,0.7665505226480835,12421.658999999985,6.179929850746261,8.066012337662327,6.171080067872451e-05
NER,27B,ewe,xml__false,8,0.7699203187250996,12292.877000000328,6.121950697211319,7.951408150064895,6.263141807447345e-05
NER,27B,hau,xml__false,1,0.6569717707442259,15350.658000000287,4.191878208629243,6.662611979166791,4.279762930971516e-05
NER,27B,hau,xml__false,2,0.6951672862453532,16437.40399999963,4.513290499725325,6.761581242286973,4.229179292821231e-05
NER,27B,hau,xml__false,3,0.657526421022565,16231.037000000011,4.446859452054798,7.050841442224158,4.051043818226553e-05
NER,27B,hau,xml__false,4,0.7001438848920862,16379.027999999933,4.5522590327959795,6.732029593094917,4.2746363513884284e-05
NER,27B,hau,xml__false,5,0.7149888143176735,14880.060000000056,4.437834774828528,6.207784730913666,4.8050129792330864e-05
NER,27B,hau,xml__false,6,0.7097253155159613,9561.93899999978,2.826467336683352,4.000811297071038,7.422399531266384e-05
NER,27B,hau,xml__false,7,0.6567717996289425,10534.209000000264,2.88213652530787,4.578100391134404,6.234657007744254e-05
NER,27B,hau,xml__false,8,0.6575420587396635,26250.891999999993,7.16845767340251,11.383734605377274,2.5048370117848328e-05
NER,27B,ibo,xml__false,1,0.5732832251451998,24373.040000000037,8.20364860316393,14.52505363528012,2.3521203146804785e-05
NER,27B,ibo,xml__false,2,0.5890554200069712,24249.020000000484,8.493527145359188,14.348532544378985,2.4291926849289556e-05
NER,27B,ibo,xml__false,3,0.5754458161865569,24534.945000000298,8.3197507629706,14.621540524434028,2.345413108472629e-05
NER,27B,ibo,xml__false,4,0.5948575399583045,24343.22599999979,8.473103376261674,14.219174065420438,2.4436265758626634e-05
NER,27B,ibo,xml__false,5,0.6382189239332097,23696.280999999493,9.452046669325686,13.776907558139241,2.6933294888477367e-05
NER,27B,ibo,xml__false,6,0.5979797979797981,25137.92100000009,9.811834894613618,15.44098341523347,2.3787957563387836e-05
NER,27B,ibo,xml__false,7,0.5710863986313088,24736.53000000026,8.35129304523979,14.82116836429015,2.308676272020784e-05
NER,27B,kin,xml__false,1,0.6424715056988602,30167.57300000079,8.20216775421446,14.083834267040517,2.129675813492996e-05
NER,27B,kin,xml__false,2,0.6620039531701383,24025.158999999985,6.697841929188733,11.035902158934306,2.755461277780258e-05
NER,27B,kin,xml__false,3,0.6361590397599399,23976.398000000045,6.524189931972801,11.30962169811323,2.6532719375109587e-05
NER,27B,kin,xml__false,4,0.6644387057572535,23931.838999999687,6.66068438630662,10.942770461819702,2.7763796411853774e-05
NER,27B,kin,xml__false,5,0.6499399038461539,21134.446999998763,5.7649882705943165,9.770895515487176,3.075263354873642e-05
NER,27B,kin,xml__false,6,0.6673926571250778,20867.640000000596,6.0697033158815,9.728503496503775,3.1982181843517464e-05
NER,27B,kin,xml__false,7,0.6368009621166566,26112.639999998733,7.130704533041707,12.328914069876644,2.438669403463945e-05
NER,27B,kin,xml__false,8,0.6355196166516921,6347.073999999091,1.7210070498912937,2.9910810556074887,0.00010012796709976647
NER,27B,lug,xml__false,1,0.7685568264784619,7069.131999999983,3.280339675174006,4.47696770107662,0.00010872011252279116
NER,27B,lug,xml__false,2,0.8022571148184494,5101.030000000028,2.4038784165881375,3.119896024464849,0.00015727355354084273
NER,27B,lug,xml__false,3,0.7699050401753105,12610.751000000047,5.857292614955898,7.976439595192946,6.105148219763498e-05
NER,27B,lug,xml__false,4,0.7997058102476097,9096.513000000035,4.280712000000016,5.577261189454344,8.791344664132361e-05
NER,27B,lug,xml__false,5,0.8424469413233459,4670.560999999987,2.2772116040955566,2.768560165975096,0.00018037382261431724
NER,27B,lug,xml__false,6,0.848547184366161,13172.141000000061,6.807308010335949,7.983115757575795,6.44198376229162e-05
NER,27B,lug,xml__false,7,0.7688564476885645,13813.466000000015,6.406987940630804,8.74270000000001,5.565992254866112e-05
NER,27B,lug,xml__false,8,0.7715959004392385,11130.76500000013,5.191588152985135,7.040332068311278,6.932101256645249e-05
NER,27B,nya,xml__false,1,0.672653636203557,23932.867999998853,8.860743428359442,12.530297382198352,2.8105851593030525e-05
NER,27B,nya,xml__false,2,0.7363621009964532,17652.72000000067,5.998205912334581,8.097577981651684,4.171380393482847e-05
NER,27B,nya,xml__false,3,0.7136165941786551,22094.26000000164,7.36475333333388,10.358302859822615,3.2298732529562075e-05
NER,27B,nya,xml__false,4,0.7350859453993932,25797.155999999493,8.727048714478855,11.828132049518338,2.8494844369643214e-05
NER,27B,nya,xml__false,5,0.7500914745700695,13772.592000000179,5.535607717041873,6.718337560975697,5.4462622182524524e-05
NER,27B,nya,xml__false,6,0.7534495279593318,18973.264000000432,7.499313833992265,9.143741686747196,3.971111812702942e-05
NER,27B,nya,xml__false,7,0.7163381222853324,23108.104000000283,7.682215425532009,10.778033582089684,3.0999433025112044e-05
NER,27B,nya,xml__false,8,0.7168865876064807,18378.304999999702,6.107778331671553,8.563981826654102,3.900722006770985e-05
NER,27B,pcm,xml__false,1,0.7106621773288441,17006.3030000031,6.807967574060489,10.743084649401831,4.178816391362159e-05
NER,27B,pcm,xml__false,2,0.7192513368983957,13797.25,5.451303832477282,8.548482032218093,5.2130050328753606e-05
NER,27B,pcm,xml__false,3,0.7096774193548389,14662.215999998152,5.921735056542064,9.321179910996918,4.8401784515719064e-05
NER,27B,pcm,xml__false,5,0.7281442593015293,10968.14600000158,4.524812706271279,6.876580564264313,6.638717786045375e-05
NER,27B,pcm,xml__false,6,0.734793187347932,6342.5960000008345,2.9459340455182694,4.200394701987308,0.00011585054248257894
NER,27B,pcm,xml__false,7,0.7034792368125701,13981.487999998033,5.597072858285842,8.922455647733269,5.031504778408915e-05
NER,27B,pcm,xml__false,8,0.708826815642458,12583.425999999046,4.997389197775634,7.934064312735844,5.633019303665883e-05
NER,27B,swa,xml__false,1,0.7870273109243697,13746.38899999857,3.5392350669409294,4.5867163830492395,5.725338566546106e-05
NER,27B,swa,xml__false,2,0.7959210354294679,15827.706000000238,4.040772529997508,5.199640604467884,5.0286569350571456e-05
NER,27B,swa,xml__false,3,0.7883959044368601,18964.925999999046,4.880320638188123,6.315326673326355,4.157126183550095e-05
NER,27B,swa,xml__false,4,0.7941368930768224,15557.902000002563,3.980020977232684,5.127851680950086,5.104395779563926e-05
NER,27B,swa,xml__false,5,0.7906237584425904,11473.782999999821,3.004394605917733,3.8438134003349487,6.890698198167097e-05
NER,27B,swa,xml__false,6,0.769864777849324,11333.277999997139,2.810135878997555,3.7916620943449777,6.792957676053815e-05
NER,27B,swa,xml__false,7,0.7864815299973802,11347.199000000954,2.908046899026385,3.7798797468357606,6.931063163669855e-05
NER,27B,swa,xml__false,8,0.7875525210084032,11134.209000006318,2.866686148302348,3.7126405468510564,7.073268707350081e-05
NER,27B,tsn,xml__false,1,0.6855807743658211,28433.151000000536,17.036040143799003,27.685638753651933,2.411202241938673e-05
NER,27B,tsn,xml__false,2,0.7406653088934148,9869.621999999508,6.096122297714335,9.046399633363436,7.504495196406222e-05
NER,27B,tsn,xml__false,3,0.6844563042028019,8990.503999998793,5.38031358467911,8.762674463936445,7.613102715964464e-05
NER,27B,tsn,xml__false,4,0.7405644338660319,13716.088000001386,8.498195786865791,12.59512213039613,5.399239446888625e-05
NER,27B,tsn,xml__false,5,0.731211027239908,10827.008999999613,6.29477267441838,9.719038599640585,6.753582889235007e-05
NER,27B,tsn,xml__false,6,0.7462277091906722,3594.8149999994785,2.2623127753300682,3.304057904411285,0.00020758445405139915
NER,27B,tsn,xml__false,7,0.6835611870623541,8768.27199999988,5.244181818181747,8.554411707316957,7.795848338901478e-05
NER,27B,tsn,xml__false,8,0.6828780812791472,7145.847000000998,4.266177313433432,6.9715580487814615,9.55629306475568e-05
NER,27B,twi,xml__false,1,0.5698393077873918,18929.77100000158,19.23757215447315,41.06240997831145,3.01028104242436e-05
NER,27B,twi,xml__false,2,0.6130653266331658,10578.42100000009,11.042193110647275,21.677092213114936,5.795433237466732e-05
NER,27B,twi,xml__false,3,0.5767326732673268,10551.4290000014,10.744836048881263,22.64255150214893,5.465920049950109e-05
NER,27B,twi,xml__false,4,0.6150943396226415,8454.03200000152,8.84312970711456,17.28840899795812,7.275751258364421e-05
NER,27B,twi,xml__false,5,0.6610407876230661,7211.149000000209,9.151204314721078,15.342870212766403,9.166927318005035e-05
NER,27B,twi,xml__false,6,0.6666666666666667,9937.085000000894,12.421356250001118,20.788880753139946,6.708875557234408e-05
NER,27B,twi,xml__false,7,0.5700123915737298,10340.017000000924,10.551037755102984,22.478297826088966,5.512683311581392e-05
NER,27B,twi,xml__false,8,0.5661310259579728,6338.421999998391,6.441485772356088,13.839349344974652,8.931734522537574e-05
NER,27B,wol,xml__false,1,0.637012987012987,11957.513000000268,6.927875434530862,12.189106014271427,5.327303319787089e-05
NER,27B,wol,xml__false,2,0.7074782608695652,12324.373999999836,8.10280999342527,12.118361848574077,5.7404802943303624e-05
NER,27B,wol,xml__false,3,0.6360975609756098,11914.86400000006,6.923221382916943,12.182887525562435,5.3386892286442094e-05
NER,27B,wol,xml__false,4,0.7069507509605308,12156.414999999106,8.055941020542814,12.01226778656038,5.815454235155536e-05
NER,27B,wol,xml__false,5,0.7367318435754191,11879.653000000864,7.867319867550242,11.260334597157218,6.201627636559465e-05
NER,27B,wol,xml__false,6,0.7539007092198582,12525.30199999921,8.543862210094959,11.782974600187403,6.019022209763131e-05
NER,27B,wol,xml__false,7,0.6330841728956776,11915.473999999464,6.915539175855754,12.23354620123148,5.313126216344445e-05
NER,27B,wol,xml__false,8,0.6337982484592929,11835.39100000076,6.845223250434216,12.114013306039674,5.355110350467105e-05
NER,27B,xho,xml__false,1,0.46731857951621203,15555.554999999702,11.669583645911255,17.131668502202317,3.0041909756110983e-05
NER,27B,xho,xml__false,2,0.5948880343813616,16378.265000000596,8.767807815846144,12.454954372624027,3.632179808919565e-05
NER,27B,xho,xml__false,3,0.46889460154241647,15566.655000001192,11.642973074047264,17.068700657896045,3.0121731453698983e-05
NER,27B,xho,xml__false,4,0.5955132562882394,16223.876000000164,8.722513978494712,12.3469375951295,3.6705979279441814e-05
NER,27B,xho,xml__false,5,0.5384422739794641,16891.89100000076,11.73047986111164,15.713386976744893,3.187578430262425e-05
NER,27B,xho,xml__false,6,0.4077669902912621,16386.115000000224,17.266717597471256,22.949740896358858,2.4884909589079323e-05
NER,27B,xho,xml__false,7,0.46502057613168724,15678.717000000179,11.74435730337092,17.343713495575418,2.965935134435311e-05
NER,27B,xho,xml__false,8,0.47192168985059246,15470.631999999285,11.6408066215194,16.889336244540704,3.0504357536952225e-05
NER,27B,yor,xml__false,1,0.5541433655312659,27873.401000000536,12.4601703173896,25.57192752293627,1.9880723042417937e-05
NER,27B,yor,xml__false,2,0.5931717487620537,28387.94299999997,13.265393925233631,24.945468365553577,2.089520007709098e-05
NER,27B,yor,xml__false,3,0.5549338758901322,29375.259000001475,13.143292617450324,26.925076993585222,1.8891199423640974e-05
NER,27B,yor,xml__false,4,0.5937336814621411,25830.536999998614,12.109956399436763,22.718150395777144,2.2985727376173905e-05
NER,27B,yor,xml__false,5,0.6932551319648094,23720.789999999106,13.847513134850617,20.06835025380635,2.922563422064929e-05
NER,27B,yor,xml__false,6,0.7123449497932665,26225.87199999951,15.527455298993196,21.74616252072928,2.716191666737639e-05
NER,27B,yor,xml__false,7,0.5552162849872773,28250.969999998808,12.65157635467927,25.894564619613938,1.9652998993921295e-05
NER,27B,yor,xml__false,8,0.5541984732824428,28669.678999999538,12.839085982982327,26.326610651973866,1.9330473608806422e-05
NER,27B,zul,xml__false,1,0.47936849659131686,13382.91399999708,11.255604709837746,20.03430239520521,3.581944086253722e-05
NER,27B,zul,xml__false,2,0.512803889789303,15438.35300000012,10.382214525891136,19.517513274336434,3.321623037051291e-05
NER,27B,zul,xml__false,3,0.4834770114942529,6021.137999996543,5.076844856658131,8.946713224363362,8.029661693429555e-05
NER,27B,zul,xml__false,4,0.5169409486931269,6419.439999997616,4.276775483009738,8.01428214731288,8.052742119146201e-05
NER,27B,zul,xml__false,5,0.5298102981029811,6409.6660000011325,4.733874446086508,8.196503836318584,8.265801963829122e-05
NER,27B,ewe,yaml__false,1,0.5001018122581958,8527.368999999017,2.937433344815369,6.944111563517114,5.8646671940460596e-05
NER,27B,ewe,yaml__false,2,0.7405703771849126,8286.811000000685,3.541372222222515,5.147087577640177,8.936735460539058e-05
NER,27B,ewe,yaml__false,3,0.5028571428571429,8533.86400000006,2.950852005532524,6.926837662337711,5.892490703591473e-05
NER,27B,ewe,yaml__false,4,0.7381225613954555,8127.921999998391,3.4601626223918225,5.0546778606955165,9.081319449123671e-05
NER,27B,ewe,yaml__false,5,0.8186115949241105,8117.131999999285,4.036365987070753,4.93442674771993,0.00010084985619602868
NER,27B,ewe,yaml__false,6,0.8320802005012531,8249.100999999791,4.162008577194648,4.969337951807103,0.0001008691978072852
NER,27B,ewe,yaml__false,7,0.5029501525940997,8687.153999999166,2.98835706914316,7.02844174757214,5.789584858218791e-05
NER,27B,ewe,yaml__false,8,0.5017336324699163,8506.505999997258,2.93834404144983,6.915858536583137,5.89823403957016e-05
NER,27B,hau,yaml__false,2,0.236003861003861,7452.93899999978,9.410276515151237,15.241184049079305,3.166587852173055e-05
NER,27B,hau,yaml__false,3,0.5286266683297992,15831.725000000093,3.3937245444801913,7.471319018404952,3.339033922897196e-05
NER,27B,hau,yaml__false,4,0.6505788812944622,26595.525000000373,6.967651296830069,11.404599056603933,2.4461967992527055e-05
NER,27B,hau,yaml__false,5,0.7000603500301751,13055.228999999817,3.985112637362582,5.627253879310266,5.362298509127529e-05
NER,27B,hau,yaml__false,6,0.7099015634047481,17947.503000000026,5.0471043307086685,7.3195362969005,3.95543359655517e-05
NER,27B,hau,yaml__false,7,0.527195608782435,20628.03099999996,4.422819682675806,9.762437766209162,2.5557243383163232e-05
NER,27B,hau,yaml__false,8,0.5276394422310757,20635.983000000007,4.409398076923079,9.738547899952811,2.556890273805108e-05
NER,27B,ibo,yaml__false,1,0.31432510339641556,44422.11700000055,8.717055926216748,35.42433572567827,7.0758695132969834e-06
NER,27B,ibo,yaml__false,2,0.4143264143264143,24044.759999999776,5.357566844919736,15.746404715127552,1.723146391672939e-05
NER,27B,ibo,yaml__false,3,0.3110113480483851,18469.428000001237,3.596072429906783,14.81108901363371,1.6839251765044606e-05
NER,27B,ibo,yaml__false,4,0.4153094462540716,20677.085000000894,4.61027536231904,13.51443464052346,2.0085493010937164e-05
NER,27B,ibo,yaml__false,5,0.5322964608792256,19748.265000000596,5.77772527794049,11.775948121646152,2.6954087403587582e-05
NER,27B,ibo,yaml__false,6,0.5292266931611195,5407.433000000194,1.713381812420847,3.383875469336792,9.787022662344601e-05
NER,27B,ibo,yaml__false,7,0.3142187692687138,17819.509000001475,3.409779755071082,13.987055729985459,1.763341342731092e-05
NER,27B,ibo,yaml__false,8,0.3139721297323961,15794.71199999936,3.0223329506313354,12.407472113118114,1.987830672268091e-05
NER,27B,kin,yaml__false,1,0.4199315329022442,27135.449999999255,5.541239534408669,16.386141304347376,1.5475384889591136e-05
NER,27B,kin,yaml__false,2,0.5591771306438685,21824.691999999806,4.854246441281096,10.427468705207744,2.5621306850235207e-05
NER,27B,kin,yaml__false,3,0.42517047493719345,25755.389000000432,4.797055131309449,14.493747326955786,1.6508019930787545e-05
NER,27B,kin,yaml__false,4,0.5623762376237623,22478.03800000064,4.902516466739507,10.553069483568375,2.501892013990484e-05
NER,27B,kin,yaml__false,5,0.6667730100494497,20034.58699999936,6.109968587983946,9.585926794258066,3.328109583938371e-05
NER,27B,kin,yaml__false,6,0.6658195679796697,18502.163999998942,5.596540834845415,8.827368320610182,3.598603752402734e-05
NER,27B,kin,yaml__false,7,0.42209733349276574,21973.620000001043,4.089637074260384,12.449643059490676,1.9209276099829965e-05
NER,27B,lug,yaml__false,1,0.4539385847797063,12783.215000000084,5.032761811023655,12.532563725490279,3.551051787673941e-05
NER,27B,lug,yaml__false,2,0.7368881118881118,19698.678000000073,7.512844393592705,11.683676156583672,3.7407998236638474e-05
NER,27B,lug,yaml__false,3,0.5042016806722689,14915.054000000004,4.544501523461305,11.299283333333337,3.38048846938314e-05
NER,27B,lug,yaml__false,4,0.7372788818519328,9882.798000000068,3.7648754285714543,5.854738151658808,7.460224137455079e-05
NER,27B,lug,yaml__false,5,0.8149893942964882,5259.324000000022,2.2976513761467987,3.0418299595141836,0.00015496086460854754
NER,27B,lug,yaml__false,6,0.8426966292134831,11715.01099999994,5.4743042056074485,6.791310724637647,7.193306341867604e-05
NER,27B,lug,yaml__false,7,0.5051664753157291,13463.033999999985,4.11461919315403,10.199268181818171,3.75224838112813e-05
NER,27B,lug,yaml__false,8,0.5041116848345765,11431.873000000138,3.490648244274851,8.67365174506839,4.409703334130552e-05
NER,27B,nya,yaml__false,1,0.5478068013799902,20423.58999999985,3.975007785130372,9.187399910031422,2.682225805453371e-05
NER,27B,nya,yaml__false,2,0.6243508366993654,17342.02400000021,4.385944360141681,8.013874306839282,3.600218963480606e-05
NER,27B,nya,yaml__false,3,0.5482758620689655,20469.894999999553,3.980920847919011,9.195819856244183,2.6784498018625765e-05
NER,27B,nya,yaml__false,4,0.6271376506868517,18763.686000000685,4.514842637151272,8.387879302637767,3.34229452937354e-05
NER,27B,nya,yaml__false,5,0.6749737276685182,18974.69200000167,5.151966331795186,8.44069928825697,3.557231535924055e-05
NER,27B,nya,yaml__false,6,0.745646867371847,18656.732999999076,5.890979791600593,8.143488869488904,3.99666365687864e-05
NER,27B,nya,yaml__false,7,0.546886537041595,20634.890000000596,4.008331390831507,9.28662916291656,2.6503002295703013e-05
NER,27B,nya,yaml__false,8,0.5479418289376387,20396.722999997437,3.9713245716505914,9.17531399010231,2.6864208968161577e-05
NER,27B,pcm,yaml__false,1,0.4330106979113601,12905.507000001147,3.2821737029504443,10.121966274510704,3.355239727593202e-05
NER,27B,pcm,yaml__false,2,0.6068651621467855,8681.745000001043,2.6181378166468767,5.4260906250006515,6.990128852514242e-05
NER,27B,pcm,yaml__false,3,0.4330949948927477,7752.053999999538,1.9790793974979672,6.094382075471335,5.586841821442079e-05
NER,27B,pcm,yaml__false,4,0.6066350710900473,7130.691999999806,2.1490934297769155,4.456682499999879,8.507380084430288e-05
NER,27B,pcm,yaml__false,5,0.7283811244073154,9129.473000001162,3.693152508091085,5.659933663980882,7.978347977010531e-05
NER,27B,pcm,yaml__false,6,0.7469252601702933,10675.569000000134,4.700822985469015,6.760968334388939,6.99658500797741e-05
NER,27B,pcm,yaml__false,7,0.4342351539901311,12695.950000001118,3.238762755102326,9.949804075235985,3.420265155345546e-05
NER,27B,pcm,yaml__false,8,0.4327445652173913,13894.768999999389,3.5346652251333985,10.906412087911608,3.114442314351612e-05
NER,27B,swa,yaml__false,1,0.5656701377225395,18317.39100000076,3.52325274091186,7.251540380047807,3.088158885304769e-05
NER,27B,swa,yaml__false,2,0.7045320080463852,17240.082999998704,3.653333969060967,5.791092710782231,4.0865929012432144e-05
NER,27B,swa,yaml__false,3,0.5647586980920314,18638.805000001565,3.599614716106907,7.408110095390129,3.030015594304377e-05
NER,27B,swa,yaml__false,4,0.7040454222853086,17281.123000001535,3.659704150783891,5.8068289650542795,4.074072166983859e-05
NER,27B,swa,yaml__false,5,0.775419867204791,17956.504999998957,4.54710179792326,6.02971961047648,4.31832289860881e-05
NER,27B,swa,yaml__false,6,0.772987012987013,17253.11900000088,4.348064264113125,5.7974190188175,4.480274047764776e-05
NER,27B,swa,yaml__false,7,0.5656746475721638,18190.107000000775,3.4940658855168603,7.195453718354737,3.109792853731645e-05
NER,27B,swa,yaml__false,8,0.566020831000112,18626.892000000924,3.5841624013855924,7.371148397309428,3.0387293328381565e-05
NER,27B,tsn,yaml__false,1,0.5159947984395318,9499.053000000073,3.7724594916600767,9.575658266129105,5.432065685279657e-05
NER,27B,tsn,yaml__false,2,0.6513654851830332,6931.021999999997,3.2770789598108734,6.182892060660122,9.39782740818069e-05
NER,27B,tsn,yaml__false,3,0.5145379023883697,7471.141999999993,2.9588681188118784,7.538992936427843,6.887004722817077e-05
NER,27B,tsn,yaml__false,4,0.654556108995019,5654.412000000011,2.710648130393102,5.06214145031335,0.00011576024332769132
NER,27B,tsn,yaml__false,5,0.7147435897435898,3569.6600000000326,1.9908867819297449,3.2014887892376973,0.00020022735771574413
NER,27B,tsn,yaml__false,6,0.7330287206266319,7700.959999999963,4.433483016695431,6.85748886910059,9.518666771761385e-05
NER,27B,tsn,yaml__false,7,0.5151908595170085,4239.050999999978,1.6794972266243968,4.273236895161268,0.00012153448012704051
NER,27B,tsn,yaml__false,8,0.5141521682679824,7259.361999999965,2.876133914421539,7.332688888888853,7.082608199838841e-05
NER,27B,twi,yaml__false,1,0.23293413173652694,17562.52899999998,6.490217664449364,45.14788946015418,1.3263131507798632e-05
NER,27B,twi,yaml__false,2,0.3397027600849257,14469.462999999989,6.601032390510944,30.14471458333331,2.347721958202084e-05
NER,27B,twi,yaml__false,3,0.23165554881746508,13532.886000000057,5.079912162162183,35.42640314136141,1.7117970905648958e-05
NER,27B,twi,yaml__false,4,0.3361702127659575,9488.637999999919,4.34063952424516,20.01822362869181,3.5428710924155855e-05
NER,27B,wol,yaml__false,1,0.29528951778067397,12516.833999999995,3.11596564600448,15.78415384615384,2.359139042514058e-05
NER,27B,wol,yaml__false,2,0.47182114578481604,14775.122000000003,5.025551700680273,14.58551036525173,3.1933485610800094e-05
NER,27B,wol,yaml__false,3,0.29361225252147927,13932.868000000002,3.4832170000000007,17.726295165394404,2.1073353492007475e-05
NER,27B,wol,yaml__false,4,0.4728880614382127,8334.758000000002,2.8320618416581724,8.20350196850394,5.6736867637694174e-05
NER,27B,wol,yaml__false,5,0.6552706552706552,13469.269,7.462198891966759,13.013786473429953,4.864931090697314e-05
NER,27B,wol,yaml__false,6,0.7019069923051188,11364.42300000001,6.9507174311926665,10.833577693041,6.176353980357104e-05
NER,27B,wol,yaml__false,7,0.2921942921942922,12521.413,3.180445262890526,16.19846442432083,2.3335568613086415e-05
NER,27B,wol,yaml__false,8,0.285111281657713,17208.178000000014,4.460388284085022,23.160401076716035,1.6568359628643588e-05
NER,27B,xho,yaml__false,1,0.3898916967509025,16916.27400000021,6.242167527675353,16.487596491228274,2.3048320023126705e-05
NER,27B,xho,yaml__false,2,0.546622542339887,14849.780999999493,5.746819272445625,10.576767094016734,3.681014166740275e-05
NER,27B,xho,yaml__false,3,0.38682497127537346,14602.199999999255,5.4710378418880685,14.4576237623755,2.6490869271438084e-05
NER,27B,xho,yaml__false,4,0.5344451062140163,15322.677000001073,6.168549516908644,11.38386106983735,3.487935601683563e-05
NER,27B,xho,yaml__false,5,0.5481377371749824,15583.743000000715,9.08143531468573,13.319438461539074,3.517368947723003e-05
NER,27B,xho,yaml__false,6,0.46563076112720564,18460.116000000387,14.839321543408671,20.882484162896365,2.5223609706851022e-05
NER,27B,xho,yaml__false,7,0.38814531548757164,16399.150000002235,6.125943220023248,16.156798029558853,2.3668624013288417e-05
NER,27B,xho,yaml__false,8,0.3669166835597,14113.721999999136,5.930135294117284,15.59527292817584,2.5997159612448257e-05
NER,27B,yor,yaml__false,1,0.33333333333333337,24563.04899999872,5.371320577301272,23.505310047845665,1.3570519414481107e-05
NER,27B,yor,yaml__false,2,0.42159383033419023,22161.251999996603,5.911243531607522,19.30422648083328,1.9023917526602507e-05
NER,27B,yor,yaml__false,3,0.33492822966507174,24729.642999999225,5.4077504920182,23.552040952380214,1.3543593397813395e-05
NER,27B,yor,yaml__false,4,0.423239566096709,22178.370999999344,5.926876269374491,19.268784535186224,1.9083437917812876e-05
NER,27B,yor,yaml__false,5,0.6720257234726689,21299.34200000018,10.466507125307213,16.985121212121356,3.155147813827597e-05
NER,27B,yor,yaml__false,6,0.6742705570291778,20816.40799999982,10.041682585624612,16.377976396538017,3.239130194936531e-05
NER,27B,yor,yaml__false,7,0.33455823613995844,24560.98099999875,5.383818719859437,23.458434574974927,1.3621533933843094e-05
NER,27B,yor,yaml__false,8,0.33732630570196454,24551.77100000158,5.3794414986857095,23.24978314394089,1.3739387912258666e-05
NER,27B,zul,yaml__false,1,0.3214528944381384,15115.280000001192,5.384852155326396,21.34926553672485,2.1266750893011116e-05
NER,27B,zul,yaml__false,2,0.4356913183279743,15078.32899999991,7.065758669165843,18.546530135301243,2.8895199085255196e-05
NER,27B,zul,yaml__false,3,0.3218338629142079,15293.75,5.446492165242165,21.57087447108604,2.1043489197496227e-05
NER,27B,zul,yaml__false,4,0.4363441436612169,14919.452999999747,6.994586497890176,18.32856633906603,2.9246658283063345e-05
NER,27B,zul,yaml__false,5,0.4913975249019016,15165.216000000015,8.842691545189513,18.630486486486504,3.240293609414472e-05
NER,27B,zul,yaml__false,6,0.5139481457170988,14690.282999999821,10.138221532090974,18.761536398467204,3.4985585078048196e-05
NER,27B,zul,yaml__false,7,0.3244222927050295,15040.666000001132,5.3411455965913115,21.00651675977812,2.156967601733893e-05
NER,27B,zul,yaml__false,8,0.32296161707926413,15135.450999999419,5.395882709447208,21.287554149084976,2.1338090095846932e-05
NER,4B,hau,dst__false,1,0.5484135667396062,5691.567999996245,1.4372646464636982,2.838687281793639,9.635544488618392e-05
NER,4B,hau,dst__false,2,0.6388716676999381,3378.9249999970198,1.0899758064506515,1.6394590004837553,0.00018907542123619244
NER,4B,hau,dst__false,3,0.5502398903358465,4300.167000003159,1.0905825513576362,2.1425844544111405,0.0001279577956705966
NER,4B,hau,dst__false,4,0.6400618716163959,3430.615000002086,1.1020285897854436,1.6581029482852037,0.000186573506970618
NER,4B,hau,dst__false,5,0.6508452535760728,2956.557999998331,1.0559135714279755,1.4768021978013641,0.0002201361358635414
NER,4B,hau,dst__false,6,0.6477128335451079,2874.929999999702,0.9765387228259857,1.4099705738105452,0.0002252969058534208
NER,4B,hau,dst__false,8,0.5505464480874317,6393.552999995649,1.6112784778214841,3.172979156325384,8.610962450578049e-05
NER,4B,kin,dst__false,1,0.4539651362631966,8300.664999999106,1.6099039953450553,4.489272579772367,5.469021292429529e-05
NER,4B,kin,dst__false,2,0.5475522294979731,3687.8960000015795,1.0770724299070034,2.100168564921173,0.00014847279573440754
NER,4B,kin,dst__false,3,0.45194550141156253,3012.652000002563,0.5841869303863803,1.6364215100502786,0.0001500158336944254
NER,4B,kin,dst__false,4,0.5451990632318502,2256.625,0.6607979502196193,1.292454180985109,0.0002415993189971086
NER,4B,kin,dst__false,5,0.5225468164794007,5449.27499999851,1.4787720488462714,3.124584288989971,9.589290620854033e-05
NER,4B,kin,dst__false,6,0.5272277227722773,274.91100000217557,0.10311740435190382,0.18438028169159998,0.0019178123929857478
NER,4B,kin,dst__false,7,0.45360571006645334,14930.298000000417,2.9069894859813896,8.101084102007823,3.038155769338567e-05
NER,4B,kin,dst__false,8,0.45335958651242925,14240.1959999986,2.7726238317754284,7.730833876220737,3.183661141408966e-05
NER,4B,tsn,dst__false,1,0.4593506841964046,1660.8680000007153,0.6920283333336313,1.9402663551410224,0.00027657266212378516
NER,4B,tsn,dst__false,2,0.6144448436938555,1563.3290000036359,1.0737149725299697,1.8284549707644864,0.0003930361706924304
NER,4B,tsn,dst__false,3,0.4611676486341724,1074.5,0.44640631491483174,1.2479674796747968,0.0004291927860718217
NER,4B,tsn,dst__false,4,0.6146657081236521,966.207999996841,0.6640604810974852,1.1300678362536152,0.0006361629257112979
NER,4B,tsn,dst__false,5,0.6024885396201703,1394.7330000028014,0.8076045165042278,1.5160141304378278,0.0004319741051649027
NER,4B,tsn,dst__false,6,0.6263775328830431,1495.3360000029206,1.006282637956205,1.697316685587878,0.00041888748273419463
NER,4B,tsn,dst__false,7,0.46092077087794425,1123.3159999996424,0.46629970942284865,1.3046643437858796,0.0004103215576721875
NER,4B,tsn,dst__false,8,0.46104417670682735,1097.807999998331,0.45590033222522053,1.2750383275241939,0.0004199679513243921
NER,4B,ewe,json__false,1,0.5726218097447796,2440.4560000002384,1.060145960034856,1.9776790923826892,0.00023463721933307695
NER,4B,ewe,json__false,2,0.44511768818457237,1231.1280000209808,0.5392588699172058,1.2891392670376762,0.0003615527290232914
NER,4B,ewe,json__false,3,0.5385312783318223,1254.0539999902248,0.5216530781989288,1.055601010092782,0.00042943228787278707
NER,4B,ewe,json__false,4,0.4937988056959118,1073.6439999938011,0.4576487638507251,0.9987386046453964,0.00045992787711640246
NER,4B,ewe,json__false,5,0.3872871736662883,1033.682999998331,0.43124030037477307,1.2118206330578325,0.00037466725646732467
NER,4B,ewe,json__false,6,0.43588539220291217,1092.802000015974,0.4856897777848774,1.177588362086179,0.00039886950444503267
NER,4B,ewe,json__false,7,0.6262013151239252,1336.3129999935627,0.6866973278486962,1.079412762514994,0.0004686037740611232
NER,4B,ewe,json__false,8,0.2582910651580179,4199.898000001907,7.56738378378722,12.688513595171926,6.14993662126796e-05
NER,4B,hau,json__false,1,0.5628523111612175,4082.0530000030994,1.0902919337615116,2.04409263895999,0.00013788461618719554
NER,4B,hau,json__false,2,0.2508943477223945,1176.1759999990463,1.3985445897729445,2.2360760456255635,0.00021331360929197494
NER,4B,hau,json__false,3,0.2356761772210624,1011.8710000216961,1.0551313868839376,1.9918720472868032,0.00023291128732418377
NER,4B,hau,json__false,4,0.23569515461407356,1094.444000005722,1.4495947019943338,2.26124793389612,0.0002153560662883083
NER,4B,hau,json__false,5,0.2664426308209314,927.8709999918938,1.1398906633807049,1.671839639625034,0.00028715482089995177
NER,4B,hau,json__false,6,0.6256966852449399,2034.3250000178814,0.5869373918112757,0.9537388654561094,0.00030756967802069
NER,4B,hau,json__false,7,0.5790746900514062,2428.9560000002384,0.7446217044758549,1.26838433420378,0.00023840476733681028
NER,4B,hau,json__false,8,0.35456942003514935,6537.9860000014305,5.448321666667859,8.101593556383433,5.42322085172822e-05
NER,4B,ibo,json__false,1,0.42071977111880743,8621.342000000179,2.294130388504571,6.171325697924251,4.879980067126425e-05
NER,4B,ibo,json__false,2,0.3782284624718321,7366.194000000134,2.5523887733888198,6.751781851512497,5.134652474151851e-05
NER,4B,ibo,json__false,3,0.41377314814814814,7681.52500000014,1.9065586994291734,5.371695804195902,5.386601594711214e-05
NER,4B,ibo,json__false,4,0.3943243689160205,5814.909999999916,1.8297388294524595,4.866033472803277,6.781263491885966e-05
NER,4B,ibo,json__false,5,0.38662092624356775,7217.180999999866,2.448992534781088,6.403887311446199,5.356952059863469e-05
NER,4B,ibo,json__false,6,0.3840107041311256,7665.60400000005,2.4759702842377425,6.677355400696908,5.0095296356441456e-05
NER,4B,ibo,json__false,7,0.49648204943171564,8301.198000000091,3.120751127819583,6.032847383720997,5.980848179162937e-05
NER,4B,ibo,json__false,8,0.16483516483516483,15033.544999999925,19.85937252311747,50.11181666666642,1.096449073290203e-05
NER,4B,kin,json__false,1,0.5334541610028696,7049.718999998644,1.9415364913243305,3.991913363532641,7.567027295740046e-05
NER,4B,kin,json__false,2,0.5540631296171927,6778.881999999285,2.2855300067428472,4.1084133333329,8.173370322971416e-05
NER,4B,kin,json__false,3,0.5144009216589862,6707.7989999987185,1.696459028831239,3.755766517356505,7.668699101733437e-05
NER,4B,kin,json__false,4,0.5401459854014597,5309.873999999836,1.672401259842468,3.189113513513415,0.00010172482160621446
NER,4B,kin,json__false,5,0.5037383177570093,6116.742999998853,1.7833069970842137,3.782772418057423,8.235401058326364e-05
NER,4B,kin,json__false,6,0.5705400981996727,6365.2249999996275,2.0401362179485987,3.65187894434861,8.96339246766149e-05
NER,4B,kin,json__false,7,0.5984888420312775,6763.254000000656,2.5039814883378955,3.9713763945981535,8.849125613664953e-05
NER,4B,kin,json__false,8,0.20439143399295198,16404.32300000079,23.468273247497553,43.51279310345037,1.2459607994364787e-05
NER,4B,lug,json__false,1,0.5991939095387372,10717.902999997139,4.26668113057211,8.010390881911166,5.590589031631441e-05
NER,4B,lug,json__false,2,0.252397391637898,853.8959999978542,1.3076508422631765,2.5954285714220493,0.0002955832930925221
NER,4B,lug,json__false,3,0.25598802395209574,866.1200000047684,1.2062952646305967,2.5325146198969835,0.00029555722526980834
NER,4B,lug,json__false,4,0.27679259830377795,776.0180000066757,1.2125281250104307,2.1616100278737487,0.00035668321907661525
NER,4B,lug,json__false,5,0.2612026043661433,993.7150000035763,1.5125038051804813,2.914120234614593,0.00026285464581414514
NER,4B,lug,json__false,6,0.2544847726324572,799.1710000038147,1.803997742672268,2.6202327868977533,0.0003184359450370978
NER,4B,lug,json__false,7,0.6557377049180328,2521.264999985695,1.2929564102490743,1.9697382812388242,0.00026008281752285195
NER,4B,lug,json__false,8,0.3400597907324365,7284.53900000453,10.089389196682175,16.00997582418578,4.668240375022016e-05
NER,4B,nya,json__false,1,0.5176642335766424,5773.564999997616,1.4911066632225247,3.256381838690139,8.966110775177142e-05
NER,4B,nya,json__false,2,0.5323621916901174,5436.914999961853,1.7750293829454302,3.381166044752396,9.791622486168216e-05
NER,4B,nya,json__false,3,0.5176136363636363,5250.490000009537,1.2925873953740858,2.8817178924311397,9.858387243146757e-05
NER,4B,nya,json__false,4,0.5443983402489627,4441.810000002384,1.4577650147694075,2.7084207317087707,0.0001225622753446614
NER,4B,nya,json__false,5,0.5296955581434039,4505.98400002718,1.4856524892934981,2.8303919598160676,0.00011755380359544303
NER,4B,nya,json__false,6,0.5842963970088376,4775.805999994278,1.6434294562953469,2.7782466550286666,0.00012234508625550068
NER,4B,nya,json__false,7,0.5825825825825826,5243.410000026226,1.9543086097749631,3.1797513644792152,0.00011110757743141747
NER,4B,nya,json__false,8,0.10414774447471994,13470.995999991894,41.44921846151352,78.31974418599937,7.731257916993118e-06
NER,4B,pcm,json__false,2,0.5376193803866759,2501.675000011921,1.0709225171283907,2.1678292894384064,0.00021490376663000352
NER,4B,pcm,json__false,3,0.544508901780356,2174.956999987364,0.7149760026256948,1.5980580455454547,0.0002503538698850228
NER,4B,pcm,json__false,4,0.5442236296134527,1810.28900000453,0.6904229595745728,1.4528804173391092,0.0003006280376294011
NER,4B,pcm,json__false,5,0.5558714191996502,2073.5119999945164,0.7926269113128885,1.6314020456290452,0.0002680820845025832
NER,4B,pcm,json__false,6,0.624937655860349,2062.002000004053,1.0043848027296898,1.645652035118957,0.00030307325398283834
NER,4B,pcm,json__false,7,0.6078780177890725,2211.5379999876022,1.1180677451909011,1.8491120401234133,0.00027486663932181144
NER,4B,pcm,json__false,8,0.36640211640211634,6193.8720000088215,5.804940955959533,11.18027436824697,5.915558416473484e-05
NER,4B,swa,json__false,1,0.6009778112072207,5383.301999986172,1.2681512367458592,2.2458498122595625,0.00011163739489420517
NER,4B,swa,json__false,2,0.5771065182829889,5058.93900001049,1.3257177672983465,2.3227451790681775,0.00011407659160978067
NER,4B,swa,json__false,3,0.5864279666142493,4881.7349999547005,1.0764575523604631,2.0139170791892327,0.00012012695621939557
NER,4B,swa,json__false,4,0.5762535723564564,4378.938999950886,1.1041197680158563,1.9742736699508052,0.00013159662017738077
NER,4B,swa,json__false,5,0.5759067357512954,4977.532999992371,1.248127632896783,2.239106162839573,0.00011570123909819947
NER,4B,swa,json__false,6,0.5813249045173186,4652.677000045776,1.205044548056404,2.1081454463279456,0.00012494417826803774
NER,4B,swa,json__false,7,0.6064,5290.743000030518,1.4041250000080991,2.32662401056751,0.00011461528182270473
NER,4B,swa,json__false,8,0.28625873385560024,13601.080999970436,13.724602421766333,20.119942307648575,2.104676340477808e-05
NER,4B,tsn,json__false,1,0.5504937878305193,2521.798999994993,1.3917213024254929,2.9187488425867976,0.00021829407808933711
NER,4B,tsn,json__false,2,0.5877754086709311,2555.280000001192,1.7184129119039624,3.0898186215250205,0.00023002387553248838
NER,4B,tsn,json__false,3,0.5311572700296736,2284.5230000019073,1.1182197748418539,2.5525396648066003,0.00023250248302566012
NER,4B,tsn,json__false,4,0.5543695797198132,2044.1510000228882,1.2233099940292569,2.4598688327591915,0.00027119795930614026
NER,4B,tsn,json__false,5,0.5602859928501787,2032.9950000047684,1.1617114285741534,2.358462877035694,0.00027559634571106397
NER,4B,tsn,json__false,6,0.5933554817275747,2290.5349999964237,1.3609833630400616,2.5649888017877087,0.0002590466776226956
NER,4B,tsn,json__false,7,0.5988779803646564,2416.763000011444,1.584762622958324,2.829933255282721,0.0002478017001922905
NER,4B,tsn,json__false,8,0.2048331415420023,6843.0139999985695,16.64966909975321,38.44389887639646,2.993317586987914e-05
NER,4B,twi,json__false,1,0.39769754055468337,3581.552999973297,2.8046617071051663,9.42513947361394,0.00011104052922228108
NER,4B,twi,json__false,2,0.3931034482758621,3273.8650000095367,2.9600949367174834,9.572704678390458,0.00012007320041440835
NER,4B,twi,json__false,3,0.3908484270734033,3039.956999987364,2.0764733606471064,7.414529268261864,0.00012857038013203078
NER,4B,twi,json__false,4,0.4183506280720918,2888.7380000054836,2.413314954056377,7.542396866855048,0.0001448212430726835
NER,4B,twi,json__false,5,0.37700000000000006,2670.7370000183582,1.955151537348725,7.084183023921374,0.00014115953760980907
NER,4B,twi,json__false,6,0.43963963963963965,2978.9780000150204,2.8894064015664602,8.139284153046503,0.00014758069365984673
NER,4B,twi,json__false,7,0.5393103448275862,3176.302000015974,3.89252696080389,8.123534526895074,0.00016979189788152196
NER,4B,twi,json__false,8,0.18296529968454261,8720.497000008821,27.509454258702906,100.23559770125082,2.0981063313748922e-05
NER,4B,wol,json__false,1,0.3613468382151656,8137.06200003624,3.539391909541644,12.328881818236727,4.4407531639006354e-05
NER,4B,wol,json__false,2,0.3433257918552036,3031.751999974251,1.3894372135537354,4.994649093862027,0.00011324336286679107
NER,4B,wol,json__false,3,0.31002331002331,2718.09399998188,0.9257813351436922,4.087359398468993,0.00011405908332286402
NER,4B,wol,json__false,4,0.36696198913975425,3380.645999968052,1.5760587412438471,5.265803738267993,0.00010854788970605681
NER,4B,wol,json__false,5,0.3664948453608248,6295.314999997616,2.492207046713229,8.854170182837716,5.8217078154304204e-05
NER,4B,wol,json__false,6,0.4051798561151079,2226.5460000038147,1.0497623762394224,3.162707386369055,0.00018197686286940115
NER,4B,wol,json__false,7,0.44650499286733236,2437.925000011921,1.6813275862151178,3.8944488818081804,0.0001831496017577034
NER,4B,wol,json__false,8,0.10442678774120319,6984.709999978542,17.119387254849368,75.92076086933199,1.4950769286273015e-05
NER,4B,xho,json__false,1,0.34159198734844487,1929.6919999998063,1.5549492344881597,2.977919753086121,0.00017701891667088796
NER,4B,xho,json__false,2,0.4774374561608604,5024.404000001028,2.914387470998276,4.921061704212565,9.50236995593433e-05
NER,4B,xho,json__false,3,0.3028311425682507,5367.049999998882,3.825409836064777,8.960016694488953,5.642413291627873e-05
NER,4B,xho,json__false,4,0.4860702151755379,5246.494000000879,2.817665950591235,4.889556383970996,9.264667322128958e-05
NER,4B,xho,json__false,5,0.48211437685121894,3921.3660000003874,2.1358202614381194,3.7063950850665286,0.0001229455186919995
NER,4B,xho,json__false,6,0.44582635733078213,3801.06799999997,2.3348083538083353,4.078399141630869,0.00011728976101737343
NER,4B,xho,json__false,7,0.33227390927477607,7070.969999998808,7.7874118942718145,12.297339130432709,4.6991276907529246e-05
NER,4B,xho,json__false,8,0.19783715012722644,10383.451000001281,17.569291032151067,33.387302250807984,1.9053121175917528e-05
NER,4B,yor,json__false,1,0.35318275154004103,4872.601000010967,1.8140733432654383,6.295350129213136,7.248341317896666e-05
NER,4B,yor,json__false,2,0.3669821240799158,3346.6349999904633,1.5883412434696076,4.794606017178314,0.00010965705076321786
NER,4B,yor,json__false,3,0.36407649479544907,5882.2470000088215,2.4166996713265494,7.822136968096837,6.189411882821361e-05
NER,4B,yor,json__false,4,0.38459437312209777,2813.8849999904633,1.432731670056244,3.996995738622817,0.00013667735999282175
NER,4B,yor,json__false,5,0.43675615831718795,2631.747999995947,1.3735636743193878,3.335548795939096,0.0001659566791037214
NER,4B,yor,json__false,6,0.4541007194244605,2671.5119999945164,1.502537682786567,3.3859467680538864,0.00016997891809035205
NER,4B,yor,json__false,7,0.447149263292761,10663.95799997449,7.483479298227712,15.277876790794398,4.193089125949584e-05
NER,4B,yor,json__false,8,0.11352549889135255,7889.537000000477,14.138955197133471,61.637007812503725,1.4389374039483647e-05
NER,4B,zul,json__false,1,0.3484276729559748,27431.577000021935,17.339808470304636,49.515481949498074,1.2701700414660674e-05
NER,4B,zul,json__false,2,0.3974276527331189,3045.7300000190735,2.014371693134308,4.928365695823744,0.00013048682999826974
NER,4B,zul,json__false,3,0.3037974683544304,2118.3700000047684,1.127992545263455,4.012064393948425,0.00014341095670432764
NER,4B,zul,json__false,4,0.37300391684242246,2445.097000002861,1.4207420104606978,3.950075928922231,0.00015255178704238974
NER,4B,zul,json__false,5,0.37028160575194724,1888.2479999959469,1.0851999999976707,3.055417475721597,0.0001960979732284859
NER,4B,zul,json__false,6,0.38083687083080653,2497.974000006914,1.4693964705923024,3.977665605106551,0.0001524583005386575
NER,4B,zul,json__false,7,0.3973765432098766,2268.2660000026226,2.2819577464815115,4.404400000005093,0.00017518956912876052
NER,4B,zul,json__false,8,0.185876993166287,13169.878999978304,22.060098827434345,64.5582303920505,1.4113796578282398e-05
NER,4B,tsn,xml__false,1,0.48942768536791653,1858.550000000745,0.8371846846850203,2.1411866359455587,0.0002633384549071697
NER,4B,tsn,xml__false,2,0.5274725274725276,1742.466000000015,1.838044303797484,2.9041100000000246,0.0003027161089355678
NER,4B,tsn,xml__false,3,0.48566610455311965,1474.819000000134,0.6610573733752282,1.7069664351853404,0.00032930556532908477
NER,4B,tsn,xml__false,4,0.5271044513001323,1184.5369999995455,1.25747027600801,1.9808311036781698,0.00044498774736486453
NER,4B,tsn,xml__false,5,0.5770725388601036,2123.7800000002608,1.206007950028541,2.38359147025843,0.000271719546685642
NER,4B,tsn,xml__false,6,0.5900599224532957,1808.3379999995232,1.1975748344367703,2.160499402627865,0.0003262995758831874
NER,4B,tsn,xml__false,7,0.48566610455311965,1626.4119999995455,0.7290058269832118,1.8824212962957703,0.00029861197811701794
NER,4B,tsn,xml__false,8,0.48607594936708864,1515.347000000067,0.6801377917415022,1.7538738425926705,0.0003207687409993006
NER,4B,hau,yaml__false,1,0.44690523371022267,3315.5380000025034,0.6343099292141771,1.7295451225886818,0.00013479116623301717
NER,4B,hau,yaml__false,2,0.5400350672121568,3274.3339999988675,0.9376672394040285,1.7718257575751448,0.00016492974364018564
NER,4B,hau,yaml__false,3,0.44480746791131853,3082.070000000298,0.5906611728632231,1.6170356768102299,0.0001443210140948374
NER,4B,hau,yaml__false,4,0.5482929676101547,2549.670999996364,0.7280613934883964,1.3569297498650152,0.00021504459501282187
NER,4B,hau,yaml__false,5,0.6197729988052568,2168.247000001371,0.6483992224884483,1.0449383132536727,0.00028584058864366695
NER,4B,hau,yaml__false,6,0.5884632583097332,2616.0460000038147,0.7792809055715861,1.3252512664659648,0.00022494377327802155
NER,4B,hau,yaml__false,7,0.44454821386878357,3388.137000001967,0.6498153049485936,1.779483718488428,0.0001312072722763352
NER,4B,hau,yaml__false,8,0.44486068836338094,3229.972999997437,0.6223454720611632,1.6999857894723354,0.0001377289185896396
NER,4B,twi,yaml__false,1,0.19418960244648317,6671.63599999994,2.0278528875379758,17.51085564304446,2.910674419984617e-05
NER,4B,twi,yaml__false,2,0.27287716405605933,6480.070999998599,3.6161110491063613,19.577253776430812,4.211021207269462e-05
NER,4B,twi,yaml__false,3,0.18972931950417404,12044.378000002354,3.6289177463098388,32.118341333339615,1.5752521176613433e-05
NER,4B,twi,yaml__false,4,0.2703809913969684,6943.473999999464,3.8425423353621824,21.040830303028677,3.8940304435069435e-05
NER,4B,twi,yaml__false,5,0.30551053484602914,4492.455999996513,2.4495398037058416,11.916328912457594,6.800523696754431e-05
NER,4B,twi,yaml__false,6,0.36277302943969614,9318.096999999136,6.330228940216804,24.392924083767372,3.893209412176432e-05
NER,4B,twi,yaml__false,7,0.19302809573361082,9784.681000001729,3.0481872274148687,26.373803234506006,1.9727581893939794e-05
NER,4B,twi,yaml__false,8,0.1915378768685077,1590.5759999975562,0.48010141865305045,4.207873015866551,0.00012042044949050028
NER,4B,wol,yaml__false,1,0.21280724450194047,5451.94999999553,1.1287681159411034,8.285638297865546,3.9033234806283064e-05
NER,4B,wol,yaml__false,2,0.24205087440381556,3577.1369999945164,0.9725766721029137,5.873788177330897,6.766609006146161e-05
NER,4B,wol,yaml__false,3,0.2118630445266034,2919.817000001669,0.5999213067601539,4.4306783004577674,7.256038461536538e-05
NER,4B,wol,yaml__false,4,0.24144072828022956,3210.0229999944568,0.8678083265732514,5.262332786876159,7.521464122862874e-05
NER,4B,wol,yaml__false,5,0.303886925795053,3019.3980000019073,0.9512911153125102,4.388659883723703,0.00010064487218805239
NER,4B,wol,yaml__false,6,0.3573938902406055,3119.6480000019073,1.330340298508276,4.719588502272175,0.00011456224876665156
NER,4B,zul,yaml__false,1,0.2236533957845433,1327.6380000039935,0.37652807714236913,2.316994764404875,0.00016845962211376185
NER,4B,zul,yaml__false,2,0.3418982695332984,2425.6239999979734,1.0945956678691215,3.7202822085858487,0.00014095270723475033
NER,4B,zul,yaml__false,3,0.22322479403687717,5477.5689999982715,1.5650197142852205,9.62665905096357,4.075252982426102e-05
NER,4B,zul,yaml__false,4,0.341591987348445,3577.1369999945164,1.6289330601067926,5.520273148139686,9.5493124067926e-05
NER,4B,zul,yaml__false,5,0.3877182420228778,2796.2789999991655,1.621971577725734,4.342048136644667,0.00013865506339782028
NER,4B,zul,yaml__false,6,0.3639172072907012,3210.0229999944568,1.9585253203138846,5.449954159583118,0.00011336903420671117
NER,4B,zul,yaml__false,7,0.2203620790344559,3155.9730000048876,0.8917697089587137,5.5759240282771865,6.982381631088563e-05
NER,4B,zul,yaml__false,8,0.22088040514218932,3308.4560000002384,0.9356493212670357,5.835019400353154,6.676238255614504e-05
NER,70B,ewe,dst__false,1,0.8067523305618544,6386.204000003636,3.2566058133623845,3.988884447222758,0.00012632736607872143
NER,70B,ewe,dst__false,2,0.8174178762414056,6839.6500000059605,3.564174048986952,4.261464174458542,0.00011951165282444179
NER,70B,ewe,dst__false,3,0.8072653884964681,2789.4719999954104,1.4261104294455063,1.7434199999971316,0.0002893972007956331
NER,70B,ewe,dst__false,4,0.8147582697201017,2838.814999997616,1.477010926117386,1.773151155526306,0.0002870064691502567
NER,70B,ewe,dst__false,5,0.8100628930817609,6651.451000005007,3.3815205897330993,4.131336024847831,0.00012178739542411891
NER,70B,ewe,dst__false,6,0.8322760720629282,6704.69999999553,3.4685463010840816,4.088231707314347,0.00012413323072821798
NER,70B,ewe,dst__false,7,0.8061507436349887,2806.7910000011325,1.4327672281782198,1.7553414634153424,0.00028721438241559967
NER,70B,ewe,dst__false,8,0.8063540090771557,2898.539999999106,1.4803575076604218,1.8127204502808667,0.0002781931624464056
NER,70B,hau,dst__false,1,0.6875090461716602,11228.483000002801,3.156728422829014,4.7277823157906536,6.122902320567156e-05
NER,70B,hau,dst__false,2,0.694473409801877,11197.672000002116,3.331648914014316,4.803806091806999,6.201944563135495e-05
NER,70B,hau,dst__false,3,0.6942172478117377,6244.216000001878,1.7263522256018462,2.581321207111152,0.00011117764789231008
NER,70B,hau,dst__false,4,0.7072886297376093,6358.843999996781,1.8126693272510779,2.621122835942614,0.00011122912116384162
NER,70B,hau,dst__false,5,0.705242483758876,11608.988000001758,3.5534092439552367,4.973859468723975,6.074969530149994e-05
NER,70B,hau,dst__false,6,0.6977981380227575,11958.598000001162,3.5017856515376757,5.065056332063177,5.8351166083406235e-05
NER,70B,hau,dst__false,7,0.6946674311926605,6141.153000000864,1.6945786423843445,2.5345245563354784,0.00011311677647382547
NER,70B,hau,dst__false,8,0.6939945535330372,6166.120000001043,1.700998620689943,2.546931020240001,0.00011254963470268496
NER,70B,ibo,dst__false,1,0.5819363667464934,19324.55700000003,6.521956463044222,11.36070370370372,3.011382702053623e-05
NER,70B,ibo,dst__false,2,0.5989228007181328,19794.39900000021,7.366728321548273,11.867145683453362,3.0257185414830047e-05
NER,70B,ibo,dst__false,3,0.5836748633879781,8510.081000000238,2.862455768584002,4.979567583382235,6.858628764966653e-05
NER,70B,ibo,dst__false,4,0.6034420939404805,8955.640000000596,3.323057513914878,5.321235888295066,6.738123617524157e-05
NER,70B,ibo,dst__false,5,0.6174399711139195,20117.67499999702,7.574425828312131,11.76472222222048,3.0691417925481495e-05
NER,70B,ibo,dst__false,6,0.5963802495167808,19727.936000000685,7.025618233618478,11.625183264584965,3.023024048317878e-05
NER,70B,ibo,dst__false,7,0.5819672131147542,19220.006999999285,6.464852674066359,11.279346830985496,3.027924043496841e-05
NER,70B,ibo,dst__false,8,0.5799281928534792,8531.658000003546,2.87648617667011,5.030458726417185,6.797368024518072e-05
NER,70B,kin,dst__false,1,0.5936531365313653,17732.719999998808,4.684998678995722,8.817861760317657,3.347783851159919e-05
NER,70B,kin,dst__false,2,0.6247170665459484,17569.493000000715,4.830765191091755,8.487677777778122,3.5556920540958296e-05
NER,70B,kin,dst__false,3,0.5923416789396171,8735.354999996722,2.298777631578085,4.343786673295237,6.7809685918871e-05
NER,70B,kin,dst__false,4,0.6230051189400783,8776.140000000596,2.403105147864347,4.2417303044952135,7.098851191298634e-05
NER,70B,kin,dst__false,5,0.5971171685457399,17003.989999994636,4.233007219316564,8.128102294452503,3.511629732468252e-05
NER,70B,kin,dst__false,6,0.6046578082583225,17790.8919999972,4.437738089298378,8.407793950849337,3.398693040564901e-05
NER,70B,kin,dst__false,7,0.5972201901975127,8718.155000001192,2.267400520156357,4.271511513964327,6.850304797258492e-05
NER,70B,kin,dst__false,8,0.5961482346075284,8745.863000005484,2.2634221014506943,4.280892315225396,6.816345449353079e-05
NER,70B,lug,dst__false,1,0.8102136017677388,7787.230999998748,3.6749556394519813,4.719533939393181,0.00010404386382885894
NER,70B,lug,dst__false,2,0.8222996515679443,8310.026000000536,4.026175387597159,5.03028208232478,9.895271706344735e-05
NER,70B,lug,dst__false,3,0.810505645557192,4047.0839999988675,1.9090018867919187,2.4512925499690295,0.0002002690444669344
NER,70B,lug,dst__false,4,0.8208955223880597,4415.4710000008345,2.137207647628671,2.676043030303536,0.0001859134670769901
NER,70B,lug,dst__false,5,0.8367097876494995,7914.248999997973,3.693069995332699,4.61741481913534,0.00010572194375609282
NER,70B,lug,dst__false,6,0.8442643707267663,8656.568999998271,4.339132330826201,5.1929028194350755,9.752875194859937e-05
NER,70B,lug,dst__false,7,0.8112745098039216,4045.030000001192,1.9026481655697047,2.4441268882182428,0.0002005608140863436
NER,70B,lug,dst__false,8,0.8115657926978682,4312.2360000014305,2.0273794076170337,2.6040072463776753,0.000188200690476495
NER,70B,nya,dst__false,1,0.6891266166373942,15013.223000000231,4.5702353120244235,6.957007877664611,4.590131090688412e-05
NER,70B,nya,dst__false,2,0.732740943267259,14271.488000000361,4.965723034098943,6.656477611940467,5.1342995437283096e-05
NER,70B,nya,dst__false,3,0.6899856252994729,6096.918000000063,1.8571178799878354,2.8226472222222516,0.00011316957605456818
NER,70B,nya,dst__false,4,0.7320484393655126,6825.461999999825,2.3658447140380674,3.1805507921714002,0.00010725258442073684
NER,70B,nya,dst__false,5,0.7384234711912336,14489.592000000179,5.406564179104544,6.936137865007266,5.096233704794618e-05
NER,70B,nya,dst__false,6,0.7393982051733239,15670.495000000112,5.793158964879893,7.458588767253742,4.718410013042464e-05
NER,70B,nya,dst__false,7,0.6910777102654302,6182.6069999998435,1.8872426739926262,2.8609935215177433,0.00011177771937718954
NER,70B,nya,dst__false,8,0.6909555768616171,6871.2639999999665,2.0948975609755993,3.178197964847348,0.00010055727401270283
NER,70B,pcm,dst__false,1,0.7138836772983115,8917.57899999991,3.8654438664932425,5.859118922470375,8.005352992088085e-05
NER,70B,pcm,dst__false,2,0.7337164750957855,9225.912999998778,4.157689499774123,6.022136422975704,7.952779037650612e-05
NER,70B,pcm,dst__false,3,0.7133787914413355,5216.217000000179,2.2718715156795204,3.438508239947382,0.0001367617166696307
NER,70B,pcm,dst__false,4,0.7321643045880374,5852.960999999195,2.6532008159561173,3.8405255905506532,0.00012509297509211799
NER,70B,pcm,dst__false,5,0.7498176513493802,8912.223999999464,4.133684601112924,5.779652399480845,8.413361820230565e-05
NER,70B,pcm,dst__false,6,0.7606879606879607,8853.710999999195,4.19011405584439,5.7194515503870775,8.591741482052327e-05
NER,70B,pcm,dst__false,7,0.7153250410701714,5650.6699999999255,2.4525477430555234,3.707788713910712,0.00012659119026065595
NER,70B,pcm,dst__false,8,0.7129781741375264,5421.702999999747,2.353169704861001,3.5692580645159624,0.0001315044690086417
NER,70B,swa,dst__false,1,0.7820131799974157,14435.179999999702,3.6024906413775146,4.770383344348877,5.4174120447229054e-05
NER,70B,swa,dst__false,2,0.7935466946484785,13797.50299999863,3.5450932682421965,4.561158016528473,5.751379033210265e-05
NER,70B,swa,dst__false,3,0.7796917497733454,6856.312999997288,1.7188049636493576,2.277844850497438,0.00011371880918704468
NER,70B,swa,dst__false,4,0.7930220356768101,6430.120999999344,1.65213797533385,2.127066159444044,0.00012332925549564166
NER,70B,swa,dst__false,5,0.7877028631745612,14949.94299999997,3.8861302313490955,5.008356113902837,5.268935561657745e-05
NER,70B,swa,dst__false,6,0.7707853671015604,14301.517000000924,3.50012652961354,4.746603717225663,5.38953571919336e-05
NER,70B,swa,dst__false,7,0.7792207792207791,6757.082000002265,1.7028936491941191,2.2523606666674216,0.00011531912432326823
NER,70B,swa,dst__false,8,0.7790320487868171,6855.098999999464,1.724553207547035,2.2835106595601142,0.00011364271307925357
NER,70B,tsn,dst__false,1,0.7013589658601259,6622.201999999583,3.918462721893244,6.259170132324748,0.00010591023436919775
NER,70B,tsn,dst__false,2,0.7186648501362398,6906.463999999687,4.292395276569104,6.5464113744072865,0.00010405684444837073
NER,70B,tsn,dst__false,3,0.6992729676140118,3049.894999999553,1.7951118304882596,2.882698487712243,0.00022927771861461273
NER,70B,tsn,dst__false,4,0.7194831689901393,2849.14100000076,1.7652670384143494,2.69294990548276,0.00025252634706037625
NER,70B,tsn,dst__false,5,0.6986928104575163,6087.941000001505,3.5129492210049076,5.694986903649677,0.00011476668556041256
NER,70B,tsn,dst__false,6,0.6995397764628534,6523.4589999988675,3.803766180757357,6.131070488720741,0.00010723448656042366
NER,70B,tsn,dst__false,7,0.7019517036056898,3228.9969999995083,1.9038897405657478,3.043352497643269,0.00021739001417647545
NER,70B,tsn,dst__false,8,0.698779280765424,3205.1180000007153,1.8809377934276499,3.0265514636456237,0.00021801982977390162
NER,70B,twi,dst__false,1,0.5864197530864197,8820.82300000079,8.94606795131926,18.57015368421219,6.648129693639326e-05
NER,70B,twi,dst__false,2,0.6440217391304348,8936.428999999538,10.663996420047182,18.85322573839565,7.206701235252562e-05
NER,70B,twi,dst__false,3,0.5880172946263126,4341.58900000155,4.407704568529492,9.120985294120903,0.00013543826802263012
NER,70B,twi,dst__false,4,0.6462585034013607,3874.360999999568,4.63440311004733,8.1565494736833,0.00016680389447483928
NER,70B,twi,dst__false,5,0.6477349560513861,8877.713999999687,10.506170414200813,18.533849686846942,7.296190844303038e-05
NER,70B,twi,dst__false,6,0.6322751322751322,9331.151000000536,10.627734624146397,19.521236401674763,6.775960782063176e-05
NER,70B,twi,dst__false,7,0.5877247365158091,3856.9000000003725,3.9396322778349053,8.136919831224414,0.00015238267430209556
NER,70B,twi,dst__false,8,0.5855466337245213,4042.144999999553,4.103700507613759,8.527732067509605,0.00014486037332272497
NER,70B,wol,dst__false,1,0.6788927335640138,9449.005000000005,6.15169596354167,9.6320132517839,7.184806586132756e-05
NER,70B,wol,dst__false,2,0.7157818707114483,9608.944000000018,6.790773144876337,9.696209889001025,7.449121055460902e-05
NER,70B,wol,dst__false,3,0.6791277258566978,4535.539999999921,2.954749185667701,4.623384301732845,0.00014973470101833732
NER,70B,wol,dst__false,4,0.7149059334298119,4407.224999999977,3.1256914893616856,4.460754048582972,0.00016221226132766438
NER,70B,wol,dst__false,5,0.7103977669225401,9796.415000000037,6.479110449735474,9.623197445972531,7.251609562503603e-05
NER,70B,wol,dst__false,6,0.7229085774797036,9022.17499999993,6.100185936443496,8.810717773437432,8.0125754319741e-05
NER,70B,wol,dst__false,7,0.6767955801104972,4546.460999999894,2.9484182879376744,4.639245918367239,0.0001488620665855295
NER,70B,wol,dst__false,8,0.6805122879889235,4976.180000000051,3.2418110749186,5.062238046795576,0.00013675395343193302
NER,70B,yor,dst__false,1,0.5443722943722944,17453.047000000253,8.730888944472364,17.34895328031834,3.1190673718594033e-05
NER,70B,yor,dst__false,2,0.5850781480389265,16351.576000001281,9.652642266824841,16.48344354838839,3.578114721412057e-05
NER,70B,yor,dst__false,3,0.5474254742547425,6719.054999999702,3.3713271450073767,6.652529702970001,8.147358136743437e-05
NER,70B,yor,dst__false,4,0.585122022934431,6439.146999999881,3.778842136150165,6.471504522612945,9.086949295216306e-05
NER,70B,yor,dst__false,5,0.6169244767970883,16229.17199999839,10.143232499998994,15.957887905603137,3.8013305718686664e-05
NER,70B,yor,dst__false,6,0.6112266112266113,16800.105000000447,10.059943113772723,16.326632653061658,3.638230899310421e-05
NER,70B,yor,dst__false,7,0.5463388273439611,6887.083000000566,3.436668163672937,6.812149357072767,7.932804459361332e-05
NER,70B,yor,dst__false,8,0.5452084461288577,6725.4729999993,3.3677881822730593,6.678721946374677,8.106618614466439e-05
NER,70B,ewe,json__false,1,0.8309932397295893,10501.995000004768,5.713816648533606,6.571961827287089,7.912717914350673e-05
NER,70B,ewe,json__false,2,0.8258164852255054,8225.332000002265,4.4461254054066295,5.1634224733222,0.00010039916750172249
NER,70B,ewe,json__false,3,0.8356445814072933,7665.7210000008345,4.064539236479764,4.711567916411084,0.00010901056553026158
NER,70B,ewe,json__false,4,0.8332478193945613,8306.834000006318,4.395150264553608,5.115045566506353,0.00010030871200675583
NER,70B,ewe,json__false,5,0.8300051203277009,7815.039999999106,4.117513171759276,4.821122763725543,0.00010620612566638121
NER,70B,ewe,json__false,6,0.8447876447876449,8349.182999998331,4.448152903568637,5.087862888481616,0.00010118207311874872
NER,70B,ewe,json__false,7,0.8327715841327455,7187.142000004649,3.887042725800243,4.475181818184713,0.00011586964389074362
NER,70B,ewe,json__false,8,0.8057736135730564,7728.831999994814,3.9818815043765143,4.857845380260725,0.00010425554774299623
NER,70B,kin,json__false,1,0.665998663994656,26719.867000000027,8.91256404269514,13.400133901705129,2.4925223766819472e-05
NER,70B,kin,json__false,2,0.6897014424689702,19133.457999999984,6.437906460296092,9.306156614785985,3.604687884798298e-05
NER,70B,kin,json__false,3,0.6869361844303375,17759.774999999965,5.927828771695583,8.638022859922161,3.8679329238705946e-05
NER,70B,kin,json__false,4,0.7063558611437196,19577.023000000045,6.584938782374721,9.295832383665738,3.60808617910761e-05
NER,70B,kin,json__false,5,0.7091633466135457,19705.347999999998,6.494841133816743,9.225350187265917,3.598836958441667e-05
NER,70B,kin,json__false,6,0.7104825291181364,19677.054999999993,6.515581125827812,9.21641920374707,3.610715775903135e-05
NER,70B,kin,json__false,7,0.6937394247038917,18379.299,6.294280479452055,8.965511707317074,3.774569556237655e-05
NER,70B,kin,json__false,8,0.6800602712204921,19092.68400000001,6.4004974857526005,9.400632200886267,3.5618893143598444e-05
NER,70B,lug,json__false,1,0.791108865875221,14207.572999998927,7.086071321695226,9.07252426564427,5.5682196098889005e-05
NER,70B,lug,json__false,2,0.8161931103847122,10713.225999999791,5.29571230845269,6.6008786198396745,7.618555889558646e-05
NER,70B,lug,json__false,3,0.8093285494618145,9610.3219999969,4.933430184803337,6.086334388851742,8.421450909366778e-05
NER,70B,lug,json__false,4,0.8260432378079438,10478.36499999836,5.177057806323301,6.377580645160292,7.883321852293492e-05
NER,70B,lug,json__false,5,0.8411168766987891,10387.446000002325,4.962946010512338,6.103082256170579,8.09743681650524e-05
NER,70B,lug,json__false,6,0.8440413202317963,10296.004000000656,5.109679404466827,6.146868059701884,8.1977563356788e-05
NER,70B,lug,json__false,7,0.8096723868954758,9068.688999999315,4.793176004227967,5.824463070005982,8.928218697272969e-05
NER,70B,lug,json__false,8,0.8037337263571603,9622.785000000149,4.545481813887647,5.8818979217604825,8.352402411122641e-05
NER,70B,nya,json__false,1,0.6611853374443303,21882.674000002444,7.65128461538547,11.338173056996085,3.0215015653217537e-05
NER,70B,nya,json__false,2,0.7126436781609194,16915.642999999225,6.119986613603193,8.267665200390628,4.2129269230909643e-05
NER,70B,nya,json__false,3,0.7035050071530758,16369.936999998987,6.262408951797623,8.322286222673608,4.2975425449292774e-05
NER,70B,nya,json__false,4,0.7358752166377815,16947.91899999976,6.070171561604499,7.983004710315479,4.341979783109607e-05
NER,70B,nya,json__false,5,0.7444965716347889,16617.820000000298,6.481209048362051,8.055172079496025,4.480109735421226e-05
NER,70B,nya,json__false,6,0.7595513494567122,16896.096000000834,6.193583577712916,7.796998615597985,4.4954251529860786e-05
NER,70B,nya,json__false,7,0.7033773861967696,15933.818000003695,6.450938461539958,8.316188935283765,4.4143681457677404e-05
NER,70B,nya,json__false,8,0.7197857381988617,17318.2669999972,5.780462950599866,8.05500790697544,4.156222664767659e-05
NER,70B,pcm,json__false,1,0.7262682069311903,15094.326999999583,7.453988641975102,10.438677040110361,4.8115308945619795e-05
NER,70B,pcm,json__false,2,0.7539267015706808,12883.242999998853,6.272270204478507,8.520663359787601,5.851994731223714e-05
NER,70B,pcm,json__false,3,0.7641509433962266,10966.360999999568,5.295200869145131,7.125640675763202,6.968135951353933e-05
NER,70B,pcm,json__false,4,0.7708947885939037,10890.337000001222,5.158852202748092,6.9453679846946565,7.078704622215246e-05
NER,70B,pcm,json__false,5,0.7767659365001232,11788.732000000775,5.59768850902221,7.470679340938387,6.589054162059772e-05
NER,70B,pcm,json__false,6,0.7863247863247864,10883.94800000079,5.385427016328941,6.959046035806131,7.224628290439548e-05
NER,70B,pcm,json__false,7,0.7783126425133012,10209.581000000238,5.130442713567959,6.6468626302084886,7.623355380727996e-05
NER,70B,pcm,json__false,8,0.7724272793937913,11501.297000000253,5.389548734770503,7.279301898734336,6.71600150308069e-05
NER,70B,swa,json__false,1,0.7736702127659575,19144.725000000035,5.054045670538552,6.581204881402556,4.041166497643377e-05
NER,70B,swa,json__false,2,0.7833803953206937,16753.099000000046,4.521754116059392,5.751149673875745,4.676032746661926e-05
NER,70B,swa,json__false,3,0.805873635996228,16927.775000000023,4.586230018965057,5.659570377800074,4.7606589524980506e-05
NER,70B,swa,json__false,4,0.7980029685602482,17394.456000000006,4.728039141070945,5.882467365573218,4.5876856888208975e-05
NER,70B,swa,json__false,5,0.7947551511907949,17824.121999999974,4.76326082308925,6.00138787878787,4.458874053884932e-05
NER,70B,swa,json__false,6,0.7941882164756066,18168.70900000003,4.81928620689656,6.098928835179601,4.371186838182092e-05
NER,70B,swa,json__false,7,0.8171836398572606,15861.765999999945,4.463074282498578,5.328104131676166,5.151908304896589e-05
NER,70B,swa,json__false,8,0.795193883123976,16799.091000000015,4.676807071269492,5.768918612637368,4.733553042387682e-05
NER,70B,tsn,json__false,1,0.7257142857142858,11014.620000001043,7.4776782077400155,10.841161417323862,6.588645688314414e-05
NER,70B,tsn,json__false,2,0.7383741569045082,8288.258999999613,5.562589932885646,7.969479807691935,8.908676199724728e-05
NER,70B,tsn,json__false,3,0.73957962237264,8123.736999999732,5.489011486486305,7.826336223506486,9.103933600665118e-05
NER,70B,tsn,json__false,4,0.7551020408163265,7808.473000001162,5.1541075907598435,7.277234855546284,9.670290731827005e-05
NER,70B,tsn,json__false,5,0.7536928890415665,8167.166999999434,5.156039772726915,7.44500182315354,9.228327142589575e-05
NER,70B,tsn,json__false,6,0.7628937348563516,8196.032999999821,5.247140204865443,7.437416515426335,9.308085202394479e-05
NER,70B,tsn,json__false,7,0.7460951689066474,7201.766000002623,5.050326788220633,7.012430379749389,0.00010359891850226399
NER,70B,tsn,json__false,8,0.7410195005131713,7844.548000000417,4.915130325814798,7.243349953832333,9.446299525646754e-05
NER,70B,twi,json__false,1,0.6696428571428572,15892.10399999842,22.383245070420312,35.31578666666315,4.213682827289097e-05
NER,70B,twi,json__false,2,0.7001499250374813,12817.29699999839,18.310424285711985,27.4460321199109,5.4625396059525596e-05
NER,70B,twi,json__false,3,0.6968325791855204,10108.221000000834,14.607255780348027,21.87926623376804,6.893721251103067e-05
NER,70B,twi,json__false,4,0.7210365853658537,10715.660000000149,15.80480825958724,22.654672304440062,6.728811714498628e-05
NER,70B,twi,json__false,5,0.7336448598130842,10790.683000002056,16.601050769233932,22.91015498938865,6.798873248458364e-05
NER,70B,twi,json__false,6,0.7350689127105666,10634.946000002325,15.82581250000346,22.156137500004842,6.911825529818449e-05
NER,70B,twi,json__false,7,0.7184615384615385,9743.096000000834,14.629273273274526,20.863160599573522,7.374057881206107e-05
NER,70B,twi,json__false,8,0.6546212647671995,10380.403000000864,12.894910559007284,22.039072186838354,6.306318403699211e-05
NER,70B,wol,json__false,1,0.6798825256975036,16300.92199999839,11.898483211677657,17.60358747300042,4.170822519717417e-05
NER,70B,wol,json__false,2,0.7096530920060332,11500.234999999404,8.859965331278431,12.221291179595541,6.170770353875985e-05
NER,70B,wol,json__false,3,0.6943083301922351,10522.07899999991,8.10013779830632,11.424624321389697,6.598585034309674e-05
NER,70B,wol,json__false,4,0.7328244274809159,11470.829999998212,9.060687203790057,11.948781249998138,6.388591126196014e-05
NER,70B,wol,json__false,5,0.7595974655236676,10727.166000001132,8.07160722347715,10.527150147204251,7.081063773261152e-05
NER,70B,wol,json__false,6,0.7617977528089888,11043.932999998331,8.392046352582318,10.85932448377417,6.897884592464513e-05
NER,70B,wol,json__false,7,0.6959818043972708,9996.403999999166,7.785361370715861,10.88932897603395,6.962321694854758e-05
NER,70B,wol,json__false,8,0.6698176907494935,10710.583999998868,6.660810945272927,10.796959677418213,6.253792423919782e-05
NER,70B,xho,json__false,1,0.4131295981890209,20078.697,20.467581039755352,27.505064383561646,2.0575518331145737e-05
NER,70B,xho,json__false,2,0.5262349628871257,14609.479999999996,10.789867060561297,14.211556420233459,3.602010221357131e-05
NER,70B,xho,json__false,3,0.438680575133916,12372.997000000003,12.447683098591552,15.903595115681238,3.5454674007753814e-05
NER,70B,xho,json__false,4,0.5248008224106914,12860.63500000001,9.611834828101651,12.596116552399618,4.080675817412523e-05
NER,70B,xho,json__false,5,0.4801940177849636,13496.997999999992,11.65543868739205,15.148145903479229,3.557783870049947e-05
NER,70B,xho,json__false,6,0.42489391796322484,13410.412000000011,13.65622403258657,17.856740346205076,3.1683882490949906e-05
NER,70B,xho,json__false,7,0.4021009629413481,11778.804000000004,13.47689244851259,17.09550653120465,3.413767331057958e-05
NER,70B,xho,json__false,8,0.40369540873460247,12464.788,12.232372914622179,17.288194174757283,3.238686520256923e-05
NER,70B,yor,json__false,1,0.5773861967694567,26394.011000000002,15.453168032786886,26.850468972533065,2.1875651895782594e-05
NER,70B,yor,json__false,2,0.6017156862745098,22150.546000000002,14.135638800255267,22.55656415478615,2.716482412101759e-05
NER,70B,yor,json__false,3,0.6096954630205097,19305.472999999998,12.692618671926363,19.67938124362895,3.1581482775403104e-05
NER,70B,yor,json__false,4,0.62531328320802,20379.430999999997,13.63172642140468,20.420271543086173,3.068354966377717e-05
NER,70B,yor,json__false,5,0.6651968503937008,20178.505000000005,13.652574424898514,19.10843276515152,3.29656161541056e-05
NER,70B,yor,json__false,6,0.6567717996289425,20295.55600000001,13.204655823031887,19.110693032015078,3.2360374834221945e-05
NER,70B,yor,json__false,7,0.6121684867394697,19067.40400000001,12.644167108753322,19.4367013251784,3.2105497252770716e-05
NER,70B,yor,json__false,8,0.5879602571595558,19371.258,11.229714782608697,19.255723658051693,3.0352197939832084e-05
NER,70B,ewe,xml__false,1,0.8416337285902504,7044.961000002921,3.942339675435322,4.4113719474032065,0.00011946605929967555
NER,70B,ewe,xml__false,2,0.8375527426160337,8310.079000003636,4.658116031392173,5.233047229221433,0.0001007875788684641
NER,70B,ewe,xml__false,3,0.8429098576700053,3319.079999998212,1.8583874580057178,2.0757223264529157,0.00025395888549551663
NER,70B,ewe,xml__false,4,0.8383865014500397,3198.325999997556,1.7917792717073144,2.011525786161985,0.00026213290998187185
NER,70B,ewe,xml__false,5,0.8289780077619664,7216.332000002265,3.8860161550900725,4.504576779027631,0.00011487525903211024
NER,70B,ewe,xml__false,6,0.8409912235415592,7277.067999996245,3.8998220793120284,4.467199508898862,0.00011556731688394188
NER,70B,ewe,xml__false,7,0.8432717678100264,3193.4739999994636,1.7920729517393175,1.9984192740922802,0.000264060946733923
NER,70B,ewe,xml__false,8,0.8430493273542601,3245.1380000039935,1.8200437464969117,2.0307496871113853,0.0002597884365328139
NER,70B,hau,xml__false,1,0.7047791893526921,13041.52199999988,4.0004668711656075,5.597219742489219,5.4041176279325263e-05
NER,70B,hau,xml__false,2,0.7258485639686685,13589.035000000149,4.301688825577761,5.750755395683516,5.341428320470589e-05
NER,70B,hau,xml__false,3,0.7037374658158615,7394.98900000006,2.2894702786377894,3.193000431778955,9.516409906976952e-05
NER,70B,hau,xml__false,4,0.7207762205452025,7313.745000001043,2.32847659980931,3.125532051282497,9.855090935561736e-05
NER,70B,hau,xml__false,5,0.7229782574691069,13595.209999997169,4.470637948042476,5.882825616614959,5.317889591034324e-05
NER,70B,hau,xml__false,6,0.7242596286634955,12897.916000001132,4.075170932069868,5.465218644068276,5.615322883661452e-05
NER,70B,hau,xml__false,7,0.7037205770690964,7310.980000000447,2.2613609650480813,3.1553646957274264,9.6255300530032e-05
NER,70B,hau,xml__false,8,0.7039951573849879,7543.938000001013,2.3169342751845865,3.243309544282465,9.331931908572066e-05
NER,70B,ibo,xml__false,1,0.6389251726068296,20884.166000001132,8.434638933764592,12.198695093458605,3.059376048853447e-05
NER,70B,ibo,xml__false,2,0.646559849198869,21464.408999999985,8.862266308835666,12.515690379008738,3.01224156322622e-05
NER,70B,ibo,xml__false,3,0.6405840509172595,9918.947000000626,4.033732004880287,5.79716364699043,6.458186044518828e-05
NER,70B,ibo,xml__false,4,0.6424654944223861,9930.542999999598,4.127407730673149,5.844934078869687,6.469590780911095e-05
NER,70B,ibo,xml__false,5,0.6366940883872203,20342.283999999985,8.678448805460745,12.224930288461529,3.129904628149036e-05
NER,70B,ibo,xml__false,6,0.6166794185156848,20953.03500000015,8.935196162046973,12.99816066997528,2.943150806151378e-05
NER,70B,ibo,xml__false,7,0.6455085374907201,20782.42100000009,8.29637564870263,11.950788384128861,3.1060314748253696e-05
NER,70B,ibo,xml__false,8,0.6477523949889462,10438.58199999854,4.10160392927251,5.937759954492912,6.205367692556679e-05
NER,70B,kin,xml__false,1,0.6454302868579053,17826.140999999945,5.930186626746488,9.21247596899222,3.620695510362603e-05
NER,70B,kin,xml__false,2,0.6741268226517463,17897.917999999947,6.154717331499294,9.002976861166976,3.7665097284038755e-05
NER,70B,kin,xml__false,3,0.6269113149847095,8444.447000000044,2.9159002071823354,4.576936043360457,7.423947535992662e-05
NER,70B,kin,xml__false,4,0.6775551439636303,9165.476999999955,3.107994913529995,4.555406063618268,7.392470069627947e-05
NER,70B,kin,xml__false,5,0.6302114803625378,18478.439999999944,5.09047933884296,8.858312559923272,3.410523184654872e-05
NER,70B,kin,xml__false,6,0.6417359187442291,18278.555999999982,5.210534777651078,8.766693525179848,3.5108677006226846e-05
NER,70B,kin,xml__false,7,0.6310088016249153,8533.771999999997,2.9245277587388614,4.578203862660943,7.394254283157735e-05
NER,70B,kin,xml__false,8,0.6400670578373846,8796.638999999966,2.95685344537814,4.607982713462528,7.276268332000291e-05
NER,70B,lug,xml__false,1,0.8120456905503635,8437.743999999017,4.44559747102161,5.394976982096558,9.623966910473441e-05
NER,70B,lug,xml__false,2,0.8196109778843591,7995.433000002056,4.444376320179019,5.198591027309529,0.00010250989257043968
NER,70B,lug,xml__false,3,0.8081017917424046,4453.0410000011325,2.347412229837181,2.86185154241718,0.00018147189566460292
NER,70B,lug,xml__false,4,0.8203083466241361,4558.092000000179,2.5210685840708953,2.954045366169915,0.000179967483461085
NER,70B,lug,xml__false,5,0.8387765681700362,8719.830000001937,4.579742647059841,5.389264524105029,9.619184871377652e-05
NER,70B,lug,xml__false,6,0.8393094289508632,8491.191999997944,4.688675869684121,5.374172151897433,9.884471213830361e-05
NER,70B,lug,xml__false,7,0.8124675324675324,4656.525999996811,2.4559736286903013,2.977318414320212,0.00017447932911103447
NER,70B,lug,xml__false,8,0.8095609249155625,4429.004000000656,2.337205277045201,2.842749679076159,0.0001827862257327929
NER,70B,nya,xml__false,1,0.7253546744270645,16072.23900000006,6.3778726190476425,8.06030040120364,4.513090394107889e-05
NER,70B,nya,xml__false,2,0.7238493723849372,16275.031999997795,7.138171929823594,8.55230267997782,4.447606446396144e-05
NER,70B,nya,xml__false,3,0.7261448640758985,6963.807999998331,2.7821845785051265,3.499401005024287,0.00010427410751072868
NER,70B,nya,xml__false,4,0.7203953620984603,7083.36799999699,3.10265790626237,3.7379250659614724,0.00010170237690584006
NER,70B,nya,xml__false,5,0.7119891535928723,15917.972999997437,7.285113501142992,8.660485854187941,4.4728631817190976e-05
NER,70B,nya,xml__false,6,0.7241248097412483,15937.166000001132,6.996122036874948,8.374758801892344,4.5436234380767375e-05
NER,70B,nya,xml__false,7,0.7252506836827711,6980.114999998361,2.784250099720128,3.5093589743581504,0.00010390239755117809
NER,70B,nya,xml__false,8,0.7238615664845173,6894.843000002205,2.744762340765209,3.469976346251739,0.00010498593898139315
NER,70B,pcm,xml__false,1,0.7750501002004008,10262.887000001967,5.043187714988681,6.634057530705861,7.551969540347197e-05
NER,70B,pcm,xml__false,2,0.7807325639739086,10468.548000000417,5.159461803844464,6.727858611825461,7.457887798516828e-05
NER,70B,pcm,xml__false,3,0.7701178240160441,6506.684000000358,3.2021082677167114,4.236122395833566,0.000118357956835771
NER,70B,pcm,xml__false,4,0.7820190858864892,6464.692000001669,3.1924404938279847,4.152017983302292,0.00012096772528162012
NER,70B,pcm,xml__false,5,0.7761044176706827,10235.972000002861,5.049813517514978,6.6209391979319925,7.582127204631526e-05
NER,70B,pcm,xml__false,6,0.7678616831934909,10697.74699999392,5.413839574895709,7.084600662247629,7.177788773598097e-05
NER,70B,pcm,xml__false,7,0.7713498622589531,6396.391999997199,3.1416463654210207,4.15350129869948,0.00012059139937941434
NER,70B,pcm,xml__false,8,0.7696164452243669,6681.5289999991655,3.2881540354326604,4.352787622149293,0.00011518567759332677
NER,70B,swa,xml__false,1,0.8203418090871196,15794.530000001192,4.55830591630626,5.350450542005824,5.1938348851599744e-05
NER,70B,swa,xml__false,2,0.8150901831199229,15915.330000000075,4.507315208156351,5.3768006756757005,5.121415535335548e-05
NER,70B,swa,xml__false,3,0.821819188702755,7765.546999998391,2.224447722715093,2.616424191374121,0.00010582888606596874
NER,70B,swa,xml__false,4,0.8151515151515151,8108.262000000104,2.298260204081662,2.7402034471105456,0.00010053344541055834
NER,70B,swa,xml__false,5,0.8083931529541691,16668.84200000018,4.746253416856543,5.6929105191257445,4.8497259314963837e-05
NER,70B,swa,xml__false,6,0.7763868757412045,16165.446000000462,4.191196785066233,5.487252545825004,4.802755678631955e-05
NER,70B,swa,xml__false,7,0.8258171286719073,7780.379000000656,2.2109630576870294,2.5986569806281414,0.00010614098987617926
NER,70B,swa,xml__false,8,0.827330217211988,7732.5060000009835,2.1830903444384484,2.5697926221339262,0.0001069938021660614
NER,70B,tsn,xml__false,1,0.7574893009985735,6848.014000000432,4.636434664861498,6.448224105461801,0.00011061444982421556
NER,70B,tsn,xml__false,2,0.7644444444444445,6796.662999999709,4.950227967953175,6.585913759689641,0.00011247349536742916
NER,70B,tsn,xml__false,3,0.7572192513368985,3272.467000000179,2.214118403247753,3.081419020715799,0.00023139095102772835
NER,70B,tsn,xml__false,4,0.7636632200886261,3268.444000000134,2.366722664735796,3.160970986460478,0.00023364733190735248
NER,70B,tsn,xml__false,5,0.7163097199341022,7401.310999999754,4.333320257611097,6.808933762649268,9.67814647883498e-05
NER,70B,tsn,xml__false,6,0.71242919026991,7335.290000000037,4.381893667861432,6.861824134705367,9.71235207155963e-05
NER,70B,tsn,xml__false,7,0.7556980056980057,3269.0200000004843,2.20730587440951,3.081074458058892,0.00023116958773512972
NER,70B,tsn,xml__false,8,0.7570661896243291,3285.6069999998435,2.2381519073568414,3.105488657844843,0.0002304189726964805
NER,70B,twi,xml__false,1,0.6892307692307693,8740.63900000602,13.124082582591623,19.51035491072772,7.885359059335303e-05
NER,70B,twi,xml__false,2,0.7259380097879281,9145.75,15.448902027027026,20.552247191011237,7.937435527845481e-05
NER,70B,twi,xml__false,3,0.6902927580893683,4190.699000000954,6.311293674700232,9.354238839287845,0.00016472019538726386
NER,70B,twi,xml__false,4,0.7192839707078925,4242.118000000715,7.129610084034816,9.597552036200714,0.00016955774702819942
NER,70B,twi,xml__false,5,0.7358184764991896,9466.556999996305,15.777594999993841,20.851447136555738,7.772820429850862e-05
NER,70B,twi,xml__false,6,0.7170731707317073,9175.809000000358,15.395652684564359,20.80682312925251,7.814822330452599e-05
NER,70B,twi,xml__false,7,0.6892829606784889,4327.4869999960065,6.527129713417808,9.68117897090829,0.00015928019210205023
NER,70B,twi,xml__false,8,0.6856264411990777,4278.420999996364,6.414424287850621,9.592872197301263,0.00016025221482403445
NER,70B,wol,xml__false,1,0.6922174423152132,9899.702999997884,8.229179551120435,11.186105084743371,6.992305146077222e-05
NER,70B,wol,xml__false,2,0.70677324358435,9543.515999998897,9.328950146626488,11.361328571427258,7.405795134460211e-05
NER,70B,wol,xml__false,3,0.6951076320939336,4903.615000002086,4.082943380517974,5.522088963966312,0.0001417541206015639
NER,70B,wol,xml__false,4,0.7018867924528303,4728.587999999523,4.586409311347743,5.649448028673265,0.00014843475313410705
NER,70B,wol,xml__false,5,0.7553648068669528,9797.79600000009,8.104049627791637,10.12169008264472,7.709538011068469e-05
NER,70B,wol,xml__false,6,0.7500986971969995,10097.969999998808,8.564860050889575,10.629442105261903,7.428212771448995e-05
NER,70B,wol,xml__false,7,0.6937817755181853,4860.737000003457,4.040512884458401,5.479974069902432,0.00014273180703208008
NER,70B,wol,xml__false,8,0.6935105551211885,4843.321000002325,4.022691860467047,5.460339346113106,0.00014318905460134805
NER,70B,yor,xml__false,1,0.584841976066278,17519.724999999627,11.216213188219992,18.38376180482647,3.3381915302111784e-05
NER,70B,yor,xml__false,2,0.5930079155672824,16864.10899999924,12.632291385767221,18.758741935483027,3.5163904334780396e-05
NER,70B,yor,xml__false,3,0.5878026356114004,7240.368000000715,4.6234789272035215,7.549914494265605,8.118408285481379e-05
NER,70B,yor,xml__false,4,0.5968483256730138,6972.518000001088,5.1686567828028815,7.670536853686565,8.560011256663958e-05
NER,70B,yor,xml__false,5,0.6283037805286048,17414.166000001132,13.478456656347626,18.54543769968172,3.6080038546121814e-05
NER,70B,yor,xml__false,6,0.6290375203915171,17617.541999999434,12.878320175438182,18.275458506223476,3.5705180688176435e-05
NER,70B,yor,xml__false,7,0.5900336288596759,7195.125,4.571235705209657,7.456088082901554,8.200463909378585e-05
NER,70B,yor,xml__false,8,0.5884509624197983,7360.971999999136,4.670667512689807,7.643792315679269,7.994201885564399e-05
NER,70B,zul,xml__false,1,0.49623464130003964,11081.804,11.98032864864865,17.70256230031949,4.477922920311888e-05
NER,70B,zul,xml__false,2,0.5402208201892745,11384.917999999998,12.13743923240938,16.62031824817518,4.745056751302685e-05
NER,70B,zul,xml__false,3,0.50059500198334,6444.394,6.982008667388949,10.212985736925516,7.767914283070526e-05
NER,70B,zul,xml__false,4,0.5341762149348085,6299.183999999994,6.751536977491955,9.31831952662721,8.480085911680131e-05
NER,70B,zul,xml__false,5,0.5213803450862716,11454.339000000007,10.725036516853939,16.48106330935253,4.5518152124384596e-05
NER,70B,zul,xml__false,6,0.5392749244712991,11367.154999999999,10.825861904761904,15.920385154061623,4.744150356631005e-05
NER,70B,zul,xml__false,7,0.5049465769687376,6064.402000000002,6.527881593110874,9.505332288401258,8.326403443715265e-05
NER,70B,zul,xml__false,8,0.5025722200237436,6705.5869999999995,7.218069967707212,10.559979527559054,7.4948281190557e-05
NER,70B,ewe,yaml__false,1,0.7908022994251437,6998.063999995589,3.511321625687702,4.4235549936761,0.00011300301046484315
NER,70B,ewe,yaml__false,2,0.8167670682730923,7063.531000003219,3.5746614372485923,4.341444990782556,0.00011563155428534541
NER,70B,ewe,yaml__false,3,0.795108560019965,3338.232999995351,1.6699514757355431,2.095563716255713,0.00023818246360307155
NER,70B,ewe,yaml__false,4,0.8167170191339376,3251.109000004828,1.6553508146664093,2.004382860668821,0.00025121182314487907
NER,70B,ewe,yaml__false,5,0.8533123028391166,7074.894000001252,3.93925055679357,4.359146025878775,0.00012061131980761347
NER,70B,ewe,yaml__false,6,0.853715775749674,7687.795999996364,4.207879584015525,4.696271227853613,0.00011104818282770222
NER,70B,ewe,yaml__false,7,0.7935,3254.807000003755,1.6339392570299975,2.050918084438409,0.0002437932571728783
NER,70B,ewe,yaml__false,8,0.7959030726954782,3419.7410000041127,1.7141558897263722,2.146730069054685,0.00023273782216095342
NER,70B,ibo,yaml__false,1,0.5615884730275874,21021.425999999046,7.486262820512481,13.154834793491267,2.6715051254259006e-05
NER,70B,ibo,yaml__false,2,0.5930565497494632,21285.60699999705,7.868985951939759,12.845870247433341,2.78618575335693e-05
NER,70B,ibo,yaml__false,3,0.5608167576130964,9461.041999999434,3.3813588277338935,5.939134965473593,5.927642617093655e-05
NER,70B,ibo,yaml__false,4,0.5931355023239185,9511.5,3.5084839542604205,5.733273056057866,6.235982782147069e-05
NER,70B,ibo,yaml__false,5,0.5789566755083997,21032.825999997556,7.587599567098685,12.84839706780547,2.7526337901928487e-05
NER,70B,ibo,yaml__false,6,0.5704087096198465,22403.820000000298,8.236698529411875,14.019912390488297,2.5460332640587137e-05
NER,70B,ibo,yaml__false,7,0.5618293755496924,20836.275000002235,7.436215203426922,13.0471352536019,2.6964002709199802e-05
NER,70B,ibo,yaml__false,8,0.5596910112359551,9745.107000000775,3.4643110558125754,6.1136179422840495,5.743302882522589e-05
NER,70B,kin,yaml__false,1,0.6845727715292933,18131.31099999696,6.110991236938645,8.89225649828198,3.7756385709197094e-05
NER,70B,kin,yaml__false,2,0.6791007493755203,18823.074000000954,6.2431422885575305,9.231522314860694,3.6078100175108804e-05
NER,70B,kin,yaml__false,3,0.6885738115095913,9113.657999999821,3.032831281197944,4.4155319767440995,7.55540543116282e-05
NER,70B,kin,yaml__false,4,0.6956094364351244,9248.112999998033,2.969850032112406,4.3561530852557855,7.521636429348045e-05
NER,70B,kin,yaml__false,5,0.7354368932038835,17804.20600000024,6.409001439884895,8.39425082508262,4.130691889342741e-05
NER,70B,kin,yaml__false,6,0.7221562976775725,18147.51900000125,6.23840460639438,8.519961971831574,3.979366533119611e-05
NER,70B,kin,yaml__false,7,0.686696711734268,8793.868000000715,2.9303125624794117,4.275093825960484,7.808813047162094e-05
NER,70B,kin,yaml__false,8,0.6888368983957219,9008.282999999821,3.0087785571141685,4.370831149927133,7.64670579727275e-05
NER,70B,lug,yaml__false,1,0.7987141444114738,8739.861999999732,4.18175215310992,5.411679256965778,9.138750067352302e-05
NER,70B,lug,yaml__false,2,0.8208178438661711,9890.169999999925,4.75260451705907,5.972324879227008,8.299329979830249e-05
NER,70B,lug,yaml__false,3,0.8006932409012132,4746.6699999999255,2.276580335731379,2.9354792826220937,0.00016868525532662387
NER,70B,lug,yaml__false,4,0.8205889631279386,4732.591000000015,2.2676526114039364,2.854397466827512,0.00017339105854022376
NER,70B,lug,yaml__false,5,0.8541072816791916,9149.712999999989,4.802998950131228,5.552010315533974,9.334798607116886e-05
NER,70B,lug,yaml__false,6,0.8191200434546442,8793.604999999981,5.088891782407397,5.831303050397866,9.314951529601864e-05
NER,70B,lug,yaml__false,7,0.7993062438057482,4692.234000000171,2.2537146974064224,2.909010539367744,0.00017034662887778382
NER,70B,lug,yaml__false,8,0.8008915304606241,4756.414999999572,2.2823488483683163,2.9415058750770386,0.00016838133982436274
NER,70B,nya,yaml__false,1,0.657516339869281,17285.80999999866,5.501530872055588,8.59135685884625,3.803792474112188e-05
NER,70B,nya,yaml__false,2,0.6828538167304176,16257.223999999464,5.356581219110202,7.918764734534566,4.200310069729248e-05
NER,70B,nya,yaml__false,3,0.6624078624078625,6827.69299999997,2.183464342820585,3.3767027695350986,9.701781588713281e-05
NER,70B,nya,yaml__false,4,0.685695320278792,6936.877999998629,2.275878608923435,3.357636979670198,9.884782754993348e-05
NER,70B,nya,yaml__false,5,0.6932918395573998,16483.309000000358,5.874308267997276,8.221101745636089,4.206023435933797e-05
NER,70B,nya,yaml__false,6,0.7164552438806502,16457.401000000536,6.283849179076188,8.20818004987558,4.3533923970171646e-05
NER,70B,nya,yaml__false,7,0.6601371204701274,6660.881999999285,2.1159091486655925,3.294204747774127,9.910656283510176e-05
NER,70B,nya,yaml__false,8,0.6625204582651391,6686.683000002056,2.1349562579827768,3.3036971343883677,9.908058423959014e-05
NER,70B,pcm,yaml__false,1,0.7223203026481715,10210.697999999975,5.085008964143414,7.130375698324005,7.074152057461432e-05
NER,70B,pcm,yaml__false,2,0.6963562753036436,10326.543999999994,4.605951828724351,7.06329958960328,6.743362303047796e-05
NER,70B,pcm,yaml__false,3,0.7209714141158614,6132.74700000009,3.0725185370741936,4.3036821052632215,0.00011756092565303131
NER,70B,pcm,yaml__false,4,0.6953786595693201,7239.271999999997,3.3268713235294105,5.037767571329156,9.605643489695101e-05
NER,70B,pcm,yaml__false,5,0.7464680195222193,9724.66100000008,5.023068698347148,6.6928155540262075,7.676031272681003e-05
NER,70B,pcm,yaml__false,6,0.7477638640429338,10591.162000000011,5.41470449897751,7.239345181134662,7.060262736448871e-05
NER,70B,pcm,yaml__false,7,0.7201614938178148,6138.0320000000065,3.059836490528418,4.301353889278211,0.00011732775160146021
NER,70B,pcm,yaml__false,8,0.7207070707070707,6139.994000000064,3.0653989016475607,4.302728801681895,0.00011737911644654102
NER,70B,swa,yaml__false,1,0.7727995758218453,15086.184000000358,3.9575508919203455,5.1753632933105855,5.1225649628947056e-05
NER,70B,swa,yaml__false,2,0.7935287097201962,14805.11400000006,3.886876870569719,4.948233288770074,5.359828433068418e-05
NER,70B,swa,yaml__false,3,0.772366331392271,6970.5060000009835,1.8228310669458638,2.388795750514388,0.00011080491594041552
NER,70B,swa,yaml__false,4,0.7932724142497682,6989.033999999985,1.8300691280439867,2.3335672787979918,0.00011350244028713695
NER,70B,swa,yaml__false,5,0.8130482456140352,14428.058000000194,4.0482766554433764,4.864483479433646,5.635188364324736e-05
NER,70B,swa,yaml__false,6,0.813902572523262,15130.741000000387,4.231191554809952,5.087673503698853,5.379132274640358e-05
NER,70B,swa,yaml__false,7,0.7712660404815451,6763.618000000715,1.7673420433761995,2.3202806174959574,0.00011403157902789062
NER,70B,swa,yaml__false,8,0.771122570408568,6844.9550000000745,1.78672800835293,2.347378257887543,0.0001126556084603273
NER,70B,tsn,yaml__false,1,0.7111412123264478,6988.7789999991655,4.298142066420151,6.6559799999992055,0.00010175471456838637
NER,70B,tsn,yaml__false,2,0.7248459958932237,7929.321999998763,4.971361755485118,7.487556185079097,9.141336370163008e-05
NER,70B,tsn,yaml__false,3,0.7171991842284161,3209.95900000073,1.9875907120747556,3.042615165877469,0.00022342939091379453
NER,70B,tsn,yaml__false,4,0.7204081632653061,4036.5619999989867,2.5025182889020376,3.811673276675153,0.0001784707291168789
NER,70B,tsn,yaml__false,5,0.7576866764275255,6699.38599999994,4.768246263345153,6.472836714975788,0.00011309792814259878
NER,70B,tsn,yaml__false,6,0.7487364620938629,7163.145999999717,4.964065142064946,6.907566055930296,0.00010452620428145573
NER,70B,tsn,yaml__false,7,0.7160326086956523,3283.520999999717,2.030625231910771,3.1152950664133936,0.00021806853335054475
NER,70B,tsn,yaml__false,8,0.7196738022426095,3383.4069999996573,2.0936924504948373,3.1949074598674763,0.0002127068372923158
NER,70B,twi,yaml__false,1,0.627637848876787,9228.205999999773,11.051743712574579,20.017800433838985,6.801298636775149e-05
NER,70B,twi,yaml__false,2,0.6676427525622255,9387.895999999717,12.824994535518739,20.587491228069556,7.111739974135265e-05
NER,70B,twi,yaml__false,3,0.6118598382749325,4173.4819999998435,4.909978823529228,9.192691629955604,0.00014660655976830747
NER,70B,twi,yaml__false,4,0.6764275256222548,4152.591000000015,5.672938524590184,8.98829220779224,0.00016289288437562293
NER,70B,twi,yaml__false,5,0.681383370125092,8507.685000000056,11.73473793103456,18.37512958963295,8.009033833823037e-05
NER,70B,twi,yaml__false,6,0.7126781695423856,9287.032999999821,13.286170243204323,19.551648421052256,7.673905859302958e-05
NER,70B,twi,yaml__false,7,0.6103286384976525,4166.540000000037,4.8617736289382,9.157230769230852,0.0001464833263325558
NER,70B,twi,yaml__false,8,0.6112600536193029,4335.266000000294,5.052757575757918,9.5071622807024,0.0001409971276547417
NER,70B,wol,yaml__false,1,0.6678584197354309,11060.60300000012,7.665005544005627,11.84218736616715,6.038173684883399e-05
NER,70B,wol,yaml__false,2,0.7037715122665691,11441.824999999255,8.309241103848406,11.90616545265271,6.150867648007331e-05
NER,70B,wol,yaml__false,3,0.6711985688729875,5162.56799999997,3.582628730048557,5.50380383795306,0.00013001253811533163
NER,70B,wol,yaml__false,4,0.7060550458715597,5640.091000000015,4.113851932895708,5.862880457380473,0.00012518504504121613
NER,70B,wol,yaml__false,5,0.7342325920524971,10377.358000000939,7.4711000719949165,10.305221449851976,7.075332585157327e-05
NER,70B,wol,yaml__false,6,0.7312064539787312,9795.61400000006,7.134460305899534,9.825089267803468,7.464631150009859e-05
NER,70B,wol,yaml__false,7,0.6621476988940421,5307.616000000387,3.6629510006903985,5.7194137931038656,0.00012475425857748446
NER,70B,wol,yaml__false,8,0.6657122405153901,5872.313999999315,4.077995833332857,6.314316129031521,0.0001133645510978241
NER,70B,xho,yaml__false,1,0.4148471615720524,11143.742000000002,10.03037083708371,14.662818421052634,3.722691727536875e-05
NER,70B,xho,yaml__false,2,0.49528181586330017,10992.381000000001,8.035366228070176,11.320680741503606,4.5056827621176897e-05
NER,70B,xho,yaml__false,3,0.41734860883797054,6096.934000000001,5.477928122192274,7.969848366013073,6.845221037950722e-05
NER,70B,xho,yaml__false,4,0.49079754601226994,7277.255000000005,5.354860191317148,7.580473958333338,6.744267529614802e-05
NER,70B,xho,yaml__false,5,0.43771953526074037,11729.841,10.217631533101045,14.481285185185186,3.731674924329668e-05
NER,70B,xho,yaml__false,6,0.3661475168968557,11384.64,13.393694117647058,18.27390048154093,3.216153667545532e-05
NER,70B,xho,yaml__false,7,0.41757641921397376,6089.42300000001,5.481028802880297,7.96003006535949,6.857405360310379e-05
NER,70B,xho,yaml__false,8,0.4178941625750136,5984.682000000001,5.377072776280324,7.812900783289818,6.982729618299077e-05
NER,70B,yor,yaml__false,1,0.5953002610966057,19376.95200000005,11.072544000000027,18.885918128655018,3.0722079566311786e-05
NER,70B,yor,yaml__false,2,0.6019476567255021,18955.08599999966,11.928940213970838,19.165911021233228,3.1756524698727974e-05
NER,70B,yor,yaml__false,3,0.5946728430804864,8036.363999999594,4.573912350597379,7.825086660174873,7.399774861871817e-05
NER,70B,yor,yaml__false,4,0.5932721712538227,7854.628000000026,4.99340623013352,8.097554639175284,7.553154283739735e-05
NER,70B,yor,yaml__false,5,0.6681952178185392,19933.231999999844,14.700023598819943,19.54238431372534,3.352166963282946e-05
NER,70B,yor,yaml__false,6,0.6675232894314166,18670.898999999743,13.185663135593039,17.970066410009377,3.575207007608074e-05
NER,70B,yor,yaml__false,7,0.5967042497831744,7971.064999999944,4.523873439273521,7.7239001937983955,7.485878609485415e-05
NER,70B,yor,yaml__false,8,0.5954109787975602,8220.393000000156,4.708128865979471,8.01989560975625,7.243096270428299e-05
