elapsed_s,gpu_util,fb_used,fb_free,temperature,power_usage,energy_consumption
0.000,0.0,90246.0,5073.0,46.0,125.425,7443280336.0
0.098,0.0,90246.0,5073.0,46.0,125.425,7443280336.0
0.198,0.0,90246.0,5073.0,46.0,125.435,7443292860.0
0.298,0.0,90246.0,5073.0,46.0,125.428,7443305418.0
0.398,0.0,90246.0,5073.0,46.0,125.409,7443317936.0
0.498,0.0,90246.0,5073.0,46.0,125.384,7443330421.0
0.598,0.0,90246.0,5073.0,46.0,125.383,7443342959.0
0.698,0.0,90246.0,5073.0,46.0,125.349,7443367998.0
0.797,0.0,90246.0,5073.0,46.0,125.349,7443367998.0
0.898,0.0,90246.0,5073.0,46.0,125.337,7443380490.0
0.997,0.0,90246.0,5073.0,46.0,125.281,7443393023.0
1.098,0.0,90246.0,5073.0,46.0,125.284,7443405559.0
1.198,0.0,90246.0,5073.0,46.0,125.294,7443418045.0
1.298,0.0,90246.0,5073.0,46.0,125.271,7443418045.0
1.398,0.0,90246.0,5073.0,46.0,125.212,7443430556.0
1.498,0.0,90246.0,5073.0,46.0,125.236,7443443070.0
1.598,0.0,90246.0,5073.0,46.0,125.249,7443455611.0
1.697,0.0,90246.0,5073.0,46.0,125.226,7443468111.0
1.797,0.0,90246.0,5073.0,46.0,125.18,7443480596.0
1.897,0.0,90246.0,5073.0,46.0,125.194,7443493103.0
1.997,0.0,90246.0,5073.0,46.0,125.189,7443505621.0
2.097,0.0,90246.0,5073.0,46.0,125.168,7443518134.0
2.197,0.0,90246.0,5073.0,46.0,125.145,7443530618.0
2.298,0.0,90246.0,5073.0,46.0,125.173,7443543149.0
2.397,0.0,90246.0,5073.0,46.0,125.166,7443555654.0
2.498,0.0,90246.0,5073.0,46.0,125.142,7443568157.0
2.598,0.0,90246.0,5073.0,46.0,125.142,7443580670.0
2.697,0.0,90246.0,5073.0,46.0,125.147,7443593181.0
2.797,0.0,90246.0,5073.0,46.0,125.2,7443605702.0
2.897,0.0,90246.0,5073.0,46.0,125.166,7443630704.0
2.997,0.0,90246.0,5073.0,46.0,125.167,7443643218.0
3.097,0.0,90246.0,5073.0,46.0,125.15,7443655722.0
3.197,0.0,90246.0,5073.0,46.0,125.17,7443668191.0
3.297,0.0,90246.0,5073.0,46.0,125.123,7443680697.0
3.397,0.0,90246.0,5073.0,46.0,125.126,7443693187.0
3.498,0.0,90246.0,5073.0,46.0,125.068,7443705662.0
3.598,0.0,90246.0,5073.0,46.0,125.037,7443718131.0
3.698,0.0,90246.0,5073.0,46.0,125.012,7443730647.0
3.798,0.0,90246.0,5073.0,46.0,125.014,7443743125.0
3.898,0.0,90246.0,5073.0,46.0,125.022,7443755644.0
3.997,0.0,90246.0,5073.0,46.0,125.028,7443768151.0
4.098,0.0,90246.0,5073.0,46.0,125.01,7443780651.0
4.198,0.0,90246.0,5073.0,46.0,125.01,7443793124.0
4.298,0.0,90246.0,5073.0,46.0,125.01,7443805611.0
4.398,0.0,90246.0,5073.0,46.0,125.008,7443805611.0
4.498,0.0,90246.0,5073.0,46.0,125.03,7443818097.0
4.598,0.0,90246.0,5073.0,46.0,125.075,7443843081.0
4.697,0.0,90246.0,5073.0,46.0,125.075,7443843081.0
4.798,0.0,90246.0,5073.0,46.0,125.086,7443855609.0
4.898,0.0,90246.0,5073.0,46.0,125.048,7443868082.0
4.998,0.0,90246.0,5073.0,46.0,125.059,7443880599.0
5.097,0.0,90246.0,5073.0,46.0,125.065,7443893096.0
5.198,0.0,90246.0,5073.0,46.0,125.073,7443905596.0
5.298,0.0,90246.0,5073.0,46.0,125.073,7443918100.0
5.398,0.0,90246.0,5073.0,46.0,125.063,7443930600.0
5.498,0.0,90246.0,5073.0,46.0,125.052,7443943097.0
5.597,0.0,90246.0,5073.0,46.0,125.049,7443955588.0
5.697,0.0,90246.0,5073.0,46.0,125.037,7443968069.0
5.798,0.0,90246.0,5073.0,46.0,124.998,7443980539.0
5.898,0.0,90246.0,5073.0,46.0,125.012,7443993020.0
5.998,0.0,90246.0,5073.0,46.0,124.977,7444018020.0
6.098,0.0,90246.0,5073.0,46.0,125.005,7444043029.0
6.198,0.0,90246.0,5073.0,46.0,125.005,7444043029.0
6.298,0.0,90246.0,5073.0,46.0,124.968,7444055505.0
6.398,0.0,90246.0,5073.0,46.0,124.979,7444067976.0
6.497,0.0,90246.0,5073.0,46.0,124.959,7444080494.0
6.598,0.0,90246.0,5073.0,46.0,124.975,7444093006.0
6.698,0.0,90246.0,5073.0,46.0,124.966,7444105474.0
6.797,0.0,90246.0,5073.0,46.0,124.987,7444117971.0
6.897,0.0,90246.0,5073.0,46.0,124.995,7444130463.0
6.998,0.0,90246.0,5073.0,46.0,124.989,7444142937.0
7.098,0.0,90246.0,5073.0,46.0,124.965,7444155422.0
7.198,0.0,90246.0,5073.0,46.0,124.913,7444167924.0
7.298,0.0,90246.0,5073.0,46.0,124.95,7444180404.0
7.398,0.0,90246.0,5073.0,46.0,124.947,7444192886.0
7.497,0.0,90246.0,5073.0,46.0,124.942,7444192886.0
7.598,0.0,90246.0,5073.0,46.0,124.934,7444205369.0
7.698,0.0,90246.0,5073.0,46.0,124.902,7444217842.0
7.798,0.0,90246.0,5073.0,46.0,124.928,7444230355.0
7.898,0.0,90246.0,5073.0,46.0,124.931,7444242854.0
7.998,0.0,90246.0,5073.0,46.0,124.957,7444255368.0
8.098,0.0,90246.0,5073.0,46.0,124.985,7444267871.0
8.198,0.0,90246.0,5073.0,46.0,124.951,7444280339.0
8.298,0.0,90246.0,5073.0,46.0,124.95,7444292833.0
8.398,0.0,90246.0,5073.0,46.0,124.953,7444317777.0
8.498,0.0,90246.0,5073.0,46.0,124.953,7444317777.0
8.598,0.0,90246.0,5073.0,46.0,124.958,7444330283.0
8.697,0.0,90246.0,5073.0,46.0,124.984,7444342783.0
8.798,0.0,90246.0,5073.0,46.0,124.999,7444355279.0
8.898,0.0,90246.0,5073.0,46.0,124.99,7444367764.0
8.997,0.0,90246.0,5073.0,46.0,124.953,7444380251.0
9.098,0.0,90246.0,5073.0,46.0,124.972,7444405258.0
9.197,0.0,90246.0,5073.0,46.0,125.003,7444417751.0
9.298,0.0,90246.0,5073.0,46.0,125.006,7444430244.0
9.398,0.0,90246.0,5073.0,46.0,125.029,7444442699.0
9.497,0.0,90246.0,5073.0,46.0,125.0,7444455169.0
9.597,0.0,90246.0,5073.0,46.0,124.959,7444467651.0
9.698,0.0,90246.0,5073.0,46.0,124.93,7444480131.0
9.798,0.0,90246.0,5073.0,46.0,124.922,7444492624.0
9.898,0.0,90246.0,5073.0,46.0,124.913,7444517622.0
9.998,0.0,90246.0,5073.0,46.0,124.913,7444517622.0
10.098,0.0,90246.0,5073.0,46.0,124.915,7444530103.0
10.198,0.0,90246.0,5073.0,46.0,124.882,7444542588.0
10.298,0.0,90246.0,5073.0,46.0,124.89,7444555066.0
10.398,0.0,90246.0,5073.0,46.0,124.962,7444567560.0
10.497,0.0,90246.0,5073.0,46.0,125.001,7444580083.0
10.598,0.0,90246.0,5073.0,46.0,125.041,7444592590.0
10.697,0.0,90246.0,5073.0,46.0,125.041,7444592590.0
10.797,0.0,90246.0,5073.0,46.0,125.048,7444605101.0
10.898,0.0,90246.0,5073.0,46.0,125.08,7444617611.0
10.998,0.0,90246.0,5073.0,46.0,125.066,7444630092.0
11.098,0.0,90246.0,5073.0,46.0,125.059,7444642575.0
11.198,0.0,90246.0,5073.0,46.0,125.079,7444655082.0
11.298,0.0,90246.0,5073.0,46.0,125.093,7444667582.0
11.398,0.0,90246.0,5073.0,46.0,125.09,7444680091.0
11.498,0.0,90246.0,5073.0,46.0,125.066,7444692547.0
11.598,0.0,90246.0,5073.0,46.0,125.049,7444705058.0
11.698,0.0,90246.0,5073.0,46.0,125.02,7444717544.0
11.798,0.0,90246.0,5073.0,46.0,124.998,7444730028.0
11.898,0.0,90246.0,5073.0,46.0,124.962,7444742516.0
11.998,0.0,90246.0,5073.0,46.0,124.98,7444754992.0
12.098,0.0,90246.0,5073.0,46.0,125.012,7444767508.0
12.198,0.0,90246.0,5073.0,46.0,124.959,7444792467.0
12.298,0.0,90246.0,5073.0,46.0,124.959,7444792467.0
12.398,0.0,90246.0,5073.0,46.0,124.958,7444817467.0
12.498,0.0,90246.0,5073.0,46.0,124.986,7444829954.0
12.598,0.0,90246.0,5073.0,46.0,124.969,7444842438.0
12.698,0.0,90246.0,5073.0,46.0,124.963,7444854934.0
12.798,0.0,90246.0,5073.0,46.0,124.978,7444867393.0
12.898,0.0,90246.0,5073.0,46.0,124.975,7444879890.0
12.997,0.0,90246.0,5073.0,46.0,124.951,7444892367.0
13.098,0.0,90246.0,5073.0,46.0,124.931,7444904879.0
13.198,0.0,90246.0,5073.0,46.0,124.956,7444917375.0
13.298,0.0,90246.0,5073.0,46.0,124.953,7444929874.0
13.397,0.0,90246.0,5073.0,46.0,124.915,7444942330.0
13.498,0.0,90246.0,5073.0,46.0,124.915,7444954790.0
13.597,0.0,90246.0,5073.0,46.0,124.912,7444967275.0
13.697,0.0,90246.0,5073.0,46.0,124.915,7444979750.0
13.798,0.0,90246.0,5073.0,46.0,124.925,7444992253.0
13.898,0.0,90246.0,5073.0,46.0,124.925,7444992253.0
13.997,0.0,90246.0,5073.0,46.0,124.913,7445004734.0
14.097,0.0,90246.0,5073.0,46.0,124.89,7445017196.0
14.198,0.0,90246.0,5073.0,46.0,124.855,7445029670.0
14.298,0.0,90246.0,5073.0,46.0,124.806,7445042095.0
14.397,0.0,90246.0,5073.0,46.0,124.784,7445054592.0
14.497,0.0,90246.0,5073.0,46.0,124.809,7445067078.0
14.597,0.0,90246.0,5073.0,46.0,124.815,7445079549.0
14.698,0.0,90246.0,5073.0,46.0,124.809,7445092031.0
14.797,0.0,90246.0,5073.0,46.0,124.848,7445104532.0
14.898,0.0,90246.0,5073.0,46.0,124.806,7445116999.0
14.997,0.0,90246.0,5073.0,46.0,124.795,7445129482.0
15.098,0.0,90246.0,5073.0,46.0,124.819,7445141962.0
15.198,0.0,90246.0,5073.0,46.0,124.846,7445154426.0
15.297,0.0,90246.0,5073.0,46.0,124.905,7445166913.0
15.397,0.0,90246.0,5073.0,46.0,124.914,7445179400.0
15.498,0.0,90246.0,5073.0,46.0,124.905,7445191886.0
15.598,0.0,90246.0,5073.0,46.0,124.911,7445216893.0
15.698,0.0,90246.0,5073.0,46.0,124.918,7445229366.0
15.798,0.0,90246.0,5073.0,46.0,124.885,7445241857.0
15.897,0.0,90246.0,5073.0,46.0,124.91,7445254334.0
15.998,0.0,90246.0,5073.0,46.0,124.903,7445266831.0
16.098,0.0,90246.0,5073.0,46.0,124.912,7445291792.0
16.198,0.0,90246.0,5073.0,46.0,124.912,7445291792.0
16.297,0.0,90246.0,5073.0,46.0,124.867,7445304284.0
16.398,0.0,90246.0,5073.0,46.0,124.849,7445316748.0
16.498,0.0,90246.0,5073.0,46.0,124.894,7445329248.0
16.597,0.0,90246.0,5073.0,46.0,124.873,7445341725.0
16.698,0.0,90246.0,5073.0,46.0,124.857,7445354206.0
16.797,0.0,90246.0,5073.0,46.0,124.844,7445366677.0
16.898,0.0,90246.0,5073.0,46.0,124.811,7445379136.0
16.998,0.0,90246.0,5073.0,46.0,124.811,7445391627.0
17.098,0.0,90246.0,5073.0,46.0,124.81,7445391627.0
17.198,0.0,90246.0,5073.0,46.0,124.797,7445404094.0
17.297,0.0,90246.0,5073.0,46.0,124.803,7445416574.0
17.398,0.0,90246.0,5073.0,46.0,124.802,7445429053.0
17.497,0.0,90246.0,5073.0,46.0,124.825,7445441514.0
17.598,0.0,90246.0,5073.0,46.0,124.803,7445453983.0
17.698,0.0,90246.0,5073.0,46.0,124.803,7445466467.0
17.798,0.0,90246.0,5073.0,46.0,124.793,7445478934.0
17.898,0.0,90246.0,5073.0,46.0,124.791,7445491385.0
17.998,0.0,90246.0,5073.0,46.0,124.823,7445503857.0
18.098,0.0,90246.0,5073.0,46.0,124.838,7445516353.0
18.198,0.0,90246.0,5073.0,46.0,124.859,7445528856.0
18.298,0.0,90246.0,5073.0,46.0,124.853,7445541323.0
18.398,0.0,90246.0,5073.0,46.0,124.874,7445553809.0
18.497,0.0,90246.0,5073.0,46.0,124.856,7445566268.0
18.598,0.0,90246.0,5073.0,46.0,124.872,7445578776.0
18.698,0.0,90246.0,5073.0,46.0,124.904,7445591288.0
18.798,0.0,90246.0,5073.0,46.0,124.898,7445616251.0
18.898,0.0,90246.0,5073.0,46.0,124.922,7445628719.0
18.998,0.0,90246.0,5073.0,46.0,124.919,7445641205.0
19.098,0.0,90246.0,5073.0,46.0,124.906,7445653685.0
19.198,0.0,90246.0,5073.0,46.0,124.916,7445666188.0
19.298,0.0,90246.0,5073.0,46.0,124.923,7445691156.0
19.398,0.0,90246.0,5073.0,46.0,124.923,7445691156.0
19.498,0.0,90246.0,5073.0,46.0,124.939,7445703631.0
19.598,0.0,90246.0,5073.0,46.0,124.909,7445716134.0
19.698,0.0,90246.0,5073.0,46.0,124.915,7445728602.0
19.798,0.0,90246.0,5073.0,46.0,124.904,7445741079.0
19.898,0.0,90246.0,5073.0,46.0,124.927,7445753540.0
19.998,0.0,90246.0,5073.0,46.0,124.922,7445766038.0
20.098,0.0,90246.0,5073.0,46.0,124.922,7445778527.0
20.198,0.0,90246.0,5073.0,46.0,124.91,7445778527.0
20.298,0.0,90246.0,5073.0,46.0,124.872,7445791007.0
20.398,0.0,90246.0,5073.0,46.0,124.868,7445803478.0
20.497,0.0,90246.0,5073.0,46.0,124.859,7445815955.0
20.598,0.0,90246.0,5073.0,46.0,124.823,7445828416.0
20.698,0.0,90246.0,5073.0,46.0,124.837,7445840921.0
20.798,0.0,90246.0,5073.0,46.0,124.873,7445853431.0
20.898,0.0,90246.0,5073.0,46.0,124.888,7445865903.0
20.998,0.0,90246.0,5073.0,46.0,124.853,7445878358.0
21.098,0.0,90246.0,5073.0,46.0,124.822,7445890803.0
21.198,0.0,90246.0,5073.0,46.0,124.823,7445903283.0
21.298,0.0,90246.0,5073.0,46.0,124.826,7445915768.0
21.398,0.0,90246.0,5073.0,46.0,124.86,7445928246.0
21.498,0.0,90246.0,5073.0,46.0,124.867,7445940742.0
21.598,0.0,90246.0,5073.0,46.0,124.863,7445953222.0
21.698,0.0,90246.0,5073.0,46.0,124.871,7445965693.0
21.798,0.0,90246.0,5073.0,46.0,124.841,7445990670.0
21.898,0.0,90246.0,5073.0,46.0,124.852,7446003165.0
21.998,0.0,90246.0,5073.0,46.0,124.908,7446015637.0
22.098,0.0,90246.0,5073.0,46.0,124.913,7446028110.0
22.198,0.0,90246.0,5073.0,46.0,124.906,7446040599.0
22.298,0.0,90246.0,5073.0,46.0,124.895,7446053085.0
22.397,0.0,90246.0,5073.0,46.0,124.911,7446065595.0
22.498,0.0,90246.0,5073.0,46.0,124.896,7446078074.0
22.598,0.0,90246.0,5073.0,46.0,124.911,7446090539.0
22.698,0.0,90246.0,5073.0,46.0,124.891,7446103001.0
22.798,0.0,90246.0,5073.0,46.0,124.891,7446115492.0
22.898,0.0,90246.0,5073.0,46.0,124.894,7446127960.0
22.998,0.0,90246.0,5073.0,46.0,124.895,7446140434.0
23.098,0.0,90246.0,5073.0,46.0,124.869,7446152923.0
23.197,0.0,90246.0,5073.0,46.0,124.869,7446152923.0
23.298,0.0,90246.0,5073.0,46.0,124.864,7446165371.0
23.397,0.0,90246.0,5073.0,46.0,124.89,7446177879.0
23.498,0.0,90246.0,5073.0,46.0,124.865,7446190383.0
23.598,0.0,90246.0,5073.0,46.0,124.876,7446202850.0
23.698,0.0,90246.0,5073.0,46.0,124.901,7446215317.0
23.798,0.0,90246.0,5073.0,46.0,124.857,7446227801.0
23.898,0.0,90246.0,5073.0,46.0,124.839,7446240268.0
23.998,0.0,90246.0,5073.0,46.0,124.829,7446252741.0
24.098,0.0,90246.0,5073.0,46.0,124.84,7446265213.0
24.198,0.0,90246.0,5073.0,46.0,124.889,7446277735.0
24.298,0.0,90246.0,5073.0,46.0,124.902,7446290209.0
24.398,0.0,90246.0,5073.0,46.0,124.878,7446302715.0
24.498,0.0,90246.0,5073.0,46.0,124.846,7446315178.0
24.598,0.0,90246.0,5073.0,46.0,124.87,7446327660.0
24.698,0.0,90246.0,5073.0,46.0,124.866,7446340143.0
24.798,0.0,90246.0,5073.0,46.0,124.855,7446352592.0
24.898,0.0,90246.0,5073.0,46.0,124.818,7446389955.0
24.998,0.0,90246.0,5073.0,46.0,124.818,7446389955.0
25.098,0.0,90246.0,5073.0,46.0,124.83,7446402440.0
25.198,0.0,90246.0,5073.0,46.0,124.784,7446414900.0
25.298,0.0,90246.0,5073.0,46.0,124.786,7446427386.0
25.398,0.0,90246.0,5073.0,46.0,124.754,7446439864.0
25.498,0.0,90246.0,5073.0,46.0,124.796,7446452355.0
25.598,0.0,90246.0,5073.0,46.0,124.744,7446464839.0
25.698,0.0,90246.0,5073.0,46.0,124.794,7446489820.0
25.798,0.0,90246.0,5073.0,46.0,124.794,7446489820.0
25.898,0.0,90246.0,5073.0,46.0,124.843,7446502297.0
25.998,0.0,90246.0,5073.0,46.0,124.883,7446514795.0
26.098,0.0,90246.0,5073.0,46.0,124.861,7446527255.0
26.198,0.0,90246.0,5073.0,46.0,124.872,7446539750.0
26.298,0.0,90246.0,5073.0,46.0,124.929,7446552227.0
26.398,0.0,90246.0,5073.0,46.0,124.895,7446564708.0
26.498,0.0,90246.0,5073.0,46.0,124.895,7446577185.0
26.598,0.0,90246.0,5073.0,46.0,124.904,7446577185.0
26.698,0.0,90246.0,5073.0,46.0,124.886,7446589663.0
26.798,0.0,90246.0,5073.0,46.0,124.902,7446602141.0
26.898,0.0,90246.0,5073.0,46.0,124.899,7446614652.0
26.998,0.0,90246.0,5073.0,46.0,124.869,7446627115.0
27.098,0.0,90246.0,5073.0,46.0,124.896,7446639572.0
27.198,0.0,90246.0,5073.0,46.0,124.859,7446652050.0
27.298,0.0,90246.0,5073.0,46.0,124.85,7446664540.0
27.398,0.0,90248.0,5071.0,46.0,153.231,7446699044.0
27.498,0.0,90248.0,5071.0,46.0,153.231,7446699044.0
27.598,66.0,90248.0,5071.0,50.0,197.362,7446745898.0
27.698,66.0,90248.0,5071.0,56.0,251.636,7446814741.0
27.798,100.0,90248.0,5071.0,59.0,308.87,7446883215.0
27.898,100.0,90248.0,5071.0,59.0,351.968,7446950365.0
27.998,100.0,90248.0,5071.0,61.0,418.455,7447080520.0
28.098,100.0,90248.0,5071.0,62.0,468.658,7447146756.0
28.198,100.0,90248.0,5071.0,62.0,523.309,7447215135.0
28.298,100.0,90248.0,5071.0,63.0,580.282,7447282277.0
28.398,100.0,90248.0,5071.0,64.0,626.706,7447350364.0
28.497,100.0,90248.0,5071.0,64.0,657.028,7447418507.0
28.598,94.0,90248.0,5071.0,65.0,674.182,7447485458.0
28.698,100.0,90248.0,5071.0,65.0,674.516,7447553823.0
28.798,100.0,90248.0,5071.0,66.0,676.17,7447621243.0
28.898,100.0,90248.0,5071.0,66.0,676.17,7447621243.0
28.998,100.0,90248.0,5071.0,67.0,675.903,7447690941.0
29.098,89.0,90248.0,5071.0,66.0,680.511,7447823014.0
29.198,89.0,90248.0,5071.0,66.0,680.511,7447823014.0
29.298,89.0,90248.0,5071.0,67.0,677.373,7447892056.0
29.398,100.0,90248.0,5071.0,67.0,677.926,7447961293.0
29.498,100.0,90248.0,5071.0,67.0,680.913,7448027506.0
29.598,100.0,90248.0,5071.0,67.0,681.444,7448098930.0
29.698,100.0,90248.0,5071.0,67.0,678.612,7448161903.0
29.798,100.0,90248.0,5071.0,68.0,677.196,7448232049.0
29.898,100.0,90248.0,5071.0,68.0,678.484,7448299302.0
29.998,100.0,90248.0,5071.0,68.0,678.374,7448368962.0
30.098,100.0,90252.0,5067.0,68.0,676.394,7448436120.0
30.198,90.0,90252.0,5067.0,64.0,664.752,7448548106.0
30.298,90.0,90252.0,5067.0,62.0,647.336,7448597888.0
30.398,89.0,90252.0,5067.0,62.0,626.676,7448642500.0
30.498,89.0,90252.0,5067.0,61.0,597.703,7448681298.0
30.598,89.0,90252.0,5067.0,60.0,572.298,7448715935.0
30.697,89.0,90252.0,5067.0,60.0,539.616,7448759391.0
30.798,88.0,90252.0,5067.0,60.0,518.336,7448800925.0
30.898,88.0,90252.0,5067.0,60.0,496.457,7448838917.0
30.998,89.0,90252.0,5067.0,59.0,432.305,7448878420.0
31.098,89.0,90252.0,5067.0,59.0,432.305,7448923259.0
31.198,87.0,90252.0,5067.0,59.0,422.472,7448923259.0
31.298,87.0,90252.0,5067.0,59.0,408.505,7448961921.0
31.398,88.0,90252.0,5067.0,59.0,407.501,7449001397.0
31.498,88.0,90252.0,5067.0,59.0,405.402,7449044443.0
31.598,89.0,90252.0,5067.0,58.0,400.733,7449087457.0
31.698,89.0,90252.0,5067.0,59.0,413.968,7449123903.0
31.798,89.0,90252.0,5067.0,59.0,402.41,7449165304.0
31.898,89.0,90252.0,5067.0,59.0,395.075,7449203326.0
31.998,89.0,90252.0,5067.0,58.0,407.239,7449238229.0
32.098,89.0,90252.0,5067.0,59.0,411.063,7449280633.0
32.198,88.0,90252.0,5067.0,59.0,402.336,7449323238.0
32.298,88.0,90252.0,5067.0,58.0,404.885,7449364569.0
32.398,89.0,90252.0,5067.0,58.0,393.106,7449399680.0
32.498,89.0,90252.0,5067.0,59.0,396.742,7449443408.0
32.598,90.0,90252.0,5067.0,58.0,390.623,7449517619.0
32.698,90.0,90252.0,5067.0,58.0,396.094,7449566489.0
32.798,88.0,90252.0,5067.0,58.0,400.586,7449605103.0
32.898,88.0,90252.0,5067.0,58.0,401.618,7449646290.0
32.998,90.0,90252.0,5067.0,58.0,400.023,7449681450.0
33.098,90.0,90252.0,5067.0,58.0,399.705,7449722053.0
33.198,87.0,90252.0,5067.0,58.0,400.738,7449760474.0
33.298,87.0,90252.0,5067.0,58.0,397.472,7449795937.0
33.398,90.0,90252.0,5067.0,58.0,393.691,7449874917.0
33.498,90.0,90252.0,5067.0,58.0,393.691,7449874917.0
33.598,90.0,90252.0,5067.0,58.0,395.353,7449914893.0
33.698,90.0,90252.0,5067.0,58.0,395.19,7449914893.0
33.798,89.0,90252.0,5067.0,58.0,393.354,7449954794.0
33.898,89.0,90252.0,5067.0,58.0,393.116,7449996385.0
33.998,90.0,90252.0,5067.0,58.0,396.877,7450036772.0
34.098,90.0,90252.0,5067.0,58.0,394.52,7450075431.0
34.198,88.0,90252.0,5067.0,58.0,398.299,7450118445.0
34.298,90.0,90252.0,5067.0,58.0,410.573,7450206735.0
34.398,90.0,90252.0,5067.0,58.0,410.573,7450206735.0
34.498,90.0,90252.0,5067.0,59.0,419.886,7450255931.0
34.598,91.0,90252.0,5067.0,58.0,418.201,7450294636.0
34.698,91.0,90252.0,5067.0,59.0,408.261,7450331109.0
34.798,90.0,90252.0,5067.0,58.0,410.233,7450368080.0
34.898,90.0,90252.0,5067.0,58.0,410.405,7450404256.0
34.998,91.0,90252.0,5067.0,58.0,413.992,7450493042.0
35.098,91.0,90252.0,5067.0,59.0,412.349,7450527416.0
35.198,88.0,90252.0,5067.0,58.0,407.371,7450570935.0
35.298,88.0,90252.0,5067.0,58.0,401.129,7450605614.0
35.398,91.0,90252.0,5067.0,58.0,401.253,7450647515.0
35.498,91.0,90252.0,5067.0,59.0,390.437,7450690950.0
35.598,91.0,90252.0,5067.0,58.0,395.01,7450724615.0
35.698,91.0,90252.0,5067.0,59.0,400.869,7450764204.0
35.798,89.0,90252.0,5067.0,58.0,397.824,7450850965.0
35.898,89.0,90252.0,5067.0,58.0,397.824,7450850965.0
35.998,89.0,90252.0,5067.0,58.0,397.824,7450895499.0
36.098,91.0,90252.0,5067.0,58.0,400.478,7450895499.0
36.200,91.0,90252.0,5067.0,58.0,399.528,7450968896.0
36.298,91.0,90252.0,5067.0,58.0,392.181,7451002147.0
36.398,91.0,90252.0,5067.0,58.0,391.937,7451040509.0
36.498,91.0,90252.0,5067.0,58.0,391.937,7451040509.0
36.598,91.0,90252.0,5067.0,58.0,390.07,7451075181.0
36.698,91.0,90252.0,5067.0,58.0,388.914,7451117985.0
36.798,88.0,90252.0,5067.0,58.0,396.68,7451159794.0
36.898,88.0,90252.0,5067.0,58.0,397.027,7451200647.0
36.998,89.0,90252.0,5067.0,58.0,387.902,7451238262.0
37.098,89.0,90252.0,5067.0,58.0,381.649,7451282189.0
37.198,89.0,90252.0,5067.0,58.0,393.935,7451321610.0
37.298,89.0,90252.0,5067.0,58.0,381.768,7451355085.0
37.398,89.0,90252.0,5067.0,58.0,388.035,7451462137.0
37.498,89.0,90252.0,5067.0,58.0,388.035,7451462137.0
37.598,89.0,90252.0,5067.0,58.0,387.147,7451505224.0
37.698,89.0,90252.0,5067.0,58.0,387.846,7451544077.0
37.798,87.0,90252.0,5067.0,58.0,385.027,7451582751.0
37.898,87.0,90252.0,5067.0,58.0,375.538,7451619077.0
37.998,89.0,90252.0,5067.0,58.0,376.785,7451649498.0
38.098,89.0,90252.0,5067.0,58.0,369.493,7451687495.0
38.198,87.0,90252.0,5067.0,57.0,359.689,7451710759.0
38.298,87.0,90252.0,5067.0,58.0,355.492,7451749718.0
38.398,87.0,90252.0,5067.0,58.0,355.492,7451781029.0
38.498,86.0,90252.0,5067.0,58.0,358.715,7451781029.0
38.598,86.0,90252.0,5067.0,58.0,358.213,7451826303.0
38.698,88.0,90252.0,5067.0,58.0,361.812,7451863463.0
38.798,87.0,90252.0,5067.0,57.0,353.455,7451900450.0
38.898,86.0,90252.0,5067.0,57.0,351.348,7451972906.0
38.998,86.0,90252.0,5067.0,57.0,351.348,7451972906.0
39.098,86.0,90252.0,5067.0,57.0,359.441,7452007694.0
39.198,87.0,90252.0,5067.0,57.0,362.307,7452040979.0
39.298,87.0,90252.0,5067.0,57.0,367.502,7452076208.0
39.398,85.0,90252.0,5067.0,57.0,364.704,7452109451.0
39.498,85.0,90252.0,5067.0,57.0,364.767,7452145769.0
39.598,84.0,90252.0,5067.0,57.0,368.986,7452191599.0
39.698,84.0,90252.0,5067.0,57.0,355.034,7452225883.0
39.798,85.0,90252.0,5067.0,57.0,369.361,7452303524.0
39.898,85.0,90252.0,5067.0,57.0,366.347,7452335076.0
39.998,85.0,90252.0,5067.0,56.0,360.713,7452369717.0
40.097,85.0,90252.0,5067.0,57.0,361.689,7452412411.0
40.198,83.0,90252.0,5067.0,56.0,365.252,7452449528.0
40.298,83.0,90252.0,5067.0,56.0,370.272,7452479165.0
40.398,84.0,90252.0,5067.0,56.0,363.401,7452507444.0
40.498,84.0,90252.0,5067.0,56.0,356.374,7452536305.0
40.598,84.0,90252.0,5067.0,56.0,346.122,7452574220.0
40.698,84.0,90252.0,5067.0,56.0,347.838,7452605893.0
40.798,82.0,90252.0,5067.0,56.0,337.874,7452636593.0
40.898,82.0,90252.0,5067.0,55.0,336.474,7452636593.0
40.998,80.0,90252.0,5067.0,55.0,334.304,7452670495.0
41.098,80.0,90252.0,5067.0,55.0,326.381,7452702811.0
41.198,80.0,90252.0,5067.0,55.0,310.43,7452754658.0
41.298,80.0,90252.0,5067.0,55.0,310.43,7452754658.0
41.398,78.0,90252.0,5067.0,55.0,311.008,7452791831.0
41.498,78.0,90252.0,5067.0,54.0,310.732,7452819569.0
41.597,77.0,90252.0,5067.0,54.0,317.107,7452850900.0
41.697,77.0,90252.0,5067.0,54.0,311.092,7452890627.0
41.798,77.0,90252.0,5067.0,54.0,309.508,7452913207.0
41.897,77.0,90252.0,5067.0,54.0,304.737,7452942979.0
41.998,77.0,90252.0,5067.0,54.0,308.088,7452973598.0
42.098,77.0,90252.0,5067.0,54.0,306.816,7453004836.0
42.198,76.0,90252.0,5067.0,54.0,305.52,7453038518.0
42.298,76.0,90252.0,5067.0,54.0,295.214,7453082846.0
42.398,77.0,90252.0,5067.0,54.0,292.777,7453111178.0
42.498,77.0,90252.0,5067.0,54.0,291.178,7453140205.0
42.598,76.0,90252.0,5067.0,54.0,276.481,7453191155.0
42.697,76.0,90252.0,5067.0,54.0,276.481,7453191155.0
42.798,75.0,90252.0,5067.0,53.0,268.863,7453211146.0
42.898,75.0,90252.0,5067.0,53.0,268.021,7453239252.0
42.998,72.0,90252.0,5067.0,52.0,256.713,7453258259.0
43.098,72.0,90252.0,5067.0,51.0,241.845,7453271419.0
43.198,0.0,90252.0,5067.0,50.0,226.927,7453284049.0
43.298,0.0,90252.0,5067.0,50.0,219.762,7453296876.0
43.398,0.0,90252.0,5067.0,49.0,203.474,7453309639.0
43.498,0.0,90252.0,5067.0,49.0,203.474,7453309639.0
43.598,0.0,90252.0,5067.0,49.0,190.684,7453322376.0
43.698,0.0,90252.0,5067.0,49.0,178.749,7453335119.0
43.798,0.0,90252.0,5067.0,49.0,162.333,7453347812.0
43.898,0.0,90252.0,5067.0,48.0,138.771,7453360469.0
43.998,0.0,90252.0,5067.0,48.0,128.668,7453373157.0
44.098,0.0,90252.0,5067.0,48.0,127.298,7453398488.0
44.198,0.0,90252.0,5067.0,48.0,127.298,7453398488.0
44.298,0.0,90252.0,5067.0,48.0,127.923,7453423785.0
44.398,0.0,90252.0,5067.0,48.0,127.923,7453423785.0
44.498,0.0,90252.0,5067.0,55.0,164.548,7453447254.0
44.598,99.0,90252.0,5067.0,58.0,222.778,7453507925.0
44.698,99.0,90252.0,5067.0,61.0,277.856,7453576123.0
44.798,100.0,90252.0,5067.0,62.0,333.543,7453645051.0
44.898,100.0,90252.0,5067.0,63.0,390.605,7453781711.0
44.998,100.0,90252.0,5067.0,62.0,439.635,7453843861.0
45.098,100.0,90252.0,5067.0,64.0,495.866,7453912816.0
45.198,100.0,90252.0,5067.0,65.0,548.881,7453980413.0
45.298,100.0,90252.0,5067.0,65.0,605.922,7454048371.0
45.398,100.0,90252.0,5067.0,66.0,660.039,7454116763.0
45.498,100.0,90252.0,5067.0,66.0,673.26,7454178348.0
45.598,90.0,90252.0,5067.0,66.0,670.853,7454246213.0
45.698,90.0,90252.0,5067.0,66.0,670.853,7454246213.0
45.798,90.0,90252.0,5067.0,67.0,670.223,7454314631.0
45.898,100.0,90252.0,5067.0,67.0,668.414,7454382110.0
45.998,100.0,90252.0,5067.0,68.0,674.098,7454450589.0
46.098,100.0,90252.0,5067.0,67.0,668.978,7454515966.0
46.198,100.0,90252.0,5067.0,68.0,673.345,7454586691.0
46.298,100.0,90252.0,5067.0,68.0,670.639,7454656073.0
46.398,100.0,90252.0,5067.0,68.0,673.652,7454723769.0
46.498,95.0,90252.0,5067.0,68.0,676.48,7454927522.0
46.598,95.0,90252.0,5067.0,68.0,676.48,7454927522.0
46.698,95.0,90252.0,5067.0,69.0,678.838,7454997763.0
46.798,100.0,90252.0,5067.0,65.0,663.656,7455041536.0
46.898,100.0,90252.0,5067.0,63.0,640.554,7455085154.0
46.998,86.0,90252.0,5067.0,62.0,613.937,7455125316.0
47.098,86.0,90252.0,5067.0,62.0,594.713,7455171321.0
47.198,86.0,90252.0,5067.0,61.0,564.766,7455214721.0
47.298,86.0,90252.0,5067.0,60.0,548.896,7455264280.0
47.398,86.0,90252.0,5067.0,60.0,548.896,7455310466.0
47.498,87.0,90252.0,5067.0,60.0,524.784,7455310466.0
47.598,87.0,90252.0,5067.0,60.0,494.173,7455337390.0
47.698,87.0,90252.0,5067.0,60.0,454.281,7455361932.0
47.798,87.0,90252.0,5067.0,59.0,416.507,7455397329.0
47.898,87.0,90252.0,5067.0,59.0,387.865,7455468250.0
47.998,87.0,90252.0,5067.0,59.0,387.865,7455468250.0
48.098,87.0,90252.0,5067.0,59.0,373.125,7455508361.0
48.198,87.0,90252.0,5067.0,59.0,353.476,7455533953.0
48.298,87.0,90252.0,5067.0,59.0,335.328,7455557800.0
48.398,87.0,90252.0,5067.0,59.0,314.067,7455585901.0
48.498,87.0,90252.0,5067.0,58.0,321.427,7455620730.0
48.598,87.0,90252.0,5067.0,59.0,341.12,7455668097.0
48.698,87.0,90252.0,5067.0,59.0,353.004,7455709299.0
48.798,85.0,90252.0,5067.0,59.0,343.271,7455745095.0
48.898,85.0,90252.0,5067.0,58.0,356.756,7455822085.0
48.998,88.0,90252.0,5067.0,58.0,345.259,7455859071.0
49.098,87.0,90252.0,5067.0,58.0,377.198,7455939641.0
49.198,87.0,90252.0,5067.0,58.0,377.198,7455939641.0
49.298,87.0,90252.0,5067.0,58.0,385.328,7455978361.0
49.398,85.0,90252.0,5067.0,58.0,397.915,7456021859.0
49.498,85.0,90252.0,5067.0,58.0,395.814,7456062224.0
49.598,87.0,90252.0,5067.0,58.0,377.351,7456131444.0
49.698,87.0,90252.0,5067.0,58.0,377.351,7456131444.0
49.798,87.0,90252.0,5067.0,58.0,394.483,7456171020.0
49.898,87.0,90252.0,5067.0,58.0,394.483,7456207453.0
49.998,87.0,90252.0,5067.0,58.0,383.469,7456207453.0
50.098,87.0,90252.0,5067.0,58.0,388.952,7456248285.0
50.198,87.0,90252.0,5067.0,58.0,394.867,7456294548.0
50.298,88.0,90252.0,5067.0,58.0,386.351,7456332189.0
50.398,88.0,90252.0,5067.0,58.0,392.319,7456369819.0
50.498,86.0,90252.0,5067.0,58.0,393.804,7456414072.0
50.598,88.0,90252.0,5067.0,58.0,389.752,7456444014.0
50.698,88.0,90252.0,5067.0,58.0,395.834,7456487371.0
50.798,88.0,90252.0,5067.0,58.0,395.236,7456526679.0
50.898,88.0,90252.0,5067.0,58.0,403.97,7456575100.0
50.998,87.0,90252.0,5067.0,58.0,399.03,7456657535.0
51.098,87.0,90252.0,5067.0,58.0,399.03,7456657535.0
51.198,88.0,90252.0,5067.0,58.0,415.303,7456745067.0
51.298,88.0,90252.0,5067.0,58.0,404.775,7456779573.0
51.398,86.0,90252.0,5067.0,58.0,404.246,7456818236.0
51.498,86.0,90252.0,5067.0,58.0,409.437,7456854138.0
51.598,88.0,90252.0,5067.0,58.0,407.869,7456894908.0
51.698,88.0,90252.0,5067.0,58.0,399.096,7456969387.0
51.798,88.0,90252.0,5067.0,58.0,399.096,7456969387.0
51.898,88.0,90252.0,5067.0,58.0,389.691,7457002923.0
51.998,86.0,90252.0,5067.0,58.0,378.332,7457037092.0
52.098,86.0,90252.0,5067.0,58.0,381.895,7457074055.0
52.198,88.0,90252.0,5067.0,58.0,367.44,7457113660.0
52.298,88.0,90252.0,5067.0,58.0,379.074,7457113660.0
52.398,86.0,90252.0,5067.0,58.0,378.89,7457156008.0
52.498,88.0,90252.0,5067.0,58.0,391.417,7457241743.0
52.598,88.0,90252.0,5067.0,58.0,391.417,7457241743.0
52.698,88.0,90252.0,5067.0,58.0,386.977,7457282654.0
52.798,88.0,90252.0,5067.0,58.0,396.361,7457323120.0
52.898,88.0,90252.0,5067.0,58.0,403.646,7457369419.0
52.998,86.0,90252.0,5067.0,58.0,406.764,7457410780.0
53.098,86.0,90252.0,5067.0,58.0,406.748,7457446734.0
53.198,88.0,90252.0,5067.0,58.0,407.157,7457481468.0
53.298,88.0,90252.0,5067.0,58.0,395.913,7457519956.0
53.398,87.0,90252.0,5067.0,58.0,394.198,7457553656.0
53.498,87.0,90252.0,5067.0,58.0,389.396,7457589317.0
53.598,88.0,90252.0,5067.0,58.0,386.508,7457662716.0
53.698,88.0,90252.0,5067.0,58.0,379.417,7457698150.0
53.798,88.0,90252.0,5067.0,58.0,380.142,7457743234.0
53.898,88.0,90252.0,5067.0,58.0,372.764,7457776601.0
53.998,85.0,90252.0,5067.0,58.0,371.131,7457812521.0
54.098,85.0,90252.0,5067.0,58.0,365.185,7457847594.0
54.198,87.0,90252.0,5067.0,58.0,367.864,7457880155.0
54.298,87.0,90252.0,5067.0,58.0,363.281,7457919349.0
54.398,87.0,90252.0,5067.0,58.0,377.348,7457965257.0
54.498,87.0,90252.0,5067.0,58.0,376.446,7458006647.0
54.598,87.0,90252.0,5067.0,58.0,376.446,7458042885.0
54.698,85.0,90252.0,5067.0,58.0,375.451,7458042885.0
54.798,85.0,90252.0,5067.0,57.0,386.598,7458080494.0
54.898,87.0,90252.0,5067.0,58.0,370.53,7458107962.0
54.998,87.0,90252.0,5067.0,58.0,367.868,7458146977.0
55.098,87.0,90252.0,5067.0,57.0,366.089,7458179798.0
55.198,87.0,90252.0,5067.0,57.0,376.737,7458222889.0
55.298,85.0,90252.0,5067.0,57.0,367.609,7458256623.0
55.398,85.0,90252.0,5067.0,57.0,377.178,7458293304.0
55.498,87.0,90252.0,5067.0,57.0,362.069,7458327975.0
55.598,87.0,90252.0,5067.0,57.0,350.67,7458361644.0
55.697,86.0,90252.0,5067.0,57.0,356.969,7458399184.0
55.798,86.0,90252.0,5067.0,57.0,341.437,7458428913.0
55.898,83.0,90252.0,5067.0,57.0,356.262,7458470329.0
55.998,83.0,90252.0,5067.0,57.0,365.292,7458546009.0
56.098,84.0,90252.0,5067.0,57.0,357.205,7458612791.0
56.197,84.0,90252.0,5067.0,57.0,357.205,7458612791.0
56.298,84.0,90252.0,5067.0,57.0,356.541,7458649347.0
56.398,84.0,90252.0,5067.0,57.0,356.974,7458685431.0
56.498,83.0,90252.0,5067.0,57.0,358.997,7458725101.0
56.598,83.0,90252.0,5067.0,57.0,367.024,7458758133.0
56.698,84.0,90252.0,5067.0,57.0,361.004,7458791830.0
56.798,84.0,90252.0,5067.0,57.0,366.985,7458819361.0
56.898,84.0,90252.0,5067.0,56.0,351.578,7458851680.0
56.998,84.0,90252.0,5067.0,56.0,345.258,7458893138.0
57.098,79.0,90252.0,5067.0,56.0,347.573,7458893138.0
57.198,79.0,90252.0,5067.0,55.0,341.975,7458926465.0
57.298,80.0,90252.0,5067.0,55.0,354.201,7458968955.0
57.397,80.0,90252.0,5067.0,55.0,350.517,7459000589.0
57.498,80.0,90252.0,5067.0,55.0,337.445,7459025941.0
57.598,80.0,90252.0,5067.0,55.0,330.072,7459058257.0
57.698,78.0,90252.0,5067.0,55.0,337.455,7459099055.0
57.798,80.0,90252.0,5067.0,55.0,331.062,7459155111.0
57.898,80.0,90252.0,5067.0,55.0,331.062,7459155111.0
57.998,79.0,90252.0,5067.0,55.0,321.706,7459187008.0
58.098,79.0,90252.0,5067.0,55.0,323.392,7459211085.0
58.198,78.0,90252.0,5067.0,55.0,307.635,7459241452.0
58.298,78.0,90252.0,5067.0,54.0,299.834,7459271449.0
58.398,76.0,90252.0,5067.0,54.0,302.147,7459297548.0
58.497,76.0,90252.0,5067.0,54.0,302.655,7459357977.0
58.598,76.0,90252.0,5067.0,54.0,289.258,7459385041.0
58.697,76.0,90252.0,5067.0,54.0,285.67,7459410270.0
58.798,76.0,90252.0,5067.0,54.0,277.539,7459429545.0
58.898,76.0,90252.0,5067.0,54.0,275.582,7459464710.0
58.998,75.0,90252.0,5067.0,54.0,278.013,7459487713.0
59.098,75.0,90252.0,5067.0,54.0,268.819,7459510128.0
59.198,76.0,90252.0,5067.0,54.0,261.344,7459531148.0
59.298,76.0,90252.0,5067.0,54.0,260.513,7459557418.0
59.398,76.0,90252.0,5067.0,53.0,257.866,7459610094.0
59.497,76.0,90252.0,5067.0,53.0,257.866,7459610094.0
59.598,71.0,90252.0,5067.0,53.0,250.713,7459610094.0
59.697,71.0,90252.0,5067.0,51.0,238.612,7459634824.0
59.798,0.0,90252.0,5067.0,51.0,233.672,7459648601.0
59.898,0.0,90252.0,5067.0,50.0,215.307,7459661551.0
59.998,0.0,90252.0,5067.0,50.0,201.603,7459674516.0
60.097,0.0,90252.0,5067.0,49.0,192.464,7459687484.0
60.198,17.0,90252.0,5067.0,56.0,217.242,7459701091.0
60.298,17.0,90252.0,5067.0,59.0,262.051,7459752054.0
60.398,100.0,90252.0,5067.0,61.0,300.052,7459822520.0
60.498,100.0,90252.0,5067.0,62.0,342.028,7459889961.0
60.598,100.0,90252.0,5067.0,64.0,387.325,7459958524.0
60.698,100.0,90252.0,5067.0,65.0,430.239,7460090469.0
60.798,88.0,90252.0,5067.0,64.0,489.103,7460157744.0
60.898,88.0,90252.0,5067.0,66.0,544.313,7460226522.0
60.998,100.0,90252.0,5067.0,66.0,598.105,7460293925.0
61.098,100.0,90252.0,5067.0,66.0,654.66,7460362149.0
61.198,100.0,90252.0,5067.0,67.0,674.399,7460430145.0
61.298,100.0,90252.0,5067.0,67.0,674.193,7460499117.0
61.398,100.0,90252.0,5067.0,67.0,674.193,7460499117.0
61.498,100.0,90252.0,5067.0,68.0,676.023,7460566315.0
61.598,100.0,90252.0,5067.0,68.0,675.939,7460635320.0
61.698,100.0,90252.0,5067.0,68.0,677.772,7460704861.0
61.798,100.0,90252.0,5067.0,68.0,680.41,7460772083.0
61.898,100.0,90252.0,5067.0,67.0,677.183,7460835961.0
61.998,100.0,90252.0,5067.0,68.0,678.886,7460904449.0
62.098,100.0,90252.0,5067.0,68.0,680.345,7460972910.0
62.197,100.0,90252.0,5067.0,69.0,680.677,7461042502.0
62.298,100.0,90252.0,5067.0,69.0,677.152,7461172899.0
62.398,100.0,90252.0,5067.0,69.0,677.152,7461172899.0
62.498,93.0,90252.0,5067.0,69.0,678.189,7461241979.0
62.598,100.0,90252.0,5067.0,69.0,677.384,7461310246.0
62.698,100.0,90252.0,5067.0,70.0,677.209,7461447304.0
62.798,100.0,90252.0,5067.0,70.0,683.006,7461512316.0
62.898,100.0,90252.0,5067.0,66.0,661.938,7461559123.0
62.998,89.0,90252.0,5067.0,63.0,598.815,7461635352.0
63.098,89.0,90252.0,5067.0,63.0,598.815,7461635352.0
63.198,89.0,90252.0,5067.0,62.0,572.365,7461676157.0
63.298,89.0,90252.0,5067.0,62.0,549.547,7461713835.0
63.398,87.0,90252.0,5067.0,62.0,527.731,7461761342.0
63.498,87.0,90252.0,5067.0,61.0,503.259,7461805294.0
63.598,87.0,90252.0,5067.0,61.0,503.259,7461838587.0
63.698,89.0,90252.0,5067.0,61.0,469.471,7461838587.0
63.798,89.0,90252.0,5067.0,60.0,412.329,7461918044.0
63.898,89.0,90252.0,5067.0,60.0,412.329,7461918044.0
63.998,89.0,90252.0,5067.0,60.0,406.013,7461962144.0
64.098,89.0,90252.0,5067.0,60.0,400.781,7462000770.0
64.198,89.0,90252.0,5067.0,60.0,403.95,7462035286.0
64.298,88.0,90252.0,5067.0,60.0,405.323,7462077520.0
64.398,88.0,90252.0,5067.0,60.0,409.222,7462123261.0
64.498,87.0,90252.0,5067.0,60.0,405.399,7462164123.0
64.598,87.0,90252.0,5067.0,60.0,393.042,7462197235.0
64.698,89.0,90252.0,5067.0,60.0,395.397,7462234460.0
64.798,89.0,90252.0,5067.0,60.0,394.54,7462273271.0
64.898,90.0,90252.0,5067.0,59.0,402.755,7462321237.0
64.998,90.0,90252.0,5067.0,60.0,398.875,7462407662.0
65.098,90.0,90252.0,5067.0,59.0,405.993,7462442382.0
65.198,90.0,90252.0,5067.0,59.0,406.633,7462478767.0
65.298,90.0,90252.0,5067.0,59.0,397.722,7462519034.0
65.398,90.0,90252.0,5067.0,59.0,394.836,7462561464.0
65.498,88.0,90252.0,5067.0,59.0,395.35,7462595967.0
65.598,88.0,90252.0,5067.0,59.0,396.828,7462637053.0
65.698,90.0,90252.0,5067.0,59.0,402.864,7462684656.0
65.798,90.0,90252.0,5067.0,59.0,408.464,7462717733.0
65.898,90.0,90252.0,5067.0,59.0,399.061,7462758053.0
65.998,90.0,90252.0,5067.0,59.0,389.829,7462794810.0
66.098,90.0,90252.0,5067.0,59.0,389.829,7462794810.0
66.198,90.0,90252.0,5067.0,59.0,390.703,7462834973.0
66.298,90.0,90252.0,5067.0,59.0,403.81,7462882180.0
66.401,89.0,90252.0,5067.0,59.0,399.106,7462956811.0
66.498,89.0,90252.0,5067.0,59.0,399.106,7462956811.0
66.598,89.0,90252.0,5067.0,59.0,394.401,7462994592.0
66.698,91.0,90252.0,5067.0,59.0,401.822,7463083337.0
66.798,91.0,90252.0,5067.0,59.0,401.822,7463083337.0
66.898,91.0,90252.0,5067.0,59.0,399.669,7463119977.0
66.998,91.0,90252.0,5067.0,59.0,412.332,7463171038.0
67.098,90.0,90252.0,5067.0,59.0,416.004,7463214535.0
67.198,90.0,90252.0,5067.0,59.0,418.216,7463251632.0
67.298,91.0,90252.0,5067.0,59.0,413.762,7463294060.0
67.398,88.0,90252.0,5067.0,59.0,420.146,7463374892.0
67.498,88.0,90252.0,5067.0,59.0,420.57,7463414312.0
67.597,91.0,90252.0,5067.0,59.0,415.304,7463456137.0
67.698,91.0,90252.0,5067.0,59.0,410.859,7463493080.0
67.798,90.0,90252.0,5067.0,59.0,417.847,7463535948.0
67.897,90.0,90252.0,5067.0,59.0,405.214,7463574830.0
67.998,88.0,90252.0,5067.0,59.0,406.697,7463617928.0
68.098,88.0,90252.0,5067.0,59.0,415.328,7463664761.0
68.198,90.0,90252.0,5067.0,59.0,416.799,7463746188.0
68.298,90.0,90252.0,5067.0,59.0,416.799,7463746188.0
68.398,90.0,90252.0,5067.0,59.0,416.799,7463791076.0
68.498,87.0,90252.0,5067.0,59.0,417.399,7463791076.0
68.598,87.0,90252.0,5067.0,59.0,412.61,7463825224.0
68.698,89.0,90252.0,5067.0,59.0,411.363,7463866592.0
68.798,89.0,90252.0,5067.0,59.0,424.825,7463915661.0
68.898,89.0,90252.0,5067.0,59.0,421.739,7463955350.0
68.998,87.0,90252.0,5067.0,59.0,414.732,7464032776.0
69.098,87.0,90252.0,5067.0,59.0,414.732,7464032776.0
69.198,87.0,90252.0,5067.0,59.0,409.436,7464072851.0
69.298,89.0,90252.0,5067.0,59.0,407.667,7464109230.0
69.398,89.0,90252.0,5067.0,59.0,401.565,7464147281.0
69.498,88.0,90252.0,5067.0,58.0,395.87,7464185571.0
69.598,88.0,90252.0,5067.0,59.0,398.594,7464224940.0
69.698,88.0,90252.0,5067.0,58.0,393.314,7464263128.0
69.798,88.0,90252.0,5067.0,58.0,382.842,7464338027.0
69.897,88.0,90252.0,5067.0,58.0,378.391,7464374374.0
69.998,86.0,90252.0,5067.0,58.0,377.384,7464409729.0
70.098,86.0,90252.0,5067.0,58.0,374.95,7464449775.0
70.198,86.0,90252.0,5067.0,58.0,385.114,7464495400.0
70.298,86.0,90252.0,5067.0,58.0,387.339,7464536623.0
70.398,86.0,90252.0,5067.0,58.0,386.0,7464573336.0
70.498,86.0,90252.0,5067.0,58.0,384.109,7464609281.0
70.598,86.0,90252.0,5067.0,58.0,380.752,7464643402.0
70.698,86.0,90252.0,5067.0,58.0,378.458,7464679731.0
70.798,86.0,90252.0,5067.0,58.0,378.458,7464709403.0
70.898,87.0,90252.0,5067.0,58.0,371.756,7464709403.0
70.998,87.0,90252.0,5067.0,58.0,381.675,7464756417.0
71.098,88.0,90252.0,5067.0,58.0,380.244,7464790149.0
71.197,88.0,90252.0,5067.0,58.0,382.014,7464832200.0
71.297,85.0,90252.0,5067.0,58.0,370.45,7464864921.0
71.398,85.0,90252.0,5067.0,58.0,373.411,7464907556.0
71.498,87.0,90252.0,5067.0,58.0,373.35,7464947129.0
71.598,87.0,90252.0,5067.0,58.0,379.363,7464989283.0
71.698,86.0,90252.0,5067.0,58.0,386.261,7465030509.0
71.798,86.0,90252.0,5067.0,58.0,382.106,7465063910.0
71.898,84.0,90252.0,5067.0,58.0,392.238,7465101950.0
71.998,84.0,90252.0,5067.0,58.0,384.476,7465140274.0
72.098,85.0,90252.0,5067.0,57.0,382.315,7465215890.0
72.198,85.0,90252.0,5067.0,57.0,382.315,7465215890.0
72.298,84.0,90252.0,5067.0,57.0,387.771,7465287461.0
72.397,84.0,90252.0,5067.0,57.0,376.133,7465323096.0
72.498,83.0,90252.0,5067.0,57.0,363.705,7465353681.0
72.598,84.0,90252.0,5067.0,57.0,361.381,7465391710.0
72.698,84.0,90252.0,5067.0,57.0,357.586,7465422103.0
72.798,84.0,90252.0,5067.0,57.0,336.658,7465481467.0
72.898,84.0,90252.0,5067.0,57.0,336.658,7465481467.0
72.998,79.0,90252.0,5067.0,56.0,323.733,7465512558.0
73.098,79.0,90252.0,5067.0,56.0,325.126,7465542546.0
73.198,80.0,90252.0,5067.0,56.0,315.035,7465568581.0
73.298,80.0,90252.0,5067.0,56.0,315.035,7465596363.0
73.398,80.0,90252.0,5067.0,56.0,309.695,7465596363.0
73.498,79.0,90252.0,5067.0,56.0,308.589,7465632308.0
73.598,79.0,90252.0,5067.0,55.0,305.675,7465663029.0
73.698,79.0,90252.0,5067.0,55.0,306.522,7465729976.0
73.798,79.0,90252.0,5067.0,55.0,306.522,7465729976.0
73.898,80.0,90252.0,5067.0,55.0,314.137,7465767549.0
73.998,80.0,90252.0,5067.0,55.0,311.089,7465793024.0
74.098,80.0,90252.0,5067.0,55.0,314.038,7465826298.0
74.198,80.0,90252.0,5067.0,55.0,308.045,7465853064.0
74.298,77.0,90252.0,5067.0,55.0,304.401,7465877026.0
74.398,76.0,90252.0,5067.0,55.0,293.857,7465929002.0
74.498,76.0,90252.0,5067.0,55.0,293.857,7465929002.0
74.598,76.0,90252.0,5067.0,55.0,290.246,7465952994.0
74.698,77.0,90252.0,5067.0,54.0,281.382,7465985503.0
74.798,77.0,90252.0,5067.0,54.0,275.368,7466033062.0
74.898,77.0,90252.0,5067.0,54.0,261.712,7466058438.0
74.998,77.0,90252.0,5067.0,54.0,267.997,7466088948.0
75.098,76.0,90252.0,5067.0,54.0,265.986,7466139524.0
75.198,76.0,90252.0,5067.0,54.0,265.986,7466139524.0
75.298,76.0,90252.0,5067.0,54.0,276.112,7466176964.0
75.398,76.0,90252.0,5067.0,54.0,280.579,7466207664.0
75.498,76.0,90252.0,5067.0,54.0,283.803,7466237352.0
75.597,71.0,90252.0,5067.0,54.0,289.462,7466270962.0
75.698,71.0,90252.0,5067.0,53.0,287.66,7466297429.0
75.798,0.0,90252.0,5067.0,52.0,278.034,7466311454.0
75.898,0.0,90252.0,5067.0,52.0,278.034,7466311454.0
75.998,0.0,90252.0,5067.0,51.0,259.773,7466324531.0
76.098,0.0,90252.0,5067.0,50.0,247.72,7466337620.0
76.198,0.0,90252.0,5067.0,50.0,234.005,7466350641.0
76.298,77.0,90252.0,5067.0,55.0,259.664,7466391369.0
76.398,77.0,90252.0,5067.0,59.0,288.917,7466459310.0
76.498,100.0,90252.0,5067.0,61.0,329.516,7466527079.0
76.598,100.0,90252.0,5067.0,62.0,367.918,7466596231.0
76.698,100.0,90252.0,5067.0,64.0,403.853,7466664224.0
76.798,100.0,90252.0,5067.0,64.0,443.293,7466734107.0
76.898,92.0,90252.0,5067.0,64.0,495.884,7466794219.0
76.998,92.0,90252.0,5067.0,66.0,542.25,7466863650.0
77.098,100.0,90252.0,5067.0,66.0,605.902,7466930444.0
77.198,100.0,90252.0,5067.0,66.0,661.475,7467068071.0
77.298,100.0,90252.0,5067.0,67.0,677.434,7467130839.0
77.398,100.0,90252.0,5067.0,65.0,670.827,7467200587.0
77.498,100.0,90252.0,5067.0,68.0,671.998,7467268099.0
77.598,100.0,90252.0,5067.0,68.0,672.442,7467337032.0
77.698,100.0,90252.0,5067.0,68.0,669.877,7467405995.0
77.798,100.0,90252.0,5067.0,69.0,672.908,7467469594.0
77.898,90.0,90252.0,5067.0,68.0,675.661,7467538749.0
77.998,100.0,90252.0,5067.0,69.0,676.759,7467608938.0
78.098,100.0,90252.0,5067.0,69.0,676.759,7467608938.0
78.198,100.0,90252.0,5067.0,69.0,676.509,7467676125.0
78.298,100.0,90252.0,5067.0,69.0,677.98,7467747009.0
78.398,100.0,90252.0,5067.0,69.0,681.237,7467813971.0
78.498,100.0,90252.0,5067.0,69.0,678.591,7467879337.0
78.598,100.0,90252.0,5067.0,69.0,678.695,7467946974.0
78.698,100.0,90252.0,5067.0,70.0,680.959,7468018799.0
78.798,97.0,90252.0,5067.0,70.0,679.409,7468154146.0
78.898,97.0,90252.0,5067.0,70.0,679.409,7468154146.0
78.998,97.0,90252.0,5067.0,68.0,656.121,7468200091.0
79.098,89.0,90252.0,5067.0,64.0,635.719,7468249200.0
79.198,89.0,90252.0,5067.0,64.0,611.367,7468290634.0
79.298,87.0,90252.0,5067.0,63.0,577.283,7468373466.0
79.398,87.0,90252.0,5067.0,63.0,554.513,7468415383.0
79.498,88.0,90252.0,5067.0,62.0,534.8,7468453942.0
79.598,88.0,90252.0,5067.0,62.0,508.444,7468496724.0
79.698,89.0,90252.0,5067.0,61.0,477.387,7468540854.0
79.798,87.0,90252.0,5067.0,61.0,426.139,7468581083.0
79.898,87.0,90252.0,5067.0,61.0,414.309,7468615685.0
79.998,89.0,90252.0,5067.0,60.0,399.131,7468648562.0
80.098,89.0,90252.0,5067.0,60.0,389.733,7468682222.0
80.198,87.0,90252.0,5067.0,60.0,399.361,7468722896.0
80.298,87.0,90252.0,5067.0,60.0,399.361,7468768117.0
80.398,90.0,90252.0,5067.0,60.0,395.274,7468815239.0
80.498,90.0,90252.0,5067.0,60.0,395.274,7468815239.0
80.597,90.0,90252.0,5067.0,60.0,401.789,7468859593.0
80.698,89.0,90252.0,5067.0,60.0,404.89,7468897454.0
80.798,89.0,90252.0,5067.0,60.0,402.28,7468941290.0
80.898,88.0,90252.0,5067.0,60.0,399.018,7468979690.0
80.998,88.0,90252.0,5067.0,60.0,411.506,7469024849.0
81.098,90.0,90252.0,5067.0,60.0,417.683,7469067824.0
81.198,90.0,90252.0,5067.0,60.0,424.308,7469105533.0
81.298,88.0,90252.0,5067.0,60.0,424.839,7469149808.0
81.398,88.0,90252.0,5067.0,60.0,423.073,7469186907.0
81.497,90.0,90252.0,5067.0,60.0,416.955,7469228212.0
81.598,90.0,90252.0,5067.0,60.0,416.856,7469273789.0
81.698,90.0,90252.0,5067.0,60.0,419.534,7469365319.0
81.798,90.0,90252.0,5067.0,60.0,428.166,7469411031.0
81.897,88.0,90252.0,5067.0,60.0,431.48,7469454571.0
81.998,88.0,90252.0,5067.0,60.0,431.05,7469494126.0
82.098,90.0,90252.0,5067.0,59.0,432.865,7469542006.0
82.198,90.0,90252.0,5067.0,60.0,439.2,7469580799.0
82.298,88.0,90252.0,5067.0,60.0,432.516,7469620234.0
82.398,90.0,90252.0,5067.0,59.0,436.065,7469662372.0
82.498,90.0,90252.0,5067.0,60.0,443.351,7469715302.0
82.598,91.0,90252.0,5067.0,60.0,449.125,7469807392.0
82.698,91.0,90252.0,5067.0,60.0,449.125,7469807392.0
82.798,91.0,90252.0,5067.0,59.0,442.861,7469807392.0
82.898,89.0,90252.0,5067.0,59.0,436.235,7469845100.0
82.998,89.0,90252.0,5067.0,60.0,425.673,7469880465.0
83.098,91.0,90252.0,5067.0,59.0,428.122,7469918716.0
83.198,91.0,90252.0,5067.0,60.0,414.221,7469958267.0
83.298,89.0,90252.0,5067.0,60.0,419.049,7470039791.0
83.398,89.0,90252.0,5067.0,60.0,419.049,7470039791.0
83.498,91.0,90252.0,5067.0,59.0,417.272,7470077265.0
83.598,91.0,90252.0,5067.0,60.0,404.407,7470124869.0
83.698,91.0,90252.0,5067.0,59.0,398.346,7470161181.0
83.798,91.0,90252.0,5067.0,59.0,394.725,7470203124.0
83.898,89.0,90252.0,5067.0,59.0,387.611,7470235793.0
83.998,89.0,90252.0,5067.0,60.0,393.662,7470273451.0
84.098,91.0,90252.0,5067.0,59.0,414.307,7470410419.0
84.198,91.0,90252.0,5067.0,59.0,414.307,7470410419.0
84.298,91.0,90252.0,5067.0,59.0,411.521,7470446177.0
84.398,91.0,90252.0,5067.0,59.0,407.969,7470487928.0
84.497,91.0,90252.0,5067.0,59.0,406.914,7470531581.0
84.598,91.0,90252.0,5067.0,59.0,406.708,7470578649.0
84.697,90.0,90252.0,5067.0,59.0,419.442,7470628663.0
84.798,90.0,90252.0,5067.0,59.0,423.825,7470660060.0
84.898,88.0,90252.0,5067.0,59.0,423.235,7470704774.0
84.998,88.0,90252.0,5067.0,59.0,426.926,7470746733.0
85.098,90.0,90252.0,5067.0,59.0,423.778,7470796813.0
85.198,90.0,90252.0,5067.0,59.0,424.068,7470833945.0
85.298,90.0,90252.0,5067.0,59.0,427.652,7470833945.0
85.398,90.0,90252.0,5067.0,59.0,425.98,7470874952.0
85.498,87.0,90252.0,5067.0,59.0,426.281,7470915478.0
85.598,89.0,90252.0,5067.0,59.0,421.108,7470998383.0
85.698,89.0,90252.0,5067.0,59.0,421.108,7470998383.0
85.798,89.0,90252.0,5067.0,59.0,412.26,7471040687.0
85.898,89.0,90252.0,5067.0,59.0,430.052,7471089123.0
85.997,89.0,90252.0,5067.0,59.0,420.817,7471124679.0
86.098,89.0,90252.0,5067.0,59.0,411.949,7471161951.0
86.198,89.0,90252.0,5067.0,59.0,401.329,7471195593.0
86.298,89.0,90252.0,5067.0,59.0,401.318,7471238365.0
86.398,89.0,90252.0,5067.0,59.0,395.078,7471267800.0
86.498,87.0,90252.0,5067.0,59.0,386.141,7471301322.0
86.598,87.0,90252.0,5067.0,59.0,383.471,7471371662.0
86.698,89.0,90252.0,5067.0,59.0,371.599,7471399518.0
86.798,89.0,90252.0,5067.0,59.0,359.691,7471437989.0
86.898,90.0,90252.0,5067.0,59.0,351.219,7471484006.0
86.998,90.0,90252.0,5067.0,59.0,357.546,7471518217.0
87.098,87.0,90252.0,5067.0,59.0,358.963,7471564060.0
87.198,87.0,90252.0,5067.0,59.0,366.702,7471607935.0
87.298,88.0,90252.0,5067.0,58.0,374.07,7471645061.0
87.398,87.0,90252.0,5067.0,59.0,382.396,7471688958.0
87.498,87.0,90252.0,5067.0,58.0,384.807,7471722946.0
87.598,87.0,90252.0,5067.0,58.0,384.807,7471758889.0
87.698,86.0,90252.0,5067.0,58.0,389.035,7471758889.0
87.798,86.0,90252.0,5067.0,58.0,397.084,7471793499.0
87.898,87.0,90252.0,5067.0,58.0,388.282,7471829409.0
87.998,87.0,90252.0,5067.0,58.0,376.08,7471864348.0
88.098,85.0,90252.0,5067.0,58.0,370.28,7471897412.0
88.198,85.0,90252.0,5067.0,58.0,371.568,7471932982.0
88.298,84.0,90252.0,5067.0,58.0,370.129,7471975592.0
88.398,84.0,90252.0,5067.0,58.0,357.848,7472011753.0
88.498,84.0,90252.0,5067.0,58.0,347.419,7472035623.0
88.598,84.0,90252.0,5067.0,58.0,346.377,7472074895.0
88.698,85.0,90252.0,5067.0,58.0,345.897,7472107057.0
88.798,85.0,90252.0,5067.0,57.0,351.096,7472144462.0
88.898,83.0,90252.0,5067.0,57.0,344.92,7472177168.0
88.998,83.0,90252.0,5067.0,58.0,345.084,7472202190.0
89.098,84.0,90252.0,5067.0,57.0,339.417,7472268658.0
89.198,84.0,90252.0,5067.0,57.0,332.065,7472297680.0
89.298,84.0,90252.0,5067.0,57.0,313.94,7472329014.0
89.398,84.0,90252.0,5067.0,57.0,318.979,7472360614.0
89.498,83.0,90252.0,5067.0,57.0,327.953,7472395918.0
89.598,83.0,90252.0,5067.0,57.0,317.77,7472429676.0
89.698,82.0,90252.0,5067.0,57.0,326.462,7472462838.0
89.798,82.0,90252.0,5067.0,57.0,316.203,7472492626.0
89.898,80.0,90252.0,5067.0,56.0,319.917,7472532393.0
89.998,79.0,90252.0,5067.0,56.0,325.585,7472559658.0
90.098,79.0,90252.0,5067.0,56.0,320.569,7472586802.0
90.198,79.0,90252.0,5067.0,56.0,320.569,7472586802.0
90.298,80.0,90252.0,5067.0,56.0,331.766,7472621253.0
90.398,80.0,90252.0,5067.0,56.0,333.705,7472660101.0
90.498,80.0,90252.0,5067.0,56.0,339.88,7472698346.0
90.598,80.0,90252.0,5067.0,56.0,340.447,7472730450.0
90.698,79.0,90252.0,5067.0,56.0,338.469,7472770248.0
90.798,80.0,90252.0,5067.0,55.0,332.87,7472829445.0
90.898,80.0,90252.0,5067.0,55.0,332.87,7472829445.0
90.998,80.0,90252.0,5067.0,55.0,325.757,7472857361.0
91.098,80.0,90252.0,5067.0,55.0,322.832,7472883890.0
91.198,80.0,90252.0,5067.0,55.0,328.564,7472914083.0
91.298,79.0,90252.0,5067.0,55.0,313.576,7472942526.0
91.398,79.0,90252.0,5067.0,55.0,320.992,7472977187.0
91.498,79.0,90252.0,5067.0,55.0,314.414,7473041619.0
91.597,79.0,90252.0,5067.0,55.0,310.681,7473068139.0
91.698,74.0,90252.0,5067.0,54.0,294.265,7473087652.0
91.798,74.0,90252.0,5067.0,53.0,283.132,7473101997.0
91.898,0.0,90252.0,5067.0,52.0,267.187,7473114967.0
91.998,0.0,90252.0,5067.0,51.0,254.756,7473127967.0
92.098,0.0,90252.0,5067.0,51.0,239.645,7473140915.0
92.198,0.0,90252.0,5067.0,50.0,220.438,7473156818.0
92.298,27.0,90252.0,5067.0,53.0,224.024,7473211276.0
92.398,27.0,90252.0,5067.0,60.0,250.331,7473279409.0
92.498,100.0,90252.0,5067.0,62.0,283.01,7473348665.0
92.598,100.0,90252.0,5067.0,63.0,324.266,7473416130.0
92.698,100.0,90252.0,5067.0,64.0,369.933,7473416130.0
92.798,100.0,90252.0,5067.0,65.0,420.037,7473485436.0
92.898,92.0,90252.0,5067.0,66.0,526.9,7473618713.0
92.998,92.0,90252.0,5067.0,66.0,526.9,7473618713.0
93.098,100.0,90252.0,5067.0,66.0,583.884,7473686119.0
93.198,100.0,90252.0,5067.0,67.0,638.578,7473754730.0
93.298,100.0,90252.0,5067.0,67.0,678.166,7473824147.0
93.399,100.0,90252.0,5067.0,67.0,676.759,7473887886.0
93.498,100.0,90252.0,5067.0,68.0,678.404,7473953981.0
93.598,100.0,90252.0,5067.0,68.0,675.57,7474092286.0
93.698,100.0,90252.0,5067.0,69.0,679.696,7474231922.0
93.798,100.0,90252.0,5067.0,69.0,679.696,7474231922.0
93.898,90.0,90252.0,5067.0,68.0,678.037,7474295146.0
93.998,90.0,90252.0,5067.0,69.0,679.091,7474361902.0
94.098,100.0,90252.0,5067.0,69.0,678.375,7474430845.0
94.198,100.0,90252.0,5067.0,69.0,679.605,7474501268.0
94.298,100.0,90252.0,5067.0,70.0,679.378,7474571138.0
94.398,93.0,90252.0,5067.0,70.0,680.888,7474707649.0
94.498,93.0,90252.0,5067.0,70.0,680.888,7474707649.0
94.598,93.0,90252.0,5067.0,70.0,680.888,7474707649.0
94.698,100.0,90252.0,5067.0,70.0,679.457,7474774029.0
94.798,100.0,90252.0,5067.0,70.0,680.632,7474842286.0
94.898,100.0,90252.0,5067.0,70.0,682.809,7474911359.0
94.998,100.0,90252.0,5067.0,67.0,673.037,7474975192.0
95.098,90.0,90252.0,5067.0,65.0,644.926,7475017968.0
95.198,90.0,90252.0,5067.0,64.0,612.832,7475057564.0
95.298,89.0,90252.0,5067.0,63.0,581.378,7475102026.0
95.398,89.0,90252.0,5067.0,63.0,552.772,7475133646.0
95.498,87.0,90252.0,5067.0,62.0,530.071,7475172130.0
95.598,87.0,90252.0,5067.0,62.0,502.903,7475222189.0
95.698,89.0,90252.0,5067.0,62.0,477.982,7475262942.0
95.798,89.0,90252.0,5067.0,61.0,421.162,7475379728.0
95.898,89.0,90252.0,5067.0,61.0,421.162,7475379728.0
95.998,89.0,90252.0,5067.0,61.0,392.913,7475411873.0
96.098,89.0,90252.0,5067.0,61.0,390.99,7475451030.0
96.198,89.0,90252.0,5067.0,60.0,391.001,7475485677.0
96.298,90.0,90252.0,5067.0,61.0,381.626,7475525832.0
96.398,90.0,90252.0,5067.0,60.0,385.262,7475563046.0
96.498,88.0,90252.0,5067.0,60.0,388.091,7475647739.0
96.602,90.0,90252.0,5067.0,60.0,390.412,7475696775.0
96.698,90.0,90252.0,5067.0,60.0,390.412,7475696775.0
96.798,90.0,90252.0,5067.0,60.0,396.988,7475737191.0
96.898,90.0,90252.0,5067.0,60.0,394.102,7475769590.0
96.998,90.0,90252.0,5067.0,60.0,394.102,7475769590.0
97.098,88.0,90252.0,5067.0,60.0,396.535,7475805471.0
97.198,88.0,90252.0,5067.0,60.0,393.18,7475843711.0
97.298,90.0,90252.0,5067.0,60.0,392.704,7475916562.0
97.398,90.0,90252.0,5067.0,60.0,392.704,7475916562.0
97.498,88.0,90252.0,5067.0,60.0,386.613,7475952641.0
97.598,88.0,90252.0,5067.0,60.0,386.349,7475992438.0
97.698,90.0,90252.0,5067.0,60.0,389.775,7476038720.0
97.798,90.0,90252.0,5067.0,60.0,385.303,7476078554.0
97.898,90.0,90252.0,5067.0,60.0,381.217,7476117295.0
97.998,90.0,90252.0,5067.0,60.0,391.056,7476198784.0
98.098,90.0,90252.0,5067.0,60.0,391.056,7476198784.0
98.198,90.0,90252.0,5067.0,59.0,394.092,7476240600.0
98.298,90.0,90252.0,5067.0,60.0,395.991,7476317436.0
98.398,90.0,90252.0,5067.0,60.0,401.233,7476353248.0
98.498,88.0,90252.0,5067.0,60.0,402.597,7476387301.0
98.598,88.0,90252.0,5067.0,60.0,394.772,7476428287.0
98.698,91.0,90252.0,5067.0,60.0,402.651,7476519509.0
98.798,91.0,90252.0,5067.0,60.0,402.651,7476519509.0
98.898,91.0,90252.0,5067.0,60.0,405.218,7476557078.0
98.998,91.0,90252.0,5067.0,60.0,397.368,7476595606.0
99.098,91.0,90252.0,5067.0,60.0,398.964,7476636100.0
99.198,91.0,90252.0,5067.0,59.0,399.759,7476675678.0
99.298,91.0,90252.0,5067.0,60.0,404.974,7476675678.0
99.397,91.0,90252.0,5067.0,60.0,409.216,7476721817.0
99.497,89.0,90252.0,5067.0,60.0,404.164,7476759850.0
99.598,89.0,90252.0,5067.0,59.0,407.635,7476794994.0
99.698,91.0,90252.0,5067.0,60.0,410.835,7476834665.0
99.798,91.0,90252.0,5067.0,60.0,406.474,7476885384.0
99.898,91.0,90252.0,5067.0,59.0,411.289,7476931111.0
99.998,91.0,90252.0,5067.0,60.0,414.478,7476970797.0
100.097,91.0,90252.0,5067.0,60.0,419.836,7477011031.0
100.198,91.0,90252.0,5067.0,59.0,422.852,7477055459.0
100.298,91.0,90252.0,5067.0,60.0,415.799,7477097786.0
100.398,91.0,90252.0,5067.0,60.0,416.463,7477136832.0
100.497,88.0,90252.0,5067.0,60.0,425.987,7477181269.0
100.598,88.0,90252.0,5067.0,59.0,420.438,7477217194.0
100.698,91.0,90252.0,5067.0,60.0,427.387,7477308798.0
100.798,91.0,90252.0,5067.0,59.0,420.461,7477344935.0
100.898,90.0,90252.0,5067.0,59.0,414.123,7477383204.0
100.998,90.0,90252.0,5067.0,59.0,408.735,7477418509.0
101.098,91.0,90252.0,5067.0,60.0,398.438,7477455453.0
101.198,91.0,90252.0,5067.0,59.0,409.52,7477545099.0
101.298,91.0,90252.0,5067.0,59.0,409.52,7477545099.0
101.398,91.0,90252.0,5067.0,59.0,402.558,7477584770.0
101.498,89.0,90252.0,5067.0,60.0,404.303,7477625217.0
101.598,89.0,90252.0,5067.0,59.0,402.888,7477666011.0
101.697,89.0,90252.0,5067.0,59.0,402.888,7477715683.0
101.798,91.0,90252.0,5067.0,59.0,407.464,7477715683.0
101.898,91.0,90252.0,5067.0,59.0,410.662,7477760878.0
101.998,90.0,90252.0,5067.0,59.0,434.431,7477846420.0
102.098,90.0,90252.0,5067.0,59.0,434.431,7477846420.0
102.198,90.0,90252.0,5067.0,59.0,423.473,7477888883.0
102.298,90.0,90252.0,5067.0,59.0,427.241,7477926828.0
102.397,90.0,90252.0,5067.0,59.0,430.488,7477976181.0
102.497,89.0,90252.0,5067.0,60.0,427.666,7478012900.0
102.598,89.0,90252.0,5067.0,59.0,434.355,7478053263.0
102.697,90.0,90252.0,5067.0,59.0,420.071,7478096221.0
102.798,90.0,90252.0,5067.0,59.0,414.41,7478133439.0
102.898,88.0,90252.0,5067.0,59.0,401.959,7478174485.0
102.998,88.0,90252.0,5067.0,59.0,401.924,7478206791.0
103.098,89.0,90252.0,5067.0,59.0,399.92,7478286638.0
103.198,89.0,90252.0,5067.0,59.0,402.074,7478324110.0
103.298,89.0,90252.0,5067.0,59.0,389.139,7478365329.0
103.398,89.0,90252.0,5067.0,59.0,385.36,7478403363.0
103.497,87.0,90252.0,5067.0,59.0,388.013,7478446513.0
103.598,87.0,90252.0,5067.0,59.0,388.471,7478526382.0
103.698,87.0,90252.0,5067.0,59.0,388.471,7478526382.0
103.798,87.0,90252.0,5067.0,59.0,389.033,7478560462.0
103.898,86.0,90252.0,5067.0,59.0,383.171,7478588936.0
103.998,86.0,90252.0,5067.0,59.0,386.739,7478635235.0
104.098,86.0,90252.0,5067.0,59.0,386.739,7478672902.0
104.198,88.0,90252.0,5067.0,59.0,390.909,7478672902.0
104.298,88.0,90252.0,5067.0,58.0,376.011,7478706154.0
104.398,87.0,90252.0,5067.0,58.0,395.664,7478797661.0
104.497,87.0,90252.0,5067.0,58.0,395.664,7478797661.0
104.597,85.0,90252.0,5067.0,58.0,380.72,7478831668.0
104.698,85.0,90252.0,5067.0,58.0,362.826,7478859412.0
104.798,85.0,90252.0,5067.0,58.0,347.723,7478879642.0
104.898,84.0,90252.0,5067.0,58.0,337.058,7478901750.0
104.998,84.0,90252.0,5067.0,58.0,319.837,7478924578.0
105.098,82.0,90252.0,5067.0,58.0,304.016,7478947207.0
105.198,82.0,90252.0,5067.0,57.0,300.583,7478972657.0
105.298,84.0,90252.0,5067.0,57.0,288.353,7478999958.0
105.398,84.0,90252.0,5067.0,57.0,277.608,7479039813.0
105.498,84.0,90252.0,5067.0,57.0,270.037,7479073634.0
105.598,84.0,90252.0,5067.0,57.0,270.34,7479136123.0
105.698,83.0,90252.0,5067.0,57.0,277.916,7479170948.0
105.798,83.0,90252.0,5067.0,56.0,300.777,7479212364.0
105.898,80.0,90252.0,5067.0,56.0,313.439,7479244183.0
105.998,80.0,90252.0,5067.0,56.0,322.976,7479270105.0
106.097,79.0,90252.0,5067.0,56.0,322.818,7479298874.0
106.198,79.0,90252.0,5067.0,56.0,335.958,7479337830.0
106.298,79.0,90252.0,5067.0,56.0,335.958,7479337830.0
106.398,78.0,90252.0,5067.0,56.0,332.393,7479368788.0
106.498,78.0,90252.0,5067.0,56.0,329.885,7479404784.0
106.598,79.0,90252.0,5067.0,56.0,342.185,7479440384.0
106.697,79.0,90252.0,5067.0,55.0,342.415,7479476352.0
106.798,79.0,90252.0,5067.0,55.0,342.995,7479505712.0
106.898,75.0,90252.0,5067.0,55.0,322.445,7479565726.0
106.998,75.0,90252.0,5067.0,55.0,322.445,7479565726.0
107.097,75.0,90252.0,5067.0,55.0,322.359,7479592705.0
107.198,76.0,90252.0,5067.0,55.0,325.91,7479623498.0
107.298,76.0,90252.0,5067.0,55.0,319.086,7479654023.0
107.398,76.0,90252.0,5067.0,55.0,315.881,7479681656.0
107.498,76.0,90252.0,5067.0,54.0,313.453,7479715876.0
107.598,74.0,90252.0,5067.0,54.0,305.666,7479774712.0
107.698,74.0,90252.0,5067.0,54.0,303.001,7479806513.0
107.798,76.0,90252.0,5067.0,54.0,296.305,7479829303.0
107.898,76.0,90252.0,5067.0,54.0,300.088,7479849394.0
107.998,69.0,90252.0,5067.0,52.0,274.897,7479875680.0
108.098,69.0,90252.0,5067.0,52.0,274.897,7479875680.0
108.198,0.0,90252.0,5067.0,51.0,254.986,7479888679.0
108.298,0.0,90252.0,5067.0,51.0,239.09,7479901705.0
108.398,0.0,90252.0,5067.0,50.0,210.407,7479934352.0
108.498,0.0,90252.0,5067.0,50.0,210.407,7479934352.0
108.598,54.0,90252.0,5067.0,57.0,232.068,7479991398.0
108.698,54.0,90252.0,5067.0,60.0,274.692,7480059789.0
108.798,100.0,90252.0,5067.0,63.0,311.233,7480127708.0
108.898,100.0,90252.0,5067.0,63.0,398.293,7480195724.0
108.998,100.0,90252.0,5067.0,65.0,446.782,7480265181.0
109.098,88.0,90252.0,5067.0,66.0,558.507,7480394933.0
109.198,88.0,90252.0,5067.0,66.0,558.507,7480394933.0
109.297,100.0,90252.0,5067.0,67.0,612.609,7480464752.0
109.398,100.0,90252.0,5067.0,67.0,664.171,7480532171.0
109.497,100.0,90252.0,5067.0,68.0,679.417,7480600937.0
109.598,100.0,90252.0,5067.0,67.0,676.98,7480736068.0
109.697,100.0,90252.0,5067.0,68.0,677.894,7480804777.0
109.798,100.0,90252.0,5067.0,69.0,675.819,7480872262.0
109.898,100.0,90252.0,5067.0,68.0,677.773,7480941222.0
109.998,100.0,90252.0,5067.0,69.0,682.15,7481005752.0
110.098,89.0,90252.0,5067.0,69.0,675.062,7481072649.0
110.198,89.0,90252.0,5067.0,69.0,677.518,7481143129.0
110.298,100.0,90252.0,5067.0,69.0,680.634,7481213350.0
110.398,100.0,90252.0,5067.0,69.0,680.327,7481284154.0
110.498,100.0,90252.0,5067.0,69.0,680.327,7481284154.0
110.598,100.0,90252.0,5067.0,69.0,680.988,7481352847.0
110.698,100.0,90252.0,5067.0,69.0,676.215,7481413428.0
110.798,90.0,90252.0,5067.0,69.0,677.395,7481481508.0
110.898,90.0,90252.0,5067.0,70.0,681.074,7481552928.0
110.998,100.0,90252.0,5067.0,70.0,679.677,7481619805.0
111.098,100.0,90252.0,5067.0,70.0,679.376,7481688778.0
111.198,100.0,90252.0,5067.0,69.0,685.613,7481755013.0
111.298,100.0,90252.0,5067.0,70.0,684.944,7481815416.0
111.398,92.0,90252.0,5067.0,66.0,653.849,7481855479.0
111.497,92.0,90252.0,5067.0,64.0,622.914,7481892967.0
111.598,89.0,90252.0,5067.0,64.0,596.156,7481967448.0
111.698,89.0,90252.0,5067.0,63.0,571.027,7482007681.0
111.798,87.0,90252.0,5067.0,63.0,543.452,7482045399.0
111.898,87.0,90252.0,5067.0,62.0,509.141,7482091442.0
111.998,89.0,90252.0,5067.0,62.0,478.805,7482127913.0
112.098,89.0,90252.0,5067.0,62.0,450.761,7482168092.0
112.198,89.0,90252.0,5067.0,61.0,430.93,7482208848.0
112.298,89.0,90252.0,5067.0,61.0,397.353,7482247295.0
112.398,88.0,90252.0,5067.0,61.0,393.091,7482286927.0
112.498,88.0,90252.0,5067.0,61.0,391.359,7482326831.0
112.598,89.0,90252.0,5067.0,61.0,391.309,7482365893.0
112.698,89.0,90252.0,5067.0,61.0,390.165,7482365893.0
112.798,88.0,90252.0,5067.0,61.0,387.946,7482402198.0
112.898,88.0,90252.0,5067.0,60.0,392.186,7482437908.0
112.998,90.0,90252.0,5067.0,60.0,399.151,7482489080.0
113.098,90.0,90252.0,5067.0,60.0,400.37,7482528997.0
113.198,90.0,90252.0,5067.0,60.0,400.478,7482571652.0
113.298,90.0,90252.0,5067.0,60.0,409.144,7482615040.0
113.398,89.0,90252.0,5067.0,60.0,414.751,7482651110.0
113.498,90.0,90252.0,5067.0,60.0,420.634,7482697771.0
113.598,88.0,90252.0,5067.0,60.0,429.03,7482786641.0
113.698,88.0,90252.0,5067.0,60.0,429.03,7482786641.0
113.798,88.0,90252.0,5067.0,60.0,434.105,7482828285.0
113.898,90.0,90252.0,5067.0,60.0,441.676,7482875714.0
113.998,90.0,90252.0,5067.0,60.0,436.953,7482924083.0
114.098,90.0,90252.0,5067.0,60.0,432.138,7483004779.0
114.198,90.0,90252.0,5067.0,60.0,424.378,7483036786.0
114.298,90.0,90252.0,5067.0,60.0,430.373,7483128472.0
114.398,90.0,90252.0,5067.0,60.0,430.373,7483128472.0
114.498,90.0,90252.0,5067.0,60.0,422.708,7483164583.0
114.598,90.0,90252.0,5067.0,60.0,421.97,7483207652.0
114.698,88.0,90252.0,5067.0,60.0,417.499,7483249696.0
114.798,88.0,90252.0,5067.0,60.0,418.433,7483288359.0
114.898,90.0,90252.0,5067.0,60.0,401.148,7483331861.0
114.998,90.0,90252.0,5067.0,60.0,408.477,7483372926.0
115.098,88.0,90252.0,5067.0,60.0,404.459,7483413235.0
115.198,88.0,90252.0,5067.0,60.0,404.459,7483413235.0
115.298,88.0,90252.0,5067.0,60.0,413.921,7483455383.0
115.398,91.0,90252.0,5067.0,60.0,422.766,7483505662.0
115.498,91.0,90252.0,5067.0,60.0,415.985,7483547796.0
115.598,91.0,90252.0,5067.0,60.0,421.312,7483590038.0
115.698,91.0,90252.0,5067.0,60.0,422.98,7483632578.0
115.798,89.0,90252.0,5067.0,60.0,415.895,7483709673.0
115.898,89.0,90252.0,5067.0,60.0,415.895,7483709673.0
115.998,91.0,90252.0,5067.0,60.0,426.43,7483757879.0
116.098,89.0,90252.0,5067.0,60.0,434.805,7483807540.0
116.198,89.0,90252.0,5067.0,60.0,436.86,7483853038.0
116.298,91.0,90252.0,5067.0,60.0,422.634,7483891144.0
116.398,91.0,90252.0,5067.0,60.0,424.582,7483929637.0
116.498,91.0,90252.0,5067.0,60.0,422.822,7484009568.0
116.598,89.0,90252.0,5067.0,60.0,428.026,7484101731.0
116.698,89.0,90252.0,5067.0,60.0,428.026,7484101731.0
116.798,89.0,90252.0,5067.0,59.0,432.806,7484144817.0
116.898,91.0,90252.0,5067.0,60.0,427.473,7484183630.0
116.998,91.0,90252.0,5067.0,60.0,419.814,7484218849.0
117.097,89.0,90252.0,5067.0,60.0,409.007,7484257174.0
117.197,89.0,90252.0,5067.0,60.0,408.739,7484304393.0
117.298,91.0,90252.0,5067.0,60.0,417.327,7484351067.0
117.398,91.0,90252.0,5067.0,60.0,422.654,7484398975.0
117.498,91.0,90252.0,5067.0,60.0,432.208,7484441527.0
117.598,91.0,90252.0,5067.0,59.0,435.005,7484441527.0
117.698,89.0,90252.0,5067.0,60.0,430.072,7484483234.0
117.798,89.0,90252.0,5067.0,59.0,424.548,7484525236.0
117.898,89.0,90252.0,5067.0,59.0,419.217,7484567067.0
117.998,89.0,90252.0,5067.0,59.0,416.729,7484604799.0
118.098,87.0,90252.0,5067.0,59.0,415.617,7484638054.0
118.198,87.0,90252.0,5067.0,59.0,413.306,7484674109.0
118.298,90.0,90252.0,5067.0,59.0,406.332,7484715075.0
118.398,90.0,90252.0,5067.0,59.0,402.506,7484754447.0
118.497,89.0,90252.0,5067.0,59.0,398.001,7484798595.0
118.598,89.0,90252.0,5067.0,59.0,390.183,7484837309.0
118.697,87.0,90252.0,5067.0,59.0,389.965,7484878808.0
118.798,87.0,90252.0,5067.0,59.0,386.196,7484914658.0
118.898,89.0,90252.0,5067.0,59.0,394.337,7485028643.0
118.998,89.0,90252.0,5067.0,59.0,394.337,7485028643.0
119.097,87.0,90252.0,5067.0,59.0,396.346,7485067739.0
119.198,87.0,90252.0,5067.0,59.0,385.902,7485097913.0
119.298,88.0,90252.0,5067.0,59.0,393.623,7485146530.0
119.398,87.0,90252.0,5067.0,59.0,377.389,7485214955.0
119.498,87.0,90252.0,5067.0,59.0,377.389,7485214955.0
119.597,87.0,90252.0,5067.0,59.0,374.536,7485249574.0
119.698,86.0,90252.0,5067.0,59.0,384.479,7485300644.0
119.798,86.0,90252.0,5067.0,59.0,394.007,7485348359.0
119.898,88.0,90252.0,5067.0,59.0,405.262,7485394593.0
119.998,88.0,90252.0,5067.0,58.0,406.018,7485436676.0
120.098,87.0,90252.0,5067.0,58.0,395.253,7485436676.0
120.198,87.0,90252.0,5067.0,58.0,401.954,7485463702.0
120.298,85.0,90252.0,5067.0,58.0,401.465,7485504027.0
120.398,86.0,90252.0,5067.0,58.0,384.798,7485578822.0
120.498,86.0,90252.0,5067.0,58.0,384.798,7485578822.0
120.598,86.0,90252.0,5067.0,58.0,389.166,7485604121.0
120.698,85.0,90252.0,5067.0,58.0,372.989,7485634818.0
120.798,85.0,90252.0,5067.0,58.0,363.825,7485672546.0
120.898,83.0,90252.0,5067.0,58.0,352.733,7485705873.0
120.998,85.0,90252.0,5067.0,58.0,349.931,7485782848.0
121.098,85.0,90252.0,5067.0,58.0,349.931,7485782848.0
121.198,85.0,90252.0,5067.0,58.0,356.187,7485817746.0
121.298,84.0,90252.0,5067.0,57.0,351.1,7485858889.0
121.398,84.0,90252.0,5067.0,57.0,345.67,7485926102.0
121.498,83.0,90252.0,5067.0,58.0,356.023,7485962233.0
121.598,83.0,90252.0,5067.0,57.0,360.563,7485996261.0
121.698,85.0,90252.0,5067.0,58.0,358.631,7486032031.0
121.798,85.0,90252.0,5067.0,57.0,360.786,7486073844.0
121.898,85.0,90252.0,5067.0,57.0,361.643,7486109870.0
121.998,85.0,90252.0,5067.0,57.0,353.584,7486142547.0
122.098,83.0,90252.0,5067.0,57.0,354.291,7486172009.0
122.198,83.0,90252.0,5067.0,57.0,346.837,7486210929.0
122.298,83.0,90252.0,5067.0,57.0,346.837,7486210929.0
122.398,84.0,90252.0,5067.0,57.0,348.555,7486247958.0
122.498,84.0,90252.0,5067.0,57.0,351.181,7486280410.0
122.597,83.0,90252.0,5067.0,57.0,344.787,7486308960.0
122.698,83.0,90252.0,5067.0,57.0,348.235,7486347072.0
122.798,81.0,90252.0,5067.0,57.0,343.534,7486375993.0
122.898,81.0,90252.0,5067.0,56.0,336.463,7486406665.0
122.998,81.0,90252.0,5067.0,56.0,327.308,7486437514.0
123.098,81.0,90252.0,5067.0,56.0,325.014,7486464236.0
123.198,79.0,90252.0,5067.0,56.0,305.412,7486523938.0
123.298,79.0,90252.0,5067.0,56.0,305.412,7486523938.0
123.397,79.0,90252.0,5067.0,56.0,300.883,7486551443.0
123.498,80.0,90252.0,5067.0,56.0,314.568,7486582045.0
123.597,80.0,90252.0,5067.0,56.0,304.861,7486623681.0
123.697,80.0,90252.0,5067.0,56.0,311.146,7486649693.0
123.798,80.0,90252.0,5067.0,56.0,307.017,7486714039.0
123.897,79.0,90252.0,5067.0,56.0,303.646,7486740423.0
123.997,79.0,90252.0,5067.0,55.0,301.794,7486764093.0
124.097,72.0,90252.0,5067.0,54.0,289.909,7486782735.0
124.198,72.0,90252.0,5067.0,53.0,277.617,7486796862.0
124.298,0.0,90252.0,5067.0,52.0,262.113,7486810241.0
124.398,0.0,90252.0,5067.0,51.0,245.81,7486823181.0
124.498,0.0,90252.0,5067.0,51.0,245.81,7486823181.0
124.598,0.0,90252.0,5067.0,51.0,216.46,7486836281.0
124.698,0.0,90252.0,5067.0,51.0,207.747,7486859290.0
124.798,48.0,90252.0,5067.0,57.0,225.759,7486917103.0
124.898,48.0,90252.0,5067.0,61.0,268.898,7486984580.0
124.998,100.0,90252.0,5067.0,63.0,305.602,7487053196.0
125.098,100.0,90252.0,5067.0,64.0,348.483,7487120791.0
125.198,100.0,90252.0,5067.0,65.0,403.209,7487190875.0
125.298,100.0,90252.0,5067.0,63.0,498.827,7487255796.0
125.398,93.0,90252.0,5067.0,66.0,561.179,7487325219.0
125.498,100.0,90252.0,5067.0,67.0,616.236,7487393620.0
125.598,100.0,90252.0,5067.0,67.0,661.487,7487461699.0
125.698,100.0,90252.0,5067.0,68.0,677.429,7487593812.0
125.798,100.0,90252.0,5067.0,68.0,675.047,7487661836.0
125.898,100.0,90252.0,5067.0,68.0,676.71,7487731281.0
125.998,100.0,90252.0,5067.0,69.0,676.385,7487798717.0
126.098,100.0,90252.0,5067.0,69.0,674.966,7487865963.0
126.198,100.0,90252.0,5067.0,69.0,682.253,7487932548.0
126.298,93.0,90252.0,5067.0,69.0,679.258,7488069894.0
126.398,93.0,90252.0,5067.0,69.0,679.258,7488069894.0
126.498,93.0,90252.0,5067.0,69.0,679.258,7488139069.0
126.598,100.0,90252.0,5067.0,69.0,681.465,7488139069.0
126.698,100.0,90252.0,5067.0,70.0,680.198,7488208168.0
126.818,100.0,90252.0,5067.0,68.0,679.525,7488338042.0
126.898,100.0,90252.0,5067.0,68.0,679.525,7488338042.0
126.998,95.0,90252.0,5067.0,69.0,679.811,7488475918.0
127.098,100.0,90252.0,5067.0,70.0,678.028,7488544176.0
127.198,100.0,90252.0,5067.0,70.0,678.028,7488544176.0
127.298,100.0,90252.0,5067.0,70.0,678.487,7488613511.0
127.398,100.0,90252.0,5067.0,67.0,663.862,7488659731.0
127.498,100.0,90252.0,5067.0,65.0,635.155,7488700431.0
127.598,88.0,90252.0,5067.0,64.0,610.222,7488745119.0
127.698,89.0,90252.0,5067.0,63.0,538.936,7488824131.0
127.798,89.0,90252.0,5067.0,63.0,538.936,7488824131.0
127.898,89.0,90252.0,5067.0,62.0,506.118,7488907142.0
127.998,89.0,90252.0,5067.0,62.0,478.44,7488950056.0
128.098,87.0,90252.0,5067.0,62.0,447.817,7488989157.0
128.198,87.0,90252.0,5067.0,61.0,414.974,7489025476.0
128.298,89.0,90252.0,5067.0,61.0,406.124,7489069697.0
128.398,89.0,90252.0,5067.0,61.0,403.717,7489109065.0
128.498,88.0,90252.0,5067.0,61.0,398.935,7489141745.0
128.598,88.0,90252.0,5067.0,61.0,404.261,7489188326.0
128.698,90.0,90252.0,5067.0,61.0,405.729,7489230886.0
128.798,90.0,90252.0,5067.0,61.0,394.32,7489265587.0
128.898,90.0,90252.0,5067.0,61.0,394.32,7489308500.0
128.998,90.0,90252.0,5067.0,60.0,402.72,7489308500.0
129.098,90.0,90252.0,5067.0,60.0,393.268,7489347766.0
129.198,88.0,90252.0,5067.0,60.0,398.8,7489385619.0
129.298,88.0,90252.0,5067.0,60.0,397.331,7489424885.0
129.398,90.0,90252.0,5067.0,60.0,396.842,7489466380.0
129.498,90.0,90252.0,5067.0,60.0,401.13,7489509840.0
129.598,89.0,90252.0,5067.0,60.0,400.197,7489545527.0
129.698,89.0,90252.0,5067.0,60.0,395.884,7489585501.0
129.798,90.0,90252.0,5067.0,60.0,398.476,7489631338.0
129.898,90.0,90252.0,5067.0,60.0,408.02,7489673028.0
129.998,90.0,90252.0,5067.0,60.0,403.841,7489715035.0
130.098,90.0,90252.0,5067.0,60.0,415.411,7489761083.0
130.198,88.0,90252.0,5067.0,60.0,414.027,7489799358.0
130.298,88.0,90252.0,5067.0,60.0,419.18,7489879882.0
130.398,90.0,90252.0,5067.0,60.0,414.7,7489918912.0
130.497,90.0,90252.0,5067.0,60.0,412.083,7489968678.0
130.598,89.0,90252.0,5067.0,60.0,424.069,7490004838.0
130.698,89.0,90252.0,5067.0,60.0,422.138,7490051905.0
130.798,91.0,90252.0,5067.0,60.0,425.726,7490089930.0
130.898,91.0,90252.0,5067.0,60.0,422.044,7490136077.0
130.998,91.0,90252.0,5067.0,60.0,425.642,7490174355.0
131.098,91.0,90252.0,5067.0,60.0,417.228,7490215319.0
131.198,89.0,90252.0,5067.0,60.0,415.788,7490258032.0
131.298,89.0,90252.0,5067.0,60.0,413.467,7490301549.0
131.398,91.0,90252.0,5067.0,60.0,421.673,7490346431.0
131.498,91.0,90252.0,5067.0,60.0,429.38,7490346431.0
131.598,89.0,90252.0,5067.0,60.0,418.003,7490383836.0
131.698,89.0,90252.0,5067.0,60.0,416.166,7490420251.0
131.798,91.0,90252.0,5067.0,60.0,409.532,7490466434.0
131.898,91.0,90252.0,5067.0,60.0,416.391,7490508655.0
131.998,91.0,90252.0,5067.0,60.0,413.289,7490550112.0
132.098,91.0,90252.0,5067.0,60.0,416.169,7490592100.0
132.198,89.0,90252.0,5067.0,60.0,420.434,7490638683.0
132.298,91.0,90252.0,5067.0,60.0,418.462,7490721062.0
132.398,91.0,90252.0,5067.0,60.0,418.462,7490721062.0
132.498,91.0,90252.0,5067.0,60.0,415.27,7490762130.0
132.598,89.0,90252.0,5067.0,60.0,417.037,7490801087.0
132.698,89.0,90252.0,5067.0,60.0,419.972,7490838810.0
132.798,90.0,90252.0,5067.0,60.0,409.536,7490876134.0
132.898,90.0,90252.0,5067.0,60.0,406.957,7490956646.0
132.998,90.0,90252.0,5067.0,60.0,413.441,7491007304.0
133.098,88.0,90252.0,5067.0,60.0,412.701,7491047966.0
133.198,88.0,90252.0,5067.0,59.0,417.539,7491096259.0
133.298,90.0,90252.0,5067.0,60.0,410.025,7491133702.0
133.398,90.0,90252.0,5067.0,60.0,414.691,7491176459.0
133.497,89.0,90252.0,5067.0,59.0,418.097,7491216940.0
133.598,89.0,90252.0,5067.0,59.0,418.985,7491257043.0
133.698,89.0,90252.0,5067.0,59.0,417.959,7491296981.0
133.798,89.0,90252.0,5067.0,59.0,423.94,7491336326.0
133.898,89.0,90252.0,5067.0,59.0,423.94,7491336326.0
133.998,89.0,90252.0,5067.0,59.0,421.677,7491377160.0
134.098,89.0,90252.0,5067.0,59.0,405.556,7491410947.0
134.198,87.0,90252.0,5067.0,59.0,395.516,7491444301.0
134.298,87.0,90252.0,5067.0,59.0,393.449,7491486165.0
134.398,89.0,90252.0,5067.0,59.0,396.058,7491528761.0
134.497,89.0,90252.0,5067.0,59.0,399.311,7491571651.0
134.598,89.0,90252.0,5067.0,59.0,397.476,7491613524.0
134.698,89.0,90252.0,5067.0,59.0,397.439,7491652762.0
134.798,89.0,90252.0,5067.0,59.0,398.598,7491696408.0
134.898,89.0,90252.0,5067.0,59.0,401.013,7491737561.0
134.997,89.0,90252.0,5067.0,59.0,400.543,7491778545.0
135.097,86.0,90252.0,5067.0,59.0,410.962,7491855676.0
135.198,87.0,90252.0,5067.0,59.0,386.905,7491916808.0
135.298,87.0,90252.0,5067.0,59.0,386.905,7491916808.0
135.398,87.0,90252.0,5067.0,59.0,384.275,7491956380.0
135.498,87.0,90252.0,5067.0,59.0,385.377,7491999255.0
135.598,87.0,90252.0,5067.0,59.0,374.593,7492028917.0
135.698,86.0,90252.0,5067.0,59.0,365.859,7492061760.0
135.798,86.0,90252.0,5067.0,58.0,364.407,7492100659.0
135.898,87.0,90252.0,5067.0,59.0,358.854,7492135728.0
135.998,87.0,90252.0,5067.0,59.0,362.355,7492178824.0
136.098,87.0,90252.0,5067.0,59.0,362.355,7492223298.0
136.198,86.0,90252.0,5067.0,58.0,368.541,7492223298.0
136.298,86.0,90252.0,5067.0,58.0,372.045,7492264916.0
136.398,85.0,90252.0,5067.0,58.0,379.831,7492296020.0
136.497,85.0,90252.0,5067.0,58.0,380.183,7492336378.0
136.598,86.0,90252.0,5067.0,58.0,367.131,7492367423.0
136.698,85.0,90252.0,5067.0,58.0,371.139,7492434154.0
136.798,85.0,90252.0,5067.0,58.0,371.139,7492434154.0
136.898,85.0,90252.0,5067.0,58.0,360.153,7492461491.0
136.998,83.0,90252.0,5067.0,58.0,362.652,7492499027.0
137.098,83.0,90252.0,5067.0,58.0,361.182,7492539159.0
137.198,84.0,90252.0,5067.0,58.0,346.795,7492570491.0
137.298,84.0,90252.0,5067.0,58.0,342.788,7492607787.0
137.398,84.0,90252.0,5067.0,58.0,358.544,7492654964.0
137.497,84.0,90252.0,5067.0,57.0,354.481,7492720374.0
137.597,83.0,90252.0,5067.0,57.0,352.856,7492754055.0
137.698,83.0,90252.0,5067.0,57.0,360.814,7492791647.0
137.798,83.0,90252.0,5067.0,57.0,358.399,7492821319.0
137.898,83.0,90252.0,5067.0,57.0,365.821,7492865405.0
137.998,83.0,90252.0,5067.0,57.0,358.893,7492899152.0
138.098,80.0,90252.0,5067.0,57.0,358.23,7492932004.0
138.197,80.0,90252.0,5067.0,56.0,365.978,7492975072.0
138.298,79.0,90252.0,5067.0,56.0,356.507,7493013056.0
138.398,79.0,90252.0,5067.0,56.0,344.158,7493039485.0
138.498,80.0,90252.0,5067.0,56.0,352.964,7493076544.0
138.598,80.0,90252.0,5067.0,56.0,352.964,7493076544.0
138.698,80.0,90252.0,5067.0,56.0,348.841,7493103907.0
138.798,80.0,90252.0,5067.0,56.0,342.655,7493136113.0
138.898,80.0,90252.0,5067.0,56.0,339.475,7493163186.0
138.998,79.0,90252.0,5067.0,56.0,334.781,7493199618.0
139.098,79.0,90252.0,5067.0,56.0,324.642,7493222812.0
139.198,80.0,90252.0,5067.0,56.0,324.335,7493257825.0
139.298,80.0,90252.0,5067.0,55.0,309.187,7493285005.0
139.398,76.0,90252.0,5067.0,55.0,294.587,7493309314.0
139.498,76.0,90252.0,5067.0,55.0,296.553,7493335970.0
139.598,76.0,90252.0,5067.0,55.0,294.734,7493371253.0
139.698,76.0,90252.0,5067.0,55.0,285.726,7493389827.0
139.797,77.0,90252.0,5067.0,55.0,287.768,7493422401.0
139.898,77.0,90252.0,5067.0,55.0,288.459,7493475942.0
139.997,76.0,90252.0,5067.0,55.0,277.597,7493504479.0
140.097,76.0,90252.0,5067.0,55.0,283.743,7493532216.0
140.197,71.0,90252.0,5067.0,54.0,275.366,7493549639.0
140.298,71.0,90252.0,5067.0,53.0,262.941,7493562701.0
140.398,0.0,90252.0,5067.0,52.0,250.949,7493575708.0
140.498,0.0,90252.0,5067.0,51.0,234.907,7493588678.0
140.598,0.0,90252.0,5067.0,51.0,216.436,7493602475.0
140.698,0.0,90252.0,5067.0,50.0,215.548,7493646569.0
140.798,76.0,90252.0,5067.0,52.0,237.588,7493716481.0
140.898,76.0,90252.0,5067.0,59.0,268.985,7493785226.0
140.998,100.0,90252.0,5067.0,62.0,321.169,7493785226.0
141.098,100.0,90252.0,5067.0,64.0,401.868,7493922187.0
141.198,100.0,90252.0,5067.0,64.0,401.868,7493922187.0
141.298,100.0,90252.0,5067.0,65.0,442.85,7493985946.0
141.398,100.0,90252.0,5067.0,66.0,506.907,7494055021.0
141.498,100.0,90252.0,5067.0,66.0,560.744,7494122579.0
141.598,100.0,90252.0,5067.0,66.0,615.99,7494192495.0
141.698,100.0,90252.0,5067.0,68.0,660.386,7494260295.0
141.798,93.0,90252.0,5067.0,68.0,677.529,7494459895.0
141.898,93.0,90252.0,5067.0,68.0,677.529,7494459895.0
141.998,100.0,90252.0,5067.0,68.0,674.429,7494529042.0
142.098,100.0,90252.0,5067.0,68.0,674.597,7494597130.0
142.197,100.0,90252.0,5067.0,69.0,673.005,7494664154.0
142.298,94.0,90252.0,5067.0,68.0,666.581,7494723179.0
142.398,94.0,90252.0,5067.0,69.0,670.883,7494792429.0
142.498,100.0,90252.0,5067.0,70.0,671.959,7494863794.0
142.598,100.0,90252.0,5067.0,69.0,671.409,7494931820.0
142.698,100.0,90252.0,5067.0,69.0,671.409,7494931820.0
142.798,100.0,90252.0,5067.0,69.0,676.422,7495000428.0
142.898,100.0,90252.0,5067.0,68.0,659.923,7495061937.0
142.998,85.0,90252.0,5067.0,65.0,622.753,7495089543.0
143.098,85.0,90252.0,5067.0,63.0,598.23,7495132263.0
143.198,85.0,90252.0,5067.0,63.0,565.346,7495169395.0
143.298,82.0,90252.0,5067.0,61.0,507.197,7495235533.0
143.398,82.0,90252.0,5067.0,61.0,507.197,7495235533.0
143.498,82.0,90252.0,5067.0,61.0,465.073,7495264339.0
143.598,86.0,90252.0,5067.0,60.0,432.22,7495297543.0
143.698,86.0,90252.0,5067.0,60.0,394.423,7495331178.0
143.798,84.0,90252.0,5067.0,60.0,364.563,7495365048.0
143.898,84.0,90252.0,5067.0,60.0,333.375,7495394745.0
143.998,85.0,90252.0,5067.0,59.0,341.089,7495468383.0
144.097,85.0,90252.0,5067.0,59.0,337.443,7495505149.0
144.198,86.0,90252.0,5067.0,59.0,337.019,7495539136.0
144.298,86.0,90252.0,5067.0,59.0,331.723,7495578630.0
144.398,84.0,90252.0,5067.0,59.0,341.551,7495615333.0
144.497,85.0,90252.0,5067.0,59.0,349.167,7495647853.0
144.598,85.0,90252.0,5067.0,59.0,351.184,7495682167.0
144.698,84.0,90252.0,5067.0,59.0,348.394,7495715718.0
144.797,84.0,90252.0,5067.0,59.0,359.632,7495754892.0
144.898,86.0,90252.0,5067.0,59.0,355.217,7495783670.0
144.998,86.0,90252.0,5067.0,59.0,350.489,7495820278.0
145.097,86.0,90252.0,5067.0,59.0,350.489,7495854733.0
145.197,85.0,90252.0,5067.0,58.0,348.325,7495854733.0
145.298,85.0,90252.0,5067.0,58.0,353.928,7495891813.0
145.398,83.0,90252.0,5067.0,58.0,343.487,7495920147.0
145.498,83.0,90252.0,5067.0,58.0,344.765,7495960473.0
145.598,85.0,90252.0,5067.0,58.0,351.257,7495998436.0
145.698,85.0,90252.0,5067.0,58.0,351.306,7496034160.0
145.798,84.0,90252.0,5067.0,58.0,355.848,7496067019.0
145.898,84.0,90252.0,5067.0,58.0,349.375,7496103661.0
145.998,85.0,90252.0,5067.0,58.0,356.783,7496141167.0
146.098,85.0,90252.0,5067.0,58.0,353.661,7496174934.0
146.198,85.0,90252.0,5067.0,58.0,353.246,7496205974.0
146.298,84.0,90252.0,5067.0,58.0,363.132,7496281511.0
146.398,84.0,90252.0,5067.0,58.0,363.132,7496281511.0
146.497,84.0,90252.0,5067.0,58.0,359.547,7496355346.0
146.598,85.0,90252.0,5067.0,58.0,359.285,7496392607.0
146.697,85.0,90252.0,5067.0,58.0,357.231,7496427437.0
146.798,85.0,90252.0,5067.0,58.0,361.333,7496463314.0
146.897,85.0,90252.0,5067.0,58.0,359.41,7496503555.0
146.998,85.0,90252.0,5067.0,58.0,360.572,7496534494.0
147.098,86.0,90252.0,5067.0,58.0,358.661,7496606552.0
147.198,86.0,90252.0,5067.0,58.0,358.661,7496606552.0
147.298,84.0,90252.0,5067.0,58.0,362.474,7496644683.0
147.398,84.0,90252.0,5067.0,58.0,360.007,7496677956.0
147.498,86.0,90252.0,5067.0,58.0,361.838,7496720636.0
147.598,86.0,90252.0,5067.0,58.0,361.838,7496756948.0
147.698,86.0,90252.0,5067.0,58.0,365.645,7496792744.0
147.798,86.0,90252.0,5067.0,58.0,373.212,7496838602.0
147.898,86.0,90252.0,5067.0,58.0,373.212,7496838602.0
147.998,86.0,90252.0,5067.0,58.0,365.404,7496868651.0
148.098,86.0,90252.0,5067.0,58.0,379.923,7496911111.0
148.198,86.0,90252.0,5067.0,58.0,377.942,7496945906.0
148.298,86.0,90252.0,5067.0,58.0,380.398,7496988665.0
148.398,84.0,90252.0,5067.0,58.0,385.115,7497026593.0
148.498,84.0,90252.0,5067.0,58.0,389.87,7497064415.0
148.598,86.0,90252.0,5067.0,58.0,394.847,7497111130.0
148.698,86.0,90252.0,5067.0,58.0,386.391,7497144891.0
148.798,86.0,90252.0,5067.0,58.0,391.395,7497180793.0
148.898,86.0,90252.0,5067.0,58.0,383.858,7497221063.0
148.998,85.0,90252.0,5067.0,58.0,397.24,7497305134.0
149.098,85.0,90252.0,5067.0,58.0,394.286,7497347813.0
149.198,86.0,90252.0,5067.0,58.0,405.875,7497390110.0
149.297,86.0,90252.0,5067.0,58.0,404.358,7497436306.0
149.398,86.0,90252.0,5067.0,58.0,410.433,7497472124.0
149.497,86.0,90252.0,5067.0,58.0,406.992,7497513580.0
149.598,84.0,90252.0,5067.0,58.0,392.002,7497566497.0
149.698,84.0,90252.0,5067.0,58.0,392.002,7497566497.0
149.798,86.0,90252.0,5067.0,58.0,380.736,7497594214.0
149.898,82.0,90252.0,5067.0,58.0,359.972,7497624174.0
149.998,82.0,90252.0,5067.0,58.0,352.242,7497660656.0
150.097,84.0,90252.0,5067.0,57.0,342.614,7497694982.0
150.198,84.0,90252.0,5067.0,57.0,342.614,7497694982.0
150.298,84.0,90252.0,5067.0,58.0,335.931,7497733042.0
150.398,84.0,90252.0,5067.0,57.0,326.595,7497764242.0
150.498,84.0,90252.0,5067.0,57.0,321.614,7497798338.0
150.598,83.0,90252.0,5067.0,57.0,326.762,7497839794.0
150.698,83.0,90252.0,5067.0,57.0,343.008,7497880542.0
150.798,84.0,90252.0,5067.0,57.0,355.843,7497918694.0
150.898,84.0,90252.0,5067.0,57.0,358.729,7497950356.0
150.998,84.0,90252.0,5067.0,57.0,361.649,7497989071.0
151.098,84.0,90252.0,5067.0,57.0,354.978,7498016500.0
151.197,82.0,90252.0,5067.0,57.0,348.92,7498044382.0
151.298,82.0,90252.0,5067.0,57.0,349.338,7498085696.0
151.398,84.0,90252.0,5067.0,57.0,355.398,7498118689.0
151.498,84.0,90252.0,5067.0,57.0,351.77,7498225460.0
151.598,84.0,90252.0,5067.0,57.0,351.77,7498225460.0
151.698,84.0,90252.0,5067.0,57.0,345.162,7498259493.0
151.798,82.0,90252.0,5067.0,57.0,339.554,7498291064.0
151.898,82.0,90252.0,5067.0,57.0,338.563,7498324708.0
151.998,81.0,90252.0,5067.0,57.0,338.766,7498356067.0
152.098,81.0,90252.0,5067.0,56.0,340.265,7498389629.0
152.198,79.0,90252.0,5067.0,56.0,347.723,7498423002.0
152.298,78.0,90252.0,5067.0,56.0,331.84,7498451752.0
152.398,78.0,90252.0,5067.0,56.0,335.294,7498490817.0
152.498,80.0,90252.0,5067.0,56.0,328.743,7498524496.0
152.598,80.0,90252.0,5067.0,56.0,328.743,7498555332.0
152.698,80.0,90252.0,5067.0,56.0,324.337,7498555332.0
152.798,80.0,90252.0,5067.0,56.0,326.697,7498585605.0
152.898,80.0,90252.0,5067.0,56.0,328.205,7498617613.0
152.998,78.0,90252.0,5067.0,56.0,318.955,7498649343.0
153.098,79.0,90252.0,5067.0,55.0,313.128,7498706639.0
153.198,79.0,90252.0,5067.0,55.0,313.128,7498706639.0
153.298,79.0,90252.0,5067.0,55.0,317.266,7498737787.0
153.398,79.0,90252.0,5067.0,55.0,309.893,7498767983.0
153.498,79.0,90252.0,5067.0,55.0,308.178,7498798683.0
153.598,78.0,90252.0,5067.0,55.0,302.612,7498825906.0
153.698,78.0,90252.0,5067.0,55.0,303.66,7498854953.0
153.798,80.0,90252.0,5067.0,55.0,296.965,7498882828.0
153.898,80.0,90252.0,5067.0,55.0,297.697,7498911709.0
153.998,79.0,90252.0,5067.0,55.0,303.932,7498946433.0
154.098,79.0,90252.0,5067.0,55.0,309.928,7499006545.0
154.198,77.0,90252.0,5067.0,55.0,305.409,7499036236.0
154.297,77.0,90252.0,5067.0,55.0,301.171,7499068533.0
154.398,75.0,90252.0,5067.0,55.0,301.903,7499097350.0
154.497,75.0,90252.0,5067.0,55.0,299.42,7499127637.0
154.598,76.0,90252.0,5067.0,54.0,300.472,7499152386.0
154.698,76.0,90252.0,5067.0,54.0,301.468,7499185736.0
154.798,76.0,90252.0,5067.0,54.0,306.518,7499214205.0
154.898,76.0,90252.0,5067.0,54.0,301.096,7499243670.0
154.998,75.0,90252.0,5067.0,54.0,287.232,7499270769.0
155.097,75.0,90252.0,5067.0,54.0,287.232,7499300259.0
155.198,76.0,90252.0,5067.0,54.0,295.31,7499300259.0
155.298,76.0,90252.0,5067.0,54.0,290.242,7499329169.0
155.398,76.0,90252.0,5067.0,54.0,290.242,7499329169.0
155.497,76.0,90252.0,5067.0,54.0,290.242,7499329169.0
155.598,76.0,90252.0,5067.0,54.0,290.242,7499329169.0
155.698,74.0,90252.0,5067.0,52.0,281.756,7499443512.0
155.798,14.0,90252.0,5067.0,51.0,261.48,7499457983.0
155.898,14.0,90252.0,5067.0,51.0,249.818,7499483809.0
155.997,14.0,90252.0,5067.0,51.0,249.818,7499497087.0
156.098,0.0,90252.0,5067.0,50.0,222.912,7499497087.0
156.198,0.0,90252.0,5067.0,50.0,200.999,7499497087.0
156.298,0.0,90252.0,5067.0,50.0,190.084,7499523582.0
156.398,0.0,90252.0,5067.0,49.0,175.348,7499536800.0
156.498,0.0,90252.0,5067.0,49.0,156.846,7499549982.0
156.598,0.0,90252.0,5067.0,49.0,141.991,7499563175.0
156.698,0.0,90252.0,5067.0,49.0,132.134,7499576360.0
156.798,0.0,90252.0,5067.0,49.0,131.695,7499589533.0
156.898,0.0,90252.0,5067.0,49.0,131.96,7499602684.0
156.998,0.0,90252.0,5067.0,49.0,131.88,7499628970.0
157.098,0.0,90252.0,5067.0,49.0,131.88,7499628970.0
157.198,0.0,90252.0,5067.0,48.0,131.764,7499655181.0
157.298,0.0,90252.0,5067.0,48.0,131.621,7499668287.0
157.398,0.0,90252.0,5067.0,48.0,131.54,7499681402.0
157.498,0.0,90252.0,5067.0,48.0,131.444,7499694470.0
157.598,0.0,90252.0,5067.0,48.0,131.347,7499707561.0
157.698,0.0,90252.0,5067.0,48.0,131.197,7499733768.0
157.798,0.0,90252.0,5067.0,48.0,131.197,7499733768.0
157.898,0.0,90252.0,5067.0,48.0,131.148,7499733768.0
157.998,0.0,90252.0,5067.0,48.0,131.111,7499746845.0
158.098,0.0,90252.0,5067.0,48.0,131.063,7499759940.0
158.197,0.0,90252.0,5067.0,48.0,131.07,7499773032.0
158.298,0.0,90252.0,5067.0,48.0,131.059,7499786107.0
158.398,0.0,90252.0,5067.0,48.0,130.946,7499812259.0
158.498,0.0,90252.0,5067.0,48.0,130.946,7499812259.0
158.598,0.0,90252.0,5067.0,48.0,130.939,7499825318.0
158.698,0.0,90252.0,5067.0,48.0,130.907,7499838379.0
158.798,0.0,90252.0,5067.0,48.0,130.862,7499851438.0
158.898,0.0,90252.0,5067.0,48.0,130.823,7499864496.0
158.998,0.0,90252.0,5067.0,48.0,130.795,7499877556.0
159.098,0.0,90252.0,5067.0,48.0,130.737,7499890579.0
159.198,0.0,90252.0,5067.0,48.0,130.681,7499903617.0
159.298,0.0,90252.0,5067.0,48.0,130.614,7499916663.0
159.398,0.0,90252.0,5067.0,48.0,130.584,7499929677.0
159.497,0.0,90252.0,5067.0,48.0,130.541,7499955840.0
159.598,0.0,90252.0,5067.0,48.0,130.523,7499968839.0
159.698,0.0,90252.0,5067.0,48.0,130.516,7499981897.0
159.798,0.0,90252.0,5067.0,48.0,130.502,7499994948.0
159.898,0.0,90252.0,5067.0,48.0,130.506,7500021041.0
159.998,0.0,90252.0,5067.0,48.0,130.506,7500021041.0
160.098,0.0,90252.0,5067.0,48.0,130.483,7500034064.0
160.198,0.0,90252.0,5067.0,47.0,130.482,7500047115.0
160.298,0.0,90252.0,5067.0,47.0,130.497,7500060153.0
160.398,0.0,90252.0,5067.0,47.0,130.495,7500073164.0
160.498,0.0,90252.0,5067.0,47.0,130.485,7500086190.0
160.598,0.0,90252.0,5067.0,47.0,130.472,7500099226.0
160.698,0.0,90252.0,5067.0,47.0,130.433,7500112250.0
160.798,0.0,90252.0,5067.0,47.0,130.407,7500125260.0
160.898,0.0,90252.0,5067.0,47.0,130.363,7500138271.0
160.998,0.0,90252.0,5067.0,47.0,130.363,7500138271.0
161.098,0.0,90252.0,5067.0,47.0,130.332,7500151312.0
161.198,0.0,90252.0,5067.0,47.0,130.375,7500164343.0
161.298,0.0,90252.0,5067.0,47.0,130.342,7500177373.0
161.398,0.0,90252.0,5067.0,47.0,130.367,7500190417.0
161.498,0.0,90252.0,5067.0,47.0,130.373,7500203457.0
161.598,0.0,90252.0,5067.0,47.0,130.364,7500216489.0
161.698,0.0,90252.0,5067.0,47.0,130.365,7500229521.0
161.798,0.0,90252.0,5067.0,47.0,130.37,7500242526.0
161.898,0.0,90252.0,5067.0,47.0,130.377,7500255560.0
161.998,0.0,90252.0,5067.0,47.0,130.379,7500268560.0
162.098,0.0,90252.0,5067.0,47.0,130.306,7500294598.0
162.198,0.0,90252.0,5067.0,47.0,130.306,7500294598.0
162.298,0.0,90252.0,5067.0,47.0,130.302,7500307608.0
162.398,0.0,90252.0,5067.0,47.0,130.255,7500320615.0
162.498,0.0,90252.0,5067.0,47.0,130.234,7500333621.0
162.598,0.0,90252.0,5067.0,47.0,130.205,7500359630.0
162.698,0.0,90252.0,5067.0,47.0,130.191,7500372659.0
162.798,0.0,90252.0,5067.0,47.0,130.189,7500385674.0
162.898,0.0,90252.0,5067.0,47.0,130.196,7500398701.0
162.998,0.0,90252.0,5067.0,47.0,130.187,7500411703.0
163.098,0.0,90252.0,5067.0,47.0,130.156,7500424682.0
163.198,0.0,90252.0,5067.0,47.0,130.171,7500437694.0
163.297,0.0,90252.0,5067.0,47.0,130.174,7500450706.0
163.398,0.0,90252.0,5067.0,47.0,130.165,7500463697.0
163.498,0.0,90252.0,5067.0,47.0,130.143,7500476673.0
163.598,0.0,90252.0,5067.0,47.0,130.169,7500489680.0
163.697,0.0,90252.0,5067.0,47.0,130.133,7500502670.0
163.798,0.0,90252.0,5067.0,47.0,130.128,7500515684.0
163.898,0.0,90252.0,5067.0,47.0,130.078,7500528661.0
163.998,0.0,90252.0,5067.0,47.0,130.072,7500541679.0
164.098,0.0,90252.0,5067.0,47.0,130.094,7500541679.0
164.198,0.0,90252.0,5067.0,47.0,130.069,7500554677.0
164.298,0.0,90252.0,5067.0,47.0,130.108,7500580719.0
164.398,0.0,90252.0,5067.0,47.0,130.108,7500580719.0
164.497,0.0,90252.0,5067.0,47.0,130.139,7500593750.0
164.598,0.0,90252.0,5067.0,47.0,130.145,7500606761.0
164.698,0.0,90252.0,5067.0,47.0,130.158,7500619761.0
164.798,0.0,90252.0,5067.0,47.0,130.202,7500632787.0
164.898,0.0,90252.0,5067.0,47.0,130.221,7500645815.0
164.998,0.0,90252.0,5067.0,47.0,130.211,7500671787.0
165.098,0.0,90252.0,5067.0,47.0,130.211,7500671787.0
165.198,0.0,90252.0,5067.0,47.0,130.207,7500684801.0
165.298,0.0,90252.0,5067.0,47.0,130.186,7500697800.0
165.398,0.0,90252.0,5067.0,47.0,130.154,7500710798.0
165.498,0.0,90252.0,5067.0,47.0,130.158,7500723810.0
165.598,0.0,90252.0,5067.0,47.0,130.147,7500736833.0
165.698,0.0,90252.0,5067.0,47.0,130.093,7500775829.0
165.798,0.0,90252.0,5067.0,47.0,130.091,7500788844.0
165.898,0.0,90252.0,5067.0,47.0,130.091,7500788844.0
165.998,0.0,90252.0,5067.0,47.0,130.105,7500801846.0
166.098,0.0,90252.0,5067.0,47.0,130.128,7500814822.0
166.198,0.0,90252.0,5067.0,47.0,130.086,7500827815.0
166.297,0.0,90252.0,5067.0,47.0,130.08,7500840834.0
166.398,0.0,90252.0,5067.0,47.0,130.085,7500853821.0
166.498,0.0,90252.0,5067.0,47.0,130.068,7500866818.0
166.598,0.0,90252.0,5067.0,47.0,130.029,7500879814.0
166.698,0.0,90252.0,5067.0,47.0,130.03,7500892828.0
166.798,0.0,90252.0,5067.0,47.0,130.052,7500905810.0
166.898,0.0,90252.0,5067.0,47.0,130.052,7500918803.0
166.998,0.0,90252.0,5067.0,47.0,130.026,7500931775.0
167.098,0.0,90252.0,5067.0,47.0,130.0,7500944767.0
167.198,0.0,90252.0,5067.0,47.0,130.0,7500957755.0
167.298,0.0,90252.0,5067.0,47.0,130.013,7500957755.0
167.398,0.0,90252.0,5067.0,47.0,129.989,7500970738.0
167.498,0.0,90252.0,5067.0,47.0,129.994,7500983710.0
167.598,0.0,90252.0,5067.0,47.0,130.026,7500996714.0
167.698,0.0,90252.0,5067.0,47.0,130.003,7501009694.0
167.798,0.0,90252.0,5067.0,47.0,129.988,7501022688.0
167.897,0.0,90252.0,5067.0,47.0,129.999,7501035672.0
167.998,0.0,90252.0,5067.0,47.0,129.972,7501048687.0
168.098,0.0,90252.0,5067.0,47.0,129.983,7501061686.0
168.198,0.0,90252.0,5067.0,47.0,129.989,7501074670.0
168.298,0.0,90252.0,5067.0,47.0,130.001,7501087644.0
168.398,0.0,90252.0,5067.0,47.0,130.015,7501100648.0
168.498,0.0,90252.0,5067.0,47.0,130.01,7501113622.0
168.598,0.0,90252.0,5067.0,47.0,129.991,7501126602.0
168.698,0.0,90252.0,5067.0,47.0,129.969,7501139597.0
168.798,0.0,90252.0,5067.0,47.0,129.972,7501152584.0
168.898,0.0,90252.0,5067.0,47.0,129.948,7501178538.0
168.998,0.0,90252.0,5067.0,47.0,129.956,7501191521.0
169.098,0.0,90252.0,5067.0,47.0,129.917,7501204499.0
169.198,0.0,90252.0,5067.0,47.0,129.92,7501217504.0
169.298,0.0,90252.0,5067.0,47.0,129.921,7501230484.0
169.398,0.0,90252.0,5067.0,47.0,129.921,7501243463.0
169.498,0.0,90252.0,5067.0,47.0,129.896,7501256440.0
169.598,0.0,90252.0,5067.0,47.0,129.875,7501269417.0
169.698,0.0,90252.0,5067.0,47.0,129.906,7501282450.0
169.798,0.0,90252.0,5067.0,47.0,129.944,7501295435.0
169.897,0.0,90252.0,5067.0,47.0,129.959,7501308415.0
169.998,0.0,90252.0,5067.0,47.0,129.932,7501321419.0
170.098,0.0,90252.0,5067.0,47.0,129.964,7501334407.0
170.198,0.0,90252.0,5067.0,47.0,129.963,7501347392.0
170.298,0.0,90252.0,5067.0,47.0,129.967,7501360383.0
170.398,0.0,90252.0,5067.0,47.0,129.967,7501373373.0
170.498,0.0,90252.0,5067.0,47.0,129.987,7501373373.0
170.598,0.0,90252.0,5067.0,47.0,129.975,7501386343.0
170.698,0.0,90252.0,5067.0,47.0,129.972,7501399314.0
170.797,0.0,90252.0,5067.0,47.0,129.965,7501412314.0
170.898,0.0,90252.0,5067.0,47.0,129.968,7501425342.0
170.998,0.0,90252.0,5067.0,47.0,129.991,7501438322.0
171.098,0.0,90252.0,5067.0,47.0,129.994,7501451307.0
171.197,0.0,90252.0,5067.0,47.0,129.998,7501464318.0
171.298,0.0,90252.0,5067.0,47.0,129.992,7501477293.0
171.398,0.0,90252.0,5067.0,47.0,130.007,7501490279.0
171.498,0.0,90252.0,5067.0,47.0,130.016,7501503287.0
171.598,0.0,90252.0,5067.0,47.0,129.969,7501516258.0
171.698,0.0,90252.0,5067.0,47.0,129.978,7501529219.0
171.798,0.0,90252.0,5067.0,47.0,129.959,7501542186.0
171.898,0.0,90252.0,5067.0,47.0,129.952,7501555182.0
171.997,0.0,90252.0,5067.0,47.0,129.933,7501568160.0
172.098,0.0,90252.0,5067.0,47.0,129.889,7501594095.0
172.198,0.0,90252.0,5067.0,47.0,129.831,7501607059.0
172.298,0.0,90252.0,5067.0,47.0,129.838,7501620049.0
172.398,0.0,90252.0,5067.0,47.0,129.823,7501633014.0
172.497,0.0,90252.0,5067.0,47.0,129.757,7501645980.0
172.598,0.0,90252.0,5067.0,47.0,129.81,7501658957.0
172.698,0.0,90252.0,5067.0,47.0,129.796,7501671927.0
172.797,0.0,90252.0,5067.0,47.0,129.814,7501684935.0
172.898,0.0,90252.0,5067.0,47.0,129.829,7501697916.0
172.998,0.0,90252.0,5067.0,47.0,129.838,7501710914.0
173.097,0.0,90252.0,5067.0,47.0,129.848,7501723878.0
173.198,0.0,90252.0,5067.0,47.0,129.88,7501736840.0
173.297,0.0,90252.0,5067.0,47.0,129.871,7501749818.0
173.398,0.0,90252.0,5067.0,47.0,129.873,7501762783.0
173.498,0.0,90252.0,5067.0,47.0,129.871,7501775760.0
173.598,0.0,90252.0,5067.0,47.0,129.871,7501775760.0
173.698,0.0,90252.0,5067.0,47.0,129.891,7501788751.0
173.798,0.0,90252.0,5067.0,47.0,129.879,7501801702.0
173.897,0.0,90252.0,5067.0,47.0,129.786,7501814651.0
173.997,0.0,90252.0,5067.0,47.0,129.705,7501827596.0
174.097,0.0,90252.0,5067.0,47.0,129.678,7501840531.0
174.198,0.0,90252.0,5067.0,47.0,129.665,7501853502.0
174.297,0.0,90252.0,5067.0,47.0,129.625,7501866454.0
174.398,0.0,90252.0,5067.0,47.0,129.6,7501879396.0
174.498,0.0,90252.0,5067.0,47.0,129.641,7501892359.0
174.598,0.0,90252.0,5067.0,47.0,129.606,7501905341.0
174.698,0.0,90252.0,5067.0,47.0,129.607,7501918293.0
174.798,0.0,90252.0,5067.0,47.0,129.673,7501931258.0
174.898,0.0,90252.0,5067.0,47.0,129.664,7501944230.0
174.998,0.0,90252.0,5067.0,47.0,129.704,7501957215.0
175.098,0.0,90252.0,5067.0,47.0,129.688,7501970185.0
175.198,0.0,90252.0,5067.0,47.0,129.685,7501983126.0
175.298,0.0,90252.0,5067.0,47.0,129.699,7502009057.0
175.398,0.0,90252.0,5067.0,47.0,129.728,7502022035.0
175.498,0.0,90252.0,5067.0,47.0,129.691,7502035010.0
175.598,0.0,90252.0,5067.0,47.0,129.71,7502047983.0
175.698,0.0,90252.0,5067.0,47.0,129.727,7502060954.0
175.798,0.0,90252.0,5067.0,47.0,129.69,7502073916.0
175.898,0.0,90252.0,5067.0,47.0,129.705,7502086916.0
175.998,0.0,90252.0,5067.0,47.0,129.71,7502099865.0
176.098,0.0,90252.0,5067.0,47.0,129.711,7502112848.0
176.198,0.0,90252.0,5067.0,47.0,129.744,7502125773.0
176.298,0.0,90252.0,5067.0,47.0,129.736,7502138727.0
176.398,0.0,90252.0,5067.0,47.0,129.721,7502151667.0
176.498,0.0,90252.0,5067.0,47.0,129.717,7502177598.0
176.598,0.0,90252.0,5067.0,47.0,129.717,7502177598.0
176.698,0.0,90252.0,5067.0,47.0,129.717,7502190615.0
176.798,0.0,90252.0,5067.0,47.0,129.723,7502190615.0
176.898,0.0,90252.0,5067.0,47.0,129.753,7502203567.0
176.998,0.0,90252.0,5067.0,47.0,129.73,7502216514.0
177.098,0.0,90252.0,5067.0,47.0,129.713,7502229490.0
177.198,0.0,90252.0,5067.0,47.0,129.683,7502242449.0
177.298,0.0,90252.0,5067.0,47.0,129.657,7502255367.0
177.398,0.0,90252.0,5067.0,47.0,129.616,7502268286.0
177.498,0.0,90252.0,5067.0,47.0,129.585,7502281191.0
177.598,0.0,90252.0,5067.0,47.0,129.514,7502294126.0
177.698,0.0,90252.0,5067.0,47.0,129.48,7502307031.0
177.798,0.0,90252.0,5067.0,47.0,129.412,7502319947.0
177.898,0.0,90252.0,5067.0,47.0,129.327,7502345806.0
177.998,0.0,90252.0,5067.0,47.0,129.327,7502345806.0
178.098,0.0,90252.0,5067.0,47.0,129.24,7502358695.0
178.198,0.0,90252.0,5067.0,47.0,129.232,7502371598.0
178.298,0.0,90252.0,5067.0,47.0,129.252,7502384531.0
178.398,0.0,90252.0,5067.0,47.0,129.264,7502397438.0
178.498,0.0,90252.0,5067.0,47.0,129.228,7502423280.0
178.598,0.0,90252.0,5067.0,47.0,129.2,7502449119.0
178.697,0.0,90252.0,5067.0,47.0,129.2,7502449119.0
178.798,0.0,90252.0,5067.0,47.0,129.28,7502462109.0
178.898,0.0,90252.0,5067.0,47.0,129.327,7502475098.0
178.998,0.0,90252.0,5067.0,47.0,129.42,7502488056.0
179.098,0.0,90252.0,5067.0,47.0,129.487,7502501003.0
179.198,0.0,90252.0,5067.0,47.0,129.531,7502513976.0
179.298,0.0,90252.0,5067.0,47.0,129.611,7502539914.0
179.398,0.0,90252.0,5067.0,47.0,129.611,7502539914.0
179.498,0.0,90252.0,5067.0,47.0,129.64,7502552867.0
179.598,0.0,90252.0,5067.0,47.0,129.697,7502565820.0
179.698,0.0,90252.0,5067.0,47.0,129.737,7502578788.0
179.798,0.0,90252.0,5067.0,47.0,129.742,7502591750.0
179.898,0.0,90252.0,5067.0,47.0,129.696,7502604701.0
179.998,0.0,90252.0,5067.0,47.0,129.696,7502617632.0
180.098,0.0,90252.0,5067.0,47.0,129.661,7502617632.0
180.198,0.0,90252.0,5067.0,47.0,129.649,7502630578.0
180.298,0.0,90252.0,5067.0,47.0,129.622,7502643531.0
180.398,0.0,90252.0,5067.0,47.0,129.594,7502656516.0
180.500,0.0,90252.0,5067.0,47.0,129.592,7502682409.0
180.598,0.0,90252.0,5067.0,47.0,129.592,7502682409.0
180.698,0.0,90252.0,5067.0,47.0,129.576,7502708326.0
180.798,0.0,90252.0,5067.0,47.0,129.576,7502708326.0
180.898,0.0,90252.0,5067.0,47.0,129.619,7502721290.0
180.998,0.0,90252.0,5067.0,47.0,129.638,7502734253.0
181.098,0.0,90252.0,5067.0,47.0,129.633,7502747205.0
181.198,0.0,90252.0,5067.0,47.0,129.652,7502760144.0
181.298,0.0,90252.0,5067.0,47.0,129.666,7502773113.0
181.398,0.0,90252.0,5067.0,47.0,129.66,7502786091.0
181.498,0.0,90252.0,5067.0,47.0,129.705,7502824991.0
181.598,0.0,90252.0,5067.0,47.0,129.705,7502824991.0
181.698,0.0,90252.0,5067.0,47.0,129.702,7502837975.0
181.798,0.0,90252.0,5067.0,47.0,129.744,7502850940.0
181.898,0.0,90252.0,5067.0,47.0,129.717,7502863921.0
181.998,0.0,90252.0,5067.0,47.0,129.763,7502876888.0
182.098,0.0,90252.0,5067.0,47.0,129.777,7502889852.0
182.197,0.0,90252.0,5067.0,47.0,129.801,7502902815.0
182.298,0.0,90252.0,5067.0,47.0,129.772,7502915814.0
182.398,0.0,90252.0,5067.0,47.0,129.814,7502928775.0
182.498,0.0,90252.0,5067.0,47.0,129.802,7502941775.0
182.598,0.0,90252.0,5067.0,47.0,129.832,7502954723.0
182.698,0.0,90252.0,5067.0,47.0,129.834,7502967676.0
182.798,0.0,90252.0,5067.0,47.0,129.811,7502980625.0
182.898,0.0,90252.0,5067.0,47.0,129.796,7502993603.0
182.998,0.0,90252.0,5067.0,47.0,129.752,7503006522.0
183.098,0.0,90252.0,5067.0,47.0,129.752,7503006522.0
183.198,0.0,90252.0,5067.0,47.0,129.72,7503019489.0
183.298,0.0,90252.0,5067.0,47.0,129.764,7503032460.0
183.398,0.0,90252.0,5067.0,47.0,129.734,7503045455.0
183.498,0.0,90252.0,5067.0,47.0,129.703,7503058406.0
183.598,0.0,90252.0,5067.0,47.0,129.705,7503071377.0
183.698,0.0,90252.0,5067.0,47.0,129.686,7503084349.0
183.798,0.0,90252.0,5067.0,47.0,129.685,7503110252.0
183.898,0.0,90252.0,5067.0,47.0,129.685,7503110252.0
183.997,0.0,90252.0,5067.0,47.0,129.69,7503123232.0
184.097,0.0,90252.0,5067.0,47.0,129.689,7503136178.0
184.198,0.0,90252.0,5067.0,47.0,129.716,7503149148.0
184.297,0.0,90252.0,5067.0,47.0,129.699,7503162137.0
184.398,0.0,90252.0,5067.0,47.0,129.676,7503175101.0
184.498,0.0,90252.0,5067.0,47.0,129.681,7503188056.0
184.598,0.0,90252.0,5067.0,47.0,129.737,7503213984.0
184.698,0.0,90252.0,5067.0,47.0,129.737,7503213984.0
184.798,0.0,90252.0,5067.0,47.0,129.769,7503239942.0
184.898,0.0,90252.0,5067.0,47.0,129.728,7503252896.0
184.997,0.0,90252.0,5067.0,47.0,129.735,7503265839.0
185.098,0.0,90252.0,5067.0,47.0,129.729,7503278783.0
185.197,0.0,90252.0,5067.0,47.0,129.714,7503291776.0
185.297,0.0,90252.0,5067.0,47.0,129.688,7503304725.0
185.398,0.0,90252.0,5067.0,47.0,129.681,7503317676.0
185.498,0.0,90252.0,5067.0,47.0,129.662,7503330615.0
185.598,0.0,90252.0,5067.0,47.0,129.633,7503343546.0
185.697,0.0,90252.0,5067.0,47.0,129.6,7503356490.0
185.798,0.0,90252.0,5067.0,47.0,129.578,7503369453.0
185.897,0.0,90252.0,5067.0,47.0,129.568,7503382420.0
185.998,0.0,90252.0,5067.0,47.0,129.579,7503395372.0
186.097,0.0,90252.0,5067.0,47.0,129.584,7503408344.0
186.198,0.0,90252.0,5067.0,47.0,129.584,7503421281.0
186.297,0.0,90252.0,5067.0,47.0,129.573,7503421281.0
186.398,0.0,90252.0,5067.0,47.0,129.552,7503434224.0
186.498,0.0,90252.0,5067.0,47.0,129.575,7503447177.0
186.598,0.0,90252.0,5067.0,47.0,129.553,7503460119.0
186.698,0.0,90252.0,5067.0,47.0,129.59,7503473056.0
186.797,0.0,90252.0,5067.0,47.0,129.553,7503486010.0
186.898,0.0,90252.0,5067.0,47.0,129.611,7503498973.0
186.998,0.0,90252.0,5067.0,47.0,129.572,7503524856.0
187.098,0.0,90252.0,5067.0,47.0,129.572,7503524856.0
187.198,0.0,90252.0,5067.0,47.0,129.608,7503537806.0
187.298,0.0,90252.0,5067.0,46.0,129.611,7503550759.0
187.398,0.0,90252.0,5067.0,46.0,129.609,7503563735.0
187.498,0.0,90252.0,5067.0,47.0,129.612,7503576693.0
187.598,0.0,90252.0,5067.0,47.0,129.601,7503589635.0
187.698,0.0,90252.0,5067.0,46.0,129.608,7503615525.0
187.798,0.0,90252.0,5067.0,46.0,129.608,7503615525.0
187.898,0.0,90252.0,5067.0,46.0,129.581,7503641433.0
187.997,0.0,90252.0,5067.0,46.0,129.593,7503654372.0
188.098,0.0,90252.0,5067.0,46.0,129.602,7503667326.0
188.198,0.0,90252.0,5067.0,46.0,129.579,7503680279.0
188.298,0.0,90252.0,5067.0,46.0,129.569,7503693205.0
188.398,0.0,90252.0,5067.0,46.0,129.542,7503706129.0
188.497,0.0,90252.0,5067.0,46.0,129.542,7503719073.0
188.598,0.0,90252.0,5067.0,46.0,129.548,7503732018.0
188.698,0.0,90252.0,5067.0,46.0,129.541,7503744974.0
188.798,0.0,90252.0,5067.0,46.0,129.541,7503757911.0
188.898,0.0,90252.0,5067.0,46.0,129.556,7503770851.0
188.998,0.0,90252.0,5067.0,46.0,129.551,7503783791.0
189.098,0.0,90252.0,5067.0,46.0,129.54,7503796751.0
189.198,0.0,90252.0,5067.0,46.0,129.566,7503822660.0
189.298,0.0,90252.0,5067.0,46.0,129.566,7503822660.0
189.398,0.0,90252.0,5067.0,46.0,129.566,7503835607.0
189.498,0.0,90252.0,5067.0,46.0,129.6,7503835607.0
189.598,0.0,90252.0,5067.0,46.0,129.606,7503848576.0
189.698,0.0,90252.0,5067.0,46.0,129.646,7503861566.0
189.798,0.0,90252.0,5067.0,46.0,129.655,7503874530.0
189.898,0.0,90252.0,5067.0,46.0,129.657,7503887470.0
189.997,0.0,90252.0,5067.0,46.0,129.636,7503900413.0
190.098,0.0,90252.0,5067.0,46.0,129.606,7503913364.0
190.197,0.0,90252.0,5067.0,46.0,129.606,7503926275.0
190.298,0.0,90252.0,5067.0,46.0,129.581,7503939224.0
190.398,0.0,90252.0,5067.0,46.0,129.572,7503952178.0
190.497,0.0,90252.0,5067.0,46.0,129.589,7503965147.0
190.598,0.0,90252.0,5067.0,46.0,129.571,7503978105.0
190.698,0.0,90252.0,5067.0,46.0,129.557,7503991045.0
190.798,0.0,90252.0,5067.0,46.0,129.579,7504004036.0
190.898,0.0,90252.0,5067.0,46.0,129.586,7504029974.0
190.998,0.0,90252.0,5067.0,46.0,129.653,7504042926.0
191.098,0.0,90252.0,5067.0,46.0,129.666,7504055874.0
191.198,0.0,90252.0,5067.0,46.0,129.66,7504068811.0
191.298,0.0,90252.0,5067.0,46.0,129.64,7504081755.0
191.398,0.0,90252.0,5067.0,46.0,129.616,7504094673.0
191.498,0.0,90252.0,5067.0,46.0,129.602,7504107606.0
191.598,0.0,90252.0,5067.0,46.0,129.583,7504120577.0
191.698,0.0,90252.0,5067.0,46.0,129.581,7504133516.0
191.798,0.0,90252.0,5067.0,46.0,129.549,7504146452.0
191.898,0.0,90252.0,5067.0,46.0,129.519,7504159406.0
191.998,0.0,90252.0,5067.0,46.0,129.504,7504172373.0
192.098,0.0,90252.0,5067.0,46.0,129.524,7504185338.0
192.198,0.0,90252.0,5067.0,46.0,129.564,7504198290.0
192.297,0.0,90252.0,5067.0,46.0,129.59,7504211255.0
192.398,0.0,90252.0,5067.0,46.0,129.61,7504211255.0
192.498,0.0,90252.0,5067.0,46.0,129.607,7504224203.0
192.598,0.0,90252.0,5067.0,46.0,129.607,7504237167.0
192.698,0.0,90252.0,5067.0,46.0,129.645,7504250110.0
192.798,0.0,90252.0,5067.0,46.0,129.639,7504263065.0
192.898,0.0,90252.0,5067.0,46.0,129.663,7504276027.0
192.998,0.0,90252.0,5067.0,46.0,129.666,7504289000.0
193.098,0.0,90252.0,5067.0,46.0,129.658,7504301926.0
193.198,0.0,90252.0,5067.0,46.0,129.638,7504314890.0
193.298,0.0,90252.0,5067.0,46.0,129.615,7504327829.0
193.398,0.0,90252.0,5067.0,46.0,129.59,7504340754.0
193.497,0.0,90252.0,5067.0,46.0,129.629,7504353710.0
193.598,0.0,90252.0,5067.0,46.0,129.615,7504366681.0
193.698,0.0,90252.0,5067.0,46.0,129.638,7504392595.0
193.798,0.0,90252.0,5067.0,46.0,129.638,7504392595.0
193.897,0.0,90252.0,5067.0,46.0,129.607,7504405552.0
193.998,0.0,90252.0,5067.0,46.0,129.623,7504418512.0
194.098,0.0,90252.0,5067.0,46.0,129.613,7504444410.0
194.198,0.0,90252.0,5067.0,46.0,129.609,7504457376.0
194.297,0.0,90252.0,5067.0,46.0,129.642,7504470316.0
194.398,0.0,90252.0,5067.0,46.0,129.633,7504483274.0
194.498,0.0,90252.0,5067.0,46.0,129.6,7504496219.0
194.598,0.0,90252.0,5067.0,46.0,129.613,7504522142.0
194.698,0.0,90252.0,5067.0,46.0,129.613,7504522142.0
194.798,0.0,90252.0,5067.0,46.0,129.588,7504535078.0
194.898,0.0,90252.0,5067.0,46.0,129.585,7504548016.0
194.998,0.0,90252.0,5067.0,46.0,129.573,7504560989.0
195.098,0.0,90252.0,5067.0,46.0,129.56,7504573928.0
195.198,0.0,90252.0,5067.0,46.0,129.504,7504599760.0
195.297,0.0,90252.0,5067.0,46.0,129.504,7504599760.0
195.398,0.0,90252.0,5067.0,46.0,129.53,7504612694.0
195.498,0.0,90252.0,5067.0,46.0,129.53,7504625633.0
195.598,0.0,90252.0,5067.0,46.0,129.509,7504625633.0
195.698,0.0,90252.0,5067.0,46.0,129.506,7504638581.0
195.798,0.0,90252.0,5067.0,46.0,129.486,7504651509.0
195.898,0.0,90252.0,5067.0,46.0,129.459,7504664451.0
195.998,0.0,90252.0,5067.0,46.0,129.448,7504677373.0
196.098,0.0,90252.0,5067.0,46.0,129.412,7504690316.0
196.198,0.0,90252.0,5067.0,46.0,129.447,7504703245.0
196.298,0.0,90252.0,5067.0,46.0,129.442,7504716193.0
196.398,74.0,90252.0,5067.0,51.0,203.31,7504760281.0
196.498,74.0,90252.0,5067.0,56.0,257.834,7504826937.0
196.598,100.0,90252.0,5067.0,60.0,314.944,7504892932.0
196.698,100.0,90252.0,5067.0,62.0,424.148,7505029246.0
196.798,100.0,90252.0,5067.0,62.0,424.148,7505029246.0
196.898,100.0,90252.0,5067.0,62.0,477.638,7505163763.0
196.998,92.0,90252.0,5067.0,64.0,531.1,7505230064.0
197.098,92.0,90252.0,5067.0,64.0,586.782,7505298836.0
197.198,100.0,90252.0,5067.0,65.0,641.745,7505366229.0
197.297,100.0,90252.0,5067.0,65.0,670.977,7505435432.0
197.398,100.0,90252.0,5067.0,64.0,662.82,7505477674.0
197.498,0.0,90252.0,5067.0,55.0,561.195,7505519470.0
197.598,0.0,90252.0,5067.0,55.0,561.195,7505519470.0
197.698,0.0,90252.0,5067.0,62.0,562.543,7505587397.0
197.798,100.0,90252.0,5067.0,64.0,559.781,7505587397.0
197.898,100.0,90252.0,5067.0,65.0,559.652,7505654354.0
197.998,100.0,90252.0,5067.0,65.0,564.74,7505723858.0
198.098,100.0,90252.0,5067.0,65.0,564.236,7505794334.0
198.198,87.0,90252.0,5067.0,67.0,560.382,7505925692.0
198.298,87.0,90252.0,5067.0,67.0,560.382,7505925692.0
198.398,100.0,90252.0,5067.0,67.0,567.295,7505993669.0
198.498,100.0,90252.0,5067.0,67.0,629.311,7506060927.0
198.598,100.0,90252.0,5067.0,67.0,674.253,7506129732.0
198.698,100.0,90252.0,5067.0,67.0,672.701,7506198048.0
198.798,92.0,90252.0,5067.0,68.0,674.388,7506261692.0
198.898,92.0,90252.0,5067.0,68.0,676.689,7506329635.0
198.998,100.0,90252.0,5067.0,68.0,674.384,7506469370.0
199.097,100.0,90252.0,5067.0,68.0,679.483,7506540329.0
199.198,97.0,90252.0,5067.0,65.0,663.076,7506585130.0
199.298,97.0,90252.0,5067.0,64.0,635.445,7506624777.0
199.398,94.0,90252.0,5067.0,63.0,610.917,7506666662.0
199.498,94.0,90252.0,5067.0,63.0,610.917,7506666662.0
199.597,94.0,90252.0,5067.0,63.0,590.216,7506712259.0
199.698,91.0,90252.0,5067.0,62.0,542.288,7506794500.0
199.797,91.0,90252.0,5067.0,62.0,542.288,7506794500.0
199.898,94.0,90252.0,5067.0,62.0,514.371,7506836571.0
199.998,94.0,90252.0,5067.0,61.0,491.519,7506879729.0
200.098,94.0,90252.0,5067.0,61.0,457.856,7506916756.0
200.198,94.0,90252.0,5067.0,61.0,424.556,7506955702.0
200.298,94.0,90252.0,5067.0,61.0,411.551,7506997733.0
200.398,94.0,90252.0,5067.0,61.0,413.461,7507079813.0
200.498,94.0,90252.0,5067.0,61.0,413.461,7507079813.0
200.598,92.0,90252.0,5067.0,61.0,406.883,7507122837.0
200.698,92.0,90252.0,5067.0,60.0,403.655,7507160038.0
200.798,94.0,90252.0,5067.0,60.0,399.253,7507233566.0
200.898,94.0,90252.0,5067.0,60.0,394.852,7507273839.0
200.998,94.0,90252.0,5067.0,60.0,401.375,7507316821.0
201.098,94.0,90252.0,5067.0,60.0,415.352,7507367087.0
201.198,94.0,90252.0,5067.0,60.0,411.719,7507406109.0
201.298,94.0,90252.0,5067.0,60.0,409.6,7507442905.0
201.398,94.0,90252.0,5067.0,60.0,405.714,7507483186.0
201.498,94.0,90252.0,5067.0,60.0,402.98,7507527850.0
201.598,92.0,90252.0,5067.0,60.0,412.572,7507573909.0
201.698,92.0,90252.0,5067.0,60.0,423.058,7507620870.0
201.798,92.0,90252.0,5067.0,60.0,423.058,7507661368.0
201.898,94.0,90252.0,5067.0,60.0,426.489,7507661368.0
201.997,94.0,90252.0,5067.0,60.0,429.147,7507705166.0
202.098,94.0,90252.0,5067.0,60.0,429.05,7507744722.0
202.198,94.0,90252.0,5067.0,60.0,425.143,7507790790.0
202.298,94.0,90252.0,5067.0,60.0,421.211,7507825197.0
202.398,94.0,90252.0,5067.0,60.0,415.543,7507862000.0
202.498,94.0,90252.0,5067.0,60.0,421.902,7507904770.0
202.598,92.0,90252.0,5067.0,60.0,422.212,7507994519.0
202.698,92.0,90252.0,5067.0,60.0,422.212,7507994519.0
202.798,92.0,90252.0,5067.0,60.0,419.552,7508042175.0
202.898,94.0,90252.0,5067.0,60.0,428.314,7508086075.0
202.998,93.0,90252.0,5067.0,60.0,431.323,7508133262.0
203.098,93.0,90252.0,5067.0,60.0,426.698,7508216202.0
203.198,94.0,90252.0,5067.0,60.0,429.717,7508258794.0
203.298,94.0,90252.0,5067.0,60.0,440.863,7508348808.0
203.398,94.0,90252.0,5067.0,60.0,440.863,7508348808.0
203.498,94.0,90252.0,5067.0,60.0,443.655,7508393690.0
203.598,92.0,90252.0,5067.0,60.0,444.663,7508436781.0
203.698,92.0,90252.0,5067.0,60.0,440.757,7508483044.0
203.797,93.0,90252.0,5067.0,60.0,435.061,7508522787.0
203.898,94.0,90252.0,5067.0,60.0,425.831,7508561288.0
203.998,92.0,90252.0,5067.0,60.0,429.508,7508604378.0
204.098,94.0,90252.0,5067.0,60.0,426.623,7508642509.0
204.197,94.0,90252.0,5067.0,60.0,426.623,7508642509.0
204.298,94.0,90252.0,5067.0,60.0,419.817,7508684054.0
204.398,94.0,90252.0,5067.0,60.0,418.721,7508728931.0
204.498,94.0,90252.0,5067.0,60.0,418.213,7508769481.0
204.598,93.0,90252.0,5067.0,60.0,417.564,7508813026.0
204.698,93.0,90252.0,5067.0,60.0,421.519,7508856277.0
204.798,94.0,90252.0,5067.0,60.0,426.639,7508904137.0
204.898,92.0,90252.0,5067.0,60.0,421.434,7508991345.0
204.998,92.0,90252.0,5067.0,60.0,421.434,7508991345.0
205.098,92.0,90252.0,5067.0,60.0,417.061,7509025750.0
205.197,94.0,90252.0,5067.0,60.0,409.392,7509060073.0
205.298,94.0,90252.0,5067.0,60.0,409.035,7509096606.0
205.398,94.0,90252.0,5067.0,60.0,411.635,7509138006.0
205.498,94.0,90252.0,5067.0,60.0,404.511,7509221072.0
205.598,91.0,90252.0,5067.0,60.0,409.1,7509312968.0
205.698,91.0,90252.0,5067.0,60.0,409.1,7509312968.0
205.797,91.0,90252.0,5067.0,59.0,401.65,7509354865.0
205.898,91.0,90252.0,5067.0,59.0,404.408,7509395776.0
205.998,88.0,90252.0,5067.0,59.0,410.403,7509439670.0
206.098,88.0,90252.0,5067.0,59.0,416.929,7509478528.0
206.198,91.0,90252.0,5067.0,59.0,429.9,7509528891.0
206.297,91.0,90252.0,5067.0,59.0,429.9,7509574165.0
206.398,91.0,90252.0,5067.0,59.0,439.576,7509574165.0
206.498,90.0,90252.0,5067.0,59.0,439.828,7509660446.0
206.598,90.0,90252.0,5067.0,59.0,439.828,7509660446.0
206.697,91.0,90252.0,5067.0,59.0,440.138,7509705168.0
206.798,91.0,90252.0,5067.0,59.0,433.204,7509745017.0
206.897,88.0,90252.0,5067.0,58.0,436.555,7509790330.0
206.998,88.0,90252.0,5067.0,59.0,426.561,7509825749.0
207.098,86.0,90252.0,5067.0,59.0,425.143,7509864647.0
207.198,86.0,90252.0,5067.0,58.0,424.655,7509909556.0
207.298,88.0,90252.0,5067.0,58.0,423.136,7509950983.0
207.398,88.0,90252.0,5067.0,59.0,424.437,7510000011.0
207.498,88.0,90252.0,5067.0,58.0,417.798,7510039122.0
207.598,86.0,90252.0,5067.0,59.0,431.173,7510088118.0
207.698,86.0,90252.0,5067.0,59.0,440.088,7510187688.0
207.798,89.0,90252.0,5067.0,58.0,423.811,7510215017.0
207.898,89.0,90252.0,5067.0,58.0,430.214,7510256045.0
207.998,88.0,90252.0,5067.0,58.0,419.706,7510287679.0
208.097,88.0,90252.0,5067.0,58.0,421.617,7510329756.0
208.198,88.0,90252.0,5067.0,58.0,410.828,7510364493.0
208.298,88.0,90252.0,5067.0,58.0,413.105,7510413576.0
208.397,87.0,90252.0,5067.0,58.0,413.016,7510453109.0
208.498,87.0,90252.0,5067.0,58.0,401.645,7510496495.0
208.598,86.0,90252.0,5067.0,58.0,397.9,7510573266.0
208.697,86.0,90252.0,5067.0,58.0,397.9,7510573266.0
208.798,86.0,90252.0,5067.0,58.0,383.908,7510573266.0
208.898,87.0,90252.0,5067.0,58.0,394.324,7510613294.0
208.998,87.0,90252.0,5067.0,57.0,390.62,7510649132.0
209.097,85.0,90252.0,5067.0,58.0,401.016,7510687721.0
209.198,85.0,90252.0,5067.0,57.0,396.684,7510727491.0
209.297,84.0,90252.0,5067.0,57.0,396.114,7510758897.0
209.398,84.0,90252.0,5067.0,57.0,371.766,7510824309.0
209.498,84.0,90252.0,5067.0,57.0,371.766,7510824309.0
209.598,84.0,90252.0,5067.0,57.0,367.565,7510861069.0
209.698,85.0,90252.0,5067.0,57.0,361.728,7510892712.0
209.798,85.0,90252.0,5067.0,57.0,356.31,7510927678.0
209.898,85.0,90252.0,5067.0,57.0,353.855,7510967016.0
209.998,85.0,90252.0,5067.0,57.0,353.25,7511002896.0
210.098,83.0,90252.0,5067.0,57.0,351.191,7511038491.0
210.197,85.0,90252.0,5067.0,57.0,349.017,7511108086.0
210.297,85.0,90252.0,5067.0,57.0,353.581,7511144670.0
210.398,84.0,90252.0,5067.0,57.0,354.587,7511179518.0
210.498,84.0,90252.0,5067.0,57.0,346.63,7511210148.0
210.597,81.0,90252.0,5067.0,56.0,355.132,7511251137.0
210.698,81.0,90252.0,5067.0,56.0,360.067,7511289199.0
210.798,81.0,90252.0,5067.0,56.0,356.235,7511324196.0
210.898,81.0,90252.0,5067.0,56.0,355.466,7511357919.0
210.998,80.0,90252.0,5067.0,56.0,352.087,7511391400.0
211.098,80.0,90252.0,5067.0,56.0,344.155,7511421529.0
211.198,80.0,90252.0,5067.0,56.0,344.155,7511448273.0
211.298,78.0,90252.0,5067.0,55.0,341.247,7511448273.0
211.398,78.0,90252.0,5067.0,55.0,337.055,7511480620.0
211.498,80.0,90252.0,5067.0,55.0,332.931,7511512910.0
211.598,80.0,90252.0,5067.0,55.0,343.257,7511552643.0
211.698,79.0,90252.0,5067.0,55.0,329.022,7511580358.0
211.798,79.0,90252.0,5067.0,55.0,329.614,7511618145.0
211.898,78.0,90252.0,5067.0,55.0,318.629,7511644043.0
211.998,78.0,90252.0,5067.0,55.0,312.658,7511670924.0
212.098,77.0,90252.0,5067.0,54.0,304.062,7511695229.0
212.198,77.0,90252.0,5067.0,53.0,292.242,7511715556.0
212.298,24.0,90252.0,5067.0,51.0,260.617,7511741550.0
212.398,24.0,90252.0,5067.0,51.0,260.617,7511741550.0
212.498,0.0,90252.0,5067.0,50.0,213.923,7511767443.0
212.598,0.0,90252.0,5067.0,50.0,202.375,7511780290.0
212.698,0.0,90252.0,5067.0,49.0,174.859,7511793191.0
212.798,0.0,90252.0,5067.0,49.0,163.971,7511805936.0
212.898,0.0,90252.0,5067.0,49.0,147.9,7511818731.0
212.998,0.0,90252.0,5067.0,49.0,128.806,7511844323.0
213.098,0.0,90252.0,5067.0,48.0,147.621,7511874698.0
213.198,0.0,90252.0,5067.0,48.0,147.621,7511874698.0
213.298,0.0,90252.0,5067.0,56.0,191.435,7511930736.0
213.398,0.0,90252.0,5067.0,56.0,191.435,7512001516.0
213.498,90.0,90252.0,5067.0,59.0,246.511,7512001516.0
213.598,90.0,90252.0,5067.0,62.0,301.631,7512070118.0
213.698,100.0,90252.0,5067.0,63.0,359.767,7512138057.0
213.798,100.0,90252.0,5067.0,61.0,461.118,7512271164.0
213.898,100.0,90252.0,5067.0,61.0,461.118,7512271164.0
213.998,100.0,90252.0,5067.0,64.0,522.287,7512338998.0
214.098,100.0,90252.0,5067.0,65.0,579.762,7512409098.0
214.198,100.0,90252.0,5067.0,66.0,634.251,7512475663.0
214.298,100.0,90252.0,5067.0,66.0,668.711,7512544581.0
214.398,100.0,90252.0,5067.0,66.0,676.386,7512606126.0
214.498,87.0,90252.0,5067.0,66.0,673.63,7512674564.0
214.598,87.0,90252.0,5067.0,68.0,672.466,7512741596.0
214.698,100.0,90252.0,5067.0,68.0,673.547,7512879625.0
214.798,100.0,90252.0,5067.0,67.0,672.953,7512945567.0
214.898,91.0,90252.0,5067.0,68.0,672.689,7513008689.0
214.998,100.0,90252.0,5067.0,68.0,668.51,7513077425.0
215.098,100.0,90252.0,5067.0,68.0,670.686,7513146213.0
215.198,100.0,90252.0,5067.0,68.0,669.412,7513214756.0
215.298,100.0,90252.0,5067.0,69.0,678.549,7513284728.0
215.398,94.0,90252.0,5067.0,68.0,673.928,7513348496.0
215.498,94.0,90252.0,5067.0,69.0,674.581,7513415386.0
215.598,94.0,90252.0,5067.0,69.0,674.581,7513483360.0
215.698,100.0,90252.0,5067.0,69.0,674.014,7513483360.0
215.798,100.0,90252.0,5067.0,69.0,663.075,7513543500.0
215.898,94.0,90252.0,5067.0,65.0,633.854,7513579358.0
215.998,94.0,90252.0,5067.0,64.0,619.789,7513629539.0
216.098,92.0,90252.0,5067.0,63.0,593.151,7513673981.0
216.198,92.0,90252.0,5067.0,63.0,557.752,7513708695.0
216.298,93.0,90252.0,5067.0,62.0,527.488,7513747577.0
216.398,93.0,90252.0,5067.0,62.0,496.937,7513788777.0
216.498,92.0,90252.0,5067.0,62.0,474.464,7513831955.0
216.598,92.0,90252.0,5067.0,62.0,455.844,7513876504.0
216.698,93.0,90252.0,5067.0,61.0,438.212,7513925560.0
216.798,93.0,90252.0,5067.0,61.0,420.382,7514002926.0
216.898,93.0,90252.0,5067.0,61.0,420.382,7514002926.0
216.998,93.0,90252.0,5067.0,61.0,416.228,7514048231.0
217.098,94.0,90252.0,5067.0,61.0,413.023,7514127646.0
217.198,94.0,90252.0,5067.0,61.0,418.769,7514165846.0
217.298,94.0,90252.0,5067.0,61.0,419.67,7514207840.0
217.398,92.0,90252.0,5067.0,61.0,413.93,7514244455.0
217.530,94.0,90252.0,5067.0,60.0,407.928,7514329583.0
217.598,94.0,90252.0,5067.0,60.0,409.761,7514371819.0
217.698,94.0,90252.0,5067.0,60.0,409.761,7514371819.0
217.798,93.0,90252.0,5067.0,60.0,421.986,7514419339.0
217.898,93.0,90252.0,5067.0,60.0,423.727,7514466690.0
217.998,94.0,90252.0,5067.0,60.0,422.296,7514510618.0
218.098,94.0,90252.0,5067.0,60.0,419.829,7514547195.0
218.198,94.0,90252.0,5067.0,60.0,419.829,7514587571.0
218.298,94.0,90252.0,5067.0,60.0,419.723,7514587571.0
218.398,91.0,90252.0,5067.0,60.0,429.284,7514671235.0
218.498,91.0,90252.0,5067.0,60.0,429.284,7514671235.0
218.598,91.0,90252.0,5067.0,60.0,426.254,7514711862.0
218.698,93.0,90252.0,5067.0,60.0,427.017,7514756130.0
218.798,93.0,90252.0,5067.0,60.0,429.182,7514800531.0
218.898,91.0,90252.0,5067.0,60.0,416.199,7514839681.0
218.998,91.0,90252.0,5067.0,60.0,412.312,7514876937.0
219.098,93.0,90252.0,5067.0,60.0,412.012,7514920388.0
219.198,93.0,90252.0,5067.0,60.0,421.216,7514968054.0
219.298,94.0,90252.0,5067.0,60.0,423.297,7515011344.0
219.398,94.0,90252.0,5067.0,60.0,428.331,7515054316.0
219.498,94.0,90252.0,5067.0,60.0,420.861,7515139313.0
219.598,94.0,90252.0,5067.0,60.0,427.957,7515183321.0
219.698,94.0,90252.0,5067.0,60.0,428.585,7515224473.0
219.798,94.0,90252.0,5067.0,60.0,422.307,7515268004.0
219.898,92.0,90252.0,5067.0,60.0,428.276,7515310174.0
219.998,92.0,90252.0,5067.0,60.0,431.046,7515357331.0
220.098,94.0,90252.0,5067.0,60.0,435.431,7515400450.0
220.198,94.0,90252.0,5067.0,60.0,431.376,7515444473.0
220.298,92.0,90252.0,5067.0,60.0,433.578,7515487492.0
220.398,92.0,90252.0,5067.0,60.0,430.802,7515530680.0
220.497,94.0,90252.0,5067.0,60.0,439.063,7515572562.0
220.597,94.0,90252.0,5067.0,60.0,431.29,7515616726.0
220.697,94.0,90252.0,5067.0,60.0,430.649,7515616726.0
220.798,94.0,90252.0,5067.0,60.0,434.609,7515658436.0
220.898,92.0,90252.0,5067.0,60.0,430.913,7515701677.0
220.998,92.0,90252.0,5067.0,60.0,432.298,7515744270.0
221.098,94.0,90252.0,5067.0,60.0,420.33,7515825308.0
221.198,94.0,90252.0,5067.0,60.0,420.33,7515825308.0
221.298,90.0,90252.0,5067.0,60.0,416.887,7515865341.0
221.398,90.0,90252.0,5067.0,60.0,425.242,7515912130.0
221.498,92.0,90252.0,5067.0,59.0,419.758,7515952299.0
221.598,92.0,90252.0,5067.0,60.0,427.583,7515998669.0
221.698,91.0,90252.0,5067.0,60.0,424.269,7516042326.0
221.798,91.0,90252.0,5067.0,59.0,417.51,7516082054.0
221.898,91.0,90252.0,5067.0,59.0,415.951,7516117723.0
221.998,91.0,90252.0,5067.0,60.0,411.372,7516156375.0
222.098,90.0,90252.0,5067.0,59.0,411.737,7516237530.0
222.198,90.0,90252.0,5067.0,59.0,411.559,7516274995.0
222.298,88.0,90252.0,5067.0,59.0,407.523,7516308087.0
222.398,88.0,90252.0,5067.0,59.0,392.952,7516346283.0
222.498,90.0,90252.0,5067.0,59.0,395.521,7516386131.0
222.598,89.0,90252.0,5067.0,59.0,376.806,7516422676.0
222.698,89.0,90252.0,5067.0,59.0,378.241,7516458361.0
222.798,90.0,90252.0,5067.0,59.0,382.476,7516499531.0
222.898,90.0,90252.0,5067.0,59.0,385.714,7516543049.0
222.998,90.0,90252.0,5067.0,59.0,386.318,7516584537.0
223.098,90.0,90252.0,5067.0,59.0,386.318,7516625359.0
223.198,90.0,90252.0,5067.0,59.0,389.857,7516625359.0
223.298,86.0,90252.0,5067.0,59.0,399.658,7516709299.0
223.398,86.0,90252.0,5067.0,59.0,399.658,7516709299.0
223.498,88.0,90252.0,5067.0,58.0,395.126,7516741844.0
223.598,88.0,90252.0,5067.0,59.0,398.51,7516786264.0
223.698,86.0,90252.0,5067.0,59.0,402.265,7516825759.0
223.797,86.0,90252.0,5067.0,59.0,406.22,7516861606.0
223.898,88.0,90252.0,5067.0,59.0,408.499,7516904892.0
223.998,88.0,90252.0,5067.0,59.0,400.0,7516945944.0
224.098,88.0,90252.0,5067.0,59.0,404.172,7517028126.0
224.198,88.0,90252.0,5067.0,59.0,404.172,7517028126.0
224.297,86.0,90252.0,5067.0,59.0,410.824,7517076678.0
224.398,86.0,90252.0,5067.0,59.0,415.079,7517123967.0
224.498,88.0,90252.0,5067.0,58.0,409.463,7517180549.0
224.598,88.0,90252.0,5067.0,58.0,394.762,7517225472.0
224.698,88.0,90252.0,5067.0,58.0,400.078,7517263400.0
224.798,88.0,90252.0,5067.0,58.0,397.517,7517295863.0
224.898,86.0,90252.0,5067.0,58.0,391.016,7517336598.0
224.997,86.0,90252.0,5067.0,58.0,391.69,7517380998.0
225.098,88.0,90252.0,5067.0,58.0,396.728,7517421892.0
225.197,88.0,90252.0,5067.0,58.0,378.899,7517459029.0
225.298,88.0,90252.0,5067.0,58.0,361.462,7517486965.0
225.398,83.0,90252.0,5067.0,58.0,374.668,7517528354.0
225.498,83.0,90252.0,5067.0,58.0,395.13,7517573701.0
225.598,83.0,90252.0,5067.0,58.0,395.13,7517573701.0
225.698,85.0,90252.0,5067.0,58.0,394.929,7517621447.0
225.798,85.0,90252.0,5067.0,58.0,394.724,7517656462.0
225.898,84.0,90252.0,5067.0,58.0,401.441,7517699593.0
225.998,84.0,90252.0,5067.0,57.0,391.906,7517729606.0
226.097,83.0,90252.0,5067.0,57.0,385.066,7517767268.0
226.198,83.0,90252.0,5067.0,57.0,382.935,7517803487.0
226.298,85.0,90252.0,5067.0,57.0,393.496,7517850295.0
226.398,85.0,90252.0,5067.0,57.0,391.008,7517881598.0
226.498,84.0,90252.0,5067.0,57.0,389.446,7517920706.0
226.597,84.0,90252.0,5067.0,57.0,381.236,7517952427.0
226.698,83.0,90252.0,5067.0,57.0,360.847,7517985310.0
226.798,83.0,90252.0,5067.0,57.0,370.1,7518026090.0
226.898,84.0,90252.0,5067.0,57.0,365.309,7518105379.0
226.997,84.0,90252.0,5067.0,57.0,374.05,7518144851.0
227.098,82.0,90252.0,5067.0,57.0,377.236,7518179958.0
227.198,82.0,90252.0,5067.0,57.0,376.686,7518215831.0
227.298,81.0,90252.0,5067.0,57.0,361.299,7518246247.0
227.398,81.0,90252.0,5067.0,57.0,362.591,7518280883.0
227.498,81.0,90252.0,5067.0,57.0,361.413,7518314641.0
227.597,79.0,90252.0,5067.0,56.0,359.859,7518344757.0
227.697,79.0,90252.0,5067.0,56.0,353.183,7518386976.0
227.798,78.0,90252.0,5067.0,56.0,346.993,7518458197.0
227.898,78.0,90252.0,5067.0,56.0,346.993,7518458197.0
227.998,78.0,90252.0,5067.0,56.0,346.011,7518458197.0
228.098,79.0,90252.0,5067.0,55.0,336.318,7518485618.0
228.198,79.0,90252.0,5067.0,55.0,326.923,7518513890.0
228.297,80.0,90252.0,5067.0,55.0,318.046,7518534992.0
228.398,80.0,90252.0,5067.0,55.0,320.392,7518567683.0
228.497,78.0,90252.0,5067.0,55.0,317.533,7518601235.0
228.598,78.0,90252.0,5067.0,55.0,315.28,7518630315.0
228.698,68.0,90252.0,5067.0,54.0,308.615,7518655550.0
228.798,68.0,90252.0,5067.0,52.0,281.701,7518671578.0
228.898,0.0,90252.0,5067.0,51.0,264.487,7518684607.0
228.998,0.0,90252.0,5067.0,51.0,238.777,7518697604.0
229.098,0.0,90252.0,5067.0,50.0,223.942,7518710529.0
229.198,0.0,90252.0,5067.0,50.0,221.798,7518806149.0
229.298,0.0,90252.0,5067.0,50.0,221.798,7518806149.0
229.398,0.0,90252.0,5067.0,54.0,248.879,7518874758.0
229.498,100.0,90252.0,5067.0,61.0,295.133,7518943610.0
229.598,100.0,90252.0,5067.0,63.0,332.141,7518943610.0
229.698,100.0,90252.0,5067.0,63.0,378.117,7519013497.0
229.798,100.0,90252.0,5067.0,65.0,434.948,7519081426.0
229.898,92.0,90252.0,5067.0,65.0,485.73,7519147126.0
229.998,100.0,90252.0,5067.0,66.0,597.413,7519284947.0
230.098,100.0,90252.0,5067.0,66.0,597.413,7519284947.0
230.198,100.0,90252.0,5067.0,66.0,653.595,7519351705.0
230.298,100.0,90252.0,5067.0,67.0,671.903,7519421216.0
230.398,100.0,90252.0,5067.0,68.0,683.611,7519488288.0
230.498,100.0,90252.0,5067.0,67.0,682.297,7519558642.0
230.598,100.0,90252.0,5067.0,67.0,680.188,7519626803.0
230.698,100.0,90252.0,5067.0,68.0,683.137,7519695615.0
230.798,90.0,90252.0,5067.0,68.0,677.615,7519893515.0
230.898,90.0,90252.0,5067.0,68.0,677.615,7519893515.0
230.998,90.0,90252.0,5067.0,67.0,676.634,7519960990.0
231.098,100.0,90252.0,5067.0,68.0,673.866,7520031199.0
231.198,100.0,90252.0,5067.0,69.0,677.786,7520099383.0
231.298,100.0,90252.0,5067.0,69.0,679.321,7520169258.0
231.398,100.0,90252.0,5067.0,69.0,678.793,7520232324.0
231.498,91.0,90252.0,5067.0,67.0,674.33,7520371035.0
231.598,91.0,90252.0,5067.0,67.0,674.33,7520371035.0
231.698,100.0,90252.0,5067.0,70.0,673.421,7520440208.0
231.798,100.0,90252.0,5067.0,70.0,674.862,7520440208.0
231.898,100.0,90252.0,5067.0,69.0,683.342,7520508245.0
231.998,100.0,90252.0,5067.0,69.0,676.807,7520572747.0
232.098,93.0,90252.0,5067.0,65.0,658.444,7520624821.0
232.198,93.0,90252.0,5067.0,64.0,636.151,7520676511.0
232.298,92.0,90252.0,5067.0,63.0,604.479,7520780975.0
232.398,92.0,90252.0,5067.0,63.0,604.479,7520780975.0
232.498,94.0,90252.0,5067.0,63.0,584.601,7520824661.0
232.598,94.0,90252.0,5067.0,63.0,558.231,7520867638.0
232.698,93.0,90252.0,5067.0,62.0,523.698,7520906617.0
232.798,93.0,90252.0,5067.0,62.0,501.587,7520948947.0
232.898,94.0,90252.0,5067.0,62.0,471.221,7521032698.0
232.998,94.0,90252.0,5067.0,62.0,444.433,7521117256.0
233.098,94.0,90252.0,5067.0,62.0,444.433,7521117256.0
233.198,94.0,90252.0,5067.0,61.0,441.648,7521160083.0
233.298,92.0,90252.0,5067.0,62.0,437.223,7521207264.0
233.398,92.0,90252.0,5067.0,61.0,430.366,7521249148.0
233.498,94.0,90252.0,5067.0,61.0,421.408,7521289269.0
233.598,94.0,90252.0,5067.0,61.0,420.737,7521336466.0
233.698,94.0,90252.0,5067.0,61.0,430.325,7521380254.0
233.798,94.0,90252.0,5067.0,61.0,427.047,7521418833.0
233.898,94.0,90252.0,5067.0,61.0,427.047,7521461007.0
233.998,94.0,90252.0,5067.0,61.0,429.209,7521461007.0
234.098,94.0,90252.0,5067.0,61.0,430.981,7521508260.0
234.198,94.0,90252.0,5067.0,61.0,432.524,7521550175.0
234.298,92.0,90252.0,5067.0,61.0,432.803,7521595137.0
234.398,92.0,90252.0,5067.0,61.0,425.659,7521633980.0
234.498,94.0,90252.0,5067.0,61.0,427.795,7521718241.0
234.598,94.0,90252.0,5067.0,61.0,427.795,7521718241.0
234.698,93.0,90252.0,5067.0,61.0,420.301,7521797281.0
234.798,93.0,90252.0,5067.0,61.0,420.301,7521797281.0
234.898,94.0,90252.0,5067.0,61.0,430.609,7521846023.0
234.998,94.0,90252.0,5067.0,61.0,433.543,7521889984.0
235.098,94.0,90252.0,5067.0,60.0,426.879,7521934335.0
235.198,94.0,90252.0,5067.0,61.0,424.779,7521971337.0
235.298,92.0,90252.0,5067.0,61.0,428.153,7522067844.0
235.398,92.0,90252.0,5067.0,60.0,433.873,7522107303.0
235.498,94.0,90252.0,5067.0,60.0,441.065,7522151315.0
235.598,94.0,90252.0,5067.0,61.0,436.856,7522196771.0
235.698,92.0,90252.0,5067.0,61.0,437.346,7522231403.0
235.798,92.0,90252.0,5067.0,60.0,435.03,7522276650.0
235.898,94.0,90252.0,5067.0,61.0,427.796,7522314659.0
235.998,94.0,90252.0,5067.0,60.0,423.503,7522356445.0
236.098,94.0,90252.0,5067.0,60.0,430.169,7522407409.0
236.198,94.0,90252.0,5067.0,60.0,431.042,7522445699.0
236.298,94.0,90252.0,5067.0,60.0,431.042,7522486400.0
236.398,95.0,90252.0,5067.0,60.0,421.5,7522486400.0
236.498,94.0,90252.0,5067.0,60.0,415.862,7522528537.0
236.598,94.0,90252.0,5067.0,60.0,416.358,7522570547.0
236.698,92.0,90252.0,5067.0,60.0,422.71,7522610459.0
236.798,95.0,90252.0,5067.0,60.0,430.224,7522706731.0
236.898,95.0,90252.0,5067.0,60.0,430.224,7522706731.0
236.998,95.0,90252.0,5067.0,60.0,436.438,7522750044.0
237.098,94.0,90252.0,5067.0,60.0,435.074,7522791131.0
237.198,94.0,90252.0,5067.0,60.0,443.154,7522842436.0
237.298,93.0,90252.0,5067.0,60.0,448.784,7522889117.0
237.398,93.0,90252.0,5067.0,60.0,447.391,7522931117.0
237.498,95.0,90252.0,5067.0,60.0,445.523,7522976791.0
237.598,95.0,90252.0,5067.0,60.0,446.947,7523015213.0
237.698,93.0,90252.0,5067.0,60.0,446.831,7523108334.0
237.798,93.0,90252.0,5067.0,60.0,455.426,7523153540.0
237.898,95.0,90252.0,5067.0,60.0,445.661,7523243160.0
237.998,95.0,90252.0,5067.0,60.0,445.661,7523243160.0
238.098,92.0,90252.0,5067.0,60.0,443.578,7523287745.0
238.198,92.0,90252.0,5067.0,60.0,440.956,7523333220.0
238.298,89.0,90252.0,5067.0,60.0,444.243,7523376017.0
238.398,89.0,90252.0,5067.0,59.0,444.406,7523422226.0
238.498,91.0,90252.0,5067.0,60.0,445.328,7523468062.0
238.598,91.0,90252.0,5067.0,60.0,449.11,7523513596.0
238.698,91.0,90252.0,5067.0,60.0,449.11,7523551569.0
238.798,89.0,90252.0,5067.0,60.0,449.708,7523551569.0
238.898,89.0,90252.0,5067.0,60.0,436.316,7523588176.0
238.998,90.0,90252.0,5067.0,60.0,434.089,7523677611.0
239.098,90.0,90252.0,5067.0,60.0,434.089,7523677611.0
239.198,89.0,90252.0,5067.0,60.0,429.132,7523759926.0
239.298,89.0,90252.0,5067.0,60.0,429.132,7523759926.0
239.398,89.0,90252.0,5067.0,59.0,428.872,7523805735.0
239.498,91.0,90252.0,5067.0,59.0,425.622,7523844238.0
239.598,91.0,90252.0,5067.0,59.0,419.49,7523884205.0
239.698,89.0,90252.0,5067.0,59.0,422.448,7523931997.0
239.798,91.0,90252.0,5067.0,59.0,432.622,7524020322.0
239.898,91.0,90252.0,5067.0,59.0,432.622,7524020322.0
239.998,91.0,90252.0,5067.0,59.0,423.33,7524063476.0
240.098,91.0,90252.0,5067.0,59.0,426.662,7524138908.0
240.198,91.0,90252.0,5067.0,59.0,417.739,7524178644.0
240.298,89.0,90252.0,5067.0,59.0,419.961,7524223968.0
240.398,89.0,90252.0,5067.0,59.0,422.912,7524270078.0
240.498,91.0,90252.0,5067.0,59.0,426.937,7524312556.0
240.598,86.0,90252.0,5067.0,59.0,417.248,7524387552.0
240.698,86.0,90252.0,5067.0,59.0,417.248,7524387552.0
240.798,86.0,90252.0,5067.0,59.0,411.751,7524427500.0
240.898,88.0,90252.0,5067.0,59.0,403.805,7524468895.0
240.998,88.0,90252.0,5067.0,59.0,407.703,7524515252.0
241.098,88.0,90252.0,5067.0,59.0,407.703,7524552555.0
241.198,88.0,90252.0,5067.0,59.0,410.807,7524552555.0
241.298,87.0,90252.0,5067.0,59.0,401.063,7524613517.0
241.398,87.0,90252.0,5067.0,59.0,401.063,7524613517.0
241.498,87.0,90252.0,5067.0,58.0,374.226,7524649886.0
241.598,87.0,90252.0,5067.0,58.0,377.871,7524684814.0
241.698,88.0,90252.0,5067.0,58.0,365.611,7524722857.0
241.798,88.0,90252.0,5067.0,58.0,346.886,7524746355.0
241.898,84.0,90252.0,5067.0,58.0,343.089,7524770742.0
241.998,84.0,90252.0,5067.0,58.0,333.413,7524801722.0
242.098,85.0,90252.0,5067.0,58.0,334.708,7524842652.0
242.198,85.0,90252.0,5067.0,58.0,326.535,7524878837.0
242.298,83.0,90252.0,5067.0,58.0,342.172,7524920777.0
242.398,83.0,90252.0,5067.0,58.0,338.949,7524959646.0
242.498,85.0,90252.0,5067.0,58.0,328.232,7524981799.0
242.598,85.0,90252.0,5067.0,57.0,318.403,7525048753.0
242.698,84.0,90252.0,5067.0,57.0,326.143,7525079864.0
242.797,84.0,90252.0,5067.0,57.0,346.13,7525126164.0
242.898,84.0,90252.0,5067.0,57.0,357.439,7525163948.0
242.998,84.0,90252.0,5067.0,57.0,355.674,7525196417.0
243.098,83.0,90252.0,5067.0,57.0,342.945,7525227499.0
243.198,83.0,90252.0,5067.0,57.0,346.234,7525261699.0
243.298,82.0,90252.0,5067.0,56.0,338.26,7525294145.0
243.398,82.0,90252.0,5067.0,56.0,337.544,7525325216.0
243.498,80.0,90252.0,5067.0,56.0,343.312,7525354943.0
243.598,80.0,90252.0,5067.0,56.0,342.59,7525384351.0
243.698,79.0,90252.0,5067.0,56.0,337.373,7525384351.0
243.798,79.0,90252.0,5067.0,56.0,327.978,7525414840.0
243.898,80.0,90252.0,5067.0,56.0,315.344,7525446401.0
243.998,80.0,90252.0,5067.0,56.0,313.297,7525474783.0
244.098,80.0,90252.0,5067.0,56.0,312.814,7525505358.0
244.198,78.0,90252.0,5067.0,55.0,309.35,7525569241.0
244.298,78.0,90252.0,5067.0,55.0,309.35,7525569241.0
244.398,78.0,90252.0,5067.0,55.0,314.544,7525605654.0
244.498,79.0,90252.0,5067.0,55.0,317.739,7525640766.0
244.598,79.0,90252.0,5067.0,55.0,327.123,7525675587.0
244.698,80.0,90252.0,5067.0,55.0,312.802,7525706023.0
244.798,80.0,90252.0,5067.0,55.0,323.177,7525732178.0
244.897,70.0,90252.0,5067.0,54.0,316.157,7525768741.0
244.998,0.0,90252.0,5067.0,51.0,283.646,7525815206.0
245.098,0.0,90252.0,5067.0,51.0,283.646,7525815206.0
245.198,0.0,90252.0,5067.0,51.0,262.994,7525828301.0
245.298,0.0,90252.0,5067.0,50.0,243.994,7525841371.0
245.398,0.0,90252.0,5067.0,50.0,220.835,7525866596.0
245.498,44.0,90252.0,5067.0,54.0,234.19,7525922502.0
245.597,44.0,90252.0,5067.0,60.0,267.127,7525991761.0
245.698,44.0,90252.0,5067.0,60.0,267.127,7525991761.0
245.798,100.0,90252.0,5067.0,62.0,316.66,7526061265.0
245.898,100.0,90252.0,5067.0,64.0,347.744,7526129218.0
245.998,100.0,90252.0,5067.0,64.0,388.225,7526198250.0
246.098,89.0,90252.0,5067.0,65.0,496.321,7526261070.0
246.198,89.0,90252.0,5067.0,66.0,550.122,7526330372.0
246.298,100.0,90252.0,5067.0,67.0,653.337,7526467927.0
246.398,100.0,90252.0,5067.0,67.0,653.337,7526467927.0
246.498,100.0,90252.0,5067.0,68.0,679.366,7526537801.0
246.598,100.0,90252.0,5067.0,67.0,675.045,7526602131.0
246.698,100.0,90252.0,5067.0,68.0,671.677,7526666056.0
246.798,100.0,90252.0,5067.0,68.0,672.834,7526732626.0
246.898,100.0,90252.0,5067.0,69.0,670.069,7526867705.0
246.998,100.0,90252.0,5067.0,69.0,670.024,7526936131.0
247.098,100.0,90252.0,5067.0,69.0,672.908,7527072441.0
247.198,100.0,90252.0,5067.0,69.0,672.908,7527072441.0
247.298,100.0,90252.0,5067.0,69.0,672.005,7527140466.0
247.398,100.0,90252.0,5067.0,69.0,671.399,7527208388.0
247.498,100.0,90252.0,5067.0,69.0,671.35,7527276449.0
247.598,100.0,90252.0,5067.0,69.0,676.492,7527340324.0
247.698,91.0,90252.0,5067.0,70.0,676.038,7527409782.0
247.799,91.0,90252.0,5067.0,70.0,676.903,7527478968.0
247.898,91.0,90252.0,5067.0,70.0,676.903,7527478968.0
247.998,100.0,90252.0,5067.0,69.0,679.223,7527547211.0
248.098,100.0,90252.0,5067.0,69.0,680.086,7527616310.0
248.198,100.0,90252.0,5067.0,69.0,680.941,7527681690.0
248.298,94.0,90252.0,5067.0,67.0,632.447,7527725677.0
248.398,94.0,90252.0,5067.0,65.0,612.835,7527763445.0
248.498,94.0,90252.0,5067.0,64.0,590.842,7527810978.0
248.598,92.0,90252.0,5067.0,63.0,532.66,7527890435.0
248.698,92.0,90252.0,5067.0,63.0,532.66,7527890435.0
248.798,92.0,90252.0,5067.0,62.0,508.327,7527934304.0
248.898,94.0,90252.0,5067.0,63.0,482.7,7527968256.0
248.998,94.0,90252.0,5067.0,62.0,455.12,7528018202.0
249.098,92.0,90252.0,5067.0,62.0,431.763,7528104477.0
249.198,92.0,90252.0,5067.0,62.0,419.598,7528146934.0
249.298,94.0,90252.0,5067.0,62.0,423.531,7528189615.0
249.398,94.0,90252.0,5067.0,62.0,424.128,7528231457.0
249.498,94.0,90252.0,5067.0,62.0,417.923,7528276347.0
249.598,94.0,90252.0,5067.0,62.0,424.159,7528319442.0
249.698,92.0,90252.0,5067.0,62.0,426.533,7528359608.0
249.798,92.0,90252.0,5067.0,61.0,430.469,7528404932.0
249.898,94.0,90252.0,5067.0,61.0,429.807,7528447315.0
249.998,94.0,90252.0,5067.0,62.0,434.501,7528539223.0
250.098,94.0,90252.0,5067.0,62.0,434.501,7528539223.0
250.198,92.0,90252.0,5067.0,61.0,436.896,7528539223.0
250.298,92.0,90252.0,5067.0,61.0,440.626,7528588629.0
250.398,94.0,90252.0,5067.0,61.0,434.203,7528625752.0
250.498,94.0,90252.0,5067.0,61.0,429.743,7528662374.0
250.598,94.0,90252.0,5067.0,61.0,429.317,7528706671.0
250.698,94.0,90252.0,5067.0,61.0,433.852,7528752549.0
250.798,92.0,90252.0,5067.0,61.0,428.933,7528793969.0
250.898,94.0,90252.0,5067.0,61.0,426.226,7528835054.0
250.998,94.0,90252.0,5067.0,61.0,417.821,7528873514.0
251.098,91.0,90252.0,5067.0,61.0,417.794,7528916643.0
251.198,91.0,90252.0,5067.0,61.0,411.761,7528961599.0
251.298,94.0,90252.0,5067.0,61.0,420.029,7529002444.0
251.398,94.0,90252.0,5067.0,61.0,426.002,7529094504.0
251.498,94.0,90252.0,5067.0,61.0,426.002,7529094504.0
251.598,94.0,90252.0,5067.0,61.0,423.118,7529174821.0
251.698,94.0,90252.0,5067.0,61.0,420.964,7529220836.0
251.798,94.0,90252.0,5067.0,61.0,421.558,7529264211.0
251.898,94.0,90252.0,5067.0,61.0,429.866,7529306761.0
251.998,94.0,90252.0,5067.0,61.0,431.98,7529344117.0
252.098,92.0,90252.0,5067.0,61.0,435.225,7529441170.0
252.198,92.0,90252.0,5067.0,61.0,435.225,7529441170.0
252.298,94.0,90252.0,5067.0,61.0,439.612,7529490031.0
252.398,94.0,90252.0,5067.0,61.0,438.616,7529532602.0
252.498,94.0,90252.0,5067.0,61.0,431.873,7529574112.0
252.598,94.0,90252.0,5067.0,61.0,447.518,7529621743.0
252.698,94.0,90252.0,5067.0,61.0,447.518,7529621743.0
252.798,94.0,90252.0,5067.0,61.0,441.545,7529662712.0
252.898,94.0,90252.0,5067.0,61.0,439.795,7529742945.0
252.998,94.0,90252.0,5067.0,61.0,439.795,7529742945.0
253.098,92.0,90252.0,5067.0,61.0,439.62,7529790637.0
253.198,92.0,90252.0,5067.0,61.0,434.327,7529828013.0
253.298,95.0,90252.0,5067.0,61.0,432.525,7529869278.0
253.398,95.0,90252.0,5067.0,61.0,431.885,7529913513.0
253.498,94.0,90252.0,5067.0,60.0,442.296,7529963468.0
253.598,95.0,90252.0,5067.0,61.0,439.457,7530058777.0
253.698,95.0,90252.0,5067.0,61.0,439.457,7530058777.0
253.798,95.0,90252.0,5067.0,61.0,446.889,7530100752.0
253.898,95.0,90252.0,5067.0,61.0,446.33,7530153070.0
253.998,95.0,90252.0,5067.0,61.0,451.104,7530239125.0
254.098,92.0,90252.0,5067.0,61.0,448.83,7530277222.0
254.198,92.0,90252.0,5067.0,60.0,444.631,7530318986.0
254.298,94.0,90252.0,5067.0,61.0,439.334,7530407283.0
254.398,94.0,90252.0,5067.0,61.0,439.334,7530407283.0
254.498,93.0,90252.0,5067.0,60.0,440.883,7530455407.0
254.598,93.0,90252.0,5067.0,60.0,437.911,7530499252.0
254.698,94.0,90252.0,5067.0,60.0,431.489,7530537659.0
254.798,94.0,90252.0,5067.0,60.0,431.565,7530578137.0
254.898,94.0,90252.0,5067.0,60.0,425.013,7530619023.0
254.998,94.0,90252.0,5067.0,60.0,425.013,7530667630.0
255.098,92.0,90252.0,5067.0,60.0,428.185,7530714035.0
255.198,92.0,90252.0,5067.0,60.0,428.185,7530714035.0
255.298,92.0,90252.0,5067.0,60.0,444.631,7530766481.0
255.398,91.0,90252.0,5067.0,60.0,445.804,7530811614.0
255.498,91.0,90252.0,5067.0,60.0,457.643,7530857066.0
255.598,89.0,90252.0,5067.0,60.0,445.078,7530899227.0
255.698,89.0,90252.0,5067.0,60.0,434.36,7530932614.0
255.798,91.0,90252.0,5067.0,60.0,437.411,7530972834.0
255.898,91.0,90252.0,5067.0,60.0,440.499,7531013591.0
255.998,91.0,90252.0,5067.0,60.0,434.48,7531060978.0
256.098,89.0,90252.0,5067.0,60.0,435.554,7531101956.0
256.198,89.0,90252.0,5067.0,59.0,420.579,7531146463.0
256.298,91.0,90252.0,5067.0,60.0,419.076,7531185248.0
256.398,91.0,90252.0,5067.0,60.0,414.487,7531231074.0
256.498,91.0,90252.0,5067.0,59.0,420.671,7531321266.0
256.598,89.0,90252.0,5067.0,59.0,427.114,7531404981.0
256.698,89.0,90252.0,5067.0,59.0,427.114,7531404981.0
256.798,89.0,90252.0,5067.0,59.0,422.984,7531434241.0
256.898,89.0,90252.0,5067.0,59.0,419.272,7531476020.0
256.998,89.0,90252.0,5067.0,59.0,423.529,7531522725.0
257.098,87.0,90252.0,5067.0,59.0,414.266,7531560212.0
257.198,87.0,90252.0,5067.0,59.0,411.732,7531596280.0
257.298,87.0,90252.0,5067.0,59.0,411.732,7531634651.0
257.398,89.0,90252.0,5067.0,59.0,401.218,7531675315.0
257.498,89.0,90252.0,5067.0,59.0,401.218,7531675315.0
257.598,88.0,90252.0,5067.0,59.0,388.043,7531707103.0
257.698,88.0,90252.0,5067.0,59.0,383.499,7531745688.0
257.798,86.0,90252.0,5067.0,58.0,382.49,7531782128.0
257.898,86.0,90252.0,5067.0,58.0,368.757,7531802978.0
257.998,84.0,90252.0,5067.0,58.0,364.981,7531843057.0
258.098,84.0,90252.0,5067.0,58.0,358.32,7531876630.0
258.198,85.0,90252.0,5067.0,58.0,357.404,7531915742.0
258.298,83.0,90252.0,5067.0,58.0,355.942,7531951874.0
258.398,83.0,90252.0,5067.0,57.0,348.289,7531986235.0
258.498,82.0,90252.0,5067.0,57.0,350.077,7532022299.0
258.598,82.0,90252.0,5067.0,57.0,348.111,7532058626.0
258.698,80.0,90252.0,5067.0,57.0,343.07,7532092659.0
258.798,80.0,90252.0,5067.0,56.0,353.608,7532157633.0
258.898,80.0,90252.0,5067.0,56.0,353.907,7532191910.0
258.998,80.0,90252.0,5067.0,56.0,350.394,7532225024.0
259.098,79.0,90252.0,5067.0,56.0,341.409,7532254103.0
259.198,79.0,90252.0,5067.0,56.0,342.229,7532295826.0
259.298,80.0,90252.0,5067.0,56.0,340.383,7532329049.0
259.398,80.0,90252.0,5067.0,56.0,338.852,7532358642.0
259.498,80.0,90252.0,5067.0,56.0,329.35,7532386184.0
259.598,80.0,90252.0,5067.0,56.0,336.55,7532425614.0
259.698,79.0,90252.0,5067.0,56.0,341.532,7532467479.0
259.798,79.0,90252.0,5067.0,56.0,341.532,7532504898.0
259.898,79.0,90252.0,5067.0,56.0,346.261,7532504898.0
259.998,80.0,90252.0,5067.0,56.0,344.118,7532538530.0
260.098,80.0,90252.0,5067.0,56.0,346.96,7532571708.0
260.198,80.0,90252.0,5067.0,56.0,341.96,7532598838.0
260.298,80.0,90252.0,5067.0,56.0,342.051,7532631748.0
260.398,78.0,90252.0,5067.0,55.0,346.532,7532701812.0
260.498,78.0,90252.0,5067.0,55.0,346.532,7532701812.0
260.598,79.0,90252.0,5067.0,55.0,340.196,7532731036.0
260.698,79.0,90252.0,5067.0,55.0,339.121,7532767892.0
260.798,80.0,90252.0,5067.0,55.0,333.413,7532805108.0
260.897,79.0,90252.0,5067.0,55.0,330.832,7532835024.0
260.998,79.0,90252.0,5067.0,54.0,324.513,7532867536.0
261.098,62.0,90252.0,5067.0,53.0,318.394,7532895674.0
261.198,62.0,90252.0,5067.0,52.0,294.411,7532926012.0
261.298,0.0,90252.0,5067.0,51.0,272.164,7532939005.0
261.398,0.0,90252.0,5067.0,51.0,250.852,7532952001.0
261.498,0.0,90252.0,5067.0,50.0,238.033,7532964923.0
261.598,0.0,90252.0,5067.0,57.0,243.918,7533016493.0
261.698,85.0,90252.0,5067.0,60.0,278.204,7533086041.0
261.798,85.0,90252.0,5067.0,62.0,312.256,7533154360.0
261.898,100.0,90252.0,5067.0,62.0,349.534,7533223322.0
261.998,100.0,90252.0,5067.0,64.0,388.75,7533291312.0
262.098,100.0,90252.0,5067.0,64.0,388.75,7533354704.0
262.198,100.0,90252.0,5067.0,65.0,432.686,7533354704.0
262.298,100.0,90252.0,5067.0,65.0,484.731,7533420205.0
262.398,100.0,90252.0,5067.0,66.0,541.083,7533488324.0
262.498,100.0,90252.0,5067.0,67.0,638.621,7533624667.0
262.598,100.0,90252.0,5067.0,67.0,638.621,7533624667.0
262.698,100.0,90252.0,5067.0,67.0,670.604,7533695291.0
262.798,100.0,90252.0,5067.0,67.0,673.694,7533761910.0
262.897,100.0,90252.0,5067.0,67.0,673.814,7533829962.0
262.998,100.0,90252.0,5067.0,68.0,670.903,7533896897.0
263.098,100.0,90252.0,5067.0,69.0,675.367,7534031398.0
263.198,100.0,90252.0,5067.0,69.0,675.367,7534031398.0
263.298,92.0,90252.0,5067.0,69.0,675.147,7534096079.0
263.398,92.0,90252.0,5067.0,69.0,677.88,7534166394.0
263.498,100.0,90252.0,5067.0,69.0,677.473,7534301388.0
263.598,100.0,90252.0,5067.0,69.0,674.279,7534369725.0
263.698,100.0,90252.0,5067.0,69.0,673.779,7534433477.0
263.798,100.0,90252.0,5067.0,69.0,672.289,7534501818.0
263.897,100.0,90252.0,5067.0,70.0,674.908,7534570460.0
263.997,100.0,90252.0,5067.0,70.0,676.294,7534638425.0
264.098,100.0,90252.0,5067.0,70.0,678.019,7534775022.0
264.198,100.0,90252.0,5067.0,70.0,678.019,7534775022.0
264.298,97.0,90252.0,5067.0,69.0,666.771,7534829768.0
264.398,97.0,90252.0,5067.0,69.0,666.771,7534876116.0
264.498,97.0,90252.0,5067.0,66.0,648.432,7534876116.0
264.598,94.0,90252.0,5067.0,65.0,619.434,7534912231.0
264.698,94.0,90252.0,5067.0,64.0,591.68,7534952431.0
264.797,91.0,90252.0,5067.0,64.0,567.144,7534996109.0
264.898,94.0,90252.0,5067.0,63.0,526.649,7535090146.0
264.998,94.0,90252.0,5067.0,63.0,526.649,7535090146.0
265.098,94.0,90252.0,5067.0,63.0,501.895,7535132103.0
265.198,92.0,90252.0,5067.0,62.0,475.022,7535170685.0
265.298,92.0,90252.0,5067.0,62.0,447.374,7535213203.0
265.398,93.0,90252.0,5067.0,62.0,429.454,7535256388.0
265.498,93.0,90252.0,5067.0,62.0,421.247,7535296700.0
265.598,92.0,90252.0,5067.0,62.0,429.861,7535385157.0
265.698,92.0,90252.0,5067.0,62.0,429.861,7535385157.0
265.798,92.0,90252.0,5067.0,62.0,439.607,7535473340.0
265.898,94.0,90252.0,5067.0,62.0,426.27,7535511190.0
265.998,94.0,90252.0,5067.0,62.0,428.042,7535558599.0
266.098,92.0,90252.0,5067.0,62.0,436.999,7535606560.0
266.197,92.0,90252.0,5067.0,62.0,446.028,7535658120.0
266.298,94.0,90252.0,5067.0,62.0,457.982,7535713125.0
266.398,94.0,90252.0,5067.0,61.0,458.643,7535794999.0
266.498,94.0,90252.0,5067.0,61.0,458.643,7535794999.0
266.598,94.0,90252.0,5067.0,61.0,456.308,7535839010.0
266.698,92.0,90252.0,5067.0,62.0,451.078,7535876358.0
266.798,92.0,90252.0,5067.0,61.0,446.526,7535876358.0
266.898,94.0,90252.0,5067.0,61.0,460.198,7535919383.0
266.998,94.0,90252.0,5067.0,61.0,457.997,7535968132.0
267.098,91.0,90252.0,5067.0,61.0,448.22,7536012018.0
267.198,94.0,90252.0,5067.0,61.0,439.275,7536097997.0
267.298,94.0,90252.0,5067.0,61.0,439.275,7536097997.0
267.398,94.0,90252.0,5067.0,61.0,435.479,7536146092.0
267.498,93.0,90252.0,5067.0,61.0,435.976,7536182341.0
267.598,93.0,90252.0,5067.0,61.0,427.861,7536222363.0
267.698,94.0,90252.0,5067.0,61.0,432.094,7536262357.0
267.798,94.0,90252.0,5067.0,61.0,439.43,7536306635.0
267.898,94.0,90252.0,5067.0,61.0,437.412,7536397443.0
267.998,94.0,90252.0,5067.0,61.0,437.412,7536397443.0
268.098,92.0,90252.0,5067.0,61.0,438.884,7536447469.0
268.198,92.0,90252.0,5067.0,61.0,440.816,7536535223.0
268.298,94.0,90252.0,5067.0,61.0,439.505,7536581962.0
268.398,94.0,90252.0,5067.0,61.0,442.663,7536622086.0
268.498,92.0,90252.0,5067.0,61.0,436.433,7536656694.0
268.598,92.0,90252.0,5067.0,61.0,435.678,7536699313.0
268.698,95.0,90252.0,5067.0,61.0,436.772,7536785712.0
268.798,95.0,90252.0,5067.0,61.0,436.772,7536785712.0
268.898,94.0,90252.0,5067.0,61.0,431.601,7536821729.0
268.998,94.0,90252.0,5067.0,61.0,422.741,7536868216.0
269.098,94.0,90252.0,5067.0,61.0,421.742,7536909837.0
269.198,94.0,90252.0,5067.0,61.0,421.742,7536953840.0
269.298,94.0,90252.0,5067.0,61.0,420.85,7536953840.0
269.398,94.0,90252.0,5067.0,61.0,413.132,7537034552.0
269.498,94.0,90252.0,5067.0,61.0,413.132,7537034552.0
269.598,92.0,90252.0,5067.0,61.0,414.68,7537074570.0
269.698,92.0,90252.0,5067.0,61.0,421.626,7537121069.0
269.798,94.0,90252.0,5067.0,61.0,419.799,7537164391.0
269.898,94.0,90252.0,5067.0,61.0,419.046,7537205149.0
269.998,93.0,90252.0,5067.0,61.0,425.747,7537249345.0
270.098,93.0,90252.0,5067.0,61.0,425.889,7537292881.0
270.198,94.0,90252.0,5067.0,61.0,427.074,7537380233.0
270.298,94.0,90252.0,5067.0,61.0,427.074,7537380233.0
270.398,93.0,90252.0,5067.0,60.0,428.984,7537426367.0
270.498,94.0,90252.0,5067.0,61.0,447.293,7537470930.0
270.598,94.0,90252.0,5067.0,61.0,451.127,7537573303.0
270.698,94.0,90252.0,5067.0,60.0,450.493,7537615083.0
270.798,94.0,90252.0,5067.0,60.0,450.048,7537654002.0
270.898,91.0,90252.0,5067.0,61.0,439.001,7537687588.0
270.998,94.0,90252.0,5067.0,60.0,442.396,7537773556.0
271.098,94.0,90252.0,5067.0,60.0,442.396,7537773556.0
271.198,94.0,90252.0,5067.0,60.0,428.717,7537811107.0
271.298,92.0,90252.0,5067.0,61.0,423.834,7537848594.0
271.398,92.0,90252.0,5067.0,60.0,425.348,7537893235.0
271.498,92.0,90252.0,5067.0,60.0,416.381,7537933653.0
271.598,92.0,90252.0,5067.0,60.0,416.381,7537972320.0
271.698,91.0,90252.0,5067.0,60.0,405.875,7538018238.0
271.798,91.0,90252.0,5067.0,60.0,405.875,7538018238.0
271.898,91.0,90252.0,5067.0,60.0,407.077,7538059674.0
271.998,89.0,90252.0,5067.0,60.0,413.474,7538099255.0
272.098,89.0,90252.0,5067.0,60.0,408.408,7538142491.0
272.198,91.0,90252.0,5067.0,60.0,405.472,7538178094.0
272.298,91.0,90252.0,5067.0,60.0,409.018,7538219440.0
272.398,89.0,90252.0,5067.0,60.0,401.249,7538250718.0
272.498,89.0,90252.0,5067.0,60.0,406.204,7538296324.0
272.598,91.0,90252.0,5067.0,60.0,402.787,7538335349.0
272.698,91.0,90252.0,5067.0,60.0,400.969,7538374971.0
272.798,91.0,90252.0,5067.0,59.0,395.83,7538414465.0
272.898,91.0,90252.0,5067.0,60.0,401.836,7538463315.0
272.998,89.0,90252.0,5067.0,59.0,391.263,7538533761.0
273.098,87.0,90252.0,5067.0,59.0,383.953,7538562181.0
273.198,87.0,90252.0,5067.0,59.0,380.037,7538599560.0
273.298,89.0,90252.0,5067.0,59.0,387.589,7538637269.0
273.398,89.0,90252.0,5067.0,59.0,376.395,7538671990.0
273.497,87.0,90252.0,5067.0,59.0,376.213,7538711566.0
273.598,87.0,90252.0,5067.0,59.0,376.213,7538711566.0
273.698,87.0,90252.0,5067.0,59.0,376.213,7538711566.0
273.798,87.0,90252.0,5067.0,59.0,376.213,7538711566.0
273.898,88.0,90252.0,5067.0,59.0,375.32,7538909779.0
273.998,88.0,90252.0,5067.0,59.0,375.32,7538909779.0
274.098,88.0,90252.0,5067.0,59.0,375.32,7538909779.0
274.198,84.0,90252.0,5067.0,58.0,396.244,7538956932.0
274.298,84.0,90252.0,5067.0,58.0,396.244,7539029225.0
274.398,83.0,90252.0,5067.0,58.0,393.264,7539029225.0
274.498,83.0,90252.0,5067.0,58.0,393.264,7539029225.0
274.598,83.0,90252.0,5067.0,58.0,393.264,7539104441.0
274.698,85.0,90252.0,5067.0,58.0,382.188,7539104441.0
274.798,83.0,90252.0,5067.0,58.0,347.744,7539220565.0
274.898,83.0,90252.0,5067.0,58.0,347.744,7539220565.0
274.997,83.0,90252.0,5067.0,58.0,339.478,7539220565.0
275.098,84.0,90252.0,5067.0,57.0,333.538,7539250085.0
275.198,84.0,90252.0,5067.0,57.0,331.757,7539288858.0
275.298,84.0,90252.0,5067.0,57.0,339.248,7539330386.0
275.398,84.0,90252.0,5067.0,57.0,342.469,7539368579.0
275.498,80.0,90252.0,5067.0,57.0,336.226,7539408483.0
275.598,80.0,90252.0,5067.0,57.0,336.226,7539408483.0
275.698,80.0,90252.0,5067.0,57.0,349.21,7539515316.0
275.798,80.0,90252.0,5067.0,56.0,349.479,7539515316.0
275.898,80.0,90252.0,5067.0,56.0,353.49,7539587443.0
275.997,80.0,90252.0,5067.0,56.0,364.973,7539618979.0
276.098,80.0,90252.0,5067.0,56.0,372.3,7539657347.0
276.198,79.0,90252.0,5067.0,56.0,362.927,7539729773.0
276.298,79.0,90252.0,5067.0,56.0,362.927,7539729773.0
276.398,80.0,90252.0,5067.0,56.0,360.032,7539758579.0
276.498,80.0,90252.0,5067.0,56.0,350.411,7539786116.0
276.598,80.0,90252.0,5067.0,56.0,342.834,7539821021.0
276.698,80.0,90252.0,5067.0,56.0,340.236,7539821021.0
276.798,78.0,90252.0,5067.0,56.0,338.904,7539854782.0
276.897,78.0,90252.0,5067.0,55.0,339.501,7539890977.0
276.998,80.0,90252.0,5067.0,55.0,337.618,7539926177.0
277.097,80.0,90252.0,5067.0,55.0,332.412,7539953905.0
277.198,73.0,90252.0,5067.0,55.0,312.832,7539972024.0
277.298,73.0,90252.0,5067.0,54.0,302.505,7539998242.0
277.398,0.0,90252.0,5067.0,53.0,280.955,7540013717.0
277.498,0.0,90252.0,5067.0,52.0,266.458,7540026674.0
277.598,0.0,90252.0,5067.0,51.0,251.6,7540039682.0
277.698,0.0,90252.0,5067.0,51.0,229.778,7540052634.0
277.798,16.0,90252.0,5067.0,50.0,214.868,7540065546.0
277.898,16.0,90252.0,5067.0,57.0,234.82,7540114092.0
278.001,100.0,90252.0,5067.0,62.0,309.425,7540319673.0
278.098,100.0,90252.0,5067.0,63.0,405.936,7540388342.0
278.198,91.0,90252.0,5067.0,65.0,453.108,7540451191.0
278.298,91.0,90252.0,5067.0,65.0,453.108,7540451191.0
278.398,91.0,90252.0,5067.0,65.0,508.443,7540518145.0
278.498,100.0,90252.0,5067.0,67.0,564.573,7540585664.0
278.598,100.0,90252.0,5067.0,67.0,564.573,7540585664.0
278.698,100.0,90252.0,5067.0,67.0,618.658,7540654262.0
278.798,100.0,90252.0,5067.0,67.0,663.469,7540724041.0
278.898,100.0,90252.0,5067.0,68.0,678.709,7540792545.0
278.998,92.0,90252.0,5067.0,67.0,675.532,7540855095.0
279.098,92.0,90252.0,5067.0,68.0,672.035,7540921936.0
279.198,100.0,90252.0,5067.0,68.0,671.768,7540989420.0
279.298,100.0,90252.0,5067.0,69.0,670.056,7541056348.0
279.398,100.0,90252.0,5067.0,69.0,675.82,7541124266.0
279.498,100.0,90252.0,5067.0,68.0,675.585,7541191815.0
279.598,100.0,90252.0,5067.0,69.0,674.457,7541259678.0
279.698,100.0,90252.0,5067.0,70.0,679.328,7541329724.0
279.798,100.0,90252.0,5067.0,69.0,678.016,7541397074.0
279.898,100.0,90252.0,5067.0,69.0,680.239,7541531577.0
279.998,87.0,90252.0,5067.0,69.0,676.476,7541600082.0
280.098,87.0,90252.0,5067.0,69.0,679.357,7541669909.0
280.198,100.0,90252.0,5067.0,70.0,682.537,7541737688.0
280.298,100.0,90252.0,5067.0,70.0,684.084,7541807428.0
280.398,100.0,90252.0,5067.0,70.0,682.066,7541875385.0
280.498,99.0,90252.0,5067.0,70.0,678.615,7541940187.0
280.598,93.0,90252.0,5067.0,66.0,628.303,7542033125.0
280.698,93.0,90252.0,5067.0,66.0,628.303,7542033125.0
280.798,93.0,90252.0,5067.0,65.0,611.607,7542081984.0
280.898,93.0,90252.0,5067.0,65.0,611.607,7542081984.0
280.998,91.0,90252.0,5067.0,64.0,586.559,7542122730.0
281.097,91.0,90252.0,5067.0,64.0,557.573,7542160536.0
281.198,94.0,90252.0,5067.0,63.0,532.589,7542204387.0
281.298,94.0,90252.0,5067.0,63.0,513.377,7542253334.0
281.398,94.0,90252.0,5067.0,63.0,490.479,7542299234.0
281.498,94.0,90252.0,5067.0,62.0,470.694,7542346987.0
281.598,94.0,90252.0,5067.0,62.0,440.364,7542428640.0
281.697,94.0,90252.0,5067.0,62.0,440.364,7542428640.0
281.798,94.0,90252.0,5067.0,62.0,441.187,7542473651.0
281.897,94.0,90252.0,5067.0,62.0,434.35,7542562858.0
281.998,92.0,90252.0,5067.0,62.0,437.33,7542612657.0
282.098,94.0,90252.0,5067.0,61.0,454.078,7542712898.0
282.198,94.0,90252.0,5067.0,61.0,454.078,7542712898.0
282.298,94.0,90252.0,5067.0,62.0,458.144,7542764335.0
282.398,92.0,90252.0,5067.0,62.0,463.964,7542813461.0
282.498,92.0,90252.0,5067.0,62.0,461.409,7542851436.0
282.598,94.0,90252.0,5067.0,62.0,454.296,7542888702.0
282.698,94.0,90252.0,5067.0,61.0,457.861,7542935780.0
282.798,94.0,90252.0,5067.0,61.0,467.671,7543033298.0
282.898,94.0,90252.0,5067.0,61.0,467.671,7543033298.0
282.998,93.0,90252.0,5067.0,61.0,472.969,7543033298.0
283.097,93.0,90252.0,5067.0,61.0,475.367,7543086849.0
283.198,94.0,90252.0,5067.0,61.0,466.76,7543128336.0
283.298,94.0,90252.0,5067.0,61.0,457.805,7543172711.0
283.398,91.0,90252.0,5067.0,61.0,446.313,7543211741.0
283.497,91.0,90252.0,5067.0,61.0,438.092,7543247766.0
283.598,93.0,90252.0,5067.0,61.0,441.857,7543295107.0
283.697,93.0,90252.0,5067.0,61.0,444.878,7543334165.0
283.798,92.0,90252.0,5067.0,61.0,436.239,7543371957.0
283.897,92.0,90252.0,5067.0,61.0,437.078,7543421476.0
283.997,94.0,90252.0,5067.0,61.0,429.673,7543463729.0
284.097,94.0,90252.0,5067.0,61.0,427.357,7543510533.0
284.197,94.0,90252.0,5067.0,61.0,431.117,7543555579.0
284.298,94.0,90252.0,5067.0,61.0,429.393,7543639225.0
284.398,94.0,90252.0,5067.0,61.0,430.605,7543677700.0
284.498,94.0,90252.0,5067.0,61.0,430.92,7543723957.0
284.598,94.0,90252.0,5067.0,61.0,428.62,7543762868.0
284.697,94.0,90252.0,5067.0,61.0,429.738,7543799269.0
284.798,92.0,90252.0,5067.0,61.0,421.13,7543842397.0
284.898,94.0,90252.0,5067.0,61.0,422.905,7543883933.0
284.998,94.0,90252.0,5067.0,61.0,416.799,7543931071.0
285.098,92.0,90252.0,5067.0,61.0,417.717,7543975446.0
285.198,92.0,90252.0,5067.0,61.0,419.951,7544016414.0
285.298,92.0,90252.0,5067.0,61.0,419.951,7544058993.0
285.397,94.0,90252.0,5067.0,61.0,418.868,7544058993.0
285.498,94.0,90252.0,5067.0,61.0,420.17,7544096817.0
285.598,94.0,90252.0,5067.0,61.0,417.476,7544140355.0
285.697,94.0,90252.0,5067.0,61.0,418.576,7544184688.0
285.797,94.0,90252.0,5067.0,61.0,422.591,7544224703.0
285.898,94.0,90252.0,5067.0,61.0,419.462,7544264010.0
285.998,94.0,90252.0,5067.0,61.0,428.995,7544314533.0
286.098,94.0,90252.0,5067.0,61.0,430.028,7544362317.0
286.198,92.0,90252.0,5067.0,61.0,424.784,7544404016.0
286.298,92.0,90252.0,5067.0,61.0,435.202,7544453833.0
286.398,94.0,90252.0,5067.0,61.0,442.511,7544542974.0
286.498,94.0,90252.0,5067.0,61.0,442.511,7544542974.0
286.598,92.0,90252.0,5067.0,61.0,440.675,7544583010.0
286.698,92.0,90252.0,5067.0,61.0,444.014,7544668746.0
286.798,94.0,90252.0,5067.0,61.0,445.488,7544713973.0
286.898,94.0,90252.0,5067.0,61.0,448.94,7544751293.0
286.998,94.0,90252.0,5067.0,61.0,448.94,7544751293.0
287.098,94.0,90252.0,5067.0,61.0,448.94,7544751293.0
287.198,94.0,90252.0,5067.0,61.0,448.94,7544751293.0
287.298,94.0,90252.0,5067.0,61.0,426.677,7544928620.0
287.398,94.0,90252.0,5067.0,61.0,426.677,7544928620.0
287.498,92.0,90252.0,5067.0,60.0,424.271,7544967255.0
287.598,90.0,90252.0,5067.0,60.0,431.048,7544967255.0
287.698,90.0,90252.0,5067.0,60.0,432.157,7544967255.0
287.798,92.0,90252.0,5067.0,61.0,436.867,7545144263.0
287.898,92.0,90252.0,5067.0,61.0,436.867,7545144263.0
287.998,92.0,90252.0,5067.0,61.0,436.867,7545226815.0
288.098,92.0,90252.0,5067.0,61.0,436.867,7545226815.0
288.198,91.0,90252.0,5067.0,60.0,424.52,7545303976.0
288.298,91.0,90252.0,5067.0,60.0,424.556,7545344559.0
288.398,90.0,90252.0,5067.0,60.0,418.44,7545387831.0
288.498,90.0,90252.0,5067.0,60.0,419.471,7545421954.0
288.598,89.0,90252.0,5067.0,60.0,408.378,7545464239.0
288.698,89.0,90252.0,5067.0,60.0,403.559,7545501509.0
288.798,91.0,90252.0,5067.0,59.0,401.128,7545501509.0
288.898,91.0,90252.0,5067.0,59.0,401.128,7545545344.0
288.998,88.0,90252.0,5067.0,60.0,397.171,7545586226.0
289.097,88.0,90252.0,5067.0,59.0,387.495,7545586226.0
289.198,89.0,90252.0,5067.0,59.0,376.612,7545641447.0
289.298,88.0,90252.0,5067.0,60.0,382.263,7545727993.0
289.398,88.0,90252.0,5067.0,60.0,382.263,7545727993.0
289.498,87.0,90252.0,5067.0,59.0,388.754,7545845769.0
289.598,87.0,90252.0,5067.0,59.0,388.754,7545845769.0
289.698,87.0,90252.0,5067.0,59.0,381.314,7545889079.0
289.798,89.0,90252.0,5067.0,59.0,388.005,7545929080.0
289.898,89.0,90252.0,5067.0,59.0,379.079,7545964335.0
289.998,89.0,90252.0,5067.0,59.0,379.607,7546038743.0
290.098,89.0,90252.0,5067.0,59.0,379.607,7546038743.0
290.198,87.0,90252.0,5067.0,59.0,399.208,7546069043.0
290.298,87.0,90252.0,5067.0,59.0,386.302,7546118817.0
290.398,88.0,90252.0,5067.0,59.0,390.97,7546118817.0
290.498,88.0,90252.0,5067.0,59.0,390.954,7546164920.0
290.598,88.0,90252.0,5067.0,59.0,392.083,7546200998.0
290.698,88.0,90252.0,5067.0,59.0,394.306,7546241007.0
290.798,86.0,90252.0,5067.0,59.0,381.35,7546268153.0
290.898,86.0,90252.0,5067.0,58.0,380.524,7546310026.0
290.998,86.0,90252.0,5067.0,59.0,381.248,7546346092.0
291.098,86.0,90252.0,5067.0,58.0,391.439,7546389567.0
291.198,85.0,90252.0,5067.0,58.0,384.752,7546426808.0
291.298,85.0,90252.0,5067.0,58.0,398.976,7546468629.0
291.398,84.0,90252.0,5067.0,58.0,385.27,7546506406.0
291.498,84.0,90252.0,5067.0,58.0,370.784,7546535515.0
291.598,85.0,90252.0,5067.0,58.0,363.007,7546569008.0
291.698,85.0,90252.0,5067.0,58.0,364.024,7546602618.0
291.798,85.0,90252.0,5067.0,58.0,367.952,7546673157.0
291.898,85.0,90252.0,5067.0,58.0,359.997,7546711025.0
291.998,85.0,90252.0,5067.0,58.0,365.872,7546750090.0
292.098,85.0,90252.0,5067.0,57.0,356.093,7546786447.0
292.198,81.0,90252.0,5067.0,58.0,359.331,7546865267.0
292.298,81.0,90252.0,5067.0,58.0,359.331,7546865267.0
292.398,81.0,90252.0,5067.0,58.0,359.331,7546899319.0
292.498,81.0,90252.0,5067.0,57.0,363.754,7546899319.0
292.598,80.0,90252.0,5067.0,57.0,358.968,7546930693.0
292.698,80.0,90252.0,5067.0,57.0,364.246,7546966758.0
292.798,79.0,90252.0,5067.0,57.0,360.774,7546999820.0
292.898,79.0,90252.0,5067.0,57.0,361.079,7547032499.0
292.998,80.0,90252.0,5067.0,56.0,350.031,7547098647.0
293.098,80.0,90252.0,5067.0,56.0,350.031,7547098647.0
293.198,80.0,90252.0,5067.0,56.0,339.147,7547133569.0
293.298,80.0,90252.0,5067.0,56.0,334.883,7547158494.0
293.398,77.0,90252.0,5067.0,56.0,323.09,7547191557.0
293.497,77.0,90252.0,5067.0,55.0,317.14,7547218343.0
293.598,42.0,90252.0,5067.0,54.0,306.876,7547243946.0
293.698,42.0,90252.0,5067.0,53.0,278.974,7547257420.0
293.798,0.0,90252.0,5067.0,52.0,262.339,7547283706.0
293.898,0.0,90252.0,5067.0,51.0,244.035,7547296846.0
293.998,0.0,90252.0,5067.0,51.0,228.843,7547323757.0
294.098,0.0,90252.0,5067.0,51.0,228.594,7547379405.0
294.198,90.0,90252.0,5067.0,57.0,268.193,7547448518.0
294.298,90.0,90252.0,5067.0,61.0,302.288,7547517006.0
294.398,100.0,90252.0,5067.0,63.0,340.695,7547584665.0
294.498,100.0,90252.0,5067.0,64.0,385.385,7547653791.0
294.598,100.0,90252.0,5067.0,63.0,431.784,7547653791.0
294.698,100.0,90252.0,5067.0,66.0,478.257,7547718253.0
294.798,100.0,90252.0,5067.0,66.0,541.048,7547786060.0
294.898,100.0,90252.0,5067.0,68.0,594.288,7547854473.0
294.998,100.0,90252.0,5067.0,68.0,650.576,7547923755.0
295.098,100.0,90252.0,5067.0,68.0,681.241,7547990058.0
295.198,86.0,90252.0,5067.0,67.0,674.818,7548056111.0
295.298,86.0,90252.0,5067.0,69.0,674.615,7548123113.0
295.398,100.0,90252.0,5067.0,69.0,673.519,7548189933.0
295.498,100.0,90252.0,5067.0,68.0,674.46,7548257855.0
295.598,100.0,90252.0,5067.0,69.0,675.225,7548327226.0
295.697,100.0,90252.0,5067.0,69.0,672.242,7548394830.0
295.798,100.0,90252.0,5067.0,69.0,670.882,7548458757.0
295.898,100.0,90252.0,5067.0,69.0,672.692,7548595352.0
295.998,100.0,90252.0,5067.0,70.0,670.756,7548666288.0
296.098,100.0,90252.0,5067.0,70.0,672.589,7548735778.0
296.198,100.0,90252.0,5067.0,68.0,678.3,7548802699.0
296.298,100.0,90252.0,5067.0,70.0,678.797,7548870991.0
296.398,100.0,90252.0,5067.0,70.0,679.237,7548939439.0
296.498,100.0,90252.0,5067.0,70.0,677.846,7549008896.0
296.598,100.0,90252.0,5067.0,67.0,669.234,7549115135.0
296.698,100.0,90252.0,5067.0,67.0,669.234,7549115135.0
296.798,93.0,90252.0,5067.0,65.0,641.982,7549115135.0
296.898,93.0,90252.0,5067.0,65.0,618.098,7549159129.0
296.998,93.0,90252.0,5067.0,64.0,595.169,7549200190.0
297.098,93.0,90252.0,5067.0,64.0,571.768,7549248414.0
297.198,91.0,90252.0,5067.0,63.0,551.247,7549294696.0
297.298,93.0,90252.0,5067.0,63.0,494.148,7549378319.0
297.398,93.0,90252.0,5067.0,63.0,494.148,7549378319.0
297.498,93.0,90252.0,5067.0,63.0,472.179,7549420215.0
297.598,91.0,90252.0,5067.0,62.0,448.463,7549470245.0
297.698,91.0,90252.0,5067.0,62.0,434.615,7549509129.0
297.798,93.0,90252.0,5067.0,62.0,437.989,7549550522.0
297.898,93.0,90252.0,5067.0,62.0,429.118,7549587382.0
297.998,93.0,90252.0,5067.0,62.0,429.323,7549627123.0
298.098,93.0,90252.0,5067.0,62.0,427.118,7549672999.0
298.198,93.0,90252.0,5067.0,62.0,422.383,7549755003.0
298.298,93.0,90252.0,5067.0,62.0,419.151,7549797214.0
298.398,93.0,90252.0,5067.0,62.0,421.921,7549844614.0
298.498,93.0,90252.0,5067.0,62.0,423.712,7549887418.0
298.598,91.0,90252.0,5067.0,62.0,420.618,7549928225.0
298.698,91.0,90252.0,5067.0,61.0,420.809,7549972985.0
298.797,92.0,90252.0,5067.0,61.0,427.831,7550015701.0
298.898,92.0,90252.0,5067.0,62.0,429.944,7550057391.0
298.997,93.0,90252.0,5067.0,61.0,430.652,7550100961.0
299.098,93.0,90252.0,5067.0,61.0,431.341,7550196472.0
299.197,93.0,90252.0,5067.0,61.0,431.341,7550196472.0
299.298,93.0,90252.0,5067.0,61.0,441.708,7550238459.0
299.398,93.0,90252.0,5067.0,61.0,442.998,7550288440.0
299.498,93.0,90252.0,5067.0,61.0,442.998,7550288440.0
299.597,93.0,90252.0,5067.0,61.0,444.552,7550329603.0
299.698,93.0,90252.0,5067.0,61.0,445.967,7550374545.0
299.798,93.0,90252.0,5067.0,61.0,439.431,7550416233.0
299.898,93.0,90252.0,5067.0,61.0,450.597,7550459712.0
299.998,91.0,90252.0,5067.0,61.0,446.064,7550504044.0
300.098,91.0,90252.0,5067.0,61.0,440.878,7550545233.0
300.198,94.0,90252.0,5067.0,61.0,437.114,7550585002.0
300.298,94.0,90252.0,5067.0,61.0,430.291,7550629918.0
300.398,91.0,90252.0,5067.0,61.0,430.122,7550671591.0
300.498,91.0,90252.0,5067.0,61.0,425.642,7550717156.0
300.598,94.0,90252.0,5067.0,61.0,431.586,7550802353.0
300.698,94.0,90252.0,5067.0,61.0,428.316,7550843423.0
300.798,93.0,90252.0,5067.0,61.0,428.314,7550890741.0
300.898,93.0,90252.0,5067.0,61.0,432.117,7550937874.0
300.998,93.0,90252.0,5067.0,61.0,435.247,7550980577.0
301.098,94.0,90252.0,5067.0,61.0,436.783,7551069677.0
301.198,94.0,90252.0,5067.0,61.0,436.783,7551069677.0
301.298,94.0,90252.0,5067.0,61.0,444.109,7551114539.0
301.398,93.0,90252.0,5067.0,61.0,438.606,7551154247.0
301.498,93.0,90252.0,5067.0,61.0,439.786,7551192771.0
301.598,93.0,90252.0,5067.0,61.0,439.786,7551237918.0
301.698,94.0,90252.0,5067.0,61.0,433.468,7551237918.0
301.798,94.0,90252.0,5067.0,61.0,437.634,7551287506.0
301.898,94.0,90252.0,5067.0,61.0,443.52,7551377668.0
301.998,94.0,90252.0,5067.0,61.0,443.52,7551377668.0
302.098,94.0,90252.0,5067.0,61.0,444.817,7551421136.0
302.198,93.0,90252.0,5067.0,60.0,446.186,7551461486.0
302.298,93.0,90252.0,5067.0,61.0,435.69,7551510218.0
302.398,94.0,90252.0,5067.0,61.0,440.266,7551548318.0
302.497,94.0,90252.0,5067.0,61.0,437.25,7551589709.0
302.598,94.0,90252.0,5067.0,60.0,432.786,7551630598.0
302.698,94.0,90252.0,5067.0,61.0,426.605,7551666732.0
302.798,91.0,90252.0,5067.0,60.0,418.376,7551710364.0
302.898,91.0,90252.0,5067.0,60.0,414.472,7551750097.0
302.997,91.0,90252.0,5067.0,60.0,405.895,7551833331.0
303.098,91.0,90252.0,5067.0,60.0,414.156,7551876908.0
303.198,89.0,90252.0,5067.0,60.0,405.271,7551915397.0
303.298,89.0,90252.0,5067.0,60.0,405.6,7551953484.0
303.398,90.0,90252.0,5067.0,60.0,407.576,7551998437.0
303.497,90.0,90252.0,5067.0,60.0,407.423,7552040952.0
303.598,89.0,90252.0,5067.0,60.0,411.888,7552082631.0
303.698,89.0,90252.0,5067.0,60.0,412.048,7552124701.0
303.798,90.0,90252.0,5067.0,60.0,412.201,7552161449.0
303.898,90.0,90252.0,5067.0,60.0,409.866,7552198091.0
303.997,90.0,90252.0,5067.0,60.0,409.866,7552236283.0
304.098,90.0,90252.0,5067.0,60.0,401.031,7552277058.0
304.197,90.0,90252.0,5067.0,60.0,401.031,7552277058.0
304.298,87.0,90252.0,5067.0,59.0,404.48,7552320172.0
304.398,87.0,90252.0,5067.0,59.0,407.456,7552362314.0
304.498,88.0,90252.0,5067.0,59.0,398.874,7552406380.0
304.598,86.0,90252.0,5067.0,59.0,389.658,7552434260.0
304.698,86.0,90252.0,5067.0,59.0,388.096,7552470719.0
304.798,88.0,90252.0,5067.0,59.0,381.238,7552511948.0
304.898,87.0,90252.0,5067.0,59.0,391.249,7552587241.0
304.998,87.0,90252.0,5067.0,59.0,391.249,7552587241.0
305.098,87.0,90252.0,5067.0,59.0,389.116,7552626927.0
305.198,85.0,90252.0,5067.0,59.0,386.17,7552665769.0
305.298,85.0,90252.0,5067.0,59.0,382.946,7552708843.0
305.397,87.0,90252.0,5067.0,59.0,369.536,7552773394.0
305.498,87.0,90252.0,5067.0,59.0,366.018,7552803267.0
305.598,87.0,90252.0,5067.0,58.0,365.526,7552837262.0
305.697,87.0,90252.0,5067.0,59.0,366.053,7552875880.0
305.797,83.0,90252.0,5067.0,58.0,364.627,7552907794.0
305.898,83.0,90252.0,5067.0,58.0,357.234,7552946119.0
305.998,84.0,90252.0,5067.0,58.0,360.842,7552984973.0
306.098,84.0,90252.0,5067.0,58.0,349.179,7553008224.0
306.198,84.0,90252.0,5067.0,58.0,333.726,7553043479.0
306.298,84.0,90252.0,5067.0,58.0,340.544,7553086201.0
306.398,84.0,90252.0,5067.0,58.0,342.775,7553114072.0
306.498,84.0,90252.0,5067.0,58.0,342.775,7553114072.0
306.597,84.0,90252.0,5067.0,57.0,337.442,7553140752.0
306.698,84.0,90252.0,5067.0,58.0,333.553,7553167848.0
306.798,84.0,90252.0,5067.0,58.0,324.667,7553201848.0
306.898,82.0,90252.0,5067.0,57.0,335.77,7553247467.0
306.997,83.0,90252.0,5067.0,57.0,342.82,7553290141.0
307.098,82.0,90252.0,5067.0,57.0,365.064,7553369694.0
307.198,82.0,90252.0,5067.0,57.0,365.064,7553369694.0
307.298,82.0,90252.0,5067.0,57.0,353.145,7553402463.0
307.398,78.0,90252.0,5067.0,57.0,346.802,7553436202.0
307.498,78.0,90252.0,5067.0,56.0,350.874,7553466474.0
307.598,79.0,90252.0,5067.0,56.0,360.491,7553494698.0
307.698,79.0,90252.0,5067.0,56.0,359.968,7553527653.0
307.798,79.0,90252.0,5067.0,56.0,346.34,7553585275.0
307.898,78.0,90252.0,5067.0,56.0,323.935,7553646083.0
307.998,78.0,90252.0,5067.0,56.0,323.935,7553646083.0
308.098,78.0,90252.0,5067.0,56.0,315.252,7553680566.0
308.203,80.0,90252.0,5067.0,56.0,304.302,7553733676.0
308.298,80.0,90252.0,5067.0,56.0,304.302,7553733676.0
308.398,79.0,90252.0,5067.0,56.0,304.429,7553770950.0
308.498,79.0,90252.0,5067.0,56.0,304.429,7553805918.0
308.598,79.0,90252.0,5067.0,56.0,314.109,7553805918.0
308.697,78.0,90252.0,5067.0,55.0,311.864,7553844395.0
308.798,78.0,90252.0,5067.0,55.0,314.795,7553875062.0
308.898,79.0,90252.0,5067.0,55.0,324.145,7553915151.0
308.998,79.0,90252.0,5067.0,55.0,332.3,7553952669.0
309.098,79.0,90252.0,5067.0,55.0,336.86,7553984772.0
309.197,74.0,90252.0,5067.0,55.0,337.883,7554014991.0
309.298,74.0,90252.0,5067.0,55.0,339.446,7554047201.0
309.397,75.0,90252.0,5067.0,55.0,335.868,7554075260.0
309.497,75.0,90252.0,5067.0,54.0,325.056,7554102170.0
309.598,70.0,90252.0,5067.0,54.0,314.113,7554129787.0
309.698,70.0,90252.0,5067.0,52.0,296.115,7554149952.0
309.798,0.0,90252.0,5067.0,51.0,269.762,7554163085.0
309.898,0.0,90252.0,5067.0,51.0,246.566,7554176238.0
309.998,0.0,90252.0,5067.0,51.0,224.016,7554202411.0
310.098,0.0,90252.0,5067.0,56.0,224.333,7554245794.0
310.198,78.0,90252.0,5067.0,60.0,252.811,7554314184.0
310.298,100.0,90252.0,5067.0,63.0,331.631,7554451149.0
310.398,100.0,90252.0,5067.0,63.0,331.631,7554451149.0
310.498,100.0,90252.0,5067.0,64.0,374.11,7554519413.0
310.598,100.0,90252.0,5067.0,65.0,415.071,7554586721.0
310.698,100.0,90252.0,5067.0,65.0,460.051,7554651915.0
310.798,100.0,90252.0,5067.0,66.0,515.983,7554720536.0
310.898,100.0,90252.0,5067.0,67.0,621.857,7554789741.0
310.998,100.0,90252.0,5067.0,67.0,621.857,7554789741.0
311.098,100.0,90252.0,5067.0,67.0,664.878,7554855520.0
311.198,100.0,90252.0,5067.0,66.0,672.845,7554925728.0
311.298,100.0,90252.0,5067.0,68.0,670.827,7554988291.0
311.398,100.0,90252.0,5067.0,69.0,669.996,7555056419.0
311.498,100.0,90252.0,5067.0,68.0,668.07,7555122918.0
311.598,100.0,90252.0,5067.0,70.0,666.902,7555257583.0
311.698,100.0,90252.0,5067.0,70.0,666.902,7555257583.0
311.798,88.0,90252.0,5067.0,69.0,665.992,7555317056.0
311.898,88.0,90252.0,5067.0,69.0,668.994,7555386905.0
311.998,100.0,90252.0,5067.0,69.0,671.132,7555455406.0
312.098,100.0,90252.0,5067.0,69.0,670.303,7555524669.0
312.198,100.0,90252.0,5067.0,69.0,669.734,7555647259.0
312.298,87.0,90252.0,5067.0,64.0,619.48,7555728267.0
312.398,87.0,90252.0,5067.0,64.0,619.48,7555728267.0
312.498,87.0,90252.0,5067.0,63.0,585.58,7555755952.0
312.598,87.0,90252.0,5067.0,62.0,547.236,7555789485.0
312.698,87.0,90252.0,5067.0,62.0,527.486,7555835223.0
312.798,86.0,90252.0,5067.0,61.0,505.539,7555881115.0
312.898,86.0,90252.0,5067.0,61.0,484.322,7555935310.0
312.998,87.0,90252.0,5067.0,61.0,464.449,7555984179.0
313.098,87.0,90252.0,5067.0,61.0,448.276,7556029910.0
313.198,87.0,90252.0,5067.0,60.0,413.058,7556053230.0
313.298,87.0,90252.0,5067.0,60.0,413.058,7556076775.0
313.398,87.0,90252.0,5067.0,60.0,389.779,7556076775.0
313.498,86.0,90252.0,5067.0,60.0,377.032,7556105173.0
313.598,86.0,90252.0,5067.0,60.0,374.08,7556135743.0
313.698,87.0,90252.0,5067.0,60.0,375.336,7556162808.0
313.798,87.0,90252.0,5067.0,60.0,371.187,7556206177.0
313.898,87.0,90252.0,5067.0,60.0,368.651,7556292248.0
313.998,87.0,90252.0,5067.0,60.0,368.651,7556292248.0
314.098,88.0,90252.0,5067.0,60.0,341.986,7556329534.0
314.198,88.0,90252.0,5067.0,60.0,346.594,7556372953.0
314.298,88.0,90252.0,5067.0,60.0,359.906,7556399961.0
314.398,86.0,90252.0,5067.0,59.0,383.95,7556448469.0
314.498,86.0,90252.0,5067.0,60.0,388.42,7556493620.0
314.598,88.0,90252.0,5067.0,59.0,405.907,7556530169.0
314.698,88.0,90252.0,5067.0,60.0,412.289,7556619508.0
314.798,88.0,90252.0,5067.0,59.0,412.921,7556662454.0
314.898,88.0,90252.0,5067.0,59.0,410.835,7556703812.0
314.998,86.0,90252.0,5067.0,59.0,417.169,7556739920.0
315.097,86.0,90252.0,5067.0,59.0,408.925,7556781102.0
315.198,87.0,90252.0,5067.0,59.0,403.717,7556807853.0
315.298,87.0,90252.0,5067.0,59.0,401.112,7556846725.0
315.398,87.0,90252.0,5067.0,59.0,407.319,7556939965.0
315.498,87.0,90252.0,5067.0,59.0,407.319,7556939965.0
315.598,86.0,90252.0,5067.0,59.0,411.848,7556982025.0
315.698,86.0,90252.0,5067.0,59.0,400.632,7557016291.0
315.798,86.0,90252.0,5067.0,59.0,400.632,7557016291.0
315.898,88.0,90252.0,5067.0,59.0,398.921,7557059302.0
315.998,88.0,90252.0,5067.0,59.0,394.275,7557104612.0
316.098,87.0,90252.0,5067.0,59.0,396.747,7557141010.0
316.197,87.0,90252.0,5067.0,59.0,389.187,7557171435.0
316.298,88.0,90252.0,5067.0,59.0,402.438,7557216541.0
316.398,88.0,90252.0,5067.0,59.0,408.727,7557254395.0
316.498,87.0,90252.0,5067.0,59.0,393.217,7557287097.0
316.598,87.0,90252.0,5067.0,59.0,386.707,7557328207.0
316.697,86.0,90252.0,5067.0,59.0,389.21,7557374639.0
316.798,86.0,90252.0,5067.0,59.0,391.429,7557407077.0
316.898,88.0,90252.0,5067.0,59.0,383.485,7557446716.0
316.998,88.0,90252.0,5067.0,59.0,387.627,7557490074.0
317.098,88.0,90252.0,5067.0,59.0,381.922,7557574247.0
317.197,88.0,90252.0,5067.0,59.0,395.833,7557607933.0
317.298,86.0,90252.0,5067.0,59.0,390.846,7557641406.0
317.398,86.0,90252.0,5067.0,59.0,383.854,7557680432.0
317.498,88.0,90252.0,5067.0,59.0,392.313,7557713887.0
317.598,88.0,90252.0,5067.0,59.0,383.238,7557749179.0
317.698,88.0,90252.0,5067.0,59.0,373.697,7557790736.0
317.798,88.0,90252.0,5067.0,59.0,375.396,7557821612.0
317.898,86.0,90252.0,5067.0,59.0,379.364,7557850266.0
317.998,86.0,90252.0,5067.0,59.0,361.521,7557897731.0
318.098,88.0,90252.0,5067.0,59.0,367.294,7557936536.0
318.198,88.0,90252.0,5067.0,59.0,363.916,7557936536.0
318.298,88.0,90252.0,5067.0,59.0,364.615,7557975992.0
318.398,88.0,90252.0,5067.0,59.0,373.64,7558015157.0
318.498,86.0,90252.0,5067.0,59.0,376.077,7558059115.0
318.598,86.0,90252.0,5067.0,58.0,384.727,7558098260.0
318.698,87.0,90252.0,5067.0,58.0,388.793,7558139338.0
318.797,87.0,90252.0,5067.0,59.0,387.704,7558176452.0
318.898,87.0,90252.0,5067.0,58.0,393.222,7558220436.0
318.998,86.0,90252.0,5067.0,58.0,405.016,7558256408.0
319.098,86.0,90252.0,5067.0,58.0,408.588,7558303303.0
319.198,87.0,90252.0,5067.0,58.0,411.375,7558347038.0
319.298,87.0,90252.0,5067.0,58.0,393.998,7558385021.0
319.398,85.0,90252.0,5067.0,58.0,378.963,7558411913.0
319.498,85.0,90252.0,5067.0,58.0,379.897,7558477696.0
319.598,84.0,90252.0,5067.0,58.0,374.64,7558513792.0
319.698,84.0,90252.0,5067.0,58.0,371.034,7558548189.0
319.798,85.0,90252.0,5067.0,58.0,370.744,7558589765.0
319.897,85.0,90252.0,5067.0,58.0,365.36,7558620762.0
319.998,83.0,90252.0,5067.0,58.0,358.817,7558655875.0
320.098,83.0,90252.0,5067.0,58.0,341.771,7558683434.0
320.198,85.0,90252.0,5067.0,58.0,333.551,7558718136.0
320.298,85.0,90252.0,5067.0,58.0,344.635,7558756973.0
320.398,85.0,90252.0,5067.0,58.0,353.51,7558789039.0
320.498,85.0,90252.0,5067.0,58.0,353.51,7558822712.0
320.598,85.0,90252.0,5067.0,58.0,347.947,7558822712.0
320.698,83.0,90252.0,5067.0,58.0,350.198,7558866772.0
320.797,83.0,90252.0,5067.0,58.0,358.505,7558902067.0
320.898,84.0,90252.0,5067.0,58.0,353.206,7558940201.0
320.997,84.0,90252.0,5067.0,57.0,355.557,7558977065.0
321.098,85.0,90252.0,5067.0,58.0,357.854,7559011453.0
321.198,85.0,90252.0,5067.0,58.0,359.797,7559048404.0
321.298,83.0,90252.0,5067.0,57.0,375.401,7559090588.0
321.398,83.0,90252.0,5067.0,58.0,372.037,7559123201.0
321.498,85.0,90252.0,5067.0,58.0,366.627,7559157183.0
321.598,85.0,90252.0,5067.0,57.0,371.966,7559195189.0
321.698,84.0,90252.0,5067.0,57.0,360.416,7559224652.0
321.798,84.0,90252.0,5067.0,57.0,354.547,7559256178.0
321.897,84.0,90252.0,5067.0,57.0,347.371,7559324895.0
321.998,84.0,90252.0,5067.0,57.0,345.492,7559355685.0
322.098,79.0,90252.0,5067.0,57.0,343.192,7559382884.0
322.198,79.0,90252.0,5067.0,56.0,335.704,7559411608.0
322.297,79.0,90252.0,5067.0,56.0,319.222,7559443210.0
322.398,79.0,90252.0,5067.0,56.0,316.261,7559479198.0
322.498,79.0,90252.0,5067.0,56.0,320.08,7559514876.0
322.598,79.0,90252.0,5067.0,56.0,319.109,7559548044.0
322.698,78.0,90252.0,5067.0,56.0,320.522,7559578150.0
322.797,78.0,90252.0,5067.0,56.0,323.634,7559612912.0
322.898,79.0,90252.0,5067.0,56.0,323.092,7559642110.0
322.998,79.0,90252.0,5067.0,56.0,319.911,7559642110.0
323.098,79.0,90252.0,5067.0,56.0,316.195,7559670717.0
323.198,79.0,90252.0,5067.0,55.0,324.535,7559705048.0
323.298,78.0,90252.0,5067.0,56.0,328.566,7559738807.0
323.398,78.0,90252.0,5067.0,55.0,327.12,7559768885.0
323.498,76.0,90252.0,5067.0,55.0,325.444,7559799541.0
323.598,76.0,90252.0,5067.0,55.0,312.309,7559825244.0
323.697,76.0,90252.0,5067.0,55.0,305.322,7559853161.0
323.798,76.0,90252.0,5067.0,55.0,301.442,7559883381.0
323.898,75.0,90252.0,5067.0,55.0,300.649,7559911684.0
323.998,75.0,90252.0,5067.0,55.0,302.71,7559945426.0
324.098,76.0,90252.0,5067.0,55.0,296.765,7559977241.0
324.198,76.0,90252.0,5067.0,55.0,290.639,7560004325.0
324.298,76.0,90252.0,5067.0,55.0,283.812,7560025604.0
324.398,76.0,90252.0,5067.0,55.0,277.839,7560081288.0
324.498,76.0,90252.0,5067.0,55.0,292.726,7560118741.0
324.598,75.0,90252.0,5067.0,55.0,298.476,7560149704.0
324.698,75.0,90252.0,5067.0,55.0,302.455,7560184240.0
324.797,75.0,90252.0,5067.0,55.0,305.137,7560217258.0
324.898,75.0,90252.0,5067.0,54.0,305.211,7560250051.0
324.998,72.0,90252.0,5067.0,54.0,292.417,7560269395.0
325.098,72.0,90252.0,5067.0,52.0,284.449,7560282720.0
325.198,0.0,90252.0,5067.0,51.0,269.56,7560295827.0
325.298,0.0,90252.0,5067.0,51.0,261.822,7560308882.0
325.398,0.0,90252.0,5067.0,51.0,261.822,7560308882.0
325.498,0.0,90252.0,5067.0,50.0,244.513,7560321888.0
325.598,0.0,90252.0,5067.0,50.0,222.085,7560334892.0
325.698,0.0,90252.0,5067.0,50.0,200.128,7560347845.0
325.798,0.0,90252.0,5067.0,50.0,181.978,7560360793.0
325.897,0.0,90252.0,5067.0,49.0,161.899,7560373700.0
325.998,0.0,90252.0,5067.0,49.0,141.505,7560386608.0
326.098,0.0,90252.0,5067.0,49.0,132.787,7560399488.0
326.198,0.0,90252.0,5067.0,49.0,129.77,7560412375.0
326.297,0.0,90252.0,5067.0,49.0,129.533,7560425250.0
326.398,0.0,90252.0,5067.0,49.0,129.347,7560438131.0
326.498,0.0,90252.0,5067.0,49.0,129.164,7560450975.0
326.598,0.0,90252.0,5067.0,49.0,129.024,7560463819.0
326.698,0.0,90252.0,5067.0,48.0,128.867,7560476649.0
326.797,0.0,90252.0,5067.0,48.0,128.671,7560489466.0
326.898,0.0,90252.0,5067.0,48.0,128.585,7560502287.0
326.998,0.0,90252.0,5067.0,48.0,128.525,7560515127.0
327.098,0.0,90252.0,5067.0,48.0,128.45,7560540737.0
327.198,0.0,90252.0,5067.0,48.0,128.365,7560553513.0
327.298,0.0,90252.0,5067.0,48.0,128.288,7560566342.0
327.397,0.0,90252.0,5067.0,48.0,128.221,7560579123.0
327.498,0.0,90252.0,5067.0,48.0,128.182,7560591911.0
327.598,0.0,90252.0,5067.0,48.0,128.134,7560617495.0
327.698,0.0,90252.0,5067.0,48.0,128.134,7560617495.0
327.798,0.0,90252.0,5067.0,48.0,128.095,7560630285.0
327.898,0.0,90252.0,5067.0,48.0,128.037,7560643071.0
327.998,0.0,90252.0,5067.0,48.0,128.003,7560655853.0
328.098,0.0,90252.0,5067.0,48.0,127.999,7560668651.0
328.198,0.0,90252.0,5067.0,48.0,127.985,7560681398.0
328.298,0.0,90252.0,5067.0,48.0,127.96,7560694198.0
328.398,0.0,90252.0,5067.0,48.0,127.931,7560706943.0
328.498,0.0,90252.0,5067.0,48.0,127.902,7560719709.0
328.597,0.0,90252.0,5067.0,48.0,127.902,7560732485.0
328.698,0.0,90252.0,5067.0,48.0,127.89,7560732485.0
328.797,0.0,90252.0,5067.0,48.0,127.848,7560745249.0
328.898,0.0,90252.0,5067.0,48.0,127.809,7560757981.0
328.998,0.0,90252.0,5067.0,48.0,127.795,7560770747.0
329.098,0.0,90252.0,5067.0,48.0,127.732,7560796273.0
329.198,0.0,90252.0,5067.0,48.0,127.732,7560796273.0
329.298,0.0,90252.0,5067.0,48.0,127.668,7560809005.0
329.398,0.0,90252.0,5067.0,48.0,127.66,7560821750.0
329.498,0.0,90252.0,5067.0,48.0,127.663,7560834485.0
329.598,0.0,90252.0,5067.0,48.0,127.646,7560847256.0
329.698,0.0,90252.0,5067.0,48.0,127.609,7560860002.0
329.798,0.0,90252.0,5067.0,47.0,127.606,7560885512.0
329.898,0.0,90252.0,5067.0,47.0,127.606,7560885512.0
329.998,0.0,90252.0,5067.0,47.0,127.557,7560898264.0
330.098,0.0,90252.0,5067.0,47.0,127.499,7560910977.0
330.198,0.0,90252.0,5067.0,47.0,127.498,7560923703.0
330.297,0.0,90252.0,5067.0,47.0,127.499,7560949195.0
330.398,0.0,90252.0,5067.0,47.0,127.515,7560961952.0
330.498,0.0,90252.0,5067.0,47.0,127.519,7560987451.0
330.598,0.0,90252.0,5067.0,47.0,127.519,7560987451.0
330.698,0.0,90252.0,5067.0,47.0,127.479,7561000171.0
330.798,0.0,90252.0,5067.0,47.0,127.459,7561012924.0
330.898,0.0,90252.0,5067.0,47.0,127.426,7561025649.0
330.998,0.0,90252.0,5067.0,47.0,127.451,7561038376.0
331.098,0.0,90252.0,5067.0,47.0,127.496,7561051128.0
331.198,0.0,90252.0,5067.0,47.0,127.497,7561063856.0
331.298,0.0,90252.0,5067.0,47.0,127.465,7561076572.0
331.398,0.0,90252.0,5067.0,47.0,127.424,7561089273.0
331.498,0.0,90252.0,5067.0,47.0,127.441,7561102016.0
331.598,0.0,90252.0,5067.0,47.0,127.404,7561114728.0
331.698,0.0,90252.0,5067.0,47.0,127.404,7561127460.0
331.798,0.0,90252.0,5067.0,47.0,127.372,7561127460.0
331.898,0.0,90252.0,5067.0,47.0,127.332,7561140164.0
331.998,0.0,90252.0,5067.0,47.0,127.364,7561165626.0
332.098,0.0,90252.0,5067.0,47.0,127.364,7561165626.0
332.198,0.0,90252.0,5067.0,47.0,127.346,7561178362.0
332.298,0.0,90252.0,5067.0,47.0,127.35,7561191097.0
332.398,0.0,90252.0,5067.0,47.0,127.364,7561203828.0
332.498,0.0,90252.0,5067.0,47.0,127.395,7561216564.0
332.598,0.0,90252.0,5067.0,47.0,127.393,7561242038.0
332.698,0.0,90252.0,5067.0,47.0,127.393,7561242038.0
332.798,0.0,90252.0,5067.0,47.0,127.433,7561254787.0
332.898,0.0,90252.0,5067.0,47.0,127.466,7561267513.0
332.998,0.0,90252.0,5067.0,47.0,127.416,7561280229.0
333.098,0.0,90252.0,5067.0,47.0,127.392,7561292948.0
333.198,0.0,90252.0,5067.0,47.0,127.384,7561305664.0
333.298,0.0,90252.0,5067.0,47.0,127.386,7561318395.0
333.398,0.0,90252.0,5067.0,47.0,127.332,7561343840.0
333.498,0.0,90252.0,5067.0,47.0,127.321,7561356559.0
333.598,0.0,90252.0,5067.0,47.0,127.322,7561369288.0
333.698,0.0,90252.0,5067.0,47.0,127.303,7561382025.0
333.798,0.0,90252.0,5067.0,47.0,127.277,7561394755.0
333.898,0.0,90252.0,5067.0,47.0,127.33,7561407486.0
333.998,0.0,90252.0,5067.0,47.0,127.32,7561420198.0
334.098,0.0,90252.0,5067.0,47.0,127.338,7561445663.0
334.198,0.0,90252.0,5067.0,47.0,127.338,7561445663.0
334.298,0.0,90252.0,5067.0,47.0,127.307,7561458379.0
334.398,0.0,90252.0,5067.0,47.0,127.293,7561471087.0
334.498,0.0,90252.0,5067.0,47.0,127.26,7561483771.0
334.598,0.0,90252.0,5067.0,47.0,127.27,7561496499.0
334.698,0.0,90252.0,5067.0,47.0,127.261,7561509248.0
334.798,0.0,90252.0,5067.0,47.0,127.242,7561534641.0
334.898,0.0,90252.0,5067.0,47.0,127.242,7561534641.0
334.998,0.0,90252.0,5067.0,47.0,127.192,7561534641.0
335.098,0.0,90252.0,5067.0,47.0,127.219,7561547367.0
335.198,0.0,90252.0,5067.0,47.0,127.199,7561572814.0
335.298,0.0,90252.0,5067.0,47.0,127.199,7561572814.0
335.400,0.0,90252.0,5067.0,47.0,127.213,7561598239.0
335.498,0.0,90252.0,5067.0,47.0,127.213,7561598239.0
335.598,0.0,90252.0,5067.0,47.0,127.265,7561610980.0
335.698,0.0,90252.0,5067.0,47.0,127.268,7561623722.0
335.798,0.0,90252.0,5067.0,47.0,127.221,7561636403.0
335.898,0.0,90252.0,5067.0,47.0,127.233,7561649097.0
335.998,0.0,90252.0,5067.0,47.0,127.222,7561661814.0
336.098,0.0,90252.0,5067.0,47.0,127.172,7561674501.0
336.198,0.0,90252.0,5067.0,47.0,127.162,7561687204.0
336.298,0.0,90252.0,5067.0,47.0,127.126,7561712590.0
336.398,0.0,90252.0,5067.0,47.0,127.126,7561712590.0
336.499,0.0,90252.0,5067.0,47.0,127.105,7561738002.0
336.598,0.0,90252.0,5067.0,47.0,127.105,7561738002.0
336.698,0.0,90252.0,5067.0,47.0,127.089,7561763416.0
336.798,0.0,90252.0,5067.0,47.0,127.063,7561776090.0
336.898,0.0,90252.0,5067.0,47.0,127.032,7561788780.0
336.998,0.0,90252.0,5067.0,47.0,127.053,7561801473.0
337.098,0.0,90252.0,5067.0,47.0,127.059,7561814182.0
337.198,0.0,90252.0,5067.0,47.0,127.091,7561826915.0
337.298,0.0,90252.0,5067.0,47.0,127.091,7561839630.0
337.398,0.0,90252.0,5067.0,47.0,127.097,7561852335.0
337.498,0.0,90252.0,5067.0,47.0,127.086,7561865032.0
337.598,0.0,90252.0,5067.0,47.0,127.055,7561877729.0
337.698,0.0,90252.0,5067.0,47.0,127.102,7561903126.0
337.798,0.0,90252.0,5067.0,47.0,127.102,7561903126.0
337.898,0.0,90252.0,5067.0,47.0,127.139,7561915848.0
337.998,0.0,90252.0,5067.0,47.0,127.15,7561928559.0
338.098,0.0,90252.0,5067.0,47.0,127.147,7561941255.0
338.198,0.0,90252.0,5067.0,47.0,127.147,7561953964.0
338.298,0.0,90252.0,5067.0,47.0,127.178,7561966684.0
338.398,0.0,90252.0,5067.0,47.0,127.143,7561979369.0
338.506,0.0,90252.0,5067.0,47.0,127.136,7561992075.0
338.598,0.0,90252.0,5067.0,47.0,127.136,7561992075.0
338.698,0.0,90252.0,5067.0,47.0,127.132,7562004745.0
338.798,0.0,90252.0,5067.0,47.0,127.123,7562017445.0
338.898,0.0,90252.0,5067.0,47.0,127.138,7562030158.0
338.998,0.0,90252.0,5067.0,47.0,127.066,7562042821.0
339.098,0.0,90252.0,5067.0,47.0,127.052,7562068198.0
339.198,0.0,90252.0,5067.0,47.0,127.052,7562068198.0
339.297,0.0,90252.0,5067.0,47.0,127.036,7562080903.0
339.398,0.0,90252.0,5067.0,47.0,127.005,7562093607.0
339.497,0.0,90252.0,5067.0,47.0,127.012,7562106299.0
339.598,0.0,90252.0,5067.0,47.0,127.032,7562119006.0
339.698,0.0,90252.0,5067.0,47.0,127.044,7562131697.0
339.798,0.0,90252.0,5067.0,47.0,127.051,7562144411.0
339.898,0.0,90252.0,5067.0,47.0,127.042,7562157140.0
339.998,0.0,90252.0,5067.0,47.0,127.061,7562182510.0
340.098,0.0,90252.0,5067.0,47.0,127.09,7562195236.0
340.198,0.0,90252.0,5067.0,47.0,127.08,7562207937.0
340.298,0.0,90252.0,5067.0,47.0,127.079,7562220653.0
340.398,0.0,90252.0,5067.0,47.0,127.104,7562233354.0
340.497,0.0,90252.0,5067.0,47.0,127.086,7562246058.0
340.598,0.0,90252.0,5067.0,47.0,127.082,7562271465.0
340.698,0.0,90252.0,5067.0,47.0,127.082,7562271465.0
340.798,0.0,90252.0,5067.0,47.0,127.076,7562284175.0
340.898,0.0,90252.0,5067.0,47.0,127.096,7562296882.0
340.998,0.0,90252.0,5067.0,47.0,127.119,7562309590.0
341.098,0.0,90252.0,5067.0,47.0,127.066,7562322273.0
341.198,0.0,90252.0,5067.0,47.0,127.016,7562334917.0
341.298,0.0,90252.0,5067.0,47.0,126.993,7562360322.0
341.398,0.0,90252.0,5067.0,47.0,126.993,7562360322.0
341.498,0.0,90252.0,5067.0,47.0,127.015,7562360322.0
341.598,0.0,90252.0,5067.0,47.0,127.008,7562373002.0
341.698,0.0,90252.0,5067.0,47.0,126.992,7562385688.0
341.798,0.0,90252.0,5067.0,47.0,126.992,7562398405.0
341.898,0.0,90252.0,5067.0,47.0,127.013,7562411139.0
341.998,0.0,90252.0,5067.0,47.0,127.007,7562436547.0
342.098,0.0,90252.0,5067.0,47.0,127.007,7562436547.0
342.198,0.0,90252.0,5067.0,47.0,127.036,7562449242.0
342.298,0.0,90252.0,5067.0,47.0,127.086,7562461954.0
342.398,0.0,90252.0,5067.0,47.0,127.1,7562474658.0
342.498,0.0,90252.0,5067.0,47.0,127.07,7562487356.0
342.598,0.0,90252.0,5067.0,47.0,127.054,7562500029.0
342.698,0.0,90252.0,5067.0,47.0,127.038,7562525410.0
342.798,0.0,90252.0,5067.0,47.0,127.038,7562525410.0
342.898,0.0,90252.0,5067.0,47.0,126.999,7562538103.0
342.998,0.0,90252.0,5067.0,47.0,126.966,7562550784.0
343.098,0.0,90252.0,5067.0,47.0,126.987,7562576197.0
343.198,0.0,90252.0,5067.0,47.0,126.946,7562588863.0
343.298,0.0,90252.0,5067.0,47.0,126.95,7562601565.0
343.399,0.0,90252.0,5067.0,47.0,126.973,7562626937.0
343.498,0.0,90252.0,5067.0,47.0,126.973,7562626937.0
343.598,0.0,90252.0,5067.0,47.0,126.99,7562639634.0
343.698,0.0,90252.0,5067.0,47.0,126.996,7562652341.0
343.798,0.0,90252.0,5067.0,47.0,126.981,7562665020.0
343.898,0.0,90252.0,5067.0,47.0,126.986,7562677713.0
343.998,0.0,90252.0,5067.0,47.0,126.974,7562690401.0
344.098,0.0,90252.0,5067.0,47.0,126.964,7562703094.0
344.198,0.0,90252.0,5067.0,47.0,127.0,7562728483.0
344.298,0.0,90252.0,5067.0,47.0,127.0,7562728483.0
344.398,0.0,90252.0,5067.0,47.0,126.982,7562741171.0
344.498,0.0,90252.0,5067.0,47.0,126.982,7562753859.0
344.598,0.0,90252.0,5067.0,47.0,126.987,7562753859.0
344.698,0.0,90252.0,5067.0,47.0,126.959,7562766541.0
344.798,0.0,90252.0,5067.0,47.0,126.987,7562779262.0
344.898,0.0,90252.0,5067.0,47.0,126.962,7562791937.0
344.998,0.0,90252.0,5067.0,47.0,126.976,7562804624.0
345.098,0.0,90252.0,5067.0,47.0,126.937,7562817286.0
345.198,0.0,90252.0,5067.0,47.0,126.917,7562829964.0
345.298,0.0,90252.0,5067.0,47.0,126.934,7562842673.0
345.398,0.0,90252.0,5067.0,47.0,126.932,7562855372.0
345.498,0.0,90252.0,5067.0,47.0,126.96,7562868079.0
345.598,0.0,90252.0,5067.0,47.0,126.981,7562880767.0
345.698,0.0,90252.0,5067.0,47.0,126.988,7562893455.0
345.798,0.0,90252.0,5067.0,47.0,126.957,7562906150.0
345.898,0.0,90252.0,5067.0,47.0,126.985,7562918830.0
345.998,0.0,90252.0,5067.0,47.0,126.979,7562931508.0
346.098,0.0,90252.0,5067.0,47.0,127.025,7562944211.0
346.198,0.0,90252.0,5067.0,47.0,126.987,7562982253.0
346.298,0.0,90252.0,5067.0,47.0,126.987,7562982253.0
346.398,0.0,90252.0,5067.0,47.0,126.935,7563007605.0
346.498,0.0,90252.0,5067.0,47.0,126.935,7563007605.0
346.598,0.0,90252.0,5067.0,47.0,126.906,7563020299.0
346.698,0.0,90252.0,5067.0,47.0,126.924,7563033000.0
346.798,0.0,90252.0,5067.0,47.0,126.923,7563045674.0
346.898,0.0,90252.0,5067.0,47.0,126.919,7563058355.0
346.998,0.0,90252.0,5067.0,47.0,126.898,7563071041.0
347.098,0.0,90252.0,5067.0,47.0,126.886,7563083709.0
347.198,0.0,90252.0,5067.0,47.0,126.891,7563096392.0
347.298,0.0,90252.0,5067.0,47.0,126.888,7563109065.0
347.398,0.0,90252.0,5067.0,47.0,126.893,7563121729.0
347.498,0.0,90252.0,5067.0,47.0,126.919,7563134443.0
347.597,0.0,90252.0,5067.0,47.0,126.856,7563147071.0
347.698,0.0,90252.0,5067.0,47.0,126.856,7563159710.0
347.798,0.0,90252.0,5067.0,47.0,126.812,7563159710.0
347.898,0.0,90252.0,5067.0,47.0,126.841,7563172430.0
347.998,0.0,90252.0,5067.0,47.0,126.84,7563185116.0
348.098,0.0,90252.0,5067.0,47.0,126.851,7563197817.0
348.198,0.0,90252.0,5067.0,47.0,126.844,7563210472.0
348.298,0.0,90252.0,5067.0,47.0,126.862,7563223165.0
348.398,0.0,90252.0,5067.0,47.0,126.842,7563235823.0
348.498,0.0,90252.0,5067.0,47.0,126.835,7563248505.0
348.598,0.0,90252.0,5067.0,47.0,126.814,7563273826.0
348.698,0.0,90252.0,5067.0,47.0,126.814,7563273826.0
348.798,0.0,90252.0,5067.0,47.0,126.841,7563286498.0
348.898,0.0,90252.0,5067.0,47.0,126.815,7563299202.0
348.998,0.0,90252.0,5067.0,47.0,126.818,7563311870.0
349.098,0.0,90252.0,5067.0,47.0,126.795,7563324537.0
349.198,0.0,90252.0,5067.0,47.0,126.832,7563337246.0
349.298,0.0,90252.0,5067.0,47.0,126.849,7563349964.0
349.398,0.0,90252.0,5067.0,47.0,126.875,7563388018.0
349.498,0.0,90252.0,5067.0,47.0,126.875,7563388018.0
349.598,0.0,90252.0,5067.0,47.0,126.891,7563400734.0
349.698,0.0,90252.0,5067.0,47.0,126.954,7563413414.0
349.798,0.0,90252.0,5067.0,47.0,126.968,7563426094.0
349.898,0.0,90252.0,5067.0,47.0,126.954,7563438774.0
349.998,0.0,90252.0,5067.0,47.0,126.993,7563451463.0
350.098,0.0,90252.0,5067.0,47.0,126.99,7563464151.0
350.198,0.0,90252.0,5067.0,47.0,126.975,7563476817.0
350.298,0.0,90252.0,5067.0,47.0,126.938,7563489491.0
350.398,0.0,90252.0,5067.0,47.0,126.917,7563502169.0
350.498,0.0,90252.0,5067.0,47.0,126.925,7563514846.0
350.598,0.0,90252.0,5067.0,47.0,126.895,7563527537.0
350.698,0.0,90252.0,5067.0,47.0,126.905,7563540225.0
350.798,0.0,90252.0,5067.0,47.0,126.898,7563552892.0
350.898,0.0,90252.0,5067.0,47.0,126.885,7563565584.0
350.997,0.0,90252.0,5067.0,47.0,126.885,7563565584.0
351.097,0.0,90252.0,5067.0,47.0,126.892,7563578272.0
351.198,0.0,90252.0,5067.0,47.0,126.889,7563590951.0
351.297,0.0,90252.0,5067.0,47.0,126.913,7563603639.0
351.397,0.0,90252.0,5067.0,47.0,126.905,7563616330.0
351.497,0.0,90252.0,5067.0,47.0,126.918,7563628996.0
351.597,0.0,90252.0,5067.0,47.0,126.929,7563641687.0
351.697,0.0,90252.0,5067.0,47.0,126.918,7563654386.0
351.798,0.0,90252.0,5067.0,47.0,126.932,7563667109.0
351.898,0.0,90252.0,5067.0,47.0,126.939,7563679769.0
351.998,0.0,90252.0,5067.0,47.0,126.93,7563692442.0
352.097,0.0,90252.0,5067.0,47.0,126.897,7563705109.0
352.197,0.0,90252.0,5067.0,47.0,126.892,7563717784.0
352.298,0.0,90252.0,5067.0,47.0,126.876,7563730456.0
352.397,0.0,90252.0,5067.0,47.0,126.904,7563743148.0
352.498,0.0,90252.0,5067.0,47.0,126.874,7563755817.0
352.598,0.0,90252.0,5067.0,47.0,126.908,7563768526.0
352.698,0.0,90252.0,5067.0,47.0,126.904,7563793913.0
352.798,0.0,90252.0,5067.0,47.0,126.881,7563806564.0
352.898,0.0,90252.0,5067.0,47.0,126.878,7563819242.0
352.998,0.0,90252.0,5067.0,47.0,126.886,7563831931.0
353.098,0.0,90252.0,5067.0,47.0,126.919,7563844616.0
353.198,0.0,90252.0,5067.0,47.0,126.896,7563857269.0
353.298,0.0,90252.0,5067.0,47.0,126.833,7563869925.0
353.398,0.0,90252.0,5067.0,47.0,126.81,7563882562.0
353.498,0.0,90252.0,5067.0,47.0,126.798,7563895259.0
353.597,0.0,90252.0,5067.0,47.0,126.782,7563907921.0
353.698,0.0,90252.0,5067.0,47.0,126.762,7563920595.0
353.797,0.0,90252.0,5067.0,47.0,126.799,7563933277.0
353.898,0.0,90252.0,5067.0,47.0,126.771,7563945959.0
353.997,0.0,90252.0,5067.0,47.0,126.75,7563958629.0
354.098,0.0,90252.0,5067.0,47.0,126.771,7563971304.0
354.198,0.0,90252.0,5067.0,47.0,126.771,7563983951.0
354.298,0.0,90252.0,5067.0,47.0,126.756,7563983951.0
354.398,0.0,90252.0,5067.0,47.0,126.809,7563996660.0
354.497,0.0,90252.0,5067.0,47.0,126.843,7564009345.0
354.598,0.0,90252.0,5067.0,47.0,126.86,7564022024.0
354.697,0.0,90252.0,5067.0,47.0,126.869,7564034698.0
354.798,0.0,90252.0,5067.0,47.0,126.867,7564047373.0
354.898,0.0,90252.0,5067.0,47.0,126.848,7564060065.0
354.998,0.0,90252.0,5067.0,47.0,126.872,7564072738.0
355.098,0.0,90252.0,5067.0,47.0,126.863,7564085418.0
355.198,0.0,90252.0,5067.0,47.0,126.855,7564098096.0
355.298,0.0,90252.0,5067.0,47.0,126.863,7564110737.0
355.397,0.0,90252.0,5067.0,47.0,126.793,7564123405.0
355.498,0.0,90252.0,5067.0,47.0,126.766,7564148728.0
355.598,0.0,90252.0,5067.0,47.0,126.766,7564148728.0
355.698,0.0,90252.0,5067.0,47.0,126.744,7564161406.0
355.798,0.0,90252.0,5067.0,47.0,126.757,7564174085.0
355.898,0.0,90252.0,5067.0,47.0,126.754,7564186766.0
355.998,0.0,90252.0,5067.0,47.0,126.73,7564212118.0
356.098,0.0,90252.0,5067.0,47.0,126.733,7564224774.0
356.197,0.0,90252.0,5067.0,47.0,126.721,7564237448.0
356.298,0.0,90252.0,5067.0,47.0,126.748,7564250124.0
356.398,0.0,90252.0,5067.0,47.0,126.761,7564262805.0
356.498,0.0,90252.0,5067.0,47.0,126.795,7564275493.0
356.598,0.0,90252.0,5067.0,47.0,126.817,7564288175.0
356.697,0.0,90252.0,5067.0,47.0,126.798,7564300853.0
356.797,0.0,90252.0,5067.0,47.0,126.777,7564313504.0
356.898,0.0,90252.0,5067.0,47.0,126.775,7564326196.0
356.998,0.0,90252.0,5067.0,47.0,126.817,7564338856.0
357.098,0.0,90252.0,5067.0,47.0,126.818,7564351523.0
357.198,0.0,90252.0,5067.0,47.0,126.838,7564364187.0
357.297,0.0,90252.0,5067.0,47.0,126.853,7564376886.0
357.398,0.0,90252.0,5067.0,47.0,126.853,7564389577.0
357.498,0.0,90252.0,5067.0,47.0,126.859,7564389577.0
357.597,0.0,90252.0,5067.0,47.0,126.853,7564402263.0
357.698,0.0,90252.0,5067.0,47.0,126.796,7564427553.0
357.798,0.0,90252.0,5067.0,47.0,126.838,7564440227.0
357.898,0.0,90252.0,5067.0,47.0,126.838,7564440227.0
357.998,0.0,90252.0,5067.0,47.0,126.82,7564452865.0
358.098,0.0,90252.0,5067.0,47.0,126.798,7564465511.0
358.198,0.0,90252.0,5067.0,47.0,126.791,7564478212.0
358.298,0.0,90252.0,5067.0,47.0,126.79,7564490883.0
358.398,0.0,90252.0,5067.0,47.0,126.759,7564516212.0
358.498,0.0,90252.0,5067.0,47.0,126.759,7564516212.0
358.598,0.0,90252.0,5067.0,47.0,126.712,7564528861.0
358.698,0.0,90252.0,5067.0,47.0,126.758,7564541525.0
358.798,0.0,90252.0,5067.0,47.0,126.765,7564554188.0
358.897,0.0,90252.0,5067.0,47.0,126.75,7564566854.0
358.997,0.0,90252.0,5067.0,47.0,126.779,7564579529.0
359.098,0.0,90252.0,5067.0,47.0,126.787,7564592199.0
359.197,0.0,90252.0,5067.0,47.0,126.739,7564617486.0
359.298,0.0,90252.0,5067.0,47.0,126.705,7564630162.0
359.397,0.0,90252.0,5067.0,47.0,126.731,7564642838.0
359.497,0.0,90252.0,5067.0,47.0,126.724,7564655490.0
359.597,0.0,90252.0,5067.0,47.0,126.738,7564668172.0
359.698,0.0,90252.0,5067.0,47.0,126.726,7564680842.0
359.797,0.0,90252.0,5067.0,47.0,126.727,7564693510.0
359.897,0.0,90252.0,5067.0,47.0,126.702,7564706169.0
359.998,0.0,90252.0,5067.0,47.0,126.701,7564718842.0
360.098,0.0,90252.0,5067.0,47.0,126.726,7564731497.0
360.197,0.0,90252.0,5067.0,47.0,126.747,7564744159.0
360.297,0.0,90252.0,5067.0,47.0,126.751,7564756869.0
360.397,0.0,90252.0,5067.0,47.0,126.764,7564769554.0
360.498,0.0,90252.0,5067.0,47.0,126.764,7564782201.0
360.598,0.0,90252.0,5067.0,47.0,126.764,7564794872.0
360.697,0.0,90252.0,5067.0,47.0,126.756,7564794872.0
360.798,0.0,90252.0,5067.0,47.0,126.745,7564807505.0
360.898,0.0,90252.0,5067.0,47.0,126.747,7564820180.0
360.998,0.0,90252.0,5067.0,47.0,126.767,7564832856.0
361.098,0.0,90252.0,5067.0,47.0,126.769,7564845535.0
361.198,0.0,90252.0,5067.0,47.0,126.748,7564858178.0
361.297,0.0,90252.0,5067.0,47.0,126.723,7564870852.0
361.398,0.0,90252.0,5067.0,47.0,126.716,7564883533.0
361.498,0.0,90252.0,5067.0,47.0,126.708,7564896193.0
361.598,0.0,90252.0,5067.0,47.0,126.741,7564908866.0
361.698,0.0,90252.0,5067.0,47.0,126.758,7564921524.0
361.797,0.0,90252.0,5067.0,47.0,126.76,7564934192.0
361.898,0.0,90252.0,5067.0,47.0,126.802,7564946878.0
361.998,0.0,90252.0,5067.0,47.0,126.794,7564959552.0
362.098,0.0,90252.0,5067.0,47.0,126.772,7564972210.0
362.198,0.0,90252.0,5067.0,47.0,126.814,7564984878.0
362.298,0.0,90252.0,5067.0,47.0,126.817,7565010219.0
362.398,0.0,90252.0,5067.0,47.0,126.803,7565022873.0
362.498,0.0,90252.0,5067.0,47.0,126.796,7565035566.0
362.598,0.0,90252.0,5067.0,47.0,126.795,7565048263.0
362.698,0.0,90252.0,5067.0,47.0,126.808,7565060906.0
362.797,0.0,90252.0,5067.0,47.0,126.796,7565073548.0
362.898,0.0,90252.0,5067.0,47.0,126.734,7565086251.0
362.998,0.0,90252.0,5067.0,47.0,126.786,7565098931.0
363.098,0.0,90252.0,5067.0,47.0,126.792,7565111577.0
363.198,0.0,90252.0,5067.0,47.0,126.763,7565124238.0
363.298,0.0,90252.0,5067.0,47.0,126.792,7565138393.0
363.398,0.0,90252.0,5067.0,47.0,135.266,7565192667.0
363.498,92.0,90252.0,5067.0,50.0,190.395,7565261166.0
363.598,92.0,90252.0,5067.0,57.0,240.597,7565261166.0
363.698,100.0,90252.0,5067.0,58.0,296.013,7565329828.0
363.798,100.0,90252.0,5067.0,61.0,347.054,7565397014.0
363.898,100.0,90252.0,5067.0,61.0,405.977,7565465953.0
363.998,100.0,90252.0,5067.0,63.0,460.59,7565531628.0
364.098,100.0,90252.0,5067.0,63.0,516.448,7565600561.0
364.198,100.0,90252.0,5067.0,64.0,574.938,7565669691.0
364.298,100.0,90252.0,5067.0,65.0,627.975,7565737005.0
364.398,100.0,90252.0,5067.0,65.0,675.483,7565869750.0
364.498,89.0,90252.0,5067.0,66.0,678.301,7565936959.0
364.598,89.0,90252.0,5067.0,66.0,678.45,7566005729.0
364.698,100.0,90252.0,5067.0,66.0,677.836,7566073811.0
364.798,100.0,90252.0,5067.0,67.0,678.911,7566141712.0
364.898,100.0,90252.0,5067.0,67.0,678.723,7566211340.0
364.997,100.0,90252.0,5067.0,67.0,676.694,7566274945.0
365.098,100.0,90252.0,5067.0,67.0,677.052,7566343895.0
365.198,100.0,90252.0,5067.0,67.0,675.518,7566413237.0
365.298,100.0,90252.0,5067.0,67.0,678.398,7566413237.0
365.398,100.0,90252.0,5067.0,68.0,678.811,7566481433.0
365.498,100.0,90252.0,5067.0,68.0,682.106,7566550357.0
365.598,100.0,90252.0,5067.0,65.0,670.971,7566608893.0
365.698,100.0,90252.0,5067.0,69.0,672.112,7566677277.0
365.798,100.0,90252.0,5067.0,68.0,672.745,7566746295.0
365.898,100.0,90252.0,5067.0,69.0,672.134,7566812742.0
365.998,100.0,90252.0,5067.0,69.0,676.539,7566882596.0
366.098,88.0,90252.0,5067.0,68.0,656.429,7566937853.0
366.198,88.0,90252.0,5067.0,64.0,628.961,7566975617.0
366.298,86.0,90252.0,5067.0,63.0,597.074,7567012047.0
366.398,86.0,90252.0,5067.0,62.0,570.769,7567053379.0
366.498,88.0,90252.0,5067.0,61.0,543.108,7567134650.0
366.598,88.0,90252.0,5067.0,61.0,521.39,7567180921.0
366.698,87.0,90252.0,5067.0,61.0,499.918,7567218978.0
366.797,87.0,90252.0,5067.0,60.0,474.028,7567259875.0
366.898,87.0,90252.0,5067.0,60.0,447.87,7567304227.0
366.998,87.0,90252.0,5067.0,60.0,419.538,7567340831.0
367.098,88.0,90252.0,5067.0,60.0,404.609,7567383821.0
367.198,88.0,90252.0,5067.0,60.0,402.715,7567426636.0
367.298,86.0,90252.0,5067.0,60.0,409.455,7567466669.0
367.398,88.0,90252.0,5067.0,59.0,410.242,7567508141.0
367.498,88.0,90252.0,5067.0,59.0,410.242,7567508141.0
367.598,88.0,90252.0,5067.0,59.0,414.383,7567546736.0
367.698,88.0,90252.0,5067.0,59.0,409.904,7567586145.0
367.797,88.0,90252.0,5067.0,59.0,404.095,7567622481.0
367.898,87.0,90252.0,5067.0,59.0,399.447,7567666004.0
367.997,87.0,90252.0,5067.0,59.0,408.609,7567703850.0
368.098,88.0,90252.0,5067.0,59.0,410.837,7567796831.0
368.198,88.0,90252.0,5067.0,59.0,410.837,7567796831.0
368.298,87.0,90252.0,5067.0,59.0,402.272,7567830799.0
368.398,87.0,90252.0,5067.0,59.0,407.225,7567870258.0
368.498,89.0,90252.0,5067.0,59.0,405.284,7567912680.0
368.598,89.0,90252.0,5067.0,59.0,403.213,7567949612.0
368.726,89.0,90252.0,5067.0,59.0,400.106,7568062670.0
368.798,89.0,90252.0,5067.0,59.0,400.106,7568062670.0
368.905,87.0,90252.0,5067.0,59.0,400.177,7568152219.0
368.998,88.0,90252.0,5067.0,59.0,399.241,7568194033.0
369.098,88.0,90252.0,5067.0,59.0,399.241,7568194033.0
369.198,88.0,90252.0,5067.0,59.0,403.374,7568240514.0
369.298,86.0,90252.0,5067.0,59.0,408.64,7568275021.0
369.398,86.0,90252.0,5067.0,59.0,402.207,7568312413.0
369.498,89.0,90252.0,5067.0,59.0,399.145,7568350521.0
369.597,89.0,90252.0,5067.0,59.0,399.069,7568391142.0
369.697,88.0,90252.0,5067.0,59.0,406.074,7568432323.0
369.797,88.0,90252.0,5067.0,59.0,406.074,7568465958.0
369.898,89.0,90252.0,5067.0,59.0,400.238,7568465958.0
369.997,89.0,90252.0,5067.0,59.0,383.79,7568500134.0
370.098,89.0,90252.0,5067.0,59.0,385.0,7568533671.0
370.198,89.0,90252.0,5067.0,59.0,377.376,7568574772.0
370.298,87.0,90252.0,5067.0,59.0,373.462,7568610115.0
370.398,87.0,90252.0,5067.0,59.0,376.625,7568653092.0
370.498,89.0,90252.0,5067.0,59.0,374.234,7568688502.0
370.597,89.0,90252.0,5067.0,59.0,375.177,7568722859.0
370.697,90.0,90252.0,5067.0,59.0,363.009,7568755623.0
370.797,90.0,90252.0,5067.0,59.0,364.152,7568793141.0
370.897,90.0,90252.0,5067.0,59.0,367.507,7568830348.0
370.998,90.0,90252.0,5067.0,59.0,384.772,7568869874.0
371.098,90.0,90252.0,5067.0,59.0,378.719,7568986148.0
371.197,90.0,90252.0,5067.0,59.0,378.719,7568986148.0
371.298,88.0,90252.0,5067.0,59.0,375.817,7569024546.0
371.398,88.0,90252.0,5067.0,59.0,377.26,7569063287.0
371.498,90.0,90252.0,5067.0,59.0,377.738,7569102512.0
371.598,90.0,90252.0,5067.0,59.0,381.546,7569144974.0
371.698,89.0,90252.0,5067.0,59.0,394.461,7569186691.0
371.798,89.0,90252.0,5067.0,59.0,393.382,7569222926.0
371.898,89.0,90252.0,5067.0,59.0,389.35,7569260328.0
371.998,89.0,90252.0,5067.0,59.0,383.461,7569297123.0
372.098,89.0,90252.0,5067.0,59.0,381.48,7569335795.0
372.198,89.0,90252.0,5067.0,59.0,387.999,7569372518.0
372.298,87.0,90252.0,5067.0,59.0,382.96,7569372518.0
372.398,87.0,90252.0,5067.0,59.0,387.261,7569408428.0
372.498,89.0,90252.0,5067.0,59.0,399.767,7569459398.0
372.598,89.0,90252.0,5067.0,59.0,405.283,7569507542.0
372.698,87.0,90252.0,5067.0,59.0,399.723,7569544953.0
372.798,87.0,90252.0,5067.0,59.0,409.447,7569590921.0
372.898,88.0,90252.0,5067.0,59.0,419.275,7569636800.0
372.998,88.0,90252.0,5067.0,59.0,412.189,7569674963.0
373.098,88.0,90252.0,5067.0,59.0,413.47,7569708104.0
373.198,88.0,90252.0,5067.0,58.0,412.604,7569747301.0
373.298,86.0,90252.0,5067.0,59.0,418.14,7569785409.0
373.398,86.0,90252.0,5067.0,58.0,411.216,7569821230.0
373.498,88.0,90252.0,5067.0,59.0,398.761,7569869119.0
373.598,88.0,90252.0,5067.0,58.0,395.87,7569944692.0
373.698,87.0,90252.0,5067.0,58.0,398.878,7569979564.0
373.797,87.0,90252.0,5067.0,58.0,382.893,7570017247.0
373.898,88.0,90252.0,5067.0,58.0,377.358,7570053822.0
373.998,88.0,90252.0,5067.0,58.0,380.738,7570089656.0
374.098,87.0,90252.0,5067.0,58.0,381.138,7570128497.0
374.198,87.0,90252.0,5067.0,58.0,370.177,7570162851.0
374.297,84.0,90252.0,5067.0,58.0,375.246,7570203451.0
374.398,84.0,90252.0,5067.0,58.0,381.306,7570238240.0
374.498,86.0,90252.0,5067.0,58.0,365.524,7570273258.0
374.597,86.0,90252.0,5067.0,58.0,365.524,7570317155.0
374.698,86.0,90252.0,5067.0,58.0,374.063,7570317155.0
374.797,86.0,90252.0,5067.0,58.0,369.69,7570347266.0
374.898,85.0,90252.0,5067.0,58.0,372.202,7570394199.0
374.998,85.0,90252.0,5067.0,58.0,373.211,7570429185.0
375.098,86.0,90252.0,5067.0,58.0,370.891,7570465533.0
375.198,86.0,90252.0,5067.0,58.0,382.075,7570504078.0
375.298,85.0,90252.0,5067.0,58.0,380.741,7570545775.0
375.397,85.0,90252.0,5067.0,58.0,373.376,7570585051.0
375.498,84.0,90252.0,5067.0,58.0,387.99,7570626710.0
375.598,84.0,90252.0,5067.0,57.0,375.129,7570652815.0
375.698,85.0,90252.0,5067.0,58.0,372.823,7570687617.0
375.798,85.0,90252.0,5067.0,57.0,384.934,7570730784.0
375.898,83.0,90252.0,5067.0,57.0,371.897,7570836278.0
375.998,83.0,90252.0,5067.0,57.0,371.897,7570836278.0
376.098,82.0,90252.0,5067.0,57.0,369.023,7570869660.0
376.197,82.0,90252.0,5067.0,57.0,362.052,7570908213.0
376.298,83.0,90252.0,5067.0,57.0,356.345,7570942871.0
376.398,83.0,90252.0,5067.0,57.0,362.191,7570971948.0
376.497,82.0,90252.0,5067.0,57.0,348.942,7571007814.0
376.598,82.0,90252.0,5067.0,57.0,352.155,7571038916.0
376.698,79.0,90252.0,5067.0,56.0,339.25,7571107886.0
376.798,79.0,90252.0,5067.0,56.0,339.25,7571107886.0
376.897,78.0,90252.0,5067.0,56.0,327.584,7571136552.0
376.998,78.0,90252.0,5067.0,56.0,327.584,7571169505.0
377.098,78.0,90252.0,5067.0,55.0,332.343,7571169505.0
377.198,78.0,90252.0,5067.0,55.0,336.648,7571201821.0
377.298,76.0,90252.0,5067.0,55.0,336.772,7571235179.0
377.398,76.0,90252.0,5067.0,55.0,333.868,7571275610.0
377.497,75.0,90252.0,5067.0,55.0,330.502,7571307704.0
377.598,75.0,90252.0,5067.0,55.0,328.765,7571337150.0
377.698,75.0,90252.0,5067.0,55.0,321.405,7571364859.0
377.798,75.0,90252.0,5067.0,54.0,312.983,7571390561.0
377.898,74.0,90252.0,5067.0,54.0,309.529,7571417206.0
377.998,74.0,90252.0,5067.0,54.0,310.994,7571454665.0
378.098,75.0,90252.0,5067.0,54.0,307.314,7571484563.0
378.198,75.0,90252.0,5067.0,54.0,305.958,7571512926.0
378.297,76.0,90252.0,5067.0,54.0,297.822,7571537441.0
378.398,76.0,90252.0,5067.0,54.0,290.228,7571569304.0
378.498,74.0,90252.0,5067.0,54.0,294.321,7571599583.0
378.598,74.0,90252.0,5067.0,54.0,294.558,7571661558.0
378.697,75.0,90252.0,5067.0,54.0,299.419,7571692688.0
378.798,75.0,90252.0,5067.0,54.0,308.502,7571729216.0
378.897,70.0,90252.0,5067.0,53.0,310.036,7571751296.0
378.998,70.0,90252.0,5067.0,51.0,291.396,7571764415.0
379.097,0.0,90252.0,5067.0,51.0,276.105,7571777452.0
379.198,0.0,90252.0,5067.0,50.0,258.207,7571790389.0
379.298,0.0,90252.0,5067.0,50.0,241.363,7571803360.0
379.397,0.0,90252.0,5067.0,50.0,229.099,7571816277.0
379.498,0.0,90252.0,5067.0,50.0,229.099,7571829220.0
379.597,0.0,90252.0,5067.0,49.0,210.376,7571829220.0
379.698,0.0,90252.0,5067.0,49.0,155.658,7571854999.0
379.798,0.0,90252.0,5067.0,49.0,155.658,7571854999.0
379.897,0.0,90252.0,5067.0,49.0,131.21,7571867854.0
379.998,0.0,90252.0,5067.0,49.0,129.262,7571880710.0
380.098,15.0,90252.0,5067.0,52.0,143.594,7571893903.0
380.197,15.0,90252.0,5067.0,59.0,198.032,7571939176.0
380.298,100.0,90252.0,5067.0,60.0,253.533,7572008641.0
380.398,100.0,90252.0,5067.0,62.0,308.557,7572077027.0
380.498,100.0,90252.0,5067.0,63.0,362.834,7572145340.0
380.598,100.0,90252.0,5067.0,64.0,418.131,7572214533.0
380.698,90.0,90252.0,5067.0,65.0,468.507,7572275429.0
380.798,90.0,90252.0,5067.0,65.0,525.188,7572344440.0
380.898,100.0,90252.0,5067.0,66.0,571.114,7572481385.0
380.998,100.0,90252.0,5067.0,67.0,634.358,7572548692.0
381.097,100.0,90252.0,5067.0,66.0,677.036,7572613128.0
381.198,100.0,90252.0,5067.0,66.0,671.588,7572680361.0
381.298,100.0,90252.0,5067.0,68.0,670.153,7572748526.0
381.398,100.0,90252.0,5067.0,67.0,672.799,7572817486.0
381.498,100.0,90252.0,5067.0,68.0,673.418,7572885385.0
381.598,100.0,90252.0,5067.0,68.0,672.315,7572952830.0
381.698,96.0,90252.0,5067.0,67.0,669.864,7573014429.0
381.798,96.0,90252.0,5067.0,67.0,669.864,7573014429.0
381.897,96.0,90252.0,5067.0,68.0,671.28,7573084484.0
381.998,100.0,90252.0,5067.0,69.0,672.761,7573152866.0
382.098,100.0,90252.0,5067.0,69.0,673.717,7573223286.0
382.198,100.0,90252.0,5067.0,68.0,679.066,7573291979.0
382.298,94.0,90252.0,5067.0,67.0,679.975,7573358983.0
382.398,94.0,90252.0,5067.0,69.0,677.986,7573427181.0
382.498,100.0,90252.0,5067.0,67.0,670.305,7573496036.0
382.598,100.0,90252.0,5067.0,64.0,640.657,7573545584.0
382.698,85.0,90252.0,5067.0,63.0,624.148,7573581764.0
382.798,85.0,90252.0,5067.0,62.0,587.299,7573621704.0
382.897,87.0,90252.0,5067.0,62.0,556.045,7573661471.0
382.998,87.0,90252.0,5067.0,61.0,523.619,7573698014.0
383.098,86.0,90252.0,5067.0,61.0,503.491,7573736623.0
383.198,86.0,90252.0,5067.0,60.0,474.734,7573821995.0
383.298,86.0,90252.0,5067.0,60.0,437.97,7573854698.0
383.398,86.0,90252.0,5067.0,60.0,419.77,7573896105.0
383.498,87.0,90252.0,5067.0,60.0,395.391,7573939170.0
383.598,87.0,90252.0,5067.0,60.0,395.518,7573976252.0
383.697,85.0,90252.0,5067.0,60.0,390.136,7574013882.0
383.798,85.0,90252.0,5067.0,59.0,392.463,7574052103.0
383.898,88.0,90252.0,5067.0,59.0,400.58,7574100947.0
383.998,88.0,90252.0,5067.0,59.0,411.957,7574141271.0
384.098,87.0,90252.0,5067.0,59.0,399.527,7574179200.0
384.198,87.0,90252.0,5067.0,59.0,399.527,7574219734.0
384.298,87.0,90252.0,5067.0,59.0,403.747,7574219734.0
384.398,87.0,90252.0,5067.0,59.0,404.319,7574263899.0
384.497,87.0,90252.0,5067.0,59.0,400.843,7574297500.0
384.598,88.0,90252.0,5067.0,59.0,407.614,7574344257.0
384.698,85.0,90252.0,5067.0,59.0,406.043,7574380307.0
384.798,85.0,90252.0,5067.0,59.0,407.968,7574420388.0
384.898,88.0,90252.0,5067.0,59.0,400.486,7574454250.0
384.998,88.0,90252.0,5067.0,59.0,379.205,7574492516.0
385.098,88.0,90252.0,5067.0,59.0,391.176,7574524417.0
385.198,88.0,90252.0,5067.0,59.0,386.902,7574568060.0
385.298,87.0,90252.0,5067.0,59.0,383.918,7574607218.0
385.398,87.0,90252.0,5067.0,59.0,379.704,7574639694.0
385.498,87.0,90252.0,5067.0,59.0,376.312,7574680494.0
385.598,87.0,90252.0,5067.0,59.0,374.289,7574758096.0
385.698,86.0,90252.0,5067.0,59.0,386.219,7574799178.0
385.798,86.0,90252.0,5067.0,59.0,373.9,7574835415.0
385.898,88.0,90252.0,5067.0,59.0,382.044,7574876405.0
385.998,88.0,90252.0,5067.0,59.0,391.533,7574916771.0
386.097,88.0,90252.0,5067.0,59.0,392.081,7574960868.0
386.198,88.0,90252.0,5067.0,59.0,391.004,7575001950.0
386.298,88.0,90252.0,5067.0,59.0,401.14,7575044316.0
386.398,88.0,90252.0,5067.0,59.0,403.452,7575122883.0
386.498,88.0,90252.0,5067.0,59.0,403.452,7575122883.0
386.598,88.0,90252.0,5067.0,59.0,403.452,7575162872.0
386.698,88.0,90252.0,5067.0,59.0,408.417,7575162872.0
386.798,87.0,90252.0,5067.0,59.0,398.069,7575200494.0
386.898,87.0,90252.0,5067.0,59.0,400.81,7575235133.0
386.998,89.0,90252.0,5067.0,59.0,396.439,7575269983.0
387.098,89.0,90252.0,5067.0,59.0,394.918,7575311467.0
387.198,87.0,90252.0,5067.0,59.0,390.771,7575349342.0
387.298,87.0,90252.0,5067.0,59.0,389.389,7575391437.0
387.398,88.0,90252.0,5067.0,59.0,389.695,7575433861.0
387.498,88.0,90252.0,5067.0,59.0,387.716,7575471780.0
387.598,88.0,90252.0,5067.0,59.0,387.962,7575510946.0
387.698,88.0,90252.0,5067.0,59.0,390.867,7575553170.0
387.798,85.0,90252.0,5067.0,59.0,395.87,7575593636.0
387.898,87.0,90252.0,5067.0,59.0,402.738,7575710441.0
387.998,87.0,90252.0,5067.0,59.0,402.738,7575710441.0
388.098,87.0,90252.0,5067.0,59.0,399.096,7575750373.0
388.198,86.0,90252.0,5067.0,58.0,402.729,7575786057.0
388.298,86.0,90252.0,5067.0,58.0,400.843,7575825846.0
388.398,87.0,90252.0,5067.0,59.0,395.224,7575864218.0
388.498,87.0,90252.0,5067.0,58.0,391.877,7575902733.0
388.598,87.0,90252.0,5067.0,58.0,385.989,7575975574.0
388.698,87.0,90252.0,5067.0,58.0,385.989,7575975574.0
388.798,86.0,90252.0,5067.0,59.0,383.099,7576013620.0
388.898,86.0,90252.0,5067.0,58.0,382.655,7576055695.0
388.998,87.0,90252.0,5067.0,58.0,383.491,7576055695.0
389.098,87.0,90252.0,5067.0,58.0,382.791,7576090118.0
389.198,85.0,90252.0,5067.0,59.0,379.021,7576127710.0
389.298,85.0,90252.0,5067.0,58.0,381.772,7576165386.0
389.398,87.0,90252.0,5067.0,58.0,374.853,7576240970.0
389.498,87.0,90252.0,5067.0,58.0,374.853,7576240970.0
389.598,86.0,90252.0,5067.0,58.0,381.247,7576281565.0
389.698,87.0,90252.0,5067.0,58.0,378.243,7576317085.0
389.798,87.0,90252.0,5067.0,58.0,379.329,7576354087.0
389.898,85.0,90252.0,5067.0,58.0,380.659,7576394539.0
389.998,85.0,90252.0,5067.0,58.0,380.207,7576433242.0
390.098,84.0,90252.0,5067.0,58.0,376.885,7576507036.0
390.198,84.0,90252.0,5067.0,58.0,376.885,7576507036.0
390.298,86.0,90252.0,5067.0,58.0,362.042,7576602357.0
390.398,86.0,90252.0,5067.0,58.0,362.042,7576602357.0
390.498,86.0,90252.0,5067.0,58.0,359.677,7576640161.0
390.598,86.0,90252.0,5067.0,58.0,364.198,7576680610.0
390.698,85.0,90252.0,5067.0,58.0,352.521,7576744447.0
390.798,85.0,90252.0,5067.0,58.0,352.521,7576744447.0
390.898,86.0,90252.0,5067.0,58.0,335.249,7576802447.0
390.998,86.0,90252.0,5067.0,58.0,335.249,7576802447.0
391.098,83.0,90252.0,5067.0,58.0,336.459,7576884856.0
391.198,83.0,90252.0,5067.0,58.0,336.459,7576884856.0
391.298,83.0,90252.0,5067.0,58.0,336.459,7576884856.0
391.398,85.0,90252.0,5067.0,58.0,362.533,7576936199.0
391.498,85.0,90252.0,5067.0,57.0,378.508,7576977069.0
391.598,84.0,90252.0,5067.0,58.0,366.455,7577051617.0
391.698,84.0,90252.0,5067.0,58.0,366.455,7577051617.0
391.798,82.0,90252.0,5067.0,58.0,379.101,7577091308.0
391.898,82.0,90252.0,5067.0,57.0,380.739,7577132198.0
391.998,84.0,90252.0,5067.0,57.0,392.527,7577163160.0
392.098,83.0,90252.0,5067.0,57.0,404.368,7577197299.0
392.198,83.0,90252.0,5067.0,57.0,385.662,7577240065.0
392.298,82.0,90252.0,5067.0,57.0,359.75,7577301258.0
392.398,82.0,90252.0,5067.0,57.0,359.75,7577301258.0
392.498,83.0,90252.0,5067.0,57.0,369.176,7577338026.0
392.598,83.0,90252.0,5067.0,57.0,371.568,7577377964.0
392.698,83.0,90252.0,5067.0,57.0,369.602,7577495164.0
392.798,83.0,90252.0,5067.0,57.0,369.602,7577495164.0
392.898,80.0,90252.0,5067.0,57.0,359.588,7577527730.0
392.998,78.0,90252.0,5067.0,56.0,343.243,7577583512.0
393.098,78.0,90252.0,5067.0,56.0,343.243,7577583512.0
393.198,78.0,90252.0,5067.0,56.0,349.907,7577622044.0
393.298,78.0,90252.0,5067.0,56.0,357.182,7577655789.0
393.398,78.0,90252.0,5067.0,55.0,347.347,7577685901.0
393.498,77.0,90252.0,5067.0,55.0,343.654,7577715032.0
393.598,77.0,90252.0,5067.0,55.0,327.104,7577746166.0
393.698,78.0,90252.0,5067.0,55.0,323.875,7577773219.0
393.798,78.0,90252.0,5067.0,55.0,314.889,7577773219.0
393.898,78.0,90252.0,5067.0,55.0,308.558,7577806542.0
393.998,78.0,90252.0,5067.0,55.0,300.029,7577832669.0
394.098,75.0,90252.0,5067.0,55.0,307.191,7577862311.0
394.198,75.0,90252.0,5067.0,55.0,302.731,7577890439.0
394.298,75.0,90252.0,5067.0,55.0,294.566,7577922312.0
394.398,75.0,90252.0,5067.0,54.0,301.815,7577949388.0
394.498,75.0,90252.0,5067.0,54.0,298.282,7578012843.0
394.598,75.0,90252.0,5067.0,54.0,298.282,7578012843.0
394.698,74.0,90252.0,5067.0,54.0,293.773,7578069309.0
394.798,74.0,90252.0,5067.0,54.0,293.773,7578069309.0
394.898,74.0,90252.0,5067.0,54.0,296.227,7578098512.0
394.998,74.0,90252.0,5067.0,54.0,291.061,7578128048.0
395.098,74.0,90252.0,5067.0,54.0,293.091,7578153953.0
395.198,73.0,90252.0,5067.0,54.0,288.8,7578237752.0
395.298,73.0,90252.0,5067.0,54.0,288.8,7578237752.0
395.398,73.0,90252.0,5067.0,53.0,281.134,7578260073.0
395.497,38.0,90252.0,5067.0,51.0,263.968,7578273087.0
395.598,38.0,90252.0,5067.0,51.0,246.15,7578286004.0
395.698,0.0,90252.0,5067.0,50.0,231.019,7578298923.0
395.798,0.0,90252.0,5067.0,50.0,225.225,7578323138.0
395.898,49.0,90252.0,5067.0,52.0,221.984,7578346099.0
395.998,49.0,90252.0,5067.0,54.0,234.785,7578392656.0
396.098,49.0,90252.0,5067.0,54.0,234.785,7578392656.0
396.198,83.0,90252.0,5067.0,60.0,274.159,7578462777.0
396.298,83.0,90252.0,5067.0,62.0,319.639,7578531628.0
396.398,100.0,90252.0,5067.0,63.0,357.002,7578599130.0
396.498,100.0,90252.0,5067.0,65.0,443.854,7578729100.0
396.598,100.0,90252.0,5067.0,65.0,443.854,7578729100.0
396.698,100.0,90252.0,5067.0,66.0,611.71,7578868730.0
396.798,100.0,90252.0,5067.0,66.0,611.71,7578868730.0
396.898,100.0,90252.0,5067.0,66.0,656.421,7578936346.0
396.998,100.0,90252.0,5067.0,68.0,677.888,7579006586.0
397.098,89.0,90252.0,5067.0,67.0,673.175,7579203148.0
397.198,89.0,90252.0,5067.0,67.0,673.175,7579203148.0
397.298,100.0,90252.0,5067.0,68.0,672.469,7579339352.0
397.398,100.0,90252.0,5067.0,68.0,672.469,7579339352.0
397.498,100.0,90252.0,5067.0,69.0,679.505,7579407717.0
397.598,100.0,90252.0,5067.0,68.0,673.659,7579473446.0
397.698,100.0,90252.0,5067.0,68.0,671.801,7579540078.0
397.798,100.0,90252.0,5067.0,69.0,673.578,7579610000.0
397.898,100.0,90252.0,5067.0,69.0,673.578,7579678864.0
397.998,100.0,90252.0,5067.0,69.0,671.428,7579678864.0
398.098,100.0,90252.0,5067.0,69.0,678.808,7579747827.0
398.198,100.0,90252.0,5067.0,68.0,680.022,7579814611.0
398.298,100.0,90252.0,5067.0,70.0,680.062,7579885116.0
398.398,100.0,90252.0,5067.0,69.0,681.225,7579953130.0
398.498,100.0,90252.0,5067.0,70.0,680.678,7580090517.0
398.598,100.0,90252.0,5067.0,70.0,678.588,7580147987.0
398.698,93.0,90252.0,5067.0,65.0,655.025,7580193573.0
398.798,93.0,90252.0,5067.0,64.0,635.071,7580237983.0
398.898,93.0,90252.0,5067.0,64.0,635.071,7580237983.0
398.998,86.0,90252.0,5067.0,63.0,572.586,7580275147.0
399.109,87.0,90252.0,5067.0,62.0,506.283,7580350788.0
399.198,85.0,90252.0,5067.0,61.0,485.473,7580427655.0
399.298,85.0,90252.0,5067.0,61.0,452.647,7580465664.0
399.398,85.0,90252.0,5067.0,61.0,452.647,7580465664.0
399.498,87.0,90252.0,5067.0,61.0,414.216,7580500383.0
399.598,87.0,90252.0,5067.0,61.0,391.509,7580540168.0
399.698,87.0,90252.0,5067.0,60.0,391.565,7580582138.0
399.798,87.0,90252.0,5067.0,60.0,383.734,7580623111.0
399.898,88.0,90252.0,5067.0,60.0,384.063,7580661167.0
399.998,88.0,90252.0,5067.0,60.0,394.853,7580707558.0
400.098,88.0,90252.0,5067.0,60.0,400.416,7580788171.0
400.198,88.0,90252.0,5067.0,60.0,400.416,7580788171.0
400.298,88.0,90252.0,5067.0,60.0,400.416,7580827068.0
400.398,86.0,90252.0,5067.0,60.0,401.624,7580869998.0
400.498,86.0,90252.0,5067.0,60.0,401.624,7580869998.0
400.598,88.0,90252.0,5067.0,60.0,412.004,7580911901.0
400.698,88.0,90252.0,5067.0,60.0,412.004,7580911901.0
400.798,88.0,90252.0,5067.0,60.0,412.004,7580911901.0
400.898,89.0,90252.0,5067.0,60.0,414.92,7581075573.0
400.998,89.0,90252.0,5067.0,60.0,414.92,7581075573.0
401.098,89.0,90252.0,5067.0,60.0,418.106,7581164103.0
401.198,89.0,90252.0,5067.0,60.0,417.184,7581164103.0
401.298,89.0,90252.0,5067.0,60.0,417.184,7581164103.0
401.398,89.0,90252.0,5067.0,60.0,417.184,7581164103.0
401.498,89.0,90252.0,5067.0,60.0,412.624,7581164103.0
401.598,89.0,90252.0,5067.0,60.0,412.624,7581328747.0
401.698,89.0,90252.0,5067.0,60.0,412.624,7581328747.0
401.798,89.0,90252.0,5067.0,59.0,430.302,7581457184.0
401.898,88.0,90252.0,5067.0,59.0,413.36,7581536119.0
401.998,88.0,90252.0,5067.0,59.0,413.36,7581536119.0
402.098,89.0,90252.0,5067.0,59.0,413.233,7581577964.0
402.198,89.0,90252.0,5067.0,59.0,409.128,7581577964.0
402.298,87.0,90252.0,5067.0,59.0,398.847,7581614426.0
402.398,87.0,90252.0,5067.0,59.0,402.878,7581649198.0
402.497,89.0,90252.0,5067.0,59.0,401.884,7581689610.0
402.598,89.0,90252.0,5067.0,59.0,386.185,7581767796.0
402.698,89.0,90252.0,5067.0,59.0,386.185,7581767796.0
402.798,89.0,90252.0,5067.0,59.0,381.434,7581845195.0
402.898,89.0,90252.0,5067.0,59.0,384.351,7581882617.0
402.998,88.0,90252.0,5067.0,59.0,390.555,7581927479.0
403.098,88.0,90252.0,5067.0,59.0,388.681,7581966570.0
403.198,89.0,90252.0,5067.0,59.0,389.787,7582005593.0
403.298,87.0,90252.0,5067.0,59.0,398.832,7582090452.0
403.398,87.0,90252.0,5067.0,59.0,398.832,7582090452.0
403.498,87.0,90252.0,5067.0,59.0,400.054,7582126270.0
403.598,89.0,90252.0,5067.0,59.0,397.914,7582126270.0
403.698,89.0,90252.0,5067.0,59.0,394.829,7582160236.0
403.798,88.0,90252.0,5067.0,59.0,394.847,7582202093.0
403.898,88.0,90252.0,5067.0,59.0,395.534,7582243493.0
403.998,87.0,90252.0,5067.0,59.0,402.166,7582325994.0
404.098,87.0,90252.0,5067.0,59.0,402.166,7582325994.0
404.198,88.0,90252.0,5067.0,59.0,400.749,7582367639.0
404.298,88.0,90252.0,5067.0,59.0,405.599,7582413040.0
404.398,86.0,90252.0,5067.0,59.0,404.484,7582452288.0
404.498,86.0,90252.0,5067.0,59.0,394.839,7582488855.0
404.598,88.0,90252.0,5067.0,59.0,395.016,7582523125.0
404.698,88.0,90252.0,5067.0,59.0,387.258,7582560797.0
404.798,86.0,90252.0,5067.0,59.0,378.797,7582665567.0
404.898,86.0,90252.0,5067.0,59.0,378.797,7582665567.0
404.998,86.0,90252.0,5067.0,59.0,376.215,7582704216.0
405.098,88.0,90252.0,5067.0,59.0,371.549,7582741017.0
405.198,88.0,90252.0,5067.0,59.0,360.638,7582775094.0
405.298,85.0,90252.0,5067.0,59.0,360.795,7582816412.0
405.398,85.0,90252.0,5067.0,58.0,362.511,7582848660.0
405.498,87.0,90252.0,5067.0,59.0,362.796,7582923037.0
405.598,87.0,90252.0,5067.0,59.0,362.796,7582923037.0
405.698,86.0,90252.0,5067.0,58.0,372.049,7582962444.0
405.798,86.0,90252.0,5067.0,58.0,368.658,7582998669.0
405.898,86.0,90252.0,5067.0,58.0,368.658,7583043981.0
405.998,84.0,90252.0,5067.0,59.0,376.867,7583043981.0
406.098,84.0,90252.0,5067.0,58.0,390.329,7583094067.0
406.198,86.0,90252.0,5067.0,58.0,404.606,7583179783.0
406.298,86.0,90252.0,5067.0,58.0,404.606,7583179783.0
406.398,84.0,90252.0,5067.0,58.0,401.551,7583217615.0
406.498,84.0,90252.0,5067.0,58.0,404.963,7583256732.0
406.598,86.0,90252.0,5067.0,58.0,409.884,7583296947.0
406.698,86.0,90252.0,5067.0,58.0,404.968,7583368676.0
406.798,86.0,90252.0,5067.0,58.0,404.968,7583368676.0
406.898,86.0,90252.0,5067.0,58.0,403.707,7583399536.0
406.998,85.0,90252.0,5067.0,58.0,397.974,7583436762.0
407.098,85.0,90252.0,5067.0,58.0,383.837,7583476726.0
407.198,85.0,90252.0,5067.0,58.0,384.66,7583520928.0
407.298,85.0,90252.0,5067.0,58.0,390.455,7583568123.0
407.398,85.0,90252.0,5067.0,58.0,390.879,7583646823.0
407.498,84.0,90252.0,5067.0,58.0,391.716,7583689355.0
407.623,83.0,90252.0,5067.0,58.0,402.216,7583770385.0
407.698,83.0,90252.0,5067.0,58.0,402.216,7583770385.0
407.798,83.0,90252.0,5067.0,58.0,408.858,7583811789.0
407.898,83.0,90252.0,5067.0,57.0,412.205,7583850719.0
407.998,83.0,90252.0,5067.0,57.0,399.757,7583877882.0
408.098,82.0,90252.0,5067.0,57.0,385.708,7583906199.0
408.198,82.0,90252.0,5067.0,57.0,378.581,7583946620.0
408.298,83.0,90252.0,5067.0,57.0,370.93,7583976241.0
408.398,83.0,90252.0,5067.0,57.0,361.88,7584009162.0
408.498,83.0,90252.0,5067.0,57.0,361.88,7584044150.0
408.598,83.0,90252.0,5067.0,57.0,355.345,7584044150.0
408.698,80.0,90252.0,5067.0,56.0,341.087,7584112853.0
408.798,80.0,90252.0,5067.0,56.0,341.087,7584112853.0
408.898,80.0,90252.0,5067.0,56.0,330.65,7584142166.0
408.998,79.0,90252.0,5067.0,56.0,316.673,7584168974.0
409.098,79.0,90252.0,5067.0,56.0,324.343,7584231093.0
409.198,79.0,90252.0,5067.0,56.0,324.343,7584231093.0
409.298,79.0,90252.0,5067.0,56.0,323.118,7584271278.0
409.398,77.0,90252.0,5067.0,56.0,327.97,7584305352.0
409.498,77.0,90252.0,5067.0,55.0,323.088,7584334043.0
409.598,79.0,90252.0,5067.0,55.0,325.324,7584369635.0
409.698,79.0,90252.0,5067.0,55.0,319.489,7584398418.0
409.798,79.0,90252.0,5067.0,55.0,310.434,7584424667.0
409.898,79.0,90252.0,5067.0,55.0,311.49,7584488367.0
409.998,77.0,90252.0,5067.0,55.0,319.758,7584520969.0
410.098,75.0,90252.0,5067.0,55.0,311.274,7584580037.0
410.197,75.0,90252.0,5067.0,55.0,311.274,7584580037.0
410.298,75.0,90252.0,5067.0,55.0,301.134,7584607704.0
410.398,75.0,90252.0,5067.0,54.0,302.878,7584636542.0
410.498,75.0,90252.0,5067.0,54.0,293.086,7584660660.0
410.598,75.0,90252.0,5067.0,54.0,298.243,7584720874.0
410.698,75.0,90252.0,5067.0,54.0,292.147,7584744237.0
410.798,75.0,90252.0,5067.0,54.0,292.147,7584744237.0
410.898,73.0,90252.0,5067.0,54.0,289.579,7584775011.0
410.998,73.0,90252.0,5067.0,54.0,289.579,7584800573.0
411.098,73.0,90252.0,5067.0,54.0,282.25,7584800573.0
411.198,74.0,90252.0,5067.0,54.0,270.173,7584849321.0
411.298,74.0,90252.0,5067.0,54.0,270.173,7584849321.0
411.398,74.0,90252.0,5067.0,54.0,266.002,7584872357.0
411.498,74.0,90252.0,5067.0,53.0,255.904,7584892083.0
411.598,34.0,90252.0,5067.0,53.0,255.927,7584917448.0
411.698,34.0,90252.0,5067.0,51.0,235.383,7584930578.0
411.798,0.0,90252.0,5067.0,51.0,221.521,7584943594.0
411.898,0.0,90252.0,5067.0,50.0,213.263,7584956576.0
411.998,8.0,90252.0,5067.0,56.0,220.627,7585019694.0
412.098,100.0,90252.0,5067.0,59.0,267.175,7585089447.0
412.198,100.0,90252.0,5067.0,59.0,267.175,7585089447.0
412.298,100.0,90252.0,5067.0,62.0,309.883,7585157921.0
412.398,100.0,90252.0,5067.0,62.0,351.87,7585225212.0
412.498,100.0,90252.0,5067.0,64.0,405.996,7585358981.0
412.598,88.0,90252.0,5067.0,65.0,509.023,7585425391.0
412.698,100.0,90252.0,5067.0,66.0,621.191,7585562572.0
412.798,100.0,90252.0,5067.0,67.0,671.497,7585632056.0
412.898,100.0,90252.0,5067.0,67.0,671.497,7585632056.0
412.998,100.0,90252.0,5067.0,68.0,681.989,7585699782.0
413.098,92.0,90252.0,5067.0,67.0,674.261,7585760173.0
413.197,92.0,90252.0,5067.0,68.0,672.452,7585829463.0
413.298,100.0,90252.0,5067.0,68.0,674.394,7585896920.0
413.398,100.0,90252.0,5067.0,68.0,671.757,7585965408.0
413.498,100.0,90252.0,5067.0,68.0,671.757,7585965408.0
413.598,100.0,90252.0,5067.0,68.0,677.634,7586034287.0
413.698,100.0,90252.0,5067.0,66.0,675.254,7586097782.0
413.798,100.0,90252.0,5067.0,68.0,674.08,7586168346.0
413.898,100.0,90252.0,5067.0,69.0,675.721,7586237035.0
413.998,100.0,90252.0,5067.0,69.0,676.018,7586306324.0
414.098,100.0,90252.0,5067.0,69.0,682.144,7586376356.0
414.198,88.0,90252.0,5067.0,69.0,679.663,7586441941.0
414.298,88.0,90252.0,5067.0,69.0,679.942,7586507873.0
414.398,100.0,90252.0,5067.0,70.0,682.153,7586577090.0
414.498,100.0,90252.0,5067.0,69.0,682.144,7586716287.0
414.598,100.0,90252.0,5067.0,69.0,680.853,7586780117.0
414.698,88.0,90252.0,5067.0,66.0,613.392,7586857611.0
414.798,88.0,90252.0,5067.0,66.0,613.392,7586857611.0
414.898,87.0,90252.0,5067.0,64.0,585.142,7586897283.0
414.998,87.0,90252.0,5067.0,63.0,552.578,7586933913.0
415.098,87.0,90252.0,5067.0,62.0,490.824,7587003879.0
415.198,87.0,90252.0,5067.0,62.0,490.824,7587003879.0
415.298,87.0,90252.0,5067.0,62.0,463.44,7587087355.0
415.398,87.0,90252.0,5067.0,62.0,463.44,7587087355.0
415.498,87.0,90252.0,5067.0,61.0,437.489,7587087355.0
415.598,86.0,90252.0,5067.0,61.0,408.126,7587122731.0
415.698,86.0,90252.0,5067.0,61.0,391.864,7587168474.0
415.798,88.0,90252.0,5067.0,60.0,392.05,7587217837.0
415.898,88.0,90252.0,5067.0,60.0,397.6,7587254841.0
415.998,85.0,90252.0,5067.0,61.0,400.746,7587297295.0
416.098,85.0,90252.0,5067.0,60.0,405.19,7587336900.0
416.198,88.0,90252.0,5067.0,60.0,403.67,7587377435.0
416.298,88.0,90252.0,5067.0,60.0,421.486,7587421593.0
416.398,88.0,90252.0,5067.0,60.0,420.507,7587502463.0
416.498,88.0,90252.0,5067.0,60.0,420.507,7587502463.0
416.598,88.0,90252.0,5067.0,60.0,422.465,7587548743.0
416.698,88.0,90252.0,5067.0,60.0,411.34,7587667992.0
416.798,88.0,90252.0,5067.0,60.0,411.34,7587667992.0
416.898,88.0,90252.0,5067.0,60.0,415.677,7587707993.0
416.998,86.0,90252.0,5067.0,60.0,408.606,7587742299.0
417.098,89.0,90252.0,5067.0,60.0,406.37,7587778906.0
417.198,88.0,90252.0,5067.0,60.0,399.825,7587863549.0
417.298,88.0,90252.0,5067.0,60.0,399.825,7587863549.0
417.398,88.0,90252.0,5067.0,60.0,397.545,7587898851.0
417.498,88.0,90252.0,5067.0,59.0,397.449,7587943820.0
417.598,88.0,90252.0,5067.0,60.0,404.549,7587994810.0
417.698,88.0,90252.0,5067.0,60.0,404.538,7588030360.0
417.798,89.0,90252.0,5067.0,59.0,408.978,7588030360.0
417.898,87.0,90252.0,5067.0,60.0,409.331,7588113626.0
417.998,87.0,90252.0,5067.0,60.0,409.331,7588113626.0
418.098,87.0,90252.0,5067.0,60.0,417.059,7588151375.0
418.198,89.0,90252.0,5067.0,59.0,411.046,7588192355.0
418.298,87.0,90252.0,5067.0,60.0,412.873,7588233291.0
418.398,87.0,90252.0,5067.0,60.0,419.415,7588274020.0
418.498,87.0,90252.0,5067.0,60.0,420.228,7588319307.0
418.598,89.0,90252.0,5067.0,60.0,410.107,7588363358.0
418.698,89.0,90252.0,5067.0,59.0,413.613,7588446799.0
418.798,89.0,90252.0,5067.0,59.0,413.613,7588446799.0
418.898,89.0,90252.0,5067.0,60.0,419.75,7588531685.0
418.998,89.0,90252.0,5067.0,60.0,419.75,7588531685.0
419.098,89.0,90252.0,5067.0,60.0,417.303,7588609163.0
419.198,89.0,90252.0,5067.0,59.0,411.815,7588647897.0
419.298,87.0,90252.0,5067.0,60.0,412.565,7588724793.0
419.398,89.0,90252.0,5067.0,60.0,410.982,7588772856.0
419.498,89.0,90252.0,5067.0,60.0,410.982,7588772856.0
419.598,89.0,90252.0,5067.0,59.0,411.849,7588813726.0
419.698,89.0,90252.0,5067.0,59.0,413.437,7588858017.0
419.798,89.0,90252.0,5067.0,59.0,412.693,7588896095.0
419.898,89.0,90252.0,5067.0,59.0,407.703,7588937586.0
419.998,89.0,90252.0,5067.0,60.0,412.132,7588979119.0
420.098,89.0,90252.0,5067.0,60.0,410.444,7589022689.0
420.198,89.0,90252.0,5067.0,60.0,410.444,7589061935.0
420.298,89.0,90252.0,5067.0,59.0,420.997,7589061935.0
420.398,87.0,90252.0,5067.0,59.0,414.384,7589102269.0
420.498,87.0,90252.0,5067.0,59.0,412.795,7589140331.0
420.598,89.0,90252.0,5067.0,59.0,413.267,7589183080.0
420.698,89.0,90252.0,5067.0,59.0,417.368,7589230187.0
420.798,87.0,90252.0,5067.0,59.0,410.786,7589311080.0
420.898,87.0,90252.0,5067.0,59.0,410.786,7589311080.0
420.998,88.0,90252.0,5067.0,59.0,407.098,7589346813.0
421.098,88.0,90252.0,5067.0,59.0,407.549,7589386188.0
421.198,88.0,90252.0,5067.0,59.0,407.184,7589429617.0
421.298,88.0,90252.0,5067.0,59.0,411.448,7589475218.0
421.398,88.0,90252.0,5067.0,59.0,406.128,7589511186.0
421.498,88.0,90252.0,5067.0,59.0,407.603,7589549192.0
421.598,87.0,90252.0,5067.0,59.0,401.591,7589626907.0
421.698,87.0,90252.0,5067.0,59.0,396.709,7589662796.0
421.798,85.0,90252.0,5067.0,59.0,387.818,7589699977.0
421.898,85.0,90252.0,5067.0,59.0,390.333,7589744728.0
421.998,87.0,90252.0,5067.0,59.0,401.553,7589787666.0
422.098,87.0,90252.0,5067.0,59.0,397.089,7589823621.0
422.198,86.0,90252.0,5067.0,59.0,393.156,7589863915.0
422.298,87.0,90252.0,5067.0,59.0,392.468,7589903322.0
422.398,87.0,90252.0,5067.0,59.0,392.613,7589941691.0
422.498,87.0,90252.0,5067.0,59.0,398.705,7589984292.0
422.598,87.0,90252.0,5067.0,59.0,397.514,7590023823.0
422.698,87.0,90252.0,5067.0,59.0,397.514,7590023823.0
422.798,86.0,90252.0,5067.0,59.0,405.518,7590067141.0
422.898,87.0,90252.0,5067.0,59.0,397.718,7590147141.0
422.998,87.0,90252.0,5067.0,59.0,397.718,7590147141.0
423.098,87.0,90252.0,5067.0,58.0,397.687,7590183631.0
423.198,84.0,90252.0,5067.0,59.0,391.245,7590219817.0
423.298,84.0,90252.0,5067.0,59.0,390.938,7590252956.0
423.398,87.0,90252.0,5067.0,58.0,391.737,7590296873.0
423.498,87.0,90252.0,5067.0,58.0,391.116,7590333623.0
423.598,86.0,90252.0,5067.0,58.0,381.037,7590408573.0
423.698,86.0,90252.0,5067.0,58.0,381.037,7590408573.0
423.798,84.0,90252.0,5067.0,58.0,376.616,7590443292.0
423.898,84.0,90252.0,5067.0,58.0,372.748,7590482651.0
423.998,86.0,90252.0,5067.0,58.0,360.715,7590509957.0
424.098,86.0,90252.0,5067.0,58.0,343.657,7590557928.0
424.198,83.0,90252.0,5067.0,58.0,335.405,7590587075.0
424.298,83.0,90252.0,5067.0,57.0,339.134,7590632410.0
424.398,83.0,90252.0,5067.0,58.0,334.808,7590711861.0
424.498,83.0,90252.0,5067.0,58.0,334.808,7590711861.0
424.598,83.0,90252.0,5067.0,57.0,341.993,7590755562.0
424.698,83.0,90252.0,5067.0,57.0,349.708,7590793637.0
424.798,83.0,90252.0,5067.0,57.0,372.69,7590876054.0
424.898,83.0,90252.0,5067.0,57.0,372.69,7590876054.0
424.998,83.0,90252.0,5067.0,57.0,378.606,7590907406.0
425.098,83.0,90252.0,5067.0,57.0,378.606,7590907406.0
425.198,84.0,90252.0,5067.0,57.0,397.915,7590947652.0
425.298,84.0,90252.0,5067.0,57.0,388.277,7590981388.0
425.398,82.0,90252.0,5067.0,57.0,380.639,7591009768.0
425.498,82.0,90252.0,5067.0,57.0,373.95,7591044732.0
425.598,83.0,90252.0,5067.0,57.0,360.708,7591075475.0
425.698,83.0,90252.0,5067.0,57.0,352.851,7591106955.0
425.798,83.0,90252.0,5067.0,57.0,338.256,7591177418.0
425.898,83.0,90252.0,5067.0,57.0,338.256,7591177418.0
425.998,79.0,90252.0,5067.0,57.0,336.351,7591213340.0
426.098,79.0,90252.0,5067.0,56.0,338.05,7591285113.0
426.198,79.0,90252.0,5067.0,56.0,338.05,7591285113.0
426.298,79.0,90252.0,5067.0,56.0,338.713,7591349042.0
426.398,79.0,90252.0,5067.0,56.0,337.626,7591377434.0
426.498,78.0,90252.0,5067.0,56.0,333.131,7591439609.0
426.598,78.0,90252.0,5067.0,56.0,333.131,7591439609.0
426.698,78.0,90252.0,5067.0,56.0,333.519,7591477178.0
426.798,79.0,90252.0,5067.0,55.0,327.553,7591503506.0
426.898,79.0,90252.0,5067.0,55.0,325.849,7591538271.0
426.998,78.0,90252.0,5067.0,55.0,320.586,7591569821.0
427.098,77.0,90252.0,5067.0,55.0,314.368,7591599156.0
427.198,77.0,90252.0,5067.0,55.0,311.635,7591637732.0
427.298,76.0,90252.0,5067.0,55.0,313.195,7591664859.0
427.397,76.0,90252.0,5067.0,55.0,313.195,7591696608.0
427.498,76.0,90252.0,5067.0,55.0,313.711,7591696608.0
427.598,71.0,90252.0,5067.0,54.0,312.872,7591725460.0
427.698,0.0,90252.0,5067.0,52.0,276.347,7591761558.0
427.798,0.0,90252.0,5067.0,52.0,276.347,7591761558.0
427.898,0.0,90252.0,5067.0,51.0,261.37,7591774544.0
427.998,0.0,90252.0,5067.0,51.0,243.771,7591787533.0
428.098,58.0,90252.0,5067.0,50.0,235.358,7591830163.0
428.198,58.0,90252.0,5067.0,56.0,268.047,7591885636.0
428.298,58.0,90252.0,5067.0,56.0,268.047,7591885636.0
428.398,100.0,90252.0,5067.0,61.0,305.18,7591954465.0
428.498,100.0,90252.0,5067.0,62.0,343.044,7592021989.0
428.598,100.0,90252.0,5067.0,63.0,382.074,7592091333.0
428.698,100.0,90252.0,5067.0,64.0,433.985,7592225102.0
428.798,93.0,90252.0,5067.0,66.0,544.377,7592362953.0
428.898,93.0,90252.0,5067.0,66.0,544.377,7592362953.0
428.998,100.0,90252.0,5067.0,66.0,589.426,7592430011.0
429.098,100.0,90252.0,5067.0,67.0,655.647,7592498722.0
429.198,100.0,90252.0,5067.0,67.0,674.23,7592563235.0
429.298,100.0,90252.0,5067.0,68.0,676.492,7592632958.0
429.398,100.0,90252.0,5067.0,68.0,679.923,7592700294.0
429.502,100.0,90252.0,5067.0,68.0,677.537,7592837313.0
429.598,100.0,90252.0,5067.0,68.0,677.537,7592837313.0
429.698,100.0,90252.0,5067.0,69.0,681.677,7592837313.0
429.798,93.0,90252.0,5067.0,68.0,677.695,7592903462.0
429.898,93.0,90252.0,5067.0,69.0,677.213,7592970446.0
429.998,100.0,90252.0,5067.0,69.0,679.279,7593038053.0
430.098,100.0,90252.0,5067.0,69.0,675.792,7593106359.0
430.198,100.0,90252.0,5067.0,70.0,677.575,7593243180.0
430.298,100.0,90252.0,5067.0,70.0,677.575,7593243180.0
430.398,96.0,90252.0,5067.0,68.0,675.488,7593306548.0
430.498,96.0,90252.0,5067.0,70.0,678.567,7593376208.0
430.598,100.0,90252.0,5067.0,70.0,678.802,7593444132.0
430.698,100.0,90252.0,5067.0,70.0,676.512,7593513652.0
430.798,100.0,90252.0,5067.0,68.0,648.863,7593669115.0
430.898,100.0,90252.0,5067.0,68.0,648.863,7593669115.0
430.998,86.0,90252.0,5067.0,64.0,597.271,7593751301.0
431.098,86.0,90252.0,5067.0,64.0,597.271,7593751301.0
431.198,87.0,90252.0,5067.0,63.0,569.972,7593791575.0
431.298,87.0,90252.0,5067.0,62.0,543.767,7593831414.0
431.398,86.0,90252.0,5067.0,62.0,518.674,7593870016.0
431.497,86.0,90252.0,5067.0,61.0,491.29,7593910686.0
431.598,88.0,90252.0,5067.0,61.0,458.14,7593946919.0
431.698,88.0,90252.0,5067.0,61.0,417.289,7593982435.0
431.798,87.0,90252.0,5067.0,61.0,385.645,7594052363.0
431.898,87.0,90252.0,5067.0,61.0,385.645,7594052363.0
431.998,86.0,90252.0,5067.0,61.0,385.895,7594052363.0
432.098,86.0,90252.0,5067.0,60.0,385.86,7594092517.0
432.198,88.0,90252.0,5067.0,60.0,376.818,7594130076.0
432.298,88.0,90252.0,5067.0,60.0,375.048,7594167644.0
432.398,86.0,90252.0,5067.0,60.0,377.417,7594209897.0
432.498,86.0,90252.0,5067.0,60.0,374.306,7594248749.0
432.598,88.0,90252.0,5067.0,60.0,377.529,7594289385.0
432.698,88.0,90252.0,5067.0,60.0,383.733,7594326952.0
432.798,88.0,90252.0,5067.0,60.0,393.836,7594367849.0
432.898,88.0,90252.0,5067.0,60.0,396.847,7594416522.0
432.998,87.0,90252.0,5067.0,60.0,397.686,7594451202.0
433.098,87.0,90252.0,5067.0,59.0,394.184,7594486372.0
433.198,88.0,90252.0,5067.0,60.0,394.249,7594606748.0
433.298,88.0,90252.0,5067.0,60.0,394.249,7594606748.0
433.398,85.0,90252.0,5067.0,60.0,397.274,7594648833.0
433.498,85.0,90252.0,5067.0,59.0,398.677,7594688375.0
433.598,88.0,90252.0,5067.0,60.0,403.447,7594727593.0
433.698,88.0,90252.0,5067.0,60.0,403.0,7594767344.0
433.798,87.0,90252.0,5067.0,60.0,398.515,7594806460.0
433.898,87.0,90252.0,5067.0,59.0,395.149,7594846781.0
433.998,88.0,90252.0,5067.0,59.0,397.709,7594923562.0
434.098,88.0,90252.0,5067.0,59.0,397.709,7594923562.0
434.197,88.0,90252.0,5067.0,59.0,397.44,7594923562.0
434.298,88.0,90252.0,5067.0,59.0,404.444,7594965402.0
434.398,89.0,90252.0,5067.0,60.0,396.877,7595002027.0
434.498,89.0,90252.0,5067.0,59.0,393.37,7595042148.0
434.598,89.0,90252.0,5067.0,59.0,388.361,7595081300.0
434.698,87.0,90252.0,5067.0,60.0,384.785,7595154402.0
434.798,87.0,90252.0,5067.0,60.0,384.785,7595154402.0
434.898,87.0,90252.0,5067.0,59.0,384.459,7595189430.0
434.998,89.0,90252.0,5067.0,59.0,385.625,7595234808.0
435.098,89.0,90252.0,5067.0,59.0,388.237,7595276460.0
435.198,88.0,90252.0,5067.0,59.0,395.597,7595316757.0
435.298,88.0,90252.0,5067.0,59.0,386.167,7595353907.0
435.398,89.0,90252.0,5067.0,59.0,394.846,7595394838.0
435.498,89.0,90252.0,5067.0,59.0,397.22,7595438033.0
435.598,89.0,90252.0,5067.0,59.0,396.058,7595516126.0
435.698,89.0,90252.0,5067.0,59.0,408.043,7595558361.0
435.798,88.0,90252.0,5067.0,60.0,404.39,7595596481.0
435.898,88.0,90252.0,5067.0,59.0,400.251,7595634406.0
435.998,89.0,90252.0,5067.0,59.0,404.481,7595673290.0
436.098,87.0,90252.0,5067.0,59.0,397.808,7595757946.0
436.198,87.0,90252.0,5067.0,59.0,405.734,7595803832.0
436.298,87.0,90252.0,5067.0,59.0,405.734,7595803832.0
436.398,89.0,90252.0,5067.0,59.0,404.391,7595842999.0
436.498,89.0,90252.0,5067.0,59.0,403.667,7595880656.0
436.598,89.0,90252.0,5067.0,59.0,403.667,7595917130.0
436.698,90.0,90252.0,5067.0,59.0,397.127,7595917130.0
436.798,89.0,90252.0,5067.0,59.0,397.771,7595955661.0
436.898,89.0,90252.0,5067.0,59.0,399.474,7595997658.0
436.998,89.0,90252.0,5067.0,59.0,402.322,7596038782.0
437.098,89.0,90252.0,5067.0,59.0,400.936,7596075360.0
437.198,86.0,90252.0,5067.0,59.0,390.692,7596109158.0
437.298,86.0,90252.0,5067.0,59.0,386.056,7596145507.0
437.398,88.0,90252.0,5067.0,59.0,378.613,7596217763.0
437.498,88.0,90252.0,5067.0,59.0,378.613,7596217763.0
437.598,86.0,90252.0,5067.0,59.0,381.05,7596258048.0
437.698,86.0,90252.0,5067.0,59.0,381.764,7596299909.0
437.798,88.0,90252.0,5067.0,59.0,384.295,7596341031.0
437.898,88.0,90252.0,5067.0,59.0,387.307,7596381622.0
437.998,87.0,90252.0,5067.0,59.0,380.166,7596463420.0
438.098,87.0,90252.0,5067.0,59.0,389.548,7596503528.0
438.198,88.0,90252.0,5067.0,59.0,394.889,7596541137.0
438.298,88.0,90252.0,5067.0,59.0,394.22,7596585690.0
438.398,88.0,90252.0,5067.0,59.0,400.245,7596622517.0
438.498,88.0,90252.0,5067.0,59.0,407.776,7596667955.0
438.598,87.0,90252.0,5067.0,59.0,411.556,7596711847.0
438.698,87.0,90252.0,5067.0,59.0,411.412,7596749592.0
438.798,88.0,90252.0,5067.0,59.0,404.721,7596823309.0
438.898,88.0,90252.0,5067.0,59.0,404.721,7596823309.0
438.998,86.0,90252.0,5067.0,59.0,403.941,7596858032.0
439.098,86.0,90252.0,5067.0,59.0,403.941,7596858032.0
439.198,86.0,90252.0,5067.0,58.0,396.451,7596896946.0
439.298,86.0,90252.0,5067.0,59.0,398.498,7596940543.0
439.398,86.0,90252.0,5067.0,58.0,391.206,7596980052.0
439.498,86.0,90252.0,5067.0,58.0,390.333,7597018460.0
439.598,84.0,90252.0,5067.0,59.0,379.557,7597053613.0
439.698,84.0,90252.0,5067.0,58.0,377.071,7597088347.0
439.798,86.0,90252.0,5067.0,58.0,366.125,7597123800.0
439.898,86.0,90252.0,5067.0,58.0,355.403,7597148783.0
439.998,85.0,90252.0,5067.0,58.0,359.983,7597184206.0
440.098,85.0,90252.0,5067.0,58.0,366.856,7597227600.0
440.198,85.0,90252.0,5067.0,58.0,338.339,7597286951.0
440.298,84.0,90252.0,5067.0,58.0,342.897,7597361986.0
440.398,84.0,90252.0,5067.0,58.0,342.897,7597361986.0
440.498,84.0,90252.0,5067.0,58.0,347.759,7597410369.0
440.598,82.0,90252.0,5067.0,58.0,358.858,7597451553.0
440.698,82.0,90252.0,5067.0,57.0,363.232,7597491093.0
440.798,84.0,90252.0,5067.0,57.0,372.3,7597556132.0
440.898,84.0,90252.0,5067.0,57.0,372.3,7597556132.0
440.998,82.0,90252.0,5067.0,57.0,360.148,7597618353.0
441.098,82.0,90252.0,5067.0,57.0,360.148,7597618353.0
441.198,82.0,90252.0,5067.0,57.0,377.597,7597697955.0
441.298,82.0,90252.0,5067.0,57.0,377.597,7597697955.0
441.398,82.0,90252.0,5067.0,57.0,377.597,7597730794.0
441.498,83.0,90252.0,5067.0,57.0,375.419,7597730794.0
441.598,83.0,90252.0,5067.0,57.0,365.872,7597769797.0
441.698,83.0,90252.0,5067.0,57.0,345.506,7597801781.0
441.798,80.0,90252.0,5067.0,57.0,347.781,7597834271.0
441.898,80.0,90252.0,5067.0,56.0,350.513,7597868060.0
441.998,79.0,90252.0,5067.0,56.0,344.837,7597903957.0
442.098,79.0,90252.0,5067.0,56.0,344.772,7597937127.0
442.198,79.0,90252.0,5067.0,56.0,341.304,7597962271.0
442.298,79.0,90252.0,5067.0,56.0,329.505,7597992881.0
442.398,77.0,90252.0,5067.0,56.0,315.064,7598048659.0
442.498,77.0,90252.0,5067.0,56.0,315.064,7598048659.0
442.598,79.0,90252.0,5067.0,55.0,310.37,7598078465.0
442.698,79.0,90252.0,5067.0,55.0,308.152,7598112105.0
442.798,79.0,90252.0,5067.0,55.0,309.661,7598176836.0
442.898,79.0,90252.0,5067.0,55.0,305.309,7598208183.0
442.998,78.0,90252.0,5067.0,55.0,307.685,7598241654.0
443.098,78.0,90252.0,5067.0,55.0,308.122,7598273668.0
443.198,78.0,90252.0,5067.0,55.0,308.904,7598330716.0
443.298,78.0,90252.0,5067.0,55.0,308.904,7598330716.0
443.398,78.0,90252.0,5067.0,55.0,304.563,7598359773.0
443.498,78.0,90252.0,5067.0,55.0,307.47,7598386395.0
443.598,77.0,90252.0,5067.0,55.0,305.999,7598417680.0
443.698,77.0,90252.0,5067.0,54.0,302.953,7598446733.0
443.797,69.0,90252.0,5067.0,53.0,299.066,7598463062.0
443.898,69.0,90252.0,5067.0,52.0,279.312,7598476075.0
443.998,69.0,90252.0,5067.0,52.0,279.312,7598489070.0
444.098,0.0,90252.0,5067.0,51.0,258.862,7598489070.0
444.198,0.0,90252.0,5067.0,51.0,239.62,7598502014.0
444.298,0.0,90252.0,5067.0,50.0,230.319,7598514952.0
444.398,51.0,90252.0,5067.0,51.0,215.94,7598556358.0
444.498,51.0,90252.0,5067.0,50.0,200.631,7598569792.0
444.598,23.0,90252.0,5067.0,58.0,220.57,7598585195.0
444.698,23.0,90252.0,5067.0,61.0,261.461,7598649620.0
444.798,100.0,90252.0,5067.0,63.0,361.196,7598786325.0
444.898,100.0,90252.0,5067.0,63.0,361.196,7598786325.0
444.998,100.0,90252.0,5067.0,65.0,415.879,7598856030.0
445.098,100.0,90252.0,5067.0,65.0,470.687,7598924039.0
445.198,100.0,90252.0,5067.0,66.0,526.143,7598991904.0
445.298,100.0,90252.0,5067.0,66.0,558.85,7599127886.0
445.398,100.0,90252.0,5067.0,67.0,665.427,7599264696.0
445.498,100.0,90252.0,5067.0,67.0,665.427,7599264696.0
445.598,100.0,90252.0,5067.0,66.0,680.822,7599328990.0
445.698,100.0,90252.0,5067.0,68.0,680.476,7599398732.0
445.798,100.0,90252.0,5067.0,68.0,680.677,7599466575.0
445.898,100.0,90252.0,5067.0,68.0,681.747,7599536242.0
445.998,100.0,90252.0,5067.0,69.0,681.865,7599605513.0
446.098,100.0,90252.0,5067.0,68.0,677.504,7599666711.0
446.198,100.0,90252.0,5067.0,68.0,677.504,7599734631.0
446.298,88.0,90252.0,5067.0,68.0,675.296,7599734631.0
446.398,88.0,90252.0,5067.0,69.0,675.606,7599804311.0
446.498,100.0,90252.0,5067.0,70.0,675.54,7599873509.0
446.598,100.0,90252.0,5067.0,69.0,680.443,7599941067.0
446.698,100.0,90252.0,5067.0,69.0,675.731,7600007075.0
446.798,100.0,90252.0,5067.0,70.0,677.325,7600076067.0
446.898,100.0,90252.0,5067.0,69.0,679.932,7600216480.0
446.998,100.0,90252.0,5067.0,69.0,679.932,7600216480.0
447.098,100.0,90252.0,5067.0,70.0,685.588,7600286107.0
447.198,96.0,90252.0,5067.0,70.0,684.276,7600355290.0
447.298,96.0,90252.0,5067.0,66.0,662.92,7600415572.0
447.398,85.0,90252.0,5067.0,64.0,632.938,7600456769.0
447.498,85.0,90252.0,5067.0,63.0,605.457,7600540801.0
447.598,87.0,90252.0,5067.0,63.0,578.743,7600580386.0
447.698,87.0,90252.0,5067.0,62.0,557.283,7600618434.0
447.798,85.0,90252.0,5067.0,62.0,519.424,7600658975.0
447.898,85.0,90252.0,5067.0,61.0,494.743,7600699921.0
447.998,87.0,90252.0,5067.0,61.0,470.795,7600741384.0
448.098,87.0,90252.0,5067.0,61.0,438.019,7600782076.0
448.198,86.0,90252.0,5067.0,61.0,406.403,7600817722.0
448.298,86.0,90252.0,5067.0,61.0,398.566,7600857504.0
448.398,88.0,90252.0,5067.0,61.0,408.013,7600905586.0
448.498,88.0,90252.0,5067.0,61.0,408.013,7600946201.0
448.598,88.0,90252.0,5067.0,61.0,406.381,7600946201.0
448.698,88.0,90252.0,5067.0,60.0,403.433,7600982568.0
448.798,88.0,90252.0,5067.0,60.0,410.365,7601030660.0
448.898,86.0,90252.0,5067.0,60.0,412.437,7601069701.0
448.998,86.0,90252.0,5067.0,60.0,409.604,7601109343.0
449.098,86.0,90252.0,5067.0,60.0,423.487,7601199895.0
449.198,86.0,90252.0,5067.0,60.0,423.487,7601199895.0
449.298,86.0,90252.0,5067.0,60.0,425.441,7601243967.0
449.398,88.0,90252.0,5067.0,60.0,418.013,7601283617.0
449.498,88.0,90252.0,5067.0,60.0,417.43,7601321807.0
449.598,88.0,90252.0,5067.0,59.0,417.204,7601359254.0
449.698,88.0,90252.0,5067.0,60.0,411.117,7601400186.0
449.798,88.0,90252.0,5067.0,60.0,414.407,7601441117.0
449.898,88.0,90252.0,5067.0,60.0,409.697,7601516137.0
449.998,88.0,90252.0,5067.0,59.0,409.913,7601561274.0
450.098,88.0,90252.0,5067.0,60.0,398.516,7601599276.0
450.198,86.0,90252.0,5067.0,60.0,397.203,7601634524.0
450.298,86.0,90252.0,5067.0,59.0,394.534,7601673691.0
450.398,88.0,90252.0,5067.0,59.0,394.346,7601712790.0
450.498,88.0,90252.0,5067.0,60.0,392.964,7601750908.0
450.598,86.0,90252.0,5067.0,59.0,399.944,7601839181.0
450.698,86.0,90252.0,5067.0,59.0,399.944,7601839181.0
450.798,88.0,90252.0,5067.0,59.0,397.755,7601876372.0
450.898,88.0,90252.0,5067.0,59.0,397.755,7601913235.0
450.998,88.0,90252.0,5067.0,60.0,395.163,7601913235.0
451.098,88.0,90252.0,5067.0,59.0,394.835,7601957516.0
451.198,88.0,90252.0,5067.0,60.0,393.986,7601995947.0
451.298,89.0,90252.0,5067.0,59.0,401.525,7602036016.0
451.398,89.0,90252.0,5067.0,59.0,404.366,7602117000.0
451.498,89.0,90252.0,5067.0,59.0,404.366,7602117000.0
451.598,89.0,90252.0,5067.0,60.0,395.384,7602154585.0
451.698,89.0,90252.0,5067.0,59.0,395.699,7602191305.0
451.798,89.0,90252.0,5067.0,59.0,398.044,7602236021.0
451.898,89.0,90252.0,5067.0,60.0,409.9,7602279316.0
451.998,87.0,90252.0,5067.0,60.0,406.446,7602325785.0
452.098,87.0,90252.0,5067.0,59.0,409.224,7602366123.0
452.198,89.0,90252.0,5067.0,60.0,415.814,7602448357.0
452.298,89.0,90252.0,5067.0,60.0,415.814,7602448357.0
452.398,88.0,90252.0,5067.0,59.0,416.399,7602534229.0
452.498,88.0,90252.0,5067.0,59.0,417.179,7602574764.0
452.598,89.0,90252.0,5067.0,59.0,422.611,7602613062.0
452.698,89.0,90252.0,5067.0,60.0,415.761,7602648799.0
452.798,89.0,90252.0,5067.0,59.0,411.601,7602732888.0
452.898,89.0,90252.0,5067.0,59.0,408.83,7602772210.0
452.998,89.0,90252.0,5067.0,59.0,408.83,7602772210.0
453.098,89.0,90252.0,5067.0,59.0,407.415,7602815076.0
453.198,89.0,90252.0,5067.0,59.0,410.922,7602856042.0
453.298,89.0,90252.0,5067.0,59.0,403.905,7602897068.0
453.398,89.0,90252.0,5067.0,59.0,403.905,7602933443.0
453.498,87.0,90252.0,5067.0,59.0,402.8,7602933443.0
453.598,88.0,90252.0,5067.0,59.0,398.869,7603010175.0
453.698,88.0,90252.0,5067.0,59.0,398.869,7603010175.0
453.798,88.0,90252.0,5067.0,59.0,404.202,7603053663.0
453.898,85.0,90252.0,5067.0,59.0,406.094,7603095461.0
453.998,85.0,90252.0,5067.0,59.0,404.993,7603132205.0
454.098,87.0,90252.0,5067.0,59.0,390.529,7603204863.0
454.198,87.0,90252.0,5067.0,59.0,391.413,7603244926.0
454.298,87.0,90252.0,5067.0,59.0,391.413,7603244926.0
454.398,88.0,90252.0,5067.0,59.0,392.305,7603283234.0
454.498,88.0,90252.0,5067.0,59.0,389.426,7603321488.0
454.598,87.0,90252.0,5067.0,59.0,390.616,7603361449.0
454.698,87.0,90252.0,5067.0,59.0,386.839,7603397768.0
454.798,85.0,90252.0,5067.0,59.0,385.023,7603440077.0
454.898,85.0,90252.0,5067.0,58.0,386.156,7603515552.0
454.998,86.0,90252.0,5067.0,58.0,389.277,7603556368.0
455.098,86.0,90252.0,5067.0,59.0,391.188,7603592628.0
455.198,84.0,90252.0,5067.0,59.0,389.06,7603632689.0
455.298,84.0,90252.0,5067.0,58.0,386.397,7603669181.0
455.398,86.0,90252.0,5067.0,58.0,385.839,7603708788.0
455.498,86.0,90252.0,5067.0,59.0,391.299,7603749138.0
455.598,86.0,90252.0,5067.0,58.0,385.012,7603781266.0
455.698,86.0,90252.0,5067.0,59.0,385.587,7603821895.0
455.798,84.0,90252.0,5067.0,58.0,376.854,7603855562.0
455.898,84.0,90252.0,5067.0,58.0,379.012,7603892891.0
455.998,84.0,90252.0,5067.0,58.0,379.012,7603926898.0
456.098,86.0,90252.0,5067.0,58.0,375.062,7603926898.0
456.198,86.0,90252.0,5067.0,58.0,372.383,7603965926.0
456.298,83.0,90252.0,5067.0,58.0,371.246,7603999222.0
456.398,83.0,90252.0,5067.0,58.0,360.152,7604023189.0
456.498,85.0,90252.0,5067.0,58.0,346.541,7604049551.0
456.598,85.0,90252.0,5067.0,58.0,332.766,7604073428.0
456.698,84.0,90252.0,5067.0,58.0,322.745,7604102028.0
456.798,84.0,90252.0,5067.0,58.0,325.332,7604149538.0
456.898,82.0,90252.0,5067.0,58.0,328.478,7604195189.0
456.998,84.0,90252.0,5067.0,57.0,339.477,7604222122.0
457.098,84.0,90252.0,5067.0,57.0,347.285,7604268076.0
457.198,83.0,90252.0,5067.0,57.0,346.377,7604312203.0
457.298,83.0,90252.0,5067.0,57.0,352.998,7604343597.0
457.398,82.0,90252.0,5067.0,57.0,362.378,7604378774.0
457.498,82.0,90252.0,5067.0,57.0,379.206,7604454439.0
457.598,84.0,90252.0,5067.0,57.0,382.373,7604486647.0
457.698,84.0,90252.0,5067.0,57.0,376.38,7604524365.0
457.798,83.0,90252.0,5067.0,57.0,356.788,7604552431.0
457.898,83.0,90252.0,5067.0,57.0,363.453,7604586246.0
457.998,82.0,90252.0,5067.0,57.0,352.854,7604621032.0
458.098,83.0,90252.0,5067.0,57.0,333.708,7604679973.0
458.198,83.0,90252.0,5067.0,57.0,333.708,7604679973.0
458.298,83.0,90252.0,5067.0,57.0,326.271,7604706252.0
458.398,83.0,90252.0,5067.0,57.0,324.779,7604738918.0
458.498,83.0,90252.0,5067.0,57.0,323.814,7604780038.0
458.598,83.0,90252.0,5067.0,57.0,323.814,7604814705.0
458.698,80.0,90252.0,5067.0,57.0,329.315,7604814705.0
458.798,80.0,90252.0,5067.0,56.0,325.314,7604880070.0
458.898,80.0,90252.0,5067.0,56.0,325.314,7604880070.0
458.998,80.0,90252.0,5067.0,56.0,324.327,7604913493.0
459.098,79.0,90252.0,5067.0,56.0,329.728,7604948604.0
459.198,79.0,90252.0,5067.0,56.0,330.463,7604979820.0
459.298,78.0,90252.0,5067.0,56.0,330.653,7605011764.0
459.398,78.0,90252.0,5067.0,56.0,339.936,7605048476.0
459.498,79.0,90252.0,5067.0,56.0,325.302,7605110613.0
459.598,79.0,90252.0,5067.0,56.0,325.302,7605110613.0
459.709,77.0,90252.0,5067.0,55.0,314.474,7605170281.0
459.798,77.0,90252.0,5067.0,55.0,314.474,7605170281.0
459.898,77.0,90252.0,5067.0,55.0,315.133,7605197164.0
459.997,79.0,90252.0,5067.0,55.0,314.136,7605230056.0
460.098,79.0,90252.0,5067.0,54.0,309.132,7605286065.0
460.197,70.0,90252.0,5067.0,53.0,297.809,7605306696.0
460.298,70.0,90252.0,5067.0,52.0,273.487,7605319780.0
460.398,0.0,90252.0,5067.0,51.0,254.236,7605332764.0
460.498,0.0,90252.0,5067.0,51.0,237.512,7605345809.0
460.598,0.0,90252.0,5067.0,50.0,222.355,7605358623.0
460.698,0.0,90252.0,5067.0,55.0,224.695,7605400610.0
460.798,0.0,90252.0,5067.0,55.0,224.695,7605400610.0
460.898,81.0,90252.0,5067.0,60.0,265.785,7605469026.0
460.998,81.0,90252.0,5067.0,61.0,303.908,7605538635.0
461.098,100.0,90252.0,5067.0,63.0,336.298,7605605843.0
461.198,100.0,90252.0,5067.0,63.0,379.932,7605675219.0
461.298,100.0,90252.0,5067.0,65.0,423.02,7605739074.0
461.398,100.0,90252.0,5067.0,65.0,471.885,7605806746.0
461.498,100.0,90252.0,5067.0,66.0,590.269,7605875343.0
461.598,100.0,90252.0,5067.0,67.0,643.888,7605943112.0
461.698,100.0,90252.0,5067.0,67.0,679.665,7606010111.0
461.798,91.0,90252.0,5067.0,67.0,673.31,7606140845.0
461.898,91.0,90252.0,5067.0,68.0,670.553,7606208200.0
461.998,100.0,90252.0,5067.0,68.0,673.345,7606277046.0
462.098,100.0,90252.0,5067.0,69.0,671.782,7606346046.0
462.198,100.0,90252.0,5067.0,69.0,670.89,7606414257.0
462.298,100.0,90252.0,5067.0,66.0,669.586,7606477676.0
462.398,90.0,90252.0,5067.0,69.0,670.895,7606616913.0
462.498,90.0,90252.0,5067.0,69.0,670.895,7606616913.0
462.598,100.0,90252.0,5067.0,69.0,671.288,7606684050.0
462.698,100.0,90252.0,5067.0,69.0,671.288,7606754913.0
462.798,100.0,90252.0,5067.0,70.0,672.741,7606754913.0
462.898,100.0,90252.0,5067.0,70.0,677.354,7606819870.0
462.997,100.0,90252.0,5067.0,69.0,680.065,7606889770.0
463.098,100.0,90252.0,5067.0,70.0,677.882,7606958136.0
463.198,100.0,90252.0,5067.0,70.0,680.264,7607096083.0
463.298,100.0,90252.0,5067.0,70.0,680.264,7607096083.0
463.398,100.0,90252.0,5067.0,70.0,684.63,7607161406.0
463.498,93.0,90252.0,5067.0,66.0,660.922,7607207584.0
463.598,93.0,90252.0,5067.0,64.0,632.336,7607247407.0
463.698,88.0,90252.0,5067.0,63.0,607.964,7607289822.0
463.798,88.0,90252.0,5067.0,63.0,581.63,7607369184.0
463.898,86.0,90252.0,5067.0,63.0,554.026,7607406095.0
463.998,88.0,90252.0,5067.0,62.0,496.425,7607475494.0
464.098,88.0,90252.0,5067.0,62.0,496.425,7607475494.0
464.198,88.0,90252.0,5067.0,61.0,459.507,7607515453.0
464.298,86.0,90252.0,5067.0,61.0,424.24,7607559653.0
464.398,86.0,90252.0,5067.0,61.0,398.53,7607608701.0
464.498,88.0,90252.0,5067.0,61.0,402.622,7607647194.0
464.598,88.0,90252.0,5067.0,61.0,405.633,7607690421.0
464.698,88.0,90252.0,5067.0,60.0,395.198,7607776141.0
464.798,86.0,90252.0,5067.0,60.0,401.388,7607776141.0
464.898,86.0,90252.0,5067.0,60.0,401.388,7607776141.0
464.998,86.0,90252.0,5067.0,60.0,410.631,7607820722.0
465.098,88.0,90252.0,5067.0,60.0,420.81,7607867490.0
465.198,88.0,90252.0,5067.0,60.0,429.331,7607917319.0
465.298,87.0,90252.0,5067.0,60.0,434.093,7607952207.0
465.398,89.0,90252.0,5067.0,60.0,427.617,7608036119.0
465.498,89.0,90252.0,5067.0,60.0,427.617,7608036119.0
465.598,89.0,90252.0,5067.0,60.0,425.8,7608077071.0
465.698,89.0,90252.0,5067.0,60.0,429.709,7608122157.0
465.798,89.0,90252.0,5067.0,60.0,429.764,7608158845.0
465.898,87.0,90252.0,5067.0,60.0,423.166,7608196329.0
465.998,89.0,90252.0,5067.0,60.0,402.219,7608231435.0
466.098,89.0,90252.0,5067.0,60.0,403.165,7608273363.0
466.198,88.0,90252.0,5067.0,60.0,404.724,7608403579.0
466.298,88.0,90252.0,5067.0,60.0,404.724,7608403579.0
466.398,88.0,90252.0,5067.0,60.0,404.924,7608437602.0
466.498,88.0,90252.0,5067.0,60.0,404.729,7608481704.0
466.598,88.0,90252.0,5067.0,60.0,399.489,7608522148.0
466.698,88.0,90252.0,5067.0,60.0,408.521,7608567188.0
466.798,87.0,90252.0,5067.0,60.0,419.163,7608615763.0
466.898,89.0,90252.0,5067.0,60.0,421.373,7608689699.0
466.998,89.0,90252.0,5067.0,60.0,421.373,7608689699.0
467.098,89.0,90252.0,5067.0,60.0,410.384,7608728315.0
467.198,87.0,90252.0,5067.0,60.0,411.713,7608769463.0
467.298,87.0,90252.0,5067.0,60.0,411.713,7608769463.0
467.398,87.0,90252.0,5067.0,59.0,409.845,7608813731.0
467.498,90.0,90252.0,5067.0,60.0,412.755,7608853660.0
467.598,90.0,90252.0,5067.0,60.0,419.074,7608902180.0
467.698,90.0,90252.0,5067.0,60.0,417.458,7608940833.0
467.798,90.0,90252.0,5067.0,60.0,408.497,7608978147.0
467.898,88.0,90252.0,5067.0,60.0,404.947,7609020357.0
467.998,88.0,90252.0,5067.0,59.0,417.272,7609068658.0
468.098,90.0,90252.0,5067.0,60.0,415.522,7609112128.0
468.198,90.0,90252.0,5067.0,60.0,426.39,7609158586.0
468.298,88.0,90252.0,5067.0,59.0,435.952,7609206399.0
468.398,90.0,90252.0,5067.0,60.0,425.237,7609281756.0
468.498,90.0,90252.0,5067.0,60.0,418.748,7609317604.0
468.598,90.0,90252.0,5067.0,60.0,418.748,7609317604.0
468.698,90.0,90252.0,5067.0,59.0,414.401,7609393503.0
468.798,88.0,90252.0,5067.0,60.0,410.917,7609430008.0
468.898,88.0,90252.0,5067.0,59.0,396.489,7609466310.0
468.998,90.0,90252.0,5067.0,59.0,400.212,7609510256.0
469.098,90.0,90252.0,5067.0,59.0,392.749,7609549221.0
469.198,89.0,90252.0,5067.0,59.0,389.434,7609632115.0
469.298,89.0,90252.0,5067.0,59.0,389.434,7609632115.0
469.398,90.0,90252.0,5067.0,59.0,385.008,7609664772.0
469.498,90.0,90252.0,5067.0,59.0,392.55,7609711791.0
469.598,88.0,90252.0,5067.0,59.0,400.833,7609756660.0
469.698,88.0,90252.0,5067.0,59.0,400.833,7609806684.0
469.798,88.0,90252.0,5067.0,59.0,414.043,7609806684.0
469.898,86.0,90252.0,5067.0,59.0,420.123,7609885014.0
469.998,86.0,90252.0,5067.0,59.0,420.123,7609885014.0
470.098,87.0,90252.0,5067.0,59.0,414.163,7609922181.0
470.198,87.0,90252.0,5067.0,59.0,414.163,7609922181.0
470.298,87.0,90252.0,5067.0,59.0,414.163,7609922181.0
470.398,87.0,90252.0,5067.0,59.0,414.163,7609922181.0
470.498,88.0,90252.0,5067.0,59.0,411.769,7610122054.0
470.598,88.0,90252.0,5067.0,59.0,411.769,7610122054.0
470.698,89.0,90252.0,5067.0,59.0,408.104,7610162010.0
470.798,89.0,90252.0,5067.0,59.0,408.104,7610243069.0
470.898,89.0,90252.0,5067.0,59.0,408.104,7610243069.0
470.998,86.0,90252.0,5067.0,59.0,404.087,7610329323.0
471.098,88.0,90252.0,5067.0,59.0,409.722,7610329323.0
471.198,88.0,90252.0,5067.0,59.0,409.722,7610411462.0
471.298,88.0,90252.0,5067.0,59.0,409.722,7610411462.0
471.398,87.0,90252.0,5067.0,59.0,400.283,7610480799.0
471.498,86.0,90252.0,5067.0,59.0,405.168,7610513148.0
471.598,86.0,90252.0,5067.0,58.0,392.013,7610555065.0
471.698,86.0,90252.0,5067.0,59.0,394.425,7610597745.0
471.798,86.0,90252.0,5067.0,58.0,399.73,7610597745.0
471.898,84.0,90252.0,5067.0,58.0,383.481,7610625558.0
471.998,84.0,90252.0,5067.0,58.0,377.326,7610664614.0
472.098,86.0,90252.0,5067.0,58.0,362.873,7610727174.0
472.198,85.0,90252.0,5067.0,58.0,357.937,7610727174.0
472.298,85.0,90252.0,5067.0,58.0,357.937,7610727174.0
472.398,85.0,90252.0,5067.0,58.0,365.753,7610806906.0
472.498,84.0,90252.0,5067.0,58.0,366.861,7610844572.0
472.598,84.0,90252.0,5067.0,58.0,374.36,7610883950.0
472.698,85.0,90252.0,5067.0,58.0,356.828,7610909177.0
472.798,84.0,90252.0,5067.0,58.0,361.54,7610983545.0
472.898,84.0,90252.0,5067.0,58.0,349.737,7611009760.0
472.998,82.0,90252.0,5067.0,58.0,337.223,7611034022.0
473.098,82.0,90252.0,5067.0,57.0,348.335,7611073963.0
473.198,83.0,90252.0,5067.0,57.0,344.596,7611112580.0
473.298,83.0,90252.0,5067.0,57.0,335.023,7611141709.0
473.398,83.0,90252.0,5067.0,57.0,326.651,7611171596.0
473.498,81.0,90252.0,5067.0,57.0,346.614,7611253689.0
473.598,81.0,90252.0,5067.0,57.0,346.614,7611253689.0
473.698,81.0,90252.0,5067.0,57.0,346.614,7611253689.0
473.798,83.0,90252.0,5067.0,57.0,336.032,7611288671.0
473.898,83.0,90252.0,5067.0,57.0,336.032,7611318224.0
473.998,83.0,90252.0,5067.0,57.0,339.792,7611383138.0
474.098,82.0,90252.0,5067.0,57.0,349.404,7611413183.0
474.198,82.0,90252.0,5067.0,56.0,341.974,7611445698.0
474.298,78.0,90252.0,5067.0,56.0,333.543,7611479456.0
474.398,78.0,90252.0,5067.0,56.0,337.919,7611509138.0
474.498,79.0,90252.0,5067.0,56.0,338.723,7611548669.0
474.598,79.0,90252.0,5067.0,56.0,341.03,7611576407.0
474.698,79.0,90252.0,5067.0,56.0,324.17,7611576407.0
474.798,79.0,90252.0,5067.0,56.0,317.898,7611608878.0
474.898,77.0,90252.0,5067.0,55.0,312.413,7611632565.0
474.998,79.0,90252.0,5067.0,55.0,311.202,7611695598.0
475.098,79.0,90252.0,5067.0,55.0,311.202,7611695598.0
475.198,79.0,90252.0,5067.0,55.0,314.106,7611730092.0
475.298,75.0,90252.0,5067.0,55.0,314.754,7611761679.0
475.398,75.0,90252.0,5067.0,55.0,310.434,7611790710.0
475.498,75.0,90252.0,5067.0,55.0,306.411,7611817859.0
475.598,74.0,90252.0,5067.0,55.0,298.7,7611875535.0
475.698,74.0,90252.0,5067.0,55.0,298.7,7611875535.0
475.798,74.0,90252.0,5067.0,54.0,294.618,7611905961.0
475.898,75.0,90252.0,5067.0,54.0,303.107,7611936301.0
475.997,75.0,90252.0,5067.0,54.0,297.437,7611960164.0
476.098,75.0,90252.0,5067.0,54.0,303.892,7611998473.0
476.198,75.0,90252.0,5067.0,54.0,293.795,7612051350.0
476.298,69.0,90252.0,5067.0,53.0,288.32,7612064972.0
476.398,0.0,90252.0,5067.0,51.0,242.905,7612091152.0
476.498,0.0,90252.0,5067.0,51.0,242.905,7612091152.0
476.598,0.0,90252.0,5067.0,50.0,231.24,7612104208.0
476.698,0.0,90252.0,5067.0,50.0,229.834,7612134798.0
476.798,51.0,90252.0,5067.0,57.0,257.235,7612191802.0
476.898,51.0,90252.0,5067.0,61.0,300.677,7612260161.0
476.998,100.0,90252.0,5067.0,62.0,329.88,7612328496.0
477.098,100.0,90252.0,5067.0,64.0,371.072,7612397687.0
477.198,100.0,90252.0,5067.0,64.0,371.072,7612397687.0
477.298,100.0,90252.0,5067.0,64.0,411.472,7612465936.0
477.398,100.0,90252.0,5067.0,64.0,459.841,7612529464.0
477.498,93.0,90252.0,5067.0,66.0,512.976,7612597375.0
477.598,93.0,90252.0,5067.0,66.0,578.0,7612667532.0
477.698,100.0,90252.0,5067.0,67.0,632.714,7612735148.0
477.798,100.0,90252.0,5067.0,68.0,674.314,7612867508.0
477.898,100.0,90252.0,5067.0,67.0,674.626,7612935641.0
477.998,100.0,90252.0,5067.0,67.0,674.626,7612935641.0
478.098,100.0,90252.0,5067.0,68.0,675.487,7613004993.0
478.198,100.0,90252.0,5067.0,69.0,674.101,7613073215.0
478.298,100.0,90252.0,5067.0,68.0,674.418,7613205543.0
478.398,100.0,90252.0,5067.0,69.0,676.836,7613273507.0
478.498,100.0,90252.0,5067.0,69.0,673.122,7613341282.0
478.598,100.0,90252.0,5067.0,70.0,675.68,7613479528.0
478.698,100.0,90252.0,5067.0,70.0,675.68,7613479528.0
478.798,95.0,90252.0,5067.0,65.0,647.388,7613585965.0
478.898,95.0,90252.0,5067.0,65.0,647.388,7613585965.0
478.998,84.0,90252.0,5067.0,63.0,623.296,7613630229.0
479.098,84.0,90252.0,5067.0,62.0,589.042,7613661978.0
479.198,84.0,90252.0,5067.0,62.0,589.042,7613709001.0
479.298,84.0,90252.0,5067.0,62.0,567.673,7613709001.0
479.398,84.0,90252.0,5067.0,61.0,542.264,7613748257.0
479.498,83.0,90252.0,5067.0,61.0,500.394,7613776953.0
479.598,83.0,90252.0,5067.0,60.0,481.195,7613820199.0
479.698,84.0,90252.0,5067.0,60.0,451.243,7613863331.0
479.798,84.0,90252.0,5067.0,60.0,412.456,7613893531.0
479.898,84.0,90252.0,5067.0,60.0,393.911,7613937422.0
479.998,84.0,90252.0,5067.0,59.0,386.6,7613971659.0
480.098,83.0,90252.0,5067.0,59.0,390.05,7614050468.0
480.198,83.0,90252.0,5067.0,59.0,390.05,7614050468.0
480.298,84.0,90252.0,5067.0,59.0,377.546,7614086923.0
480.398,84.0,90252.0,5067.0,59.0,372.812,7614121399.0
480.498,83.0,90252.0,5067.0,59.0,380.274,7614157876.0
480.598,83.0,90252.0,5067.0,59.0,370.302,7614230695.0
480.698,85.0,90252.0,5067.0,59.0,366.833,7614263163.0
480.798,85.0,90252.0,5067.0,59.0,357.604,7614299967.0
480.898,83.0,90252.0,5067.0,58.0,350.514,7614365837.0
481.012,83.0,90252.0,5067.0,58.0,351.558,7614405915.0
481.104,84.0,90252.0,5067.0,58.0,355.105,7614441409.0
481.198,84.0,90252.0,5067.0,58.0,355.105,7614441409.0
481.298,84.0,90252.0,5067.0,58.0,355.997,7614480317.0
481.398,84.0,90252.0,5067.0,58.0,354.565,7614512152.0
481.498,84.0,90252.0,5067.0,58.0,361.208,7614549967.0
481.598,84.0,90252.0,5067.0,58.0,363.169,7614592630.0
481.698,84.0,90252.0,5067.0,58.0,363.169,7614592630.0
481.798,84.0,90252.0,5067.0,58.0,361.294,7614624470.0
481.898,84.0,90252.0,5067.0,58.0,367.361,7614663074.0
481.998,84.0,90252.0,5067.0,58.0,368.692,7614699303.0
482.098,82.0,90252.0,5067.0,58.0,375.06,7614737215.0
482.198,82.0,90252.0,5067.0,58.0,366.377,7614773301.0
482.298,84.0,90252.0,5067.0,58.0,366.932,7614809332.0
482.398,84.0,90252.0,5067.0,58.0,373.88,7614887107.0
482.498,84.0,90252.0,5067.0,58.0,373.88,7614887107.0
482.598,84.0,90252.0,5067.0,58.0,371.5,7614922888.0
482.698,84.0,90252.0,5067.0,58.0,359.449,7614951096.0
482.798,84.0,90252.0,5067.0,58.0,362.853,7614986114.0
482.898,84.0,90252.0,5067.0,58.0,366.026,7615026148.0
482.998,84.0,90252.0,5067.0,58.0,369.874,7615106252.0
483.098,83.0,90252.0,5067.0,58.0,370.233,7615184214.0
483.198,83.0,90252.0,5067.0,58.0,370.233,7615184214.0
483.298,85.0,90252.0,5067.0,58.0,383.489,7615224680.0
483.398,84.0,90252.0,5067.0,58.0,378.814,7615302591.0
483.498,84.0,90252.0,5067.0,58.0,378.814,7615302591.0
483.598,84.0,90252.0,5067.0,58.0,385.57,7615335328.0
483.698,84.0,90252.0,5067.0,58.0,384.473,7615369687.0
483.798,85.0,90252.0,5067.0,58.0,381.317,7615452061.0
483.898,85.0,90252.0,5067.0,58.0,381.317,7615452061.0
483.998,85.0,90252.0,5067.0,58.0,381.317,7615485360.0
484.098,83.0,90252.0,5067.0,58.0,379.932,7615485360.0
484.198,83.0,90252.0,5067.0,58.0,378.852,7615521377.0
484.298,85.0,90252.0,5067.0,58.0,370.617,7615559024.0
484.398,85.0,90252.0,5067.0,58.0,376.667,7615599610.0
484.498,85.0,90252.0,5067.0,58.0,371.256,7615635332.0
484.598,83.0,90252.0,5067.0,58.0,365.251,7615705408.0
484.698,83.0,90252.0,5067.0,58.0,365.251,7615705408.0
484.798,83.0,90252.0,5067.0,58.0,370.826,7615740432.0
484.898,85.0,90252.0,5067.0,58.0,368.176,7615780509.0
484.998,85.0,90252.0,5067.0,58.0,367.974,7615818870.0
485.098,83.0,90252.0,5067.0,58.0,378.239,7615862065.0
485.198,85.0,90252.0,5067.0,58.0,403.913,7615959091.0
485.298,85.0,90252.0,5067.0,58.0,403.913,7615959091.0
485.398,85.0,90252.0,5067.0,58.0,396.464,7615999852.0
485.498,85.0,90252.0,5067.0,58.0,403.203,7616071141.0
485.598,85.0,90252.0,5067.0,58.0,399.86,7616112180.0
485.698,83.0,90252.0,5067.0,58.0,410.448,7616146358.0
485.798,83.0,90252.0,5067.0,58.0,407.375,7616188746.0
485.898,86.0,90252.0,5067.0,58.0,417.481,7616234965.0
485.998,85.0,90252.0,5067.0,58.0,415.113,7616277588.0
486.098,85.0,90252.0,5067.0,58.0,409.64,7616317613.0
486.198,82.0,90252.0,5067.0,58.0,400.416,7616361356.0
486.298,82.0,90252.0,5067.0,58.0,391.938,7616393869.0
486.398,83.0,90252.0,5067.0,58.0,394.256,7616428396.0
486.497,83.0,90252.0,5067.0,58.0,394.256,7616471944.0
486.598,83.0,90252.0,5067.0,58.0,400.199,7616471944.0
486.698,83.0,90252.0,5067.0,58.0,381.436,7616498641.0
486.798,83.0,90252.0,5067.0,57.0,375.679,7616524461.0
486.898,82.0,90252.0,5067.0,58.0,366.074,7616557146.0
486.998,82.0,90252.0,5067.0,58.0,362.364,7616598106.0
487.098,83.0,90252.0,5067.0,57.0,350.083,7616626888.0
487.198,83.0,90252.0,5067.0,57.0,345.767,7616663535.0
487.298,82.0,90252.0,5067.0,57.0,345.129,7616704615.0
487.398,82.0,90252.0,5067.0,57.0,346.267,7616741161.0
487.498,82.0,90252.0,5067.0,57.0,351.612,7616820409.0
487.598,82.0,90252.0,5067.0,57.0,351.612,7616820409.0
487.698,83.0,90252.0,5067.0,57.0,370.407,7616863793.0
487.798,83.0,90252.0,5067.0,57.0,378.26,7616903770.0
487.898,81.0,90252.0,5067.0,57.0,374.544,7616933955.0
487.998,81.0,90252.0,5067.0,57.0,363.023,7616988082.0
488.098,80.0,90252.0,5067.0,57.0,360.998,7617013004.0
488.197,80.0,90252.0,5067.0,57.0,349.381,7617040906.0
488.298,79.0,90252.0,5067.0,56.0,337.715,7617070144.0
488.398,79.0,90252.0,5067.0,56.0,328.053,7617101131.0
488.498,78.0,90252.0,5067.0,56.0,328.447,7617133396.0
488.598,78.0,90252.0,5067.0,56.0,316.123,7617168756.0
488.700,78.0,90252.0,5067.0,55.0,298.773,7617227482.0
488.798,78.0,90252.0,5067.0,55.0,298.773,7617227482.0
488.898,78.0,90252.0,5067.0,55.0,303.784,7617261473.0
488.998,77.0,90252.0,5067.0,55.0,313.777,7617299109.0
489.098,77.0,90252.0,5067.0,55.0,325.452,7617336707.0
489.198,77.0,90252.0,5067.0,55.0,325.452,7617336707.0
489.298,77.0,90252.0,5067.0,55.0,320.998,7617362910.0
489.398,77.0,90252.0,5067.0,55.0,327.185,7617397586.0
489.498,78.0,90252.0,5067.0,55.0,325.119,7617427532.0
489.598,78.0,90252.0,5067.0,55.0,319.193,7617454000.0
489.697,78.0,90252.0,5067.0,55.0,321.914,7617490732.0
489.798,75.0,90252.0,5067.0,55.0,318.319,7617547139.0
489.898,75.0,90252.0,5067.0,55.0,318.319,7617547139.0
489.998,75.0,90252.0,5067.0,55.0,313.655,7617574487.0
490.098,75.0,90252.0,5067.0,55.0,308.128,7617604543.0
490.197,75.0,90252.0,5067.0,55.0,295.824,7617633334.0
490.297,75.0,90252.0,5067.0,54.0,301.447,7617662180.0
490.398,75.0,90252.0,5067.0,54.0,298.127,7617691546.0
490.498,74.0,90252.0,5067.0,54.0,293.156,7617747221.0
490.598,74.0,90252.0,5067.0,54.0,296.617,7617777855.0
490.698,75.0,90252.0,5067.0,54.0,289.686,7617809605.0
490.798,75.0,90252.0,5067.0,54.0,292.687,7617835091.0
490.898,74.0,90252.0,5067.0,54.0,291.193,7617864967.0
490.998,74.0,90252.0,5067.0,54.0,292.683,7617896505.0
491.098,74.0,90252.0,5067.0,54.0,288.244,7617920589.0
491.198,74.0,90252.0,5067.0,54.0,290.351,7617949588.0
491.298,75.0,90252.0,5067.0,54.0,285.591,7618007326.0
491.398,75.0,90252.0,5067.0,54.0,285.591,7618007326.0
491.498,74.0,90252.0,5067.0,54.0,285.865,7618035077.0
491.598,74.0,90252.0,5067.0,54.0,286.109,7618061867.0
491.698,70.0,90252.0,5067.0,54.0,282.032,7618061867.0
491.798,70.0,90252.0,5067.0,53.0,269.302,7618082419.0
491.897,0.0,90252.0,5067.0,51.0,257.289,7618095845.0
491.998,0.0,90252.0,5067.0,51.0,236.812,7618108969.0
492.098,0.0,90252.0,5067.0,50.0,223.582,7618122033.0
492.198,0.0,90252.0,5067.0,50.0,212.274,7618135052.0
492.298,0.0,90252.0,5067.0,50.0,196.54,7618148076.0
492.398,0.0,90252.0,5067.0,50.0,180.95,7618161042.0
492.498,0.0,90252.0,5067.0,49.0,165.715,7618173983.0
492.598,0.0,90252.0,5067.0,49.0,150.451,7618186937.0
492.698,0.0,90252.0,5067.0,49.0,130.393,7618212915.0
492.798,0.0,90252.0,5067.0,49.0,130.393,7618212915.0
492.898,0.0,90252.0,5067.0,49.0,129.904,7618225723.0
492.998,0.0,90252.0,5067.0,49.0,129.641,7618238536.0
493.098,0.0,90252.0,5067.0,48.0,129.448,7618251391.0
493.198,0.0,90252.0,5067.0,48.0,129.229,7618264212.0
493.298,0.0,90252.0,5067.0,48.0,129.055,7618289900.0
493.398,0.0,90252.0,5067.0,48.0,128.788,7618315531.0
493.498,0.0,90252.0,5067.0,48.0,128.788,7618315531.0
493.598,0.0,90252.0,5067.0,48.0,128.656,7618328363.0
493.698,0.0,90252.0,5067.0,48.0,128.466,7618341168.0
493.798,0.0,90252.0,5067.0,48.0,128.369,7618354011.0
493.898,0.0,90252.0,5067.0,48.0,128.354,7618366778.0
493.998,0.0,90252.0,5067.0,48.0,128.296,7618379562.0
494.098,0.0,90252.0,5067.0,48.0,128.228,7618405117.0
494.198,0.0,90252.0,5067.0,48.0,128.228,7618405117.0
494.298,0.0,90252.0,5067.0,48.0,128.08,7618417910.0
494.398,0.0,90252.0,5067.0,48.0,128.017,7618430678.0
494.498,0.0,90252.0,5067.0,48.0,128.001,7618443461.0
494.598,0.0,90252.0,5067.0,48.0,127.895,7618456205.0
494.698,0.0,90252.0,5067.0,48.0,127.895,7618468976.0
494.798,0.0,90252.0,5067.0,48.0,127.847,7618468976.0
494.898,0.0,90252.0,5067.0,48.0,127.783,7618481752.0
494.998,0.0,90252.0,5067.0,48.0,127.835,7618494568.0
495.098,0.0,90252.0,5067.0,48.0,127.79,7618507327.0
495.198,0.0,90252.0,5067.0,48.0,127.761,7618520078.0
495.298,0.0,90252.0,5067.0,47.0,127.749,7618532839.0
495.398,0.0,90252.0,5067.0,47.0,127.743,7618545601.0
495.498,0.0,90252.0,5067.0,47.0,127.753,7618558369.0
495.598,0.0,90252.0,5067.0,47.0,127.714,7618571136.0
495.698,0.0,90252.0,5067.0,47.0,127.712,7618583860.0
495.798,0.0,90252.0,5067.0,47.0,127.686,7618596597.0
495.898,0.0,90252.0,5067.0,47.0,127.651,7618609350.0
495.998,0.0,90252.0,5067.0,47.0,127.603,7618622081.0
496.098,0.0,90252.0,5067.0,47.0,127.612,7618634857.0
496.198,0.0,90252.0,5067.0,47.0,127.569,7618647583.0
496.297,0.0,90252.0,5067.0,47.0,127.56,7618660316.0
496.398,0.0,90252.0,5067.0,47.0,127.56,7618660316.0
496.498,0.0,90252.0,5067.0,47.0,127.56,7618660316.0
496.598,0.0,90252.0,5067.0,47.0,127.56,7618711295.0
496.698,0.0,90252.0,5067.0,47.0,127.503,7618711295.0
496.798,0.0,90252.0,5067.0,47.0,127.523,7618736799.0
496.898,0.0,90252.0,5067.0,47.0,127.523,7618749558.0
496.998,0.0,90252.0,5067.0,47.0,127.52,7618749558.0
497.098,0.0,90252.0,5067.0,47.0,127.52,7618749558.0
497.198,0.0,90252.0,5067.0,47.0,128.444,7618749558.0
497.298,0.0,90252.0,5067.0,47.0,128.444,7618749558.0
497.398,0.0,90252.0,5067.0,47.0,128.444,7618749558.0
497.498,0.0,90252.0,5067.0,47.0,129.37,7618815052.0
497.598,0.0,90252.0,5067.0,47.0,129.836,7618828270.0
497.698,0.0,90252.0,5067.0,47.0,130.267,7618841441.0
497.798,0.0,90252.0,5067.0,47.0,130.663,7618854651.0
497.898,0.0,90252.0,5067.0,47.0,131.18,7618867850.0
497.998,0.0,90252.0,5067.0,47.0,132.01,7618907432.0
498.098,0.0,90252.0,5067.0,47.0,132.01,7618907432.0
498.198,0.0,90252.0,5067.0,47.0,132.01,7618920637.0
498.298,0.0,90252.0,5067.0,47.0,132.018,7618920637.0
498.398,0.0,90252.0,5067.0,47.0,132.018,7618933834.0
498.498,0.0,90252.0,5067.0,47.0,131.999,7618947033.0
498.598,0.0,90252.0,5067.0,47.0,131.981,7618960208.0
498.698,0.0,90252.0,5067.0,47.0,131.987,7618986578.0
498.798,0.0,90252.0,5067.0,47.0,131.973,7618999749.0
498.898,0.0,90252.0,5067.0,47.0,131.883,7619012899.0
498.998,0.0,90252.0,5067.0,47.0,131.879,7619026069.0
499.098,0.0,90252.0,5067.0,47.0,131.879,7619026069.0
499.198,0.0,90252.0,5067.0,47.0,131.904,7619039266.0
499.298,0.0,90252.0,5067.0,47.0,131.89,7619052457.0
499.398,0.0,90252.0,5067.0,47.0,131.858,7619065624.0
499.498,0.0,90252.0,5067.0,47.0,131.862,7619091981.0
499.598,0.0,90252.0,5067.0,47.0,131.862,7619091981.0
499.698,0.0,90252.0,5067.0,47.0,131.911,7619118401.0
499.798,0.0,90252.0,5067.0,47.0,131.894,7619131593.0
499.898,0.0,90252.0,5067.0,47.0,131.919,7619144772.0
499.998,0.0,90252.0,5067.0,47.0,131.926,7619157942.0
500.098,0.0,90252.0,5067.0,47.0,131.932,7619171132.0
500.198,0.0,90252.0,5067.0,47.0,131.949,7619197536.0
500.298,0.0,90252.0,5067.0,47.0,131.969,7619210709.0
500.398,0.0,90252.0,5067.0,47.0,131.969,7619210709.0
500.498,0.0,90252.0,5067.0,47.0,131.976,7619223912.0
500.598,0.0,90252.0,5067.0,47.0,131.99,7619237085.0
500.698,0.0,90252.0,5067.0,47.0,131.944,7619250240.0
500.798,0.0,90252.0,5067.0,47.0,131.899,7619263438.0
500.898,0.0,90252.0,5067.0,47.0,131.882,7619276627.0
500.998,0.0,90252.0,5067.0,47.0,131.952,7619289842.0
501.098,0.0,90252.0,5067.0,47.0,131.972,7619303005.0
501.198,0.0,90252.0,5067.0,47.0,131.951,7619303005.0
501.298,0.0,90252.0,5067.0,47.0,131.91,7619316179.0
501.398,0.0,90252.0,5067.0,47.0,131.88,7619329341.0
501.498,0.0,90252.0,5067.0,47.0,131.868,7619342524.0
501.598,0.0,90252.0,5067.0,47.0,131.891,7619355719.0
501.698,0.0,90252.0,5067.0,47.0,131.903,7619382070.0
501.798,0.0,90252.0,5067.0,47.0,131.903,7619382070.0
501.898,0.0,90252.0,5067.0,47.0,131.9,7619395246.0
501.998,0.0,90252.0,5067.0,47.0,131.873,7619408431.0
502.098,0.0,90252.0,5067.0,47.0,131.829,7619421616.0
502.198,0.0,90252.0,5067.0,47.0,131.86,7619434817.0
502.298,0.0,90252.0,5067.0,47.0,131.86,7619447965.0
502.398,0.0,90252.0,5067.0,47.0,131.857,7619474322.0
502.498,0.0,90252.0,5067.0,47.0,131.857,7619474322.0
502.598,0.0,90252.0,5067.0,47.0,131.784,7619487462.0
502.698,0.0,90252.0,5067.0,47.0,131.762,7619500593.0
502.798,0.0,90252.0,5067.0,47.0,131.733,7619513742.0
502.898,0.0,90252.0,5067.0,47.0,131.733,7619540103.0
502.998,0.0,90252.0,5067.0,47.0,131.715,7619553289.0
503.098,0.0,90252.0,5067.0,47.0,131.724,7619579628.0
503.198,0.0,90252.0,5067.0,47.0,131.724,7619579628.0
503.298,0.0,90252.0,5067.0,47.0,131.701,7619605964.0
503.398,0.0,90252.0,5067.0,47.0,131.701,7619605964.0
503.498,0.0,90252.0,5067.0,47.0,131.694,7619619162.0
503.598,0.0,90252.0,5067.0,47.0,131.769,7619632329.0
503.698,0.0,90252.0,5067.0,47.0,131.787,7619645527.0
503.798,0.0,90252.0,5067.0,47.0,131.813,7619671837.0
503.898,0.0,90252.0,5067.0,47.0,131.813,7619671837.0
503.998,0.0,90252.0,5067.0,47.0,131.759,7619684985.0
504.098,0.0,90252.0,5067.0,47.0,131.751,7619698150.0
504.198,0.0,90252.0,5067.0,47.0,131.796,7619711352.0
504.298,0.0,90252.0,5067.0,47.0,131.796,7619724531.0
504.398,0.0,90252.0,5067.0,47.0,131.797,7619724531.0
504.498,0.0,90252.0,5067.0,47.0,131.815,7619737709.0
504.598,0.0,90252.0,5067.0,47.0,131.765,7619750869.0
504.698,0.0,90252.0,5067.0,47.0,131.762,7619764033.0
504.798,0.0,90252.0,5067.0,47.0,131.744,7619777215.0
504.898,0.0,90252.0,5067.0,47.0,131.767,7619803557.0
504.998,0.0,90252.0,5067.0,47.0,131.767,7619803557.0
505.098,0.0,90252.0,5067.0,47.0,131.786,7619816725.0
505.198,0.0,90252.0,5067.0,47.0,131.798,7619829896.0
505.298,0.0,90252.0,5067.0,47.0,131.791,7619843077.0
505.398,0.0,90252.0,5067.0,47.0,131.821,7619856280.0
505.498,0.0,90252.0,5067.0,47.0,131.803,7619869435.0
505.598,0.0,90252.0,5067.0,47.0,131.796,7619882595.0
505.698,0.0,90252.0,5067.0,47.0,131.843,7619895775.0
505.798,0.0,90252.0,5067.0,47.0,131.822,7619908961.0
505.898,0.0,90252.0,5067.0,47.0,131.808,7619922130.0
505.998,0.0,90252.0,5067.0,47.0,131.836,7619948486.0
506.098,0.0,90252.0,5067.0,47.0,131.849,7619961643.0
506.198,0.0,90252.0,5067.0,47.0,131.81,7619974796.0
506.298,0.0,90252.0,5067.0,47.0,131.779,7619987947.0
506.398,0.0,90252.0,5067.0,47.0,131.721,7620001128.0
506.498,0.0,90252.0,5067.0,47.0,131.726,7620014294.0
506.598,0.0,90252.0,5067.0,47.0,131.735,7620027451.0
506.698,0.0,90252.0,5067.0,47.0,131.694,7620040616.0
506.798,0.0,90252.0,5067.0,47.0,131.707,7620053811.0
506.898,0.0,90252.0,5067.0,47.0,131.705,7620066975.0
506.998,0.0,90252.0,5067.0,47.0,131.674,7620080126.0
507.098,0.0,90252.0,5067.0,47.0,131.654,7620093266.0
507.198,0.0,90252.0,5067.0,47.0,131.673,7620106405.0
507.298,0.0,90252.0,5067.0,47.0,131.674,7620119573.0
507.398,0.0,90252.0,5067.0,47.0,131.674,7620132705.0
507.498,0.0,90252.0,5067.0,47.0,131.669,7620132705.0
507.598,0.0,90252.0,5067.0,47.0,131.667,7620159058.0
507.698,0.0,90252.0,5067.0,47.0,131.667,7620159058.0
507.798,0.0,90252.0,5067.0,47.0,131.672,7620172232.0
507.898,0.0,90252.0,5067.0,47.0,131.626,7620185411.0
507.998,0.0,90252.0,5067.0,47.0,131.677,7620198568.0
508.098,0.0,90252.0,5067.0,47.0,131.701,7620211763.0
508.198,0.0,90252.0,5067.0,47.0,131.742,7620224918.0
508.298,0.0,90252.0,5067.0,47.0,131.738,7620251237.0
508.398,0.0,90252.0,5067.0,47.0,131.738,7620251237.0
508.498,0.0,90252.0,5067.0,47.0,131.708,7620264369.0
508.598,0.0,90252.0,5067.0,47.0,131.681,7620277503.0
508.698,0.0,90252.0,5067.0,47.0,131.671,7620290653.0
508.798,0.0,90252.0,5067.0,47.0,131.644,7620303805.0
508.898,0.0,90252.0,5067.0,47.0,131.642,7620316944.0
508.998,0.0,90252.0,5067.0,47.0,131.591,7620356443.0
509.098,0.0,90252.0,5067.0,47.0,131.599,7620369610.0
509.198,0.0,90252.0,5067.0,47.0,131.621,7620382789.0
509.298,0.0,90252.0,5067.0,47.0,131.621,7620382789.0
509.398,0.0,90252.0,5067.0,47.0,131.658,7620395956.0
509.498,0.0,90252.0,5067.0,47.0,131.651,7620409087.0
509.598,0.0,90252.0,5067.0,47.0,131.653,7620422282.0
509.698,0.0,90252.0,5067.0,47.0,131.674,7620435423.0
509.798,0.0,90252.0,5067.0,47.0,131.65,7620448566.0
509.898,0.0,90252.0,5067.0,47.0,131.669,7620461728.0
509.998,0.0,90252.0,5067.0,47.0,131.651,7620474902.0
510.098,0.0,90252.0,5067.0,47.0,131.665,7620488081.0
510.198,0.0,90252.0,5067.0,47.0,131.659,7620501234.0
510.298,0.0,90252.0,5067.0,47.0,131.683,7620514441.0
510.398,0.0,90252.0,5067.0,47.0,131.652,7620527595.0
510.498,0.0,90252.0,5067.0,47.0,131.652,7620527595.0
510.598,0.0,90252.0,5067.0,47.0,131.652,7620540723.0
510.698,0.0,90252.0,5067.0,47.0,131.633,7620553876.0
510.798,0.0,90252.0,5067.0,47.0,131.663,7620567030.0
510.898,0.0,90252.0,5067.0,47.0,131.657,7620580195.0
510.998,0.0,90252.0,5067.0,47.0,131.638,7620593337.0
511.098,0.0,90252.0,5067.0,47.0,131.609,7620606458.0
511.198,0.0,90252.0,5067.0,47.0,131.56,7620632783.0
511.298,0.0,90252.0,5067.0,47.0,131.56,7620632783.0
511.398,0.0,90252.0,5067.0,47.0,131.575,7620645937.0
511.498,0.0,90252.0,5067.0,47.0,131.592,7620659104.0
511.598,0.0,90252.0,5067.0,47.0,131.625,7620672251.0
511.698,0.0,90252.0,5067.0,47.0,131.616,7620685419.0
511.798,0.0,90252.0,5067.0,47.0,131.606,7620698564.0
511.898,0.0,90252.0,5067.0,47.0,131.606,7620711735.0
511.998,0.0,90252.0,5067.0,47.0,131.652,7620724883.0
512.098,0.0,90252.0,5067.0,47.0,131.661,7620738030.0
512.198,0.0,90252.0,5067.0,47.0,131.65,7620777488.0
512.298,0.0,90252.0,5067.0,47.0,131.65,7620777488.0
512.398,0.0,90252.0,5067.0,47.0,131.648,7620790643.0
512.498,0.0,90252.0,5067.0,47.0,131.654,7620803812.0
512.598,0.0,90252.0,5067.0,47.0,131.634,7620830109.0
512.698,0.0,90252.0,5067.0,47.0,131.634,7620830109.0
512.798,0.0,90252.0,5067.0,47.0,131.632,7620843278.0
512.898,0.0,90252.0,5067.0,47.0,131.626,7620869592.0
512.998,0.0,90252.0,5067.0,47.0,131.631,7620882768.0
513.098,0.0,90252.0,5067.0,47.0,131.631,7620882768.0
513.198,0.0,90252.0,5067.0,47.0,131.662,7620895918.0
513.298,0.0,90252.0,5067.0,47.0,131.633,7620909006.0
513.398,0.0,90252.0,5067.0,47.0,131.562,7620922129.0
513.498,0.0,90252.0,5067.0,47.0,131.554,7620935277.0
513.598,0.0,90252.0,5067.0,47.0,131.564,7620948441.0
513.698,0.0,90252.0,5067.0,47.0,131.564,7620961582.0
513.798,0.0,90252.0,5067.0,47.0,131.52,7620961582.0
513.898,0.0,90252.0,5067.0,47.0,131.526,7620974719.0
513.998,0.0,90252.0,5067.0,47.0,131.492,7621001016.0
514.098,0.0,90252.0,5067.0,47.0,131.443,7621014156.0
514.198,0.0,90252.0,5067.0,47.0,131.443,7621014156.0
514.298,0.0,90252.0,5067.0,47.0,131.441,7621027279.0
514.398,0.0,90252.0,5067.0,47.0,131.494,7621040423.0
514.498,0.0,90252.0,5067.0,47.0,131.533,7621053585.0
514.598,0.0,90252.0,5067.0,47.0,131.518,7621066740.0
514.698,0.0,90252.0,5067.0,47.0,131.519,7621079865.0
514.798,0.0,90252.0,5067.0,47.0,131.54,7621093058.0
514.898,0.0,90252.0,5067.0,47.0,131.549,7621119331.0
514.998,0.0,90252.0,5067.0,47.0,131.56,7621132482.0
515.098,0.0,90252.0,5067.0,47.0,131.56,7621132482.0
515.198,0.0,90252.0,5067.0,47.0,131.616,7621158790.0
515.298,0.0,90252.0,5067.0,47.0,131.607,7621185134.0
515.398,0.0,90252.0,5067.0,47.0,131.607,7621185134.0
515.498,0.0,90252.0,5067.0,47.0,131.596,7621198279.0
515.598,0.0,90252.0,5067.0,47.0,131.627,7621211450.0
515.698,0.0,90252.0,5067.0,47.0,131.61,7621237749.0
515.798,0.0,90252.0,5067.0,47.0,131.61,7621237749.0
515.898,0.0,90252.0,5067.0,47.0,131.612,7621250929.0
515.998,0.0,90252.0,5067.0,47.0,131.649,7621277200.0
516.098,0.0,90252.0,5067.0,47.0,131.649,7621277200.0
516.198,0.0,90252.0,5067.0,47.0,131.67,7621303536.0
516.298,0.0,90252.0,5067.0,47.0,131.67,7621303536.0
516.398,0.0,90252.0,5067.0,47.0,131.651,7621329835.0
516.498,0.0,90252.0,5067.0,47.0,131.651,7621329835.0
516.598,0.0,90252.0,5067.0,47.0,131.634,7621342996.0
516.698,0.0,90252.0,5067.0,47.0,131.634,7621356127.0
516.798,0.0,90252.0,5067.0,47.0,131.65,7621356127.0
516.898,0.0,90252.0,5067.0,47.0,131.573,7621382393.0
516.998,0.0,90252.0,5067.0,47.0,131.559,7621395528.0
517.098,0.0,90252.0,5067.0,47.0,131.559,7621408664.0
517.198,0.0,90252.0,5067.0,47.0,131.517,7621421814.0
517.298,0.0,90252.0,5067.0,47.0,131.517,7621421814.0
517.398,0.0,90252.0,5067.0,47.0,131.539,7621434967.0
517.498,0.0,90252.0,5067.0,47.0,131.546,7621448140.0
517.598,0.0,90252.0,5067.0,47.0,131.526,7621461270.0
517.698,0.0,90252.0,5067.0,47.0,131.531,7621474420.0
517.798,0.0,90252.0,5067.0,47.0,131.53,7621487570.0
517.898,0.0,90252.0,5067.0,47.0,131.514,7621513827.0
517.998,0.0,90252.0,5067.0,47.0,131.514,7621513827.0
518.098,0.0,90252.0,5067.0,47.0,131.549,7621526993.0
518.198,0.0,90252.0,5067.0,47.0,131.54,7621553303.0
518.298,0.0,90252.0,5067.0,47.0,131.54,7621553303.0
518.398,0.0,90252.0,5067.0,47.0,131.485,7621592741.0
518.498,0.0,90252.0,5067.0,47.0,131.52,7621605876.0
518.598,0.0,90252.0,5067.0,47.0,131.52,7621605876.0
518.698,0.0,90252.0,5067.0,47.0,131.554,7621632225.0
518.798,0.0,90252.0,5067.0,47.0,131.554,7621632225.0
518.898,0.0,90252.0,5067.0,47.0,131.586,7621658546.0
518.998,0.0,90252.0,5067.0,47.0,131.586,7621658546.0
519.098,0.0,90252.0,5067.0,47.0,131.58,7621671700.0
519.198,0.0,90252.0,5067.0,47.0,131.591,7621684854.0
519.298,0.0,90252.0,5067.0,47.0,131.596,7621697990.0
519.398,0.0,90252.0,5067.0,47.0,131.587,7621711134.0
519.497,0.0,90252.0,5067.0,47.0,131.574,7621724244.0
519.597,0.0,90252.0,5067.0,47.0,131.539,7621737378.0
519.697,0.0,90252.0,5067.0,47.0,131.524,7621750516.0
519.798,0.0,90252.0,5067.0,47.0,131.492,7621763677.0
519.897,0.0,90252.0,5067.0,47.0,131.505,7621776855.0
519.997,0.0,90252.0,5067.0,47.0,131.504,7621776855.0
520.097,0.0,90252.0,5067.0,47.0,131.499,7621789992.0
520.201,0.0,90252.0,5067.0,47.0,131.475,7621816291.0
520.298,0.0,90252.0,5067.0,47.0,131.48,7621829459.0
520.397,0.0,90252.0,5067.0,47.0,131.48,7621829459.0
520.497,0.0,90252.0,5067.0,47.0,131.499,7621842586.0
520.597,0.0,90252.0,5067.0,47.0,131.508,7621855741.0
520.697,0.0,90252.0,5067.0,47.0,131.586,7621868868.0
520.798,0.0,90252.0,5067.0,47.0,131.597,7621882036.0
520.897,0.0,90252.0,5067.0,47.0,131.594,7621895190.0
520.997,0.0,90252.0,5067.0,47.0,131.577,7621908370.0
521.098,0.0,90252.0,5067.0,47.0,131.573,7621921506.0
521.197,0.0,90252.0,5067.0,47.0,131.588,7621934648.0
521.298,0.0,90252.0,5067.0,47.0,131.589,7621947802.0
521.398,0.0,90252.0,5067.0,47.0,131.578,7621960937.0
521.498,0.0,90252.0,5067.0,47.0,131.629,7621974107.0
521.597,0.0,90252.0,5067.0,47.0,131.637,7622000433.0
521.698,0.0,90252.0,5067.0,47.0,131.584,7622026713.0
521.798,0.0,90252.0,5067.0,47.0,131.584,7622026713.0
521.898,0.0,90252.0,5067.0,47.0,131.599,7622039873.0
521.998,0.0,90252.0,5067.0,47.0,131.575,7622053001.0
522.098,0.0,90252.0,5067.0,47.0,131.596,7622066156.0
522.198,0.0,90252.0,5067.0,47.0,131.566,7622079261.0
522.298,0.0,90252.0,5067.0,47.0,131.563,7622092432.0
522.398,0.0,90252.0,5067.0,47.0,131.578,7622105558.0
522.498,0.0,90252.0,5067.0,47.0,131.54,7622118693.0
522.598,0.0,90252.0,5067.0,47.0,131.501,7622131833.0
522.698,0.0,90252.0,5067.0,47.0,131.52,7622144976.0
522.798,0.0,90252.0,5067.0,47.0,131.522,7622158124.0
522.898,0.0,90252.0,5067.0,47.0,131.475,7622171248.0
522.998,0.0,90252.0,5067.0,47.0,131.475,7622184389.0
523.098,0.0,90252.0,5067.0,47.0,131.472,7622184389.0
523.198,0.0,90252.0,5067.0,47.0,131.496,7622197554.0
523.298,0.0,90252.0,5067.0,47.0,131.524,7622223871.0
523.398,0.0,90252.0,5067.0,47.0,131.524,7622223871.0
523.498,0.0,90252.0,5067.0,47.0,131.502,7622236996.0
523.598,0.0,90252.0,5067.0,47.0,131.528,7622250138.0
523.698,0.0,90252.0,5067.0,47.0,131.521,7622276452.0
523.798,0.0,90252.0,5067.0,47.0,131.521,7622276452.0
523.898,0.0,90252.0,5067.0,47.0,131.537,7622289589.0
523.998,0.0,90252.0,5067.0,47.0,131.556,7622302718.0
524.098,0.0,90252.0,5067.0,47.0,131.52,7622315879.0
524.198,0.0,90252.0,5067.0,47.0,131.506,7622328988.0
524.298,0.0,90252.0,5067.0,47.0,131.491,7622342137.0
524.398,0.0,90252.0,5067.0,47.0,131.495,7622355283.0
524.498,0.0,90252.0,5067.0,47.0,131.512,7622368417.0
524.598,0.0,90252.0,5067.0,47.0,131.474,7622381566.0
524.698,0.0,90252.0,5067.0,47.0,131.449,7622394693.0
524.798,0.0,90252.0,5067.0,47.0,131.466,7622420993.0
524.898,0.0,90252.0,5067.0,47.0,131.484,7622434137.0
524.998,0.0,90252.0,5067.0,47.0,131.454,7622447264.0
525.098,0.0,90252.0,5067.0,47.0,131.469,7622460424.0
525.198,0.0,90252.0,5067.0,47.0,131.506,7622473556.0
525.298,0.0,90252.0,5067.0,47.0,131.505,7622486720.0
525.398,0.0,90252.0,5067.0,47.0,131.477,7622512988.0
525.498,0.0,90252.0,5067.0,47.0,131.477,7622512988.0
525.598,0.0,90252.0,5067.0,47.0,131.5,7622526131.0
525.698,0.0,90252.0,5067.0,47.0,131.497,7622539275.0
525.798,0.0,90252.0,5067.0,47.0,131.495,7622552406.0
525.897,0.0,90252.0,5067.0,47.0,131.486,7622565547.0
525.998,0.0,90252.0,5067.0,47.0,131.458,7622591795.0
526.098,0.0,90252.0,5067.0,47.0,131.458,7622591795.0
526.198,0.0,90252.0,5067.0,47.0,131.408,7622604944.0
526.298,0.0,90252.0,5067.0,47.0,131.408,7622618116.0
526.398,0.0,90252.0,5067.0,47.0,131.459,7622618116.0
526.498,0.0,90252.0,5067.0,47.0,131.508,7622644439.0
526.598,0.0,90252.0,5067.0,47.0,131.508,7622644439.0
526.698,0.0,90252.0,5067.0,47.0,131.515,7622657583.0
526.798,0.0,90252.0,5067.0,47.0,131.514,7622670719.0
526.898,0.0,90252.0,5067.0,47.0,131.527,7622683858.0
526.998,0.0,90252.0,5067.0,47.0,131.54,7622696987.0
527.098,0.0,90252.0,5067.0,47.0,131.578,7622710132.0
527.198,0.0,90252.0,5067.0,47.0,131.591,7622723276.0
527.298,0.0,90252.0,5067.0,47.0,131.587,7622736408.0
527.398,0.0,90252.0,5067.0,47.0,131.532,7622749552.0
527.498,0.0,90252.0,5067.0,47.0,131.53,7622762693.0
527.598,0.0,90252.0,5067.0,47.0,131.489,7622788962.0
527.698,0.0,90252.0,5067.0,47.0,131.489,7622788962.0
527.798,0.0,90252.0,5067.0,47.0,131.501,7622802124.0
527.898,0.0,90252.0,5067.0,47.0,131.494,7622815276.0
527.998,0.0,90252.0,5067.0,47.0,131.49,7622841533.0
528.098,0.0,90252.0,5067.0,47.0,131.478,7622854658.0
528.198,0.0,90252.0,5067.0,47.0,131.437,7622867782.0
528.298,0.0,90252.0,5067.0,47.0,131.432,7622880932.0
528.398,0.0,90252.0,5067.0,47.0,131.418,7622894044.0
528.498,0.0,90252.0,5067.0,47.0,131.383,7622907206.0
528.598,0.0,90252.0,5067.0,47.0,131.424,7622920355.0
528.698,0.0,90252.0,5067.0,47.0,131.45,7622933475.0
528.798,0.0,90252.0,5067.0,47.0,131.401,7622946602.0
528.898,0.0,90252.0,5067.0,47.0,131.385,7622959737.0
528.998,0.0,90252.0,5067.0,47.0,131.415,7622972876.0
529.098,0.0,90252.0,5067.0,47.0,131.407,7622999123.0
529.198,0.0,90252.0,5067.0,47.0,131.407,7622999123.0
529.297,0.0,90252.0,5067.0,47.0,131.387,7623012251.0
529.398,0.0,90252.0,5067.0,47.0,131.387,7623025396.0
529.498,0.0,90252.0,5067.0,47.0,131.408,7623025396.0
529.625,0.0,90252.0,5067.0,47.0,131.355,7623051685.0
529.698,0.0,90252.0,5067.0,47.0,131.355,7623051685.0
529.798,0.0,90252.0,5067.0,47.0,131.391,7623064800.0
529.898,0.0,90252.0,5067.0,47.0,131.422,7623077954.0
529.998,0.0,90252.0,5067.0,47.0,131.407,7623091110.0
530.098,0.0,90252.0,5067.0,47.0,131.395,7623104255.0
530.198,0.0,90252.0,5067.0,47.0,131.417,7623117385.0
530.298,0.0,90252.0,5067.0,47.0,131.398,7623130468.0
530.398,0.0,90252.0,5067.0,47.0,131.425,7623143639.0
530.498,0.0,90252.0,5067.0,47.0,131.419,7623156780.0
530.598,0.0,90252.0,5067.0,47.0,131.406,7623169913.0
530.698,0.0,90252.0,5067.0,47.0,131.42,7623183036.0
530.798,0.0,90252.0,5067.0,47.0,131.407,7623196153.0
530.898,0.0,90252.0,5067.0,47.0,131.426,7623209298.0
530.997,0.0,90252.0,5067.0,47.0,131.42,7623222450.0
531.098,0.0,90252.0,5067.0,47.0,131.425,7623235617.0
531.198,0.0,90252.0,5067.0,47.0,131.446,7623261898.0
531.298,0.0,90252.0,5067.0,47.0,131.456,7623275042.0
531.398,0.0,90252.0,5067.0,47.0,131.448,7623288167.0
531.498,0.0,90252.0,5067.0,54.0,153.9,7623356529.0
531.598,0.0,90252.0,5067.0,54.0,153.9,7623356529.0
531.698,87.0,90252.0,5067.0,57.0,211.65,7623424993.0
531.798,87.0,90252.0,5067.0,59.0,252.206,7623492214.0
531.898,100.0,90252.0,5067.0,60.0,307.881,7623561094.0
531.998,100.0,90252.0,5067.0,63.0,430.063,7623692003.0
532.098,100.0,90252.0,5067.0,63.0,430.063,7623692003.0
532.198,100.0,90252.0,5067.0,63.0,477.236,7623757678.0
532.298,100.0,90252.0,5067.0,63.0,477.236,7623825811.0
532.398,100.0,90252.0,5067.0,64.0,533.686,7623825811.0
532.498,100.0,90252.0,5067.0,65.0,580.535,7623894571.0
532.598,100.0,90252.0,5067.0,65.0,670.017,7623964249.0
532.698,100.0,90252.0,5067.0,65.0,671.253,7624033112.0
532.798,100.0,90252.0,5067.0,66.0,673.404,7624168157.0
532.898,100.0,90252.0,5067.0,67.0,674.632,7624236348.0
532.998,100.0,90252.0,5067.0,67.0,674.632,7624236348.0
533.098,100.0,90252.0,5067.0,67.0,673.68,7624303494.0
533.198,100.0,90252.0,5067.0,66.0,679.897,7624370773.0
533.298,92.0,90252.0,5067.0,68.0,676.593,7624435878.0
533.398,100.0,90252.0,5067.0,68.0,674.292,7624572245.0
533.498,100.0,90252.0,5067.0,68.0,674.292,7624572245.0
533.598,100.0,90252.0,5067.0,68.0,675.975,7624709103.0
533.698,100.0,90252.0,5067.0,68.0,682.601,7624774344.0
533.798,100.0,90252.0,5067.0,68.0,672.985,7624842026.0
533.898,100.0,90252.0,5067.0,69.0,675.651,7624911741.0
533.998,100.0,90252.0,5067.0,69.0,677.646,7624981173.0
534.098,100.0,90252.0,5067.0,68.0,680.753,7625051479.0
534.198,100.0,90252.0,5067.0,68.0,683.946,7625114745.0
534.298,95.0,90252.0,5067.0,65.0,668.807,7625160972.0
534.398,95.0,90252.0,5067.0,64.0,646.638,7625209348.0
534.498,95.0,90252.0,5067.0,64.0,646.638,7625253308.0
534.598,94.0,90252.0,5067.0,63.0,626.176,7625253308.0
534.698,94.0,90252.0,5067.0,63.0,590.914,7625294468.0
534.798,91.0,90252.0,5067.0,63.0,572.085,7625340047.0
534.898,94.0,90252.0,5067.0,62.0,522.833,7625442306.0
534.998,94.0,90252.0,5067.0,62.0,522.833,7625442306.0
535.098,92.0,90252.0,5067.0,61.0,497.764,7625491486.0
535.198,92.0,90252.0,5067.0,61.0,476.994,7625535300.0
535.298,93.0,90252.0,5067.0,61.0,471.715,7625581849.0
535.398,93.0,90252.0,5067.0,61.0,461.129,7625630521.0
535.498,94.0,90252.0,5067.0,61.0,459.663,7625666197.0
535.598,94.0,90252.0,5067.0,61.0,474.768,7625717912.0
535.698,93.0,90252.0,5067.0,61.0,468.464,7625764584.0
535.798,93.0,90252.0,5067.0,60.0,456.535,7625801673.0
535.898,94.0,90252.0,5067.0,61.0,443.064,7625884268.0
535.998,94.0,90252.0,5067.0,61.0,433.704,7625925815.0
536.098,92.0,90252.0,5067.0,61.0,431.357,7625967853.0
536.198,92.0,90252.0,5067.0,60.0,422.169,7626004323.0
536.298,94.0,90252.0,5067.0,60.0,418.069,7626051527.0
536.398,94.0,90252.0,5067.0,60.0,421.713,7626093766.0
536.498,94.0,90252.0,5067.0,60.0,415.935,7626134042.0
536.598,94.0,90252.0,5067.0,60.0,406.877,7626174782.0
536.698,94.0,90252.0,5067.0,60.0,408.315,7626213274.0
536.798,94.0,90252.0,5067.0,60.0,411.521,7626255427.0
536.898,94.0,90252.0,5067.0,60.0,411.521,7626300172.0
536.998,94.0,90252.0,5067.0,60.0,414.246,7626300172.0
537.098,94.0,90252.0,5067.0,60.0,410.086,7626341614.0
537.198,91.0,90252.0,5067.0,60.0,420.297,7626429704.0
537.298,91.0,90252.0,5067.0,60.0,420.297,7626429704.0
537.398,93.0,90252.0,5067.0,60.0,425.644,7626475600.0
537.498,91.0,90252.0,5067.0,60.0,422.083,7626517820.0
537.598,91.0,90252.0,5067.0,60.0,426.226,7626551935.0
537.698,94.0,90252.0,5067.0,60.0,428.064,7626602825.0
537.798,94.0,90252.0,5067.0,60.0,433.315,7626644107.0
537.898,94.0,90252.0,5067.0,60.0,429.313,7626686370.0
537.998,94.0,90252.0,5067.0,60.0,433.867,7626731558.0
538.098,94.0,90252.0,5067.0,60.0,433.58,7626775886.0
538.198,94.0,90252.0,5067.0,60.0,439.898,7626820722.0
538.298,94.0,90252.0,5067.0,60.0,438.843,7626871089.0
538.398,94.0,90252.0,5067.0,60.0,426.456,7626948094.0
538.498,92.0,90252.0,5067.0,60.0,438.682,7626993218.0
538.598,94.0,90252.0,5067.0,60.0,440.701,7627083253.0
538.698,94.0,90252.0,5067.0,60.0,440.701,7627083253.0
538.798,94.0,90252.0,5067.0,60.0,431.948,7627124434.0
538.898,93.0,90252.0,5067.0,60.0,436.077,7627171566.0
538.998,93.0,90252.0,5067.0,60.0,443.348,7627219389.0
539.098,95.0,90252.0,5067.0,60.0,449.831,7627267041.0
539.198,95.0,90252.0,5067.0,60.0,450.875,7627317272.0
539.298,95.0,90252.0,5067.0,60.0,453.202,7627367252.0
539.398,95.0,90252.0,5067.0,60.0,453.202,7627407662.0
539.498,95.0,90252.0,5067.0,60.0,459.734,7627407662.0
539.598,92.0,90252.0,5067.0,60.0,460.02,7627449401.0
539.698,92.0,90252.0,5067.0,60.0,462.27,7627496597.0
539.798,94.0,90252.0,5067.0,60.0,453.228,7627541489.0
539.898,94.0,90252.0,5067.0,60.0,451.65,7627580985.0
539.998,92.0,90252.0,5067.0,60.0,449.957,7627623490.0
540.098,95.0,90252.0,5067.0,60.0,431.808,7627703323.0
540.198,95.0,90252.0,5067.0,60.0,431.808,7627703323.0
540.298,94.0,90252.0,5067.0,60.0,426.091,7627750037.0
540.398,94.0,90252.0,5067.0,60.0,423.085,7627790285.0
540.498,92.0,90252.0,5067.0,60.0,425.515,7627829503.0
540.598,92.0,90252.0,5067.0,60.0,423.427,7627876873.0
540.698,91.0,90252.0,5067.0,60.0,427.345,7627918645.0
540.798,89.0,90252.0,5067.0,60.0,429.6,7628048574.0
540.898,89.0,90252.0,5067.0,60.0,429.6,7628048574.0
540.998,89.0,90252.0,5067.0,59.0,423.237,7628085252.0
541.098,91.0,90252.0,5067.0,59.0,422.276,7628125759.0
541.198,91.0,90252.0,5067.0,59.0,421.62,7628171489.0
541.298,91.0,90252.0,5067.0,59.0,425.064,7628215430.0
541.398,91.0,90252.0,5067.0,59.0,422.8,7628250589.0
541.498,91.0,90252.0,5067.0,59.0,417.424,7628288157.0
541.598,91.0,90252.0,5067.0,59.0,412.271,7628331336.0
541.698,91.0,90252.0,5067.0,59.0,412.271,7628374690.0
541.798,90.0,90252.0,5067.0,59.0,413.053,7628374690.0
541.898,90.0,90252.0,5067.0,59.0,415.877,7628418856.0
541.998,87.0,90252.0,5067.0,59.0,410.076,7628456715.0
542.098,87.0,90252.0,5067.0,59.0,412.397,7628494819.0
542.198,88.0,90252.0,5067.0,59.0,410.945,7628537564.0
542.298,88.0,90252.0,5067.0,59.0,405.097,7628572841.0
542.398,88.0,90252.0,5067.0,59.0,397.989,7628615700.0
542.498,87.0,90252.0,5067.0,59.0,400.252,7628651155.0
542.598,87.0,90252.0,5067.0,58.0,384.13,7628684402.0
542.697,88.0,90252.0,5067.0,59.0,379.315,7628709642.0
542.798,88.0,90252.0,5067.0,59.0,378.93,7628755376.0
542.898,87.0,90252.0,5067.0,58.0,383.781,7628801930.0
542.998,87.0,90252.0,5067.0,58.0,386.598,7628843968.0
543.098,89.0,90252.0,5067.0,59.0,389.407,7628924365.0
543.198,89.0,90252.0,5067.0,58.0,392.38,7628964025.0
543.298,89.0,90252.0,5067.0,58.0,382.901,7628999471.0
543.398,89.0,90252.0,5067.0,58.0,395.855,7629045693.0
543.498,86.0,90252.0,5067.0,58.0,396.742,7629090497.0
543.598,86.0,90252.0,5067.0,58.0,409.48,7629122111.0
543.698,88.0,90252.0,5067.0,58.0,406.988,7629163214.0
543.798,88.0,90252.0,5067.0,58.0,412.17,7629207890.0
543.898,86.0,90252.0,5067.0,58.0,396.787,7629284541.0
543.998,86.0,90252.0,5067.0,58.0,396.787,7629284541.0
544.098,86.0,90252.0,5067.0,58.0,396.787,7629328428.0
544.198,83.0,90252.0,5067.0,58.0,404.567,7629328428.0
544.298,83.0,90252.0,5067.0,57.0,403.928,7629371112.0
544.398,84.0,90252.0,5067.0,57.0,408.662,7629407667.0
544.498,84.0,90252.0,5067.0,57.0,405.161,7629448663.0
544.598,85.0,90252.0,5067.0,57.0,395.331,7629519388.0
544.698,85.0,90252.0,5067.0,57.0,395.331,7629519388.0
544.798,83.0,90252.0,5067.0,57.0,398.426,7629553677.0
544.898,85.0,90252.0,5067.0,57.0,387.602,7629585324.0
544.998,85.0,90252.0,5067.0,57.0,376.905,7629627407.0
545.098,84.0,90252.0,5067.0,57.0,375.213,7629661155.0
545.198,84.0,90252.0,5067.0,57.0,364.594,7629701803.0
545.298,83.0,90252.0,5067.0,57.0,358.228,7629728742.0
545.398,85.0,90252.0,5067.0,57.0,355.307,7629803334.0
545.498,85.0,90252.0,5067.0,57.0,355.307,7629803334.0
545.598,85.0,90252.0,5067.0,57.0,356.169,7629876124.0
545.698,82.0,90252.0,5067.0,57.0,356.943,7629911755.0
545.798,82.0,90252.0,5067.0,57.0,359.983,7629948786.0
545.898,80.0,90252.0,5067.0,56.0,356.069,7629981434.0
545.998,80.0,90252.0,5067.0,56.0,353.664,7630011618.0
546.098,80.0,90252.0,5067.0,56.0,340.844,7630037462.0
546.198,80.0,90252.0,5067.0,56.0,339.868,7630071707.0
546.298,80.0,90252.0,5067.0,56.0,338.523,7630105178.0
546.398,80.0,90252.0,5067.0,55.0,335.704,7630131691.0
546.498,78.0,90252.0,5067.0,55.0,329.304,7630163030.0
546.598,78.0,90252.0,5067.0,55.0,329.304,7630189586.0
546.698,78.0,90252.0,5067.0,55.0,320.63,7630189586.0
546.798,79.0,90252.0,5067.0,55.0,306.093,7630246120.0
546.898,79.0,90252.0,5067.0,55.0,306.093,7630246120.0
546.997,79.0,90252.0,5067.0,55.0,298.956,7630273658.0
547.098,79.0,90252.0,5067.0,55.0,292.188,7630300241.0
547.198,75.0,90252.0,5067.0,54.0,289.314,7630326242.0
547.298,75.0,90252.0,5067.0,53.0,280.683,7630343825.0
547.398,13.0,90252.0,5067.0,52.0,259.121,7630356838.0
547.498,13.0,90252.0,5067.0,51.0,243.443,7630369831.0
547.598,0.0,90252.0,5067.0,51.0,209.885,7630382757.0
547.698,0.0,90252.0,5067.0,50.0,192.691,7630395604.0
547.798,0.0,90252.0,5067.0,50.0,177.055,7630408400.0
547.898,0.0,90252.0,5067.0,49.0,164.333,7630421597.0
547.998,0.0,90252.0,5067.0,49.0,149.509,7630433973.0
548.098,0.0,90252.0,5067.0,49.0,136.536,7630446720.0
548.198,0.0,90252.0,5067.0,49.0,128.471,7630459427.0
548.298,0.0,90252.0,5067.0,51.0,136.777,7630472121.0
548.398,0.0,90252.0,5067.0,58.0,187.871,7630565969.0
548.498,100.0,90252.0,5067.0,59.0,243.856,7630634751.0
548.598,100.0,90252.0,5067.0,62.0,300.057,7630703015.0
548.698,100.0,90252.0,5067.0,62.0,349.559,7630770491.0
548.798,100.0,90252.0,5067.0,63.0,405.43,7630838690.0
548.898,92.0,90252.0,5067.0,64.0,461.949,7630903944.0
548.998,92.0,90252.0,5067.0,65.0,515.872,7630971333.0
549.098,100.0,90252.0,5067.0,65.0,563.947,7631041318.0
549.198,100.0,90252.0,5067.0,67.0,627.629,7631108923.0
549.298,100.0,90252.0,5067.0,67.0,627.629,7631178192.0
549.398,100.0,90252.0,5067.0,67.0,675.195,7631178192.0
549.498,100.0,90252.0,5067.0,65.0,672.214,7631239796.0
549.598,89.0,90252.0,5067.0,67.0,674.501,7631310022.0
549.698,100.0,90252.0,5067.0,68.0,677.198,7631449142.0
549.798,100.0,90252.0,5067.0,68.0,677.198,7631449142.0
549.898,100.0,90252.0,5067.0,68.0,677.59,7631518710.0
549.997,100.0,90252.0,5067.0,68.0,677.279,7631579320.0
550.098,100.0,90252.0,5067.0,69.0,677.331,7631649665.0
550.198,100.0,90252.0,5067.0,68.0,679.147,7631717509.0
550.298,100.0,90252.0,5067.0,69.0,680.84,7631786501.0
550.407,93.0,90252.0,5067.0,69.0,682.811,7631922658.0
550.498,93.0,90252.0,5067.0,69.0,682.811,7631922658.0
550.598,93.0,90252.0,5067.0,69.0,682.374,7632058749.0
550.698,100.0,90252.0,5067.0,69.0,680.208,7632127077.0
550.798,100.0,90252.0,5067.0,68.0,668.671,7632182745.0
550.898,94.0,90252.0,5067.0,65.0,648.117,7632226338.0
550.998,94.0,90252.0,5067.0,64.0,628.05,7632272194.0
551.098,91.0,90252.0,5067.0,64.0,604.89,7632318972.0
551.198,93.0,90252.0,5067.0,63.0,545.746,7632400724.0
551.298,93.0,90252.0,5067.0,63.0,545.746,7632400724.0
551.398,93.0,90252.0,5067.0,63.0,545.746,7632447960.0
551.498,93.0,90252.0,5067.0,62.0,529.234,7632447960.0
551.598,94.0,90252.0,5067.0,62.0,511.026,7632495612.0
551.698,93.0,90252.0,5067.0,62.0,455.873,7632578327.0
551.798,93.0,90252.0,5067.0,62.0,455.873,7632578327.0
551.898,94.0,90252.0,5067.0,61.0,436.698,7632660890.0
551.998,94.0,90252.0,5067.0,61.0,436.698,7632660890.0
552.098,94.0,90252.0,5067.0,61.0,428.359,7632698128.0
552.198,92.0,90252.0,5067.0,61.0,423.119,7632736836.0
552.298,92.0,90252.0,5067.0,61.0,424.494,7632782384.0
552.398,94.0,90252.0,5067.0,61.0,422.485,7632826341.0
552.498,94.0,90252.0,5067.0,61.0,412.722,7632868387.0
552.604,92.0,90252.0,5067.0,61.0,414.054,7632953096.0
552.698,92.0,90252.0,5067.0,61.0,414.054,7632953096.0
552.798,92.0,90252.0,5067.0,60.0,411.235,7633037038.0
552.898,94.0,90252.0,5067.0,61.0,426.433,7633089493.0
552.998,92.0,90252.0,5067.0,61.0,445.04,7633182853.0
553.098,92.0,90252.0,5067.0,61.0,445.04,7633182853.0
553.198,92.0,90252.0,5067.0,60.0,447.749,7633228937.0
553.298,94.0,90252.0,5067.0,60.0,450.797,7633271470.0
553.398,94.0,90252.0,5067.0,60.0,449.34,7633355198.0
553.498,94.0,90252.0,5067.0,60.0,449.34,7633355198.0
553.598,94.0,90252.0,5067.0,61.0,444.749,7633397195.0
553.698,93.0,90252.0,5067.0,61.0,447.057,7633437597.0
553.798,93.0,90252.0,5067.0,61.0,447.057,7633481811.0
553.898,93.0,90252.0,5067.0,60.0,445.498,7633481811.0
553.998,94.0,90252.0,5067.0,60.0,439.557,7633523388.0
554.098,94.0,90252.0,5067.0,60.0,426.005,7633562909.0
554.198,91.0,90252.0,5067.0,60.0,420.354,7633646910.0
554.298,91.0,90252.0,5067.0,60.0,420.354,7633646910.0
554.398,94.0,90252.0,5067.0,60.0,418.937,7633690159.0
554.498,94.0,90252.0,5067.0,60.0,420.881,7633738154.0
554.598,94.0,90252.0,5067.0,60.0,420.2,7633779296.0
554.698,94.0,90252.0,5067.0,60.0,418.488,7633817693.0
554.798,95.0,90252.0,5067.0,60.0,404.583,7633897457.0
554.898,95.0,90252.0,5067.0,60.0,404.583,7633897457.0
554.998,95.0,90252.0,5067.0,60.0,418.579,7633936256.0
555.098,92.0,90252.0,5067.0,60.0,414.773,7633983633.0
555.198,92.0,90252.0,5067.0,60.0,424.403,7634075541.0
555.298,94.0,90252.0,5067.0,60.0,428.308,7634123054.0
555.398,94.0,90252.0,5067.0,60.0,427.019,7634163337.0
555.498,94.0,90252.0,5067.0,60.0,428.531,7634206682.0
555.598,94.0,90252.0,5067.0,60.0,435.401,7634255139.0
555.698,94.0,90252.0,5067.0,60.0,442.518,7634300590.0
555.798,94.0,90252.0,5067.0,60.0,448.587,7634346952.0
555.898,94.0,90252.0,5067.0,60.0,459.816,7634393119.0
555.998,94.0,90252.0,5067.0,60.0,461.047,7634440713.0
556.098,92.0,90252.0,5067.0,60.0,459.237,7634484913.0
556.198,92.0,90252.0,5067.0,60.0,457.429,7634528961.0
556.298,92.0,90252.0,5067.0,60.0,457.429,7634528961.0
556.398,94.0,90252.0,5067.0,60.0,443.179,7634565002.0
556.498,94.0,90252.0,5067.0,60.0,434.733,7634601651.0
556.598,91.0,90252.0,5067.0,60.0,437.084,7634644203.0
556.698,91.0,90252.0,5067.0,60.0,430.224,7634685296.0
556.798,92.0,90252.0,5067.0,60.0,423.716,7634723743.0
556.898,92.0,90252.0,5067.0,60.0,421.213,7634764353.0
556.998,91.0,90252.0,5067.0,60.0,403.839,7634844520.0
557.098,91.0,90252.0,5067.0,60.0,403.839,7634844520.0
557.198,89.0,90252.0,5067.0,60.0,399.924,7634884515.0
557.298,89.0,90252.0,5067.0,59.0,397.938,7634926273.0
557.398,91.0,90252.0,5067.0,60.0,413.97,7634972212.0
557.498,89.0,90252.0,5067.0,60.0,416.438,7635015679.0
557.598,91.0,90252.0,5067.0,59.0,425.329,7635148674.0
557.697,91.0,90252.0,5067.0,59.0,425.329,7635148674.0
557.798,91.0,90252.0,5067.0,60.0,424.933,7635187342.0
557.898,90.0,90252.0,5067.0,59.0,430.799,7635230220.0
557.998,90.0,90252.0,5067.0,59.0,428.954,7635271140.0
558.098,88.0,90252.0,5067.0,59.0,429.68,7635310764.0
558.198,88.0,90252.0,5067.0,59.0,415.309,7635343116.0
558.298,88.0,90252.0,5067.0,59.0,418.373,7635389861.0
558.398,88.0,90252.0,5067.0,59.0,405.349,7635415670.0
558.498,87.0,90252.0,5067.0,59.0,380.735,7635437708.0
558.598,87.0,90252.0,5067.0,59.0,380.735,7635466348.0
558.698,87.0,90252.0,5067.0,59.0,362.958,7635466348.0
558.798,89.0,90252.0,5067.0,59.0,356.406,7635504507.0
558.898,89.0,90252.0,5067.0,59.0,366.67,7635556255.0
558.997,89.0,90252.0,5067.0,59.0,365.699,7635592412.0
559.098,89.0,90252.0,5067.0,59.0,358.663,7635632721.0
559.198,86.0,90252.0,5067.0,59.0,359.478,7635666531.0
559.298,86.0,90252.0,5067.0,59.0,349.556,7635689629.0
559.398,88.0,90252.0,5067.0,59.0,334.895,7635724175.0
559.498,88.0,90252.0,5067.0,59.0,339.341,7635757939.0
559.598,89.0,90252.0,5067.0,58.0,359.668,7635798109.0
559.698,89.0,90252.0,5067.0,59.0,363.847,7635830477.0
559.798,85.0,90252.0,5067.0,58.0,372.959,7635876459.0
559.898,85.0,90252.0,5067.0,58.0,362.903,7635916553.0
559.998,88.0,90252.0,5067.0,58.0,368.789,7635959821.0
560.098,88.0,90252.0,5067.0,58.0,374.1,7636040087.0
560.198,88.0,90252.0,5067.0,58.0,382.707,7636076450.0
560.298,84.0,90252.0,5067.0,58.0,396.537,7636120915.0
560.398,84.0,90252.0,5067.0,58.0,397.922,7636158199.0
560.497,86.0,90252.0,5067.0,58.0,394.857,7636192506.0
560.598,86.0,90252.0,5067.0,58.0,398.306,7636231883.0
560.698,86.0,90252.0,5067.0,58.0,398.306,7636264184.0
560.798,85.0,90252.0,5067.0,58.0,391.51,7636264184.0
560.898,85.0,90252.0,5067.0,58.0,380.884,7636296483.0
560.998,83.0,90252.0,5067.0,58.0,369.394,7636328854.0
561.098,83.0,90252.0,5067.0,58.0,370.172,7636369997.0
561.198,85.0,90252.0,5067.0,58.0,372.347,7636414508.0
561.298,85.0,90252.0,5067.0,58.0,386.133,7636459576.0
561.398,85.0,90252.0,5067.0,57.0,372.848,7636491997.0
561.497,85.0,90252.0,5067.0,58.0,370.207,7636528570.0
561.598,83.0,90252.0,5067.0,57.0,372.275,7636568229.0
561.698,83.0,90252.0,5067.0,57.0,375.245,7636606589.0
561.798,85.0,90252.0,5067.0,57.0,373.533,7636641481.0
561.898,85.0,90252.0,5067.0,57.0,385.15,7636681989.0
561.998,85.0,90252.0,5067.0,57.0,386.233,7636791892.0
562.098,85.0,90252.0,5067.0,57.0,386.233,7636791892.0
562.198,81.0,90252.0,5067.0,57.0,373.74,7636828214.0
562.298,81.0,90252.0,5067.0,57.0,367.524,7636861708.0
562.398,82.0,90252.0,5067.0,57.0,366.028,7636899491.0
562.498,82.0,90252.0,5067.0,57.0,368.0,7636932175.0
562.598,82.0,90252.0,5067.0,57.0,362.086,7636966891.0
562.697,82.0,90252.0,5067.0,56.0,359.817,7636998197.0
562.798,79.0,90252.0,5067.0,56.0,347.43,7637062885.0
562.898,79.0,90252.0,5067.0,56.0,347.43,7637062885.0
562.998,79.0,90252.0,5067.0,56.0,346.048,7637097224.0
563.098,79.0,90252.0,5067.0,56.0,346.323,7637131027.0
563.198,79.0,90252.0,5067.0,56.0,339.604,7637131027.0
563.297,79.0,90252.0,5067.0,56.0,341.633,7637170238.0
563.398,79.0,90252.0,5067.0,55.0,330.744,7637191486.0
563.498,79.0,90252.0,5067.0,55.0,326.965,7637225972.0
563.598,78.0,90252.0,5067.0,55.0,321.311,7637252750.0
563.698,78.0,90252.0,5067.0,55.0,312.162,7637280052.0
563.798,71.0,90252.0,5067.0,54.0,300.486,7637299753.0
563.898,71.0,90252.0,5067.0,52.0,281.819,7637312846.0
563.998,0.0,90252.0,5067.0,51.0,262.54,7637325829.0
564.098,0.0,90252.0,5067.0,51.0,240.657,7637338794.0
564.197,0.0,90252.0,5067.0,50.0,222.379,7637351739.0
564.298,0.0,90252.0,5067.0,50.0,196.676,7637364630.0
564.398,0.0,90252.0,5067.0,56.0,219.154,7637408389.0
564.498,0.0,90252.0,5067.0,59.0,251.316,7637474397.0
564.598,100.0,90252.0,5067.0,61.0,334.826,7637611078.0
564.697,100.0,90252.0,5067.0,63.0,383.665,7637679249.0
564.798,100.0,90252.0,5067.0,65.0,440.339,7637747738.0
564.898,91.0,90252.0,5067.0,65.0,491.311,7637810779.0
564.998,100.0,90252.0,5067.0,67.0,603.403,7637948101.0
565.098,100.0,90252.0,5067.0,67.0,603.403,7637948101.0
565.198,100.0,90252.0,5067.0,67.0,656.713,7638015439.0
565.298,100.0,90252.0,5067.0,67.0,679.022,7638085348.0
565.398,100.0,90252.0,5067.0,67.0,676.224,7638147827.0
565.498,92.0,90252.0,5067.0,68.0,674.402,7638147827.0
565.598,92.0,90252.0,5067.0,68.0,675.103,7638216688.0
565.698,100.0,90252.0,5067.0,69.0,674.257,7638352756.0
565.798,100.0,90252.0,5067.0,69.0,674.257,7638352756.0
565.898,100.0,90252.0,5067.0,69.0,676.818,7638421422.0
565.998,100.0,90252.0,5067.0,68.0,674.2,7638485794.0
566.098,100.0,90252.0,5067.0,69.0,675.477,7638553614.0
566.198,100.0,90252.0,5067.0,70.0,679.946,7638624679.0
566.298,100.0,90252.0,5067.0,69.0,679.298,7638694269.0
566.398,100.0,90252.0,5067.0,69.0,679.038,7638762725.0
566.498,92.0,90252.0,5067.0,69.0,680.063,7638827303.0
566.598,92.0,90252.0,5067.0,70.0,680.251,7638894874.0
566.698,100.0,90252.0,5067.0,70.0,683.051,7638964147.0
566.798,100.0,90252.0,5067.0,70.0,680.725,7639101054.0
566.898,100.0,90252.0,5067.0,70.0,684.105,7639169535.0
566.998,100.0,90252.0,5067.0,69.0,671.651,7639230163.0
567.098,94.0,90252.0,5067.0,66.0,652.544,7639276124.0
567.198,94.0,90252.0,5067.0,65.0,619.877,7639314533.0
567.298,94.0,90252.0,5067.0,65.0,594.958,7639358730.0
567.398,94.0,90252.0,5067.0,64.0,574.456,7639400689.0
567.498,93.0,90252.0,5067.0,63.0,550.271,7639442445.0
567.598,93.0,90252.0,5067.0,63.0,530.813,7639494185.0
567.698,93.0,90252.0,5067.0,63.0,530.813,7639535470.0
567.798,94.0,90252.0,5067.0,63.0,507.213,7639535470.0
567.898,94.0,90252.0,5067.0,63.0,474.728,7639571848.0
567.998,92.0,90252.0,5067.0,62.0,429.715,7639660303.0
568.097,92.0,90252.0,5067.0,62.0,429.715,7639660303.0
568.198,94.0,90252.0,5067.0,62.0,430.281,7639705523.0
568.298,94.0,90252.0,5067.0,62.0,434.837,7639748368.0
568.398,94.0,90252.0,5067.0,62.0,430.148,7639790459.0
568.498,94.0,90252.0,5067.0,62.0,439.568,7639839931.0
568.598,92.0,90252.0,5067.0,62.0,442.736,7639883580.0
568.698,94.0,90252.0,5067.0,61.0,433.496,7639968348.0
568.798,94.0,90252.0,5067.0,61.0,433.496,7639968348.0
568.898,94.0,90252.0,5067.0,62.0,447.858,7640056745.0
568.998,94.0,90252.0,5067.0,61.0,450.538,7640107906.0
569.098,94.0,90252.0,5067.0,61.0,452.642,7640157473.0
569.198,94.0,90252.0,5067.0,61.0,447.921,7640195941.0
569.298,94.0,90252.0,5067.0,61.0,459.154,7640246378.0
569.398,94.0,90252.0,5067.0,61.0,455.522,7640297870.0
569.498,92.0,90252.0,5067.0,61.0,457.693,7640340314.0
569.598,94.0,90252.0,5067.0,61.0,457.227,7640426907.0
569.698,94.0,90252.0,5067.0,61.0,457.227,7640426907.0
569.798,94.0,90252.0,5067.0,61.0,457.227,7640476822.0
569.898,94.0,90252.0,5067.0,61.0,459.846,7640476822.0
569.998,93.0,90252.0,5067.0,61.0,455.85,7640514250.0
570.098,93.0,90252.0,5067.0,61.0,443.964,7640555373.0
570.198,93.0,90252.0,5067.0,61.0,430.903,7640591846.0
570.298,93.0,90252.0,5067.0,61.0,442.866,7640640226.0
570.398,94.0,90252.0,5067.0,61.0,424.47,7640675635.0
570.498,94.0,90252.0,5067.0,61.0,426.122,7640716994.0
570.598,93.0,90252.0,5067.0,61.0,426.617,7640767150.0
570.698,93.0,90252.0,5067.0,61.0,422.589,7640806216.0
570.798,94.0,90252.0,5067.0,61.0,417.071,7640845100.0
570.898,94.0,90252.0,5067.0,61.0,412.72,7640891708.0
570.998,92.0,90252.0,5067.0,61.0,424.349,7640936380.0
571.098,92.0,90252.0,5067.0,61.0,429.94,7640987979.0
571.198,94.0,90252.0,5067.0,61.0,440.035,7641075725.0
571.298,94.0,90252.0,5067.0,61.0,434.574,7641122332.0
571.398,94.0,90252.0,5067.0,61.0,443.237,7641161359.0
571.498,94.0,90252.0,5067.0,60.0,433.06,7641205215.0
571.598,94.0,90252.0,5067.0,61.0,433.01,7641242318.0
571.698,94.0,90252.0,5067.0,61.0,436.155,7641281922.0
571.798,94.0,90252.0,5067.0,60.0,429.265,7641326467.0
571.898,91.0,90252.0,5067.0,61.0,425.235,7641364937.0
571.998,94.0,90252.0,5067.0,60.0,412.296,7641447109.0
572.098,94.0,90252.0,5067.0,60.0,412.296,7641447109.0
572.198,94.0,90252.0,5067.0,60.0,412.296,7641492046.0
572.298,94.0,90252.0,5067.0,60.0,413.595,7641492046.0
572.398,93.0,90252.0,5067.0,61.0,408.593,7641531244.0
572.498,93.0,90252.0,5067.0,60.0,413.679,7641576055.0
572.598,94.0,90252.0,5067.0,61.0,415.499,7641620915.0
572.698,94.0,90252.0,5067.0,61.0,421.315,7641664498.0
572.798,94.0,90252.0,5067.0,60.0,434.113,7641757327.0
572.898,94.0,90252.0,5067.0,60.0,434.113,7641757327.0
572.998,92.0,90252.0,5067.0,60.0,435.622,7641802247.0
573.098,92.0,90252.0,5067.0,60.0,442.054,7641850165.0
573.198,91.0,90252.0,5067.0,60.0,446.975,7641892613.0
573.298,91.0,90252.0,5067.0,60.0,443.907,7641936214.0
573.398,89.0,90252.0,5067.0,60.0,442.847,7641972878.0
573.498,91.0,90252.0,5067.0,60.0,433.319,7642053406.0
573.598,91.0,90252.0,5067.0,60.0,433.319,7642053406.0
573.698,91.0,90252.0,5067.0,60.0,434.562,7642136310.0
573.798,90.0,90252.0,5067.0,60.0,426.996,7642176045.0
573.898,90.0,90252.0,5067.0,60.0,416.391,7642214023.0
573.998,91.0,90252.0,5067.0,60.0,406.716,7642256428.0
574.098,91.0,90252.0,5067.0,60.0,401.218,7642294384.0
574.198,91.0,90252.0,5067.0,60.0,399.402,7642332395.0
574.298,89.0,90252.0,5067.0,60.0,401.924,7642375644.0
574.398,89.0,90252.0,5067.0,60.0,410.792,7642420664.0
574.498,91.0,90252.0,5067.0,60.0,407.656,7642461968.0
574.598,91.0,90252.0,5067.0,60.0,407.656,7642500519.0
574.698,91.0,90252.0,5067.0,60.0,403.84,7642500519.0
574.798,89.0,90252.0,5067.0,60.0,405.26,7642543026.0
574.898,91.0,90252.0,5067.0,60.0,403.202,7642620460.0
574.998,91.0,90252.0,5067.0,60.0,403.202,7642620460.0
575.098,91.0,90252.0,5067.0,60.0,398.011,7642657513.0
575.198,91.0,90252.0,5067.0,60.0,399.495,7642694901.0
575.298,91.0,90252.0,5067.0,59.0,399.815,7642735268.0
575.398,91.0,90252.0,5067.0,60.0,404.595,7642779414.0
575.498,91.0,90252.0,5067.0,60.0,398.607,7642821855.0
575.598,90.0,90252.0,5067.0,59.0,394.739,7642860588.0
575.698,89.0,90252.0,5067.0,59.0,394.568,7642941518.0
575.798,89.0,90252.0,5067.0,59.0,394.568,7642941518.0
575.898,89.0,90252.0,5067.0,59.0,394.6,7642977933.0
575.998,88.0,90252.0,5067.0,59.0,393.477,7643055257.0
576.098,88.0,90252.0,5067.0,59.0,396.043,7643092356.0
576.198,87.0,90252.0,5067.0,59.0,393.378,7643123762.0
576.298,87.0,90252.0,5067.0,59.0,387.852,7643167850.0
576.398,88.0,90252.0,5067.0,59.0,386.478,7643213346.0
576.498,88.0,90252.0,5067.0,59.0,397.36,7643296580.0
576.598,88.0,90252.0,5067.0,59.0,397.36,7643296580.0
576.698,86.0,90252.0,5067.0,59.0,391.607,7643331757.0
576.798,86.0,90252.0,5067.0,59.0,400.06,7643381460.0
576.898,85.0,90252.0,5067.0,58.0,389.856,7643407846.0
576.998,85.0,90252.0,5067.0,58.0,394.121,7643449308.0
577.098,85.0,90252.0,5067.0,58.0,394.121,7643449308.0
577.198,85.0,90252.0,5067.0,58.0,397.065,7643526173.0
577.298,85.0,90252.0,5067.0,58.0,397.065,7643526173.0
577.398,83.0,90252.0,5067.0,58.0,394.504,7643563251.0
577.498,83.0,90252.0,5067.0,58.0,380.217,7643597374.0
577.598,84.0,90252.0,5067.0,58.0,372.631,7643628840.0
577.698,84.0,90252.0,5067.0,58.0,361.855,7643659979.0
577.798,84.0,90252.0,5067.0,58.0,353.066,7643685832.0
577.898,84.0,90252.0,5067.0,57.0,354.055,7643730808.0
577.998,83.0,90252.0,5067.0,57.0,362.875,7643770145.0
578.098,83.0,90252.0,5067.0,57.0,361.761,7643811834.0
578.198,81.0,90252.0,5067.0,57.0,363.925,7643851512.0
578.298,81.0,90252.0,5067.0,57.0,356.121,7643883587.0
578.398,79.0,90252.0,5067.0,57.0,345.836,7643912854.0
578.498,79.0,90252.0,5067.0,56.0,344.341,7643971135.0
578.598,78.0,90252.0,5067.0,56.0,341.266,7644002499.0
578.698,78.0,90252.0,5067.0,56.0,341.658,7644038023.0
578.798,80.0,90252.0,5067.0,56.0,347.768,7644062873.0
578.898,80.0,90252.0,5067.0,56.0,329.259,7644097777.0
578.998,79.0,90252.0,5067.0,56.0,324.451,7644125070.0
579.097,79.0,90252.0,5067.0,56.0,311.53,7644152793.0
579.198,78.0,90252.0,5067.0,56.0,297.505,7644181207.0
579.298,78.0,90252.0,5067.0,56.0,297.596,7644210724.0
579.398,79.0,90252.0,5067.0,55.0,300.804,7644239298.0
579.498,79.0,90252.0,5067.0,55.0,300.804,7644239298.0
579.598,79.0,90252.0,5067.0,55.0,310.271,7644280102.0
579.698,79.0,90252.0,5067.0,55.0,301.619,7644305879.0
579.798,78.0,90252.0,5067.0,55.0,302.545,7644339428.0
579.897,78.0,90252.0,5067.0,55.0,299.908,7644363323.0
579.998,70.0,90252.0,5067.0,54.0,292.583,7644392838.0
580.098,70.0,90252.0,5067.0,53.0,282.348,7644410712.0
580.198,0.0,90252.0,5067.0,52.0,265.847,7644423818.0
580.298,0.0,90252.0,5067.0,51.0,251.461,7644436790.0
580.398,0.0,90252.0,5067.0,51.0,237.609,7644449762.0
580.498,0.0,90252.0,5067.0,50.0,219.822,7644462679.0
580.598,58.0,90252.0,5067.0,50.0,215.564,7644492860.0
580.698,58.0,90252.0,5067.0,57.0,255.354,7644549094.0
580.798,100.0,90252.0,5067.0,63.0,335.274,7644754698.0
580.898,100.0,90252.0,5067.0,63.0,335.274,7644754698.0
580.998,100.0,90252.0,5067.0,64.0,374.528,7644822812.0
581.098,100.0,90252.0,5067.0,64.0,420.575,7644882549.0
581.198,86.0,90252.0,5067.0,66.0,472.643,7644950944.0
581.298,86.0,90252.0,5067.0,66.0,539.848,7645019945.0
581.398,100.0,90252.0,5067.0,66.0,584.675,7645089529.0
581.498,100.0,90252.0,5067.0,67.0,640.98,7645160221.0
581.598,100.0,90252.0,5067.0,68.0,678.574,7645225685.0
581.698,100.0,90252.0,5067.0,68.0,678.574,7645225685.0
581.798,100.0,90252.0,5067.0,67.0,677.867,7645296850.0
581.898,100.0,90252.0,5067.0,68.0,675.908,7645364382.0
581.998,100.0,90252.0,5067.0,69.0,679.037,7645432529.0
582.098,100.0,90252.0,5067.0,69.0,677.001,7645500142.0
582.198,92.0,90252.0,5067.0,68.0,678.861,7645567798.0
582.298,100.0,90252.0,5067.0,69.0,680.588,7645700359.0
582.398,100.0,90252.0,5067.0,69.0,680.588,7645700359.0
582.498,100.0,90252.0,5067.0,69.0,679.885,7645767985.0
582.598,100.0,90252.0,5067.0,69.0,677.964,7645836928.0
582.698,100.0,90252.0,5067.0,69.0,678.511,7645906320.0
582.798,92.0,90252.0,5067.0,67.0,676.615,7646041325.0
582.898,92.0,90252.0,5067.0,70.0,677.564,7646109802.0
582.998,100.0,90252.0,5067.0,70.0,678.279,7646178667.0
583.098,100.0,90252.0,5067.0,70.0,686.817,7646311835.0
583.198,100.0,90252.0,5067.0,70.0,686.817,7646311835.0
583.298,100.0,90252.0,5067.0,70.0,678.332,7646363629.0
583.398,91.0,90252.0,5067.0,67.0,624.361,7646403477.0
583.498,94.0,90252.0,5067.0,65.0,603.548,7646447167.0
583.598,94.0,90252.0,5067.0,64.0,583.48,7646497027.0
583.698,94.0,90252.0,5067.0,64.0,583.48,7646544769.0
583.798,94.0,90252.0,5067.0,63.0,541.233,7646593919.0
583.898,94.0,90252.0,5067.0,63.0,541.233,7646593919.0
583.998,94.0,90252.0,5067.0,63.0,525.974,7646640677.0
584.098,94.0,90252.0,5067.0,63.0,501.672,7646692940.0
584.198,94.0,90252.0,5067.0,63.0,480.556,7646734630.0
584.298,94.0,90252.0,5067.0,62.0,456.454,7646776262.0
584.398,92.0,90252.0,5067.0,62.0,452.625,7646857866.0
584.498,92.0,90252.0,5067.0,62.0,452.625,7646857866.0
584.598,94.0,90252.0,5067.0,62.0,443.332,7646897965.0
584.698,94.0,90252.0,5067.0,62.0,438.339,7646937387.0
584.798,94.0,90252.0,5067.0,62.0,435.926,7646983188.0
584.905,94.0,90252.0,5067.0,62.0,416.021,7647101115.0
584.998,94.0,90252.0,5067.0,62.0,416.021,7647101115.0
585.098,94.0,90252.0,5067.0,62.0,410.192,7647136739.0
585.198,94.0,90252.0,5067.0,61.0,404.988,7647219283.0
585.298,94.0,90252.0,5067.0,61.0,404.988,7647219283.0
585.398,92.0,90252.0,5067.0,61.0,406.106,7647259879.0
585.498,92.0,90252.0,5067.0,62.0,407.117,7647304433.0
585.598,94.0,90252.0,5067.0,61.0,407.093,7647346659.0
585.698,92.0,90252.0,5067.0,61.0,409.404,7647390044.0
585.798,92.0,90252.0,5067.0,61.0,419.713,7647439531.0
585.898,94.0,90252.0,5067.0,61.0,420.601,7647480761.0
585.998,94.0,90252.0,5067.0,61.0,420.601,7647480761.0
586.098,94.0,90252.0,5067.0,61.0,426.957,7647527502.0
586.198,94.0,90252.0,5067.0,61.0,427.947,7647567664.0
586.298,94.0,90252.0,5067.0,61.0,424.721,7647605716.0
586.398,94.0,90252.0,5067.0,61.0,435.917,7647653039.0
586.498,94.0,90252.0,5067.0,61.0,438.538,7647701726.0
586.598,94.0,90252.0,5067.0,61.0,444.997,7647744996.0
586.698,92.0,90252.0,5067.0,61.0,443.353,7647835326.0
586.798,92.0,90252.0,5067.0,61.0,443.353,7647835326.0
586.898,92.0,90252.0,5067.0,61.0,438.676,7647876612.0
586.998,94.0,90252.0,5067.0,61.0,443.956,7647922390.0
587.098,94.0,90252.0,5067.0,61.0,442.376,7647972045.0
587.198,92.0,90252.0,5067.0,61.0,450.969,7648018255.0
587.298,92.0,90252.0,5067.0,61.0,457.327,7648060360.0
587.398,94.0,90252.0,5067.0,61.0,447.571,7648141960.0
587.498,94.0,90252.0,5067.0,61.0,442.922,7648233766.0
587.598,94.0,90252.0,5067.0,61.0,442.922,7648233766.0
587.698,94.0,90252.0,5067.0,61.0,445.598,7648272359.0
587.798,94.0,90252.0,5067.0,61.0,438.367,7648311900.0
587.898,94.0,90252.0,5067.0,61.0,436.208,7648353170.0
587.998,94.0,90252.0,5067.0,61.0,430.69,7648399808.0
588.098,94.0,90252.0,5067.0,61.0,427.838,7648439033.0
588.198,92.0,90252.0,5067.0,61.0,418.374,7648523655.0
588.298,92.0,90252.0,5067.0,61.0,418.374,7648523655.0
588.398,92.0,90252.0,5067.0,61.0,418.374,7648568877.0
588.498,94.0,90252.0,5067.0,61.0,426.842,7648568877.0
588.598,94.0,90252.0,5067.0,61.0,423.519,7648612060.0
588.698,94.0,90252.0,5067.0,61.0,429.623,7648657498.0
588.798,94.0,90252.0,5067.0,61.0,430.408,7648700047.0
588.898,95.0,90252.0,5067.0,61.0,425.32,7648778502.0
588.998,95.0,90252.0,5067.0,61.0,425.32,7648778502.0
589.098,95.0,90252.0,5067.0,61.0,419.695,7648819325.0
589.197,92.0,90252.0,5067.0,61.0,415.677,7648857399.0
589.298,92.0,90252.0,5067.0,60.0,414.924,7648898525.0
589.398,94.0,90252.0,5067.0,61.0,411.366,7648939862.0
589.498,94.0,90252.0,5067.0,61.0,413.543,7648978293.0
589.598,92.0,90252.0,5067.0,60.0,411.744,7649019995.0
589.698,92.0,90252.0,5067.0,60.0,397.793,7649064648.0
589.798,94.0,90252.0,5067.0,60.0,406.291,7649145962.0
589.898,94.0,90252.0,5067.0,60.0,405.059,7649182573.0
589.998,94.0,90252.0,5067.0,60.0,410.677,7649229612.0
590.098,94.0,90252.0,5067.0,60.0,409.379,7649265286.0
590.198,94.0,90252.0,5067.0,60.0,408.257,7649310333.0
590.298,94.0,90252.0,5067.0,60.0,418.908,7649352337.0
590.398,91.0,90252.0,5067.0,60.0,414.77,7649390765.0
590.498,91.0,90252.0,5067.0,60.0,412.994,7649434120.0
590.598,89.0,90252.0,5067.0,60.0,418.949,7649478965.0
590.698,89.0,90252.0,5067.0,60.0,418.811,7649519070.0
590.798,91.0,90252.0,5067.0,60.0,415.064,7649561548.0
590.898,91.0,90252.0,5067.0,60.0,416.893,7649605378.0
590.998,91.0,90252.0,5067.0,60.0,417.456,7649605378.0
591.098,90.0,90252.0,5067.0,60.0,425.631,7649689555.0
591.198,90.0,90252.0,5067.0,60.0,425.631,7649689555.0
591.298,90.0,90252.0,5067.0,60.0,413.392,7649731170.0
591.398,91.0,90252.0,5067.0,60.0,421.003,7649772208.0
591.498,91.0,90252.0,5067.0,60.0,425.957,7649817947.0
591.598,89.0,90252.0,5067.0,60.0,419.358,7649858771.0
591.698,89.0,90252.0,5067.0,59.0,418.587,7649897150.0
591.798,91.0,90252.0,5067.0,59.0,418.642,7649937817.0
591.898,91.0,90252.0,5067.0,59.0,423.453,7649984278.0
591.998,86.0,90252.0,5067.0,59.0,428.569,7650033449.0
592.098,86.0,90252.0,5067.0,59.0,424.869,7650073962.0
592.198,88.0,90252.0,5067.0,59.0,436.877,7650120182.0
592.298,88.0,90252.0,5067.0,59.0,442.054,7650210785.0
592.398,88.0,90252.0,5067.0,59.0,439.399,7650252326.0
592.498,88.0,90252.0,5067.0,59.0,436.956,7650295497.0
592.598,85.0,90252.0,5067.0,59.0,437.73,7650338994.0
592.698,85.0,90252.0,5067.0,58.0,444.197,7650382128.0
592.798,88.0,90252.0,5067.0,59.0,434.473,7650405414.0
592.898,88.0,90252.0,5067.0,58.0,412.596,7650441420.0
592.998,84.0,90252.0,5067.0,58.0,406.578,7650483338.0
593.098,84.0,90252.0,5067.0,58.0,408.269,7650523860.0
593.198,84.0,90252.0,5067.0,58.0,396.705,7650602718.0
593.298,84.0,90252.0,5067.0,58.0,396.705,7650602718.0
593.398,84.0,90252.0,5067.0,58.0,390.929,7650602718.0
593.498,84.0,90252.0,5067.0,58.0,369.541,7650631545.0
593.598,82.0,90252.0,5067.0,57.0,357.608,7650663508.0
593.698,82.0,90252.0,5067.0,57.0,347.082,7650693855.0
593.798,79.0,90252.0,5067.0,57.0,342.575,7650719911.0
593.898,79.0,90252.0,5067.0,57.0,356.66,7650756528.0
593.998,80.0,90252.0,5067.0,57.0,346.546,7650793090.0
594.098,80.0,90252.0,5067.0,56.0,343.386,7650826265.0
594.198,80.0,90252.0,5067.0,56.0,333.287,7650855285.0
594.298,80.0,90252.0,5067.0,56.0,326.64,7650895931.0
594.398,79.0,90252.0,5067.0,56.0,317.919,7650926732.0
594.498,79.0,90252.0,5067.0,56.0,329.125,7650957566.0
594.598,80.0,90252.0,5067.0,56.0,327.176,7650989573.0
594.698,80.0,90252.0,5067.0,56.0,323.989,7651078908.0
594.798,80.0,90252.0,5067.0,56.0,323.989,7651078908.0
594.898,80.0,90252.0,5067.0,56.0,319.076,7651112218.0
594.998,78.0,90252.0,5067.0,56.0,324.91,7651147028.0
595.098,78.0,90252.0,5067.0,56.0,321.864,7651182456.0
595.198,80.0,90252.0,5067.0,56.0,322.126,7651216606.0
595.298,80.0,90252.0,5067.0,56.0,324.857,7651252544.0
595.398,80.0,90252.0,5067.0,56.0,329.495,7651322820.0
595.498,80.0,90252.0,5067.0,56.0,329.495,7651322820.0
595.598,78.0,90252.0,5067.0,56.0,332.72,7651352385.0
595.698,78.0,90252.0,5067.0,55.0,338.923,7651388564.0
595.798,78.0,90252.0,5067.0,55.0,338.923,7651388564.0
595.898,79.0,90252.0,5067.0,55.0,339.709,7651417275.0
595.998,79.0,90252.0,5067.0,55.0,334.795,7651447974.0
596.098,79.0,90252.0,5067.0,55.0,329.128,7651476312.0
596.198,68.0,90252.0,5067.0,55.0,321.039,7651508833.0
596.298,68.0,90252.0,5067.0,52.0,305.655,7651531786.0
596.398,0.0,90252.0,5067.0,52.0,279.879,7651545565.0
596.498,0.0,90252.0,5067.0,51.0,257.042,7651558697.0
596.598,0.0,90252.0,5067.0,51.0,238.557,7651571635.0
596.698,0.0,90252.0,5067.0,50.0,217.474,7651584644.0
596.798,35.0,90252.0,5067.0,55.0,232.942,7651603179.0
596.898,35.0,90252.0,5067.0,55.0,272.736,7651729310.0
596.998,100.0,90252.0,5067.0,63.0,308.981,7651797896.0
597.098,100.0,90252.0,5067.0,63.0,343.382,7651866370.0
597.198,100.0,90252.0,5067.0,65.0,386.507,7651934905.0
597.298,100.0,90252.0,5067.0,65.0,438.115,7651995757.0
597.398,88.0,90252.0,5067.0,66.0,473.662,7652063471.0
597.498,88.0,90252.0,5067.0,66.0,540.714,7652132844.0
597.598,88.0,90252.0,5067.0,66.0,540.714,7652132844.0
597.698,100.0,90252.0,5067.0,67.0,650.304,7652269684.0
597.798,100.0,90252.0,5067.0,67.0,650.304,7652269684.0
597.898,100.0,90252.0,5067.0,67.0,669.505,7652338437.0
597.998,100.0,90252.0,5067.0,68.0,670.715,7652403782.0
598.098,100.0,90252.0,5067.0,68.0,669.904,7652470907.0
598.198,100.0,90252.0,5067.0,69.0,665.546,7652605398.0
598.298,100.0,90252.0,5067.0,69.0,665.546,7652605398.0
598.398,100.0,90252.0,5067.0,68.0,672.083,7652672487.0
598.497,100.0,90252.0,5067.0,69.0,672.434,7652739709.0
598.598,100.0,90252.0,5067.0,70.0,673.977,7652807851.0
598.698,100.0,90252.0,5067.0,70.0,672.098,7652876191.0
598.798,100.0,90252.0,5067.0,69.0,671.344,7652945340.0
598.898,100.0,90252.0,5067.0,69.0,674.463,7653077498.0
598.998,90.0,90252.0,5067.0,70.0,674.581,7653216255.0
599.098,90.0,90252.0,5067.0,70.0,674.581,7653216255.0
599.198,100.0,90252.0,5067.0,70.0,677.031,7653285967.0
599.298,100.0,90252.0,5067.0,70.0,679.199,7653353427.0
599.398,100.0,90252.0,5067.0,70.0,680.969,7653419078.0
599.498,100.0,90252.0,5067.0,67.0,666.711,7653465755.0
599.598,94.0,90252.0,5067.0,66.0,643.402,7653508652.0
599.698,94.0,90252.0,5067.0,65.0,617.007,7653550198.0
599.797,93.0,90252.0,5067.0,64.0,594.437,7653550198.0
599.898,93.0,90252.0,5067.0,64.0,572.117,7653599661.0
599.998,94.0,90252.0,5067.0,64.0,552.904,7653643308.0
600.098,94.0,90252.0,5067.0,63.0,531.714,7653690994.0
600.198,94.0,90252.0,5067.0,63.0,507.504,7653738036.0
600.298,94.0,90252.0,5067.0,63.0,490.394,7653779862.0
600.398,92.0,90252.0,5067.0,63.0,461.446,7653831862.0
600.498,92.0,90252.0,5067.0,63.0,461.446,7653831862.0
600.598,92.0,90252.0,5067.0,63.0,461.446,7653831862.0
600.698,92.0,90252.0,5067.0,63.0,461.446,7653831862.0
600.798,92.0,90252.0,5067.0,62.0,476.041,7654071943.0
600.898,92.0,90252.0,5067.0,62.0,476.041,7654071943.0
600.998,94.0,90252.0,5067.0,62.0,471.05,7654155318.0
601.098,94.0,90252.0,5067.0,62.0,471.05,7654193222.0
601.198,94.0,90252.0,5067.0,62.0,458.411,7654193222.0
601.298,94.0,90252.0,5067.0,62.0,458.411,7654193222.0
601.398,94.0,90252.0,5067.0,62.0,458.411,7654325771.0
601.498,92.0,90252.0,5067.0,61.0,444.676,7654325771.0
601.598,92.0,90252.0,5067.0,61.0,444.676,7654406496.0
601.698,94.0,90252.0,5067.0,61.0,428.287,7654406496.0
601.798,92.0,90252.0,5067.0,61.0,418.003,7654448890.0
601.898,94.0,90252.0,5067.0,61.0,432.445,7654540704.0
601.998,94.0,90252.0,5067.0,61.0,432.445,7654540704.0
602.098,94.0,90252.0,5067.0,61.0,440.667,7654594906.0
602.198,94.0,90252.0,5067.0,61.0,439.975,7654680730.0
602.298,94.0,90252.0,5067.0,61.0,435.354,7654721922.0
602.398,94.0,90252.0,5067.0,61.0,435.354,7654764608.0
602.498,93.0,90252.0,5067.0,61.0,437.037,7654764608.0
602.598,93.0,90252.0,5067.0,61.0,436.013,7654799776.0
602.698,93.0,90252.0,5067.0,61.0,436.013,7654799776.0
602.798,91.0,90252.0,5067.0,61.0,445.619,7654890339.0
602.898,91.0,90252.0,5067.0,61.0,442.639,7654937907.0
602.998,94.0,90252.0,5067.0,61.0,428.505,7654977412.0
603.098,94.0,90252.0,5067.0,61.0,426.247,7655018695.0
603.198,92.0,90252.0,5067.0,61.0,428.442,7655109452.0
603.298,92.0,90252.0,5067.0,61.0,430.281,7655152580.0
603.398,94.0,90252.0,5067.0,61.0,436.916,7655204046.0
603.498,94.0,90252.0,5067.0,61.0,438.426,7655245160.0
603.598,94.0,90252.0,5067.0,61.0,451.887,7655291776.0
603.698,94.0,90252.0,5067.0,61.0,448.411,7655338860.0
603.798,95.0,90252.0,5067.0,61.0,445.54,7655384290.0
603.898,95.0,90252.0,5067.0,61.0,446.223,7655428205.0
603.998,94.0,90252.0,5067.0,61.0,446.259,7655466720.0
604.098,92.0,90252.0,5067.0,61.0,430.017,7655546045.0
604.198,92.0,90252.0,5067.0,61.0,430.017,7655546045.0
604.298,92.0,90252.0,5067.0,61.0,436.802,7655546045.0
604.398,95.0,90252.0,5067.0,61.0,431.414,7655587149.0
604.498,95.0,90252.0,5067.0,61.0,433.124,7655631588.0
604.598,92.0,90252.0,5067.0,61.0,421.023,7655679330.0
604.698,94.0,90252.0,5067.0,61.0,413.922,7655755530.0
604.798,94.0,90252.0,5067.0,61.0,413.922,7655755530.0
604.898,94.0,90252.0,5067.0,61.0,415.098,7655801646.0
604.998,94.0,90252.0,5067.0,61.0,419.459,7655847997.0
605.098,94.0,90252.0,5067.0,61.0,424.613,7655892086.0
605.198,94.0,90252.0,5067.0,61.0,427.907,7655933076.0
605.298,94.0,90252.0,5067.0,61.0,424.932,7655973002.0
605.398,94.0,90252.0,5067.0,61.0,422.706,7656012591.0
605.498,94.0,90252.0,5067.0,61.0,417.571,7656052443.0
605.598,93.0,90252.0,5067.0,61.0,425.082,7656143992.0
605.698,93.0,90252.0,5067.0,61.0,430.323,7656189796.0
605.798,94.0,90252.0,5067.0,61.0,436.824,7656230400.0
605.898,94.0,90252.0,5067.0,61.0,424.809,7656263339.0
605.998,94.0,90252.0,5067.0,60.0,417.455,7656311274.0
606.098,94.0,90252.0,5067.0,60.0,425.508,7656360133.0
606.198,94.0,90252.0,5067.0,61.0,426.079,7656397836.0
606.298,94.0,90252.0,5067.0,60.0,423.015,7656440802.0
606.398,94.0,90252.0,5067.0,60.0,436.771,7656527550.0
606.498,94.0,90252.0,5067.0,60.0,436.771,7656527550.0
606.598,92.0,90252.0,5067.0,60.0,424.695,7656563692.0
606.697,92.0,90252.0,5067.0,60.0,424.695,7656563692.0
606.797,92.0,90252.0,5067.0,60.0,415.259,7656600171.0
606.898,91.0,90252.0,5067.0,60.0,410.275,7656644840.0
606.998,91.0,90252.0,5067.0,60.0,418.391,7656690060.0
607.098,89.0,90252.0,5067.0,60.0,416.747,7656730649.0
607.198,91.0,90252.0,5067.0,60.0,419.889,7656775713.0
607.298,91.0,90252.0,5067.0,60.0,422.179,7656821556.0
607.398,91.0,90252.0,5067.0,60.0,410.617,7656858495.0
607.498,91.0,90252.0,5067.0,60.0,415.954,7656900839.0
607.597,91.0,90252.0,5067.0,60.0,416.444,7656942076.0
607.698,91.0,90252.0,5067.0,60.0,423.046,7656981465.0
607.798,91.0,90252.0,5067.0,60.0,420.755,7657023631.0
607.898,89.0,90252.0,5067.0,60.0,406.199,7657136590.0
607.998,89.0,90252.0,5067.0,60.0,406.199,7657136590.0
608.098,89.0,90252.0,5067.0,59.0,407.209,7657183634.0
608.198,88.0,90252.0,5067.0,59.0,408.222,7657227391.0
608.298,88.0,90252.0,5067.0,60.0,414.645,7657272385.0
608.398,88.0,90252.0,5067.0,59.0,414.805,7657308862.0
608.498,88.0,90252.0,5067.0,59.0,394.217,7657332146.0
608.598,87.0,90252.0,5067.0,59.0,382.27,7657362097.0
608.697,87.0,90252.0,5067.0,59.0,380.353,7657406368.0
608.797,88.0,90252.0,5067.0,59.0,389.905,7657453882.0
608.898,88.0,90252.0,5067.0,59.0,403.354,7657505461.0
608.998,88.0,90252.0,5067.0,59.0,403.354,7657543005.0
609.098,88.0,90252.0,5067.0,58.0,404.989,7657543005.0
609.198,88.0,90252.0,5067.0,59.0,405.923,7657585057.0
609.298,85.0,90252.0,5067.0,59.0,400.07,7657629670.0
609.398,85.0,90252.0,5067.0,58.0,384.919,7657698551.0
609.498,85.0,90252.0,5067.0,58.0,384.919,7657698551.0
609.598,85.0,90252.0,5067.0,58.0,398.429,7657737956.0
609.698,83.0,90252.0,5067.0,58.0,395.272,7657769791.0
609.798,85.0,90252.0,5067.0,58.0,391.115,7657796934.0
609.898,85.0,90252.0,5067.0,58.0,376.493,7657835198.0
609.998,84.0,90252.0,5067.0,58.0,374.264,7657880031.0
610.098,84.0,90252.0,5067.0,58.0,376.759,7657918114.0
610.198,83.0,90252.0,5067.0,57.0,378.031,7657965684.0
610.298,83.0,90252.0,5067.0,58.0,373.495,7657998605.0
610.398,84.0,90252.0,5067.0,57.0,378.403,7658037633.0
610.498,84.0,90252.0,5067.0,57.0,376.949,7658111948.0
610.598,84.0,90252.0,5067.0,57.0,369.269,7658139924.0
610.698,84.0,90252.0,5067.0,57.0,378.419,7658172430.0
610.798,79.0,90252.0,5067.0,57.0,366.44,7658204949.0
610.908,80.0,90252.0,5067.0,57.0,351.47,7658262493.0
611.002,80.0,90252.0,5067.0,56.0,337.889,7658292227.0
611.098,80.0,90252.0,5067.0,56.0,337.889,7658292227.0
611.198,80.0,90252.0,5067.0,56.0,322.009,7658324685.0
611.298,80.0,90252.0,5067.0,56.0,325.721,7658359245.0
611.398,79.0,90252.0,5067.0,56.0,323.253,7658389059.0
611.498,79.0,90252.0,5067.0,56.0,316.709,7658424141.0
611.598,79.0,90252.0,5067.0,56.0,316.709,7658424141.0
611.698,79.0,90252.0,5067.0,56.0,311.708,7658456008.0
611.798,80.0,90252.0,5067.0,56.0,317.253,7658484883.0
611.898,80.0,90252.0,5067.0,56.0,315.206,7658519514.0
611.998,79.0,90252.0,5067.0,56.0,313.585,7658549341.0
612.098,79.0,90252.0,5067.0,56.0,312.242,7658577608.0
612.198,78.0,90252.0,5067.0,56.0,324.626,7658609647.0
612.297,78.0,90252.0,5067.0,55.0,317.736,7658648447.0
612.398,73.0,90252.0,5067.0,54.0,309.202,7658674812.0
612.498,73.0,90252.0,5067.0,53.0,296.389,7658695430.0
612.598,0.0,90252.0,5067.0,52.0,274.584,7658710526.0
612.698,0.0,90252.0,5067.0,51.0,261.06,7658723552.0
612.798,0.0,90252.0,5067.0,51.0,237.602,7658736570.0
612.898,0.0,90252.0,5067.0,50.0,220.898,7658749550.0
612.998,12.0,90252.0,5067.0,60.0,253.427,7658874070.0
613.098,12.0,90252.0,5067.0,60.0,253.427,7658874070.0
613.198,100.0,90252.0,5067.0,62.0,284.669,7658943888.0
613.298,100.0,90252.0,5067.0,63.0,322.474,7659012284.0
613.398,100.0,90252.0,5067.0,64.0,363.73,7659080684.0
613.498,88.0,90252.0,5067.0,65.0,469.602,7659211303.0
613.598,88.0,90252.0,5067.0,65.0,469.602,7659211303.0
613.698,88.0,90252.0,5067.0,66.0,524.422,7659281053.0
613.798,100.0,90252.0,5067.0,66.0,580.698,7659417632.0
613.898,100.0,90252.0,5067.0,66.0,580.698,7659417632.0
613.998,100.0,90252.0,5067.0,67.0,636.929,7659417632.0
614.098,100.0,90252.0,5067.0,68.0,667.342,7659485181.0
614.198,100.0,90252.0,5067.0,67.0,675.312,7659546654.0
614.298,96.0,90252.0,5067.0,68.0,673.529,7659613822.0
614.398,96.0,90252.0,5067.0,69.0,671.984,7659681552.0
614.498,100.0,90252.0,5067.0,69.0,670.588,7659817391.0
614.598,100.0,90252.0,5067.0,69.0,670.588,7659817391.0
614.698,100.0,90252.0,5067.0,66.0,671.715,7659882538.0
614.798,100.0,90252.0,5067.0,69.0,673.32,7659950157.0
614.898,100.0,90252.0,5067.0,70.0,673.819,7660020104.0
614.998,100.0,90252.0,5067.0,70.0,676.763,7660090312.0
615.097,100.0,90252.0,5067.0,70.0,675.41,7660160545.0
615.198,91.0,90252.0,5067.0,69.0,674.995,7660220758.0
615.298,100.0,90252.0,5067.0,70.0,675.953,7660427374.0
615.398,100.0,90252.0,5067.0,70.0,675.953,7660427374.0
615.498,100.0,90252.0,5067.0,70.0,676.697,7660495444.0
615.598,100.0,90252.0,5067.0,70.0,681.137,7660565287.0
615.698,100.0,90252.0,5067.0,70.0,681.839,7660632750.0
615.798,100.0,90252.0,5067.0,68.0,668.04,7660685699.0
615.898,100.0,90252.0,5067.0,66.0,640.019,7660724928.0
615.998,100.0,90252.0,5067.0,66.0,640.019,7660766238.0
616.098,92.0,90252.0,5067.0,65.0,617.883,7660766238.0
616.198,92.0,90252.0,5067.0,64.0,590.844,7660811510.0
616.298,93.0,90252.0,5067.0,64.0,570.787,7660855286.0
616.398,93.0,90252.0,5067.0,64.0,550.853,7660902263.0
616.498,93.0,90252.0,5067.0,63.0,530.431,7660950418.0
616.598,91.0,90252.0,5067.0,63.0,479.643,7661036209.0
616.698,91.0,90252.0,5067.0,63.0,479.643,7661036209.0
616.798,91.0,90252.0,5067.0,62.0,462.259,7661084649.0
616.898,94.0,90252.0,5067.0,62.0,445.637,7661129174.0
616.998,94.0,90252.0,5067.0,62.0,445.443,7661173082.0
617.098,93.0,90252.0,5067.0,62.0,449.871,7661215137.0
617.198,93.0,90252.0,5067.0,62.0,450.45,7661261108.0
617.298,94.0,90252.0,5067.0,62.0,451.689,7661304745.0
617.398,94.0,90252.0,5067.0,62.0,453.383,7661399893.0
617.498,93.0,90252.0,5067.0,61.0,451.687,7661440563.0
617.598,93.0,90252.0,5067.0,62.0,450.691,7661478025.0
617.698,94.0,90252.0,5067.0,62.0,443.345,7661525386.0
617.798,94.0,90252.0,5067.0,62.0,441.29,7661565457.0
617.898,94.0,90252.0,5067.0,62.0,435.799,7661612320.0
617.998,94.0,90252.0,5067.0,62.0,439.425,7661652152.0
618.098,92.0,90252.0,5067.0,62.0,436.067,7661699591.0
618.198,92.0,90252.0,5067.0,61.0,436.997,7661740018.0
618.298,94.0,90252.0,5067.0,61.0,435.858,7661776084.0
618.398,94.0,90252.0,5067.0,62.0,421.633,7661822961.0
618.498,91.0,90252.0,5067.0,62.0,421.235,7661871240.0
618.598,91.0,90252.0,5067.0,61.0,429.005,7661871240.0
618.698,93.0,90252.0,5067.0,61.0,442.39,7661969160.0
618.798,93.0,90252.0,5067.0,61.0,442.39,7661969160.0
618.898,94.0,90252.0,5067.0,61.0,450.473,7662018051.0
618.998,94.0,90252.0,5067.0,61.0,450.778,7662063288.0
619.097,94.0,90252.0,5067.0,61.0,452.136,7662107169.0
619.198,94.0,90252.0,5067.0,61.0,451.342,7662151423.0
619.298,94.0,90252.0,5067.0,61.0,451.874,7662191351.0
619.398,92.0,90252.0,5067.0,61.0,468.202,7662290794.0
619.498,92.0,90252.0,5067.0,61.0,468.202,7662290794.0
619.598,94.0,90252.0,5067.0,61.0,458.76,7662338621.0
619.698,94.0,90252.0,5067.0,61.0,453.822,7662378351.0
619.797,92.0,90252.0,5067.0,61.0,447.6,7662421501.0
619.898,92.0,90252.0,5067.0,61.0,449.245,7662507229.0
619.998,94.0,90252.0,5067.0,61.0,442.247,7662549678.0
620.098,94.0,90252.0,5067.0,61.0,443.108,7662590692.0
620.198,94.0,90252.0,5067.0,61.0,450.702,7662638480.0
620.298,94.0,90252.0,5067.0,61.0,440.154,7662681738.0
620.398,94.0,90252.0,5067.0,61.0,442.98,7662730651.0
620.498,94.0,90252.0,5067.0,61.0,441.629,7662772819.0
620.598,94.0,90252.0,5067.0,61.0,443.378,7662818516.0
620.698,94.0,90252.0,5067.0,61.0,436.568,7662857314.0
620.798,92.0,90252.0,5067.0,61.0,439.13,7662899979.0
620.898,92.0,90252.0,5067.0,61.0,443.517,7662950013.0
620.998,94.0,90252.0,5067.0,61.0,440.569,7662989970.0
621.097,94.0,90252.0,5067.0,61.0,440.569,7662989970.0
621.198,94.0,90252.0,5067.0,61.0,435.908,7663025970.0
621.297,91.0,90252.0,5067.0,61.0,429.929,7663067149.0
621.398,91.0,90252.0,5067.0,61.0,431.988,7663111007.0
621.497,94.0,90252.0,5067.0,61.0,431.079,7663160458.0
621.598,92.0,90252.0,5067.0,61.0,435.546,7663250010.0
621.698,92.0,90252.0,5067.0,61.0,435.546,7663250010.0
621.798,92.0,90252.0,5067.0,61.0,433.679,7663288448.0
621.898,94.0,90252.0,5067.0,61.0,430.802,7663324672.0
621.998,94.0,90252.0,5067.0,61.0,418.18,7663362793.0
622.097,93.0,90252.0,5067.0,61.0,418.485,7663404115.0
622.198,93.0,90252.0,5067.0,61.0,428.686,7663452676.0
622.297,93.0,90252.0,5067.0,61.0,426.548,7663491992.0
622.398,93.0,90252.0,5067.0,61.0,423.945,7663533639.0
622.498,93.0,90252.0,5067.0,61.0,424.609,7663626832.0
622.598,89.0,90252.0,5067.0,61.0,420.558,7663670964.0
622.698,89.0,90252.0,5067.0,60.0,429.569,7663717941.0
622.798,92.0,90252.0,5067.0,60.0,440.912,7663768508.0
622.898,92.0,90252.0,5067.0,61.0,441.518,7663810181.0
622.998,90.0,90252.0,5067.0,60.0,441.723,7663848236.0
623.098,90.0,90252.0,5067.0,60.0,433.165,7663887405.0
623.197,91.0,90252.0,5067.0,60.0,433.141,7663929902.0
623.298,91.0,90252.0,5067.0,60.0,436.737,7663971338.0
623.397,91.0,90252.0,5067.0,60.0,425.814,7664009570.0
623.498,91.0,90252.0,5067.0,60.0,425.814,7664049813.0
623.598,91.0,90252.0,5067.0,60.0,419.92,7664049813.0
623.698,90.0,90252.0,5067.0,60.0,418.66,7664090275.0
623.798,90.0,90252.0,5067.0,60.0,412.618,7664129716.0
623.898,91.0,90252.0,5067.0,60.0,399.118,7664169826.0
623.998,91.0,90252.0,5067.0,60.0,399.572,7664209988.0
624.098,87.0,90252.0,5067.0,60.0,402.16,7664248281.0
624.198,87.0,90252.0,5067.0,60.0,397.02,7664285836.0
624.298,89.0,90252.0,5067.0,60.0,393.511,7664318594.0
624.398,89.0,90252.0,5067.0,60.0,380.727,7664356579.0
624.498,88.0,90252.0,5067.0,59.0,393.047,7664401914.0
624.598,86.0,90252.0,5067.0,60.0,376.107,7664426867.0
624.697,86.0,90252.0,5067.0,59.0,383.735,7664466763.0
624.798,88.0,90252.0,5067.0,59.0,380.876,7664550352.0
624.898,88.0,90252.0,5067.0,59.0,380.876,7664550352.0
624.998,88.0,90252.0,5067.0,59.0,367.609,7664619650.0
625.098,88.0,90252.0,5067.0,59.0,375.626,7664659570.0
625.198,86.0,90252.0,5067.0,59.0,380.015,7664702311.0
625.298,86.0,90252.0,5067.0,59.0,384.572,7664738352.0
625.398,88.0,90252.0,5067.0,59.0,373.542,7664776994.0
625.498,87.0,90252.0,5067.0,59.0,398.183,7664866369.0
625.598,87.0,90252.0,5067.0,59.0,398.183,7664866369.0
625.698,87.0,90252.0,5067.0,59.0,386.935,7664898786.0
625.797,88.0,90252.0,5067.0,59.0,378.158,7664929770.0
625.898,88.0,90252.0,5067.0,59.0,383.696,7664976051.0
625.998,88.0,90252.0,5067.0,59.0,383.696,7665014995.0
626.098,87.0,90252.0,5067.0,59.0,396.603,7665014995.0
626.198,87.0,90252.0,5067.0,59.0,396.892,7665057295.0
626.298,84.0,90252.0,5067.0,58.0,398.66,7665099790.0
626.398,84.0,90252.0,5067.0,58.0,395.957,7665136322.0
626.498,85.0,90252.0,5067.0,58.0,403.453,7665179513.0
626.598,85.0,90252.0,5067.0,58.0,394.545,7665212814.0
626.698,85.0,90252.0,5067.0,58.0,377.915,7665237157.0
626.798,85.0,90252.0,5067.0,58.0,363.021,7665267679.0
626.898,83.0,90252.0,5067.0,58.0,381.418,7665310695.0
626.998,83.0,90252.0,5067.0,58.0,376.099,7665351381.0
627.098,84.0,90252.0,5067.0,58.0,376.542,7665390490.0
627.198,84.0,90252.0,5067.0,58.0,365.697,7665421602.0
627.298,85.0,90252.0,5067.0,58.0,345.793,7665450980.0
627.398,83.0,90252.0,5067.0,58.0,348.907,7665525894.0
627.498,83.0,90252.0,5067.0,58.0,350.158,7665562623.0
627.598,85.0,90252.0,5067.0,58.0,353.977,7665590597.0
627.698,85.0,90252.0,5067.0,57.0,366.402,7665630858.0
627.798,85.0,90252.0,5067.0,57.0,352.51,7665660739.0
627.898,82.0,90252.0,5067.0,57.0,342.971,7665689670.0
627.998,81.0,90252.0,5067.0,57.0,334.415,7665723564.0
628.098,81.0,90252.0,5067.0,57.0,336.687,7665758339.0
628.198,81.0,90252.0,5067.0,57.0,336.687,7665793386.0
628.298,80.0,90252.0,5067.0,56.0,345.954,7665830900.0
628.398,80.0,90252.0,5067.0,56.0,334.482,7665857741.0
628.498,79.0,90252.0,5067.0,56.0,327.471,7665889786.0
628.598,78.0,90252.0,5067.0,56.0,320.554,7665889786.0
628.698,78.0,90252.0,5067.0,55.0,303.388,7665913671.0
628.797,66.0,90252.0,5067.0,53.0,289.443,7665932749.0
628.898,66.0,90252.0,5067.0,52.0,270.714,7665947475.0
628.998,0.0,90252.0,5067.0,52.0,251.733,7665960518.0
629.098,0.0,90252.0,5067.0,51.0,209.488,7665986579.0
629.198,0.0,90252.0,5067.0,51.0,209.488,7665986579.0
629.298,0.0,90252.0,5067.0,51.0,209.488,7665999523.0
629.398,0.0,90252.0,5067.0,57.0,215.871,7666049149.0
629.498,85.0,90252.0,5067.0,61.0,257.306,7666118921.0
629.598,100.0,90252.0,5067.0,62.0,333.826,7666186739.0
629.698,100.0,90252.0,5067.0,63.0,390.594,7666254559.0
629.798,100.0,90252.0,5067.0,65.0,483.994,7666452957.0
629.898,100.0,90252.0,5067.0,65.0,483.994,7666452957.0
629.998,100.0,90252.0,5067.0,66.0,540.597,7666522102.0
630.098,100.0,90252.0,5067.0,67.0,597.489,7666592390.0
630.198,100.0,90252.0,5067.0,67.0,650.52,7666658670.0
630.298,100.0,90252.0,5067.0,67.0,671.275,7666727960.0
630.398,100.0,90252.0,5067.0,67.0,675.662,7666795464.0
630.498,100.0,90252.0,5067.0,68.0,678.919,7666864294.0
630.598,100.0,90252.0,5067.0,68.0,678.592,7667002326.0
630.698,100.0,90252.0,5067.0,68.0,678.592,7667002326.0
630.798,100.0,90252.0,5067.0,69.0,678.632,7667002326.0
630.898,100.0,90252.0,5067.0,69.0,676.849,7667068346.0
630.998,100.0,90252.0,5067.0,69.0,678.475,7667130326.0
631.098,90.0,90252.0,5067.0,69.0,676.041,7667198116.0
631.198,90.0,90252.0,5067.0,69.0,677.251,7667268971.0
631.298,100.0,90252.0,5067.0,70.0,680.228,7667406901.0
631.398,100.0,90252.0,5067.0,70.0,680.228,7667406901.0
631.497,100.0,90252.0,5067.0,70.0,679.671,7667472330.0
631.598,100.0,90252.0,5067.0,70.0,675.423,7667539837.0
631.698,100.0,90252.0,5067.0,70.0,675.367,7667608241.0
631.798,100.0,90252.0,5067.0,70.0,674.913,7667676384.0
631.898,94.0,90252.0,5067.0,67.0,631.885,7667828456.0
631.998,94.0,90252.0,5067.0,67.0,631.885,7667828456.0
632.098,94.0,90252.0,5067.0,65.0,603.288,7667870474.0
632.198,94.0,90252.0,5067.0,64.0,575.077,7667911117.0
632.298,94.0,90252.0,5067.0,64.0,542.955,7667951509.0
632.398,94.0,90252.0,5067.0,63.0,522.582,7667994557.0
632.498,94.0,90252.0,5067.0,63.0,494.766,7668036435.0
632.598,92.0,90252.0,5067.0,63.0,475.128,7668081481.0
632.698,94.0,90252.0,5067.0,62.0,427.14,7668169260.0
632.798,94.0,90252.0,5067.0,62.0,427.14,7668169260.0
632.898,94.0,90252.0,5067.0,62.0,427.14,7668212383.0
632.998,94.0,90252.0,5067.0,62.0,421.475,7668212383.0
633.098,94.0,90252.0,5067.0,62.0,431.087,7668262737.0
633.198,94.0,90252.0,5067.0,62.0,435.992,7668307792.0
633.298,94.0,90252.0,5067.0,62.0,437.012,7668349045.0
633.398,94.0,90252.0,5067.0,62.0,434.963,7668387433.0
633.498,94.0,90252.0,5067.0,62.0,440.839,7668479260.0
633.598,94.0,90252.0,5067.0,62.0,440.839,7668479260.0
633.698,92.0,90252.0,5067.0,62.0,435.865,7668518371.0
633.798,92.0,90252.0,5067.0,62.0,432.176,7668559285.0
633.898,94.0,90252.0,5067.0,62.0,437.17,7668605459.0
633.998,94.0,90252.0,5067.0,62.0,433.248,7668646345.0
634.098,94.0,90252.0,5067.0,61.0,432.476,7668696975.0
634.198,94.0,90252.0,5067.0,61.0,430.422,7668738612.0
634.298,94.0,90252.0,5067.0,61.0,420.367,7668859230.0
634.398,94.0,90252.0,5067.0,61.0,420.367,7668859230.0
634.498,94.0,90252.0,5067.0,61.0,419.659,7668899311.0
634.598,92.0,90252.0,5067.0,61.0,428.845,7668947334.0
634.698,92.0,90252.0,5067.0,61.0,425.938,7668985400.0
634.798,94.0,90252.0,5067.0,61.0,427.92,7669033790.0
634.898,94.0,90252.0,5067.0,61.0,424.048,7669070882.0
634.998,92.0,90252.0,5067.0,61.0,414.261,7669110760.0
635.098,92.0,90252.0,5067.0,61.0,412.73,7669152172.0
635.198,94.0,90252.0,5067.0,61.0,413.218,7669189464.0
635.298,94.0,90252.0,5067.0,61.0,413.218,7669235825.0
635.398,94.0,90252.0,5067.0,61.0,413.441,7669235825.0
635.498,94.0,90252.0,5067.0,61.0,421.987,7669281131.0
635.598,94.0,90252.0,5067.0,61.0,417.174,7669317706.0
635.698,92.0,90252.0,5067.0,61.0,410.667,7669397475.0
635.798,92.0,90252.0,5067.0,61.0,410.667,7669397475.0
635.898,94.0,90252.0,5067.0,61.0,401.43,7669435985.0
635.998,94.0,90252.0,5067.0,61.0,407.901,7669481387.0
636.098,93.0,90252.0,5067.0,61.0,406.954,7669519254.0
636.198,93.0,90252.0,5067.0,61.0,415.38,7669569363.0
636.298,94.0,90252.0,5067.0,61.0,423.711,7669614625.0
636.398,94.0,90252.0,5067.0,61.0,422.176,7669660364.0
636.498,94.0,90252.0,5067.0,61.0,419.59,7669702663.0
636.598,94.0,90252.0,5067.0,61.0,429.184,7669747987.0
636.698,94.0,90252.0,5067.0,61.0,432.067,7669832882.0
636.798,95.0,90252.0,5067.0,61.0,438.932,7669872930.0
636.898,95.0,90252.0,5067.0,61.0,436.53,7669919486.0
636.998,94.0,90252.0,5067.0,61.0,436.417,7669957136.0
637.098,94.0,90252.0,5067.0,61.0,438.711,7670006770.0
637.198,92.0,90252.0,5067.0,61.0,446.624,7670059718.0
637.298,92.0,90252.0,5067.0,61.0,444.021,7670102169.0
637.398,94.0,90252.0,5067.0,60.0,438.31,7670139556.0
637.498,94.0,90252.0,5067.0,61.0,433.615,7670182541.0
637.598,92.0,90252.0,5067.0,61.0,426.401,7670218510.0
637.698,92.0,90252.0,5067.0,61.0,426.401,7670260768.0
637.798,92.0,90252.0,5067.0,61.0,427.984,7670260768.0
637.898,94.0,90252.0,5067.0,60.0,426.023,7670297142.0
637.998,94.0,90252.0,5067.0,60.0,426.249,7670345099.0
638.098,93.0,90252.0,5067.0,61.0,433.102,7670390005.0
638.198,93.0,90252.0,5067.0,60.0,424.134,7670428483.0
638.298,90.0,90252.0,5067.0,60.0,421.821,7670478252.0
638.398,90.0,90252.0,5067.0,61.0,415.0,7670517506.0
638.498,91.0,90252.0,5067.0,60.0,417.237,7670558272.0
638.598,88.0,90252.0,5067.0,60.0,419.034,7670639666.0
638.698,88.0,90252.0,5067.0,60.0,419.034,7670639666.0
638.798,88.0,90252.0,5067.0,60.0,413.074,7670675908.0
638.898,91.0,90252.0,5067.0,60.0,414.38,7670712255.0
638.998,91.0,90252.0,5067.0,60.0,411.265,7670756660.0
639.098,90.0,90252.0,5067.0,60.0,404.951,7670796255.0
639.198,90.0,90252.0,5067.0,60.0,405.668,7670880268.0
639.298,91.0,90252.0,5067.0,60.0,400.019,7670920609.0
639.398,88.0,90252.0,5067.0,59.0,405.236,7671004033.0
639.498,88.0,90252.0,5067.0,59.0,405.236,7671004033.0
639.598,86.0,90252.0,5067.0,59.0,401.815,7671043732.0
639.698,86.0,90252.0,5067.0,60.0,411.632,7671085951.0
639.798,88.0,90252.0,5067.0,59.0,409.736,7671126413.0
639.898,88.0,90252.0,5067.0,59.0,392.946,7671155083.0
639.998,88.0,90252.0,5067.0,59.0,386.576,7671180659.0
640.098,88.0,90252.0,5067.0,59.0,385.173,7671225104.0
640.198,88.0,90252.0,5067.0,59.0,385.173,7671260726.0
640.298,86.0,90252.0,5067.0,59.0,377.66,7671260726.0
640.398,86.0,90252.0,5067.0,59.0,366.511,7671289929.0
640.498,88.0,90252.0,5067.0,59.0,359.223,7671321481.0
640.598,88.0,90252.0,5067.0,59.0,354.798,7671356944.0
640.698,88.0,90252.0,5067.0,59.0,349.905,7671391814.0
640.798,88.0,90252.0,5067.0,59.0,342.006,7671428134.0
640.898,85.0,90252.0,5067.0,59.0,330.697,7671458363.0
640.998,85.0,90252.0,5067.0,59.0,339.679,7671492308.0
641.098,85.0,90252.0,5067.0,58.0,340.623,7671526372.0
641.198,85.0,90252.0,5067.0,58.0,336.949,7671557760.0
641.298,85.0,90252.0,5067.0,58.0,337.459,7671597735.0
641.398,85.0,90252.0,5067.0,58.0,331.835,7671624078.0
641.498,83.0,90252.0,5067.0,58.0,325.249,7671722961.0
641.598,83.0,90252.0,5067.0,58.0,325.249,7671722961.0
641.698,84.0,90252.0,5067.0,58.0,334.21,7671761257.0
641.798,84.0,90252.0,5067.0,58.0,334.647,7671798228.0
641.898,84.0,90252.0,5067.0,58.0,339.861,7671831695.0
641.998,84.0,90252.0,5067.0,57.0,341.176,7671869035.0
642.098,83.0,90252.0,5067.0,58.0,347.53,7671907011.0
642.198,84.0,90252.0,5067.0,57.0,339.454,7671939578.0
642.298,80.0,90252.0,5067.0,57.0,358.563,7672009906.0
642.398,80.0,90252.0,5067.0,57.0,358.563,7672009906.0
642.498,80.0,90252.0,5067.0,57.0,371.651,7672051428.0
642.598,78.0,90252.0,5067.0,56.0,360.825,7672086333.0
642.698,78.0,90252.0,5067.0,56.0,357.936,7672117709.0
642.798,80.0,90252.0,5067.0,56.0,356.815,7672117709.0
642.898,80.0,90252.0,5067.0,56.0,351.086,7672151309.0
642.998,79.0,90252.0,5067.0,56.0,340.546,7672184165.0
643.098,79.0,90252.0,5067.0,56.0,334.481,7672211184.0
643.198,78.0,90252.0,5067.0,56.0,332.069,7672245323.0
643.298,78.0,90252.0,5067.0,56.0,334.877,7672272725.0
643.398,79.0,90252.0,5067.0,56.0,330.96,7672309079.0
643.498,79.0,90252.0,5067.0,56.0,325.013,7672341330.0
643.598,79.0,90252.0,5067.0,56.0,323.242,7672376063.0
643.698,79.0,90252.0,5067.0,56.0,328.259,7672408277.0
643.798,78.0,90252.0,5067.0,56.0,327.895,7672474899.0
643.898,78.0,90252.0,5067.0,56.0,327.895,7672474899.0
643.998,79.0,90252.0,5067.0,55.0,336.392,7672545838.0
644.098,79.0,90252.0,5067.0,55.0,334.506,7672579130.0
644.197,79.0,90252.0,5067.0,55.0,339.956,7672609874.0
644.298,79.0,90252.0,5067.0,55.0,337.753,7672645894.0
644.398,74.0,90252.0,5067.0,55.0,329.575,7672671281.0
644.498,74.0,90252.0,5067.0,55.0,323.362,7672702052.0
644.597,75.0,90252.0,5067.0,55.0,321.934,7672730708.0
644.698,75.0,90252.0,5067.0,54.0,308.077,7672757071.0
644.797,20.0,90252.0,5067.0,53.0,295.239,7672774459.0
644.898,20.0,90252.0,5067.0,52.0,271.349,7672787524.0
644.998,0.0,90252.0,5067.0,51.0,250.057,7672800534.0
645.098,0.0,90252.0,5067.0,51.0,250.057,7672800534.0
645.198,32.0,90252.0,5067.0,50.0,222.075,7672830425.0
645.298,32.0,90252.0,5067.0,50.0,222.075,7672830425.0
645.398,32.0,90252.0,5067.0,56.0,249.133,7672885429.0
645.498,100.0,90252.0,5067.0,61.0,293.416,7672953866.0
645.598,100.0,90252.0,5067.0,62.0,331.957,7673021546.0
645.698,100.0,90252.0,5067.0,63.0,369.044,7673090882.0
645.798,100.0,90252.0,5067.0,65.0,416.013,7673158808.0
645.898,91.0,90252.0,5067.0,65.0,462.667,7673222838.0
645.998,91.0,90252.0,5067.0,66.0,519.337,7673293455.0
646.098,100.0,90252.0,5067.0,67.0,567.038,7673361703.0
646.198,100.0,90252.0,5067.0,67.0,623.513,7673498233.0
646.298,100.0,90252.0,5067.0,67.0,669.6,7673561052.0
646.398,100.0,90252.0,5067.0,68.0,675.131,7673628204.0
646.498,100.0,90252.0,5067.0,68.0,675.498,7673696894.0
646.598,100.0,90252.0,5067.0,68.0,676.516,7673765935.0
646.698,100.0,90252.0,5067.0,69.0,672.74,7673900346.0
646.798,100.0,90252.0,5067.0,69.0,672.74,7673900346.0
646.898,93.0,90252.0,5067.0,70.0,676.249,7673967628.0
646.998,93.0,90252.0,5067.0,68.0,674.392,7674036115.0
647.098,100.0,90252.0,5067.0,70.0,674.009,7674105394.0
647.198,100.0,90252.0,5067.0,69.0,675.305,7674105394.0
647.298,100.0,90252.0,5067.0,69.0,675.282,7674172472.0
647.398,85.0,90252.0,5067.0,66.0,655.448,7674286596.0
647.498,85.0,90252.0,5067.0,66.0,655.448,7674286596.0
647.598,85.0,90252.0,5067.0,65.0,618.91,7674324683.0
647.698,87.0,90252.0,5067.0,63.0,594.415,7674360582.0
647.798,87.0,90252.0,5067.0,63.0,565.715,7674399789.0
647.898,87.0,90252.0,5067.0,62.0,541.88,7674441412.0
647.998,87.0,90252.0,5067.0,62.0,522.579,7674526644.0
648.098,85.0,90252.0,5067.0,61.0,443.582,7674596368.0
648.198,85.0,90252.0,5067.0,61.0,443.582,7674596368.0
648.298,87.0,90252.0,5067.0,61.0,404.386,7674644045.0
648.398,87.0,90252.0,5067.0,61.0,403.7,7674691588.0
648.498,87.0,90252.0,5067.0,60.0,395.856,7674722218.0
648.598,86.0,90252.0,5067.0,60.0,398.902,7674759319.0
648.698,86.0,90252.0,5067.0,60.0,402.025,7674801766.0
648.798,87.0,90252.0,5067.0,60.0,406.537,7674890425.0
648.898,87.0,90252.0,5067.0,60.0,406.537,7674890425.0
648.998,87.0,90252.0,5067.0,60.0,397.474,7674890425.0
649.098,85.0,90252.0,5067.0,60.0,397.144,7674920519.0
649.198,85.0,90252.0,5067.0,60.0,410.42,7674964425.0
649.298,87.0,90252.0,5067.0,60.0,417.155,7675011236.0
649.398,87.0,90252.0,5067.0,60.0,402.744,7675050872.0
649.498,87.0,90252.0,5067.0,60.0,381.504,7675074004.0
649.598,87.0,90252.0,5067.0,60.0,390.33,7675109542.0
649.698,85.0,90252.0,5067.0,60.0,394.703,7675153301.0
649.798,85.0,90252.0,5067.0,60.0,377.854,7675182356.0
649.898,87.0,90252.0,5067.0,59.0,368.385,7675217111.0
649.998,87.0,90252.0,5067.0,59.0,356.233,7675247255.0
650.098,88.0,90252.0,5067.0,60.0,353.704,7675275072.0
650.198,88.0,90252.0,5067.0,59.0,347.718,7675313316.0
650.298,86.0,90252.0,5067.0,59.0,349.193,7675397029.0
650.398,87.0,90252.0,5067.0,59.0,358.891,7675473343.0
650.498,87.0,90252.0,5067.0,59.0,358.891,7675473343.0
650.598,87.0,90252.0,5067.0,59.0,364.797,7675504139.0
650.698,86.0,90252.0,5067.0,59.0,349.332,7675550288.0
650.798,86.0,90252.0,5067.0,59.0,368.442,7675577004.0
650.898,88.0,90252.0,5067.0,59.0,355.89,7675599827.0
650.998,88.0,90252.0,5067.0,59.0,350.186,7675636755.0
651.098,88.0,90252.0,5067.0,59.0,364.253,7675680131.0
651.198,88.0,90252.0,5067.0,59.0,363.452,7675714713.0
651.298,86.0,90252.0,5067.0,59.0,351.29,7675746983.0
651.398,86.0,90252.0,5067.0,59.0,349.247,7675746983.0
651.498,88.0,90252.0,5067.0,59.0,350.59,7675783326.0
651.598,88.0,90252.0,5067.0,59.0,349.421,7675826177.0
651.698,88.0,90252.0,5067.0,59.0,351.189,7675854033.0
651.798,87.0,90252.0,5067.0,59.0,351.296,7675930157.0
651.898,87.0,90252.0,5067.0,59.0,351.296,7675930157.0
651.998,87.0,90252.0,5067.0,59.0,370.455,7675965928.0
652.098,88.0,90252.0,5067.0,59.0,365.52,7676006948.0
652.197,88.0,90252.0,5067.0,59.0,358.333,7676036067.0
652.298,86.0,90252.0,5067.0,59.0,364.528,7676079998.0
652.398,86.0,90252.0,5067.0,59.0,375.334,7676119206.0
652.498,88.0,90252.0,5067.0,59.0,368.986,7676154421.0
652.597,88.0,90252.0,5067.0,59.0,372.489,7676195464.0
652.698,88.0,90252.0,5067.0,59.0,376.781,7676227715.0
652.798,88.0,90252.0,5067.0,59.0,376.196,7676308848.0
652.898,86.0,90252.0,5067.0,59.0,383.917,7676350477.0
652.998,86.0,90252.0,5067.0,59.0,387.513,7676394137.0
653.098,88.0,90252.0,5067.0,59.0,388.932,7676432738.0
653.198,88.0,90252.0,5067.0,59.0,399.049,7676472647.0
653.298,88.0,90252.0,5067.0,59.0,397.216,7676520778.0
653.398,88.0,90252.0,5067.0,59.0,417.698,7676568702.0
653.498,86.0,90252.0,5067.0,59.0,422.028,7676615004.0
653.598,87.0,90252.0,5067.0,59.0,413.811,7676648471.0
653.698,87.0,90252.0,5067.0,59.0,402.809,7676676474.0
653.798,87.0,90252.0,5067.0,59.0,389.1,7676704012.0
653.898,87.0,90252.0,5067.0,59.0,389.1,7676704012.0
653.998,87.0,90252.0,5067.0,59.0,374.177,7676727669.0
654.098,85.0,90252.0,5067.0,59.0,366.641,7676759004.0
654.198,85.0,90252.0,5067.0,59.0,372.552,7676803139.0
654.298,87.0,90252.0,5067.0,58.0,376.942,7676849543.0
654.398,87.0,90252.0,5067.0,58.0,372.737,7676891059.0
654.498,87.0,90252.0,5067.0,58.0,364.01,7676932748.0
654.598,87.0,90252.0,5067.0,58.0,358.298,7676974644.0
654.698,84.0,90252.0,5067.0,58.0,370.46,7677011061.0
654.798,85.0,90252.0,5067.0,58.0,392.134,7677087831.0
654.898,85.0,90252.0,5067.0,58.0,392.134,7677087831.0
654.998,85.0,90252.0,5067.0,58.0,406.058,7677129941.0
655.098,85.0,90252.0,5067.0,58.0,413.798,7677174610.0
655.198,85.0,90252.0,5067.0,58.0,404.99,7677206864.0
655.298,84.0,90252.0,5067.0,58.0,395.155,7677275606.0
655.398,84.0,90252.0,5067.0,58.0,382.225,7677316087.0
655.498,85.0,90252.0,5067.0,58.0,383.61,7677394015.0
655.598,85.0,90252.0,5067.0,58.0,383.61,7677394015.0
655.698,85.0,90252.0,5067.0,58.0,376.453,7677426397.0
655.798,85.0,90252.0,5067.0,58.0,365.681,7677467876.0
655.898,83.0,90252.0,5067.0,58.0,378.205,7677502905.0
655.998,83.0,90252.0,5067.0,58.0,372.513,7677532699.0
656.098,85.0,90252.0,5067.0,58.0,348.797,7677561648.0
656.198,84.0,90252.0,5067.0,58.0,348.262,7677595299.0
656.298,84.0,90252.0,5067.0,58.0,345.015,7677623216.0
656.398,84.0,90252.0,5067.0,58.0,345.015,7677623216.0
656.498,83.0,90252.0,5067.0,58.0,348.065,7677660541.0
656.598,83.0,90252.0,5067.0,58.0,333.116,7677695910.0
656.698,84.0,90252.0,5067.0,57.0,338.917,7677726434.0
656.798,84.0,90252.0,5067.0,58.0,345.5,7677768952.0
656.898,84.0,90252.0,5067.0,58.0,340.728,7677809016.0
656.998,84.0,90252.0,5067.0,57.0,326.918,7677835942.0
657.098,79.0,90252.0,5067.0,57.0,320.519,7677884618.0
657.198,79.0,90252.0,5067.0,57.0,320.519,7677884618.0
657.298,79.0,90252.0,5067.0,57.0,311.842,7677910240.0
657.398,79.0,90252.0,5067.0,56.0,319.963,7677946748.0
657.498,79.0,90252.0,5067.0,56.0,312.566,7677973058.0
657.598,79.0,90252.0,5067.0,56.0,322.708,7678010501.0
657.698,79.0,90252.0,5067.0,56.0,326.236,7678090989.0
657.798,79.0,90252.0,5067.0,56.0,313.761,7678127483.0
657.898,80.0,90252.0,5067.0,56.0,319.452,7678184993.0
657.998,80.0,90252.0,5067.0,56.0,319.452,7678184993.0
658.098,79.0,90252.0,5067.0,56.0,325.32,7678213325.0
658.198,79.0,90252.0,5067.0,56.0,325.972,7678245961.0
658.298,78.0,90252.0,5067.0,56.0,341.767,7678286099.0
658.398,78.0,90252.0,5067.0,56.0,339.017,7678314591.0
658.498,77.0,90252.0,5067.0,55.0,340.231,7678342892.0
658.598,76.0,90252.0,5067.0,55.0,317.374,7678377179.0
658.698,76.0,90252.0,5067.0,55.0,309.798,7678399993.0
658.798,75.0,90252.0,5067.0,55.0,293.945,7678429465.0
658.898,75.0,90252.0,5067.0,55.0,293.945,7678429465.0
658.998,75.0,90252.0,5067.0,55.0,304.35,7678455648.0
659.098,75.0,90252.0,5067.0,55.0,301.536,7678483982.0
659.198,75.0,90252.0,5067.0,55.0,302.344,7678516536.0
659.298,76.0,90252.0,5067.0,55.0,302.66,7678550456.0
659.398,76.0,90252.0,5067.0,55.0,291.577,7678578687.0
659.498,76.0,90252.0,5067.0,55.0,286.256,7678608870.0
659.598,76.0,90252.0,5067.0,55.0,288.918,7678634812.0
659.698,75.0,90252.0,5067.0,55.0,289.125,7678660770.0
659.798,75.0,90252.0,5067.0,55.0,287.676,7678691476.0
659.898,76.0,90252.0,5067.0,55.0,297.848,7678724144.0
659.998,76.0,90252.0,5067.0,55.0,297.637,7678754072.0
660.098,75.0,90252.0,5067.0,55.0,303.211,7678786409.0
660.198,75.0,90252.0,5067.0,54.0,288.088,7678808293.0
660.298,29.0,90252.0,5067.0,54.0,266.162,7678827353.0
660.397,29.0,90252.0,5067.0,52.0,254.311,7678853381.0
660.498,0.0,90252.0,5067.0,51.0,240.641,7678866341.0
660.598,0.0,90252.0,5067.0,51.0,228.473,7678879262.0
660.698,0.0,90252.0,5067.0,50.0,211.187,7678892155.0
660.798,0.0,90252.0,5067.0,50.0,197.37,7678905048.0
660.898,0.0,90252.0,5067.0,50.0,174.247,7678917889.0
660.998,0.0,90252.0,5067.0,50.0,157.878,7678930705.0
661.098,0.0,90252.0,5067.0,49.0,140.445,7678943524.0
661.198,0.0,90252.0,5067.0,49.0,133.494,7678956569.0
661.298,0.0,90252.0,5067.0,49.0,128.995,7678969102.0
661.398,0.0,90252.0,5067.0,49.0,128.744,7678981816.0
661.497,0.0,90252.0,5067.0,49.0,128.477,7678994560.0
661.598,0.0,90252.0,5067.0,49.0,127.96,7679007242.0
661.698,0.0,90252.0,5067.0,48.0,127.757,7679032608.0
661.798,0.0,90252.0,5067.0,48.0,127.757,7679032608.0
661.898,0.0,90252.0,5067.0,48.0,127.577,7679032608.0
661.998,0.0,90252.0,5067.0,48.0,127.399,7679045302.0
662.098,0.0,90252.0,5067.0,48.0,127.277,7679057971.0
662.198,0.0,90252.0,5067.0,48.0,127.125,7679070636.0
662.298,0.0,90252.0,5067.0,48.0,126.994,7679083312.0
662.398,0.0,90252.0,5067.0,48.0,126.939,7679096002.0
662.498,0.0,90252.0,5067.0,48.0,126.872,7679108636.0
662.598,0.0,90252.0,5067.0,48.0,126.818,7679121305.0
662.698,0.0,90252.0,5067.0,48.0,126.792,7679133938.0
662.798,0.0,90252.0,5067.0,48.0,126.738,7679146620.0
662.898,0.0,90252.0,5067.0,48.0,126.697,7679159231.0
662.998,0.0,90252.0,5067.0,48.0,126.655,7679171886.0
663.098,0.0,90252.0,5067.0,48.0,126.621,7679184533.0
663.198,0.0,90252.0,5067.0,48.0,126.605,7679197163.0
663.298,0.0,90252.0,5067.0,48.0,126.573,7679209813.0
663.398,0.0,90252.0,5067.0,48.0,126.537,7679222467.0
663.498,0.0,90252.0,5067.0,48.0,126.522,7679235109.0
663.598,0.0,90252.0,5067.0,48.0,126.517,7679260379.0
663.698,0.0,90252.0,5067.0,48.0,126.48,7679273011.0
663.798,0.0,90252.0,5067.0,48.0,126.441,7679285580.0
663.898,0.0,90252.0,5067.0,48.0,126.427,7679298211.0
663.998,0.0,90252.0,5067.0,48.0,126.403,7679310846.0
664.098,0.0,90252.0,5067.0,48.0,126.349,7679323422.0
664.198,0.0,90252.0,5067.0,48.0,126.294,7679336038.0
664.298,0.0,90252.0,5067.0,48.0,126.273,7679348652.0
664.398,0.0,90252.0,5067.0,48.0,126.215,7679361241.0
664.498,0.0,90252.0,5067.0,47.0,126.188,7679373860.0
664.598,0.0,90252.0,5067.0,47.0,126.166,7679386460.0
664.698,0.0,90252.0,5067.0,47.0,126.169,7679399081.0
664.797,0.0,90252.0,5067.0,47.0,126.111,7679411664.0
664.898,0.0,90252.0,5067.0,47.0,126.135,7679424285.0
664.998,0.0,90252.0,5067.0,47.0,126.135,7679436906.0
665.098,0.0,90252.0,5067.0,47.0,126.135,7679436906.0
665.198,0.0,90252.0,5067.0,47.0,126.183,7679449533.0
665.298,0.0,90252.0,5067.0,47.0,126.196,7679462142.0
665.398,0.0,90252.0,5067.0,47.0,126.208,7679474755.0
665.498,0.0,90252.0,5067.0,47.0,126.196,7679499983.0
665.597,0.0,90252.0,5067.0,47.0,126.196,7679499983.0
665.698,0.0,90252.0,5067.0,47.0,126.178,7679512556.0
665.798,0.0,90252.0,5067.0,47.0,126.188,7679525175.0
665.898,0.0,90252.0,5067.0,47.0,126.206,7679537765.0
665.998,0.0,90252.0,5067.0,47.0,126.174,7679550361.0
666.098,0.0,90252.0,5067.0,47.0,126.146,7679562982.0
666.198,0.0,90252.0,5067.0,47.0,126.123,7679575585.0
666.298,0.0,90252.0,5067.0,47.0,126.122,7679588169.0
666.398,0.0,90252.0,5067.0,47.0,126.116,7679600770.0
666.498,0.0,90252.0,5067.0,47.0,126.085,7679613368.0
666.598,0.0,90252.0,5067.0,47.0,126.096,7679638572.0
666.698,0.0,90252.0,5067.0,47.0,126.064,7679651151.0
666.798,0.0,90252.0,5067.0,47.0,126.037,7679663734.0
666.898,0.0,90252.0,5067.0,47.0,126.037,7679676326.0
666.998,0.0,90252.0,5067.0,47.0,126.032,7679688938.0
667.098,0.0,90252.0,5067.0,47.0,126.017,7679701548.0
667.198,0.0,90252.0,5067.0,47.0,126.049,7679714187.0
667.298,0.0,90252.0,5067.0,47.0,126.035,7679726753.0
667.398,0.0,90252.0,5067.0,47.0,126.006,7679739333.0
667.498,0.0,90252.0,5067.0,47.0,126.045,7679751938.0
667.598,0.0,90252.0,5067.0,47.0,125.996,7679777098.0
667.698,0.0,90252.0,5067.0,47.0,125.996,7679777098.0
667.798,0.0,90252.0,5067.0,47.0,126.01,7679789694.0
667.898,0.0,90252.0,5067.0,47.0,126.009,7679802261.0
667.998,0.0,90252.0,5067.0,47.0,125.955,7679814832.0
668.098,0.0,90252.0,5067.0,47.0,125.978,7679827442.0
668.198,0.0,90252.0,5067.0,47.0,125.948,7679827442.0
668.298,0.0,90252.0,5067.0,47.0,125.957,7679840040.0
668.398,0.0,90252.0,5067.0,47.0,125.951,7679852651.0
668.498,0.0,90252.0,5067.0,47.0,125.912,7679865225.0
668.598,0.0,90252.0,5067.0,47.0,125.923,7679877804.0
668.698,0.0,90252.0,5067.0,47.0,125.961,7679890389.0
668.798,0.0,90252.0,5067.0,47.0,125.96,7679903004.0
668.898,0.0,90252.0,5067.0,47.0,125.947,7679915589.0
668.998,0.0,90252.0,5067.0,47.0,125.952,7679928141.0
669.098,0.0,90252.0,5067.0,47.0,125.938,7679940718.0
669.198,0.0,90252.0,5067.0,47.0,125.885,7679965877.0
669.298,0.0,90252.0,5067.0,47.0,125.885,7679965877.0
669.398,0.0,90252.0,5067.0,47.0,125.886,7679978456.0
669.498,0.0,90252.0,5067.0,47.0,125.882,7679991041.0
669.598,0.0,90252.0,5067.0,47.0,125.852,7680003574.0
669.698,0.0,90252.0,5067.0,47.0,125.832,7680016151.0
669.798,0.0,90252.0,5067.0,47.0,125.818,7680028738.0
669.898,0.0,90252.0,5067.0,47.0,125.854,7680066468.0
669.998,0.0,90252.0,5067.0,47.0,125.854,7680066468.0
670.098,0.0,90252.0,5067.0,47.0,125.856,7680079069.0
670.198,0.0,90252.0,5067.0,47.0,125.867,7680091652.0
670.298,0.0,90252.0,5067.0,47.0,125.865,7680104244.0
670.398,0.0,90252.0,5067.0,47.0,125.873,7680116818.0
670.498,0.0,90252.0,5067.0,47.0,125.894,7680129392.0
670.598,0.0,90252.0,5067.0,47.0,125.903,7680154560.0
670.698,0.0,90252.0,5067.0,47.0,125.903,7680154560.0
670.798,0.0,90252.0,5067.0,47.0,125.898,7680167127.0
670.898,0.0,90252.0,5067.0,47.0,125.875,7680179693.0
670.998,0.0,90252.0,5067.0,47.0,125.878,7680192254.0
671.098,0.0,90252.0,5067.0,47.0,125.858,7680204819.0
671.198,0.0,90252.0,5067.0,47.0,125.813,7680217379.0
671.298,0.0,90252.0,5067.0,47.0,125.809,7680242539.0
671.403,0.0,90252.0,5067.0,47.0,125.793,7680242539.0
671.498,0.0,90252.0,5067.0,47.0,125.793,7680242539.0
671.598,0.0,90252.0,5067.0,47.0,125.793,7680255110.0
671.714,0.0,90252.0,5067.0,47.0,125.759,7680280236.0
671.798,0.0,90252.0,5067.0,47.0,125.759,7680280236.0
671.898,0.0,90252.0,5067.0,47.0,125.784,7680292828.0
671.998,0.0,90252.0,5067.0,47.0,125.775,7680305401.0
672.098,0.0,90252.0,5067.0,47.0,125.798,7680317968.0
672.198,0.0,90252.0,5067.0,47.0,125.818,7680330552.0
672.298,0.0,90252.0,5067.0,47.0,125.831,7680343122.0
672.398,0.0,90252.0,5067.0,47.0,125.816,7680355667.0
672.498,0.0,90252.0,5067.0,47.0,125.819,7680368236.0
672.598,0.0,90252.0,5067.0,47.0,125.801,7680380827.0
672.698,0.0,90252.0,5067.0,47.0,125.81,7680393395.0
672.798,0.0,90252.0,5067.0,47.0,125.814,7680405947.0
672.898,0.0,90252.0,5067.0,47.0,125.771,7680418519.0
672.998,0.0,90252.0,5067.0,47.0,125.773,7680431063.0
673.098,0.0,90252.0,5067.0,47.0,125.772,7680443644.0
673.198,0.0,90252.0,5067.0,47.0,125.736,7680468761.0
673.298,0.0,90252.0,5067.0,47.0,125.74,7680481321.0
673.398,0.0,90252.0,5067.0,47.0,125.735,7680493885.0
673.498,0.0,90252.0,5067.0,47.0,125.71,7680506462.0
673.598,0.0,90252.0,5067.0,47.0,125.694,7680518989.0
673.698,0.0,90252.0,5067.0,47.0,125.641,7680544115.0
673.798,0.0,90252.0,5067.0,47.0,125.641,7680544115.0
673.898,0.0,90252.0,5067.0,47.0,125.682,7680556677.0
673.998,0.0,90252.0,5067.0,47.0,125.688,7680569265.0
674.098,0.0,90252.0,5067.0,47.0,125.675,7680581832.0
674.198,0.0,90252.0,5067.0,47.0,125.717,7680594416.0
674.298,0.0,90252.0,5067.0,47.0,125.728,7680607003.0
674.398,0.0,90252.0,5067.0,47.0,125.734,7680619555.0
674.498,0.0,90252.0,5067.0,47.0,125.734,7680632091.0
674.598,0.0,90252.0,5067.0,47.0,125.738,7680644662.0
674.698,0.0,90252.0,5067.0,47.0,125.738,7680657191.0
674.798,0.0,90252.0,5067.0,47.0,125.745,7680657191.0
674.898,0.0,90252.0,5067.0,47.0,125.743,7680669770.0
674.998,0.0,90252.0,5067.0,47.0,125.719,7680682354.0
675.098,0.0,90252.0,5067.0,47.0,125.713,7680694905.0
675.198,0.0,90252.0,5067.0,47.0,125.666,7680720022.0
675.298,0.0,90252.0,5067.0,47.0,125.673,7680732605.0
675.397,0.0,90252.0,5067.0,47.0,125.673,7680732605.0
675.498,0.0,90252.0,5067.0,47.0,125.695,7680745185.0
675.597,0.0,90252.0,5067.0,47.0,125.71,7680757738.0
675.698,0.0,90252.0,5067.0,47.0,125.694,7680770304.0
675.797,0.0,90252.0,5067.0,47.0,125.734,7680782840.0
675.898,0.0,90252.0,5067.0,47.0,125.702,7680795396.0
675.998,0.0,90252.0,5067.0,47.0,125.706,7680807969.0
676.098,0.0,90252.0,5067.0,47.0,125.689,7680820519.0
676.198,0.0,90252.0,5067.0,47.0,125.711,7680833050.0
676.298,0.0,90252.0,5067.0,47.0,125.701,7680845613.0
676.398,0.0,90252.0,5067.0,47.0,125.686,7680870736.0
676.498,0.0,90252.0,5067.0,47.0,125.629,7680883262.0
676.598,0.0,90252.0,5067.0,47.0,125.602,7680895819.0
676.698,0.0,90252.0,5067.0,47.0,125.625,7680908400.0
676.798,0.0,90252.0,5067.0,47.0,125.637,7680920971.0
676.898,0.0,90252.0,5067.0,47.0,125.658,7680933548.0
676.998,0.0,90252.0,5067.0,47.0,125.659,7680946110.0
677.098,0.0,90252.0,5067.0,47.0,125.633,7680958641.0
677.198,0.0,90252.0,5067.0,47.0,125.624,7680971197.0
677.298,0.0,90252.0,5067.0,47.0,125.612,7680983739.0
677.398,0.0,90252.0,5067.0,47.0,125.632,7680996296.0
677.498,0.0,90252.0,5067.0,47.0,125.641,7681008821.0
677.598,0.0,90252.0,5067.0,47.0,125.633,7681021351.0
677.698,0.0,90252.0,5067.0,47.0,125.633,7681033908.0
677.798,0.0,90252.0,5067.0,47.0,125.604,7681033908.0
677.898,0.0,90252.0,5067.0,47.0,125.634,7681046499.0
677.998,0.0,90252.0,5067.0,47.0,125.579,7681059026.0
678.098,0.0,90252.0,5067.0,47.0,125.614,7681071585.0
678.198,0.0,90252.0,5067.0,47.0,125.636,7681084151.0
678.298,0.0,90252.0,5067.0,47.0,125.656,7681096714.0
678.398,0.0,90252.0,5067.0,47.0,125.67,7681109293.0
678.498,0.0,90252.0,5067.0,47.0,125.658,7681121847.0
678.598,0.0,90252.0,5067.0,47.0,125.696,7681134398.0
678.698,0.0,90252.0,5067.0,47.0,125.709,7681146960.0
678.798,0.0,90252.0,5067.0,47.0,125.654,7681172061.0
678.898,0.0,90252.0,5067.0,47.0,125.654,7681172061.0
678.998,0.0,90252.0,5067.0,47.0,125.67,7681184608.0
679.098,0.0,90252.0,5067.0,47.0,125.635,7681197152.0
679.198,0.0,90252.0,5067.0,47.0,125.603,7681209709.0
679.298,0.0,90252.0,5067.0,47.0,125.577,7681222252.0
679.398,0.0,90252.0,5067.0,47.0,125.587,7681234814.0
679.498,0.0,90252.0,5067.0,47.0,125.556,7681272477.0
679.598,0.0,90252.0,5067.0,47.0,125.556,7681272477.0
679.698,0.0,90252.0,5067.0,47.0,125.56,7681285027.0
679.798,0.0,90252.0,5067.0,47.0,125.547,7681297556.0
679.898,0.0,90252.0,5067.0,47.0,125.565,7681310133.0
679.998,0.0,90252.0,5067.0,47.0,125.553,7681322703.0
680.098,0.0,90252.0,5067.0,47.0,125.574,7681335254.0
680.198,0.0,90252.0,5067.0,47.0,125.57,7681347790.0
680.298,0.0,90252.0,5067.0,47.0,125.573,7681360338.0
680.398,0.0,90252.0,5067.0,47.0,125.558,7681372896.0
680.498,0.0,90252.0,5067.0,47.0,125.568,7681385435.0
680.598,0.0,90252.0,5067.0,47.0,125.548,7681397986.0
680.698,0.0,90252.0,5067.0,47.0,125.57,7681410582.0
680.798,0.0,90252.0,5067.0,47.0,125.57,7681410582.0
680.898,0.0,90252.0,5067.0,47.0,125.57,7681410582.0
680.998,0.0,90252.0,5067.0,47.0,125.57,7681410582.0
681.098,0.0,90252.0,5067.0,47.0,125.579,7681460775.0
681.198,0.0,90252.0,5067.0,47.0,125.579,7681460775.0
681.298,0.0,90252.0,5067.0,47.0,125.575,7681473334.0
681.398,0.0,90252.0,5067.0,47.0,125.575,7681498437.0
681.498,0.0,90252.0,5067.0,47.0,125.604,7681498437.0
681.598,0.0,90252.0,5067.0,47.0,125.604,7681498437.0
681.698,0.0,90252.0,5067.0,47.0,126.28,7681498437.0
681.798,0.0,90252.0,5067.0,47.0,126.28,7681498437.0
681.898,0.0,90252.0,5067.0,47.0,126.28,7681550038.0
681.998,0.0,90252.0,5067.0,47.0,127.567,7681576017.0
682.098,0.0,90252.0,5067.0,47.0,128.002,7681589008.0
682.198,0.0,90252.0,5067.0,47.0,128.423,7681601986.0
682.298,0.0,90252.0,5067.0,47.0,128.937,7681614977.0
682.398,0.0,90252.0,5067.0,47.0,129.685,7681640957.0
682.498,0.0,90252.0,5067.0,47.0,129.685,7681640957.0
682.598,0.0,90252.0,5067.0,47.0,129.95,7681640957.0
682.698,0.0,90252.0,5067.0,47.0,129.938,7681640957.0
682.798,0.0,90252.0,5067.0,47.0,129.925,7681666931.0
682.898,0.0,90252.0,5067.0,47.0,129.925,7681679927.0
682.998,0.0,90252.0,5067.0,47.0,129.971,7681692920.0
683.098,0.0,90252.0,5067.0,47.0,129.943,7681705912.0
683.198,0.0,90252.0,5067.0,47.0,129.95,7681718891.0
683.298,0.0,90252.0,5067.0,47.0,129.968,7681731888.0
683.398,0.0,90252.0,5067.0,47.0,129.936,7681744855.0
683.498,0.0,90252.0,5067.0,47.0,129.985,7681783849.0
683.598,0.0,90252.0,5067.0,47.0,129.985,7681783849.0
683.698,0.0,90252.0,5067.0,47.0,129.969,7681796854.0
683.798,0.0,90252.0,5067.0,47.0,129.999,7681809826.0
683.898,0.0,90252.0,5067.0,47.0,130.008,7681822819.0
683.998,0.0,90252.0,5067.0,47.0,129.956,7681835811.0
684.098,0.0,90252.0,5067.0,47.0,129.982,7681848792.0
684.198,0.0,90252.0,5067.0,47.0,129.986,7681861801.0
684.298,0.0,90252.0,5067.0,47.0,129.968,7681874753.0
684.398,0.0,90252.0,5067.0,47.0,129.96,7681887734.0
684.498,0.0,90252.0,5067.0,47.0,129.936,7681900721.0
684.598,0.0,90252.0,5067.0,47.0,129.927,7681913699.0
684.698,0.0,90252.0,5067.0,47.0,129.915,7681926679.0
684.798,0.0,90252.0,5067.0,47.0,129.903,7681939651.0
684.898,0.0,90252.0,5067.0,47.0,129.909,7681952654.0
684.998,0.0,90252.0,5067.0,47.0,129.902,7681965661.0
685.098,0.0,90252.0,5067.0,47.0,129.931,7681965661.0
685.198,0.0,90252.0,5067.0,47.0,129.873,7681978631.0
685.298,0.0,90252.0,5067.0,47.0,129.89,7681991600.0
685.398,0.0,90252.0,5067.0,47.0,129.932,7682004594.0
685.498,0.0,90252.0,5067.0,47.0,129.875,7682017555.0
685.598,0.0,90252.0,5067.0,47.0,129.88,7682030516.0
685.698,0.0,90252.0,5067.0,47.0,129.888,7682043527.0
685.798,0.0,90252.0,5067.0,47.0,129.885,7682056505.0
685.898,0.0,90252.0,5067.0,47.0,129.918,7682069477.0
685.998,0.0,90252.0,5067.0,47.0,129.893,7682082483.0
686.098,0.0,90252.0,5067.0,47.0,129.882,7682108434.0
686.198,0.0,90252.0,5067.0,47.0,129.882,7682108434.0
686.298,0.0,90252.0,5067.0,47.0,129.894,7682121420.0
686.398,0.0,90252.0,5067.0,47.0,129.917,7682134422.0
686.498,0.0,90252.0,5067.0,47.0,129.933,7682147413.0
686.598,0.0,90252.0,5067.0,47.0,129.917,7682160380.0
686.698,0.0,90252.0,5067.0,47.0,129.896,7682173342.0
686.798,0.0,90252.0,5067.0,47.0,129.921,7682199339.0
686.898,0.0,90252.0,5067.0,47.0,129.908,7682212322.0
686.998,0.0,90252.0,5067.0,47.0,129.92,7682225315.0
687.098,0.0,90252.0,5067.0,47.0,129.961,7682238311.0
687.198,0.0,90252.0,5067.0,47.0,129.934,7682251282.0
687.298,0.0,90252.0,5067.0,47.0,129.906,7682264268.0
687.398,0.0,90252.0,5067.0,47.0,129.895,7682277227.0
687.498,0.0,90252.0,5067.0,47.0,129.924,7682290217.0
687.598,0.0,90252.0,5067.0,47.0,129.934,7682303205.0
687.698,0.0,90252.0,5067.0,47.0,129.957,7682316184.0
687.798,0.0,90252.0,5067.0,47.0,129.899,7682329138.0
687.898,0.0,90252.0,5067.0,47.0,129.934,7682342173.0
687.998,0.0,90252.0,5067.0,47.0,129.917,7682355156.0
688.098,0.0,90252.0,5067.0,47.0,129.952,7682368155.0
688.198,0.0,90252.0,5067.0,47.0,129.952,7682381144.0
688.298,0.0,90252.0,5067.0,47.0,129.956,7682394113.0
688.398,0.0,90252.0,5067.0,47.0,129.956,7682394113.0
688.498,0.0,90252.0,5067.0,47.0,129.967,7682407103.0
688.598,0.0,90252.0,5067.0,47.0,129.947,7682420096.0
688.698,0.0,90252.0,5067.0,47.0,129.911,7682433051.0
688.798,0.0,90252.0,5067.0,47.0,129.942,7682446031.0
688.898,0.0,90252.0,5067.0,47.0,129.948,7682459021.0
688.998,0.0,90252.0,5067.0,47.0,129.906,7682485018.0
689.098,0.0,90252.0,5067.0,47.0,129.906,7682485018.0
689.198,0.0,90252.0,5067.0,47.0,129.904,7682497980.0
689.298,0.0,90252.0,5067.0,47.0,129.918,7682510965.0
689.398,0.0,90252.0,5067.0,47.0,129.948,7682523969.0
689.498,0.0,90252.0,5067.0,47.0,129.938,7682536970.0
689.598,0.0,90252.0,5067.0,47.0,129.907,7682549941.0
689.698,0.0,90252.0,5067.0,47.0,129.949,7682562900.0
689.798,0.0,90252.0,5067.0,47.0,129.939,7682601873.0
689.898,0.0,90252.0,5067.0,47.0,129.939,7682601873.0
689.998,0.0,90252.0,5067.0,47.0,129.908,7682614833.0
690.098,0.0,90252.0,5067.0,47.0,129.915,7682627829.0
690.197,0.0,90252.0,5067.0,47.0,129.903,7682640804.0
690.298,0.0,90252.0,5067.0,47.0,129.889,7682653775.0
690.398,0.0,90252.0,5067.0,47.0,129.858,7682666743.0
690.498,0.0,90252.0,5067.0,47.0,129.88,7682692680.0
690.598,0.0,90252.0,5067.0,47.0,129.88,7682692680.0
690.698,0.0,90252.0,5067.0,47.0,129.857,7682705672.0
690.798,0.0,90252.0,5067.0,47.0,129.868,7682718663.0
690.897,0.0,90252.0,5067.0,47.0,129.846,7682731641.0
690.998,0.0,90252.0,5067.0,47.0,129.87,7682744619.0
691.098,0.0,90252.0,5067.0,47.0,129.873,7682757600.0
691.198,0.0,90252.0,5067.0,47.0,129.918,7682770619.0
691.298,0.0,90252.0,5067.0,47.0,129.921,7682783611.0
691.398,0.0,90252.0,5067.0,47.0,129.921,7682796608.0
691.498,0.0,90252.0,5067.0,47.0,129.901,7682796608.0
691.597,0.0,90252.0,5067.0,47.0,129.902,7682809576.0
691.698,0.0,90252.0,5067.0,47.0,129.916,7682822556.0
691.798,0.0,90252.0,5067.0,47.0,129.941,7682835555.0
691.898,0.0,90252.0,5067.0,47.0,129.934,7682848527.0
691.998,0.0,90252.0,5067.0,47.0,129.923,7682861502.0
692.098,0.0,90252.0,5067.0,47.0,129.898,7682874506.0
692.198,0.0,90252.0,5067.0,47.0,129.891,7682887458.0
692.298,0.0,90252.0,5067.0,47.0,129.875,7682900430.0
692.398,0.0,90252.0,5067.0,47.0,129.896,7682913443.0
692.498,0.0,90252.0,5067.0,47.0,129.887,7682926425.0
692.597,0.0,90252.0,5067.0,47.0,129.882,7682939415.0
692.698,0.0,90252.0,5067.0,47.0,129.847,7682952373.0
692.798,0.0,90252.0,5067.0,47.0,129.902,7682978359.0
692.898,0.0,90252.0,5067.0,47.0,129.902,7682978359.0
692.998,0.0,90252.0,5067.0,47.0,129.922,7682991367.0
693.098,0.0,90252.0,5067.0,47.0,129.971,7683017363.0
693.198,0.0,90252.0,5067.0,47.0,129.951,7683030342.0
693.298,0.0,90252.0,5067.0,47.0,129.936,7683043303.0
693.398,0.0,90252.0,5067.0,47.0,129.944,7683056305.0
693.498,0.0,90252.0,5067.0,47.0,129.944,7683069291.0
693.598,0.0,90252.0,5067.0,47.0,129.956,7683082273.0
693.698,0.0,90252.0,5067.0,47.0,129.997,7683095289.0
693.798,0.0,90252.0,5067.0,47.0,129.991,7683108259.0
693.898,0.0,90252.0,5067.0,47.0,129.982,7683121260.0
693.997,0.0,90252.0,5067.0,47.0,129.955,7683134215.0
694.097,0.0,90252.0,5067.0,47.0,129.934,7683147201.0
694.198,0.0,90252.0,5067.0,47.0,129.944,7683160190.0
694.297,0.0,90252.0,5067.0,47.0,129.941,7683173137.0
694.398,0.0,90252.0,5067.0,47.0,129.917,7683186110.0
694.498,0.0,90252.0,5067.0,47.0,129.902,7683199103.0
694.597,0.0,90252.0,5067.0,47.0,129.884,7683199103.0
694.698,0.0,90252.0,5067.0,47.0,129.876,7683212074.0
694.798,0.0,90252.0,5067.0,47.0,129.851,7683225062.0
694.898,0.0,90252.0,5067.0,47.0,129.86,7683238037.0
694.998,0.0,90252.0,5067.0,47.0,129.857,7683251011.0
695.097,0.0,90252.0,5067.0,47.0,129.891,7683263998.0
695.197,0.0,90252.0,5067.0,47.0,129.874,7683276982.0
695.298,0.0,90252.0,5067.0,47.0,129.875,7683289971.0
695.398,0.0,90252.0,5067.0,47.0,129.901,7683302952.0
695.498,0.0,90252.0,5067.0,47.0,129.92,7683315935.0
695.597,0.0,90252.0,5067.0,47.0,129.941,7683328899.0
695.698,0.0,90252.0,5067.0,47.0,129.942,7683341887.0
695.798,0.0,90252.0,5067.0,47.0,129.919,7683354888.0
695.898,0.0,90252.0,5067.0,47.0,129.923,7683367847.0
695.998,0.0,90252.0,5067.0,47.0,129.913,7683380828.0
696.098,0.0,90252.0,5067.0,47.0,129.94,7683393821.0
696.198,0.0,90252.0,5067.0,47.0,129.902,7683406811.0
696.298,0.0,90252.0,5067.0,47.0,129.913,7683432782.0
696.398,0.0,90252.0,5067.0,47.0,129.912,7683445751.0
696.498,0.0,90252.0,5067.0,47.0,129.916,7683458751.0
696.598,0.0,90252.0,5067.0,47.0,129.917,7683471738.0
696.698,0.0,90252.0,5067.0,47.0,129.899,7683484689.0
696.798,0.0,90252.0,5067.0,47.0,129.929,7683497676.0
696.898,0.0,90252.0,5067.0,47.0,129.911,7683510662.0
696.998,0.0,90252.0,5067.0,47.0,129.923,7683523650.0
697.098,0.0,90252.0,5067.0,47.0,129.925,7683536651.0
697.198,0.0,90252.0,5067.0,47.0,129.962,7683549655.0
697.298,0.0,90252.0,5067.0,47.0,129.956,7683575632.0
697.398,0.0,90252.0,5067.0,47.0,129.956,7683575632.0
697.497,0.0,90252.0,5067.0,47.0,129.949,7683588581.0
697.598,0.0,90252.0,5067.0,47.0,129.924,7683601541.0
697.698,0.0,90252.0,5067.0,47.0,129.866,7683614528.0
697.798,0.0,90252.0,5067.0,47.0,129.915,7683614528.0
697.898,0.0,90252.0,5067.0,47.0,129.935,7683627533.0
697.998,27.0,90252.0,5067.0,54.0,158.817,7683657240.0
698.098,27.0,90252.0,5067.0,54.0,158.817,7683657240.0
698.198,27.0,90252.0,5067.0,58.0,207.047,7683707964.0
698.298,100.0,90252.0,5067.0,59.0,262.132,7683776920.0
698.398,100.0,90252.0,5067.0,61.0,318.02,7683843251.0
698.498,100.0,90252.0,5067.0,62.0,370.222,7683912737.0
698.598,100.0,90252.0,5067.0,62.0,425.619,7683979293.0
698.698,90.0,90252.0,5067.0,63.0,474.57,7684042578.0
698.798,90.0,90252.0,5067.0,65.0,527.204,7684106876.0
698.898,100.0,90252.0,5067.0,65.0,582.959,7684174395.0
698.998,100.0,90252.0,5067.0,65.0,641.367,7684242704.0
699.098,100.0,90252.0,5067.0,66.0,661.649,7684382289.0
699.198,100.0,90252.0,5067.0,60.0,655.915,7684409492.0
699.298,2.0,90252.0,5067.0,56.0,599.527,7684422676.0
699.398,55.0,90252.0,5067.0,63.0,545.226,7684518616.0
699.498,55.0,90252.0,5067.0,63.0,545.226,7684518616.0
699.598,55.0,90252.0,5067.0,64.0,542.867,7684585346.0
699.698,100.0,90252.0,5067.0,65.0,549.248,7684652558.0
699.798,100.0,90252.0,5067.0,65.0,549.248,7684723083.0
699.898,100.0,90252.0,5067.0,66.0,552.902,7684723083.0
699.998,100.0,90252.0,5067.0,66.0,551.142,7684788495.0
700.098,100.0,90252.0,5067.0,66.0,546.439,7684855942.0
700.198,100.0,90252.0,5067.0,66.0,546.578,7684925382.0
700.298,100.0,90252.0,5067.0,67.0,558.623,7684993456.0
700.398,100.0,90252.0,5067.0,68.0,676.063,7685060491.0
700.498,97.0,90252.0,5067.0,68.0,674.716,7685128809.0
700.598,97.0,90252.0,5067.0,67.0,676.407,7685192233.0
700.698,100.0,90252.0,5067.0,68.0,676.963,7685260674.0
700.798,100.0,90252.0,5067.0,69.0,675.985,7685329380.0
700.898,100.0,90252.0,5067.0,69.0,675.354,7685397950.0
700.998,100.0,90252.0,5067.0,69.0,673.967,7685528807.0
701.098,95.0,90252.0,5067.0,66.0,647.458,7685567678.0
701.198,95.0,90252.0,5067.0,64.0,614.065,7685606401.0
701.298,95.0,90252.0,5067.0,64.0,589.844,7685646072.0
701.398,95.0,90252.0,5067.0,63.0,562.259,7685689858.0
701.498,95.0,90252.0,5067.0,63.0,550.447,7685738230.0
701.598,95.0,90252.0,5067.0,63.0,534.656,7685790003.0
701.698,95.0,90252.0,5067.0,62.0,518.851,7685840225.0
701.801,95.0,90252.0,5067.0,62.0,475.432,7685932399.0
701.898,95.0,90252.0,5067.0,62.0,475.432,7685932399.0
701.998,95.0,90252.0,5067.0,62.0,453.723,7685979143.0
702.098,95.0,90252.0,5067.0,62.0,453.723,7685979143.0
702.198,93.0,90252.0,5067.0,62.0,455.23,7686025505.0
702.298,93.0,90252.0,5067.0,61.0,456.492,7686064189.0
702.398,95.0,90252.0,5067.0,61.0,463.943,7686154287.0
702.498,95.0,90252.0,5067.0,61.0,463.943,7686154287.0
702.598,93.0,90252.0,5067.0,61.0,457.605,7686193680.0
702.698,93.0,90252.0,5067.0,61.0,450.549,7686240064.0
702.798,95.0,90252.0,5067.0,61.0,436.474,7686278008.0
702.897,95.0,90252.0,5067.0,61.0,434.239,7686322191.0
702.998,94.0,90252.0,5067.0,61.0,430.747,7686368651.0
703.098,93.0,90252.0,5067.0,61.0,426.016,7686408427.0
703.198,93.0,90252.0,5067.0,61.0,438.161,7686451186.0
703.298,95.0,90252.0,5067.0,61.0,427.481,7686499605.0
703.398,95.0,90252.0,5067.0,61.0,435.845,7686590160.0
703.498,90.0,90252.0,5067.0,61.0,444.504,7686638060.0
703.598,90.0,90252.0,5067.0,61.0,439.147,7686678045.0
703.698,95.0,90252.0,5067.0,61.0,449.109,7686727722.0
703.798,95.0,90252.0,5067.0,61.0,451.266,7686771359.0
703.898,92.0,90252.0,5067.0,61.0,458.817,7686822074.0
703.998,92.0,90252.0,5067.0,61.0,453.067,7686858368.0
704.098,95.0,90252.0,5067.0,61.0,451.877,7686904527.0
704.198,95.0,90252.0,5067.0,61.0,453.554,7686951409.0
704.298,94.0,90252.0,5067.0,61.0,449.616,7686988649.0
704.398,94.0,90252.0,5067.0,61.0,444.551,7687030285.0
704.498,94.0,90252.0,5067.0,61.0,444.551,7687079126.0
704.598,95.0,90252.0,5067.0,61.0,449.143,7687129461.0
704.698,95.0,90252.0,5067.0,61.0,449.143,7687129461.0
704.798,95.0,90252.0,5067.0,61.0,448.005,7687173621.0
704.897,95.0,90252.0,5067.0,61.0,446.11,7687214186.0
704.998,93.0,90252.0,5067.0,61.0,431.488,7687251202.0
705.098,93.0,90252.0,5067.0,61.0,438.332,7687299517.0
705.198,95.0,90252.0,5067.0,61.0,443.107,7687345584.0
705.298,95.0,90252.0,5067.0,61.0,433.541,7687387057.0
705.398,95.0,90252.0,5067.0,61.0,435.705,7687470403.0
705.498,95.0,90252.0,5067.0,61.0,435.705,7687470403.0
705.598,95.0,90252.0,5067.0,61.0,424.33,7687510604.0
705.698,93.0,90252.0,5067.0,61.0,417.878,7687551668.0
705.798,93.0,90252.0,5067.0,61.0,424.546,7687637210.0
705.898,95.0,90252.0,5067.0,61.0,432.431,7687682439.0
705.997,95.0,90252.0,5067.0,61.0,425.244,7687722995.0
706.098,95.0,90252.0,5067.0,60.0,420.262,7687764727.0
706.198,95.0,90252.0,5067.0,61.0,419.436,7687804140.0
706.298,95.0,90252.0,5067.0,61.0,420.902,7687847607.0
706.398,95.0,90252.0,5067.0,61.0,421.513,7687891283.0
706.498,93.0,90252.0,5067.0,61.0,425.757,7687934201.0
706.597,93.0,90252.0,5067.0,61.0,424.164,7687974640.0
706.698,95.0,90252.0,5067.0,61.0,427.822,7688018720.0
706.798,95.0,90252.0,5067.0,61.0,426.043,7688061966.0
706.897,95.0,90252.0,5067.0,61.0,426.043,7688061966.0
706.998,95.0,90252.0,5067.0,61.0,432.896,7688157847.0
707.098,95.0,90252.0,5067.0,61.0,432.896,7688157847.0
707.198,93.0,90252.0,5067.0,61.0,443.151,7688206465.0
707.298,93.0,90252.0,5067.0,60.0,444.429,7688247143.0
707.398,95.0,90252.0,5067.0,61.0,445.723,7688293359.0
707.498,95.0,90252.0,5067.0,61.0,441.474,7688334535.0
707.598,92.0,90252.0,5067.0,61.0,449.27,7688386201.0
707.698,92.0,90252.0,5067.0,60.0,459.299,7688436727.0
707.798,91.0,90252.0,5067.0,61.0,459.584,7688519297.0
707.898,91.0,90252.0,5067.0,61.0,459.584,7688519297.0
707.998,91.0,90252.0,5067.0,61.0,459.584,7688519297.0
708.097,91.0,90252.0,5067.0,61.0,459.584,7688519297.0
708.198,91.0,90252.0,5067.0,61.0,459.584,7688519297.0
708.297,95.0,90252.0,5067.0,60.0,451.592,7688744509.0
708.398,95.0,90252.0,5067.0,60.0,451.592,7688744509.0
708.497,95.0,90252.0,5067.0,60.0,437.91,7688784674.0
708.598,95.0,90252.0,5067.0,60.0,437.91,7688872818.0
708.698,95.0,90252.0,5067.0,60.0,430.378,7688872818.0
708.798,95.0,90252.0,5067.0,60.0,430.378,7688872818.0
708.897,95.0,90252.0,5067.0,60.0,430.378,7688952767.0
708.998,90.0,90252.0,5067.0,60.0,430.584,7688952767.0
709.098,90.0,90252.0,5067.0,60.0,430.584,7688952767.0
709.198,91.0,90252.0,5067.0,60.0,434.205,7689083578.0
709.298,90.0,90252.0,5067.0,60.0,429.234,7689130352.0
709.398,90.0,90252.0,5067.0,60.0,429.55,7689169864.0
709.498,91.0,90252.0,5067.0,60.0,431.58,7689214034.0
709.598,91.0,90252.0,5067.0,60.0,429.919,7689254861.0
709.697,92.0,90252.0,5067.0,59.0,432.995,7689298410.0
709.798,92.0,90252.0,5067.0,59.0,436.857,7689384918.0
709.898,92.0,90252.0,5067.0,59.0,436.857,7689418118.0
709.998,91.0,90252.0,5067.0,59.0,415.25,7689450091.0
710.098,91.0,90252.0,5067.0,59.0,415.25,7689450091.0
710.197,90.0,90252.0,5067.0,59.0,409.213,7689523442.0
710.298,90.0,90252.0,5067.0,59.0,396.047,7689560073.0
710.398,88.0,90252.0,5067.0,60.0,391.918,7689600430.0
710.498,88.0,90252.0,5067.0,59.0,391.052,7689654579.0
710.598,90.0,90252.0,5067.0,59.0,400.696,7689698281.0
710.698,90.0,90252.0,5067.0,59.0,401.357,7689733915.0
710.797,89.0,90252.0,5067.0,59.0,396.258,7689764724.0
710.898,89.0,90252.0,5067.0,59.0,382.449,7689764724.0
710.998,87.0,90252.0,5067.0,59.0,373.93,7689792084.0
711.098,87.0,90252.0,5067.0,59.0,381.697,7689832989.0
711.197,89.0,90252.0,5067.0,59.0,383.46,7689873841.0
711.297,89.0,90252.0,5067.0,59.0,382.074,7689909400.0
711.398,89.0,90252.0,5067.0,59.0,381.051,7689938270.0
711.498,89.0,90252.0,5067.0,59.0,377.602,7689977741.0
711.598,87.0,90252.0,5067.0,59.0,366.71,7690015023.0
711.698,87.0,90252.0,5067.0,58.0,362.652,7690059814.0
711.798,89.0,90252.0,5067.0,59.0,364.501,7690100651.0
711.898,89.0,90252.0,5067.0,58.0,365.828,7690136251.0
711.998,87.0,90252.0,5067.0,58.0,383.974,7690178987.0
712.098,84.0,90252.0,5067.0,58.0,376.977,7690210320.0
712.198,84.0,90252.0,5067.0,58.0,376.977,7690294234.0
712.298,86.0,90252.0,5067.0,58.0,383.811,7690326739.0
712.398,85.0,90252.0,5067.0,58.0,388.859,7690408170.0
712.497,85.0,90252.0,5067.0,58.0,388.859,7690408170.0
712.597,85.0,90252.0,5067.0,58.0,383.206,7690443942.0
712.698,84.0,90252.0,5067.0,58.0,380.567,7690483750.0
712.797,84.0,90252.0,5067.0,57.0,381.447,7690519006.0
712.898,86.0,90252.0,5067.0,58.0,371.97,7690550655.0
712.998,86.0,90252.0,5067.0,58.0,371.837,7690585489.0
713.098,85.0,90252.0,5067.0,57.0,366.545,7690622224.0
713.198,85.0,90252.0,5067.0,57.0,366.545,7690656855.0
713.298,85.0,90252.0,5067.0,57.0,366.255,7690656855.0
713.398,81.0,90252.0,5067.0,57.0,359.466,7690685292.0
713.497,81.0,90252.0,5067.0,57.0,351.153,7690719050.0
713.597,81.0,90252.0,5067.0,57.0,348.526,7690752125.0
713.698,81.0,90252.0,5067.0,56.0,346.273,7690792460.0
713.797,81.0,90252.0,5067.0,56.0,340.102,7690819120.0
713.897,81.0,90252.0,5067.0,56.0,328.866,7690848517.0
713.997,78.0,90252.0,5067.0,56.0,330.214,7690882953.0
714.098,78.0,90252.0,5067.0,55.0,327.712,7690910662.0
714.197,66.0,90252.0,5067.0,53.0,309.706,7690926812.0
714.298,66.0,90252.0,5067.0,52.0,287.022,7690939951.0
714.398,0.0,90252.0,5067.0,51.0,270.175,7690952943.0
714.497,0.0,90252.0,5067.0,51.0,226.576,7690978887.0
714.598,0.0,90252.0,5067.0,50.0,199.154,7690991791.0
714.698,0.0,90252.0,5067.0,50.0,188.23,7691004706.0
714.798,0.0,90252.0,5067.0,50.0,172.704,7691017572.0
714.898,0.0,90252.0,5067.0,50.0,149.987,7691030442.0
714.998,0.0,90252.0,5067.0,49.0,132.363,7691043279.0
715.098,0.0,90252.0,5067.0,49.0,129.384,7691056102.0
715.198,0.0,90252.0,5067.0,49.0,129.384,7691072646.0
715.298,0.0,90252.0,5067.0,49.0,134.83,7691072646.0
715.398,26.0,90252.0,5067.0,53.0,178.122,7691127371.0
715.498,26.0,90252.0,5067.0,59.0,232.701,7691195998.0
715.598,100.0,90252.0,5067.0,61.0,285.27,7691262691.0
715.698,100.0,90252.0,5067.0,62.0,344.105,7691332178.0
715.798,100.0,90252.0,5067.0,64.0,394.265,7691399479.0
715.898,100.0,90252.0,5067.0,65.0,443.682,7691458574.0
715.998,87.0,90252.0,5067.0,66.0,551.109,7691599534.0
716.098,87.0,90252.0,5067.0,66.0,551.109,7691599534.0
716.198,100.0,90252.0,5067.0,66.0,608.114,7691670800.0
716.298,100.0,90252.0,5067.0,66.0,668.412,7691739974.0
716.398,100.0,90252.0,5067.0,67.0,681.324,7691874522.0
716.498,100.0,90252.0,5067.0,67.0,676.307,7691943087.0
716.598,100.0,90252.0,5067.0,67.0,676.717,7692011054.0
716.698,100.0,90252.0,5067.0,68.0,677.306,7692077913.0
716.798,100.0,90252.0,5067.0,68.0,676.833,7692146714.0
716.898,100.0,90252.0,5067.0,68.0,688.852,7692211215.0
716.998,89.0,90252.0,5067.0,65.0,679.504,7692280612.0
717.098,89.0,90252.0,5067.0,68.0,677.636,7692349410.0
717.198,100.0,90252.0,5067.0,69.0,674.49,7692417438.0
717.298,100.0,90252.0,5067.0,69.0,673.738,7692417438.0
717.398,100.0,90252.0,5067.0,69.0,674.675,7692484425.0
717.498,100.0,90252.0,5067.0,69.0,667.664,7692546218.0
717.598,100.0,90252.0,5067.0,70.0,666.368,7692679729.0
717.698,100.0,90252.0,5067.0,70.0,666.368,7692679729.0
717.798,96.0,90252.0,5067.0,70.0,657.443,7692744538.0
717.898,96.0,90252.0,5067.0,66.0,634.221,7692788281.0
717.998,95.0,90252.0,5067.0,65.0,616.319,7692832890.0
718.098,95.0,90252.0,5067.0,64.0,589.743,7692875311.0
718.198,95.0,90252.0,5067.0,64.0,562.183,7692918084.0
718.298,92.0,90252.0,5067.0,63.0,505.356,7692994784.0
718.398,92.0,90252.0,5067.0,63.0,505.356,7692994784.0
718.498,92.0,90252.0,5067.0,63.0,488.149,7693081475.0
718.597,95.0,90252.0,5067.0,62.0,465.304,7693122195.0
718.698,95.0,90252.0,5067.0,62.0,437.579,7693162348.0
718.798,95.0,90252.0,5067.0,62.0,416.501,7693209724.0
718.898,94.0,90252.0,5067.0,62.0,420.239,7693253123.0
718.998,94.0,90252.0,5067.0,62.0,421.922,7693296116.0
719.098,95.0,90252.0,5067.0,61.0,425.187,7693347403.0
719.198,95.0,90252.0,5067.0,61.0,436.675,7693390509.0
719.298,93.0,90252.0,5067.0,61.0,435.129,7693431982.0
719.397,93.0,90252.0,5067.0,61.0,428.022,7693466427.0
719.498,93.0,90252.0,5067.0,61.0,428.022,7693508873.0
719.597,95.0,90252.0,5067.0,61.0,429.119,7693508873.0
719.698,95.0,90252.0,5067.0,61.0,435.384,7693555976.0
719.798,95.0,90252.0,5067.0,61.0,437.362,7693595433.0
719.898,95.0,90252.0,5067.0,61.0,435.501,7693641924.0
719.998,93.0,90252.0,5067.0,61.0,435.785,7693688057.0
720.098,93.0,90252.0,5067.0,61.0,435.032,7693735129.0
720.198,95.0,90252.0,5067.0,61.0,424.406,7693770500.0
720.298,95.0,90252.0,5067.0,61.0,423.667,7693817157.0
720.398,93.0,90252.0,5067.0,61.0,423.515,7693854693.0
720.498,93.0,90252.0,5067.0,61.0,433.339,7693901737.0
720.598,94.0,90252.0,5067.0,61.0,429.591,7693938216.0
720.698,94.0,90252.0,5067.0,61.0,424.797,7693982494.0
720.798,94.0,90252.0,5067.0,61.0,418.928,7694018740.0
720.898,94.0,90252.0,5067.0,61.0,407.271,7694090416.0
720.998,92.0,90252.0,5067.0,61.0,399.142,7694130150.0
721.098,92.0,90252.0,5067.0,61.0,394.729,7694178674.0
721.198,95.0,90252.0,5067.0,61.0,399.258,7694262532.0
721.298,95.0,90252.0,5067.0,61.0,399.258,7694262532.0
721.398,92.0,90252.0,5067.0,61.0,409.06,7694305659.0
721.498,92.0,90252.0,5067.0,61.0,405.133,7694349888.0
721.598,95.0,90252.0,5067.0,60.0,409.998,7694386158.0
721.705,95.0,90252.0,5067.0,61.0,412.549,7694474717.0
721.798,95.0,90252.0,5067.0,61.0,412.549,7694474717.0
721.898,95.0,90252.0,5067.0,61.0,424.507,7694512189.0
721.998,95.0,90252.0,5067.0,61.0,424.507,7694512189.0
722.098,95.0,90252.0,5067.0,61.0,425.159,7694552661.0
722.198,95.0,90252.0,5067.0,61.0,413.825,7694590982.0
722.298,95.0,90252.0,5067.0,61.0,423.187,7694638436.0
722.398,93.0,90252.0,5067.0,61.0,422.183,7694683150.0
722.497,93.0,90252.0,5067.0,61.0,427.092,7694729055.0
722.598,95.0,90252.0,5067.0,60.0,430.208,7694776504.0
722.698,95.0,90252.0,5067.0,61.0,434.419,7694861861.0
722.798,95.0,90252.0,5067.0,61.0,434.419,7694861861.0
722.897,95.0,90252.0,5067.0,60.0,440.298,7694909266.0
722.998,95.0,90252.0,5067.0,61.0,443.06,7694952740.0
723.098,95.0,90252.0,5067.0,61.0,450.217,7694999573.0
723.198,95.0,90252.0,5067.0,61.0,457.939,7695048226.0
723.298,95.0,90252.0,5067.0,60.0,444.58,7695126661.0
723.398,91.0,90252.0,5067.0,61.0,442.208,7695168094.0
723.498,93.0,90252.0,5067.0,60.0,426.354,7695246261.0
723.598,93.0,90252.0,5067.0,60.0,426.354,7695246261.0
723.698,93.0,90252.0,5067.0,60.0,416.77,7695290475.0
723.798,92.0,90252.0,5067.0,61.0,428.428,7695334106.0
723.898,92.0,90252.0,5067.0,60.0,416.663,7695372695.0
723.998,92.0,90252.0,5067.0,61.0,412.992,7695416198.0
724.098,92.0,90252.0,5067.0,61.0,415.26,7695460437.0
724.197,92.0,90252.0,5067.0,60.0,424.392,7695505956.0
724.298,92.0,90252.0,5067.0,60.0,424.392,7695543363.0
724.398,89.0,90252.0,5067.0,60.0,415.25,7695543363.0
724.498,89.0,90252.0,5067.0,60.0,420.705,7695584890.0
724.598,92.0,90252.0,5067.0,60.0,427.861,7695635446.0
724.698,92.0,90252.0,5067.0,60.0,440.674,7695682294.0
724.798,90.0,90252.0,5067.0,60.0,434.952,7695726894.0
724.898,90.0,90252.0,5067.0,60.0,437.265,7695769279.0
724.998,92.0,90252.0,5067.0,60.0,442.029,7695810836.0
725.098,92.0,90252.0,5067.0,60.0,440.907,7695853846.0
725.198,92.0,90252.0,5067.0,60.0,430.31,7695893818.0
725.298,92.0,90252.0,5067.0,60.0,431.243,7695934938.0
725.398,93.0,90252.0,5067.0,60.0,432.758,7695974220.0
725.498,93.0,90252.0,5067.0,60.0,429.967,7696012916.0
725.598,92.0,90252.0,5067.0,60.0,424.447,7696061319.0
725.698,92.0,90252.0,5067.0,60.0,408.94,7696136536.0
725.798,90.0,90252.0,5067.0,60.0,409.925,7696178035.0
725.898,90.0,90252.0,5067.0,60.0,411.307,7696223204.0
725.997,91.0,90252.0,5067.0,60.0,412.32,7696266145.0
726.098,91.0,90252.0,5067.0,60.0,408.445,7696301486.0
726.198,92.0,90252.0,5067.0,60.0,412.656,7696341844.0
726.298,92.0,90252.0,5067.0,60.0,406.621,7696417810.0
726.398,92.0,90252.0,5067.0,60.0,406.621,7696417810.0
726.498,92.0,90252.0,5067.0,60.0,407.651,7696461966.0
726.597,92.0,90252.0,5067.0,59.0,403.085,7696500106.0
726.698,87.0,90252.0,5067.0,60.0,405.121,7696539918.0
726.798,87.0,90252.0,5067.0,60.0,398.238,7696579815.0
726.897,87.0,90252.0,5067.0,60.0,398.238,7696579815.0
726.998,89.0,90252.0,5067.0,60.0,388.957,7696614599.0
727.098,89.0,90252.0,5067.0,60.0,398.321,7696698610.0
727.198,89.0,90252.0,5067.0,60.0,398.321,7696698610.0
727.298,89.0,90252.0,5067.0,59.0,397.969,7696735450.0
727.398,87.0,90252.0,5067.0,59.0,401.93,7696784194.0
727.498,87.0,90252.0,5067.0,59.0,408.134,7696827061.0
727.598,89.0,90252.0,5067.0,59.0,392.25,7696856183.0
727.698,89.0,90252.0,5067.0,59.0,390.325,7696888102.0
727.798,88.0,90252.0,5067.0,59.0,388.695,7696928822.0
727.898,88.0,90252.0,5067.0,58.0,384.65,7696966573.0
727.998,86.0,90252.0,5067.0,59.0,379.055,7696993553.0
728.098,86.0,90252.0,5067.0,59.0,372.201,7697030466.0
728.198,86.0,90252.0,5067.0,58.0,370.279,7697108326.0
728.298,86.0,90252.0,5067.0,58.0,370.686,7697143941.0
728.398,85.0,90252.0,5067.0,58.0,359.605,7697178525.0
728.497,85.0,90252.0,5067.0,58.0,355.33,7697220198.0
728.598,85.0,90252.0,5067.0,58.0,368.362,7697262329.0
728.698,85.0,90252.0,5067.0,58.0,372.541,7697295921.0
728.798,86.0,90252.0,5067.0,58.0,367.61,7697333438.0
728.898,86.0,90252.0,5067.0,58.0,365.835,7697364859.0
728.998,86.0,90252.0,5067.0,58.0,378.876,7697402288.0
729.098,86.0,90252.0,5067.0,58.0,372.211,7697435960.0
729.198,84.0,90252.0,5067.0,58.0,359.374,7697465027.0
729.298,84.0,90252.0,5067.0,58.0,359.374,7697465027.0
729.398,86.0,90252.0,5067.0,57.0,349.441,7697495162.0
729.498,86.0,90252.0,5067.0,58.0,354.838,7697535638.0
729.598,86.0,90252.0,5067.0,58.0,347.973,7697570864.0
729.698,86.0,90252.0,5067.0,57.0,347.908,7697605980.0
729.798,79.0,90252.0,5067.0,57.0,352.037,7697650730.0
729.898,79.0,90252.0,5067.0,57.0,354.519,7697684099.0
729.998,80.0,90252.0,5067.0,57.0,352.021,7697715609.0
730.098,80.0,90252.0,5067.0,56.0,353.338,7697754250.0
730.198,80.0,90252.0,5067.0,56.0,365.759,7697794595.0
730.298,80.0,90252.0,5067.0,56.0,371.229,7697831649.0
730.398,79.0,90252.0,5067.0,56.0,373.781,7697868101.0
730.498,79.0,90252.0,5067.0,56.0,363.77,7697903152.0
730.598,77.0,90252.0,5067.0,56.0,367.349,7697968660.0
730.698,77.0,90252.0,5067.0,55.0,350.862,7697988180.0
730.798,26.0,90252.0,5067.0,54.0,327.593,7698001346.0
730.898,26.0,90252.0,5067.0,52.0,309.197,7698014405.0
730.998,0.0,90252.0,5067.0,52.0,285.083,7698027412.0
731.098,0.0,90252.0,5067.0,51.0,259.299,7698040354.0
731.198,0.0,90252.0,5067.0,51.0,234.432,7698053297.0
731.298,0.0,90252.0,5067.0,50.0,213.872,7698084259.0
731.398,60.0,90252.0,5067.0,53.0,227.548,7698147006.0
731.498,60.0,90252.0,5067.0,58.0,264.26,7698215111.0
731.598,100.0,90252.0,5067.0,63.0,292.586,7698284308.0
731.698,100.0,90252.0,5067.0,64.0,334.574,7698284308.0
731.798,100.0,90252.0,5067.0,64.0,392.299,7698351517.0
731.898,100.0,90252.0,5067.0,64.0,443.433,7698421631.0
731.998,90.0,90252.0,5067.0,66.0,500.03,7698488071.0
732.098,90.0,90252.0,5067.0,66.0,557.283,7698557408.0
732.198,100.0,90252.0,5067.0,67.0,611.567,7698624219.0
732.298,100.0,90252.0,5067.0,67.0,662.404,7698691608.0
732.398,100.0,90252.0,5067.0,68.0,684.053,7698761178.0
732.498,100.0,90252.0,5067.0,68.0,674.541,7698821004.0
732.598,100.0,90252.0,5067.0,68.0,678.932,7698892571.0
732.697,100.0,90252.0,5067.0,68.0,680.022,7699028248.0
732.798,100.0,90252.0,5067.0,69.0,677.911,7699099153.0
732.898,100.0,90252.0,5067.0,69.0,678.685,7699165353.0
732.998,90.0,90252.0,5067.0,69.0,678.042,7699231390.0
733.098,90.0,90252.0,5067.0,69.0,675.974,7699300700.0
733.198,100.0,90252.0,5067.0,69.0,679.229,7699370493.0
733.298,100.0,90252.0,5067.0,69.0,680.563,7699440344.0
733.398,100.0,90252.0,5067.0,70.0,679.993,7699508083.0
733.498,100.0,90252.0,5067.0,69.0,682.375,7699572894.0
733.598,100.0,90252.0,5067.0,69.0,682.375,7699572894.0
733.698,90.0,90252.0,5067.0,70.0,683.192,7699641856.0
733.798,100.0,90252.0,5067.0,70.0,685.39,7699711307.0
733.898,100.0,90252.0,5067.0,69.0,685.116,7699780277.0
733.998,100.0,90252.0,5067.0,70.0,688.051,7699850027.0
734.098,100.0,90252.0,5067.0,71.0,684.308,7699915659.0
734.198,96.0,90252.0,5067.0,66.0,640.829,7700023130.0
734.298,96.0,90252.0,5067.0,66.0,640.829,7700023130.0
734.398,94.0,90252.0,5067.0,65.0,612.404,7700065477.0
734.498,94.0,90252.0,5067.0,64.0,585.746,7700104579.0
734.597,94.0,90252.0,5067.0,64.0,564.779,7700149143.0
734.698,94.0,90252.0,5067.0,63.0,537.872,7700192731.0
734.797,95.0,90252.0,5067.0,63.0,517.278,7700244486.0
734.897,95.0,90252.0,5067.0,63.0,489.849,7700328040.0
734.997,93.0,90252.0,5067.0,63.0,466.569,7700365581.0
735.098,93.0,90252.0,5067.0,63.0,437.803,7700404651.0
735.198,95.0,90252.0,5067.0,63.0,423.192,7700447315.0
735.297,95.0,90252.0,5067.0,63.0,428.767,7700498503.0
735.398,95.0,90252.0,5067.0,62.0,436.099,7700545237.0
735.497,95.0,90252.0,5067.0,62.0,443.568,7700590525.0
735.598,95.0,90252.0,5067.0,62.0,439.457,7700632637.0
735.698,95.0,90252.0,5067.0,62.0,440.962,7700680254.0
735.798,95.0,90252.0,5067.0,62.0,436.375,7700723105.0
735.898,95.0,90252.0,5067.0,62.0,441.312,7700763893.0
735.997,95.0,90252.0,5067.0,62.0,441.312,7700809705.0
736.098,92.0,90252.0,5067.0,62.0,437.393,7700809705.0
736.197,92.0,90252.0,5067.0,62.0,452.52,7700857943.0
736.298,95.0,90252.0,5067.0,62.0,450.339,7700902104.0
736.398,95.0,90252.0,5067.0,62.0,450.415,7700951542.0
736.498,95.0,90252.0,5067.0,62.0,450.787,7700998023.0
736.598,95.0,90252.0,5067.0,62.0,449.883,7701042524.0
736.698,95.0,90252.0,5067.0,62.0,457.575,7701090325.0
736.797,95.0,90252.0,5067.0,61.0,456.213,7701139435.0
736.898,95.0,90252.0,5067.0,62.0,451.653,7701179189.0
736.998,95.0,90252.0,5067.0,62.0,450.954,7701216729.0
737.098,95.0,90252.0,5067.0,62.0,450.999,7701259690.0
737.198,94.0,90252.0,5067.0,61.0,445.836,7701307088.0
737.298,94.0,90252.0,5067.0,62.0,448.483,7701347400.0
737.398,92.0,90252.0,5067.0,62.0,439.119,7701436564.0
737.497,92.0,90252.0,5067.0,61.0,443.278,7701488988.0
737.598,95.0,90252.0,5067.0,61.0,447.39,7701529527.0
737.697,95.0,90252.0,5067.0,61.0,439.809,7701572322.0
737.798,92.0,90252.0,5067.0,62.0,435.854,7701614503.0
737.898,92.0,90252.0,5067.0,61.0,437.615,7701655675.0
737.998,94.0,90252.0,5067.0,61.0,440.957,7701696995.0
738.098,94.0,90252.0,5067.0,61.0,435.08,7701741275.0
738.197,93.0,90252.0,5067.0,61.0,439.873,7701789391.0
738.298,93.0,90252.0,5067.0,61.0,436.557,7701827431.0
738.398,93.0,90252.0,5067.0,61.0,436.557,7701868987.0
738.498,95.0,90252.0,5067.0,61.0,435.768,7701868987.0
738.598,95.0,90252.0,5067.0,61.0,431.065,7701918065.0
738.698,95.0,90252.0,5067.0,61.0,429.779,7701962821.0
738.798,95.0,90252.0,5067.0,61.0,432.696,7702004868.0
738.898,95.0,90252.0,5067.0,61.0,433.276,7702047991.0
738.998,95.0,90252.0,5067.0,61.0,431.095,7702089471.0
739.098,95.0,90252.0,5067.0,61.0,443.283,7702133067.0
739.198,93.0,90252.0,5067.0,61.0,432.965,7702179934.0
739.298,93.0,90252.0,5067.0,61.0,437.465,7702223442.0
739.397,95.0,90252.0,5067.0,61.0,441.542,7702269455.0
739.498,95.0,90252.0,5067.0,61.0,441.665,7702313065.0
739.598,93.0,90252.0,5067.0,61.0,439.7,7702358770.0
739.698,95.0,90252.0,5067.0,61.0,437.698,7702483805.0
739.798,95.0,90252.0,5067.0,61.0,437.698,7702483805.0
739.898,95.0,90252.0,5067.0,61.0,432.478,7702528359.0
739.998,95.0,90252.0,5067.0,61.0,439.481,7702569306.0
740.098,95.0,90252.0,5067.0,61.0,435.168,7702615243.0
740.198,95.0,90252.0,5067.0,61.0,433.984,7702654588.0
740.298,95.0,90252.0,5067.0,61.0,427.94,7702695168.0
740.398,95.0,90252.0,5067.0,61.0,426.482,7702736498.0
740.498,95.0,90252.0,5067.0,61.0,423.332,7702777081.0
740.598,93.0,90252.0,5067.0,61.0,414.798,7702817792.0
740.698,93.0,90252.0,5067.0,61.0,431.394,7702870060.0
740.797,94.0,90252.0,5067.0,61.0,426.49,7702870060.0
740.898,94.0,90252.0,5067.0,61.0,424.522,7702911384.0
740.998,92.0,90252.0,5067.0,61.0,422.873,7702951146.0
741.098,92.0,90252.0,5067.0,61.0,423.133,7702996991.0
741.197,93.0,90252.0,5067.0,61.0,430.035,7703038293.0
741.297,93.0,90252.0,5067.0,61.0,440.263,7703090273.0
741.398,92.0,90252.0,5067.0,60.0,452.574,7703140699.0
741.497,92.0,90252.0,5067.0,61.0,458.787,7703191226.0
741.598,93.0,90252.0,5067.0,61.0,469.857,7703239047.0
741.698,93.0,90252.0,5067.0,61.0,457.466,7703285646.0
741.798,92.0,90252.0,5067.0,61.0,458.99,7703367134.0
741.898,92.0,90252.0,5067.0,61.0,458.99,7703367134.0
741.998,90.0,90252.0,5067.0,60.0,454.407,7703406648.0
742.098,90.0,90252.0,5067.0,60.0,453.653,7703493262.0
742.198,92.0,90252.0,5067.0,60.0,443.362,7703534551.0
742.298,92.0,90252.0,5067.0,60.0,441.97,7703577678.0
742.398,90.0,90252.0,5067.0,60.0,429.052,7703620878.0
742.498,90.0,90252.0,5067.0,60.0,424.75,7703662930.0
742.597,92.0,90252.0,5067.0,60.0,424.71,7703710182.0
742.698,92.0,90252.0,5067.0,60.0,424.051,7703755069.0
742.798,92.0,90252.0,5067.0,60.0,424.456,7703798949.0
742.898,92.0,90252.0,5067.0,60.0,434.116,7703847414.0
742.998,92.0,90252.0,5067.0,60.0,435.383,7703888039.0
743.098,92.0,90252.0,5067.0,60.0,435.383,7703930358.0
743.197,92.0,90252.0,5067.0,60.0,432.372,7703930358.0
743.298,92.0,90252.0,5067.0,60.0,434.416,7703967784.0
743.398,92.0,90252.0,5067.0,60.0,426.731,7704006908.0
743.498,90.0,90252.0,5067.0,60.0,429.09,7704048477.0
743.598,90.0,90252.0,5067.0,60.0,427.512,7704088461.0
743.697,89.0,90252.0,5067.0,60.0,430.308,7704134812.0
743.798,90.0,90252.0,5067.0,60.0,430.562,7704182167.0
743.897,90.0,90252.0,5067.0,60.0,417.231,7704226512.0
743.998,88.0,90252.0,5067.0,60.0,410.512,7704259115.0
744.098,88.0,90252.0,5067.0,59.0,397.17,7704295896.0
744.198,90.0,90252.0,5067.0,59.0,387.381,7704324707.0
744.298,90.0,90252.0,5067.0,60.0,387.774,7704351804.0
744.398,89.0,90252.0,5067.0,59.0,398.247,7704399848.0
744.498,89.0,90252.0,5067.0,59.0,397.732,7704448099.0
744.598,89.0,90252.0,5067.0,59.0,395.714,7704533593.0
744.698,89.0,90252.0,5067.0,59.0,395.92,7704577898.0
744.797,89.0,90252.0,5067.0,59.0,383.35,7704608999.0
744.898,89.0,90252.0,5067.0,59.0,387.104,7704650182.0
744.998,86.0,90252.0,5067.0,58.0,392.812,7704689095.0
745.097,86.0,90252.0,5067.0,59.0,391.739,7704719047.0
745.198,86.0,90252.0,5067.0,59.0,399.723,7704755851.0
745.298,86.0,90252.0,5067.0,58.0,403.266,7704799060.0
745.397,86.0,90252.0,5067.0,58.0,393.609,7704838817.0
745.498,86.0,90252.0,5067.0,58.0,388.528,7704876005.0
745.597,84.0,90252.0,5067.0,58.0,388.852,7704876005.0
745.698,84.0,90252.0,5067.0,58.0,378.48,7704917933.0
745.798,86.0,90252.0,5067.0,58.0,380.435,7704958873.0
745.898,86.0,90252.0,5067.0,58.0,374.802,7704992440.0
745.998,86.0,90252.0,5067.0,58.0,371.619,7705026993.0
746.098,86.0,90252.0,5067.0,58.0,377.707,7705060529.0
746.198,84.0,90252.0,5067.0,58.0,376.298,7705095079.0
746.298,85.0,90252.0,5067.0,58.0,371.572,7705177716.0
746.398,85.0,90252.0,5067.0,58.0,371.572,7705177716.0
746.498,85.0,90252.0,5067.0,57.0,364.037,7705205597.0
746.598,83.0,90252.0,5067.0,57.0,362.194,7705239496.0
746.697,83.0,90252.0,5067.0,57.0,355.619,7705276311.0
746.798,79.0,90252.0,5067.0,57.0,354.212,7705303568.0
746.898,79.0,90252.0,5067.0,57.0,361.078,7705386975.0
746.997,78.0,90252.0,5067.0,56.0,364.001,7705421071.0
747.097,78.0,90252.0,5067.0,55.0,356.897,7705449609.0
747.198,49.0,90252.0,5067.0,53.0,339.817,7705463608.0
747.298,49.0,90252.0,5067.0,52.0,315.06,7705476821.0
747.398,0.0,90252.0,5067.0,52.0,291.193,7705490010.0
747.498,0.0,90252.0,5067.0,51.0,269.292,7705503119.0
747.598,0.0,90252.0,5067.0,51.0,249.321,7705516205.0
747.698,74.0,90252.0,5067.0,60.0,270.487,7705625123.0
747.798,74.0,90252.0,5067.0,60.0,270.487,7705625123.0
747.897,74.0,90252.0,5067.0,61.0,296.646,7705693763.0
747.998,100.0,90252.0,5067.0,63.0,322.373,7705761557.0
748.098,100.0,90252.0,5067.0,63.0,322.373,7705761557.0
748.198,100.0,90252.0,5067.0,64.0,359.505,7705829620.0
748.298,100.0,90252.0,5067.0,65.0,408.015,7705894652.0
748.398,100.0,90252.0,5067.0,66.0,462.01,7705960247.0
748.498,100.0,90252.0,5067.0,66.0,508.67,7706026481.0
748.598,100.0,90252.0,5067.0,66.0,616.542,7706092987.0
748.698,100.0,90252.0,5067.0,67.0,672.349,7706163343.0
748.798,100.0,90252.0,5067.0,67.0,667.924,7706229597.0
748.898,100.0,90252.0,5067.0,68.0,668.623,7706293985.0
748.998,100.0,90252.0,5067.0,68.0,673.504,7706361417.0
749.098,100.0,90252.0,5067.0,69.0,673.515,7706570853.0
749.198,100.0,90252.0,5067.0,69.0,673.515,7706570853.0
749.298,100.0,90252.0,5067.0,69.0,675.628,7706632287.0
749.398,91.0,90252.0,5067.0,69.0,674.763,7706701377.0
749.498,91.0,90252.0,5067.0,69.0,676.785,7706770881.0
749.598,100.0,90252.0,5067.0,69.0,678.208,7706839449.0
749.698,100.0,90252.0,5067.0,70.0,677.396,7706907079.0
749.798,100.0,90252.0,5067.0,70.0,683.353,7706972287.0
749.898,100.0,90252.0,5067.0,70.0,678.519,7707042280.0
749.998,100.0,90252.0,5067.0,70.0,678.519,7707042280.0
750.098,100.0,90252.0,5067.0,70.0,678.085,7707111478.0
750.198,100.0,90252.0,5067.0,70.0,680.052,7707179712.0
750.298,100.0,90252.0,5067.0,69.0,679.649,7707249047.0
750.398,100.0,90252.0,5067.0,70.0,684.503,7707318753.0
750.498,100.0,90252.0,5067.0,69.0,677.2,7707370986.0
750.598,100.0,90252.0,5067.0,66.0,656.298,7707421654.0
750.698,93.0,90252.0,5067.0,65.0,609.723,7707463843.0
750.798,95.0,90252.0,5067.0,64.0,585.462,7707505636.0
750.898,95.0,90252.0,5067.0,64.0,564.15,7707552949.0
750.998,95.0,90252.0,5067.0,63.0,545.6,7707598016.0
751.098,95.0,90252.0,5067.0,63.0,516.063,7707646004.0
751.198,94.0,90252.0,5067.0,63.0,491.18,7707686277.0
751.298,94.0,90252.0,5067.0,63.0,470.053,7707775946.0
751.398,95.0,90252.0,5067.0,62.0,447.644,7707817095.0
751.498,95.0,90252.0,5067.0,63.0,446.572,7707863768.0
751.598,92.0,90252.0,5067.0,62.0,441.711,7707910503.0
751.698,92.0,90252.0,5067.0,62.0,446.851,7707954899.0
751.798,95.0,90252.0,5067.0,62.0,440.576,7707999895.0
751.898,95.0,90252.0,5067.0,62.0,440.566,7708044882.0
751.998,94.0,90252.0,5067.0,62.0,443.657,7708089464.0
752.098,94.0,90252.0,5067.0,62.0,448.128,7708134365.0
752.198,95.0,90252.0,5067.0,62.0,445.949,7708181897.0
752.298,95.0,90252.0,5067.0,62.0,445.949,7708222296.0
752.398,95.0,90252.0,5067.0,62.0,446.685,7708222296.0
752.498,95.0,90252.0,5067.0,62.0,446.26,7708265098.0
752.598,95.0,90252.0,5067.0,62.0,448.062,7708314499.0
752.698,93.0,90252.0,5067.0,62.0,451.835,7708364390.0
752.798,93.0,90252.0,5067.0,61.0,449.211,7708407503.0
752.898,95.0,90252.0,5067.0,62.0,445.876,7708446342.0
752.998,95.0,90252.0,5067.0,62.0,453.931,7708494697.0
753.098,92.0,90252.0,5067.0,62.0,448.777,7708544392.0
753.198,95.0,90252.0,5067.0,62.0,444.004,7708633068.0
753.298,95.0,90252.0,5067.0,62.0,444.004,7708633068.0
753.398,93.0,90252.0,5067.0,61.0,439.929,7708666626.0
753.498,93.0,90252.0,5067.0,61.0,438.316,7708706625.0
753.598,94.0,90252.0,5067.0,61.0,437.025,7708751959.0
753.698,94.0,90252.0,5067.0,61.0,430.458,7708836266.0
753.798,94.0,90252.0,5067.0,61.0,429.299,7708876428.0
753.898,94.0,90252.0,5067.0,61.0,425.998,7708923124.0
753.998,95.0,90252.0,5067.0,61.0,420.604,7708965745.0
754.098,95.0,90252.0,5067.0,61.0,418.86,7709009240.0
754.198,95.0,90252.0,5067.0,61.0,414.963,7709051917.0
754.298,95.0,90252.0,5067.0,61.0,422.763,7709093757.0
754.398,92.0,90252.0,5067.0,61.0,423.656,7709133533.0
754.498,92.0,90252.0,5067.0,61.0,420.779,7709172126.0
754.598,95.0,90252.0,5067.0,61.0,420.313,7709217960.0
754.698,95.0,90252.0,5067.0,61.0,422.921,7709217960.0
754.798,93.0,90252.0,5067.0,61.0,427.382,7709259789.0
754.898,93.0,90252.0,5067.0,61.0,418.396,7709300184.0
754.998,95.0,90252.0,5067.0,61.0,415.489,7709340103.0
755.098,95.0,90252.0,5067.0,61.0,417.161,7709380289.0
755.198,93.0,90252.0,5067.0,61.0,423.875,7709429085.0
755.298,93.0,90252.0,5067.0,61.0,420.63,7709473076.0
755.398,95.0,90252.0,5067.0,61.0,428.203,7709516236.0
755.498,95.0,90252.0,5067.0,61.0,432.674,7709562932.0
755.598,95.0,90252.0,5067.0,61.0,430.19,7709604444.0
755.698,95.0,90252.0,5067.0,61.0,435.712,7709647827.0
755.798,95.0,90252.0,5067.0,61.0,435.607,7709696602.0
755.898,95.0,90252.0,5067.0,61.0,436.314,7709739269.0
755.998,95.0,90252.0,5067.0,61.0,437.057,7709779042.0
756.098,95.0,90252.0,5067.0,61.0,436.011,7709865300.0
756.198,93.0,90252.0,5067.0,61.0,439.632,7709914327.0
756.298,93.0,90252.0,5067.0,61.0,447.973,7709963258.0
756.398,95.0,90252.0,5067.0,61.0,443.683,7710003822.0
756.498,95.0,90252.0,5067.0,61.0,440.914,7710045777.0
756.598,93.0,90252.0,5067.0,61.0,437.37,7710083692.0
756.698,93.0,90252.0,5067.0,61.0,432.307,7710128767.0
756.798,95.0,90252.0,5067.0,61.0,441.159,7710221193.0
756.898,95.0,90252.0,5067.0,61.0,441.159,7710221193.0
756.998,93.0,90252.0,5067.0,61.0,449.237,7710269901.0
757.098,93.0,90252.0,5067.0,61.0,446.319,7710310750.0
757.198,95.0,90252.0,5067.0,61.0,438.766,7710310750.0
757.298,95.0,90252.0,5067.0,61.0,430.23,7710352210.0
757.398,95.0,90252.0,5067.0,60.0,435.388,7710398552.0
757.498,95.0,90252.0,5067.0,61.0,441.417,7710445026.0
757.598,95.0,90252.0,5067.0,61.0,444.139,7710488410.0
757.698,95.0,90252.0,5067.0,61.0,452.563,7710532188.0
757.798,95.0,90252.0,5067.0,61.0,447.152,7710581655.0
757.898,95.0,90252.0,5067.0,61.0,450.04,7710627101.0
757.998,95.0,90252.0,5067.0,61.0,443.456,7710671973.0
758.098,95.0,90252.0,5067.0,60.0,446.607,7710712391.0
758.198,95.0,90252.0,5067.0,61.0,447.972,7710758376.0
758.298,91.0,90252.0,5067.0,61.0,460.017,7710901816.0
758.398,91.0,90252.0,5067.0,61.0,460.017,7710901816.0
758.498,91.0,90252.0,5067.0,60.0,455.007,7710943330.0
758.597,93.0,90252.0,5067.0,61.0,464.522,7710996598.0
758.698,93.0,90252.0,5067.0,61.0,457.572,7711036752.0
758.798,92.0,90252.0,5067.0,60.0,463.144,7711087200.0
758.898,92.0,90252.0,5067.0,60.0,452.168,7711122602.0
758.998,92.0,90252.0,5067.0,60.0,448.333,7711204463.0
759.099,92.0,90252.0,5067.0,60.0,445.71,7711246422.0
759.198,92.0,90252.0,5067.0,60.0,445.71,7711246422.0
759.298,92.0,90252.0,5067.0,60.0,440.557,7711293439.0
759.398,92.0,90252.0,5067.0,60.0,440.557,7711333726.0
759.498,89.0,90252.0,5067.0,60.0,432.799,7711333726.0
759.598,89.0,90252.0,5067.0,59.0,431.98,7711373661.0
759.698,91.0,90252.0,5067.0,60.0,418.225,7711414797.0
759.798,88.0,90252.0,5067.0,60.0,404.576,7711491473.0
759.898,88.0,90252.0,5067.0,60.0,404.576,7711491473.0
759.997,88.0,90252.0,5067.0,59.0,406.377,7711532015.0
760.098,89.0,90252.0,5067.0,60.0,407.621,7711569944.0
760.198,89.0,90252.0,5067.0,60.0,413.114,7711620514.0
760.298,89.0,90252.0,5067.0,59.0,401.329,7711646461.0
760.398,89.0,90252.0,5067.0,59.0,387.56,7711677270.0
760.498,89.0,90252.0,5067.0,59.0,394.857,7711765259.0
760.598,89.0,90252.0,5067.0,59.0,394.857,7711765259.0
760.698,89.0,90252.0,5067.0,59.0,404.906,7711810467.0
760.798,86.0,90252.0,5067.0,59.0,412.818,7711905563.0
760.898,86.0,90252.0,5067.0,59.0,412.398,7711943665.0
760.998,89.0,90252.0,5067.0,59.0,411.693,7711982629.0
761.098,89.0,90252.0,5067.0,58.0,403.94,7712024154.0
761.198,89.0,90252.0,5067.0,59.0,409.961,7712058372.0
761.298,89.0,90252.0,5067.0,58.0,416.293,7712100581.0
761.398,84.0,90252.0,5067.0,58.0,418.525,7712136363.0
761.498,84.0,90252.0,5067.0,58.0,413.013,7712173464.0
761.598,86.0,90252.0,5067.0,58.0,397.024,7712206627.0
761.698,86.0,90252.0,5067.0,58.0,384.308,7712240490.0
761.798,86.0,90252.0,5067.0,58.0,384.308,7712279312.0
761.898,85.0,90252.0,5067.0,58.0,371.716,7712279312.0
761.998,85.0,90252.0,5067.0,58.0,363.434,7712307358.0
762.098,83.0,90252.0,5067.0,58.0,361.517,7712344536.0
762.198,83.0,90252.0,5067.0,58.0,357.017,7712378889.0
762.300,85.0,90252.0,5067.0,57.0,357.511,7712452198.0
762.398,85.0,90252.0,5067.0,57.0,357.511,7712452198.0
762.498,85.0,90252.0,5067.0,57.0,356.417,7712492628.0
762.598,85.0,90252.0,5067.0,57.0,356.111,7712532214.0
762.698,81.0,90252.0,5067.0,57.0,360.123,7712563897.0
762.798,81.0,90252.0,5067.0,57.0,363.183,7712599247.0
762.898,80.0,90252.0,5067.0,57.0,356.821,7712632576.0
762.997,80.0,90252.0,5067.0,56.0,361.362,7712668383.0
763.098,81.0,90252.0,5067.0,56.0,360.254,7712737301.0
763.198,81.0,90252.0,5067.0,56.0,360.337,7712765030.0
763.298,80.0,90252.0,5067.0,56.0,354.879,7712791056.0
763.398,80.0,90252.0,5067.0,55.0,342.793,7712813279.0
763.498,73.0,90252.0,5067.0,54.0,322.999,7712826481.0
763.598,73.0,90252.0,5067.0,53.0,299.169,7712839500.0
763.698,0.0,90252.0,5067.0,52.0,277.054,7712852531.0
763.798,0.0,90252.0,5067.0,51.0,254.322,7712865484.0
763.898,0.0,90252.0,5067.0,51.0,239.572,7712879088.0
763.998,0.0,90252.0,5067.0,50.0,213.367,7712927655.0
764.098,19.0,90252.0,5067.0,57.0,219.76,7712998171.0
764.198,19.0,90252.0,5067.0,60.0,254.678,7712998171.0
764.298,100.0,90252.0,5067.0,62.0,291.648,7713063710.0
764.398,100.0,90252.0,5067.0,63.0,331.776,7713131548.0
764.498,100.0,90252.0,5067.0,64.0,374.592,7713200575.0
764.598,100.0,90252.0,5067.0,65.0,427.536,7713265559.0
764.698,85.0,90252.0,5067.0,65.0,482.223,7713331517.0
764.798,85.0,90252.0,5067.0,66.0,537.221,7713399499.0
764.898,100.0,90252.0,5067.0,66.0,584.152,7713468099.0
764.998,100.0,90252.0,5067.0,67.0,649.726,7713537273.0
765.098,91.0,90252.0,5067.0,66.0,672.772,7713667094.0
765.198,91.0,90252.0,5067.0,66.0,672.772,7713667094.0
765.298,91.0,90252.0,5067.0,68.0,675.171,7713736872.0
765.398,100.0,90252.0,5067.0,69.0,673.789,7713874490.0
765.498,100.0,90252.0,5067.0,69.0,674.141,7713942434.0
765.598,100.0,90252.0,5067.0,69.0,675.89,7714006803.0
765.698,100.0,90252.0,5067.0,69.0,678.142,7714076604.0
765.798,100.0,90252.0,5067.0,69.0,678.589,7714145688.0
765.898,100.0,90252.0,5067.0,70.0,679.368,7714214586.0
765.998,100.0,90252.0,5067.0,70.0,678.383,7714282765.0
766.098,100.0,90252.0,5067.0,70.0,684.173,7714348420.0
766.198,91.0,90252.0,5067.0,69.0,677.345,7714416061.0
766.298,91.0,90252.0,5067.0,69.0,676.85,7714485243.0
766.398,100.0,90252.0,5067.0,70.0,679.684,7714485243.0
766.498,100.0,90252.0,5067.0,70.0,679.021,7714554776.0
766.598,100.0,90252.0,5067.0,71.0,682.675,7714623085.0
766.698,100.0,90252.0,5067.0,69.0,676.527,7714691661.0
766.798,93.0,90252.0,5067.0,66.0,655.415,7714751944.0
766.898,93.0,90252.0,5067.0,65.0,626.985,7714795373.0
766.998,96.0,90252.0,5067.0,65.0,603.469,7714836865.0
767.097,96.0,90252.0,5067.0,64.0,582.469,7714881596.0
767.198,95.0,90252.0,5067.0,64.0,562.533,7714925792.0
767.298,95.0,90252.0,5067.0,64.0,531.128,7714967486.0
767.398,93.0,90252.0,5067.0,64.0,501.393,7715005430.0
767.498,93.0,90252.0,5067.0,63.0,470.316,7715045533.0
767.598,95.0,90252.0,5067.0,63.0,435.92,7715127004.0
767.698,95.0,90252.0,5067.0,63.0,434.101,7715180483.0
767.797,93.0,90252.0,5067.0,63.0,426.892,7715223707.0
767.898,93.0,90252.0,5067.0,62.0,430.658,7715268230.0
767.998,95.0,90252.0,5067.0,63.0,431.979,7715313959.0
768.098,95.0,90252.0,5067.0,62.0,437.747,7715362351.0
768.198,94.0,90252.0,5067.0,62.0,441.022,7715411393.0
768.298,94.0,90252.0,5067.0,62.0,442.02,7715449190.0
768.398,93.0,90252.0,5067.0,62.0,449.127,7715493674.0
768.498,93.0,90252.0,5067.0,62.0,459.532,7715544914.0
768.598,93.0,90252.0,5067.0,62.0,459.532,7715586812.0
768.697,95.0,90252.0,5067.0,62.0,463.486,7715586812.0
768.797,95.0,90252.0,5067.0,62.0,451.905,7715631128.0
768.898,93.0,90252.0,5067.0,62.0,448.764,7715669227.0
768.998,93.0,90252.0,5067.0,62.0,446.052,7715711121.0
769.098,95.0,90252.0,5067.0,62.0,442.154,7715754064.0
769.198,95.0,90252.0,5067.0,62.0,435.197,7715796225.0
769.298,95.0,90252.0,5067.0,61.0,428.818,7715839491.0
769.398,95.0,90252.0,5067.0,61.0,433.81,7715884392.0
769.498,95.0,90252.0,5067.0,61.0,436.292,7715928984.0
769.598,95.0,90252.0,5067.0,62.0,425.916,7715966512.0
769.698,95.0,90252.0,5067.0,61.0,416.844,7716003115.0
769.798,95.0,90252.0,5067.0,61.0,412.124,7716040017.0
769.898,95.0,90252.0,5067.0,61.0,407.334,7716076018.0
769.998,95.0,90252.0,5067.0,61.0,408.394,7716159478.0
770.098,95.0,90252.0,5067.0,61.0,412.695,7716206694.0
770.198,93.0,90252.0,5067.0,61.0,407.736,7716245826.0
770.298,93.0,90252.0,5067.0,61.0,416.836,7716297473.0
770.397,95.0,90252.0,5067.0,61.0,412.151,7716340935.0
770.497,95.0,90252.0,5067.0,61.0,420.939,7716385149.0
770.598,93.0,90252.0,5067.0,61.0,424.633,7716428231.0
770.698,93.0,90252.0,5067.0,61.0,428.454,7716468807.0
770.798,95.0,90252.0,5067.0,61.0,437.76,7716514599.0
770.898,95.0,90252.0,5067.0,61.0,442.723,7716556176.0
770.998,95.0,90252.0,5067.0,61.0,440.794,7716599389.0
771.098,95.0,90252.0,5067.0,61.0,440.794,7716599389.0
771.198,95.0,90252.0,5067.0,61.0,437.28,7716645493.0
771.298,95.0,90252.0,5067.0,61.0,439.06,7716686930.0
771.398,95.0,90252.0,5067.0,61.0,428.069,7716726301.0
771.498,95.0,90252.0,5067.0,61.0,424.032,7716766171.0
771.598,95.0,90252.0,5067.0,61.0,424.405,7716810589.0
771.698,94.0,90252.0,5067.0,61.0,428.868,7716856061.0
771.798,94.0,90252.0,5067.0,61.0,430.179,7716897170.0
771.898,95.0,90252.0,5067.0,61.0,428.639,7716984074.0
771.998,95.0,90252.0,5067.0,61.0,428.639,7716984074.0
772.097,93.0,90252.0,5067.0,61.0,432.407,7717033199.0
772.197,93.0,90252.0,5067.0,61.0,434.536,7717080368.0
772.298,95.0,90252.0,5067.0,61.0,441.626,7717175825.0
772.397,95.0,90252.0,5067.0,61.0,448.333,7717220550.0
772.498,94.0,90252.0,5067.0,61.0,452.813,7717267578.0
772.598,94.0,90252.0,5067.0,61.0,454.814,7717313031.0
772.698,93.0,90252.0,5067.0,61.0,455.289,7717357939.0
772.798,93.0,90252.0,5067.0,61.0,458.867,7717402986.0
772.898,95.0,90252.0,5067.0,61.0,462.554,7717441669.0
772.998,95.0,90252.0,5067.0,61.0,456.391,7717487547.0
773.097,92.0,90252.0,5067.0,61.0,455.128,7717528508.0
773.197,92.0,90252.0,5067.0,61.0,447.777,7717572651.0
773.298,95.0,90252.0,5067.0,61.0,445.459,7717617740.0
773.398,93.0,90252.0,5067.0,61.0,437.677,7717657075.0
773.498,93.0,90252.0,5067.0,61.0,437.677,7717657075.0
773.597,93.0,90252.0,5067.0,61.0,433.787,7717698749.0
773.698,95.0,90252.0,5067.0,61.0,429.458,7717741649.0
773.798,95.0,90252.0,5067.0,61.0,425.685,7717783740.0
773.898,94.0,90252.0,5067.0,61.0,427.706,7717828947.0
773.998,94.0,90252.0,5067.0,60.0,431.32,7717872043.0
774.097,95.0,90252.0,5067.0,61.0,425.599,7717911085.0
774.198,95.0,90252.0,5067.0,61.0,430.219,7717955600.0
774.298,95.0,90252.0,5067.0,61.0,431.482,7718001509.0
774.398,95.0,90252.0,5067.0,61.0,424.357,7718039400.0
774.498,92.0,90252.0,5067.0,61.0,431.6,7718085604.0
774.598,92.0,90252.0,5067.0,61.0,435.095,7718131093.0
774.697,93.0,90252.0,5067.0,60.0,435.529,7718218959.0
774.798,93.0,90252.0,5067.0,61.0,436.883,7718257791.0
774.898,92.0,90252.0,5067.0,60.0,429.819,7718344604.0
774.998,92.0,90252.0,5067.0,60.0,429.819,7718344604.0
775.097,92.0,90252.0,5067.0,60.0,427.849,7718383814.0
775.198,92.0,90252.0,5067.0,60.0,423.359,7718420834.0
775.298,92.0,90252.0,5067.0,60.0,428.527,7718467639.0
775.398,91.0,90252.0,5067.0,60.0,423.829,7718507929.0
775.498,91.0,90252.0,5067.0,60.0,418.058,7718548679.0
775.597,92.0,90252.0,5067.0,60.0,419.796,7718593641.0
775.698,92.0,90252.0,5067.0,60.0,419.796,7718638556.0
775.797,92.0,90252.0,5067.0,60.0,422.026,7718638556.0
775.898,90.0,90252.0,5067.0,60.0,427.822,7718683332.0
775.998,90.0,90252.0,5067.0,60.0,427.123,7718729955.0
776.097,92.0,90252.0,5067.0,60.0,436.619,7718777006.0
776.198,92.0,90252.0,5067.0,60.0,438.871,7718819624.0
776.298,92.0,90252.0,5067.0,60.0,428.467,7718852744.0
776.398,92.0,90252.0,5067.0,59.0,418.718,7718889973.0
776.497,92.0,90252.0,5067.0,60.0,419.194,7718926742.0
776.598,92.0,90252.0,5067.0,60.0,424.571,7718975086.0
776.697,89.0,90252.0,5067.0,59.0,418.644,7719011381.0
776.798,89.0,90252.0,5067.0,60.0,415.596,7719054125.0
776.898,87.0,90252.0,5067.0,60.0,420.806,7719102762.0
776.998,87.0,90252.0,5067.0,60.0,415.697,7719148396.0
777.097,90.0,90252.0,5067.0,59.0,403.429,7719227006.0
777.198,90.0,90252.0,5067.0,60.0,408.785,7719270677.0
777.298,88.0,90252.0,5067.0,59.0,426.443,7719355851.0
777.398,88.0,90252.0,5067.0,59.0,426.443,7719355851.0
777.498,88.0,90252.0,5067.0,59.0,408.404,7719388848.0
777.598,89.0,90252.0,5067.0,59.0,422.057,7719430968.0
777.697,89.0,90252.0,5067.0,59.0,421.199,7719477541.0
777.797,88.0,90252.0,5067.0,59.0,412.458,7719517169.0
777.898,88.0,90252.0,5067.0,59.0,400.333,7719551157.0
777.998,84.0,90252.0,5067.0,59.0,400.509,7719581837.0
778.097,84.0,90252.0,5067.0,59.0,400.509,7719612108.0
778.198,84.0,90252.0,5067.0,59.0,384.418,7719612108.0
778.297,86.0,90252.0,5067.0,58.0,381.352,7719652911.0
778.397,86.0,90252.0,5067.0,58.0,372.999,7719685182.0
778.498,85.0,90252.0,5067.0,58.0,360.399,7719719498.0
778.598,85.0,90252.0,5067.0,58.0,367.179,7719748701.0
778.697,84.0,90252.0,5067.0,58.0,362.43,7719793093.0
778.797,84.0,90252.0,5067.0,58.0,350.471,7719830647.0
778.898,86.0,90252.0,5067.0,58.0,345.222,7719862109.0
778.998,86.0,90252.0,5067.0,58.0,359.534,7719911211.0
779.097,85.0,90252.0,5067.0,58.0,369.527,7719951737.0
779.198,85.0,90252.0,5067.0,57.0,366.385,7719985002.0
779.298,79.0,90252.0,5067.0,57.0,355.843,7720014673.0
779.398,79.0,90252.0,5067.0,57.0,360.158,7720091372.0
779.497,80.0,90252.0,5067.0,57.0,373.713,7720125047.0
779.597,80.0,90252.0,5067.0,56.0,371.826,7720156108.0
779.698,72.0,90252.0,5067.0,56.0,355.644,7720182539.0
779.797,72.0,90252.0,5067.0,55.0,347.778,7720199194.0
779.897,9.0,90252.0,5067.0,54.0,329.692,7720212300.0
779.998,9.0,90252.0,5067.0,52.0,293.806,7720225327.0
780.098,0.0,90252.0,5067.0,52.0,267.708,7720238319.0
780.198,0.0,90252.0,5067.0,51.0,249.068,7720251173.0
780.298,0.0,90252.0,5067.0,51.0,233.066,7720280498.0
780.398,0.0,90252.0,5067.0,50.0,237.77,7720339051.0
780.498,85.0,90252.0,5067.0,57.0,259.078,7720339051.0
780.598,85.0,90252.0,5067.0,61.0,292.203,7720407894.0
780.698,100.0,90252.0,5067.0,63.0,324.86,7720477182.0
780.798,100.0,90252.0,5067.0,64.0,374.284,7720545895.0
780.898,100.0,90252.0,5067.0,64.0,428.843,7720615484.0
780.998,100.0,90252.0,5067.0,66.0,474.258,7720673279.0
781.098,100.0,90252.0,5067.0,66.0,528.529,7720740436.0
781.198,100.0,90252.0,5067.0,67.0,587.155,7720809893.0
781.298,100.0,90252.0,5067.0,67.0,643.249,7720879953.0
781.398,100.0,90252.0,5067.0,67.0,669.432,7720949761.0
781.498,91.0,90252.0,5067.0,68.0,673.024,7721017420.0
781.598,91.0,90252.0,5067.0,68.0,677.644,7721086031.0
781.698,100.0,90252.0,5067.0,68.0,674.373,7721223508.0
781.798,100.0,90252.0,5067.0,69.0,676.031,7721359144.0
781.898,100.0,90252.0,5067.0,69.0,676.031,7721359144.0
781.997,100.0,90252.0,5067.0,69.0,680.873,7721422048.0
782.098,91.0,90252.0,5067.0,68.0,677.369,7721490703.0
782.198,100.0,90252.0,5067.0,69.0,676.778,7721559507.0
782.298,100.0,90252.0,5067.0,70.0,676.961,7721627792.0
782.397,100.0,90252.0,5067.0,70.0,680.918,7721696509.0
782.498,100.0,90252.0,5067.0,70.0,672.408,7721760008.0
782.598,100.0,90252.0,5067.0,70.0,672.408,7721827927.0
782.698,100.0,90252.0,5067.0,70.0,675.13,7721827927.0
782.798,100.0,90252.0,5067.0,69.0,673.535,7721896564.0
782.898,100.0,90252.0,5067.0,69.0,673.32,7721964959.0
782.997,100.0,90252.0,5067.0,70.0,672.822,7722033933.0
783.097,96.0,90252.0,5067.0,70.0,679.14,7722102163.0
783.198,96.0,90252.0,5067.0,70.0,675.278,7722169858.0
783.297,95.0,90252.0,5067.0,67.0,651.814,7722220750.0
783.398,95.0,90252.0,5067.0,66.0,632.582,7722266945.0
783.497,93.0,90252.0,5067.0,65.0,613.201,7722312097.0
783.598,93.0,90252.0,5067.0,65.0,586.575,7722353883.0
783.698,95.0,90252.0,5067.0,64.0,567.98,7722403671.0
783.798,95.0,90252.0,5067.0,64.0,553.883,7722453770.0
783.898,93.0,90252.0,5067.0,64.0,536.683,7722506948.0
783.998,95.0,90252.0,5067.0,63.0,463.26,7722609083.0
784.098,95.0,90252.0,5067.0,63.0,463.26,7722609083.0
784.197,95.0,90252.0,5067.0,63.0,434.295,7722641993.0
784.297,95.0,90252.0,5067.0,63.0,420.304,7722682470.0
784.397,95.0,90252.0,5067.0,62.0,419.069,7722728218.0
784.497,93.0,90252.0,5067.0,62.0,410.652,7722772032.0
784.597,95.0,90252.0,5067.0,62.0,417.755,7722822663.0
784.698,95.0,90252.0,5067.0,62.0,402.869,7722858282.0
784.797,93.0,90252.0,5067.0,62.0,406.116,7722908510.0
784.897,93.0,90252.0,5067.0,62.0,415.216,7722955490.0
784.998,95.0,90252.0,5067.0,62.0,422.834,7722995923.0
785.097,95.0,90252.0,5067.0,62.0,437.988,7723043007.0
785.198,95.0,90252.0,5067.0,62.0,437.988,7723043007.0
785.298,95.0,90252.0,5067.0,62.0,445.39,7723083257.0
785.398,95.0,90252.0,5067.0,61.0,453.983,7723136676.0
785.498,95.0,90252.0,5067.0,62.0,448.433,7723176552.0
785.598,95.0,90252.0,5067.0,62.0,441.323,7723215609.0
785.698,95.0,90252.0,5067.0,62.0,445.096,7723261834.0
785.798,95.0,90252.0,5067.0,61.0,454.11,7723309682.0
785.898,92.0,90252.0,5067.0,62.0,442.657,7723351894.0
785.998,92.0,90252.0,5067.0,62.0,436.456,7723391901.0
786.098,95.0,90252.0,5067.0,61.0,440.898,7723435358.0
786.198,95.0,90252.0,5067.0,61.0,437.033,7723478612.0
786.298,92.0,90252.0,5067.0,61.0,428.344,7723564295.0
786.398,92.0,90252.0,5067.0,61.0,428.344,7723564295.0
786.498,95.0,90252.0,5067.0,61.0,432.597,7723647497.0
786.598,95.0,90252.0,5067.0,61.0,432.669,7723688275.0
786.698,94.0,90252.0,5067.0,61.0,428.82,7723734388.0
786.798,94.0,90252.0,5067.0,61.0,428.521,7723780586.0
786.897,95.0,90252.0,5067.0,61.0,432.612,7723821085.0
786.998,95.0,90252.0,5067.0,61.0,432.015,7723866888.0
787.097,95.0,90252.0,5067.0,61.0,433.877,7723915197.0
787.198,95.0,90252.0,5067.0,61.0,436.898,7723957898.0
787.298,95.0,90252.0,5067.0,61.0,437.263,7723999879.0
787.398,94.0,90252.0,5067.0,61.0,440.744,7724043312.0
787.498,94.0,90252.0,5067.0,61.0,448.718,7724093926.0
787.597,94.0,90252.0,5067.0,61.0,448.718,7724093926.0
787.697,93.0,90252.0,5067.0,61.0,450.404,7724140949.0
787.797,93.0,90252.0,5067.0,61.0,444.527,7724182406.0
787.898,95.0,90252.0,5067.0,61.0,441.113,7724223324.0
787.997,95.0,90252.0,5067.0,61.0,441.129,7724263712.0
788.098,92.0,90252.0,5067.0,61.0,435.946,7724304195.0
788.198,92.0,90252.0,5067.0,61.0,436.849,7724352326.0
788.298,95.0,90252.0,5067.0,61.0,448.249,7724402238.0
788.398,95.0,90252.0,5067.0,61.0,450.949,7724449224.0
788.497,93.0,90252.0,5067.0,61.0,453.665,7724497098.0
788.598,95.0,90252.0,5067.0,61.0,457.108,7724597514.0
788.697,95.0,90252.0,5067.0,61.0,457.108,7724597514.0
788.797,95.0,90252.0,5067.0,61.0,462.6,7724645797.0
788.898,95.0,90252.0,5067.0,61.0,467.082,7724734298.0
788.998,95.0,90252.0,5067.0,61.0,471.385,7724779339.0
789.098,95.0,90252.0,5067.0,61.0,473.355,7724825318.0
789.198,95.0,90252.0,5067.0,61.0,471.414,7724871204.0
789.298,95.0,90252.0,5067.0,61.0,461.012,7724956833.0
789.398,95.0,90252.0,5067.0,61.0,461.012,7724956833.0
789.498,94.0,90252.0,5067.0,61.0,456.257,7724999566.0
789.598,94.0,90252.0,5067.0,61.0,451.382,7725043138.0
789.698,95.0,90252.0,5067.0,61.0,440.678,7725089639.0
789.797,93.0,90252.0,5067.0,61.0,444.039,7725138318.0
789.898,93.0,90252.0,5067.0,61.0,445.197,7725180433.0
789.997,95.0,90252.0,5067.0,61.0,446.055,7725228427.0
790.098,95.0,90252.0,5067.0,61.0,446.055,7725228427.0
790.197,95.0,90252.0,5067.0,61.0,435.922,7725266972.0
790.298,93.0,90252.0,5067.0,61.0,432.261,7725306612.0
790.398,93.0,90252.0,5067.0,61.0,435.029,7725347666.0
790.497,95.0,90252.0,5067.0,61.0,433.371,7725392449.0
790.598,95.0,90252.0,5067.0,61.0,434.484,7725435771.0
790.698,93.0,90252.0,5067.0,61.0,441.093,7725484125.0
790.798,93.0,90252.0,5067.0,61.0,436.287,7725529037.0
790.898,95.0,90252.0,5067.0,61.0,426.688,7725566859.0
790.997,95.0,90252.0,5067.0,61.0,423.989,7725611632.0
791.098,95.0,90252.0,5067.0,61.0,422.332,7725649270.0
791.198,95.0,90252.0,5067.0,60.0,429.453,7725694676.0
791.298,93.0,90252.0,5067.0,61.0,424.409,7725735392.0
791.398,93.0,90252.0,5067.0,60.0,431.118,7725823396.0
791.498,92.0,90252.0,5067.0,60.0,422.957,7725899046.0
791.598,92.0,90252.0,5067.0,60.0,422.957,7725899046.0
791.698,90.0,90252.0,5067.0,60.0,410.615,7725937565.0
791.797,90.0,90252.0,5067.0,60.0,413.656,7725984409.0
791.898,92.0,90252.0,5067.0,60.0,426.089,7726033514.0
791.998,92.0,90252.0,5067.0,60.0,419.116,7726070376.0
792.098,93.0,90252.0,5067.0,60.0,421.286,7726117579.0
792.197,93.0,90252.0,5067.0,60.0,418.796,7726155713.0
792.298,92.0,90252.0,5067.0,60.0,413.192,7726191672.0
792.398,92.0,90252.0,5067.0,60.0,413.192,7726229949.0
792.517,92.0,90252.0,5067.0,60.0,409.52,7726270912.0
792.598,92.0,90252.0,5067.0,60.0,409.52,7726270912.0
792.698,88.0,90252.0,5067.0,60.0,411.22,7726312706.0
792.798,88.0,90252.0,5067.0,60.0,406.763,7726353452.0
792.898,89.0,90252.0,5067.0,59.0,398.862,7726394591.0
792.998,89.0,90252.0,5067.0,60.0,407.444,7726438426.0
793.098,89.0,90252.0,5067.0,59.0,414.718,7726484379.0
793.198,89.0,90252.0,5067.0,60.0,408.149,7726525277.0
793.298,88.0,90252.0,5067.0,60.0,414.831,7726573729.0
793.398,88.0,90252.0,5067.0,59.0,410.906,7726607488.0
793.498,89.0,90252.0,5067.0,59.0,411.981,7726645122.0
793.598,89.0,90252.0,5067.0,59.0,410.749,7726684832.0
793.698,88.0,90252.0,5067.0,59.0,411.621,7726726606.0
793.798,88.0,90252.0,5067.0,59.0,411.714,7726766322.0
793.897,90.0,90252.0,5067.0,59.0,404.665,7726841895.0
793.997,90.0,90252.0,5067.0,59.0,403.781,7726883752.0
794.098,90.0,90252.0,5067.0,59.0,390.168,7726915090.0
794.198,90.0,90252.0,5067.0,59.0,393.483,7726971201.0
794.298,87.0,90252.0,5067.0,59.0,400.391,7727015246.0
794.398,87.0,90252.0,5067.0,59.0,408.291,7727044840.0
794.497,89.0,90252.0,5067.0,59.0,399.103,7727085368.0
794.598,89.0,90252.0,5067.0,59.0,400.2,7727127072.0
794.698,89.0,90252.0,5067.0,59.0,403.041,7727171460.0
794.797,89.0,90252.0,5067.0,59.0,410.441,7727206327.0
794.897,85.0,90252.0,5067.0,59.0,412.68,7727249486.0
794.997,85.0,90252.0,5067.0,59.0,406.948,7727249486.0
795.098,86.0,90252.0,5067.0,59.0,395.823,7727280279.0
795.197,86.0,90252.0,5067.0,59.0,406.685,7727321176.0
795.297,86.0,90252.0,5067.0,58.0,378.326,7727359418.0
795.398,86.0,90252.0,5067.0,58.0,387.372,7727397052.0
795.497,84.0,90252.0,5067.0,58.0,397.215,7727442491.0
795.598,84.0,90252.0,5067.0,58.0,385.671,7727476030.0
795.698,85.0,90252.0,5067.0,58.0,371.745,7727505443.0
795.798,85.0,90252.0,5067.0,58.0,355.388,7727531270.0
795.897,85.0,90252.0,5067.0,58.0,356.918,7727568044.0
795.997,85.0,90252.0,5067.0,57.0,356.181,7727605558.0
796.098,75.0,90252.0,5067.0,56.0,356.581,7727639531.0
796.197,75.0,90252.0,5067.0,55.0,329.888,7727661475.0
796.298,15.0,90252.0,5067.0,53.0,315.54,7727678623.0
796.397,15.0,90252.0,5067.0,52.0,279.441,7727691771.0
796.498,0.0,90252.0,5067.0,51.0,237.783,7727730889.0
796.598,0.0,90252.0,5067.0,51.0,237.783,7727730889.0
796.698,0.0,90252.0,5067.0,51.0,220.423,7727757331.0
796.797,0.0,90252.0,5067.0,54.0,233.577,7727810499.0
796.898,77.0,90252.0,5067.0,61.0,259.036,7727878760.0
796.998,77.0,90252.0,5067.0,62.0,288.038,7727948206.0
797.098,100.0,90252.0,5067.0,64.0,324.213,7728016733.0
797.198,100.0,90252.0,5067.0,65.0,372.623,7728084344.0
797.298,100.0,90252.0,5067.0,65.0,426.024,7728148417.0
797.398,100.0,90252.0,5067.0,66.0,480.803,7728216107.0
797.498,100.0,90252.0,5067.0,66.0,480.803,7728283962.0
797.598,100.0,90252.0,5067.0,67.0,591.295,7728283962.0
797.698,100.0,90252.0,5067.0,67.0,647.114,7728353200.0
797.798,100.0,90252.0,5067.0,68.0,674.211,7728422101.0
797.898,84.0,90252.0,5067.0,67.0,670.537,7728489045.0
797.998,84.0,90252.0,5067.0,68.0,672.335,7728551619.0
798.098,100.0,90252.0,5067.0,68.0,671.902,7728622648.0
798.198,100.0,90252.0,5067.0,69.0,672.53,7728691943.0
798.298,100.0,90252.0,5067.0,69.0,674.281,7728759782.0
798.398,100.0,90252.0,5067.0,66.0,675.859,7728827463.0
798.498,91.0,90252.0,5067.0,69.0,676.075,7728891259.0
798.598,91.0,90252.0,5067.0,69.0,674.127,7729029744.0
798.698,100.0,90252.0,5067.0,70.0,674.849,7729097230.0
798.798,100.0,90252.0,5067.0,70.0,675.673,7729165799.0
798.898,100.0,90252.0,5067.0,69.0,674.956,7729295426.0
798.998,100.0,90252.0,5067.0,69.0,674.956,7729295426.0
799.098,100.0,90252.0,5067.0,69.0,674.097,7729364324.0
799.198,100.0,90252.0,5067.0,70.0,674.002,7729364324.0
799.298,100.0,90252.0,5067.0,70.0,673.31,7729434304.0
799.398,100.0,90252.0,5067.0,70.0,672.364,7729502460.0
799.498,94.0,90252.0,5067.0,66.0,658.194,7729558567.0
799.598,94.0,90252.0,5067.0,65.0,631.541,7729603306.0
799.698,93.0,90252.0,5067.0,65.0,613.286,7729650319.0
799.798,93.0,90252.0,5067.0,64.0,590.891,7729701243.0
799.898,94.0,90252.0,5067.0,64.0,560.962,7729738964.0
799.998,94.0,90252.0,5067.0,63.0,548.623,7729787790.0
800.098,93.0,90252.0,5067.0,63.0,524.84,7729830008.0
800.197,93.0,90252.0,5067.0,63.0,503.734,7729879262.0
800.298,95.0,90252.0,5067.0,63.0,483.634,7729929860.0
800.397,95.0,90252.0,5067.0,63.0,452.25,7729965416.0
800.498,95.0,90252.0,5067.0,62.0,437.512,7730041126.0
800.598,95.0,90252.0,5067.0,62.0,435.205,7730075586.0
800.698,94.0,90252.0,5067.0,62.0,420.381,7730121658.0
800.797,94.0,90252.0,5067.0,62.0,425.279,7730165774.0
800.898,95.0,90252.0,5067.0,62.0,427.73,7730213931.0
800.998,95.0,90252.0,5067.0,62.0,423.816,7730250864.0
801.098,93.0,90252.0,5067.0,62.0,413.222,7730336297.0
801.198,93.0,90252.0,5067.0,62.0,413.222,7730336297.0
801.298,95.0,90252.0,5067.0,62.0,408.922,7730380632.0
801.398,95.0,90252.0,5067.0,62.0,420.507,7730426942.0
801.498,95.0,90252.0,5067.0,61.0,430.311,7730472356.0
801.598,95.0,90252.0,5067.0,61.0,430.311,7730472356.0
801.698,95.0,90252.0,5067.0,61.0,434.351,7730515420.0
801.798,95.0,90252.0,5067.0,61.0,433.247,7730556650.0
801.898,95.0,90252.0,5067.0,61.0,428.754,7730603461.0
801.998,95.0,90252.0,5067.0,61.0,428.48,7730638718.0
802.098,93.0,90252.0,5067.0,61.0,432.082,7730684512.0
802.198,93.0,90252.0,5067.0,61.0,425.439,7730721065.0
802.298,95.0,90252.0,5067.0,61.0,418.449,7730757829.0
802.398,95.0,90252.0,5067.0,61.0,409.779,7730792187.0
802.498,90.0,90252.0,5067.0,61.0,407.667,7730834590.0
802.598,95.0,90252.0,5067.0,61.0,402.692,7730918156.0
802.698,95.0,90252.0,5067.0,61.0,402.692,7730918156.0
802.798,95.0,90252.0,5067.0,61.0,404.543,7730961719.0
802.898,94.0,90252.0,5067.0,61.0,410.561,7731054541.0
802.998,94.0,90252.0,5067.0,61.0,414.894,7731098350.0
803.098,95.0,90252.0,5067.0,61.0,416.4,7731135647.0
803.198,95.0,90252.0,5067.0,61.0,420.177,7731182014.0
803.298,95.0,90252.0,5067.0,61.0,425.578,7731221912.0
803.398,95.0,90252.0,5067.0,61.0,432.515,7731265753.0
803.498,94.0,90252.0,5067.0,61.0,428.561,7731303167.0
803.598,94.0,90252.0,5067.0,61.0,432.371,7731348492.0
803.698,95.0,90252.0,5067.0,61.0,431.529,7731396249.0
803.798,95.0,90252.0,5067.0,61.0,436.46,7731439327.0
803.898,93.0,90252.0,5067.0,61.0,428.676,7731482191.0
803.998,93.0,90252.0,5067.0,61.0,428.676,7731482191.0
804.098,93.0,90252.0,5067.0,61.0,432.019,7731527912.0
804.198,95.0,90252.0,5067.0,61.0,431.011,7731568651.0
804.298,93.0,90252.0,5067.0,61.0,428.771,7731609398.0
804.398,93.0,90252.0,5067.0,61.0,425.479,7731649843.0
804.498,95.0,90252.0,5067.0,61.0,427.371,7731690451.0
804.598,95.0,90252.0,5067.0,61.0,423.831,7731731485.0
804.698,95.0,90252.0,5067.0,61.0,419.618,7731773333.0
804.798,95.0,90252.0,5067.0,61.0,416.483,7731813865.0
804.898,95.0,90252.0,5067.0,61.0,420.178,7731854978.0
804.998,95.0,90252.0,5067.0,61.0,415.966,7731900949.0
805.098,95.0,90252.0,5067.0,61.0,426.596,7731947950.0
805.198,95.0,90252.0,5067.0,61.0,427.408,7731995339.0
805.298,93.0,90252.0,5067.0,61.0,426.367,7732079509.0
805.398,95.0,90252.0,5067.0,61.0,434.768,7732165122.0
805.498,95.0,90252.0,5067.0,61.0,434.768,7732165122.0
805.598,95.0,90252.0,5067.0,61.0,432.257,7732203409.0
805.698,92.0,90252.0,5067.0,61.0,429.253,7732240426.0
805.797,92.0,90252.0,5067.0,60.0,426.33,7732280819.0
805.898,95.0,90252.0,5067.0,61.0,428.016,7732325476.0
805.998,95.0,90252.0,5067.0,61.0,431.335,7732377101.0
806.098,92.0,90252.0,5067.0,61.0,429.775,7732423695.0
806.198,93.0,90252.0,5067.0,61.0,434.302,7732504561.0
806.298,93.0,90252.0,5067.0,61.0,434.302,7732504561.0
806.398,93.0,90252.0,5067.0,60.0,418.761,7732547854.0
806.498,92.0,90252.0,5067.0,60.0,429.394,7732547854.0
806.598,92.0,90252.0,5067.0,60.0,428.938,7732595696.0
806.698,93.0,90252.0,5067.0,60.0,429.437,7732632388.0
806.798,93.0,90252.0,5067.0,60.0,432.57,7732671394.0
806.898,92.0,90252.0,5067.0,60.0,429.264,7732708483.0
806.998,92.0,90252.0,5067.0,60.0,424.389,7732753932.0
807.098,89.0,90252.0,5067.0,60.0,422.6,7732798461.0
807.198,89.0,90252.0,5067.0,60.0,420.968,7732843817.0
807.298,92.0,90252.0,5067.0,60.0,420.288,7732883841.0
807.398,92.0,90252.0,5067.0,60.0,424.872,7732927529.0
807.498,90.0,90252.0,5067.0,60.0,415.115,7732968179.0
807.598,92.0,90252.0,5067.0,60.0,423.534,7733052597.0
807.698,92.0,90252.0,5067.0,60.0,423.534,7733052597.0
807.798,92.0,90252.0,5067.0,60.0,420.166,7733130465.0
807.898,92.0,90252.0,5067.0,60.0,416.384,7733167599.0
807.998,92.0,90252.0,5067.0,60.0,413.364,7733210906.0
808.098,90.0,90252.0,5067.0,60.0,403.227,7733248190.0
808.198,90.0,90252.0,5067.0,59.0,402.519,7733287433.0
808.298,91.0,90252.0,5067.0,59.0,396.478,7733368967.0
808.398,91.0,90252.0,5067.0,59.0,396.478,7733368967.0
808.497,86.0,90252.0,5067.0,60.0,403.821,7733410254.0
808.598,86.0,90252.0,5067.0,59.0,393.528,7733448259.0
808.698,89.0,90252.0,5067.0,60.0,387.975,7733479160.0
808.798,89.0,90252.0,5067.0,59.0,384.234,7733520217.0
808.898,89.0,90252.0,5067.0,59.0,391.627,7733520217.0
808.997,89.0,90252.0,5067.0,59.0,400.945,7733564501.0
809.098,89.0,90252.0,5067.0,59.0,395.884,7733609342.0
809.198,89.0,90252.0,5067.0,59.0,396.264,7733651202.0
809.298,89.0,90252.0,5067.0,59.0,392.059,7733680669.0
809.398,89.0,90252.0,5067.0,59.0,403.435,7733722815.0
809.498,87.0,90252.0,5067.0,59.0,388.324,7733765568.0
809.598,87.0,90252.0,5067.0,59.0,395.756,7733799729.0
809.698,89.0,90252.0,5067.0,59.0,414.086,7733847334.0
809.798,89.0,90252.0,5067.0,59.0,424.42,7733901878.0
809.898,88.0,90252.0,5067.0,59.0,413.506,7733945137.0
809.998,88.0,90252.0,5067.0,59.0,390.549,7733971949.0
810.098,87.0,90252.0,5067.0,59.0,395.61,7733996689.0
810.198,87.0,90252.0,5067.0,58.0,394.109,7734039669.0
810.298,87.0,90252.0,5067.0,59.0,400.056,7734119178.0
810.398,87.0,90252.0,5067.0,58.0,380.164,7734144766.0
810.497,86.0,90252.0,5067.0,58.0,381.767,7734183712.0
810.597,86.0,90252.0,5067.0,58.0,375.618,7734213034.0
810.697,84.0,90252.0,5067.0,58.0,345.351,7734240692.0
810.797,84.0,90252.0,5067.0,58.0,328.948,7734264329.0
810.897,85.0,90252.0,5067.0,58.0,315.077,7734286681.0
810.997,85.0,90252.0,5067.0,58.0,325.8,7734330569.0
811.098,85.0,90252.0,5067.0,58.0,316.5,7734393689.0
811.198,85.0,90252.0,5067.0,58.0,316.5,7734393689.0
811.298,84.0,90252.0,5067.0,57.0,311.25,7734464671.0
811.398,84.0,90252.0,5067.0,57.0,311.25,7734464671.0
811.498,84.0,90252.0,5067.0,57.0,317.788,7734464671.0
811.597,85.0,90252.0,5067.0,57.0,311.718,7734489002.0
811.698,85.0,90252.0,5067.0,57.0,302.331,7734522649.0
811.798,84.0,90252.0,5067.0,57.0,324.752,7734566673.0
811.898,84.0,90252.0,5067.0,57.0,332.63,7734597975.0
811.997,82.0,90252.0,5067.0,57.0,342.303,7734631631.0
812.098,81.0,90252.0,5067.0,57.0,334.292,7734661795.0
812.197,81.0,90252.0,5067.0,57.0,330.987,7734696102.0
812.297,77.0,90252.0,5067.0,56.0,319.99,7734722809.0
812.398,77.0,90252.0,5067.0,55.0,313.326,7734744808.0
812.498,43.0,90252.0,5067.0,53.0,300.512,7734770880.0
812.598,0.0,90252.0,5067.0,51.0,254.031,7734797343.0
812.698,0.0,90252.0,5067.0,51.0,254.031,7734797343.0
812.798,0.0,90252.0,5067.0,51.0,229.867,7734810349.0
812.898,0.0,90252.0,5067.0,51.0,213.818,7734823246.0
812.998,0.0,90252.0,5067.0,55.0,217.333,7734892766.0
813.098,0.0,90252.0,5067.0,55.0,217.333,7734892766.0
813.198,0.0,90252.0,5067.0,55.0,217.333,7734892766.0
813.298,0.0,90252.0,5067.0,55.0,217.333,7734892766.0
813.398,100.0,90252.0,5067.0,64.0,382.391,7735168055.0
813.498,100.0,90252.0,5067.0,64.0,382.391,7735168055.0
813.598,100.0,90252.0,5067.0,65.0,488.261,7735228634.0
813.698,100.0,90252.0,5067.0,65.0,488.261,7735366188.0
813.798,100.0,90252.0,5067.0,65.0,488.261,7735366188.0
813.898,99.0,90252.0,5067.0,67.0,647.624,7735501084.0
813.998,99.0,90252.0,5067.0,67.0,647.624,7735501084.0
814.098,91.0,90252.0,5067.0,68.0,671.413,7735501084.0
814.198,91.0,90252.0,5067.0,68.0,671.413,7735633768.0
814.298,91.0,90252.0,5067.0,68.0,671.413,7735633768.0
814.398,100.0,90252.0,5067.0,68.0,670.95,7735770543.0
814.498,100.0,90252.0,5067.0,68.0,673.369,7735840786.0
814.598,100.0,90252.0,5067.0,69.0,674.202,7735910634.0
814.698,90.0,90252.0,5067.0,69.0,675.834,7736040674.0
814.798,90.0,90252.0,5067.0,69.0,675.834,7736040674.0
814.898,90.0,90252.0,5067.0,69.0,676.554,7736108344.0
814.998,100.0,90252.0,5067.0,69.0,678.228,7736247153.0
815.098,100.0,90252.0,5067.0,70.0,681.698,7736313101.0
815.198,100.0,90252.0,5067.0,67.0,668.963,7736313101.0
815.298,89.0,90252.0,5067.0,65.0,638.337,7736400549.0
815.398,89.0,90252.0,5067.0,63.0,604.261,7736438487.0
815.498,91.0,90252.0,5067.0,63.0,572.858,7736475805.0
815.598,91.0,90252.0,5067.0,63.0,572.858,7736475805.0
815.698,91.0,90252.0,5067.0,62.0,550.404,7736515402.0
815.798,88.0,90252.0,5067.0,62.0,527.862,7736556884.0
815.898,88.0,90252.0,5067.0,62.0,498.334,7736591740.0
815.998,90.0,90252.0,5067.0,61.0,457.974,7736630686.0
816.098,90.0,90252.0,5067.0,61.0,433.856,7736668844.0
816.198,90.0,90252.0,5067.0,61.0,387.466,7736749182.0
816.298,90.0,90252.0,5067.0,61.0,387.466,7736749182.0
816.398,90.0,90252.0,5067.0,61.0,392.233,7736794037.0
816.498,90.0,90252.0,5067.0,60.0,395.599,7736833830.0
816.598,91.0,90252.0,5067.0,60.0,390.844,7736869084.0
816.697,89.0,90252.0,5067.0,60.0,395.95,7736908083.0
816.798,89.0,90252.0,5067.0,60.0,402.899,7736948028.0
816.898,91.0,90252.0,5067.0,60.0,400.394,7737070513.0
816.998,91.0,90252.0,5067.0,60.0,400.394,7737070513.0
817.098,91.0,90252.0,5067.0,60.0,402.299,7737109254.0
817.198,91.0,90252.0,5067.0,60.0,400.629,7737146145.0
817.298,89.0,90252.0,5067.0,60.0,397.931,7737188377.0
817.398,89.0,90252.0,5067.0,59.0,392.417,7737226701.0
817.498,91.0,90252.0,5067.0,60.0,396.128,7737265902.0
817.597,91.0,90252.0,5067.0,60.0,397.886,7737305200.0
817.698,89.0,90252.0,5067.0,60.0,391.269,7737387349.0
817.798,89.0,90252.0,5067.0,60.0,391.269,7737387349.0
817.898,91.0,90252.0,5067.0,60.0,388.826,7737424183.0
817.998,91.0,90252.0,5067.0,60.0,388.826,7737466961.0
818.098,91.0,90252.0,5067.0,60.0,394.591,7737466961.0
818.198,91.0,90252.0,5067.0,59.0,395.72,7737509323.0
818.298,91.0,90252.0,5067.0,59.0,406.958,7737556223.0
818.398,89.0,90252.0,5067.0,60.0,404.642,7737597763.0
818.498,89.0,90252.0,5067.0,59.0,412.441,7737641466.0
818.598,90.0,90252.0,5067.0,59.0,407.192,7737676547.0
818.698,90.0,90252.0,5067.0,59.0,413.47,7737720080.0
818.798,89.0,90252.0,5067.0,59.0,410.6,7737760152.0
818.898,89.0,90252.0,5067.0,59.0,403.611,7737795519.0
818.998,91.0,90252.0,5067.0,59.0,412.378,7737838611.0
819.098,91.0,90252.0,5067.0,59.0,410.65,7737880180.0
819.198,88.0,90252.0,5067.0,59.0,400.136,7737996218.0
819.298,88.0,90252.0,5067.0,59.0,400.136,7737996218.0
819.397,87.0,90252.0,5067.0,59.0,398.607,7738034636.0
819.498,87.0,90252.0,5067.0,59.0,391.683,7738072312.0
819.598,88.0,90252.0,5067.0,59.0,395.301,7738111711.0
819.698,88.0,90252.0,5067.0,59.0,389.592,7738154492.0
819.798,86.0,90252.0,5067.0,59.0,392.173,7738192607.0
819.898,86.0,90252.0,5067.0,59.0,398.546,7738234565.0
819.997,88.0,90252.0,5067.0,59.0,398.417,7738278770.0
820.097,88.0,90252.0,5067.0,59.0,397.118,7738318417.0
820.198,88.0,90252.0,5067.0,59.0,405.902,7738356747.0
820.298,88.0,90252.0,5067.0,59.0,402.223,7738393709.0
820.398,87.0,90252.0,5067.0,59.0,399.434,7738393709.0
820.498,87.0,90252.0,5067.0,59.0,397.251,7738431964.0
820.598,88.0,90252.0,5067.0,59.0,399.33,7738512083.0
820.698,88.0,90252.0,5067.0,59.0,399.33,7738512083.0
820.799,86.0,90252.0,5067.0,59.0,404.039,7738596587.0
820.898,86.0,90252.0,5067.0,59.0,404.039,7738596587.0
820.998,89.0,90252.0,5067.0,59.0,406.457,7738638472.0
821.098,89.0,90252.0,5067.0,59.0,414.446,7738690155.0
821.198,89.0,90252.0,5067.0,59.0,404.3,7738721309.0
821.298,87.0,90252.0,5067.0,59.0,418.069,7738768718.0
821.398,89.0,90252.0,5067.0,59.0,420.253,7738862405.0
821.498,89.0,90252.0,5067.0,59.0,420.253,7738862405.0
821.598,89.0,90252.0,5067.0,59.0,420.94,7738895214.0
821.698,88.0,90252.0,5067.0,59.0,420.797,7738976979.0
821.798,88.0,90252.0,5067.0,59.0,420.331,7739016624.0
821.898,87.0,90252.0,5067.0,59.0,412.808,7739052769.0
821.998,87.0,90252.0,5067.0,59.0,407.118,7739093432.0
822.098,89.0,90252.0,5067.0,59.0,399.481,7739169265.0
822.198,89.0,90252.0,5067.0,59.0,399.481,7739169265.0
822.298,87.0,90252.0,5067.0,59.0,408.174,7739218158.0
822.398,87.0,90252.0,5067.0,59.0,389.267,7739247229.0
822.497,89.0,90252.0,5067.0,59.0,380.127,7739271201.0
822.598,89.0,90252.0,5067.0,59.0,371.86,7739303792.0
822.706,89.0,90252.0,5067.0,59.0,359.138,7739336466.0
822.798,89.0,90252.0,5067.0,59.0,359.138,7739336466.0
822.898,89.0,90252.0,5067.0,59.0,357.958,7739375623.0
822.998,87.0,90252.0,5067.0,59.0,368.426,7739420558.0
823.098,87.0,90252.0,5067.0,59.0,366.086,7739461163.0
823.198,89.0,90252.0,5067.0,59.0,381.115,7739508593.0
823.298,89.0,90252.0,5067.0,59.0,385.605,7739548546.0
823.398,89.0,90252.0,5067.0,59.0,360.165,7739575823.0
823.498,89.0,90252.0,5067.0,59.0,372.31,7739625131.0
823.598,87.0,90252.0,5067.0,59.0,387.395,7739665251.0
823.698,87.0,90252.0,5067.0,59.0,406.428,7739711945.0
823.798,88.0,90252.0,5067.0,59.0,421.34,7739757435.0
823.898,88.0,90252.0,5067.0,59.0,423.239,7739796557.0
823.997,88.0,90252.0,5067.0,58.0,409.402,7739829229.0
824.098,88.0,90252.0,5067.0,59.0,408.683,7739877015.0
824.198,88.0,90252.0,5067.0,58.0,408.306,7739956079.0
824.298,89.0,90252.0,5067.0,58.0,411.538,7739990921.0
824.398,89.0,90252.0,5067.0,58.0,411.036,7740032071.0
824.498,88.0,90252.0,5067.0,58.0,411.375,7740074817.0
824.598,88.0,90252.0,5067.0,58.0,397.705,7740107290.0
824.698,85.0,90252.0,5067.0,58.0,391.831,7740147350.0
824.798,85.0,90252.0,5067.0,58.0,385.216,7740183356.0
824.898,86.0,90252.0,5067.0,58.0,389.413,7740217421.0
824.998,86.0,90252.0,5067.0,58.0,379.891,7740257615.0
825.098,84.0,90252.0,5067.0,58.0,374.461,7740286149.0
825.198,84.0,90252.0,5067.0,58.0,367.19,7740323968.0
825.298,84.0,90252.0,5067.0,58.0,367.19,7740323968.0
825.398,86.0,90252.0,5067.0,58.0,377.022,7740369634.0
825.498,86.0,90252.0,5067.0,58.0,379.303,7740410124.0
825.598,85.0,90252.0,5067.0,58.0,367.419,7740444676.0
825.698,85.0,90252.0,5067.0,58.0,369.812,7740476256.0
825.797,84.0,90252.0,5067.0,57.0,360.608,7740508928.0
825.898,84.0,90252.0,5067.0,58.0,369.081,7740549996.0
825.998,84.0,90252.0,5067.0,57.0,361.453,7740585779.0
826.098,84.0,90252.0,5067.0,57.0,370.056,7740624992.0
826.198,84.0,90252.0,5067.0,57.0,372.278,7740658445.0
826.298,84.0,90252.0,5067.0,57.0,367.798,7740691109.0
826.398,80.0,90252.0,5067.0,57.0,348.805,7740726717.0
826.498,80.0,90252.0,5067.0,57.0,344.731,7740756932.0
826.598,80.0,90252.0,5067.0,56.0,346.921,7740822555.0
826.698,80.0,90252.0,5067.0,56.0,352.161,7740858453.0
826.798,80.0,90252.0,5067.0,56.0,338.374,7740883230.0
826.898,80.0,90252.0,5067.0,56.0,334.384,7740914398.0
826.997,80.0,90252.0,5067.0,56.0,321.969,7740945646.0
827.098,79.0,90252.0,5067.0,56.0,320.856,7740975969.0
827.198,79.0,90252.0,5067.0,56.0,310.602,7741002513.0
827.298,80.0,90252.0,5067.0,56.0,309.797,7741035640.0
827.398,80.0,90252.0,5067.0,56.0,311.557,7741067500.0
827.498,80.0,90252.0,5067.0,55.0,322.834,7741106459.0
827.598,80.0,90252.0,5067.0,55.0,320.006,7741142253.0
827.698,80.0,90252.0,5067.0,55.0,320.006,7741142253.0
827.798,79.0,90252.0,5067.0,55.0,317.085,7741175328.0
827.897,79.0,90252.0,5067.0,55.0,328.867,7741214864.0
827.998,80.0,90252.0,5067.0,55.0,326.082,7741240841.0
828.098,80.0,90252.0,5067.0,54.0,320.335,7741263506.0
828.198,58.0,90252.0,5067.0,53.0,302.114,7741277049.0
828.298,58.0,90252.0,5067.0,52.0,288.713,7741290078.0
828.398,0.0,90252.0,5067.0,51.0,270.376,7741303074.0
828.498,0.0,90252.0,5067.0,50.0,229.268,7741316024.0
828.598,0.0,90252.0,5067.0,50.0,205.671,7741328967.0
828.698,0.0,90252.0,5067.0,50.0,182.342,7741354790.0
828.797,0.0,90252.0,5067.0,49.0,162.848,7741367515.0
828.898,0.0,90252.0,5067.0,49.0,143.156,7741380236.0
828.997,0.0,90252.0,5067.0,49.0,131.65,7741392991.0
829.098,0.0,90252.0,5067.0,49.0,128.854,7741405709.0
829.198,0.0,90252.0,5067.0,49.0,128.444,7741418393.0
829.298,0.0,90252.0,5067.0,49.0,128.15,7741431086.0
829.398,0.0,90252.0,5067.0,48.0,127.86,7741443782.0
829.498,0.0,90252.0,5067.0,48.0,127.647,7741456472.0
829.598,0.0,90252.0,5067.0,48.0,127.426,7741469159.0
829.698,0.0,90252.0,5067.0,48.0,127.243,7741481819.0
829.798,0.0,90252.0,5067.0,48.0,127.045,7741494487.0
829.898,0.0,90252.0,5067.0,48.0,126.974,7741507138.0
829.998,0.0,90252.0,5067.0,48.0,126.916,7741519814.0
830.098,0.0,90252.0,5067.0,48.0,126.916,7741532472.0
830.198,0.0,90252.0,5067.0,48.0,126.834,7741532472.0
830.298,0.0,90252.0,5067.0,48.0,126.785,7741545092.0
830.398,0.0,90252.0,5067.0,48.0,126.761,7741557759.0
830.498,0.0,90252.0,5067.0,48.0,126.673,7741570365.0
830.598,0.0,90252.0,5067.0,48.0,126.619,7741582999.0
830.698,0.0,90252.0,5067.0,48.0,126.574,7741595599.0
830.798,0.0,90252.0,5067.0,48.0,126.538,7741608254.0
830.898,0.0,90252.0,5067.0,48.0,126.493,7741620927.0
830.998,0.0,90252.0,5067.0,48.0,126.512,7741633501.0
831.098,0.0,90252.0,5067.0,48.0,126.396,7741646094.0
831.198,0.0,90252.0,5067.0,47.0,126.376,7741658736.0
831.298,0.0,90252.0,5067.0,47.0,126.325,7741671353.0
831.397,0.0,90252.0,5067.0,47.0,126.287,7741683934.0
831.498,0.0,90252.0,5067.0,47.0,126.278,7741696524.0
831.597,0.0,90252.0,5067.0,47.0,126.18,7741709111.0
831.698,0.0,90252.0,5067.0,47.0,126.157,7741721713.0
831.797,0.0,90252.0,5067.0,47.0,126.093,7741746879.0
831.898,0.0,90252.0,5067.0,47.0,126.008,7741759488.0
831.998,0.0,90252.0,5067.0,47.0,126.034,7741772054.0
832.098,0.0,90252.0,5067.0,47.0,126.003,7741784670.0
832.198,0.0,90252.0,5067.0,47.0,125.977,7741797260.0
832.298,0.0,90252.0,5067.0,47.0,125.948,7741809834.0
832.398,0.0,90252.0,5067.0,47.0,125.951,7741835020.0
832.498,0.0,90252.0,5067.0,47.0,125.951,7741835020.0
832.598,0.0,90252.0,5067.0,47.0,125.968,7741847612.0
832.698,0.0,90252.0,5067.0,47.0,125.93,7741860200.0
832.798,0.0,90252.0,5067.0,47.0,125.968,7741872780.0
832.898,0.0,90252.0,5067.0,47.0,125.985,7741885373.0
832.998,0.0,90252.0,5067.0,47.0,125.983,7741897956.0
833.098,0.0,90252.0,5067.0,47.0,125.984,7741910545.0
833.198,0.0,90252.0,5067.0,47.0,125.984,7741923115.0
833.298,0.0,90252.0,5067.0,47.0,125.942,7741923115.0
833.398,0.0,90252.0,5067.0,47.0,125.948,7741935693.0
833.498,0.0,90252.0,5067.0,47.0,125.906,7741948237.0
833.598,0.0,90252.0,5067.0,47.0,125.929,7741960842.0
833.698,0.0,90252.0,5067.0,47.0,125.863,7741973404.0
833.798,0.0,90252.0,5067.0,47.0,125.838,7741998520.0
833.898,0.0,90252.0,5067.0,47.0,125.838,7741998520.0
833.998,0.0,90252.0,5067.0,47.0,125.825,7742011083.0
834.098,0.0,90252.0,5067.0,47.0,125.769,7742023645.0
834.198,0.0,90252.0,5067.0,47.0,125.757,7742036232.0
834.298,0.0,90252.0,5067.0,47.0,125.755,7742048795.0
834.398,0.0,90252.0,5067.0,47.0,125.737,7742061357.0
834.498,0.0,90252.0,5067.0,47.0,125.752,7742073910.0
834.598,0.0,90252.0,5067.0,47.0,125.71,7742086497.0
834.698,0.0,90252.0,5067.0,47.0,125.735,7742099068.0
834.798,0.0,90252.0,5067.0,47.0,125.74,7742111606.0
834.898,0.0,90252.0,5067.0,47.0,125.736,7742136771.0
834.998,0.0,90252.0,5067.0,47.0,125.695,7742149288.0
835.098,0.0,90252.0,5067.0,47.0,125.688,7742161854.0
835.198,0.0,90252.0,5067.0,47.0,125.677,7742174417.0
835.298,0.0,90252.0,5067.0,47.0,125.688,7742186982.0
835.398,0.0,90252.0,5067.0,47.0,125.667,7742199527.0
835.498,0.0,90252.0,5067.0,47.0,125.669,7742212104.0
835.598,0.0,90252.0,5067.0,47.0,125.635,7742224640.0
835.698,0.0,90252.0,5067.0,47.0,125.61,7742237173.0
835.798,0.0,90252.0,5067.0,47.0,125.566,7742249703.0
835.898,0.0,90252.0,5067.0,47.0,125.561,7742262258.0
835.998,0.0,90252.0,5067.0,47.0,125.584,7742274808.0
836.098,0.0,90252.0,5067.0,47.0,125.548,7742287358.0
836.198,0.0,90252.0,5067.0,47.0,125.557,7742299918.0
836.298,0.0,90252.0,5067.0,47.0,125.535,7742312469.0
836.398,0.0,90252.0,5067.0,47.0,125.535,7742324990.0
836.498,0.0,90252.0,5067.0,47.0,125.521,7742324990.0
836.598,0.0,90252.0,5067.0,47.0,125.532,7742337568.0
836.698,0.0,90252.0,5067.0,47.0,125.541,7742350124.0
836.798,0.0,90252.0,5067.0,47.0,125.554,7742362674.0
836.898,0.0,90252.0,5067.0,47.0,125.564,7742375208.0
836.998,0.0,90252.0,5067.0,47.0,125.576,7742387777.0
837.098,0.0,90252.0,5067.0,47.0,125.578,7742400326.0
837.198,0.0,90252.0,5067.0,47.0,125.574,7742412868.0
837.298,0.0,90252.0,5067.0,47.0,125.547,7742425406.0
837.398,0.0,90252.0,5067.0,47.0,125.544,7742437952.0
837.498,0.0,90252.0,5067.0,47.0,125.59,7742450521.0
837.598,0.0,90252.0,5067.0,47.0,125.529,7742475578.0
837.698,0.0,90252.0,5067.0,47.0,125.529,7742475578.0
837.797,0.0,90252.0,5067.0,47.0,125.513,7742488120.0
837.898,0.0,90252.0,5067.0,47.0,125.535,7742500676.0
837.998,0.0,90252.0,5067.0,47.0,125.533,7742513242.0
838.098,0.0,90252.0,5067.0,47.0,125.547,7742538354.0
838.198,0.0,90252.0,5067.0,47.0,125.576,7742550915.0
838.298,0.0,90252.0,5067.0,47.0,125.596,7742563463.0
838.398,0.0,90252.0,5067.0,47.0,125.569,7742576010.0
838.498,0.0,90252.0,5067.0,47.0,125.55,7742588530.0
838.598,0.0,90252.0,5067.0,47.0,125.542,7742601046.0
838.698,0.0,90252.0,5067.0,47.0,125.555,7742613594.0
838.798,0.0,90252.0,5067.0,47.0,125.473,7742626075.0
838.898,0.0,90252.0,5067.0,47.0,125.463,7742638618.0
838.998,0.0,90252.0,5067.0,47.0,125.454,7742651122.0
839.098,0.0,90252.0,5067.0,47.0,125.429,7742663672.0
839.198,0.0,90252.0,5067.0,47.0,125.394,7742676195.0
839.298,0.0,90252.0,5067.0,47.0,125.375,7742688719.0
839.397,0.0,90252.0,5067.0,47.0,125.356,7742701257.0
839.498,0.0,90252.0,5067.0,47.0,125.356,7742713791.0
839.598,0.0,90252.0,5067.0,47.0,125.359,7742713791.0
839.698,0.0,90252.0,5067.0,47.0,125.387,7742726325.0
839.798,0.0,90252.0,5067.0,47.0,125.405,7742738892.0
839.898,0.0,90252.0,5067.0,47.0,125.439,7742751395.0
839.998,0.0,90252.0,5067.0,47.0,125.408,7742763923.0
840.098,0.0,90252.0,5067.0,47.0,125.429,7742776457.0
840.198,0.0,90252.0,5067.0,47.0,125.443,7742789011.0
840.298,0.0,90252.0,5067.0,47.0,125.457,7742801535.0
840.398,0.0,90252.0,5067.0,47.0,125.467,7742814073.0
840.498,0.0,90252.0,5067.0,47.0,125.465,7742826606.0
840.598,0.0,90252.0,5067.0,47.0,125.531,7742839202.0
840.697,0.0,90252.0,5067.0,47.0,125.511,7742851700.0
840.798,0.0,90252.0,5067.0,47.0,125.471,7742864224.0
840.897,0.0,90252.0,5067.0,47.0,125.472,7742876750.0
840.998,0.0,90252.0,5067.0,47.0,125.49,7742889286.0
841.098,0.0,90252.0,5067.0,47.0,125.502,7742914381.0
841.198,0.0,90252.0,5067.0,47.0,125.479,7742926941.0
841.298,0.0,90252.0,5067.0,47.0,125.513,7742939486.0
841.398,0.0,90252.0,5067.0,47.0,125.512,7742952046.0
841.498,0.0,90252.0,5067.0,47.0,125.522,7742964579.0
841.598,0.0,90252.0,5067.0,47.0,125.462,7742977111.0
841.698,0.0,90252.0,5067.0,47.0,125.495,7742989658.0
841.798,0.0,90252.0,5067.0,47.0,125.517,7743002193.0
841.898,0.0,90252.0,5067.0,47.0,125.52,7743014728.0
841.997,0.0,90252.0,5067.0,47.0,125.529,7743027229.0
842.098,0.0,90252.0,5067.0,47.0,125.487,7743052312.0
842.197,0.0,90252.0,5067.0,47.0,125.487,7743052312.0
842.298,0.0,90252.0,5067.0,47.0,125.458,7743064844.0
842.398,0.0,90252.0,5067.0,47.0,125.458,7743077395.0
842.498,0.0,90252.0,5067.0,47.0,125.442,7743089916.0
842.598,0.0,90252.0,5067.0,47.0,125.418,7743102443.0
842.698,0.0,90252.0,5067.0,47.0,125.415,7743102443.0
842.798,0.0,90252.0,5067.0,47.0,125.389,7743114961.0
842.897,0.0,90252.0,5067.0,47.0,125.388,7743127495.0
842.997,0.0,90252.0,5067.0,47.0,125.367,7743140005.0
843.098,0.0,90252.0,5067.0,47.0,125.357,7743152531.0
843.198,0.0,90252.0,5067.0,47.0,125.354,7743165073.0
843.298,0.0,90252.0,5067.0,47.0,125.359,7743177601.0
843.398,0.0,90252.0,5067.0,47.0,125.353,7743190132.0
843.498,0.0,90252.0,5067.0,47.0,125.392,7743215255.0
843.598,0.0,90252.0,5067.0,47.0,125.392,7743215255.0
843.698,0.0,90252.0,5067.0,46.0,125.406,7743227794.0
843.798,0.0,90252.0,5067.0,47.0,125.396,7743240334.0
843.898,0.0,90252.0,5067.0,47.0,125.403,7743252864.0
843.998,0.0,90252.0,5067.0,46.0,125.452,7743265423.0
844.098,0.0,90252.0,5067.0,47.0,125.488,7743277959.0
844.197,0.0,90252.0,5067.0,47.0,125.494,7743290493.0
844.298,0.0,90252.0,5067.0,46.0,125.509,7743315532.0
844.397,0.0,90252.0,5067.0,46.0,125.48,7743328059.0
844.498,0.0,90252.0,5067.0,46.0,125.399,7743340568.0
844.598,0.0,90252.0,5067.0,46.0,125.391,7743353094.0
844.698,0.0,90252.0,5067.0,46.0,125.374,7743365621.0
844.798,0.0,90252.0,5067.0,46.0,125.364,7743378140.0
844.898,0.0,90252.0,5067.0,46.0,125.307,7743390643.0
844.998,0.0,90252.0,5067.0,46.0,125.268,7743415702.0
845.098,0.0,90252.0,5067.0,46.0,125.268,7743415702.0
845.198,0.0,90252.0,5067.0,46.0,125.265,7743428231.0
845.298,0.0,90252.0,5067.0,46.0,125.28,7743440760.0
845.398,0.0,90252.0,5067.0,46.0,125.286,7743453303.0
845.498,0.0,90252.0,5067.0,46.0,125.314,7743465827.0
845.598,0.0,90252.0,5067.0,46.0,125.31,7743478364.0
845.698,0.0,90252.0,5067.0,46.0,125.31,7743490894.0
845.798,0.0,90252.0,5067.0,46.0,125.324,7743490894.0
845.898,0.0,90252.0,5067.0,46.0,125.323,7743503403.0
845.998,0.0,90252.0,5067.0,46.0,125.376,7743515952.0
846.098,0.0,90252.0,5067.0,46.0,125.363,7743528454.0
846.198,0.0,90252.0,5067.0,46.0,125.326,7743540934.0
846.298,0.0,90252.0,5067.0,46.0,125.306,7743553443.0
846.398,0.0,90252.0,5067.0,46.0,125.319,7743565988.0
846.498,0.0,90252.0,5067.0,46.0,125.307,7743578538.0
846.598,0.0,90252.0,5067.0,46.0,125.301,7743591040.0
846.698,0.0,90252.0,5067.0,46.0,125.303,7743603561.0
846.798,0.0,90252.0,5067.0,46.0,125.277,7743616056.0
846.898,0.0,90252.0,5067.0,46.0,125.321,7743628602.0
846.998,0.0,90252.0,5067.0,46.0,125.29,7743641145.0
847.098,0.0,90252.0,5067.0,46.0,125.316,7743653665.0
847.198,0.0,90252.0,5067.0,46.0,125.356,7743666171.0
847.298,0.0,90252.0,5067.0,46.0,125.332,7743691211.0
847.398,0.0,90252.0,5067.0,46.0,125.332,7743691211.0
847.498,0.0,90252.0,5067.0,46.0,125.297,7743716232.0
847.598,0.0,90252.0,5067.0,46.0,125.291,7743728762.0
847.698,0.0,90252.0,5067.0,46.0,125.293,7743741281.0
847.798,0.0,90252.0,5067.0,46.0,125.31,7743753811.0
847.898,0.0,90252.0,5067.0,46.0,125.247,7743766316.0
847.997,0.0,90252.0,5067.0,46.0,125.254,7743778848.0
848.098,0.0,90252.0,5067.0,46.0,125.311,7743791387.0
848.198,0.0,90252.0,5067.0,46.0,125.279,7743803925.0
848.298,0.0,90252.0,5067.0,46.0,125.301,7743816435.0
848.398,0.0,90252.0,5067.0,46.0,125.337,7743828933.0
848.498,0.0,90252.0,5067.0,46.0,125.34,7743841474.0
848.598,0.0,90252.0,5067.0,46.0,125.323,7743853983.0
848.697,0.0,90252.0,5067.0,46.0,125.304,7743866503.0
848.798,0.0,90252.0,5067.0,46.0,125.312,7743879013.0
848.898,0.0,90252.0,5067.0,46.0,125.355,7743891571.0
848.998,0.0,90252.0,5067.0,46.0,125.355,7743904098.0
849.098,0.0,90252.0,5067.0,46.0,125.369,7743904098.0
849.198,0.0,90252.0,5067.0,46.0,125.345,7743916653.0
849.298,0.0,90252.0,5067.0,46.0,125.328,7743929168.0
849.398,0.0,90252.0,5067.0,46.0,125.322,7743941668.0
849.498,0.0,90252.0,5067.0,46.0,125.313,7743966704.0
849.598,0.0,90252.0,5067.0,46.0,125.313,7743966704.0
849.698,0.0,90252.0,5067.0,46.0,125.325,7743979231.0
849.798,0.0,90252.0,5067.0,46.0,125.343,7743991751.0
849.898,0.0,90252.0,5067.0,46.0,125.318,7744004293.0
849.998,0.0,90252.0,5067.0,46.0,125.337,7744016829.0
850.098,0.0,90252.0,5067.0,46.0,125.304,7744041887.0
850.198,0.0,90252.0,5067.0,46.0,125.304,7744041887.0
850.298,0.0,90252.0,5067.0,46.0,125.298,7744054397.0
850.398,0.0,90252.0,5067.0,46.0,125.313,7744066919.0
850.498,0.0,90252.0,5067.0,46.0,125.322,7744079445.0
850.598,0.0,90252.0,5067.0,46.0,125.362,7744104508.0
850.698,0.0,90252.0,5067.0,46.0,125.334,7744117037.0
850.798,0.0,90252.0,5067.0,46.0,125.354,7744129535.0
850.898,0.0,90252.0,5067.0,46.0,125.301,7744154577.0
850.998,0.0,90252.0,5067.0,46.0,125.301,7744154577.0
851.098,0.0,90252.0,5067.0,46.0,125.306,7744167118.0
851.198,0.0,90252.0,5067.0,46.0,125.333,7744179622.0
851.298,0.0,90252.0,5067.0,46.0,125.333,7744192169.0
851.398,0.0,90252.0,5067.0,46.0,125.373,7744204686.0
851.498,0.0,90252.0,5067.0,46.0,125.359,7744229753.0
851.598,0.0,90252.0,5067.0,46.0,125.359,7744229753.0
851.698,0.0,90252.0,5067.0,46.0,125.385,7744242314.0
851.798,0.0,90252.0,5067.0,46.0,125.372,7744254801.0
851.898,0.0,90252.0,5067.0,46.0,125.355,7744267323.0
851.998,0.0,90252.0,5067.0,46.0,125.355,7744279824.0
852.098,0.0,90252.0,5067.0,46.0,125.341,7744279824.0
852.198,0.0,90252.0,5067.0,46.0,125.348,7744292364.0
852.298,0.0,90252.0,5067.0,46.0,125.385,7744304919.0
852.398,0.0,90252.0,5067.0,46.0,125.362,7744317458.0
852.498,0.0,90252.0,5067.0,46.0,125.364,7744329978.0
852.598,0.0,90252.0,5067.0,46.0,125.36,7744342522.0
852.698,0.0,90252.0,5067.0,46.0,125.365,7744355038.0
852.798,0.0,90252.0,5067.0,46.0,125.351,7744367561.0
852.898,0.0,90252.0,5067.0,46.0,125.388,7744380099.0
852.998,0.0,90252.0,5067.0,46.0,125.366,7744392624.0
853.098,0.0,90252.0,5067.0,46.0,125.337,7744417604.0
853.198,0.0,90252.0,5067.0,46.0,125.337,7744417604.0
853.298,0.0,90252.0,5067.0,46.0,125.3,7744430139.0
853.398,0.0,90252.0,5067.0,46.0,125.309,7744442658.0
853.498,0.0,90252.0,5067.0,46.0,125.283,7744455185.0
853.598,0.0,90252.0,5067.0,46.0,125.228,7744467676.0
853.698,0.0,90252.0,5067.0,46.0,125.238,7744480189.0
853.798,0.0,90252.0,5067.0,46.0,125.209,7744505258.0
853.897,0.0,90252.0,5067.0,46.0,125.21,7744517765.0
853.997,0.0,90252.0,5067.0,46.0,125.187,7744530259.0
854.098,0.0,90252.0,5067.0,46.0,125.226,7744542781.0
854.198,0.0,90252.0,5067.0,46.0,125.235,7744555312.0
854.297,0.0,90252.0,5067.0,46.0,125.224,7744567801.0
854.397,0.0,90252.0,5067.0,46.0,125.178,7744580317.0
854.497,0.0,90252.0,5067.0,46.0,125.204,7744592816.0
854.598,0.0,90252.0,5067.0,46.0,125.207,7744605351.0
854.698,0.0,90252.0,5067.0,46.0,125.215,7744617878.0
854.798,0.0,90252.0,5067.0,46.0,125.192,7744630386.0
854.897,0.0,90252.0,5067.0,46.0,125.193,7744642906.0
854.997,0.0,90252.0,5067.0,46.0,125.216,7744655433.0
855.097,0.0,90252.0,5067.0,46.0,125.239,7744667960.0
855.198,0.0,90252.0,5067.0,46.0,125.239,7744680483.0
855.298,0.0,90252.0,5067.0,46.0,125.227,7744680483.0
855.397,0.0,90252.0,5067.0,46.0,125.234,7744693003.0
855.497,0.0,90252.0,5067.0,46.0,125.228,7744705503.0
855.598,0.0,90252.0,5067.0,46.0,125.258,7744718017.0
855.697,0.0,90252.0,5067.0,46.0,125.236,7744730539.0
855.798,0.0,90252.0,5067.0,46.0,125.231,7744743059.0
855.898,0.0,90252.0,5067.0,46.0,125.231,7744755567.0
855.997,0.0,90252.0,5067.0,46.0,125.261,7744768076.0
856.098,0.0,90252.0,5067.0,46.0,125.246,7744780611.0
856.198,0.0,90252.0,5067.0,46.0,125.232,7744793144.0
856.297,0.0,90252.0,5067.0,46.0,125.231,7744805665.0
856.398,0.0,90252.0,5067.0,46.0,125.279,7744818201.0
856.497,0.0,90252.0,5067.0,46.0,125.27,7744830695.0
856.597,0.0,90252.0,5067.0,46.0,125.254,7744843204.0
856.697,0.0,90252.0,5067.0,46.0,125.245,7744855716.0
856.797,0.0,90252.0,5067.0,46.0,125.239,7744868218.0
856.898,0.0,90252.0,5067.0,46.0,125.225,7744893261.0
856.997,0.0,90252.0,5067.0,46.0,125.236,7744905756.0
857.097,0.0,90252.0,5067.0,46.0,125.217,7744918288.0
857.198,0.0,90252.0,5067.0,46.0,125.219,7744930804.0
857.298,0.0,90252.0,5067.0,46.0,125.212,7744943318.0
857.397,0.0,90252.0,5067.0,46.0,125.199,7744955840.0
857.498,0.0,90252.0,5067.0,46.0,125.202,7744968334.0
857.597,0.0,90252.0,5067.0,46.0,125.206,7744980848.0
857.698,0.0,90252.0,5067.0,46.0,125.202,7744993329.0
857.798,0.0,90252.0,5067.0,46.0,125.22,7745018377.0
857.897,0.0,90252.0,5067.0,46.0,125.22,7745018377.0
857.998,0.0,90252.0,5067.0,46.0,125.234,7745030887.0
858.098,0.0,90252.0,5067.0,46.0,125.194,7745043416.0
858.198,0.0,90252.0,5067.0,46.0,125.185,7745055895.0
858.298,0.0,90252.0,5067.0,46.0,125.185,7745068398.0
858.397,0.0,90252.0,5067.0,46.0,125.177,7745068398.0
858.498,0.0,90252.0,5067.0,46.0,125.157,7745080916.0
858.598,0.0,90252.0,5067.0,46.0,125.201,7745093460.0
858.697,0.0,90252.0,5067.0,46.0,125.199,7745105942.0
858.798,0.0,90252.0,5067.0,46.0,125.225,7745118487.0
858.898,0.0,90252.0,5067.0,46.0,125.225,7745131018.0
858.998,0.0,90252.0,5067.0,46.0,125.218,7745143544.0
859.097,0.0,90252.0,5067.0,46.0,125.192,7745156028.0
859.197,0.0,90252.0,5067.0,46.0,125.235,7745168585.0
859.298,0.0,90252.0,5067.0,46.0,125.266,7745181107.0
859.397,0.0,90252.0,5067.0,46.0,125.305,7745193652.0
859.497,0.0,90252.0,5067.0,46.0,125.311,7745206164.0
859.597,0.0,90252.0,5067.0,46.0,125.316,7745218706.0
859.698,0.0,90252.0,5067.0,46.0,125.345,7745231218.0
859.797,0.0,90252.0,5067.0,46.0,125.334,7745243762.0
859.898,0.0,90252.0,5067.0,46.0,125.325,7745256265.0
859.997,0.0,90252.0,5067.0,46.0,125.302,7745281295.0
860.098,0.0,90252.0,5067.0,46.0,125.341,7745293802.0
860.197,0.0,90252.0,5067.0,46.0,125.254,7745306297.0
860.297,0.0,90252.0,5067.0,46.0,125.248,7745318783.0
860.398,0.0,90252.0,5067.0,46.0,125.198,7745331309.0
860.497,0.0,90252.0,5067.0,46.0,125.199,7745343845.0
860.598,0.0,90252.0,5067.0,46.0,125.17,7745356343.0
860.698,0.0,90252.0,5067.0,46.0,125.151,7745368845.0
860.798,0.0,90252.0,5067.0,46.0,125.116,7745381363.0
860.897,0.0,90252.0,5067.0,46.0,125.123,7745393877.0
860.998,0.0,90252.0,5067.0,46.0,125.156,7745406384.0
861.098,0.0,90252.0,5067.0,46.0,125.148,7745418900.0
861.198,0.0,90252.0,5067.0,46.0,125.17,7745431399.0
861.298,0.0,90252.0,5067.0,46.0,125.175,7745443917.0
861.398,0.0,90252.0,5067.0,46.0,125.214,7745456437.0
861.498,0.0,90252.0,5067.0,46.0,125.213,7745456437.0
861.598,0.0,90252.0,5067.0,46.0,125.225,7745468976.0
861.697,0.0,90252.0,5067.0,46.0,125.232,7745481497.0
861.798,0.0,90252.0,5067.0,46.0,125.242,7745494002.0
861.897,0.0,90252.0,5067.0,46.0,125.239,7745506520.0
861.997,0.0,90252.0,5067.0,46.0,125.245,7745519038.0
862.097,0.0,90252.0,5067.0,46.0,125.252,7745531564.0
862.198,0.0,90252.0,5067.0,46.0,125.283,7745556625.0
862.298,0.0,90252.0,5067.0,46.0,125.283,7745556625.0
862.398,0.0,90252.0,5067.0,46.0,125.287,7745569136.0
862.497,0.0,90252.0,5067.0,46.0,125.293,7745581670.0
862.597,0.0,90252.0,5067.0,46.0,125.247,7745594168.0
862.698,0.0,90252.0,5067.0,46.0,125.27,7745606688.0
862.798,0.0,90252.0,5067.0,46.0,125.291,7745619210.0
862.897,0.0,90252.0,5067.0,46.0,125.32,7745631735.0
862.998,0.0,90252.0,5067.0,46.0,125.295,7745644283.0
863.098,0.0,90252.0,5067.0,46.0,125.291,7745669281.0
863.198,0.0,90252.0,5067.0,46.0,125.273,7745681807.0
863.298,0.0,90252.0,5067.0,46.0,125.27,7745694322.0
863.397,0.0,90252.0,5067.0,46.0,125.285,7745706824.0
863.498,0.0,90252.0,5067.0,46.0,125.25,7745719336.0
863.598,0.0,90252.0,5067.0,46.0,125.272,7745731865.0
863.698,0.0,90252.0,5067.0,46.0,125.279,7745744398.0
863.798,0.0,90252.0,5067.0,46.0,125.276,7745756918.0
863.898,0.0,90252.0,5067.0,46.0,125.288,7745769479.0
863.998,0.0,90252.0,5067.0,46.0,125.271,7745781964.0
864.098,0.0,90252.0,5067.0,46.0,125.292,7745794491.0
864.198,0.0,90252.0,5067.0,46.0,125.277,7745807005.0
864.298,0.0,90252.0,5067.0,46.0,125.26,7745819504.0
864.397,0.0,90252.0,5067.0,46.0,125.301,7745832038.0
864.498,0.0,90252.0,5067.0,46.0,125.303,7745844571.0
864.598,0.0,90252.0,5067.0,46.0,125.28,7745857083.0
864.698,0.0,90252.0,5067.0,46.0,125.28,7745857083.0
864.798,0.0,90252.0,5067.0,46.0,125.276,7745869593.0
864.898,0.0,90252.0,5067.0,46.0,125.264,7745882114.0
864.998,0.0,90252.0,5067.0,46.0,125.244,7745894648.0
865.097,0.0,90252.0,5067.0,46.0,125.293,7745907168.0
865.198,0.0,90252.0,5067.0,46.0,125.319,7745919697.0
865.298,0.0,90252.0,5067.0,46.0,125.292,7745932215.0
865.398,0.0,90252.0,5067.0,46.0,125.293,7745957236.0
865.498,0.0,90252.0,5067.0,46.0,125.293,7745957236.0
865.598,0.0,90252.0,5067.0,46.0,125.266,7745969763.0
865.698,0.0,90252.0,5067.0,46.0,125.265,7745982266.0
865.798,0.0,90252.0,5067.0,46.0,125.269,7745994793.0
865.898,0.0,90252.0,5067.0,46.0,125.273,7746007290.0
865.998,0.0,90252.0,5067.0,46.0,125.28,7746019806.0
866.098,0.0,90252.0,5067.0,46.0,125.218,7746044844.0
866.198,0.0,90252.0,5067.0,46.0,125.218,7746044844.0
866.298,0.0,90252.0,5067.0,46.0,125.266,7746069883.0
866.398,0.0,90252.0,5067.0,46.0,125.238,7746082397.0
866.498,0.0,90252.0,5067.0,46.0,125.249,7746094918.0
866.598,0.0,90252.0,5067.0,46.0,125.234,7746107443.0
866.698,0.0,90252.0,5067.0,46.0,125.24,7746119932.0
866.798,0.0,90252.0,5067.0,46.0,125.218,7746132437.0
866.898,0.0,90252.0,5067.0,46.0,125.178,7746157446.0
866.998,0.0,90252.0,5067.0,46.0,125.178,7746157446.0
867.098,0.0,90252.0,5067.0,46.0,125.174,7746169960.0
867.198,0.0,90252.0,5067.0,46.0,125.191,7746182485.0
867.298,0.0,90252.0,5067.0,46.0,125.15,7746194987.0
867.398,0.0,90252.0,5067.0,46.0,125.197,7746207539.0
867.497,0.0,90252.0,5067.0,46.0,125.193,7746220067.0
867.598,0.0,90252.0,5067.0,46.0,125.237,7746245100.0
867.698,0.0,90252.0,5067.0,46.0,125.237,7746245100.0
867.798,0.0,90252.0,5067.0,46.0,125.237,7746257613.0
867.898,0.0,90252.0,5067.0,46.0,125.213,7746257613.0
867.998,0.0,90252.0,5067.0,46.0,125.233,7746270117.0
868.098,0.0,90252.0,5067.0,46.0,148.87,7746290766.0
868.198,84.0,90252.0,5067.0,50.0,200.702,7746345457.0
868.298,84.0,90252.0,5067.0,57.0,255.85,7746413922.0
868.398,100.0,90252.0,5067.0,59.0,309.245,7746481712.0
868.498,100.0,90252.0,5067.0,61.0,362.3,7746552579.0
868.598,100.0,90252.0,5067.0,62.0,422.597,7746619102.0
868.698,100.0,90252.0,5067.0,63.0,471.46,7746682632.0
868.798,100.0,90252.0,5067.0,64.0,530.711,7746752151.0
868.898,100.0,90252.0,5067.0,64.0,587.814,7746820764.0
868.998,100.0,90252.0,5067.0,64.0,642.504,7746888608.0
869.098,100.0,90252.0,5067.0,65.0,675.96,7747024809.0
869.198,86.0,90252.0,5067.0,66.0,672.234,7747092587.0
869.298,86.0,90252.0,5067.0,66.0,677.002,7747160028.0
869.398,100.0,90252.0,5067.0,66.0,677.68,7747229949.0
869.498,100.0,90252.0,5067.0,66.0,675.905,7747296886.0
869.598,100.0,90252.0,5067.0,66.0,676.102,7747367759.0
869.698,100.0,90252.0,5067.0,67.0,681.036,7747429691.0
869.798,91.0,90252.0,5067.0,67.0,677.535,7747499627.0
869.898,91.0,90252.0,5067.0,67.0,677.535,7747499627.0
869.998,100.0,90252.0,5067.0,68.0,676.633,7747568310.0
870.098,100.0,90252.0,5067.0,68.0,675.625,7747636615.0
870.198,100.0,90252.0,5067.0,68.0,683.632,7747705827.0
870.298,100.0,90252.0,5067.0,68.0,676.604,7747768687.0
870.398,100.0,90252.0,5067.0,68.0,677.9,7747837177.0
870.498,100.0,90252.0,5067.0,68.0,677.56,7747905318.0
870.598,100.0,90252.0,5067.0,69.0,677.338,7747974171.0
870.698,100.0,90252.0,5067.0,69.0,677.318,7748042222.0
870.798,97.0,90252.0,5067.0,66.0,669.885,7748110125.0
870.898,97.0,90252.0,5067.0,64.0,650.295,7748160402.0
870.998,95.0,90252.0,5067.0,64.0,629.924,7748205600.0
871.098,95.0,90252.0,5067.0,63.0,606.109,7748299702.0
871.198,95.0,90252.0,5067.0,63.0,578.452,7748340556.0
871.298,95.0,90252.0,5067.0,63.0,557.846,7748380791.0
871.398,93.0,90252.0,5067.0,62.0,535.97,7748428129.0
871.497,93.0,90252.0,5067.0,62.0,513.423,7748473901.0
871.597,95.0,90252.0,5067.0,62.0,495.975,7748519396.0
871.698,95.0,90252.0,5067.0,62.0,468.17,7748561934.0
871.798,93.0,90252.0,5067.0,62.0,446.144,7748604685.0
871.898,93.0,90252.0,5067.0,62.0,444.418,7748646794.0
871.997,95.0,90252.0,5067.0,62.0,440.356,7748691146.0
872.098,95.0,90252.0,5067.0,62.0,440.356,7748742855.0
872.198,95.0,90252.0,5067.0,61.0,448.13,7748742855.0
872.298,95.0,90252.0,5067.0,61.0,449.401,7748786369.0
872.398,93.0,90252.0,5067.0,61.0,445.875,7748831955.0
872.498,93.0,90252.0,5067.0,61.0,448.234,7748876585.0
872.598,95.0,90252.0,5067.0,61.0,453.79,7748929097.0
872.698,95.0,90252.0,5067.0,61.0,455.281,7748977996.0
872.798,93.0,90252.0,5067.0,61.0,453.322,7749058337.0
872.898,93.0,90252.0,5067.0,61.0,453.322,7749058337.0
872.998,95.0,90252.0,5067.0,61.0,457.572,7749100176.0
873.098,95.0,90252.0,5067.0,61.0,453.475,7749145784.0
873.198,95.0,90252.0,5067.0,61.0,447.317,7749193691.0
873.298,95.0,90252.0,5067.0,61.0,452.88,7749239418.0
873.398,95.0,90252.0,5067.0,61.0,449.679,7749284330.0
873.498,95.0,90252.0,5067.0,61.0,452.9,7749374446.0
873.598,95.0,90252.0,5067.0,61.0,442.267,7749420075.0
873.698,95.0,90252.0,5067.0,61.0,448.781,7749466526.0
873.798,92.0,90252.0,5067.0,61.0,455.177,7749510139.0
873.898,92.0,90252.0,5067.0,60.0,448.452,7749552835.0
873.997,95.0,90252.0,5067.0,61.0,447.571,7749588549.0
874.097,95.0,90252.0,5067.0,61.0,443.864,7749633691.0
874.198,93.0,90252.0,5067.0,61.0,435.247,7749720509.0
874.298,93.0,90252.0,5067.0,61.0,435.247,7749720509.0
874.398,95.0,90252.0,5067.0,61.0,442.348,7749768905.0
874.497,95.0,90252.0,5067.0,61.0,442.348,7749807086.0
874.598,95.0,90252.0,5067.0,61.0,433.911,7749853445.0
874.698,95.0,90252.0,5067.0,61.0,431.762,7749853445.0
874.798,95.0,90252.0,5067.0,61.0,427.085,7749894739.0
874.898,95.0,90252.0,5067.0,61.0,433.667,7749942920.0
874.998,95.0,90252.0,5067.0,61.0,433.75,7749988125.0
875.098,95.0,90252.0,5067.0,61.0,444.666,7750027551.0
875.198,93.0,90252.0,5067.0,61.0,442.432,7750080878.0
875.298,93.0,90252.0,5067.0,61.0,447.416,7750123704.0
875.398,95.0,90252.0,5067.0,61.0,437.973,7750164714.0
875.498,95.0,90252.0,5067.0,61.0,440.35,7750210282.0
875.598,93.0,90252.0,5067.0,61.0,440.312,7750249962.0
875.698,93.0,90252.0,5067.0,61.0,444.447,7750296022.0
875.797,95.0,90252.0,5067.0,61.0,455.415,7750346421.0
875.897,95.0,90252.0,5067.0,61.0,445.922,7750433536.0
875.998,95.0,90252.0,5067.0,61.0,450.8,7750476760.0
876.098,95.0,90252.0,5067.0,61.0,444.211,7750517486.0
876.198,95.0,90252.0,5067.0,61.0,439.672,7750561019.0
876.298,95.0,90252.0,5067.0,61.0,440.475,7750608452.0
876.398,95.0,90252.0,5067.0,61.0,450.634,7750660155.0
876.497,95.0,90252.0,5067.0,61.0,450.024,7750702441.0
876.598,95.0,90252.0,5067.0,61.0,449.427,7750741391.0
876.698,95.0,90252.0,5067.0,61.0,443.328,7750780150.0
876.800,95.0,90252.0,5067.0,61.0,431.438,7750824394.0
876.898,95.0,90252.0,5067.0,61.0,431.438,7750873625.0
876.998,95.0,90252.0,5067.0,61.0,442.35,7750873625.0
877.098,93.0,90252.0,5067.0,61.0,440.569,7750916738.0
877.198,94.0,90252.0,5067.0,60.0,440.291,7750959615.0
877.298,94.0,90252.0,5067.0,61.0,439.537,7751002072.0
877.398,92.0,90252.0,5067.0,61.0,439.379,7751051078.0
877.498,92.0,90252.0,5067.0,60.0,432.254,7751092974.0
877.597,95.0,90252.0,5067.0,61.0,440.864,7751137348.0
877.698,95.0,90252.0,5067.0,61.0,450.169,7751187999.0
877.798,93.0,90252.0,5067.0,61.0,453.179,7751233834.0
877.898,93.0,90252.0,5067.0,61.0,446.602,7751275125.0
877.998,95.0,90252.0,5067.0,61.0,440.466,7751314964.0
878.098,95.0,90252.0,5067.0,61.0,446.488,7751362828.0
878.198,95.0,90252.0,5067.0,60.0,449.891,7751450082.0
878.298,95.0,90252.0,5067.0,60.0,445.258,7751492037.0
878.398,95.0,90252.0,5067.0,61.0,437.48,7751537027.0
878.497,95.0,90252.0,5067.0,60.0,444.922,7751582699.0
878.598,93.0,90252.0,5067.0,60.0,443.378,7751629635.0
878.698,93.0,90252.0,5067.0,60.0,435.351,7751671486.0
878.798,90.0,90252.0,5067.0,60.0,438.845,7751755888.0
878.898,90.0,90252.0,5067.0,60.0,438.845,7751755888.0
878.998,92.0,90252.0,5067.0,60.0,435.667,7751792629.0
879.098,92.0,90252.0,5067.0,60.0,432.635,7751841836.0
879.198,90.0,90252.0,5067.0,60.0,433.229,7751882914.0
879.298,90.0,90252.0,5067.0,60.0,433.886,7751929232.0
879.398,93.0,90252.0,5067.0,60.0,439.716,7751929232.0
879.498,93.0,90252.0,5067.0,60.0,444.394,7751978600.0
879.597,92.0,90252.0,5067.0,59.0,436.598,7752021370.0
879.698,92.0,90252.0,5067.0,60.0,440.361,7752063473.0
879.797,90.0,90252.0,5067.0,59.0,430.445,7752102048.0
879.898,90.0,90252.0,5067.0,59.0,426.603,7752138555.0
879.998,90.0,90252.0,5067.0,59.0,423.868,7752176569.0
880.098,90.0,90252.0,5067.0,59.0,429.325,7752221859.0
880.198,87.0,90252.0,5067.0,59.0,417.491,7752261082.0
880.298,87.0,90252.0,5067.0,59.0,422.693,7752301939.0
880.398,89.0,90252.0,5067.0,59.0,415.026,7752344656.0
880.498,89.0,90252.0,5067.0,59.0,409.011,7752385208.0
880.597,89.0,90252.0,5067.0,59.0,398.143,7752424863.0
880.698,89.0,90252.0,5067.0,59.0,388.597,7752495242.0
880.798,87.0,90252.0,5067.0,59.0,396.384,7752532668.0
880.898,87.0,90252.0,5067.0,59.0,388.622,7752561748.0
880.998,89.0,90252.0,5067.0,59.0,361.732,7752624177.0
881.098,89.0,90252.0,5067.0,59.0,361.732,7752624177.0
881.198,89.0,90252.0,5067.0,58.0,366.274,7752668218.0
881.298,89.0,90252.0,5067.0,59.0,360.288,7752702229.0
881.397,90.0,90252.0,5067.0,59.0,358.211,7752745359.0
881.498,90.0,90252.0,5067.0,58.0,356.693,7752781380.0
881.597,89.0,90252.0,5067.0,59.0,359.223,7752820734.0
881.698,89.0,90252.0,5067.0,58.0,368.271,7752865010.0
881.798,89.0,90252.0,5067.0,58.0,368.271,7752865010.0
881.897,87.0,90252.0,5067.0,58.0,367.901,7752902360.0
881.998,87.0,90252.0,5067.0,58.0,378.417,7752948499.0
882.098,86.0,90252.0,5067.0,58.0,390.043,7752981772.0
882.197,86.0,90252.0,5067.0,58.0,369.618,7753003069.0
882.298,86.0,90252.0,5067.0,58.0,356.341,7753027808.0
882.398,84.0,90252.0,5067.0,58.0,351.25,7753050772.0
882.498,84.0,90252.0,5067.0,58.0,346.125,7753090920.0
882.598,85.0,90252.0,5067.0,57.0,335.109,7753121067.0
882.698,85.0,90252.0,5067.0,58.0,328.144,7753150140.0
882.798,85.0,90252.0,5067.0,57.0,316.861,7753187057.0
882.898,85.0,90252.0,5067.0,57.0,304.918,7753217524.0
882.998,82.0,90252.0,5067.0,57.0,297.296,7753254024.0
883.098,82.0,90252.0,5067.0,57.0,305.043,7753318122.0
883.198,83.0,90252.0,5067.0,57.0,317.24,7753347186.0
883.305,80.0,90252.0,5067.0,56.0,329.251,7753418247.0
883.398,80.0,90252.0,5067.0,56.0,329.251,7753418247.0
883.498,80.0,90252.0,5067.0,56.0,318.465,7753445231.0
883.597,79.0,90252.0,5067.0,56.0,330.88,7753483692.0
883.697,79.0,90252.0,5067.0,55.0,329.53,7753518350.0
883.798,70.0,90252.0,5067.0,53.0,324.178,7753536173.0
883.898,70.0,90252.0,5067.0,52.0,306.829,7753549250.0
883.998,0.0,90252.0,5067.0,52.0,285.573,7753562361.0
884.097,0.0,90252.0,5067.0,51.0,266.975,7753575260.0
884.197,0.0,90252.0,5067.0,51.0,245.084,7753588186.0
884.298,0.0,90252.0,5067.0,50.0,224.231,7753601113.0
884.398,0.0,90252.0,5067.0,50.0,201.397,7753601113.0
884.498,0.0,90252.0,5067.0,50.0,187.3,7753613951.0
884.598,0.0,90252.0,5067.0,49.0,168.411,7753626765.0
884.697,0.0,90252.0,5067.0,49.0,140.301,7753639532.0
884.798,0.0,90252.0,5067.0,49.0,129.313,7753652299.0
884.897,0.0,90252.0,5067.0,49.0,128.721,7753665071.0
884.998,21.0,90252.0,5067.0,51.0,146.798,7753679629.0
885.098,21.0,90252.0,5067.0,59.0,200.565,7753727526.0
885.198,100.0,90252.0,5067.0,61.0,256.172,7753795722.0
885.298,100.0,90252.0,5067.0,62.0,312.691,7753863029.0
885.398,100.0,90252.0,5067.0,64.0,365.352,7753932507.0
885.497,100.0,90252.0,5067.0,64.0,422.682,7754001158.0
885.598,85.0,90252.0,5067.0,65.0,467.196,7754059247.0
885.698,85.0,90252.0,5067.0,65.0,518.907,7754196253.0
885.798,100.0,90252.0,5067.0,66.0,582.176,7754265707.0
885.898,100.0,90252.0,5067.0,67.0,637.697,7754333920.0
885.998,100.0,90252.0,5067.0,67.0,674.305,7754402119.0
886.098,100.0,90252.0,5067.0,66.0,674.371,7754468783.0
886.198,100.0,90252.0,5067.0,67.0,673.594,7754536804.0
886.298,100.0,90252.0,5067.0,68.0,671.605,7754603543.0
886.398,100.0,90252.0,5067.0,68.0,674.817,7754673719.0
886.498,100.0,90252.0,5067.0,68.0,674.216,7754742088.0
886.598,100.0,90252.0,5067.0,68.0,674.216,7754742088.0
886.698,100.0,90252.0,5067.0,64.0,667.635,7754776760.0
886.798,100.0,90252.0,5067.0,59.0,611.411,7754790103.0
886.898,100.0,90252.0,5067.0,65.0,553.389,7754888597.0
886.998,100.0,90252.0,5067.0,65.0,553.389,7754888597.0
887.098,100.0,90252.0,5067.0,66.0,557.722,7754957949.0
887.198,100.0,90252.0,5067.0,67.0,556.378,7755026156.0
887.298,100.0,90252.0,5067.0,68.0,556.888,7755095007.0
887.398,92.0,90252.0,5067.0,68.0,553.002,7755162065.0
887.498,92.0,90252.0,5067.0,68.0,549.069,7755227040.0
887.598,100.0,90252.0,5067.0,69.0,568.493,7755294596.0
887.698,100.0,90252.0,5067.0,66.0,616.041,7755364120.0
887.798,91.0,90252.0,5067.0,65.0,640.25,7755452526.0
887.898,91.0,90252.0,5067.0,64.0,621.032,7755499839.0
887.998,94.0,90252.0,5067.0,63.0,600.374,7755546793.0
888.098,94.0,90252.0,5067.0,63.0,573.761,7755589861.0
888.198,92.0,90252.0,5067.0,62.0,546.627,7755627625.0
888.298,92.0,90252.0,5067.0,62.0,519.087,7755664301.0
888.398,94.0,90252.0,5067.0,62.0,468.534,7755751115.0
888.498,94.0,90252.0,5067.0,62.0,468.534,7755751115.0
888.598,94.0,90252.0,5067.0,61.0,450.163,7755802180.0
888.698,94.0,90252.0,5067.0,61.0,437.156,7755852369.0
888.798,94.0,90252.0,5067.0,61.0,444.094,7755894567.0
888.898,94.0,90252.0,5067.0,61.0,440.959,7755894567.0
888.998,94.0,90252.0,5067.0,61.0,445.205,7755940251.0
889.098,94.0,90252.0,5067.0,61.0,438.812,7755990393.0
889.198,92.0,90252.0,5067.0,61.0,443.581,7756028099.0
889.298,92.0,90252.0,5067.0,61.0,457.108,7756077925.0
889.398,95.0,90252.0,5067.0,61.0,470.251,7756127804.0
889.498,95.0,90252.0,5067.0,61.0,468.973,7756176363.0
889.598,95.0,90252.0,5067.0,61.0,461.723,7756214403.0
889.698,95.0,90252.0,5067.0,61.0,453.025,7756263642.0
889.798,93.0,90252.0,5067.0,60.0,451.21,7756349569.0
889.898,93.0,90252.0,5067.0,60.0,451.21,7756349569.0
889.998,95.0,90252.0,5067.0,61.0,446.761,7756392986.0
890.098,95.0,90252.0,5067.0,61.0,445.81,7756434893.0
890.198,93.0,90252.0,5067.0,61.0,454.957,7756533435.0
890.298,93.0,90252.0,5067.0,61.0,453.305,7756583460.0
890.398,95.0,90252.0,5067.0,61.0,445.47,7756621662.0
890.498,95.0,90252.0,5067.0,61.0,440.882,7756659548.0
890.598,94.0,90252.0,5067.0,61.0,432.25,7756740525.0
890.698,94.0,90252.0,5067.0,61.0,432.25,7756740525.0
890.798,95.0,90252.0,5067.0,61.0,431.24,7756783132.0
890.898,95.0,90252.0,5067.0,61.0,437.537,7756831711.0
890.998,94.0,90252.0,5067.0,60.0,438.525,7756872665.0
891.098,94.0,90252.0,5067.0,61.0,437.008,7756914415.0
891.198,94.0,90252.0,5067.0,61.0,437.008,7756962712.0
891.298,92.0,90252.0,5067.0,60.0,428.96,7757004132.0
891.398,92.0,90252.0,5067.0,60.0,428.96,7757004132.0
891.498,95.0,90252.0,5067.0,60.0,421.696,7757048278.0
891.598,95.0,90252.0,5067.0,61.0,428.096,7757092165.0
891.698,92.0,90252.0,5067.0,61.0,439.674,7757135595.0
891.798,92.0,90252.0,5067.0,60.0,441.738,7757180630.0
891.898,95.0,90252.0,5067.0,60.0,428.982,7757219888.0
891.998,95.0,90252.0,5067.0,61.0,432.312,7757261402.0
892.097,95.0,90252.0,5067.0,61.0,432.648,7757309818.0
892.198,95.0,90252.0,5067.0,61.0,431.829,7757348694.0
892.298,95.0,90252.0,5067.0,60.0,428.542,7757390256.0
892.398,95.0,90252.0,5067.0,60.0,425.702,7757435348.0
892.498,95.0,90252.0,5067.0,60.0,419.942,7757471704.0
892.598,92.0,90252.0,5067.0,61.0,414.521,7757549182.0
892.698,92.0,90252.0,5067.0,60.0,408.88,7757589936.0
892.798,95.0,90252.0,5067.0,60.0,415.694,7757636403.0
892.898,95.0,90252.0,5067.0,61.0,425.536,7757684331.0
892.997,95.0,90252.0,5067.0,60.0,428.585,7757733881.0
893.098,95.0,90252.0,5067.0,60.0,434.998,7757783511.0
893.198,95.0,90252.0,5067.0,60.0,441.224,7757825405.0
893.298,95.0,90252.0,5067.0,61.0,435.278,7757868505.0
893.398,92.0,90252.0,5067.0,60.0,436.568,7757906841.0
893.498,92.0,90252.0,5067.0,60.0,444.382,7757955996.0
893.598,90.0,90252.0,5067.0,61.0,445.306,7757999049.0
893.698,90.0,90252.0,5067.0,61.0,445.306,7757999049.0
893.798,90.0,90252.0,5067.0,60.0,456.974,7758042560.0
893.898,92.0,90252.0,5067.0,60.0,449.304,7758084061.0
893.998,92.0,90252.0,5067.0,60.0,444.44,7758129348.0
894.098,90.0,90252.0,5067.0,60.0,438.477,7758170940.0
894.198,90.0,90252.0,5067.0,60.0,427.935,7758209070.0
894.298,92.0,90252.0,5067.0,60.0,427.634,7758257321.0
894.398,92.0,90252.0,5067.0,60.0,430.829,7758294928.0
894.497,92.0,90252.0,5067.0,60.0,430.36,7758342374.0
894.598,92.0,90252.0,5067.0,60.0,432.007,7758388097.0
894.698,92.0,90252.0,5067.0,61.0,421.445,7758429058.0
894.798,92.0,90252.0,5067.0,60.0,427.803,7758470337.0
894.897,92.0,90252.0,5067.0,60.0,424.382,7758513921.0
894.998,90.0,90252.0,5067.0,60.0,420.41,7758593787.0
895.098,90.0,90252.0,5067.0,60.0,421.877,7758634060.0
895.198,92.0,90252.0,5067.0,60.0,413.444,7758671218.0
895.298,92.0,90252.0,5067.0,60.0,409.13,7758709968.0
895.398,91.0,90252.0,5067.0,60.0,409.368,7758750355.0
895.498,91.0,90252.0,5067.0,60.0,407.161,7758794735.0
895.598,92.0,90252.0,5067.0,60.0,406.244,7758832890.0
895.698,93.0,90252.0,5067.0,60.0,409.466,7758922991.0
895.798,93.0,90252.0,5067.0,60.0,409.466,7758922991.0
895.898,93.0,90252.0,5067.0,60.0,408.014,7758962603.0
895.998,93.0,90252.0,5067.0,60.0,408.014,7759002849.0
896.098,89.0,90252.0,5067.0,60.0,408.364,7759002849.0
896.198,89.0,90252.0,5067.0,59.0,402.916,7759037295.0
896.297,92.0,90252.0,5067.0,60.0,407.946,7759077829.0
896.398,90.0,90252.0,5067.0,59.0,410.462,7759163357.0
896.498,90.0,90252.0,5067.0,59.0,410.462,7759163357.0
896.598,90.0,90252.0,5067.0,59.0,404.787,7759199113.0
896.698,91.0,90252.0,5067.0,60.0,403.212,7759238257.0
896.798,91.0,90252.0,5067.0,59.0,407.429,7759281427.0
896.898,89.0,90252.0,5067.0,59.0,416.769,7759333057.0
896.998,87.0,90252.0,5067.0,59.0,419.405,7759380119.0
897.098,87.0,90252.0,5067.0,59.0,422.599,7759421575.0
897.197,89.0,90252.0,5067.0,59.0,416.34,7759457632.0
897.298,89.0,90252.0,5067.0,59.0,420.003,7759497759.0
897.398,89.0,90252.0,5067.0,59.0,418.652,7759582477.0
897.497,89.0,90252.0,5067.0,59.0,413.488,7759615107.0
897.597,87.0,90252.0,5067.0,59.0,416.979,7759657284.0
897.698,87.0,90252.0,5067.0,58.0,415.472,7759700704.0
897.797,88.0,90252.0,5067.0,59.0,398.904,7759733161.0
897.898,88.0,90252.0,5067.0,59.0,388.801,7759769379.0
897.998,85.0,90252.0,5067.0,58.0,386.786,7759852153.0
898.098,85.0,90252.0,5067.0,58.0,386.786,7759852153.0
898.198,85.0,90252.0,5067.0,58.0,395.882,7759897723.0
898.298,85.0,90252.0,5067.0,58.0,395.66,7759935263.0
898.398,85.0,90252.0,5067.0,58.0,391.508,7759979653.0
898.498,85.0,90252.0,5067.0,58.0,398.832,7760010804.0
898.598,85.0,90252.0,5067.0,58.0,398.832,7760010804.0
898.698,84.0,90252.0,5067.0,58.0,378.494,7760072616.0
898.797,84.0,90252.0,5067.0,58.0,378.494,7760072616.0
898.898,85.0,90252.0,5067.0,58.0,375.123,7760105058.0
898.998,85.0,90252.0,5067.0,58.0,372.457,7760142078.0
899.098,85.0,90252.0,5067.0,58.0,377.682,7760185268.0
899.198,85.0,90252.0,5067.0,58.0,375.744,7760225347.0
899.298,83.0,90252.0,5067.0,58.0,363.204,7760258376.0
899.398,83.0,90252.0,5067.0,57.0,355.068,7760290159.0
899.498,84.0,90252.0,5067.0,57.0,360.708,7760369296.0
899.598,84.0,90252.0,5067.0,57.0,360.708,7760369296.0
899.698,84.0,90252.0,5067.0,57.0,361.843,7760402817.0
899.798,79.0,90252.0,5067.0,57.0,367.003,7760437312.0
899.898,79.0,90252.0,5067.0,56.0,371.289,7760509532.0
899.998,80.0,90252.0,5067.0,56.0,354.603,7760538102.0
900.098,80.0,90252.0,5067.0,56.0,345.441,7760569865.0
900.198,80.0,90252.0,5067.0,56.0,344.445,7760599474.0
900.298,80.0,90252.0,5067.0,56.0,352.031,7760642680.0
900.398,79.0,90252.0,5067.0,56.0,338.513,7760670990.0
900.497,79.0,90252.0,5067.0,56.0,335.062,7760702350.0
900.598,74.0,90252.0,5067.0,55.0,327.605,7760731058.0
900.697,74.0,90252.0,5067.0,53.0,313.49,7760745914.0
900.797,0.0,90252.0,5067.0,52.0,292.625,7760759013.0
900.898,0.0,90252.0,5067.0,51.0,265.564,7760771976.0
900.998,0.0,90252.0,5067.0,51.0,248.987,7760784972.0
901.098,0.0,90252.0,5067.0,51.0,248.987,7760784972.0
901.198,0.0,90252.0,5067.0,51.0,230.617,7760797960.0
901.298,0.0,90252.0,5067.0,50.0,216.595,7760813514.0
901.398,0.0,90252.0,5067.0,57.0,218.011,7760865954.0
901.498,82.0,90252.0,5067.0,60.0,256.708,7760934436.0
901.598,82.0,90252.0,5067.0,62.0,294.868,7761003102.0
901.698,100.0,90252.0,5067.0,64.0,330.152,7761070793.0
901.798,100.0,90252.0,5067.0,64.0,378.878,7761139432.0
901.897,100.0,90252.0,5067.0,65.0,441.209,7761204667.0
901.998,100.0,90252.0,5067.0,66.0,493.487,7761273687.0
902.098,100.0,90252.0,5067.0,66.0,549.75,7761342711.0
902.198,100.0,90252.0,5067.0,66.0,606.711,7761412373.0
902.298,100.0,90252.0,5067.0,67.0,663.231,7761547555.0
902.398,99.0,90252.0,5067.0,67.0,679.29,7761679964.0
902.498,99.0,90252.0,5067.0,67.0,679.29,7761679964.0
902.598,99.0,90252.0,5067.0,68.0,678.149,7761749280.0
902.698,100.0,90252.0,5067.0,68.0,680.075,7761816605.0
902.798,100.0,90252.0,5067.0,68.0,679.88,7761884707.0
902.898,100.0,90252.0,5067.0,69.0,678.854,7761946143.0
902.998,91.0,90252.0,5067.0,69.0,672.046,7762083734.0
903.098,91.0,90252.0,5067.0,69.0,672.046,7762083734.0
903.198,91.0,90252.0,5067.0,69.0,670.266,7762152053.0
903.298,100.0,90252.0,5067.0,70.0,669.69,7762152053.0
903.398,100.0,90252.0,5067.0,70.0,671.773,7762220014.0
903.498,100.0,90252.0,5067.0,70.0,675.205,7762285048.0
903.598,100.0,90252.0,5067.0,69.0,671.229,7762353009.0
903.698,100.0,90252.0,5067.0,69.0,670.305,7762422095.0
903.798,100.0,90252.0,5067.0,70.0,674.755,7762491577.0
903.898,100.0,90252.0,5067.0,70.0,681.663,7762561621.0
903.998,100.0,90252.0,5067.0,70.0,678.161,7762630801.0
904.098,100.0,90252.0,5067.0,67.0,662.866,7762693647.0
904.198,95.0,90252.0,5067.0,65.0,638.664,7762785712.0
904.298,95.0,90252.0,5067.0,65.0,607.976,7762825564.0
904.398,93.0,90252.0,5067.0,64.0,589.559,7762871563.0
904.498,93.0,90252.0,5067.0,64.0,573.724,7762920784.0
904.598,95.0,90252.0,5067.0,64.0,544.552,7762962390.0
904.698,95.0,90252.0,5067.0,63.0,526.48,7763010960.0
904.798,95.0,90252.0,5067.0,63.0,502.945,7763055929.0
904.898,95.0,90252.0,5067.0,63.0,471.483,7763094691.0
904.998,95.0,90252.0,5067.0,63.0,453.706,7763140680.0
905.098,95.0,90252.0,5067.0,63.0,453.706,7763140680.0
905.198,95.0,90252.0,5067.0,63.0,444.539,7763185509.0
905.298,95.0,90252.0,5067.0,62.0,436.864,7763221933.0
905.398,95.0,90252.0,5067.0,62.0,436.111,7763258732.0
905.498,93.0,90252.0,5067.0,62.0,430.516,7763303528.0
905.597,93.0,90252.0,5067.0,62.0,434.106,7763356984.0
905.698,95.0,90252.0,5067.0,62.0,444.959,7763407367.0
905.798,95.0,90252.0,5067.0,62.0,441.923,7763457300.0
905.897,95.0,90252.0,5067.0,62.0,446.333,7763507213.0
905.998,95.0,90252.0,5067.0,62.0,454.557,7763550290.0
906.098,95.0,90252.0,5067.0,62.0,461.994,7763602445.0
906.198,95.0,90252.0,5067.0,62.0,460.158,7763647480.0
906.298,95.0,90252.0,5067.0,62.0,466.772,7763687979.0
906.398,93.0,90252.0,5067.0,62.0,462.887,7763729430.0
906.498,93.0,90252.0,5067.0,61.0,456.745,7763813153.0
906.598,95.0,90252.0,5067.0,62.0,455.307,7763862316.0
906.698,95.0,90252.0,5067.0,62.0,451.086,7763909841.0
906.798,94.0,90252.0,5067.0,62.0,440.191,7763948237.0
906.897,94.0,90252.0,5067.0,62.0,432.2,7763984136.0
906.998,94.0,90252.0,5067.0,62.0,426.687,7764032099.0
907.097,94.0,90252.0,5067.0,62.0,427.111,7764076481.0
907.198,95.0,90252.0,5067.0,62.0,427.194,7764158506.0
907.298,95.0,90252.0,5067.0,62.0,427.194,7764158506.0
907.398,95.0,90252.0,5067.0,62.0,426.415,7764195923.0
907.497,95.0,90252.0,5067.0,62.0,427.791,7764243339.0
907.598,95.0,90252.0,5067.0,62.0,427.791,7764243339.0
907.698,95.0,90252.0,5067.0,61.0,423.09,7764285317.0
907.798,95.0,90252.0,5067.0,62.0,420.674,7764330532.0
907.898,93.0,90252.0,5067.0,62.0,424.831,7764375757.0
907.998,93.0,90252.0,5067.0,61.0,433.092,7764418635.0
908.097,95.0,90252.0,5067.0,61.0,429.388,7764461470.0
908.198,95.0,90252.0,5067.0,62.0,423.64,7764502243.0
908.299,93.0,90252.0,5067.0,62.0,425.394,7764545107.0
908.398,93.0,90252.0,5067.0,61.0,425.026,7764585450.0
908.498,95.0,90252.0,5067.0,61.0,434.887,7764630971.0
908.598,95.0,90252.0,5067.0,61.0,427.822,7764672043.0
908.698,94.0,90252.0,5067.0,61.0,433.283,7764717958.0
908.797,95.0,90252.0,5067.0,61.0,430.445,7764759234.0
908.898,95.0,90252.0,5067.0,61.0,426.919,7764847063.0
908.998,95.0,90252.0,5067.0,61.0,430.012,7764890975.0
909.098,95.0,90252.0,5067.0,61.0,428.703,7764930787.0
909.198,93.0,90252.0,5067.0,61.0,422.954,7764971722.0
909.298,93.0,90252.0,5067.0,61.0,426.977,7765014647.0
909.398,95.0,90252.0,5067.0,61.0,424.667,7765059483.0
909.498,95.0,90252.0,5067.0,61.0,426.378,7765101825.0
909.598,93.0,90252.0,5067.0,61.0,428.287,7765147437.0
909.698,93.0,90252.0,5067.0,61.0,432.591,7765190494.0
909.798,95.0,90252.0,5067.0,61.0,430.192,7765230015.0
909.898,95.0,90252.0,5067.0,61.0,422.685,7765268226.0
909.998,95.0,90252.0,5067.0,61.0,422.685,7765268226.0
910.098,95.0,90252.0,5067.0,61.0,439.964,7765367653.0
910.198,95.0,90252.0,5067.0,61.0,439.964,7765367653.0
910.298,93.0,90252.0,5067.0,61.0,440.951,7765408110.0
910.398,93.0,90252.0,5067.0,61.0,433.692,7765446214.0
910.498,95.0,90252.0,5067.0,61.0,434.08,7765493079.0
910.598,95.0,90252.0,5067.0,61.0,440.908,7765537015.0
910.698,92.0,90252.0,5067.0,61.0,439.666,7765581173.0
910.798,93.0,90252.0,5067.0,61.0,442.399,7765673316.0
910.898,93.0,90252.0,5067.0,61.0,442.399,7765673316.0
910.998,93.0,90252.0,5067.0,61.0,442.865,7765715397.0
911.098,93.0,90252.0,5067.0,61.0,443.731,7765762452.0
911.198,93.0,90252.0,5067.0,61.0,437.95,7765806270.0
911.298,92.0,90252.0,5067.0,61.0,438.294,7765891431.0
911.398,92.0,90252.0,5067.0,61.0,445.529,7765933711.0
911.497,92.0,90252.0,5067.0,61.0,440.847,7765977089.0
911.598,90.0,90252.0,5067.0,61.0,436.585,7766018468.0
911.698,90.0,90252.0,5067.0,60.0,433.528,7766062584.0
911.798,92.0,90252.0,5067.0,60.0,435.142,7766109048.0
911.898,92.0,90252.0,5067.0,60.0,437.885,7766150839.0
911.998,92.0,90252.0,5067.0,60.0,437.693,7766196021.0
912.097,92.0,90252.0,5067.0,60.0,433.694,7766238488.0
912.198,92.0,90252.0,5067.0,60.0,425.232,7766315664.0
912.298,92.0,90252.0,5067.0,60.0,425.232,7766315664.0
912.398,92.0,90252.0,5067.0,60.0,425.232,7766315664.0
912.497,92.0,90252.0,5067.0,60.0,424.883,7766355482.0
912.598,92.0,90252.0,5067.0,60.0,413.915,7766392598.0
912.697,90.0,90252.0,5067.0,60.0,418.595,7766436302.0
912.798,90.0,90252.0,5067.0,60.0,417.238,7766480139.0
912.898,92.0,90252.0,5067.0,60.0,412.99,7766519805.0
912.998,92.0,90252.0,5067.0,60.0,409.401,7766561752.0
913.098,90.0,90252.0,5067.0,60.0,406.136,7766602101.0
913.198,90.0,90252.0,5067.0,60.0,403.875,7766643581.0
913.298,92.0,90252.0,5067.0,60.0,404.689,7766681477.0
913.398,92.0,90252.0,5067.0,60.0,404.312,7766721039.0
913.499,90.0,90252.0,5067.0,60.0,413.459,7766807921.0
913.598,90.0,90252.0,5067.0,60.0,413.459,7766807921.0
913.698,90.0,90252.0,5067.0,60.0,415.447,7766934440.0
913.798,90.0,90252.0,5067.0,60.0,415.447,7766934440.0
913.898,90.0,90252.0,5067.0,59.0,418.943,7766979567.0
913.998,89.0,90252.0,5067.0,60.0,407.658,7767009090.0
914.098,89.0,90252.0,5067.0,59.0,412.137,7767054089.0
914.198,87.0,90252.0,5067.0,59.0,419.075,7767100649.0
914.298,87.0,90252.0,5067.0,59.0,423.647,7767144148.0
914.398,89.0,90252.0,5067.0,59.0,412.696,7767219336.0
914.498,89.0,90252.0,5067.0,59.0,412.696,7767219336.0
914.598,87.0,90252.0,5067.0,59.0,404.602,7767252262.0
914.697,87.0,90252.0,5067.0,59.0,404.602,7767285202.0
914.798,87.0,90252.0,5067.0,59.0,397.143,7767285202.0
914.898,87.0,90252.0,5067.0,59.0,395.928,7767328752.0
914.998,87.0,90252.0,5067.0,59.0,399.478,7767378203.0
915.098,86.0,90252.0,5067.0,59.0,420.333,7767428547.0
915.198,86.0,90252.0,5067.0,58.0,418.149,7767469913.0
915.297,84.0,90252.0,5067.0,58.0,405.589,7767507886.0
915.398,84.0,90252.0,5067.0,58.0,392.367,7767532710.0
915.497,85.0,90252.0,5067.0,58.0,380.005,7767559426.0
915.598,85.0,90252.0,5067.0,58.0,391.021,7767608722.0
915.697,85.0,90252.0,5067.0,58.0,385.434,7767638605.0
915.798,85.0,90252.0,5067.0,58.0,389.98,7767673965.0
915.898,84.0,90252.0,5067.0,58.0,385.284,7767711732.0
915.997,84.0,90252.0,5067.0,58.0,380.052,7767755355.0
916.098,83.0,90252.0,5067.0,58.0,361.433,7767831543.0
916.198,83.0,90252.0,5067.0,58.0,361.966,7767858283.0
916.298,82.0,90252.0,5067.0,57.0,352.552,7767897715.0
916.397,82.0,90252.0,5067.0,57.0,367.058,7767922769.0
916.497,79.0,90252.0,5067.0,57.0,361.141,7767963614.0
916.598,79.0,90252.0,5067.0,57.0,352.721,7767986558.0
916.698,80.0,90252.0,5067.0,56.0,344.195,7768022045.0
916.798,80.0,90252.0,5067.0,56.0,348.344,7768046216.0
916.897,78.0,90252.0,5067.0,56.0,331.074,7768067144.0
916.998,78.0,90252.0,5067.0,56.0,313.071,7768088801.0
917.097,62.0,90252.0,5067.0,55.0,298.155,7768105005.0
917.198,62.0,90252.0,5067.0,53.0,276.28,7768118062.0
917.298,0.0,90252.0,5067.0,52.0,254.665,7768131107.0
917.398,0.0,90252.0,5067.0,52.0,233.775,7768131107.0
917.497,0.0,90252.0,5067.0,51.0,220.282,7768144116.0
917.597,0.0,90252.0,5067.0,51.0,192.168,7768157085.0
917.698,0.0,90252.0,5067.0,51.0,192.168,7768157085.0
917.798,0.0,90252.0,5067.0,51.0,192.168,7768157085.0
917.897,0.0,90252.0,5067.0,51.0,192.168,7768157085.0
917.998,100.0,90252.0,5067.0,64.0,378.66,7768457950.0
918.098,100.0,90252.0,5067.0,64.0,378.66,7768457950.0
918.198,100.0,90252.0,5067.0,65.0,428.797,7768524592.0
918.297,100.0,90252.0,5067.0,65.0,428.797,7768654890.0
918.397,100.0,90252.0,5067.0,67.0,594.698,7768654890.0
918.498,100.0,90252.0,5067.0,67.0,594.698,7768654890.0
918.598,100.0,90252.0,5067.0,67.0,594.698,7768790989.0
918.697,100.0,90252.0,5067.0,65.0,664.811,7768790989.0
918.798,100.0,90252.0,5067.0,65.0,664.811,7768986655.0
918.898,100.0,90252.0,5067.0,69.0,667.963,7768986655.0
918.997,100.0,90252.0,5067.0,69.0,666.865,7769057114.0
919.098,100.0,90252.0,5067.0,68.0,670.574,7769124975.0
919.198,91.0,90252.0,5067.0,69.0,673.219,7769194062.0
919.298,91.0,90252.0,5067.0,69.0,675.702,7769260836.0
919.398,100.0,90252.0,5067.0,70.0,673.745,7769398020.0
919.497,100.0,90252.0,5067.0,69.0,676.036,7769466829.0
919.597,100.0,90252.0,5067.0,69.0,676.036,7769466829.0
919.698,100.0,90252.0,5067.0,69.0,676.036,7769466829.0
919.798,100.0,90252.0,5067.0,69.0,681.32,7769603042.0
919.898,100.0,90252.0,5067.0,69.0,682.831,7769670282.0
919.998,100.0,90252.0,5067.0,70.0,680.989,7769739775.0
920.098,100.0,90252.0,5067.0,70.0,682.369,7769809549.0
920.198,100.0,90252.0,5067.0,70.0,684.934,7769946181.0
920.298,100.0,90252.0,5067.0,70.0,687.344,7770005649.0
920.398,100.0,90252.0,5067.0,69.0,673.009,7770055097.0
920.498,95.0,90252.0,5067.0,67.0,652.912,7770105933.0
920.598,95.0,90252.0,5067.0,65.0,636.643,7770153635.0
920.698,93.0,90252.0,5067.0,65.0,608.824,7770193530.0
920.798,93.0,90252.0,5067.0,65.0,590.805,7770248128.0
920.898,95.0,90252.0,5067.0,64.0,577.002,7770301591.0
920.997,95.0,90252.0,5067.0,64.0,561.857,7770342355.0
921.098,93.0,90252.0,5067.0,64.0,529.415,7770342355.0
921.198,93.0,90252.0,5067.0,63.0,497.014,7770377312.0
921.298,95.0,90252.0,5067.0,63.0,477.109,7770419474.0
921.398,95.0,90252.0,5067.0,63.0,459.773,7770467171.0
921.498,95.0,90252.0,5067.0,63.0,453.716,7770506981.0
921.598,95.0,90252.0,5067.0,62.0,450.054,7770559229.0
921.698,95.0,90252.0,5067.0,63.0,446.307,7770599683.0
921.798,95.0,90252.0,5067.0,63.0,448.011,7770639876.0
921.898,95.0,90252.0,5067.0,62.0,447.756,7770694036.0
921.998,95.0,90252.0,5067.0,62.0,445.244,7770745982.0
922.098,93.0,90252.0,5067.0,62.0,454.788,7770792663.0
922.198,93.0,90252.0,5067.0,62.0,471.382,7770845709.0
922.298,95.0,90252.0,5067.0,62.0,471.607,7770894440.0
922.398,95.0,90252.0,5067.0,62.0,474.649,7771022676.0
922.498,95.0,90252.0,5067.0,62.0,474.649,7771022676.0
922.598,95.0,90252.0,5067.0,62.0,466.731,7771062446.0
922.698,95.0,90252.0,5067.0,62.0,464.947,7771105031.0
922.798,95.0,90252.0,5067.0,62.0,463.082,7771149132.0
922.898,95.0,90252.0,5067.0,62.0,452.552,7771187212.0
922.998,95.0,90252.0,5067.0,62.0,445.527,7771236864.0
923.098,93.0,90252.0,5067.0,62.0,442.353,7771280630.0
923.198,93.0,90252.0,5067.0,62.0,432.983,7771320634.0
923.298,95.0,90252.0,5067.0,61.0,424.707,7771361197.0
923.397,95.0,90252.0,5067.0,61.0,424.262,7771361197.0
923.498,92.0,90252.0,5067.0,62.0,432.23,7771411622.0
923.597,92.0,90252.0,5067.0,62.0,441.695,7771461528.0
923.698,95.0,90252.0,5067.0,61.0,450.968,7771510108.0
923.798,93.0,90252.0,5067.0,62.0,452.388,7771600260.0
923.898,93.0,90252.0,5067.0,62.0,452.388,7771600260.0
923.998,93.0,90252.0,5067.0,61.0,462.505,7771649228.0
924.098,95.0,90252.0,5067.0,61.0,454.16,7771691985.0
924.198,95.0,90252.0,5067.0,61.0,453.77,7771736986.0
924.298,95.0,90252.0,5067.0,61.0,457.124,7771775076.0
924.398,95.0,90252.0,5067.0,61.0,456.165,7771817706.0
924.498,95.0,90252.0,5067.0,61.0,447.365,7771859379.0
924.598,95.0,90252.0,5067.0,61.0,435.568,7771899938.0
924.698,95.0,90252.0,5067.0,61.0,430.673,7771989088.0
924.798,95.0,90252.0,5067.0,61.0,431.492,7772037062.0
924.898,93.0,90252.0,5067.0,61.0,438.257,7772079717.0
924.998,93.0,90252.0,5067.0,61.0,429.907,7772123745.0
925.098,95.0,90252.0,5067.0,61.0,433.579,7772168244.0
925.198,95.0,90252.0,5067.0,61.0,432.533,7772215235.0
925.298,93.0,90252.0,5067.0,61.0,438.658,7772256592.0
925.398,95.0,90252.0,5067.0,61.0,433.428,7772294285.0
925.498,95.0,90252.0,5067.0,61.0,439.143,7772337713.0
925.598,95.0,90252.0,5067.0,61.0,439.823,7772385633.0
925.698,95.0,90252.0,5067.0,61.0,434.467,7772428065.0
925.798,95.0,90252.0,5067.0,61.0,435.393,7772473078.0
925.898,95.0,90252.0,5067.0,61.0,435.393,7772473078.0
925.998,95.0,90252.0,5067.0,61.0,439.769,7772520210.0
926.098,95.0,90252.0,5067.0,61.0,435.592,7772561086.0
926.198,95.0,90252.0,5067.0,61.0,432.063,7772599711.0
926.298,93.0,90252.0,5067.0,61.0,427.555,7772642653.0
926.398,93.0,90252.0,5067.0,61.0,428.827,7772686611.0
926.498,95.0,90252.0,5067.0,61.0,443.62,7772734893.0
926.597,95.0,90252.0,5067.0,61.0,446.893,7772785038.0
926.698,93.0,90252.0,5067.0,61.0,442.006,7772868779.0
926.798,93.0,90252.0,5067.0,61.0,442.006,7772868779.0
926.898,95.0,90252.0,5067.0,61.0,441.403,7772914586.0
926.998,95.0,90252.0,5067.0,61.0,433.902,7772953785.0
927.098,92.0,90252.0,5067.0,61.0,443.038,7773001418.0
927.198,92.0,90252.0,5067.0,61.0,445.291,7773084314.0
927.297,95.0,90252.0,5067.0,61.0,444.162,7773126790.0
927.397,95.0,90252.0,5067.0,61.0,443.687,7773175345.0
927.498,95.0,90252.0,5067.0,61.0,443.282,7773220818.0
927.598,95.0,90252.0,5067.0,61.0,437.723,7773267279.0
927.698,95.0,90252.0,5067.0,61.0,441.584,7773309489.0
927.798,95.0,90252.0,5067.0,61.0,443.496,7773355814.0
927.898,95.0,90252.0,5067.0,61.0,448.95,7773399100.0
927.998,93.0,90252.0,5067.0,61.0,442.801,7773443004.0
928.098,93.0,90252.0,5067.0,61.0,441.095,7773486141.0
928.198,93.0,90252.0,5067.0,61.0,447.433,7773486141.0
928.298,93.0,90252.0,5067.0,61.0,448.106,7773526080.0
928.398,90.0,90252.0,5067.0,61.0,441.018,7773572734.0
928.498,90.0,90252.0,5067.0,61.0,435.829,7773616501.0
928.598,93.0,90252.0,5067.0,61.0,424.425,7773657822.0
928.697,93.0,90252.0,5067.0,61.0,417.731,7773697853.0
928.798,92.0,90252.0,5067.0,61.0,412.377,7773732676.0
928.898,92.0,90252.0,5067.0,61.0,411.164,7773765983.0
928.998,90.0,90252.0,5067.0,60.0,413.281,7773811479.0
929.097,90.0,90252.0,5067.0,61.0,423.549,7773854734.0
929.198,90.0,90252.0,5067.0,61.0,417.489,7773902800.0
929.298,92.0,90252.0,5067.0,60.0,409.911,7773954125.0
929.397,92.0,90252.0,5067.0,60.0,409.269,7773991754.0
929.498,90.0,90252.0,5067.0,60.0,408.061,7774071626.0
929.598,90.0,90252.0,5067.0,60.0,408.201,7774108533.0
929.698,91.0,90252.0,5067.0,60.0,411.164,7774147405.0
929.798,91.0,90252.0,5067.0,60.0,417.037,7774189514.0
929.898,89.0,90252.0,5067.0,60.0,411.358,7774227905.0
929.998,89.0,90252.0,5067.0,60.0,399.768,7774263421.0
930.098,87.0,90252.0,5067.0,60.0,399.768,7774292715.0
930.198,87.0,90252.0,5067.0,60.0,361.444,7774319603.0
930.298,89.0,90252.0,5067.0,60.0,361.444,7774348047.0
930.398,89.0,90252.0,5067.0,60.0,365.972,7774394925.0
930.498,89.0,90252.0,5067.0,60.0,374.085,7774441248.0
930.597,88.0,90252.0,5067.0,59.0,383.039,7774486116.0
930.698,88.0,90252.0,5067.0,59.0,383.039,7774486116.0
930.798,88.0,90252.0,5067.0,59.0,391.181,7774539593.0
930.898,89.0,90252.0,5067.0,59.0,375.91,7774606162.0
930.998,89.0,90252.0,5067.0,59.0,375.91,7774606162.0
931.098,87.0,90252.0,5067.0,59.0,388.841,7774650105.0
931.198,87.0,90252.0,5067.0,59.0,407.101,7774687034.0
931.297,86.0,90252.0,5067.0,59.0,417.846,7774737137.0
931.398,86.0,90252.0,5067.0,59.0,420.829,7774769111.0
931.497,86.0,90252.0,5067.0,58.0,406.531,7774803475.0
931.598,86.0,90252.0,5067.0,58.0,400.862,7774842159.0
931.698,84.0,90252.0,5067.0,58.0,389.729,7774877842.0
931.798,84.0,90252.0,5067.0,58.0,382.737,7774921000.0
931.898,85.0,90252.0,5067.0,58.0,388.258,7774960012.0
931.998,85.0,90252.0,5067.0,58.0,393.218,7774994866.0
932.098,85.0,90252.0,5067.0,58.0,391.495,7775073456.0
932.198,85.0,90252.0,5067.0,58.0,377.952,7775110917.0
932.298,85.0,90252.0,5067.0,58.0,366.56,7775172063.0
932.398,85.0,90252.0,5067.0,58.0,366.56,7775172063.0
932.497,84.0,90252.0,5067.0,58.0,368.197,7775204305.0
932.598,84.0,90252.0,5067.0,58.0,357.748,7775234370.0
932.698,81.0,90252.0,5067.0,57.0,355.001,7775263575.0
932.798,81.0,90252.0,5067.0,57.0,337.816,7775293728.0
932.898,81.0,90252.0,5067.0,57.0,333.137,7775327473.0
932.998,79.0,90252.0,5067.0,56.0,317.627,7775360696.0
933.098,79.0,90252.0,5067.0,56.0,317.627,7775360696.0
933.197,79.0,90252.0,5067.0,56.0,321.742,7775391636.0
933.298,73.0,90252.0,5067.0,55.0,305.695,7775420326.0
933.397,73.0,90252.0,5067.0,53.0,303.147,7775448690.0
933.498,0.0,90252.0,5067.0,52.0,281.119,7775463455.0
933.597,0.0,90252.0,5067.0,52.0,264.987,7775476522.0
933.698,0.0,90252.0,5067.0,51.0,247.586,7775489557.0
933.798,0.0,90252.0,5067.0,51.0,232.957,7775502546.0
933.898,0.0,90252.0,5067.0,52.0,214.881,7775515411.0
933.998,0.0,90252.0,5067.0,58.0,226.745,7775543539.0
934.097,100.0,90252.0,5067.0,61.0,264.017,7775607329.0
934.198,100.0,90252.0,5067.0,63.0,295.748,7775746316.0
934.298,100.0,90252.0,5067.0,64.0,346.096,7775813428.0
934.398,100.0,90252.0,5067.0,65.0,388.758,7775882080.0
934.498,100.0,90252.0,5067.0,64.0,437.406,7775942160.0
934.598,100.0,90252.0,5067.0,66.0,483.626,7776010198.0
934.698,100.0,90252.0,5067.0,66.0,547.708,7776079974.0
934.798,100.0,90252.0,5067.0,67.0,592.899,7776147790.0
934.898,100.0,90252.0,5067.0,67.0,592.899,7776216552.0
934.998,100.0,90252.0,5067.0,68.0,682.942,7776281282.0
935.098,91.0,90252.0,5067.0,69.0,676.225,7776350260.0
935.198,91.0,90252.0,5067.0,69.0,676.225,7776350260.0
935.298,100.0,90252.0,5067.0,69.0,673.534,7776418447.0
935.398,100.0,90252.0,5067.0,69.0,673.507,7776485166.0
935.498,100.0,90252.0,5067.0,69.0,681.827,7776555381.0
935.598,100.0,90252.0,5067.0,69.0,678.688,7776620211.0
935.698,100.0,90252.0,5067.0,70.0,677.739,7776687885.0
935.798,100.0,90252.0,5067.0,69.0,677.293,7776755556.0
935.898,100.0,90252.0,5067.0,69.0,677.222,7776824677.0
935.998,100.0,90252.0,5067.0,69.0,675.483,7776893354.0
936.098,92.0,90252.0,5067.0,69.0,671.679,7777025130.0
936.198,92.0,90252.0,5067.0,70.0,670.957,7777094613.0
936.298,100.0,90252.0,5067.0,70.0,670.857,7777163161.0
936.398,100.0,90252.0,5067.0,70.0,671.915,7777230978.0
936.498,100.0,90252.0,5067.0,70.0,677.356,7777363074.0
936.598,100.0,90252.0,5067.0,70.0,677.356,7777363074.0
936.698,96.0,90252.0,5067.0,69.0,668.808,7777420017.0
936.798,96.0,90252.0,5067.0,66.0,651.901,7777474390.0
936.898,93.0,90252.0,5067.0,65.0,637.776,7777528221.0
936.998,93.0,90252.0,5067.0,65.0,637.776,7777580623.0
937.097,95.0,90252.0,5067.0,64.0,615.817,7777580623.0
937.198,93.0,90252.0,5067.0,64.0,564.295,7777672720.0
937.298,93.0,90252.0,5067.0,64.0,564.295,7777672720.0
937.398,93.0,90252.0,5067.0,63.0,539.393,7777714456.0
937.498,93.0,90252.0,5067.0,63.0,514.557,7777752156.0
937.598,93.0,90252.0,5067.0,63.0,493.648,7777802212.0
937.698,95.0,90252.0,5067.0,63.0,475.023,7777850033.0
937.798,95.0,90252.0,5067.0,63.0,462.044,7777890029.0
937.898,95.0,90252.0,5067.0,63.0,430.474,7777963089.0
937.998,95.0,90252.0,5067.0,63.0,430.474,7777963089.0
938.098,95.0,90252.0,5067.0,62.0,428.632,7778008407.0
938.198,95.0,90252.0,5067.0,62.0,418.823,7778058129.0
938.298,93.0,90252.0,5067.0,62.0,416.697,7778090390.0
938.398,93.0,90252.0,5067.0,62.0,409.399,7778162310.0
938.498,95.0,90252.0,5067.0,62.0,408.613,7778200323.0
938.598,95.0,90252.0,5067.0,62.0,395.352,7778242322.0
938.698,95.0,90252.0,5067.0,62.0,393.957,7778281766.0
938.798,95.0,90252.0,5067.0,62.0,398.451,7778327124.0
938.898,95.0,90252.0,5067.0,62.0,405.817,7778371205.0
938.998,95.0,90252.0,5067.0,62.0,405.951,7778407290.0
939.098,95.0,90252.0,5067.0,62.0,398.614,7778456703.0
939.198,95.0,90252.0,5067.0,62.0,407.533,7778505376.0
939.298,93.0,90252.0,5067.0,62.0,415.716,7778547241.0
939.398,93.0,90252.0,5067.0,61.0,428.645,7778597050.0
939.498,93.0,90252.0,5067.0,61.0,428.645,7778637307.0
939.598,95.0,90252.0,5067.0,62.0,435.279,7778637307.0
939.698,92.0,90252.0,5067.0,62.0,428.092,7778673714.0
939.798,92.0,90252.0,5067.0,62.0,435.662,7778713581.0
939.898,95.0,90252.0,5067.0,62.0,434.934,7778763390.0
939.998,95.0,90252.0,5067.0,62.0,435.71,7778805558.0
940.098,95.0,90252.0,5067.0,61.0,440.433,7778846652.0
940.198,95.0,90252.0,5067.0,62.0,436.243,7778893749.0
940.298,95.0,90252.0,5067.0,62.0,438.218,7778936179.0
940.398,95.0,90252.0,5067.0,62.0,435.257,7778981106.0
940.498,95.0,90252.0,5067.0,62.0,431.281,7779028823.0
940.597,95.0,90252.0,5067.0,62.0,436.908,7779072261.0
940.698,93.0,90252.0,5067.0,62.0,445.787,7779115085.0
940.798,93.0,90252.0,5067.0,61.0,441.622,7779162065.0
940.898,95.0,90252.0,5067.0,62.0,442.98,7779248681.0
940.998,95.0,90252.0,5067.0,62.0,443.677,7779295579.0
941.098,93.0,90252.0,5067.0,62.0,443.913,7779335929.0
941.198,93.0,90252.0,5067.0,62.0,442.81,7779381910.0
941.298,95.0,90252.0,5067.0,62.0,442.387,7779423782.0
941.398,95.0,90252.0,5067.0,61.0,440.701,7779509346.0
941.498,95.0,90252.0,5067.0,61.0,440.701,7779509346.0
941.598,95.0,90252.0,5067.0,61.0,436.887,7779557093.0
941.698,94.0,90252.0,5067.0,62.0,441.574,7779597641.0
941.798,94.0,90252.0,5067.0,62.0,439.826,7779642779.0
941.898,95.0,90252.0,5067.0,61.0,439.16,7779689185.0
941.998,95.0,90252.0,5067.0,62.0,445.028,7779734273.0
942.098,93.0,90252.0,5067.0,62.0,443.131,7779734273.0
942.198,95.0,90252.0,5067.0,61.0,455.163,7779834667.0
942.298,95.0,90252.0,5067.0,61.0,455.163,7779834667.0
942.398,95.0,90252.0,5067.0,62.0,454.145,7779880870.0
942.498,93.0,90252.0,5067.0,62.0,452.535,7779921986.0
942.598,93.0,90252.0,5067.0,61.0,450.817,7779962404.0
942.698,95.0,90252.0,5067.0,62.0,450.217,7780008006.0
942.798,95.0,90252.0,5067.0,62.0,456.74,7780053970.0
942.898,93.0,90252.0,5067.0,61.0,456.537,7780152173.0
942.998,93.0,90252.0,5067.0,61.0,456.537,7780152173.0
943.098,95.0,90252.0,5067.0,62.0,458.893,7780194325.0
943.198,95.0,90252.0,5067.0,62.0,449.638,7780238005.0
943.298,95.0,90252.0,5067.0,61.0,449.388,7780285702.0
943.398,95.0,90252.0,5067.0,61.0,448.81,7780371626.0
943.498,92.0,90252.0,5067.0,61.0,451.699,7780419386.0
943.598,95.0,90252.0,5067.0,61.0,449.344,7780505153.0
943.698,95.0,90252.0,5067.0,61.0,449.344,7780505153.0
943.798,95.0,90252.0,5067.0,61.0,448.121,7780544992.0
943.898,95.0,90252.0,5067.0,61.0,438.858,7780590846.0
943.998,95.0,90252.0,5067.0,61.0,440.289,7780630666.0
944.098,95.0,90252.0,5067.0,61.0,435.776,7780675580.0
944.198,95.0,90252.0,5067.0,61.0,434.296,7780712214.0
944.298,93.0,90252.0,5067.0,61.0,424.144,7780757321.0
944.398,93.0,90252.0,5067.0,61.0,424.766,7780801193.0
944.498,93.0,90252.0,5067.0,61.0,424.766,7780801193.0
944.598,94.0,90252.0,5067.0,61.0,428.62,7780846224.0
944.698,94.0,90252.0,5067.0,61.0,432.265,7780892036.0
944.798,91.0,90252.0,5067.0,61.0,426.096,7780935149.0
944.898,93.0,90252.0,5067.0,61.0,433.66,7780974848.0
944.998,93.0,90252.0,5067.0,61.0,441.501,7781029031.0
945.098,92.0,90252.0,5067.0,61.0,444.368,7781080203.0
945.198,92.0,90252.0,5067.0,61.0,445.207,7781118689.0
945.298,90.0,90252.0,5067.0,61.0,440.542,7781159058.0
945.398,90.0,90252.0,5067.0,60.0,436.221,7781194362.0
945.498,92.0,90252.0,5067.0,60.0,422.802,7781233823.0
945.598,92.0,90252.0,5067.0,60.0,422.046,7781268193.0
945.697,91.0,90252.0,5067.0,60.0,419.42,7781312028.0
945.798,91.0,90252.0,5067.0,60.0,421.782,7781390612.0
945.898,92.0,90252.0,5067.0,60.0,410.519,7781431249.0
945.998,92.0,90252.0,5067.0,60.0,397.912,7781475895.0
946.098,92.0,90252.0,5067.0,60.0,402.386,7781522012.0
946.198,92.0,90252.0,5067.0,60.0,408.163,7781564322.0
946.298,90.0,90252.0,5067.0,60.0,415.715,7781608512.0
946.398,90.0,90252.0,5067.0,60.0,418.282,7781653728.0
946.498,88.0,90252.0,5067.0,60.0,430.857,7781703168.0
946.598,88.0,90252.0,5067.0,60.0,425.489,7781741311.0
946.698,87.0,90252.0,5067.0,60.0,431.509,7781783921.0
946.798,87.0,90252.0,5067.0,60.0,431.729,7781824249.0
946.898,89.0,90252.0,5067.0,60.0,433.568,7781824249.0
946.998,89.0,90252.0,5067.0,60.0,441.579,7781869542.0
947.098,89.0,90252.0,5067.0,60.0,446.87,7781920520.0
947.198,89.0,90252.0,5067.0,60.0,443.182,7781966650.0
947.298,88.0,90252.0,5067.0,60.0,445.971,7782014485.0
947.398,88.0,90252.0,5067.0,59.0,445.531,7782061582.0
947.497,90.0,90252.0,5067.0,60.0,441.588,7782101231.0
947.598,90.0,90252.0,5067.0,59.0,444.774,7782146362.0
947.698,88.0,90252.0,5067.0,59.0,449.11,7782189885.0
947.798,88.0,90252.0,5067.0,59.0,438.497,7782231413.0
947.898,86.0,90252.0,5067.0,59.0,430.369,7782259666.0
947.998,86.0,90252.0,5067.0,59.0,423.935,7782299015.0
948.098,86.0,90252.0,5067.0,59.0,416.5,7782342285.0
948.198,86.0,90252.0,5067.0,59.0,421.555,7782428731.0
948.298,85.0,90252.0,5067.0,58.0,402.469,7782455881.0
948.397,85.0,90252.0,5067.0,59.0,397.326,7782495669.0
948.498,85.0,90252.0,5067.0,59.0,389.966,7782529956.0
948.598,85.0,90252.0,5067.0,58.0,382.553,7782566069.0
948.698,86.0,90252.0,5067.0,58.0,372.431,7782605325.0
948.797,86.0,90252.0,5067.0,58.0,376.362,7782635010.0
948.898,84.0,90252.0,5067.0,58.0,377.149,7782672613.0
948.998,84.0,90252.0,5067.0,58.0,352.476,7782734858.0
949.098,84.0,90252.0,5067.0,58.0,352.476,7782734858.0
949.198,84.0,90252.0,5067.0,58.0,352.476,7782768946.0
949.298,84.0,90252.0,5067.0,57.0,347.136,7782809058.0
949.398,81.0,90252.0,5067.0,57.0,349.52,7782809058.0
949.498,81.0,90252.0,5067.0,57.0,350.839,7782845563.0
949.598,70.0,90252.0,5067.0,55.0,316.042,7782891219.0
949.697,70.0,90252.0,5067.0,55.0,316.042,7782891219.0
949.798,70.0,90252.0,5067.0,53.0,290.548,7782908723.0
949.898,0.0,90252.0,5067.0,52.0,271.763,7782921886.0
949.998,0.0,90252.0,5067.0,52.0,251.981,7782934942.0
950.098,0.0,90252.0,5067.0,51.0,236.394,7782947959.0
950.198,0.0,90252.0,5067.0,51.0,212.525,7782960965.0
950.298,28.0,90252.0,5067.0,58.0,211.07,7782977508.0
950.398,28.0,90252.0,5067.0,60.0,241.081,7783026039.0
950.498,100.0,90252.0,5067.0,63.0,276.607,7783095873.0
950.598,100.0,90252.0,5067.0,64.0,324.31,7783231463.0
950.698,100.0,90252.0,5067.0,65.0,373.107,7783301312.0
950.798,100.0,90252.0,5067.0,66.0,421.962,7783363693.0
950.898,86.0,90252.0,5067.0,65.0,476.155,7783430537.0
950.998,86.0,90252.0,5067.0,67.0,530.207,7783497201.0
951.098,100.0,90252.0,5067.0,67.0,642.878,7783566159.0
951.198,100.0,90252.0,5067.0,67.0,642.878,7783566159.0
951.298,100.0,90252.0,5067.0,68.0,665.595,7783635808.0
951.398,100.0,90252.0,5067.0,68.0,671.808,7783703091.0
951.498,91.0,90252.0,5067.0,68.0,675.174,7783769540.0
951.598,91.0,90252.0,5067.0,68.0,677.4,7783837708.0
951.698,100.0,90252.0,5067.0,69.0,676.86,7783907034.0
951.798,100.0,90252.0,5067.0,69.0,676.805,7783977633.0
951.898,100.0,90252.0,5067.0,69.0,681.027,7784110316.0
951.998,100.0,90252.0,5067.0,69.0,681.237,7784178628.0
952.098,100.0,90252.0,5067.0,69.0,681.237,7784178628.0
952.198,100.0,90252.0,5067.0,70.0,680.032,7784247906.0
952.298,100.0,90252.0,5067.0,70.0,681.916,7784316837.0
952.398,100.0,90252.0,5067.0,70.0,685.796,7784450422.0
952.498,89.0,90252.0,5067.0,70.0,679.435,7784518212.0
952.598,89.0,90252.0,5067.0,70.0,680.528,7784587046.0
952.698,100.0,90252.0,5067.0,70.0,683.636,7784726913.0
952.798,100.0,90252.0,5067.0,70.0,683.636,7784726913.0
952.898,100.0,90252.0,5067.0,70.0,686.915,7784795869.0
952.998,100.0,90252.0,5067.0,70.0,683.771,7784860959.0
953.098,95.0,90252.0,5067.0,69.0,675.7,7784912984.0
953.198,95.0,90252.0,5067.0,67.0,643.955,7784912984.0
953.298,93.0,90252.0,5067.0,66.0,613.465,7784947306.0
953.398,93.0,90252.0,5067.0,65.0,593.885,7784987434.0
953.502,95.0,90252.0,5067.0,64.0,533.525,7785076531.0
953.598,95.0,90252.0,5067.0,64.0,533.525,7785076531.0
953.698,93.0,90252.0,5067.0,64.0,512.841,7785115263.0
953.798,93.0,90252.0,5067.0,64.0,494.141,7785164866.0
953.898,95.0,90252.0,5067.0,63.0,468.261,7785211599.0
953.998,95.0,90252.0,5067.0,63.0,440.378,7785248213.0
954.098,95.0,90252.0,5067.0,63.0,430.9,7785292834.0
954.198,95.0,90252.0,5067.0,63.0,444.657,7785349262.0
954.298,94.0,90252.0,5067.0,63.0,451.533,7785398771.0
954.398,94.0,90252.0,5067.0,63.0,438.762,7785436627.0
954.498,95.0,90252.0,5067.0,63.0,435.264,7785470681.0
954.598,95.0,90252.0,5067.0,63.0,448.762,7785567330.0
954.698,93.0,90252.0,5067.0,63.0,455.069,7785612037.0
954.798,93.0,90252.0,5067.0,62.0,443.626,7785648142.0
954.898,95.0,90252.0,5067.0,62.0,438.71,7785690016.0
954.998,95.0,90252.0,5067.0,62.0,446.13,7785731865.0
955.098,95.0,90252.0,5067.0,62.0,429.451,7785769092.0
955.198,95.0,90252.0,5067.0,62.0,420.586,7785820555.0
955.297,95.0,90252.0,5067.0,62.0,429.964,7785867030.0
955.398,95.0,90252.0,5067.0,62.0,443.016,7785960930.0
955.498,95.0,90252.0,5067.0,62.0,443.016,7785960930.0
955.598,95.0,90252.0,5067.0,62.0,442.05,7786002937.0
955.698,95.0,90252.0,5067.0,62.0,442.05,7786002937.0
955.798,93.0,90252.0,5067.0,62.0,430.875,7786048939.0
955.898,93.0,90252.0,5067.0,62.0,434.802,7786085244.0
955.998,95.0,90252.0,5067.0,62.0,434.523,7786130821.0
956.098,92.0,90252.0,5067.0,62.0,453.587,7786230663.0
956.198,92.0,90252.0,5067.0,62.0,453.587,7786230663.0
956.298,94.0,90252.0,5067.0,62.0,459.646,7786278457.0
956.398,94.0,90252.0,5067.0,62.0,466.587,7786334105.0
956.498,95.0,90252.0,5067.0,62.0,469.103,7786383872.0
956.598,95.0,90252.0,5067.0,62.0,463.637,7786427982.0
956.698,95.0,90252.0,5067.0,62.0,468.977,7786470650.0
956.798,95.0,90252.0,5067.0,62.0,481.865,7786610126.0
956.898,95.0,90252.0,5067.0,62.0,481.865,7786610126.0
956.998,95.0,90252.0,5067.0,62.0,472.459,7786654730.0
957.098,93.0,90252.0,5067.0,62.0,471.866,7786702442.0
957.198,93.0,90252.0,5067.0,61.0,469.513,7786741831.0
957.298,95.0,90252.0,5067.0,62.0,462.31,7786793432.0
957.398,95.0,90252.0,5067.0,62.0,455.759,7786835345.0
957.498,93.0,90252.0,5067.0,62.0,450.455,7786879661.0
957.598,93.0,90252.0,5067.0,62.0,453.949,7786931352.0
957.698,95.0,90252.0,5067.0,62.0,460.047,7786972983.0
957.798,95.0,90252.0,5067.0,62.0,451.2,7787013169.0
957.898,95.0,90252.0,5067.0,62.0,445.118,7787058942.0
957.998,95.0,90252.0,5067.0,62.0,451.608,7787104650.0
958.098,95.0,90252.0,5067.0,62.0,446.57,7787152438.0
958.198,95.0,90252.0,5067.0,62.0,453.943,7787152438.0
958.298,95.0,90252.0,5067.0,62.0,458.723,7787203313.0
958.398,95.0,90252.0,5067.0,62.0,453.068,7787250434.0
958.497,95.0,90252.0,5067.0,62.0,452.581,7787290532.0
958.598,95.0,90252.0,5067.0,62.0,443.707,7787331657.0
958.698,95.0,90252.0,5067.0,62.0,438.419,7787371294.0
958.798,95.0,90252.0,5067.0,62.0,439.427,7787412870.0
958.898,95.0,90252.0,5067.0,62.0,439.427,7787455848.0
958.998,93.0,90252.0,5067.0,62.0,439.333,7787500183.0
959.098,95.0,90252.0,5067.0,62.0,426.291,7787586494.0
959.198,95.0,90252.0,5067.0,62.0,426.291,7787586494.0
959.298,92.0,90252.0,5067.0,62.0,425.422,7787628002.0
959.398,95.0,90252.0,5067.0,62.0,428.095,7787717338.0
959.498,95.0,90252.0,5067.0,62.0,428.095,7787717338.0
959.598,95.0,90252.0,5067.0,62.0,433.554,7787806286.0
959.698,92.0,90252.0,5067.0,62.0,435.736,7787850821.0
959.798,92.0,90252.0,5067.0,61.0,438.308,7787894203.0
959.898,95.0,90252.0,5067.0,62.0,438.567,7787941184.0
959.998,95.0,90252.0,5067.0,62.0,438.098,7787984379.0
960.098,93.0,90252.0,5067.0,62.0,438.53,7788025205.0
960.198,93.0,90252.0,5067.0,61.0,441.196,7788068705.0
960.298,95.0,90252.0,5067.0,62.0,439.544,7788112501.0
960.398,95.0,90252.0,5067.0,62.0,437.796,7788152114.0
960.497,95.0,90252.0,5067.0,61.0,438.836,7788199687.0
960.597,95.0,90252.0,5067.0,61.0,437.144,7788240272.0
960.698,95.0,90252.0,5067.0,61.0,437.1,7788240272.0
960.798,95.0,90252.0,5067.0,61.0,443.829,7788288505.0
960.898,95.0,90252.0,5067.0,61.0,440.31,7788337623.0
960.998,95.0,90252.0,5067.0,61.0,439.767,7788380985.0
961.097,92.0,90252.0,5067.0,61.0,439.566,7788422405.0
961.197,92.0,90252.0,5067.0,61.0,436.353,7788466410.0
961.297,92.0,90252.0,5067.0,61.0,440.533,7788504529.0
961.397,92.0,90252.0,5067.0,61.0,446.403,7788555625.0
961.498,91.0,90252.0,5067.0,61.0,451.096,7788603334.0
961.597,91.0,90252.0,5067.0,61.0,450.533,7788651841.0
961.698,92.0,90252.0,5067.0,61.0,444.614,7788693824.0
961.798,92.0,90252.0,5067.0,61.0,441.034,7788731382.0
961.898,92.0,90252.0,5067.0,60.0,444.021,7788779678.0
961.997,92.0,90252.0,5067.0,60.0,447.074,7788872727.0
962.097,90.0,90252.0,5067.0,60.0,451.939,7788920675.0
962.197,90.0,90252.0,5067.0,60.0,462.183,7788966731.0
962.297,92.0,90252.0,5067.0,60.0,453.906,7789007368.0
962.398,92.0,90252.0,5067.0,60.0,444.28,7789044319.0
962.497,90.0,90252.0,5067.0,60.0,438.434,7789085895.0
962.598,90.0,90252.0,5067.0,60.0,436.23,7789126021.0
962.698,89.0,90252.0,5067.0,60.0,433.93,7789165206.0
962.798,89.0,90252.0,5067.0,60.0,422.42,7789246104.0
962.897,89.0,90252.0,5067.0,60.0,422.42,7789246104.0
962.998,89.0,90252.0,5067.0,60.0,422.42,7789284999.0
963.098,89.0,90252.0,5067.0,60.0,415.21,7789284999.0
963.198,87.0,90252.0,5067.0,60.0,403.309,7789319915.0
963.298,87.0,90252.0,5067.0,60.0,402.702,7789367148.0
963.398,89.0,90252.0,5067.0,60.0,391.596,7789399698.0
963.498,87.0,90252.0,5067.0,59.0,402.051,7789487157.0
963.597,87.0,90252.0,5067.0,59.0,402.051,7789487157.0
963.697,87.0,90252.0,5067.0,60.0,405.558,7789532209.0
963.798,89.0,90252.0,5067.0,60.0,406.31,7789571266.0
963.898,89.0,90252.0,5067.0,59.0,400.198,7789610178.0
963.998,90.0,90252.0,5067.0,59.0,406.331,7789652705.0
964.098,88.0,90252.0,5067.0,59.0,406.738,7789684912.0
964.198,88.0,90252.0,5067.0,59.0,404.51,7789731492.0
964.298,89.0,90252.0,5067.0,59.0,407.767,7789774153.0
964.397,89.0,90252.0,5067.0,59.0,393.861,7789834217.0
964.498,89.0,90252.0,5067.0,59.0,390.519,7789880211.0
964.598,89.0,90252.0,5067.0,59.0,380.988,7789913589.0
964.697,84.0,90252.0,5067.0,59.0,373.216,7789949396.0
964.798,84.0,90252.0,5067.0,59.0,373.886,7789982898.0
964.898,86.0,90252.0,5067.0,59.0,358.442,7790014797.0
964.998,86.0,90252.0,5067.0,59.0,372.988,7790057820.0
965.097,86.0,90252.0,5067.0,59.0,360.553,7790090193.0
965.198,86.0,90252.0,5067.0,59.0,356.029,7790132786.0
965.298,84.0,90252.0,5067.0,58.0,360.396,7790170859.0
965.397,84.0,90252.0,5067.0,58.0,366.121,7790201258.0
965.498,84.0,90252.0,5067.0,58.0,366.121,7790201258.0
965.597,86.0,90252.0,5067.0,58.0,359.55,7790235234.0
965.697,86.0,90252.0,5067.0,58.0,362.332,7790278924.0
965.797,86.0,90252.0,5067.0,58.0,366.722,7790313870.0
965.898,86.0,90252.0,5067.0,58.0,365.79,7790353981.0
965.998,83.0,90252.0,5067.0,58.0,378.521,7790389677.0
966.098,83.0,90252.0,5067.0,56.0,366.696,7790422491.0
966.198,71.0,90252.0,5067.0,55.0,352.323,7790439213.0
966.298,71.0,90252.0,5067.0,53.0,324.633,7790452330.0
966.398,0.0,90252.0,5067.0,53.0,298.329,7790465434.0
966.498,0.0,90252.0,5067.0,52.0,278.687,7790478580.0
966.598,0.0,90252.0,5067.0,52.0,257.554,7790491664.0
966.698,20.0,90252.0,5067.0,51.0,233.912,7790505659.0
966.797,20.0,90252.0,5067.0,55.0,262.83,7790549753.0
966.898,100.0,90252.0,5067.0,62.0,293.78,7790688072.0
966.998,100.0,90252.0,5067.0,64.0,327.968,7790755644.0
967.097,100.0,90252.0,5067.0,65.0,378.541,7790825149.0
967.198,100.0,90252.0,5067.0,65.0,426.662,7790887979.0
967.298,89.0,90252.0,5067.0,66.0,475.661,7790955468.0
967.398,100.0,90252.0,5067.0,67.0,596.075,7791094670.0
967.498,100.0,90252.0,5067.0,67.0,596.075,7791094670.0
967.598,100.0,90252.0,5067.0,67.0,653.516,7791165380.0
967.698,100.0,90252.0,5067.0,68.0,683.495,7791234230.0
967.798,100.0,90252.0,5067.0,68.0,683.495,7791295112.0
967.898,100.0,90252.0,5067.0,67.0,676.627,7791295112.0
967.998,90.0,90252.0,5067.0,68.0,677.105,7791364946.0
968.098,90.0,90252.0,5067.0,68.0,677.002,7791433863.0
968.198,100.0,90252.0,5067.0,69.0,676.652,7791502279.0
968.297,100.0,90252.0,5067.0,70.0,678.825,7791572331.0
968.397,100.0,90252.0,5067.0,69.0,677.535,7791632325.0
968.497,100.0,90252.0,5067.0,69.0,675.49,7791701471.0
968.598,100.0,90252.0,5067.0,69.0,674.69,7791771585.0
968.698,100.0,90252.0,5067.0,70.0,674.494,7791840418.0
968.798,100.0,90252.0,5067.0,70.0,674.578,7791908896.0
968.898,87.0,90252.0,5067.0,69.0,668.578,7792037283.0
968.998,87.0,90252.0,5067.0,69.0,668.578,7792037283.0
969.098,100.0,90252.0,5067.0,70.0,666.642,7792170564.0
969.198,100.0,90252.0,5067.0,70.0,664.294,7792238177.0
969.298,100.0,90252.0,5067.0,71.0,670.679,7792301888.0
969.397,100.0,90252.0,5067.0,67.0,647.712,7792345448.0
969.498,93.0,90252.0,5067.0,66.0,611.84,7792380157.0
969.597,93.0,90252.0,5067.0,65.0,595.632,7792433124.0
969.698,95.0,90252.0,5067.0,65.0,573.023,7792477743.0
969.798,95.0,90252.0,5067.0,64.0,544.177,7792516329.0
969.898,92.0,90252.0,5067.0,64.0,531.051,7792567279.0
969.998,92.0,90252.0,5067.0,63.0,509.791,7792611109.0
970.098,92.0,90252.0,5067.0,63.0,509.791,7792611109.0
970.198,95.0,90252.0,5067.0,63.0,494.636,7792657699.0
970.298,95.0,90252.0,5067.0,63.0,471.158,7792702825.0
970.398,95.0,90252.0,5067.0,63.0,446.942,7792748079.0
970.498,95.0,90252.0,5067.0,63.0,440.779,7792791801.0
970.598,94.0,90252.0,5067.0,63.0,448.733,7792832732.0
970.698,94.0,90252.0,5067.0,63.0,444.301,7792876817.0
970.798,95.0,90252.0,5067.0,62.0,445.1,7792921148.0
970.898,95.0,90252.0,5067.0,62.0,444.282,7792960932.0
970.998,92.0,90252.0,5067.0,62.0,440.352,7793007908.0
971.098,92.0,90252.0,5067.0,62.0,435.336,7793048586.0
971.198,94.0,90252.0,5067.0,62.0,435.315,7793094136.0
971.298,93.0,90252.0,5067.0,62.0,434.746,7793135897.0
971.398,93.0,90252.0,5067.0,62.0,433.524,7793226393.0
971.498,95.0,90252.0,5067.0,62.0,436.814,7793271844.0
971.598,95.0,90252.0,5067.0,62.0,433.628,7793311283.0
971.698,95.0,90252.0,5067.0,62.0,427.468,7793350856.0
971.798,95.0,90252.0,5067.0,62.0,433.564,7793395949.0
971.898,93.0,90252.0,5067.0,62.0,435.724,7793444744.0
971.998,93.0,90252.0,5067.0,61.0,442.657,7793492138.0
972.098,94.0,90252.0,5067.0,62.0,444.504,7793538761.0
972.198,94.0,90252.0,5067.0,62.0,448.022,7793587499.0
972.299,92.0,90252.0,5067.0,62.0,458.896,7793634236.0
972.397,92.0,90252.0,5067.0,61.0,452.436,7793679082.0
972.498,92.0,90252.0,5067.0,61.0,452.436,7793679082.0
972.598,95.0,90252.0,5067.0,62.0,448.026,7793716156.0
972.698,95.0,90252.0,5067.0,62.0,447.159,7793756083.0
972.798,93.0,90252.0,5067.0,62.0,454.778,7793801809.0
972.898,93.0,90252.0,5067.0,62.0,442.77,7793839336.0
972.998,95.0,90252.0,5067.0,62.0,448.16,7793890029.0
973.098,95.0,90252.0,5067.0,62.0,448.58,7793938019.0
973.198,95.0,90252.0,5067.0,61.0,449.527,7793985716.0
973.298,95.0,90252.0,5067.0,62.0,443.758,7794026381.0
973.398,95.0,90252.0,5067.0,62.0,434.81,7794072639.0
973.498,95.0,90252.0,5067.0,62.0,441.823,7794121352.0
973.598,95.0,90252.0,5067.0,61.0,446.601,7794166379.0
973.698,95.0,90252.0,5067.0,62.0,446.365,7794206958.0
973.798,93.0,90252.0,5067.0,62.0,461.293,7794298981.0
973.898,95.0,90252.0,5067.0,62.0,443.446,7794379490.0
973.998,95.0,90252.0,5067.0,62.0,443.446,7794379490.0
974.098,93.0,90252.0,5067.0,62.0,440.584,7794425793.0
974.198,93.0,90252.0,5067.0,61.0,447.127,7794473088.0
974.298,95.0,90252.0,5067.0,62.0,448.026,7794517092.0
974.398,95.0,90252.0,5067.0,62.0,439.095,7794561557.0
974.497,95.0,90252.0,5067.0,62.0,435.631,7794602426.0
974.597,95.0,90252.0,5067.0,61.0,440.271,7794646465.0
974.697,95.0,90252.0,5067.0,62.0,446.635,7794694068.0
974.798,95.0,90252.0,5067.0,62.0,438.633,7794736427.0
974.898,95.0,90252.0,5067.0,62.0,442.916,7794783343.0
974.998,95.0,90252.0,5067.0,61.0,443.411,7794783343.0
975.098,93.0,90252.0,5067.0,61.0,444.657,7794823392.0
975.198,93.0,90252.0,5067.0,61.0,442.897,7794868638.0
975.298,95.0,90252.0,5067.0,61.0,442.979,7794915779.0
975.398,95.0,90252.0,5067.0,61.0,450.739,7794959300.0
975.498,92.0,90252.0,5067.0,61.0,451.215,7795010453.0
975.602,92.0,90252.0,5067.0,61.0,438.859,7795095051.0
975.698,92.0,90252.0,5067.0,61.0,438.859,7795095051.0
975.798,95.0,90252.0,5067.0,61.0,438.089,7795132969.0
975.898,95.0,90252.0,5067.0,61.0,435.979,7795173936.0
975.997,93.0,90252.0,5067.0,61.0,432.887,7795218770.0
976.098,93.0,90252.0,5067.0,61.0,425.81,7795257265.0
976.198,94.0,90252.0,5067.0,61.0,424.122,7795296656.0
976.298,94.0,90252.0,5067.0,61.0,426.202,7795343248.0
976.398,92.0,90252.0,5067.0,61.0,416.843,7795428586.0
976.498,90.0,90252.0,5067.0,61.0,414.447,7795467865.0
976.598,90.0,90252.0,5067.0,61.0,417.143,7795511788.0
976.698,92.0,90252.0,5067.0,61.0,424.441,7795558324.0
976.797,92.0,90252.0,5067.0,61.0,425.649,7795600859.0
976.898,92.0,90252.0,5067.0,61.0,422.641,7795640915.0
976.998,92.0,90252.0,5067.0,61.0,424.423,7795679973.0
977.097,92.0,90252.0,5067.0,61.0,426.192,7795721813.0
977.198,92.0,90252.0,5067.0,61.0,424.936,7795765274.0
977.297,92.0,90252.0,5067.0,61.0,420.867,7795804680.0
977.397,92.0,90252.0,5067.0,61.0,420.867,7795852974.0
977.498,92.0,90252.0,5067.0,61.0,427.3,7795852974.0
977.597,89.0,90252.0,5067.0,61.0,429.432,7795894753.0
977.698,89.0,90252.0,5067.0,61.0,424.478,7795934042.0
977.798,92.0,90252.0,5067.0,60.0,417.207,7795974718.0
977.898,92.0,90252.0,5067.0,60.0,419.326,7796020562.0
977.997,91.0,90252.0,5067.0,60.0,418.889,7796058109.0
978.097,91.0,90252.0,5067.0,60.0,420.888,7796100441.0
978.197,91.0,90252.0,5067.0,60.0,423.298,7796143713.0
978.298,89.0,90252.0,5067.0,60.0,420.926,7796225164.0
978.398,89.0,90252.0,5067.0,60.0,420.926,7796225164.0
978.498,89.0,90252.0,5067.0,60.0,412.724,7796265128.0
978.598,87.0,90252.0,5067.0,60.0,414.905,7796309031.0
978.698,87.0,90252.0,5067.0,60.0,417.204,7796353540.0
978.798,89.0,90252.0,5067.0,60.0,415.872,7796435019.0
978.898,89.0,90252.0,5067.0,60.0,412.267,7796471113.0
978.998,89.0,90252.0,5067.0,60.0,420.329,7796517345.0
979.098,88.0,90252.0,5067.0,60.0,420.264,7796559868.0
979.198,88.0,90252.0,5067.0,60.0,416.899,7796598385.0
979.298,88.0,90252.0,5067.0,60.0,415.934,7796640091.0
979.398,88.0,90252.0,5067.0,59.0,414.336,7796683545.0
979.498,87.0,90252.0,5067.0,60.0,406.886,7796718739.0
979.598,87.0,90252.0,5067.0,59.0,396.739,7796749375.0
979.698,88.0,90252.0,5067.0,59.0,401.744,7796791494.0
979.798,88.0,90252.0,5067.0,59.0,389.244,7796826859.0
979.898,88.0,90252.0,5067.0,59.0,389.244,7796826859.0
979.998,88.0,90252.0,5067.0,59.0,389.815,7796863899.0
980.097,88.0,90252.0,5067.0,59.0,389.683,7796910412.0
980.198,84.0,90252.0,5067.0,59.0,395.826,7796958113.0
980.297,84.0,90252.0,5067.0,59.0,401.2,7797003475.0
980.398,85.0,90252.0,5067.0,59.0,404.256,7797047352.0
980.497,85.0,90252.0,5067.0,59.0,407.589,7797089818.0
980.598,84.0,90252.0,5067.0,59.0,417.811,7797134621.0
980.698,84.0,90252.0,5067.0,58.0,432.5,7797180186.0
980.798,85.0,90252.0,5067.0,58.0,429.685,7797222533.0
980.898,85.0,90252.0,5067.0,58.0,445.553,7797267980.0
980.998,85.0,90252.0,5067.0,58.0,442.689,7797308567.0
981.097,85.0,90252.0,5067.0,58.0,431.486,7797347020.0
981.198,83.0,90252.0,5067.0,58.0,415.926,7797412560.0
981.298,83.0,90252.0,5067.0,58.0,405.611,7797449782.0
981.397,85.0,90252.0,5067.0,58.0,401.577,7797476995.0
981.497,85.0,90252.0,5067.0,58.0,369.598,7797510968.0
981.598,85.0,90252.0,5067.0,58.0,363.694,7797545415.0
981.702,82.0,90252.0,5067.0,58.0,348.839,7797618241.0
981.798,82.0,90252.0,5067.0,58.0,348.839,7797618241.0
981.898,81.0,90252.0,5067.0,58.0,341.956,7797653540.0
981.998,80.0,90252.0,5067.0,57.0,330.117,7797710228.0
982.098,80.0,90252.0,5067.0,57.0,330.117,7797710228.0
982.198,80.0,90252.0,5067.0,56.0,318.438,7797734325.0
982.298,80.0,90252.0,5067.0,56.0,318.438,7797734325.0
982.397,65.0,90252.0,5067.0,56.0,300.734,7797755476.0
982.498,65.0,90252.0,5067.0,54.0,284.989,7797769921.0
982.598,0.0,90252.0,5067.0,53.0,268.827,7797783020.0
982.698,0.0,90252.0,5067.0,52.0,245.54,7797796108.0
982.798,0.0,90252.0,5067.0,52.0,222.598,7797809156.0
982.898,0.0,90252.0,5067.0,51.0,206.299,7797822145.0
982.998,77.0,90252.0,5067.0,57.0,221.622,7797866752.0
983.098,77.0,90252.0,5067.0,61.0,263.382,7797935139.0
983.198,100.0,90252.0,5067.0,62.0,302.469,7798003122.0
983.298,100.0,90252.0,5067.0,64.0,348.242,7798071999.0
983.398,100.0,90252.0,5067.0,65.0,395.657,7798208092.0
983.498,100.0,90252.0,5067.0,65.0,444.872,7798270612.0
983.598,100.0,90252.0,5067.0,65.0,550.153,7798337585.0
983.698,100.0,90252.0,5067.0,67.0,653.185,7798472344.0
983.798,100.0,90252.0,5067.0,67.0,653.185,7798472344.0
983.898,100.0,90252.0,5067.0,67.0,668.713,7798538849.0
983.998,100.0,90252.0,5067.0,67.0,660.547,7798600345.0
984.098,100.0,90252.0,5067.0,69.0,665.176,7798670041.0
984.198,100.0,90252.0,5067.0,68.0,664.388,7798738339.0
984.298,100.0,90252.0,5067.0,68.0,664.388,7798738339.0
984.397,100.0,90252.0,5067.0,68.0,665.045,7798807884.0
984.498,100.0,90252.0,5067.0,69.0,668.352,7798876033.0
984.598,89.0,90252.0,5067.0,70.0,668.731,7798939925.0
984.698,100.0,90252.0,5067.0,69.0,673.543,7799077466.0
984.798,100.0,90252.0,5067.0,69.0,673.543,7799077466.0
984.898,100.0,90252.0,5067.0,69.0,675.202,7799146704.0
984.997,100.0,90252.0,5067.0,70.0,678.057,7799216735.0
985.098,100.0,90252.0,5067.0,70.0,679.603,7799284582.0
985.198,92.0,90252.0,5067.0,69.0,652.999,7799331415.0
985.298,92.0,90252.0,5067.0,65.0,625.295,7799368989.0
985.398,90.0,90252.0,5067.0,64.0,597.813,7799407607.0
985.498,90.0,90252.0,5067.0,63.0,566.542,7799446529.0
985.598,90.0,90252.0,5067.0,63.0,539.264,7799522226.0
985.698,90.0,90252.0,5067.0,62.0,507.478,7799561160.0
985.798,89.0,90252.0,5067.0,62.0,481.82,7799601089.0
985.898,89.0,90252.0,5067.0,62.0,452.22,7799640265.0
985.998,90.0,90252.0,5067.0,61.0,422.833,7799680540.0
986.098,90.0,90252.0,5067.0,61.0,393.621,7799718989.0
986.198,90.0,90252.0,5067.0,61.0,389.016,7799765100.0
986.298,91.0,90252.0,5067.0,61.0,397.245,7799848008.0
986.398,91.0,90252.0,5067.0,61.0,397.245,7799848008.0
986.498,91.0,90252.0,5067.0,61.0,402.578,7799884977.0
986.598,91.0,90252.0,5067.0,61.0,403.621,7799884977.0
986.698,91.0,90252.0,5067.0,60.0,404.785,7799926173.0
986.798,89.0,90252.0,5067.0,60.0,402.082,7799967511.0
986.898,89.0,90252.0,5067.0,60.0,404.33,7800003496.0
986.998,91.0,90252.0,5067.0,60.0,406.709,7800044285.0
987.098,90.0,90252.0,5067.0,60.0,408.462,7800128393.0
987.197,90.0,90252.0,5067.0,60.0,408.462,7800128393.0
987.298,90.0,90252.0,5067.0,60.0,405.107,7800166057.0
987.398,91.0,90252.0,5067.0,60.0,403.306,7800204953.0
987.498,91.0,90252.0,5067.0,60.0,397.903,7800245024.0
987.598,91.0,90252.0,5067.0,60.0,399.574,7800284273.0
987.698,91.0,90252.0,5067.0,60.0,404.16,7800330698.0
987.798,89.0,90252.0,5067.0,60.0,404.078,7800406538.0
987.898,89.0,90252.0,5067.0,60.0,404.078,7800406538.0
987.998,91.0,90252.0,5067.0,60.0,408.866,7800491321.0
988.098,91.0,90252.0,5067.0,60.0,405.228,7800525585.0
988.198,90.0,90252.0,5067.0,60.0,395.445,7800558462.0
988.298,90.0,90252.0,5067.0,59.0,393.667,7800597162.0
988.398,90.0,90252.0,5067.0,60.0,388.869,7800636146.0
988.498,90.0,90252.0,5067.0,60.0,391.763,7800675949.0
988.598,88.0,90252.0,5067.0,60.0,384.149,7800754818.0
988.698,88.0,90252.0,5067.0,60.0,384.149,7800754818.0
988.798,88.0,90252.0,5067.0,60.0,386.371,7800792609.0
988.898,88.0,90252.0,5067.0,59.0,377.135,7800831626.0
988.998,88.0,90252.0,5067.0,60.0,380.831,7800871219.0
989.097,88.0,90252.0,5067.0,60.0,380.831,7800871219.0
989.197,86.0,90252.0,5067.0,60.0,386.027,7800908181.0
989.298,86.0,90252.0,5067.0,60.0,391.148,7800948046.0
989.398,88.0,90252.0,5067.0,59.0,390.623,7800985115.0
989.498,88.0,90252.0,5067.0,60.0,386.707,7801026129.0
989.598,88.0,90252.0,5067.0,60.0,390.536,7801063337.0
989.698,88.0,90252.0,5067.0,59.0,386.737,7801099780.0
989.798,87.0,90252.0,5067.0,59.0,386.178,7801137763.0
989.898,87.0,90252.0,5067.0,60.0,387.547,7801176318.0
989.998,88.0,90252.0,5067.0,59.0,389.151,7801218452.0
990.098,88.0,90252.0,5067.0,60.0,386.923,7801257061.0
990.198,86.0,90252.0,5067.0,60.0,391.247,7801340031.0
990.298,86.0,90252.0,5067.0,60.0,391.247,7801340031.0
990.397,88.0,90252.0,5067.0,59.0,401.016,7801429232.0
990.498,88.0,90252.0,5067.0,60.0,405.777,7801471417.0
990.598,88.0,90252.0,5067.0,60.0,408.873,7801508993.0
990.698,88.0,90252.0,5067.0,59.0,406.193,7801538688.0
990.798,89.0,90252.0,5067.0,59.0,398.454,7801577678.0
990.898,89.0,90252.0,5067.0,60.0,402.768,7801628045.0
990.998,89.0,90252.0,5067.0,59.0,412.943,7801682830.0
991.098,87.0,90252.0,5067.0,60.0,426.689,7801729421.0
991.198,87.0,90252.0,5067.0,60.0,423.873,7801765957.0
991.298,89.0,90252.0,5067.0,60.0,421.472,7801808781.0
991.398,89.0,90252.0,5067.0,60.0,415.417,7801851893.0
991.498,89.0,90252.0,5067.0,60.0,415.417,7801879502.0
991.598,89.0,90252.0,5067.0,59.0,407.919,7801879502.0
991.698,89.0,90252.0,5067.0,59.0,414.723,7801923494.0
991.798,87.0,90252.0,5067.0,59.0,423.099,7801962633.0
991.898,87.0,90252.0,5067.0,59.0,418.676,7802000848.0
991.998,88.0,90252.0,5067.0,59.0,409.051,7802041609.0
992.098,88.0,90252.0,5067.0,59.0,382.87,7802070874.0
992.198,89.0,90252.0,5067.0,60.0,363.458,7802094155.0
992.298,89.0,90252.0,5067.0,59.0,352.744,7802122570.0
992.398,89.0,90252.0,5067.0,59.0,358.781,7802206856.0
992.498,89.0,90252.0,5067.0,59.0,358.781,7802206856.0
992.598,89.0,90252.0,5067.0,59.0,363.84,7802243804.0
992.698,89.0,90252.0,5067.0,59.0,367.071,7802288828.0
992.798,87.0,90252.0,5067.0,59.0,368.216,7802330419.0
992.898,87.0,90252.0,5067.0,59.0,386.478,7802428574.0
992.998,89.0,90252.0,5067.0,59.0,386.089,7802457058.0
993.098,89.0,90252.0,5067.0,59.0,384.882,7802488909.0
993.198,89.0,90252.0,5067.0,59.0,397.746,7802533644.0
993.298,87.0,90252.0,5067.0,59.0,412.705,7802617735.0
993.398,87.0,90252.0,5067.0,59.0,412.705,7802617735.0
993.498,87.0,90252.0,5067.0,59.0,412.98,7802667086.0
993.598,88.0,90252.0,5067.0,59.0,424.394,7802710006.0
993.698,88.0,90252.0,5067.0,59.0,419.257,7802753769.0
993.798,88.0,90252.0,5067.0,59.0,404.541,7802793866.0
993.898,87.0,90252.0,5067.0,59.0,399.01,7802826096.0
993.998,87.0,90252.0,5067.0,59.0,404.795,7802856940.0
994.098,87.0,90252.0,5067.0,59.0,404.795,7802856940.0
994.198,88.0,90252.0,5067.0,59.0,396.653,7802893735.0
994.298,88.0,90252.0,5067.0,59.0,392.112,7802925832.0
994.398,88.0,90252.0,5067.0,59.0,383.656,7802963505.0
994.498,88.0,90252.0,5067.0,59.0,383.566,7803004336.0
994.598,85.0,90252.0,5067.0,59.0,381.767,7803045074.0
994.698,85.0,90252.0,5067.0,59.0,370.113,7803083869.0
994.798,86.0,90252.0,5067.0,58.0,372.185,7803160309.0
994.898,86.0,90252.0,5067.0,58.0,372.185,7803160309.0
994.998,85.0,90252.0,5067.0,58.0,369.693,7803194129.0
995.098,85.0,90252.0,5067.0,58.0,371.12,7803227076.0
995.198,85.0,90252.0,5067.0,58.0,372.512,7803259156.0
995.298,85.0,90252.0,5067.0,58.0,381.204,7803343660.0
995.398,85.0,90252.0,5067.0,58.0,380.142,7803376473.0
995.498,85.0,90252.0,5067.0,58.0,373.792,7803416701.0
995.598,85.0,90252.0,5067.0,58.0,369.693,7803460730.0
995.698,85.0,90252.0,5067.0,58.0,378.507,7803491006.0
995.798,85.0,90252.0,5067.0,58.0,363.88,7803521565.0
995.898,85.0,90252.0,5067.0,58.0,361.6,7803560938.0
995.997,85.0,90252.0,5067.0,58.0,367.407,7803595005.0
996.097,85.0,90252.0,5067.0,58.0,371.972,7803625656.0
996.197,82.0,90252.0,5067.0,58.0,353.811,7803660755.0
996.298,82.0,90252.0,5067.0,58.0,353.811,7803691795.0
996.398,79.0,90252.0,5067.0,57.0,357.813,7803737283.0
996.498,79.0,90252.0,5067.0,57.0,360.488,7803737283.0
996.598,80.0,90252.0,5067.0,56.0,351.358,7803771004.0
996.698,80.0,90252.0,5067.0,56.0,335.702,7803799704.0
996.798,80.0,90252.0,5067.0,56.0,353.627,7803835844.0
996.898,80.0,90252.0,5067.0,56.0,346.683,7803869890.0
996.998,79.0,90252.0,5067.0,56.0,334.971,7803896677.0
997.098,79.0,90252.0,5067.0,56.0,326.962,7803924822.0
997.198,80.0,90252.0,5067.0,56.0,326.739,7803957932.0
997.298,80.0,90252.0,5067.0,56.0,329.464,7803987320.0
997.398,80.0,90252.0,5067.0,56.0,329.553,7804023400.0
997.498,80.0,90252.0,5067.0,56.0,323.665,7804063100.0
997.598,79.0,90252.0,5067.0,56.0,334.394,7804097479.0
997.698,79.0,90252.0,5067.0,56.0,334.218,7804131620.0
997.797,80.0,90252.0,5067.0,56.0,329.788,7804199724.0
997.898,80.0,90252.0,5067.0,55.0,334.131,7804234026.0
997.997,71.0,90252.0,5067.0,54.0,333.478,7804250674.0
998.097,71.0,90252.0,5067.0,52.0,318.729,7804263892.0
998.197,0.0,90252.0,5067.0,52.0,298.403,7804276883.0
998.298,0.0,90252.0,5067.0,51.0,279.685,7804289963.0
998.398,0.0,90252.0,5067.0,51.0,256.212,7804302847.0
998.498,0.0,90252.0,5067.0,50.0,236.073,7804315668.0
998.598,0.0,90252.0,5067.0,50.0,203.62,7804328510.0
998.698,0.0,90252.0,5067.0,50.0,185.758,7804341355.0
998.802,0.0,90252.0,5067.0,50.0,147.13,7804366906.0
998.898,0.0,90252.0,5067.0,50.0,147.13,7804366906.0
998.998,0.0,90252.0,5067.0,49.0,130.219,7804366906.0
999.098,0.0,90252.0,5067.0,49.0,128.868,7804379691.0
999.198,0.0,90252.0,5067.0,49.0,128.597,7804392457.0
999.298,0.0,90252.0,5067.0,49.0,128.261,7804405200.0
999.397,0.0,90252.0,5067.0,49.0,128.027,7804417968.0
999.498,0.0,90252.0,5067.0,49.0,127.872,7804430698.0
999.598,0.0,90252.0,5067.0,49.0,127.784,7804443419.0
999.697,0.0,90252.0,5067.0,49.0,127.676,7804456126.0
999.798,0.0,90252.0,5067.0,49.0,127.528,7804468832.0
999.897,0.0,90252.0,5067.0,48.0,127.443,7804481517.0
999.997,0.0,90252.0,5067.0,48.0,127.382,7804494217.0
1000.098,0.0,90252.0,5067.0,48.0,127.235,7804506912.0
1000.198,0.0,90252.0,5067.0,48.0,127.171,7804519589.0
1000.298,0.0,90252.0,5067.0,48.0,127.128,7804532262.0
1000.397,0.0,90252.0,5067.0,48.0,127.061,7804544959.0
1000.498,0.0,90252.0,5067.0,48.0,126.992,7804557643.0
1000.598,0.0,90252.0,5067.0,48.0,126.963,7804570317.0
1000.698,0.0,90252.0,5067.0,48.0,126.792,7804608235.0
1000.798,0.0,90252.0,5067.0,48.0,126.792,7804608235.0
1000.897,0.0,90252.0,5067.0,48.0,126.764,7804620881.0
1000.998,0.0,90252.0,5067.0,48.0,126.762,7804633558.0
1001.098,0.0,90252.0,5067.0,48.0,126.768,7804646243.0
1001.198,0.0,90252.0,5067.0,48.0,126.711,7804658878.0
1001.298,0.0,90252.0,5067.0,48.0,126.67,7804671530.0
1001.398,0.0,90252.0,5067.0,48.0,126.637,7804684156.0
1001.498,0.0,90252.0,5067.0,48.0,126.567,7804696809.0
1001.598,0.0,90252.0,5067.0,48.0,126.527,7804709438.0
1001.698,0.0,90252.0,5067.0,48.0,126.549,7804722077.0
1001.798,0.0,90252.0,5067.0,48.0,126.541,7804734692.0
1001.898,0.0,90252.0,5067.0,48.0,126.502,7804747320.0
1001.998,0.0,90252.0,5067.0,48.0,126.463,7804759945.0
1002.098,0.0,90252.0,5067.0,48.0,126.422,7804772588.0
1002.198,0.0,90252.0,5067.0,48.0,126.406,7804785227.0
1002.298,0.0,90252.0,5067.0,48.0,126.406,7804785227.0
1002.398,0.0,90252.0,5067.0,48.0,126.357,7804797846.0
1002.498,0.0,90252.0,5067.0,48.0,126.372,7804810454.0
1002.598,0.0,90252.0,5067.0,48.0,126.344,7804823073.0
1002.698,0.0,90252.0,5067.0,48.0,126.32,7804835677.0
1002.798,0.0,90252.0,5067.0,48.0,126.292,7804848325.0
1002.898,0.0,90252.0,5067.0,48.0,126.304,7804860928.0
1002.998,0.0,90252.0,5067.0,48.0,126.328,7804873572.0
1003.098,0.0,90252.0,5067.0,48.0,126.32,7804886195.0
1003.197,0.0,90252.0,5067.0,47.0,126.316,7804898812.0
1003.298,0.0,90252.0,5067.0,47.0,126.319,7804911435.0
1003.398,0.0,90252.0,5067.0,47.0,126.33,7804924078.0
1003.498,0.0,90252.0,5067.0,47.0,126.301,7804936683.0
1003.598,0.0,90252.0,5067.0,47.0,126.312,7804961922.0
1003.698,0.0,90252.0,5067.0,47.0,126.312,7804961922.0
1003.798,0.0,90252.0,5067.0,47.0,126.3,7804974522.0
1003.898,0.0,90252.0,5067.0,47.0,126.293,7804999743.0
1003.998,0.0,90252.0,5067.0,47.0,126.264,7805012316.0
1004.109,0.0,90252.0,5067.0,47.0,126.184,7805037508.0
1004.198,0.0,90252.0,5067.0,47.0,126.184,7805037508.0
1004.298,0.0,90252.0,5067.0,47.0,126.154,7805050101.0
1004.398,0.0,90252.0,5067.0,47.0,126.094,7805075324.0
1004.498,0.0,90252.0,5067.0,47.0,126.094,7805075324.0
1004.598,0.0,90252.0,5067.0,47.0,126.088,7805087936.0
1004.698,0.0,90252.0,5067.0,47.0,126.091,7805113137.0
1004.798,0.0,90252.0,5067.0,47.0,126.091,7805113137.0
1004.898,0.0,90252.0,5067.0,47.0,126.045,7805125725.0
1004.998,0.0,90252.0,5067.0,47.0,126.045,7805138314.0
1005.098,0.0,90252.0,5067.0,47.0,126.028,7805163477.0
1005.198,0.0,90252.0,5067.0,47.0,126.028,7805163477.0
1005.298,0.0,90252.0,5067.0,47.0,126.028,7805176071.0
1005.398,0.0,90252.0,5067.0,47.0,126.006,7805176071.0
1005.498,0.0,90252.0,5067.0,47.0,126.032,7805188653.0
1005.598,0.0,90252.0,5067.0,47.0,126.02,7805201286.0
1005.698,0.0,90252.0,5067.0,47.0,125.965,7805213864.0
1005.798,0.0,90252.0,5067.0,47.0,125.932,7805239013.0
1005.898,0.0,90252.0,5067.0,47.0,125.932,7805239013.0
1005.998,0.0,90252.0,5067.0,47.0,125.908,7805251596.0
1006.098,0.0,90252.0,5067.0,47.0,125.883,7805264164.0
1006.198,0.0,90252.0,5067.0,47.0,125.876,7805276724.0
1006.298,0.0,90252.0,5067.0,47.0,125.876,7805289290.0
1006.398,0.0,90252.0,5067.0,47.0,125.864,7805301891.0
1006.498,0.0,90252.0,5067.0,47.0,125.803,7805314476.0
1006.598,0.0,90252.0,5067.0,47.0,125.775,7805327035.0
1006.698,0.0,90252.0,5067.0,47.0,125.797,7805339605.0
1006.798,0.0,90252.0,5067.0,47.0,125.782,7805352156.0
1006.898,0.0,90252.0,5067.0,47.0,125.79,7805364747.0
1006.998,0.0,90252.0,5067.0,47.0,125.805,7805377342.0
1007.098,0.0,90252.0,5067.0,47.0,125.861,7805402556.0
1007.198,0.0,90252.0,5067.0,47.0,125.873,7805415135.0
1007.298,0.0,90252.0,5067.0,47.0,125.891,7805427676.0
1007.398,0.0,90252.0,5067.0,47.0,125.86,7805440260.0
1007.498,0.0,90252.0,5067.0,47.0,125.872,7805452841.0
1007.598,0.0,90252.0,5067.0,47.0,125.872,7805465436.0
1007.698,0.0,90252.0,5067.0,47.0,125.861,7805478020.0
1007.798,0.0,90252.0,5067.0,47.0,125.912,7805490611.0
1007.898,0.0,90252.0,5067.0,47.0,125.915,7805503178.0
1007.998,0.0,90252.0,5067.0,47.0,125.889,7805515748.0
1008.098,0.0,90252.0,5067.0,47.0,125.887,7805528325.0
1008.197,0.0,90252.0,5067.0,47.0,125.857,7805540907.0
1008.298,0.0,90252.0,5067.0,47.0,125.876,7805553501.0
1008.398,0.0,90252.0,5067.0,47.0,125.905,7805566069.0
1008.498,0.0,90252.0,5067.0,47.0,125.887,7805578642.0
1008.598,0.0,90252.0,5067.0,47.0,125.868,7805591184.0
1008.698,0.0,90252.0,5067.0,47.0,125.87,7805591184.0
1008.798,0.0,90252.0,5067.0,47.0,125.835,7805603761.0
1008.898,0.0,90252.0,5067.0,47.0,125.826,7805616320.0
1008.998,0.0,90252.0,5067.0,47.0,125.862,7805628923.0
1009.098,0.0,90252.0,5067.0,47.0,125.82,7805641490.0
1009.198,0.0,90252.0,5067.0,47.0,125.793,7805654050.0
1009.298,0.0,90252.0,5067.0,47.0,125.802,7805666617.0
1009.398,0.0,90252.0,5067.0,47.0,125.77,7805679201.0
1009.498,0.0,90252.0,5067.0,47.0,125.809,7805704364.0
1009.598,0.0,90252.0,5067.0,47.0,125.809,7805704364.0
1009.698,0.0,90252.0,5067.0,47.0,125.799,7805716926.0
1009.798,0.0,90252.0,5067.0,47.0,125.776,7805729478.0
1009.898,0.0,90252.0,5067.0,47.0,125.757,7805742046.0
1009.998,0.0,90252.0,5067.0,47.0,125.709,7805754597.0
1010.098,0.0,90252.0,5067.0,47.0,125.727,7805767144.0
1010.198,0.0,90252.0,5067.0,47.0,125.715,7805779700.0
1010.297,0.0,90252.0,5067.0,47.0,125.706,7805804855.0
1010.398,0.0,90252.0,5067.0,47.0,125.697,7805817416.0
1010.497,0.0,90252.0,5067.0,47.0,125.681,7805829987.0
1010.598,0.0,90252.0,5067.0,47.0,125.659,7805842547.0
1010.698,0.0,90252.0,5067.0,47.0,125.656,7805855150.0
1010.798,0.0,90252.0,5067.0,47.0,125.701,7805867692.0
1010.898,0.0,90252.0,5067.0,47.0,125.684,7805880264.0
1010.998,0.0,90252.0,5067.0,47.0,125.707,7805892809.0
1011.098,0.0,90252.0,5067.0,47.0,125.731,7805905430.0
1011.198,0.0,90252.0,5067.0,47.0,125.756,7805917992.0
1011.298,0.0,90252.0,5067.0,47.0,125.747,7805930551.0
1011.398,0.0,90252.0,5067.0,47.0,125.75,7805943107.0
1011.498,0.0,90252.0,5067.0,47.0,125.793,7805955678.0
1011.598,0.0,90252.0,5067.0,47.0,125.771,7805968218.0
1011.698,0.0,90252.0,5067.0,47.0,125.756,7805980795.0
1011.798,0.0,90252.0,5067.0,47.0,125.748,7805993342.0
1011.898,0.0,90252.0,5067.0,47.0,125.748,7805993342.0
1011.997,0.0,90252.0,5067.0,47.0,125.788,7806005904.0
1012.098,0.0,90252.0,5067.0,47.0,125.752,7806018436.0
1012.198,0.0,90252.0,5067.0,47.0,125.716,7806030993.0
1012.298,0.0,90252.0,5067.0,47.0,125.734,7806043557.0
1012.397,0.0,90252.0,5067.0,47.0,125.757,7806056149.0
1012.498,0.0,90252.0,5067.0,47.0,125.712,7806068705.0
1012.598,0.0,90252.0,5067.0,47.0,125.746,7806093805.0
1012.698,0.0,90252.0,5067.0,47.0,125.746,7806093805.0
1012.798,0.0,90252.0,5067.0,47.0,125.761,7806106415.0
1012.897,0.0,90252.0,5067.0,47.0,125.726,7806118993.0
1012.998,0.0,90252.0,5067.0,47.0,125.755,7806131532.0
1013.098,0.0,90252.0,5067.0,47.0,125.744,7806144087.0
1013.197,0.0,90252.0,5067.0,47.0,125.759,7806156660.0
1013.298,0.0,90252.0,5067.0,47.0,125.761,7806169215.0
1013.398,0.0,90252.0,5067.0,47.0,125.761,7806181802.0
1013.498,0.0,90252.0,5067.0,47.0,125.788,7806194391.0
1013.598,0.0,90252.0,5067.0,47.0,125.805,7806219530.0
1013.698,0.0,90252.0,5067.0,47.0,125.785,7806232115.0
1013.798,0.0,90252.0,5067.0,47.0,125.796,7806244668.0
1013.898,0.0,90252.0,5067.0,47.0,125.811,7806257250.0
1013.998,0.0,90252.0,5067.0,47.0,125.752,7806282318.0
1014.098,0.0,90252.0,5067.0,47.0,125.752,7806282318.0
1014.198,0.0,90252.0,5067.0,47.0,125.72,7806294880.0
1014.298,0.0,90252.0,5067.0,47.0,125.703,7806307429.0
1014.398,0.0,90252.0,5067.0,47.0,125.683,7806319988.0
1014.498,0.0,90252.0,5067.0,47.0,125.647,7806332551.0
1014.598,0.0,90252.0,5067.0,47.0,125.656,7806345112.0
1014.698,0.0,90252.0,5067.0,47.0,125.657,7806357678.0
1014.798,0.0,90252.0,5067.0,47.0,125.637,7806370249.0
1014.898,0.0,90252.0,5067.0,47.0,125.642,7806382807.0
1014.998,0.0,90252.0,5067.0,47.0,125.654,7806395378.0
1015.098,0.0,90252.0,5067.0,47.0,125.654,7806407957.0
1015.198,0.0,90252.0,5067.0,47.0,125.694,7806407957.0
1015.298,0.0,90252.0,5067.0,47.0,125.728,7806420500.0
1015.398,0.0,90252.0,5067.0,47.0,125.738,7806433060.0
1015.498,0.0,90252.0,5067.0,47.0,125.712,7806458166.0
1015.598,0.0,90252.0,5067.0,47.0,125.712,7806458166.0
1015.698,0.0,90252.0,5067.0,47.0,125.668,7806483255.0
1015.798,0.0,90252.0,5067.0,47.0,125.668,7806483255.0
1015.898,0.0,90252.0,5067.0,47.0,125.688,7806495822.0
1015.998,0.0,90252.0,5067.0,47.0,125.679,7806508386.0
1016.098,0.0,90252.0,5067.0,47.0,125.658,7806520940.0
1016.198,0.0,90252.0,5067.0,47.0,125.64,7806533513.0
1016.298,0.0,90252.0,5067.0,47.0,125.65,7806546072.0
1016.398,0.0,90252.0,5067.0,47.0,125.647,7806558618.0
1016.498,0.0,90252.0,5067.0,47.0,125.646,7806571179.0
1016.598,0.0,90252.0,5067.0,47.0,125.68,7806583738.0
1016.698,0.0,90252.0,5067.0,47.0,125.685,7806596281.0
1016.798,0.0,90252.0,5067.0,47.0,125.602,7806633926.0
1016.898,0.0,90252.0,5067.0,47.0,125.602,7806633926.0
1016.998,0.0,90252.0,5067.0,47.0,125.603,7806646483.0
1017.098,0.0,90252.0,5067.0,47.0,125.589,7806659009.0
1017.198,0.0,90252.0,5067.0,47.0,125.595,7806671575.0
1017.298,0.0,90252.0,5067.0,47.0,125.595,7806684142.0
1017.398,0.0,90252.0,5067.0,47.0,125.603,7806696714.0
1017.498,0.0,90252.0,5067.0,47.0,125.6,7806709268.0
1017.598,0.0,90252.0,5067.0,47.0,125.603,7806734369.0
1017.698,0.0,90252.0,5067.0,47.0,125.603,7806734369.0
1017.798,0.0,90252.0,5067.0,47.0,125.583,7806759451.0
1017.898,0.0,90252.0,5067.0,47.0,125.583,7806759451.0
1017.998,0.0,90252.0,5067.0,47.0,125.573,7806771985.0
1018.098,0.0,90252.0,5067.0,47.0,125.582,7806784548.0
1018.198,0.0,90252.0,5067.0,47.0,125.572,7806797094.0
1018.298,0.0,90252.0,5067.0,47.0,125.546,7806797094.0
1018.398,0.0,90252.0,5067.0,47.0,125.54,7806809635.0
1018.498,0.0,90252.0,5067.0,47.0,125.522,7806822185.0
1018.598,0.0,90252.0,5067.0,47.0,125.535,7806834736.0
1018.698,0.0,90252.0,5067.0,47.0,125.522,7806847281.0
1018.798,0.0,90252.0,5067.0,47.0,125.53,7806859842.0
1018.897,0.0,90252.0,5067.0,47.0,125.544,7806872404.0
1018.998,0.0,90252.0,5067.0,47.0,125.573,7806884928.0
1019.098,0.0,90252.0,5067.0,47.0,125.591,7806897491.0
1019.198,0.0,90252.0,5067.0,47.0,125.615,7806910054.0
1019.298,0.0,90252.0,5067.0,47.0,125.614,7806922629.0
1019.398,0.0,90252.0,5067.0,47.0,125.619,7806935173.0
1019.498,0.0,90252.0,5067.0,47.0,125.64,7806947744.0
1019.598,0.0,90252.0,5067.0,47.0,125.654,7806960291.0
1019.698,0.0,90252.0,5067.0,47.0,125.665,7806972872.0
1019.798,0.0,90252.0,5067.0,47.0,125.646,7806997939.0
1019.898,0.0,90252.0,5067.0,47.0,125.629,7807023047.0
1019.998,0.0,90252.0,5067.0,47.0,125.629,7807023047.0
1020.098,0.0,90252.0,5067.0,47.0,125.623,7807035634.0
1020.198,0.0,90252.0,5067.0,47.0,125.6,7807048160.0
1020.297,0.0,90252.0,5067.0,47.0,125.557,7807060678.0
1020.398,0.0,90252.0,5067.0,47.0,125.547,7807073195.0
1020.498,0.0,90252.0,5067.0,47.0,125.458,7807085720.0
1020.598,0.0,90252.0,5067.0,47.0,125.443,7807098250.0
1020.698,0.0,90252.0,5067.0,47.0,125.452,7807110814.0
1020.798,0.0,90252.0,5067.0,47.0,125.464,7807123358.0
1020.898,0.0,90252.0,5067.0,47.0,125.467,7807135876.0
1020.998,0.0,90252.0,5067.0,47.0,125.469,7807148439.0
1021.097,0.0,90252.0,5067.0,47.0,125.413,7807160968.0
1021.198,0.0,90252.0,5067.0,47.0,125.394,7807173492.0
1021.298,0.0,90252.0,5067.0,47.0,125.416,7807186055.0
1021.398,0.0,90252.0,5067.0,47.0,125.416,7807198620.0
1021.498,0.0,90252.0,5067.0,47.0,125.443,7807198620.0
1021.598,0.0,90252.0,5067.0,47.0,125.488,7807211171.0
1021.698,0.0,90252.0,5067.0,47.0,125.521,7807223739.0
1021.798,0.0,90252.0,5067.0,47.0,125.527,7807236308.0
1021.898,0.0,90252.0,5067.0,47.0,125.555,7807248848.0
1021.998,0.0,90252.0,5067.0,47.0,125.561,7807261422.0
1022.098,0.0,90252.0,5067.0,47.0,125.578,7807273954.0
1022.198,0.0,90252.0,5067.0,47.0,125.552,7807286514.0
1022.298,0.0,90252.0,5067.0,47.0,125.542,7807298998.0
1022.398,0.0,90252.0,5067.0,47.0,125.49,7807311538.0
1022.498,0.0,90252.0,5067.0,47.0,125.461,7807324044.0
1022.598,0.0,90252.0,5067.0,47.0,125.472,7807336595.0
1022.698,0.0,90252.0,5067.0,47.0,125.473,7807349132.0
1022.798,0.0,90252.0,5067.0,47.0,125.455,7807374252.0
1022.898,0.0,90252.0,5067.0,47.0,125.455,7807374252.0
1022.998,0.0,90252.0,5067.0,47.0,125.452,7807386801.0
1023.098,0.0,90252.0,5067.0,47.0,125.408,7807411871.0
1023.198,0.0,90252.0,5067.0,47.0,125.442,7807424404.0
1023.298,0.0,90252.0,5067.0,47.0,125.48,7807436934.0
1023.398,0.0,90252.0,5067.0,47.0,125.485,7807449475.0
1023.498,0.0,90252.0,5067.0,47.0,125.517,7807462025.0
1023.598,0.0,90252.0,5067.0,47.0,125.5,7807487087.0
1023.698,0.0,90252.0,5067.0,47.0,125.5,7807487087.0
1023.798,0.0,90252.0,5067.0,47.0,125.474,7807499656.0
1023.897,0.0,90252.0,5067.0,47.0,125.501,7807512233.0
1023.998,0.0,90252.0,5067.0,47.0,125.513,7807524771.0
1024.097,0.0,90252.0,5067.0,47.0,125.576,7807537341.0
1024.198,0.0,90252.0,5067.0,47.0,125.564,7807549867.0
1024.297,0.0,90252.0,5067.0,47.0,125.565,7807562414.0
1024.397,0.0,90252.0,5067.0,47.0,125.597,7807574970.0
1024.497,0.0,90252.0,5067.0,47.0,125.611,7807587510.0
1024.598,0.0,90252.0,5067.0,47.0,125.611,7807600022.0
1024.698,0.0,90252.0,5067.0,47.0,125.573,7807600022.0
1024.797,0.0,90252.0,5067.0,47.0,125.556,7807612583.0
1024.897,0.0,90252.0,5067.0,47.0,125.558,7807625138.0
1024.997,0.0,90252.0,5067.0,47.0,125.541,7807637649.0
1025.097,0.0,90252.0,5067.0,47.0,125.477,7807650161.0
1025.197,0.0,90252.0,5067.0,47.0,125.468,7807662726.0
1025.297,0.0,90252.0,5067.0,47.0,125.493,7807675264.0
1025.398,0.0,90252.0,5067.0,47.0,125.45,7807687819.0
1025.497,0.0,90252.0,5067.0,47.0,125.419,7807700340.0
1025.598,0.0,90252.0,5067.0,47.0,125.436,7807712859.0
1025.698,0.0,90252.0,5067.0,47.0,125.471,7807737937.0
1025.798,0.0,90252.0,5067.0,47.0,125.471,7807737937.0
1025.898,0.0,90252.0,5067.0,47.0,125.448,7807750473.0
1025.997,0.0,90252.0,5067.0,47.0,125.481,7807763003.0
1026.097,0.0,90252.0,5067.0,47.0,125.494,7807775552.0
1026.197,0.0,90252.0,5067.0,47.0,125.478,7807800646.0
1026.297,0.0,90252.0,5067.0,47.0,125.457,7807813181.0
1026.398,0.0,90252.0,5067.0,47.0,125.477,7807825755.0
1026.497,0.0,90252.0,5067.0,47.0,125.479,7807838267.0
1026.598,0.0,90252.0,5067.0,47.0,125.495,7807850820.0
1026.698,0.0,90252.0,5067.0,47.0,125.479,7807863358.0
1026.798,0.0,90252.0,5067.0,47.0,125.481,7807875902.0
1026.898,0.0,90252.0,5067.0,47.0,125.465,7807888437.0
1026.997,0.0,90252.0,5067.0,47.0,125.463,7807900990.0
1027.097,0.0,90252.0,5067.0,47.0,125.484,7807913545.0
1027.198,0.0,90252.0,5067.0,47.0,125.443,7807926052.0
1027.298,0.0,90252.0,5067.0,47.0,125.44,7807938583.0
1027.397,0.0,90252.0,5067.0,47.0,125.434,7807951156.0
1027.498,0.0,90252.0,5067.0,47.0,125.438,7807963714.0
1027.598,0.0,90252.0,5067.0,47.0,125.466,7807976262.0
1027.698,0.0,90252.0,5067.0,47.0,125.475,7807988804.0
1027.798,0.0,90252.0,5067.0,47.0,125.49,7807988804.0
1027.898,0.0,90252.0,5067.0,47.0,125.496,7808001344.0
1027.998,0.0,90252.0,5067.0,47.0,125.519,7808013910.0
1028.097,0.0,90252.0,5067.0,47.0,125.485,7808026439.0
1028.198,0.0,90252.0,5067.0,47.0,125.489,7808038960.0
1028.298,0.0,90252.0,5067.0,47.0,125.48,7808051500.0
1028.398,0.0,90252.0,5067.0,47.0,125.48,7808064016.0
1028.497,0.0,90252.0,5067.0,47.0,125.486,7808076554.0
1028.598,0.0,90252.0,5067.0,47.0,125.435,7808101634.0
1028.698,0.0,90252.0,5067.0,47.0,125.435,7808101634.0
1028.798,0.0,90252.0,5067.0,47.0,125.432,7808114176.0
1028.898,0.0,90252.0,5067.0,47.0,125.455,7808126725.0
1028.998,0.0,90252.0,5067.0,47.0,125.452,7808139281.0
1029.098,0.0,90252.0,5067.0,47.0,125.483,7808151827.0
1029.198,0.0,90252.0,5067.0,47.0,125.504,7808164396.0
1029.298,0.0,90252.0,5067.0,47.0,125.514,7808176914.0
1029.398,0.0,90252.0,5067.0,47.0,125.519,7808189464.0
1029.497,0.0,90252.0,5067.0,47.0,125.485,7808214530.0
1029.598,0.0,90252.0,5067.0,47.0,125.536,7808227082.0
1029.698,0.0,90252.0,5067.0,47.0,125.534,7808239624.0
1029.798,0.0,90252.0,5067.0,47.0,125.504,7808252142.0
1029.897,0.0,90252.0,5067.0,47.0,125.477,7808264686.0
1029.998,0.0,90252.0,5067.0,47.0,125.463,7808277198.0
1030.098,0.0,90252.0,5067.0,47.0,125.465,7808289752.0
1030.197,0.0,90252.0,5067.0,47.0,125.425,7808302256.0
1030.297,0.0,90252.0,5067.0,47.0,125.378,7808314769.0
1030.398,0.0,90252.0,5067.0,47.0,125.364,7808327282.0
1030.498,0.0,90252.0,5067.0,47.0,125.395,7808339807.0
1030.598,0.0,90252.0,5067.0,47.0,125.339,7808352339.0
1030.697,0.0,90252.0,5067.0,47.0,125.341,7808364872.0
1030.798,0.0,90252.0,5067.0,47.0,125.344,7808377402.0
1030.898,0.0,90252.0,5067.0,47.0,125.344,7808377402.0
1030.998,0.0,90252.0,5067.0,47.0,125.37,7808389954.0
1031.098,0.0,90252.0,5067.0,47.0,125.37,7808389954.0
1031.198,0.0,90252.0,5067.0,47.0,125.37,7808389954.0
1031.298,0.0,90252.0,5067.0,47.0,125.37,7808389954.0
1031.398,0.0,90252.0,5067.0,47.0,125.388,7808440089.0
1031.498,0.0,90252.0,5067.0,47.0,125.382,7808465148.0
1031.598,0.0,90252.0,5067.0,47.0,125.382,7808477713.0
1031.697,0.0,90252.0,5067.0,47.0,125.454,7808477713.0
1031.798,0.0,90252.0,5067.0,47.0,125.454,7808477713.0
1031.898,0.0,90252.0,5067.0,47.0,126.033,7808477713.0
1031.998,0.0,90252.0,5067.0,47.0,126.033,7808529039.0
1032.097,0.0,90252.0,5067.0,47.0,126.884,7808529039.0
1032.197,0.0,90252.0,5067.0,47.0,127.319,7808554967.0
1032.298,0.0,90252.0,5067.0,47.0,127.757,7808554967.0
1032.398,0.0,90252.0,5067.0,47.0,128.154,7808567954.0
1032.498,0.0,90252.0,5067.0,47.0,128.581,7808580911.0
1032.598,0.0,90252.0,5067.0,47.0,129.057,7808593858.0
1032.698,0.0,90252.0,5067.0,47.0,129.446,7808606819.0
1032.798,0.0,90252.0,5067.0,47.0,129.73,7808619789.0
1032.897,0.0,90252.0,5067.0,47.0,129.73,7808632761.0
1032.998,0.0,90252.0,5067.0,47.0,129.761,7808658738.0
1033.097,0.0,90252.0,5067.0,47.0,129.77,7808658738.0
1033.197,0.0,90252.0,5067.0,47.0,129.781,7808684690.0
1033.298,0.0,90252.0,5067.0,47.0,129.743,7808697649.0
1033.397,0.0,90252.0,5067.0,47.0,129.752,7808710611.0
1033.498,0.0,90252.0,5067.0,47.0,129.762,7808723564.0
1033.598,0.0,90252.0,5067.0,47.0,129.789,7808736559.0
1033.698,0.0,90252.0,5067.0,47.0,129.79,7808749521.0
1033.798,0.0,90252.0,5067.0,47.0,129.772,7808762502.0
1033.898,0.0,90252.0,5067.0,47.0,129.747,7808775455.0
1033.998,0.0,90252.0,5067.0,47.0,129.747,7808788438.0
1034.098,0.0,90252.0,5067.0,47.0,129.719,7808801403.0
1034.198,0.0,90252.0,5067.0,47.0,129.718,7808814362.0
1034.298,0.0,90252.0,5067.0,47.0,129.738,7808827325.0
1034.398,0.0,90252.0,5067.0,47.0,129.742,7808853273.0
1034.498,0.0,90252.0,5067.0,47.0,129.742,7808853273.0
1034.598,0.0,90252.0,5067.0,47.0,129.765,7808866251.0
1034.698,0.0,90252.0,5067.0,47.0,129.765,7808866251.0
1034.798,0.0,90252.0,5067.0,47.0,129.73,7808879225.0
1034.897,0.0,90252.0,5067.0,47.0,129.764,7808892175.0
1034.998,0.0,90252.0,5067.0,47.0,129.768,7808905139.0
1035.098,0.0,90252.0,5067.0,47.0,129.791,7808918125.0
1035.198,0.0,90252.0,5067.0,47.0,129.78,7808931063.0
1035.298,0.0,90252.0,5067.0,47.0,129.792,7808944024.0
1035.398,0.0,90252.0,5067.0,47.0,129.753,7808956965.0
1035.498,0.0,90252.0,5067.0,49.0,136.379,7808990389.0
1035.598,100.0,90252.0,5067.0,59.0,236.035,7809053788.0
1035.698,100.0,90252.0,5067.0,59.0,293.641,7809122514.0
1035.798,100.0,90252.0,5067.0,62.0,347.087,7809191861.0
1035.898,100.0,90252.0,5067.0,62.0,403.593,7809260376.0
1035.998,100.0,90252.0,5067.0,62.0,450.061,7809395142.0
1036.098,100.0,90252.0,5067.0,64.0,511.246,7809462869.0
1036.198,100.0,90252.0,5067.0,64.0,568.102,7809531193.0
1036.297,100.0,90252.0,5067.0,65.0,612.931,7809599795.0
1036.398,100.0,90252.0,5067.0,65.0,668.001,7809667131.0
1036.498,100.0,90252.0,5067.0,64.0,680.007,7809734129.0
1036.598,93.0,90252.0,5067.0,66.0,680.711,7809802534.0
1036.698,93.0,90252.0,5067.0,66.0,679.339,7809870546.0
1036.797,100.0,90252.0,5067.0,67.0,679.045,7809937947.0
1036.898,100.0,90252.0,5067.0,67.0,679.045,7810005490.0
1036.998,100.0,90252.0,5067.0,67.0,677.893,7810005490.0
1037.098,100.0,90252.0,5067.0,67.0,680.428,7810068876.0
1037.198,100.0,90252.0,5067.0,67.0,675.48,7810137320.0
1037.298,100.0,90252.0,5067.0,67.0,675.566,7810274172.0
1037.398,100.0,90252.0,5067.0,67.0,675.566,7810274172.0
1037.498,100.0,90252.0,5067.0,68.0,675.9,7810343357.0
1037.598,100.0,90252.0,5067.0,68.0,674.082,7810408765.0
1037.698,88.0,90252.0,5067.0,67.0,675.827,7810476179.0
1037.798,100.0,90252.0,5067.0,68.0,678.353,7810545021.0
1037.898,100.0,90252.0,5067.0,68.0,679.303,7810613067.0
1037.998,100.0,90252.0,5067.0,64.0,657.134,7810745597.0
1038.097,100.0,90252.0,5067.0,64.0,657.134,7810745597.0
1038.198,87.0,90252.0,5067.0,63.0,624.659,7810821062.0
1038.298,87.0,90252.0,5067.0,62.0,595.42,7810861643.0
1038.398,87.0,90252.0,5067.0,61.0,572.981,7810906351.0
1038.498,87.0,90252.0,5067.0,61.0,542.868,7810944297.0
1038.598,85.0,90252.0,5067.0,61.0,510.779,7810977959.0
1038.698,87.0,90252.0,5067.0,60.0,447.654,7811053613.0
1038.798,87.0,90252.0,5067.0,60.0,447.654,7811053613.0
1038.898,87.0,90252.0,5067.0,60.0,422.5,7811095705.0
1038.998,87.0,90252.0,5067.0,60.0,391.6,7811131078.0
1039.098,87.0,90252.0,5067.0,60.0,385.716,7811172264.0
1039.198,87.0,90252.0,5067.0,60.0,385.716,7811219055.0
1039.298,88.0,90252.0,5067.0,60.0,395.161,7811219055.0
1039.398,88.0,90252.0,5067.0,59.0,405.216,7811265449.0
1039.498,88.0,90252.0,5067.0,59.0,403.079,7811312268.0
1039.598,88.0,90252.0,5067.0,59.0,412.606,7811360231.0
1039.698,86.0,90252.0,5067.0,59.0,413.771,7811398906.0
1039.798,86.0,90252.0,5067.0,59.0,424.749,7811440504.0
1039.898,88.0,90252.0,5067.0,59.0,425.745,7811480728.0
1039.998,86.0,90252.0,5067.0,59.0,428.474,7811563065.0
1040.097,86.0,90252.0,5067.0,59.0,428.474,7811563065.0
1040.198,89.0,90252.0,5067.0,59.0,417.42,7811602736.0
1040.297,89.0,90252.0,5067.0,59.0,408.371,7811638198.0
1040.398,89.0,90252.0,5067.0,59.0,405.109,7811672254.0
1040.498,89.0,90252.0,5067.0,59.0,395.503,7811714224.0
1040.598,87.0,90252.0,5067.0,59.0,391.578,7811754972.0
1040.698,87.0,90252.0,5067.0,59.0,388.218,7811829134.0
1040.798,89.0,90252.0,5067.0,59.0,386.977,7811867256.0
1040.898,89.0,90252.0,5067.0,59.0,379.697,7811901199.0
1040.998,87.0,90252.0,5067.0,59.0,374.829,7811939886.0
1041.098,87.0,90252.0,5067.0,59.0,384.06,7811984059.0
1041.198,88.0,90252.0,5067.0,59.0,386.24,7812025616.0
1041.298,88.0,90252.0,5067.0,59.0,390.431,7812067916.0
1041.398,88.0,90252.0,5067.0,59.0,391.917,7812105071.0
1041.498,88.0,90252.0,5067.0,59.0,384.988,7812140948.0
1041.598,89.0,90252.0,5067.0,59.0,385.302,7812178013.0
1041.698,89.0,90252.0,5067.0,59.0,392.601,7812222352.0
1041.798,89.0,90252.0,5067.0,59.0,392.601,7812262685.0
1041.898,88.0,90252.0,5067.0,59.0,394.487,7812262685.0
1041.998,88.0,90252.0,5067.0,59.0,404.399,7812305842.0
1042.098,87.0,90252.0,5067.0,59.0,404.618,7812341905.0
1042.198,87.0,90252.0,5067.0,59.0,405.783,7812391546.0
1042.298,90.0,90252.0,5067.0,59.0,403.466,7812473799.0
1042.398,90.0,90252.0,5067.0,59.0,403.466,7812473799.0
1042.498,88.0,90252.0,5067.0,59.0,411.785,7812514025.0
1042.598,88.0,90252.0,5067.0,59.0,409.008,7812550674.0
1042.698,88.0,90252.0,5067.0,59.0,405.474,7812586927.0
1042.798,89.0,90252.0,5067.0,59.0,409.001,7812624812.0
1042.897,89.0,90252.0,5067.0,59.0,410.603,7812672079.0
1042.998,90.0,90252.0,5067.0,59.0,407.877,7812713451.0
1043.098,90.0,90252.0,5067.0,59.0,403.809,7812791133.0
1043.198,90.0,90252.0,5067.0,59.0,393.56,7812831255.0
1043.298,90.0,90252.0,5067.0,59.0,404.056,7812874972.0
1043.398,87.0,90252.0,5067.0,59.0,403.96,7812917799.0
1043.498,87.0,90252.0,5067.0,59.0,410.219,7812960464.0
1043.598,90.0,90252.0,5067.0,59.0,413.07,7813004658.0
1043.698,90.0,90252.0,5067.0,59.0,413.966,7813041701.0
1043.798,90.0,90252.0,5067.0,59.0,418.568,7813088844.0
1043.898,90.0,90252.0,5067.0,59.0,420.525,7813137017.0
1043.998,89.0,90252.0,5067.0,59.0,420.509,7813170976.0
1044.098,89.0,90252.0,5067.0,59.0,421.934,7813213783.0
1044.198,89.0,90252.0,5067.0,59.0,419.804,7813248198.0
1044.298,89.0,90252.0,5067.0,59.0,413.339,7813248198.0
1044.398,87.0,90252.0,5067.0,59.0,414.317,7813290379.0
1044.498,87.0,90252.0,5067.0,59.0,413.754,7813329302.0
1044.598,89.0,90252.0,5067.0,59.0,407.873,7813374349.0
1044.698,89.0,90252.0,5067.0,59.0,410.543,7813412773.0
1044.798,87.0,90252.0,5067.0,59.0,406.586,7813449144.0
1044.898,87.0,90252.0,5067.0,59.0,395.606,7813492471.0
1044.998,88.0,90252.0,5067.0,59.0,402.189,7813533555.0
1045.098,88.0,90252.0,5067.0,59.0,395.899,7813577339.0
1045.198,88.0,90252.0,5067.0,59.0,400.116,7813610981.0
1045.298,88.0,90252.0,5067.0,59.0,399.829,7813649902.0
1045.398,86.0,90252.0,5067.0,58.0,393.514,7813729528.0
1045.498,86.0,90252.0,5067.0,58.0,393.514,7813729528.0
1045.598,88.0,90252.0,5067.0,59.0,401.865,7813816420.0
1045.698,88.0,90252.0,5067.0,58.0,409.698,7813861588.0
1045.797,88.0,90252.0,5067.0,58.0,407.013,7813899925.0
1045.897,88.0,90252.0,5067.0,58.0,407.679,7813939558.0
1045.998,88.0,90252.0,5067.0,58.0,409.012,7813983200.0
1046.098,87.0,90252.0,5067.0,58.0,408.735,7814056943.0
1046.198,87.0,90252.0,5067.0,58.0,408.735,7814056943.0
1046.297,87.0,90252.0,5067.0,58.0,409.643,7814098064.0
1046.398,84.0,90252.0,5067.0,58.0,400.336,7814128946.0
1046.498,84.0,90252.0,5067.0,58.0,394.457,7814162683.0
1046.598,86.0,90252.0,5067.0,58.0,385.815,7814199702.0
1046.698,86.0,90252.0,5067.0,58.0,385.815,7814238350.0
1046.798,86.0,90252.0,5067.0,58.0,374.911,7814267600.0
1046.898,86.0,90252.0,5067.0,58.0,374.911,7814267600.0
1046.998,86.0,90252.0,5067.0,58.0,369.445,7814307255.0
1047.098,85.0,90252.0,5067.0,58.0,364.432,7814344219.0
1047.198,85.0,90252.0,5067.0,58.0,364.082,7814382687.0
1047.298,86.0,90252.0,5067.0,58.0,365.239,7814423813.0
1047.397,86.0,90252.0,5067.0,58.0,369.606,7814464701.0
1047.498,85.0,90252.0,5067.0,58.0,371.363,7814535431.0
1047.598,85.0,90252.0,5067.0,58.0,371.363,7814535431.0
1047.697,84.0,90252.0,5067.0,58.0,369.654,7814564644.0
1047.798,84.0,90252.0,5067.0,57.0,375.02,7814611722.0
1047.897,84.0,90252.0,5067.0,57.0,395.493,7814657484.0
1047.998,83.0,90252.0,5067.0,57.0,380.931,7814700403.0
1048.097,83.0,90252.0,5067.0,57.0,363.18,7814746529.0
1048.198,81.0,90252.0,5067.0,57.0,365.762,7814788411.0
1048.298,81.0,90252.0,5067.0,57.0,359.12,7814823444.0
1048.398,83.0,90252.0,5067.0,57.0,371.524,7814865906.0
1048.498,83.0,90252.0,5067.0,57.0,376.104,7814905092.0
1048.598,82.0,90252.0,5067.0,57.0,369.688,7814938229.0
1048.698,82.0,90252.0,5067.0,56.0,369.871,7814978528.0
1048.798,78.0,90252.0,5067.0,56.0,353.408,7815010385.0
1048.897,78.0,90252.0,5067.0,56.0,338.509,7815036742.0
1048.997,78.0,90252.0,5067.0,55.0,341.518,7815062691.0
1049.098,78.0,90252.0,5067.0,55.0,341.518,7815093121.0
1049.198,78.0,90252.0,5067.0,55.0,347.749,7815093121.0
1049.298,78.0,90252.0,5067.0,55.0,332.59,7815115527.0
1049.398,78.0,90252.0,5067.0,55.0,318.604,7815143020.0
1049.497,75.0,90252.0,5067.0,55.0,306.359,7815168506.0
1049.597,75.0,90252.0,5067.0,55.0,290.313,7815193900.0
1049.698,76.0,90252.0,5067.0,55.0,285.478,7815224785.0
1049.798,76.0,90252.0,5067.0,55.0,279.682,7815253728.0
1049.898,75.0,90252.0,5067.0,54.0,282.627,7815291046.0
1049.998,75.0,90252.0,5067.0,54.0,284.267,7815321550.0
1050.098,75.0,90252.0,5067.0,54.0,288.205,7815352327.0
1050.197,75.0,90252.0,5067.0,54.0,290.201,7815382554.0
1050.298,75.0,90252.0,5067.0,54.0,295.508,7815409894.0
1050.398,75.0,90252.0,5067.0,54.0,297.819,7815438499.0
1050.498,74.0,90252.0,5067.0,54.0,300.967,7815525035.0
1050.597,74.0,90252.0,5067.0,54.0,300.967,7815525035.0
1050.697,74.0,90252.0,5067.0,54.0,294.402,7815549745.0
1050.797,75.0,90252.0,5067.0,54.0,283.558,7815575947.0
1050.897,75.0,90252.0,5067.0,53.0,281.594,7815603860.0
1050.997,67.0,90252.0,5067.0,52.0,272.346,7815625205.0
1051.097,67.0,90252.0,5067.0,51.0,255.849,7815638146.0
1051.197,0.0,90252.0,5067.0,50.0,241.591,7815651107.0
1051.298,0.0,90252.0,5067.0,50.0,241.591,7815664005.0
1051.398,0.0,90252.0,5067.0,50.0,225.705,7815664005.0
1051.498,0.0,90252.0,5067.0,50.0,211.458,7815676857.0
1051.598,0.0,90252.0,5067.0,49.0,200.98,7815689690.0
1051.698,0.0,90252.0,5067.0,49.0,170.161,7815715357.0
1051.798,0.0,90252.0,5067.0,49.0,170.161,7815715357.0
1051.898,0.0,90252.0,5067.0,49.0,155.225,7815728415.0
1051.998,0.0,90252.0,5067.0,49.0,140.394,7815740939.0
1052.098,0.0,90252.0,5067.0,48.0,128.758,7815753761.0
1052.198,0.0,90252.0,5067.0,53.0,148.347,7815790647.0
1052.298,77.0,90252.0,5067.0,58.0,194.316,7815857306.0
1052.398,77.0,90252.0,5067.0,59.0,252.287,7815926425.0
1052.498,100.0,90252.0,5067.0,62.0,363.804,7816063788.0
1052.598,90.0,90252.0,5067.0,62.0,431.58,7816131555.0
1052.698,90.0,90252.0,5067.0,64.0,481.89,7816194793.0
1052.798,100.0,90252.0,5067.0,65.0,530.418,7816263596.0
1052.898,100.0,90252.0,5067.0,66.0,593.636,7816331904.0
1052.998,100.0,90252.0,5067.0,66.0,638.884,7816400899.0
1053.098,100.0,90252.0,5067.0,67.0,676.669,7816469836.0
1053.198,100.0,90252.0,5067.0,65.0,677.719,7816531905.0
1053.298,100.0,90252.0,5067.0,67.0,676.708,7816600329.0
1053.398,100.0,90252.0,5067.0,67.0,676.948,7816669500.0
1053.498,100.0,90252.0,5067.0,67.0,676.948,7816669500.0
1053.598,100.0,90252.0,5067.0,68.0,677.487,7816737534.0
1053.698,100.0,90252.0,5067.0,67.0,675.782,7816806325.0
1053.798,100.0,90252.0,5067.0,68.0,674.116,7816868585.0
1053.898,88.0,90252.0,5067.0,68.0,674.29,7816937251.0
1053.998,88.0,90252.0,5067.0,68.0,675.914,7817006759.0
1054.098,100.0,90252.0,5067.0,69.0,676.614,7817144827.0
1054.198,100.0,90252.0,5067.0,69.0,676.614,7817144827.0
1054.297,100.0,90252.0,5067.0,69.0,678.627,7817209772.0
1054.398,100.0,90252.0,5067.0,69.0,677.754,7817276964.0
1054.498,100.0,90252.0,5067.0,69.0,676.332,7817345456.0
1054.598,100.0,90252.0,5067.0,69.0,669.231,7817406023.0
1054.697,90.0,90252.0,5067.0,64.0,625.862,7817464252.0
1054.798,85.0,90252.0,5067.0,63.0,576.007,7817510367.0
1054.898,87.0,90252.0,5067.0,61.0,517.282,7817589612.0
1054.998,87.0,90252.0,5067.0,61.0,517.282,7817589612.0
1055.098,87.0,90252.0,5067.0,61.0,492.081,7817637514.0
1055.198,86.0,90252.0,5067.0,61.0,470.765,7817680033.0
1055.298,86.0,90252.0,5067.0,60.0,432.092,7817706296.0
1055.398,88.0,90252.0,5067.0,60.0,401.798,7817742527.0
1055.498,88.0,90252.0,5067.0,60.0,379.512,7817786016.0
1055.598,88.0,90252.0,5067.0,60.0,389.931,7817824566.0
1055.698,88.0,90252.0,5067.0,60.0,388.694,7817852044.0
1055.798,88.0,90252.0,5067.0,60.0,388.694,7817852044.0
1055.897,86.0,90252.0,5067.0,59.0,387.66,7817897299.0
1055.998,86.0,90252.0,5067.0,60.0,383.203,7817939268.0
1056.097,88.0,90252.0,5067.0,59.0,395.972,7817985798.0
1056.198,88.0,90252.0,5067.0,59.0,381.115,7818016612.0
1056.298,88.0,90252.0,5067.0,59.0,382.154,7818060403.0
1056.398,88.0,90252.0,5067.0,59.0,393.009,7818096774.0
1056.498,86.0,90252.0,5067.0,59.0,383.205,7818124337.0
1056.598,86.0,90252.0,5067.0,59.0,379.349,7818163073.0
1056.698,88.0,90252.0,5067.0,59.0,384.874,7818208912.0
1056.798,88.0,90252.0,5067.0,59.0,396.602,7818248047.0
1056.897,88.0,90252.0,5067.0,59.0,391.456,7818285791.0
1056.998,88.0,90252.0,5067.0,59.0,393.336,7818330547.0
1057.098,88.0,90252.0,5067.0,59.0,376.845,7818363193.0
1057.198,88.0,90252.0,5067.0,59.0,378.133,7818430636.0
1057.298,88.0,90252.0,5067.0,59.0,367.835,7818467380.0
1057.398,86.0,90252.0,5067.0,59.0,374.255,7818496300.0
1057.498,86.0,90252.0,5067.0,59.0,374.192,7818539346.0
1057.598,88.0,90252.0,5067.0,59.0,374.386,7818579246.0
1057.698,88.0,90252.0,5067.0,59.0,381.556,7818630810.0
1057.798,88.0,90252.0,5067.0,59.0,378.381,7818666535.0
1057.897,88.0,90252.0,5067.0,59.0,369.167,7818698505.0
1057.998,87.0,90252.0,5067.0,59.0,384.083,7818744087.0
1058.098,87.0,90252.0,5067.0,59.0,392.173,7818787278.0
1058.198,87.0,90252.0,5067.0,59.0,392.173,7818824601.0
1058.298,89.0,90252.0,5067.0,58.0,395.537,7818824601.0
1058.398,89.0,90252.0,5067.0,59.0,409.656,7818871059.0
1058.498,87.0,90252.0,5067.0,59.0,413.083,7818907468.0
1058.598,87.0,90252.0,5067.0,59.0,410.947,7818950924.0
1058.698,89.0,90252.0,5067.0,59.0,414.107,7818991390.0
1058.798,89.0,90252.0,5067.0,59.0,401.628,7819028764.0
1058.898,89.0,90252.0,5067.0,59.0,411.584,7819077773.0
1058.998,89.0,90252.0,5067.0,59.0,415.022,7819114529.0
1059.098,87.0,90252.0,5067.0,59.0,409.647,7819156209.0
1059.198,87.0,90252.0,5067.0,59.0,408.393,7819196845.0
1059.298,89.0,90252.0,5067.0,58.0,412.421,7819237575.0
1059.398,89.0,90252.0,5067.0,59.0,401.608,7819273306.0
1059.498,88.0,90252.0,5067.0,59.0,405.515,7819315553.0
1059.598,88.0,90252.0,5067.0,58.0,403.632,7819393093.0
1059.698,88.0,90252.0,5067.0,59.0,400.104,7819432830.0
1059.798,88.0,90252.0,5067.0,59.0,404.665,7819470793.0
1059.898,85.0,90252.0,5067.0,58.0,389.034,7819541228.0
1059.998,85.0,90252.0,5067.0,58.0,389.034,7819541228.0
1060.098,85.0,90252.0,5067.0,59.0,380.183,7819576340.0
1060.198,87.0,90252.0,5067.0,58.0,384.67,7819617610.0
1060.298,87.0,90252.0,5067.0,59.0,389.639,7819662464.0
1060.398,86.0,90252.0,5067.0,58.0,385.585,7819701721.0
1060.498,86.0,90252.0,5067.0,58.0,391.56,7819745482.0
1060.598,88.0,90252.0,5067.0,58.0,401.54,7819792308.0
1060.698,88.0,90252.0,5067.0,58.0,401.54,7819792308.0
1060.798,88.0,90252.0,5067.0,59.0,402.752,7819833448.0
1060.898,87.0,90252.0,5067.0,58.0,403.103,7819875628.0
1060.998,87.0,90252.0,5067.0,58.0,410.968,7819915391.0
1061.098,85.0,90252.0,5067.0,58.0,411.412,7819953952.0
1061.197,85.0,90252.0,5067.0,58.0,409.567,7819985767.0
1061.298,87.0,90252.0,5067.0,58.0,407.338,7820028419.0
1061.398,87.0,90252.0,5067.0,58.0,402.674,7820065950.0
1061.498,87.0,90252.0,5067.0,58.0,402.811,7820103284.0
1061.597,87.0,90252.0,5067.0,58.0,399.334,7820148216.0
1061.698,86.0,90252.0,5067.0,58.0,394.142,7820185606.0
1061.797,86.0,90252.0,5067.0,58.0,400.963,7820234358.0
1061.898,86.0,90252.0,5067.0,58.0,388.416,7820267620.0
1061.997,86.0,90252.0,5067.0,58.0,385.412,7820303954.0
1062.098,84.0,90252.0,5067.0,58.0,390.579,7820414143.0
1062.198,84.0,90252.0,5067.0,58.0,390.579,7820414143.0
1062.298,86.0,90252.0,5067.0,58.0,383.878,7820447020.0
1062.398,86.0,90252.0,5067.0,58.0,379.273,7820478749.0
1062.498,86.0,90252.0,5067.0,58.0,366.797,7820511797.0
1062.598,84.0,90252.0,5067.0,58.0,365.629,7820553237.0
1062.698,84.0,90252.0,5067.0,58.0,359.846,7820596092.0
1062.798,86.0,90252.0,5067.0,58.0,363.677,7820669570.0
1062.898,86.0,90252.0,5067.0,58.0,363.677,7820669570.0
1062.998,86.0,90252.0,5067.0,58.0,366.827,7820710667.0
1063.098,86.0,90252.0,5067.0,58.0,356.632,7820739161.0
1063.198,86.0,90252.0,5067.0,58.0,356.632,7820739161.0
1063.298,84.0,90252.0,5067.0,57.0,353.075,7820769688.0
1063.398,84.0,90252.0,5067.0,57.0,355.048,7820800007.0
1063.498,84.0,90252.0,5067.0,57.0,357.668,7820834055.0
1063.598,84.0,90252.0,5067.0,57.0,360.916,7820872838.0
1063.697,83.0,90252.0,5067.0,57.0,356.029,7820908509.0
1063.798,83.0,90252.0,5067.0,57.0,348.525,7820942167.0
1063.898,82.0,90252.0,5067.0,57.0,347.0,7820974223.0
1063.997,82.0,90252.0,5067.0,57.0,340.22,7821007233.0
1064.097,84.0,90252.0,5067.0,57.0,331.642,7821041327.0
1064.198,84.0,90252.0,5067.0,57.0,336.46,7821070616.0
1064.298,83.0,90252.0,5067.0,57.0,340.406,7821107101.0
1064.398,81.0,90252.0,5067.0,57.0,347.975,7821214158.0
1064.498,81.0,90252.0,5067.0,57.0,347.975,7821214158.0
1064.597,81.0,90252.0,5067.0,56.0,338.385,7821238685.0
1064.698,78.0,90252.0,5067.0,56.0,328.946,7821273985.0
1064.798,78.0,90252.0,5067.0,56.0,331.272,7821304485.0
1064.897,78.0,90252.0,5067.0,56.0,332.489,7821345011.0
1064.997,78.0,90252.0,5067.0,56.0,339.971,7821375880.0
1065.098,77.0,90252.0,5067.0,55.0,337.677,7821417195.0
1065.198,77.0,90252.0,5067.0,55.0,344.622,7821449026.0
1065.298,77.0,90252.0,5067.0,55.0,342.636,7821477422.0
1065.398,77.0,90252.0,5067.0,55.0,333.734,7821509300.0
1065.498,78.0,90252.0,5067.0,55.0,325.185,7821534290.0
1065.598,78.0,90252.0,5067.0,55.0,326.206,7821569736.0
1065.697,79.0,90252.0,5067.0,55.0,336.876,7821569736.0
1065.798,79.0,90252.0,5067.0,55.0,331.969,7821604893.0
1065.898,77.0,90252.0,5067.0,55.0,318.866,7821624029.0
1065.998,77.0,90252.0,5067.0,55.0,310.084,7821657338.0
1066.098,76.0,90252.0,5067.0,55.0,308.028,7821682719.0
1066.197,76.0,90252.0,5067.0,54.0,295.007,7821708731.0
1066.297,75.0,90252.0,5067.0,54.0,292.952,7821743842.0
1066.398,75.0,90252.0,5067.0,54.0,300.584,7821777027.0
1066.498,73.0,90252.0,5067.0,54.0,299.576,7821806404.0
1066.598,75.0,90252.0,5067.0,54.0,284.119,7821859569.0
1066.698,75.0,90252.0,5067.0,54.0,284.119,7821859569.0
1066.798,75.0,90252.0,5067.0,54.0,279.258,7821885525.0
1066.898,75.0,90252.0,5067.0,54.0,289.419,7821910820.0
1066.998,75.0,90252.0,5067.0,54.0,281.892,7821961028.0
1067.097,75.0,90252.0,5067.0,54.0,274.591,7821988196.0
1067.197,75.0,90252.0,5067.0,54.0,278.206,7822017681.0
1067.298,72.0,90252.0,5067.0,54.0,274.839,7822041594.0
1067.398,72.0,90252.0,5067.0,53.0,263.369,7822060492.0
1067.498,17.0,90252.0,5067.0,51.0,239.094,7822073451.0
1067.598,0.0,90252.0,5067.0,50.0,225.377,7822086351.0
1067.698,0.0,90252.0,5067.0,50.0,211.251,7822099149.0
1067.798,0.0,90252.0,5067.0,50.0,198.272,7822111967.0
1067.898,0.0,90252.0,5067.0,49.0,196.688,7822135912.0
1067.998,0.0,90252.0,5067.0,49.0,196.688,7822192037.0
1068.098,87.0,90252.0,5067.0,56.0,243.204,7822192037.0
1068.198,87.0,90252.0,5067.0,60.0,284.136,7822262440.0
1068.297,100.0,90252.0,5067.0,62.0,322.41,7822331342.0
1068.398,100.0,90252.0,5067.0,63.0,369.301,7822399776.0
1068.498,100.0,90252.0,5067.0,64.0,421.889,7822469058.0
1068.598,100.0,90252.0,5067.0,62.0,474.061,7822530551.0
1068.698,100.0,90252.0,5067.0,65.0,528.627,7822598928.0
1068.798,100.0,90252.0,5067.0,66.0,585.567,7822668060.0
1068.898,100.0,90252.0,5067.0,66.0,641.024,7822735857.0
1068.997,100.0,90252.0,5067.0,66.0,673.085,7822804811.0
1069.098,88.0,90252.0,5067.0,68.0,677.488,7822937057.0
1069.197,88.0,90252.0,5067.0,67.0,678.844,7823005602.0
1069.298,100.0,90252.0,5067.0,67.0,675.387,7823074945.0
1069.398,100.0,90252.0,5067.0,68.0,677.685,7823142685.0
1069.498,100.0,90252.0,5067.0,68.0,676.33,7823207151.0
1069.598,100.0,90252.0,5067.0,68.0,673.461,7823343883.0
1069.698,100.0,90252.0,5067.0,68.0,673.461,7823343883.0
1069.797,100.0,90252.0,5067.0,69.0,674.935,7823411995.0
1069.898,100.0,90252.0,5067.0,68.0,673.16,7823481079.0
1069.998,100.0,90252.0,5067.0,68.0,673.16,7823550022.0
1070.098,100.0,90252.0,5067.0,70.0,677.265,7823550022.0
1070.198,100.0,90252.0,5067.0,68.0,675.461,7823614071.0
1070.298,100.0,90252.0,5067.0,69.0,678.667,7823685479.0
1070.398,100.0,90252.0,5067.0,70.0,679.795,7823755128.0
1070.498,100.0,90252.0,5067.0,69.0,681.076,7823823736.0
1070.598,100.0,90252.0,5067.0,69.0,683.112,7823891422.0
1070.698,96.0,90252.0,5067.0,68.0,679.976,7823956082.0
1070.798,96.0,90252.0,5067.0,67.0,647.386,7823999171.0
1070.898,88.0,90252.0,5067.0,65.0,613.398,7824033864.0
1070.998,88.0,90252.0,5067.0,63.0,584.704,7824066937.0
1071.098,86.0,90252.0,5067.0,63.0,552.757,7824107231.0
1071.197,86.0,90252.0,5067.0,62.0,527.183,7824145990.0
1071.298,88.0,90252.0,5067.0,62.0,492.824,7824220907.0
1071.398,88.0,90252.0,5067.0,61.0,460.763,7824259288.0
1071.498,86.0,90252.0,5067.0,61.0,434.402,7824297286.0
1071.598,86.0,90252.0,5067.0,61.0,406.911,7824333778.0
1071.698,88.0,90252.0,5067.0,61.0,382.304,7824375709.0
1071.798,88.0,90252.0,5067.0,61.0,377.691,7824409924.0
1071.898,88.0,90252.0,5067.0,60.0,375.836,7824448749.0
1071.998,88.0,90252.0,5067.0,60.0,378.664,7824484209.0
1072.098,86.0,90252.0,5067.0,60.0,372.814,7824524201.0
1072.198,86.0,90252.0,5067.0,60.0,374.924,7824561979.0
1072.298,88.0,90252.0,5067.0,60.0,385.789,7824561979.0
1072.398,88.0,90252.0,5067.0,60.0,390.156,7824606388.0
1072.498,85.0,90252.0,5067.0,60.0,387.312,7824646671.0
1072.598,85.0,90252.0,5067.0,60.0,389.464,7824686227.0
1072.698,88.0,90252.0,5067.0,60.0,389.226,7824724153.0
1072.797,88.0,90252.0,5067.0,60.0,388.41,7824765017.0
1072.897,88.0,90252.0,5067.0,60.0,388.846,7824798167.0
1072.998,88.0,90252.0,5067.0,60.0,386.581,7824834524.0
1073.098,87.0,90252.0,5067.0,60.0,399.383,7824876911.0
1073.198,87.0,90252.0,5067.0,60.0,395.704,7824917310.0
1073.298,89.0,90252.0,5067.0,59.0,394.791,7824958818.0
1073.398,89.0,90252.0,5067.0,60.0,395.04,7824998132.0
1073.498,86.0,90252.0,5067.0,60.0,396.197,7825043528.0
1073.598,86.0,90252.0,5067.0,60.0,398.723,7825124581.0
1073.698,89.0,90252.0,5067.0,59.0,402.516,7825168575.0
1073.798,89.0,90252.0,5067.0,59.0,423.042,7825260465.0
1073.898,89.0,90252.0,5067.0,59.0,423.042,7825260465.0
1073.997,89.0,90252.0,5067.0,59.0,423.313,7825300538.0
1074.098,89.0,90252.0,5067.0,59.0,419.986,7825337418.0
1074.197,89.0,90252.0,5067.0,60.0,417.861,7825382244.0
1074.298,90.0,90252.0,5067.0,59.0,419.837,7825419124.0
1074.398,88.0,90252.0,5067.0,59.0,424.349,7825467913.0
1074.498,88.0,90252.0,5067.0,59.0,417.209,7825504618.0
1074.598,90.0,90252.0,5067.0,59.0,410.361,7825539365.0
1074.698,90.0,90252.0,5067.0,59.0,410.361,7825539365.0
1074.798,90.0,90252.0,5067.0,59.0,407.23,7825582668.0
1074.897,90.0,90252.0,5067.0,59.0,406.104,7825618442.0
1074.997,90.0,90252.0,5067.0,59.0,409.109,7825663078.0
1075.097,90.0,90252.0,5067.0,59.0,412.047,7825710578.0
1075.198,90.0,90252.0,5067.0,59.0,413.752,7825751281.0
1075.297,90.0,90252.0,5067.0,59.0,406.972,7825789732.0
1075.398,90.0,90252.0,5067.0,59.0,401.542,7825825919.0
1075.498,86.0,90252.0,5067.0,59.0,400.66,7825864648.0
1075.598,86.0,90252.0,5067.0,59.0,405.729,7825911403.0
1075.698,89.0,90252.0,5067.0,59.0,411.718,7825951633.0
1075.798,89.0,90252.0,5067.0,59.0,407.858,7825988050.0
1075.898,89.0,90252.0,5067.0,59.0,400.242,7826025365.0
1075.998,89.0,90252.0,5067.0,59.0,395.46,7826142147.0
1076.097,89.0,90252.0,5067.0,59.0,395.46,7826142147.0
1076.198,89.0,90252.0,5067.0,59.0,397.6,7826185726.0
1076.298,89.0,90252.0,5067.0,59.0,404.362,7826224673.0
1076.398,89.0,90252.0,5067.0,59.0,406.951,7826271345.0
1076.498,86.0,90252.0,5067.0,59.0,403.684,7826308782.0
1076.597,86.0,90252.0,5067.0,59.0,406.974,7826347932.0
1076.698,88.0,90252.0,5067.0,59.0,396.027,7826382343.0
1076.798,88.0,90252.0,5067.0,59.0,403.081,7826464775.0
1076.898,88.0,90252.0,5067.0,59.0,403.081,7826464775.0
1076.998,88.0,90252.0,5067.0,59.0,398.467,7826499808.0
1077.097,86.0,90252.0,5067.0,59.0,397.026,7826499808.0
1077.197,86.0,90252.0,5067.0,59.0,395.365,7826541388.0
1077.298,88.0,90252.0,5067.0,59.0,385.293,7826579735.0
1077.398,88.0,90252.0,5067.0,59.0,388.809,7826619155.0
1077.498,85.0,90252.0,5067.0,58.0,382.964,7826694383.0
1077.598,85.0,90252.0,5067.0,58.0,382.964,7826694383.0
1077.697,87.0,90252.0,5067.0,58.0,388.825,7826738278.0
1077.798,87.0,90252.0,5067.0,58.0,391.116,7826771247.0
1077.898,86.0,90252.0,5067.0,58.0,387.275,7826808926.0
1077.998,86.0,90252.0,5067.0,58.0,389.919,7826853559.0
1078.097,85.0,90252.0,5067.0,58.0,391.65,7826895113.0
1078.198,86.0,90252.0,5067.0,58.0,381.337,7826959009.0
1078.298,86.0,90252.0,5067.0,58.0,381.337,7826959009.0
1078.398,86.0,90252.0,5067.0,58.0,384.811,7827039181.0
1078.498,84.0,90252.0,5067.0,58.0,390.731,7827081468.0
1078.598,84.0,90252.0,5067.0,58.0,379.386,7827120244.0
1078.698,87.0,90252.0,5067.0,58.0,382.743,7827157575.0
1078.798,87.0,90252.0,5067.0,58.0,387.059,7827202349.0
1078.898,87.0,90252.0,5067.0,58.0,391.023,7827241552.0
1078.998,87.0,90252.0,5067.0,58.0,386.072,7827279364.0
1079.098,84.0,90252.0,5067.0,58.0,385.928,7827320572.0
1079.198,84.0,90252.0,5067.0,58.0,396.898,7827364356.0
1079.298,86.0,90252.0,5067.0,58.0,407.269,7827407370.0
1079.398,86.0,90252.0,5067.0,58.0,408.218,7827448891.0
1079.497,86.0,90252.0,5067.0,58.0,402.507,7827448891.0
1079.598,86.0,90252.0,5067.0,58.0,405.901,7827486804.0
1079.698,83.0,90252.0,5067.0,58.0,399.745,7827520456.0
1079.797,83.0,90252.0,5067.0,57.0,396.488,7827563047.0
1079.898,84.0,90252.0,5067.0,57.0,400.976,7827601198.0
1079.998,84.0,90252.0,5067.0,57.0,395.885,7827645146.0
1080.097,84.0,90252.0,5067.0,57.0,390.609,7827680445.0
1080.198,84.0,90252.0,5067.0,57.0,380.447,7827710874.0
1080.298,82.0,90252.0,5067.0,57.0,372.426,7827743285.0
1080.397,82.0,90252.0,5067.0,57.0,360.39,7827770506.0
1080.498,83.0,90252.0,5067.0,57.0,363.726,7827811410.0
1080.598,83.0,90252.0,5067.0,57.0,359.632,7827852598.0
1080.698,82.0,90252.0,5067.0,57.0,356.296,7827913468.0
1080.797,82.0,90252.0,5067.0,56.0,356.424,7827954204.0
1080.897,77.0,90252.0,5067.0,56.0,344.769,7827984595.0
1080.997,77.0,90252.0,5067.0,56.0,342.028,7828017021.0
1081.097,79.0,90252.0,5067.0,56.0,335.195,7828043863.0
1081.198,79.0,90252.0,5067.0,56.0,335.869,7828074826.0
1081.298,79.0,90252.0,5067.0,55.0,334.207,7828109868.0
1081.398,79.0,90252.0,5067.0,55.0,339.708,7828142448.0
1081.498,77.0,90252.0,5067.0,55.0,331.335,7828173866.0
1081.598,77.0,90252.0,5067.0,55.0,325.065,7828206242.0
1081.698,77.0,90252.0,5067.0,55.0,325.065,7828238465.0
1081.798,78.0,90252.0,5067.0,55.0,326.429,7828275745.0
1081.898,79.0,90252.0,5067.0,55.0,320.836,7828275745.0
1081.997,79.0,90252.0,5067.0,55.0,316.932,7828306720.0
1082.097,76.0,90252.0,5067.0,55.0,316.691,7828332012.0
1082.197,76.0,90252.0,5067.0,55.0,315.345,7828364933.0
1082.298,75.0,90252.0,5067.0,54.0,314.238,7828394216.0
1082.398,75.0,90252.0,5067.0,54.0,308.833,7828422273.0
1082.498,75.0,90252.0,5067.0,54.0,304.941,7828449853.0
1082.598,75.0,90252.0,5067.0,54.0,304.371,7828477787.0
1082.698,74.0,90252.0,5067.0,54.0,301.047,7828508994.0
1082.798,74.0,90252.0,5067.0,54.0,294.576,7828540238.0
1082.898,75.0,90252.0,5067.0,54.0,297.184,7828571742.0
1082.997,75.0,90252.0,5067.0,54.0,299.479,7828602864.0
1083.098,75.0,90252.0,5067.0,54.0,303.278,7828661640.0
1083.198,75.0,90252.0,5067.0,54.0,302.795,7828689606.0
1083.298,75.0,90252.0,5067.0,54.0,294.407,7828716855.0
1083.397,75.0,90252.0,5067.0,54.0,292.23,7828744281.0
1083.497,70.0,90252.0,5067.0,53.0,291.887,7828770076.0
1083.597,70.0,90252.0,5067.0,52.0,290.163,7828789909.0
1083.698,16.0,90252.0,5067.0,51.0,274.95,7828802852.0
1083.798,16.0,90252.0,5067.0,50.0,255.147,7828815839.0
1083.898,0.0,90252.0,5067.0,50.0,236.535,7828828752.0
1083.998,0.0,90252.0,5067.0,50.0,219.853,7828843916.0
1084.098,21.0,90252.0,5067.0,52.0,213.431,7828890928.0
1084.198,21.0,90252.0,5067.0,60.0,293.618,7828961559.0
1084.298,21.0,90252.0,5067.0,60.0,293.618,7828961559.0
1084.398,100.0,90252.0,5067.0,61.0,341.037,7829029573.0
1084.497,100.0,90252.0,5067.0,62.0,382.902,7829098079.0
1084.598,100.0,90252.0,5067.0,64.0,422.869,7829166446.0
1084.698,92.0,90252.0,5067.0,65.0,477.841,7829231806.0
1084.798,92.0,90252.0,5067.0,65.0,523.459,7829299372.0
1084.898,100.0,90252.0,5067.0,66.0,580.259,7829367623.0
1084.998,100.0,90252.0,5067.0,67.0,644.188,7829436353.0
1085.097,100.0,90252.0,5067.0,67.0,683.284,7829503652.0
1085.198,100.0,90252.0,5067.0,67.0,675.786,7829569519.0
1085.298,100.0,90252.0,5067.0,68.0,674.259,7829704042.0
1085.397,100.0,90252.0,5067.0,68.0,673.05,7829771456.0
1085.497,100.0,90252.0,5067.0,68.0,674.88,7829840561.0
1085.598,100.0,90252.0,5067.0,69.0,671.763,7829908677.0
1085.698,96.0,90252.0,5067.0,68.0,673.488,7829972212.0
1085.798,96.0,90252.0,5067.0,69.0,671.64,7830041302.0
1085.898,100.0,90252.0,5067.0,69.0,674.202,7830110031.0
1085.998,100.0,90252.0,5067.0,69.0,674.343,7830179689.0
1086.097,100.0,90252.0,5067.0,69.0,672.97,7830248256.0
1086.198,100.0,90252.0,5067.0,66.0,676.119,7830312040.0
1086.298,88.0,90252.0,5067.0,69.0,678.754,7830312040.0
1086.398,100.0,90252.0,5067.0,69.0,680.236,7830451334.0
1086.498,100.0,90252.0,5067.0,69.0,680.236,7830451334.0
1086.598,100.0,90252.0,5067.0,70.0,680.715,7830521214.0
1086.698,100.0,90252.0,5067.0,69.0,686.769,7830589540.0
1086.798,100.0,90252.0,5067.0,67.0,670.64,7830654237.0
1086.898,89.0,90252.0,5067.0,64.0,648.894,7830701885.0
1086.998,89.0,90252.0,5067.0,63.0,619.606,7830747431.0
1087.097,88.0,90252.0,5067.0,63.0,593.221,7830791758.0
1087.198,88.0,90252.0,5067.0,62.0,559.343,7830829428.0
1087.298,88.0,90252.0,5067.0,62.0,526.807,7830864663.0
1087.398,88.0,90252.0,5067.0,61.0,496.851,7830902930.0
1087.498,86.0,90252.0,5067.0,61.0,472.22,7830979568.0
1087.598,86.0,90252.0,5067.0,61.0,443.483,7831019591.0
1087.697,87.0,90252.0,5067.0,61.0,410.465,7831056344.0
1087.797,87.0,90252.0,5067.0,60.0,388.615,7831094383.0
1087.898,88.0,90252.0,5067.0,60.0,382.58,7831131428.0
1087.998,88.0,90252.0,5067.0,60.0,387.387,7831172901.0
1088.098,88.0,90252.0,5067.0,60.0,381.604,7831208538.0
1088.198,88.0,90252.0,5067.0,60.0,386.787,7831249860.0
1088.298,89.0,90252.0,5067.0,60.0,383.327,7831291555.0
1088.398,89.0,90252.0,5067.0,60.0,389.727,7831332142.0
1088.497,88.0,90252.0,5067.0,60.0,390.282,7831369060.0
1088.598,88.0,90252.0,5067.0,60.0,390.282,7831369060.0
1088.698,86.0,90252.0,5067.0,60.0,382.038,7831438821.0
1088.798,86.0,90252.0,5067.0,60.0,382.038,7831438821.0
1088.898,86.0,90252.0,5067.0,60.0,389.492,7831477433.0
1088.997,89.0,90252.0,5067.0,60.0,395.256,7831523442.0
1089.098,89.0,90252.0,5067.0,60.0,395.343,7831567360.0
1089.197,89.0,90252.0,5067.0,59.0,391.217,7831605504.0
1089.298,88.0,90252.0,5067.0,60.0,389.114,7831639457.0
1089.398,89.0,90252.0,5067.0,59.0,385.483,7831714109.0
1089.498,89.0,90252.0,5067.0,59.0,385.483,7831714109.0
1089.598,89.0,90252.0,5067.0,59.0,402.603,7831755602.0
1089.698,87.0,90252.0,5067.0,60.0,412.61,7831804165.0
1089.798,87.0,90252.0,5067.0,59.0,411.073,7831845886.0
1089.898,89.0,90252.0,5067.0,59.0,403.32,7831924373.0
1089.998,89.0,90252.0,5067.0,59.0,400.049,7831955811.0
1090.098,88.0,90252.0,5067.0,59.0,391.676,7831997180.0
1090.198,88.0,90252.0,5067.0,59.0,400.111,7832040568.0
1090.298,89.0,90252.0,5067.0,59.0,405.382,7832079313.0
1090.398,89.0,90252.0,5067.0,59.0,407.873,7832117411.0
1090.498,88.0,90252.0,5067.0,59.0,407.622,7832165563.0
1090.598,88.0,90252.0,5067.0,59.0,413.401,7832217750.0
1090.698,87.0,90252.0,5067.0,59.0,413.75,7832258278.0
1090.797,87.0,90252.0,5067.0,59.0,417.549,7832301541.0
1090.898,89.0,90252.0,5067.0,59.0,418.764,7832341620.0
1090.997,89.0,90252.0,5067.0,59.0,420.68,7832341620.0
1091.098,87.0,90252.0,5067.0,59.0,431.708,7832384968.0
1091.198,87.0,90252.0,5067.0,59.0,425.37,7832425438.0
1091.298,89.0,90252.0,5067.0,59.0,426.473,7832463461.0
1091.398,89.0,90252.0,5067.0,59.0,426.211,7832506092.0
1091.498,89.0,90252.0,5067.0,59.0,426.033,7832546990.0
1091.598,89.0,90252.0,5067.0,59.0,413.634,7832588439.0
1091.698,87.0,90252.0,5067.0,59.0,400.854,7832668486.0
1091.798,87.0,90252.0,5067.0,59.0,400.854,7832668486.0
1091.898,89.0,90252.0,5067.0,59.0,406.059,7832709331.0
1091.998,89.0,90252.0,5067.0,59.0,399.54,7832743709.0
1092.098,87.0,90252.0,5067.0,59.0,393.503,7832786340.0
1092.198,87.0,90252.0,5067.0,59.0,394.659,7832822922.0
1092.298,89.0,90252.0,5067.0,59.0,395.635,7832859416.0
1092.398,89.0,90252.0,5067.0,59.0,386.59,7832979581.0
1092.498,89.0,90252.0,5067.0,59.0,386.59,7832979581.0
1092.598,89.0,90252.0,5067.0,59.0,394.538,7833021151.0
1092.698,87.0,90252.0,5067.0,59.0,392.579,7833059397.0
1092.798,87.0,90252.0,5067.0,59.0,392.987,7833101454.0
1092.898,89.0,90252.0,5067.0,59.0,403.103,7833151476.0
1092.998,89.0,90252.0,5067.0,59.0,411.766,7833197697.0
1093.098,86.0,90252.0,5067.0,59.0,415.006,7833279004.0
1093.198,86.0,90252.0,5067.0,59.0,415.006,7833279004.0
1093.298,88.0,90252.0,5067.0,59.0,417.364,7833316257.0
1093.398,88.0,90252.0,5067.0,59.0,415.544,7833353605.0
1093.498,88.0,90252.0,5067.0,59.0,415.544,7833393786.0
1093.597,87.0,90252.0,5067.0,59.0,414.594,7833393786.0
1093.698,87.0,90252.0,5067.0,59.0,411.288,7833432306.0
1093.798,88.0,90252.0,5067.0,59.0,412.615,7833509230.0
1093.897,88.0,90252.0,5067.0,59.0,412.615,7833509230.0
1093.998,88.0,90252.0,5067.0,59.0,392.824,7833546114.0
1094.098,88.0,90252.0,5067.0,59.0,402.717,7833594100.0
1094.197,86.0,90252.0,5067.0,59.0,391.45,7833635685.0
1094.297,86.0,90252.0,5067.0,59.0,391.45,7833667521.0
1094.398,88.0,90252.0,5067.0,59.0,391.545,7833707426.0
1094.498,87.0,90252.0,5067.0,58.0,395.937,7833750754.0
1094.597,87.0,90252.0,5067.0,58.0,397.536,7833787855.0
1094.698,86.0,90252.0,5067.0,59.0,396.852,7833836861.0
1094.814,88.0,90252.0,5067.0,58.0,411.714,7833961226.0
1094.898,88.0,90252.0,5067.0,58.0,411.714,7833961226.0
1094.999,85.0,90252.0,5067.0,58.0,408.71,7834041157.0
1095.098,85.0,90252.0,5067.0,58.0,408.71,7834041157.0
1095.198,85.0,90252.0,5067.0,58.0,396.97,7834062953.0
1095.297,86.0,90252.0,5067.0,58.0,386.847,7834090928.0
1095.398,86.0,90252.0,5067.0,58.0,377.497,7834124407.0
1095.497,86.0,90252.0,5067.0,58.0,373.426,7834159482.0
1095.597,86.0,90252.0,5067.0,58.0,366.824,7834200718.0
1095.698,84.0,90252.0,5067.0,58.0,363.294,7834237935.0
1095.798,84.0,90252.0,5067.0,58.0,357.95,7834277913.0
1095.898,84.0,90252.0,5067.0,58.0,357.95,7834277913.0
1095.997,86.0,90252.0,5067.0,58.0,367.175,7834317008.0
1096.098,86.0,90252.0,5067.0,58.0,347.174,7834351883.0
1096.198,84.0,90252.0,5067.0,58.0,343.198,7834387707.0
1096.297,84.0,90252.0,5067.0,57.0,359.097,7834430235.0
1096.397,83.0,90252.0,5067.0,58.0,364.839,7834462298.0
1096.497,83.0,90252.0,5067.0,57.0,372.757,7834498081.0
1096.598,83.0,90252.0,5067.0,57.0,377.255,7834538875.0
1096.698,83.0,90252.0,5067.0,57.0,362.261,7834564047.0
1096.797,83.0,90252.0,5067.0,57.0,360.989,7834598292.0
1096.898,82.0,90252.0,5067.0,57.0,358.966,7834636844.0
1096.997,82.0,90252.0,5067.0,57.0,360.782,7834677989.0
1097.097,84.0,90252.0,5067.0,57.0,359.378,7834711362.0
1097.198,84.0,90252.0,5067.0,57.0,354.027,7834746712.0
1097.297,83.0,90252.0,5067.0,57.0,360.668,7834821380.0
1097.397,83.0,90252.0,5067.0,57.0,355.232,7834851334.0
1097.497,82.0,90252.0,5067.0,57.0,343.488,7834883997.0
1097.598,82.0,90252.0,5067.0,57.0,348.227,7834913063.0
1097.698,82.0,90252.0,5067.0,57.0,352.071,7834950721.0
1097.798,82.0,90252.0,5067.0,56.0,350.213,7834983025.0
1097.898,81.0,90252.0,5067.0,56.0,342.152,7835013996.0
1097.998,81.0,90252.0,5067.0,57.0,337.128,7835048549.0
1098.098,80.0,90252.0,5067.0,56.0,330.404,7835075117.0
1098.198,80.0,90252.0,5067.0,56.0,326.276,7835102637.0
1098.298,80.0,90252.0,5067.0,56.0,326.276,7835132349.0
1098.398,79.0,90252.0,5067.0,56.0,311.501,7835132349.0
1098.498,79.0,90252.0,5067.0,56.0,312.266,7835164511.0
1098.598,79.0,90252.0,5067.0,56.0,317.248,7835200301.0
1098.698,79.0,90252.0,5067.0,56.0,325.632,7835240828.0
1098.798,79.0,90252.0,5067.0,55.0,320.128,7835273506.0
1098.898,79.0,90252.0,5067.0,55.0,318.227,7835305454.0
1098.998,78.0,90252.0,5067.0,55.0,317.149,7835333348.0
1099.098,78.0,90252.0,5067.0,55.0,320.358,7835363186.0
1099.198,79.0,90252.0,5067.0,55.0,315.029,7835396026.0
1099.298,79.0,90252.0,5067.0,55.0,315.029,7835420660.0
1099.398,79.0,90252.0,5067.0,55.0,322.397,7835456434.0
1099.498,76.0,90252.0,5067.0,55.0,323.601,7835488381.0
1099.598,76.0,90252.0,5067.0,54.0,304.014,7835520801.0
1099.697,69.0,90252.0,5067.0,53.0,291.238,7835561119.0
1099.798,69.0,90252.0,5067.0,52.0,272.677,7835574170.0
1099.898,0.0,90252.0,5067.0,51.0,255.261,7835587123.0
1099.998,0.0,90252.0,5067.0,51.0,237.728,7835600037.0
1100.098,0.0,90252.0,5067.0,50.0,217.62,7835612844.0
1100.198,0.0,90252.0,5067.0,52.0,225.325,7835647355.0
1100.298,60.0,90252.0,5067.0,58.0,243.823,7835709168.0
1100.398,60.0,90252.0,5067.0,61.0,284.36,7835777184.0
1100.498,100.0,90252.0,5067.0,62.0,315.307,7835846091.0
1100.598,100.0,90252.0,5067.0,63.0,365.089,7835915130.0
1100.698,100.0,90252.0,5067.0,63.0,365.089,7835983299.0
1100.798,100.0,90252.0,5067.0,65.0,411.429,7835983299.0
1100.897,100.0,90252.0,5067.0,64.0,466.199,7836049889.0
1100.998,93.0,90252.0,5067.0,66.0,522.162,7836117535.0
1101.098,93.0,90252.0,5067.0,66.0,577.214,7836185925.0
1101.197,100.0,90252.0,5067.0,67.0,623.73,7836254314.0
1101.298,100.0,90252.0,5067.0,67.0,670.36,7836321952.0
1101.398,100.0,90252.0,5067.0,66.0,677.792,7836385889.0
1101.498,100.0,90252.0,5067.0,67.0,681.149,7836455259.0
1101.598,100.0,90252.0,5067.0,68.0,679.691,7836523274.0
1101.697,100.0,90252.0,5067.0,68.0,681.778,7836592293.0
1101.798,100.0,90252.0,5067.0,69.0,674.935,7836661425.0
1101.898,88.0,90252.0,5067.0,68.0,672.431,7836856625.0
1101.998,88.0,90252.0,5067.0,68.0,672.431,7836856625.0
1102.098,88.0,90252.0,5067.0,68.0,672.431,7836856625.0
1102.198,88.0,90252.0,5067.0,68.0,672.431,7836856625.0
1102.298,88.0,90252.0,5067.0,68.0,672.431,7836856625.0
1102.398,100.0,90252.0,5067.0,68.0,672.779,7837128660.0
1102.498,100.0,90252.0,5067.0,68.0,672.779,7837128660.0
1102.597,100.0,90252.0,5067.0,69.0,673.114,7837266156.0
1102.698,100.0,90252.0,5067.0,69.0,673.114,7837266156.0
1102.798,100.0,90252.0,5067.0,70.0,673.79,7837266156.0
1102.898,100.0,90252.0,5067.0,70.0,673.79,7837453046.0
1102.997,96.0,90252.0,5067.0,65.0,640.38,7837453046.0
1103.098,96.0,90252.0,5067.0,65.0,640.38,7837453046.0
1103.198,96.0,90252.0,5067.0,65.0,640.38,7837453046.0
1103.298,96.0,90252.0,5067.0,65.0,640.38,7837575999.0
1103.398,86.0,90252.0,5067.0,62.0,531.797,7837654807.0
1103.498,88.0,90252.0,5067.0,61.0,475.531,7837736263.0
1103.598,88.0,90252.0,5067.0,61.0,475.531,7837736263.0
1103.698,86.0,90252.0,5067.0,61.0,452.259,7837783061.0
1103.798,86.0,90252.0,5067.0,61.0,426.043,7837817536.0
1103.898,88.0,90252.0,5067.0,61.0,407.861,7837863150.0
1103.997,88.0,90252.0,5067.0,61.0,406.548,7837863150.0
1104.097,88.0,90252.0,5067.0,61.0,406.548,7837898894.0
1104.198,88.0,90252.0,5067.0,60.0,398.003,7837931685.0
1104.298,88.0,90252.0,5067.0,60.0,400.477,7838019799.0
1104.398,86.0,90252.0,5067.0,60.0,408.793,7838060798.0
1104.497,88.0,90252.0,5067.0,60.0,402.545,7838102592.0
1104.598,88.0,90252.0,5067.0,60.0,400.76,7838136983.0
1104.697,86.0,90252.0,5067.0,60.0,403.503,7838183800.0
1104.798,86.0,90252.0,5067.0,60.0,400.128,7838220657.0
1104.898,89.0,90252.0,5067.0,60.0,407.823,7838305449.0
1104.998,89.0,90252.0,5067.0,60.0,407.823,7838305449.0
1105.098,89.0,90252.0,5067.0,60.0,422.533,7838355491.0
1105.198,89.0,90252.0,5067.0,60.0,422.194,7838396684.0
1105.298,87.0,90252.0,5067.0,60.0,406.601,7838396684.0
1105.397,87.0,90252.0,5067.0,55.0,382.24,7838423169.0
1105.497,0.0,90252.0,5067.0,54.0,354.47,7838436640.0
1105.598,0.0,90252.0,5067.0,57.0,356.025,7838452277.0
1105.698,87.0,90252.0,5067.0,58.0,353.399,7838496805.0
1105.798,87.0,90252.0,5067.0,58.0,360.066,7838537309.0
1105.897,89.0,90252.0,5067.0,58.0,362.374,7838578184.0
1105.998,89.0,90252.0,5067.0,59.0,361.549,7838621591.0
1106.098,87.0,90252.0,5067.0,59.0,347.268,7838671097.0
1106.198,87.0,90252.0,5067.0,59.0,352.619,7838703355.0
1106.298,89.0,90252.0,5067.0,59.0,360.248,7838751186.0
1106.398,89.0,90252.0,5067.0,59.0,384.319,7838790399.0
1106.498,89.0,90252.0,5067.0,59.0,410.589,7838823649.0
1106.598,89.0,90252.0,5067.0,59.0,417.851,7838871484.0
1106.698,90.0,90252.0,5067.0,59.0,422.908,7838961026.0
1106.798,90.0,90252.0,5067.0,59.0,430.449,7839009560.0
1106.898,90.0,90252.0,5067.0,59.0,425.754,7839045115.0
1106.998,90.0,90252.0,5067.0,59.0,416.535,7839084554.0
1107.098,87.0,90252.0,5067.0,59.0,417.675,7839122474.0
1107.198,87.0,90252.0,5067.0,59.0,415.824,7839165147.0
1107.298,90.0,90252.0,5067.0,59.0,411.868,7839204448.0
1107.398,90.0,90252.0,5067.0,59.0,414.477,7839243124.0
1107.498,89.0,90252.0,5067.0,59.0,414.124,7839284428.0
1107.598,89.0,90252.0,5067.0,59.0,409.833,7839325344.0
1107.698,89.0,90252.0,5067.0,59.0,411.073,7839366473.0
1107.798,89.0,90252.0,5067.0,59.0,411.073,7839366473.0
1107.898,89.0,90252.0,5067.0,59.0,401.359,7839410406.0
1107.998,90.0,90252.0,5067.0,59.0,402.008,7839449151.0
1108.098,90.0,90252.0,5067.0,59.0,407.47,7839494993.0
1108.198,88.0,90252.0,5067.0,59.0,406.794,7839530981.0
1108.298,88.0,90252.0,5067.0,59.0,405.505,7839573750.0
1108.398,90.0,90252.0,5067.0,59.0,408.367,7839615811.0
1108.498,90.0,90252.0,5067.0,59.0,417.262,7839657398.0
1108.597,89.0,90252.0,5067.0,59.0,414.443,7839694220.0
1108.698,89.0,90252.0,5067.0,59.0,417.423,7839737839.0
1108.798,90.0,90252.0,5067.0,59.0,409.121,7839775946.0
1108.898,90.0,90252.0,5067.0,59.0,411.104,7839819282.0
1108.998,90.0,90252.0,5067.0,59.0,405.095,7839857204.0
1109.098,88.0,90252.0,5067.0,59.0,406.138,7839936218.0
1109.198,88.0,90252.0,5067.0,59.0,406.458,7839978847.0
1109.298,90.0,90252.0,5067.0,59.0,402.832,7840018957.0
1109.398,90.0,90252.0,5067.0,59.0,403.88,7840062588.0
1109.498,86.0,90252.0,5067.0,59.0,406.249,7840101398.0
1109.598,86.0,90252.0,5067.0,59.0,406.506,7840146064.0
1109.698,88.0,90252.0,5067.0,59.0,413.508,7840190252.0
1109.797,88.0,90252.0,5067.0,59.0,404.306,7840223488.0
1109.898,89.0,90252.0,5067.0,59.0,404.936,7840263984.0
1109.998,89.0,90252.0,5067.0,59.0,405.539,7840307275.0
1110.098,87.0,90252.0,5067.0,59.0,407.673,7840348210.0
1110.198,87.0,90252.0,5067.0,59.0,407.673,7840348210.0
1110.298,87.0,90252.0,5067.0,59.0,415.787,7840396351.0
1110.397,88.0,90252.0,5067.0,59.0,421.415,7840441563.0
1110.498,88.0,90252.0,5067.0,59.0,420.652,7840483471.0
1110.598,86.0,90252.0,5067.0,59.0,423.152,7840524312.0
1110.698,86.0,90252.0,5067.0,59.0,414.468,7840560052.0
1110.798,89.0,90252.0,5067.0,59.0,414.806,7840605231.0
1110.898,89.0,90252.0,5067.0,59.0,413.901,7840638780.0
1110.997,89.0,90252.0,5067.0,59.0,424.712,7840689180.0
1111.098,89.0,90252.0,5067.0,59.0,419.357,7840727403.0
1111.198,87.0,90252.0,5067.0,59.0,416.146,7840812565.0
1111.298,87.0,90252.0,5067.0,59.0,416.146,7840812565.0
1111.398,88.0,90252.0,5067.0,59.0,414.205,7840856573.0
1111.498,88.0,90252.0,5067.0,59.0,410.768,7840935146.0
1111.598,85.0,90252.0,5067.0,58.0,407.801,7840969499.0
1111.698,87.0,90252.0,5067.0,58.0,400.966,7841003963.0
1111.798,87.0,90252.0,5067.0,58.0,413.948,7841051448.0
1111.898,86.0,90252.0,5067.0,58.0,406.032,7841091430.0
1111.997,86.0,90252.0,5067.0,58.0,399.101,7841123849.0
1112.098,86.0,90252.0,5067.0,58.0,389.053,7841160207.0
1112.198,86.0,90252.0,5067.0,58.0,385.42,7841195422.0
1112.298,83.0,90252.0,5067.0,58.0,371.281,7841225603.0
1112.398,83.0,90252.0,5067.0,58.0,360.108,7841251998.0
1112.498,84.0,90252.0,5067.0,58.0,351.569,7841283766.0
1112.598,84.0,90252.0,5067.0,58.0,351.569,7841320720.0
1112.698,84.0,90252.0,5067.0,58.0,351.058,7841320720.0
1112.798,84.0,90252.0,5067.0,57.0,360.462,7841363651.0
1112.898,84.0,90252.0,5067.0,57.0,349.635,7841399966.0
1112.997,83.0,90252.0,5067.0,57.0,348.05,7841438174.0
1113.098,83.0,90252.0,5067.0,57.0,357.599,7841479697.0
1113.198,83.0,90252.0,5067.0,57.0,355.413,7841516082.0
1113.298,83.0,90252.0,5067.0,57.0,363.985,7841558172.0
1113.398,83.0,90252.0,5067.0,57.0,370.294,7841594900.0
1113.498,82.0,90252.0,5067.0,57.0,384.001,7841666532.0
1113.598,82.0,90252.0,5067.0,57.0,384.001,7841666532.0
1113.698,82.0,90252.0,5067.0,57.0,378.611,7841700695.0
1113.798,82.0,90252.0,5067.0,57.0,369.486,7841735451.0
1113.898,82.0,90252.0,5067.0,57.0,369.908,7841809447.0
1113.998,81.0,90252.0,5067.0,57.0,369.832,7841844412.0
1114.097,79.0,90252.0,5067.0,56.0,358.868,7841879294.0
1114.198,79.0,90252.0,5067.0,56.0,357.502,7841917068.0
1114.297,78.0,90252.0,5067.0,56.0,352.393,7841949429.0
1114.398,78.0,90252.0,5067.0,56.0,350.079,7841978089.0
1114.497,79.0,90252.0,5067.0,56.0,341.037,7842009434.0
1114.598,79.0,90252.0,5067.0,56.0,344.156,7842042989.0
1114.697,79.0,90252.0,5067.0,56.0,340.897,7842075674.0
1114.798,79.0,90252.0,5067.0,55.0,338.806,7842109057.0
1114.898,78.0,90252.0,5067.0,55.0,326.482,7842138658.0
1114.998,78.0,90252.0,5067.0,55.0,320.219,7842164649.0
1115.098,78.0,90252.0,5067.0,55.0,320.219,7842206305.0
1115.198,79.0,90252.0,5067.0,55.0,324.783,7842206305.0
1115.297,79.0,90252.0,5067.0,55.0,319.101,7842237131.0
1115.398,79.0,90252.0,5067.0,55.0,312.719,7842262533.0
1115.498,79.0,90252.0,5067.0,55.0,312.657,7842293628.0
1115.598,77.0,90252.0,5067.0,55.0,313.853,7842354814.0
1115.698,77.0,90252.0,5067.0,55.0,313.853,7842354814.0
1115.798,79.0,90252.0,5067.0,55.0,313.23,7842392679.0
1115.898,79.0,90252.0,5067.0,55.0,310.302,7842418751.0
1115.998,71.0,90252.0,5067.0,54.0,307.503,7842444075.0
1116.098,71.0,90252.0,5067.0,54.0,306.186,7842475475.0
1116.198,0.0,90252.0,5067.0,52.0,278.178,7842488912.0
1116.298,0.0,90252.0,5067.0,51.0,260.828,7842502009.0
1116.398,0.0,90252.0,5067.0,51.0,247.323,7842514983.0
1116.498,0.0,90252.0,5067.0,50.0,231.762,7842555970.0
1116.598,54.0,90252.0,5067.0,50.0,262.689,7842618162.0
1116.698,100.0,90252.0,5067.0,57.0,306.17,7842686086.0
1116.798,100.0,90252.0,5067.0,62.0,343.12,7842754037.0
1116.898,100.0,90252.0,5067.0,63.0,386.107,7842823780.0
1116.998,100.0,90252.0,5067.0,63.0,386.107,7842891366.0
1117.098,100.0,90252.0,5067.0,65.0,429.485,7842891366.0
1117.198,93.0,90252.0,5067.0,63.0,483.776,7842957197.0
1117.298,93.0,90252.0,5067.0,66.0,538.538,7843025524.0
1117.398,100.0,90252.0,5067.0,66.0,593.584,7843093746.0
1117.498,100.0,90252.0,5067.0,67.0,650.192,7843162453.0
1117.598,100.0,90252.0,5067.0,67.0,678.723,7843230570.0
1117.698,100.0,90252.0,5067.0,67.0,683.796,7843297002.0
1117.798,100.0,90252.0,5067.0,68.0,681.577,7843366059.0
1117.898,100.0,90252.0,5067.0,68.0,683.571,7843435019.0
1117.998,100.0,90252.0,5067.0,69.0,683.661,7843503796.0
1118.098,100.0,90252.0,5067.0,68.0,683.271,7843571950.0
1118.197,88.0,90252.0,5067.0,68.0,679.958,7843637537.0
1118.298,88.0,90252.0,5067.0,68.0,679.915,7843773111.0
1118.398,100.0,90252.0,5067.0,69.0,681.645,7843840300.0
1118.498,100.0,90252.0,5067.0,69.0,679.381,7843910156.0
1118.598,100.0,90252.0,5067.0,69.0,679.765,7843978594.0
1118.698,100.0,90252.0,5067.0,70.0,677.41,7844040717.0
1118.798,92.0,90252.0,5067.0,69.0,676.427,7844108854.0
1118.898,92.0,90252.0,5067.0,69.0,674.855,7844179045.0
1118.998,100.0,90252.0,5067.0,70.0,675.534,7844249266.0
1119.098,100.0,90252.0,5067.0,70.0,679.094,7844317592.0
1119.198,100.0,90252.0,5067.0,70.0,683.667,7844383163.0
1119.298,86.0,90252.0,5067.0,67.0,653.622,7844433970.0
1119.398,86.0,90252.0,5067.0,67.0,653.622,7844433970.0
1119.498,86.0,90252.0,5067.0,65.0,629.748,7844473992.0
1119.598,88.0,90252.0,5067.0,63.0,600.659,7844511148.0
1119.698,88.0,90252.0,5067.0,63.0,573.172,7844556311.0
1119.798,88.0,90252.0,5067.0,62.0,545.984,7844593102.0
1119.898,88.0,90252.0,5067.0,62.0,514.538,7844624168.0
1119.998,88.0,90252.0,5067.0,62.0,487.155,7844671850.0
1120.097,88.0,90252.0,5067.0,61.0,459.445,7844711606.0
1120.198,88.0,90252.0,5067.0,61.0,429.541,7844751208.0
1120.298,88.0,90252.0,5067.0,61.0,397.335,7844786255.0
1120.398,86.0,90252.0,5067.0,61.0,395.217,7844830016.0
1120.498,86.0,90252.0,5067.0,61.0,396.037,7844872835.0
1120.598,88.0,90252.0,5067.0,60.0,398.063,7844956314.0
1120.698,88.0,90252.0,5067.0,60.0,397.465,7844993914.0
1120.798,88.0,90252.0,5067.0,60.0,409.337,7845076886.0
1120.898,88.0,90252.0,5067.0,60.0,409.337,7845076886.0
1120.997,88.0,90252.0,5067.0,60.0,404.407,7845118792.0
1121.097,87.0,90252.0,5067.0,60.0,407.148,7845154620.0
1121.197,87.0,90252.0,5067.0,60.0,407.148,7845197686.0
1121.297,87.0,90252.0,5067.0,60.0,411.739,7845197686.0
1121.398,87.0,90252.0,5067.0,60.0,398.396,7845228323.0
1121.498,87.0,90252.0,5067.0,60.0,394.464,7845265897.0
1121.598,89.0,90252.0,5067.0,60.0,391.542,7845345592.0
1121.698,89.0,90252.0,5067.0,60.0,391.542,7845345592.0
1121.798,89.0,90252.0,5067.0,60.0,386.315,7845378397.0
1121.898,89.0,90252.0,5067.0,60.0,386.819,7845420276.0
1121.998,87.0,90252.0,5067.0,60.0,389.414,7845463114.0
1122.098,87.0,90252.0,5067.0,60.0,390.045,7845509800.0
1122.198,89.0,90252.0,5067.0,59.0,391.63,7845546334.0
1122.298,89.0,90252.0,5067.0,60.0,391.495,7845587451.0
1122.398,87.0,90252.0,5067.0,60.0,397.966,7845624090.0
1122.498,87.0,90252.0,5067.0,60.0,400.818,7845669322.0
1122.598,89.0,90252.0,5067.0,59.0,400.773,7845750451.0
1122.698,89.0,90252.0,5067.0,60.0,405.554,7845793175.0
1122.797,89.0,90252.0,5067.0,60.0,407.37,7845833567.0
1122.898,89.0,90252.0,5067.0,59.0,409.732,7845875796.0
1122.998,90.0,90252.0,5067.0,59.0,412.061,7845915514.0
1123.098,90.0,90252.0,5067.0,60.0,402.903,7845955389.0
1123.198,90.0,90252.0,5067.0,59.0,406.321,7846034163.0
1123.297,90.0,90252.0,5067.0,59.0,406.321,7846034163.0
1123.398,88.0,90252.0,5067.0,60.0,408.159,7846077872.0
1123.498,88.0,90252.0,5067.0,60.0,405.153,7846112874.0
1123.598,90.0,90252.0,5067.0,60.0,406.331,7846158782.0
1123.698,90.0,90252.0,5067.0,60.0,406.331,7846196614.0
1123.798,88.0,90252.0,5067.0,60.0,412.946,7846241370.0
1123.898,88.0,90252.0,5067.0,59.0,407.248,7846241370.0
1123.998,90.0,90252.0,5067.0,60.0,404.145,7846277668.0
1124.097,90.0,90252.0,5067.0,60.0,414.106,7846324920.0
1124.198,90.0,90252.0,5067.0,59.0,408.601,7846366353.0
1124.298,90.0,90252.0,5067.0,59.0,409.326,7846399953.0
1124.398,88.0,90252.0,5067.0,60.0,418.126,7846449929.0
1124.498,88.0,90252.0,5067.0,59.0,422.608,7846495626.0
1124.598,90.0,90252.0,5067.0,60.0,432.69,7846544275.0
1124.698,87.0,90252.0,5067.0,60.0,429.659,7846629007.0
1124.798,87.0,90252.0,5067.0,60.0,429.659,7846629007.0
1124.898,87.0,90252.0,5067.0,59.0,428.551,7846670572.0
1124.998,90.0,90252.0,5067.0,59.0,426.902,7846709898.0
1125.098,90.0,90252.0,5067.0,59.0,420.9,7846747753.0
1125.211,89.0,90252.0,5067.0,59.0,418.769,7846866997.0
1125.298,89.0,90252.0,5067.0,59.0,418.769,7846866997.0
1125.398,88.0,90252.0,5067.0,59.0,413.475,7846905478.0
1125.498,88.0,90252.0,5067.0,59.0,404.722,7846942861.0
1125.598,89.0,90252.0,5067.0,59.0,391.246,7846979978.0
1125.698,89.0,90252.0,5067.0,59.0,386.131,7847017057.0
1125.798,86.0,90252.0,5067.0,59.0,384.625,7847053551.0
1125.898,86.0,90252.0,5067.0,59.0,384.799,7847093116.0
1125.997,87.0,90252.0,5067.0,59.0,381.75,7847133552.0
1126.097,87.0,90252.0,5067.0,59.0,384.581,7847175590.0
1126.198,87.0,90252.0,5067.0,59.0,384.581,7847217114.0
1126.298,88.0,90252.0,5067.0,59.0,398.245,7847258812.0
1126.398,88.0,90252.0,5067.0,59.0,389.472,7847258812.0
1126.498,88.0,90252.0,5067.0,59.0,392.219,7847297220.0
1126.598,87.0,90252.0,5067.0,59.0,393.388,7847336088.0
1126.697,87.0,90252.0,5067.0,59.0,394.448,7847373583.0
1126.798,86.0,90252.0,5067.0,59.0,396.895,7847409431.0
1126.898,86.0,90252.0,5067.0,58.0,394.683,7847447022.0
1126.997,86.0,90252.0,5067.0,59.0,395.037,7847483627.0
1127.097,86.0,90252.0,5067.0,59.0,389.089,7847521459.0
1127.198,86.0,90252.0,5067.0,58.0,388.24,7847558604.0
1127.297,86.0,90252.0,5067.0,58.0,379.188,7847596445.0
1127.398,86.0,90252.0,5067.0,59.0,379.12,7847634987.0
1127.497,86.0,90252.0,5067.0,58.0,380.306,7847671038.0
1127.598,87.0,90252.0,5067.0,59.0,384.831,7847756683.0
1127.698,87.0,90252.0,5067.0,58.0,382.663,7847794231.0
1127.797,85.0,90252.0,5067.0,58.0,383.016,7847824295.0
1127.898,86.0,90252.0,5067.0,58.0,376.945,7847897529.0
1127.998,86.0,90252.0,5067.0,58.0,376.945,7847897529.0
1128.097,86.0,90252.0,5067.0,58.0,376.573,7847939023.0
1128.199,86.0,90252.0,5067.0,58.0,378.491,7848015624.0
1128.298,86.0,90252.0,5067.0,58.0,378.491,7848015624.0
1128.398,84.0,90252.0,5067.0,58.0,376.692,7848040247.0
1128.498,84.0,90252.0,5067.0,58.0,364.296,7848078843.0
1128.597,84.0,90252.0,5067.0,58.0,363.695,7848116665.0
1128.698,84.0,90252.0,5067.0,58.0,363.695,7848157322.0
1128.798,84.0,90252.0,5067.0,58.0,361.566,7848157322.0
1128.897,84.0,90252.0,5067.0,57.0,358.472,7848185834.0
1128.998,82.0,90252.0,5067.0,57.0,367.277,7848227434.0
1129.098,82.0,90252.0,5067.0,57.0,357.501,7848255237.0
1129.198,84.0,90252.0,5067.0,57.0,350.364,7848297126.0
1129.298,84.0,90252.0,5067.0,57.0,357.123,7848363467.0
1129.398,84.0,90252.0,5067.0,57.0,357.123,7848363467.0
1129.498,84.0,90252.0,5067.0,57.0,362.776,7848401031.0
1129.598,83.0,90252.0,5067.0,57.0,358.299,7848437688.0
1129.698,84.0,90252.0,5067.0,57.0,355.063,7848503349.0
1129.798,84.0,90252.0,5067.0,57.0,357.778,7848544480.0
1129.900,84.0,90252.0,5067.0,57.0,348.345,7848574492.0
1129.998,84.0,90252.0,5067.0,57.0,357.766,7848652310.0
1130.098,82.0,90252.0,5067.0,57.0,360.594,7848686208.0
1130.198,82.0,90252.0,5067.0,57.0,360.594,7848686208.0
1130.298,82.0,90252.0,5067.0,57.0,362.708,7848716983.0
1130.398,83.0,90252.0,5067.0,57.0,354.533,7848753630.0
1130.498,83.0,90252.0,5067.0,57.0,350.947,7848793461.0
1130.597,82.0,90252.0,5067.0,57.0,359.345,7848835122.0
1130.698,79.0,90252.0,5067.0,56.0,361.998,7848903240.0
1130.798,79.0,90252.0,5067.0,56.0,361.998,7848903240.0
1130.898,79.0,90252.0,5067.0,56.0,358.323,7848940958.0
1130.998,79.0,90252.0,5067.0,56.0,369.544,7848974009.0
1131.098,79.0,90252.0,5067.0,56.0,358.999,7849002742.0
1131.199,79.0,90252.0,5067.0,56.0,348.123,7849035213.0
1131.298,78.0,90252.0,5067.0,56.0,350.244,7849073265.0
1131.398,78.0,90252.0,5067.0,56.0,349.576,7849106320.0
1131.498,78.0,90252.0,5067.0,56.0,349.576,7849106320.0
1131.598,79.0,90252.0,5067.0,55.0,333.723,7849135884.0
1131.698,79.0,90252.0,5067.0,55.0,328.327,7849163143.0
1131.798,79.0,90252.0,5067.0,55.0,335.278,7849202861.0
1131.898,79.0,90252.0,5067.0,55.0,336.403,7849238532.0
1131.998,79.0,90252.0,5067.0,55.0,338.074,7849276429.0
1132.097,79.0,90252.0,5067.0,54.0,334.379,7849310087.0
1132.198,69.0,90252.0,5067.0,53.0,329.717,7849336912.0
1132.298,0.0,90252.0,5067.0,51.0,285.908,7849382589.0
1132.398,0.0,90252.0,5067.0,51.0,285.908,7849382589.0
1132.497,0.0,90252.0,5067.0,51.0,265.314,7849395552.0
1132.598,0.0,90252.0,5067.0,54.0,244.558,7849448074.0
1132.698,0.0,90252.0,5067.0,54.0,244.558,7849448074.0
1132.797,72.0,90252.0,5067.0,59.0,261.654,7849512465.0
1132.898,72.0,90252.0,5067.0,61.0,297.506,7849582737.0
1132.998,100.0,90252.0,5067.0,63.0,324.264,7849650637.0
1133.098,100.0,90252.0,5067.0,63.0,369.454,7849719146.0
1133.198,100.0,90252.0,5067.0,65.0,407.481,7849719146.0
1133.298,100.0,90252.0,5067.0,64.0,460.973,7849787435.0
1133.398,95.0,90252.0,5067.0,66.0,516.294,7849850928.0
1133.498,95.0,90252.0,5067.0,66.0,572.402,7849920741.0
1133.598,100.0,90252.0,5067.0,67.0,628.498,7849988594.0
1133.698,100.0,90252.0,5067.0,68.0,667.776,7850057812.0
1133.798,100.0,90252.0,5067.0,64.0,676.755,7850124917.0
1133.898,100.0,90252.0,5067.0,67.0,676.36,7850188192.0
1133.998,100.0,90252.0,5067.0,68.0,675.559,7850258301.0
1134.098,100.0,90252.0,5067.0,68.0,674.641,7850326755.0
1134.198,100.0,90252.0,5067.0,68.0,676.899,7850395000.0
1134.298,100.0,90252.0,5067.0,69.0,680.748,7850526906.0
1134.398,89.0,90252.0,5067.0,69.0,676.236,7850594955.0
1134.498,89.0,90252.0,5067.0,69.0,675.964,7850663209.0
1134.598,100.0,90252.0,5067.0,69.0,676.737,7850733021.0
1134.697,100.0,90252.0,5067.0,70.0,675.122,7850799926.0
1134.798,100.0,90252.0,5067.0,69.0,678.951,7850864407.0
1134.898,100.0,90252.0,5067.0,69.0,673.722,7850931302.0
1134.997,100.0,90252.0,5067.0,69.0,672.703,7850996075.0
1135.098,100.0,90252.0,5067.0,69.0,660.682,7851124511.0
1135.198,100.0,90252.0,5067.0,69.0,660.682,7851124511.0
1135.298,100.0,90252.0,5067.0,69.0,653.097,7851180100.0
1135.400,93.0,90252.0,5067.0,66.0,628.217,7851218970.0
1135.499,93.0,90252.0,5067.0,64.0,601.524,7851260125.0
1135.600,87.0,90252.0,5067.0,63.0,572.825,7851292620.0
1135.700,87.0,90252.0,5067.0,63.0,541.858,7851332370.0
1135.800,86.0,90252.0,5067.0,62.0,510.412,7851372059.0
1135.900,87.0,90252.0,5067.0,61.0,471.593,7851415426.0
1136.001,87.0,90252.0,5067.0,61.0,455.395,7851461898.0
1136.099,86.0,90252.0,5067.0,61.0,430.565,7851503582.0
1136.201,86.0,90252.0,5067.0,61.0,409.302,7851543112.0
1136.298,86.0,90252.0,5067.0,61.0,409.302,7851543112.0
1136.397,87.0,90252.0,5067.0,61.0,410.539,7851584121.0
1136.498,87.0,90252.0,5067.0,61.0,417.114,7851627476.0
1136.598,88.0,90252.0,5067.0,60.0,425.62,7851718986.0
1136.698,88.0,90252.0,5067.0,60.0,425.62,7851718986.0
1136.798,88.0,90252.0,5067.0,60.0,425.62,7851764551.0
1136.898,87.0,90252.0,5067.0,60.0,430.129,7851841852.0
1136.998,89.0,90252.0,5067.0,60.0,428.386,7851841852.0
1137.098,89.0,90252.0,5067.0,60.0,428.386,7851841852.0
1137.197,89.0,90252.0,5067.0,60.0,430.517,7851841852.0
1137.298,89.0,90252.0,5067.0,60.0,427.569,7852056863.0
1137.398,89.0,90252.0,5067.0,60.0,427.569,7852056863.0
1137.498,89.0,90252.0,5067.0,60.0,423.962,7852098826.0
1137.598,88.0,90252.0,5067.0,60.0,414.016,7852132707.0
1137.699,88.0,90252.0,5067.0,60.0,408.117,7852212056.0
1137.799,88.0,90252.0,5067.0,59.0,410.162,7852249736.0
1137.898,88.0,90252.0,5067.0,59.0,410.162,7852249736.0
1137.998,89.0,90252.0,5067.0,60.0,402.735,7852290750.0
1138.099,86.0,90252.0,5067.0,60.0,399.298,7852377144.0
1138.198,86.0,90252.0,5067.0,59.0,398.236,7852413814.0
1138.299,88.0,90252.0,5067.0,59.0,395.055,7852451042.0
1138.399,88.0,90252.0,5067.0,60.0,397.708,7852497397.0
1138.498,87.0,90252.0,5067.0,59.0,408.682,7852497397.0
1138.600,87.0,90252.0,5067.0,60.0,409.611,7852546020.0
1138.699,89.0,90252.0,5067.0,59.0,420.684,7852587996.0
1138.798,89.0,90252.0,5067.0,60.0,427.439,7852629934.0
1138.898,89.0,90252.0,5067.0,60.0,427.439,7852629934.0
1138.998,89.0,90252.0,5067.0,59.0,427.175,7852677702.0
1139.098,89.0,90252.0,5067.0,60.0,417.721,7852712230.0
1139.198,87.0,90252.0,5067.0,59.0,413.222,7852749486.0
1139.298,87.0,90252.0,5067.0,59.0,413.572,7852788386.0
1139.398,89.0,90252.0,5067.0,60.0,421.208,7852872668.0
1139.497,89.0,90252.0,5067.0,60.0,421.208,7852872668.0
1139.598,87.0,90252.0,5067.0,60.0,406.362,7852908921.0
1139.698,87.0,90252.0,5067.0,59.0,405.893,7852952695.0
1139.798,90.0,90252.0,5067.0,59.0,400.922,7852988511.0
1139.897,90.0,90252.0,5067.0,60.0,388.566,7853066544.0
1139.997,90.0,90252.0,5067.0,59.0,392.012,7853104389.0
1140.098,90.0,90252.0,5067.0,60.0,390.949,7853141475.0
1140.198,90.0,90252.0,5067.0,59.0,388.347,7853180579.0
1140.298,90.0,90252.0,5067.0,59.0,389.275,7853221737.0
1140.398,90.0,90252.0,5067.0,59.0,391.09,7853263608.0
1140.498,90.0,90252.0,5067.0,59.0,386.655,7853303884.0
1140.598,87.0,90252.0,5067.0,59.0,394.873,7853343987.0
1140.698,87.0,90252.0,5067.0,59.0,392.678,7853387056.0
1140.798,89.0,90252.0,5067.0,59.0,396.314,7853424306.0
1140.898,89.0,90252.0,5067.0,59.0,398.154,7853464212.0
1140.998,89.0,90252.0,5067.0,59.0,398.154,7853507353.0
1141.098,89.0,90252.0,5067.0,59.0,396.825,7853507353.0
1141.198,89.0,90252.0,5067.0,59.0,403.807,7853549393.0
1141.298,89.0,90252.0,5067.0,59.0,410.589,7853593315.0
1141.398,89.0,90252.0,5067.0,59.0,417.567,7853636574.0
1141.498,89.0,90252.0,5067.0,59.0,413.06,7853671375.0
1141.598,89.0,90252.0,5067.0,59.0,404.234,7853710217.0
1141.698,86.0,90252.0,5067.0,59.0,406.352,7853750262.0
1141.798,88.0,90252.0,5067.0,59.0,398.035,7853786937.0
1141.898,88.0,90252.0,5067.0,59.0,394.889,7853821313.0
1141.998,86.0,90252.0,5067.0,59.0,399.02,7853861559.0
1142.098,86.0,90252.0,5067.0,59.0,390.313,7853900695.0
1142.198,88.0,90252.0,5067.0,59.0,386.078,7853935427.0
1142.298,88.0,90252.0,5067.0,59.0,383.2,7853975351.0
1142.397,88.0,90252.0,5067.0,59.0,385.143,7854052722.0
1142.497,88.0,90252.0,5067.0,59.0,379.398,7854088342.0
1142.598,87.0,90252.0,5067.0,59.0,385.804,7854129484.0
1142.698,87.0,90252.0,5067.0,59.0,384.694,7854174928.0
1142.798,88.0,90252.0,5067.0,59.0,388.389,7854207443.0
1142.898,88.0,90252.0,5067.0,59.0,390.566,7854246872.0
1142.998,87.0,90252.0,5067.0,58.0,381.909,7854282545.0
1143.097,87.0,90252.0,5067.0,59.0,386.545,7854323924.0
1143.198,87.0,90252.0,5067.0,59.0,389.77,7854359756.0
1143.298,87.0,90252.0,5067.0,59.0,382.055,7854396675.0
1143.398,86.0,90252.0,5067.0,58.0,371.278,7854429487.0
1143.497,86.0,90252.0,5067.0,58.0,371.278,7854429487.0
1143.598,86.0,90252.0,5067.0,59.0,378.538,7854463148.0
1143.697,84.0,90252.0,5067.0,58.0,371.735,7854502023.0
1143.797,84.0,90252.0,5067.0,58.0,372.613,7854542737.0
1143.897,86.0,90252.0,5067.0,58.0,373.833,7854583471.0
1143.997,86.0,90252.0,5067.0,58.0,369.991,7854618076.0
1144.097,86.0,90252.0,5067.0,58.0,378.433,7854660384.0
1144.198,84.0,90252.0,5067.0,58.0,369.825,7854702075.0
1144.298,84.0,90252.0,5067.0,58.0,368.546,7854737283.0
1144.398,85.0,90252.0,5067.0,58.0,371.273,7854765886.0
1144.497,85.0,90252.0,5067.0,58.0,376.931,7854805284.0
1144.598,85.0,90252.0,5067.0,58.0,378.715,7854849822.0
1144.698,85.0,90252.0,5067.0,58.0,366.356,7854876640.0
1144.797,84.0,90252.0,5067.0,58.0,362.987,7854908581.0
1144.898,84.0,90252.0,5067.0,58.0,351.508,7854974752.0
1144.997,84.0,90252.0,5067.0,57.0,357.784,7855015665.0
1145.097,84.0,90252.0,5067.0,58.0,346.077,7855038233.0
1145.197,81.0,90252.0,5067.0,57.0,334.551,7855067165.0
1145.298,81.0,90252.0,5067.0,57.0,326.042,7855091874.0
1145.398,83.0,90252.0,5067.0,57.0,315.401,7855115441.0
1145.498,83.0,90252.0,5067.0,57.0,311.897,7855151858.0
1145.597,83.0,90252.0,5067.0,57.0,309.39,7855188755.0
1145.698,83.0,90252.0,5067.0,57.0,320.045,7855222995.0
1145.797,81.0,90252.0,5067.0,57.0,318.246,7855262449.0
1145.897,81.0,90252.0,5067.0,57.0,332.786,7855302445.0
1145.998,81.0,90252.0,5067.0,57.0,332.786,7855330490.0
1146.098,79.0,90252.0,5067.0,56.0,318.663,7855362987.0
1146.197,79.0,90252.0,5067.0,56.0,318.663,7855362987.0
1146.298,78.0,90252.0,5067.0,56.0,329.28,7855399147.0
1146.397,78.0,90252.0,5067.0,56.0,335.431,7855430963.0
1146.499,77.0,90252.0,5067.0,56.0,346.821,7855499171.0
1146.597,77.0,90252.0,5067.0,56.0,346.821,7855499171.0
1146.698,78.0,90252.0,5067.0,55.0,347.184,7855532589.0
1146.798,78.0,90252.0,5067.0,55.0,319.973,7855591557.0
1146.897,78.0,90252.0,5067.0,55.0,319.973,7855591557.0
1146.997,77.0,90252.0,5067.0,55.0,324.191,7855623096.0
1147.098,77.0,90252.0,5067.0,55.0,321.832,7855655416.0
1147.197,77.0,90252.0,5067.0,55.0,315.106,7855683621.0
1147.298,77.0,90252.0,5067.0,55.0,316.828,7855747189.0
1147.398,74.0,90252.0,5067.0,55.0,312.171,7855778716.0
1147.497,74.0,90252.0,5067.0,55.0,309.413,7855809747.0
1147.597,74.0,90252.0,5067.0,54.0,305.036,7855835282.0
1147.698,74.0,90252.0,5067.0,54.0,303.344,7855865059.0
1147.797,75.0,90252.0,5067.0,54.0,300.208,7855894081.0
1147.897,75.0,90252.0,5067.0,54.0,301.175,7855924179.0
1147.997,74.0,90252.0,5067.0,54.0,294.98,7855949579.0
1148.097,74.0,90252.0,5067.0,54.0,292.086,7855976100.0
1148.197,72.0,90252.0,5067.0,54.0,290.818,7856003468.0
1148.298,72.0,90252.0,5067.0,53.0,282.456,7856026426.0
1148.397,72.0,90252.0,5067.0,53.0,282.456,7856026426.0
1148.498,20.0,90252.0,5067.0,51.0,263.31,7856039402.0
1148.598,20.0,90252.0,5067.0,51.0,246.5,7856052359.0
1148.697,0.0,90252.0,5067.0,50.0,231.141,7856065216.0
1148.798,0.0,90252.0,5067.0,50.0,214.93,7856078035.0
1148.897,8.0,90252.0,5067.0,54.0,224.207,7856121983.0
1148.997,8.0,90252.0,5067.0,60.0,263.09,7856190218.0
1149.098,100.0,90252.0,5067.0,61.0,299.898,7856257733.0
1149.198,100.0,90252.0,5067.0,63.0,382.458,7856326793.0
1149.298,100.0,90252.0,5067.0,64.0,427.367,7856394023.0
1149.397,93.0,90252.0,5067.0,65.0,473.404,7856458620.0
1149.498,93.0,90252.0,5067.0,66.0,528.215,7856526370.0
1149.598,100.0,90252.0,5067.0,67.0,583.137,7856595137.0
1149.698,100.0,90252.0,5067.0,67.0,646.855,7856732432.0
1149.798,100.0,90252.0,5067.0,68.0,681.361,7856800058.0
1149.898,100.0,90252.0,5067.0,67.0,674.97,7856862377.0
1149.998,100.0,90252.0,5067.0,68.0,676.098,7856930566.0
1150.097,100.0,90252.0,5067.0,68.0,675.006,7856999777.0
1150.197,100.0,90252.0,5067.0,69.0,677.077,7857068258.0
1150.298,100.0,90252.0,5067.0,69.0,676.707,7857136701.0
1150.398,100.0,90252.0,5067.0,67.0,677.58,7857202355.0
1150.497,100.0,90252.0,5067.0,69.0,678.678,7857271264.0
1150.598,100.0,90252.0,5067.0,69.0,678.678,7857338635.0
1150.698,100.0,90252.0,5067.0,69.0,676.259,7857338635.0
1150.798,100.0,90252.0,5067.0,69.0,677.508,7857407410.0
1150.898,100.0,90252.0,5067.0,69.0,677.989,7857476213.0
1150.998,100.0,90252.0,5067.0,69.0,676.131,7857530475.0
1151.097,86.0,90252.0,5067.0,64.0,647.265,7857570710.0
1151.198,86.0,90252.0,5067.0,63.0,608.59,7857599947.0
1151.298,82.0,90252.0,5067.0,62.0,585.107,7857643549.0
1151.398,82.0,90252.0,5067.0,61.0,556.102,7857682588.0
1151.498,83.0,90252.0,5067.0,61.0,525.882,7857719056.0
1151.598,83.0,90252.0,5067.0,60.0,463.021,7857757499.0
1151.698,83.0,90252.0,5067.0,60.0,433.776,7857788015.0
1151.798,83.0,90252.0,5067.0,59.0,395.917,7857830180.0
1151.898,83.0,90252.0,5067.0,59.0,367.319,7857862378.0
1151.998,83.0,90252.0,5067.0,59.0,370.106,7857936064.0
1152.097,83.0,90252.0,5067.0,59.0,370.419,7857973276.0
1152.197,82.0,90252.0,5067.0,59.0,365.425,7858010580.0
1152.298,82.0,90252.0,5067.0,59.0,364.42,7858045731.0
1152.398,84.0,90252.0,5067.0,59.0,373.284,7858090532.0
1152.498,84.0,90252.0,5067.0,59.0,370.6,7858127096.0
1152.601,84.0,90252.0,5067.0,58.0,368.579,7858197343.0
1152.698,84.0,90252.0,5067.0,58.0,368.579,7858197343.0
1152.798,83.0,90252.0,5067.0,58.0,372.362,7858234980.0
1152.898,83.0,90252.0,5067.0,58.0,373.589,7858270343.0
1152.997,84.0,90252.0,5067.0,58.0,367.296,7858304438.0
1153.097,84.0,90252.0,5067.0,58.0,367.296,7858304438.0
1153.198,84.0,90252.0,5067.0,58.0,376.188,7858345734.0
1153.298,82.0,90252.0,5067.0,58.0,371.435,7858376000.0
1153.398,82.0,90252.0,5067.0,58.0,369.796,7858416492.0
1153.498,84.0,90252.0,5067.0,58.0,358.223,7858450157.0
1153.597,84.0,90252.0,5067.0,58.0,360.034,7858483565.0
1153.698,84.0,90252.0,5067.0,58.0,367.212,7858524684.0
1153.798,84.0,90252.0,5067.0,58.0,364.322,7858563162.0
1153.897,82.0,90252.0,5067.0,58.0,365.383,7858597103.0
1153.997,82.0,90252.0,5067.0,58.0,361.163,7858631956.0
1154.097,84.0,90252.0,5067.0,58.0,361.453,7858664444.0
1154.198,82.0,90252.0,5067.0,58.0,362.453,7858703678.0
1154.298,82.0,90252.0,5067.0,58.0,364.654,7858741686.0
1154.398,84.0,90252.0,5067.0,58.0,374.752,7858859918.0
1154.497,84.0,90252.0,5067.0,58.0,374.752,7858859918.0
1154.597,84.0,90252.0,5067.0,58.0,373.748,7858898066.0
1154.698,84.0,90252.0,5067.0,58.0,377.479,7858937002.0
1154.798,83.0,90252.0,5067.0,58.0,375.227,7858971033.0
1154.897,83.0,90252.0,5067.0,58.0,384.394,7859011800.0
1154.998,84.0,90252.0,5067.0,58.0,388.905,7859051001.0
1155.098,84.0,90252.0,5067.0,58.0,388.313,7859086027.0
1155.198,83.0,90252.0,5067.0,58.0,389.238,7859169057.0
1155.298,83.0,90252.0,5067.0,58.0,389.238,7859169057.0
1155.398,85.0,90252.0,5067.0,58.0,377.447,7859200749.0
1155.497,85.0,90252.0,5067.0,58.0,378.795,7859234215.0
1155.600,84.0,90252.0,5067.0,58.0,374.503,7859270883.0
1155.708,84.0,90252.0,5067.0,58.0,370.812,7859310026.0
1155.798,84.0,90252.0,5067.0,58.0,370.812,7859310026.0
1155.898,83.0,90252.0,5067.0,58.0,373.325,7859384178.0
1155.998,83.0,90252.0,5067.0,58.0,373.325,7859384178.0
1156.098,84.0,90252.0,5067.0,58.0,370.158,7859421701.0
1156.198,84.0,90252.0,5067.0,58.0,370.926,7859459063.0
1156.298,83.0,90252.0,5067.0,58.0,374.408,7859496013.0
1156.397,83.0,90252.0,5067.0,58.0,366.364,7859529950.0
1156.497,84.0,90252.0,5067.0,58.0,367.686,7859566687.0
1156.597,84.0,90252.0,5067.0,58.0,370.402,7859604948.0
1156.697,84.0,90252.0,5067.0,58.0,372.335,7859642298.0
1156.797,85.0,90252.0,5067.0,58.0,364.238,7859680858.0
1156.897,85.0,90252.0,5067.0,58.0,364.35,7859710536.0
1156.997,84.0,90252.0,5067.0,58.0,360.345,7859782139.0
1157.097,84.0,90252.0,5067.0,58.0,361.503,7859818167.0
1157.197,83.0,90252.0,5067.0,58.0,359.348,7859853884.0
1157.298,83.0,90252.0,5067.0,58.0,359.477,7859890050.0
1157.397,85.0,90252.0,5067.0,58.0,362.029,7859927089.0
1157.497,85.0,90252.0,5067.0,58.0,362.132,7859966014.0
1157.598,84.0,90252.0,5067.0,57.0,362.032,7860005925.0
1157.697,84.0,90252.0,5067.0,58.0,361.067,7860042780.0
1157.798,84.0,90252.0,5067.0,58.0,362.19,7860080144.0
1157.897,84.0,90252.0,5067.0,58.0,367.689,7860117946.0
1157.998,84.0,90252.0,5067.0,57.0,361.517,7860146585.0
1158.097,84.0,90252.0,5067.0,58.0,368.392,7860190256.0
1158.198,84.0,90252.0,5067.0,58.0,368.392,7860190256.0
1158.297,81.0,90252.0,5067.0,58.0,367.584,7860220552.0
1158.398,81.0,90252.0,5067.0,57.0,357.492,7860247634.0
1158.498,83.0,90252.0,5067.0,57.0,345.068,7860273068.0
1158.597,83.0,90252.0,5067.0,57.0,341.548,7860307575.0
1158.697,82.0,90252.0,5067.0,57.0,332.988,7860336654.0
1158.798,82.0,90252.0,5067.0,57.0,332.478,7860369475.0
1158.898,81.0,90252.0,5067.0,57.0,321.041,7860397729.0
1158.997,81.0,90252.0,5067.0,57.0,310.91,7860423817.0
1159.097,82.0,90252.0,5067.0,57.0,312.722,7860458403.0
1159.197,82.0,90252.0,5067.0,57.0,307.734,7860493082.0
1159.297,82.0,90252.0,5067.0,57.0,304.429,7860528400.0
1159.398,82.0,90252.0,5067.0,57.0,322.151,7860570547.0
1159.497,82.0,90252.0,5067.0,57.0,343.008,7860608589.0
1159.598,83.0,90252.0,5067.0,57.0,350.46,7860686488.0
1159.698,83.0,90252.0,5067.0,57.0,352.115,7860724702.0
1159.797,81.0,90252.0,5067.0,57.0,365.704,7860762982.0
1159.897,81.0,90252.0,5067.0,57.0,374.482,7860798310.0
1159.998,80.0,90252.0,5067.0,57.0,377.468,7860837237.0
1160.098,80.0,90252.0,5067.0,57.0,373.047,7860863690.0
1160.198,79.0,90252.0,5067.0,56.0,365.482,7860892420.0
1160.298,79.0,90252.0,5067.0,56.0,356.411,7860924107.0
1160.397,77.0,90252.0,5067.0,56.0,345.874,7860952235.0
1160.497,77.0,90252.0,5067.0,56.0,339.683,7860985725.0
1160.598,78.0,90252.0,5067.0,56.0,329.014,7861015132.0
1160.698,78.0,90252.0,5067.0,56.0,329.014,7861048198.0
1160.798,78.0,90252.0,5067.0,56.0,325.408,7861048198.0
1160.898,78.0,90252.0,5067.0,56.0,313.509,7861075257.0
1160.997,78.0,90252.0,5067.0,55.0,307.536,7861102826.0
1161.098,77.0,90252.0,5067.0,55.0,295.437,7861131769.0
1161.197,77.0,90252.0,5067.0,55.0,295.297,7861159648.0
1161.297,78.0,90252.0,5067.0,55.0,294.52,7861184501.0
1161.398,78.0,90252.0,5067.0,55.0,290.253,7861216456.0
1161.498,77.0,90252.0,5067.0,55.0,292.303,7861244363.0
1161.598,77.0,90252.0,5067.0,55.0,285.811,7861271674.0
1161.698,74.0,90252.0,5067.0,55.0,284.98,7861299304.0
1161.798,74.0,90252.0,5067.0,55.0,286.051,7861331540.0
1161.897,76.0,90252.0,5067.0,55.0,282.619,7861356349.0
1161.998,76.0,90252.0,5067.0,55.0,278.195,7861382890.0
1162.098,75.0,90252.0,5067.0,55.0,281.306,7861440439.0
1162.197,75.0,90252.0,5067.0,54.0,288.636,7861473656.0
1162.298,75.0,90252.0,5067.0,54.0,292.625,7861507723.0
1162.398,75.0,90252.0,5067.0,54.0,283.905,7861527737.0
1162.498,75.0,90252.0,5067.0,54.0,287.958,7861558114.0
1162.597,75.0,90252.0,5067.0,54.0,288.234,7861587036.0
1162.698,75.0,90252.0,5067.0,54.0,283.921,7861614012.0
1162.798,74.0,90252.0,5067.0,54.0,289.735,7861644951.0
1162.898,74.0,90252.0,5067.0,54.0,289.593,7861672307.0
1162.997,74.0,90252.0,5067.0,54.0,285.55,7861699430.0
1163.098,74.0,90252.0,5067.0,54.0,289.386,7861730633.0
1163.198,75.0,90252.0,5067.0,54.0,290.982,7861765811.0
1163.298,75.0,90252.0,5067.0,54.0,290.982,7861792001.0
1163.398,75.0,90252.0,5067.0,54.0,283.057,7861792001.0
1163.497,74.0,90252.0,5067.0,54.0,291.892,7861821597.0
1163.597,74.0,90252.0,5067.0,54.0,287.666,7861847260.0
1163.697,74.0,90252.0,5067.0,54.0,284.869,7861872636.0
1163.798,74.0,90252.0,5067.0,53.0,285.215,7861899496.0
1163.898,70.0,90252.0,5067.0,53.0,272.868,7861918774.0
1163.997,70.0,90252.0,5067.0,51.0,260.979,7861931826.0
1164.097,0.0,90252.0,5067.0,51.0,244.692,7861944803.0
1164.198,0.0,90252.0,5067.0,50.0,227.106,7861957767.0
1164.298,0.0,90252.0,5067.0,50.0,205.425,7861970718.0
1164.398,0.0,90252.0,5067.0,50.0,191.978,7861983633.0
1164.497,0.0,90252.0,5067.0,49.0,175.767,7861996538.0
1164.597,0.0,90252.0,5067.0,49.0,162.372,7862009439.0
1164.697,0.0,90252.0,5067.0,49.0,149.046,7862035241.0
1164.798,0.0,90252.0,5067.0,49.0,129.506,7862048072.0
1164.898,0.0,90252.0,5067.0,49.0,129.074,7862060853.0
1164.997,0.0,90252.0,5067.0,49.0,128.931,7862073694.0
1165.097,0.0,90252.0,5067.0,48.0,128.812,7862086560.0
1165.197,0.0,90252.0,5067.0,48.0,128.675,7862099360.0
1165.298,0.0,90252.0,5067.0,48.0,128.584,7862112185.0
1165.398,0.0,90252.0,5067.0,48.0,128.481,7862124980.0
1165.498,0.0,90252.0,5067.0,48.0,128.383,7862137794.0
1165.598,0.0,90252.0,5067.0,48.0,128.309,7862150605.0
1165.698,0.0,90252.0,5067.0,48.0,128.243,7862163413.0
1165.797,0.0,90252.0,5067.0,48.0,128.202,7862176216.0
1165.898,0.0,90252.0,5067.0,48.0,128.175,7862189008.0
1165.997,0.0,90252.0,5067.0,48.0,128.128,7862201788.0
1166.097,0.0,90252.0,5067.0,48.0,128.034,7862214545.0
1166.198,0.0,90252.0,5067.0,48.0,128.034,7862227317.0
1166.297,0.0,90252.0,5067.0,48.0,127.991,7862227317.0
1166.397,0.0,90252.0,5067.0,48.0,127.946,7862240076.0
1166.498,0.0,90252.0,5067.0,48.0,127.938,7862252909.0
1166.597,0.0,90252.0,5067.0,48.0,127.911,7862265663.0
1166.697,0.0,90252.0,5067.0,48.0,127.844,7862278398.0
1166.798,0.0,90252.0,5067.0,48.0,127.793,7862291163.0
1166.897,0.0,90252.0,5067.0,48.0,127.741,7862303912.0
1166.998,0.0,90252.0,5067.0,48.0,127.703,7862316648.0
1167.098,0.0,90252.0,5067.0,48.0,127.685,7862329403.0
1167.198,0.0,90252.0,5067.0,48.0,127.596,7862354830.0
1167.297,0.0,90252.0,5067.0,48.0,127.596,7862354830.0
1167.398,0.0,90252.0,5067.0,48.0,127.578,7862367568.0
1167.497,0.0,90252.0,5067.0,47.0,127.517,7862380315.0
1167.598,0.0,90252.0,5067.0,47.0,127.502,7862393065.0
1167.697,0.0,90252.0,5067.0,47.0,127.5,7862405801.0
1167.798,0.0,90252.0,5067.0,47.0,127.481,7862418540.0
1167.897,0.0,90252.0,5067.0,47.0,127.442,7862443986.0
1167.997,0.0,90252.0,5067.0,47.0,127.412,7862456715.0
1168.098,0.0,90252.0,5067.0,47.0,127.415,7862469464.0
1168.197,0.0,90252.0,5067.0,47.0,127.416,7862482186.0
1168.297,0.0,90252.0,5067.0,47.0,127.473,7862494946.0
1168.398,0.0,90252.0,5067.0,47.0,127.438,7862507667.0
1168.497,0.0,90252.0,5067.0,47.0,127.446,7862520432.0
1168.598,0.0,90252.0,5067.0,47.0,127.367,7862545875.0
1168.698,0.0,90252.0,5067.0,47.0,127.367,7862545875.0
1168.797,0.0,90252.0,5067.0,47.0,127.354,7862558566.0
1168.898,0.0,90252.0,5067.0,47.0,127.344,7862571292.0
1168.997,0.0,90252.0,5067.0,47.0,127.382,7862584057.0
1169.098,0.0,90252.0,5067.0,47.0,127.39,7862596792.0
1169.198,0.0,90252.0,5067.0,47.0,127.39,7862609539.0
1169.298,0.0,90252.0,5067.0,47.0,127.396,7862609539.0
1169.397,0.0,90252.0,5067.0,47.0,127.338,7862622235.0
1169.497,0.0,90252.0,5067.0,47.0,127.337,7862634974.0
1169.598,0.0,90252.0,5067.0,47.0,127.322,7862647710.0
1169.940,0.0,90252.0,5067.0,47.0,127.425,7862698616.0
1169.942,0.0,90252.0,5067.0,47.0,127.425,7862698616.0
1170.042,0.0,90252.0,5067.0,47.0,127.387,7862711339.0
1170.143,0.0,90252.0,5067.0,47.0,127.355,7862724039.0
1170.243,0.0,90252.0,5067.0,47.0,127.353,7862736769.0
1170.343,0.0,90252.0,5067.0,47.0,127.351,7862749493.0
1170.443,0.0,90252.0,5067.0,47.0,127.324,7862762211.0
1170.542,0.0,90252.0,5067.0,47.0,127.347,7862774948.0
1170.642,0.0,90252.0,5067.0,47.0,127.351,7862787671.0
1170.743,0.0,90252.0,5067.0,47.0,127.343,7862800401.0
1170.843,0.0,90252.0,5067.0,47.0,127.307,7862813103.0
1170.943,0.0,90252.0,5067.0,47.0,127.295,7862838533.0
1171.042,0.0,90252.0,5067.0,47.0,127.278,7862851255.0
1171.143,0.0,90252.0,5067.0,47.0,127.205,7862863918.0
1171.243,0.0,90252.0,5067.0,47.0,127.178,7862876595.0
1171.342,0.0,90252.0,5067.0,47.0,127.178,7862889308.0
1171.443,0.0,90252.0,5067.0,47.0,127.157,7862902033.0
1171.542,0.0,90252.0,5067.0,47.0,127.111,7862914722.0
1171.642,0.0,90252.0,5067.0,47.0,127.093,7862927440.0
1171.743,0.0,90252.0,5067.0,47.0,127.103,7862940133.0
1171.842,0.0,90252.0,5067.0,47.0,127.056,7862952821.0
1171.942,0.0,90252.0,5067.0,47.0,127.049,7862965521.0
1172.042,0.0,90252.0,5067.0,47.0,127.044,7862978228.0
1172.143,0.0,90252.0,5067.0,47.0,127.101,7862990929.0
1172.242,0.0,90252.0,5067.0,47.0,127.113,7863003665.0
1172.343,0.0,90252.0,5067.0,47.0,127.113,7863016342.0
1172.443,0.0,90252.0,5067.0,47.0,127.084,7863016342.0
1172.542,0.0,90252.0,5067.0,47.0,127.048,7863029020.0
1172.643,0.0,90252.0,5067.0,47.0,127.094,7863041730.0
1172.743,0.0,90252.0,5067.0,47.0,127.052,7863054430.0
1172.843,0.0,90252.0,5067.0,47.0,127.05,7863067121.0
1172.943,0.0,90252.0,5067.0,47.0,127.068,7863079821.0
1173.042,0.0,90252.0,5067.0,47.0,127.067,7863092511.0
1173.143,0.0,90252.0,5067.0,47.0,127.06,7863105216.0
1173.243,0.0,90252.0,5067.0,47.0,127.056,7863117908.0
1173.342,0.0,90252.0,5067.0,47.0,127.034,7863130622.0
1173.443,0.0,90252.0,5067.0,47.0,127.026,7863143295.0
1173.542,0.0,90252.0,5067.0,47.0,127.037,7863155967.0
1173.643,0.0,90252.0,5067.0,47.0,127.007,7863168665.0
1173.743,0.0,90252.0,5067.0,47.0,127.021,7863181365.0
1173.842,0.0,90252.0,5067.0,47.0,127.03,7863194051.0
1173.942,0.0,90252.0,5067.0,47.0,127.017,7863219445.0
1174.043,0.0,90252.0,5067.0,47.0,127.03,7863232169.0
1174.143,0.0,90252.0,5067.0,47.0,127.048,7863244873.0
1174.243,0.0,90252.0,5067.0,47.0,127.061,7863257598.0
1174.343,0.0,90252.0,5067.0,47.0,127.058,7863270292.0
1174.442,0.0,90252.0,5067.0,47.0,127.083,7863282999.0
1174.542,0.0,90252.0,5067.0,47.0,127.092,7863295672.0
1174.643,0.0,90252.0,5067.0,47.0,127.071,7863308390.0
1174.742,0.0,90252.0,5067.0,47.0,127.093,7863321118.0
1174.843,0.0,90252.0,5067.0,47.0,127.114,7863333805.0
1174.943,0.0,90252.0,5067.0,47.0,127.119,7863346485.0
1175.042,0.0,90252.0,5067.0,47.0,127.093,7863359183.0
1175.143,0.0,90252.0,5067.0,47.0,127.036,7863371838.0
1175.243,0.0,90252.0,5067.0,47.0,127.012,7863384550.0
1175.342,0.0,90252.0,5067.0,47.0,127.021,7863397240.0
1175.443,0.0,90252.0,5067.0,47.0,127.047,7863397240.0
1175.543,0.0,90252.0,5067.0,47.0,127.011,7863409945.0
1175.642,0.0,90252.0,5067.0,47.0,127.061,7863422628.0
1175.743,0.0,90252.0,5067.0,47.0,127.028,7863435352.0
1175.842,0.0,90252.0,5067.0,47.0,127.042,7863448059.0
1175.942,0.0,90252.0,5067.0,47.0,127.021,7863460755.0
1176.042,0.0,90252.0,5067.0,47.0,127.023,7863473443.0
1176.143,0.0,90252.0,5067.0,47.0,127.036,7863486123.0
1176.242,0.0,90252.0,5067.0,47.0,127.109,7863498840.0
1176.342,0.0,90252.0,5067.0,47.0,127.06,7863511539.0
1176.443,0.0,90252.0,5067.0,47.0,127.067,7863524246.0
1176.542,0.0,90252.0,5067.0,47.0,127.073,7863536943.0
1176.643,0.0,90252.0,5067.0,47.0,127.037,7863549608.0
1176.743,0.0,90252.0,5067.0,47.0,126.949,7863562269.0
1176.842,0.0,90252.0,5067.0,47.0,126.957,7863574944.0
1176.942,0.0,90252.0,5067.0,47.0,126.956,7863587632.0
1177.043,0.0,90252.0,5067.0,47.0,126.95,7863600320.0
1177.143,0.0,90252.0,5067.0,47.0,126.946,7863625716.0
1177.243,0.0,90252.0,5067.0,47.0,126.953,7863638420.0
1177.343,0.0,90252.0,5067.0,47.0,126.97,7863651100.0
1177.443,0.0,90252.0,5067.0,47.0,126.961,7863663786.0
1177.543,0.0,90252.0,5067.0,47.0,126.966,7863676487.0
1177.643,0.0,90252.0,5067.0,47.0,127.002,7863689169.0
1177.742,0.0,90252.0,5067.0,47.0,126.991,7863701854.0
1177.842,0.0,90252.0,5067.0,47.0,127.002,7863714576.0
1177.942,0.0,90252.0,5067.0,47.0,127.013,7863727257.0
1178.042,0.0,90252.0,5067.0,47.0,127.012,7863739939.0
1178.143,0.0,90252.0,5067.0,47.0,127.006,7863752639.0
1178.243,0.0,90252.0,5067.0,47.0,126.989,7863765335.0
1178.343,0.0,90252.0,5067.0,47.0,126.98,7863778023.0
1178.442,0.0,90252.0,5067.0,47.0,127.001,7863790724.0
1178.543,0.0,90252.0,5067.0,47.0,127.001,7863803419.0
1178.643,0.0,90252.0,5067.0,47.0,127.026,7863803419.0
1178.743,0.0,90252.0,5067.0,47.0,127.021,7863816116.0
1178.843,0.0,90252.0,5067.0,47.0,127.011,7863828818.0
1178.943,0.0,90252.0,5067.0,47.0,127.024,7863841507.0
1179.042,0.0,90252.0,5067.0,47.0,127.048,7863854225.0
1179.142,0.0,90252.0,5067.0,47.0,127.031,7863866911.0
1179.243,0.0,90252.0,5067.0,47.0,127.017,7863879618.0
1179.343,0.0,90252.0,5067.0,47.0,127.008,7863892275.0
1179.442,0.0,90252.0,5067.0,47.0,127.004,7863904958.0
1179.542,0.0,90252.0,5067.0,47.0,126.976,7863917630.0
1179.642,0.0,90252.0,5067.0,47.0,126.973,7863930312.0
1179.742,0.0,90252.0,5067.0,47.0,126.976,7863942979.0
1179.842,0.0,90252.0,5067.0,47.0,126.978,7863955678.0
1179.942,0.0,90252.0,5067.0,47.0,126.941,7863968372.0
1180.042,0.0,90252.0,5067.0,47.0,126.908,7863981017.0
1180.143,0.0,90252.0,5067.0,47.0,126.911,7863993703.0
1180.243,0.0,90252.0,5067.0,47.0,126.903,7864019105.0
1180.342,0.0,90252.0,5067.0,47.0,126.936,7864031787.0
1180.442,0.0,90252.0,5067.0,47.0,126.927,7864044462.0
1180.542,0.0,90252.0,5067.0,47.0,126.947,7864057136.0
1180.642,0.0,90252.0,5067.0,47.0,126.931,7864069837.0
1180.743,0.0,90252.0,5067.0,47.0,126.88,7864082510.0
1180.842,0.0,90252.0,5067.0,47.0,126.888,7864095194.0
1180.942,0.0,90252.0,5067.0,47.0,126.883,7864107843.0
1181.042,0.0,90252.0,5067.0,47.0,126.907,7864120521.0
1181.143,0.0,90252.0,5067.0,47.0,126.915,7864133232.0
1181.243,0.0,90252.0,5067.0,47.0,126.876,7864145930.0
1181.343,0.0,90252.0,5067.0,47.0,126.853,7864158611.0
1181.442,0.0,90252.0,5067.0,47.0,126.829,7864171272.0
1181.543,0.0,90252.0,5067.0,47.0,126.869,7864183951.0
1181.643,0.0,90252.0,5067.0,47.0,126.838,7864183951.0
1181.742,0.0,90252.0,5067.0,47.0,126.823,7864196640.0
1181.842,0.0,90252.0,5067.0,47.0,126.842,7864209254.0
1181.943,0.0,90252.0,5067.0,47.0,126.852,7864221940.0
1182.042,0.0,90252.0,5067.0,47.0,126.848,7864234611.0
1182.142,0.0,90252.0,5067.0,47.0,126.806,7864247312.0
1182.242,0.0,90252.0,5067.0,47.0,126.818,7864259989.0
1182.343,0.0,90252.0,5067.0,47.0,126.827,7864272677.0
1182.443,0.0,90252.0,5067.0,47.0,126.849,7864285366.0
1182.543,0.0,90252.0,5067.0,47.0,126.821,7864298032.0
1182.643,0.0,90252.0,5067.0,47.0,126.857,7864310722.0
1182.742,0.0,90252.0,5067.0,47.0,126.908,7864323424.0
1182.843,0.0,90252.0,5067.0,47.0,126.91,7864336102.0
1182.942,0.0,90252.0,5067.0,47.0,126.918,7864348786.0
1183.042,0.0,90252.0,5067.0,47.0,126.907,7864361483.0
1183.142,0.0,90252.0,5067.0,47.0,126.942,7864374164.0
1183.242,0.0,90252.0,5067.0,47.0,126.926,7864399551.0
1183.343,0.0,90252.0,5067.0,47.0,126.904,7864412194.0
1183.443,0.0,90252.0,5067.0,47.0,126.939,7864424900.0
1183.543,0.0,90252.0,5067.0,47.0,126.96,7864437577.0
1183.643,0.0,90252.0,5067.0,47.0,126.963,7864450286.0
1183.743,0.0,90252.0,5067.0,47.0,126.926,7864462955.0
1183.843,0.0,90252.0,5067.0,47.0,126.932,7864475651.0
1183.943,0.0,90252.0,5067.0,47.0,126.957,7864488336.0
1184.043,0.0,90252.0,5067.0,47.0,126.907,7864501019.0
1184.143,0.0,90252.0,5067.0,47.0,126.877,7864513636.0
1184.243,0.0,90252.0,5067.0,47.0,126.868,7864526317.0
1184.343,0.0,90252.0,5067.0,47.0,126.897,7864538980.0
1184.443,0.0,90252.0,5067.0,47.0,126.89,7864551668.0
1184.542,0.0,90252.0,5067.0,47.0,126.84,7864564344.0
1184.643,0.0,90252.0,5067.0,47.0,126.843,7864577016.0
1184.743,0.0,90252.0,5067.0,47.0,126.842,7864589684.0
1184.842,0.0,90252.0,5067.0,47.0,126.842,7864589684.0
1184.942,0.0,90252.0,5067.0,47.0,126.816,7864602350.0
1185.043,0.0,90252.0,5067.0,47.0,126.779,7864615005.0
1185.142,0.0,90252.0,5067.0,47.0,126.798,7864627691.0
1185.242,0.0,90252.0,5067.0,47.0,126.866,7864640383.0
1185.343,0.0,90252.0,5067.0,47.0,126.85,7864653068.0
1185.443,0.0,90252.0,5067.0,47.0,126.875,7864665745.0
1185.543,0.0,90252.0,5067.0,47.0,126.827,7864678414.0
1185.643,0.0,90252.0,5067.0,47.0,126.828,7864691076.0
1185.742,0.0,90252.0,5067.0,47.0,126.799,7864703749.0
1185.842,0.0,90252.0,5067.0,47.0,126.794,7864716417.0
1185.951,0.0,90252.0,5067.0,47.0,126.803,7864729084.0
1186.043,0.0,90252.0,5067.0,47.0,126.864,7864741758.0
1186.143,0.0,90252.0,5067.0,47.0,126.825,7864754451.0
1186.243,0.0,90252.0,5067.0,47.0,126.782,7864767112.0
1186.343,0.0,90252.0,5067.0,47.0,126.79,7864779747.0
1186.442,0.0,90252.0,5067.0,47.0,126.772,7864792422.0
1186.542,0.0,90252.0,5067.0,47.0,126.76,7864817771.0
1186.642,0.0,90252.0,5067.0,47.0,126.791,7864830425.0
1186.742,0.0,90252.0,5067.0,47.0,126.763,7864843104.0
1186.843,0.0,90252.0,5067.0,47.0,126.806,7864855770.0
1186.943,0.0,90252.0,5067.0,47.0,126.795,7864868425.0
1187.042,0.0,90252.0,5067.0,47.0,126.722,7864881075.0
1187.143,0.0,90252.0,5067.0,47.0,126.754,7864893768.0
1187.243,0.0,90252.0,5067.0,47.0,126.801,7864906469.0
1187.343,0.0,90252.0,5067.0,47.0,126.793,7864919149.0
1187.449,0.0,90252.0,5067.0,47.0,126.835,7864931840.0
1187.543,0.0,90252.0,5067.0,47.0,126.786,7864944497.0
1187.643,0.0,90252.0,5067.0,47.0,126.805,7864957162.0
1187.743,0.0,90252.0,5067.0,47.0,126.809,7864969883.0
1187.842,0.0,90252.0,5067.0,47.0,126.801,7864982532.0
1187.942,0.0,90252.0,5067.0,47.0,126.83,7864995210.0
1188.042,0.0,90252.0,5067.0,47.0,126.83,7864995210.0
1188.143,0.0,90252.0,5067.0,47.0,126.813,7865007874.0
1188.243,0.0,90252.0,5067.0,47.0,126.783,7865020559.0
1188.342,0.0,90252.0,5067.0,47.0,126.775,7865033195.0
1188.442,0.0,90252.0,5067.0,47.0,126.788,7865045880.0
1188.542,0.0,90252.0,5067.0,47.0,126.768,7865058588.0
1188.642,0.0,90252.0,5067.0,47.0,126.813,7865071251.0
1188.743,0.0,90252.0,5067.0,47.0,126.808,7865083944.0
1188.843,0.0,90252.0,5067.0,47.0,126.792,7865096627.0
1188.942,0.0,90252.0,5067.0,47.0,126.817,7865109300.0
1189.042,0.0,90252.0,5067.0,47.0,126.785,7865121954.0
1189.142,0.0,90252.0,5067.0,47.0,126.799,7865134621.0
1189.242,0.0,90252.0,5067.0,47.0,126.802,7865147290.0
1189.342,0.0,90252.0,5067.0,47.0,126.809,7865159955.0
1189.442,0.0,90252.0,5067.0,47.0,126.806,7865172628.0
1189.542,0.0,90252.0,5067.0,47.0,126.839,7865185322.0
1189.642,0.0,90252.0,5067.0,47.0,126.803,7865210663.0
1189.742,0.0,90252.0,5067.0,47.0,126.794,7865223313.0
1189.843,0.0,90252.0,5067.0,47.0,126.77,7865236020.0
1189.942,0.0,90252.0,5067.0,47.0,126.803,7865248686.0
1190.042,0.0,90252.0,5067.0,47.0,126.818,7865261363.0
1190.142,0.0,90252.0,5067.0,47.0,126.848,7865274020.0
1190.243,0.0,90252.0,5067.0,47.0,126.855,7865286718.0
1190.343,0.0,90252.0,5067.0,47.0,126.869,7865299362.0
1190.442,0.0,90252.0,5067.0,47.0,126.834,7865312019.0
1190.543,0.0,90252.0,5067.0,47.0,126.779,7865324691.0
1190.642,0.0,90252.0,5067.0,47.0,126.786,7865337384.0
1190.742,0.0,90252.0,5067.0,47.0,126.819,7865350045.0
1190.842,0.0,90252.0,5067.0,47.0,126.833,7865362689.0
1190.942,0.0,90252.0,5067.0,47.0,126.762,7865375345.0
1191.042,0.0,90252.0,5067.0,47.0,126.797,7865388015.0
1191.143,0.0,90252.0,5067.0,47.0,126.767,7865400657.0
1191.242,0.0,90252.0,5067.0,47.0,126.764,7865400657.0
1191.343,0.0,90252.0,5067.0,47.0,126.761,7865413369.0
1191.442,0.0,90252.0,5067.0,47.0,126.776,7865426014.0
1191.542,0.0,90252.0,5067.0,47.0,126.79,7865438676.0
1191.642,0.0,90252.0,5067.0,47.0,126.802,7865451355.0
1191.742,0.0,90252.0,5067.0,47.0,126.774,7865464035.0
1191.842,0.0,90252.0,5067.0,47.0,126.771,7865476683.0
1191.943,0.0,90252.0,5067.0,47.0,126.775,7865489341.0
1192.043,0.0,90252.0,5067.0,47.0,126.756,7865502023.0
1192.142,0.0,90252.0,5067.0,47.0,126.744,7865514673.0
1192.242,0.0,90252.0,5067.0,47.0,126.763,7865527347.0
1192.343,0.0,90252.0,5067.0,47.0,126.763,7865540034.0
1192.442,0.0,90252.0,5067.0,47.0,126.797,7865552727.0
1192.542,0.0,90252.0,5067.0,47.0,126.774,7865565388.0
1192.643,0.0,90252.0,5067.0,47.0,126.793,7865578069.0
1192.743,0.0,90252.0,5067.0,47.0,126.816,7865590768.0
1192.842,0.0,90252.0,5067.0,47.0,126.793,7865616046.0
1192.942,0.0,90252.0,5067.0,47.0,126.764,7865628699.0
1193.042,0.0,90252.0,5067.0,47.0,126.742,7865641366.0
1193.142,0.0,90252.0,5067.0,47.0,126.781,7865654042.0
1193.242,0.0,90252.0,5067.0,47.0,126.78,7865666706.0
1193.342,0.0,90252.0,5067.0,47.0,126.718,7865679392.0
1193.443,0.0,90252.0,5067.0,47.0,126.71,7865692080.0
1193.542,0.0,90252.0,5067.0,47.0,126.742,7865704732.0
1193.642,0.0,90252.0,5067.0,47.0,126.635,7865717369.0
1193.743,0.0,90252.0,5067.0,47.0,126.699,7865730033.0
1193.842,0.0,90252.0,5067.0,47.0,126.714,7865742713.0
1193.942,0.0,90252.0,5067.0,47.0,126.749,7865755376.0
1194.042,0.0,90252.0,5067.0,47.0,126.742,7865768064.0
1194.143,0.0,90252.0,5067.0,47.0,126.729,7865780729.0
1194.242,0.0,90252.0,5067.0,47.0,126.759,7865793376.0
1194.342,0.0,90252.0,5067.0,47.0,126.759,7865793376.0
1194.442,0.0,90252.0,5067.0,47.0,126.725,7865806028.0
1194.542,0.0,90252.0,5067.0,47.0,126.723,7865818701.0
1194.643,0.0,90252.0,5067.0,47.0,126.73,7865831350.0
1194.742,0.0,90252.0,5067.0,47.0,126.776,7865844034.0
1194.842,0.0,90252.0,5067.0,47.0,126.764,7865856720.0
1194.942,0.0,90252.0,5067.0,47.0,126.741,7865869385.0
1195.043,0.0,90252.0,5067.0,47.0,126.733,7865882039.0
1195.142,0.0,90252.0,5067.0,47.0,126.734,7865894714.0
1195.243,0.0,90252.0,5067.0,47.0,126.773,7865907389.0
1195.342,0.0,90252.0,5067.0,47.0,126.791,7865920114.0
1195.443,0.0,90252.0,5067.0,47.0,126.772,7865932757.0
1195.542,0.0,90252.0,5067.0,47.0,126.787,7865945430.0
1195.642,0.0,90252.0,5067.0,47.0,126.781,7865958067.0
1195.742,0.0,90252.0,5067.0,47.0,126.797,7865970762.0
1195.842,0.0,90252.0,5067.0,47.0,126.753,7865996086.0
1195.942,0.0,90252.0,5067.0,47.0,126.773,7866008759.0
1196.043,0.0,90252.0,5067.0,47.0,126.798,7866021430.0
1196.143,0.0,90252.0,5067.0,47.0,126.798,7866034078.0
1196.243,0.0,90252.0,5067.0,47.0,126.795,7866046753.0
1196.343,0.0,90252.0,5067.0,47.0,126.755,7866059413.0
1196.443,0.0,90252.0,5067.0,47.0,126.773,7866072083.0
1196.543,0.0,90252.0,5067.0,47.0,126.746,7866084735.0
1196.642,0.0,90252.0,5067.0,47.0,126.77,7866097405.0
1196.742,0.0,90252.0,5067.0,47.0,126.719,7866110056.0
1196.843,0.0,90252.0,5067.0,47.0,126.744,7866122727.0
1196.943,0.0,90252.0,5067.0,47.0,126.732,7866135379.0
1197.043,0.0,90252.0,5067.0,47.0,126.727,7866148062.0
1197.143,0.0,90252.0,5067.0,47.0,126.736,7866160715.0
1197.243,0.0,90252.0,5067.0,47.0,126.741,7866173396.0
1197.342,0.0,90252.0,5067.0,47.0,126.75,7866186047.0
1197.442,0.0,90252.0,5067.0,47.0,126.742,7866186047.0
1197.542,0.0,90252.0,5067.0,47.0,126.709,7866198716.0
1197.642,0.0,90252.0,5067.0,47.0,126.72,7866211358.0
1197.742,0.0,90252.0,5067.0,47.0,126.741,7866224039.0
1197.843,0.0,90252.0,5067.0,47.0,126.683,7866236672.0
1197.942,0.0,90252.0,5067.0,47.0,126.716,7866249328.0
1198.042,0.0,90252.0,5067.0,47.0,126.701,7866261996.0
1198.143,0.0,90252.0,5067.0,47.0,126.609,7866274625.0
1198.242,0.0,90252.0,5067.0,47.0,126.607,7866287241.0
1198.342,0.0,90252.0,5067.0,47.0,126.639,7866299938.0
1198.442,0.0,90252.0,5067.0,47.0,126.646,7866312599.0
1198.542,0.0,90252.0,5067.0,47.0,126.662,7866325260.0
1198.642,0.0,90252.0,5067.0,47.0,126.633,7866337911.0
1198.742,0.0,90252.0,5067.0,47.0,126.647,7866350586.0
1198.842,0.0,90252.0,5067.0,47.0,126.672,7866363252.0
1198.942,0.0,90252.0,5067.0,47.0,126.673,7866375929.0
1199.042,0.0,90252.0,5067.0,47.0,126.647,7866401268.0
1199.142,0.0,90252.0,5067.0,47.0,126.724,7866413898.0
1199.243,0.0,90252.0,5067.0,47.0,126.698,7866426553.0
1199.343,0.0,90252.0,5067.0,47.0,126.669,7866439219.0
1199.442,0.0,90252.0,5067.0,47.0,126.629,7866451867.0
1199.542,0.0,90252.0,5067.0,47.0,126.631,7866464493.0
1199.643,0.0,90252.0,5067.0,47.0,126.632,7866477171.0
1199.742,0.0,90252.0,5067.0,47.0,126.632,7866489828.0
1199.843,0.0,90252.0,5067.0,47.0,126.618,7866502507.0
1199.942,0.0,90252.0,5067.0,47.0,126.623,7866515175.0
1200.043,0.0,90252.0,5067.0,47.0,126.627,7866527863.0
1200.143,0.0,90252.0,5067.0,47.0,126.659,7866540516.0
1200.242,0.0,90252.0,5067.0,47.0,126.64,7866553156.0
1200.342,0.0,90252.0,5067.0,47.0,126.631,7866565801.0
1200.442,0.0,90252.0,5067.0,47.0,126.63,7866578442.0
1200.542,0.0,90252.0,5067.0,47.0,126.645,7866578442.0
1200.642,0.0,90252.0,5067.0,47.0,126.678,7866591112.0
1200.742,0.0,90252.0,5067.0,47.0,126.672,7866603797.0
1200.842,0.0,90252.0,5067.0,47.0,126.698,7866616466.0
1200.942,0.0,90252.0,5067.0,47.0,126.72,7866629166.0
1201.043,0.0,90252.0,5067.0,47.0,126.693,7866641840.0
1201.143,0.0,90252.0,5067.0,47.0,126.642,7866654473.0
1201.242,0.0,90252.0,5067.0,47.0,126.651,7866667109.0
1201.342,0.0,90252.0,5067.0,47.0,126.681,7866679765.0
1201.442,0.0,90252.0,5067.0,47.0,126.712,7866692428.0
1201.542,0.0,90252.0,5067.0,47.0,126.701,7866705098.0
1201.642,0.0,90252.0,5067.0,47.0,126.69,7866717747.0
1201.742,0.0,90252.0,5067.0,47.0,126.663,7866730394.0
1201.842,0.0,90252.0,5067.0,47.0,126.66,7866743053.0
1201.942,0.0,90252.0,5067.0,47.0,126.626,7866755709.0
1202.043,0.0,90252.0,5067.0,47.0,126.664,7866768389.0
1202.142,0.0,90252.0,5067.0,47.0,126.694,7866781049.0
1202.242,0.0,90252.0,5067.0,47.0,126.76,7866806434.0
1202.342,0.0,90252.0,5067.0,47.0,126.734,7866819078.0
1202.442,0.0,90252.0,5067.0,47.0,126.726,7866831747.0
1202.542,0.0,90252.0,5067.0,47.0,126.724,7866844394.0
1202.642,0.0,90252.0,5067.0,47.0,126.724,7866857081.0
1202.742,0.0,90252.0,5067.0,47.0,139.194,7866901297.0
1202.843,81.0,90252.0,5067.0,51.0,184.459,7866970283.0
1202.943,100.0,90252.0,5067.0,56.0,295.578,7867037635.0
1203.043,100.0,90252.0,5067.0,56.0,295.578,7867107088.0
1203.143,100.0,90252.0,5067.0,62.0,350.299,7867107088.0
1203.243,100.0,90252.0,5067.0,62.0,401.626,7867175855.0
1203.343,100.0,90252.0,5067.0,63.0,444.764,7867237827.0
1203.442,100.0,90252.0,5067.0,64.0,508.37,7867304882.0
1203.543,100.0,90252.0,5067.0,65.0,563.834,7867372844.0
1203.642,100.0,90252.0,5067.0,65.0,619.808,7867442390.0
1203.742,100.0,90252.0,5067.0,65.0,663.306,7867510253.0
1203.843,94.0,90252.0,5067.0,66.0,671.246,7867579458.0
1203.942,94.0,90252.0,5067.0,66.0,673.399,7867644088.0
1204.043,100.0,90252.0,5067.0,67.0,670.712,7867712973.0
1204.143,100.0,90252.0,5067.0,67.0,672.612,7867781990.0
1204.243,100.0,90252.0,5067.0,67.0,671.655,7867918869.0
1204.343,100.0,90252.0,5067.0,66.0,677.865,7867981753.0
1204.442,90.0,90252.0,5067.0,67.0,675.858,7868048751.0
1204.542,90.0,90252.0,5067.0,67.0,676.322,7868117968.0
1204.642,100.0,90252.0,5067.0,68.0,672.461,7868185476.0
1204.743,100.0,90252.0,5067.0,68.0,674.475,7868254589.0
1204.842,100.0,90252.0,5067.0,68.0,679.061,7868318959.0
1204.943,100.0,90252.0,5067.0,68.0,679.061,7868386417.0
1205.042,100.0,90252.0,5067.0,68.0,672.687,7868456719.0
1205.142,100.0,90252.0,5067.0,69.0,674.056,7868456719.0
1205.242,100.0,90252.0,5067.0,69.0,672.446,7868525897.0
1205.342,100.0,90252.0,5067.0,69.0,680.223,7868594686.0
1205.442,90.0,90252.0,5067.0,64.0,658.658,7868655942.0
1205.543,90.0,90252.0,5067.0,63.0,628.692,7868695868.0
1205.643,87.0,90252.0,5067.0,62.0,605.703,7868735739.0
1205.742,87.0,90252.0,5067.0,62.0,574.852,7868774804.0
1205.842,85.0,90252.0,5067.0,61.0,550.666,7868814413.0
1205.942,85.0,90252.0,5067.0,61.0,527.108,7868852422.0
1206.042,87.0,90252.0,5067.0,61.0,497.151,7868892148.0
1206.143,87.0,90252.0,5067.0,60.0,456.812,7868930088.0
1206.242,87.0,90252.0,5067.0,60.0,430.96,7868967666.0
1206.342,87.0,90252.0,5067.0,60.0,398.459,7869038101.0
1206.443,86.0,90252.0,5067.0,60.0,383.527,7869073634.0
1206.542,86.0,90252.0,5067.0,59.0,381.417,7869109973.0
1206.642,88.0,90252.0,5067.0,60.0,372.524,7869150134.0
1206.743,88.0,90252.0,5067.0,59.0,376.086,7869190870.0
1206.842,86.0,90252.0,5067.0,60.0,377.547,7869224563.0
1206.942,86.0,90252.0,5067.0,59.0,370.015,7869259223.0
1207.042,88.0,90252.0,5067.0,59.0,369.556,7869309783.0
1207.143,88.0,90252.0,5067.0,59.0,383.649,7869347957.0
1207.242,88.0,90252.0,5067.0,59.0,387.293,7869393102.0
1207.342,88.0,90252.0,5067.0,59.0,389.29,7869427075.0
1207.442,88.0,90252.0,5067.0,59.0,389.29,7869427075.0
1207.542,88.0,90252.0,5067.0,59.0,396.025,7869469046.0
1207.643,88.0,90252.0,5067.0,59.0,397.769,7869507602.0
1207.742,88.0,90252.0,5067.0,59.0,393.169,7869545524.0
1207.842,86.0,90252.0,5067.0,59.0,390.604,7869582356.0
1207.942,86.0,90252.0,5067.0,59.0,405.31,7869625842.0
1208.042,89.0,90252.0,5067.0,59.0,413.435,7869673498.0
1208.142,89.0,90252.0,5067.0,59.0,398.93,7869712334.0
1208.242,87.0,90252.0,5067.0,59.0,397.752,7869744502.0
1208.342,87.0,90252.0,5067.0,59.0,388.678,7869778783.0
1208.443,88.0,90252.0,5067.0,59.0,385.529,7869810505.0
1208.542,88.0,90252.0,5067.0,59.0,384.488,7869852446.0
1208.643,88.0,90252.0,5067.0,59.0,384.653,7869890903.0
1208.743,88.0,90252.0,5067.0,59.0,384.164,7869968442.0
1208.842,88.0,90252.0,5067.0,59.0,384.567,7870004022.0
1208.942,88.0,90252.0,5067.0,59.0,379.119,7870045950.0
1209.042,88.0,90252.0,5067.0,59.0,371.404,7870084552.0
1209.143,88.0,90252.0,5067.0,59.0,375.315,7870124686.0
1209.242,87.0,90252.0,5067.0,59.0,382.098,7870166143.0
1209.343,87.0,90252.0,5067.0,59.0,385.645,7870205838.0
1209.443,89.0,90252.0,5067.0,59.0,396.102,7870246897.0
1209.543,89.0,90252.0,5067.0,59.0,393.659,7870288790.0
1209.643,87.0,90252.0,5067.0,59.0,394.15,7870322652.0
1209.742,87.0,90252.0,5067.0,59.0,392.394,7870361924.0
1209.842,87.0,90252.0,5067.0,59.0,392.394,7870400786.0
1209.942,89.0,90252.0,5067.0,59.0,396.067,7870400786.0
1210.042,89.0,90252.0,5067.0,59.0,390.421,7870437577.0
1210.143,89.0,90252.0,5067.0,59.0,394.613,7870477827.0
1210.243,89.0,90252.0,5067.0,59.0,391.869,7870516177.0
1210.342,89.0,90252.0,5067.0,59.0,399.486,7870557985.0
1210.442,89.0,90252.0,5067.0,59.0,396.16,7870601170.0
1210.542,89.0,90252.0,5067.0,59.0,393.858,7870639275.0
1210.642,88.0,90252.0,5067.0,59.0,390.256,7870675054.0
1210.742,88.0,90252.0,5067.0,59.0,393.088,7870712498.0
1210.842,89.0,90252.0,5067.0,59.0,398.793,7870755443.0
1210.943,89.0,90252.0,5067.0,59.0,395.183,7870794920.0
1211.042,87.0,90252.0,5067.0,59.0,404.821,7870879557.0
1211.143,87.0,90252.0,5067.0,59.0,400.969,7870916334.0
1211.242,89.0,90252.0,5067.0,59.0,403.19,7870955868.0
1211.342,89.0,90252.0,5067.0,59.0,396.466,7870994011.0
1211.442,88.0,90252.0,5067.0,59.0,395.01,7871035698.0
1211.543,88.0,90252.0,5067.0,59.0,401.019,7871075767.0
1211.643,89.0,90252.0,5067.0,59.0,397.88,7871110941.0
1211.743,89.0,90252.0,5067.0,59.0,397.386,7871146432.0
1211.843,89.0,90252.0,5067.0,59.0,389.551,7871187622.0
1211.943,89.0,90252.0,5067.0,59.0,389.825,7871221536.0
1212.042,87.0,90252.0,5067.0,59.0,381.038,7871265055.0
1212.143,87.0,90252.0,5067.0,58.0,384.593,7871301707.0
1212.243,87.0,90252.0,5067.0,59.0,384.264,7871339412.0
1212.343,87.0,90252.0,5067.0,59.0,388.068,7871339412.0
1212.443,85.0,90252.0,5067.0,59.0,380.659,7871380551.0
1212.542,85.0,90252.0,5067.0,58.0,376.667,7871414972.0
1212.643,87.0,90252.0,5067.0,59.0,378.662,7871454464.0
1212.742,87.0,90252.0,5067.0,58.0,382.106,7871491669.0
1212.842,87.0,90252.0,5067.0,58.0,382.356,7871531218.0
1212.942,87.0,90252.0,5067.0,58.0,383.892,7871570437.0
1213.043,87.0,90252.0,5067.0,59.0,385.694,7871607279.0
1213.143,87.0,90252.0,5067.0,58.0,383.876,7871645954.0
1213.242,87.0,90252.0,5067.0,58.0,386.845,7871685981.0
1213.343,87.0,90252.0,5067.0,58.0,383.166,7871725028.0
1213.443,85.0,90252.0,5067.0,58.0,391.261,7871765193.0
1213.543,85.0,90252.0,5067.0,58.0,393.398,7871844034.0
1213.643,85.0,90252.0,5067.0,58.0,389.964,7871877174.0
1213.743,85.0,90252.0,5067.0,58.0,386.258,7871915313.0
1213.842,84.0,90252.0,5067.0,58.0,375.742,7871941034.0
1213.943,84.0,90252.0,5067.0,58.0,376.664,7871977322.0
1214.042,86.0,90252.0,5067.0,58.0,370.808,7872013599.0
1214.143,86.0,90252.0,5067.0,58.0,360.91,7872046419.0
1214.243,86.0,90252.0,5067.0,58.0,361.64,7872089461.0
1214.342,86.0,90252.0,5067.0,58.0,357.847,7872119083.0
1214.442,84.0,90252.0,5067.0,58.0,353.075,7872157876.0
1214.542,84.0,90252.0,5067.0,58.0,346.412,7872192736.0
1214.642,84.0,90252.0,5067.0,58.0,346.412,7872226551.0
1214.742,85.0,90252.0,5067.0,58.0,350.345,7872226551.0
1214.842,85.0,90252.0,5067.0,58.0,348.392,7872263729.0
1214.942,85.0,90252.0,5067.0,57.0,361.128,7872304943.0
1215.042,85.0,90252.0,5067.0,57.0,362.511,7872343067.0
1215.142,84.0,90252.0,5067.0,58.0,368.874,7872380301.0
1215.243,84.0,90252.0,5067.0,57.0,376.377,7872427149.0
1215.342,83.0,90252.0,5067.0,57.0,372.189,7872452238.0
1215.442,83.0,90252.0,5067.0,57.0,369.206,7872491179.0
1215.543,81.0,90252.0,5067.0,57.0,375.107,7872527902.0
1215.642,81.0,90252.0,5067.0,57.0,371.954,7872607289.0
1215.742,83.0,90252.0,5067.0,57.0,374.837,7872647376.0
1215.842,83.0,90252.0,5067.0,57.0,386.032,7872687335.0
1215.942,82.0,90252.0,5067.0,57.0,387.878,7872729833.0
1216.042,82.0,90252.0,5067.0,57.0,385.278,7872766264.0
1216.151,79.0,90252.0,5067.0,57.0,384.705,7872803284.0
1216.243,79.0,90252.0,5067.0,56.0,385.877,7872836452.0
1216.343,78.0,90252.0,5067.0,56.0,380.061,7872860731.0
1216.443,78.0,90252.0,5067.0,56.0,377.807,7872891795.0
1216.542,78.0,90252.0,5067.0,55.0,360.098,7872925202.0
1216.643,78.0,90252.0,5067.0,55.0,366.285,7872952979.0
1216.743,77.0,90252.0,5067.0,55.0,353.191,7872984824.0
1216.843,77.0,90252.0,5067.0,55.0,340.977,7872984824.0
1216.942,75.0,90252.0,5067.0,55.0,334.738,7873015773.0
1217.042,75.0,90252.0,5067.0,55.0,324.865,7873046625.0
1217.142,75.0,90252.0,5067.0,55.0,310.722,7873075737.0
1217.242,74.0,90252.0,5067.0,55.0,297.421,7873106287.0
1217.343,74.0,90252.0,5067.0,55.0,305.169,7873132789.0
1217.442,75.0,90252.0,5067.0,54.0,304.816,7873165839.0
1217.543,75.0,90252.0,5067.0,54.0,296.896,7873192124.0
1217.642,75.0,90252.0,5067.0,54.0,296.233,7873219187.0
1217.742,75.0,90252.0,5067.0,54.0,295.34,7873246768.0
1217.843,73.0,90252.0,5067.0,54.0,289.305,7873277522.0
1217.942,73.0,90252.0,5067.0,54.0,288.671,7873305633.0
1218.042,75.0,90252.0,5067.0,54.0,296.537,7873336981.0
1218.143,75.0,90252.0,5067.0,54.0,292.364,7873400216.0
1218.242,73.0,90252.0,5067.0,53.0,296.513,7873426109.0
1218.342,73.0,90252.0,5067.0,53.0,282.772,7873444589.0
1218.442,32.0,90252.0,5067.0,51.0,270.643,7873457579.0
1218.543,32.0,90252.0,5067.0,51.0,257.006,7873470457.0
1218.642,0.0,90252.0,5067.0,50.0,240.398,7873483314.0
1218.742,0.0,90252.0,5067.0,50.0,226.422,7873496107.0
1218.843,0.0,90252.0,5067.0,50.0,209.473,7873508920.0
1218.943,0.0,90252.0,5067.0,49.0,193.211,7873521693.0
1219.043,0.0,90252.0,5067.0,49.0,174.07,7873534429.0
1219.143,0.0,90252.0,5067.0,49.0,155.429,7873547176.0
1219.243,0.0,90252.0,5067.0,49.0,139.294,7873559930.0
1219.343,0.0,90252.0,5067.0,49.0,129.748,7873572643.0
1219.443,0.0,90252.0,5067.0,49.0,129.748,7873593701.0
1219.543,0.0,90252.0,5067.0,49.0,127.972,7873593701.0
1219.643,0.0,90252.0,5067.0,52.0,156.081,7873646134.0
1219.743,81.0,90252.0,5067.0,59.0,215.804,7873717178.0
1219.842,100.0,90252.0,5067.0,61.0,326.397,7873784393.0
1219.942,100.0,90252.0,5067.0,63.0,381.552,7873853922.0
1220.042,100.0,90252.0,5067.0,64.0,435.554,7873923130.0
1220.142,100.0,90252.0,5067.0,65.0,488.536,7873985781.0
1220.243,100.0,90252.0,5067.0,65.0,543.826,7874055371.0
1220.342,100.0,90252.0,5067.0,66.0,600.237,7874121997.0
1220.442,100.0,90252.0,5067.0,67.0,654.986,7874260221.0
1220.542,100.0,90252.0,5067.0,67.0,683.712,7874325758.0
1220.642,90.0,90252.0,5067.0,67.0,677.954,7874393829.0
1220.742,90.0,90252.0,5067.0,68.0,677.064,7874460476.0
1220.842,100.0,90252.0,5067.0,67.0,677.952,7874530104.0
1220.942,100.0,90252.0,5067.0,68.0,677.269,7874598693.0
1221.042,100.0,90252.0,5067.0,68.0,675.656,7874666844.0
1221.143,100.0,90252.0,5067.0,68.0,675.902,7874729346.0
1221.242,100.0,90252.0,5067.0,68.0,675.902,7874798339.0
1221.343,100.0,90252.0,5067.0,68.0,677.681,7874798339.0
1221.442,100.0,90252.0,5067.0,69.0,674.589,7874865946.0
1221.543,100.0,90252.0,5067.0,69.0,675.701,7874933328.0
1221.643,100.0,90252.0,5067.0,69.0,675.008,7875003558.0
1221.743,100.0,90252.0,5067.0,68.0,674.522,7875067328.0
1221.843,100.0,90252.0,5067.0,69.0,674.474,7875136453.0
1221.943,100.0,90252.0,5067.0,69.0,652.262,7875204532.0
1222.042,86.0,90252.0,5067.0,64.0,628.584,7875246467.0
1222.143,86.0,90252.0,5067.0,63.0,603.051,7875282812.0
1222.242,86.0,90252.0,5067.0,62.0,573.4,7875323605.0
1222.343,86.0,90252.0,5067.0,62.0,547.785,7875361173.0
1222.442,86.0,90252.0,5067.0,61.0,516.878,7875436180.0
1222.542,86.0,90252.0,5067.0,61.0,486.968,7875473926.0
1222.642,85.0,90252.0,5067.0,61.0,459.799,7875511128.0
1222.743,85.0,90252.0,5067.0,60.0,431.098,7875554013.0
1222.843,86.0,90252.0,5067.0,60.0,400.288,7875593066.0
1222.942,86.0,90252.0,5067.0,60.0,386.406,7875632178.0
1223.043,87.0,90252.0,5067.0,60.0,388.74,7875672940.0
1223.142,87.0,90252.0,5067.0,60.0,384.573,7875707071.0
1223.242,87.0,90252.0,5067.0,60.0,387.323,7875744969.0
1223.342,87.0,90252.0,5067.0,60.0,382.296,7875784458.0
1223.443,87.0,90252.0,5067.0,59.0,381.15,7875823640.0
1223.543,87.0,90252.0,5067.0,59.0,381.15,7875861414.0
1223.642,87.0,90252.0,5067.0,59.0,388.062,7875861414.0
1223.742,85.0,90252.0,5067.0,59.0,385.733,7875898972.0
1223.842,85.0,90252.0,5067.0,59.0,387.536,7875938745.0
1223.943,87.0,90252.0,5067.0,59.0,384.462,7875977693.0
1224.043,87.0,90252.0,5067.0,59.0,386.993,7876020988.0
1224.142,86.0,90252.0,5067.0,59.0,389.663,7876060075.0
1224.242,87.0,90252.0,5067.0,59.0,396.666,7876097915.0
1224.342,87.0,90252.0,5067.0,59.0,389.268,7876136692.0
1224.442,87.0,90252.0,5067.0,59.0,390.569,7876172131.0
1224.542,87.0,90252.0,5067.0,59.0,392.066,7876213060.0
1224.642,86.0,90252.0,5067.0,59.0,391.732,7876253798.0
1224.743,86.0,90252.0,5067.0,59.0,391.112,7876287484.0
1224.842,87.0,90252.0,5067.0,59.0,392.866,7876372478.0
1224.942,87.0,90252.0,5067.0,59.0,394.846,7876409291.0
1225.043,85.0,90252.0,5067.0,59.0,383.502,7876444419.0
1225.143,85.0,90252.0,5067.0,59.0,390.033,7876485838.0
1225.242,88.0,90252.0,5067.0,59.0,382.205,7876521396.0
1225.343,88.0,90252.0,5067.0,59.0,387.264,7876559426.0
1225.442,86.0,90252.0,5067.0,59.0,392.309,7876602037.0
1225.543,86.0,90252.0,5067.0,59.0,387.747,7876638601.0
1225.643,88.0,90252.0,5067.0,59.0,385.65,7876673412.0
1225.742,88.0,90252.0,5067.0,59.0,384.935,7876712430.0
1225.842,88.0,90252.0,5067.0,59.0,379.823,7876751626.0
1225.943,88.0,90252.0,5067.0,59.0,379.823,7876791488.0
1226.043,88.0,90252.0,5067.0,59.0,379.202,7876791488.0
1226.142,87.0,90252.0,5067.0,59.0,382.861,7876826753.0
1226.243,87.0,90252.0,5067.0,59.0,383.28,7876867589.0
1226.343,89.0,90252.0,5067.0,59.0,388.352,7876909639.0
1226.443,89.0,90252.0,5067.0,59.0,390.632,7876946651.0
1226.542,86.0,90252.0,5067.0,59.0,383.527,7876986047.0
1226.643,86.0,90252.0,5067.0,59.0,384.462,7877027431.0
1226.743,88.0,90252.0,5067.0,59.0,393.612,7877067910.0
1226.843,87.0,90252.0,5067.0,59.0,397.877,7877108922.0
1226.943,87.0,90252.0,5067.0,59.0,399.499,7877149066.0
1227.043,87.0,90252.0,5067.0,59.0,402.389,7877191707.0
1227.142,87.0,90252.0,5067.0,59.0,404.558,7877231167.0
1227.243,87.0,90252.0,5067.0,59.0,398.315,7877269939.0
1227.342,87.0,90252.0,5067.0,59.0,402.168,7877348743.0
1227.442,85.0,90252.0,5067.0,59.0,405.408,7877389165.0
1227.543,85.0,90252.0,5067.0,59.0,403.157,7877427841.0
1227.642,87.0,90252.0,5067.0,59.0,402.358,7877468614.0
1227.743,87.0,90252.0,5067.0,59.0,403.395,7877509774.0
1227.842,85.0,90252.0,5067.0,59.0,405.821,7877556072.0
1227.943,85.0,90252.0,5067.0,59.0,402.748,7877593051.0
1228.043,87.0,90252.0,5067.0,59.0,406.441,7877635254.0
1228.143,87.0,90252.0,5067.0,59.0,404.602,7877675514.0
1228.242,86.0,90252.0,5067.0,58.0,403.208,7877712128.0
1228.343,86.0,90252.0,5067.0,58.0,403.208,7877749368.0
1228.442,86.0,90252.0,5067.0,59.0,399.778,7877786323.0
1228.543,86.0,90252.0,5067.0,59.0,398.872,7877786323.0
1228.643,86.0,90252.0,5067.0,59.0,398.979,7877825873.0
1228.743,86.0,90252.0,5067.0,58.0,393.944,7877861882.0
1228.842,86.0,90252.0,5067.0,58.0,390.305,7877899546.0
1228.943,85.0,90252.0,5067.0,59.0,383.894,7877938518.0
1229.043,85.0,90252.0,5067.0,58.0,379.639,7877972914.0
1229.143,87.0,90252.0,5067.0,58.0,376.696,7878010493.0
1229.243,87.0,90252.0,5067.0,58.0,370.105,7878047629.0
1229.343,84.0,90252.0,5067.0,58.0,371.565,7878085220.0
1229.443,85.0,90252.0,5067.0,58.0,366.635,7878116997.0
1229.543,85.0,90252.0,5067.0,58.0,364.544,7878153666.0
1229.642,85.0,90252.0,5067.0,58.0,363.78,7878191074.0
1229.742,85.0,90252.0,5067.0,58.0,361.792,7878261889.0
1229.843,84.0,90252.0,5067.0,58.0,354.115,7878294319.0
1229.942,84.0,90252.0,5067.0,58.0,364.622,7878337113.0
1230.043,85.0,90252.0,5067.0,58.0,363.295,7878373133.0
1230.143,85.0,90252.0,5067.0,58.0,365.147,7878411829.0
1230.243,84.0,90252.0,5067.0,58.0,364.634,7878447423.0
1230.342,84.0,90252.0,5067.0,58.0,370.314,7878490628.0
1230.442,85.0,90252.0,5067.0,58.0,373.139,7878528520.0
1230.543,85.0,90252.0,5067.0,58.0,376.83,7878567236.0
1230.643,85.0,90252.0,5067.0,58.0,376.239,7878606410.0
1230.743,85.0,90252.0,5067.0,58.0,383.54,7878643547.0
1230.842,83.0,90252.0,5067.0,58.0,386.53,7878678824.0
1230.943,83.0,90252.0,5067.0,58.0,377.9,7878715533.0
1231.042,83.0,90252.0,5067.0,58.0,383.5,7878715533.0
1231.143,83.0,90252.0,5067.0,58.0,388.806,7878758347.0
1231.242,82.0,90252.0,5067.0,57.0,380.696,7878800029.0
1231.342,82.0,90252.0,5067.0,57.0,379.72,7878827199.0
1231.443,83.0,90252.0,5067.0,57.0,372.435,7878866397.0
1231.542,83.0,90252.0,5067.0,57.0,356.458,7878896415.0
1231.642,83.0,90252.0,5067.0,57.0,350.496,7878926301.0
1231.742,83.0,90252.0,5067.0,57.0,335.135,7878950716.0
1231.842,83.0,90252.0,5067.0,57.0,335.135,7878979237.0
1231.943,81.0,90252.0,5067.0,57.0,337.527,7879014740.0
1232.043,82.0,90252.0,5067.0,57.0,335.357,7879053955.0
1232.143,82.0,90252.0,5067.0,57.0,335.357,7879087788.0
1232.242,82.0,90252.0,5067.0,57.0,320.629,7879116638.0
1232.343,81.0,90252.0,5067.0,57.0,320.275,7879173370.0
1232.442,81.0,90252.0,5067.0,56.0,307.659,7879206735.0
1232.542,77.0,90252.0,5067.0,56.0,309.747,7879245270.0
1232.643,77.0,90252.0,5067.0,56.0,318.66,7879286758.0
1232.743,78.0,90252.0,5067.0,56.0,333.05,7879324830.0
1232.843,78.0,90252.0,5067.0,56.0,344.36,7879358798.0
1232.943,78.0,90252.0,5067.0,56.0,343.99,7879391260.0
1233.043,78.0,90252.0,5067.0,55.0,337.67,7879425215.0
1233.143,78.0,90252.0,5067.0,55.0,334.53,7879452727.0
1233.243,78.0,90252.0,5067.0,55.0,336.777,7879486417.0
1233.342,78.0,90252.0,5067.0,55.0,336.785,7879513822.0
1233.443,78.0,90252.0,5067.0,55.0,342.708,7879547953.0
1233.543,78.0,90252.0,5067.0,55.0,341.398,7879578324.0
1233.643,78.0,90252.0,5067.0,55.0,335.599,7879578324.0
1233.743,76.0,90252.0,5067.0,55.0,325.961,7879611632.0
1233.843,76.0,90252.0,5067.0,55.0,312.683,7879638145.0
1233.943,75.0,90252.0,5067.0,55.0,304.652,7879664556.0
1234.043,75.0,90252.0,5067.0,55.0,303.066,7879692844.0
1234.143,75.0,90252.0,5067.0,54.0,302.457,7879725991.0
1234.243,75.0,90252.0,5067.0,54.0,303.149,7879755991.0
1234.343,74.0,90252.0,5067.0,54.0,296.465,7879781883.0
1234.443,74.0,90252.0,5067.0,54.0,297.925,7879811270.0
1234.542,72.0,90252.0,5067.0,54.0,295.035,7879838359.0
1234.642,72.0,90252.0,5067.0,54.0,287.854,7879865873.0
1234.743,73.0,90252.0,5067.0,54.0,287.68,7879897311.0
1234.842,73.0,90252.0,5067.0,54.0,285.352,7879945462.0
1234.942,71.0,90252.0,5067.0,53.0,279.257,7879960673.0
1235.042,71.0,90252.0,5067.0,52.0,268.155,7879973770.0
1235.143,0.0,90252.0,5067.0,51.0,248.777,7879986845.0
1235.243,0.0,90252.0,5067.0,51.0,230.059,7879999887.0
1235.343,0.0,90252.0,5067.0,50.0,219.95,7880012916.0
1235.443,0.0,90252.0,5067.0,50.0,201.78,7880049716.0
1235.543,0.0,90252.0,5067.0,54.0,210.311,7880116174.0
1235.643,0.0,90252.0,5067.0,58.0,244.003,7880184721.0
1235.743,100.0,90252.0,5067.0,61.0,282.292,7880253600.0
1235.843,100.0,90252.0,5067.0,62.0,324.567,7880322644.0
1235.942,100.0,90252.0,5067.0,64.0,371.937,7880322644.0
1236.042,100.0,90252.0,5067.0,64.0,423.382,7880391896.0
1236.142,93.0,90252.0,5067.0,65.0,473.893,7880455719.0
1236.243,93.0,90252.0,5067.0,65.0,529.067,7880524230.0
1236.343,100.0,90252.0,5067.0,66.0,585.364,7880593921.0
1236.443,100.0,90252.0,5067.0,67.0,630.528,7880662542.0
1236.543,100.0,90252.0,5067.0,67.0,671.759,7880732076.0
1236.643,100.0,90252.0,5067.0,66.0,675.263,7880792987.0
1236.743,90.0,90252.0,5067.0,68.0,675.233,7880861486.0
1236.842,90.0,90252.0,5067.0,68.0,674.788,7880930897.0
1236.943,100.0,90252.0,5067.0,69.0,673.147,7880999762.0
1237.043,100.0,90252.0,5067.0,68.0,673.365,7881066931.0
1237.143,100.0,90252.0,5067.0,69.0,674.855,7881198424.0
1237.243,100.0,90252.0,5067.0,69.0,671.382,7881265622.0
1237.343,100.0,90252.0,5067.0,69.0,672.646,7881334097.0
1237.443,100.0,90252.0,5067.0,69.0,670.789,7881402582.0
1237.542,100.0,90252.0,5067.0,70.0,679.51,7881467226.0
1237.643,88.0,90252.0,5067.0,69.0,674.804,7881534229.0
1237.742,88.0,90252.0,5067.0,69.0,674.66,7881603922.0
1237.843,100.0,90252.0,5067.0,70.0,675.883,7881672025.0
1237.942,100.0,90252.0,5067.0,70.0,675.542,7881740298.0
1238.042,100.0,90252.0,5067.0,70.0,680.314,7881809690.0
1238.143,100.0,90252.0,5067.0,70.0,680.314,7881855611.0
1238.243,100.0,90252.0,5067.0,66.0,662.116,7881855611.0
1238.343,88.0,90252.0,5067.0,64.0,634.319,7881892430.0
1238.443,88.0,90252.0,5067.0,64.0,604.055,7881929512.0
1238.543,86.0,90252.0,5067.0,63.0,571.701,7881962226.0
1238.643,86.0,90252.0,5067.0,62.0,538.503,7882000035.0
1238.743,87.0,90252.0,5067.0,62.0,518.359,7882043125.0
1238.843,87.0,90252.0,5067.0,62.0,484.402,7882077233.0
1238.943,86.0,90252.0,5067.0,61.0,459.559,7882121466.0
1239.043,86.0,90252.0,5067.0,61.0,427.729,7882162912.0
1239.143,88.0,90252.0,5067.0,61.0,409.865,7882212420.0
1239.243,88.0,90252.0,5067.0,61.0,392.242,7882246599.0
1239.342,88.0,90252.0,5067.0,60.0,384.031,7882279476.0
1239.442,87.0,90252.0,5067.0,60.0,387.678,7882351196.0
1239.543,87.0,90252.0,5067.0,60.0,395.117,7882399554.0
1239.643,88.0,90252.0,5067.0,60.0,393.386,7882439800.0
1239.742,88.0,90252.0,5067.0,60.0,393.834,7882477600.0
1239.843,86.0,90252.0,5067.0,60.0,388.616,7882513916.0
1239.943,86.0,90252.0,5067.0,60.0,380.283,7882548470.0
1240.043,88.0,90252.0,5067.0,60.0,373.144,7882588223.0
1240.143,88.0,90252.0,5067.0,60.0,379.628,7882629467.0
1240.242,88.0,90252.0,5067.0,60.0,388.004,7882669987.0
1240.343,88.0,90252.0,5067.0,60.0,387.742,7882709636.0
1240.442,87.0,90252.0,5067.0,60.0,399.145,7882752475.0
1240.542,87.0,90252.0,5067.0,60.0,388.46,7882752475.0
1240.643,89.0,90252.0,5067.0,60.0,386.753,7882788472.0
1240.743,89.0,90252.0,5067.0,60.0,395.381,7882822958.0
1240.842,89.0,90252.0,5067.0,60.0,395.381,7882872777.0
1240.942,87.0,90252.0,5067.0,60.0,396.678,7882907579.0
1241.043,87.0,90252.0,5067.0,59.0,390.303,7882939295.0
1241.143,88.0,90252.0,5067.0,60.0,394.04,7882980949.0
1241.243,88.0,90252.0,5067.0,60.0,392.764,7883019408.0
1241.343,86.0,90252.0,5067.0,60.0,382.623,7883051796.0
1241.442,86.0,90252.0,5067.0,59.0,386.973,7883095133.0
1241.542,89.0,90252.0,5067.0,60.0,384.531,7883133767.0
1241.643,89.0,90252.0,5067.0,59.0,383.032,7883173553.0
1241.742,89.0,90252.0,5067.0,59.0,389.008,7883214714.0
1241.842,89.0,90252.0,5067.0,59.0,383.31,7883291926.0
1241.942,88.0,90252.0,5067.0,60.0,384.192,7883335911.0
1242.042,88.0,90252.0,5067.0,59.0,396.279,7883379682.0
1242.143,89.0,90252.0,5067.0,59.0,399.545,7883413989.0
1242.242,89.0,90252.0,5067.0,59.0,394.986,7883456717.0
1242.342,87.0,90252.0,5067.0,59.0,404.321,7883492210.0
1242.442,87.0,90252.0,5067.0,59.0,398.656,7883532449.0
1242.543,89.0,90252.0,5067.0,59.0,400.323,7883575545.0
1242.642,89.0,90252.0,5067.0,59.0,405.506,7883611381.0
1242.743,87.0,90252.0,5067.0,59.0,398.033,7883652519.0
1242.842,87.0,90252.0,5067.0,59.0,401.348,7883691943.0
1242.942,89.0,90252.0,5067.0,59.0,400.259,7883691943.0
1243.042,89.0,90252.0,5067.0,59.0,394.658,7883728154.0
1243.143,89.0,90252.0,5067.0,59.0,396.352,7883771713.0
1243.242,89.0,90252.0,5067.0,59.0,403.768,7883815546.0
1243.343,86.0,90252.0,5067.0,59.0,400.91,7883855128.0
1243.442,86.0,90252.0,5067.0,59.0,402.817,7883892879.0
1243.542,88.0,90252.0,5067.0,59.0,397.737,7883928383.0
1243.642,88.0,90252.0,5067.0,59.0,397.269,7883970287.0
1243.742,85.0,90252.0,5067.0,59.0,398.445,7884009248.0
1243.842,85.0,90252.0,5067.0,59.0,397.811,7884049135.0
1243.942,87.0,90252.0,5067.0,59.0,399.063,7884089752.0
1244.042,87.0,90252.0,5067.0,59.0,402.702,7884130700.0
1244.142,87.0,90252.0,5067.0,59.0,392.294,7884165336.0
1244.242,87.0,90252.0,5067.0,59.0,389.86,7884246348.0
1244.343,87.0,90252.0,5067.0,59.0,392.109,7884284891.0
1244.443,87.0,90252.0,5067.0,59.0,387.688,7884318519.0
1244.543,87.0,90252.0,5067.0,59.0,384.798,7884355659.0
1244.643,86.0,90252.0,5067.0,59.0,386.124,7884395079.0
1244.743,86.0,90252.0,5067.0,58.0,386.042,7884433412.0
1244.842,86.0,90252.0,5067.0,59.0,381.262,7884469403.0
1244.942,86.0,90252.0,5067.0,58.0,379.549,7884507744.0
1245.042,85.0,90252.0,5067.0,59.0,375.308,7884540770.0
1245.143,85.0,90252.0,5067.0,58.0,376.633,7884579789.0
1245.242,85.0,90252.0,5067.0,58.0,376.633,7884617832.0
1245.342,84.0,90252.0,5067.0,58.0,373.479,7884617832.0
1245.442,84.0,90252.0,5067.0,58.0,362.835,7884647893.0
1245.543,86.0,90252.0,5067.0,58.0,374.06,7884690189.0
1245.642,86.0,90252.0,5067.0,58.0,368.287,7884722822.0
1245.742,84.0,90252.0,5067.0,59.0,364.449,7884759387.0
1245.842,84.0,90252.0,5067.0,58.0,365.402,7884797986.0
1245.943,86.0,90252.0,5067.0,58.0,367.284,7884835646.0
1246.042,86.0,90252.0,5067.0,58.0,366.404,7884871447.0
1246.143,85.0,90252.0,5067.0,58.0,369.398,7884911063.0
1246.242,85.0,90252.0,5067.0,58.0,368.833,7884947945.0
1246.353,84.0,90252.0,5067.0,58.0,369.427,7884984341.0
1246.442,84.0,90252.0,5067.0,58.0,372.435,7885018200.0
1246.543,86.0,90252.0,5067.0,58.0,368.432,7885057570.0
1246.643,86.0,90252.0,5067.0,58.0,366.619,7885121563.0
1246.743,84.0,90252.0,5067.0,58.0,363.466,7885152236.0
1246.843,85.0,90252.0,5067.0,58.0,354.769,7885187919.0
1246.943,85.0,90252.0,5067.0,58.0,357.205,7885226738.0
1247.042,83.0,90252.0,5067.0,58.0,356.641,7885266237.0
1247.143,83.0,90252.0,5067.0,58.0,358.153,7885307421.0
1247.242,82.0,90252.0,5067.0,58.0,358.58,7885344046.0
1247.342,82.0,90252.0,5067.0,58.0,362.396,7885382583.0
1247.443,82.0,90252.0,5067.0,57.0,354.953,7885415644.0
1247.542,82.0,90252.0,5067.0,57.0,357.774,7885447220.0
1247.642,83.0,90252.0,5067.0,57.0,355.306,7885477662.0
1247.743,83.0,90252.0,5067.0,57.0,355.306,7885516283.0
1247.842,83.0,90252.0,5067.0,57.0,364.575,7885516283.0
1247.942,81.0,90252.0,5067.0,57.0,369.581,7885559333.0
1248.042,81.0,90252.0,5067.0,57.0,372.934,7885599272.0
1248.142,82.0,90252.0,5067.0,57.0,376.923,7885640167.0
1248.242,82.0,90252.0,5067.0,57.0,376.46,7885683070.0
1248.342,78.0,90252.0,5067.0,56.0,377.107,7885721658.0
1248.442,78.0,90252.0,5067.0,56.0,372.25,7885755892.0
1248.542,78.0,90252.0,5067.0,56.0,378.816,7885792022.0
1248.642,78.0,90252.0,5067.0,56.0,379.114,7885827870.0
1248.743,79.0,90252.0,5067.0,56.0,378.33,7885853313.0
1248.842,79.0,90252.0,5067.0,56.0,373.977,7885892342.0
1248.942,78.0,90252.0,5067.0,56.0,359.58,7885920606.0
1249.042,78.0,90252.0,5067.0,56.0,355.574,7885953175.0
1249.142,78.0,90252.0,5067.0,56.0,340.622,7886017599.0
1249.242,78.0,90252.0,5067.0,56.0,333.479,7886050671.0
1249.342,79.0,90252.0,5067.0,55.0,329.44,7886081510.0
1249.442,77.0,90252.0,5067.0,55.0,325.078,7886118569.0
1249.542,77.0,90252.0,5067.0,55.0,317.473,7886145255.0
1249.643,77.0,90252.0,5067.0,55.0,323.368,7886176944.0
1249.743,77.0,90252.0,5067.0,55.0,313.696,7886205250.0
1249.843,75.0,90252.0,5067.0,55.0,316.675,7886235874.0
1249.943,75.0,90252.0,5067.0,55.0,310.498,7886264886.0
1250.042,74.0,90252.0,5067.0,55.0,307.187,7886292668.0
1250.143,74.0,90252.0,5067.0,55.0,301.054,7886322844.0
1250.242,75.0,90252.0,5067.0,55.0,296.751,7886350074.0
1250.343,75.0,90252.0,5067.0,55.0,296.751,7886376886.0
1250.442,75.0,90252.0,5067.0,55.0,293.741,7886376886.0
1250.542,75.0,90252.0,5067.0,55.0,286.932,7886405162.0
1250.642,75.0,90252.0,5067.0,54.0,290.621,7886438340.0
1250.742,74.0,90252.0,5067.0,54.0,287.333,7886466764.0
1250.843,74.0,90252.0,5067.0,54.0,288.345,7886492546.0
1250.942,75.0,90252.0,5067.0,54.0,285.679,7886522813.0
1251.042,75.0,90252.0,5067.0,54.0,289.474,7886553926.0
1251.142,49.0,90252.0,5067.0,54.0,286.802,7886582826.0
1251.242,49.0,90252.0,5067.0,52.0,272.222,7886596332.0
1251.342,0.0,90252.0,5067.0,51.0,256.542,7886609437.0
1251.443,0.0,90252.0,5067.0,51.0,241.473,7886622513.0
1251.543,0.0,90252.0,5067.0,50.0,227.942,7886635498.0
1251.642,0.0,90252.0,5067.0,52.0,234.978,7886666560.0
1251.743,100.0,90252.0,5067.0,58.0,274.455,7886800527.0
1251.842,100.0,90252.0,5067.0,60.0,314.197,7886868140.0
1251.943,100.0,90252.0,5067.0,63.0,352.464,7886936046.0
1252.043,98.0,90252.0,5067.0,63.0,429.182,7887004415.0
1252.143,98.0,90252.0,5067.0,65.0,481.225,7887064555.0
1252.242,100.0,90252.0,5067.0,66.0,537.241,7887133277.0
1252.342,100.0,90252.0,5067.0,67.0,584.211,7887201566.0
1252.443,100.0,90252.0,5067.0,67.0,647.553,7887270164.0
1252.543,100.0,90252.0,5067.0,67.0,647.553,7887339397.0
1252.642,100.0,90252.0,5067.0,67.0,678.862,7887339397.0
1252.742,92.0,90252.0,5067.0,66.0,672.618,7887404282.0
1252.842,92.0,90252.0,5067.0,68.0,675.342,7887474170.0
1252.942,100.0,90252.0,5067.0,68.0,674.482,7887542804.0
1253.043,100.0,90252.0,5067.0,68.0,675.806,7887612281.0
1253.143,100.0,90252.0,5067.0,69.0,676.555,7887681321.0
1253.242,100.0,90252.0,5067.0,69.0,677.467,7887743216.0
1253.342,100.0,90252.0,5067.0,69.0,677.303,7887812711.0
1253.442,100.0,90252.0,5067.0,70.0,678.229,7887880743.0
1253.543,100.0,90252.0,5067.0,69.0,678.086,7887948871.0
1253.642,100.0,90252.0,5067.0,69.0,676.098,7888018516.0
1253.743,92.0,90252.0,5067.0,70.0,680.979,7888082799.0
1253.842,92.0,90252.0,5067.0,69.0,679.196,7888152882.0
1253.943,100.0,90252.0,5067.0,69.0,683.589,7888293232.0
1254.042,100.0,90252.0,5067.0,70.0,684.295,7888360882.0
1254.142,100.0,90252.0,5067.0,70.0,680.614,7888429423.0
1254.242,90.0,90252.0,5067.0,70.0,663.056,7888479026.0
1254.342,90.0,90252.0,5067.0,68.0,640.196,7888524824.0
1254.442,86.0,90252.0,5067.0,64.0,614.842,7888566383.0
1254.543,86.0,90252.0,5067.0,63.0,590.204,7888611153.0
1254.643,87.0,90252.0,5067.0,63.0,565.174,7888657344.0
1254.742,87.0,90252.0,5067.0,63.0,565.174,7888696495.0
1254.843,87.0,90252.0,5067.0,62.0,538.438,7888696495.0
1254.942,87.0,90252.0,5067.0,62.0,504.133,7888733631.0
1255.042,87.0,90252.0,5067.0,62.0,470.716,7888768151.0
1255.142,88.0,90252.0,5067.0,61.0,439.889,7888805447.0
1255.242,88.0,90252.0,5067.0,61.0,416.695,7888846015.0
1255.342,88.0,90252.0,5067.0,61.0,402.612,7888883643.0
1255.442,88.0,90252.0,5067.0,60.0,395.916,7888918023.0
1255.542,88.0,90252.0,5067.0,61.0,399.44,7888966363.0
1255.642,88.0,90252.0,5067.0,61.0,391.329,7889004823.0
1255.742,88.0,90252.0,5067.0,61.0,385.192,7889044049.0
1255.843,88.0,90252.0,5067.0,60.0,383.909,7889083019.0
1255.943,87.0,90252.0,5067.0,60.0,386.389,7889119013.0
1256.043,87.0,90252.0,5067.0,60.0,399.527,7889163463.0
1256.142,88.0,90252.0,5067.0,60.0,408.359,7889212066.0
1256.243,88.0,90252.0,5067.0,60.0,410.008,7889300797.0
1256.342,88.0,90252.0,5067.0,60.0,414.299,7889341403.0
1256.442,88.0,90252.0,5067.0,60.0,426.053,7889384853.0
1256.542,89.0,90252.0,5067.0,60.0,416.715,7889420818.0
1256.643,89.0,90252.0,5067.0,60.0,417.988,7889464314.0
1256.743,89.0,90252.0,5067.0,60.0,421.828,7889502409.0
1256.842,86.0,90252.0,5067.0,60.0,417.96,7889537996.0
1256.943,86.0,90252.0,5067.0,60.0,413.769,7889579745.0
1257.042,89.0,90252.0,5067.0,60.0,403.133,7889612119.0
1257.143,89.0,90252.0,5067.0,60.0,396.407,7889654381.0
1257.243,87.0,90252.0,5067.0,60.0,391.864,7889690556.0
1257.342,87.0,90252.0,5067.0,60.0,390.245,7889734723.0
1257.442,87.0,90252.0,5067.0,60.0,390.245,7889776535.0
1257.543,89.0,90252.0,5067.0,60.0,394.87,7889776535.0
1257.643,89.0,90252.0,5067.0,60.0,398.049,7889815957.0
1257.743,89.0,90252.0,5067.0,60.0,393.519,7889854807.0
1257.843,89.0,90252.0,5067.0,59.0,395.861,7889895875.0
1257.943,89.0,90252.0,5067.0,60.0,396.005,7889931416.0
1258.043,89.0,90252.0,5067.0,60.0,393.512,7889968715.0
1258.143,89.0,90252.0,5067.0,60.0,394.129,7890006643.0
1258.242,89.0,90252.0,5067.0,59.0,398.328,7890052217.0
1258.343,87.0,90252.0,5067.0,60.0,396.67,7890088822.0
1258.442,87.0,90252.0,5067.0,60.0,392.879,7890125958.0
1258.542,89.0,90252.0,5067.0,60.0,386.391,7890163121.0
1258.643,89.0,90252.0,5067.0,60.0,391.083,7890208346.0
1258.742,89.0,90252.0,5067.0,60.0,392.164,7890246577.0
1258.843,89.0,90252.0,5067.0,59.0,392.591,7890331658.0
1258.942,90.0,90252.0,5067.0,60.0,397.244,7890365895.0
1259.042,90.0,90252.0,5067.0,60.0,395.308,7890404289.0
1259.143,89.0,90252.0,5067.0,60.0,400.166,7890446928.0
1259.243,89.0,90252.0,5067.0,59.0,395.868,7890484782.0
1259.343,88.0,90252.0,5067.0,60.0,397.562,7890523582.0
1259.442,88.0,90252.0,5067.0,60.0,399.166,7890561574.0
1259.542,90.0,90252.0,5067.0,59.0,394.889,7890603802.0
1259.643,88.0,90252.0,5067.0,59.0,388.135,7890638375.0
1259.742,88.0,90252.0,5067.0,59.0,385.261,7890673922.0
1259.842,88.0,90252.0,5067.0,59.0,381.857,7890713972.0
1259.942,88.0,90252.0,5067.0,59.0,381.857,7890757465.0
1260.042,88.0,90252.0,5067.0,59.0,391.764,7890757465.0
1260.142,88.0,90252.0,5067.0,60.0,387.81,7890793218.0
1260.242,88.0,90252.0,5067.0,59.0,390.481,7890837047.0
1260.342,86.0,90252.0,5067.0,59.0,391.84,7890877012.0
1260.442,86.0,90252.0,5067.0,59.0,393.621,7890916313.0
1260.542,88.0,90252.0,5067.0,59.0,399.849,7890960971.0
1260.642,88.0,90252.0,5067.0,59.0,390.38,7890996838.0
1260.742,86.0,90252.0,5067.0,59.0,401.072,7891035850.0
1260.842,86.0,90252.0,5067.0,59.0,404.654,7891078053.0
1260.942,87.0,90252.0,5067.0,59.0,403.43,7891119910.0
1261.043,87.0,90252.0,5067.0,59.0,399.98,7891160794.0
1261.142,88.0,90252.0,5067.0,59.0,394.981,7891195847.0
1261.243,88.0,90252.0,5067.0,59.0,392.69,7891270681.0
1261.342,88.0,90252.0,5067.0,59.0,390.451,7891310091.0
1261.443,88.0,90252.0,5067.0,59.0,394.926,7891350880.0
1261.543,88.0,90252.0,5067.0,59.0,391.773,7891390673.0
1261.643,88.0,90252.0,5067.0,59.0,392.588,7891430045.0
1261.742,86.0,90252.0,5067.0,59.0,389.479,7891470442.0
1261.842,86.0,90252.0,5067.0,59.0,394.107,7891512822.0
1261.942,87.0,90252.0,5067.0,59.0,391.538,7891547105.0
1262.042,86.0,90252.0,5067.0,59.0,388.603,7891586667.0
1262.143,86.0,90252.0,5067.0,59.0,387.922,7891623478.0
1262.243,88.0,90252.0,5067.0,59.0,388.451,7891661346.0
1262.342,88.0,90252.0,5067.0,59.0,388.451,7891699758.0
1262.442,88.0,90252.0,5067.0,59.0,384.69,7891699758.0
1262.542,87.0,90252.0,5067.0,59.0,377.192,7891732753.0
1262.643,87.0,90252.0,5067.0,59.0,379.589,7891771200.0
1262.742,84.0,90252.0,5067.0,59.0,384.353,7891810737.0
1262.843,84.0,90252.0,5067.0,59.0,379.876,7891852005.0
1262.943,86.0,90252.0,5067.0,58.0,385.935,7891894722.0
1263.043,86.0,90252.0,5067.0,58.0,387.131,7891940851.0
1263.142,84.0,90252.0,5067.0,58.0,385.471,7891972183.0
1263.242,84.0,90252.0,5067.0,58.0,373.692,7892003088.0
1263.343,84.0,90252.0,5067.0,58.0,363.058,7892029333.0
1263.443,84.0,90252.0,5067.0,58.0,361.357,7892057936.0
1263.542,84.0,90252.0,5067.0,58.0,365.646,7892096888.0
1263.643,84.0,90252.0,5067.0,58.0,365.464,7892135998.0
1263.742,82.0,90252.0,5067.0,58.0,355.015,7892173228.0
1263.842,82.0,90252.0,5067.0,58.0,353.623,7892238064.0
1263.942,83.0,90252.0,5067.0,58.0,345.627,7892282185.0
1264.042,83.0,90252.0,5067.0,58.0,346.572,7892324693.0
1264.143,83.0,90252.0,5067.0,58.0,355.619,7892364283.0
1264.242,83.0,90252.0,5067.0,58.0,370.953,7892405855.0
1264.342,82.0,90252.0,5067.0,57.0,384.634,7892453040.0
1264.442,82.0,90252.0,5067.0,57.0,395.61,7892482971.0
1264.542,83.0,90252.0,5067.0,57.0,387.088,7892516377.0
1264.642,83.0,90252.0,5067.0,57.0,378.691,7892550144.0
1264.742,83.0,90252.0,5067.0,57.0,381.091,7892587726.0
1264.843,80.0,90252.0,5067.0,57.0,386.342,7892625773.0
1264.943,80.0,90252.0,5067.0,57.0,372.617,7892659311.0
1265.042,80.0,90252.0,5067.0,57.0,372.617,7892693650.0
1265.143,79.0,90252.0,5067.0,56.0,367.403,7892693650.0
1265.242,79.0,90252.0,5067.0,56.0,355.979,7892724450.0
1265.343,79.0,90252.0,5067.0,56.0,336.788,7892753295.0
1265.442,79.0,90252.0,5067.0,56.0,321.951,7892780205.0
1265.542,78.0,90252.0,5067.0,56.0,329.317,7892813425.0
1265.642,78.0,90252.0,5067.0,56.0,330.828,7892842526.0
1265.742,79.0,90252.0,5067.0,56.0,333.753,7892884093.0
1265.842,79.0,90252.0,5067.0,56.0,335.003,7892915170.0
1265.943,79.0,90252.0,5067.0,56.0,322.138,7892950089.0
1266.043,79.0,90252.0,5067.0,56.0,324.213,7892985322.0
1266.143,78.0,90252.0,5067.0,56.0,319.23,7893016800.0
1266.243,78.0,90252.0,5067.0,56.0,324.888,7893049755.0
1266.342,79.0,90252.0,5067.0,56.0,328.59,7893107250.0
1266.443,79.0,90252.0,5067.0,56.0,325.938,7893138680.0
1266.542,78.0,90252.0,5067.0,56.0,325.549,7893170134.0
1266.642,78.0,90252.0,5067.0,55.0,323.491,7893203654.0
1266.743,77.0,90252.0,5067.0,55.0,317.638,7893233934.0
1266.842,77.0,90252.0,5067.0,55.0,316.099,7893268452.0
1266.942,78.0,90252.0,5067.0,55.0,314.356,7893304312.0
1267.042,78.0,90252.0,5067.0,55.0,321.35,7893334905.0
1267.143,71.0,90252.0,5067.0,55.0,314.791,7893358043.0
1267.242,71.0,90252.0,5067.0,54.0,299.341,7893371622.0
1267.342,0.0,90252.0,5067.0,52.0,284.432,7893384617.0
1267.443,0.0,90252.0,5067.0,52.0,270.871,7893384617.0
1267.543,0.0,90252.0,5067.0,51.0,248.126,7893397586.0
1267.643,0.0,90252.0,5067.0,51.0,232.814,7893410569.0
1267.742,54.0,90252.0,5067.0,50.0,236.54,7893437306.0
1267.842,54.0,90252.0,5067.0,56.0,276.679,7893492962.0
1267.943,100.0,90252.0,5067.0,61.0,311.853,7893561698.0
1268.042,100.0,90252.0,5067.0,63.0,342.429,7893629797.0
1268.143,100.0,90252.0,5067.0,63.0,381.807,7893698033.0
1268.242,100.0,90252.0,5067.0,64.0,426.955,7893767214.0
1268.342,90.0,90252.0,5067.0,65.0,477.142,7893828783.0
1268.443,90.0,90252.0,5067.0,65.0,537.902,7893897872.0
1268.542,100.0,90252.0,5067.0,67.0,584.57,7893967006.0
1268.643,100.0,90252.0,5067.0,67.0,649.65,7894103347.0
1268.743,100.0,90252.0,5067.0,67.0,678.001,7894166864.0
1268.843,100.0,90252.0,5067.0,68.0,675.08,7894236272.0
1268.942,100.0,90252.0,5067.0,68.0,675.55,7894304821.0
1269.042,100.0,90252.0,5067.0,69.0,675.222,7894373122.0
1269.143,100.0,90252.0,5067.0,68.0,676.472,7894442213.0
1269.243,93.0,90252.0,5067.0,69.0,675.082,7894505185.0
1269.343,93.0,90252.0,5067.0,69.0,675.082,7894572915.0
1269.442,93.0,90252.0,5067.0,70.0,675.457,7894572915.0
1269.542,100.0,90252.0,5067.0,70.0,675.22,7894641791.0
1269.643,100.0,90252.0,5067.0,69.0,675.149,7894708426.0
1269.743,100.0,90252.0,5067.0,70.0,676.301,7894779464.0
1269.842,100.0,90252.0,5067.0,69.0,674.179,7894847928.0
1269.942,95.0,90252.0,5067.0,70.0,675.838,7894911287.0
1270.042,95.0,90252.0,5067.0,70.0,674.382,7894981181.0
1270.143,100.0,90252.0,5067.0,70.0,677.339,7895050242.0
1270.242,100.0,90252.0,5067.0,70.0,676.721,7895119638.0
1270.342,100.0,90252.0,5067.0,68.0,680.398,7895188374.0
1270.443,100.0,90252.0,5067.0,65.0,659.18,7895242539.0
1270.542,85.0,90252.0,5067.0,64.0,626.45,7895326129.0
1270.642,85.0,90252.0,5067.0,63.0,598.484,7895366338.0
1270.742,88.0,90252.0,5067.0,63.0,572.447,7895403433.0
1270.842,88.0,90252.0,5067.0,62.0,548.329,7895446293.0
1270.942,85.0,90252.0,5067.0,62.0,527.951,7895490548.0
1271.042,85.0,90252.0,5067.0,62.0,499.34,7895528970.0
1271.142,88.0,90252.0,5067.0,62.0,463.481,7895572186.0
1271.243,88.0,90252.0,5067.0,61.0,444.209,7895612024.0
1271.342,87.0,90252.0,5067.0,61.0,411.165,7895648799.0
1271.443,87.0,90252.0,5067.0,61.0,400.995,7895684970.0
1271.542,87.0,90252.0,5067.0,61.0,400.995,7895720016.0
1271.643,86.0,90252.0,5067.0,61.0,398.199,7895759020.0
1271.743,88.0,90252.0,5067.0,60.0,398.092,7895759020.0
1271.843,88.0,90252.0,5067.0,60.0,401.544,7895804158.0
1271.942,86.0,90252.0,5067.0,61.0,402.526,7895851330.0
1272.042,86.0,90252.0,5067.0,60.0,409.518,7895899139.0
1272.143,88.0,90252.0,5067.0,60.0,410.889,7895942530.0
1272.242,88.0,90252.0,5067.0,60.0,407.522,7895981113.0
1272.343,88.0,90252.0,5067.0,60.0,412.098,7896017944.0
1272.443,88.0,90252.0,5067.0,60.0,414.941,7896059031.0
1272.542,88.0,90252.0,5067.0,60.0,425.581,7896105305.0
1272.643,88.0,90252.0,5067.0,60.0,430.759,7896149323.0
1272.743,89.0,90252.0,5067.0,60.0,428.989,7896192169.0
1272.843,89.0,90252.0,5067.0,60.0,423.897,7896228937.0
1272.942,87.0,90252.0,5067.0,60.0,421.383,7896309510.0
1273.043,87.0,90252.0,5067.0,60.0,407.22,7896345256.0
1273.143,89.0,90252.0,5067.0,60.0,403.955,7896387302.0
1273.242,89.0,90252.0,5067.0,60.0,409.135,7896425103.0
1273.343,89.0,90252.0,5067.0,60.0,406.595,7896463856.0
1273.442,89.0,90252.0,5067.0,60.0,403.533,7896508183.0
1273.543,88.0,90252.0,5067.0,60.0,405.564,7896553708.0
1273.643,88.0,90252.0,5067.0,60.0,400.807,7896593373.0
1273.743,89.0,90252.0,5067.0,60.0,405.03,7896633489.0
1273.842,89.0,90252.0,5067.0,60.0,406.213,7896679176.0
1273.942,87.0,90252.0,5067.0,60.0,405.563,7896716561.0
1274.043,87.0,90252.0,5067.0,60.0,405.563,7896756780.0
1274.143,89.0,90252.0,5067.0,60.0,410.09,7896756780.0
1274.243,89.0,90252.0,5067.0,60.0,407.246,7896797363.0
1274.343,87.0,90252.0,5067.0,60.0,412.714,7896834756.0
1274.443,87.0,90252.0,5067.0,60.0,411.43,7896875275.0
1274.542,89.0,90252.0,5067.0,60.0,405.13,7896918588.0
1274.642,89.0,90252.0,5067.0,60.0,408.224,7896957492.0
1274.742,89.0,90252.0,5067.0,60.0,404.492,7897001468.0
1274.842,89.0,90252.0,5067.0,60.0,402.092,7897039252.0
1274.943,89.0,90252.0,5067.0,60.0,401.181,7897079195.0
1275.042,89.0,90252.0,5067.0,60.0,399.349,7897119908.0
1275.142,89.0,90252.0,5067.0,60.0,405.868,7897160503.0
1275.243,89.0,90252.0,5067.0,60.0,408.757,7897202619.0
1275.342,88.0,90252.0,5067.0,60.0,408.731,7897282597.0
1275.442,88.0,90252.0,5067.0,60.0,407.308,7897323498.0
1275.542,90.0,90252.0,5067.0,60.0,403.915,7897365443.0
1275.642,90.0,90252.0,5067.0,60.0,405.333,7897401945.0
1275.742,89.0,90252.0,5067.0,60.0,403.911,7897445572.0
1275.843,89.0,90252.0,5067.0,60.0,403.081,7897482487.0
1275.942,90.0,90252.0,5067.0,60.0,406.617,7897525772.0
1276.042,90.0,90252.0,5067.0,60.0,410.902,7897568259.0
1276.142,90.0,90252.0,5067.0,60.0,409.4,7897609421.0
1276.242,90.0,90252.0,5067.0,60.0,402.436,7897645790.0
1276.343,88.0,90252.0,5067.0,60.0,401.028,7897690056.0
1276.443,88.0,90252.0,5067.0,59.0,411.079,7897690056.0
1276.543,88.0,90252.0,5067.0,60.0,412.169,7897734401.0
1276.643,88.0,90252.0,5067.0,60.0,410.022,7897774710.0
1276.743,86.0,90252.0,5067.0,60.0,412.225,7897811856.0
1276.843,86.0,90252.0,5067.0,59.0,415.832,7897856594.0
1276.943,88.0,90252.0,5067.0,60.0,418.942,7897900478.0
1277.042,88.0,90252.0,5067.0,60.0,414.117,7897944344.0
1277.142,87.0,90252.0,5067.0,59.0,415.857,7897984071.0
1277.242,87.0,90252.0,5067.0,59.0,421.435,7898031110.0
1277.343,88.0,90252.0,5067.0,60.0,421.486,7898069373.0
1277.443,88.0,90252.0,5067.0,59.0,408.412,7898104069.0
1277.543,88.0,90252.0,5067.0,59.0,414.413,7898148291.0
1277.643,88.0,90252.0,5067.0,59.0,420.266,7898193366.0
1277.743,86.0,90252.0,5067.0,59.0,416.375,7898273977.0
1277.842,86.0,90252.0,5067.0,59.0,410.345,7898309499.0
1277.943,88.0,90252.0,5067.0,59.0,407.076,7898348692.0
1278.043,88.0,90252.0,5067.0,59.0,411.356,7898394290.0
1278.142,86.0,90252.0,5067.0,59.0,408.86,7898437405.0
1278.242,86.0,90252.0,5067.0,59.0,405.623,7898475189.0
1278.342,88.0,90252.0,5067.0,59.0,405.052,7898517539.0
1278.442,88.0,90252.0,5067.0,59.0,409.807,7898554906.0
1278.542,88.0,90252.0,5067.0,59.0,398.265,7898593926.0
1278.643,88.0,90252.0,5067.0,59.0,398.034,7898630984.0
1278.743,86.0,90252.0,5067.0,59.0,392.838,7898664689.0
1278.843,86.0,90252.0,5067.0,59.0,392.838,7898691139.0
1278.942,86.0,90252.0,5067.0,59.0,385.023,7898691139.0
1279.042,87.0,90252.0,5067.0,59.0,382.175,7898737368.0
1279.142,85.0,90252.0,5067.0,59.0,375.953,7898781811.0
1279.243,85.0,90252.0,5067.0,59.0,369.491,7898810613.0
1279.343,87.0,90252.0,5067.0,59.0,372.314,7898846252.0
1279.443,87.0,90252.0,5067.0,58.0,373.967,7898888784.0
1279.543,86.0,90252.0,5067.0,58.0,375.623,7898925865.0
1279.643,86.0,90252.0,5067.0,58.0,367.663,7898965719.0
1279.743,84.0,90252.0,5067.0,58.0,369.424,7899001528.0
1279.843,84.0,90252.0,5067.0,58.0,381.154,7899039272.0
1279.943,83.0,90252.0,5067.0,58.0,375.12,7899076184.0
1280.043,83.0,90252.0,5067.0,58.0,366.204,7899105520.0
1280.142,84.0,90252.0,5067.0,58.0,367.29,7899147835.0
1280.242,84.0,90252.0,5067.0,58.0,374.851,7899223830.0
1280.342,83.0,90252.0,5067.0,58.0,376.128,7899265594.0
1280.442,83.0,90252.0,5067.0,58.0,375.019,7899300702.0
1280.542,82.0,90252.0,5067.0,58.0,366.958,7899333985.0
1280.642,82.0,90252.0,5067.0,58.0,367.512,7899364825.0
1280.743,83.0,90252.0,5067.0,57.0,366.143,7899404083.0
1280.842,83.0,90252.0,5067.0,57.0,354.649,7899433731.0
1280.942,82.0,90252.0,5067.0,57.0,362.144,7899472610.0
1281.043,82.0,90252.0,5067.0,57.0,362.536,7899504513.0
1281.142,83.0,90252.0,5067.0,57.0,350.347,7899536685.0
1281.242,83.0,90252.0,5067.0,57.0,349.477,7899567103.0
1281.342,80.0,90252.0,5067.0,57.0,334.915,7899600359.0
1281.443,80.0,90252.0,5067.0,57.0,334.915,7899629874.0
1281.542,80.0,90252.0,5067.0,56.0,326.839,7899629874.0
1281.643,78.0,90252.0,5067.0,56.0,330.558,7899658735.0
1281.742,78.0,90252.0,5067.0,56.0,317.978,7899690247.0
1281.842,79.0,90252.0,5067.0,56.0,319.983,7899722793.0
1281.943,79.0,90252.0,5067.0,56.0,321.644,7899758101.0
1282.043,79.0,90252.0,5067.0,56.0,318.507,7899791120.0
1282.142,78.0,90252.0,5067.0,56.0,328.009,7899829178.0
1282.242,78.0,90252.0,5067.0,56.0,322.437,7899862674.0
1282.343,79.0,90252.0,5067.0,56.0,328.366,7899891331.0
1282.442,79.0,90252.0,5067.0,56.0,328.343,7899922285.0
1282.542,79.0,90252.0,5067.0,56.0,326.789,7899954313.0
1282.642,79.0,90252.0,5067.0,56.0,332.581,7899989259.0
1282.743,77.0,90252.0,5067.0,56.0,334.446,7900054279.0
1282.842,77.0,90252.0,5067.0,55.0,330.901,7900082052.0
1282.942,79.0,90252.0,5067.0,55.0,326.023,7900114694.0
1283.042,79.0,90252.0,5067.0,55.0,324.708,7900148036.0
1283.142,78.0,90252.0,5067.0,55.0,315.399,7900173949.0
1283.242,78.0,90252.0,5067.0,54.0,309.991,7900199041.0
1283.343,66.0,90252.0,5067.0,53.0,299.192,7900213686.0
1283.443,66.0,90252.0,5067.0,52.0,278.404,7900226692.0
1283.543,0.0,90252.0,5067.0,51.0,262.187,7900239713.0
1283.643,0.0,90252.0,5067.0,51.0,262.187,7900252698.0
1283.743,0.0,90252.0,5067.0,51.0,240.004,7900252698.0
1283.843,0.0,90252.0,5067.0,51.0,218.257,7900266943.0
1283.942,0.0,90252.0,5067.0,54.0,222.081,7900316072.0
1284.042,91.0,90252.0,5067.0,61.0,256.672,7900385064.0
1284.142,100.0,90252.0,5067.0,62.0,336.237,7900453497.0
1284.242,100.0,90252.0,5067.0,64.0,378.324,7900524563.0
1284.343,100.0,90252.0,5067.0,65.0,424.334,7900590609.0
1284.442,100.0,90252.0,5067.0,66.0,475.009,7900656367.0
1284.542,100.0,90252.0,5067.0,66.0,537.663,7900724531.0
1284.643,100.0,90252.0,5067.0,67.0,592.134,7900794725.0
1284.742,100.0,90252.0,5067.0,67.0,648.764,7900862782.0
1284.842,100.0,90252.0,5067.0,68.0,682.939,7900931370.0
1284.943,92.0,90252.0,5067.0,68.0,681.21,7901064598.0
1285.043,92.0,90252.0,5067.0,68.0,682.433,7901133807.0
1285.142,100.0,90252.0,5067.0,69.0,679.535,7901201482.0
1285.243,100.0,90252.0,5067.0,69.0,680.006,7901270386.0
1285.342,100.0,90252.0,5067.0,69.0,679.279,7901340027.0
1285.442,100.0,90252.0,5067.0,68.0,679.349,7901402146.0
1285.542,98.0,90252.0,5067.0,69.0,676.796,7901469159.0
1285.643,98.0,90252.0,5067.0,69.0,679.794,7901539508.0
1285.742,100.0,90252.0,5067.0,69.0,680.18,7901609677.0
1285.843,100.0,90252.0,5067.0,69.0,680.18,7901678235.0
1285.943,100.0,90252.0,5067.0,70.0,678.817,7901678235.0
1286.043,100.0,90252.0,5067.0,67.0,679.292,7901740454.0
1286.143,100.0,90252.0,5067.0,70.0,678.636,7901811422.0
1286.242,100.0,90252.0,5067.0,70.0,679.684,7901880331.0
1286.343,100.0,90252.0,5067.0,70.0,682.436,7901949816.0
1286.442,100.0,90252.0,5067.0,70.0,685.907,7902020195.0
1286.542,96.0,90252.0,5067.0,70.0,685.669,7902087102.0
1286.643,96.0,90252.0,5067.0,66.0,659.814,7902147278.0
1286.742,88.0,90252.0,5067.0,64.0,630.209,7902185978.0
1286.843,88.0,90252.0,5067.0,64.0,602.837,7902228569.0
1286.943,86.0,90252.0,5067.0,63.0,572.553,7902267623.0
1287.043,86.0,90252.0,5067.0,62.0,547.055,7902346775.0
1287.142,87.0,90252.0,5067.0,62.0,519.244,7902387445.0
1287.242,87.0,90252.0,5067.0,62.0,489.209,7902428435.0
1287.343,86.0,90252.0,5067.0,62.0,456.853,7902464863.0
1287.443,86.0,90252.0,5067.0,61.0,433.744,7902510539.0
1287.543,88.0,90252.0,5067.0,61.0,408.673,7902550922.0
1287.643,88.0,90252.0,5067.0,61.0,399.252,7902593523.0
1287.743,88.0,90252.0,5067.0,61.0,399.978,7902633055.0
1287.843,88.0,90252.0,5067.0,61.0,399.868,7902667583.0
1287.943,86.0,90252.0,5067.0,61.0,398.804,7902699984.0
1288.043,86.0,90252.0,5067.0,60.0,389.186,7902735988.0
1288.142,85.0,90252.0,5067.0,60.0,388.808,7902773335.0
1288.243,85.0,90252.0,5067.0,60.0,387.116,7902814599.0
1288.342,85.0,90252.0,5067.0,60.0,387.116,7902814599.0
1288.442,86.0,90252.0,5067.0,60.0,383.073,7902856833.0
1288.542,86.0,90252.0,5067.0,60.0,395.331,7902904211.0
1288.642,89.0,90252.0,5067.0,60.0,400.926,7902951014.0
1288.742,89.0,90252.0,5067.0,60.0,399.768,7902992103.0
1288.843,88.0,90252.0,5067.0,60.0,402.625,7903030195.0
1288.943,88.0,90252.0,5067.0,60.0,402.405,7903069812.0
1289.043,88.0,90252.0,5067.0,60.0,402.263,7903103520.0
1289.143,89.0,90252.0,5067.0,60.0,408.137,7903136575.0
1289.242,89.0,90252.0,5067.0,60.0,402.637,7903181201.0
1289.343,86.0,90252.0,5067.0,60.0,407.418,7903218421.0
1289.443,86.0,90252.0,5067.0,60.0,399.262,7903264024.0
1289.543,89.0,90252.0,5067.0,60.0,391.066,7903338500.0
1289.643,89.0,90252.0,5067.0,60.0,391.575,7903387558.0
1289.743,86.0,90252.0,5067.0,60.0,397.196,7903432640.0
1289.842,86.0,90252.0,5067.0,60.0,402.857,7903474658.0
1289.943,89.0,90252.0,5067.0,60.0,411.482,7903520004.0
1290.043,89.0,90252.0,5067.0,60.0,418.024,7903556442.0
1290.142,89.0,90252.0,5067.0,59.0,415.376,7903594241.0
1290.242,89.0,90252.0,5067.0,60.0,420.304,7903637721.0
1290.342,89.0,90252.0,5067.0,60.0,419.131,7903677910.0
1290.443,89.0,90252.0,5067.0,60.0,417.188,7903718784.0
1290.543,89.0,90252.0,5067.0,60.0,423.227,7903762861.0
1290.642,89.0,90252.0,5067.0,60.0,423.329,7903805401.0
1290.743,88.0,90252.0,5067.0,60.0,416.488,7903805401.0
1290.842,88.0,90252.0,5067.0,60.0,408.85,7903846193.0
1290.943,90.0,90252.0,5067.0,60.0,406.087,7903881858.0
1291.043,90.0,90252.0,5067.0,60.0,409.066,7903925275.0
1291.142,87.0,90252.0,5067.0,60.0,416.704,7903969799.0
1291.242,87.0,90252.0,5067.0,60.0,409.204,7904011683.0
1291.342,89.0,90252.0,5067.0,60.0,411.531,7904048552.0
1291.442,89.0,90252.0,5067.0,60.0,411.922,7904090229.0
1291.542,89.0,90252.0,5067.0,59.0,409.16,7904130753.0
1291.643,89.0,90252.0,5067.0,60.0,405.867,7904172974.0
1291.742,89.0,90252.0,5067.0,60.0,406.305,7904212189.0
1291.842,89.0,90252.0,5067.0,60.0,412.44,7904253857.0
1291.942,89.0,90252.0,5067.0,59.0,411.402,7904293528.0
1292.042,89.0,90252.0,5067.0,60.0,410.081,7904378796.0
1292.143,88.0,90252.0,5067.0,60.0,414.005,7904423105.0
1292.243,88.0,90252.0,5067.0,59.0,416.939,7904462760.0
1292.342,89.0,90252.0,5067.0,59.0,417.814,7904504230.0
1292.443,89.0,90252.0,5067.0,60.0,417.495,7904544897.0
1292.543,87.0,90252.0,5067.0,60.0,418.401,7904588121.0
1292.643,87.0,90252.0,5067.0,60.0,422.248,7904629812.0
1292.743,89.0,90252.0,5067.0,60.0,424.442,7904674168.0
1292.842,89.0,90252.0,5067.0,60.0,422.986,7904716352.0
1292.943,88.0,90252.0,5067.0,59.0,422.881,7904756969.0
1293.042,88.0,90252.0,5067.0,59.0,420.697,7904797760.0
1293.142,88.0,90252.0,5067.0,59.0,420.697,7904837878.0
1293.243,88.0,90252.0,5067.0,59.0,416.296,7904837878.0
1293.342,88.0,90252.0,5067.0,59.0,411.415,7904876407.0
1293.443,87.0,90252.0,5067.0,59.0,407.881,7904914515.0
1293.542,87.0,90252.0,5067.0,59.0,405.14,7904953625.0
1293.642,86.0,90252.0,5067.0,59.0,400.609,7904994481.0
1293.742,86.0,90252.0,5067.0,59.0,406.375,7905038238.0
1293.842,88.0,90252.0,5067.0,59.0,397.733,7905075180.0
1293.943,88.0,90252.0,5067.0,59.0,397.853,7905113324.0
1294.043,85.0,90252.0,5067.0,59.0,397.505,7905157041.0
1294.143,87.0,90252.0,5067.0,59.0,398.032,7905198146.0
1294.243,87.0,90252.0,5067.0,59.0,400.425,7905238139.0
1294.343,86.0,90252.0,5067.0,58.0,402.854,7905278312.0
1294.443,86.0,90252.0,5067.0,59.0,403.357,7905355587.0
1294.542,86.0,90252.0,5067.0,59.0,397.983,7905390967.0
1294.642,86.0,90252.0,5067.0,59.0,393.727,7905427573.0
1294.743,86.0,90252.0,5067.0,59.0,393.804,7905466978.0
1294.843,86.0,90252.0,5067.0,59.0,404.322,7905518635.0
1294.943,85.0,90252.0,5067.0,59.0,406.302,7905559907.0
1295.043,85.0,90252.0,5067.0,59.0,402.06,7905600601.0
1295.143,86.0,90252.0,5067.0,59.0,408.366,7905644177.0
1295.243,86.0,90252.0,5067.0,59.0,407.73,7905682583.0
1295.343,86.0,90252.0,5067.0,58.0,408.761,7905725424.0
1295.443,86.0,90252.0,5067.0,58.0,396.494,7905753630.0
1295.542,86.0,90252.0,5067.0,58.0,396.494,7905796039.0
1295.642,85.0,90252.0,5067.0,58.0,402.564,7905796039.0
1295.742,85.0,90252.0,5067.0,58.0,400.156,7905831144.0
1295.843,84.0,90252.0,5067.0,58.0,394.524,7905859719.0
1295.943,84.0,90252.0,5067.0,58.0,367.652,7905885642.0
1296.043,82.0,90252.0,5067.0,58.0,364.426,7905927808.0
1296.142,82.0,90252.0,5067.0,58.0,370.219,7905969359.0
1296.243,83.0,90252.0,5067.0,58.0,366.926,7906012238.0
1296.342,83.0,90252.0,5067.0,58.0,365.694,7906050127.0
1296.443,83.0,90252.0,5067.0,58.0,364.195,7906090057.0
1296.542,83.0,90252.0,5067.0,58.0,370.093,7906124064.0
1296.643,82.0,90252.0,5067.0,58.0,366.482,7906155957.0
1296.743,83.0,90252.0,5067.0,57.0,377.959,7906196564.0
1296.843,83.0,90252.0,5067.0,57.0,383.929,7906241096.0
1296.943,84.0,90252.0,5067.0,57.0,374.774,7906300471.0
1297.042,84.0,90252.0,5067.0,57.0,370.771,7906338768.0
1297.143,82.0,90252.0,5067.0,57.0,355.371,7906364662.0
1297.242,82.0,90252.0,5067.0,57.0,351.808,7906401062.0
1297.342,83.0,90252.0,5067.0,57.0,350.836,7906437794.0
1297.443,83.0,90252.0,5067.0,57.0,356.724,7906481292.0
1297.543,83.0,90252.0,5067.0,57.0,364.761,7906519942.0
1297.642,83.0,90252.0,5067.0,57.0,360.005,7906558500.0
1297.742,82.0,90252.0,5067.0,57.0,360.546,7906595249.0
1297.843,82.0,90252.0,5067.0,57.0,363.231,7906630945.0
1297.943,82.0,90252.0,5067.0,57.0,361.424,7906661882.0
1298.043,82.0,90252.0,5067.0,57.0,355.428,7906692869.0
1298.143,82.0,90252.0,5067.0,57.0,355.428,7906692869.0
1298.243,81.0,90252.0,5067.0,57.0,368.525,7906732801.0
1298.343,81.0,90252.0,5067.0,56.0,364.411,7906762008.0
1298.443,78.0,90252.0,5067.0,56.0,356.133,7906789171.0
1298.542,78.0,90252.0,5067.0,56.0,337.145,7906815778.0
1298.643,79.0,90252.0,5067.0,56.0,338.081,7906852050.0
1298.742,79.0,90252.0,5067.0,56.0,326.48,7906876543.0
1298.842,79.0,90252.0,5067.0,56.0,316.062,7906911783.0
1298.943,79.0,90252.0,5067.0,56.0,313.957,7906941682.0
1299.043,77.0,90252.0,5067.0,56.0,314.746,7906971825.0
1299.143,77.0,90252.0,5067.0,55.0,319.766,7907011194.0
1299.243,79.0,90252.0,5067.0,55.0,310.465,7907037187.0
1299.343,79.0,90252.0,5067.0,55.0,301.652,7907062158.0
1299.442,79.0,90252.0,5067.0,55.0,299.852,7907089216.0
1299.543,68.0,90252.0,5067.0,53.0,289.056,7907139575.0
1299.642,68.0,90252.0,5067.0,52.0,277.629,7907152407.0
1299.743,0.0,90252.0,5067.0,51.0,256.565,7907165400.0
1299.842,0.0,90252.0,5067.0,51.0,240.003,7907178365.0
1299.943,0.0,90252.0,5067.0,51.0,220.045,7907191326.0
1300.043,0.0,90252.0,5067.0,56.0,221.541,7907231198.0
1300.143,77.0,90252.0,5067.0,60.0,254.098,7907297418.0
1300.242,77.0,90252.0,5067.0,62.0,296.641,7907365568.0
1300.342,100.0,90252.0,5067.0,63.0,339.27,7907432827.0
1300.442,100.0,90252.0,5067.0,64.0,377.04,7907500941.0
1300.542,100.0,90252.0,5067.0,64.0,377.04,7907569114.0
1300.643,100.0,90252.0,5067.0,64.0,418.149,7907569114.0
1300.742,100.0,90252.0,5067.0,65.0,473.695,7907631737.0
1300.843,99.0,90252.0,5067.0,66.0,527.708,7907699930.0
1300.943,99.0,90252.0,5067.0,67.0,585.092,7907768679.0
1301.042,100.0,90252.0,5067.0,67.0,639.686,7907837680.0
1301.142,100.0,90252.0,5067.0,67.0,667.731,7907905267.0
1301.242,100.0,90252.0,5067.0,67.0,673.06,7907968648.0
1301.342,100.0,90252.0,5067.0,68.0,674.166,7908037388.0
1301.442,100.0,90252.0,5067.0,68.0,673.645,7908106437.0
1301.542,100.0,90252.0,5067.0,69.0,673.296,7908173889.0
1301.643,100.0,90252.0,5067.0,70.0,673.008,7908242989.0
1301.742,88.0,90252.0,5067.0,70.0,673.284,7908304190.0
1301.842,88.0,90252.0,5067.0,69.0,673.182,7908442027.0
1301.943,100.0,90252.0,5067.0,69.0,676.288,7908512467.0
1302.043,100.0,90252.0,5067.0,70.0,675.427,7908580956.0
1302.142,100.0,90252.0,5067.0,70.0,681.831,7908648438.0
1302.242,100.0,90252.0,5067.0,70.0,681.855,7908718785.0
1302.343,100.0,90252.0,5067.0,70.0,684.113,7908790542.0
1302.443,100.0,90252.0,5067.0,70.0,686.263,7908860680.0
1302.543,100.0,90252.0,5067.0,70.0,686.263,7908929326.0
1302.643,100.0,90252.0,5067.0,70.0,685.846,7908929326.0
1302.743,100.0,90252.0,5067.0,70.0,687.38,7908988696.0
1302.842,91.0,90252.0,5067.0,66.0,658.893,7909024748.0
1302.943,91.0,90252.0,5067.0,64.0,628.395,7909068110.0
1303.042,87.0,90252.0,5067.0,63.0,602.488,7909109353.0
1303.143,87.0,90252.0,5067.0,63.0,578.057,7909152085.0
1303.243,85.0,90252.0,5067.0,63.0,550.238,7909193784.0
1303.342,85.0,90252.0,5067.0,61.0,523.69,7909234910.0
1303.442,83.0,90252.0,5067.0,62.0,490.537,7909276590.0
1303.542,83.0,90252.0,5067.0,61.0,464.746,7909315227.0
1303.642,85.0,90252.0,5067.0,61.0,437.36,7909358402.0
1303.742,88.0,90252.0,5067.0,61.0,412.966,7909397423.0
1303.842,88.0,90252.0,5067.0,61.0,408.046,7909476342.0
1303.942,88.0,90252.0,5067.0,60.0,399.511,7909509594.0
1304.043,88.0,90252.0,5067.0,61.0,396.4,7909548854.0
1304.142,87.0,90252.0,5067.0,60.0,392.849,7909588378.0
1304.243,87.0,90252.0,5067.0,60.0,387.307,7909622718.0
1304.342,88.0,90252.0,5067.0,60.0,382.983,7909660316.0
1304.442,88.0,90252.0,5067.0,60.0,386.826,7909701535.0
1304.542,86.0,90252.0,5067.0,60.0,384.587,7909741356.0
1304.643,86.0,90252.0,5067.0,60.0,382.654,7909779856.0
1304.742,88.0,90252.0,5067.0,60.0,381.785,7909821024.0
1304.842,88.0,90252.0,5067.0,60.0,382.385,7909862425.0
1304.943,88.0,90252.0,5067.0,60.0,382.385,7909862425.0
1305.042,88.0,90252.0,5067.0,60.0,397.992,7909908105.0
1305.143,88.0,90252.0,5067.0,60.0,403.652,7909952850.0
1305.243,89.0,90252.0,5067.0,60.0,396.225,7909984711.0
1305.343,89.0,90252.0,5067.0,60.0,404.127,7910026596.0
1305.443,88.0,90252.0,5067.0,60.0,404.508,7910065438.0
1305.542,88.0,90252.0,5067.0,60.0,403.842,7910104466.0
1305.642,86.0,90252.0,5067.0,60.0,398.664,7910140933.0
1305.742,86.0,90252.0,5067.0,60.0,398.2,7910178476.0
1305.843,89.0,90252.0,5067.0,60.0,396.524,7910217901.0
1305.943,89.0,90252.0,5067.0,60.0,388.29,7910249914.0
1306.042,86.0,90252.0,5067.0,60.0,375.764,7910282027.0
1306.142,86.0,90252.0,5067.0,60.0,373.313,7910327382.0
1306.242,89.0,90252.0,5067.0,60.0,382.533,7910366910.0
1306.343,89.0,90252.0,5067.0,60.0,387.044,7910452812.0
1306.442,89.0,90252.0,5067.0,59.0,387.516,7910491082.0
1306.542,89.0,90252.0,5067.0,60.0,388.142,7910528459.0
1306.643,89.0,90252.0,5067.0,60.0,394.602,7910572365.0
1306.743,89.0,90252.0,5067.0,60.0,393.706,7910612121.0
1306.843,89.0,90252.0,5067.0,60.0,403.819,7910652706.0
1306.945,87.0,90252.0,5067.0,60.0,415.025,7910696373.0
1307.043,87.0,90252.0,5067.0,60.0,410.688,7910737524.0
1307.143,90.0,90252.0,5067.0,60.0,407.237,7910774675.0
1307.243,90.0,90252.0,5067.0,60.0,403.059,7910811952.0
1307.343,89.0,90252.0,5067.0,59.0,403.592,7910856538.0
1307.443,89.0,90252.0,5067.0,59.0,403.592,7910896576.0
1307.543,89.0,90252.0,5067.0,60.0,406.745,7910896576.0
1307.642,90.0,90252.0,5067.0,60.0,410.503,7910938046.0
1307.743,90.0,90252.0,5067.0,60.0,406.757,7910977935.0
1307.842,90.0,90252.0,5067.0,60.0,407.566,7911017771.0
1307.942,90.0,90252.0,5067.0,60.0,405.788,7911056189.0
1308.043,87.0,90252.0,5067.0,60.0,402.956,7911097303.0
1308.143,87.0,90252.0,5067.0,59.0,400.766,7911136862.0
1308.243,89.0,90252.0,5067.0,59.0,404.186,7911175305.0
1308.343,89.0,90252.0,5067.0,60.0,403.408,7911214904.0
1308.442,87.0,90252.0,5067.0,59.0,403.353,7911256399.0
1308.543,87.0,90252.0,5067.0,59.0,406.639,7911300577.0
1308.643,89.0,90252.0,5067.0,59.0,404.4,7911341607.0
1308.743,89.0,90252.0,5067.0,60.0,407.422,7911431519.0
1308.842,89.0,90252.0,5067.0,59.0,414.419,7911470638.0
1308.943,86.0,90252.0,5067.0,59.0,412.031,7911510890.0
1309.042,86.0,90252.0,5067.0,59.0,409.787,7911547231.0
1309.143,87.0,90252.0,5067.0,59.0,405.769,7911581654.0
1309.242,87.0,90252.0,5067.0,59.0,407.031,7911624232.0
1309.343,85.0,90252.0,5067.0,59.0,407.973,7911665947.0
1309.443,85.0,90252.0,5067.0,59.0,404.901,7911707334.0
1309.542,88.0,90252.0,5067.0,59.0,404.619,7911747955.0
1309.643,88.0,90252.0,5067.0,59.0,399.754,7911784729.0
1309.743,88.0,90252.0,5067.0,59.0,386.94,7911819466.0
1309.843,88.0,90252.0,5067.0,59.0,386.94,7911858478.0
1309.942,88.0,90252.0,5067.0,59.0,386.141,7911858478.0
1310.042,87.0,90252.0,5067.0,59.0,379.825,7911891351.0
1310.143,87.0,90252.0,5067.0,59.0,382.889,7911932606.0
1310.242,88.0,90252.0,5067.0,59.0,387.922,7911972380.0
1310.343,88.0,90252.0,5067.0,59.0,386.068,7912012790.0
1310.443,88.0,90252.0,5067.0,59.0,379.878,7912048923.0
1310.542,88.0,90252.0,5067.0,59.0,375.987,7912084476.0
1310.643,86.0,90252.0,5067.0,59.0,370.788,7912120109.0
1310.743,86.0,90252.0,5067.0,59.0,370.186,7912157041.0
1310.842,86.0,90252.0,5067.0,59.0,378.965,7912199747.0
1310.943,86.0,90252.0,5067.0,59.0,379.341,7912237537.0
1311.042,84.0,90252.0,5067.0,59.0,386.245,7912278055.0
1311.143,84.0,90252.0,5067.0,59.0,389.952,7912370417.0
1311.242,86.0,90252.0,5067.0,58.0,399.015,7912417584.0
1311.343,86.0,90252.0,5067.0,59.0,403.042,7912456660.0
1311.442,86.0,90252.0,5067.0,58.0,407.017,7912505106.0
1311.542,86.0,90252.0,5067.0,58.0,416.519,7912545709.0
1311.643,84.0,90252.0,5067.0,58.0,425.438,7912589409.0
1311.743,84.0,90252.0,5067.0,58.0,433.314,7912627059.0
1311.843,85.0,90252.0,5067.0,58.0,425.065,7912663756.0
1311.943,85.0,90252.0,5067.0,58.0,424.289,7912695122.0
1312.043,85.0,90252.0,5067.0,58.0,418.788,7912735986.0
1312.143,85.0,90252.0,5067.0,58.0,413.674,7912776425.0
1312.242,84.0,90252.0,5067.0,58.0,401.663,7912805543.0
1312.343,84.0,90252.0,5067.0,58.0,385.66,7912805543.0
1312.443,83.0,90252.0,5067.0,58.0,375.897,7912833015.0
1312.542,83.0,90252.0,5067.0,58.0,373.294,7912877692.0
1312.643,81.0,90252.0,5067.0,58.0,357.467,7912905166.0
1312.742,81.0,90252.0,5067.0,57.0,336.699,7912928287.0
1312.842,83.0,90252.0,5067.0,57.0,335.696,7912962477.0
1312.943,83.0,90252.0,5067.0,57.0,341.629,7913004045.0
1313.042,83.0,90252.0,5067.0,57.0,340.907,7913040351.0
1313.142,83.0,90252.0,5067.0,57.0,327.85,7913066739.0
1313.242,81.0,90252.0,5067.0,57.0,324.123,7913099476.0
1313.343,81.0,90252.0,5067.0,57.0,338.296,7913139607.0
1313.442,79.0,90252.0,5067.0,56.0,334.453,7913170795.0
1313.542,79.0,90252.0,5067.0,56.0,322.543,7913203583.0
1313.643,79.0,90252.0,5067.0,56.0,330.504,7913234595.0
1313.743,79.0,90252.0,5067.0,56.0,337.547,7913295506.0
1313.843,78.0,90252.0,5067.0,56.0,330.892,7913331708.0
1313.943,78.0,90252.0,5067.0,56.0,319.839,7913364048.0
1314.042,78.0,90252.0,5067.0,56.0,333.488,7913397484.0
1314.143,78.0,90252.0,5067.0,55.0,329.2,7913433187.0
1314.242,78.0,90252.0,5067.0,55.0,320.553,7913465595.0
1314.342,77.0,90252.0,5067.0,55.0,321.696,7913492987.0
1314.443,77.0,90252.0,5067.0,55.0,315.465,7913520418.0
1314.542,75.0,90252.0,5067.0,55.0,315.08,7913548208.0
1314.643,75.0,90252.0,5067.0,55.0,315.639,7913582156.0
1314.742,75.0,90252.0,5067.0,55.0,313.551,7913606842.0
1314.843,75.0,90252.0,5067.0,55.0,313.716,7913642517.0
1314.942,75.0,90252.0,5067.0,55.0,313.716,7913670674.0
1315.043,74.0,90252.0,5067.0,54.0,307.882,7913670674.0
1315.142,74.0,90252.0,5067.0,54.0,302.422,7913696592.0
1315.242,74.0,90252.0,5067.0,54.0,291.907,7913723415.0
1315.342,74.0,90252.0,5067.0,54.0,293.246,7913754868.0
1315.443,75.0,90252.0,5067.0,54.0,302.831,7913793227.0
1315.542,75.0,90252.0,5067.0,54.0,303.675,7913822119.0
1315.643,69.0,90252.0,5067.0,54.0,296.0,7913846765.0
1315.742,69.0,90252.0,5067.0,53.0,278.739,7913863339.0
1315.842,0.0,90252.0,5067.0,51.0,266.616,7913876368.0
1315.943,0.0,90252.0,5067.0,51.0,243.927,7913889329.0
1316.043,0.0,90252.0,5067.0,50.0,229.456,7913902290.0
1316.142,0.0,90252.0,5067.0,50.0,218.695,7913915164.0
1316.243,81.0,90252.0,5067.0,56.0,245.242,7913959281.0
1316.343,81.0,90252.0,5067.0,60.0,281.39,7914026508.0
1316.442,100.0,90252.0,5067.0,61.0,311.925,7914163940.0
1316.543,100.0,90252.0,5067.0,63.0,388.778,7914231795.0
1316.642,100.0,90252.0,5067.0,64.0,450.232,7914298110.0
1316.743,100.0,90252.0,5067.0,65.0,505.138,7914364550.0
1316.843,100.0,90252.0,5067.0,66.0,561.022,7914434601.0
1316.943,100.0,90252.0,5067.0,67.0,607.857,7914502628.0
1317.042,100.0,90252.0,5067.0,67.0,666.062,7914570916.0
1317.142,89.0,90252.0,5067.0,67.0,679.342,7914640426.0
1317.242,89.0,90252.0,5067.0,67.0,679.342,7914702931.0
1317.343,89.0,90252.0,5067.0,67.0,678.559,7914702931.0
1317.443,100.0,90252.0,5067.0,68.0,678.47,7914772007.0
1317.542,100.0,90252.0,5067.0,68.0,676.043,7914840477.0
1317.643,100.0,90252.0,5067.0,69.0,678.467,7914908359.0
1317.743,100.0,90252.0,5067.0,68.0,679.695,7914977627.0
1317.843,88.0,90252.0,5067.0,66.0,672.341,7915037010.0
1317.943,88.0,90252.0,5067.0,69.0,671.19,7915106963.0
1318.042,100.0,90252.0,5067.0,69.0,672.041,7915175148.0
1318.143,100.0,90252.0,5067.0,69.0,673.672,7915245390.0
1318.242,100.0,90252.0,5067.0,69.0,678.223,7915314615.0
1318.343,100.0,90252.0,5067.0,70.0,659.928,7915374013.0
1318.442,88.0,90252.0,5067.0,64.0,622.846,7915445571.0
1318.542,88.0,90252.0,5067.0,63.0,600.053,7915482854.0
1318.642,82.0,90252.0,5067.0,62.0,563.492,7915518150.0
1318.743,82.0,90252.0,5067.0,62.0,536.088,7915558522.0
1318.842,84.0,90252.0,5067.0,61.0,489.17,7915601889.0
1318.943,84.0,90252.0,5067.0,60.0,457.323,7915643379.0
1319.042,84.0,90252.0,5067.0,60.0,437.063,7915683546.0
1319.143,84.0,90252.0,5067.0,60.0,402.766,7915718079.0
1319.242,84.0,90252.0,5067.0,59.0,379.788,7915756890.0
1319.343,84.0,90252.0,5067.0,59.0,379.788,7915756890.0
1319.442,84.0,90252.0,5067.0,59.0,388.323,7915790493.0
1319.542,84.0,90252.0,5067.0,59.0,373.44,7915822790.0
1319.643,83.0,90252.0,5067.0,59.0,385.886,7915861000.0
1319.742,83.0,90252.0,5067.0,59.0,373.574,7915893351.0
1319.842,85.0,90252.0,5067.0,59.0,372.999,7915927686.0
1319.943,85.0,90252.0,5067.0,59.0,366.937,7915970078.0
1320.042,85.0,90252.0,5067.0,59.0,363.417,7916004969.0
1320.143,85.0,90252.0,5067.0,58.0,351.513,7916041270.0
1320.243,83.0,90252.0,5067.0,58.0,352.666,7916071682.0
1320.342,83.0,90252.0,5067.0,59.0,353.37,7916112496.0
1320.443,85.0,90252.0,5067.0,58.0,345.419,7916139932.0
1320.542,85.0,90252.0,5067.0,58.0,344.647,7916165312.0
1320.643,84.0,90252.0,5067.0,58.0,343.714,7916207686.0
1320.743,84.0,90252.0,5067.0,58.0,351.57,7916276038.0
1320.843,84.0,90252.0,5067.0,58.0,349.309,7916316272.0
1320.943,84.0,90252.0,5067.0,58.0,343.936,7916345058.0
1321.042,84.0,90252.0,5067.0,58.0,344.385,7916386863.0
1321.142,84.0,90252.0,5067.0,58.0,349.741,7916420475.0
1321.242,82.0,90252.0,5067.0,58.0,348.704,7916461891.0
1321.342,82.0,90252.0,5067.0,58.0,351.642,7916497538.0
1321.443,84.0,90252.0,5067.0,58.0,373.679,7916537119.0
1321.542,84.0,90252.0,5067.0,58.0,367.285,7916574651.0
1321.642,84.0,90252.0,5067.0,58.0,367.252,7916610895.0
1321.742,85.0,90252.0,5067.0,58.0,375.21,7916654060.0
1321.843,85.0,90252.0,5067.0,58.0,378.097,7916691982.0
1321.943,85.0,90252.0,5067.0,58.0,378.097,7916721695.0
1322.043,85.0,90252.0,5067.0,58.0,374.23,7916721695.0
1322.143,85.0,90252.0,5067.0,58.0,371.155,7916763304.0
1322.242,83.0,90252.0,5067.0,58.0,377.976,7916802238.0
1322.343,83.0,90252.0,5067.0,58.0,378.62,7916842127.0
1322.443,85.0,90252.0,5067.0,58.0,384.503,7916883996.0
1322.543,85.0,90252.0,5067.0,58.0,377.205,7916918959.0
1322.643,85.0,90252.0,5067.0,58.0,386.862,7916959847.0
1322.743,85.0,90252.0,5067.0,58.0,391.459,7916997371.0
1322.842,84.0,90252.0,5067.0,58.0,383.796,7917036879.0
1322.942,84.0,90252.0,5067.0,58.0,384.632,7917073933.0
1323.043,85.0,90252.0,5067.0,58.0,387.858,7917112773.0
1323.143,85.0,90252.0,5067.0,58.0,386.221,7917148322.0
1323.242,83.0,90252.0,5067.0,58.0,386.598,7917184654.0
1323.342,83.0,90252.0,5067.0,58.0,384.026,7917255857.0
1323.443,85.0,90252.0,5067.0,58.0,375.091,7917295808.0
1323.542,85.0,90252.0,5067.0,58.0,381.746,7917334764.0
1323.642,85.0,90252.0,5067.0,58.0,378.754,7917374423.0
1323.742,85.0,90252.0,5067.0,58.0,382.78,7917410561.0
1323.842,84.0,90252.0,5067.0,58.0,376.879,7917446930.0
1323.943,84.0,90252.0,5067.0,58.0,377.343,7917486895.0
1324.042,85.0,90252.0,5067.0,58.0,381.263,7917524538.0
1324.142,85.0,90252.0,5067.0,58.0,384.991,7917566417.0
1324.242,83.0,90252.0,5067.0,58.0,386.244,7917602814.0
1324.343,83.0,90252.0,5067.0,58.0,376.715,7917627153.0
1324.442,85.0,90252.0,5067.0,58.0,367.026,7917662074.0
1324.542,85.0,90252.0,5067.0,58.0,370.636,7917662074.0
1324.643,85.0,90252.0,5067.0,58.0,368.32,7917705000.0
1324.743,85.0,90252.0,5067.0,58.0,370.906,7917746400.0
1324.842,84.0,90252.0,5067.0,58.0,371.578,7917783591.0
1324.942,84.0,90252.0,5067.0,58.0,366.279,7917820159.0
1325.043,85.0,90252.0,5067.0,58.0,359.246,7917847095.0
1325.142,85.0,90252.0,5067.0,58.0,357.122,7917890740.0
1325.242,84.0,90252.0,5067.0,58.0,355.189,7917919748.0
1325.343,84.0,90252.0,5067.0,58.0,370.022,7917964146.0
1325.442,85.0,90252.0,5067.0,58.0,386.257,7918007958.0
1325.542,85.0,90252.0,5067.0,58.0,375.754,7918047925.0
1325.643,84.0,90252.0,5067.0,58.0,362.177,7918073318.0
1325.743,84.0,90252.0,5067.0,58.0,362.824,7918106420.0
1325.842,82.0,90252.0,5067.0,58.0,357.248,7918174371.0
1325.943,82.0,90252.0,5067.0,58.0,358.418,7918214846.0
1326.043,83.0,90252.0,5067.0,57.0,366.601,7918245319.0
1326.143,83.0,90252.0,5067.0,57.0,351.978,7918274053.0
1326.242,83.0,90252.0,5067.0,58.0,354.115,7918310496.0
1326.342,83.0,90252.0,5067.0,57.0,343.231,7918350626.0
1326.442,82.0,90252.0,5067.0,57.0,346.282,7918393952.0
1326.542,82.0,90252.0,5067.0,57.0,352.052,7918428725.0
1326.643,83.0,90252.0,5067.0,57.0,358.404,7918469207.0
1326.743,83.0,90252.0,5067.0,57.0,361.176,7918499939.0
1326.843,83.0,90252.0,5067.0,57.0,358.069,7918541646.0
1326.942,83.0,90252.0,5067.0,57.0,358.069,7918563278.0
1327.043,81.0,90252.0,5067.0,57.0,348.225,7918563278.0
1327.142,81.0,90252.0,5067.0,57.0,359.775,7918599214.0
1327.242,82.0,90252.0,5067.0,57.0,356.223,7918633912.0
1327.342,82.0,90252.0,5067.0,57.0,355.924,7918662207.0
1327.443,81.0,90252.0,5067.0,57.0,341.297,7918698655.0
1327.542,81.0,90252.0,5067.0,57.0,332.692,7918729370.0
1327.642,78.0,90252.0,5067.0,56.0,334.696,7918764868.0
1327.743,78.0,90252.0,5067.0,56.0,333.219,7918800003.0
1327.843,78.0,90252.0,5067.0,56.0,325.408,7918831774.0
1327.943,78.0,90252.0,5067.0,56.0,323.214,7918866037.0
1328.043,78.0,90252.0,5067.0,56.0,332.821,7918897614.0
1328.143,78.0,90252.0,5067.0,55.0,322.914,7918928435.0
1328.242,78.0,90252.0,5067.0,55.0,328.84,7918990473.0
1328.342,78.0,90252.0,5067.0,55.0,325.0,7919024361.0
1328.443,78.0,90252.0,5067.0,55.0,324.654,7919058622.0
1328.542,78.0,90252.0,5067.0,55.0,327.8,7919089493.0
1328.643,78.0,90252.0,5067.0,55.0,322.424,7919117802.0
1328.743,78.0,90252.0,5067.0,55.0,313.709,7919144383.0
1328.843,77.0,90252.0,5067.0,55.0,313.945,7919176446.0
1328.943,77.0,90252.0,5067.0,55.0,312.238,7919202659.0
1329.043,78.0,90252.0,5067.0,55.0,302.954,7919227502.0
1329.143,76.0,90252.0,5067.0,55.0,300.853,7919258549.0
1329.243,76.0,90252.0,5067.0,55.0,299.896,7919293223.0
1329.342,74.0,90252.0,5067.0,55.0,296.843,7919319932.0
1329.442,74.0,90252.0,5067.0,55.0,296.843,7919349419.0
1329.543,74.0,90252.0,5067.0,54.0,293.664,7919349419.0
1329.643,75.0,90252.0,5067.0,54.0,296.323,7919384951.0
1329.742,75.0,90252.0,5067.0,54.0,300.093,7919417025.0
1329.843,75.0,90252.0,5067.0,54.0,302.094,7919445655.0
1329.943,75.0,90252.0,5067.0,54.0,294.058,7919472392.0
1330.042,74.0,90252.0,5067.0,54.0,297.263,7919499344.0
1330.142,74.0,90252.0,5067.0,54.0,298.482,7919526952.0
1330.243,74.0,90252.0,5067.0,54.0,288.544,7919553906.0
1330.343,74.0,90252.0,5067.0,54.0,282.701,7919577291.0
1330.442,75.0,90252.0,5067.0,54.0,290.683,7919609690.0
1330.542,75.0,90252.0,5067.0,54.0,280.629,7919634941.0
1330.643,75.0,90252.0,5067.0,54.0,283.371,7919666343.0
1330.743,75.0,90252.0,5067.0,54.0,277.313,7919718303.0
1330.842,74.0,90252.0,5067.0,54.0,270.038,7919743583.0
1330.942,74.0,90252.0,5067.0,54.0,269.034,7919767858.0
1331.042,72.0,90252.0,5067.0,54.0,272.956,7919801540.0
1331.143,72.0,90252.0,5067.0,53.0,271.083,7919818556.0
1331.242,22.0,90252.0,5067.0,53.0,258.62,7919831561.0
1331.343,22.0,90252.0,5067.0,51.0,248.78,7919844424.0
1331.443,0.0,90252.0,5067.0,50.0,226.466,7919857315.0
1331.543,0.0,90252.0,5067.0,50.0,218.984,7919870215.0
1331.643,0.0,90252.0,5067.0,50.0,196.686,7919883055.0
1331.743,0.0,90252.0,5067.0,49.0,174.861,7919895900.0
1331.843,0.0,90252.0,5067.0,49.0,162.334,7919908716.0
1331.943,0.0,90252.0,5067.0,49.0,143.224,7919921535.0
1332.043,0.0,90252.0,5067.0,49.0,143.224,7919921535.0
1332.143,0.0,90252.0,5067.0,49.0,129.209,7919934352.0
1332.243,0.0,90252.0,5067.0,48.0,128.519,7919947118.0
1332.343,0.0,90252.0,5067.0,48.0,128.339,7919959848.0
1332.443,0.0,90252.0,5067.0,48.0,128.215,7919972593.0
1332.543,0.0,90252.0,5067.0,48.0,128.064,7919985363.0
1332.643,0.0,90252.0,5067.0,48.0,127.936,7919998104.0
1332.743,0.0,90252.0,5067.0,48.0,127.806,7920010836.0
1332.843,0.0,90252.0,5067.0,48.0,127.679,7920023545.0
1332.943,0.0,90252.0,5067.0,48.0,127.564,7920036270.0
1333.042,0.0,90252.0,5067.0,48.0,127.376,7920048886.0
1333.142,0.0,90252.0,5067.0,48.0,127.263,7920061536.0
1333.243,0.0,90252.0,5067.0,48.0,127.083,7920074148.0
1333.343,0.0,90252.0,5067.0,48.0,126.933,7920086738.0
1333.443,0.0,90252.0,5067.0,48.0,126.812,7920099363.0
1333.542,0.0,90252.0,5067.0,48.0,126.677,7920111989.0
1333.643,0.0,90252.0,5067.0,48.0,126.565,7920137227.0
1333.743,0.0,90252.0,5067.0,48.0,126.452,7920149824.0
1333.843,0.0,90252.0,5067.0,47.0,126.334,7920162405.0
1333.943,0.0,90252.0,5067.0,47.0,126.234,7920175010.0
1334.043,0.0,90252.0,5067.0,47.0,126.189,7920187616.0
1334.143,0.0,90252.0,5067.0,47.0,126.123,7920200233.0
1334.243,0.0,90252.0,5067.0,47.0,126.16,7920212815.0
1334.342,0.0,90252.0,5067.0,47.0,126.127,7920225369.0
1334.443,0.0,90252.0,5067.0,47.0,126.071,7920237968.0
1334.543,0.0,90252.0,5067.0,47.0,126.051,7920250592.0
1334.643,0.0,90252.0,5067.0,47.0,126.017,7920263198.0
1334.743,0.0,90252.0,5067.0,47.0,125.999,7920275743.0
1334.843,0.0,90252.0,5067.0,47.0,125.999,7920288359.0
1334.943,0.0,90252.0,5067.0,47.0,125.99,7920288359.0
1335.043,0.0,90252.0,5067.0,47.0,125.975,7920300943.0
1335.143,0.0,90252.0,5067.0,47.0,125.962,7920313513.0
1335.243,0.0,90252.0,5067.0,47.0,125.935,7920326120.0
1335.343,0.0,90252.0,5067.0,47.0,125.958,7920338700.0
1335.443,0.0,90252.0,5067.0,47.0,125.988,7920351287.0
1335.542,0.0,90252.0,5067.0,47.0,125.966,7920363896.0
1335.643,0.0,90252.0,5067.0,47.0,125.954,7920376477.0
1335.742,0.0,90252.0,5067.0,47.0,125.922,7920389066.0
1335.843,0.0,90252.0,5067.0,47.0,125.941,7920401640.0
1335.943,0.0,90252.0,5067.0,47.0,125.91,7920414184.0
1336.043,0.0,90252.0,5067.0,47.0,125.904,7920426781.0
1336.142,0.0,90252.0,5067.0,47.0,125.923,7920439348.0
1336.243,0.0,90252.0,5067.0,47.0,125.9,7920451901.0
1336.343,0.0,90252.0,5067.0,47.0,125.837,7920464460.0
1336.443,0.0,90252.0,5067.0,47.0,125.875,7920477035.0
1336.542,0.0,90252.0,5067.0,47.0,125.84,7920502196.0
1336.643,0.0,90252.0,5067.0,47.0,125.809,7920514743.0
1336.742,0.0,90252.0,5067.0,47.0,125.784,7920527287.0
1336.843,0.0,90252.0,5067.0,47.0,125.777,7920539852.0
1336.943,0.0,90252.0,5067.0,47.0,125.793,7920552410.0
1337.043,0.0,90252.0,5067.0,47.0,125.755,7920564973.0
1337.145,0.0,90252.0,5067.0,47.0,125.731,7920577521.0
1337.243,0.0,90252.0,5067.0,47.0,125.746,7920590100.0
1337.343,0.0,90252.0,5067.0,47.0,125.763,7920602676.0
1337.443,0.0,90252.0,5067.0,47.0,125.763,7920615276.0
1337.543,0.0,90252.0,5067.0,47.0,125.751,7920627839.0
1337.643,0.0,90252.0,5067.0,47.0,125.746,7920640382.0
1337.742,0.0,90252.0,5067.0,47.0,125.76,7920652939.0
1337.843,0.0,90252.0,5067.0,47.0,125.757,7920665486.0
1337.943,0.0,90252.0,5067.0,47.0,125.757,7920678051.0
1338.043,0.0,90252.0,5067.0,47.0,125.757,7920678051.0
1338.143,0.0,90252.0,5067.0,47.0,125.731,7920690629.0
1338.243,0.0,90252.0,5067.0,47.0,125.716,7920703182.0
1338.343,0.0,90252.0,5067.0,47.0,125.671,7920715754.0
1338.443,0.0,90252.0,5067.0,47.0,125.64,7920728288.0
1338.543,0.0,90252.0,5067.0,47.0,125.648,7920740860.0
1338.643,0.0,90252.0,5067.0,47.0,125.602,7920753411.0
1338.743,0.0,90252.0,5067.0,47.0,125.618,7920765946.0
1338.843,0.0,90252.0,5067.0,47.0,125.638,7920778507.0
1338.943,0.0,90252.0,5067.0,47.0,125.632,7920791071.0
1339.043,0.0,90252.0,5067.0,47.0,125.562,7920803606.0
1339.142,0.0,90252.0,5067.0,47.0,125.597,7920816122.0
1339.243,0.0,90252.0,5067.0,47.0,125.542,7920828686.0
1339.342,0.0,90252.0,5067.0,47.0,125.555,7920841213.0
1339.442,0.0,90252.0,5067.0,47.0,125.537,7920853748.0
1339.542,0.0,90252.0,5067.0,47.0,125.487,7920866280.0
1339.643,0.0,90252.0,5067.0,47.0,125.51,7920878791.0
1339.742,0.0,90252.0,5067.0,47.0,125.462,7920903888.0
1339.843,0.0,90252.0,5067.0,47.0,125.429,7920916430.0
1339.943,0.0,90252.0,5067.0,47.0,125.437,7920928965.0
1340.042,0.0,90252.0,5067.0,47.0,125.446,7920941509.0
1340.143,0.0,90252.0,5067.0,47.0,125.393,7920954024.0
1340.242,0.0,90252.0,5067.0,47.0,125.397,7920966543.0
1340.342,0.0,90252.0,5067.0,47.0,125.417,7920979068.0
1340.443,0.0,90252.0,5067.0,47.0,125.386,7920991614.0
1340.542,0.0,90252.0,5067.0,47.0,125.409,7921004141.0
1340.643,0.0,90252.0,5067.0,47.0,125.398,7921016681.0
1340.742,0.0,90252.0,5067.0,47.0,125.456,7921029210.0
1340.843,0.0,90252.0,5067.0,47.0,125.423,7921041785.0
1340.943,0.0,90252.0,5067.0,47.0,125.432,7921054314.0
1341.042,0.0,90252.0,5067.0,47.0,125.428,7921066865.0
1341.143,0.0,90252.0,5067.0,47.0,125.428,7921079409.0
1341.243,0.0,90252.0,5067.0,47.0,125.456,7921079409.0
1341.342,0.0,90252.0,5067.0,47.0,125.459,7921091926.0
1341.443,0.0,90252.0,5067.0,47.0,125.497,7921104492.0
1341.542,0.0,90252.0,5067.0,47.0,125.473,7921117008.0
1341.643,0.0,90252.0,5067.0,47.0,125.45,7921129542.0
1341.742,0.0,90252.0,5067.0,47.0,125.426,7921142070.0
1341.843,0.0,90252.0,5067.0,47.0,125.442,7921154592.0
1341.943,0.0,90252.0,5067.0,47.0,125.404,7921167114.0
1342.042,0.0,90252.0,5067.0,47.0,125.403,7921179664.0
1342.143,0.0,90252.0,5067.0,47.0,125.387,7921192207.0
1342.242,0.0,90252.0,5067.0,47.0,125.39,7921204753.0
1342.342,0.0,90252.0,5067.0,47.0,125.379,7921217287.0
1342.443,0.0,90252.0,5067.0,47.0,125.337,7921229805.0
1342.542,0.0,90252.0,5067.0,47.0,125.386,7921242312.0
1342.643,0.0,90252.0,5067.0,47.0,125.385,7921254869.0
1342.743,0.0,90252.0,5067.0,47.0,125.358,7921267391.0
1342.843,0.0,90252.0,5067.0,47.0,125.322,7921292447.0
1342.943,0.0,90252.0,5067.0,46.0,125.342,7921304994.0
1343.043,0.0,90252.0,5067.0,47.0,125.321,7921317510.0
1343.143,0.0,90252.0,5067.0,46.0,125.345,7921330076.0
1343.243,0.0,90252.0,5067.0,47.0,125.353,7921342601.0
1343.343,0.0,90252.0,5067.0,46.0,125.363,7921355164.0
1343.443,0.0,90252.0,5067.0,46.0,125.368,7921367655.0
1343.543,0.0,90252.0,5067.0,46.0,125.329,7921380190.0
1343.643,0.0,90252.0,5067.0,46.0,125.349,7921392737.0
1343.743,0.0,90252.0,5067.0,46.0,125.388,7921405245.0
1343.843,0.0,90252.0,5067.0,46.0,125.412,7921417775.0
1343.943,0.0,90252.0,5067.0,46.0,125.407,7921430303.0
1344.043,0.0,90252.0,5067.0,46.0,125.39,7921442819.0
1344.143,0.0,90252.0,5067.0,46.0,125.377,7921455339.0
1344.243,0.0,90252.0,5067.0,46.0,125.321,7921467853.0
1344.343,0.0,90252.0,5067.0,46.0,125.314,7921480372.0
1344.443,0.0,90252.0,5067.0,46.0,125.309,7921480372.0
1344.542,0.0,90252.0,5067.0,46.0,125.35,7921492916.0
1344.643,0.0,90252.0,5067.0,46.0,125.3,7921505440.0
1344.743,0.0,90252.0,5067.0,46.0,125.307,7921517954.0
1344.843,0.0,90252.0,5067.0,46.0,125.275,7921530476.0
1344.943,0.0,90252.0,5067.0,46.0,125.29,7921543003.0
1345.042,0.0,90252.0,5067.0,46.0,125.326,7921555554.0
1345.143,0.0,90252.0,5067.0,46.0,125.313,7921568081.0
1345.243,0.0,90252.0,5067.0,46.0,125.287,7921580591.0
1345.343,0.0,90252.0,5067.0,46.0,125.292,7921593084.0
1345.443,0.0,90252.0,5067.0,46.0,125.262,7921605617.0
1345.543,0.0,90252.0,5067.0,46.0,125.24,7921618126.0
1345.643,0.0,90252.0,5067.0,46.0,125.277,7921630662.0
1345.743,0.0,90252.0,5067.0,46.0,125.253,7921643183.0
1345.843,0.0,90252.0,5067.0,46.0,125.278,7921655704.0
1345.943,0.0,90252.0,5067.0,46.0,125.245,7921668223.0
1346.043,0.0,90252.0,5067.0,46.0,125.237,7921680729.0
1346.143,0.0,90252.0,5067.0,46.0,125.213,7921705757.0
1346.243,0.0,90252.0,5067.0,46.0,125.243,7921718297.0
1346.343,0.0,90252.0,5067.0,46.0,125.259,7921730817.0
1346.443,0.0,90252.0,5067.0,46.0,125.284,7921743344.0
1346.543,0.0,90252.0,5067.0,46.0,125.305,7921755872.0
1346.643,0.0,90252.0,5067.0,46.0,125.303,7921768397.0
1346.743,0.0,90252.0,5067.0,46.0,125.321,7921780906.0
1346.843,0.0,90252.0,5067.0,46.0,125.321,7921793460.0
1346.943,0.0,90252.0,5067.0,46.0,125.295,7921805961.0
1347.042,0.0,90252.0,5067.0,46.0,125.286,7921818473.0
1347.142,0.0,90252.0,5067.0,46.0,125.286,7921830980.0
1347.242,0.0,90252.0,5067.0,46.0,125.294,7921843509.0
1347.343,0.0,90252.0,5067.0,46.0,125.264,7921856020.0
1347.443,0.0,90252.0,5067.0,46.0,125.281,7921868545.0
1347.543,0.0,90252.0,5067.0,46.0,125.281,7921868545.0
1347.643,0.0,90252.0,5067.0,46.0,125.239,7921881044.0
1347.742,0.0,90252.0,5067.0,46.0,125.217,7921893570.0
1347.842,0.0,90252.0,5067.0,46.0,125.201,7921906079.0
1347.943,0.0,90252.0,5067.0,46.0,125.186,7921918579.0
1348.043,0.0,90252.0,5067.0,46.0,125.195,7921931087.0
1348.143,0.0,90252.0,5067.0,46.0,125.183,7921943581.0
1348.243,0.0,90252.0,5067.0,46.0,125.181,7921956073.0
1348.342,0.0,90252.0,5067.0,46.0,125.186,7921968588.0
1348.443,0.0,90252.0,5067.0,46.0,125.147,7921981092.0
1348.542,0.0,90252.0,5067.0,46.0,125.171,7921993628.0
1348.643,0.0,90252.0,5067.0,46.0,125.19,7922006153.0
1348.743,0.0,90252.0,5067.0,46.0,125.173,7922018672.0
1348.842,0.0,90252.0,5067.0,46.0,125.2,7922031176.0
1348.943,0.0,90252.0,5067.0,46.0,125.159,7922043677.0
1349.042,0.0,90252.0,5067.0,46.0,125.215,7922056166.0
1349.142,0.0,90252.0,5067.0,46.0,125.206,7922068701.0
1349.243,0.0,90252.0,5067.0,46.0,125.219,7922093730.0
1349.343,0.0,90252.0,5067.0,46.0,125.225,7922106252.0
1349.443,0.0,90252.0,5067.0,46.0,125.224,7922118766.0
1349.542,0.0,90252.0,5067.0,46.0,125.202,7922131305.0
1349.643,0.0,90252.0,5067.0,46.0,125.203,7922143831.0
1349.743,0.0,90252.0,5067.0,46.0,125.195,7922156326.0
1349.843,0.0,90252.0,5067.0,46.0,125.197,7922168854.0
1349.942,0.0,90252.0,5067.0,46.0,125.183,7922181344.0
1350.042,0.0,90252.0,5067.0,46.0,125.169,7922193859.0
1350.142,0.0,90252.0,5067.0,46.0,125.194,7922206383.0
1350.242,0.0,90252.0,5067.0,46.0,125.21,7922218907.0
1350.343,0.0,90252.0,5067.0,46.0,125.206,7922231425.0
1350.442,0.0,90252.0,5067.0,46.0,125.212,7922243928.0
1350.542,0.0,90252.0,5067.0,46.0,125.187,7922256445.0
1350.643,0.0,90252.0,5067.0,46.0,125.187,7922256445.0
1350.743,0.0,90252.0,5067.0,46.0,125.166,7922268925.0
1350.842,0.0,90252.0,5067.0,46.0,125.168,7922281428.0
1350.942,0.0,90252.0,5067.0,46.0,125.151,7922293911.0
1351.042,0.0,90252.0,5067.0,46.0,125.136,7922306417.0
1351.143,0.0,90252.0,5067.0,46.0,125.117,7922318935.0
1351.243,0.0,90252.0,5067.0,46.0,125.107,7922331450.0
1351.343,0.0,90252.0,5067.0,46.0,125.095,7922343936.0
1351.442,0.0,90252.0,5067.0,46.0,125.093,7922356450.0
1351.542,0.0,90252.0,5067.0,46.0,125.122,7922368931.0
1351.643,0.0,90252.0,5067.0,46.0,125.121,7922381467.0
1351.742,0.0,90252.0,5067.0,46.0,125.124,7922393962.0
1351.843,0.0,90252.0,5067.0,46.0,125.147,7922406469.0
1351.943,0.0,90252.0,5067.0,46.0,125.19,7922419000.0
1352.042,0.0,90252.0,5067.0,46.0,125.153,7922431502.0
1352.142,0.0,90252.0,5067.0,46.0,125.159,7922443957.0
1352.242,0.0,90252.0,5067.0,46.0,125.157,7922469006.0
1352.343,0.0,90252.0,5067.0,46.0,125.156,7922481514.0
1352.443,0.0,90252.0,5067.0,46.0,125.151,7922494027.0
1352.542,0.0,90252.0,5067.0,46.0,125.172,7922506546.0
1352.643,0.0,90252.0,5067.0,46.0,125.181,7922519043.0
1352.742,0.0,90252.0,5067.0,46.0,125.151,7922531542.0
1352.843,0.0,90252.0,5067.0,46.0,125.14,7922544044.0
1352.942,0.0,90252.0,5067.0,46.0,125.166,7922556539.0
1353.043,0.0,90252.0,5067.0,46.0,125.138,7922569021.0
1353.143,0.0,90252.0,5067.0,46.0,125.106,7922581524.0
1353.243,0.0,90252.0,5067.0,46.0,125.131,7922594046.0
1353.343,0.0,90252.0,5067.0,46.0,125.15,7922606531.0
1353.442,0.0,90252.0,5067.0,46.0,125.108,7922619031.0
1353.543,0.0,90252.0,5067.0,46.0,125.098,7922631549.0
1353.643,0.0,90252.0,5067.0,46.0,125.111,7922644054.0
1353.743,0.0,90252.0,5067.0,46.0,125.126,7922656556.0
1353.843,0.0,90252.0,5067.0,46.0,125.126,7922656556.0
1353.942,0.0,90252.0,5067.0,46.0,125.137,7922669051.0
1354.042,0.0,90252.0,5067.0,46.0,125.057,7922681512.0
1354.143,0.0,90252.0,5067.0,46.0,125.099,7922694011.0
1354.243,0.0,90252.0,5067.0,46.0,125.132,7922706528.0
1354.343,0.0,90252.0,5067.0,46.0,125.107,7922719031.0
1354.442,0.0,90252.0,5067.0,46.0,125.132,7922731522.0
1354.542,0.0,90252.0,5067.0,46.0,125.128,7922744044.0
1354.642,0.0,90252.0,5067.0,46.0,125.126,7922756555.0
1354.742,0.0,90252.0,5067.0,46.0,125.093,7922769047.0
1354.843,0.0,90252.0,5067.0,46.0,125.085,7922781531.0
1354.942,0.0,90252.0,5067.0,46.0,125.126,7922794056.0
1355.042,0.0,90252.0,5067.0,46.0,125.114,7922806543.0
1355.142,0.0,90252.0,5067.0,46.0,125.093,7922819024.0
1355.242,0.0,90252.0,5067.0,46.0,125.083,7922831541.0
1355.343,0.0,90252.0,5067.0,46.0,125.052,7922844018.0
1355.442,0.0,90252.0,5067.0,46.0,125.048,7922856508.0
1355.542,0.0,90252.0,5067.0,46.0,125.028,7922881514.0
1355.643,0.0,90252.0,5067.0,46.0,125.062,7922894041.0
1355.743,0.0,90252.0,5067.0,46.0,125.078,7922906544.0
1355.843,0.0,90252.0,5067.0,46.0,125.081,7922919067.0
1355.942,0.0,90252.0,5067.0,46.0,125.098,7922931574.0
1356.042,0.0,90252.0,5067.0,46.0,125.09,7922944037.0
1356.142,0.0,90252.0,5067.0,46.0,125.088,7922956544.0
1356.243,0.0,90252.0,5067.0,46.0,125.069,7922969045.0
1356.343,0.0,90252.0,5067.0,46.0,125.092,7922981553.0
1356.442,0.0,90252.0,5067.0,46.0,125.12,7922994058.0
1356.543,0.0,90252.0,5067.0,46.0,125.111,7923006552.0
1356.643,0.0,90252.0,5067.0,46.0,125.091,7923019045.0
1356.743,0.0,90252.0,5067.0,46.0,125.033,7923031523.0
1356.843,0.0,90252.0,5067.0,46.0,125.071,7923044050.0
1356.942,0.0,90252.0,5067.0,46.0,125.044,7923056508.0
1357.043,0.0,90252.0,5067.0,46.0,125.034,7923056508.0
1357.143,0.0,90252.0,5067.0,46.0,125.03,7923069012.0
1357.243,0.0,90252.0,5067.0,46.0,125.031,7923081498.0
1357.342,0.0,90252.0,5067.0,46.0,125.035,7923093998.0
1357.443,0.0,90252.0,5067.0,46.0,125.026,7923106489.0
1357.543,0.0,90252.0,5067.0,46.0,125.006,7923118980.0
1357.643,0.0,90252.0,5067.0,46.0,124.996,7923131465.0
1357.742,0.0,90252.0,5067.0,46.0,125.043,7923143964.0
1357.843,0.0,90252.0,5067.0,46.0,125.022,7923156469.0
1357.942,0.0,90252.0,5067.0,46.0,125.025,7923168976.0
1358.042,0.0,90252.0,5067.0,46.0,125.032,7923181471.0
1358.142,0.0,90252.0,5067.0,46.0,125.035,7923193961.0
1358.243,0.0,90252.0,5067.0,46.0,125.024,7923206456.0
1358.343,0.0,90252.0,5067.0,46.0,125.07,7923218969.0
1358.443,0.0,90252.0,5067.0,46.0,125.057,7923231494.0
1358.543,0.0,90252.0,5067.0,46.0,125.045,7923243956.0
1358.643,0.0,90252.0,5067.0,46.0,125.053,7923268937.0
1358.743,0.0,90252.0,5067.0,46.0,125.06,7923281433.0
1358.843,0.0,90252.0,5067.0,46.0,125.007,7923293905.0
1358.943,0.0,90252.0,5067.0,46.0,125.02,7923306413.0
1359.043,0.0,90252.0,5067.0,46.0,125.043,7923318918.0
1359.143,0.0,90252.0,5067.0,46.0,125.028,7923331428.0
1359.242,0.0,90252.0,5067.0,46.0,125.037,7923343917.0
1359.342,0.0,90252.0,5067.0,46.0,125.013,7923356438.0
1359.442,0.0,90252.0,5067.0,46.0,125.0,7923368934.0
1359.543,0.0,90252.0,5067.0,46.0,125.067,7923381438.0
1359.643,0.0,90252.0,5067.0,46.0,125.015,7923393918.0
1359.743,0.0,90252.0,5067.0,46.0,125.041,7923406420.0
1359.843,0.0,90252.0,5067.0,46.0,125.047,7923418926.0
1359.942,0.0,90252.0,5067.0,46.0,125.055,7923431423.0
1360.042,0.0,90252.0,5067.0,46.0,125.043,7923443928.0
1360.142,0.0,90252.0,5067.0,46.0,125.043,7923443928.0
1360.243,0.0,90252.0,5067.0,46.0,125.072,7923456413.0
1360.343,0.0,90252.0,5067.0,46.0,125.041,7923468934.0
1360.442,0.0,90252.0,5067.0,46.0,125.073,7923481437.0
1360.542,0.0,90252.0,5067.0,46.0,125.026,7923493936.0
1360.643,0.0,90252.0,5067.0,46.0,125.046,7923506443.0
1360.743,0.0,90252.0,5067.0,46.0,125.035,7923518945.0
1360.843,0.0,90252.0,5067.0,46.0,125.048,7923531426.0
1360.943,0.0,90252.0,5067.0,46.0,125.024,7923543915.0
1361.042,0.0,90252.0,5067.0,46.0,124.995,7923556384.0
1361.143,0.0,90252.0,5067.0,46.0,124.96,7923568869.0
1361.242,0.0,90252.0,5067.0,46.0,124.986,7923581337.0
1361.342,0.0,90252.0,5067.0,46.0,124.975,7923593850.0
1361.442,0.0,90252.0,5067.0,46.0,124.967,7923606327.0
1361.542,0.0,90252.0,5067.0,46.0,124.939,7923618827.0
1361.643,0.0,90252.0,5067.0,46.0,124.966,7923631304.0
1361.743,0.0,90252.0,5067.0,46.0,124.954,7923643826.0
1361.843,0.0,90252.0,5067.0,46.0,124.961,7923668854.0
1361.943,0.0,90252.0,5067.0,46.0,124.999,7923681348.0
1362.042,0.0,90252.0,5067.0,46.0,125.039,7923693855.0
1362.142,0.0,90252.0,5067.0,46.0,125.044,7923706342.0
1362.243,0.0,90252.0,5067.0,46.0,125.029,7923718840.0
1362.342,0.0,90252.0,5067.0,46.0,125.01,7923731315.0
1362.443,0.0,90252.0,5067.0,46.0,125.01,7923743823.0
1362.543,0.0,90252.0,5067.0,46.0,125.017,7923756292.0
1362.643,0.0,90252.0,5067.0,46.0,124.983,7923768783.0
1362.742,0.0,90252.0,5067.0,46.0,124.964,7923781291.0
1362.843,0.0,90252.0,5067.0,46.0,124.949,7923793750.0
1362.943,0.0,90252.0,5067.0,46.0,124.92,7923806233.0
1363.043,0.0,90252.0,5067.0,46.0,124.91,7923818735.0
1363.143,0.0,90252.0,5067.0,46.0,124.901,7923831231.0
1363.243,0.0,90252.0,5067.0,46.0,124.913,7923843697.0
1363.342,0.0,90252.0,5067.0,46.0,124.914,7923856187.0
1363.442,0.0,90252.0,5067.0,46.0,124.914,7923856187.0
1363.543,0.0,90252.0,5067.0,46.0,124.917,7923868668.0
1363.643,0.0,90252.0,5067.0,46.0,124.894,7923881151.0
1363.743,0.0,90252.0,5067.0,46.0,124.936,7923893650.0
1363.843,0.0,90252.0,5067.0,46.0,124.951,7923906146.0
1363.943,0.0,90252.0,5067.0,46.0,124.913,7923918634.0
1364.043,0.0,90252.0,5067.0,46.0,124.94,7923931138.0
1364.143,0.0,90252.0,5067.0,46.0,124.984,7923943672.0
1364.243,0.0,90252.0,5067.0,46.0,124.986,7923956155.0
1364.343,0.0,90252.0,5067.0,46.0,125.001,7923968633.0
1364.443,0.0,90252.0,5067.0,46.0,124.973,7923981127.0
1364.543,0.0,90252.0,5067.0,46.0,125.036,7923993606.0
1364.643,0.0,90252.0,5067.0,46.0,125.009,7924006087.0
1364.743,0.0,90252.0,5067.0,46.0,124.97,7924018559.0
1364.843,0.0,90252.0,5067.0,46.0,124.949,7924031034.0
1364.943,0.0,90252.0,5067.0,46.0,125.009,7924043513.0
1365.043,0.0,90252.0,5067.0,46.0,124.941,7924068516.0
1365.143,0.0,90252.0,5067.0,46.0,124.948,7924080987.0
1365.243,0.0,90252.0,5067.0,46.0,124.918,7924093469.0
1365.343,0.0,90252.0,5067.0,46.0,124.924,7924105961.0
1365.443,0.0,90252.0,5067.0,46.0,124.931,7924118435.0
1365.543,0.0,90252.0,5067.0,46.0,124.905,7924130930.0
1365.643,0.0,90252.0,5067.0,46.0,124.91,7924143393.0
1365.743,0.0,90252.0,5067.0,46.0,124.903,7924155856.0
1365.843,0.0,90252.0,5067.0,46.0,124.921,7924168340.0
1365.943,0.0,90252.0,5067.0,46.0,124.869,7924180803.0
1366.043,0.0,90252.0,5067.0,46.0,124.842,7924193293.0
1366.143,0.0,90252.0,5067.0,46.0,124.839,7924205753.0
1366.243,0.0,90252.0,5067.0,46.0,124.865,7924218257.0
1366.343,0.0,90252.0,5067.0,46.0,124.866,7924230742.0
1366.442,0.0,90252.0,5067.0,46.0,124.878,7924243236.0
1366.542,0.0,90252.0,5067.0,46.0,124.878,7924243236.0
1366.643,0.0,90252.0,5067.0,46.0,124.876,7924255721.0
1366.743,0.0,90252.0,5067.0,46.0,124.849,7924268187.0
1366.843,0.0,90252.0,5067.0,46.0,124.872,7924280686.0
1366.943,0.0,90252.0,5067.0,46.0,124.904,7924293226.0
1367.043,0.0,90252.0,5067.0,46.0,124.952,7924305716.0
1367.143,0.0,90252.0,5067.0,46.0,124.964,7924318170.0
1367.243,0.0,90252.0,5067.0,46.0,124.949,7924330675.0
1367.351,0.0,90252.0,5067.0,46.0,124.984,7924343162.0
1367.444,0.0,90252.0,5067.0,46.0,124.97,7924355657.0
1367.543,0.0,90252.0,5067.0,46.0,124.984,7924368147.0
1367.643,0.0,90252.0,5067.0,46.0,124.984,7924380619.0
1367.743,0.0,90252.0,5067.0,46.0,125.001,7924393103.0
1367.843,0.0,90252.0,5067.0,46.0,124.968,7924405605.0
1367.943,0.0,90252.0,5067.0,46.0,125.007,7924418076.0
1368.043,0.0,90252.0,5067.0,46.0,124.987,7924430601.0
1368.143,0.0,90252.0,5067.0,46.0,124.944,7924443072.0
1368.243,0.0,90252.0,5067.0,46.0,124.952,7924468009.0
1368.343,0.0,90252.0,5067.0,46.0,124.921,7924480484.0
1368.443,0.0,90252.0,5067.0,46.0,124.873,7924492935.0
1368.542,0.0,90252.0,5067.0,46.0,124.871,7924505450.0
1368.643,0.0,90252.0,5067.0,46.0,124.831,7924517906.0
1368.743,0.0,90252.0,5067.0,46.0,124.832,7924530384.0
1368.842,0.0,90252.0,5067.0,46.0,124.806,7924542839.0
1368.942,0.0,90252.0,5067.0,46.0,124.745,7924555328.0
1369.042,0.0,90252.0,5067.0,46.0,124.735,7924567770.0
1369.143,0.0,90252.0,5067.0,46.0,124.729,7924580223.0
1369.243,0.0,90252.0,5067.0,46.0,124.697,7924592698.0
1369.343,0.0,90252.0,5067.0,46.0,124.753,7924605197.0
1369.442,0.0,90252.0,5067.0,46.0,124.782,7924617677.0
1369.543,0.0,90252.0,5067.0,46.0,124.836,7924630206.0
1369.643,0.0,90252.0,5067.0,46.0,124.836,7924642672.0
1369.743,0.0,90252.0,5067.0,46.0,124.836,7924655122.0
1369.843,0.0,90252.0,5067.0,46.0,124.799,7924655122.0
1369.942,0.0,90252.0,5067.0,46.0,124.8,7924667583.0
1370.043,0.0,90252.0,5067.0,46.0,124.844,7924680107.0
1370.143,0.0,90252.0,5067.0,46.0,124.877,7924692585.0
1370.242,0.0,90252.0,5067.0,46.0,124.876,7924705040.0
1370.343,0.0,90252.0,5067.0,46.0,124.922,7924717543.0
1370.442,0.0,90252.0,5067.0,46.0,124.94,7924730050.0
1370.542,0.0,90252.0,5067.0,46.0,124.925,7924742499.0
1370.643,0.0,90252.0,5067.0,46.0,124.874,7924754981.0
1370.743,0.0,90252.0,5067.0,46.0,124.912,7924767461.0
1370.843,0.0,90252.0,5067.0,46.0,124.914,7924779921.0
1370.943,0.0,90252.0,5067.0,46.0,124.846,7924792401.0
1371.042,0.0,90252.0,5067.0,46.0,124.849,7924804827.0
1371.142,0.0,90252.0,5067.0,46.0,124.864,7924817305.0
1371.243,0.0,90252.0,5067.0,46.0,124.85,7924829800.0
1371.342,0.0,90252.0,5067.0,46.0,124.808,7924842275.0
1371.443,0.0,90252.0,5067.0,46.0,124.841,7924867250.0
1371.543,0.0,90252.0,5067.0,46.0,124.858,7924879725.0
1371.643,0.0,90252.0,5067.0,46.0,124.841,7924892193.0
1371.743,0.0,90252.0,5067.0,46.0,124.846,7924904664.0
1371.843,0.0,90252.0,5067.0,46.0,124.863,7924917174.0
1371.943,0.0,90252.0,5067.0,46.0,124.87,7924929635.0
1372.043,0.0,90252.0,5067.0,46.0,124.9,7924942117.0
1372.143,0.0,90252.0,5067.0,46.0,124.852,7924954565.0
1372.242,0.0,90252.0,5067.0,46.0,124.857,7924967049.0
1372.343,0.0,90252.0,5067.0,46.0,124.876,7924979530.0
1372.442,0.0,90252.0,5067.0,46.0,124.896,7924992025.0
1372.543,0.0,90252.0,5067.0,46.0,124.882,7925004475.0
1372.643,0.0,90252.0,5067.0,46.0,124.907,7925016956.0
1372.743,0.0,90252.0,5067.0,46.0,124.893,7925029419.0
1372.843,0.0,90252.0,5067.0,46.0,124.904,7925041907.0
1372.943,0.0,90252.0,5067.0,46.0,124.904,7925041907.0
1373.042,0.0,90252.0,5067.0,46.0,124.909,7925054382.0
1373.143,0.0,90252.0,5067.0,46.0,124.884,7925066849.0
1373.243,0.0,90252.0,5067.0,46.0,124.925,7925079321.0
1373.343,0.0,90252.0,5067.0,46.0,124.921,7925091810.0
1373.443,0.0,90252.0,5067.0,46.0,124.905,7925104288.0
1373.542,0.0,90252.0,5067.0,46.0,124.911,7925116781.0
1373.643,0.0,90252.0,5067.0,46.0,124.904,7925129275.0
1373.743,0.0,90252.0,5067.0,46.0,124.881,7925141745.0
1373.843,0.0,90252.0,5067.0,46.0,124.878,7925154208.0
1373.943,0.0,90252.0,5067.0,46.0,124.839,7925166663.0
1374.043,0.0,90252.0,5067.0,46.0,124.851,7925179135.0
1374.143,0.0,90252.0,5067.0,46.0,124.875,7925191610.0
1374.242,0.0,90252.0,5067.0,46.0,124.847,7925204109.0
1374.342,0.0,90252.0,5067.0,46.0,124.86,7925216573.0
1374.442,0.0,90252.0,5067.0,46.0,124.855,7925229078.0
1374.542,0.0,90252.0,5067.0,46.0,124.843,7925254044.0
1374.642,0.0,90252.0,5067.0,46.0,124.832,7925266513.0
1374.743,0.0,90252.0,5067.0,46.0,124.845,7925278994.0
1374.843,0.0,90252.0,5067.0,46.0,124.849,7925291459.0
1374.942,0.0,90252.0,5067.0,46.0,124.864,7925303956.0
1375.042,0.0,90252.0,5067.0,46.0,124.831,7925316411.0
1375.142,0.0,90252.0,5067.0,46.0,124.817,7925328878.0
1375.242,0.0,90252.0,5067.0,46.0,124.824,7925341346.0
1375.342,0.0,90252.0,5067.0,46.0,124.822,7925353815.0
1375.442,0.0,90252.0,5067.0,46.0,124.814,7925366309.0
1375.543,0.0,90252.0,5067.0,46.0,124.805,7925378779.0
1375.643,0.0,90252.0,5067.0,46.0,124.832,7925391271.0
1375.742,0.0,90252.0,5067.0,46.0,124.826,7925403734.0
1375.843,0.0,90252.0,5067.0,46.0,124.817,7925416205.0
1375.943,0.0,90252.0,5067.0,46.0,124.796,7925428670.0
1376.042,0.0,90252.0,5067.0,46.0,124.796,7925428670.0
1376.142,0.0,90252.0,5067.0,46.0,124.843,7925441167.0
1376.242,0.0,90252.0,5067.0,46.0,124.861,7925453659.0
1376.343,0.0,90252.0,5067.0,46.0,124.876,7925466157.0
1376.442,0.0,90252.0,5067.0,46.0,124.866,7925478627.0
1376.542,0.0,90252.0,5067.0,46.0,124.86,7925491099.0
1376.642,0.0,90252.0,5067.0,46.0,124.9,7925503623.0
1376.743,0.0,90252.0,5067.0,46.0,124.92,7925516093.0
1376.843,0.0,90252.0,5067.0,46.0,124.896,7925528584.0
1376.943,0.0,90252.0,5067.0,46.0,124.909,7925541049.0
1377.042,0.0,90252.0,5067.0,46.0,124.901,7925553527.0
1377.142,0.0,90252.0,5067.0,46.0,124.887,7925566038.0
1377.242,0.0,90252.0,5067.0,46.0,124.884,7925578505.0
1377.342,0.0,90252.0,5067.0,46.0,124.909,7925590986.0
1377.443,0.0,90252.0,5067.0,46.0,124.924,7925603485.0
1377.543,0.0,90252.0,5067.0,46.0,124.823,7925615944.0
1377.643,0.0,90252.0,5067.0,46.0,124.844,7925640891.0
1377.743,0.0,90252.0,5067.0,46.0,124.873,7925653364.0
1377.843,0.0,90252.0,5067.0,46.0,124.869,7925665854.0
1377.943,0.0,90252.0,5067.0,46.0,124.872,7925678326.0
1378.043,0.0,90252.0,5067.0,46.0,124.835,7925690769.0
1378.143,0.0,90252.0,5067.0,46.0,124.855,7925703277.0
1378.242,0.0,90252.0,5067.0,46.0,124.857,7925715756.0
1378.343,0.0,90252.0,5067.0,46.0,124.821,7925728218.0
1378.442,0.0,90252.0,5067.0,46.0,124.791,7925740685.0
1378.542,0.0,90252.0,5067.0,46.0,124.844,7925753151.0
1378.643,0.0,90252.0,5067.0,46.0,124.868,7925765652.0
1378.743,0.0,90252.0,5067.0,46.0,124.849,7925778130.0
1378.843,0.0,90252.0,5067.0,46.0,124.819,7925790602.0
1378.943,0.0,90252.0,5067.0,46.0,124.843,7925803095.0
1379.042,0.0,90252.0,5067.0,46.0,124.861,7925815564.0
1379.143,0.0,90252.0,5067.0,46.0,124.823,7925815564.0
1379.243,0.0,90252.0,5067.0,46.0,124.812,7925828038.0
1379.343,0.0,90252.0,5067.0,46.0,124.843,7925840515.0
1379.442,0.0,90252.0,5067.0,46.0,124.873,7925853008.0
1379.543,0.0,90252.0,5067.0,46.0,124.874,7925865476.0
1379.642,0.0,90252.0,5067.0,46.0,124.874,7925877973.0
1379.743,0.0,90252.0,5067.0,46.0,124.873,7925890467.0
1379.843,0.0,90252.0,5067.0,46.0,124.922,7925902958.0
1379.942,0.0,90252.0,5067.0,46.0,124.937,7925915434.0
1380.042,0.0,90252.0,5067.0,46.0,124.937,7925927933.0
1380.142,0.0,90252.0,5067.0,46.0,124.942,7925940419.0
1380.242,0.0,90252.0,5067.0,46.0,124.97,7925952901.0
1380.343,0.0,90252.0,5067.0,46.0,124.969,7925965363.0
1380.442,0.0,90252.0,5067.0,46.0,124.942,7925977822.0
1380.542,0.0,90252.0,5067.0,46.0,124.936,7925990313.0
1380.642,0.0,90252.0,5067.0,46.0,124.917,7926002773.0
1380.742,0.0,90252.0,5067.0,46.0,124.897,7926027737.0
1380.843,0.0,90252.0,5067.0,46.0,124.873,7926040232.0
1380.942,0.0,90252.0,5067.0,46.0,124.899,7926052679.0
1381.042,0.0,90252.0,5067.0,46.0,124.856,7926065177.0
1381.143,0.0,90252.0,5067.0,46.0,124.874,7926077651.0
1381.243,0.0,90252.0,5067.0,46.0,124.855,7926090129.0
1381.342,0.0,90252.0,5067.0,46.0,124.855,7926102598.0
1381.442,0.0,90252.0,5067.0,46.0,124.862,7926115095.0
1381.542,0.0,90252.0,5067.0,46.0,124.881,7926127577.0
1381.643,0.0,90252.0,5067.0,46.0,124.894,7926140071.0
1381.743,0.0,90252.0,5067.0,46.0,124.917,7926152516.0
1381.843,0.0,90252.0,5067.0,46.0,124.897,7926164979.0
1381.943,0.0,90252.0,5067.0,46.0,124.843,7926177441.0
1382.043,0.0,90252.0,5067.0,46.0,124.837,7926189908.0
1382.143,0.0,90252.0,5067.0,46.0,124.823,7926202364.0
1382.242,0.0,90252.0,5067.0,46.0,124.821,7926202364.0
1382.343,0.0,90252.0,5067.0,46.0,124.823,7926214853.0
1382.442,0.0,90252.0,5067.0,46.0,124.859,7926227344.0
1382.542,0.0,90252.0,5067.0,46.0,124.834,7926239825.0
1382.643,0.0,90252.0,5067.0,46.0,124.85,7926252313.0
1382.743,0.0,90252.0,5067.0,46.0,124.836,7926264793.0
1382.842,0.0,90252.0,5067.0,46.0,124.828,7926277262.0
1382.942,0.0,90252.0,5067.0,46.0,124.846,7926289739.0
1383.043,0.0,90252.0,5067.0,46.0,124.864,7926302207.0
1383.143,0.0,90252.0,5067.0,46.0,124.854,7926314682.0
1383.243,0.0,90252.0,5067.0,46.0,124.869,7926327168.0
1383.343,0.0,90252.0,5067.0,46.0,124.844,7926339629.0
1383.443,0.0,90252.0,5067.0,46.0,124.847,7926352112.0
1383.543,0.0,90252.0,5067.0,46.0,124.845,7926364596.0
1383.643,0.0,90252.0,5067.0,46.0,124.831,7926377073.0
1383.742,0.0,90252.0,5067.0,46.0,124.87,7926402047.0
1383.843,0.0,90252.0,5067.0,46.0,124.856,7926414495.0
1383.943,0.0,90252.0,5067.0,46.0,124.859,7926426996.0
1384.043,0.0,90252.0,5067.0,46.0,124.862,7926439463.0
1384.143,0.0,90252.0,5067.0,46.0,124.879,7926451950.0
1384.242,0.0,90252.0,5067.0,46.0,124.904,7926464448.0
1384.342,0.0,90252.0,5067.0,46.0,124.919,7926476942.0
1384.442,0.0,90252.0,5067.0,46.0,124.937,7926489456.0
1384.542,0.0,90252.0,5067.0,46.0,124.922,7926501944.0
1384.642,0.0,90252.0,5067.0,46.0,124.973,7926514469.0
1384.742,0.0,90252.0,5067.0,46.0,124.91,7926526897.0
1384.842,0.0,90252.0,5067.0,46.0,124.942,7926539386.0
1384.943,0.0,90252.0,5067.0,46.0,124.944,7926551843.0
1385.043,0.0,90252.0,5067.0,46.0,124.927,7926564323.0
1385.143,0.0,90252.0,5067.0,46.0,124.934,7926576800.0
1385.243,0.0,90252.0,5067.0,46.0,124.912,7926589301.0
1385.343,0.0,90252.0,5067.0,46.0,124.912,7926589301.0
1385.443,0.0,90252.0,5067.0,46.0,124.921,7926601804.0
1385.542,0.0,90252.0,5067.0,46.0,124.892,7926614257.0
1385.643,0.0,90252.0,5067.0,46.0,124.894,7926626734.0
1385.743,0.0,90252.0,5067.0,46.0,124.85,7926639215.0
1385.842,0.0,90252.0,5067.0,46.0,124.842,7926651688.0
1385.943,0.0,90252.0,5067.0,46.0,124.841,7926664148.0
1386.042,0.0,90252.0,5067.0,46.0,124.843,7926676625.0
1386.142,0.0,90252.0,5067.0,46.0,124.86,7926689121.0
1386.243,0.0,90252.0,5067.0,46.0,124.832,7926701560.0
1386.342,0.0,90252.0,5067.0,46.0,124.818,7926714041.0
1386.442,0.0,90252.0,5067.0,46.0,124.797,7926726516.0
1386.542,0.0,90252.0,5067.0,46.0,124.813,7926738984.0
1386.643,0.0,90252.0,5067.0,46.0,124.809,7926751469.0
1386.743,0.0,90252.0,5067.0,46.0,124.803,7926763956.0
1386.843,0.0,90252.0,5067.0,46.0,124.871,7926776456.0
1386.942,0.0,90252.0,5067.0,46.0,124.845,7926788942.0
1387.042,0.0,90252.0,5067.0,46.0,124.824,7926813887.0
1387.142,0.0,90252.0,5067.0,46.0,124.871,7926826372.0
1387.243,0.0,90252.0,5067.0,46.0,124.877,7926838849.0
1387.342,0.0,90252.0,5067.0,46.0,124.892,7926851368.0
1387.442,0.0,90252.0,5067.0,46.0,124.887,7926863857.0
1387.542,0.0,90252.0,5067.0,46.0,124.906,7926876340.0
1387.642,0.0,90252.0,5067.0,46.0,124.882,7926888799.0
1387.742,0.0,90252.0,5067.0,46.0,124.841,7926901259.0
1387.843,0.0,90252.0,5067.0,46.0,124.841,7926913761.0
1387.943,0.0,90252.0,5067.0,46.0,124.885,7926926225.0
1388.042,0.0,90252.0,5067.0,46.0,124.87,7926938708.0
1388.142,0.0,90252.0,5067.0,46.0,124.856,7926951180.0
1388.242,0.0,90252.0,5067.0,46.0,124.827,7926963655.0
1388.343,0.0,90252.0,5067.0,46.0,124.85,7926976139.0
1388.443,0.0,90252.0,5067.0,46.0,124.834,7926988597.0
1388.543,0.0,90252.0,5067.0,46.0,124.804,7927001088.0
1388.643,0.0,90252.0,5067.0,46.0,124.804,7927001088.0
1388.743,0.0,90252.0,5067.0,46.0,124.836,7927013555.0
1388.843,0.0,90252.0,5067.0,46.0,124.824,7927026019.0
1388.943,0.0,90252.0,5067.0,46.0,124.851,7927038520.0
1389.043,0.0,90252.0,5067.0,46.0,124.809,7927050954.0
1389.143,0.0,90252.0,5067.0,46.0,124.808,7927063436.0
1389.243,0.0,90252.0,5067.0,46.0,124.795,7927075919.0
1389.343,0.0,90252.0,5067.0,46.0,124.864,7927088433.0
1389.442,0.0,90252.0,5067.0,46.0,124.827,7927100895.0
1389.542,0.0,90252.0,5067.0,46.0,124.844,7927113383.0
1389.643,0.0,90252.0,5067.0,46.0,124.873,7927125876.0
1389.743,0.0,90252.0,5067.0,46.0,124.895,7927138371.0
1389.843,0.0,90252.0,5067.0,46.0,124.86,7927150824.0
1389.942,0.0,90252.0,5067.0,46.0,124.876,7927163306.0
1390.042,0.0,90252.0,5067.0,46.0,124.924,7927175821.0
1390.143,0.0,90252.0,5067.0,46.0,124.933,7927188294.0
1390.243,0.0,90252.0,5067.0,46.0,124.942,7927213283.0
1390.342,0.0,90252.0,5067.0,46.0,124.898,7927225758.0
1390.443,0.0,90252.0,5067.0,46.0,124.925,7927238239.0
1390.543,0.0,90252.0,5067.0,46.0,124.925,7927250697.0
1390.643,0.0,90252.0,5067.0,46.0,124.907,7927263207.0
1390.743,0.0,90252.0,5067.0,46.0,124.915,7927275672.0
1390.843,0.0,90252.0,5067.0,46.0,124.918,7927288137.0
1390.943,0.0,90252.0,5067.0,46.0,124.892,7927300602.0
1391.042,0.0,90252.0,5067.0,46.0,124.839,7927313047.0
1391.142,0.0,90252.0,5067.0,46.0,124.807,7927325532.0
1391.242,0.0,90252.0,5067.0,46.0,124.812,7927338020.0
1391.343,0.0,90252.0,5067.0,46.0,124.817,7927350518.0
1391.442,0.0,90252.0,5067.0,46.0,124.831,7927362991.0
1391.542,0.0,90252.0,5067.0,46.0,124.846,7927375459.0
1391.642,0.0,90252.0,5067.0,46.0,124.827,7927387914.0
1391.742,0.0,90252.0,5067.0,46.0,124.78,7927387914.0
1391.842,0.0,90252.0,5067.0,46.0,124.805,7927400398.0
1391.942,0.0,90252.0,5067.0,46.0,124.83,7927412888.0
1392.042,0.0,90252.0,5067.0,46.0,124.842,7927425362.0
1392.142,0.0,90252.0,5067.0,46.0,124.871,7927437833.0
1392.242,0.0,90252.0,5067.0,46.0,124.889,7927450332.0
1392.343,0.0,90252.0,5067.0,46.0,124.882,7927462814.0
1392.443,0.0,90252.0,5067.0,46.0,124.852,7927475295.0
1392.543,0.0,90252.0,5067.0,46.0,124.868,7927487786.0
1392.642,0.0,90252.0,5067.0,46.0,124.862,7927500261.0
1392.743,0.0,90252.0,5067.0,46.0,124.907,7927512756.0
1392.843,0.0,90252.0,5067.0,46.0,124.901,7927525235.0
1392.942,0.0,90252.0,5067.0,46.0,124.884,7927537695.0
1393.042,0.0,90252.0,5067.0,46.0,124.895,7927550177.0
1393.142,0.0,90252.0,5067.0,46.0,124.941,7927562691.0
1393.242,0.0,90252.0,5067.0,46.0,124.942,7927575162.0
1393.342,0.0,90252.0,5067.0,46.0,124.92,7927587634.0
1393.442,0.0,90252.0,5067.0,46.0,124.903,7927612597.0
1393.543,0.0,90252.0,5067.0,46.0,124.896,7927625057.0
1393.643,0.0,90252.0,5067.0,46.0,124.885,7927637561.0
1393.743,0.0,90252.0,5067.0,46.0,124.88,7927650036.0
1393.843,0.0,90252.0,5067.0,46.0,124.944,7927662557.0
1393.943,0.0,90252.0,5067.0,46.0,124.953,7927675063.0
1394.043,0.0,90252.0,5067.0,46.0,124.901,7927687504.0
1394.142,0.0,90252.0,5067.0,46.0,124.886,7927699999.0
1394.243,0.0,90252.0,5067.0,46.0,124.89,7927712474.0
1394.343,0.0,90252.0,5067.0,46.0,124.919,7927724939.0
1394.442,0.0,90252.0,5067.0,46.0,124.91,7927737432.0
1394.543,0.0,90252.0,5067.0,46.0,124.954,7927749929.0
1394.642,0.0,90252.0,5067.0,46.0,124.933,7927762421.0
1394.743,0.0,90252.0,5067.0,46.0,124.936,7927774907.0
1394.843,0.0,90252.0,5067.0,46.0,124.894,7927787367.0
1394.943,0.0,90252.0,5067.0,46.0,124.868,7927799849.0
1395.042,0.0,90252.0,5067.0,46.0,124.868,7927799849.0
1395.142,0.0,90252.0,5067.0,46.0,124.891,7927812318.0
1395.243,0.0,90252.0,5067.0,46.0,124.932,7927824837.0
1395.342,0.0,90252.0,5067.0,46.0,124.937,7927837302.0
1395.443,0.0,90252.0,5067.0,46.0,124.931,7927849793.0
1395.542,0.0,90252.0,5067.0,46.0,124.907,7927862270.0
1395.643,0.0,90252.0,5067.0,46.0,124.936,7927874789.0
1395.743,0.0,90252.0,5067.0,46.0,124.96,7927887278.0
1395.842,0.0,90252.0,5067.0,46.0,124.951,7927899754.0
1395.943,0.0,90252.0,5067.0,46.0,124.959,7927912242.0
1396.043,0.0,90252.0,5067.0,46.0,124.942,7927924714.0
1396.142,0.0,90252.0,5067.0,46.0,124.985,7927937205.0
1396.243,0.0,90252.0,5067.0,46.0,124.964,7927949685.0
1396.342,0.0,90252.0,5067.0,46.0,124.955,7927962171.0
1396.442,0.0,90252.0,5067.0,46.0,124.955,7927974672.0
1396.543,0.0,90252.0,5067.0,46.0,124.97,7927999658.0
1396.643,0.0,90252.0,5067.0,46.0,124.944,7928012179.0
1396.742,0.0,90252.0,5067.0,46.0,124.971,7928024681.0
1396.843,0.0,90252.0,5067.0,46.0,124.995,7928037174.0
1396.943,0.0,90252.0,5067.0,46.0,125.002,7928049656.0
1397.042,0.0,90252.0,5067.0,46.0,125.003,7928062159.0
1397.142,0.0,90252.0,5067.0,46.0,124.984,7928074629.0
1397.242,0.0,90252.0,5067.0,46.0,124.989,7928087101.0
1397.343,0.0,90252.0,5067.0,46.0,125.006,7928099594.0
1397.443,0.0,90252.0,5067.0,46.0,125.038,7928112098.0
1397.543,0.0,90252.0,5067.0,46.0,125.0,7928124566.0
1397.643,0.0,90252.0,5067.0,46.0,125.021,7928137090.0
1397.743,0.0,90252.0,5067.0,46.0,125.071,7928149622.0
1397.843,0.0,90252.0,5067.0,46.0,125.055,7928162106.0
1397.942,0.0,90252.0,5067.0,46.0,125.032,7928174563.0
1398.042,0.0,90252.0,5067.0,46.0,125.032,7928174563.0
1398.143,0.0,90252.0,5067.0,46.0,125.012,7928187069.0
1398.242,0.0,90252.0,5067.0,46.0,125.054,7928199576.0
1398.342,0.0,90252.0,5067.0,46.0,125.059,7928212068.0
1398.443,0.0,90252.0,5067.0,46.0,125.058,7928224577.0
1398.543,0.0,90252.0,5067.0,46.0,125.028,7928237035.0
1398.642,0.0,90252.0,5067.0,46.0,125.047,7928249553.0
1398.742,0.0,90252.0,5067.0,46.0,125.027,7928262048.0
1398.842,0.0,90252.0,5067.0,46.0,125.007,7928274561.0
1398.942,0.0,90252.0,5067.0,46.0,124.979,7928287019.0
1399.042,0.0,90252.0,5067.0,46.0,125.012,7928299528.0
1399.143,0.0,90252.0,5067.0,46.0,124.967,7928311986.0
1399.243,0.0,90252.0,5067.0,46.0,124.9,7928324453.0
1399.343,0.0,90252.0,5067.0,46.0,124.892,7928336928.0
1399.442,0.0,90252.0,5067.0,46.0,124.895,7928349429.0
1399.542,0.0,90252.0,5067.0,46.0,124.972,7928361964.0
1399.642,0.0,90252.0,5067.0,46.0,124.928,7928374451.0
1399.743,0.0,90252.0,5067.0,46.0,124.893,7928399411.0
1399.843,0.0,90252.0,5067.0,46.0,124.883,7928411913.0
1399.942,0.0,90252.0,5067.0,46.0,124.92,7928424416.0
1400.043,0.0,90252.0,5067.0,46.0,124.953,7928436894.0
1400.143,0.0,90252.0,5067.0,46.0,124.979,7928449392.0
1400.243,0.0,90252.0,5067.0,46.0,125.014,7928461900.0
1400.343,0.0,90252.0,5067.0,46.0,124.972,7928474347.0
1400.442,0.0,90252.0,5067.0,46.0,124.9,7928486823.0
1400.542,0.0,90252.0,5067.0,46.0,124.872,7928499262.0
1400.643,0.0,90252.0,5067.0,46.0,124.937,7928511760.0
1400.743,0.0,90252.0,5067.0,46.0,124.881,7928524214.0
1400.842,0.0,90252.0,5067.0,46.0,124.855,7928536684.0
1400.943,0.0,90252.0,5067.0,46.0,124.849,7928549179.0
1401.043,0.0,90252.0,5067.0,46.0,124.884,7928561689.0
1401.143,0.0,90252.0,5067.0,46.0,124.868,7928574170.0
1401.243,0.0,90252.0,5067.0,46.0,124.868,7928586673.0
1401.343,0.0,90252.0,5067.0,46.0,124.867,7928586673.0
1401.443,0.0,90252.0,5067.0,46.0,124.89,7928599169.0
1401.543,0.0,90252.0,5067.0,46.0,124.902,7928611649.0
1401.642,0.0,90252.0,5067.0,46.0,124.921,7928624107.0
1401.743,0.0,90252.0,5067.0,46.0,124.879,7928636598.0
1401.843,0.0,90252.0,5067.0,46.0,124.906,7928649059.0
1401.942,0.0,90252.0,5067.0,46.0,124.95,7928661577.0
1402.043,0.0,90252.0,5067.0,46.0,124.946,7928674091.0
1402.142,0.0,90252.0,5067.0,46.0,124.919,7928686556.0
1402.243,0.0,90252.0,5067.0,46.0,124.949,7928699053.0
1402.343,0.0,90252.0,5067.0,46.0,124.961,7928711562.0
1402.442,0.0,90252.0,5067.0,46.0,124.966,7928724071.0
1402.543,0.0,90252.0,5067.0,46.0,124.966,7928736549.0
1402.642,0.0,90252.0,5067.0,46.0,125.0,7928749046.0
1402.743,0.0,90252.0,5067.0,46.0,125.009,7928761552.0
1402.842,0.0,90252.0,5067.0,46.0,125.026,7928774025.0
1402.942,0.0,90252.0,5067.0,46.0,125.026,7928799033.0
1403.042,0.0,90252.0,5067.0,46.0,125.013,7928811538.0
1403.142,0.0,90252.0,5067.0,46.0,125.046,7928824019.0
1403.243,0.0,90252.0,5067.0,46.0,125.045,7928836515.0
1403.343,0.0,90252.0,5067.0,46.0,125.031,7928848995.0
1403.442,0.0,90252.0,5067.0,46.0,125.029,7928861488.0
1403.542,0.0,90252.0,5067.0,46.0,125.02,7928873990.0
1403.643,0.0,90252.0,5067.0,46.0,125.014,7928886469.0
1403.743,0.0,90252.0,5067.0,46.0,125.035,7928898963.0
1403.843,0.0,90252.0,5067.0,46.0,124.979,7928911456.0
1403.943,0.0,90252.0,5067.0,46.0,124.975,7928923924.0
1404.043,0.0,90252.0,5067.0,46.0,124.971,7928936457.0
1404.143,0.0,90252.0,5067.0,46.0,124.98,7928948929.0
1404.243,0.0,90252.0,5067.0,46.0,125.019,7928961469.0
1404.342,0.0,90252.0,5067.0,46.0,125.017,7928973963.0
1404.442,0.0,90252.0,5067.0,46.0,125.017,7928973963.0
1404.542,0.0,90252.0,5067.0,46.0,125.03,7928986481.0
1404.642,0.0,90252.0,5067.0,46.0,125.057,7928998989.0
1404.743,0.0,90252.0,5067.0,46.0,125.074,7929011511.0
1404.842,0.0,90252.0,5067.0,46.0,125.037,7929023975.0
1404.942,0.0,90252.0,5067.0,46.0,125.063,7929036490.0
1405.043,0.0,90252.0,5067.0,46.0,125.096,7929049002.0
1405.143,0.0,90252.0,5067.0,46.0,125.093,7929061504.0
1405.242,0.0,90252.0,5067.0,46.0,125.126,7929074009.0
1405.343,0.0,90252.0,5067.0,46.0,125.088,7929086507.0
1405.443,0.0,90252.0,5067.0,46.0,125.089,7929099003.0
1405.543,0.0,90252.0,5067.0,46.0,125.082,7929111511.0
1405.643,0.0,90252.0,5067.0,46.0,125.088,7929124031.0
1405.742,0.0,90252.0,5067.0,46.0,125.028,7929136507.0
1405.843,0.0,90252.0,5067.0,46.0,125.08,7929149007.0
1405.943,0.0,90252.0,5067.0,46.0,125.064,7929161464.0
1406.043,0.0,90252.0,5067.0,46.0,125.061,7929186509.0
1406.143,0.0,90252.0,5067.0,46.0,125.062,7929199006.0
1406.242,0.0,90252.0,5067.0,46.0,125.047,7929211499.0
1406.343,0.0,90252.0,5067.0,46.0,125.059,7929223983.0
1406.442,0.0,90252.0,5067.0,46.0,125.03,7929236480.0
1406.542,0.0,90252.0,5067.0,46.0,125.008,7929248991.0
1406.643,0.0,90252.0,5067.0,46.0,125.039,7929261483.0
1406.743,0.0,90252.0,5067.0,46.0,125.001,7929273948.0
1406.843,0.0,90252.0,5067.0,46.0,125.006,7929286461.0
1406.942,0.0,90252.0,5067.0,46.0,125.014,7929298957.0
1407.043,0.0,90252.0,5067.0,46.0,124.971,7929311437.0
1407.142,0.0,90252.0,5067.0,46.0,124.937,7929323904.0
1407.242,0.0,90252.0,5067.0,46.0,124.947,7929336385.0
1407.342,0.0,90252.0,5067.0,46.0,124.978,7929348906.0
1407.442,0.0,90252.0,5067.0,46.0,124.959,7929361397.0
1407.542,0.0,90252.0,5067.0,46.0,124.957,7929361397.0
1407.643,0.0,90252.0,5067.0,46.0,124.982,7929373892.0
1407.743,0.0,90252.0,5067.0,46.0,125.006,7929386414.0
1407.843,0.0,90252.0,5067.0,46.0,125.009,7929398908.0
1407.942,0.0,90252.0,5067.0,46.0,124.987,7929411415.0
1408.043,0.0,90252.0,5067.0,46.0,125.014,7929423898.0
1408.142,0.0,90252.0,5067.0,46.0,125.005,7929436415.0
1408.242,0.0,90252.0,5067.0,46.0,125.008,7929448877.0
1408.342,0.0,90252.0,5067.0,46.0,124.991,7929461376.0
1408.443,0.0,90252.0,5067.0,46.0,124.987,7929473860.0
1408.542,0.0,90252.0,5067.0,46.0,124.955,7929486350.0
1408.642,0.0,90252.0,5067.0,46.0,124.927,7929498816.0
1408.743,0.0,90252.0,5067.0,46.0,124.986,7929511297.0
1408.842,0.0,90252.0,5067.0,46.0,124.982,7929523826.0
1408.942,0.0,90252.0,5067.0,46.0,124.999,7929536317.0
1409.043,0.0,90252.0,5067.0,46.0,124.936,7929548818.0
1409.142,0.0,90252.0,5067.0,46.0,124.962,7929561258.0
1409.243,0.0,90252.0,5067.0,46.0,124.977,7929586236.0
1409.343,0.0,90252.0,5067.0,46.0,124.97,7929598739.0
1409.442,0.0,90252.0,5067.0,46.0,124.952,7929611216.0
1409.542,0.0,90252.0,5067.0,46.0,125.002,7929623746.0
1409.642,0.0,90252.0,5067.0,46.0,125.021,7929636224.0
1409.743,0.0,90252.0,5067.0,46.0,124.976,7929648718.0
1409.843,0.0,90252.0,5067.0,46.0,124.971,7929661199.0
1409.942,0.0,90252.0,5067.0,46.0,124.96,7929673699.0
1410.042,0.0,90252.0,5067.0,46.0,125.052,7929686210.0
1410.143,0.0,90252.0,5067.0,46.0,125.044,7929698718.0
1410.242,0.0,90252.0,5067.0,46.0,125.082,7929711225.0
1410.343,0.0,90252.0,5067.0,46.0,125.063,7929723732.0
1410.443,0.0,90252.0,5067.0,46.0,125.133,7929736258.0
1410.542,0.0,90252.0,5067.0,46.0,125.141,7929748774.0
1410.642,0.0,90252.0,5067.0,46.0,125.166,7929761300.0
1410.743,0.0,90252.0,5067.0,46.0,125.154,7929773793.0
1410.843,0.0,90252.0,5067.0,46.0,125.154,7929773793.0
1410.942,0.0,90252.0,5067.0,46.0,125.197,7929786291.0
1411.043,0.0,90252.0,5067.0,46.0,125.211,7929798807.0
1411.142,0.0,90252.0,5067.0,46.0,125.197,7929811321.0
1411.243,0.0,90252.0,5067.0,46.0,125.17,7929823810.0
1411.342,0.0,90252.0,5067.0,46.0,125.194,7929836331.0
1411.443,0.0,90252.0,5067.0,46.0,125.203,7929848837.0
1411.542,0.0,90252.0,5067.0,46.0,125.171,7929861332.0
1411.643,0.0,90252.0,5067.0,46.0,125.146,7929873837.0
1411.743,0.0,90252.0,5067.0,46.0,125.138,7929886348.0
1411.843,0.0,90252.0,5067.0,46.0,125.15,7929898865.0
1411.942,0.0,90252.0,5067.0,46.0,125.128,7929911369.0
1412.043,0.0,90252.0,5067.0,46.0,125.126,7929923878.0
1412.142,0.0,90252.0,5067.0,46.0,125.118,7929936365.0
1412.242,0.0,90252.0,5067.0,46.0,125.166,7929948882.0
1412.343,0.0,90252.0,5067.0,46.0,125.106,7929961370.0
1412.443,0.0,90252.0,5067.0,46.0,125.134,7929973876.0
1412.543,0.0,90252.0,5067.0,46.0,125.114,7929998922.0
1412.642,0.0,90252.0,5067.0,46.0,125.15,7930011422.0
1412.743,0.0,90252.0,5067.0,46.0,125.165,7930023936.0
1412.842,0.0,90252.0,5067.0,46.0,125.174,7930036411.0
1412.942,0.0,90252.0,5067.0,46.0,125.14,7930048881.0
1413.043,0.0,90252.0,5067.0,46.0,125.122,7930061365.0
1413.142,0.0,90252.0,5067.0,46.0,125.106,7930073863.0
1413.243,0.0,90252.0,5067.0,46.0,125.073,7930086338.0
1413.343,0.0,90252.0,5067.0,46.0,125.05,7930098830.0
1413.442,0.0,90252.0,5067.0,46.0,125.061,7930111344.0
1413.543,0.0,90252.0,5067.0,46.0,125.054,7930123867.0
1413.643,0.0,90252.0,5067.0,46.0,125.048,7930136377.0
1413.743,0.0,90252.0,5067.0,46.0,125.019,7930148863.0
1413.843,0.0,90252.0,5067.0,46.0,125.053,7930161378.0
1413.943,0.0,90252.0,5067.0,46.0,125.097,7930173876.0
1414.043,0.0,90252.0,5067.0,46.0,125.108,7930186381.0
1414.143,0.0,90252.0,5067.0,46.0,125.108,7930186381.0
1414.243,0.0,90252.0,5067.0,46.0,125.13,7930198900.0
1414.343,0.0,90252.0,5067.0,46.0,125.191,7930211426.0
1414.443,0.0,90252.0,5067.0,46.0,125.185,7930223926.0
1414.543,0.0,90252.0,5067.0,46.0,125.169,7930236434.0
1414.643,0.0,90252.0,5067.0,46.0,125.146,7930248934.0
1414.743,0.0,90252.0,5067.0,46.0,125.143,7930261455.0
1414.842,0.0,90252.0,5067.0,46.0,125.152,7930273961.0
1414.943,0.0,90252.0,5067.0,46.0,125.149,7930286447.0
1415.042,0.0,90252.0,5067.0,46.0,125.105,7930298940.0
1415.142,0.0,90252.0,5067.0,46.0,125.145,7930311451.0
1415.243,0.0,90252.0,5067.0,46.0,125.14,7930323974.0
1415.342,0.0,90252.0,5067.0,46.0,125.087,7930336462.0
1415.443,0.0,90252.0,5067.0,46.0,125.066,7930348959.0
1415.543,0.0,90252.0,5067.0,46.0,125.085,7930361410.0
1415.643,0.0,90252.0,5067.0,46.0,125.102,7930373948.0
1415.743,0.0,90252.0,5067.0,46.0,125.066,7930398952.0
1415.843,0.0,90252.0,5067.0,46.0,125.088,7930411475.0
1415.943,0.0,90252.0,5067.0,46.0,125.105,7930424003.0
1416.043,0.0,90252.0,5067.0,46.0,125.134,7930436536.0
1416.143,0.0,90252.0,5067.0,46.0,125.125,7930449001.0
1416.243,0.0,90252.0,5067.0,46.0,125.078,7930461481.0
1416.343,0.0,90252.0,5067.0,46.0,125.108,7930473985.0
1416.443,0.0,90252.0,5067.0,46.0,125.092,7930486489.0
1416.543,0.0,90252.0,5067.0,46.0,125.047,7930498988.0
1416.643,0.0,90252.0,5067.0,46.0,125.096,7930511486.0
1416.743,0.0,90252.0,5067.0,46.0,125.08,7930524007.0
1416.842,0.0,90252.0,5067.0,46.0,125.105,7930536533.0
1416.942,0.0,90252.0,5067.0,46.0,125.063,7930549041.0
1417.043,0.0,90252.0,5067.0,46.0,125.027,7930561520.0
1417.142,0.0,90252.0,5067.0,46.0,125.027,7930561520.0
1417.243,0.0,90252.0,5067.0,46.0,125.05,7930574000.0
1417.343,0.0,90252.0,5067.0,46.0,125.075,7930586474.0
1417.443,0.0,90252.0,5067.0,46.0,125.103,7930599017.0
1417.543,0.0,90252.0,5067.0,46.0,125.141,7930611553.0
1417.643,0.0,90252.0,5067.0,46.0,125.156,7930624038.0
1417.743,0.0,90252.0,5067.0,46.0,125.178,7930636584.0
1417.842,0.0,90252.0,5067.0,46.0,125.177,7930649095.0
1417.943,0.0,90252.0,5067.0,46.0,125.132,7930661593.0
1418.042,0.0,90252.0,5067.0,46.0,125.16,7930674081.0
1418.143,0.0,90252.0,5067.0,46.0,125.166,7930686596.0
1418.243,0.0,90252.0,5067.0,46.0,125.185,7930699083.0
1418.342,0.0,90252.0,5067.0,46.0,125.214,7930711581.0
1418.443,0.0,90252.0,5067.0,46.0,125.173,7930724050.0
1418.542,0.0,90252.0,5067.0,46.0,125.119,7930736551.0
1418.642,0.0,90252.0,5067.0,46.0,125.135,7930749051.0
1418.743,0.0,90252.0,5067.0,46.0,125.108,7930761548.0
1418.842,0.0,90252.0,5067.0,46.0,125.114,7930786591.0
1418.942,0.0,90252.0,5067.0,46.0,125.136,7930799113.0
1419.042,0.0,90252.0,5067.0,46.0,125.152,7930811611.0
1419.142,0.0,90252.0,5067.0,46.0,125.14,7930824077.0
1419.243,0.0,90252.0,5067.0,46.0,125.12,7930836580.0
1419.342,0.0,90252.0,5067.0,46.0,125.11,7930849100.0
1419.443,0.0,90252.0,5067.0,46.0,125.133,7930861613.0
1419.542,0.0,90252.0,5067.0,46.0,125.124,7930874114.0
1419.643,0.0,90252.0,5067.0,46.0,125.152,7930886626.0
1419.743,0.0,90252.0,5067.0,46.0,125.129,7930899126.0
1419.843,0.0,90252.0,5067.0,46.0,125.116,7930911640.0
1419.942,0.0,90252.0,5067.0,46.0,125.093,7930924145.0
1420.042,0.0,90252.0,5067.0,46.0,125.135,7930936655.0
1420.142,0.0,90252.0,5067.0,46.0,125.135,7930949164.0
1420.242,0.0,90252.0,5067.0,46.0,125.159,7930949164.0
1420.342,0.0,90252.0,5067.0,46.0,125.16,7930961681.0
1420.442,0.0,90252.0,5067.0,46.0,125.152,7930974185.0
1420.542,0.0,90252.0,5067.0,46.0,125.154,7930986699.0
1420.642,0.0,90252.0,5067.0,46.0,125.156,7930999205.0
1420.743,0.0,90252.0,5067.0,46.0,125.159,7931011722.0
1420.843,0.0,90252.0,5067.0,46.0,125.185,7931024218.0
1420.942,0.0,90252.0,5067.0,46.0,125.205,7931036757.0
1421.042,0.0,90252.0,5067.0,46.0,125.173,7931049253.0
1421.142,0.0,90252.0,5067.0,46.0,125.159,7931061741.0
1421.242,0.0,90252.0,5067.0,46.0,125.194,7931074258.0
1421.343,0.0,90252.0,5067.0,46.0,125.19,7931086770.0
1421.443,0.0,90252.0,5067.0,46.0,125.173,7931099264.0
1421.543,0.0,90252.0,5067.0,46.0,125.191,7931111773.0
1421.642,0.0,90252.0,5067.0,46.0,125.209,7931124286.0
1421.743,0.0,90252.0,5067.0,46.0,125.161,7931136782.0
1421.843,0.0,90252.0,5067.0,46.0,125.145,7931161756.0
1421.942,0.0,90252.0,5067.0,46.0,125.072,7931174256.0
1422.043,0.0,90252.0,5067.0,46.0,125.128,7931186793.0
1422.142,0.0,90252.0,5067.0,46.0,125.137,7931199297.0
1422.242,0.0,90252.0,5067.0,46.0,125.122,7931211795.0
1422.343,0.0,90252.0,5067.0,46.0,125.109,7931224302.0
1422.442,0.0,90252.0,5067.0,46.0,125.116,7931236800.0
1422.542,0.0,90252.0,5067.0,46.0,125.109,7931249354.0
1422.642,0.0,90252.0,5067.0,46.0,125.153,7931261867.0
1422.743,0.0,90252.0,5067.0,46.0,125.179,7931274374.0
1422.843,0.0,90252.0,5067.0,46.0,125.226,7931286866.0
1422.942,0.0,90252.0,5067.0,46.0,125.217,7931299384.0
1423.043,0.0,90252.0,5067.0,46.0,125.213,7931311873.0
1423.142,0.0,90252.0,5067.0,46.0,125.189,7931324379.0
1423.243,0.0,90252.0,5067.0,46.0,125.15,7931336854.0
1423.343,0.0,90252.0,5067.0,46.0,125.162,7931349356.0
1423.443,0.0,90252.0,5067.0,46.0,125.162,7931349356.0
1423.542,0.0,90252.0,5067.0,46.0,125.174,7931361873.0
1423.642,0.0,90252.0,5067.0,46.0,125.103,7931374369.0
1423.743,0.0,90252.0,5067.0,46.0,125.083,7931386854.0
1423.843,0.0,90252.0,5067.0,46.0,125.038,7931399333.0
1423.943,0.0,90252.0,5067.0,46.0,125.055,7931411830.0
1424.043,0.0,90252.0,5067.0,46.0,125.019,7931424333.0
1424.142,0.0,90252.0,5067.0,46.0,125.026,7931436851.0
1424.243,0.0,90252.0,5067.0,46.0,125.042,7931449340.0
1424.346,0.0,90252.0,5067.0,46.0,125.077,7931461841.0
1424.442,0.0,90252.0,5067.0,46.0,125.05,7931474342.0
1424.542,0.0,90252.0,5067.0,46.0,125.029,7931486830.0
1424.642,0.0,90252.0,5067.0,46.0,125.021,7931499315.0
1424.742,0.0,90252.0,5067.0,46.0,125.012,7931511798.0
1424.842,0.0,90252.0,5067.0,46.0,125.043,7931524284.0
1424.942,0.0,90252.0,5067.0,46.0,125.026,7931536776.0
1425.042,0.0,90252.0,5067.0,46.0,125.054,7931561822.0
1425.143,0.0,90252.0,5067.0,46.0,125.041,7931574339.0
1425.243,0.0,90252.0,5067.0,46.0,125.073,7931586864.0
1425.342,0.0,90252.0,5067.0,46.0,125.095,7931599373.0
1425.442,0.0,90252.0,5067.0,46.0,125.126,7931611917.0
1425.542,0.0,90252.0,5067.0,46.0,125.163,7931624429.0
1425.642,0.0,90252.0,5067.0,46.0,125.18,7931636894.0
1425.742,0.0,90252.0,5067.0,46.0,125.184,7931649424.0
